timestamp_epoch;elapsed_s;source;technology;band;device;rssi_dbm;adc_code;voltage_v;power_detector_dbm;power_antenna_dbm;power_w;duration_s;energy_j;cumulative_energy_j;packet_length_bytes;pdu_type;channel;alert_level;simulated
1787576554.8918712;1.9030164169998898;Simulation LoRa;LoRa;868 MHz;LoRa 868.100 MHz;-89.47217106957078;;;;-89.47217106957078;1.1292312626605685e-12;0.041216;4.6542395721818e-14;4.6542395721818e-14;12;"SNR=7.37;SF=7;BW=125.0;CR=4/5;F=868.100;CRC=OK;PAYLOAD=54454d504f5f4c4f52415f31";7;VERT;True
1787576554.9347045;1.9219351629999437;Simulation RF;Détection RF large bande;868 MHz;868 MHz;;2471;1.9914363156537176;-35.6574526261487;-68.6574526261487;1.3622434782243415e-10;0.1;1.3622434782243415e-11;1.3622434782243415e-11;;;;ORANGE;True
1787576554.9470332;1.9219351629999437;Simulation RF;Détection RF large bande;2,45 GHz;2,45 GHz;;2812;2.266270640803115;-46.650825632124594;-63.35082563212459;4.6229312704286917e-10;0.1;4.622931270428692e-11;4.622931270428692e-11;;;;ORANGE;True
1787576554.9609056;1.9720514939999703;Wi-Fi;Wi-Fi;2,4/5 GHz;wlan0;-38.0;;;;-38.0;1.584893192461114e-07;0.1;1.5848931924611143e-08;1.5848931924611143e-08;;;;ROUGE;False
1787576555.0113256;2.022092566000083;Simulation RF;Détection RF large bande;868 MHz;868 MHz;;2561;2.0636188822124;-38.54475528849599;-71.54475528849599;7.006876633350874e-11;0.1;7.006876633350874e-12;2.0629311415594287e-11;;;;VERT;True
1787576555.0115695;2.022092566000083;Simulation RF;Détection RF large bande;2,45 GHz;2,45 GHz;;2870;2.3129321010378394;-48.51728404151358;-65.21728404151358;3.007956808185319e-10;0.1;3.007956808185319e-11;7.630888078614012e-11;;;;ORANGE;True
1787576555.0214856;2.0326306369997837;Wi-Fi;Wi-Fi;2,4/5 GHz;wlan0;-38.0;;;;-38.0;1.584893192461114e-07;0.1;1.5848931924611143e-08;3.1697863849222286e-08;;;;ROUGE;False
1787576555.111349;2.1222081539999635;Simulation RF;Détection RF large bande;868 MHz;868 MHz;;2537;2.0445396674495684;-37.78158669798273;-70.78158669798273;8.35297785835241e-11;0.1;8.35297785835241e-12;2.89822892739467e-11;;;;VERT;True
1787576555.1115587;2.1222081539999635;Simulation RF;Détection RF large bande;2,45 GHz;2,45 GHz;;2871;2.3135265341549074;-48.54106136619629;-65.24106136619629;2.9915334505986695e-10;0.1;2.99153345059867e-11;1.0622421529212681e-10;;;;ORANGE;True
1787576555.121419;2.1325650399999176;Wi-Fi;Wi-Fi;2,4/5 GHz;wlan0;-39.0;;;;-39.0;1.2589254117941662e-07;0.1;1.2589254117941663e-08;4.428711796716395e-08;;;;ROUGE;False
1787576555.2113285;2.222307631000149;Simulation RF;Détection RF large bande;868 MHz;868 MHz;;2486;2.0031632875448873;-36.12653150179548;-69.12653150179548;1.2227758417239001e-10;0.1;1.2227758417239002e-11;4.12100476911857e-11;;;;ORANGE;True
1787576555.2115023;2.222307631000149;Simulation RF;Détection RF large bande;2,45 GHz;2,45 GHz;;2850;2.296488687226899;-47.859547489075965;-64.55954748907597;3.4998163128650086e-10;0.1;3.499816312865009e-11;1.412223784207769e-10;;;;ORANGE;True
1787576555.220538;2.2316824300000917;Wi-Fi;Wi-Fi;2,4/5 GHz;wlan0;-39.0;;;;-39.0;1.2589254117941662e-07;0.1;1.2589254117941663e-08;5.6876372085105614e-08;;;;ROUGE;False
1787576555.3114967;2.3224247550001564;Simulation RF;Détection RF large bande;868 MHz;868 MHz;;2545;2.0507866147338136;-38.03146458935254;-71.03146458935254;7.885941318908615e-11;0.1;7.885941318908615e-12;4.909598901009432e-11;;;;VERT;True
1787576555.3117042;2.3224247550001564;Simulation RF;Détection RF large bande;2,45 GHz;2,45 GHz;;2852;2.298673493492544;-47.94693973970176;-64.64693973970176;3.4300940331896243e-10;0.1;3.430094033189624e-11;1.7552331875267314e-10;;;;ORANGE;True
1787576555.320926;2.332070627000121;Wi-Fi;Wi-Fi;2,4/5 GHz;wlan0;-39.0;;;;-39.0;1.2589254117941662e-07;0.1;1.2589254117941663e-08;6.946562620304727e-08;;;;ROUGE;False
1787576555.4121149;2.4226422870001443;Simulation RF;Détection RF large bande;868 MHz;868 MHz;;2521;2.0313286443410354;-37.25314577364141;-70.2531457736414;9.433773017462918e-11;0.1;9.433773017462919e-12;5.852976202755723e-11;;;;VERT;True
1787576555.4160926;2.4226422870001443;Simulation RF;Détection RF large bande;2,45 GHz;2,45 GHz;;2830;2.2802824800914756;-47.211299203659024;-63.91129920365902;4.0632175873175746e-10;0.1;4.0632175873175746e-11;2.1615549462584889e-10;;;;ORANGE;True
1787576555.4314044;2.442550156999914;Wi-Fi;Wi-Fi;2,4/5 GHz;wlan0;-39.0;;;;-39.0;1.2589254117941662e-07;0.1;1.2589254117941663e-08;8.205488032098894e-08;;;;ROUGE;False
1787576555.5121064;2.522809484999925;Simulation RF;Détection RF large bande;868 MHz;868 MHz;;2484;2.002112937596495;-36.0845175038598;-69.0845175038598;1.2346624771227315e-10;0.1;1.2346624771227315e-11;7.087638679878455e-11;;;;ORANGE;True
1787576555.541825;2.522809484999925;Simulation RF;Détection RF large bande;2,45 GHz;2,45 GHz;;2847;2.29444421378085;-47.77776855123399;-64.47776855123399;3.566343286665414e-10;0.1;3.566343286665414e-11;2.5181892749250305e-10;;;;ORANGE;True
1787576555.5549502;2.5660945760000686;Wi-Fi;Wi-Fi;2,4/5 GHz;wlan0;-39.0;;;;-39.0;1.2589254117941662e-07;0.1;1.2589254117941663e-08;9.46441344389306e-08;;;;ROUGE;False
1787576555.6121597;2.6230050539998047;Simulation RF;Détection RF large bande;868 MHz;868 MHz;;2444;1.9699010828158583;-34.796043312634325;-67.79604331263432;1.6610995812008328e-10;0.1;1.6610995812008327e-11;8.748738261079288e-11;;;;ORANGE;True
1787576555.612437;2.6230050539998047;Simulation RF;Détection RF large bande;2,45 GHz;2,45 GHz;;2897;2.3347454029763646;-49.389816119054586;-66.08981611905459;2.4604717786922585e-10;0.1;2.4604717786922585e-11;2.764236452794256e-10;;;;ORANGE;True
1787576555.624835;2.6359795560001658;Wi-Fi;Wi-Fi;2,4/5 GHz;wlan0;-39.0;;;;-39.0;1.2589254117941662e-07;0.1;1.2589254117941663e-08;1.0723338855687226e-07;;;;ROUGE;False
1787576555.7161531;2.723111753000012;Simulation RF;Détection RF large bande;868 MHz;868 MHz;;2420;1.9504103162563398;-34.016412650253585;-67.01641265025359;1.987736144869675e-10;0.1;1.987736144869675e-11;1.0736474405948963e-10;;;;ORANGE;True
1787576555.7167792;2.723111753000012;Simulation RF;Détection RF large bande;2,45 GHz;2,45 GHz;;2826;2.27730334121087;-47.092133648434796;-63.7921336484348;4.1762514088686464e-10;0.1;4.1762514088686464e-11;3.1818615936811205e-10;;;;ORANGE;True
1787576555.7334237;2.7445690589997866;Wi-Fi;Wi-Fi;2,4/5 GHz;wlan0;-38.0;;;;-38.0;1.584893192461114e-07;0.1;1.5848931924611143e-08;1.230823204814834e-07;;;;ROUGE;False
1787576555.8122547;2.8232048039999427;Simulation RF;Détection RF large bande;868 MHz;868 MHz;;2512;2.0241573823668997;-36.96629529467599;-69.96629529467599;1.0077909882321447e-10;0.1;1.0077909882321448e-11;1.1744265394181108e-10;;;;ORANGE;True
1787576555.8124068;2.8232048039999427;Simulation RF;Détection RF large bande;2,45 GHz;2,45 GHz;;2851;2.297688713270588;-47.90754853082352;-64.60754853082352;3.4613470591682744e-10;0.1;3.461347059168275e-11;3.527996299597948e-10;;;;ORANGE;True
1787576555.821024;2.8321685870000692;Wi-Fi;Wi-Fi;2,4/5 GHz;wlan0;-38.0;;;;-38.0;1.584893192461114e-07;0.1;1.5848931924611143e-08;1.3893125240609454e-07;;;;ROUGE;False
1787576555.9123492;2.9232868180001788;Simulation RF;Détection RF large bande;868 MHz;868 MHz;;2533;2.0408654497539893;-37.63461799015957;-70.63461799015957;8.640486599401984e-11;0.1;8.640486599401984e-12;1.2608314054121305e-10;;;;VERT;True
1787576555.9125395;2.9232868180001788;Simulation RF;Détection RF large bande;2,45 GHz;2,45 GHz;;2891;2.3299504212212443;-49.19801684884976;-65.89801684884976;2.5715697897142945e-10;0.1;2.5715697897142948e-11;3.7851532785693776e-10;;;;ORANGE;True
1787576555.9215395;2.932684264999807;Wi-Fi;Wi-Fi;2,4/5 GHz;wlan0;-38.0;;;;-38.0;1.584893192461114e-07;0.1;1.5848931924611143e-08;1.547801843307057e-07;;;;ROUGE;False
1787576555.9484031;2.959547892000046;Simulation LoRa;LoRa;868 MHz;LoRa 868.100 MHz;-86.86578434309516;;;;-86.86578434309516;2.0578871991103404e-12;0.041216;8.48178787985318e-14;1.313602745203498e-13;12;"SNR=6.39;SF=7;BW=125.0;CR=4/5;F=868.100;CRC=OK;PAYLOAD=54454d504f5f4c4f52415f32";7;VERT;True
1787576556.0123663;3.0233698870001717;Simulation RF;Détection RF large bande;868 MHz;868 MHz;;2378;1.9167057380214996;-32.66822952085998;-65.66822952085998;2.7112967152263995e-10;0.1;2.7112967152263996e-11;1.5319610769347706e-10;;;;ORANGE;True
1787576556.0125089;3.0233698870001717;Simulation RF;Détection RF large bande;2,45 GHz;2,45 GHz;;2837;2.2865356176199447;-47.46142470479779;-64.1614247047978;3.8358139082025305e-10;0.1;3.8358139082025306e-11;4.1687346693896306e-10;;;;ORANGE;True
1787576556.020967;3.0321112450001237;Wi-Fi;Wi-Fi;2,4/5 GHz;wlan0;-38.0;;;;-38.0;1.584893192461114e-07;0.1;1.5848931924611143e-08;1.7062911625531684e-07;;;;ROUGE;False
1787576556.112508;3.1234643070001766;Simulation RF;Détection RF large bande;868 MHz;868 MHz;;2428;1.9564595041579862;-34.25838016631944;-67.25838016631944;1.8800178960441456e-10;0.1;1.8800178960441456e-11;1.7199628665391852e-10;;;;ORANGE;True
1787576556.1126707;3.1234643070001766;Simulation RF;Détection RF large bande;2,45 GHz;2,45 GHz;;2835;2.284656103925848;-47.386244157033914;-64.08624415703392;3.9027936014050657e-10;0.1;3.902793601405066e-11;4.559014029530137e-10;;;;ORANGE;True
1787576556.1217449;3.132889384000009;Wi-Fi;Wi-Fi;2,4/5 GHz;wlan0;-40.0;;;;-40.0;1e-07;0.1;1e-08;1.8062911625531685e-07;;;;ROUGE;False
1787576556.2126694;3.2235890050001217;Simulation RF;Détection RF large bande;868 MHz;868 MHz;;2424;1.9532445389867528;-34.1297815594701;-67.1297815594701;1.9365193641429104e-10;0.1;1.9365193641429106e-11;1.9136148029534763e-10;;;;ORANGE;True
1787576556.2128363;3.2235890050001217;Simulation RF;Détection RF large bande;2,45 GHz;2,45 GHz;;2800;2.2564478573755298;-46.257914295021195;-62.95791429502119;5.060676433057286e-10;0.1;5.0606764330572864e-11;5.065081672835866e-10;;;;ORANGE;True
1787576556.2262042;3.237348650000058;Wi-Fi;Wi-Fi;2,4/5 GHz;wlan0;-40.0;;;;-40.0;1e-07;0.1;1e-08;1.9062911625531686e-07;;;;ROUGE;False
1787576556.3130527;3.3237520910001876;Simulation RF;Détection RF large bande;868 MHz;868 MHz;;2431;1.9589351968788682;-34.35740787515472;-67.35740787515472;1.8376348246149391e-10;0.1;1.8376348246149393e-11;2.0973782854149702e-10;;;;ORANGE;True
1787576556.3132899;3.3237520910001876;Simulation RF;Détection RF large bande;2,45 GHz;2,45 GHz;;2877;2.3186938849580194;-48.74775539832078;-65.44775539832078;2.852492164749005e-10;0.1;2.852492164749005e-11;5.350330889310767e-10;;;;ORANGE;True
1787576556.3229797;3.33412416200008;Wi-Fi;Wi-Fi;2,4/5 GHz;wlan0;-36.0;;;;-36.0;2.5118864315095823e-07;0.1;2.5118864315095824e-08;2.1574798057041267e-07;;;;ROUGE;False
1787576556.4130428;3.423891881000145;Simulation RF;Détection RF large bande;868 MHz;868 MHz;;2450;1.9742155804513015;-34.96862321805206;-67.96862321805206;1.596385146276406e-10;0.1;1.596385146276406e-11;2.2570168000426109e-10;;;;ORANGE;True
1787576556.4132843;3.423891881000145;Simulation RF;Détection RF large bande;2,45 GHz;2,45 GHz;;2837;2.286223962629736;-47.44895850518944;-64.14895850518944;3.8468402323061285e-10;0.1;3.846840232306129e-11;5.735014912541379e-10;;;;ORANGE;True
1787576556.4243784;3.435524760000135;Wi-Fi;Wi-Fi;2,4/5 GHz;wlan0;-36.0;;;;-36.0;2.5118864315095823e-07;0.1;2.5118864315095824e-08;2.408668448855085e-07;;;;ROUGE;False
1787576556.5209038;3.5239945600001192;Simulation RF;Détection RF large bande;868 MHz;868 MHz;;2476;1.9952976914814866;-35.81190765925946;-68.81190765925946;1.31464724026572e-10;0.1;1.3146472402657202e-11;2.388481524069183e-10;;;;ORANGE;True
1787576556.5224416;3.5239945600001192;Simulation RF;Détection RF large bande;2,45 GHz;2,45 GHz;;2808;2.2631822707444433;-46.527290829777726;-63.22729082977772;4.756318370757229e-10;0.1;4.7563183707572297e-11;6.210646749617102e-10;;;;ORANGE;True
1787576556.5335994;3.5447433879999153;Wi-Fi;Wi-Fi;2,4/5 GHz;wlan0;-28.0;;;;-28.0;1.584893192461114e-06;0.1;1.584893192461114e-07;3.993561641316199e-07;;;;ROUGE;False
1787576556.6131537;3.6240974249999454;Simulation RF;Détection RF large bande;868 MHz;868 MHz;;2451;1.975053397288658;-35.00213589154632;-68.00213589154632;1.584113922213381e-10;0.1;1.584113922213381e-11;2.546892916290521e-10;;;;ORANGE;True
1787576556.613318;3.6240974249999454;Simulation RF;Détection RF large bande;2,45 GHz;2,45 GHz;;2887;2.3264486482067945;-49.05794592827178;-65.75794592827178;2.6558614010782287e-10;0.1;2.6558614010782288e-11;6.476232889724924e-10;;;;ORANGE;True
1787576556.622438;3.633582445999764;Wi-Fi;Wi-Fi;2,4/5 GHz;wlan0;-28.0;;;;-28.0;1.584893192461114e-06;0.1;1.584893192461114e-07;5.578454833777313e-07;;;;ROUGE;False
1787576556.7132823;3.7242192150001756;Simulation RF;Détection RF large bande;868 MHz;868 MHz;;2413;1.9448105047439304;-33.79242018975721;-66.79242018975721;2.0929457964003417e-10;0.1;2.092945796400342e-11;2.756187495930555e-10;;;;ORANGE;True
1787576556.7135174;3.7242192150001756;Simulation RF;Détection RF large bande;2,45 GHz;2,45 GHz;;2808;2.2627897062131987;-46.51158824852794;-63.211588248527946;4.773546694359853e-10;0.1;4.773546694359853e-11;6.95358755916091e-10;;;;ORANGE;True
1787576556.7226279;3.7337724579997484;Wi-Fi;Wi-Fi;2,4/5 GHz;wlan0;-27.0;;;;-27.0;1.9952623149688787e-06;0.1;1.9952623149688787e-07;7.573717148746192e-07;;;;ROUGE;False
1787576556.813483;3.824326782999833;Simulation RF;Détection RF large bande;868 MHz;868 MHz;;2434;1.961433481392652;-34.457339255706074;-67.45733925570607;1.7958335234644602e-10;0.1;1.7958335234644602e-11;2.935770848277001e-10;;;;ORANGE;True
1787576556.8137262;3.824326782999833;Simulation RF;Détection RF large bande;2,45 GHz;2,45 GHz;;2851;2.297624780718781;-47.90499122875124;-64.60499122875125;3.463385840919099e-10;0.1;3.4633858409190996e-11;7.29992614325282e-10;;;;ORANGE;True
1787576556.823789;3.834932982999817;Wi-Fi;Wi-Fi;2,4/5 GHz;wlan0;-27.0;;;;-27.0;1.9952623149688787e-06;0.1;1.9952623149688787e-07;9.56897946371507e-07;;;;ROUGE;False
1787576556.9137988;3.92442309199987;Simulation RF;Détection RF large bande;868 MHz;868 MHz;;2486;2.0037044178817034;-36.148176715268136;-69.14817671526814;1.216696695347049e-10;0.1;1.216696695347049e-11;3.057440517811706e-10;;;;ORANGE;True
1787576556.9141426;3.92442309199987;Simulation RF;Détection RF large bande;2,45 GHz;2,45 GHz;;2836;2.2855255359070195;-47.42102143628077;-64.12102143628077;3.8716657480398354e-10;0.1;3.8716657480398355e-11;7.687092718056804e-10;;;;ORANGE;True
1787576556.9239702;3.935114809999959;Wi-Fi;Wi-Fi;2,4/5 GHz;wlan0;-28.0;;;;-28.0;1.584893192461114e-06;0.1;1.584893192461114e-07;1.1153872656176185e-06;;;;ROUGE;False
1787576556.9682517;3.9793968579997454;Simulation LoRa;LoRa;868 MHz;LoRa 868.100 MHz;-92.96822685266207;;;;-92.96822685266207;5.048673838878777e-13;0.041216;2.080861409432277e-14;1.5216888861467256e-13;12;"SNR=8.32;SF=7;BW=125.0;CR=4/5;F=868.100;CRC=OK;PAYLOAD=54454d504f5f4c4f52415f33";7;VERT;True
1787576557.0135977;4.0245368269997925;Simulation RF;Détection RF large bande;868 MHz;868 MHz;;2418;1.9482864592254232;-33.93145836901692;-66.93145836901692;2.0270019341713442e-10;0.1;2.0270019341713445e-11;3.2601407112288406e-10;;;;ORANGE;True
1787576557.0137715;4.0245368269997925;Simulation RF;Détection RF large bande;2,45 GHz;2,45 GHz;;2806;2.261337722942504;-46.45350891770015;-63.153508917700144;4.837813345598338e-10;0.1;4.8378133455983384e-11;8.170874052616637e-10;;;;ORANGE;True
1787576557.0226858;4.03382936700018;Wi-Fi;Wi-Fi;2,4/5 GHz;wlan0;-28.0;;;;-28.0;1.584893192461114e-06;0.1;1.584893192461114e-07;1.27387658486373e-06;;;;ROUGE;False
1787576557.113652;4.124623820000124;Simulation RF;Détection RF large bande;868 MHz;868 MHz;;2445;1.9704266071085574;-34.817064284342294;-67.8170642843423;1.6530788581548395e-10;0.1;1.6530788581548395e-11;3.4254485970443247e-10;;;;ORANGE;True
1787576557.1153631;4.124623820000124;Simulation RF;Détection RF large bande;2,45 GHz;2,45 GHz;;2804;2.2594156707334196;-46.376626829336786;-63.07662682933679;4.924218518566439e-10;0.1;4.9242185185664395e-11;8.663295904473281e-10;;;;ORANGE;True
1787576557.1286197;4.13976417899994;Wi-Fi;Wi-Fi;2,4/5 GHz;wlan0;-30.0;;;;-30.0;1e-06;0.1;1e-07;1.37387658486373e-06;;;;ROUGE;False
1787576557.21371;4.224704460999874;Simulation RF;Détection RF large bande;868 MHz;868 MHz;;2438;1.9647380446758693;-34.58952178703477;-67.58952178703477;1.7419986788428845e-10;0.1;1.7419986788428847e-11;3.5996484649286133e-10;;;;ORANGE;True
1787576557.213867;4.224704460999874;Simulation RF;Détection RF large bande;2,45 GHz;2,45 GHz;;2799;2.2557299795668535;-46.22919918267414;-62.92919918267414;5.094247977845791e-10;0.1;5.0942479778457914e-11;9.17272070225786e-10;;;;ORANGE;True
1787576557.2223346;4.233479022999745;Wi-Fi;Wi-Fi;2,4/5 GHz;wlan0;-30.0;;;;-30.0;1e-06;0.1;1e-07;1.4738765848637298e-06;;;;ROUGE;False
1787576557.31381;4.324789954000153;Simulation RF;Détection RF large bande;868 MHz;868 MHz;;2468;1.9886920249117441;-35.547680996469765;-68.54768099646977;1.3971141793876163e-10;0.1;1.3971141793876163e-11;3.739359882867375e-10;;;;ORANGE;True
1787576557.3139653;4.324789954000153;Simulation RF;Détection RF large bande;2,45 GHz;2,45 GHz;;2828;2.2785894953790784;-47.143579815163136;-63.84357981516313;4.1270717427855803e-10;0.1;4.127071742785581e-11;9.585427876536417e-10;;;;ORANGE;True
1787576557.323959;4.335103488000186;Wi-Fi;Wi-Fi;2,4/5 GHz;wlan0;-31.0;;;;-31.0;7.943282347242822e-07;0.1;7.943282347242822e-08;1.553309408336158e-06;;;;ROUGE;False
1787576557.4139416;4.4248761320000085;Simulation RF;Détection RF large bande;868 MHz;868 MHz;;2323;1.8723634025898717;-30.894536103594866;-63.89453610359487;4.0789312899548837e-10;0.1;4.078931289954884e-11;4.147253011862863e-10;;;;ORANGE;True
1787576557.414094;4.4248761320000085;Simulation RF;Détection RF large bande;2,45 GHz;2,45 GHz;;2796;2.2532116805394415;-46.128467221577665;-62.82846722157766;5.213786915682601e-10;0.1;5.213786915682601e-11;1.0106806568104678e-09;;;;ORANGE;True
1787576557.4225664;4.433710953000173;Wi-Fi;Wi-Fi;2,4/5 GHz;wlan0;-31.0;;;;-31.0;7.943282347242822e-07;0.1;7.943282347242822e-08;1.6327422318085862e-06;;;;ROUGE;False
1787576557.5139878;4.524959439999748;Simulation RF;Détection RF large bande;868 MHz;868 MHz;;2360;1.9017658117523564;-32.07063247009425;-65.07063247009425;3.111263205807433e-10;0.1;3.111263205807433e-11;4.4583793324436063e-10;;;;ORANGE;True
1787576557.514139;4.524959439999748;Simulation RF;Détection RF large bande;2,45 GHz;2,45 GHz;;2797;2.2536943363663355;-46.14777345465342;-62.847773454653414;5.190660860509768e-10;0.1;5.190660860509768e-11;1.0625872654155655e-09;;;;ORANGE;True
1787576557.5227766;4.533920964000117;Wi-Fi;Wi-Fi;2,4/5 GHz;wlan0;-31.0;;;;-31.0;7.943282347242822e-07;0.1;7.943282347242822e-08;1.7121750552810143e-06;;;;ROUGE;False
1787576557.6140213;4.625036821999856;Simulation RF;Détection RF large bande;868 MHz;868 MHz;;2415;1.9460741767624843;-33.84296707049937;-66.84296707049937;2.0687275252483813e-10;0.1;2.0687275252483814e-11;4.665252084968444e-10;;;;ORANGE;True
1787576557.6141696;4.625036821999856;Simulation RF;Détection RF large bande;2,45 GHz;2,45 GHz;;2805;2.260542567392983;-46.421702695719304;-63.1217026957193;4.873373870611126e-10;0.1;4.873373870611127e-11;1.1113210041216767e-09;;;;ORANGE;True
1787576557.6226685;4.633812735999982;Wi-Fi;Wi-Fi;2,4/5 GHz;wlan0;-31.0;;;;-31.0;7.943282347242822e-07;0.1;7.943282347242822e-08;1.7916078787534425e-06;;;;ROUGE;False
1787576557.7141738;4.725119555999754;Simulation RF;Détection RF large bande;868 MHz;868 MHz;;2438;1.964997177290911;-34.59988709163643;-67.59988709163643;1.737846008876352e-10;0.1;1.737846008876352e-11;4.839036685856079e-10;;;;ORANGE;True
1787576557.714324;4.725119555999754;Simulation RF;Détection RF large bande;2,45 GHz;2,45 GHz;;2846;2.293682712101868;-47.74730848407472;-64.44730848407472;3.59144443462266e-10;0.1;3.59144443462266e-11;1.1472354484679034e-09;;;;ORANGE;True
1787576557.72529;4.736440250999749;Wi-Fi;Wi-Fi;2,4/5 GHz;wlan0;-33.0;;;;-33.0;5.011872336272725e-07;0.1;5.011872336272725e-08;1.8417266021161697e-06;;;;ROUGE;False
1787576557.8141959;4.8252051409999694;Simulation RF;Détection RF large bande;868 MHz;868 MHz;;2378;1.9164470132409215;-32.657880529636856;-65.65788052963686;2.7177652856032483e-10;0.1;2.7177652856032483e-11;5.110813214416403e-10;;;;ORANGE;True
1787576557.8143392;4.8252051409999694;Simulation RF;Détection RF large bande;2,45 GHz;2,45 GHz;;2842;2.290394410771842;-47.615776430873666;-64.31577643087367;3.7018801733830956e-10;0.1;3.701880173383096e-11;1.1842542502017343e-09;;;;ORANGE;True
1787576557.822744;4.8338882409998405;Wi-Fi;Wi-Fi;2,4/5 GHz;wlan0;-33.0;;;;-33.0;5.011872336272725e-07;0.1;5.011872336272725e-08;1.891845325478897e-06;;;;ROUGE;False
1787576557.914258;4.925281412000004;Simulation RF;Détection RF large bande;868 MHz;868 MHz;;2453;1.9770604633597821;-35.08241853439128;-68.08241853439128;1.5550993740507233e-10;0.1;1.5550993740507234e-11;5.266323151821475e-10;;;;ORANGE;True
1787576557.9143913;4.925281412000004;Simulation RF;Détection RF large bande;2,45 GHz;2,45 GHz;;2750;2.2159365673648868;-44.63746269459547;-61.33746269459547;7.349431230998964e-10;0.1;7.349431230998964e-11;1.257748562511724e-09;;;;ORANGE;True
1787576557.923758;4.934902377000071;Wi-Fi;Wi-Fi;2,4/5 GHz;wlan0;-35.0;;;;-35.0;3.162277660168379e-07;0.1;3.162277660168379e-08;1.9234681020805808e-06;;;;ROUGE;False
1787576557.9791543;4.990299694999976;Simulation LoRa;LoRa;868 MHz;LoRa 868.100 MHz;-90.76655223283495;;;;-90.76655223283495;8.381944419632282e-13;0.041216;3.454702211995642e-14;1.8671591073462898e-13;12;"SNR=7.59;SF=7;BW=125.0;CR=4/5;F=868.100;CRC=OK;PAYLOAD=54454d504f5f4c4f52415f34";7;VERT;True
1787576558.014437;5.025438163999752;Simulation RF;Détection RF large bande;868 MHz;868 MHz;;2481;1.999244981305189;-35.96979925220755;-68.96979925220755;1.2677104630092827e-10;0.1;1.2677104630092828e-11;5.393094198122403e-10;;;;ORANGE;True
1787576558.0145802;5.025438163999752;Simulation RF;Détection RF large bande;2,45 GHz;2,45 GHz;;2760;2.224262023807723;-44.97048095230892;-61.670480952308914;6.806939721807765e-10;0.1;6.806939721807766e-11;1.3258179597298015e-09;;;;ORANGE;True
1787576558.0231025;5.034246984999754;Wi-Fi;Wi-Fi;2,4/5 GHz;wlan0;-35.0;;;;-35.0;3.162277660168379e-07;0.1;3.162277660168379e-08;1.9550908786822646e-06;;;;ROUGE;False
1787576558.1145334;5.125521692999882;Simulation RF;Détection RF large bande;868 MHz;868 MHz;;2432;1.9596914643704957;-34.387658574819824;-67.38765857481982;1.8248792899304279e-10;0.1;1.824879289930428e-11;5.575582127115446e-10;;;;ORANGE;True
1787576558.114736;5.125521692999882;Simulation RF;Détection RF large bande;2,45 GHz;2,45 GHz;;2712;2.185171152120577;-43.40684608482307;-60.10684608482307;9.756979477658987e-10;0.1;9.756979477658987e-11;1.4233877545063914e-09;;;;ORANGE;True
1787576558.1269145;5.138060973999927;Wi-Fi;Wi-Fi;2,4/5 GHz;wlan0;-36.0;;;;-36.0;2.5118864315095823e-07;0.1;2.5118864315095824e-08;1.98020974299736e-06;;;;ROUGE;False
1787576558.2146199;5.225606722000066;Simulation RF;Détection RF large bande;868 MHz;868 MHz;;2379;1.9169570767255195;-32.67828306902078;-65.67828306902078;2.7050275528451773e-10;0.1;2.7050275528451776e-11;5.846084882399963e-10;;;;ORANGE;True
1787576558.214769;5.225606722000066;Simulation RF;Détection RF large bande;2,45 GHz;2,45 GHz;;2765;2.228134387436292;-45.125375497451685;-61.82537549745168;6.568443222865327e-10;0.1;6.568443222865327e-11;1.4890721867350447e-09;;;;ORANGE;True
1787576558.2232406;5.23438582100016;Wi-Fi;Wi-Fi;2,4/5 GHz;wlan0;-36.0;;;;-36.0;2.5118864315095823e-07;0.1;2.5118864315095824e-08;2.005328607312456e-06;;;;ROUGE;False
1787576558.3147247;5.325691620999805;Simulation RF;Détection RF large bande;868 MHz;868 MHz;;2330;1.8777078883757494;-31.108315535029973;-64.10831553502997;3.883009441203403e-10;0.1;3.8830094412034036e-11;6.234385826520303e-10;;;;ORANGE;True
1787576558.3148746;5.325691620999805;Simulation RF;Détection RF large bande;2,45 GHz;2,45 GHz;;2820;2.272831093315908;-46.91324373263632;-63.61324373263631;4.3518671260165865e-10;0.1;4.3518671260165865e-11;1.5325908579952104e-09;;;;ORANGE;True
1787576558.3201463;5.331290738000007;Wi-Fi;Wi-Fi;2,4/5 GHz;wlan0;-34.0;;;;-34.0;3.981071705534969e-07;0.1;3.9810717055349696e-08;2.0451393243678055e-06;;;;ROUGE;False
1787576558.414785;5.42577092800002;Simulation RF;Détection RF large bande;868 MHz;868 MHz;;2394;1.9295358172131292;-33.18143268852516;-66.18143268852516;2.4091105591759863e-10;0.1;2.4091105591759865e-11;6.475296882437902e-10;;;;ORANGE;True
1787576558.4149332;5.42577092800002;Simulation RF;Détection RF large bande;2,45 GHz;2,45 GHz;;2818;2.271177789561893;-46.84711158247572;-63.54711158247572;4.418642259072748e-10;0.1;4.418642259072749e-11;1.5767772805859378e-09;;;;ORANGE;True
1787576558.4233434;5.434488712000075;Wi-Fi;Wi-Fi;2,4/5 GHz;wlan0;-34.0;;;;-34.0;3.981071705534969e-07;0.1;3.9810717055349696e-08;2.084950041423155e-06;;;;ROUGE;False
1787576558.5148244;5.525841678999768;Simulation RF;Détection RF large bande;868 MHz;868 MHz;;2433;1.9608256129282573;-34.43302451713029;-67.43302451713029;1.8059160104896812e-10;0.1;1.8059160104896812e-11;6.655888483486871e-10;;;;ORANGE;True
1787576558.5149646;5.525841678999768;Simulation RF;Détection RF large bande;2,45 GHz;2,45 GHz;;2789;2.247685543186318;-45.907421727452714;-62.60742172745271;5.486025567016691e-10;0.1;5.486025567016691e-11;1.6316375362561048e-09;;;;ORANGE;True
1787576558.5233698;5.534514185999797;Wi-Fi;Wi-Fi;2,4/5 GHz;wlan0;-37.0;;;;-37.0;1.9952623149688787e-07;0.1;1.995262314968879e-08;2.104902664572844e-06;;;;ROUGE;False
1787576558.6148956;5.625919411999803;Simulation RF;Détection RF large bande;868 MHz;868 MHz;;2460;1.982158364177687;-35.286334567107474;-68.28633456710747;1.4837698543013996e-10;0.1;1.4837698543013996e-11;6.804265468917011e-10;;;;ORANGE;True
1787576558.6150355;5.625919411999803;Simulation RF;Détection RF large bande;2,45 GHz;2,45 GHz;;2824;2.2757102567436545;-47.028410269746175;-63.72841026974618;4.2379806848487324e-10;0.1;4.237980684848733e-11;1.6740173431045922e-09;;;;ORANGE;True
1787576558.6235175;5.634661900000083;Wi-Fi;Wi-Fi;2,4/5 GHz;wlan0;-37.0;;;;-37.0;1.9952623149688787e-07;0.1;1.995262314968879e-08;2.124855287722533e-06;;;;ROUGE;False
1787576558.7149923;5.725994051999805;Simulation RF;Détection RF large bande;868 MHz;868 MHz;;2381;1.9186945108339373;-32.74778043335749;-65.74778043335749;2.6620852350266697e-10;0.1;2.6620852350266698e-11;7.070473992419678e-10;;;;ORANGE;True
1787576558.7151322;5.725994051999805;Simulation RF;Détection RF large bande;2,45 GHz;2,45 GHz;;2823;2.274720506232228;-46.98882024928912;-63.688820249289115;4.27679048377458e-10;0.1;4.2767904837745806e-11;1.716785247942338e-09;;;;ORANGE;True
1787576558.7235408;5.7346852440000475;Wi-Fi;Wi-Fi;2,4/5 GHz;wlan0;-39.0;;;;-39.0;1.2589254117941662e-07;0.1;1.2589254117941663e-08;2.1374445418404745e-06;;;;ROUGE;False
1787576558.8151157;5.826096581000002;Simulation RF;Détection RF large bande;868 MHz;868 MHz;;2340;1.8853319094474412;-31.413276377897645;-64.41327637789765;3.619698203245451e-10;0.1;3.619698203245451e-11;7.432443812744224e-10;;;;ORANGE;True
1787576558.8152566;5.826096581000002;Simulation RF;Détection RF large bande;2,45 GHz;2,45 GHz;;2779;2.239665914835363;-45.586636593414525;-62.28663659341453;5.90658340201384e-10;0.1;5.90658340201384e-11;1.7758510819624764e-09;;;;ORANGE;True
1787576558.8236742;5.8348187349997716;Wi-Fi;Wi-Fi;2,4/5 GHz;wlan0;-39.0;;;;-39.0;1.2589254117941662e-07;0.1;1.2589254117941663e-08;2.150033795958416e-06;;;;ROUGE;False
1787576558.8899033;5.901048733000152;BLE Sniffer;Appareil BLE;2,4 GHz BLE;58:c1:c4:db:10:60;-77.0;;;;-77.0;1.9952623149688828e-11;0.000352;7.023323348690467e-15;7.023323348690467e-15;34;0x00;38;VERT;False
1787576558.8900044;5.901147916999889;Simulation LoRa;LoRa;868 MHz;LoRa 868.100 MHz;-83.72244783954568;;;;-83.72244783954568;4.243803005577386e-12;0.041216;1.7491258467787754e-13;3.616284954125065e-13;12;"SNR=7.75;SF=7;BW=125.0;CR=4/5;F=868.100;CRC=OK;PAYLOAD=54454d504f5f4c4f52415f35";7;VERT;True
1787576558.9151952;5.926173628000015;Simulation RF;Détection RF large bande;868 MHz;868 MHz;;2397;1.9318309342812232;-33.273237371248925;-66.27323737124892;2.3587193121741485e-10;0.1;2.3587193121741487e-11;7.668315743961639e-10;;;;ORANGE;True
1787576558.915331;5.926173628000015;Simulation RF;Détection RF large bande;2,45 GHz;2,45 GHz;;2771;2.232653863043021;-45.30615452172084;-62.00615452172084;6.300638285337207e-10;0.1;6.300638285337207e-11;1.8388574648158485e-09;;;;ORANGE;True
1787576558.9238281;5.934972411999752;Wi-Fi;Wi-Fi;2,4/5 GHz;wlan0;-37.0;;;;-37.0;1.9952623149688787e-07;0.1;1.995262314968879e-08;2.169986419108105e-06;;;;ROUGE;False
1787576558.9907658;6.001910867999868;BLE Sniffer;Appareil BLE;2,4 GHz BLE;58:c1:c4:db:10:60;-65.0;;;;-65.0;3.1622776601683795e-10;0.000352;1.1131217363792695e-13;1.183354969866174e-13;34;0x00;39;ORANGE;False
1787576558.9916108;6.002754808000191;BLE Sniffer;Appareil BLE;2,4 GHz BLE;74:57:82:1a:d8:03;-55.0;;;;-55.0;3.1622776601683795e-09;0.000176;5.565608681896348e-13;5.565608681896348e-13;12;0x03;37;ORANGE;False
1787576559.0152504;6.026253193999764;Simulation RF;Détection RF large bande;868 MHz;868 MHz;;2424;1.9532901406834087;-34.13160562733634;-67.13160562733634;1.9357061829511392e-10;0.1;1.9357061829511392e-11;7.861886362256753e-10;;;;ORANGE;True
1787576559.0153902;6.026253193999764;Simulation RF;Détection RF large bande;2,45 GHz;2,45 GHz;;2792;2.250299134627281;-46.01196538509123;-62.71196538509123;5.355542393924511e-10;0.1;5.355542393924511e-11;1.8924128887550935e-09;;;;ORANGE;True
1787576559.0238125;6.03495762700004;Wi-Fi;Wi-Fi;2,4/5 GHz;wlan0;-37.0;;;;-37.0;1.9952623149688787e-07;0.1;1.995262314968879e-08;2.189939042257794e-06;;;;ROUGE;False
1787576559.1153042;6.126330333000169;Simulation RF;Détection RF large bande;868 MHz;868 MHz;;2327;1.8754584871042377;-31.018339484169502;-64.0183394841695;3.9642957929919174e-10;0.1;3.964295792991918e-11;8.258315941555944e-10;;;;ORANGE;True
1787576559.1154425;6.126330333000169;Simulation RF;Détection RF large bande;2,45 GHz;2,45 GHz;;2782;2.242097542204777;-45.68390168819107;-62.38390168819107;5.775769209307239e-10;0.1;5.775769209307239e-11;1.950170580848166e-09;;;;ORANGE;True
1787576559.1238241;6.134969099000045;Wi-Fi;Wi-Fi;2,4/5 GHz;wlan0;-36.0;;;;-36.0;2.5118864315095823e-07;0.1;2.5118864315095824e-08;2.2150579065728896e-06;;;;ROUGE;False
1787576559.2154102;6.226411749999897;Simulation RF;Détection RF large bande;868 MHz;868 MHz;;2408;1.9402546693365381;-33.61018677346152;-66.61018677346152;2.182636042988564e-10;0.1;2.182636042988564e-11;8.4765795458548e-10;;;;ORANGE;True
1787576559.2155576;6.226411749999897;Simulation RF;Détection RF large bande;2,45 GHz;2,45 GHz;;2767;2.2296861270736055;-45.18744508294421;-61.887445082944204;6.475234361849562e-10;0.1;6.475234361849562e-11;2.0149229244666617e-09;;;;ORANGE;True
1787576559.2241569;6.235301199999867;Wi-Fi;Wi-Fi;2,4/5 GHz;wlan0;-36.0;;;;-36.0;2.5118864315095823e-07;0.1;2.5118864315095824e-08;2.2401767708879853e-06;;;;ROUGE;False
1787576559.3154762;6.3264923329998055;Simulation RF;Détection RF large bande;868 MHz;868 MHz;;2405;1.9382818939996984;-33.531275759987935;-66.53127575998793;2.2226568790765326e-10;0.1;2.2226568790765327e-11;8.698845233762453e-10;;;;ORANGE;True
1787576559.315618;6.3264923329998055;Simulation RF;Détection RF large bande;2,45 GHz;2,45 GHz;;2736;2.2046554125693354;-44.186216502773405;-60.8862165027734;8.154143493331134e-10;0.1;8.154143493331135e-11;2.096464359399973e-09;;;;ORANGE;True
1787576559.3246684;6.335812744000123;Wi-Fi;Wi-Fi;2,4/5 GHz;wlan0;-35.0;;;;-35.0;3.162277660168379e-07;0.1;3.162277660168379e-08;2.271799547489669e-06;;;;ROUGE;False
1787576559.4155595;6.426568528000189;Simulation RF;Détection RF large bande;868 MHz;868 MHz;;2455;1.978427457156287;-35.13709828625147;-68.13709828625147;1.5356426709773325e-10;0.1;1.5356426709773324e-11;8.852409500860186e-10;;;;ORANGE;True
1787576559.4157066;6.426568528000189;Simulation RF;Détection RF large bande;2,45 GHz;2,45 GHz;;2801;2.2568723006669074;-46.2748920266763;-62.9748920266763;5.040931515981779e-10;0.1;5.040931515981779e-11;2.146873674559791e-09;;;;ORANGE;True
1787576559.424221;6.435365422999894;Wi-Fi;Wi-Fi;2,4/5 GHz;wlan0;-35.0;;;;-35.0;3.162277660168379e-07;0.1;3.162277660168379e-08;2.303422324091353e-06;;;;ROUGE;False
1787576559.4975579;6.508703656999842;BLE Sniffer;Appareil BLE;2,4 GHz BLE;58:c1:c4:db:10:60;-72.0;;;;-72.0;6.309573444801942e-11;0.000352;2.2209698525702838e-14;1.4054519551232025e-13;34;0x00;38;VERT;False
1787576559.51567;6.52664479699979;Simulation RF;Détection RF large bande;868 MHz;868 MHz;;2356;1.8989576023265227;-31.958304093060903;-64.9583040930609;3.192784384437536e-10;0.1;3.192784384437536e-11;9.17168793930394e-10;;;;ORANGE;True
1787576559.515826;6.52664479699979;Simulation RF;Détection RF large bande;2,45 GHz;2,45 GHz;;2843;2.2909733068212175;-47.63893227284869;-64.3389322728487;3.682194904780848e-10;0.1;3.682194904780848e-11;2.1836956236075995e-09;;;;ORANGE;True
1787576559.5242727;6.535416784000063;Wi-Fi;Wi-Fi;2,4/5 GHz;wlan0;-35.0;;;;-35.0;3.162277660168379e-07;0.1;3.162277660168379e-08;2.3350451006930366e-06;;;;ROUGE;False
1787576559.5983856;6.609534939999776;BLE Sniffer;Appareil BLE;2,4 GHz BLE;58:c1:c4:db:10:60;-68.0;;;;-68.0;1.584893192461111e-10;0.000352;5.57882403746311e-14;1.9633343588695136e-13;34;0x00;39;ORANGE;False
1787576559.6157458;6.6267276580001635;Simulation RF;Détection RF large bande;868 MHz;868 MHz;;2389;1.9254340483901027;-33.0173619356041;-66.0173619356041;2.501864624801346e-10;0.1;2.501864624801346e-11;9.421874401784076e-10;;;;ORANGE;True
1787576559.6159794;6.6267276580001635;Simulation RF;Détection RF large bande;2,45 GHz;2,45 GHz;;2804;2.2595184289107;-46.380737156428;-63.08073715642799;4.919560256805564e-10;0.1;4.9195602568055645e-11;2.232891226175655e-09;;;;ORANGE;True
1787576559.6262302;6.637376227000004;Wi-Fi;Wi-Fi;2,4/5 GHz;wlan0;-36.0;;;;-36.0;2.5118864315095823e-07;0.1;2.5118864315095824e-08;2.3601639650081323e-06;;;;ROUGE;False
1787576559.7158794;6.726818556000126;Simulation RF;Détection RF large bande;868 MHz;868 MHz;;2472;1.9921890710124295;-35.68756284049718;-68.68756284049718;1.3528315277691443e-10;0.1;1.3528315277691444e-11;9.55715755456099e-10;;;;ORANGE;True
1787576559.716042;6.726818556000126;Simulation RF;Détection RF large bande;2,45 GHz;2,45 GHz;;2752;2.2180787972833578;-44.72315189133431;-61.423151891334314;7.205843254363501e-10;0.1;7.205843254363502e-11;2.30494965871929e-09;;;;ORANGE;True
1787576559.7250855;6.7362302619999355;Wi-Fi;Wi-Fi;2,4/5 GHz;wlan0;-36.0;;;;-36.0;2.5118864315095823e-07;0.1;2.5118864315095824e-08;2.385282829323228e-06;;;;ROUGE;False
1787576559.8028424;6.813987212000029;BLE Sniffer;Appareil BLE;2,4 GHz BLE;74:57:82:1a:d8:03;-50.0;;;;-50.0;1e-08;0.000176;1.76e-12;2.3165608681896347e-12;12;0x03;37;ROUGE;False
1787576559.8029156;6.814059155999985;BLE Sniffer;Appareil BLE;2,4 GHz BLE;58:c1:c4:db:10:60;-72.0;;;;-72.0;6.309573444801942e-11;0.000352;2.2209698525702838e-14;2.185431344126542e-13;34;0x00;38;VERT;False
1787576559.8159194;6.826903805999791;Simulation RF;Détection RF large bande;868 MHz;868 MHz;;2402;1.9356745583333734;-33.426982333334934;-66.42698233333493;2.2766788166137356e-10;0.1;2.2766788166137358e-11;9.784825436222364e-10;;;;ORANGE;True
1787576559.816065;6.826903805999791;Simulation RF;Détection RF large bande;2,45 GHz;2,45 GHz;;2779;2.2394914316344763;-45.57965726537904;-62.27965726537904;5.916083206201177e-10;0.1;5.916083206201177e-11;2.3641104907813018e-09;;;;ORANGE;True
1787576559.8250563;6.836200735000148;Wi-Fi;Wi-Fi;2,4/5 GHz;wlan0;-37.0;;;;-37.0;1.9952623149688787e-07;0.1;1.995262314968879e-08;2.405235452472917e-06;;;;ROUGE;False
1787576559.9042978;6.91544319500008;BLE Sniffer;Appareil BLE;2,4 GHz BLE;58:c1:c4:db:10:60;-69.0;;;;-69.0;1.2589254117941662e-10;0.000352;4.4314174495154645e-14;2.6285730890780887e-13;34;0x00;39;ORANGE;False
1787576559.9045727;6.91571613799988;BLE Sniffer;Appareil BLE;2,4 GHz BLE;66:3b:e5:ec:35:c3;-50.0;;;;-50.0;1e-08;0.000176;1.76e-12;1.76e-12;12;0x03;37;ROUGE;False
1787576559.9046502;6.915793840999868;Simulation LoRa;LoRa;868 MHz;LoRa 868.100 MHz;-86.73316339204781;;;;-86.73316339204781;2.1216984582351328e-12;0.041216;8.744792365461923e-14;4.490764190671257e-13;12;"SNR=6.84;SF=7;BW=125.0;CR=4/5;F=868.100;CRC=OK;PAYLOAD=54454d504f5f4c4f52415f36";7;VERT;True
1787576559.9159436;6.9269801300001745;Simulation RF;Détection RF large bande;868 MHz;868 MHz;;2367;1.907227697811777;-32.28910791247108;-65.28910791247108;2.958620136503587e-10;0.1;2.958620136503587e-11;1.0080687449872723e-09;;;;ORANGE;True
1787576559.9160733;6.9269801300001745;Simulation RF;Détection RF large bande;2,45 GHz;2,45 GHz;;2760;2.2243762284307813;-44.97504913723125;-61.67504913723125;6.799783515041156e-10;0.1;6.799783515041156e-11;2.432108325931713e-09;;;;ORANGE;True
1787576559.9244888;6.935632915000042;Wi-Fi;Wi-Fi;2,4/5 GHz;wlan0;-37.0;;;;-37.0;1.9952623149688787e-07;0.1;1.995262314968879e-08;2.4251880756226058e-06;;;;ROUGE;False
1787576560.01604;7.027059936000114;Simulation RF;Détection RF large bande;868 MHz;868 MHz;;2319;1.868822128620687;-30.752885144827474;-63.752885144827474;4.2141645118386413e-10;0.1;4.2141645118386415e-11;1.0502103901056588e-09;;;;ORANGE;True
1787576560.0161843;7.027059936000114;Simulation RF;Détection RF large bande;2,45 GHz;2,45 GHz;;2755;2.220318137290424;-44.81272549161696;-61.512725491616955;7.058744312839485e-10;0.1;7.058744312839485e-11;2.502695769060108e-09;;;;ORANGE;True
1787576560.0246894;7.0358336449999115;Wi-Fi;Wi-Fi;2,4/5 GHz;wlan0;-38.0;;;;-38.0;1.584893192461114e-07;0.1;1.5848931924611143e-08;2.441037007547217e-06;;;;ROUGE;False
1787576560.1075778;7.118722713999887;BLE Sniffer;Appareil BLE;2,4 GHz BLE;58:c1:c4:db:10:60;-67.0;;;;-67.0;1.9952623149688828e-10;0.000352;7.023323348690468e-14;3.3309054239471355e-13;34;0x00;38;ORANGE;False
1787576560.1076498;7.118793250000181;BLE Sniffer;Appareil BLE;2,4 GHz BLE;58:c1:c4:db:10:60;-70.0;;;;-70.0;1e-10;0.000352;3.52e-14;3.6829054239471354e-13;34;0x00;39;ORANGE;False
1787576560.116184;7.127149333000034;Simulation RF;Détection RF large bande;868 MHz;868 MHz;;2401;1.9348394887796443;-33.393579551185766;-66.39357955118577;2.29425689132678e-10;0.1;2.2942568913267803e-11;1.0731529590189267e-09;;;;ORANGE;True
1787576560.1163359;7.127149333000034;Simulation RF;Détection RF large bande;2,45 GHz;2,45 GHz;;2813;2.2668275328268677;-46.67310131307471;-63.37310131307471;4.599280199721362e-10;0.1;4.5992801997213626e-11;2.548688571057322e-09;;;;ORANGE;True
1787576560.1247885;7.13593287599997;Wi-Fi;Wi-Fi;2,4/5 GHz;wlan0;-38.0;;;;-38.0;1.584893192461114e-07;0.1;1.5848931924611143e-08;2.456885939471828e-06;;;;ROUGE;False
1787576560.2162757;7.227256600000146;Simulation RF;Détection RF large bande;868 MHz;868 MHz;;2401;1.9351995405964613;-33.40798162385845;-66.40798162385845;2.2866612783642184e-10;0.1;2.2866612783642184e-11;1.0960195718025689e-09;;;;ORANGE;True
1787576560.2164197;7.227256600000146;Simulation RF;Détection RF large bande;2,45 GHz;2,45 GHz;;2792;2.249895980857444;-45.99583923429776;-62.69583923429776;5.375465471396482e-10;0.1;5.375465471396482e-11;2.602443225771287e-09;;;;ORANGE;True
1787576560.2248952;7.236039179999807;Wi-Fi;Wi-Fi;2,4/5 GHz;wlan0;-37.0;;;;-37.0;1.9952623149688787e-07;0.1;1.995262314968879e-08;2.476838562621517e-06;;;;ROUGE;False
1787576560.3163078;7.327333496999927;Simulation RF;Détection RF large bande;868 MHz;868 MHz;;2374;1.913304244442866;-32.53216977771464;-65.53216977771464;2.797583270455802e-10;0.1;2.797583270455802e-11;1.1239954045071269e-09;;;;ORANGE;True
1787576560.3164463;7.327333496999927;Simulation RF;Détection RF large bande;2,45 GHz;2,45 GHz;;2774;2.235600521194901;-45.42402084779603;-62.124020847796025;6.131940261427847e-10;0.1;6.131940261427848e-11;2.6637626283855654e-09;;;;ORANGE;True
1787576560.324902;7.336047540999971;Wi-Fi;Wi-Fi;2,4/5 GHz;wlan0;-37.0;;;;-37.0;1.9952623149688787e-07;0.1;1.995262314968879e-08;2.4967911857712058e-06;;;;ROUGE;False
1787576560.4116776;7.422822142999848;BLE Sniffer;Appareil BLE;2,4 GHz BLE;58:c1:c4:db:10:60;-68.0;;;;-68.0;1.584893192461111e-10;0.000352;5.57882403746311e-14;4.2407878276934464e-13;34;0x00;37;ORANGE;False
1787576560.4117494;7.422892809000132;BLE Sniffer;Appareil BLE;2,4 GHz BLE;58:c1:c4:db:10:60;-66.0;;;;-66.0;2.511886431509582e-10;0.000352;8.841840238913729e-14;5.124971851584819e-13;34;0x00;38;ORANGE;False
1787576560.4117894;7.422932549000052;BLE Sniffer;Appareil BLE;2,4 GHz BLE;58:c1:c4:db:10:60;-69.0;;;;-69.0;1.2589254117941662e-10;0.000352;4.4314174495154645e-14;5.568113596536365e-13;34;0x00;39;ORANGE;False
1787576560.4163885;7.427409338999951;Simulation RF;Détection RF large bande;868 MHz;868 MHz;;2402;1.9353748878782857;-33.41499551513142;-66.41499551513142;2.282971282254811e-10;0.1;2.2829712822548112e-11;1.146825117329675e-09;;;;ORANGE;True
1787576560.4165237;7.427409338999951;Simulation RF;Détection RF large bande;2,45 GHz;2,45 GHz;;2752;2.2178916668208224;-44.715666672832896;-61.41566667283289;7.21827348814258e-10;0.1;7.21827348814258e-11;2.735945363266991e-09;;;;ORANGE;True
1787576560.4249704;7.43611478999992;Wi-Fi;Wi-Fi;2,4/5 GHz;wlan0;-36.0;;;;-36.0;2.5118864315095823e-07;0.1;2.5118864315095824e-08;2.5219100500863014e-06;;;;ROUGE;False
1787576560.516468;7.527487865999774;Simulation RF;Détection RF large bande;868 MHz;868 MHz;;2356;1.8984866556242044;-31.93946622496817;-64.93946622496817;3.206663419240454e-10;0.1;3.206663419240454e-11;1.1788917515220795e-09;;;;ORANGE;True
1787576560.516609;7.527487865999774;Simulation RF;Détection RF large bande;2,45 GHz;2,45 GHz;;2821;2.2729366163690305;-46.91746465476122;-63.617464654761214;4.347639586984858e-10;0.1;4.3476395869848587e-11;2.77942175913684e-09;;;;ORANGE;True
1787576560.5258307;7.536975404999794;Wi-Fi;Wi-Fi;2,4/5 GHz;wlan0;-36.0;;;;-36.0;2.5118864315095823e-07;0.1;2.5118864315095824e-08;2.547028914401397e-06;;;;ROUGE;False
1787576560.616535;7.62756317000003;Simulation RF;Détection RF large bande;868 MHz;868 MHz;;2388;1.924456123692566;-32.978244947702635;-65.97824494770263;2.524500756826299e-10;0.1;2.524500756826299e-11;1.2041367590903424e-09;;;;ORANGE;True
1787576560.616674;7.62756317000003;Simulation RF;Détection RF large bande;2,45 GHz;2,45 GHz;;2767;2.2301741888867963;-45.20696755547185;-61.90696755547185;6.446192112971894e-10;0.1;6.446192112971894e-11;2.8438836802665587e-09;;;;ORANGE;True
1787576560.625158;7.636302379999961;Wi-Fi;Wi-Fi;2,4/5 GHz;wlan0;-37.0;;;;-37.0;1.9952623149688787e-07;0.1;1.995262314968879e-08;2.566981537551086e-06;;;;ROUGE;False
1787576560.7161129;7.727258070000062;BLE Sniffer;Appareil BLE;2,4 GHz BLE;58:c1:c4:db:10:60;-68.0;;;;-68.0;1.584893192461111e-10;0.000352;5.57882403746311e-14;6.125996000282675e-13;34;0x00;37;ORANGE;False
1787576560.7161856;7.727329143000134;BLE Sniffer;Appareil BLE;2,4 GHz BLE;58:c1:c4:db:10:60;-66.0;;;;-66.0;2.511886431509582e-10;0.000352;8.841840238913729e-14;7.010180024174048e-13;34;0x00;38;ORANGE;False
1787576560.7162259;7.727369290999832;BLE Sniffer;Appareil BLE;2,4 GHz BLE;58:c1:c4:db:10:60;-69.0;;;;-69.0;1.2589254117941662e-10;0.000352;4.4314174495154645e-14;7.453321769125594e-13;34;0x00;39;ORANGE;False
1787576560.7171588;7.7277419369997915;Simulation RF;Détection RF large bande;868 MHz;868 MHz;;2440;1.9665086609169635;-34.66034643667854;-67.66034643667854;1.7138205905987406e-10;0.1;1.7138205905987408e-11;1.2212749649963298e-09;;;;ORANGE;True
1787576560.717279;7.7277419369997915;Simulation RF;Détection RF large bande;2,45 GHz;2,45 GHz;;2716;2.188740387315984;-43.54961549263935;-60.24961549263935;9.441444634464013e-10;0.1;9.441444634464013e-11;2.938298126611199e-09;;;;ORANGE;True
1787576560.725732;7.736876682000002;Wi-Fi;Wi-Fi;2,4/5 GHz;wlan0;-37.0;;;;-37.0;1.9952623149688787e-07;0.1;1.995262314968879e-08;2.586934160700775e-06;;;;ROUGE;False
1787576560.8168755;7.827829056000155;Simulation RF;Détection RF large bande;868 MHz;868 MHz;;2343;1.888238295741211;-31.529531829648434;-64.52953182964843;3.524088587429179e-10;0.1;3.524088587429179e-11;1.2565158508706215e-09;;;;ORANGE;True
1787576560.8170261;7.827829056000155;Simulation RF;Détection RF large bande;2,45 GHz;2,45 GHz;;2694;2.1712174773879283;-42.84869909551712;-59.548699095517115;1.1095071120522527e-09;0.1;1.1095071120522527e-10;3.049248837816424e-09;;;;ORANGE;True
1787576560.8268485;7.837992962000044;Wi-Fi;Wi-Fi;2,4/5 GHz;wlan0;-38.0;;;;-38.0;1.584893192461114e-07;0.1;1.5848931924611143e-08;2.602783092625386e-06;;;;ROUGE;False
1787576560.9169319;7.92790389799984;Simulation RF;Détection RF large bande;868 MHz;868 MHz;;2412;1.9440456124439642;-33.76182449775857;-66.76182449775857;2.1077424883619069e-10;0.1;2.107742488361907e-11;1.2775932757542406e-09;;;;ORANGE;True
1787576560.917068;7.92790389799984;Simulation RF;Détection RF large bande;2,45 GHz;2,45 GHz;;2791;2.2487714334065365;-45.95085733626145;-62.65085733626145;5.431430995889138e-10;0.1;5.431430995889138e-11;3.1035631477753157e-09;;;;ORANGE;True
1787576560.9195285;7.930673641999874;Simulation LoRa;LoRa;868 MHz;LoRa 868.100 MHz;-91.47223705240958;;;;-91.47223705240958;7.124859338328581e-13;0.041216;2.9365820248855084e-14;4.784422393159808e-13;12;"SNR=5.64;SF=7;BW=125.0;CR=4/5;F=868.100;CRC=OK;PAYLOAD=54454d504f5f4c4f52415f37";7;VERT;True
1787576560.919617;7.930760640999779;BLE Sniffer;Appareil BLE;2,4 GHz BLE;58:c1:c4:db:10:60;-69.0;;;;-69.0;1.2589254117941662e-10;0.000352;4.4314174495154645e-14;7.896463514077141e-13;34;0x00;37;ORANGE;False
1787576560.9258711;7.937015086999963;Wi-Fi;Wi-Fi;2,4/5 GHz;wlan0;-38.0;;;;-38.0;1.584893192461114e-07;0.1;1.5848931924611143e-08;2.618632024549997e-06;;;;ROUGE;False
1787576561.0170445;8.027989720999813;Simulation RF;Détection RF large bande;868 MHz;868 MHz;;2348;1.891910490433703;-31.676419617348117;-64.67641961734812;3.4068894254498584e-10;0.1;3.406889425449859e-11;1.3116621700087391e-09;;;;ORANGE;True
1787576561.0172086;8.027989720999813;Simulation RF;Détection RF large bande;2,45 GHz;2,45 GHz;;2741;2.208586319074797;-44.34345276299189;-61.04345276299188;7.864203148761603e-10;0.1;7.864203148761603e-11;3.1822051792629316e-09;;;;ORANGE;True
1787576561.0216308;8.032775878999928;BLE Sniffer;Appareil BLE;2,4 GHz BLE;58:c1:c4:db:10:60;-66.0;;;;-66.0;2.511886431509582e-10;0.000352;8.841840238913729e-14;8.780647537968513e-13;34;0x00;38;ORANGE;False
1787576561.0217059;8.032849581999926;BLE Sniffer;Appareil BLE;2,4 GHz BLE;58:c1:c4:db:10:60;-70.0;;;;-70.0;1e-10;0.000352;3.52e-14;9.132647537968513e-13;34;0x00;39;ORANGE;False
1787576561.025823;8.036967633000131;Wi-Fi;Wi-Fi;2,4/5 GHz;wlan0;-38.0;;;;-38.0;1.584893192461114e-07;0.1;1.5848931924611143e-08;2.634480956474608e-06;;;;ROUGE;False
1787576561.1171377;8.128081061000103;Simulation RF;Détection RF large bande;868 MHz;868 MHz;;2378;1.916570895662362;-32.66283582649447;-65.66283582649447;2.7146660858315173e-10;0.1;2.7146660858315176e-11;1.3388088308670542e-09;;;;ORANGE;True
1787576561.1172945;8.128081061000103;Simulation RF;Détection RF large bande;2,45 GHz;2,45 GHz;;2767;2.2301911149012064;-45.207644596048254;-61.90764459604826;6.445187266344592e-10;0.1;6.445187266344593e-11;3.2466570519263774e-09;;;;ORANGE;True
1787576561.126257;8.13740113799986;Wi-Fi;Wi-Fi;2,4/5 GHz;wlan0;-38.0;;;;-38.0;1.584893192461114e-07;0.1;1.5848931924611143e-08;2.650329888399219e-06;;;;ROUGE;False
1787576561.2172153;8.228168994000043;Simulation RF;Détection RF large bande;868 MHz;868 MHz;;2319;1.8688354791522492;-30.75341916608997;-63.75341916608997;4.2136463576388423e-10;0.1;4.2136463576388423e-11;1.3809452944434426e-09;;;;ORANGE;True
1787576561.2173705;8.228168994000043;Simulation RF;Détection RF large bande;2,45 GHz;2,45 GHz;;2783;2.242837490674566;-45.71349962698264;-62.41349962698264;5.736540146653072e-10;0.1;5.7365401466530724e-11;3.3040224533929082e-09;;;;ORANGE;True
1787576561.2272189;8.238363306999872;Wi-Fi;Wi-Fi;2,4/5 GHz;wlan0;-38.0;;;;-38.0;1.584893192461114e-07;0.1;1.5848931924611143e-08;2.6661788203238302e-06;;;;ROUGE;False
1787576561.3173044;8.32825277899974;Simulation RF;Détection RF large bande;868 MHz;868 MHz;;2385;1.9217065798893391;-32.86826319557356;-65.86826319557356;2.5892481847237167e-10;0.1;2.589248184723717e-11;1.4068377762906797e-09;;;;ORANGE;True
1787576561.317454;8.32825277899974;Simulation RF;Détection RF large bande;2,45 GHz;2,45 GHz;;2731;2.20080189228676;-44.03207569147038;-60.73207569147038;8.448749443644055e-10;0.1;8.448749443644055e-11;3.388509947829349e-09;;;;ORANGE;True
1787576561.3272734;8.338418295999872;Wi-Fi;Wi-Fi;2,4/5 GHz;wlan0;-38.0;;;;-38.0;1.584893192461114e-07;0.1;1.5848931924611143e-08;2.6820277522484413e-06;;;;ROUGE;False
1787576561.4173858;8.42834267499984;Simulation RF;Détection RF large bande;868 MHz;868 MHz;;2369;1.9093306295206363;-32.37322518082544;-65.37322518082544;2.9018668542599996e-10;0.1;2.9018668542599996e-11;1.4358564448332797e-09;;;;ORANGE;True
1787576561.417537;8.42834267499984;Simulation RF;Détection RF large bande;2,45 GHz;2,45 GHz;;2761;2.224671394851105;-44.9868557940442;-61.686855794044206;6.781322842636772e-10;0.1;6.781322842636773e-11;3.4563231762557165e-09;;;;ORANGE;True
1787576561.4260025;8.437146884999947;Wi-Fi;Wi-Fi;2,4/5 GHz;wlan0;-38.0;;;;-38.0;1.584893192461114e-07;0.1;1.5848931924611143e-08;2.6978766841730524e-06;;;;ROUGE;False
1787576561.5174515;8.528419405000022;Simulation RF;Détection RF large bande;868 MHz;868 MHz;;2339;1.8849505211427857;-31.39802084571143;-64.39802084571143;3.6324355336156805e-10;0.1;3.632435533615681e-11;1.4721808001694366e-09;;;;ORANGE;True
1787576561.5175915;8.528419405000022;Simulation RF;Détection RF large bande;2,45 GHz;2,45 GHz;;2764;2.2276850204154064;-45.10740081661625;-61.807400816616244;6.595685184101147e-10;0.1;6.595685184101147e-11;3.522280028096728e-09;;;;ORANGE;True
1787576561.5260887;8.537232984000184;Wi-Fi;Wi-Fi;2,4/5 GHz;wlan0;-38.0;;;;-38.0;1.584893192461114e-07;0.1;1.5848931924611143e-08;2.7137256160976634e-06;;;;ROUGE;False
1787576561.528753;8.539897136000036;BLE Sniffer;Appareil BLE;2,4 GHz BLE;58:c1:c4:db:10:60;-68.0;;;;-68.0;1.584893192461111e-10;0.000352;5.57882403746311e-14;9.690529941714824e-13;34;0x00;37;ORANGE;False
1787576561.5288043;8.539947801999915;BLE Sniffer;Appareil BLE;2,4 GHz BLE;58:c1:c4:db:10:60;-66.0;;;;-66.0;2.511886431509582e-10;0.000352;8.841840238913729e-14;1.0574713965606197e-12;34;0x00;38;ORANGE;False
1787576561.5288446;8.539987838999878;BLE Sniffer;Appareil BLE;2,4 GHz BLE;58:c1:c4:db:10:60;-70.0;;;;-70.0;1e-10;0.000352;3.52e-14;1.0926713965606198e-12;34;0x00;39;ORANGE;False
1787576561.6175272;8.628489486000035;Simulation RF;Détection RF large bande;868 MHz;868 MHz;;2374;1.9129501293764808;-32.51800517505923;-65.51800517505923;2.80672254091811e-10;0.1;2.80672254091811e-11;1.5002480255786177e-09;;;;ORANGE;True
1787576561.617678;8.628489486000035;Simulation RF;Détection RF large bande;2,45 GHz;2,45 GHz;;2777;2.2379714216000464;-45.51885686400185;-62.21885686400184;5.999489721172976e-10;0.1;5.999489721172976e-11;3.582274925308458e-09;;;;ORANGE;True
1787576561.6261458;8.63729036199993;Wi-Fi;Wi-Fi;2,4/5 GHz;wlan0;-38.0;;;;-38.0;1.584893192461114e-07;0.1;1.5848931924611143e-08;2.7295745480222745e-06;;;;ROUGE;False
1787576561.7175837;8.728569752000112;Simulation RF;Détection RF large bande;868 MHz;868 MHz;;2392;1.9275170002123962;-33.10068000849584;-66.10068000849584;2.45432459299334e-10;0.1;2.4543245929933404e-11;1.5247912715085511e-09;;;;ORANGE;True
1787576561.7177267;8.728569752000112;Simulation RF;Détection RF large bande;2,45 GHz;2,45 GHz;;2783;2.242684872892914;-45.70739491571656;-62.407394915716566;5.744609451546361e-10;0.1;5.7446094515463615e-11;3.6397210198239217e-09;;;;ORANGE;True
1787576561.7261906;8.737334868999824;Wi-Fi;Wi-Fi;2,4/5 GHz;wlan0;-38.0;;;;-38.0;1.584893192461114e-07;0.1;1.5848931924611143e-08;2.7454234799468856e-06;;;;ROUGE;False
1787576561.817699;8.828657907999968;Simulation RF;Détection RF large bande;868 MHz;868 MHz;;2391;1.9266982013699228;-33.06792805479691;-66.06792805479691;2.472903643957636e-10;0.1;2.472903643957636e-11;1.5495203079481276e-09;;;;ORANGE;True
1787576561.8178506;8.828657907999968;Simulation RF;Détection RF large bande;2,45 GHz;2,45 GHz;;2702;2.1775274271633296;-43.10109708653319;-59.80109708653318;1.046864062640963e-09;0.1;1.0468640626409632e-10;3.744407426088018e-09;;;;ORANGE;True
1787576561.8263075;8.837452265000138;Wi-Fi;Wi-Fi;2,4/5 GHz;wlan0;-37.0;;;;-37.0;1.9952623149688787e-07;0.1;1.995262314968879e-08;2.7653761030965745e-06;;;;ROUGE;False
1787576561.833293;8.844437280999955;BLE Sniffer;Appareil BLE;2,4 GHz BLE;58:c1:c4:db:10:60;-68.0;;;;-68.0;1.584893192461111e-10;0.000352;5.57882403746311e-14;1.1484596369352508e-12;34;0x00;37;ORANGE;False
1787576561.9177482;8.928735248000066;Simulation RF;Détection RF large bande;868 MHz;868 MHz;;2363;1.9043743949931067;-32.174975799724265;-65.17497579972427;3.037403017278756e-10;0.1;3.037403017278756e-11;1.5798943381209152e-09;;;;ORANGE;True
1787576561.917885;8.928735248000066;Simulation RF;Détection RF large bande;2,45 GHz;2,45 GHz;;2742;2.209376840224369;-44.37507360897476;-61.07507360897476;7.807152076112648e-10;0.1;7.807152076112649e-11;3.822478946849144e-09;;;;ORANGE;True
1787576561.9264421;8.937586772000031;Wi-Fi;Wi-Fi;2,4/5 GHz;wlan0;-37.0;;;;-37.0;1.9952623149688787e-07;0.1;1.995262314968879e-08;2.7853287262462635e-06;;;;ROUGE;False
1787576561.934854;8.945998391000103;Simulation LoRa;LoRa;868 MHz;LoRa 868.100 MHz;-87.8540754029535;;;;-87.8540754029535;1.6390509720915495e-12;0.041216;6.75551248657253e-14;5.459973641817061e-13;12;"SNR=5.56;SF=7;BW=125.0;CR=4/5;F=868.100;CRC=OK;PAYLOAD=54454d504f5f4c4f52415f38";7;VERT;True
1787576562.0178607;9.028821476999838;Simulation RF;Détection RF large bande;868 MHz;868 MHz;;2366;1.907055689427752;-32.28222757711008;-65.28222757711008;2.963311062339469e-10;0.1;2.963311062339469e-11;1.60952744874431e-09;;;;ORANGE;True
1787576562.0180132;9.028821476999838;Simulation RF;Détection RF large bande;2,45 GHz;2,45 GHz;;2756;2.220844093922779;-44.833763756911154;-61.53376375691115;7.024632753069844e-10;0.1;7.024632753069845e-11;3.892725274379842e-09;;;;ORANGE;True
1787576562.0265675;9.037712463999924;Wi-Fi;Wi-Fi;2,4/5 GHz;wlan0;-37.0;;;;-37.0;1.9952623149688787e-07;0.1;1.995262314968879e-08;2.8052813493959524e-06;;;;ROUGE;False
1787576562.0364475;9.04759283400017;BLE Sniffer;Appareil BLE;2,4 GHz BLE;74:57:82:1a:d8:03;-51.0;;;;-51.0;7.943282347242822e-09;0.000176;1.3980176931147366e-12;3.7145785613043715e-12;12;0x03;38;ORANGE;False
1787576562.1179354;9.128902779999862;Simulation RF;Détection RF large bande;868 MHz;868 MHz;;2438;1.9648221933622751;-34.592887734491;-67.592887734491;1.7406490866549935e-10;0.1;1.7406490866549935e-11;1.62693393961086e-09;;;;ORANGE;True
1787576562.1180787;9.128902779999862;Simulation RF;Détection RF large bande;2,45 GHz;2,45 GHz;;2720;2.1923114706519784;-43.69245882607913;-60.392458826079135;9.13595848452081e-10;0.1;9.135958484520811e-11;3.98408485922505e-09;;;;ORANGE;True
1787576562.126515;9.137659099999837;Wi-Fi;Wi-Fi;2,4/5 GHz;wlan0;-37.0;;;;-37.0;1.9952623149688787e-07;0.1;1.995262314968879e-08;2.8252339725456413e-06;;;;ROUGE;False
1787576562.1380885;9.149233237999852;BLE Sniffer;Appareil BLE;2,4 GHz BLE;58:c1:c4:db:10:60;-70.0;;;;-70.0;1e-10;0.000352;3.52e-14;1.183659636935251e-12;34;0x00;39;ORANGE;False
1787576562.2180285;9.228989414999887;Simulation RF;Détection RF large bande;868 MHz;868 MHz;;2318;1.8683721196267487;-30.734884785069944;-63.734884785069944;4.2316673585031e-10;0.1;4.2316673585031005e-11;1.669250613195891e-09;;;;ORANGE;True
1787576562.2181828;9.228989414999887;Simulation RF;Détection RF large bande;2,45 GHz;2,45 GHz;;2788;2.246603697501626;-45.86414790006505;-62.56414790006505;5.540962487649259e-10;0.1;5.540962487649259e-11;4.0394944841015426e-09;;;;ORANGE;True
1787576562.2295785;9.2407232380001;Wi-Fi;Wi-Fi;2,4/5 GHz;wlan0;-37.0;;;;-37.0;1.9952623149688787e-07;0.1;1.995262314968879e-08;2.8451865956953303e-06;;;;ROUGE;False
1787576562.2404964;9.251641453000047;BLE Sniffer;Appareil BLE;2,4 GHz BLE;74:57:82:1a:d8:03;-48.0;;;;-48.0;1.5848931924611143e-08;0.000176;2.789412018731561e-12;6.503990580035933e-12;12;0x03;37;ROUGE;False
1787576562.3181198;9.329076902999986;Simulation RF;Détection RF large bande;868 MHz;868 MHz;;2354;1.8968404510898496;-31.87361804359398;-64.87361804359398;3.2556536426722916e-10;0.1;3.2556536426722916e-11;1.7018071496226138e-09;;;;ORANGE;True
1787576562.318269;9.329076902999986;Simulation RF;Détection RF large bande;2,45 GHz;2,45 GHz;;2710;2.1841230826591085;-43.36492330636433;-60.06492330636433;9.851620399837334e-10;0.1;9.851620399837334e-11;4.1380106880999155e-09;;;;ORANGE;True
1787576562.3269458;9.338090073999865;Wi-Fi;Wi-Fi;2,4/5 GHz;wlan0;-37.0;;;;-37.0;1.9952623149688787e-07;0.1;1.995262314968879e-08;2.865139218845019e-06;;;;ROUGE;False
1787576562.3421574;9.353301542999816;BLE Sniffer;Appareil BLE;2,4 GHz BLE;58:c1:c4:db:10:60;-66.0;;;;-66.0;2.511886431509582e-10;0.000352;8.841840238913729e-14;1.2720780393243883e-12;34;0x00;38;ORANGE;False
1787576562.4182143;9.429164445999959;Simulation RF;Détection RF large bande;868 MHz;868 MHz;;2373;1.912682880694748;-32.50731522778992;-65.50731522778992;2.813639661414234e-10;0.1;2.8136396614142342e-11;1.729943546236756e-09;;;;ORANGE;True
1787576562.4183662;9.429164445999959;Simulation RF;Détection RF large bande;2,45 GHz;2,45 GHz;;2781;2.241342758676622;-45.65371034706487;-62.353710347064876;5.816061166757942e-10;0.1;5.816061166757942e-11;4.196171299767495e-09;;;;ORANGE;True
1787576562.426831;9.437975877000099;Wi-Fi;Wi-Fi;2,4/5 GHz;wlan0;-38.0;;;;-38.0;1.584893192461114e-07;0.1;1.5848931924611143e-08;2.8809881507696303e-06;;;;ROUGE;False
1787576562.4430928;9.454239025999868;BLE Sniffer;Appareil BLE;2,4 GHz BLE;58:c1:c4:db:10:60;-70.0;;;;-70.0;1e-10;0.000352;3.52e-14;1.3072780393243884e-12;34;0x00;39;ORANGE;False
1787576562.5182762;9.52924693299974;Simulation RF;Détection RF large bande;868 MHz;868 MHz;;2388;1.9246889005610464;-32.98755602244185;-65.98755602244185;2.5190941406921154e-10;0.1;2.5190941406921156e-11;1.7551344876436772e-09;;;;ORANGE;True
1787576562.51842;9.52924693299974;Simulation RF;Détection RF large bande;2,45 GHz;2,45 GHz;;2759;2.223194617300764;-44.927784692030556;-61.62778469203056;6.874189985680982e-10;0.1;6.874189985680983e-11;4.2649131996243054e-09;;;;ORANGE;True
1787576562.526928;9.538072475999797;Wi-Fi;Wi-Fi;2,4/5 GHz;wlan0;-38.0;;;;-38.0;1.584893192461114e-07;0.1;1.5848931924611143e-08;2.8968370826942413e-06;;;;ROUGE;False
1787576562.618389;9.629334975999882;Simulation RF;Détection RF large bande;868 MHz;868 MHz;;2342;1.8876912508369004;-31.50765003347601;-64.50765003347601;3.5418894080250967e-10;0.1;3.541889408025097e-11;1.7905533817239283e-09;;;;ORANGE;True
1787576562.6191223;9.629334975999882;Simulation RF;Détection RF large bande;2,45 GHz;2,45 GHz;;2759;2.2234253710208534;-44.93701484083414;-61.637014840834134;6.859595644448438e-10;0.1;6.859595644448438e-11;4.33350915606879e-09;;;;ORANGE;True
1787576562.6279037;9.639048514000024;Wi-Fi;Wi-Fi;2,4/5 GHz;wlan0;-38.0;;;;-38.0;1.584893192461114e-07;0.1;1.5848931924611143e-08;2.9126860146188524e-06;;;;ROUGE;False
1787576562.6461556;9.657300909999776;BLE Sniffer;Appareil BLE;2,4 GHz BLE;58:c1:c4:db:10:60;-68.0;;;;-68.0;1.584893192461111e-10;0.000352;5.57882403746311e-14;1.3630662796990194e-12;34;0x00;37;ORANGE;False
1787576562.7184682;9.729423685999791;Simulation RF;Détection RF large bande;868 MHz;868 MHz;;2344;1.8890156192775696;-31.56062477110278;-64.56062477110278;3.4989482793554277e-10;0.1;3.498948279355428e-11;1.8255428645174825e-09;;;;ORANGE;True
1787576562.7186139;9.729423685999791;Simulation RF;Détection RF large bande;2,45 GHz;2,45 GHz;;2753;2.2183045755128363;-44.732183020513446;-61.43218302051345;7.190874313394343e-10;0.1;7.190874313394344e-11;4.405417899202733e-09;;;;ORANGE;True
1787576562.727055;9.738199970000096;Wi-Fi;Wi-Fi;2,4/5 GHz;wlan0;-38.0;;;;-38.0;1.584893192461114e-07;0.1;1.5848931924611143e-08;2.9285349465434635e-06;;;;ROUGE;False
1787576562.747856;9.759001091999835;BLE Sniffer;Appareil BLE;2,4 GHz BLE;58:c1:c4:db:10:60;-68.0;;;;-68.0;1.584893192461111e-10;0.000352;5.57882403746311e-14;1.4188545200736505e-12;34;0x00;38;ORANGE;False
1787576562.747944;9.759087683999951;BLE Sniffer;Appareil BLE;2,4 GHz BLE;58:c1:c4:db:10:60;-73.0;;;;-73.0;5.011872336272715e-11;0.000352;1.7641790623679955e-14;1.4364963106973304e-12;34;0x00;39;VERT;False
1787576562.8185644;9.829510710999784;Simulation RF;Détection RF large bande;868 MHz;868 MHz;;2366;1.9065134679356763;-32.26053871742705;-65.26053871742705;2.978146984442232e-10;0.1;2.978146984442232e-11;1.8553243343619047e-09;;;;ORANGE;True
1787576562.8187258;9.829510710999784;Simulation RF;Détection RF large bande;2,45 GHz;2,45 GHz;;2727;2.197668847148099;-43.90675388592395;-60.60675388592395;8.696101725452223e-10;0.1;8.696101725452224e-11;4.492378916457255e-09;;;;ORANGE;True
1787576562.836773;9.847917198999767;Wi-Fi;Wi-Fi;2,4/5 GHz;wlan0;-38.0;;;;-38.0;1.584893192461114e-07;0.1;1.5848931924611143e-08;2.9443838784680745e-06;;;;ROUGE;False
1787576562.9186194;9.92959066100002;Simulation RF;Détection RF large bande;868 MHz;868 MHz;;2313;1.8642404371573904;-30.569617486295613;-63.56961748629561;4.3958033066516454e-10;0.1;4.3958033066516454e-11;1.8992823674284213e-09;;;;ORANGE;True
1787576562.9187582;9.92959066100002;Simulation RF;Détection RF large bande;2,45 GHz;2,45 GHz;;2788;2.246503856106846;-45.86015424427384;-62.560154244273846;5.546060151895123e-10;0.1;5.5460601518951234e-11;4.547839517976206e-09;;;;ORANGE;True
1787576562.9274778;9.938622517000113;Wi-Fi;Wi-Fi;2,4/5 GHz;wlan0;-38.0;;;;-38.0;1.584893192461114e-07;0.1;1.5848931924611143e-08;2.9602328103926856e-06;;;;ROUGE;False
1787576562.9513452;9.962490159000026;Simulation LoRa;LoRa;868 MHz;LoRa 868.100 MHz;-89.59589696667481;;;;-89.59589696667481;1.0975145925553849e-12;0.041216;4.5235161446762745e-14;5.912325256284689e-13;12;"SNR=8.12;SF=7;BW=125.0;CR=4/5;F=868.100;CRC=OK;PAYLOAD=54454d504f5f4c4f52415f39";7;VERT;True
1787576562.9514246;9.96256810299974;BLE Sniffer;Appareil BLE;2,4 GHz BLE;58:c1:c4:db:10:60;-68.0;;;;-68.0;1.584893192461111e-10;0.000352;5.57882403746311e-14;1.4922845510719614e-12;34;0x00;37;ORANGE;False
1787576562.9523082;9.96345230199995;BLE Sniffer;Appareil BLE;2,4 GHz BLE;58:c1:c4:db:10:60;-70.0;;;;-70.0;1e-10;0.000352;3.52e-14;1.5274845510719615e-12;34;0x00;38;ORANGE;False
1787576562.952649;9.963792781999928;BLE Sniffer;Appareil BLE;2,4 GHz BLE;58:c1:c4:db:10:60;-68.0;;;;-68.0;1.584893192461111e-10;0.000352;5.57882403746311e-14;1.5832727914465926e-12;34;0x00;39;ORANGE;False
1787576563.0187254;10.029678184999739;Simulation RF;Détection RF large bande;868 MHz;868 MHz;;2348;1.8924524188657204;-31.698096754628807;-64.6980967546288;3.389926832170315e-10;0.1;3.3899268321703146e-11;1.9331816357501243e-09;;;;ORANGE;True
1787576563.0188863;10.029678184999739;Simulation RF;Détection RF large bande;2,45 GHz;2,45 GHz;;2721;2.1926114497019733;-43.70445798807893;-60.404457988078924;9.110751499524989e-10;0.1;9.110751499524989e-11;4.638947032971456e-09;;;;ORANGE;True
1787576563.0268278;10.037972731000082;Wi-Fi;Wi-Fi;2,4/5 GHz;wlan0;-37.0;;;;-37.0;1.9952623149688787e-07;0.1;1.995262314968879e-08;2.9801854335423745e-06;;;;ROUGE;False
1787576563.1187775;10.1297596899999;Simulation RF;Détection RF large bande;868 MHz;868 MHz;;2382;1.919218317472172;-32.76873269888688;-65.76873269888688;2.6492731019019834e-10;0.1;2.6492731019019836e-11;1.959674366769144e-09;;;;ORANGE;True
1787576563.1189368;10.1297596899999;Simulation RF;Détection RF large bande;2,45 GHz;2,45 GHz;;2706;2.180383300749925;-43.215332029997;-59.915332029997;1.0196867992228537e-09;0.1;1.0196867992228537e-10;4.740915712893742e-09;;;;ORANGE;True
1787576563.1273732;10.138517899999897;Wi-Fi;Wi-Fi;2,4/5 GHz;wlan0;-37.0;;;;-37.0;1.9952623149688787e-07;0.1;1.995262314968879e-08;3.0001380566920635e-06;;;;ROUGE;False
1787576563.2189054;10.229847620999863;Simulation RF;Détection RF large bande;868 MHz;868 MHz;;2412;1.943342274717443;-33.73369098869772;-66.73369098869772;2.121440722285534e-10;0.1;2.121440722285534e-11;1.9808887739919996e-09;;;;ORANGE;True
1787576563.2190697;10.229847620999863;Simulation RF;Détection RF large bande;2,45 GHz;2,45 GHz;;2776;2.236858102267509;-45.47432409070035;-62.17432409070035;6.061325279363031e-10;0.1;6.061325279363031e-11;4.801528965687372e-09;;;;ORANGE;True
1787576563.2274587;10.238603293999859;Wi-Fi;Wi-Fi;2,4/5 GHz;wlan0;-37.0;;;;-37.0;1.9952623149688787e-07;0.1;1.995262314968879e-08;3.0200906798417524e-06;;;;ROUGE;False
1787576563.2568648;10.268010033999872;BLE Sniffer;Appareil BLE;2,4 GHz BLE;58:c1:c4:db:10:60;-68.0;;;;-68.0;1.584893192461111e-10;0.000352;5.57882403746311e-14;1.6390610318212236e-12;34;0x00;37;ORANGE;False
1787576563.318959;10.32993494099992;Simulation RF;Détection RF large bande;868 MHz;868 MHz;;2354;1.8971892504350092;-31.887570017400364;-64.88757001740036;3.245211439844078e-10;0.1;3.2452114398440785e-11;2.01334088839044e-09;;;;ORANGE;True
1787576563.3191063;10.32993494099992;Simulation RF;Détection RF large bande;2,45 GHz;2,45 GHz;;2745;2.2120754647041605;-44.483018588166416;-61.18301858816642;7.61549506771594e-10;0.1;7.61549506771594e-11;4.877683916364532e-09;;;;ORANGE;True
1787576563.327469;10.338613428999906;Wi-Fi;Wi-Fi;2,4/5 GHz;wlan0;-35.0;;;;-35.0;3.162277660168379e-07;0.1;3.162277660168379e-08;3.051713456443436e-06;;;;ROUGE;False
1787576563.4190733;10.430025704999935;Simulation RF;Détection RF large bande;868 MHz;868 MHz;;2376;1.9148110536904743;-32.59244214761897;-65.59244214761897;2.75902594991031e-10;0.1;2.7590259499103103e-11;2.0409311478895432e-09;;;;ORANGE;True
1787576563.4192374;10.430025704999935;Simulation RF;Détection RF large bande;2,45 GHz;2,45 GHz;;2761;2.225085050207222;-45.00340200828887;-61.70340200828887;6.755535790125577e-10;0.1;6.755535790125577e-11;4.945239274265787e-09;;;;ORANGE;True
1787576563.4277391;10.438883525000165;Wi-Fi;Wi-Fi;2,4/5 GHz;wlan0;-34.0;;;;-34.0;3.981071705534969e-07;0.1;3.9810717055349696e-08;3.091524173498786e-06;;;;ROUGE;False
1787576563.5191357;10.530105246999938;Simulation RF;Détection RF large bande;868 MHz;868 MHz;;2291;1.845875450476068;-29.835018019042714;-62.835018019042714;5.205928488376011e-10;0.1;5.205928488376011e-11;2.092990432773303e-09;;;;ORANGE;True
1787576563.5192766;10.530105246999938;Simulation RF;Détection RF large bande;2,45 GHz;2,45 GHz;;2743;2.210144485992812;-44.405779439712475;-61.10577943971248;7.752148010375769e-10;0.1;7.752148010375769e-11;5.022760754369545e-09;;;;ORANGE;True
1787576563.5326471;10.54379231699977;Wi-Fi;Wi-Fi;2,4/5 GHz;wlan0;-32.0;;;;-32.0;6.30957344480193e-07;0.1;6.30957344480193e-08;3.154619907946805e-06;;;;ROUGE;False
1787576563.561435;10.572579116999805;BLE Sniffer;Appareil BLE;2,4 GHz BLE;58:c1:c4:db:10:60;-73.0;;;;-73.0;5.011872336272715e-11;0.000352;1.7641790623679955e-14;1.6567028224449035e-12;34;0x00;38;VERT;False
1787576563.561495;10.57263848699995;BLE Sniffer;Appareil BLE;2,4 GHz BLE;58:c1:c4:db:10:60;-70.0;;;;-70.0;1e-10;0.000352;3.52e-14;1.6919028224449036e-12;34;0x00;39;ORANGE;False
1787576563.6192274;10.63019254799974;Simulation RF;Détection RF large bande;868 MHz;868 MHz;;2360;1.9017788136414726;-32.071152545658904;-65.0711525456589;3.110890648670486e-10;0.1;3.110890648670486e-11;2.124099339260008e-09;;;;ORANGE;True
1787576563.6193874;10.63019254799974;Simulation RF;Détection RF large bande;2,45 GHz;2,45 GHz;;2773;2.2343859699762127;-45.37543879904851;-62.075438799048506;6.200919881211746e-10;0.1;6.200919881211746e-11;5.0847699531816625e-09;;;;ORANGE;True
1787576563.6277606;10.63890516499987;Wi-Fi;Wi-Fi;2,4/5 GHz;wlan0;-31.0;;;;-31.0;7.943282347242822e-07;0.1;7.943282347242822e-08;3.2340527314192333e-06;;;;ROUGE;False
1787576563.7192733;10.730276609000157;Simulation RF;Détection RF large bande;868 MHz;868 MHz;;2436;1.962697935689751;-34.50791742759003;-67.50791742759003;1.7750404620241818e-10;0.1;1.7750404620241818e-11;2.1418497438802497e-09;;;;ORANGE;True
1787576563.7194214;10.730276609000157;Simulation RF;Détection RF large bande;2,45 GHz;2,45 GHz;;2683;2.162527237098131;-42.50108948392524;-59.20108948392524;1.201962868848658e-09;0.1;1.201962868848658e-10;5.204966240066528e-09;;;;ORANGE;True
1787576563.727765;10.738909596999747;Wi-Fi;Wi-Fi;2,4/5 GHz;wlan0;-31.0;;;;-31.0;7.943282347242822e-07;0.1;7.943282347242822e-08;3.3134855548916614e-06;;;;ROUGE;False
1787576563.8194098;10.83036257699996;Simulation RF;Détection RF large bande;868 MHz;868 MHz;;2283;1.8398703282778994;-29.594813131115977;-62.59481313111598;5.5019759398637e-10;0.1;5.5019759398637005e-11;2.196869503278887e-09;;;;ORANGE;True
1787576563.8195732;10.83036257699996;Simulation RF;Détection RF large bande;2,45 GHz;2,45 GHz;;2775;2.2365943276534583;-45.46377310613833;-62.163773106138336;6.076068892381156e-10;0.1;6.076068892381157e-11;5.265726928990339e-09;;;;ORANGE;True
1787576563.8299382;10.841082644999915;Wi-Fi;Wi-Fi;2,4/5 GHz;wlan0;-29.0;;;;-29.0;1.2589254117941661e-06;0.1;1.2589254117941662e-07;3.439378096071078e-06;;;;ROUGE;False
1787576563.9194448;10.930439100000058;Simulation RF;Détection RF large bande;868 MHz;868 MHz;;2352;1.895295520169183;-31.811820806767315;-64.81182080676732;3.302310605727052e-10;0.1;3.302310605727052e-11;2.2298926093361572e-09;;;;ORANGE;True
1787576563.9195888;10.930439100000058;Simulation RF;Détection RF large bande;2,45 GHz;2,45 GHz;;2755;2.220047287071736;-44.80189148286942;-61.50189148286942;7.076375198724446e-10;0.1;7.076375198724447e-11;5.336490680977584e-09;;;;ORANGE;True
1787576563.9279237;10.939067866000187;Wi-Fi;Wi-Fi;2,4/5 GHz;wlan0;-29.0;;;;-29.0;1.2589254117941661e-06;0.1;1.2589254117941662e-07;3.565270637250495e-06;;;;ROUGE;False
1787576563.968004;10.979148767999959;Simulation LoRa;LoRa;868 MHz;LoRa 868.100 MHz;-87.56209588346078;;;;-87.56209588346078;1.7530342920833408e-12;0.046335999999999995;8.122859695797367e-14;6.724611225864426e-13;13;"SNR=8.64;SF=7;BW=125.0;CR=4/5;F=868.100;CRC=OK;PAYLOAD=54454d504f5f4c4f52415f3130";7;VERT;True
1787576564.0195694;11.030523659999744;Simulation RF;Détection RF large bande;868 MHz;868 MHz;;2392;1.927531174700943;-33.101246988037715;-66.10124698803772;2.4540041972571654e-10;0.1;2.4540041972571655e-11;2.254432651308729e-09;;;;ORANGE;True
1787576564.0197217;11.030523659999744;Simulation RF;Détection RF large bande;2,45 GHz;2,45 GHz;;2742;2.2093388811560044;-44.37355524624017;-61.07355524624017;7.809882058118023e-10;0.1;7.809882058118024e-11;5.414589501558764e-09;;;;ORANGE;True
1787576564.0282662;11.039410536000105;Wi-Fi;Wi-Fi;2,4/5 GHz;wlan0;-29.0;;;;-29.0;1.2589254117941661e-06;0.1;1.2589254117941662e-07;3.6911631784299115e-06;;;;ROUGE;False
1787576564.0709252;11.082070719000058;BLE Sniffer;Appareil BLE;2,4 GHz BLE;58:c1:c4:db:10:60;-68.0;;;;-68.0;1.584893192461111e-10;0.000352;5.57882403746311e-14;1.7476910628195347e-12;34;0x00;37;ORANGE;False
1787576564.0710018;11.082145254999887;BLE Sniffer;iBeacon;2,4 GHz BLE;54:0d:73:47:4a:1a;-72.0;;;;-72.0;6.309573444801942e-11;0.000368;2.3219230276871148e-14;2.3219230276871148e-14;36;0x00;38;VERT;False
1787576564.1196418;11.130603571999927;Simulation RF;Détection RF large bande;868 MHz;868 MHz;;2357;1.8994970521681722;-31.97988208672689;-64.97988208672689;3.1769603256497334e-10;0.1;3.1769603256497335e-11;2.286202254565226e-09;;;;ORANGE;True
1787576564.1197798;11.130603571999927;Simulation RF;Détection RF large bande;2,45 GHz;2,45 GHz;;2737;2.206031343566108;-44.241253742644304;-60.94125374264431;8.051459741508607e-10;0.1;8.051459741508607e-11;5.49510409897385e-09;;;;ORANGE;True
1787576564.1283379;11.139482279999811;Wi-Fi;Wi-Fi;2,4/5 GHz;wlan0;-29.0;;;;-29.0;1.2589254117941661e-06;0.1;1.2589254117941662e-07;3.817055719609328e-06;;;;ROUGE;False
1787576564.171991;11.183136939000178;BLE Sniffer;iBeacon;2,4 GHz BLE;54:0d:73:47:4a:1a;-70.0;;;;-70.0;1e-10;0.000368;3.68e-14;6.001923027687115e-14;36;0x00;39;ORANGE;False
1787576564.2197537;11.230693741999858;Simulation RF;Détection RF large bande;868 MHz;868 MHz;;2287;1.8432429334556246;-29.72971733822498;-62.72971733822498;5.333696088677215e-10;0.1;5.333696088677215e-11;2.3395392154519983e-09;;;;ORANGE;True
1787576564.2199738;11.230693741999858;Simulation RF;Détection RF large bande;2,45 GHz;2,45 GHz;;2673;2.154168023649851;-42.16672094599403;-58.866720945994025;1.2981590501970583e-09;0.1;1.2981590501970583e-10;5.624920003993556e-09;;;;ORANGE;True
1787576564.2285573;11.239701393999894;Wi-Fi;Wi-Fi;2,4/5 GHz;wlan0;-29.0;;;;-29.0;1.2589254117941661e-06;0.1;1.2589254117941662e-07;3.9429482607887445e-06;;;;ROUGE;False
1787576564.3198159;11.330777226999999;Simulation RF;Détection RF large bande;868 MHz;868 MHz;;2334;1.8806968719962585;-31.227874879850333;-64.22787487985033;3.777569924025219e-10;0.1;3.7775699240252195e-11;2.3773149146922504e-09;;;;ORANGE;True
1787576564.319968;11.330777226999999;Simulation RF;Détection RF large bande;2,45 GHz;2,45 GHz;;2731;2.2005449652581572;-44.021798610326286;-60.72179861032628;8.468766115080799e-10;0.1;8.4687661150808e-11;5.7096076651443645e-09;;;;ORANGE;True
1787576564.3283856;11.33952988100009;Wi-Fi;Wi-Fi;2,4/5 GHz;wlan0;-29.0;;;;-29.0;1.2589254117941661e-06;0.1;1.2589254117941662e-07;4.068840801968161e-06;;;;ROUGE;False
1787576564.3774862;11.388631879000059;BLE Sniffer;Appareil BLE;2,4 GHz BLE;58:c1:c4:db:10:60;-69.0;;;;-69.0;1.2589254117941662e-10;0.000352;4.4314174495154645e-14;1.7920052373146894e-12;34;0x00;37;ORANGE;False
1787576564.4201276;11.430896545999985;Simulation RF;Détection RF large bande;868 MHz;868 MHz;;2343;1.8881328615455015;-31.52531446182006;-64.52531446182006;3.527512438549532e-10;0.1;3.5275124385495326e-11;2.4125900390777457e-09;;;;ORANGE;True
1787576564.4203408;11.430896545999985;Simulation RF;Détection RF large bande;2,45 GHz;2,45 GHz;;2749;2.2154992061809695;-44.61996824723877;-61.319968247238776;7.379096252200947e-10;0.1;7.379096252200947e-11;5.783398627666374e-09;;;;ORANGE;True
1787576564.4286718;11.439816680000149;Wi-Fi;Wi-Fi;2,4/5 GHz;wlan0;-29.0;;;;-29.0;1.2589254117941661e-06;0.1;1.2589254117941662e-07;4.194733343147578e-06;;;;ROUGE;False
1787576564.5199656;11.530968939000104;Simulation RF;Détection RF large bande;868 MHz;868 MHz;;2408;1.9402035100245645;-33.60814040098258;-66.60814040098258;2.1836647318100187e-10;0.1;2.1836647318100188e-11;2.434426686395846e-09;;;;ORANGE;True
1787576564.5201101;11.530968939000104;Simulation RF;Détection RF large bande;2,45 GHz;2,45 GHz;;2768;2.2306675646132836;-45.22670258453134;-61.92670258453134;6.416966049335325e-10;0.1;6.416966049335325e-11;5.847568288159728e-09;;;;ORANGE;True
1787576564.528409;11.539553481999974;Wi-Fi;Wi-Fi;2,4/5 GHz;wlan0;-28.0;;;;-28.0;1.584893192461114e-06;0.1;1.584893192461114e-07;4.353222662393689e-06;;;;ROUGE;False
1787576564.6201098;11.631057091000002;Simulation RF;Détection RF large bande;868 MHz;868 MHz;;2337;1.8834496462493502;-31.337985849974004;-64.337985849974;3.6829974232053877e-10;0.1;3.682997423205388e-11;2.4712566606279e-09;;;;ORANGE;True
1787576564.6204162;11.631057091000002;Simulation RF;Détection RF large bande;2,45 GHz;2,45 GHz;;2727;2.1978212535349533;-43.912850141398124;-60.61285014139812;8.683903443103801e-10;0.1;8.6839034431038e-11;5.934407322590766e-09;;;;ORANGE;True
1787576564.6304526;11.641597456999989;Wi-Fi;Wi-Fi;2,4/5 GHz;wlan0;-28.0;;;;-28.0;1.584893192461114e-06;0.1;1.584893192461114e-07;4.511711981639801e-06;;;;ROUGE;False
1787576564.681362;11.692507092000142;BLE Sniffer;Appareil BLE;2,4 GHz BLE;58:c1:c4:db:10:60;-66.0;;;;-66.0;2.511886431509582e-10;0.000352;8.841840238913729e-14;1.8804236397038267e-12;34;0x00;38;ORANGE;False
1787576564.6824143;11.693559437999738;BLE Sniffer;Appareil BLE;2,4 GHz BLE;58:c1:c4:db:10:60;-71.0;;;;-71.0;7.943282347242822e-11;0.000352;2.796035386229473e-14;1.9083839935661216e-12;34;0x00;39;VERT;False
1787576564.6828105;11.69395408399987;BLE Sniffer;iBeacon;2,4 GHz BLE;54:0d:73:47:4a:1a;-67.0;;;;-67.0;1.9952623149688828e-10;0.000368;7.342565319085489e-14;1.3344488346772603e-13;36;0x00;37;ORANGE;False
1787576564.6828647;11.694008083999961;BLE Sniffer;Appareil BLE;2,4 GHz BLE;Appareil BLE;-67.0;;;;-67.0;1.9952623149688828e-10;0.000368;7.342565319085489e-14;7.342565319085489e-14;36;0x08;38;ORANGE;False
1787576564.7201457;11.731135742999868;Simulation RF;Détection RF large bande;868 MHz;868 MHz;;2378;1.916114515316231;-32.644580612649236;-65.64458061264924;2.726100978991314e-10;0.1;2.7261009789913143e-11;2.498517670417813e-09;;;;ORANGE;True
1787576564.7202842;11.731135742999868;Simulation RF;Détection RF large bande;2,45 GHz;2,45 GHz;;2707;2.181809424076885;-43.2723769630754;-59.9723769630754;1.0063807098523959e-09;0.1;1.0063807098523959e-10;6.035045393576006e-09;;;;ORANGE;True
1787576564.730209;11.741353720999996;Wi-Fi;Wi-Fi;2,4/5 GHz;wlan0;-28.0;;;;-28.0;1.584893192461114e-06;0.1;1.584893192461114e-07;4.6702013008859124e-06;;;;ROUGE;False
1787576564.7845356;11.795681541999784;BLE Sniffer;iBeacon;2,4 GHz BLE;54:0d:73:47:4a:1a;-70.0;;;;-70.0;1e-10;0.000368;3.68e-14;1.7024488346772603e-13;36;0x00;39;ORANGE;False
1787576564.8202546;11.831219060999956;Simulation RF;Détection RF large bande;868 MHz;868 MHz;;2458;1.9809089459162461;-35.236357836649844;-68.23635783664984;1.5009430573718346e-10;0.1;1.5009430573718345e-11;2.5135271009915315e-09;;;;ORANGE;True
1787576564.8204079;11.831219060999956;Simulation RF;Détection RF large bande;2,45 GHz;2,45 GHz;;2769;2.231768107256369;-45.27072429025475;-61.97072429025475;6.35224984009417e-10;0.1;6.35224984009417e-11;6.098567891976947e-09;;;;ORANGE;True
1787576564.8291576;11.840301842999907;Wi-Fi;Wi-Fi;2,4/5 GHz;wlan0;-28.0;;;;-28.0;1.584893192461114e-06;0.1;1.584893192461114e-07;4.828690620132024e-06;;;;ROUGE;False
1787576564.887938;11.899082692999855;Simulation LoRa;LoRa;868 MHz;LoRa 868.100 MHz;-88.23104754423863;;;;-88.23104754423863;1.5027794429899378e-12;0.046335999999999995;6.963278827038175e-14;7.420939108568244e-13;13;"SNR=4.53;SF=7;BW=125.0;CR=4/5;F=868.100;CRC=OK;PAYLOAD=54454d504f5f4c4f52415f3131";7;VERT;True
1787576564.9203248;11.93129689899979;Simulation RF;Détection RF large bande;868 MHz;868 MHz;;2256;1.8181109929352786;-28.724439717411137;-61.72443971741114;6.722890354138293e-10;0.1;6.722890354138293e-11;2.5807560045329142e-09;;;;ORANGE;True
1787576564.9204617;11.93129689899979;Simulation RF;Détection RF large bande;2,45 GHz;2,45 GHz;;2814;2.2673888516227865;-46.69555406491146;-63.395554064911465;4.5755635696415977e-10;0.1;4.575563569641598e-11;6.144323527673363e-09;;;;ORANGE;True
1787576564.928783;11.93992697900012;Wi-Fi;Wi-Fi;2,4/5 GHz;wlan0;-27.0;;;;-27.0;1.9952623149688787e-06;0.1;1.9952623149688787e-07;5.028216851628912e-06;;;;ROUGE;False
1787576564.9887335;11.999878525999975;BLE Sniffer;Appareil BLE;2,4 GHz BLE;58:c1:c4:db:10:60;-69.0;;;;-69.0;1.2589254117941662e-10;0.000352;4.4314174495154645e-14;1.9526981680612763e-12;34;0x00;37;ORANGE;False
1787576564.98999;12.001134074999754;BLE Sniffer;Appareil BLE;2,4 GHz BLE;58:c1:c4:db:10:60;-68.0;;;;-68.0;1.584893192461111e-10;0.000352;5.57882403746311e-14;2.0084864084359074e-12;34;0x00;38;ORANGE;False
1787576564.9900506;12.001193999999941;BLE Sniffer;Appareil BLE;2,4 GHz BLE;58:c1:c4:db:10:60;-69.0;;;;-69.0;1.2589254117941662e-10;0.000352;4.4314174495154645e-14;2.052800582931062e-12;34;0x00;39;ORANGE;False
1787576564.9900887;12.001232147999872;BLE Sniffer;iBeacon;2,4 GHz BLE;54:0d:73:47:4a:1a;-68.0;;;;-68.0;1.584893192461111e-10;0.000368;5.832406948256888e-14;2.285689529502949e-13;36;0x00;37;ORANGE;False
1787576565.020424;12.03138393900008;Simulation RF;Détection RF large bande;868 MHz;868 MHz;;2341;1.8861655039084644;-31.446620156338568;-64.44662015633857;3.5920136996802504e-10;0.1;3.5920136996802506e-11;2.6166761415297166e-09;;;;ORANGE;True
1787576565.0205836;12.03138393900008;Simulation RF;Détection RF large bande;2,45 GHz;2,45 GHz;;2747;2.213959013683643;-44.55836054734573;-61.258360547345724;7.484519862601152e-10;0.1;7.484519862601153e-11;6.219168726299375e-09;;;;ORANGE;True
1787576565.0313387;12.042483893999815;Wi-Fi;Wi-Fi;2,4/5 GHz;wlan0;-28.0;;;;-28.0;1.584893192461114e-06;0.1;1.584893192461114e-07;5.186706170875023e-06;;;;ROUGE;False
1787576565.0917795;12.10292560500011;BLE Sniffer;iBeacon;2,4 GHz BLE;54:0d:73:47:4a:1a;-68.0;;;;-68.0;1.584893192461111e-10;0.000368;5.832406948256888e-14;2.868930224328638e-13;36;0x00;38;ORANGE;False
1787576565.093131;12.104275707999932;BLE Sniffer;iBeacon;2,4 GHz BLE;54:0d:73:47:4a:1a;-69.0;;;;-69.0;1.2589254117941662e-10;0.000368;4.6328455154025316e-14;3.332214775868891e-13;36;0x00;39;ORANGE;False
1787576565.1204903;12.13146890500002;Simulation RF;Détection RF large bande;868 MHz;868 MHz;;2380;1.9181034223209659;-32.72413689283863;-65.72413689283863;2.6766174853297954e-10;0.1;2.6766174853297955e-11;2.6434423163830143e-09;;;;ORANGE;True
1787576565.120638;12.13146890500002;Simulation RF;Détection RF large bande;2,45 GHz;2,45 GHz;;2695;2.1716012427157376;-42.864049708629494;-59.5640497086295;1.1055923605386266e-09;0.1;1.1055923605386267e-10;6.329727962353237e-09;;;;ORANGE;True
1787576565.1290185;12.14016331799985;Wi-Fi;Wi-Fi;2,4/5 GHz;wlan0;-27.0;;;;-27.0;1.9952623149688787e-06;0.1;1.9952623149688787e-07;5.386232402371911e-06;;;;ROUGE;False
1787576565.1954467;12.206591790999937;BLE Sniffer;Appareil BLE;2,4 GHz BLE;58:c1:c4:db:10:60;-68.0;;;;-68.0;1.584893192461111e-10;0.000352;5.57882403746311e-14;2.108588823305693e-12;34;0x00;37;ORANGE;False
1787576565.2306163;12.231551371000023;Simulation RF;Détection RF large bande;868 MHz;868 MHz;;2337;1.883487982706594;-31.33951930826376;-64.33951930826376;3.6816972165023305e-10;0.1;3.6816972165023306e-11;2.680259288548038e-09;;;;ORANGE;True
1787576565.2328448;12.231551371000023;Simulation RF;Détection RF large bande;2,45 GHz;2,45 GHz;;2767;2.2298964718215624;-45.19585887286249;-61.89585887286248;6.462701731715465e-10;0.1;6.462701731715465e-11;6.394354979670392e-09;;;;ORANGE;True
1787576565.2434607;12.254605442999946;Wi-Fi;Wi-Fi;2,4/5 GHz;wlan0;-27.0;;;;-27.0;1.9952623149688787e-06;0.1;1.9952623149688787e-07;5.5857586338687984e-06;;;;ROUGE;False
1787576565.2963078;12.307452900000044;BLE Sniffer;Appareil BLE;2,4 GHz BLE;58:c1:c4:db:10:60;-68.0;;;;-68.0;1.584893192461111e-10;0.000352;5.57882403746311e-14;2.164377063680324e-12;34;0x00;38;ORANGE;False
1787576565.2969778;12.308121508000113;BLE Sniffer;Appareil BLE;2,4 GHz BLE;58:c1:c4:db:10:60;-70.0;;;;-70.0;1e-10;0.000352;3.52e-14;2.1995770636803243e-12;34;0x00;39;ORANGE;False
1787576565.2977502;12.308894225000131;BLE Sniffer;iBeacon;2,4 GHz BLE;54:0d:73:47:4a:1a;-68.0;;;;-68.0;1.584893192461111e-10;0.000368;5.832406948256888e-14;3.9154554706945796e-13;36;0x00;37;ORANGE;False
1787576565.2978032;12.308946669999841;BLE Sniffer;iBeacon;2,4 GHz BLE;54:0d:73:47:4a:1a;-69.0;;;;-69.0;1.2589254117941662e-10;0.000368;4.6328455154025316e-14;4.3787400222348326e-13;36;0x00;38;ORANGE;False
1787576565.3206596;12.3316338730001;Simulation RF;Détection RF large bande;868 MHz;868 MHz;;2427;1.9561923436074462;-34.24769374429785;-67.24769374429785;1.8846496387239316e-10;0.1;1.8846496387239316e-11;2.699105784935277e-09;;;;ORANGE;True
1787576565.3208008;12.3316338730001;Simulation RF;Détection RF large bande;2,45 GHz;2,45 GHz;;2772;2.234112342336836;-45.364493693473435;-62.06449369347343;6.216567171298845e-10;0.1;6.216567171298845e-11;6.456520651383381e-09;;;;ORANGE;True
1787576565.3296814;12.34082582100018;Wi-Fi;Wi-Fi;2,4/5 GHz;wlan0;-29.0;;;;-29.0;1.2589254117941661e-06;0.1;1.2589254117941662e-07;5.711651175048215e-06;;;;ROUGE;False
1787576565.3993657;12.41051058999983;BLE Sniffer;iBeacon;2,4 GHz BLE;54:0d:73:47:4a:1a;-70.0;;;;-70.0;1e-10;0.000368;3.68e-14;4.746740022234832e-13;36;0x00;39;ORANGE;False
1787576565.423053;12.431715875999998;Simulation RF;Détection RF large bande;868 MHz;868 MHz;;2406;1.9387612625423;-33.550450501692;-66.550450501692;2.2128651531078967e-10;0.1;2.2128651531078968e-11;2.721234436466356e-09;;;;ORANGE;True
1787576565.4337275;12.431715875999998;Simulation RF;Détection RF large bande;2,45 GHz;2,45 GHz;;2691;2.168192489094716;-42.72769956378865;-59.42769956378865;1.1408539321790164e-09;0.1;1.1408539321790164e-10;6.570606044601282e-09;;;;ORANGE;True
1787576565.4440134;12.45515872399983;Wi-Fi;Wi-Fi;2,4/5 GHz;wlan0;-29.0;;;;-29.0;1.2589254117941661e-06;0.1;1.2589254117941662e-07;5.837543716227632e-06;;;;ROUGE;False
1787576565.5028079;12.51395262899996;BLE Sniffer;Appareil BLE;2,4 GHz BLE;58:c1:c4:db:10:60;-67.0;;;;-67.0;1.9952623149688828e-10;0.000352;7.023323348690468e-14;2.269810297167229e-12;34;0x00;37;ORANGE;False
1787576565.520898;12.531868767000105;Simulation RF;Détection RF large bande;868 MHz;868 MHz;;2392;1.9272733490474427;-33.090933961897704;-66.0909339618977;2.4598385524036103e-10;0.1;2.4598385524036104e-11;2.745832821990392e-09;;;;ORANGE;True
1787576565.5210412;12.531868767000105;Simulation RF;Détection RF large bande;2,45 GHz;2,45 GHz;;2797;2.2538350862249787;-46.15340344899914;-62.85340344899914;5.1839362856503e-10;0.1;5.1839362856503e-11;6.622445407457785e-09;;;;ORANGE;True
1787576565.5296226;12.540767216999939;Wi-Fi;Wi-Fi;2,4/5 GHz;wlan0;-30.0;;;;-30.0;1e-06;0.1;1e-07;5.937543716227632e-06;;;;ROUGE;False
1787576565.6035721;12.614717332000055;BLE Sniffer;Appareil BLE;2,4 GHz BLE;58:c1:c4:db:10:60;-68.0;;;;-68.0;1.584893192461111e-10;0.000352;5.57882403746311e-14;2.32559853754186e-12;34;0x00;38;ORANGE;False
1787576565.6046624;12.615806861999772;BLE Sniffer;Appareil BLE;2,4 GHz BLE;58:c1:c4:db:10:60;-70.0;;;;-70.0;1e-10;0.000352;3.52e-14;2.36079853754186e-12;34;0x00;39;ORANGE;False
1787576565.605104;12.616247655999814;BLE Sniffer;iBeacon;2,4 GHz BLE;54:0d:73:47:4a:1a;-66.0;;;;-66.0;2.511886431509582e-10;0.000368;9.243742067955262e-14;5.671114229030359e-13;36;0x00;37;ORANGE;False
1787576565.6051571;12.616300563000095;BLE Sniffer;iBeacon;2,4 GHz BLE;54:0d:73:47:4a:1a;-68.0;;;;-68.0;1.584893192461111e-10;0.000368;5.832406948256888e-14;6.254354923856048e-13;36;0x00;38;ORANGE;False
1787576565.6051955;12.616339044000142;BLE Sniffer;iBeacon;2,4 GHz BLE;54:0d:73:47:4a:1a;-71.0;;;;-71.0;7.943282347242822e-11;0.000368;2.923127903785358e-14;6.546667714234584e-13;36;0x00;39;VERT;False
1787576565.6209435;12.63194830700013;Simulation RF;Détection RF large bande;868 MHz;868 MHz;;2462;1.9840567027428708;-35.36226810971483;-68.36226810971483;1.4580525911582025e-10;0.1;1.4580525911582024e-11;2.760413347901974e-09;;;;ORANGE;True
1787576565.6210983;12.63194830700013;Simulation RF;Détection RF large bande;2,45 GHz;2,45 GHz;;2735;2.2044311542717367;-44.177246170869466;-60.87724617086947;8.171003243875072e-10;0.1;8.171003243875072e-11;6.704155439896536e-09;;;;ORANGE;True
1787576565.630341;12.641485826999997;Wi-Fi;Wi-Fi;2,4/5 GHz;wlan0;-30.0;;;;-30.0;1e-06;0.1;1e-07;6.037543716227632e-06;;;;ROUGE;False
1787576565.7210128;12.732031773000017;Simulation RF;Détection RF large bande;868 MHz;868 MHz;;2414;1.9456920317067543;-33.82768126827017;-66.82768126827017;2.0760216255701405e-10;0.1;2.0760216255701405e-11;2.7811735641576757e-09;;;;ORANGE;True
1787576565.7212248;12.732031773000017;Simulation RF;Détection RF large bande;2,45 GHz;2,45 GHz;;2724;2.1953554016398757;-43.81421606559502;-60.514216065595015;8.883383136358585e-10;0.1;8.883383136358586e-11;6.792989271260122e-09;;;;ORANGE;True
1787576565.7296622;12.740806538000015;Wi-Fi;Wi-Fi;2,4/5 GHz;wlan0;-30.0;;;;-30.0;1e-06;0.1;1e-07;6.1375437162276315e-06;;;;ROUGE;False
1787576565.810365;12.821509483999762;BLE Sniffer;Appareil BLE;2,4 GHz BLE;58:c1:c4:db:10:60;-67.0;;;;-67.0;1.9952623149688828e-10;0.000352;7.023323348690468e-14;2.4310317710287647e-12;34;0x00;37;ORANGE;False
1787576565.8104396;12.821583094999824;BLE Sniffer;Appareil BLE;2,4 GHz BLE;58:c1:c4:db:10:60;-67.0;;;;-67.0;1.9952623149688828e-10;0.000352;7.023323348690468e-14;2.5012650045156693e-12;34;0x00;38;ORANGE;False
1787576565.821127;12.83210966500019;Simulation RF;Détection RF large bande;868 MHz;868 MHz;;2389;1.9254473237337901;-33.017892949351605;-66.0178929493516;2.501558739428811e-10;0.1;2.501558739428811e-11;2.8061891515519637e-09;;;;ORANGE;True
1787576565.8212636;12.83210966500019;Simulation RF;Détection RF large bande;2,45 GHz;2,45 GHz;;2692;2.169140877892795;-42.76563511571179;-59.46563511571179;1.130931988844415e-09;0.1;1.130931988844415e-10;6.906082470144564e-09;;;;ORANGE;True
1787576565.831677;12.842821195999932;Wi-Fi;Wi-Fi;2,4/5 GHz;wlan0;-30.0;;;;-30.0;1e-06;0.1;1e-07;6.237543716227631e-06;;;;ROUGE;False
1787576565.911523;12.92266868500019;BLE Sniffer;Appareil BLE;2,4 GHz BLE;58:c1:c4:db:10:60;-70.0;;;;-70.0;1e-10;0.000352;3.52e-14;2.5364650045156694e-12;34;0x00;39;ORANGE;False
1787576565.9129753;12.924119583999982;BLE Sniffer;iBeacon;2,4 GHz BLE;54:0d:73:47:4a:1a;-67.0;;;;-67.0;1.9952623149688828e-10;0.000368;7.342565319085489e-14;7.280924246143133e-13;36;0x00;37;ORANGE;False
1787576565.9130435;12.924186824000117;BLE Sniffer;iBeacon;2,4 GHz BLE;54:0d:73:47:4a:1a;-68.0;;;;-68.0;1.584893192461111e-10;0.000368;5.832406948256888e-14;7.864164940968821e-13;36;0x00;38;ORANGE;False
1787576565.91312;12.924263378999967;Simulation LoRa;LoRa;868 MHz;LoRa 868.100 MHz;-92.6713335230939;;;;-92.6713335230939;5.405883070947775e-13;0.046335999999999995;2.504869979754361e-14;7.67142610654368e-13;13;"SNR=6.76;SF=7;BW=125.0;CR=4/5;F=868.100;CRC=OK;PAYLOAD=54454d504f5f4c4f52415f3132";7;VERT;True
1787576565.913161;12.924304305000078;BLE Sniffer;iBeacon;2,4 GHz BLE;54:0d:73:47:4a:1a;-70.0;;;;-70.0;1e-10;0.000368;3.68e-14;8.232164940968821e-13;36;0x00;39;ORANGE;False
1787576565.9211688;12.932190055999854;Simulation RF;Détection RF large bande;868 MHz;868 MHz;;2415;1.945853227119679;-33.83412908478715;-66.83412908478715;2.0729417165951537e-10;0.1;2.072941716595154e-11;2.826918568717915e-09;;;;ORANGE;True
1787576565.9213145;12.932190055999854;Simulation RF;Détection RF large bande;2,45 GHz;2,45 GHz;;2755;2.2204948128037327;-44.819792512149306;-61.51979251214931;7.047267370769679e-10;0.1;7.04726737076968e-11;6.976555143852261e-09;;;;ORANGE;True
1787576565.929777;12.94092102500008;Wi-Fi;Wi-Fi;2,4/5 GHz;wlan0;-30.0;;;;-30.0;1e-06;0.1;1e-07;6.337543716227631e-06;;;;ROUGE;False
1787576566.021273;13.03226944800008;Simulation RF;Détection RF large bande;868 MHz;868 MHz;;2381;1.918622112438774;-32.744884497550956;-65.74488449755096;2.66386094233011e-10;0.1;2.6638609423301102e-11;2.8535571781412165e-09;;;;ORANGE;True
1787576566.0214205;13.03226944800008;Simulation RF;Détection RF large bande;2,45 GHz;2,45 GHz;;2737;2.205845755846495;-44.23383023385979;-60.933830233859794;8.065234080582702e-10;0.1;8.065234080582703e-11;7.057207484658088e-09;;;;ORANGE;True
1787576566.030122;13.041266267000083;Wi-Fi;Wi-Fi;2,4/5 GHz;wlan0;-30.0;;;;-30.0;1e-06;0.1;1e-07;6.437543716227631e-06;;;;ROUGE;False
1787576566.1181335;13.129278245000023;BLE Sniffer;Appareil BLE;2,4 GHz BLE;58:c1:c4:db:10:60;-68.0;;;;-68.0;1.584893192461111e-10;0.000352;5.57882403746311e-14;2.5922532448903004e-12;34;0x00;37;ORANGE;False
1787576566.1186025;13.129747445999783;BLE Sniffer;Appareil BLE;2,4 GHz BLE;58:c1:c4:db:10:60;-67.0;;;;-67.0;1.9952623149688828e-10;0.000352;7.023323348690468e-14;2.662486478377205e-12;34;0x00;38;ORANGE;False
1787576566.1186576;13.12980083399998;BLE Sniffer;Appareil BLE;2,4 GHz BLE;58:c1:c4:db:10:60;-70.0;;;;-70.0;1e-10;0.000352;3.52e-14;2.697686478377205e-12;34;0x00;39;ORANGE;False
1787576566.1186957;13.129839056000037;BLE Sniffer;iBeacon;2,4 GHz BLE;54:0d:73:47:4a:1a;-67.0;;;;-67.0;1.9952623149688828e-10;0.000368;7.342565319085489e-14;8.96642147287737e-13;36;0x00;37;ORANGE;False
1787576566.1213264;13.13235056099984;Simulation RF;Détection RF large bande;868 MHz;868 MHz;;2350;1.8938242133435876;-31.7529685337435;-64.7529685337435;3.347365584117779e-10;0.1;3.347365584117779e-11;2.8870308339823944e-09;;;;ORANGE;True
1787576566.1214638;13.13235056099984;Simulation RF;Détection RF large bande;2,45 GHz;2,45 GHz;;2717;2.1892087226631367;-43.56834890652546;-60.26834890652546;9.400806409164664e-10;0.1;9.400806409164664e-11;7.151215548749735e-09;;;;ORANGE;True
1787576566.1300766;13.141220769000029;Wi-Fi;Wi-Fi;2,4/5 GHz;wlan0;-31.0;;;;-31.0;7.943282347242822e-07;0.1;7.943282347242822e-08;6.516976539700059e-06;;;;ROUGE;False
1787576566.2220783;13.233222410000053;BLE Sniffer;iBeacon;2,4 GHz BLE;54:0d:73:47:4a:1a;-67.0;;;;-67.0;1.9952623149688828e-10;0.000368;7.342565319085489e-14;9.70067800478592e-13;36;0x00;38;ORANGE;False
1787576566.222153;13.233296353999776;BLE Sniffer;iBeacon;2,4 GHz BLE;54:0d:73:47:4a:1a;-70.0;;;;-70.0;1e-10;0.000368;3.68e-14;1.006867800478592e-12;36;0x00;39;ORANGE;False
1787576566.2232049;13.232526727999812;Simulation RF;Détection RF large bande;868 MHz;868 MHz;;2400;1.9338811747886453;-33.35524699154581;-66.35524699154581;2.3145965467567252e-10;0.1;2.3145965467567253e-11;2.9101767994499615e-09;;;;ORANGE;True
1787576566.223339;13.232526727999812;Simulation RF;Détection RF large bande;2,45 GHz;2,45 GHz;;2737;2.205323285833397;-44.21293143333587;-60.912931433335864;8.104138539997571e-10;0.1;8.104138539997572e-11;7.232256934149711e-09;;;;ORANGE;True
1787576566.2318926;13.243036928000038;Wi-Fi;Wi-Fi;2,4/5 GHz;wlan0;-31.0;;;;-31.0;7.943282347242822e-07;0.1;7.943282347242822e-08;6.5964093631724875e-06;;;;ROUGE;False
1787576566.3216712;13.332613562999995;Simulation RF;Détection RF large bande;868 MHz;868 MHz;;2453;1.9767749284758425;-35.07099713903369;-68.0709971390337;1.5591944710697235e-10;0.1;1.5591944710697235e-11;2.9257687441606586e-09;;;;ORANGE;True
1787576566.3218143;13.332613562999995;Simulation RF;Détection RF large bande;2,45 GHz;2,45 GHz;;2729;2.198881473709757;-43.95525894839027;-60.65525894839027;8.599517906741987e-10;0.1;8.599517906741988e-11;7.318252113217131e-09;;;;ORANGE;True
1787576566.3254793;13.336624743999892;BLE Sniffer;Appareil BLE;2,4 GHz BLE;58:c1:c4:db:10:60;-68.0;;;;-68.0;1.584893192461111e-10;0.000352;5.57882403746311e-14;2.753474718751836e-12;34;0x00;37;ORANGE;False
1787576566.330663;13.34180745499998;Wi-Fi;Wi-Fi;2,4/5 GHz;wlan0;-32.0;;;;-32.0;6.30957344480193e-07;0.1;6.30957344480193e-08;6.659505097620506e-06;;;;ROUGE;False
1787576566.4217267;13.43268886099986;Simulation RF;Détection RF large bande;868 MHz;868 MHz;;2459;1.981260527855138;-35.25042111420552;-68.25042111420552;1.4960905804444659e-10;0.1;1.496090580444466e-11;2.9407296499651032e-09;;;;ORANGE;True
1787576566.4218657;13.43268886099986;Simulation RF;Détection RF large bande;2,45 GHz;2,45 GHz;;2689;2.1671529169284325;-42.68611667713729;-59.38611667713729;1.15182985817094e-09;0.1;1.15182985817094e-10;7.433435099034225e-09;;;;ORANGE;True
1787576566.4277241;13.438869048000015;BLE Sniffer;Appareil BLE;2,4 GHz BLE;58:c1:c4:db:10:60;-67.0;;;;-67.0;1.9952623149688828e-10;0.000352;7.023323348690468e-14;2.823707952238741e-12;34;0x00;38;ORANGE;False
1787576566.4278429;13.438986381000177;BLE Sniffer;Appareil BLE;2,4 GHz BLE;58:c1:c4:db:10:60;-71.0;;;;-71.0;7.943282347242822e-11;0.000352;2.796035386229473e-14;2.8516683061010357e-12;34;0x00;39;VERT;False
1787576566.4278874;13.439030770000045;BLE Sniffer;iBeacon;2,4 GHz BLE;54:0d:73:47:4a:1a;-67.0;;;;-67.0;1.9952623149688828e-10;0.000368;7.342565319085489e-14;1.0802934536694467e-12;36;0x00;37;ORANGE;False
1787576566.4279265;13.43906989900006;BLE Sniffer;iBeacon;2,4 GHz BLE;54:0d:73:47:4a:1a;-67.0;;;;-67.0;1.9952623149688828e-10;0.000368;7.342565319085489e-14;1.1537191068603015e-12;36;0x00;38;ORANGE;False
1787576566.431662;13.442806840999765;Wi-Fi;Wi-Fi;2,4/5 GHz;wlan0;-32.0;;;;-32.0;6.30957344480193e-07;0.1;6.30957344480193e-08;6.722600832068525e-06;;;;ROUGE;False
1787576566.5218248;13.532780641000045;Simulation RF;Détection RF large bande;868 MHz;868 MHz;;2439;1.9654532850934203;-34.61813140373681;-67.61813140373681;1.7305607904686427e-10;0.1;1.7305607904686428e-11;2.9580352578697897e-09;;;;ORANGE;True
1787576566.5219765;13.532780641000045;Simulation RF;Détection RF large bande;2,45 GHz;2,45 GHz;;2781;2.2413792795309706;-45.65517118123883;-62.35517118123882;5.814105150166386e-10;0.1;5.814105150166386e-11;7.491576150535889e-09;;;;ORANGE;True
1787576566.5304315;13.541575515999739;Wi-Fi;Wi-Fi;2,4/5 GHz;wlan0;-34.0;;;;-34.0;3.981071705534969e-07;0.1;3.9810717055349696e-08;6.762411549123875e-06;;;;ROUGE;False
1787576566.5323863;13.543531375999919;BLE Sniffer;iBeacon;2,4 GHz BLE;54:0d:73:47:4a:1a;-71.0;;;;-71.0;7.943282347242822e-11;0.000368;2.923127903785358e-14;1.1829503858981552e-12;36;0x00;39;VERT;False
1787576566.6218872;13.632861161000164;Simulation RF;Détection RF large bande;868 MHz;868 MHz;;2403;1.9361875669823225;-33.447502679292896;-66.4475026792929;2.2659469190059725e-10;0.1;2.2659469190059725e-11;2.9806947270598495e-09;;;;ORANGE;True
1787576566.6220279;13.632861161000164;Simulation RF;Détection RF large bande;2,45 GHz;2,45 GHz;;2709;2.1829490275339327;-43.31796110135731;-60.017961101357315;9.958728437912407e-10;0.1;9.958728437912408e-11;7.591163434915013e-09;;;;ORANGE;True
1787576566.6306071;13.641751368999849;Wi-Fi;Wi-Fi;2,4/5 GHz;wlan0;-34.0;;;;-34.0;3.981071705534969e-07;0.1;3.9810717055349696e-08;6.802222266179225e-06;;;;ROUGE;False
1787576566.6343172;13.645461515000079;BLE Sniffer;Appareil BLE;2,4 GHz BLE;58:c1:c4:db:10:60;-68.0;;;;-68.0;1.584893192461111e-10;0.000352;5.57882403746311e-14;2.9074565464756668e-12;34;0x00;37;ORANGE;False
1787576566.6354873;13.646631322999838;BLE Sniffer;Appareil BLE;2,4 GHz BLE;58:c1:c4:db:10:60;-67.0;;;;-67.0;1.9952623149688828e-10;0.000352;7.023323348690468e-14;2.9776897799625714e-12;34;0x00;38;ORANGE;False
1787576566.7219737;13.732939626000189;Simulation RF;Détection RF large bande;868 MHz;868 MHz;;2356;1.8986503032868816;-31.946012131475257;-64.94601213147526;3.201833814266448e-10;0.1;3.201833814266448e-11;3.012713065202514e-09;;;;ORANGE;True
1787576566.722115;13.732939626000189;Simulation RF;Détection RF large bande;2,45 GHz;2,45 GHz;;2762;2.225476567992183;-45.01906271968733;-61.71906271968733;6.731219116046433e-10;0.1;6.731219116046433e-11;7.658475626075477e-09;;;;ORANGE;True
1787576566.7312088;13.742352626999946;Wi-Fi;Wi-Fi;2,4/5 GHz;wlan0;-34.0;;;;-34.0;3.981071705534969e-07;0.1;3.9810717055349696e-08;6.842032983234575e-06;;;;ROUGE;False
1787576566.737128;13.748272445000111;BLE Sniffer;Appareil BLE;2,4 GHz BLE;58:c1:c4:db:10:60;-71.0;;;;-71.0;7.943282347242822e-11;0.000352;2.796035386229473e-14;3.0056501338248663e-12;34;0x00;39;VERT;False
1787576566.7371852;13.748328741000023;BLE Sniffer;iBeacon;2,4 GHz BLE;54:0d:73:47:4a:1a;-67.0;;;;-67.0;1.9952623149688828e-10;0.000368;7.342565319085489e-14;1.25637603908901e-12;36;0x00;37;ORANGE;False
1787576566.7372258;13.748369019000165;BLE Sniffer;iBeacon;2,4 GHz BLE;54:0d:73:47:4a:1a;-67.0;;;;-67.0;1.9952623149688828e-10;0.000368;7.342565319085489e-14;1.3298016922798648e-12;36;0x00;38;ORANGE;False
1787576566.738361;13.7495050120001;BLE Sniffer;iBeacon;2,4 GHz BLE;54:0d:73:47:4a:1a;-71.0;;;;-71.0;7.943282347242822e-11;0.000368;2.923127903785358e-14;1.3590329713177185e-12;36;0x00;39;VERT;False
1787576566.8220274;13.833022478999737;Simulation RF;Détection RF large bande;868 MHz;868 MHz;;2421;1.9511053007044765;-34.04421202817906;-67.04421202817906;1.9750531950573103e-10;0.1;1.9750531950573105e-11;3.032463597153087e-09;;;;ORANGE;True
1787576566.8221714;13.833022478999737;Simulation RF;Détection RF large bande;2,45 GHz;2,45 GHz;;2726;2.197038839614193;-43.88155358456771;-60.581553584567715;8.746708267014172e-10;0.1;8.746708267014174e-11;7.745942708745619e-09;;;;ORANGE;True
1787576566.8306518;13.841795780999746;Wi-Fi;Wi-Fi;2,4/5 GHz;wlan0;-34.0;;;;-34.0;3.981071705534969e-07;0.1;3.9810717055349696e-08;6.8818437002899254e-06;;;;ROUGE;False
1787576566.9221349;13.933102610999867;Simulation RF;Détection RF large bande;868 MHz;868 MHz;;2414;1.9457071495723637;-33.82828598289454;-66.82828598289454;2.0757325790147679e-10;0.1;2.075732579014768e-11;3.0532209229432347e-09;;;;ORANGE;True
1787576566.9222693;13.933102610999867;Simulation RF;Détection RF large bande;2,45 GHz;2,45 GHz;;2726;2.1966560898048155;-43.86624359219262;-60.56624359219261;8.777597066476421e-10;0.1;8.777597066476422e-11;7.833718679410383e-09;;;;ORANGE;True
1787576566.9308245;13.941968966999866;Wi-Fi;Wi-Fi;2,4/5 GHz;wlan0;-35.0;;;;-35.0;3.162277660168379e-07;0.1;3.162277660168379e-08;6.913466476891609e-06;;;;ROUGE;False
1787576566.9426973;13.953841510000075;Simulation LoRa;LoRa;868 MHz;LoRa 868.100 MHz;-93.11566315687902;;;;-93.11566315687902;4.880155767923096e-13;0.046335999999999995;2.2612689766248456e-14;7.897553004206165e-13;13;"SNR=5.95;SF=7;BW=125.0;CR=4/5;F=868.100;CRC=OK;PAYLOAD=54454d504f5f4c4f52415f3133";7;VERT;True
1787576566.9427683;13.953911806000178;BLE Sniffer;Appareil BLE;2,4 GHz BLE;58:c1:c4:db:10:60;-68.0;;;;-68.0;1.584893192461111e-10;0.000352;5.57882403746311e-14;3.0614383741994974e-12;34;0x00;37;ORANGE;False
1787576566.9428086;13.953952028000003;BLE Sniffer;Appareil BLE;2,4 GHz BLE;58:c1:c4:db:10:60;-67.0;;;;-67.0;1.9952623149688828e-10;0.000352;7.023323348690468e-14;3.131671607686402e-12;34;0x00;38;ORANGE;False
1787576567.0222204;14.033189037999819;Simulation RF;Détection RF large bande;868 MHz;868 MHz;;2477;1.9957481000913146;-35.82992400365258;-68.82992400365258;1.309204832319908e-10;0.1;1.309204832319908e-11;3.066312971266434e-09;;;;ORANGE;True
1787576567.0223634;14.033189037999819;Simulation RF;Détection RF large bande;2,45 GHz;2,45 GHz;;2701;2.176340046081224;-43.053601843248956;-59.75360184324895;1.0583755919358756e-09;0.1;1.0583755919358757e-10;7.939556238603971e-09;;;;ORANGE;True
1787576567.0308487;14.041994006000095;Wi-Fi;Wi-Fi;2,4/5 GHz;wlan0;-35.0;;;;-35.0;3.162277660168379e-07;0.1;3.162277660168379e-08;6.945089253493292e-06;;;;ROUGE;False
1787576567.045881;14.057025567999972;BLE Sniffer;iBeacon;2,4 GHz BLE;54:0d:73:47:4a:1a;-71.0;;;;-71.0;7.943282347242822e-11;0.000368;2.923127903785358e-14;1.3882642503555722e-12;36;0x00;39;VERT;False
1787576567.1223245;14.133275650000087;Simulation RF;Détection RF large bande;868 MHz;868 MHz;;2426;1.954634020502374;-34.18536082009496;-67.18536082009496;1.9118944741856821e-10;0.1;1.911894474185682e-11;3.0854319160082907e-09;;;;ORANGE;True
1787576567.1224744;14.133275650000087;Simulation RF;Détection RF large bande;2,45 GHz;2,45 GHz;;2738;2.206053588293244;-44.242143531729766;-60.94214353172977;8.049810315266126e-10;0.1;8.049810315266126e-11;8.020054341756632e-09;;;;ORANGE;True
1787576567.1311185;14.142263357000047;Wi-Fi;Wi-Fi;2,4/5 GHz;wlan0;-36.0;;;;-36.0;2.5118864315095823e-07;0.1;2.5118864315095824e-08;6.970208117808388e-06;;;;ROUGE;False
1787576567.2223828;14.2333522240001;Simulation RF;Détection RF large bande;868 MHz;868 MHz;;2453;1.9771745296978183;-35.08698118791273;-68.08698118791273;1.5534664604243948e-10;0.1;1.553466460424395e-11;3.1009665806125346e-09;;;;ORANGE;True
1787576567.2225218;14.2333522240001;Simulation RF;Détection RF large bande;2,45 GHz;2,45 GHz;;2721;2.1926072248482833;-43.70428899393133;-60.40428899393133;9.111106027087278e-10;0.1;9.111106027087278e-11;8.111165402027504e-09;;;;ORANGE;True
1787576567.2309456;14.242089951999787;Wi-Fi;Wi-Fi;2,4/5 GHz;wlan0;-36.0;;;;-36.0;2.5118864315095823e-07;0.1;2.5118864315095824e-08;6.995326982123484e-06;;;;ROUGE;False
1787576567.250135;14.261280101000011;BLE Sniffer;Appareil BLE;2,4 GHz BLE;58:c1:c4:db:10:60;-68.0;;;;-68.0;1.584893192461111e-10;0.000352;5.57882403746311e-14;3.187459848061033e-12;34;0x00;37;ORANGE;False
1787576567.2518826;14.263027073000103;BLE Sniffer;iBeacon;2,4 GHz BLE;54:0d:73:47:4a:1a;-67.0;;;;-67.0;1.9952623149688828e-10;0.000368;7.342565319085489e-14;1.461689903546427e-12;36;0x00;38;ORANGE;False
1787576567.3224876;14.333440742999755;Simulation RF;Détection RF large bande;868 MHz;868 MHz;;2397;1.931429332563366;-33.25717330253464;-66.25717330253464;2.367460107597194e-10;0.1;2.367460107597194e-11;3.1246411816885068e-09;;;;ORANGE;True
1787576567.3226354;14.333440742999755;Simulation RF;Détection RF large bande;2,45 GHz;2,45 GHz;;2712;2.185874584384161;-43.43498337536644;-60.13498337536644;9.693969801092596e-10;0.1;9.693969801092597e-11;8.208105100038431e-09;;;;ORANGE;True
1787576567.3322725;14.34341698299977;Wi-Fi;Wi-Fi;2,4/5 GHz;wlan0;-37.0;;;;-37.0;1.9952623149688787e-07;0.1;1.995262314968879e-08;7.015279605273173e-06;;;;ROUGE;False
1787576567.422542;14.433522465999886;Simulation RF;Détection RF large bande;868 MHz;868 MHz;;2391;1.9270520311268784;-33.08208124507513;-66.08208124507513;2.464857834166124e-10;0.1;2.4648578341661243e-11;3.149289760030168e-09;;;;ORANGE;True
1787576567.4226873;14.433522465999886;Simulation RF;Détection RF large bande;2,45 GHz;2,45 GHz;;2711;2.1843891651702108;-43.375566606808434;-60.07556660680844;9.827506490512025e-10;0.1;9.827506490512025e-11;8.306380164943552e-09;;;;ORANGE;True
1787576567.4311268;14.442271008999796;Wi-Fi;Wi-Fi;2,4/5 GHz;wlan0;-37.0;;;;-37.0;1.9952623149688787e-07;0.1;1.995262314968879e-08;7.035232228422862e-06;;;;ROUGE;False
1787576567.522654;14.533606040999985;Simulation RF;Détection RF large bande;868 MHz;868 MHz;;2519;2.030089741877951;-37.203589675118025;-70.20358967511802;9.542035599347648e-11;0.1;9.54203559934765e-12;3.1588317956295156e-09;;;;VERT;True
1787576567.5228052;14.533606040999985;Simulation RF;Détection RF large bande;2,45 GHz;2,45 GHz;;2762;2.226087699327172;-45.043507973086875;-61.74350797308688;6.693437348568421e-10;0.1;6.693437348568421e-11;8.373314538429236e-09;;;;ORANGE;True
1787576567.531446;14.542590007999934;Wi-Fi;Wi-Fi;2,4/5 GHz;wlan0;-37.0;;;;-37.0;1.9952623149688787e-07;0.1;1.995262314968879e-08;7.055184851572551e-06;;;;ROUGE;False
1787576567.557225;14.5683701009998;BLE Sniffer;Appareil BLE;2,4 GHz BLE;58:c1:c4:db:10:60;-72.0;;;;-72.0;6.309573444801942e-11;0.000352;2.2209698525702838e-14;3.209669546586736e-12;34;0x00;39;VERT;False
1787576567.5589707;14.570114794999881;BLE Sniffer;iBeacon;2,4 GHz BLE;54:0d:73:47:4a:1a;-66.0;;;;-66.0;2.511886431509582e-10;0.000368;9.243742067955262e-14;1.5541273242259795e-12;36;0x00;37;ORANGE;False
1787576567.559041;14.570184534999953;BLE Sniffer;iBeacon;2,4 GHz BLE;54:0d:73:47:4a:1a;-67.0;;;;-67.0;1.9952623149688828e-10;0.000368;7.342565319085489e-14;1.6275529774168343e-12;36;0x00;38;ORANGE;False
1787576567.6227093;14.633687764000115;Simulation RF;Détection RF large bande;868 MHz;868 MHz;;2496;2.011636078285965;-36.465443131438604;-69.4654431314386;1.130981983943145e-10;0.1;1.1309819839431451e-11;3.170141615468947e-09;;;;ORANGE;True
1787576567.622851;14.633687764000115;Simulation RF;Détection RF large bande;2,45 GHz;2,45 GHz;;2735;2.2039608787902814;-44.15843515161124;-60.858435151611246;8.206471863767366e-10;0.1;8.206471863767366e-11;8.45537925706691e-09;;;;ORANGE;True
1787576567.6312542;14.642398418000084;Wi-Fi;Wi-Fi;2,4/5 GHz;wlan0;-37.0;;;;-37.0;1.9952623149688787e-07;0.1;1.995262314968879e-08;7.07513747472224e-06;;;;ROUGE;False
1787576567.6607082;14.671852951999881;BLE Sniffer;iBeacon;2,4 GHz BLE;54:0d:73:47:4a:1a;-72.0;;;;-72.0;6.309573444801942e-11;0.000368;2.3219230276871148e-14;1.6507722076937055e-12;36;0x00;39;VERT;False
1787576567.7228076;14.733771820000129;Simulation RF;Détection RF large bande;868 MHz;868 MHz;;2394;1.9293148394605568;-33.172593578422266;-66.17259357842227;2.4140187675714017e-10;0.1;2.4140187675714018e-11;3.194281803144661e-09;;;;ORANGE;True
1787576567.7229562;14.733771820000129;Simulation RF;Détection RF large bande;2,45 GHz;2,45 GHz;;2767;2.2301634278306337;-45.20653711322535;-61.90653711322535;6.446831046009209e-10;0.1;6.446831046009209e-11;8.519847567527002e-09;;;;ORANGE;True
1787576567.7316194;14.742763528000069;Wi-Fi;Wi-Fi;2,4/5 GHz;wlan0;-36.0;;;;-36.0;2.5118864315095823e-07;0.1;2.5118864315095824e-08;7.100256339037336e-06;;;;ROUGE;False
1787576567.764259;14.775404303999949;BLE Sniffer;Appareil BLE;2,4 GHz BLE;74:57:82:1a:d8:03;-48.0;;;;-48.0;1.5848931924611143e-08;0.000176;2.789412018731561e-12;9.293402598767493e-12;12;0x03;37;ROUGE;False
1787576567.8228548;14.833847061000142;Simulation RF;Détection RF large bande;868 MHz;868 MHz;;2405;1.9378858904523952;-33.51543561809581;-66.51543561809581;2.230778438533895e-10;0.1;2.230778438533895e-11;3.2165895875300002e-09;;;;ORANGE;True
1787576567.8229866;14.833847061000142;Simulation RF;Détection RF large bande;2,45 GHz;2,45 GHz;;2709;2.182854611946081;-43.31418447784324;-60.01418447784324;9.96739231168483e-10;0.1;9.967392311684831e-11;8.619521490643851e-09;;;;ORANGE;True
1787576567.8314571;14.84260195600018;Wi-Fi;Wi-Fi;2,4/5 GHz;wlan0;-36.0;;;;-36.0;2.5118864315095823e-07;0.1;2.5118864315095824e-08;7.125375203352432e-06;;;;ROUGE;False
1787576567.8655827;14.876727389999814;BLE Sniffer;Appareil BLE;2,4 GHz BLE;58:c1:c4:db:10:60;-68.0;;;;-68.0;1.584893192461111e-10;0.000352;5.57882403746311e-14;3.265457786961367e-12;34;0x00;38;ORANGE;False
1787576567.8656585;14.87680222300014;BLE Sniffer;Appareil BLE;2,4 GHz BLE;58:c1:c4:db:10:60;-72.0;;;;-72.0;6.309573444801942e-11;0.000352;2.2209698525702838e-14;3.2876674854870697e-12;34;0x00;39;VERT;False
1787576567.8673975;14.878542600999936;BLE Sniffer;iBeacon;2,4 GHz BLE;54:0d:73:47:4a:1a;-67.0;;;;-67.0;1.9952623149688828e-10;0.000368;7.342565319085489e-14;1.7241978608845603e-12;36;0x00;37;ORANGE;False
1787576567.867472;14.878615359999912;BLE Sniffer;iBeacon;2,4 GHz BLE;54:0d:73:47:4a:1a;-68.0;;;;-68.0;1.584893192461111e-10;0.000368;5.832406948256888e-14;1.7825219303671292e-12;36;0x00;38;ORANGE;False
1787576567.9229546;14.933921840000039;Simulation RF;Détection RF large bande;868 MHz;868 MHz;;2452;1.976301114508344;-35.05204458033376;-68.05204458033376;1.566013645471597e-10;0.1;1.566013645471597e-11;3.2322497239847162e-09;;;;ORANGE;True
1787576567.9231024;14.933921840000039;Simulation RF;Détection RF large bande;2,45 GHz;2,45 GHz;;2738;2.2068128424050197;-44.27251369620079;-60.97251369620079;7.993714449383414e-10;0.1;7.993714449383414e-11;8.699458635137686e-09;;;;ORANGE;True
1787576567.9316807;14.942825215000084;Wi-Fi;Wi-Fi;2,4/5 GHz;wlan0;-36.0;;;;-36.0;2.5118864315095823e-07;0.1;2.5118864315095824e-08;7.150494067667528e-06;;;;ROUGE;False
1787576567.9697526;14.980897534000178;Simulation LoRa;LoRa;868 MHz;LoRa 868.100 MHz;-89.54004308048769;;;;-89.54004308048769;1.1117206993479075e-12;0.046335999999999995;5.1512690324984637e-14;8.412679907456011e-13;13;"SNR=8.27;SF=7;BW=125.0;CR=4/5;F=868.100;CRC=OK;PAYLOAD=54454d504f5f4c4f52415f3134";7;VERT;True
1787576567.9698288;14.980972311000187;BLE Sniffer;iBeacon;2,4 GHz BLE;54:0d:73:47:4a:1a;-72.0;;;;-72.0;6.309573444801942e-11;0.000368;2.3219230276871148e-14;1.8057411606440004e-12;36;0x00;39;VERT;False
1787576568.022995;15.034000988000116;Simulation RF;Détection RF large bande;868 MHz;868 MHz;;2471;1.9912721696444515;-35.650886785778056;-68.65088678577806;1.364304530842614e-10;0.1;1.3643045308426141e-11;3.2458927692931423e-09;;;;ORANGE;True
1787576568.0231376;15.034000988000116;Simulation RF;Détection RF large bande;2,45 GHz;2,45 GHz;;2784;2.243292876711784;-45.731715068471345;-62.43171506847135;5.712529991084235e-10;0.1;5.712529991084235e-11;8.756583935048528e-09;;;;ORANGE;True
1787576568.0316722;15.042816752999897;Wi-Fi;Wi-Fi;2,4/5 GHz;wlan0;-36.0;;;;-36.0;2.5118864315095823e-07;0.1;2.5118864315095824e-08;7.175612931982624e-06;;;;ROUGE;False
1787576568.0743601;15.085504581999885;BLE Sniffer;Appareil BLE;2,4 GHz BLE;58:c1:c4:db:10:60;-69.0;;;;-69.0;1.2589254117941662e-10;0.000352;4.4314174495154645e-14;3.3319816599822244e-12;34;0x00;37;ORANGE;False
1787576568.0744362;15.08557969200001;BLE Sniffer;Appareil BLE;2,4 GHz BLE;58:c1:c4:db:10:60;-67.0;;;;-67.0;1.9952623149688828e-10;0.000352;7.023323348690468e-14;3.402214893469129e-12;34;0x00;38;ORANGE;False
1787576568.123104;15.134077988000172;Simulation RF;Détection RF large bande;868 MHz;868 MHz;;2452;1.9760609140446939;-35.04243656178775;-68.04243656178775;1.569482016523889e-10;0.1;1.569482016523889e-11;3.261587589458381e-09;;;;ORANGE;True
1787576568.1232374;15.134077988000172;Simulation RF;Détection RF large bande;2,45 GHz;2,45 GHz;;2726;2.196610988712938;-43.86443954851751;-60.56443954851751;8.781244006173302e-10;0.1;8.781244006173302e-11;8.844396375110261e-09;;;;ORANGE;True
1787576568.1315734;15.142717919999996;Wi-Fi;Wi-Fi;2,4/5 GHz;wlan0;-37.0;;;;-37.0;1.9952623149688787e-07;0.1;1.995262314968879e-08;7.195565555132313e-06;;;;ROUGE;False
1787576568.1757915;15.186970720999852;BLE Sniffer;Appareil BLE;2,4 GHz BLE;58:c1:c4:db:10:60;-71.0;;;;-71.0;7.943282347242822e-11;0.000352;2.796035386229473e-14;3.430175247331424e-12;34;0x00;39;VERT;False
1787576568.1759384;15.187082369000109;BLE Sniffer;iBeacon;2,4 GHz BLE;54:0d:73:47:4a:1a;-68.0;;;;-68.0;1.584893192461111e-10;0.000368;5.832406948256888e-14;1.864065230126569e-12;36;0x00;37;ORANGE;False
1787576568.178377;15.18952209500003;BLE Sniffer;iBeacon;2,4 GHz BLE;54:0d:73:47:4a:1a;-68.0;;;;-68.0;1.584893192461111e-10;0.000368;5.832406948256888e-14;1.922389299609138e-12;36;0x00;38;ORANGE;False
1787576568.1784773;15.18962116900002;BLE Sniffer;iBeacon;2,4 GHz BLE;54:0d:73:47:4a:1a;-72.0;;;;-72.0;6.309573444801942e-11;0.000368;2.3219230276871148e-14;1.945608529886009e-12;36;0x00;39;VERT;False
1787576568.2232344;15.234171339000113;Simulation RF;Détection RF large bande;868 MHz;868 MHz;;2421;1.950816910275047;-34.03267641100187;-67.03267641100187;1.9803062534625468e-10;0.1;1.980306253462547e-11;3.2813906519930067e-09;;;;ORANGE;True
1787576568.223465;15.234171339000113;Simulation RF;Détection RF large bande;2,45 GHz;2,45 GHz;;2717;2.1897837840230383;-43.591351360921536;-60.29135136092154;9.351146563977773e-10;0.1;9.351146563977773e-11;8.93790784075004e-09;;;;ORANGE;True
1787576568.2340066;15.245151480000004;Wi-Fi;Wi-Fi;2,4/5 GHz;wlan0;-37.0;;;;-37.0;1.9952623149688787e-07;0.1;1.995262314968879e-08;7.215518178282002e-06;;;;ROUGE;False
1787576568.3232877;15.33425074600018;Simulation RF;Détection RF large bande;868 MHz;868 MHz;;2440;1.9662201410784648;-34.64880564313859;-67.64880564313859;1.71838089553931e-10;0.1;1.71838089553931e-11;3.2985744609484e-09;;;;ORANGE;True
1787576568.3234355;15.33425074600018;Simulation RF;Détection RF large bande;2,45 GHz;2,45 GHz;;2721;2.1924780987246284;-43.69912394898513;-60.399123948985135;9.121948270977068e-10;0.1;9.121948270977068e-11;9.02912732345981e-09;;;;ORANGE;True
1787576568.3317454;15.342890251999961;Wi-Fi;Wi-Fi;2,4/5 GHz;wlan0;-37.0;;;;-37.0;1.9952623149688787e-07;0.1;1.995262314968879e-08;7.235470801431691e-06;;;;ROUGE;False
1787576568.3858383;15.396982755999943;BLE Sniffer;Appareil BLE;2,4 GHz BLE;58:c1:c4:db:10:60;-69.0;;;;-69.0;1.2589254117941662e-10;0.000352;4.4314174495154645e-14;3.4744894218265787e-12;34;0x00;37;ORANGE;False
1787576568.3877122;15.398857301000135;BLE Sniffer;Appareil BLE;2,4 GHz BLE;58:c1:c4:db:10:60;-68.0;;;;-68.0;1.584893192461111e-10;0.000352;5.57882403746311e-14;3.5302776622012097e-12;34;0x00;38;ORANGE;False
1787576568.3877857;15.3989291339999;BLE Sniffer;Appareil BLE;2,4 GHz BLE;58:c1:c4:db:10:60;-72.0;;;;-72.0;6.309573444801942e-11;0.000352;2.2209698525702838e-14;3.5524873607269125e-12;34;0x00;39;VERT;False
1787576568.423375;15.434334209000099;Simulation RF;Détection RF large bande;868 MHz;868 MHz;;2433;1.9605297574410885;-34.421190297643534;-67.42119029764353;1.8108437155063848e-10;0.1;1.8108437155063848e-11;3.3166828981034637e-09;;;;ORANGE;True
1787576568.4236906;15.434334209000099;Simulation RF;Détection RF large bande;2,45 GHz;2,45 GHz;;2770;2.23263595507509;-45.30543820300359;-62.005438203003585;6.301677588747334e-10;0.1;6.301677588747334e-11;9.092144099347284e-09;;;;ORANGE;True
1787576568.4321928;15.44333728699985;Wi-Fi;Wi-Fi;2,4/5 GHz;wlan0;-37.0;;;;-37.0;1.9952623149688787e-07;0.1;1.995262314968879e-08;7.25542342458138e-06;;;;ROUGE;False
1787576568.4983125;15.509460795999985;BLE Sniffer;iBeacon;2,4 GHz BLE;54:0d:73:47:4a:1a;-68.0;;;;-68.0;1.584893192461111e-10;0.000368;5.832406948256888e-14;2.003932599368578e-12;36;0x00;37;ORANGE;False
1787576568.4984958;15.509639905999848;BLE Sniffer;iBeacon;2,4 GHz BLE;54:0d:73:47:4a:1a;-68.0;;;;-68.0;1.584893192461111e-10;0.000368;5.832406948256888e-14;2.0622566688511467e-12;36;0x00;38;ORANGE;False
1787576568.5024178;15.513566254000125;BLE Sniffer;iBeacon;2,4 GHz BLE;54:0d:73:47:4a:1a;-72.0;;;;-72.0;6.309573444801942e-11;0.000368;2.3219230276871148e-14;2.0854758991280177e-12;36;0x00;39;VERT;False
1787576568.5234606;15.534416985999997;Simulation RF;Détection RF large bande;868 MHz;868 MHz;;2425;1.9544638639555192;-34.17855455822077;-67.17855455822077;1.914893143800337e-10;0.1;1.914893143800337e-11;3.335831829541467e-09;;;;ORANGE;True
1787576568.5236151;15.534416985999997;Simulation RF;Détection RF large bande;2,45 GHz;2,45 GHz;;2731;2.2011187621799833;-44.04475048719932;-60.74475048719932;8.424127887229787e-10;0.1;8.424127887229787e-11;9.176385378219583e-09;;;;ORANGE;True
1787576568.5321684;15.543313101999956;Wi-Fi;Wi-Fi;2,4/5 GHz;wlan0;-37.0;;;;-37.0;1.9952623149688787e-07;0.1;1.995262314968879e-08;7.275376047731069e-06;;;;ROUGE;False
1787576568.623504;15.63448678199984;Simulation RF;Détection RF large bande;868 MHz;868 MHz;;2458;1.980601615059805;-35.22406460239219;-68.22406460239219;1.505197678273051e-10;0.1;1.505197678273051e-11;3.3508838063241977e-09;;;;ORANGE;True
1787576568.6236408;15.63448678199984;Simulation RF;Détection RF large bande;2,45 GHz;2,45 GHz;;2775;2.2360785674639136;-45.44314269855654;-62.14314269855654;6.105000869631947e-10;0.1;6.105000869631947e-11;9.237435386915902e-09;;;;ORANGE;True
1787576568.632098;15.64324249099991;Wi-Fi;Wi-Fi;2,4/5 GHz;wlan0;-37.0;;;;-37.0;1.9952623149688787e-07;0.1;1.995262314968879e-08;7.295328670880758e-06;;;;ROUGE;False
1787576568.7072065;15.7183517819999;BLE Sniffer;Appareil BLE;2,4 GHz BLE;58:c1:c4:db:10:60;-69.0;;;;-69.0;1.2589254117941662e-10;0.000352;4.4314174495154645e-14;3.5968015352220672e-12;34;0x00;37;ORANGE;False
1787576568.7092154;15.720360270000128;BLE Sniffer;Appareil BLE;2,4 GHz BLE;58:c1:c4:db:10:60;-68.0;;;;-68.0;1.584893192461111e-10;0.000352;5.57882403746311e-14;3.652589775596698e-12;34;0x00;38;ORANGE;False
1787576568.7092905;15.720434047999788;BLE Sniffer;Appareil BLE;2,4 GHz BLE;58:c1:c4:db:10:60;-71.0;;;;-71.0;7.943282347242822e-11;0.000352;2.796035386229473e-14;3.680550129458993e-12;34;0x00;39;VERT;False
1787576568.7093325;15.72047578799993;BLE Sniffer;iBeacon;2,4 GHz BLE;54:0d:73:47:4a:1a;-68.0;;;;-68.0;1.584893192461111e-10;0.000368;5.832406948256888e-14;2.1437999686105865e-12;36;0x00;37;ORANGE;False
1787576568.7236063;15.734559763000107;Simulation RF;Détection RF large bande;868 MHz;868 MHz;;2494;2.009747045736838;-36.38988182947351;-69.38988182947351;1.15083170238351e-10;0.1;1.15083170238351e-11;3.362392123348033e-09;;;;ORANGE;True
1787576568.7238288;15.734559763000107;Simulation RF;Détection RF large bande;2,45 GHz;2,45 GHz;;2774;2.235145307301566;-45.40581229206265;-62.10581229206265;6.157703464074782e-10;0.1;6.157703464074783e-11;9.29901242155665e-09;;;;ORANGE;True
1787576568.7326202;15.743764025000019;Wi-Fi;Wi-Fi;2,4/5 GHz;wlan0;-37.0;;;;-37.0;1.9952623149688787e-07;0.1;1.995262314968879e-08;7.315281294030447e-06;;;;ROUGE;False
1787576568.811538;15.82268375700005;BLE Sniffer;iBeacon;2,4 GHz BLE;54:0d:73:47:4a:1a;-68.0;;;;-68.0;1.584893192461111e-10;0.000368;5.832406948256888e-14;2.2021240380931554e-12;36;0x00;38;ORANGE;False
1787576568.8129056;15.824050063999948;BLE Sniffer;iBeacon;2,4 GHz BLE;54:0d:73:47:4a:1a;-72.0;;;;-72.0;6.309573444801942e-11;0.000368;2.3219230276871148e-14;2.2253432683700264e-12;36;0x00;39;VERT;False
1787576568.8236415;15.834637095999824;Simulation RF;Détection RF large bande;868 MHz;868 MHz;;2441;1.9674488865513085;-34.697955462052334;-67.69795546205233;1.6990433266815527e-10;0.1;1.6990433266815526e-11;3.3793825566148483e-09;;;;ORANGE;True
1787576568.8237855;15.834637095999824;Simulation RF;Détection RF large bande;2,45 GHz;2,45 GHz;;2754;2.2189569952343002;-44.75827980937201;-61.458279809372016;7.147793859294709e-10;0.1;7.14779385929471e-11;9.370490360149596e-09;;;;ORANGE;True
1787576568.8521218;15.86326761700002;Wi-Fi;Wi-Fi;2,4/5 GHz;wlan0;-38.0;;;;-38.0;1.584893192461114e-07;0.1;1.5848931924611143e-08;7.331130225955058e-06;;;;ROUGE;False
1787576568.9166436;15.927788319999763;Simulation LoRa;LoRa;868 MHz;LoRa 868.100 MHz;-87.78617176351506;;;;-87.78617176351506;1.6648795684880209e-12;0.046335999999999995;7.714385968546092e-14;9.18411850431062e-13;13;"SNR=6.30;SF=7;BW=125.0;CR=4/5;F=868.100;CRC=OK;PAYLOAD=54454d504f5f4c4f52415f3135";7;VERT;True
1787576568.9167285;15.927872152999953;BLE Sniffer;Appareil BLE;2,4 GHz BLE;58:c1:c4:db:10:60;-69.0;;;;-69.0;1.2589254117941662e-10;0.000352;4.4314174495154645e-14;3.7248643039541475e-12;34;0x00;37;ORANGE;False
1787576568.9237292;15.934719224999753;Simulation RF;Détection RF large bande;868 MHz;868 MHz;;2476;1.9956863903912039;-35.82745561564815;-68.82745561564815;1.3099491530947174e-10;0.1;1.3099491530947175e-11;3.3924820481457953e-09;;;;ORANGE;True
1787576568.9239135;15.934719224999753;Simulation RF;Détection RF large bande;2,45 GHz;2,45 GHz;;2719;2.191275236652858;-43.65100946611432;-60.35100946611431;9.223570112674871e-10;0.1;9.223570112674872e-11;9.462726061276344e-09;;;;ORANGE;True
1787576568.932918;15.944062208000105;Wi-Fi;Wi-Fi;2,4/5 GHz;wlan0;-38.0;;;;-38.0;1.584893192461114e-07;0.1;1.5848931924611143e-08;7.34697915787967e-06;;;;ROUGE;False
1787576569.0193517;16.030496600999868;BLE Sniffer;Appareil BLE;2,4 GHz BLE;58:c1:c4:db:10:60;-68.0;;;;-68.0;1.584893192461111e-10;0.000352;5.57882403746311e-14;3.7806525443287785e-12;34;0x00;38;ORANGE;False
1787576569.0199769;16.031120986000133;BLE Sniffer;Appareil BLE;2,4 GHz BLE;58:c1:c4:db:10:60;-72.0;;;;-72.0;6.309573444801942e-11;0.000352;2.2209698525702838e-14;3.802862242854481e-12;34;0x00;39;VERT;False
1787576569.020039;16.031182503999844;BLE Sniffer;iBeacon;2,4 GHz BLE;54:0d:73:47:4a:1a;-70.0;;;;-70.0;1e-10;0.000368;3.68e-14;2.2621432683700264e-12;36;0x00;37;ORANGE;False
1787576569.0200782;16.03122135600006;BLE Sniffer;iBeacon;2,4 GHz BLE;54:0d:73:47:4a:1a;-69.0;;;;-69.0;1.2589254117941662e-10;0.000368;4.6328455154025316e-14;2.3084717235240516e-12;36;0x00;38;ORANGE;False
1787576569.0237756;16.034802947000117;Simulation RF;Détection RF large bande;868 MHz;868 MHz;;2411;1.943188803082169;-33.727552123286756;-66.72755212328676;2.1244415542777402e-10;0.1;2.1244415542777402e-11;3.4137264636885728e-09;;;;ORANGE;True
1787576569.023941;16.034802947000117;Simulation RF;Détection RF large bande;2,45 GHz;2,45 GHz;;2716;2.1888243148311126;-43.552972593244505;-60.25297259324451;9.434149208549329e-10;0.1;9.434149208549329e-11;9.557067553361837e-09;;;;ORANGE;True
1787576569.0327997;16.043943987000148;Wi-Fi;Wi-Fi;2,4/5 GHz;wlan0;-38.0;;;;-38.0;1.584893192461114e-07;0.1;1.5848931924611143e-08;7.362828089804281e-06;;;;ROUGE;False
1787576569.1238892;16.135034722;BLE Sniffer;iBeacon;2,4 GHz BLE;54:0d:73:47:4a:1a;-71.0;;;;-71.0;7.943282347242822e-11;0.000368;2.923127903785358e-14;2.3377030025619053e-12;36;0x00;39;VERT;False
1787576569.125655;16.135311830999854;Simulation RF;Détection RF large bande;868 MHz;868 MHz;;2441;1.967487517798749;-34.69950071194995;-67.69950071194995;1.698438902813577e-10;0.1;1.698438902813577e-11;3.4307108527167084e-09;;;;ORANGE;True
1787576569.1258168;16.135311830999854;Simulation RF;Détection RF large bande;2,45 GHz;2,45 GHz;;2772;2.234188788067562;-45.36755152270247;-62.06755152270247;6.212191681612153e-10;0.1;6.212191681612154e-11;9.61918947017796e-09;;;;ORANGE;True
1787576569.1343129;16.14545740299991;Wi-Fi;Wi-Fi;2,4/5 GHz;wlan0;-38.0;;;;-38.0;1.584893192461114e-07;0.1;1.5848931924611143e-08;7.378677021728893e-06;;;;ROUGE;False
1787576569.2245035;16.235413292999965;Simulation RF;Détection RF large bande;868 MHz;868 MHz;;2501;2.0157618085150504;-36.63047234060201;-69.63047234060201;1.0888116672543458e-10;0.1;1.088811667254346e-11;3.441598969389252e-09;;;;ORANGE;True
1787576569.2247448;16.235413292999965;Simulation RF;Détection RF large bande;2,45 GHz;2,45 GHz;;2799;2.2557215305973553;-46.228861223894214;-62.928861223894216;5.094644416873239e-10;0.1;5.094644416873239e-11;9.670135914346692e-09;;;;ORANGE;True
1787576569.2299666;16.241112390000126;BLE Sniffer;Appareil BLE;2,4 GHz BLE;58:c1:c4:db:10:60;-77.0;;;;-77.0;1.9952623149688828e-11;0.000352;7.023323348690467e-15;3.809885566203172e-12;34;0x00;37;VERT;False
1787576569.2315402;16.242685676999827;BLE Sniffer;Appareil BLE;2,4 GHz BLE;58:c1:c4:db:10:60;-72.0;;;;-72.0;6.309573444801942e-11;0.000352;2.2209698525702838e-14;3.832095264728875e-12;34;0x00;38;VERT;False
1787576569.2343795;16.245523567999953;Wi-Fi;Wi-Fi;2,4/5 GHz;wlan0;-37.0;;;;-37.0;1.9952623149688787e-07;0.1;1.995262314968879e-08;7.398629644878582e-06;;;;ROUGE;False
1787576569.324702;16.335519791000024;Simulation RF;Détection RF large bande;868 MHz;868 MHz;;2409;1.9414527217603768;-33.65810887041506;-66.65810887041506;2.1586842007061586e-10;0.1;2.158684200706159e-11;3.4631858113963136e-09;;;;ORANGE;True
1787576569.324934;16.335519791000024;Simulation RF;Détection RF large bande;2,45 GHz;2,45 GHz;;2778;2.238845556283119;-45.55382225132476;-62.25382225132476;5.951381283949542e-10;0.1;5.951381283949542e-11;9.729649727186187e-09;;;;ORANGE;True
1787576569.3344944;16.345639992000088;BLE Sniffer;Appareil BLE;2,4 GHz BLE;58:c1:c4:db:10:60;-68.0;;;;-68.0;1.584893192461111e-10;0.000352;5.57882403746311e-14;3.887883505103506e-12;34;0x00;39;ORANGE;False
1787576569.3345757;16.34571906600013;BLE Sniffer;iBeacon;2,4 GHz BLE;54:0d:73:47:4a:1a;-78.0;;;;-78.0;1.5848931924611107e-11;0.000368;5.832406948256887e-15;2.3435354095101622e-12;36;0x00;37;VERT;False
1787576569.334619;16.345762621000176;BLE Sniffer;iBeacon;2,4 GHz BLE;54:0d:71:47:4a:1a;-74.0;;;;-74.0;3.9810717055349695e-11;0.000368;1.4650343876368688e-14;1.4650343876368688e-14;36;0x00;38;VERT;False
1787576569.3360417;16.347186704999785;BLE Sniffer;iBeacon;2,4 GHz BLE;54:0d:73:47:4a:1a;-68.0;;;;-68.0;1.584893192461111e-10;0.000368;5.832406948256888e-14;2.401859478992731e-12;36;0x00;39;ORANGE;False
1787576569.3384514;16.34959739499982;Wi-Fi;Wi-Fi;2,4/5 GHz;wlan0;-37.0;;;;-37.0;1.9952623149688787e-07;0.1;1.995262314968879e-08;7.418582268028271e-06;;;;ROUGE;False
1787576569.424889;16.435646344999896;Simulation RF;Détection RF large bande;868 MHz;868 MHz;;2520;2.030862180307161;-37.23448721228644;-70.23448721228644;9.474390455665266e-11;0.1;9.474390455665267e-12;3.4726602018519787e-09;;;;VERT;True
1787576569.4252584;16.435646344999896;Simulation RF;Détection RF large bande;2,45 GHz;2,45 GHz;;2727;2.197443488152869;-43.89773952611476;-60.597739526114765;8.714170387085342e-10;0.1;8.714170387085343e-11;9.81679143105704e-09;;;;ORANGE;True
1787576569.4379852;16.449137748999874;Wi-Fi;Wi-Fi;2,4/5 GHz;wlan0;-37.0;;;;-37.0;1.9952623149688787e-07;0.1;1.995262314968879e-08;7.4385348911779596e-06;;;;ROUGE;False
1787576569.524936;16.535769157999766;Simulation RF;Détection RF large bande;868 MHz;868 MHz;;2530;2.0388265457995702;-37.5530618319828;-70.5530618319828;8.804279411233365e-11;0.1;8.804279411233365e-12;3.481464481263212e-09;;;;VERT;True
1787576569.5251663;16.535769157999766;Simulation RF;Détection RF large bande;2,45 GHz;2,45 GHz;;2773;2.234529100677882;-45.381164027115275;-62.08116402711528;6.192750702997452e-10;0.1;6.192750702997453e-11;9.878718938087014e-09;;;;ORANGE;True
1787576569.5339577;16.545101844999863;Wi-Fi;Wi-Fi;2,4/5 GHz;wlan0;-37.0;;;;-37.0;1.9952623149688787e-07;0.1;1.995262314968879e-08;7.4584875143276485e-06;;;;ROUGE;False
1787576569.5441506;16.555295804999787;BLE Sniffer;Appareil BLE;2,4 GHz BLE;58:c1:c4:db:10:60;-70.0;;;;-70.0;1e-10;0.000352;3.52e-14;3.9230835051035055e-12;34;0x00;37;ORANGE;False
1787576569.5442243;16.55536767500007;BLE Sniffer;Appareil BLE;2,4 GHz BLE;58:c1:c4:db:10:60;-72.0;;;;-72.0;6.309573444801942e-11;0.000352;2.2209698525702838e-14;3.945293203629208e-12;34;0x00;38;VERT;False
1787576569.5462759;16.55742086700002;BLE Sniffer;Appareil BLE;2,4 GHz BLE;58:c1:c4:db:10:60;-71.0;;;;-71.0;7.943282347242822e-11;0.000352;2.796035386229473e-14;3.973253557491503e-12;34;0x00;39;VERT;False
1787576569.6248844;16.635846878999928;Simulation RF;Détection RF large bande;868 MHz;868 MHz;;2387;1.9235501858029675;-32.9420074321187;-65.9420074321187;2.545653307527428e-10;0.1;2.545653307527428e-11;3.5069210143384865e-09;;;;ORANGE;True
1787576569.6251366;16.635846878999928;Simulation RF;Détection RF large bande;2,45 GHz;2,45 GHz;;2806;2.2613562846086492;-46.454251384345966;-63.15425138434597;4.836986347287427e-10;0.1;4.836986347287427e-11;9.927088801559888e-09;;;;ORANGE;True
1787576569.6338186;16.64496271500002;Wi-Fi;Wi-Fi;2,4/5 GHz;wlan0;-37.0;;;;-37.0;1.9952623149688787e-07;0.1;1.995262314968879e-08;7.4784401374773374e-06;;;;ROUGE;False
1787576569.6483998;16.65954424199981;BLE Sniffer;iBeacon;2,4 GHz BLE;54:0d:73:47:4a:1a;-70.0;;;;-70.0;1e-10;0.000368;3.68e-14;2.438659478992731e-12;36;0x00;37;ORANGE;False
1787576569.64847;16.65961340900003;BLE Sniffer;iBeacon;2,4 GHz BLE;54:0d:73:47:4a:1a;-74.0;;;;-74.0;3.9810717055349695e-11;0.000368;1.4650343876368688e-14;2.4533098228690996e-12;36;0x00;38;VERT;False
1787576569.64979;16.660934344999987;BLE Sniffer;iBeacon;2,4 GHz BLE;54:0d:73:47:4a:1a;-70.0;;;;-70.0;1e-10;0.000368;3.68e-14;2.4901098228690996e-12;36;0x00;39;ORANGE;False
1787576569.7251387;16.735960377000083;Simulation RF;Détection RF large bande;868 MHz;868 MHz;;2536;2.0436079929816273;-37.74431971926509;-70.74431971926509;8.424963500919046e-11;0.1;8.424963500919047e-12;3.5153459778394056e-09;;;;VERT;True
1787576569.7253506;16.735960377000083;Simulation RF;Détection RF large bande;2,45 GHz;2,45 GHz;;2716;2.1890526512288218;-43.562106049152874;-60.26210604915287;9.414329513265496e-10;0.1;9.414329513265496e-11;1.0021232096692542e-08;;;;ORANGE;True
1787576569.7342138;16.74535832299989;Wi-Fi;Wi-Fi;2,4/5 GHz;wlan0;-37.0;;;;-37.0;1.9952623149688787e-07;0.1;1.995262314968879e-08;7.498392760627026e-06;;;;ROUGE;False
1787576569.8250706;16.83603618999996;Simulation RF;Détection RF large bande;868 MHz;868 MHz;;2486;2.002972650276172;-36.11890601104689;-69.11890601104689;1.2249247192673228e-10;0.1;1.224924719267323e-11;3.5275952250320787e-09;;;;ORANGE;True
1787576569.8252099;16.83603618999996;Simulation RF;Détection RF large bande;2,45 GHz;2,45 GHz;;2769;2.2313062449565026;-45.252249798260095;-61.9522497982601;6.379329288694703e-10;0.1;6.379329288694704e-11;1.0085025389579488e-08;;;;ORANGE;True
1787576569.8336418;16.84478630700005;Wi-Fi;Wi-Fi;2,4/5 GHz;wlan0;-38.0;;;;-38.0;1.584893192461114e-07;0.1;1.5848931924611143e-08;7.514241692551638e-06;;;;ROUGE;False
1787576569.8547947;16.865939574000095;BLE Sniffer;Appareil BLE;2,4 GHz BLE;58:c1:c4:db:10:60;-74.0;;;;-74.0;3.9810717055349695e-11;0.000352;1.4013372403483093e-14;3.987266929894986e-12;34;0x00;37;VERT;False
1787576569.854868;16.866011333000188;BLE Sniffer;Appareil BLE;2,4 GHz BLE;58:c1:c4:db:10:60;-76.0;;;;-76.0;2.5118864315095823e-11;0.000352;8.841840238913729e-15;3.9961087701339e-12;34;0x00;38;VERT;False
1787576569.85685;16.86799489499981;BLE Sniffer;Appareil BLE;2,4 GHz BLE;58:c1:c4:db:10:60;-70.0;;;;-70.0;1e-10;0.000352;3.52e-14;4.0313087701339e-12;34;0x00;39;ORANGE;False
1787576569.925337;16.936150558999998;Simulation RF;Détection RF large bande;868 MHz;868 MHz;;2488;2.0046682802919307;-36.18673121167723;-69.18673121167723;1.2059432717622948e-10;0.1;1.2059432717622948e-11;3.539654657749702e-09;;;;ORANGE;True
1787576569.92556;16.936150558999998;Simulation RF;Détection RF large bande;2,45 GHz;2,45 GHz;;2712;2.185758582146406;-43.43034328585624;-60.130343285856235;9.70433256812362e-10;0.1;9.704332568123621e-11;1.0182068715260725e-08;;;;ORANGE;True
1787576569.9343147;16.945459652999944;Wi-Fi;Wi-Fi;2,4/5 GHz;wlan0;-38.0;;;;-38.0;1.584893192461114e-07;0.1;1.5848931924611143e-08;7.530090624476249e-06;;;;ROUGE;False
1787576569.958996;16.970143825999912;BLE Sniffer;iBeacon;2,4 GHz BLE;54:0d:73:47:4a:1a;-75.0;;;;-75.0;3.1622776601683794e-11;0.000368;1.1637181789419636e-14;2.5017470046585195e-12;36;0x00;37;VERT;False
1787576569.9591887;16.97033286199985;Simulation LoRa;LoRa;868 MHz;LoRa 868.100 MHz;-89.28803562618937;;;;-89.28803562618937;1.178138741416382e-12;0.046335999999999995;5.4590236722269476e-14;9.730020871533315e-13;13;"SNR=6.95;SF=7;BW=125.0;CR=4/5;F=868.100;CRC=OK;PAYLOAD=54454d504f5f4c4f52415f3136";7;VERT;True
1787576570.0252502;17.036235853000107;Simulation RF;Détection RF large bande;868 MHz;868 MHz;;2456;1.9795926203501297;-35.18370481400518;-68.18370481400518;1.5192509570389643e-10;0.1;1.5192509570389644e-11;3.5548471673200916e-09;;;;ORANGE;True
1787576570.025401;17.036235853000107;Simulation RF;Détection RF large bande;2,45 GHz;2,45 GHz;;2692;2.1697483569144196;-42.78993427657677;-59.489934276576776;1.124621993167266e-09;0.1;1.124621993167266e-10;1.0294530914577452e-08;;;;ORANGE;True
1787576570.0339277;17.04507269099986;Wi-Fi;Wi-Fi;2,4/5 GHz;wlan0;-37.0;;;;-37.0;1.9952623149688787e-07;0.1;1.995262314968879e-08;7.550043247625938e-06;;;;ROUGE;False
1787576570.0647886;17.075933753999834;BLE Sniffer;Appareil BLE;2,4 GHz BLE;58:c1:c4:db:10:60;-76.0;;;;-76.0;2.5118864315095823e-11;0.000352;8.841840238913729e-15;4.040150610372814e-12;34;0x00;38;VERT;False
1787576570.1253583;17.136324053999942;Simulation RF;Détection RF large bande;868 MHz;868 MHz;;2525;2.0351029982160678;-37.4041199286427;-70.4041199286427;9.111460717698636e-11;0.1;9.111460717698636e-12;3.5639586280377903e-09;;;;VERT;True
1787576570.1255524;17.136324053999942;Simulation RF;Détection RF large bande;2,45 GHz;2,45 GHz;;2757;2.2221115239348435;-44.88446095739374;-61.58446095739374;6.943107736271694e-10;0.1;6.943107736271694e-11;1.036396199194017e-08;;;;ORANGE;True
1787576570.1363916;17.14753663800002;Wi-Fi;Wi-Fi;2,4/5 GHz;wlan0;-37.0;;;;-37.0;1.9952623149688787e-07;0.1;1.995262314968879e-08;7.569995870775627e-06;;;;ROUGE;False
1787576570.1658702;17.177015579;BLE Sniffer;Appareil BLE;2,4 GHz BLE;58:c1:c4:db:10:60;-66.0;;;;-66.0;2.511886431509582e-10;0.000352;8.841840238913729e-14;4.128569012761951e-12;34;0x00;39;ORANGE;False
1787576570.1659467;17.177090042000145;BLE Sniffer;iBeacon;2,4 GHz BLE;54:0d:73:47:4a:1a;-72.0;;;;-72.0;6.309573444801942e-11;0.000368;2.3219230276871148e-14;2.5249662349353905e-12;36;0x00;37;VERT;False
1787576570.2254214;17.23641108899983;Simulation RF;Détection RF large bande;868 MHz;868 MHz;;2559;2.0621090856396136;-38.48436342558455;-71.48436342558455;7.104993049972872e-11;0.1;7.104993049972873e-12;3.571063621087763e-09;;;;VERT;True
1787576570.2255685;17.23641108899983;Simulation RF;Détection RF large bande;2,45 GHz;2,45 GHz;;2743;2.210479823098401;-44.41919292393604;-61.11919292393604;7.728241904095412e-10;0.1;7.728241904095412e-11;1.0441244410981123e-08;;;;ORANGE;True
1787576570.234129;17.245273129999987;Wi-Fi;Wi-Fi;2,4/5 GHz;wlan0;-36.0;;;;-36.0;2.5118864315095823e-07;0.1;2.5118864315095824e-08;7.595114735090723e-06;;;;ROUGE;False
1787576570.3272934;17.336515123000027;Simulation RF;Détection RF large bande;868 MHz;868 MHz;;2510;2.022503526517026;-36.90014106068104;-69.90014106068104;1.0232597558321648e-10;0.1;1.0232597558321649e-11;3.5812962186460846e-09;;;;ORANGE;True
1787576570.3275783;17.336515123000027;Simulation RF;Détection RF large bande;2,45 GHz;2,45 GHz;;2772;2.234219820123201;-45.368792804928034;-62.06879280492804;6.210416392823621e-10;0.1;6.210416392823621e-11;1.0503348574909359e-08;;;;ORANGE;True
1787576570.3369296;17.348074148999785;Wi-Fi;Wi-Fi;2,4/5 GHz;wlan0;-36.0;;;;-36.0;2.5118864315095823e-07;0.1;2.5118864315095824e-08;7.620233599405819e-06;;;;ROUGE;False
1787576570.4255881;17.436592008999924;Simulation RF;Détection RF large bande;868 MHz;868 MHz;;2527;2.036392112104261;-37.45568448417045;-70.45568448417045;9.003918423351634e-11;0.1;9.003918423351635e-12;3.590300137069436e-09;;;;VERT;True
1787576570.4257338;17.436592008999924;Simulation RF;Détection RF large bande;2,45 GHz;2,45 GHz;;2788;2.2467453733871134;-45.86981493548453;-62.56981493548453;5.533736894489723e-10;0.1;5.5337368944897234e-11;1.0558685943854257e-08;;;;ORANGE;True
1787576570.434314;17.44545819899986;Wi-Fi;Wi-Fi;2,4/5 GHz;wlan0;-35.0;;;;-35.0;3.162277660168379e-07;0.1;3.162277660168379e-08;7.651856376007504e-06;;;;ROUGE;False
1787576570.5256867;17.536675322000065;Simulation RF;Détection RF large bande;868 MHz;868 MHz;;2544;2.0502999802675776;-38.01199921070311;-71.01199921070311;7.921365981175853e-11;0.1;7.921365981175853e-12;3.598221503050612e-09;;;;VERT;True
1787576570.5258296;17.536675322000065;Simulation RF;Détection RF large bande;2,45 GHz;2,45 GHz;;2726;2.1966772906080747;-43.86709162432298;-60.567091624322984;8.775883262146477e-10;0.1;8.775883262146478e-11;1.0646444776475722e-08;;;;ORANGE;True
1787576570.53464;17.545784362000177;Wi-Fi;Wi-Fi;2,4/5 GHz;wlan0;-35.0;;;;-35.0;3.162277660168379e-07;0.1;3.162277660168379e-08;7.683479152609187e-06;;;;ROUGE;False
1787576570.625781;17.636752189000163;Simulation RF;Détection RF large bande;868 MHz;868 MHz;;2529;2.0378499928969247;-37.51399971587699;-70.51399971587699;8.883825685225525e-11;0.1;8.883825685225526e-12;3.6071053287358377e-09;;;;VERT;True
1787576570.625914;17.636752189000163;Simulation RF;Détection RF large bande;2,45 GHz;2,45 GHz;;2775;2.236149882500891;-45.44599530003565;-62.14599530003564;6.100992203382083e-10;0.1;6.100992203382084e-11;1.0707454698509544e-08;;;;ORANGE;True
1787576570.6344097;17.64555400900008;Wi-Fi;Wi-Fi;2,4/5 GHz;wlan0;-32.0;;;;-32.0;6.30957344480193e-07;0.1;6.30957344480193e-08;7.746574887057206e-06;;;;ROUGE;False
1787576570.6794853;17.690630360999876;BLE Sniffer;Appareil BLE;2,4 GHz BLE;58:c1:c4:db:10:60;-60.0;;;;-60.0;1e-09;0.000352;3.52e-13;4.480569012761951e-12;34;0x00;38;ORANGE;False
1787576570.6814792;17.69262518200003;BLE Sniffer;Appareil BLE;2,4 GHz BLE;58:c1:c4:db:10:60;-59.0;;;;-59.0;1.2589254117941663e-09;0.000352;4.431417449515465e-13;4.923710757713497e-12;34;0x00;39;ORANGE;False
1787576570.7258554;17.736828391000017;Simulation RF;Détection RF large bande;868 MHz;868 MHz;;2571;2.0720055688899346;-38.88022275559739;-71.88022275559739;6.486011650515506e-11;0.1;6.486011650515506e-12;3.6135913403863532e-09;;;;VERT;True
1787576570.725993;17.736828391000017;Simulation RF;Détection RF large bande;2,45 GHz;2,45 GHz;;2773;2.234676669190401;-45.38706676761605;-62.087066767616044;6.184339504669149e-10;0.1;6.18433950466915e-11;1.0769298093556234e-08;;;;ORANGE;True
1787576570.7374043;17.748548934000155;Wi-Fi;Wi-Fi;2,4/5 GHz;wlan0;-32.0;;;;-32.0;6.30957344480193e-07;0.1;6.30957344480193e-08;7.809670621505225e-06;;;;ROUGE;False
1787576570.7830126;17.794157708000057;BLE Sniffer;iBeacon;2,4 GHz BLE;54:0d:73:47:4a:1a;-66.0;;;;-66.0;2.511886431509582e-10;0.000368;9.243742067955262e-14;2.617403655614943e-12;36;0x00;37;ORANGE;False
1787576570.7830937;17.79423720800014;BLE Sniffer;iBeacon;2,4 GHz BLE;54:0d:73:47:4a:1a;-62.0;;;;-62.0;6.309573444801942e-10;0.000368;2.321923027687115e-13;2.8495959583836544e-12;36;0x00;38;ORANGE;False
1787576570.7852213;17.796366474000024;BLE Sniffer;iBeacon;2,4 GHz BLE;54:0d:73:47:4a:1a;-61.0;;;;-61.0;7.943282347242822e-10;0.000368;2.9231279037853586e-13;3.1419087487621904e-12;36;0x00;39;ORANGE;False
1787576570.8259277;17.83692416599979;Simulation RF;Détection RF large bande;868 MHz;868 MHz;;2542;2.0481052470601457;-37.92420988240583;-70.92420988240583;8.083119729837592e-11;0.1;8.083119729837593e-12;3.6216744601161907e-09;;;;VERT;True
1787576570.8260756;17.83692416599979;Simulation RF;Détection RF large bande;2,45 GHz;2,45 GHz;;2787;2.2455878599145502;-45.82351439658201;-62.52351439658201;5.593048178320868e-10;0.1;5.593048178320868e-11;1.0825228575339442e-08;;;;ORANGE;True
1787576570.8345895;17.845733726000162;Wi-Fi;Wi-Fi;2,4/5 GHz;wlan0;-32.0;;;;-32.0;6.30957344480193e-07;0.1;6.30957344480193e-08;7.872766355953244e-06;;;;ROUGE;False
1787576570.8893685;17.900513947000036;Simulation LoRa;LoRa;868 MHz;LoRa 868.100 MHz;-91.03509373514432;;;;-91.03509373514432;7.87935425009643e-13;0.046335999999999995;3.6509775853246814e-14;1.0095118630065783e-12;13;"SNR=8.22;SF=7;BW=125.0;CR=4/5;F=868.100;CRC=OK;PAYLOAD=54454d504f5f4c4f52415f3137";7;VERT;True
1787576570.9260242;17.937005625999973;Simulation RF;Détection RF large bande;868 MHz;868 MHz;;2523;2.032949427986203;-37.3179771194481;-70.3179771194481;9.293991866041802e-11;0.1;9.293991866041803e-12;3.6309684519822327e-09;;;;VERT;True
1787576570.9261796;17.937005625999973;Simulation RF;Détection RF large bande;2,45 GHz;2,45 GHz;;2696;2.172660600311138;-42.90642401244553;-59.60642401244553;1.0948575026021747e-09;0.1;1.0948575026021747e-10;1.093471432559966e-08;;;;ORANGE;True
1787576570.9359086;17.947053790000155;Wi-Fi;Wi-Fi;2,4/5 GHz;wlan0;-32.0;;;;-32.0;6.30957344480193e-07;0.1;6.30957344480193e-08;7.935862090401262e-06;;;;ROUGE;False
1787576570.9904318;18.001576643000135;BLE Sniffer;Appareil BLE;2,4 GHz BLE;58:c1:c4:db:10:60;-59.0;;;;-59.0;1.2589254117941663e-09;0.000352;4.431417449515465e-13;5.366852502665043e-12;34;0x00;37;ORANGE;False
1787576570.9921124;18.00325755899985;BLE Sniffer;Appareil BLE;2,4 GHz BLE;58:c1:c4:db:10:60;-57.0;;;;-57.0;1.9952623149688828e-09;0.000352;7.023323348690467e-13;6.06918483753409e-12;34;0x00;38;ORANGE;False
1787576570.992854;18.00399894400016;BLE Sniffer;Appareil BLE;2,4 GHz BLE;58:c1:c4:db:10:60;-60.0;;;;-60.0;1e-09;0.000352;3.52e-13;6.42118483753409e-12;34;0x00;39;ORANGE;False
1787576571.0261123;18.037086419999923;Simulation RF;Détection RF large bande;868 MHz;868 MHz;;2562;2.064992261470748;-38.59969045882991;-71.59969045882991;6.918802825747515e-11;0.1;6.918802825747515e-12;3.6378872548079804e-09;;;;VERT;True
1787576571.0262496;18.037086419999923;Simulation RF;Détection RF large bande;2,45 GHz;2,45 GHz;;2716;2.188791672341855;-43.55166689367418;-60.251666893674184;9.436985997176697e-10;0.1;9.436985997176698e-11;1.1029084185571427e-08;;;;ORANGE;True
1787576571.034779;18.04592364600012;Wi-Fi;Wi-Fi;2,4/5 GHz;wlan0;-30.0;;;;-30.0;1e-06;0.1;1e-07;8.035862090401263e-06;;;;ROUGE;False
1787576571.094967;18.106111631999738;BLE Sniffer;iBeacon;2,4 GHz BLE;54:0d:73:47:4a:1a;-64.0;;;;-64.0;3.9810717055349694e-10;0.000368;1.4650343876368688e-13;3.2884121875258774e-12;36;0x00;37;ORANGE;False
1787576571.0972283;18.108373119000134;BLE Sniffer;iBeacon;2,4 GHz BLE;54:0d:73:47:4a:1a;-62.0;;;;-62.0;6.309573444801942e-10;0.000368;2.321923027687115e-13;3.520604490294589e-12;36;0x00;38;ORANGE;False
1787576571.0973063;18.10844971100005;BLE Sniffer;iBeacon;2,4 GHz BLE;54:0d:73:47:4a:1a;-64.0;;;;-64.0;3.9810717055349694e-10;0.000368;1.4650343876368688e-13;3.6671079290582754e-12;36;0x00;39;ORANGE;False
1787576571.126208;18.137174157000118;Simulation RF;Détection RF large bande;868 MHz;868 MHz;;2506;2.0194244115766966;-36.776976463067854;-69.77697646306785;1.0526944995279519e-10;0.1;1.052694499527952e-11;3.64841419980326e-09;;;;ORANGE;True
1787576571.126363;18.137174157000118;Simulation RF;Détection RF large bande;2,45 GHz;2,45 GHz;;2752;2.2177781738470324;-44.71112695388129;-61.411126953881286;7.225822758768011e-10;0.1;7.225822758768012e-11;1.1101342413159106e-08;;;;ORANGE;True
1787576571.1348765;18.146020643000156;Wi-Fi;Wi-Fi;2,4/5 GHz;wlan0;-30.0;;;;-30.0;1e-06;0.1;1e-07;8.135862090401264e-06;;;;ROUGE;False
1787576571.2017882;18.2129341079999;BLE Sniffer;Appareil BLE;2,4 GHz BLE;58:c1:c4:db:10:60;-57.0;;;;-57.0;1.9952623149688828e-09;0.000352;7.023323348690467e-13;7.123517172403137e-12;34;0x00;37;ORANGE;False
1787576571.2262876;18.237255708999783;Simulation RF;Détection RF large bande;868 MHz;868 MHz;;2544;2.0500738248926846;-38.002952995707375;-71.00295299570737;7.937883129243573e-11;0.1;7.937883129243573e-12;3.6563520829325036e-09;;;;VERT;True
1787576571.226429;18.237255708999783;Simulation RF;Détection RF large bande;2,45 GHz;2,45 GHz;;2735;2.204216076907081;-44.16864307628323;-60.868643076283234;8.187205518724264e-10;0.1;8.187205518724265e-11;1.118321446834635e-08;;;;ORANGE;True
1787576571.2349145;18.24605962099986;Wi-Fi;Wi-Fi;2,4/5 GHz;wlan0;-31.0;;;;-31.0;7.943282347242822e-07;0.1;7.943282347242822e-08;8.215294913873692e-06;;;;ROUGE;False
1787576571.3029733;18.31411904300012;BLE Sniffer;Appareil BLE;2,4 GHz BLE;58:c1:c4:db:10:60;-54.0;;;;-54.0;3.981071705534969e-09;0.000352;1.401337240348309e-12;8.524854412751446e-12;34;0x00;38;ORANGE;False
1787576571.3053985;18.31654332500011;BLE Sniffer;Appareil BLE;2,4 GHz BLE;58:c1:c4:db:10:60;-56.0;;;;-56.0;2.511886431509582e-09;0.000352;8.841840238913729e-13;9.409038436642819e-12;34;0x00;39;ORANGE;False
1787576571.3054807;18.31662413899994;BLE Sniffer;iBeacon;2,4 GHz BLE;54:0d:73:47:4a:1a;-53.0;;;;-53.0;5.011872336272715e-09;0.000368;1.844369019748359e-12;5.5114769488066346e-12;36;0x00;37;ORANGE;False
1787576571.3263848;18.33733709399985;Simulation RF;Détection RF large bande;868 MHz;868 MHz;;2544;2.0498766217677633;-37.995064870710536;-70.99506487071054;7.95231387047127e-11;0.1;7.95231387047127e-12;3.664304396802975e-09;;;;VERT;True
1787576571.326778;18.33733709399985;Simulation RF;Détection RF large bande;2,45 GHz;2,45 GHz;;2813;2.2671315063760873;-46.68526025504349;-63.385260255043484;4.5864216041283766e-10;0.1;4.586421604128377e-11;1.1229078684387634e-08;;;;ORANGE;True
1787576571.3353064;18.34645028199975;Wi-Fi;Wi-Fi;2,4/5 GHz;wlan0;-31.0;;;;-31.0;7.943282347242822e-07;0.1;7.943282347242822e-08;8.29472773734612e-06;;;;ROUGE;False
1787576571.408472;18.41961815600007;BLE Sniffer;iBeacon;2,4 GHz BLE;54:0d:73:47:4a:1a;-51.0;;;;-51.0;7.943282347242822e-09;0.000368;2.9231279037853585e-12;8.434604852591994e-12;36;0x00;38;ORANGE;False
1787576571.4108508;18.42199588299991;BLE Sniffer;iBeacon;2,4 GHz BLE;54:0d:73:47:4a:1a;-53.0;;;;-53.0;5.011872336272715e-09;0.000368;1.844369019748359e-12;1.0278973872340353e-11;36;0x00;39;ORANGE;False
1787576571.426455;18.43742266399977;Simulation RF;Détection RF large bande;868 MHz;868 MHz;;2559;2.061811642110883;-38.47246568443532;-71.47246568443532;7.124484263761878e-11;0.1;7.124484263761878e-12;3.671428881066737e-09;;;;VERT;True
1787576571.42661;18.43742266399977;Simulation RF;Détection RF large bande;2,45 GHz;2,45 GHz;;2746;2.212764686025863;-44.51058744103453;-61.21058744103453;7.567305302316359e-10;0.1;7.56730530231636e-11;1.1304751737410798e-08;;;;ORANGE;True
1787576571.4350684;18.44621287300015;Wi-Fi;Wi-Fi;2,4/5 GHz;wlan0;-32.0;;;;-32.0;6.30957344480193e-07;0.1;6.30957344480193e-08;8.357823471794139e-06;;;;ROUGE;False
1787576571.5148213;18.525966448999952;BLE Sniffer;Appareil BLE;2,4 GHz BLE;58:c1:c4:db:10:60;-51.0;;;;-51.0;7.943282347242822e-09;0.000352;2.7960353862294732e-12;1.2205073822872292e-11;34;0x00;37;ORANGE;False
1787576571.5148995;18.526043003999803;BLE Sniffer;Appareil BLE;2,4 GHz BLE;58:c1:c4:db:10:60;-48.0;;;;-48.0;1.5848931924611143e-08;0.000352;5.578824037463122e-12;1.7783897860335413e-11;34;0x00;38;ROUGE;False
1787576571.5265439;18.53750730899992;Simulation RF;Détection RF large bande;868 MHz;868 MHz;;2527;2.0367995742839917;-37.471982971359665;-70.47198297135967;8.970191256103461e-11;0.1;8.970191256103462e-12;3.6803990723228406e-09;;;;VERT;True
1787576571.526699;18.53750730899992;Simulation RF;Détection RF large bande;2,45 GHz;2,45 GHz;;2794;2.2515236593151164;-46.06094637260466;-62.760946372604664;5.295480373223624e-10;0.1;5.295480373223625e-11;1.1357706541143035e-08;;;;ORANGE;True
1787576571.53531;18.546454498000003;Wi-Fi;Wi-Fi;2,4/5 GHz;wlan0;-32.0;;;;-32.0;6.30957344480193e-07;0.1;6.30957344480193e-08;8.420919206242158e-06;;;;ROUGE;False
1787576571.6182485;18.629393722999794;BLE Sniffer;Appareil BLE;2,4 GHz BLE;58:c1:c4:db:10:60;-48.0;;;;-48.0;1.5848931924611143e-08;0.000352;5.578824037463122e-12;2.3362721897798535e-11;34;0x00;39;ROUGE;False
1787576571.6189687;18.630113144000006;BLE Sniffer;iBeacon;2,4 GHz BLE;54:0d:73:47:4a:1a;-48.0;;;;-48.0;1.5848931924611143e-08;0.000368;5.8324069482569e-12;1.6111380820597255e-11;36;0x00;37;ROUGE;False
1787576571.6190333;18.63017666299993;BLE Sniffer;iBeacon;2,4 GHz BLE;54:0d:73:47:4a:1a;-46.0;;;;-46.0;2.511886431509582e-08;0.000368;9.243742067955263e-12;2.5355122888552517e-11;36;0x00;38;ROUGE;False
1787576571.6266088;18.637592805000168;Simulation RF;Détection RF large bande;868 MHz;868 MHz;;2580;2.0791209281333063;-39.16483712533224;-72.16483712533224;6.074580441044187e-11;0.1;6.0745804410441874e-12;3.686473652763885e-09;;;;VERT;True
1787576571.626761;18.637592805000168;Simulation RF;Détection RF large bande;2,45 GHz;2,45 GHz;;2747;2.213831619231903;-44.55326476927611;-61.253264769276115;7.493306950145043e-10;0.1;7.493306950145043e-11;1.1432639610644484e-08;;;;ORANGE;True
1787576571.6353467;18.64649082799997;Wi-Fi;Wi-Fi;2,4/5 GHz;wlan0;-32.0;;;;-32.0;6.30957344480193e-07;0.1;6.30957344480193e-08;8.484014940690177e-06;;;;ROUGE;False
1787576571.723018;18.734163395999985;BLE Sniffer;iBeacon;2,4 GHz BLE;54:0d:73:47:4a:1a;-47.0;;;;-47.0;1.9952623149688786e-08;0.000368;7.342565319085474e-12;3.269768820763799e-11;36;0x00;39;ROUGE;False
1787576571.726646;18.737668374999885;Simulation RF;Détection RF large bande;868 MHz;868 MHz;;2553;2.0576607067629142;-38.30642827051656;-71.30642827051656;7.402137922412973e-11;0.1;7.402137922412972e-12;3.693875790686298e-09;;;;VERT;True
1787576571.7267869;18.737668374999885;Simulation RF;Détection RF large bande;2,45 GHz;2,45 GHz;;2819;2.271688570196799;-46.86754280787194;-63.567542807871945;4.39790373788928e-10;0.1;4.3979037378892806e-11;1.1476618648023377e-08;;;;ORANGE;True
1787576571.7353034;18.746448083999894;Wi-Fi;Wi-Fi;2,4/5 GHz;wlan0;-32.0;;;;-32.0;6.30957344480193e-07;0.1;6.30957344480193e-08;8.547110675138196e-06;;;;ROUGE;False
1787576571.8270242;18.838168314000086;BLE Sniffer;Appareil BLE;2,4 GHz BLE;58:c1:c4:db:10:60;-46.0;;;;-46.0;2.511886431509582e-08;0.000352;8.841840238913729e-12;3.220456213671226e-11;34;0x00;37;ROUGE;False
1787576571.8271012;18.838244757999746;BLE Sniffer;Appareil BLE;2,4 GHz BLE;58:c1:c4:db:10:60;-45.0;;;;-45.0;3.162277660168379e-08;0.000352;1.1131217363792695e-11;4.3335779500504954e-11;34;0x00;38;ROUGE;False
1787576571.827142;18.83828527600008;BLE Sniffer;Appareil BLE;2,4 GHz BLE;58:c1:c4:db:10:60;-46.0;;;;-46.0;2.511886431509582e-08;0.000352;8.841840238913729e-12;5.2177619739418685e-11;34;0x00;39;ROUGE;False
1787576571.8295794;18.83781613100018;Simulation RF;Détection RF large bande;868 MHz;868 MHz;;2569;2.070446910802459;-38.817876432098345;-71.81787643209834;6.579794906644958e-11;0.1;6.5797949066449585e-12;3.700455585592943e-09;;;;VERT;True
1787576571.8297338;18.83781613100018;Simulation RF;Détection RF large bande;2,45 GHz;2,45 GHz;;2783;2.2426173318331704;-45.70469327332681;-62.40469327332681;5.748184147824717e-10;0.1;5.748184147824718e-11;1.1534100489501624e-08;;;;ORANGE;True
1787576571.8382518;18.849395878999985;Wi-Fi;Wi-Fi;2,4/5 GHz;wlan0;-31.0;;;;-31.0;7.943282347242822e-07;0.1;7.943282347242822e-08;8.626543498610624e-06;;;;ROUGE;False
1787576571.9269197;18.937895793999814;Simulation RF;Détection RF large bande;868 MHz;868 MHz;;2538;2.0452461530020054;-37.80984612008021;-70.80984612008021;8.298801714412957e-11;0.1;8.298801714412958e-12;3.708754387307356e-09;;;;VERT;True
1787576571.9270592;18.937895793999814;Simulation RF;Détection RF large bande;2,45 GHz;2,45 GHz;;2771;2.232680913453946;-45.30723653815784;-62.007236538157834;6.299068717846006e-10;0.1;6.299068717846006e-11;1.1597091176680083e-08;;;;ORANGE;True
1787576571.9319146;18.94306005999988;BLE Sniffer;iBeacon;2,4 GHz BLE;54:0d:73:47:4a:1a;-46.0;;;;-46.0;2.511886431509582e-08;0.000368;9.243742067955263e-12;4.194143027559325e-11;36;0x00;37;ROUGE;False
1787576571.9320014;18.943144671000027;BLE Sniffer;iBeacon;2,4 GHz BLE;54:0d:73:47:4a:1a;-46.0;;;;-46.0;2.511886431509582e-08;0.000368;9.243742067955263e-12;5.1185172343548515e-11;36;0x00;38;ROUGE;False
1787576571.932042;18.94318546700015;BLE Sniffer;iBeacon;2,4 GHz BLE;54:0d:73:47:4a:1a;-46.0;;;;-46.0;2.511886431509582e-08;0.000368;9.243742067955263e-12;6.042891441150378e-11;36;0x00;39;ROUGE;False
1787576571.9321246;18.943268337000063;Simulation LoRa;LoRa;868 MHz;LoRa 868.100 MHz;-83.03391095277425;;;;-83.03391095277425;4.972890594847946e-12;0.046335999999999995;2.304238586028744e-13;1.2399357216094527e-12;13;"SNR=7.82;SF=7;BW=125.0;CR=4/5;F=868.100;CRC=OK;PAYLOAD=54454d504f5f4c4f52415f3138";7;VERT;True
1787576571.937382;18.94852706599977;Wi-Fi;Wi-Fi;2,4/5 GHz;wlan0;-31.0;;;;-31.0;7.943282347242822e-07;0.1;7.943282347242822e-08;8.705976322083052e-06;;;;ROUGE;False
1787576572.0270305;19.037982586;Simulation RF;Détection RF large bande;868 MHz;868 MHz;;2582;2.080609326778412;-39.22437307113647;-72.22437307113647;5.991874284925475e-11;0.1;5.9918742849254755e-12;3.7147462615922814e-09;;;;VERT;True
1787576572.0271852;19.037982586;Simulation RF;Détection RF large bande;2,45 GHz;2,45 GHz;;2770;2.2319446078946394;-45.27778431578558;-61.977784315785584;6.341931815047085e-10;0.1;6.341931815047085e-11;1.1660510494830553e-08;;;;ORANGE;True
1787576572.0416112;19.0527555929998;Wi-Fi;Wi-Fi;2,4/5 GHz;wlan0;-30.0;;;;-30.0;1e-06;0.1;1e-07;8.805976322083053e-06;;;;ROUGE;False
1787576572.127098;19.138062654999885;Simulation RF;Détection RF large bande;868 MHz;868 MHz;;2494;2.0099138640840812;-36.39655456336324;-69.39655456336324;1.1490648603722038e-10;0.1;1.1490648603722038e-11;3.7262369101960036e-09;;;;ORANGE;True
1787576572.127238;19.138062654999885;Simulation RF;Détection RF large bande;2,45 GHz;2,45 GHz;;2749;2.215505706043128;-44.6202282417251;-61.3202282417251;7.378654508869291e-10;0.1;7.378654508869292e-11;1.1734297039919246e-08;;;;ORANGE;True
1787576572.1356485;19.146792975000153;Wi-Fi;Wi-Fi;2,4/5 GHz;wlan0;-30.0;;;;-30.0;1e-06;0.1;1e-07;8.905976322083054e-06;;;;ROUGE;False
1787576572.1407654;19.151910148999832;BLE Sniffer;Appareil BLE;2,4 GHz BLE;58:c1:c4:db:10:60;-48.0;;;;-48.0;1.5848931924611143e-08;0.000352;5.578824037463122e-12;5.7756443776881806e-11;34;0x00;37;ROUGE;False
1787576572.1418936;19.15303905000019;BLE Sniffer;Appareil BLE;2,4 GHz BLE;58:c1:c4:db:10:60;-46.0;;;;-46.0;2.511886431509582e-08;0.000352;8.841840238913729e-12;6.659828401579553e-11;34;0x00;38;ROUGE;False
1787576572.14197;19.153113475999817;BLE Sniffer;Appareil BLE;2,4 GHz BLE;58:c1:c4:db:10:60;-47.0;;;;-47.0;1.9952623149688786e-08;0.000352;7.023323348690452e-12;7.362160736448599e-11;34;0x00;39;ROUGE;False
1787576572.1420107;19.15315393899982;BLE Sniffer;iBeacon;2,4 GHz BLE;54:0d:73:47:4a:1a;-48.0;;;;-48.0;1.5848931924611143e-08;0.000368;5.8324069482569e-12;6.626132135976068e-11;36;0x00;37;ROUGE;False
1787576572.1444874;19.1556332199998;BLE Sniffer;iBeacon;2,4 GHz BLE;54:0d:73:47:4a:1a;-46.0;;;;-46.0;2.511886431509582e-08;0.000368;9.243742067955263e-12;7.550506342771595e-11;36;0x00;38;ROUGE;False
1787576572.2271569;19.23810824400016;Simulation RF;Détection RF large bande;868 MHz;868 MHz;;2592;2.0889646713098133;-39.55858685239252;-72.55858685239252;5.5480621157363236e-11;0.1;5.548062115736324e-12;3.7317849723117396e-09;;;;VERT;True
1787576572.2273104;19.23810824400016;Simulation RF;Détection RF large bande;2,45 GHz;2,45 GHz;;2795;2.252234438128851;-46.089377525154035;-62.78937752515404;5.260926659173198e-10;0.1;5.2609266591731984e-11;1.1786906306510978e-08;;;;ORANGE;True
1787576572.23573;19.246873951999987;Wi-Fi;Wi-Fi;2,4/5 GHz;wlan0;-31.0;;;;-31.0;7.943282347242822e-07;0.1;7.943282347242822e-08;8.985409145555482e-06;;;;ROUGE;False
1787576572.2487593;19.259904803000154;BLE Sniffer;iBeacon;2,4 GHz BLE;54:0d:73:47:4a:1a;-47.0;;;;-47.0;1.9952623149688786e-08;0.000368;7.342565319085474e-12;8.284762874680142e-11;36;0x00;39;ROUGE;False
1787576572.3272233;19.33818334999978;Simulation RF;Détection RF large bande;868 MHz;868 MHz;;2613;2.1060575920169717;-40.24230368067886;-73.24230368067886;4.7399049406228075e-11;0.1;4.739904940622808e-12;3.7365248772523625e-09;;;;VERT;True
1787576572.3273685;19.33818334999978;Simulation RF;Détection RF large bande;2,45 GHz;2,45 GHz;;2836;2.285307688928306;-47.41230755713224;-64.11230755713224;3.8794418302674197e-10;0.1;3.87944183026742e-11;1.1825700724813653e-08;;;;ORANGE;True
1787576572.3409894;19.35213376899992;Wi-Fi;Wi-Fi;2,4/5 GHz;wlan0;-31.0;;;;-31.0;7.943282347242822e-07;0.1;7.943282347242822e-08;9.06484196902791e-06;;;;ROUGE;False
1787576572.3520994;19.363243167999826;BLE Sniffer;Appareil BLE;2,4 GHz BLE;58:c1:c4:db:10:60;-52.0;;;;-52.0;6.309573444801943e-09;0.000352;2.220969852570284e-12;7.584257721705627e-11;34;0x00;37;ORANGE;False
1787576572.3537788;19.364923842999815;BLE Sniffer;Appareil BLE;2,4 GHz BLE;58:c1:c4:db:10:60;-50.0;;;;-50.0;1e-08;0.000352;3.52e-12;7.936257721705627e-11;34;0x00;38;ROUGE;False
1787576572.4273016;19.4382624750001;Simulation RF;Détection RF large bande;868 MHz;868 MHz;;2493;2.0090935737637667;-36.36374295055066;-69.36374295055066;1.1577790985117274e-10;0.1;1.1577790985117274e-11;3.74810266823748e-09;;;;ORANGE;True
1787576572.427448;19.4382624750001;Simulation RF;Détection RF large bande;2,45 GHz;2,45 GHz;;2795;2.2523100160247864;-46.09240064099146;-62.79240064099146;5.257265812180875e-10;0.1;5.257265812180876e-11;1.1878273382935463e-08;;;;ORANGE;True
1787576572.4360454;19.447189441999853;Wi-Fi;Wi-Fi;2,4/5 GHz;wlan0;-31.0;;;;-31.0;7.943282347242822e-07;0.1;7.943282347242822e-08;9.144274792500338e-06;;;;ROUGE;False
1787576572.4564686;19.467613064000034;BLE Sniffer;Appareil BLE;2,4 GHz BLE;58:c1:c4:db:10:60;-50.0;;;;-50.0;1e-08;0.000352;3.52e-12;8.288257721705627e-11;34;0x00;39;ROUGE;False
1787576572.4565382;19.467681601000095;BLE Sniffer;iBeacon;2,4 GHz BLE;54:0d:73:47:4a:1a;-51.0;;;;-51.0;7.943282347242822e-09;0.000368;2.9231279037853585e-12;8.577075665058678e-11;36;0x00;37;ORANGE;False
1787576572.4582438;19.469388943000013;BLE Sniffer;iBeacon;2,4 GHz BLE;54:0d:73:47:4a:1a;-51.0;;;;-51.0;7.943282347242822e-09;0.000368;2.9231279037853585e-12;8.869388455437214e-11;36;0x00;38;ORANGE;False
1787576572.5273736;19.538342636999914;Simulation RF;Détection RF large bande;868 MHz;868 MHz;;2606;2.09977148337065;-39.990859334825984;-72.99085933482598;5.02243201251427e-11;0.1;5.022432012514271e-12;3.753125100249995e-09;;;;VERT;True
1787576572.527518;19.538342636999914;Simulation RF;Détection RF large bande;2,45 GHz;2,45 GHz;;2818;2.271242971068139;-46.849718842725565;-63.54971884272557;4.4159903504378474e-10;0.1;4.415990350437848e-11;1.1922433286439841e-08;;;;ORANGE;True
1787576572.536055;19.547199659999933;Wi-Fi;Wi-Fi;2,4/5 GHz;wlan0;-31.0;;;;-31.0;7.943282347242822e-07;0.1;7.943282347242822e-08;9.223707615972766e-06;;;;ROUGE;False
1787576572.5613182;19.572463957999844;BLE Sniffer;iBeacon;2,4 GHz BLE;54:0d:73:47:4a:1a;-50.0;;;;-50.0;1e-08;0.000368;3.6800000000000005e-12;9.237388455437214e-11;36;0x00;39;ROUGE;False
1787576572.627458;19.638421262000065;Simulation RF;Détection RF large bande;868 MHz;868 MHz;;2600;2.0956184680029537;-39.82473872011815;-72.82473872011815;5.218264973766133e-11;0.1;5.218264973766133e-12;3.758343365223761e-09;;;;VERT;True
1787576572.6275978;19.638421262000065;Simulation RF;Détection RF large bande;2,45 GHz;2,45 GHz;;2807;2.262394777155344;-46.49579108621376;-63.19579108621376;4.790941758798007e-10;0.1;4.7909417587980076e-11;1.1970342704027821e-08;;;;ORANGE;True
1787576572.635941;19.647085378000156;Wi-Fi;Wi-Fi;2,4/5 GHz;wlan0;-32.0;;;;-32.0;6.30957344480193e-07;0.1;6.30957344480193e-08;9.286803350420785e-06;;;;ROUGE;False
1787576572.6649384;19.67608630299992;BLE Sniffer;Appareil BLE;2,4 GHz BLE;58:c1:c4:db:10:60;-52.0;;;;-52.0;6.309573444801943e-09;0.000352;2.220969852570284e-12;8.510354706962655e-11;34;0x00;37;ORANGE;False
1787576572.6681242;19.67926941399992;BLE Sniffer;Appareil BLE;2,4 GHz BLE;58:c1:c4:db:10:60;-50.0;;;;-50.0;1e-08;0.000352;3.52e-12;8.862354706962656e-11;34;0x00;38;ROUGE;False
1787576572.668205;19.67934861799995;BLE Sniffer;Appareil BLE;2,4 GHz BLE;58:c1:c4:db:10:60;-50.0;;;;-50.0;1e-08;0.000352;3.52e-12;9.214354706962656e-11;34;0x00;39;ROUGE;False
1787576572.727594;19.73857171999998;Simulation RF;Détection RF large bande;868 MHz;868 MHz;;2691;2.1687274888695955;-42.74909955478381;-75.74909955478381;2.6612767788832936e-11;0.1;2.661276778883294e-12;3.7610046420026445e-09;;;;VERT;True
1787576572.7277455;19.73857171999998;Simulation RF;Détection RF large bande;2,45 GHz;2,45 GHz;;2793;2.250848407287061;-46.03393629148243;-62.733936291482436;5.328517186139391e-10;0.1;5.3285171861393916e-11;1.2023627875889215e-08;;;;ORANGE;True
1787576572.736359;19.747503687000062;Wi-Fi;Wi-Fi;2,4/5 GHz;wlan0;-32.0;;;;-32.0;6.30957344480193e-07;0.1;6.30957344480193e-08;9.349899084868804e-06;;;;ROUGE;False
1787576572.7708535;19.781998264999856;BLE Sniffer;iBeacon;2,4 GHz BLE;54:0d:73:47:4a:1a;-52.0;;;;-52.0;6.309573444801943e-09;0.000368;2.3219230276871148e-12;9.469580758205924e-11;36;0x00;37;ORANGE;False
1787576572.7709243;19.78206772700014;BLE Sniffer;iBeacon;2,4 GHz BLE;54:0d:73:47:4a:1a;-51.0;;;;-51.0;7.943282347242822e-09;0.000368;2.9231279037853585e-12;9.76189354858446e-11;36;0x00;38;ORANGE;False
1787576572.7726088;19.78375355099979;BLE Sniffer;iBeacon;2,4 GHz BLE;54:0d:73:47:4a:1a;-51.0;;;;-51.0;7.943282347242822e-09;0.000368;2.9231279037853585e-12;1.0054206338962996e-10;36;0x00;39;ORANGE;False
1787576572.8277001;19.838655419000133;Simulation RF;Détection RF large bande;868 MHz;868 MHz;;2628;2.117905673972633;-40.716226958905324;-73.71622695890532;4.2498862302209556e-11;0.1;4.249886230220956e-12;3.765254528232866e-09;;;;VERT;True
1787576572.8278825;19.838655419000133;Simulation RF;Détection RF large bande;2,45 GHz;2,45 GHz;;2770;2.2320004560396742;-45.28001824158696;-61.980018241586954;6.33867048831856e-10;0.1;6.338670488318561e-11;1.20870145807724e-08;;;;ORANGE;True
1787576572.8363163;19.847460256999966;Wi-Fi;Wi-Fi;2,4/5 GHz;wlan0;-32.0;;;;-32.0;6.30957344480193e-07;0.1;6.30957344480193e-08;9.412994819316823e-06;;;;ROUGE;False
1787576572.9277558;19.938736876999883;Simulation RF;Détection RF large bande;868 MHz;868 MHz;;2579;2.0784598338822575;-39.13839335529029;-72.13839335529029;6.111680808187223e-11;0.1;6.111680808187223e-12;3.771366209041053e-09;;;;VERT;True
1787576572.9279351;19.938736876999883;Simulation RF;Détection RF large bande;2,45 GHz;2,45 GHz;;2838;2.2866667186066425;-47.46666874426569;-64.16666874426569;3.831185016775959e-10;0.1;3.831185016775959e-11;1.212532643094016e-08;;;;ORANGE;True
1787576572.9364736;19.94761795500017;Wi-Fi;Wi-Fi;2,4/5 GHz;wlan0;-30.0;;;;-30.0;1e-06;0.1;1e-07;9.512994819316824e-06;;;;ROUGE;False
1787576572.9782696;19.989415305999955;Simulation LoRa;LoRa;868 MHz;LoRa 868.100 MHz;-87.36469904516933;;;;-87.36469904516933;1.8345522924365632e-12;0.046335999999999995;8.500581502234059e-14;1.3249415366317933e-12;13;"SNR=6.00;SF=7;BW=125.0;CR=4/5;F=868.100;CRC=OK;PAYLOAD=54454d504f5f4c4f52415f3139";7;VERT;True
1787576572.9783516;19.98949519400003;BLE Sniffer;Appareil BLE;2,4 GHz BLE;58:c1:c4:db:10:60;-50.0;;;;-50.0;1e-08;0.000352;3.52e-12;9.566354706962657e-11;34;0x00;37;ROUGE;False
1787576572.9801276;19.991272813999785;BLE Sniffer;Appareil BLE;2,4 GHz BLE;58:c1:c4:db:10:60;-48.0;;;;-48.0;1.5848931924611143e-08;0.000352;5.578824037463122e-12;1.0124237110708969e-10;34;0x00;38;ROUGE;False
1787576572.9810238;19.992168957000104;BLE Sniffer;Appareil BLE;2,4 GHz BLE;58:c1:c4:db:10:60;-49.0;;;;-49.0;1.2589254117941661e-08;0.000352;4.431417449515465e-12;1.0567378855660515e-10;34;0x00;39;ROUGE;False
1787576573.02797;20.038819631000024;Simulation RF;Détection RF large bande;868 MHz;868 MHz;;2579;2.0786559669776863;-39.146238679107455;-72.14623867910746;6.10065031273494e-11;0.1;6.100650312734941e-12;3.777466859353788e-09;;;;VERT;True
1787576573.0281239;20.038819631000024;Simulation RF;Détection RF large bande;2,45 GHz;2,45 GHz;;2825;2.2763719037978105;-47.054876151912424;-63.75487615191243;4.2122329863962366e-10;0.1;4.212232986396237e-11;1.2167448760804123e-08;;;;ORANGE;True
1787576573.0365825;20.047726542999953;Wi-Fi;Wi-Fi;2,4/5 GHz;wlan0;-30.0;;;;-30.0;1e-06;0.1;1e-07;9.612994819316824e-06;;;;ROUGE;False
1787576573.0844607;20.095605560999957;BLE Sniffer;iBeacon;2,4 GHz BLE;54:0d:73:47:4a:1a;-49.0;;;;-49.0;1.2589254117941661e-08;0.000368;4.632845515402531e-12;1.051749089050325e-10;36;0x00;37;ROUGE;False
1787576573.1279511;20.138898829000027;Simulation RF;Détection RF large bande;868 MHz;868 MHz;;2658;2.141749115673826;-41.66996462695303;-74.66996462695303;3.41195690630768e-11;0.1;3.41195690630768e-12;3.7808788162600956e-09;;;;VERT;True
1787576573.1281102;20.138898829000027;Simulation RF;Détection RF large bande;2,45 GHz;2,45 GHz;;2760;2.2241152909548947;-44.96461163819578;-61.66461163819578;6.816145244329691e-10;0.1;6.816145244329692e-11;1.223561021324742e-08;;;;ORANGE;True
1787576573.1365864;20.147730962999958;Wi-Fi;Wi-Fi;2,4/5 GHz;wlan0;-28.0;;;;-28.0;1.584893192461114e-06;0.1;1.584893192461114e-07;9.771484138562936e-06;;;;ROUGE;False
1787576573.1906276;20.201772187000188;BLE Sniffer;Appareil BLE;2,4 GHz BLE;58:c1:c4:db:10:60;-47.0;;;;-47.0;1.9952623149688786e-08;0.000352;7.023323348690452e-12;1.1269711190529561e-10;34;0x00;38;ROUGE;False
1787576573.191856;20.203001420999954;BLE Sniffer;Appareil BLE;2,4 GHz BLE;58:c1:c4:db:10:60;-47.0;;;;-47.0;1.9952623149688786e-08;0.000352;7.023323348690452e-12;1.1972043525398607e-10;34;0x00;39;ROUGE;False
1787576573.2287283;20.23911285999975;Simulation RF;Détection RF large bande;868 MHz;868 MHz;;2563;2.06537523260506;-38.6150093042024;-71.6150093042024;6.894441161237247e-11;0.1;6.8944411612372475e-12;3.787773257421333e-09;;;;VERT;True
1787576573.229516;20.23911285999975;Simulation RF;Détection RF large bande;2,45 GHz;2,45 GHz;;2840;2.288443696953636;-47.53774787814544;-64.23774787814544;3.7689919701561767e-10;0.1;3.768991970156177e-11;1.2273300132948981e-08;;;;ORANGE;True
1787576573.2413676;20.252512448999823;Wi-Fi;Wi-Fi;2,4/5 GHz;wlan0;-28.0;;;;-28.0;1.584893192461114e-06;0.1;1.584893192461114e-07;9.929973457809047e-06;;;;ROUGE;False
1787576573.2971082;20.30825405199994;BLE Sniffer;iBeacon;2,4 GHz BLE;54:0d:73:47:4a:1a;-48.0;;;;-48.0;1.5848931924611143e-08;0.000368;5.8324069482569e-12;1.110073158532894e-10;36;0x00;37;ROUGE;False
1787576573.297223;20.308367051000005;BLE Sniffer;iBeacon;2,4 GHz BLE;54:0d:73:47:4a:1a;-47.0;;;;-47.0;1.9952623149688786e-08;0.000368;7.342565319085474e-12;1.1834988117237486e-10;36;0x00;38;ROUGE;False
1787576573.3283434;20.339208464999956;Simulation RF;Détection RF large bande;868 MHz;868 MHz;;2611;2.104098289626911;-40.16393158507644;-73.16393158507644;4.826216960053148e-11;0.1;4.826216960053148e-12;3.792599474381386e-09;;;;VERT;True
1787576573.3285627;20.339208464999956;Simulation RF;Détection RF large bande;2,45 GHz;2,45 GHz;;2743;2.210224098156456;-44.40896392625824;-61.108963926258234;7.746465791630685e-10;0.1;7.746465791630685e-11;1.2350764790865288e-08;;;;ORANGE;True
1787576573.3354342;20.346578551999755;Wi-Fi;Wi-Fi;2,4/5 GHz;wlan0;-28.0;;;;-28.0;1.584893192461114e-06;0.1;1.584893192461114e-07;1.0088462777055159e-05;;;;ROUGE;False
1787576573.402967;20.414112011999805;BLE Sniffer;iBeacon;2,4 GHz BLE;54:0d:73:47:4a:1a;-48.0;;;;-48.0;1.5848931924611143e-08;0.000368;5.8324069482569e-12;1.2418228812063176e-10;36;0x00;39;ROUGE;False
1787576573.4283457;20.439298533000056;Simulation RF;Détection RF large bande;868 MHz;868 MHz;;2684;2.1626058217054704;-42.50423286821882;-75.50423286821882;2.8156373215021852e-11;0.1;2.815637321502185e-12;3.795415111702889e-09;;;;VERT;True
1787576573.428506;20.439298533000056;Simulation RF;Détection RF large bande;2,45 GHz;2,45 GHz;;2787;2.245649344882353;-45.82597379529412;-62.525973795294114;5.589881745881141e-10;0.1;5.589881745881141e-11;1.2406663608324099e-08;;;;ORANGE;True
1787576573.4370387;20.448183037000035;Wi-Fi;Wi-Fi;2,4/5 GHz;wlan0;-28.0;;;;-28.0;1.584893192461114e-06;0.1;1.584893192461114e-07;1.024695209630127e-05;;;;ROUGE;False
1787576573.5091035;20.52024999000014;BLE Sniffer;Appareil BLE;2,4 GHz BLE;58:c1:c4:db:10:60;-49.0;;;;-49.0;1.2589254117941661e-08;0.000352;4.431417449515465e-12;1.2415185270350154e-10;34;0x00;37;ROUGE;False
1787576573.5102525;20.521397779999916;BLE Sniffer;Appareil BLE;2,4 GHz BLE;58:c1:c4:db:10:60;-47.0;;;;-47.0;1.9952623149688786e-08;0.000352;7.023323348690452e-12;1.3117517605219198e-10;34;0x00;38;ROUGE;False
1787576573.528955;20.539503379000053;Simulation RF;Détection RF large bande;868 MHz;868 MHz;;2562;2.0649522198685792;-38.59808879474316;-71.59808879474316;6.921354928560544e-11;0.1;6.921354928560545e-12;3.802336466631449e-09;;;;VERT;True
1787576573.5295699;20.539503379000053;Simulation RF;Détection RF large bande;2,45 GHz;2,45 GHz;;2766;2.22900807330537;-45.1603229322148;-61.8603229322148;6.51579942149559e-10;0.1;6.51579942149559e-11;1.2471821602539054e-08;;;;ORANGE;True
1787576573.5888734;20.60002193499986;Wi-Fi;Wi-Fi;2,4/5 GHz;wlan0;-28.0;;;;-28.0;1.584893192461114e-06;0.1;1.584893192461114e-07;1.0405441415547382e-05;;;;ROUGE;False
1787576573.6145196;20.625665045999995;BLE Sniffer;Appareil BLE;2,4 GHz BLE;58:c1:c4:db:10:60;-48.0;;;;-48.0;1.5848931924611143e-08;0.000352;5.578824037463122e-12;1.367540000896551e-10;34;0x00;39;ROUGE;False
1787576573.6155894;20.626734168999974;BLE Sniffer;iBeacon;2,4 GHz BLE;54:0d:73:47:4a:1a;-48.0;;;;-48.0;1.5848931924611143e-08;0.000368;5.8324069482569e-12;1.3001469506888866e-10;36;0x00;37;ROUGE;False
1787576573.6156743;20.62681785399991;BLE Sniffer;iBeacon;2,4 GHz BLE;54:0d:73:47:4a:1a;-48.0;;;;-48.0;1.5848931924611143e-08;0.000368;5.8324069482569e-12;1.3584710201714556e-10;36;0x00;38;ROUGE;False
1787576573.628645;20.639598038999793;Simulation RF;Détection RF large bande;868 MHz;868 MHz;;2699;2.174640376260019;-42.98561505040075;-75.98561505040075;2.5202202392914108e-11;0.1;2.520220239291411e-12;3.804856686870741e-09;;;;VERT;True
1787576573.6319618;20.639598038999793;Simulation RF;Détection RF large bande;2,45 GHz;2,45 GHz;;2853;2.2988451027326327;-47.953804109305295;-64.6538041093053;3.4246767791640334e-10;0.1;3.424676779164034e-11;1.2506068370330694e-08;;;;ORANGE;True
1787576573.6423402;20.653485311000168;Wi-Fi;Wi-Fi;2,4/5 GHz;wlan0;-28.0;;;;-28.0;1.584893192461114e-06;0.1;1.584893192461114e-07;1.0563930734793493e-05;;;;ROUGE;False
1787576573.7202559;20.731400952000058;BLE Sniffer;iBeacon;2,4 GHz BLE;54:0d:73:47:4a:1a;-48.0;;;;-48.0;1.5848931924611143e-08;0.000368;5.8324069482569e-12;1.4167950896540246e-10;36;0x00;39;ROUGE;False
1787576573.7287319;20.739688921999914;Simulation RF;Détection RF large bande;868 MHz;868 MHz;;2635;2.1234270795246006;-40.93708318098402;-73.93708318098402;4.039165813124699e-11;0.1;4.039165813124699e-12;3.8088958526838655e-09;;;;VERT;True
1787576573.728888;20.739688921999914;Simulation RF;Détection RF large bande;2,45 GHz;2,45 GHz;;2803;2.2589243828657213;-46.356975314628855;-63.05697531462885;4.946550742948068e-10;0.1;4.946550742948069e-11;1.2555533877760174e-08;;;;ORANGE;True
1787576573.7374055;20.748549870999796;Wi-Fi;Wi-Fi;2,4/5 GHz;wlan0;-28.0;;;;-28.0;1.584893192461114e-06;0.1;1.584893192461114e-07;1.0722420054039605e-05;;;;ROUGE;False
1787576573.8252726;20.836417844000152;BLE Sniffer;Appareil BLE;2,4 GHz BLE;58:c1:c4:db:10:60;-48.0;;;;-48.0;1.5848931924611143e-08;0.000352;5.578824037463122e-12;1.4233282412711824e-10;34;0x00;37;ROUGE;False
1787576573.8253937;20.836537176000093;BLE Sniffer;Appareil BLE;2,4 GHz BLE;58:c1:c4:db:10:60;-47.0;;;;-47.0;1.9952623149688786e-08;0.000352;7.023323348690452e-12;1.4935614747580868e-10;34;0x00;38;ROUGE;False
1787576573.825441;20.836584027999834;BLE Sniffer;Appareil BLE;2,4 GHz BLE;58:c1:c4:db:10:60;-48.0;;;;-48.0;1.5848931924611143e-08;0.000352;5.578824037463122e-12;1.549349715132718e-10;34;0x00;39;ROUGE;False
1787576573.8296435;20.839779249999992;Simulation RF;Détection RF large bande;868 MHz;868 MHz;;2650;2.135250324170932;-41.41001296683727;-74.41001296683727;3.6224191686047484e-11;0.1;3.6224191686047486e-12;3.81251827185247e-09;;;;VERT;True
1787576573.8298087;20.839779249999992;Simulation RF;Détection RF large bande;2,45 GHz;2,45 GHz;;2818;2.2705249177877724;-46.8209967115109;-63.5209967115109;4.4452923572088255e-10;0.1;4.445292357208826e-11;1.2599986801332263e-08;;;;ORANGE;True
1787576573.8383904;20.84953491599981;Wi-Fi;Wi-Fi;2,4/5 GHz;wlan0;-28.0;;;;-28.0;1.584893192461114e-06;0.1;1.584893192461114e-07;1.0880909373285716e-05;;;;ROUGE;False
1787576573.928919;20.939866615000028;Simulation RF;Détection RF large bande;868 MHz;868 MHz;;2689;2.1672581786061555;-42.69032714424621;-75.69032714424621;2.6975362254666022e-11;0.1;2.6975362254666022e-12;3.815215808077936e-09;;;;VERT;True
1787576573.929082;20.939866615000028;Simulation RF;Détection RF large bande;2,45 GHz;2,45 GHz;;2832;2.282488801799326;-47.29955207197304;-63.999552071973035;3.9814823314195807e-10;0.1;3.981482331419581e-11;1.2639801624646459e-08;;;;ORANGE;True
1787576573.9333103;20.94445566200011;BLE Sniffer;iBeacon;2,4 GHz BLE;54:0d:73:47:4a:1a;-48.0;;;;-48.0;1.5848931924611143e-08;0.000368;5.8324069482569e-12;1.4751191591365936e-10;36;0x00;37;ROUGE;False
1787576573.9333975;20.94454117999976;BLE Sniffer;iBeacon;2,4 GHz BLE;54:0d:73:47:4a:1a;-47.0;;;;-47.0;1.9952623149688786e-08;0.000368;7.342565319085474e-12;1.5485448123274483e-10;36;0x00;38;ROUGE;False
1787576573.933488;20.94463140200014;Simulation LoRa;LoRa;868 MHz;LoRa 868.100 MHz;-94.43762130790228;;;;-94.43762130790228;3.5994642890840093e-13;0.046335999999999995;1.6678477729899662e-14;1.3416200143616929e-12;13;"SNR=6.01;SF=7;BW=125.0;CR=4/5;F=868.100;CRC=OK;PAYLOAD=54454d504f5f4c4f52415f3230";7;VERT;True
1787576573.9335308;20.94467419800003;BLE Sniffer;iBeacon;2,4 GHz BLE;54:0d:73:47:4a:1a;-48.0;;;;-48.0;1.5848931924611143e-08;0.000368;5.8324069482569e-12;1.6068688818100173e-10;36;0x00;39;ROUGE;False
1787576573.9412804;20.952425096999832;Wi-Fi;Wi-Fi;2,4/5 GHz;wlan0;-28.0;;;;-28.0;1.584893192461114e-06;0.1;1.584893192461114e-07;1.1039398692531828e-05;;;;ROUGE;False
1787576574.0292628;21.03999379300012;Simulation RF;Détection RF large bande;868 MHz;868 MHz;;2639;2.1268129647385523;-41.072518589542085;-74.07251858954209;3.9151476140571494e-11;0.1;3.91514761405715e-12;3.819130955691993e-09;;;;VERT;True
1787576574.0295098;21.03999379300012;Simulation RF;Détection RF large bande;2,45 GHz;2,45 GHz;;2840;2.2885665841408662;-47.54266336563465;-64.24266336563466;3.764728514554082e-10;0.1;3.7647285145540823e-11;1.2677448909792e-08;;;;ORANGE;True
1787576574.0385013;21.0496456259998;Wi-Fi;Wi-Fi;2,4/5 GHz;wlan0;-27.0;;;;-27.0;1.9952623149688787e-06;0.1;1.9952623149688787e-07;1.1238924924028716e-05;;;;ROUGE;False
1787576574.045762;21.056907306000085;BLE Sniffer;Appareil BLE;2,4 GHz BLE;58:c1:c4:db:10:60;-48.0;;;;-48.0;1.5848931924611143e-08;0.000352;5.578824037463122e-12;1.6051379555073494e-10;34;0x00;37;ROUGE;False
1787576574.1290743;21.14007321300005;Simulation RF;Détection RF large bande;868 MHz;868 MHz;;2703;2.1782171068129883;-43.12868427251952;-76.12868427251952;2.4385494832000803e-11;0.1;2.4385494832000806e-12;3.821569505175193e-09;;;;VERT;True
1787576574.1292298;21.14007321300005;Simulation RF;Détection RF large bande;2,45 GHz;2,45 GHz;;2872;2.314201761540268;-48.568070461610716;-65.26807046161072;2.9729866144049717e-10;0.1;2.972986614404972e-11;1.2707178775936049e-08;;;;ORANGE;True
1787576574.1376505;21.14879516200017;Wi-Fi;Wi-Fi;2,4/5 GHz;wlan0;-26.0;;;;-26.0;2.5118864315095823e-06;0.1;2.5118864315095823e-07;1.1490113567179674e-05;;;;ROUGE;False
1787576574.148759;21.159905375000108;BLE Sniffer;Appareil BLE;2,4 GHz BLE;58:c1:c4:db:10:60;-46.0;;;;-46.0;2.511886431509582e-08;0.000352;8.841840238913729e-12;1.6935563578964865e-10;34;0x00;38;ROUGE;False
1787576574.148874;21.16001754099989;BLE Sniffer;Appareil BLE;2,4 GHz BLE;58:c1:c4:db:10:60;-48.0;;;;-48.0;1.5848931924611143e-08;0.000352;5.578824037463122e-12;1.7493445982711178e-10;34;0x00;39;ROUGE;False
1787576574.1489177;21.160061337000116;BLE Sniffer;iBeacon;2,4 GHz BLE;54:0d:73:47:4a:1a;-49.0;;;;-49.0;1.2589254117941661e-08;0.000368;4.632845515402531e-12;1.6531973369640426e-10;36;0x00;37;ROUGE;False
1787576574.154105;21.165251807000004;BLE Sniffer;iBeacon;2,4 GHz BLE;54:0d:73:47:4a:1a;-48.0;;;;-48.0;1.5848931924611143e-08;0.000368;5.8324069482569e-12;1.7115214064466116e-10;36;0x00;38;ROUGE;False
1787576574.2321894;21.24015048399997;Simulation RF;Détection RF large bande;868 MHz;868 MHz;;2605;2.0993731460604703;-39.97492584241881;-72.97492584241881;5.0408922656146644e-11;0.1;5.040892265614665e-12;3.8266103974408074e-09;;;;VERT;True
1787576574.2324848;21.24015048399997;Simulation RF;Détection RF large bande;2,45 GHz;2,45 GHz;;2786;2.2451238589063;-45.804954356252;-62.504954356252;5.6170018171566e-10;0.1;5.6170018171566e-11;1.2763348794107616e-08;;;;ORANGE;True
1787576574.2429936;21.254137791000176;Wi-Fi;Wi-Fi;2,4/5 GHz;wlan0;-25.0;;;;-25.0;3.162277660168379e-06;0.1;3.162277660168379e-07;1.1806341333196511e-05;;;;ROUGE;False
1787576574.3292627;21.34023510599991;Simulation RF;Détection RF large bande;868 MHz;868 MHz;;2615;2.1077063879845213;-40.30825551938085;-73.30825551938085;4.6684686640969433e-11;0.1;4.6684686640969435e-12;3.831278866104905e-09;;;;VERT;True
1787576574.3293993;21.34023510599991;Simulation RF;Détection RF large bande;2,45 GHz;2,45 GHz;;2800;2.256079685881258;-46.24318743525032;-62.943187435250316;5.077866238518194e-10;0.1;5.077866238518194e-11;1.2814127456492797e-08;;;;ORANGE;True
1787576574.3377483;21.34889270399981;Wi-Fi;Wi-Fi;2,4/5 GHz;wlan0;-27.0;;;;-27.0;1.9952623149688787e-06;0.1;1.9952623149688787e-07;1.2005867564693399e-05;;;;ROUGE;False
1787576574.3691158;21.380261022000013;BLE Sniffer;Appareil BLE;2,4 GHz BLE;58:c1:c4:db:10:60;-58.0;;;;-58.0;1.584893192461111e-09;0.000352;5.57882403746311e-13;1.754923422308581e-10;34;0x00;39;ORANGE;False
1787576574.4293358;21.44031667399986;Simulation RF;Détection RF large bande;868 MHz;868 MHz;;2683;2.1623592733988874;-42.49437093595549;-75.49437093595549;2.82203831825757e-11;0.1;2.8220383182575703e-12;3.834100904423162e-09;;;;VERT;True
1787576574.4294896;21.44031667399986;Simulation RF;Détection RF large bande;2,45 GHz;2,45 GHz;;2797;2.2538098441039383;-46.15239376415752;-62.85239376415752;5.185141631467895e-10;0.1;5.185141631467895e-11;1.2865978872807475e-08;;;;ORANGE;True
1787576574.4409873;21.452131993999956;Wi-Fi;Wi-Fi;2,4/5 GHz;wlan0;-27.0;;;;-27.0;1.9952623149688787e-06;0.1;1.9952623149688787e-07;1.2205393796190287e-05;;;;ROUGE;False
1787576574.4733477;21.484495602000152;BLE Sniffer;iBeacon;2,4 GHz BLE;54:0d:73:47:4a:1a;-62.0;;;;-62.0;6.309573444801942e-10;0.000368;2.321923027687115e-13;1.7138433294742987e-10;36;0x00;37;ORANGE;False
1787576574.4765072;21.48765288000004;BLE Sniffer;iBeacon;2,4 GHz BLE;54:0d:73:47:4a:1a;-59.0;;;;-59.0;1.2589254117941663e-09;0.000368;4.632845515402531e-13;1.7184761749897013e-10;36;0x00;38;ORANGE;False
1787576574.477407;21.48855170800016;BLE Sniffer;iBeacon;2,4 GHz BLE;54:0d:73:47:4a:1a;-61.0;;;;-61.0;7.943282347242822e-10;0.000368;2.9231279037853586e-13;1.7213993028934867e-10;36;0x00;39;ORANGE;False
1787576574.5293944;21.540399092999905;Simulation RF;Détection RF large bande;868 MHz;868 MHz;;2703;2.1784492734905174;-43.137970939620686;-76.13797093962069;2.4333406207582813e-11;0.1;2.4333406207582814e-12;3.83653424504392e-09;;;;VERT;True
1787576574.5295427;21.540399092999905;Simulation RF;Détection RF large bande;2,45 GHz;2,45 GHz;;2816;2.2690863488867414;-46.76345395546966;-63.46345395546965;4.5045831136166226e-10;0.1;4.5045831136166226e-11;1.2911024703943642e-08;;;;ORANGE;True
1787576574.5379055;21.54904941299992;Wi-Fi;Wi-Fi;2,4/5 GHz;wlan0;-27.0;;;;-27.0;1.9952623149688787e-06;0.1;1.9952623149688787e-07;1.2404920027687174e-05;;;;ROUGE;False
1787576574.6295173;21.640481826999803;Simulation RF;Détection RF large bande;868 MHz;868 MHz;;2744;2.2114688165909118;-44.45875266363646;-77.45875266363646;1.7952491659698824e-11;0.1;1.7952491659698825e-12;3.8383294942098906e-09;;;;VERT;True
1787576574.6296704;21.640481826999803;Simulation RF;Détection RF large bande;2,45 GHz;2,45 GHz;;2856;2.3013172121327976;-48.052688485311904;-64.75268848531191;3.347581441041072e-10;0.1;3.347581441041072e-11;1.2944500518354052e-08;;;;ORANGE;True
1787576574.6374195;21.64856366899994;Wi-Fi;Wi-Fi;2,4/5 GHz;wlan0;-26.0;;;;-26.0;2.5118864315095823e-06;0.1;2.5118864315095823e-07;1.2656108670838133e-05;;;;ROUGE;False
1787576574.683748;21.69489325199993;BLE Sniffer;Appareil BLE;2,4 GHz BLE;58:c1:c4:db:10:60;-65.0;;;;-65.0;3.1622776601683795e-10;0.000352;1.1131217363792695e-13;1.7560365440449602e-10;34;0x00;37;ORANGE;False
1787576574.729671;21.74063754200006;Simulation RF;Détection RF large bande;868 MHz;868 MHz;;2731;2.2008008575962674;-44.03203430385069;-77.0320343038507;1.9805990646461093e-11;0.1;1.9805990646461093e-12;3.8403100932745365e-09;;;;VERT;True
1787576574.7298126;21.74063754200006;Simulation RF;Détection RF large bande;2,45 GHz;2,45 GHz;;2822;2.27415568237361;-46.96622729494439;-63.666227294944385;4.2990972607872544e-10;0.1;4.299097260787255e-11;1.2987491490961924e-08;;;;ORANGE;True
1787576574.7381296;21.749274157999935;Wi-Fi;Wi-Fi;2,4/5 GHz;wlan0;-27.0;;;;-27.0;1.9952623149688787e-06;0.1;1.9952623149688787e-07;1.2855634902335021e-05;;;;ROUGE;False
1787576574.7877023;21.798847740999918;BLE Sniffer;iBeacon;2,4 GHz BLE;54:0d:73:47:4a:1a;-65.0;;;;-65.0;3.1622776601683795e-10;0.000368;1.1637181789419636e-13;1.7225630210724286e-10;36;0x00;38;ORANGE;False
1787576574.7877872;21.79893068499996;BLE Sniffer;iBeacon;2,4 GHz BLE;54:0d:73:47:4a:1a;-66.0;;;;-66.0;2.511886431509582e-10;0.000368;9.243742067955262e-14;1.7234873952792242e-10;36;0x00;39;ORANGE;False
1787576574.8297305;21.84071885000003;Simulation RF;Détection RF large bande;868 MHz;868 MHz;;2715;2.1876292558116535;-43.50517023246614;-76.50517023246614;2.2360575491973156e-11;0.1;2.2360575491973156e-12;3.842546150823734e-09;;;;VERT;True
1787576574.8298736;21.84071885000003;Simulation RF;Détection RF large bande;2,45 GHz;2,45 GHz;;2765;2.228125352842077;-45.125014113683065;-61.82501411368307;6.568989816853615e-10;0.1;6.568989816853615e-11;1.305318138913046e-08;;;;ORANGE;True
1787576574.8381684;21.849313170000187;Wi-Fi;Wi-Fi;2,4/5 GHz;wlan0;-27.0;;;;-27.0;1.9952623149688787e-06;0.1;1.9952623149688787e-07;1.3055161133831909e-05;;;;ROUGE;False
1787576574.8953314;21.90647617200011;Simulation LoRa;LoRa;868 MHz;LoRa 868.100 MHz;-90.38491046401376;;;;-90.38491046401376;9.151851269302279e-13;0.046335999999999995;4.240601804143903e-14;1.3840260324031318e-12;13;"SNR=7.26;SF=7;BW=125.0;CR=4/5;F=868.100;CRC=OK;PAYLOAD=54454d504f5f4c4f52415f3231";7;VERT;True
1787576574.8954208;21.906564096999773;BLE Sniffer;Appareil BLE;2,4 GHz BLE;58:c1:c4:db:10:60;-64.0;;;;-64.0;3.9810717055349694e-10;0.000352;1.4013372403483091e-13;1.7574378812853086e-10;34;0x00;37;ORANGE;False
1787576574.929819;21.940797269000086;Simulation RF;Détection RF large bande;868 MHz;868 MHz;;2653;2.1376334981667715;-41.50533992667086;-74.50533992667086;3.543773917196034e-11;0.1;3.5437739171960338e-12;3.84608992474093e-09;;;;VERT;True
1787576574.9299586;21.940797269000086;Simulation RF;Détection RF large bande;2,45 GHz;2,45 GHz;;2789;2.2477746206726676;-45.9109848269067;-62.6109848269067;5.481526491137721e-10;0.1;5.481526491137721e-11;1.3107996654041838e-08;;;;ORANGE;True
1787576574.9384284;21.949572865999926;Wi-Fi;Wi-Fi;2,4/5 GHz;wlan0;-27.0;;;;-27.0;1.9952623149688787e-06;0.1;1.9952623149688787e-07;1.3254687365328796e-05;;;;ROUGE;False
1787576574.9977882;22.0089331879999;BLE Sniffer;Appareil BLE;2,4 GHz BLE;58:c1:c4:db:10:60;-68.0;;;;-68.0;1.584893192461111e-10;0.000352;5.57882403746311e-14;1.7579957636890548e-10;34;0x00;38;ORANGE;False
1787576575.000708;22.01185350500009;BLE Sniffer;Appareil BLE;2,4 GHz BLE;58:c1:c4:db:10:60;-70.0;;;;-70.0;1e-10;0.000352;3.52e-14;1.7583477636890549e-10;34;0x00;39;ORANGE;False
1787576575.0007973;22.01194046699993;BLE Sniffer;iBeacon;2,4 GHz BLE;54:0d:73:47:4a:1a;-57.0;;;;-57.0;1.9952623149688828e-09;0.000368;7.342565319085488e-13;1.7308299605983096e-10;36;0x00;37;ORANGE;False
1787576575.0299053;22.040877206000005;Simulation RF;Détection RF large bande;868 MHz;868 MHz;;2766;2.228773762388557;-45.150950495542276;-78.15095049554228;1.5307524050264543e-11;0.1;1.5307524050264544e-12;3.8476206771459565e-09;;;;VERT;True
1787576575.030045;22.040877206000005;Simulation RF;Détection RF large bande;2,45 GHz;2,45 GHz;;2841;2.289244380295901;-47.569775211836046;-64.26977521183605;3.7412995250810996e-10;0.1;3.7412995250811e-11;1.3145409649292648e-08;;;;ORANGE;True
1787576575.0383275;22.04947208199974;Wi-Fi;Wi-Fi;2,4/5 GHz;wlan0;-27.0;;;;-27.0;1.9952623149688787e-06;0.1;1.9952623149688787e-07;1.3454213596825684e-05;;;;ROUGE;False
1787576575.1039228;22.115068219000023;BLE Sniffer;iBeacon;2,4 GHz BLE;54:0d:73:47:4a:1a;-56.0;;;;-56.0;2.511886431509582e-09;0.000368;9.243742067955263e-13;1.740073702666265e-10;36;0x00;38;ORANGE;False
1787576575.1299536;22.140959532000124;Simulation RF;Détection RF large bande;868 MHz;868 MHz;;2644;2.1302995471505706;-41.211981886022826;-74.21198188602283;3.7914192554207305e-11;0.1;3.791419255420731e-12;3.851412096401377e-09;;;;VERT;True
1787576575.1301048;22.140959532000124;Simulation RF;Détection RF large bande;2,45 GHz;2,45 GHz;;2783;2.2425337431119425;-45.701349724477694;-62.40134972447769;5.752611267092475e-10;0.1;5.752611267092476e-11;1.3202935761963574e-08;;;;ORANGE;True
1787576575.1382775;22.149422205000064;Wi-Fi;Wi-Fi;2,4/5 GHz;wlan0;-27.0;;;;-27.0;1.9952623149688787e-06;0.1;1.9952623149688787e-07;1.3653739828322572e-05;;;;ROUGE;False
1787576575.2106726;22.2218182470001;BLE Sniffer;Appareil BLE;2,4 GHz BLE;58:c1:c4:db:10:60;-68.0;;;;-68.0;1.584893192461111e-10;0.000352;5.57882403746311e-14;1.758905646092801e-10;34;0x00;39;ORANGE;False
1787576575.2300408;22.24103943099999;Simulation RF;Détection RF large bande;868 MHz;868 MHz;;2704;2.1788791299970596;-43.155165199882376;-76.15516519988238;2.423725767475511e-11;0.1;2.423725767475511e-12;3.853835822168852e-09;;;;VERT;True
1787576575.2302234;22.24103943099999;Simulation RF;Détection RF large bande;2,45 GHz;2,45 GHz;;2855;2.3007255479865467;-48.02902191946187;-64.72902191946187;3.3658736414053636e-10;0.1;3.3658736414053635e-11;1.3236594498377627e-08;;;;ORANGE;True
1787576575.2383187;22.24946293799985;Wi-Fi;Wi-Fi;2,4/5 GHz;wlan0;-27.0;;;;-27.0;1.9952623149688787e-06;0.1;1.9952623149688787e-07;1.385326605981946e-05;;;;ROUGE;False
1787576575.315046;22.32619139899998;BLE Sniffer;iBeacon;2,4 GHz BLE;54:0d:73:47:4a:1a;-65.0;;;;-65.0;3.1622776601683795e-10;0.000368;1.1637181789419636e-13;1.7412374208452069e-10;36;0x00;37;ORANGE;False
1787576575.315136;22.326279584000076;BLE Sniffer;iBeacon;2,4 GHz BLE;54:0d:73:47:4a:1a;-66.0;;;;-66.0;2.511886431509582e-10;0.000368;9.243742067955262e-14;1.7421617950520024e-10;36;0x00;38;ORANGE;False
1787576575.3301103;22.34111738599995;Simulation RF;Détection RF large bande;868 MHz;868 MHz;;2676;2.156753084744251;-42.270123389770035;-75.27012338977003;2.971581603315668e-11;0.1;2.971581603315668e-12;3.856807403772168e-09;;;;VERT;True
1787576575.330262;22.34111738599995;Simulation RF;Détection RF large bande;2,45 GHz;2,45 GHz;;2867;2.3103564541069406;-48.41425816427761;-65.11425816427762;3.080166432079974e-10;0.1;3.080166432079974e-11;1.3267396162698427e-08;;;;ORANGE;True
1787576575.3384836;22.349627985000097;Wi-Fi;Wi-Fi;2,4/5 GHz;wlan0;-28.0;;;;-28.0;1.584893192461114e-06;0.1;1.584893192461114e-07;1.401175537906557e-05;;;;ROUGE;False
1787576575.4193864;22.4305319959999;BLE Sniffer;iBeacon;2,4 GHz BLE;54:0d:73:47:4a:1a;-68.0;;;;-68.0;1.584893192461111e-10;0.000368;5.832406948256888e-14;1.742745035746828e-10;36;0x00;39;ORANGE;False
1787576575.4301867;22.44119730400007;Simulation RF;Détection RF large bande;868 MHz;868 MHz;;2742;2.2094437427776725;-44.3777497111069;-77.3777497111069;1.829047688361331e-11;0.1;1.829047688361331e-12;3.858636451460529e-09;;;;VERT;True
1787576575.4303346;22.44119730400007;Simulation RF;Détection RF large bande;2,45 GHz;2,45 GHz;;2842;2.2899234977062766;-47.59693990825106;-64.29693990825106;3.717971095903647e-10;0.1;3.7179710959036474e-11;1.3304575873657463e-08;;;;ORANGE;True
1787576575.4383209;22.449465349000093;Wi-Fi;Wi-Fi;2,4/5 GHz;wlan0;-26.0;;;;-26.0;2.5118864315095823e-06;0.1;2.5118864315095823e-07;1.426294402221653e-05;;;;ROUGE;False
1787576575.5245109;22.535656495999774;BLE Sniffer;Appareil BLE;2,4 GHz BLE;58:c1:c4:db:10:60;-65.0;;;;-65.0;3.1622776601683795e-10;0.000352;1.1131217363792695e-13;1.7600187678291803e-10;34;0x00;37;ORANGE;False
1787576575.524596;22.535739643999932;BLE Sniffer;Appareil BLE;2,4 GHz BLE;58:c1:c4:db:10:60;-64.0;;;;-64.0;3.9810717055349694e-10;0.000352;1.4013372403483091e-13;1.7614201050695287e-10;34;0x00;38;ORANGE;False
1787576575.5246358;22.53577934699979;BLE Sniffer;Appareil BLE;2,4 GHz BLE;58:c1:c4:db:10:60;-73.0;;;;-73.0;5.011872336272715e-11;0.000352;1.7641790623679955e-14;1.7615965229757654e-10;34;0x00;39;VERT;False
1787576575.530258;22.54127418500002;Simulation RF;Détection RF large bande;868 MHz;868 MHz;;2744;2.2116354182868445;-44.46541673147378;-77.46541673147378;1.7924965433721816e-11;0.1;1.7924965433721817e-12;3.860428948003901e-09;;;;VERT;True
1787576575.530407;22.54127418500002;Simulation RF;Détection RF large bande;2,45 GHz;2,45 GHz;;2796;2.2529371917166467;-46.11748766866587;-62.817487668665876;5.226984751330685e-10;0.1;5.226984751330686e-11;1.335684572117077e-08;;;;ORANGE;True
1787576575.5383198;22.54946448999999;Wi-Fi;Wi-Fi;2,4/5 GHz;wlan0;-26.0;;;;-26.0;2.5118864315095823e-06;0.1;2.5118864315095823e-07;1.4514132665367489e-05;;;;ROUGE;False
1787576575.6304824;22.64162693499975;BLE Sniffer;iBeacon;2,4 GHz BLE;54:0d:73:47:4a:1a;-65.0;;;;-65.0;3.1622776601683795e-10;0.000368;1.1637181789419636e-13;1.74390875392577e-10;36;0x00;37;ORANGE;False
1787576575.6305647;22.64170795300015;BLE Sniffer;iBeacon;2,4 GHz BLE;54:0d:73:47:4a:1a;-64.0;;;;-64.0;3.9810717055349694e-10;0.000368;1.4650343876368688e-13;1.7453737883134068e-10;36;0x00;38;ORANGE;False
1787576575.6306074;22.64175074900004;BLE Sniffer;Appareil BLE;2,4 GHz BLE;54:0e:73:47:4a:18;-91.0;;;;-91.0;7.943282347242822e-13;0.000368;2.9231279037853584e-16;2.9231279037853584e-16;36;0x00;39;VERT;False
1787576575.6337388;22.641382510999847;Simulation RF;Détection RF large bande;868 MHz;868 MHz;;2690;2.1675894601302543;-42.703578405210166;-75.70357840521017;2.6893180050220685e-11;0.1;2.6893180050220685e-12;3.863118266008924e-09;;;;VERT;True
1787576575.63388;22.641382510999847;Simulation RF;Détection RF large bande;2,45 GHz;2,45 GHz;;2785;2.2446896520953232;-45.787586083812926;-62.48758608381293;5.639510266626063e-10;0.1;5.639510266626063e-11;1.341324082383703e-08;;;;ORANGE;True
1787576575.6423588;22.653502996000043;Wi-Fi;Wi-Fi;2,4/5 GHz;wlan0;-27.0;;;;-27.0;1.9952623149688787e-06;0.1;1.9952623149688787e-07;1.4713658896864376e-05;;;;ROUGE;False
1787576575.7305074;22.74146794699982;Simulation RF;Détection RF large bande;868 MHz;868 MHz;;2656;2.14020107380272;-41.6080429521088;-74.6080429521088;3.4609530255523856e-11;0.1;3.4609530255523856e-12;3.866579219034476e-09;;;;VERT;True
1787576575.7306588;22.74146794699982;Simulation RF;Détection RF large bande;2,45 GHz;2,45 GHz;;2835;2.2842357559855855;-47.36943023942342;-64.06943023942343;3.917932739660669e-10;0.1;3.917932739660669e-11;1.3452420151233637e-08;;;;ORANGE;True
1787576575.739218;22.750363061999906;Wi-Fi;Wi-Fi;2,4/5 GHz;wlan0;-28.0;;;;-28.0;1.584893192461114e-06;0.1;1.584893192461114e-07;1.4872148216110488e-05;;;;ROUGE;False
1787576575.8305762;22.841546736000055;Simulation RF;Détection RF large bande;868 MHz;868 MHz;;2738;2.206259302133157;-44.250372085326276;-77.25037208532628;1.8834877132365974e-11;0.1;1.8834877132365974e-12;3.868462706747713e-09;;;;VERT;True
1787576575.8307152;22.841546736000055;Simulation RF;Détection RF large bande;2,45 GHz;2,45 GHz;;2890;2.3288441489941447;-49.15376595976578;-65.85376595976578;2.597905826966884e-10;0.1;2.597905826966884e-11;1.3478399209503306e-08;;;;ORANGE;True
1787576575.8402674;22.851412641000024;BLE Sniffer;Appareil BLE;2,4 GHz BLE;58:c1:c4:db:10:60;-71.0;;;;-71.0;7.943282347242822e-11;0.000352;2.796035386229473e-14;1.7618761265143883e-10;34;0x00;37;VERT;False
1787576575.8403492;22.851492622000023;BLE Sniffer;Appareil BLE;2,4 GHz BLE;58:c1:c4:db:10:60;-70.0;;;;-70.0;1e-10;0.000352;3.52e-14;1.7622281265143884e-10;34;0x00;38;ORANGE;False
1787576575.8403895;22.851532677999785;BLE Sniffer;Appareil BLE;2,4 GHz BLE;58:c1:c4:db:10:60;-78.0;;;;-78.0;1.5848931924611107e-11;0.000352;5.5788240374631096e-15;1.762283914754763e-10;34;0x00;39;VERT;False
1787576575.842392;22.853537184999823;BLE Sniffer;iBeacon;2,4 GHz BLE;54:0d:73:47:4a:1a;-66.0;;;;-66.0;2.511886431509582e-10;0.000368;9.243742067955262e-14;1.7462981625202024e-10;36;0x00;37;ORANGE;False
1787576575.839236;22.850380850999954;Wi-Fi;Wi-Fi;2,4/5 GHz;wlan0;-29.0;;;;-29.0;1.2589254117941661e-06;0.1;1.2589254117941662e-07;1.4998040757289904e-05;;;;ROUGE;False
1787576575.9306684;22.941632449999815;Simulation RF;Détection RF large bande;868 MHz;868 MHz;;2723;2.194730886471879;-43.789235458875154;-76.78923545887515;2.0944811402556737e-11;0.1;2.094481140255674e-12;3.870557187887969e-09;;;;VERT;True
1787576575.9308312;22.941632449999815;Simulation RF;Détection RF large bande;2,45 GHz;2,45 GHz;;2882;2.322296283595574;-48.89185134382295;-65.59185134382295;2.7594013067133657e-10;0.1;2.7594013067133657e-11;1.350599322257044e-08;;;;ORANGE;True
1787576575.9393613;22.950505861999773;Wi-Fi;Wi-Fi;2,4/5 GHz;wlan0;-30.0;;;;-30.0;1e-06;0.1;1e-07;1.5098040757289904e-05;;;;ROUGE;False
1787576575.9476395;22.958784701999775;BLE Sniffer;iBeacon;2,4 GHz BLE;54:0d:73:47:4a:1a;-68.0;;;;-68.0;1.584893192461111e-10;0.000368;5.832406948256888e-14;1.746881403215028e-10;36;0x00;38;ORANGE;False
1787576575.947773;22.95891646100017;Simulation LoRa;LoRa;868 MHz;LoRa 868.100 MHz;-85.02138254926534;;;;-85.02138254926534;3.146746407636655e-12;0.046335999999999995;1.4580764154425203e-13;1.5298336739473838e-12;13;"SNR=7.58;SF=7;BW=125.0;CR=4/5;F=868.100;CRC=OK;PAYLOAD=54454d504f5f4c4f52415f3232";7;VERT;True
1787576575.947874;22.959017626999866;BLE Sniffer;iBeacon;2,4 GHz BLE;54:0d:73:47:4a:1a;-75.0;;;;-75.0;3.1622776601683794e-11;0.000368;1.1637181789419636e-14;1.7469977750329222e-10;36;0x00;39;VERT;False
1787576576.0307388;23.041709441999956;Simulation RF;Détection RF large bande;868 MHz;868 MHz;;2739;2.2072513328730685;-44.29005331492273;-77.29005331492273;1.8663567788976395e-11;0.1;1.8663567788976394e-12;3.872423544666866e-09;;;;VERT;True
1787576576.0308726;23.041709441999956;Simulation RF;Détection RF large bande;2,45 GHz;2,45 GHz;;2874;2.3163833355090655;-48.65533342036261;-65.35533342036261;2.91384642181432e-10;0.1;2.91384642181432e-11;1.3535131686788583e-08;;;;ORANGE;True
1787576576.039309;23.05045390999976;Wi-Fi;Wi-Fi;2,4/5 GHz;wlan0;-30.0;;;;-30.0;1e-06;0.1;1e-07;1.5198040757289905e-05;;;;ROUGE;False
1787576576.054201;23.065345638000053;BLE Sniffer;Appareil BLE;2,4 GHz BLE;58:c1:c4:db:10:60;-68.0;;;;-68.0;1.584893192461111e-10;0.000352;5.57882403746311e-14;1.7628417971585092e-10;34;0x00;37;ORANGE;False
1787576576.0572696;23.068415452999943;BLE Sniffer;Appareil Apple BLE;2,4 GHz BLE;58:c1:c4:db:10:60;-71.0;;;;-71.0;7.943282347242822e-11;0.000352;2.796035386229473e-14;1.763121400697132e-10;34;0x00;38;VERT;False
1787576576.1308165;23.14178513700017;Simulation RF;Détection RF large bande;868 MHz;868 MHz;;2689;2.166985141657321;-42.67940566629284;-75.67940566629284;2.704328427195871e-11;0.1;2.7043284271958712e-12;3.875127873094062e-09;;;;VERT;True
1787576576.1309574;23.14178513700017;Simulation RF;Détection RF large bande;2,45 GHz;2,45 GHz;;2812;2.2657765841416433;-46.631063365665725;-63.33106336566572;4.6440155304831193e-10;0.1;4.644015530483119e-11;1.3581571842093414e-08;;;;ORANGE;True
1787576576.1394675;23.150612104000174;Wi-Fi;Wi-Fi;2,4/5 GHz;wlan0;-32.0;;;;-32.0;6.30957344480193e-07;0.1;6.30957344480193e-08;1.5261136491737924e-05;;;;ROUGE;False
1787576576.1598277;23.170972967000125;BLE Sniffer;Appareil BLE;2,4 GHz BLE;58:c1:c4:db:10:60;-74.0;;;;-74.0;3.9810717055349695e-11;0.000352;1.4013372403483093e-14;1.7632615344211669e-10;34;0x00;39;VERT;False
1787576576.1599069;23.171050448000187;BLE Sniffer;iBeacon;2,4 GHz BLE;54:0d:73:47:4a:1a;-66.0;;;;-66.0;2.511886431509582e-10;0.000368;9.243742067955262e-14;1.7479221492397178e-10;36;0x00;37;ORANGE;False
1787576576.1627948;23.17394007899975;BLE Sniffer;iBeacon;2,4 GHz BLE;54:0d:73:47:4a:1a;-67.0;;;;-67.0;1.9952623149688828e-10;0.000368;7.342565319085489e-14;1.7486564057716264e-10;36;0x00;38;ORANGE;False
1787576576.2308874;23.241863702000046;Simulation RF;Détection RF large bande;868 MHz;868 MHz;;2742;2.2094288119222405;-44.37715247688962;-77.37715247688962;1.8292992331135428e-11;0.1;1.829299233113543e-12;3.876957172327176e-09;;;;VERT;True
1787576576.231029;23.241863702000046;Simulation RF;Détection RF large bande;2,45 GHz;2,45 GHz;;2866;2.3095314725913743;-48.38125890365497;-65.08125890365497;3.1036597896809313e-10;0.1;3.103659789680931e-11;1.3612608439990224e-08;;;;ORANGE;True
1787576576.239551;23.25069550299986;Wi-Fi;Wi-Fi;2,4/5 GHz;wlan0;-32.0;;;;-32.0;6.30957344480193e-07;0.1;6.30957344480193e-08;1.5324232226185944e-05;;;;ROUGE;False
1787576576.266165;23.27731110700006;BLE Sniffer;iBeacon;2,4 GHz BLE;54:0d:73:47:4a:1a;-68.0;;;;-68.0;1.584893192461111e-10;0.000368;5.832406948256888e-14;1.749239646466452e-10;36;0x00;39;ORANGE;False
1787576576.3309777;23.341937397000038;Simulation RF;Détection RF large bande;868 MHz;868 MHz;;2709;2.1827348082390396;-43.30939232956159;-76.30939232956159;2.3391645146771434e-11;0.1;2.3391645146771435e-12;3.879296336841853e-09;;;;VERT;True
1787576576.3311195;23.341937397000038;Simulation RF;Détection RF large bande;2,45 GHz;2,45 GHz;;2867;2.310792588983846;-48.431703559353835;-65.13170355935384;3.0678183728604567e-10;0.1;3.067818372860457e-11;1.3643286623718829e-08;;;;ORANGE;True
1787576576.339546;23.350689993999822;Wi-Fi;Wi-Fi;2,4/5 GHz;wlan0;-33.0;;;;-33.0;5.011872336272725e-07;0.1;5.011872336272725e-08;1.537435094954867e-05;;;;ROUGE;False
1787576576.370706;23.38185196099994;BLE Sniffer;Appareil BLE;2,4 GHz BLE;58:c1:c4:db:10:60;-68.0;;;;-68.0;1.584893192461111e-10;0.000352;5.57882403746311e-14;1.763819416824913e-10;34;0x00;37;ORANGE;False
1787576576.3737874;23.384933535000073;BLE Sniffer;Appareil BLE;2,4 GHz BLE;58:c1:c4:db:10:60;-66.0;;;;-66.0;2.511886431509582e-10;0.000352;8.841840238913729e-14;1.7647036008488045e-10;34;0x00;38;ORANGE;False
1787576576.4310427;23.44201268400002;Simulation RF;Détection RF large bande;868 MHz;868 MHz;;2694;2.1709227461095475;-42.83690984438189;-75.83690984438189;2.6080085783709275e-11;0.1;2.6080085783709277e-12;3.881904345420224e-09;;;;VERT;True
1787576576.4311934;23.44201268400002;Simulation RF;Détection RF large bande;2,45 GHz;2,45 GHz;;2856;2.30165548256517;-48.06621930260678;-64.76621930260679;3.337167994189499e-10;0.1;3.337167994189499e-11;1.3676658303660723e-08;;;;ORANGE;True
1787576576.4396558;23.450799725999786;Wi-Fi;Wi-Fi;2,4/5 GHz;wlan0;-33.0;;;;-33.0;5.011872336272725e-07;0.1;5.011872336272725e-08;1.5424469672911396e-05;;;;ROUGE;False
1787576576.4760532;23.48719932899985;BLE Sniffer;Appareil BLE;2,4 GHz BLE;58:c1:c4:db:10:60;-67.0;;;;-67.0;1.9952623149688828e-10;0.000352;7.023323348690468e-14;1.7654059331836736e-10;34;0x00;39;ORANGE;False
1787576576.4761314;23.48727490200008;BLE Sniffer;iBeacon;2,4 GHz BLE;54:0d:73:47:4a:1a;-69.0;;;;-69.0;1.2589254117941662e-10;0.000368;4.6328455154025316e-14;1.7497029310179923e-10;36;0x00;37;ORANGE;False
1787576576.4792445;23.490389977000177;BLE Sniffer;iBeacon;2,4 GHz BLE;54:0d:73:47:4a:1a;-68.0;;;;-68.0;1.584893192461111e-10;0.000496;7.86107023460711e-14;1.750489038041453e-10;52;0x00;38;ORANGE;False
1787576576.4812033;23.49234833599985;BLE Sniffer;iBeacon;2,4 GHz BLE;54:0d:73:47:4a:1a;-68.0;;;;-68.0;1.584893192461111e-10;0.000368;5.832406948256888e-14;1.7510722787362788e-10;36;0x00;39;ORANGE;False
1787576576.5311365;23.542097841999748;Simulation RF;Détection RF large bande;868 MHz;868 MHz;;2691;2.1686507678291074;-42.74603071316429;-75.74603071316429;2.663157973207495e-11;0.1;2.663157973207495e-12;3.8845675033934315e-09;;;;VERT;True
1787576576.5312877;23.542097841999748;Simulation RF;Détection RF large bande;2,45 GHz;2,45 GHz;;2830;2.280522346387007;-47.220893855480284;-63.92089385548028;4.0542508314968216e-10;0.1;4.054250831496822e-11;1.3717200811975692e-08;;;;ORANGE;True
1787576576.5397663;23.55091058700009;Wi-Fi;Wi-Fi;2,4/5 GHz;wlan0;-35.0;;;;-35.0;3.162277660168379e-07;0.1;3.162277660168379e-08;1.545609244951308e-05;;;;ROUGE;False
1787576576.631188;23.642180888999974;Simulation RF;Détection RF large bande;868 MHz;868 MHz;;2778;2.2385350622255404;-45.54140248902162;-78.54140248902162;1.3991354197681684e-11;0.1;1.3991354197681685e-12;3.8859666388132e-09;;;;VERT;True
1787576576.6313307;23.642180888999974;Simulation RF;Détection RF large bande;2,45 GHz;2,45 GHz;;2832;2.282109239831845;-47.28436959327381;-63.98436959327381;3.9954255330306876e-10;0.1;3.9954255330306876e-11;1.3757155067305999e-08;;;;ORANGE;True
1787576576.6403222;23.65146648300015;Wi-Fi;Wi-Fi;2,4/5 GHz;wlan0;-35.0;;;;-35.0;3.162277660168379e-07;0.1;3.162277660168379e-08;1.5487715226114766e-05;;;;ROUGE;False
1787576576.7313147;23.742264676000104;Simulation RF;Détection RF large bande;868 MHz;868 MHz;;2781;2.2409334652109267;-45.63733860843706;-78.63733860843706;1.368567237702396e-11;0.1;1.368567237702396e-12;3.887335206050902e-09;;;;VERT;True
1787576576.7314794;23.742264676000104;Simulation RF;Détection RF large bande;2,45 GHz;2,45 GHz;;2878;2.3193836264019754;-48.77534505607902;-65.47534505607902;2.834428423257132e-10;0.1;2.8344284232571323e-11;1.3785499351538571e-08;;;;ORANGE;True
1787576576.741932;23.753075984000134;Wi-Fi;Wi-Fi;2,4/5 GHz;wlan0;-36.0;;;;-36.0;2.5118864315095823e-07;0.1;2.5118864315095824e-08;1.5512834090429862e-05;;;;ROUGE;False
1787576576.7900038;23.80114851799999;BLE Sniffer;iBeacon;2,4 GHz BLE;54:0d:73:47:4a:1a;-77.0;;;;-77.0;1.9952623149688828e-11;0.000368;7.342565319085488e-15;1.7511457043894695e-10;36;0x00;37;VERT;False
1787576576.7900825;23.80122596199999;BLE Sniffer;iBeacon;2,4 GHz BLE;54:0d:73:47:4a:1a;-72.0;;;;-72.0;6.309573444801942e-11;0.000368;2.3219230276871148e-14;1.7513778966922382e-10;36;0x00;38;VERT;False
1787576576.7933648;23.804510220999873;BLE Sniffer;iBeacon;2,4 GHz BLE;54:0d:73:47:4a:1a;-68.0;;;;-68.0;1.584893192461111e-10;0.000368;5.832406948256888e-14;1.7519611373870638e-10;36;0x00;39;ORANGE;False
1787576576.8313503;23.842348240999854;Simulation RF;Détection RF large bande;868 MHz;868 MHz;;2784;2.243402469501483;-45.73609878005932;-78.73609878005932;1.3377967051405407e-11;0.1;1.3377967051405407e-12;3.888673002756043e-09;;;;VERT;True
1787576576.8314934;23.842348240999854;Simulation RF;Détection RF large bande;2,45 GHz;2,45 GHz;;2832;2.2817983279786382;-47.27193311914553;-63.97193311914553;4.006883246891609e-10;0.1;4.0068832468916096e-11;1.3825568184007487e-08;;;;ORANGE;True
1787576576.8399558;23.851100375999977;Wi-Fi;Wi-Fi;2,4/5 GHz;wlan0;-36.0;;;;-36.0;2.5118864315095823e-07;0.1;2.5118864315095824e-08;1.5537952954744958e-05;;;;ROUGE;False
1787576576.9002538;23.911399043000074;Simulation LoRa;LoRa;868 MHz;LoRa 868.100 MHz;-90.78755616474123;;;;-90.78755616474123;8.341504405961307e-13;0.046335999999999995;3.865119481546231e-14;1.5684848687628461e-12;13;"SNR=9.01;SF=7;BW=125.0;CR=4/5;F=868.100;CRC=OK;PAYLOAD=54454d504f5f4c4f52415f3233";7;VERT;True
1787576576.900343;23.911486578999757;BLE Sniffer;Appareil BLE;2,4 GHz BLE;58:c1:c4:db:10:60;-71.0;;;;-71.0;7.943282347242822e-11;0.000352;2.796035386229473e-14;1.7656855367222965e-10;34;0x00;37;VERT;False
1787576576.9314814;23.942428861999815;Simulation RF;Détection RF large bande;868 MHz;868 MHz;;2764;2.227763480230949;-45.11053920923797;-78.11053920923797;1.5450625964962638e-11;0.1;1.5450625964962638e-12;3.890218065352539e-09;;;;VERT;True
1787576576.931632;23.942428861999815;Simulation RF;Détection RF large bande;2,45 GHz;2,45 GHz;;2878;2.319019141624838;-48.760765664993514;-65.46076566499352;2.8439596706546346e-10;0.1;2.8439596706546347e-11;1.3854007780714035e-08;;;;ORANGE;True
1787576576.9407396;23.951885548000064;Wi-Fi;Wi-Fi;2,4/5 GHz;wlan0;-37.0;;;;-37.0;1.9952623149688787e-07;0.1;1.995262314968879e-08;1.5557905577894648e-05;;;;ROUGE;False
1787576577.002827;24.0139723530001;BLE Sniffer;Appareil BLE;2,4 GHz BLE;58:c1:c4:db:10:60;-70.0;;;;-70.0;1e-10;0.000352;3.52e-14;1.7660375367222965e-10;34;0x00;38;ORANGE;False
1787576577.0061684;24.01731388899998;BLE Sniffer;Appareil BLE;2,4 GHz BLE;58:c1:c4:db:10:60;-69.0;;;;-69.0;1.2589254117941662e-10;0.000352;4.4314174495154645e-14;1.766480678467248e-10;34;0x00;39;ORANGE;False
1787576577.006251;24.017394480999883;BLE Sniffer;iBeacon;2,4 GHz BLE;54:0d:73:47:4a:1a;-70.0;;;;-70.0;1e-10;0.000368;3.68e-14;1.7523291373870638e-10;36;0x00;37;ORANGE;False
1787576577.0315435;24.042512334000094;Simulation RF;Détection RF large bande;868 MHz;868 MHz;;2745;2.2122467916510202;-44.4898716660408;-77.4898716660408;1.782431437494158e-11;0.1;1.7824314374941582e-12;3.892000496790033e-09;;;;VERT;True
1787576577.031686;24.042512334000094;Simulation RF;Détection RF large bande;2,45 GHz;2,45 GHz;;2942;2.371115916854603;-50.844636674184116;-67.54463667418412;1.7600959052606126e-10;0.1;1.7600959052606128e-11;1.3871608739766641e-08;;;;ORANGE;True
1787576577.0401351;24.051279394000176;Wi-Fi;Wi-Fi;2,4/5 GHz;wlan0;-37.0;;;;-37.0;1.9952623149688787e-07;0.1;1.995262314968879e-08;1.5577858201044338e-05;;;;ROUGE;False
1787576577.1138315;24.124976557000082;BLE Sniffer;iBeacon;2,4 GHz BLE;54:0d:73:47:4a:1a;-69.0;;;;-69.0;1.2589254117941662e-10;0.000368;4.6328455154025316e-14;1.752792421938604e-10;36;0x00;38;ORANGE;False
1787576577.1169066;24.12805246500011;BLE Sniffer;iBeacon;2,4 GHz BLE;54:0d:73:47:4a:1a;-70.0;;;;-70.0;1e-10;0.000368;3.68e-14;1.753160421938604e-10;36;0x00;39;ORANGE;False
1787576577.1319993;24.14264810199984;Simulation RF;Détection RF large bande;868 MHz;868 MHz;;2737;2.205285842887548;-44.211433715501926;-77.21143371550193;1.9004507896677568e-11;0.1;1.900450789667757e-12;3.893900947579701e-09;;;;VERT;True
1787576577.1322925;24.14264810199984;Simulation RF;Détection RF large bande;2,45 GHz;2,45 GHz;;2907;2.3422542293225432;-49.69016917290173;-66.39016917290174;2.2960592068276462e-10;0.1;2.2960592068276464e-11;1.3894569331834917e-08;;;;ORANGE;True
1787576577.1423945;24.1535388530001;Wi-Fi;Wi-Fi;2,4/5 GHz;wlan0;-38.0;;;;-38.0;1.584893192461114e-07;0.1;1.5848931924611143e-08;1.559370713296895e-05;;;;ROUGE;False
1787576577.222442;24.23358729399979;BLE Sniffer;Appareil BLE;2,4 GHz BLE;58:c1:c4:db:10:60;-75.0;;;;-75.0;3.1622776601683794e-11;0.000352;1.1131217363792696e-14;1.766591990640886e-10;34;0x00;37;VERT;False
1787576577.2317178;24.24272827699997;Simulation RF;Détection RF large bande;868 MHz;868 MHz;;2670;2.1515579865312415;-42.06231946124966;-75.06231946124966;3.1172243057200654e-11;0.1;3.1172243057200654e-12;3.897018171885421e-09;;;;VERT;True
1787576577.2318764;24.24272827699997;Simulation RF;Détection RF large bande;2,45 GHz;2,45 GHz;;2896;2.33408715414179;-49.36348616567159;-66.06348616567159;2.4754341810670387e-10;0.1;2.4754341810670388e-11;1.3919323673645588e-08;;;;ORANGE;True
1787576577.2403104;24.251454855999782;Wi-Fi;Wi-Fi;2,4/5 GHz;wlan0;-38.0;;;;-38.0;1.584893192461114e-07;0.1;1.5848931924611143e-08;1.560955606489356e-05;;;;ROUGE;False
1787576577.3281927;24.33933834299978;BLE Sniffer;iBeacon;2,4 GHz BLE;54:0d:73:47:4a:1a;-65.0;;;;-65.0;3.1622776601683795e-10;0.000368;1.1637181789419636e-13;1.754324140117546e-10;36;0x00;38;ORANGE;False
1787576577.3282826;24.339426343000014;BLE Sniffer;iBeacon;2,4 GHz BLE;54:0d:73:47:4a:1a;-65.0;;;;-65.0;3.1622776601683795e-10;0.000368;1.1637181789419636e-13;1.7554878582964878e-10;36;0x00;39;ORANGE;False
1787576577.3317919;24.342809693000163;Simulation RF;Détection RF large bande;868 MHz;868 MHz;;2720;2.1921097847692486;-43.68439139076993;-76.68439139076993;2.1456597820470565e-11;0.1;2.1456597820470564e-12;3.899163831667467e-09;;;;VERT;True
1787576577.3319914;24.342809693000163;Simulation RF;Détection RF large bande;2,45 GHz;2,45 GHz;;2901;2.337702407197218;-49.50809628788872;-66.20809628788872;2.3943650865534193e-10;0.1;2.3943650865534196e-11;1.3943267324511122e-08;;;;ORANGE;True
1787576577.340683;24.351827306999894;Wi-Fi;Wi-Fi;2,4/5 GHz;wlan0;-38.0;;;;-38.0;1.584893192461114e-07;0.1;1.5848931924611143e-08;1.562540499681817e-05;;;;ROUGE;False
1787576577.434548;24.443365218000054;Simulation RF;Détection RF large bande;868 MHz;868 MHz;;2769;2.2317780353626584;-45.271121414506325;-78.27112141450633;1.4889765516412902e-11;0.1;1.4889765516412903e-12;3.900652808219109e-09;;;;VERT;True
1787576577.434695;24.443365218000054;Simulation RF;Détection RF large bande;2,45 GHz;2,45 GHz;;2893;2.3315125714237603;-49.26050285695041;-65.96050285695041;2.5348351123195996e-10;0.1;2.5348351123195996e-11;1.3968615675634319e-08;;;;ORANGE;True
1787576577.4432557;24.45439980099991;Wi-Fi;Wi-Fi;2,4/5 GHz;wlan0;-38.0;;;;-38.0;1.584893192461114e-07;0.1;1.5848931924611143e-08;1.564125392874278e-05;;;;ROUGE;False
1787576577.5324674;24.543442022999898;Simulation RF;Détection RF large bande;868 MHz;868 MHz;;2767;2.2300963125415247;-45.20385250166099;-78.20385250166099;1.5122192070389697e-11;0.1;1.5122192070389699e-12;3.902165027426148e-09;;;;VERT;True
1787576577.5326097;24.543442022999898;Simulation RF;Détection RF large bande;2,45 GHz;2,45 GHz;;2898;2.335325442750871;-49.413017710034836;-66.11301771003484;2.447362092982745e-10;0.1;2.447362092982745e-11;1.3993089296564147e-08;;;;ORANGE;True
1787576577.5402796;24.55142782799976;BLE Sniffer;Appareil BLE;2,4 GHz BLE;58:c1:c4:db:10:60;-73.0;;;;-73.0;5.011872336272715e-11;0.000352;1.7641790623679955e-14;1.7667684085471227e-10;34;0x00;37;VERT;False
1787576577.5404265;24.55156993799983;BLE Sniffer;Appareil BLE;2,4 GHz BLE;58:c1:c4:db:10:60;-66.0;;;;-66.0;2.511886431509582e-10;0.000352;8.841840238913729e-14;1.7676525925710142e-10;34;0x00;38;ORANGE;False
1787576577.5460732;24.5572175530001;Wi-Fi;Wi-Fi;2,4/5 GHz;wlan0;-38.0;;;;-38.0;1.584893192461114e-07;0.1;1.5848931924611143e-08;1.565710286066739e-05;;;;ROUGE;False
1787576577.6325493;24.643519252999795;Simulation RF;Détection RF large bande;868 MHz;868 MHz;;2694;2.171177288715896;-42.847091548635845;-75.84709154863585;2.601901461986229e-11;0.1;2.6019014619862292e-12;3.904766928888134e-09;;;;VERT;True
1787576577.6326861;24.643519252999795;Simulation RF;Détection RF large bande;2,45 GHz;2,45 GHz;;2827;2.2782151567929585;-47.12860627171834;-63.82860627171834;4.141325560039551e-10;0.1;4.1413255600395516e-11;1.4034502552164542e-08;;;;ORANGE;True
1787576577.6410868;24.65223088799985;Wi-Fi;Wi-Fi;2,4/5 GHz;wlan0;-40.0;;;;-40.0;1e-07;0.1;1e-08;1.5667102860667393e-05;;;;ROUGE;False
1787576577.6467516;24.65789724399974;BLE Sniffer;Appareil BLE;2,4 GHz BLE;58:c1:c4:db:10:60;-66.0;;;;-66.0;2.511886431509582e-10;0.000352;8.841840238913729e-14;1.7685367765949056e-10;34;0x00;39;ORANGE;False
1787576577.6468372;24.657980669000153;BLE Sniffer;iBeacon;2,4 GHz BLE;54:0d:73:47:4a:1a;-71.0;;;;-71.0;7.943282347242822e-11;0.000368;2.923127903785358e-14;1.7557801710868664e-10;36;0x00;37;VERT;False
1787576577.6468782;24.65802146499982;BLE Sniffer;iBeacon;2,4 GHz BLE;54:0d:73:47:4a:1a;-67.0;;;;-67.0;1.9952623149688828e-10;0.000368;7.342565319085489e-14;1.756514427618775e-10;36;0x00;38;ORANGE;False
1787576577.6536386;24.66478433300017;BLE Sniffer;iBeacon;2,4 GHz BLE;54:0d:73:47:4a:1a;-69.0;;;;-69.0;1.2589254117941662e-10;0.000368;4.6328455154025316e-14;1.7569777121703152e-10;36;0x00;39;ORANGE;False
1787576577.7413352;24.74361513199983;Simulation RF;Détection RF large bande;868 MHz;868 MHz;;2756;2.2210531432304093;-44.84212572921636;-77.84212572921636;1.643567054070818e-11;0.1;1.643567054070818e-12;3.906410495942205e-09;;;;VERT;True
1787576577.7418604;24.74361513199983;Simulation RF;Détection RF large bande;2,45 GHz;2,45 GHz;;2919;2.3519071399089437;-50.07628559635775;-66.77628559635775;2.1007358182280795e-10;0.1;2.1007358182280797e-11;1.4055509910346823e-08;;;;ORANGE;True
1787576577.7523382;24.76348262700003;Wi-Fi;Wi-Fi;2,4/5 GHz;wlan0;-40.0;;;;-40.0;1e-07;0.1;1e-08;1.5677102860667394e-05;;;;ROUGE;False
1787576577.7605927;24.77173813499985;BLE Sniffer;Appareil BLE;2,4 GHz BLE;58:c1:c4:db:10:60;-70.0;;;;-70.0;1e-10;0.000352;3.52e-14;1.7688887765949057e-10;34;0x00;37;ORANGE;False
1787576577.8327243;24.843695047999972;Simulation RF;Détection RF large bande;868 MHz;868 MHz;;2754;2.2189710193856675;-44.75884077542669;-77.75884077542669;1.6753900136661362e-11;0.1;1.6753900136661362e-12;3.9080858859558705e-09;;;;VERT;True
1787576577.8328714;24.843695047999972;Simulation RF;Détection RF large bande;2,45 GHz;2,45 GHz;;2948;2.3756960307365924;-51.02784122946369;-67.72784122946369;1.6873915776100585e-10;0.1;1.6873915776100585e-11;1.4072383826122923e-08;;;;ORANGE;True
1787576577.8413725;24.85251710800003;Wi-Fi;Wi-Fi;2,4/5 GHz;wlan0;-38.0;;;;-38.0;1.584893192461114e-07;0.1;1.5848931924611143e-08;1.5692951792592005e-05;;;;ROUGE;False
1787576577.8622737;24.873418078999748;BLE Sniffer;Appareil BLE;2,4 GHz BLE;58:c1:c4:db:10:60;-72.0;;;;-72.0;6.309573444801942e-11;0.000352;2.2209698525702838e-14;1.7691108735801628e-10;34;0x00;38;VERT;False
1787576577.8623405;24.87348368899984;BLE Sniffer;Appareil BLE;2,4 GHz BLE;58:c1:c4:db:10:60;-72.0;;;;-72.0;6.309573444801942e-11;0.000352;2.2209698525702838e-14;1.76933297056542e-10;34;0x00;39;VERT;False
1787576577.936069;24.944018110999878;Simulation RF;Détection RF large bande;868 MHz;868 MHz;;2809;2.26352867756179;-46.54114710247161;-79.54114710247161;1.1114381242399994e-11;0.1;1.1114381242399994e-12;3.909197324080111e-09;;;;VERT;True
1787576577.9485016;24.944018110999878;Simulation RF;Détection RF large bande;2,45 GHz;2,45 GHz;;2914;2.3482759046853547;-49.93103618741418;-66.63103618741418;2.1721828538196782e-10;0.1;2.1721828538196783e-11;1.409410565466112e-08;;;;ORANGE;True
1787576577.9591787;24.97032390200002;Wi-Fi;Wi-Fi;2,4/5 GHz;wlan0;-38.0;;;;-38.0;1.584893192461114e-07;0.1;1.5848931924611143e-08;1.5708800724516615e-05;;;;ROUGE;False
1787576577.9682393;24.979384312000093;BLE Sniffer;iBeacon;2,4 GHz BLE;54:0d:73:47:4a:1a;-76.0;;;;-76.0;2.5118864315095823e-11;0.000368;9.243742067955263e-15;1.7570701495909948e-10;36;0x00;37;VERT;False
1787576577.968353;24.979496460000064;Simulation LoRa;LoRa;868 MHz;LoRa 868.100 MHz;-89.50542580784574;;;;-89.50542580784574;1.1206175488167225e-12;0.046335999999999995;5.1924934741971647e-14;1.6204098035048178e-12;13;"SNR=5.47;SF=7;BW=125.0;CR=4/5;F=868.100;CRC=OK;PAYLOAD=54454d504f5f4c4f52415f3234";7;VERT;True
1787576577.9683964;24.979540052000175;BLE Sniffer;iBeacon;2,4 GHz BLE;54:0d:73:47:4a:1a;-65.0;;;;-65.0;3.1622776601683795e-10;0.000368;1.1637181789419636e-13;1.7582338677699367e-10;36;0x00;38;ORANGE;False
1787576577.9684365;24.97957982900016;BLE Sniffer;iBeacon;2,4 GHz BLE;54:0d:73:47:4a:1a;-66.0;;;;-66.0;2.511886431509582e-10;0.000368;9.243742067955262e-14;1.7591582419767323e-10;36;0x00;39;ORANGE;False
1787576578.0331292;25.044095859999743;Simulation RF;Détection RF large bande;868 MHz;868 MHz;;2767;2.2299227979087957;-45.19691191635182;-78.19691191635182;1.5146378602913806e-11;0.1;1.5146378602913806e-12;3.910711961940402e-09;;;;VERT;True
1787576578.0332701;25.044095859999743;Simulation RF;Détection RF large bande;2,45 GHz;2,45 GHz;;2909;2.3443176945098565;-49.772707780394256;-66.47270778039426;2.2528341557892506e-10;0.1;2.2528341557892508e-11;1.4116633996219013e-08;;;;ORANGE;True
1787576578.0417814;25.05292614200016;Wi-Fi;Wi-Fi;2,4/5 GHz;wlan0;-37.0;;;;-37.0;1.9952623149688787e-07;0.1;1.995262314968879e-08;1.5728753347666305e-05;;;;ROUGE;False
1787576578.0767803;25.08792514100014;BLE Sniffer;Appareil BLE;2,4 GHz BLE;58:c1:c4:db:10:60;-67.0;;;;-67.0;1.9952623149688828e-10;0.000352;7.023323348690468e-14;1.770035302900289e-10;34;0x00;37;ORANGE;False
1787576578.0802429;25.09138856499976;BLE Sniffer;Appareil BLE;2,4 GHz BLE;58:c1:c4:db:10:60;-69.0;;;;-69.0;1.2589254117941662e-10;0.000352;4.4314174495154645e-14;1.7704784446452405e-10;34;0x00;38;ORANGE;False
1787576578.0803306;25.091474139000184;BLE Sniffer;Appareil BLE;2,4 GHz BLE;58:c1:c4:db:10:60;-68.0;;;;-68.0;1.584893192461111e-10;0.000352;5.57882403746311e-14;1.7710363270489867e-10;34;0x00;39;ORANGE;False
1787576578.1332185;25.14418009000019;Simulation RF;Détection RF large bande;868 MHz;868 MHz;;2748;2.2143457236555224;-44.573828946220885;-77.57382894622089;1.7483046206355185e-11;0.1;1.7483046206355186e-12;3.912460266561038e-09;;;;VERT;True
1787576578.1333592;25.14418009000019;Simulation RF;Détection RF large bande;2,45 GHz;2,45 GHz;;2862;2.3067333189567014;-48.26933275826805;-64.96933275826805;3.184686773323407e-10;0.1;3.184686773323407e-11;1.4148480863952246e-08;;;;ORANGE;True
1787576578.1422484;25.153392535999956;Wi-Fi;Wi-Fi;2,4/5 GHz;wlan0;-37.0;;;;-37.0;1.9952623149688787e-07;0.1;1.995262314968879e-08;1.5748705970815995e-05;;;;ROUGE;False
1787576578.1839092;25.195054291999895;BLE Sniffer;iBeacon;2,4 GHz BLE;54:0d:73:47:4a:1a;-68.0;;;;-68.0;1.584893192461111e-10;0.000368;5.832406948256888e-14;1.759741482671558e-10;36;0x00;37;ORANGE;False
1787576578.1870978;25.19824344000017;BLE Sniffer;iBeacon;2,4 GHz BLE;54:0d:73:47:4a:1a;-66.0;;;;-66.0;2.511886431509582e-10;0.000368;9.243742067955262e-14;1.7606658568783535e-10;36;0x00;38;ORANGE;False
1787576578.1871839;25.198327292000158;BLE Sniffer;iBeacon;2,4 GHz BLE;54:0d:73:47:4a:1a;-80.0;;;;-80.0;1e-11;0.000368;3.68e-15;1.7607026568783535e-10;36;0x00;39;VERT;False
1787576578.2332783;25.24426633799976;Simulation RF;Détection RF large bande;868 MHz;868 MHz;;2781;2.2407283080609477;-45.62913232243791;-78.62913232243791;1.3711556821895292e-11;0.1;1.3711556821895293e-12;3.913831422243227e-09;;;;VERT;True
1787576578.2334235;25.24426633799976;Simulation RF;Détection RF large bande;2,45 GHz;2,45 GHz;;2853;2.2994146053138427;-47.9765842125537;-64.6765842125537;3.4067603086724873e-10;0.1;3.4067603086724877e-11;1.418254846703897e-08;;;;ORANGE;True
1787576578.2419362;25.25308037900004;Wi-Fi;Wi-Fi;2,4/5 GHz;wlan0;-35.0;;;;-35.0;3.162277660168379e-07;0.1;3.162277660168379e-08;1.578032874741768e-05;;;;ROUGE;False
1787576578.3333719;25.344344956999976;Simulation RF;Détection RF large bande;868 MHz;868 MHz;;2735;2.203810152863079;-44.15240611452316;-77.15240611452316;1.92645730552636e-11;0.1;1.92645730552636e-12;3.915757879548753e-09;;;;VERT;True
1787576578.333505;25.344344956999976;Simulation RF;Détection RF large bande;2,45 GHz;2,45 GHz;;2971;2.3939846213192864;-51.75938485277145;-68.45938485277145;1.4258095350744267e-10;0.1;1.4258095350744267e-11;1.4196806562389715e-08;;;;ORANGE;True
1787576578.3475342;25.358678558000065;Wi-Fi;Wi-Fi;2,4/5 GHz;wlan0;-35.0;;;;-35.0;3.162277660168379e-07;0.1;3.162277660168379e-08;1.5811951524019365e-05;;;;ROUGE;False
1787576578.3946495;25.40579533800019;BLE Sniffer;Appareil BLE;2,4 GHz BLE;58:c1:c4:db:10:60;-74.0;;;;-74.0;3.9810717055349695e-11;0.000352;1.4013372403483093e-14;1.7711764607730215e-10;34;0x00;37;VERT;False
1787576578.433454;25.444425261000106;Simulation RF;Détection RF large bande;868 MHz;868 MHz;;2774;2.235633640522682;-45.42534562090728;-78.42534562090728;1.4370286869661363e-11;0.1;1.4370286869661363e-12;3.917194908235719e-09;;;;VERT;True
1787576578.4335935;25.444425261000106;Simulation RF;Détection RF large bande;2,45 GHz;2,45 GHz;;2910;2.3447581622087768;-49.79032648835107;-66.49032648835107;2.243713242437915e-10;0.1;2.243713242437915e-11;1.4219243694814093e-08;;;;ORANGE;True
1787576578.4421506;25.453294931000073;Wi-Fi;Wi-Fi;2,4/5 GHz;wlan0;-34.0;;;;-34.0;3.981071705534969e-07;0.1;3.9810717055349696e-08;1.5851762241074714e-05;;;;ROUGE;False
1787576578.4994404;25.51058589200011;BLE Sniffer;iBeacon;2,4 GHz BLE;54:0d:73:47:4a:1a;-66.0;;;;-66.0;2.511886431509582e-10;0.000368;9.243742067955262e-14;1.761627031085149e-10;36;0x00;38;ORANGE;False
1787576578.502564;25.513709244999973;BLE Sniffer;iBeacon;2,4 GHz BLE;54:0d:73:47:4a:1a;-72.0;;;;-72.0;6.309573444801942e-11;0.000368;2.3219230276871148e-14;1.7618592233879177e-10;36;0x00;39;VERT;False
1787576578.533784;25.544555230999777;Simulation RF;Détection RF large bande;868 MHz;868 MHz;;2834;2.283662594543196;-47.34650378172783;-80.34650378172783;9.233144275581724e-12;0.1;9.233144275581725e-13;3.918118222663278e-09;;;;VERT;True
1787576578.5340471;25.544555230999777;Simulation RF;Détection RF large bande;2,45 GHz;2,45 GHz;;2867;2.3105452960860826;-48.421811843443294;-65.1218118434433;3.0748137582784694e-10;0.1;3.074813758278469e-11;1.4249991832396879e-08;;;;ORANGE;True
1787576578.5482118;25.55935964399987;Wi-Fi;Wi-Fi;2,4/5 GHz;wlan0;-34.0;;;;-34.0;3.981071705534969e-07;0.1;3.9810717055349696e-08;1.5891572958130062e-05;;;;ROUGE;False
1787576578.6336775;25.644643646000077;Simulation RF;Détection RF large bande;868 MHz;868 MHz;;2846;2.2930985282344305;-47.72394112937722;-80.72394112937722;8.464589221615519e-12;0.1;8.464589221615519e-13;3.918964681585439e-09;;;;VERT;True
1787576578.6338136;25.644643646000077;Simulation RF;Détection RF large bande;2,45 GHz;2,45 GHz;;2860;2.3051559444711556;-48.206237778846216;-64.90623777884622;3.231292124445464e-10;0.1;3.231292124445464e-11;1.4282304753641334e-08;;;;ORANGE;True
1787576578.6435132;25.654657457999747;Wi-Fi;Wi-Fi;2,4/5 GHz;wlan0;-34.0;;;;-34.0;3.981071705534969e-07;0.1;3.9810717055349696e-08;1.593138367518541e-05;;;;ROUGE;False
1787576578.7120152;25.723160149999785;BLE Sniffer;Appareil BLE;2,4 GHz BLE;58:c1:c4:db:10:60;-67.0;;;;-67.0;1.9952623149688828e-10;0.000352;7.023323348690468e-14;1.7718787931078906e-10;34;0x00;37;ORANGE;False
1787576578.715689;25.726834776000032;BLE Sniffer;Appareil BLE;2,4 GHz BLE;58:c1:c4:db:10:60;-63.0;;;;-63.0;5.011872336272714e-10;0.000352;1.7641790623679954e-13;1.7736429721702587e-10;34;0x00;38;ORANGE;False
1787576578.7158558;25.72699996099982;BLE Sniffer;Appareil BLE;2,4 GHz BLE;58:c1:c4:db:10:60;-67.0;;;;-67.0;1.9952623149688828e-10;0.000352;7.023323348690468e-14;1.7743453045051277e-10;34;0x00;39;ORANGE;False
1787576578.7337368;25.744723709000027;Simulation RF;Détection RF large bande;868 MHz;868 MHz;;2730;2.2003340087345875;-44.01336034938349;-77.01336034938349;1.989133653144693e-11;0.1;1.9891336531446932e-12;3.920953815238584e-09;;;;VERT;True
1787576578.7338924;25.744723709000027;Simulation RF;Détection RF large bande;2,45 GHz;2,45 GHz;;2860;2.3045572909209198;-48.182291636836794;-64.8822916368368;3.2491580418449564e-10;0.1;3.249158041844956e-11;1.4314796334059783e-08;;;;ORANGE;True
1787576578.7439148;25.755059018999873;Wi-Fi;Wi-Fi;2,4/5 GHz;wlan0;-34.0;;;;-34.0;3.981071705534969e-07;0.1;3.9810717055349696e-08;1.597119439224076e-05;;;;ROUGE;False
1787576578.8225262;25.833671448000132;BLE Sniffer;iBeacon;2,4 GHz BLE;54:0d:73:47:4a:1a;-72.0;;;;-72.0;6.309573444801942e-11;0.000368;2.3219230276871148e-14;1.7620914156906864e-10;36;0x00;37;VERT;False
1787576578.8249705;25.836115860000064;BLE Sniffer;iBeacon;2,4 GHz BLE;54:0d:73:47:4a:1a;-66.0;;;;-66.0;2.511886431509582e-10;0.000368;9.243742067955262e-14;1.763015789897482e-10;36;0x00;38;ORANGE;False
1787576578.8261588;25.8373045379999;BLE Sniffer;iBeacon;2,4 GHz BLE;54:0d:73:47:4a:1a;-70.0;;;;-70.0;1e-10;0.000368;3.68e-14;1.763383789897482e-10;36;0x00;39;ORANGE;False
1787576578.8338401;25.844811993999883;Simulation RF;Détection RF large bande;868 MHz;868 MHz;;2819;2.2717834199577633;-46.87133679831054;-79.87133679831054;1.0300690069361213e-11;0.1;1.0300690069361214e-12;3.92198388424552e-09;;;;VERT;True
1787576578.8339996;25.844811993999883;Simulation RF;Détection RF large bande;2,45 GHz;2,45 GHz;;2912;2.3465746227063042;-49.86298490825216;-66.56298490825216;2.2064876915991117e-10;0.1;2.2064876915991117e-11;1.4336861210975774e-08;;;;ORANGE;True
1787576578.8482685;25.8594171499999;Wi-Fi;Wi-Fi;2,4/5 GHz;wlan0;-33.0;;;;-33.0;5.011872336272725e-07;0.1;5.011872336272725e-08;1.6021313115603484e-05;;;;ROUGE;False
1787576578.9334016;25.94454735599993;Simulation LoRa;LoRa;868 MHz;LoRa 868.100 MHz;-82.39141456223926;;;;-82.39141456223926;5.765786324992685e-12;0.046335999999999995;2.6716347515486103e-13;1.887573278659679e-12;13;"SNR=5.49;SF=7;BW=125.0;CR=4/5;F=868.100;CRC=OK;PAYLOAD=54454d504f5f4c4f52415f3235";7;VERT;True
1787576578.9334943;25.944637818000047;BLE Sniffer;Appareil BLE;2,4 GHz BLE;58:c1:c4:db:10:60;-87.0;;;;-87.0;1.9952623149688827e-12;0.000352;7.023323348690467e-16;1.7743523278284763e-10;34;0x00;37;VERT;False
1787576578.9363725;25.947518024000146;BLE Sniffer;Appareil BLE;2,4 GHz BLE;58:c1:c4:db:10:60;-70.0;;;;-70.0;1e-10;0.000352;3.52e-14;1.7747043278284763e-10;34;0x00;38;ORANGE;False
1787576578.938064;25.944915261000006;Simulation RF;Détection RF large bande;868 MHz;868 MHz;;2750;2.215926960219289;-44.63707840877156;-77.63707840877156;1.7230273022572073e-11;0.1;1.7230273022572073e-12;3.923706911547777e-09;;;;VERT;True
1787576578.938229;25.944915261000006;Simulation RF;Détection RF large bande;2,45 GHz;2,45 GHz;;2929;2.3600965998996064;-50.40386399598425;-67.10386399598426;1.9481105595254027e-10;0.1;1.9481105595254027e-11;1.4356342316571028e-08;;;;ORANGE;True
1787576578.9469721;25.958116443000108;Wi-Fi;Wi-Fi;2,4/5 GHz;wlan0;-33.0;;;;-33.0;5.011872336272725e-07;0.1;5.011872336272725e-08;1.607143183896621e-05;;;;ROUGE;False
1787576579.0340204;26.044998434999798;Simulation RF;Détection RF large bande;868 MHz;868 MHz;;2744;2.210968984804546;-44.43875939218184;-77.43875939218184;1.8035328653931224e-11;0.1;1.8035328653931225e-12;3.92551044441317e-09;;;;VERT;True
1787576579.034154;26.044998434999798;Simulation RF;Détection RF large bande;2,45 GHz;2,45 GHz;;2888;2.327356203924866;-49.09424815699464;-65.79424815699464;2.633753855068455e-10;0.1;2.6337538550684552e-11;1.4382679855121712e-08;;;;ORANGE;True
1787576579.0421069;26.053254274999745;BLE Sniffer;Appareil BLE;2,4 GHz BLE;58:c1:c4:db:10:60;-68.0;;;;-68.0;1.584893192461111e-10;0.000352;5.57882403746311e-14;1.7752622102322226e-10;34;0x00;39;ORANGE;False
1787576579.042209;26.053352774999894;BLE Sniffer;iBeacon;2,4 GHz BLE;54:0d:73:47:4a:1a;-77.0;;;;-77.0;1.9952623149688828e-11;0.000368;7.342565319085488e-15;1.7634572155506727e-10;36;0x00;37;VERT;False
1787576579.042254;26.053397441000016;BLE Sniffer;iBeacon;2,4 GHz BLE;54:0d:73:47:4a:1a;-68.0;;;;-68.0;1.584893192461111e-10;0.000368;5.832406948256888e-14;1.7640404562454983e-10;36;0x00;38;ORANGE;False
1787576579.048761;26.059906070000125;Wi-Fi;Wi-Fi;2,4/5 GHz;wlan0;-33.0;;;;-33.0;5.011872336272725e-07;0.1;5.011872336272725e-08;1.6121550562328936e-05;;;;ROUGE;False
1787576579.1341128;26.14508297800012;Simulation RF;Détection RF large bande;868 MHz;868 MHz;;2760;2.2241535100804164;-44.966140403216656;-77.96614040321666;1.5972980434138745e-11;0.1;1.5972980434138746e-12;3.927107742456584e-09;;;;VERT;True
1787576579.13426;26.14508297800012;Simulation RF;Détection RF large bande;2,45 GHz;2,45 GHz;;2885;2.324541827808507;-48.981673112340275;-65.68167311234028;2.702916869231484e-10;0.1;2.7029168692314844e-11;1.4409709023814026e-08;;;;ORANGE;True
1787576579.1428556;26.154000018999795;Wi-Fi;Wi-Fi;2,4/5 GHz;wlan0;-33.0;;;;-33.0;5.011872336272725e-07;0.1;5.011872336272725e-08;1.617166928569166e-05;;;;ROUGE;False
1787576579.1498818;26.16102742200019;BLE Sniffer;iBeacon;2,4 GHz BLE;54:0d:73:47:4a:1a;-68.0;;;;-68.0;1.584893192461111e-10;0.000368;5.832406948256888e-14;1.764623696940324e-10;36;0x00;39;ORANGE;False
1787576579.2341943;26.245163188999868;Simulation RF;Détection RF large bande;868 MHz;868 MHz;;2777;2.2378387666530632;-45.513550666122526;-78.51355066612253;1.4081370755169145e-11;0.1;1.4081370755169146e-12;3.928515879532101e-09;;;;VERT;True
1787576579.2343316;26.245163188999868;Simulation RF;Détection RF large bande;2,45 GHz;2,45 GHz;;2962;2.3871292361377834;-51.48516944551133;-68.18516944551133;1.51873868535594e-10;0.1;1.51873868535594e-11;1.4424896410667586e-08;;;;ORANGE;True
1787576579.2429097;26.254054155000176;Wi-Fi;Wi-Fi;2,4/5 GHz;wlan0;-33.0;;;;-33.0;5.011872336272725e-07;0.1;5.011872336272725e-08;1.6221788009054387e-05;;;;ROUGE;False
1787576579.2555375;26.26668278499983;BLE Sniffer;Appareil BLE;2,4 GHz BLE;58:c1:c4:db:10:60;-69.0;;;;-69.0;1.2589254117941662e-10;0.000352;4.4314174495154645e-14;1.775705351977174e-10;34;0x00;37;ORANGE;False
1787576579.2556105;26.266753933000018;BLE Sniffer;Appareil BLE;2,4 GHz BLE;58:c1:c4:db:10:60;-66.0;;;;-66.0;2.511886431509582e-10;0.000352;8.841840238913729e-14;1.7765895360010655e-10;34;0x00;38;ORANGE;False
1787576579.259184;26.270329263999884;BLE Sniffer;Appareil BLE;2,4 GHz BLE;58:c1:c4:db:10:60;-68.0;;;;-68.0;1.584893192461111e-10;0.000352;5.57882403746311e-14;1.7771474184048118e-10;34;0x00;39;ORANGE;False
1787576579.3343048;26.345251842999915;Simulation RF;Détection RF large bande;868 MHz;868 MHz;;2786;2.2448994490987895;-45.79597796395157;-78.79597796395157;1.3194781521939992e-11;0.1;1.3194781521939993e-12;3.929835357684295e-09;;;;VERT;True
1787576579.334467;26.345251842999915;Simulation RF;Détection RF large bande;2,45 GHz;2,45 GHz;;2940;2.369070281040622;-50.762811241624874;-67.46281124162488;1.7935722495976398e-10;0.1;1.79357224959764e-11;1.4442832133163562e-08;;;;ORANGE;True
1787576579.3397882;26.350932846999967;Wi-Fi;Wi-Fi;2,4/5 GHz;wlan0;-33.0;;;;-33.0;5.011872336272725e-07;0.1;5.011872336272725e-08;1.6271906732417113e-05;;;;ROUGE;False
1787576579.365063;26.376207476999753;BLE Sniffer;iBeacon;2,4 GHz BLE;54:0d:73:47:4a:1a;-68.0;;;;-68.0;1.584893192461111e-10;0.000368;5.832406948256888e-14;1.7652069376351496e-10;36;0x00;37;ORANGE;False
1787576579.3651376;26.376281069000015;BLE Sniffer;iBeacon;2,4 GHz BLE;54:0d:73:47:4a:1a;-65.0;;;;-65.0;3.1622776601683795e-10;0.000368;1.1637181789419636e-13;1.7663706558140915e-10;36;0x00;38;ORANGE;False
1787576579.3686771;26.379822547999993;BLE Sniffer;iBeacon;2,4 GHz BLE;54:0d:73:47:4a:1a;-74.0;;;;-74.0;3.9810717055349695e-11;0.000368;1.4650343876368688e-14;1.7665171592528552e-10;36;0x00;39;VERT;False
1787576579.43434;26.44533359099978;Simulation RF;Détection RF large bande;868 MHz;868 MHz;;2801;2.257520743032656;-46.30082972130623;-79.30082972130623;1.1746731117428096e-11;0.1;1.1746731117428097e-12;3.931010030796038e-09;;;;VERT;True
1787576579.434495;26.44533359099978;Simulation RF;Détection RF large bande;2,45 GHz;2,45 GHz;;2904;2.3403172092536106;-49.612688370144426;-66.31268837014443;2.337389899405816e-10;0.1;2.3373898994058162e-11;1.446620603215762e-08;;;;ORANGE;True
1787576579.4430892;26.454234279000048;Wi-Fi;Wi-Fi;2,4/5 GHz;wlan0;-33.0;;;;-33.0;5.011872336272725e-07;0.1;5.011872336272725e-08;1.632202545577984e-05;;;;ROUGE;False
1787576579.4757218;26.486867365999842;BLE Sniffer;Appareil BLE;2,4 GHz BLE;58:c1:c4:db:10:60;-66.0;;;;-66.0;2.511886431509582e-10;0.000352;8.841840238913729e-14;1.7780316024287032e-10;34;0x00;37;ORANGE;False
1787576579.5344334;26.545415281999794;Simulation RF;Détection RF large bande;868 MHz;868 MHz;;2763;2.226804995417409;-45.072199816696354;-78.07219981669635;1.5587627481682103e-11;0.1;1.5587627481682104e-12;3.932568793544206e-09;;;;VERT;True
1787576579.534584;26.545415281999794;Simulation RF;Détection RF large bande;2,45 GHz;2,45 GHz;;2929;2.360569543424397;-50.42278173697588;-67.12278173697588;1.9396431021224954e-10;0.1;1.9396431021224957e-11;1.4485602463178845e-08;;;;ORANGE;True
1787576579.5505402;26.561689408999882;Wi-Fi;Wi-Fi;2,4/5 GHz;wlan0;-33.0;;;;-33.0;5.011872336272725e-07;0.1;5.011872336272725e-08;1.6372144179142565e-05;;;;ROUGE;False
1787576579.5775146;26.588660362000155;BLE Sniffer;Appareil BLE;2,4 GHz BLE;58:c1:c4:db:10:60;-64.0;;;;-64.0;3.9810717055349694e-10;0.000352;1.4013372403483091e-13;1.7794329396690516e-10;34;0x00;38;ORANGE;False
1787576579.577602;26.58874538000009;BLE Sniffer;Appareil BLE;2,4 GHz BLE;58:c1:c4:db:10:60;-66.0;;;;-66.0;2.511886431509582e-10;0.000352;8.841840238913729e-14;1.780317123692943e-10;34;0x00;39;ORANGE;False
1787576579.584286;26.59543230400004;BLE Sniffer;iBeacon;2,4 GHz BLE;54:0d:73:47:4a:1a;-66.0;;;;-66.0;2.511886431509582e-10;0.000368;9.243742067955262e-14;1.7674415334596507e-10;36;0x00;37;ORANGE;False
1787576579.6345532;26.645539640000152;Simulation RF;Détection RF large bande;868 MHz;868 MHz;;2778;2.2385690701401137;-45.54276280560454;-78.54276280560454;1.3986972449469921e-11;0.1;1.3986972449469923e-12;3.933967490789153e-09;;;;VERT;True
1787576579.6347103;26.645539640000152;Simulation RF;Détection RF large bande;2,45 GHz;2,45 GHz;;2859;2.303786127854924;-48.15144511419696;-64.85144511419696;3.2723179043471627e-10;0.1;3.272317904347163e-11;1.4518325642222317e-08;;;;ORANGE;True
1787576579.6444411;26.655585841000175;Wi-Fi;Wi-Fi;2,4/5 GHz;wlan0;-33.0;;;;-33.0;5.011872336272725e-07;0.1;5.011872336272725e-08;1.642226290250529e-05;;;;ROUGE;False
1787576579.6860597;26.697205338000003;BLE Sniffer;iBeacon;2,4 GHz BLE;54:0d:73:47:4a:1a;-64.0;;;;-64.0;3.9810717055349694e-10;0.000368;1.4650343876368688e-13;1.7689065678472876e-10;36;0x00;38;ORANGE;False
1787576579.6886175;26.69976324900017;BLE Sniffer;iBeacon;2,4 GHz BLE;54:0d:73:47:4a:1a;-63.0;;;;-63.0;5.011872336272714e-10;0.000368;1.8443690197483588e-13;1.770750936867036e-10;36;0x00;39;ORANGE;False
1787576579.7346168;26.745619461999922;Simulation RF;Détection RF large bande;868 MHz;868 MHz;;2824;2.275618250313273;-47.02473001253091;-80.02473001253091;9.943218859529528e-12;0.1;9.943218859529528e-13;3.934961812675106e-09;;;;VERT;True
1787576579.7347713;26.745619461999922;Simulation RF;Détection RF large bande;2,45 GHz;2,45 GHz;;2957;2.3829516928803733;-51.31806771521492;-68.01806771521493;1.5783133445896048e-10;0.1;1.578313344589605e-11;1.4534108775668212e-08;;;;ORANGE;True
1787576579.7434742;26.75461815000017;Wi-Fi;Wi-Fi;2,4/5 GHz;wlan0;-33.0;;;;-33.0;5.011872336272725e-07;0.1;5.011872336272725e-08;1.6472381625868016e-05;;;;ROUGE;False
1787576579.8020415;26.813186639999913;BLE Sniffer;Appareil BLE;2,4 GHz BLE;58:c1:c4:db:10:60;-63.0;;;;-63.0;5.011872336272714e-10;0.000352;1.7641790623679954e-13;1.7820813027553111e-10;34;0x00;37;ORANGE;False
1787576579.8021314;26.813274954000008;BLE Sniffer;Appareil BLE;2,4 GHz BLE;58:c1:c4:db:10:60;-60.0;;;;-60.0;1e-09;0.000352;3.52e-13;1.785601302755311e-10;34;0x00;38;ORANGE;False
1787576579.834749;26.845703393999884;Simulation RF;Détection RF large bande;868 MHz;868 MHz;;2820;2.27223484885587;-46.889393954234805;-79.8893939542348;1.0257950630871484e-11;0.1;1.0257950630871485e-12;3.9359876077381926e-09;;;;VERT;True
1787576579.834906;26.845703393999884;Simulation RF;Détection RF large bande;2,45 GHz;2,45 GHz;;2918;2.3517714194355857;-50.07085677742343;-66.77085677742343;2.1033634466772211e-10;0.1;2.103363446677221e-11;1.4555142410134985e-08;;;;ORANGE;True
1787576579.8439066;26.855051190999802;Wi-Fi;Wi-Fi;2,4/5 GHz;wlan0;-32.0;;;;-32.0;6.30957344480193e-07;0.1;6.30957344480193e-08;1.6535477360316037e-05;;;;ROUGE;False
1787576579.9050317;26.91617713000005;BLE Sniffer;Appareil BLE;2,4 GHz BLE;58:c1:c4:db:10:60;-62.0;;;;-62.0;6.309573444801942e-10;0.000352;2.2209698525702837e-13;1.7878222726078813e-10;34;0x00;39;ORANGE;False
1787576579.9090507;26.920196384000064;BLE Sniffer;iBeacon;2,4 GHz BLE;54:0d:73:47:4a:1a;-62.0;;;;-62.0;6.309573444801942e-10;0.000368;2.321923027687115e-13;1.7730728598947232e-10;36;0x00;37;ORANGE;False
1787576579.9091406;26.920283864999874;BLE Sniffer;iBeacon;2,4 GHz BLE;54:0d:73:47:4a:1a;-60.0;;;;-60.0;1e-09;0.000368;3.6800000000000005e-13;1.7767528598947232e-10;36;0x00;38;ORANGE;False
1787576579.909233;26.920376530999874;Simulation LoRa;LoRa;868 MHz;LoRa 868.100 MHz;-91.32789750113142;;;;-91.32789750113142;7.36563595076833e-13;0.046335999999999995;3.4129410741480134e-14;1.9217026894011592e-12;13;"SNR=6.85;SF=7;BW=125.0;CR=4/5;F=868.100;CRC=OK;PAYLOAD=54454d504f5f4c4f52415f3236";7;VERT;True
1787576579.9092753;26.92041869700006;BLE Sniffer;iBeacon;2,4 GHz BLE;54:0d:73:47:4a:1a;-62.0;;;;-62.0;6.309573444801942e-10;0.000368;2.321923027687115e-13;1.7790747829224104e-10;36;0x00;39;ORANGE;False
1787576579.9348657;26.94579351199991;Simulation RF;Détection RF large bande;868 MHz;868 MHz;;2798;2.255181878288739;-46.20727513154955;-79.20727513154955;1.2002521341244807e-11;0.1;1.2002521341244808e-12;3.937187859872317e-09;;;;VERT;True
1787576579.9351578;26.94579351199991;Simulation RF;Détection RF large bande;2,45 GHz;2,45 GHz;;2888;2.326969478746146;-49.07877914984583;-65.77877914984583;2.6431516722669576e-10;0.1;2.6431516722669576e-11;1.4581573926857655e-08;;;;ORANGE;True
1787576579.9449487;26.956093080999835;Wi-Fi;Wi-Fi;2,4/5 GHz;wlan0;-32.0;;;;-32.0;6.30957344480193e-07;0.1;6.30957344480193e-08;1.6598573094764057e-05;;;;ROUGE;False
1787576580.0349061;27.04587211099988;Simulation RF;Détection RF large bande;868 MHz;868 MHz;;2817;2.270240947671325;-46.809637906852984;-79.80963790685298;1.044807326429835e-11;0.1;1.044807326429835e-12;3.9382326671987475e-09;;;;VERT;True
1787576580.0350564;27.04587211099988;Simulation RF;Détection RF large bande;2,45 GHz;2,45 GHz;;2992;2.4114029794863274;-52.45611917945308;-69.15611917945309;1.214473609572636e-10;0.1;1.2144736095726362e-11;1.4593718662953382e-08;;;;ORANGE;True
1787576580.0436652;27.054809372999898;Wi-Fi;Wi-Fi;2,4/5 GHz;wlan0;-31.0;;;;-31.0;7.943282347242822e-07;0.1;7.943282347242822e-08;1.6678005918236487e-05;;;;ROUGE;False
1787576580.1221101;27.13325576499983;BLE Sniffer;Appareil BLE;2,4 GHz BLE;58:c1:c4:db:10:60;-64.0;;;;-64.0;3.9810717055349694e-10;0.000352;1.4013372403483091e-13;1.7892236098482297e-10;34;0x00;37;ORANGE;False
1787576580.1233058;27.134452034999867;BLE Sniffer;Appareil BLE;2,4 GHz BLE;58:c1:c4:db:10:60;-62.0;;;;-62.0;6.309573444801942e-10;0.000352;2.2209698525702837e-13;1.7914445797008e-10;34;0x00;38;ORANGE;False
1787576580.1233904;27.134533812999962;BLE Sniffer;Appareil BLE;2,4 GHz BLE;58:c1:c4:db:10:60;-65.0;;;;-65.0;3.1622776601683795e-10;0.000352;1.1131217363792695e-13;1.792557701437179e-10;34;0x00;39;ORANGE;False
1787576580.1349494;27.145956986999863;Simulation RF;Détection RF large bande;868 MHz;868 MHz;;2905;2.341272318517605;-49.65089274070421;-82.65089274070421;5.431386718097923e-12;0.1;5.431386718097923e-13;3.938775805870557e-09;;;;VERT;True
1787576580.1350963;27.145956986999863;Simulation RF;Détection RF large bande;2,45 GHz;2,45 GHz;;2982;2.4029287053158543;-52.11714821263416;-68.81714821263417;1.313061835825953e-10;0.1;1.3130618358259532e-11;1.4606849281311642e-08;;;;ORANGE;True
1787576580.1435423;27.154686675999983;Wi-Fi;Wi-Fi;2,4/5 GHz;wlan0;-31.0;;;;-31.0;7.943282347242822e-07;0.1;7.943282347242822e-08;1.6757438741708917e-05;;;;ROUGE;False
1787576580.2350242;27.246034121999855;Simulation RF;Détection RF large bande;868 MHz;868 MHz;;2766;2.2292756872270654;-45.171027489082604;-78.1710274890826;1.5236922236953897e-11;0.1;1.5236922236953898e-12;3.940299498094252e-09;;;;VERT;True
1787576580.2351754;27.246034121999855;Simulation RF;Détection RF large bande;2,45 GHz;2,45 GHz;;2897;2.3346121936604174;-49.384487746416696;-66.0844877464167;2.4634923918658694e-10;0.1;2.4634923918658696e-11;1.46314842052303e-08;;;;ORANGE;True
1787576580.2450905;27.256234690999918;Wi-Fi;Wi-Fi;2,4/5 GHz;wlan0;-30.0;;;;-30.0;1e-06;0.1;1e-07;1.6857438741708916e-05;;;;ROUGE;False
1787576580.3355296;27.34624701499979;Simulation RF;Détection RF large bande;868 MHz;868 MHz;;2772;2.233706887368732;-45.348275494749274;-78.34827549474927;1.4627578939946704e-11;0.1;1.4627578939946705e-12;3.941762255988247e-09;;;;VERT;True
1787576580.335681;27.34624701499979;Simulation RF;Détection RF large bande;2,45 GHz;2,45 GHz;;2957;2.383033495958475;-51.321339838339;-68.021339838339;1.5771246372114707e-10;0.1;1.5771246372114707e-11;1.4647255451602416e-08;;;;ORANGE;True
1787576580.345874;27.35701817400013;Wi-Fi;Wi-Fi;2,4/5 GHz;wlan0;-30.0;;;;-30.0;1e-06;0.1;1e-07;1.6957438741708915e-05;;;;ROUGE;False
1787576580.4379604;27.449106152999775;BLE Sniffer;Appareil BLE;2,4 GHz BLE;58:c1:c4:db:10:60;-66.0;;;;-66.0;2.511886431509582e-10;0.000352;8.841840238913729e-14;1.7934418854610706e-10;34;0x00;37;ORANGE;False
1787576580.4392917;27.450437108000187;BLE Sniffer;Appareil BLE;2,4 GHz BLE;58:c1:c4:db:10:60;-64.0;;;;-64.0;3.9810717055349694e-10;0.000352;1.4013372403483091e-13;1.794843222701419e-10;34;0x00;38;ORANGE;False
1787576580.4393785;27.450521793000007;BLE Sniffer;Appareil BLE;2,4 GHz BLE;58:c1:c4:db:10:60;-66.0;;;;-66.0;2.511886431509582e-10;0.000352;8.841840238913729e-14;1.7957274067253104e-10;34;0x00;39;ORANGE;False
1787576580.4435232;27.45466875000011;BLE Sniffer;iBeacon;2,4 GHz BLE;54:0d:73:47:4a:1a;-66.0;;;;-66.0;2.511886431509582e-10;0.000368;9.243742067955262e-14;1.779999157129206e-10;36;0x00;37;ORANGE;False
1787576580.4354022;27.446331854000164;Simulation RF;Détection RF large bande;868 MHz;868 MHz;;2755;2.220386191249069;-44.81544764996275;-77.81544764996275;1.6536943210916243e-11;0.1;1.6536943210916244e-12;3.943415950309339e-09;;;;VERT;True
1787576580.4453607;27.446331854000164;Simulation RF;Détection RF large bande;2,45 GHz;2,45 GHz;;2904;2.3400206565184;-49.600826260736;-66.300826260736;2.343782859853433e-10;0.1;2.3437828598534332e-11;1.467069328020095e-08;;;;ORANGE;True
1787576580.4538867;27.465031096000075;Wi-Fi;Wi-Fi;2,4/5 GHz;wlan0;-30.0;;;;-30.0;1e-06;0.1;1e-07;1.7057438741708914e-05;;;;ROUGE;False
1787576580.535417;27.546409007999955;Simulation RF;Détection RF large bande;868 MHz;868 MHz;;2791;2.2489692810069717;-45.958771240278864;-78.95877124027886;1.2709336426262125e-11;0.1;1.2709336426262125e-12;3.944686883951965e-09;;;;VERT;True
1787576580.535564;27.546409007999955;Simulation RF;Détection RF large bande;2,45 GHz;2,45 GHz;;2983;2.403911411793403;-52.15645647173611;-68.85645647173611;1.301230855096804e-10;0.1;1.3012308550968039e-11;1.4683705588751918e-08;;;;ORANGE;True
1787576580.5440538;27.555197974999828;Wi-Fi;Wi-Fi;2,4/5 GHz;wlan0;-30.0;;;;-30.0;1e-06;0.1;1e-07;1.7157438741708913e-05;;;;ROUGE;False
1787576580.548942;27.560087334999935;BLE Sniffer;iBeacon;2,4 GHz BLE;54:0d:73:47:4a:1a;-64.0;;;;-64.0;3.9810717055349694e-10;0.000368;1.4650343876368688e-13;1.7814641915168428e-10;36;0x00;38;ORANGE;False
1787576580.5490324;27.56017592699982;BLE Sniffer;iBeacon;2,4 GHz BLE;54:0d:73:47:4a:1a;-66.0;;;;-66.0;2.511886431509582e-10;0.000368;9.243742067955262e-14;1.7823885657236383e-10;36;0x00;39;ORANGE;False
1787576580.6355658;27.646494846999758;Simulation RF;Détection RF large bande;868 MHz;868 MHz;;2763;2.2269321472180184;-45.07728588872074;-78.07728588872074;1.556938331908176e-11;0.1;1.5569383319081761e-12;3.946243822283874e-09;;;;VERT;True
1787576580.6357675;27.646494846999758;Simulation RF;Détection RF large bande;2,45 GHz;2,45 GHz;;2969;2.392587367108905;-51.70349468435619;-68.40349468435619;1.4442771209436514e-10;0.1;1.4442771209436515e-11;1.4698148359961354e-08;;;;ORANGE;True
1787576580.6452193;27.656364252000003;Wi-Fi;Wi-Fi;2,4/5 GHz;wlan0;-30.0;;;;-30.0;1e-06;0.1;1e-07;1.7257438741708912e-05;;;;ROUGE;False
1787576580.655474;27.666618413999913;BLE Sniffer;Appareil BLE;2,4 GHz BLE;58:c1:c4:db:10:60;-67.0;;;;-67.0;1.9952623149688828e-10;0.000352;7.023323348690468e-14;1.7964297390601795e-10;34;0x00;37;ORANGE;False
1787576580.65943;27.67057600199996;BLE Sniffer;Appareil BLE;2,4 GHz BLE;58:c1:c4:db:10:60;-65.0;;;;-65.0;3.1622776601683795e-10;0.000352;1.1131217363792695e-13;1.7975428607965587e-10;34;0x00;38;ORANGE;False
1787576580.7356045;27.746571815000152;Simulation RF;Détection RF large bande;868 MHz;868 MHz;;2802;2.2577357276714056;-46.30942910685623;-79.30942910685623;1.1723494642786532e-11;0.1;1.1723494642786532e-12;3.9474161717481524e-09;;;;VERT;True
1787576580.735858;27.746571815000152;Simulation RF;Détection RF large bande;2,45 GHz;2,45 GHz;;2934;2.3640336513394677;-50.5613460535787;-67.2613460535787;1.8787344310602488e-10;0.1;1.878734431060249e-11;1.4716935704271957e-08;;;;ORANGE;True
1787576580.7447872;27.755931390000114;Wi-Fi;Wi-Fi;2,4/5 GHz;wlan0;-30.0;;;;-30.0;1e-06;0.1;1e-07;1.735743874170891e-05;;;;ROUGE;False
1787576580.7625659;27.773710971000128;BLE Sniffer;Appareil BLE;2,4 GHz BLE;58:c1:c4:db:10:60;-65.0;;;;-65.0;3.1622776601683795e-10;0.000352;1.1131217363792695e-13;1.798655982532938e-10;34;0x00;39;ORANGE;False
1787576580.7626498;27.773793359000138;BLE Sniffer;iBeacon;2,4 GHz BLE;54:0d:73:47:4a:1a;-65.0;;;;-65.0;3.1622776601683795e-10;0.000368;1.1637181789419636e-13;1.7835522839025803e-10;36;0x00;37;ORANGE;False
1787576580.76269;27.7738333960001;BLE Sniffer;iBeacon;2,4 GHz BLE;54:0d:73:47:4a:1a;-66.0;;;;-66.0;2.511886431509582e-10;0.000368;9.243742067955262e-14;1.7844766581093758e-10;36;0x00;38;ORANGE;False
1787576580.766586;27.77773170599994;BLE Sniffer;iBeacon;2,4 GHz BLE;54:0d:73:47:4a:1a;-65.0;;;;-65.0;3.1622776601683795e-10;0.000368;1.1637181789419636e-13;1.7856403762883177e-10;36;0x00;39;ORANGE;False
1787576580.8356757;27.84665489500003;Simulation RF;Détection RF large bande;868 MHz;868 MHz;;2823;2.275293125468949;-47.01172501875796;-80.01172501875796;9.973038558022214e-12;0.1;9.973038558022215e-13;3.948413475603955e-09;;;;VERT;True
1787576580.8359551;27.84665489500003;Simulation RF;Détection RF large bande;2,45 GHz;2,45 GHz;;2958;2.384027164879187;-51.361086595167464;-68.06108659516747;1.5627565954871288e-10;0.1;1.562756595487129e-11;1.4732563270226828e-08;;;;ORANGE;True
1787576580.8446407;27.85578513700011;Wi-Fi;Wi-Fi;2,4/5 GHz;wlan0;-29.0;;;;-29.0;1.2589254117941661e-06;0.1;1.2589254117941662e-07;1.7483331282888327e-05;;;;ROUGE;False
1787576580.9357584;27.94673299299984;Simulation RF;Détection RF large bande;868 MHz;868 MHz;;2803;2.258913800885609;-46.35655203542436;-79.35655203542436;1.1596977016559405e-11;0.1;1.1596977016559405e-12;3.949573173305611e-09;;;;VERT;True
1787576580.9359171;27.94673299299984;Simulation RF;Détection RF large bande;2,45 GHz;2,45 GHz;;2957;2.3827885629836136;-51.31154251934454;-68.01154251934454;1.5806865141570332e-10;0.1;1.580686514157033e-11;1.4748370135368398e-08;;;;ORANGE;True
1787576580.9444487;27.955592755999987;Wi-Fi;Wi-Fi;2,4/5 GHz;wlan0;-29.0;;;;-29.0;1.2589254117941661e-06;0.1;1.2589254117941662e-07;1.7609223824067743e-05;;;;ROUGE;False
1787576580.9786832;27.989828424999814;Simulation LoRa;LoRa;868 MHz;LoRa 868.100 MHz;-90.7880608313216;;;;-90.7880608313216;8.340535147981199e-13;0.046335999999999995;3.864670366168568e-14;1.960349393062845e-12;13;"SNR=7.95;SF=7;BW=125.0;CR=4/5;F=868.100;CRC=OK;PAYLOAD=54454d504f5f4c4f52415f3237";7;VERT;True
1787576580.9787676;27.989911221000057;BLE Sniffer;Appareil BLE;2,4 GHz BLE;58:c1:c4:db:10:60;-64.0;;;;-64.0;3.9810717055349694e-10;0.000352;1.4013372403483091e-13;1.8000573197732863e-10;34;0x00;37;ORANGE;False
1787576580.9788084;27.98995181300006;BLE Sniffer;Appareil BLE;2,4 GHz BLE;58:c1:c4:db:10:60;-64.0;;;;-64.0;3.9810717055349694e-10;0.000352;1.4013372403483091e-13;1.8014586570136347e-10;34;0x00;38;ORANGE;False
1787576580.9826608;27.993806438999854;BLE Sniffer;Appareil BLE;2,4 GHz BLE;58:c1:c4:db:10:60;-62.0;;;;-62.0;6.309573444801942e-10;0.000352;2.2209698525702837e-13;1.803679626866205e-10;34;0x00;39;ORANGE;False
1787576581.0358763;28.046827424000185;Simulation RF;Détection RF large bande;868 MHz;868 MHz;;2771;2.2327711232148526;-45.31084492859411;-78.31084492859411;1.475419459546871e-11;0.1;1.475419459546871e-12;3.951048592765158e-09;;;;VERT;True
1787576581.036041;28.046827424000185;Simulation RF;Détection RF large bande;2,45 GHz;2,45 GHz;;2884;2.323846736406949;-48.95386945627796;-65.65386945627796;2.7202765290113e-10;0.1;2.7202765290113e-11;1.477557290065851e-08;;;;ORANGE;True
1787576581.0446637;28.05580788999987;Wi-Fi;Wi-Fi;2,4/5 GHz;wlan0;-28.0;;;;-28.0;1.584893192461114e-06;0.1;1.584893192461114e-07;1.7767713143313853e-05;;;;ROUGE;False
1787576581.0882194;28.099365225999918;BLE Sniffer;iBeacon;2,4 GHz BLE;54:0d:73:47:4a:1a;-62.0;;;;-62.0;6.309573444801942e-10;0.000368;2.321923027687115e-13;1.787962299316005e-10;36;0x00;37;ORANGE;False
1787576581.0907443;28.101890136999828;BLE Sniffer;iBeacon;2,4 GHz BLE;54:0d:73:47:4a:1a;-64.0;;;;-64.0;3.9810717055349694e-10;0.000368;1.4650343876368688e-13;1.7894273337036417e-10;36;0x00;38;ORANGE;False
1787576581.092342;28.103487164999933;BLE Sniffer;iBeacon;2,4 GHz BLE;54:0d:73:47:4a:1a;-62.0;;;;-62.0;6.309573444801942e-10;0.000368;2.321923027687115e-13;1.7917492567313289e-10;36;0x00;39;ORANGE;False
1787576581.1360118;28.14690981700005;Simulation RF;Détection RF large bande;868 MHz;868 MHz;;2788;2.246452689441084;-45.85810757764335;-78.85810757764335;1.3007362456350493e-11;0.1;1.3007362456350493e-12;3.952349329010793e-09;;;;VERT;True
1787576581.136166;28.14690981700005;Simulation RF;Détection RF large bande;2,45 GHz;2,45 GHz;;2926;2.3582312335156463;-50.32924934062585;-67.02924934062585;1.9818695538491513e-10;0.1;1.9818695538491514e-11;1.4795391596197003e-08;;;;ORANGE;True
1787576581.144702;28.1558463020001;Wi-Fi;Wi-Fi;2,4/5 GHz;wlan0;-28.0;;;;-28.0;1.584893192461114e-06;0.1;1.584893192461114e-07;1.7926202462559963e-05;;;;ROUGE;False
1787576581.2003372;28.211483901000065;BLE Sniffer;Appareil BLE;2,4 GHz BLE;58:c1:c4:db:10:60;-61.0;;;;-61.0;7.943282347242822e-10;0.000352;2.796035386229473e-13;1.8064756622524345e-10;34;0x00;37;ORANGE;False
1787576581.240606;28.2470217099999;Simulation RF;Détection RF large bande;868 MHz;868 MHz;;2824;2.275890326217746;-47.035613048709834;-80.03561304870983;9.91833322480502e-12;0.1;9.918333224805019e-13;3.953341162333274e-09;;;;VERT;True
1787576581.2516756;28.2470217099999;Simulation RF;Détection RF large bande;2,45 GHz;2,45 GHz;;3001;2.418717328818292;-52.748693152731676;-69.44869315273168;1.1353524062376904e-10;0.1;1.1353524062376905e-11;1.480674512025938e-08;;;;ORANGE;True
1787576581.2630327;28.274176718000035;Wi-Fi;Wi-Fi;2,4/5 GHz;wlan0;-28.0;;;;-28.0;1.584893192461114e-06;0.1;1.584893192461114e-07;1.8084691781806073e-05;;;;ROUGE;False
1787576581.3021626;28.313307506;BLE Sniffer;Appareil BLE;2,4 GHz BLE;58:c1:c4:db:10:60;-62.0;;;;-62.0;6.309573444801942e-10;0.000352;2.2209698525702837e-13;1.8086966321050047e-10;34;0x00;38;ORANGE;False
1787576581.3022418;28.313385227999788;BLE Sniffer;Appareil BLE;2,4 GHz BLE;58:c1:c4:db:10:60;-60.0;;;;-60.0;1e-09;0.000352;3.52e-13;1.8122166321050046e-10;34;0x00;39;ORANGE;False
1787576581.3061056;28.317251279000175;BLE Sniffer;iBeacon;2,4 GHz BLE;54:0d:73:47:4a:1a;-60.0;;;;-60.0;1e-09;0.000368;3.6800000000000005e-13;1.795429256731329e-10;36;0x00;37;ORANGE;False
1787576581.3361914;28.347121936999883;Simulation RF;Détection RF large bande;868 MHz;868 MHz;;2821;2.2729940352463536;-46.91976140985415;-79.91976140985415;1.0186473483653104e-11;0.1;1.0186473483653104e-12;3.9543598096816394e-09;;;;VERT;True
1787576581.336333;28.347121936999883;Simulation RF;Détection RF large bande;2,45 GHz;2,45 GHz;;2945;2.373227927918355;-50.929117116734204;-67.62911711673421;1.726188775629576e-10;0.1;1.7261887756295762e-11;1.4824007008015676e-08;;;;ORANGE;True
1787576581.3447907;28.35593555200012;Wi-Fi;Wi-Fi;2,4/5 GHz;wlan0;-28.0;;;;-28.0;1.584893192461114e-06;0.1;1.584893192461114e-07;1.8243181101052182e-05;;;;ROUGE;False
1787576581.410347;28.421492796000166;BLE Sniffer;iBeacon;2,4 GHz BLE;54:0d:73:47:4a:1a;-60.0;;;;-60.0;1e-09;0.000368;3.6800000000000005e-13;1.799109256731329e-10;36;0x00;38;ORANGE;False
1787576581.4142385;28.425384069999836;BLE Sniffer;iBeacon;2,4 GHz BLE;54:0d:73:47:4a:1a;-59.0;;;;-59.0;1.2589254117941663e-09;0.000368;4.632845515402531e-13;1.8037421022467314e-10;36;0x00;39;ORANGE;False
1787576581.4362257;28.447201979000056;Simulation RF;Détection RF large bande;868 MHz;868 MHz;;2791;2.249357931445823;-45.97431725783291;-78.97431725783291;1.2663923378483589e-11;0.1;1.266392337848359e-12;3.955626202019488e-09;;;;VERT;True
1787576581.43638;28.447201979000056;Simulation RF;Détection RF large bande;2,45 GHz;2,45 GHz;;2922;2.354997773033836;-50.199910921353435;-66.89991092135344;2.0417798234235933e-10;0.1;2.0417798234235934e-11;1.4844424806249912e-08;;;;ORANGE;True
1787576581.447316;28.458460393999758;Wi-Fi;Wi-Fi;2,4/5 GHz;wlan0;-28.0;;;;-28.0;1.584893192461114e-06;0.1;1.584893192461114e-07;1.8401670420298292e-05;;;;ROUGE;False
1787576581.5216918;28.532837957000083;BLE Sniffer;Appareil BLE;2,4 GHz BLE;58:c1:c4:db:10:60;-64.0;;;;-64.0;3.9810717055349694e-10;0.000352;1.4013372403483091e-13;1.813617969345353e-10;34;0x00;37;ORANGE;False
1787576581.5217853;28.53292880800018;BLE Sniffer;Appareil BLE;2,4 GHz BLE;58:c1:c4:db:10:60;-61.0;;;;-61.0;7.943282347242822e-10;0.000352;2.796035386229473e-13;1.8164140047315826e-10;34;0x00;38;ORANGE;False
1787576581.536291;28.547285428000123;Simulation RF;Détection RF large bande;868 MHz;868 MHz;;2771;2.2329453163664965;-45.31781265465986;-78.31781265465986;1.4730542265763537e-11;0.1;1.4730542265763539e-12;3.9570992562460645e-09;;;;VERT;True
1787576581.5364468;28.547285428000123;Simulation RF;Détection RF large bande;2,45 GHz;2,45 GHz;;2961;2.386339452891232;-51.45357811564928;-68.15357811564928;1.5298265311273482e-10;0.1;1.529826531127348e-11;1.4859723071561186e-08;;;;ORANGE;True
1787576581.5459318;28.557076610999957;Wi-Fi;Wi-Fi;2,4/5 GHz;wlan0;-28.0;;;;-28.0;1.584893192461114e-06;0.1;1.584893192461114e-07;1.8560159739544402e-05;;;;ROUGE;False
1787576581.6274588;28.638605095000003;BLE Sniffer;Appareil BLE;2,4 GHz BLE;58:c1:c4:db:10:60;-59.0;;;;-59.0;1.2589254117941663e-09;0.000352;4.431417449515465e-13;1.820845422181098e-10;34;0x00;39;ORANGE;False
1787576581.628936;28.640081566999925;BLE Sniffer;iBeacon;2,4 GHz BLE;54:0d:73:47:4a:1a;-64.0;;;;-64.0;3.9810717055349694e-10;0.000368;1.4650343876368688e-13;1.8052071366343683e-10;36;0x00;37;ORANGE;False
1787576581.6290238;28.64016723399982;BLE Sniffer;iBeacon;2,4 GHz BLE;54:0d:73:47:4a:1a;-62.0;;;;-62.0;6.309573444801942e-10;0.000368;2.321923027687115e-13;1.8075290596620554e-10;36;0x00;38;ORANGE;False
1787576581.6290646;28.640207807000024;BLE Sniffer;iBeacon;2,4 GHz BLE;54:0d:73:47:4a:1a;-60.0;;;;-60.0;1e-09;0.000368;3.6800000000000005e-13;1.8112090596620555e-10;36;0x00;39;ORANGE;False
1787576581.6363688;28.64736902499999;Simulation RF;Détection RF large bande;868 MHz;868 MHz;;2782;2.242300479013882;-45.692019160555276;-78.69201916055528;1.3514440916940397e-11;0.1;1.3514440916940398e-12;3.958450700337759e-09;;;;VERT;True
1787576581.6365197;28.64736902499999;Simulation RF;Détection RF large bande;2,45 GHz;2,45 GHz;;2953;2.3797712904970676;-51.19085161988269;-67.8908516198827;1.625230028716916e-10;0.1;1.625230028716916e-11;1.4875975371848356e-08;;;;ORANGE;True
1787576581.6449237;28.65606812199985;Wi-Fi;Wi-Fi;2,4/5 GHz;wlan0;-28.0;;;;-28.0;1.584893192461114e-06;0.1;1.584893192461114e-07;1.8718649058790512e-05;;;;ROUGE;False
1787576581.739425;28.74747930700005;Simulation RF;Détection RF large bande;868 MHz;868 MHz;;2767;2.230156859160136;-45.20627436640544;-78.20627436640544;1.5113761455793668e-11;0.1;1.5113761455793668e-12;3.959962076483339e-09;;;;VERT;True
1787576581.7395728;28.74747930700005;Simulation RF;Détection RF large bande;2,45 GHz;2,45 GHz;;2960;2.385209052248848;-51.40836208995391;-68.10836208995391;1.545837330919165e-10;0.1;1.545837330919165e-11;1.4891433745157548e-08;;;;ORANGE;True
1787576581.7482388;28.759383310999965;Wi-Fi;Wi-Fi;2,4/5 GHz;wlan0;-28.0;;;;-28.0;1.584893192461114e-06;0.1;1.584893192461114e-07;1.887713837803662e-05;;;;ROUGE;False
1787576581.836586;28.847559700000147;Simulation RF;Détection RF large bande;868 MHz;868 MHz;;2831;2.281203229297769;-47.24812917191075;-80.24812917191075;9.444676408534943e-12;0.1;9.444676408534944e-13;3.960906544124192e-09;;;;VERT;True
1787576581.8367376;28.847559700000147;Simulation RF;Détection RF large bande;2,45 GHz;2,45 GHz;;2964;2.3887109087755003;-51.548436351020015;-68.24843635102002;1.4967744629828705e-10;0.1;1.4967744629828706e-11;1.490640148978738e-08;;;;ORANGE;True
1787576581.8443456;28.855490931000077;BLE Sniffer;Appareil BLE;2,4 GHz BLE;58:c1:c4:db:10:60;-66.0;;;;-66.0;2.511886431509582e-10;0.000352;8.841840238913729e-14;1.8217296062049894e-10;34;0x00;37;ORANGE;False
1787576581.8444462;28.855589726999824;BLE Sniffer;Appareil BLE;2,4 GHz BLE;58:c1:c4:db:10:60;-64.0;;;;-64.0;3.9810717055349694e-10;0.000352;1.4013372403483091e-13;1.8231309434453378e-10;34;0x00;38;ORANGE;False
1787576581.8445184;28.85566202300015;BLE Sniffer;Appareil BLE;2,4 GHz BLE;58:c1:c4:db:10:60;-62.0;;;;-62.0;6.309573444801942e-10;0.000352;2.2209698525702837e-13;1.825351913297908e-10;34;0x00;39;ORANGE;False
1787576581.8521018;28.86324714500006;Wi-Fi;Wi-Fi;2,4/5 GHz;wlan0;-28.0;;;;-28.0;1.584893192461114e-06;0.1;1.584893192461114e-07;1.903562769728273e-05;;;;ROUGE;False
1787576581.9366732;28.947639444999822;Simulation RF;Détection RF large bande;868 MHz;868 MHz;;2799;2.2555545302689928;-46.2221812107597;-79.2221812107597;1.1961396284568832e-11;0.1;1.1961396284568833e-12;3.962102683752649e-09;;;;VERT;True
1787576581.9368222;28.947639444999822;Simulation RF;Détection RF large bande;2,45 GHz;2,45 GHz;;2994;2.4125328581971277;-52.5013143278851;-69.2013143278851;1.2019006421553453e-10;0.1;1.2019006421553453e-11;1.491842049620893e-08;;;;ORANGE;True
1787576581.9494655;28.96060962799993;Wi-Fi;Wi-Fi;2,4/5 GHz;wlan0;-28.0;;;;-28.0;1.584893192461114e-06;0.1;1.584893192461114e-07;1.919411701652884e-05;;;;ROUGE;False
1787576581.953334;28.964479160999872;BLE Sniffer;iBeacon;2,4 GHz BLE;54:0d:73:47:4a:1a;-68.0;;;;-68.0;1.584893192461111e-10;0.000368;5.832406948256888e-14;1.811792300356881e-10;36;0x00;37;ORANGE;False
1787576581.9534228;28.964566216000094;BLE Sniffer;iBeacon;2,4 GHz BLE;54:0d:73:47:4a:1a;-66.0;;;;-66.0;2.511886431509582e-10;0.000368;9.243742067955262e-14;1.8127166745636766e-10;36;0x00;38;ORANGE;False
1787576581.9535172;28.964660901000116;Simulation LoRa;LoRa;868 MHz;LoRa 868.100 MHz;-88.97952500616046;;;;-88.97952500616046;1.2648746809872111e-12;0.046335999999999995;5.860923321822341e-14;2.0189586262810682e-12;13;"SNR=6.28;SF=7;BW=125.0;CR=4/5;F=868.100;CRC=OK;PAYLOAD=54454d504f5f4c4f52415f3238";7;VERT;True
1787576581.953561;28.964704474999962;BLE Sniffer;iBeacon;2,4 GHz BLE;54:0d:73:47:4a:1a;-62.0;;;;-62.0;6.309573444801942e-10;0.000368;2.321923027687115e-13;1.8150385975913638e-10;36;0x00;39;ORANGE;False
1787576582.036743;29.04772206100006;Simulation RF;Détection RF large bande;868 MHz;868 MHz;;2825;2.276618740487583;-47.06474961950332;-80.06474961950332;9.852014402365754e-12;0.1;9.852014402365755e-13;3.963087885192886e-09;;;;VERT;True
1787576582.0368896;29.04772206100006;Simulation RF;Détection RF large bande;2,45 GHz;2,45 GHz;;2902;2.3386964556533343;-49.54785822613337;-66.24785822613337;2.3725434646660095e-10;0.1;2.3725434646660095e-11;1.494214593085559e-08;;;;ORANGE;True
1787576582.045483;29.05662750800002;Wi-Fi;Wi-Fi;2,4/5 GHz;wlan0;-28.0;;;;-28.0;1.584893192461114e-06;0.1;1.584893192461114e-07;1.935260633577495e-05;;;;ROUGE;False
1787576582.0686128;29.079759316000036;BLE Sniffer;Appareil BLE;2,4 GHz BLE;58:c1:c4:db:10:60;-73.0;;;;-73.0;5.011872336272715e-11;0.000352;1.7641790623679955e-14;1.8255283312041447e-10;34;0x00;37;VERT;False
1787576582.1368537;29.14780676800001;Simulation RF;Détection RF large bande;868 MHz;868 MHz;;2764;2.227678278418664;-45.10713113674656;-78.10713113674656;1.5462755412108685e-11;0.1;1.5462755412108685e-12;3.9646341607340964e-09;;;;VERT;True
1787576582.1370044;29.14780676800001;Simulation RF;Détection RF large bande;2,45 GHz;2,45 GHz;;2982;2.403104049067638;-52.124161962705514;-68.82416196270552;1.3109429843597694e-10;0.1;1.3109429843597694e-11;1.495525536069919e-08;;;;ORANGE;True
1787576582.1456296;29.156774419000158;Wi-Fi;Wi-Fi;2,4/5 GHz;wlan0;-29.0;;;;-29.0;1.2589254117941661e-06;0.1;1.2589254117941662e-07;1.9478498876954367e-05;;;;ROUGE;False
1787576582.1722674;29.18341274300019;BLE Sniffer;Appareil BLE;2,4 GHz BLE;58:c5:e4:d8:10:60;-73.0;;;;-73.0;5.011872336272715e-11;0.000352;1.7641790623679955e-14;1.7641790623679955e-14;34;0x00;38;VERT;False
1787576582.172347;29.183490483999776;BLE Sniffer;Appareil BLE;2,4 GHz BLE;58:c1:c4:db:10:60;-77.0;;;;-77.0;1.9952623149688828e-11;0.000352;7.023323348690467e-15;1.8255985644376315e-10;34;0x00;39;VERT;False
1787576582.1765153;29.18766129200003;BLE Sniffer;iBeacon;2,4 GHz BLE;54:0d:73:47:4a:1a;-66.0;;;;-66.0;2.511886431509582e-10;0.000368;9.243742067955262e-14;1.8159629717981593e-10;36;0x00;37;ORANGE;False
1787576582.2368994;29.24788625300016;Simulation RF;Détection RF large bande;868 MHz;868 MHz;;2848;2.295333249580221;-47.81332998320883;-80.81332998320883;8.292147175336944e-12;0.1;8.292147175336945e-13;3.96546337545163e-09;;;;VERT;True
1787576582.2370584;29.24788625300016;Simulation RF;Détection RF large bande;2,45 GHz;2,45 GHz;;3021;2.4343775924629445;-53.375103698517776;-70.07510369851778;9.828554046232263e-11;0.1;9.828554046232264e-12;1.496508391474542e-08;;;;VERT;True
1787576582.2463846;29.257528843999808;Wi-Fi;Wi-Fi;2,4/5 GHz;wlan0;-29.0;;;;-29.0;1.2589254117941661e-06;0.1;1.2589254117941662e-07;1.9604391418133783e-05;;;;ROUGE;False
1787576582.3369422;29.347961849000058;Simulation RF;Détection RF large bande;868 MHz;868 MHz;;2693;2.170008596731296;-42.80034386925183;-75.80034386925183;2.6300597386207608e-11;0.1;2.630059738620761e-12;3.968093435190251e-09;;;;VERT;True
1787576582.337082;29.347961849000058;Simulation RF;Détection RF large bande;2,45 GHz;2,45 GHz;;2990;2.4098145962572173;-52.39258385028869;-69.09258385028869;1.2323714113707115e-10;0.1;1.2323714113707116e-11;1.4977407628859127e-08;;;;ORANGE;True
1787576582.3459804;29.357125073000134;Wi-Fi;Wi-Fi;2,4/5 GHz;wlan0;-30.0;;;;-30.0;1e-06;0.1;1e-07;1.9704391418133782e-05;;;;ROUGE;False
1787576582.390243;29.401389220000056;BLE Sniffer;Appareil BLE;2,4 GHz BLE;58:c1:c4:db:10:60;-62.0;;;;-62.0;6.309573444801942e-10;0.000352;2.2209698525702837e-13;1.8278195342902017e-10;34;0x00;38;ORANGE;False
1787576582.394936;29.406081340000128;BLE Sniffer;Appareil BLE;2,4 GHz BLE;58:c1:c4:db:10:60;-66.0;;;;-66.0;2.511886431509582e-10;0.000352;8.841840238913729e-14;1.8287037183140931e-10;34;0x00;39;ORANGE;False
1787576582.4370496;29.448040685999786;Simulation RF;Détection RF large bande;868 MHz;868 MHz;;2880;2.3208715979951866;-48.83486391980746;-81.83486391980746;6.554108219068713e-12;0.1;6.554108219068713e-13;3.968748846012158e-09;;;;VERT;True
1787576582.4372244;29.448040685999786;Simulation RF;Détection RF large bande;2,45 GHz;2,45 GHz;;2969;2.3927444113417264;-51.70977645366905;-68.40977645366905;1.4421895840804745e-10;0.1;1.4421895840804745e-11;1.499182952469993e-08;;;;ORANGE;True
1787576582.4463851;29.45752996300007;Wi-Fi;Wi-Fi;2,4/5 GHz;wlan0;-30.0;;;;-30.0;1e-06;0.1;1e-07;1.980439141813378e-05;;;;ROUGE;False
1787576582.5085456;29.519693726999776;BLE Sniffer;iBeacon;2,4 GHz BLE;54:0d:73:47:4a:1a;-62.0;;;;-62.0;6.309573444801942e-10;0.000368;2.321923027687115e-13;1.8182848948258465e-10;36;0x00;37;ORANGE;False
1787576582.511434;29.522579524999855;BLE Sniffer;iBeacon;2,4 GHz BLE;54:0d:73:47:4a:1a;-60.0;;;;-60.0;1e-09;0.000368;3.6800000000000005e-13;1.8219648948258465e-10;36;0x00;38;ORANGE;False
1787576582.511525;29.522668506000173;BLE Sniffer;iBeacon;2,4 GHz BLE;54:0d:73:47:4a:1a;-66.0;;;;-66.0;2.511886431509582e-10;0.000368;9.243742067955262e-14;1.822889269032642e-10;36;0x00;39;ORANGE;False
1787576582.5371687;29.54812739299996;Simulation RF;Détection RF large bande;868 MHz;868 MHz;;2841;2.289624657970146;-47.58498631880583;-80.58498631880583;8.739797458071882e-12;0.1;8.739797458071882e-13;3.969622825757966e-09;;;;VERT;True
1787576582.5373185;29.54812739299996;Simulation RF;Détection RF large bande;2,45 GHz;2,45 GHz;;3025;2.4374888051181487;-53.499552204725944;-70.19955220472595;9.550910591156413e-11;0.1;9.550910591156414e-12;1.5001380435291087e-08;;;;VERT;True
1787576582.5457985;29.556942877999973;Wi-Fi;Wi-Fi;2,4/5 GHz;wlan0;-29.0;;;;-29.0;1.2589254117941661e-06;0.1;1.2589254117941662e-07;1.9930283959313197e-05;;;;ROUGE;False
1787576582.6202748;29.63142047700012;BLE Sniffer;Appareil BLE;2,4 GHz BLE;58:c1:c4:db:10:60;-64.0;;;;-64.0;3.9810717055349694e-10;0.000352;1.4013372403483091e-13;1.8301050555544415e-10;34;0x00;37;ORANGE;False
1787576582.6372256;29.648206340999877;Simulation RF;Détection RF large bande;868 MHz;868 MHz;;2786;2.2449355481206505;-45.797421924826025;-78.79742192482603;1.3190395193759483e-11;0.1;1.3190395193759485e-12;3.970941865277342e-09;;;;VERT;True
1787576582.6373594;29.648206340999877;Simulation RF;Détection RF large bande;2,45 GHz;2,45 GHz;;2952;2.378532631512708;-51.14130526050833;-67.84130526050834;1.6438775859289026e-10;0.1;1.6438775859289028e-11;1.5017819211150376e-08;;;;ORANGE;True
1787576582.645849;29.656993419000173;Wi-Fi;Wi-Fi;2,4/5 GHz;wlan0;-29.0;;;;-29.0;1.2589254117941661e-06;0.1;1.2589254117941662e-07;2.0056176500492613e-05;;;;ROUGE;False
1787576582.7222362;29.73338211700002;BLE Sniffer;Appareil BLE;2,4 GHz BLE;58:c1:c4:db:10:60;-63.0;;;;-63.0;5.011872336272714e-10;0.000352;1.7641790623679954e-13;1.8318692346168096e-10;34;0x00;38;ORANGE;False
1787576582.7267916;29.73793729399995;BLE Sniffer;Appareil BLE;2,4 GHz BLE;58:c1:c4:db:10:60;-68.0;;;;-68.0;1.584893192461111e-10;0.000352;5.57882403746311e-14;1.8324271170205559e-10;34;0x00;39;ORANGE;False
1787576582.7282896;29.73943519300019;BLE Sniffer;iBeacon;2,4 GHz BLE;54:0d:73:47:4a:1a;-64.0;;;;-64.0;3.9810717055349694e-10;0.000368;1.4650343876368688e-13;1.824354303420279e-10;36;0x00;37;ORANGE;False
1787576582.7373104;29.748285381000187;Simulation RF;Détection RF large bande;868 MHz;868 MHz;;2805;2.260755361506843;-46.43021446027372;-79.43021446027372;1.1401934819312282e-11;0.1;1.1401934819312283e-12;3.972082058759273e-09;;;;VERT;True
1787576582.7374496;29.748285381000187;Simulation RF;Détection RF large bande;2,45 GHz;2,45 GHz;;2966;2.3903522442929988;-51.61408977171995;-68.31408977171995;1.474317507567932e-10;0.1;1.474317507567932e-11;1.5032562386226056e-08;;;;ORANGE;True
1787576582.7458727;29.757017200000064;Wi-Fi;Wi-Fi;2,4/5 GHz;wlan0;-30.0;;;;-30.0;1e-06;0.1;1e-07;2.015617650049261e-05;;;;ROUGE;False
1787576582.8315964;29.842741139999816;BLE Sniffer;iBeacon;2,4 GHz BLE;54:0d:73:47:4a:1a;-64.0;;;;-64.0;3.9810717055349694e-10;0.000368;1.4650343876368688e-13;1.8258193378079158e-10;36;0x00;38;ORANGE;False
1787576582.8355298;29.84667558000001;BLE Sniffer;iBeacon;2,4 GHz BLE;54:0d:73:47:4a:1a;-70.0;;;;-70.0;1e-10;0.000368;3.68e-14;1.8261873378079157e-10;36;0x00;39;ORANGE;False
1787576582.8387873;29.84839764399976;Simulation RF;Détection RF large bande;868 MHz;868 MHz;;2727;2.197840839010257;-43.913633560410275;-76.91363356041028;2.0353384825033217e-11;0.1;2.035338482503322e-12;3.974117397241777e-09;;;;VERT;True
1787576582.838989;29.84839764399976;Simulation RF;Détection RF large bande;2,45 GHz;2,45 GHz;;2950;2.377563058842568;-51.102522353702724;-67.80252235370273;1.6586233101617145e-10;0.1;1.6586233101617146e-11;1.5049148619327673e-08;;;;ORANGE;True
1787576582.8475747;29.85871934199986;Wi-Fi;Wi-Fi;2,4/5 GHz;wlan0;-30.0;;;;-30.0;1e-06;0.1;1e-07;2.025617650049261e-05;;;;ROUGE;False
1787576582.9375334;29.948483961999955;Simulation RF;Détection RF large bande;868 MHz;868 MHz;;2734;2.203171534065705;-44.126861362628205;-77.1268613626282;1.9378219179654392e-11;0.1;1.9378219179654394e-12;3.976055219159743e-09;;;;VERT;True
1787576582.9376867;29.948483961999955;Simulation RF;Détection RF large bande;2,45 GHz;2,45 GHz;;2972;2.3950615615479713;-51.80246246191885;-68.50246246191885;1.4117368588818016e-10;0.1;1.4117368588818016e-11;1.5063265987916492e-08;;;;ORANGE;True
1787576582.9434135;29.954558518999875;Simulation LoRa;LoRa;868 MHz;LoRa 868.100 MHz;-93.12230041347694;;;;-93.12230041347694;4.87270319626877e-13;0.046335999999999995;2.2578157530230968e-14;2.041536783811299e-12;13;"SNR=8.00;SF=7;BW=125.0;CR=4/5;F=868.100;CRC=OK;PAYLOAD=54454d504f5f4c4f52415f3239";7;VERT;True
1787576582.9494205;29.960565706000125;Wi-Fi;Wi-Fi;2,4/5 GHz;wlan0;-30.0;;;;-30.0;1e-06;0.1;1e-07;2.035617650049261e-05;;;;ROUGE;False
1787576583.037594;30.04856392800002;Simulation RF;Détection RF large bande;868 MHz;868 MHz;;2784;2.2434362999989097;-45.73745199995639;-78.73745199995639;1.3373799254707248e-11;0.1;1.3373799254707248e-12;3.9773925990852136e-09;;;;VERT;True
1787576583.0377316;30.04856392800002;Simulation RF;Détection RF large bande;2,45 GHz;2,45 GHz;;2994;2.412352716114346;-52.49410864457383;-69.19410864457383;1.2038964547591307e-10;0.1;1.2038964547591308e-11;1.5075304952464083e-08;;;;ORANGE;True
1787576583.0462973;30.057442504999926;Wi-Fi;Wi-Fi;2,4/5 GHz;wlan0;-30.0;;;;-30.0;1e-06;0.1;1e-07;2.045617650049261e-05;;;;ROUGE;False
1787576583.050655;30.061799906000033;BLE Sniffer;iBeacon;2,4 GHz BLE;54:0d:73:47:4a:1a;-71.0;;;;-71.0;7.943282347242822e-11;0.000368;2.923127903785358e-14;1.8264796505982942e-10;36;0x00;37;VERT;False
1787576583.050744;30.06188747899978;BLE Sniffer;iBeacon;2,4 GHz BLE;54:0d:73:47:4a:1a;-68.0;;;;-68.0;1.584893192461111e-10;0.000368;5.832406948256888e-14;1.8270628912931199e-10;36;0x00;38;ORANGE;False
1787576583.1377113;30.14865670800009;Simulation RF;Détection RF large bande;868 MHz;868 MHz;;2826;2.2772666139259603;-47.09066455703841;-80.09066455703841;9.793401154031775e-12;0.1;9.793401154031776e-13;3.9783719392006165e-09;;;;VERT;True
1787576583.137872;30.14865670800009;Simulation RF;Détection RF large bande;2,45 GHz;2,45 GHz;;3007;2.4231046846681528;-52.9241873867261;-69.6241873867261;1.0903884971128673e-10;0.1;1.0903884971128674e-11;1.508620883743521e-08;;;;ORANGE;True
1787576583.1463807;30.157524933999866;Wi-Fi;Wi-Fi;2,4/5 GHz;wlan0;-31.0;;;;-31.0;7.943282347242822e-07;0.1;7.943282347242822e-08;2.053560932396504e-05;;;;ROUGE;False
1787576583.2377698;30.24873958099988;Simulation RF;Détection RF large bande;868 MHz;868 MHz;;2740;2.2083668653104875;-44.334674612419505;-77.3346746124195;1.8472791939028014e-11;0.1;1.8472791939028013e-12;3.980219218394519e-09;;;;VERT;True
1787576583.2379136;30.24873958099988;Simulation RF;Détection RF large bande;2,45 GHz;2,45 GHz;;2966;2.3900193973766104;-51.600775895064416;-68.30077589506442;1.4788441595316423e-10;0.1;1.4788441595316423e-11;1.5100997279030526e-08;;;;ORANGE;True
1787576583.2463586;30.257502788999773;Wi-Fi;Wi-Fi;2,4/5 GHz;wlan0;-31.0;;;;-31.0;7.943282347242822e-07;0.1;7.943282347242822e-08;2.061504214743747e-05;;;;ROUGE;False
1787576583.262417;30.273562952999782;BLE Sniffer;Appareil BLE;2,4 GHz BLE;58:c1:c4:db:10:60;-78.0;;;;-78.0;1.5848931924611107e-11;0.000352;5.5788240374631096e-15;1.8324829052609304e-10;34;0x00;39;VERT;False
1787576583.3378675;30.348818287000086;Simulation RF;Détection RF large bande;868 MHz;868 MHz;;2806;2.2611939911829935;-46.44775964731973;-79.44775964731973;1.1355964737022655e-11;0.1;1.1355964737022656e-12;3.981354814868222e-09;;;;VERT;True
1787576583.3380065;30.348818287000086;Simulation RF;Détection RF large bande;2,45 GHz;2,45 GHz;;2991;2.4105024392950303;-52.42009757180121;-69.12009757180121;1.22458868644343e-10;0.1;1.22458868644343e-11;1.5113243165894962e-08;;;;ORANGE;True
1787576583.3464427;30.35758832800002;Wi-Fi;Wi-Fi;2,4/5 GHz;wlan0;-32.0;;;;-32.0;6.30957344480193e-07;0.1;6.30957344480193e-08;2.067813788188549e-05;;;;ROUGE;False
1787576583.368782;30.379926325999804;BLE Sniffer;iBeacon;2,4 GHz BLE;54:0d:73:47:4a:1a;-71.0;;;;-71.0;7.943282347242822e-11;0.000368;2.923127903785358e-14;1.8273552040834984e-10;36;0x00;37;VERT;False
1787576583.3688579;30.380001381000056;BLE Sniffer;iBeacon;2,4 GHz BLE;54:0d:73:47:4a:1a;-69.0;;;;-69.0;1.2589254117941662e-10;0.000368;4.6328455154025316e-14;1.8278184886350387e-10;36;0x00;38;ORANGE;False
1787576583.373125;30.384271077999983;BLE Sniffer;iBeacon;2,4 GHz BLE;54:0d:73:47:4a:1a;-79.0;;;;-79.0;1.2589254117941662e-11;0.000368;4.632845515402532e-15;1.8278648170901926e-10;36;0x00;39;VERT;False
1787576583.4379272;30.44889999399993;Simulation RF;Détection RF large bande;868 MHz;868 MHz;;2782;2.2416276484086692;-45.66510593634676;-78.66510593634676;1.359844992527429e-11;0.1;1.3598449925274291e-12;3.982714659860749e-09;;;;VERT;True
1787576583.4380744;30.44889999399993;Simulation RF;Détection RF large bande;2,45 GHz;2,45 GHz;;3000;2.4174917712209387;-52.69967084883754;-69.39967084883754;1.1482406431921624e-10;0.1;1.1482406431921625e-11;1.5124725572326884e-08;;;;ORANGE;True
1787576583.4465022;30.457647349000126;Wi-Fi;Wi-Fi;2,4/5 GHz;wlan0;-32.0;;;;-32.0;6.30957344480193e-07;0.1;6.30957344480193e-08;2.074123361633351e-05;;;;ROUGE;False
1787576583.4817739;30.492920066999886;BLE Sniffer;Appareil BLE;2,4 GHz BLE;58:c1:c4:db:10:60;-69.0;;;;-69.0;1.2589254117941662e-10;0.000352;4.4314174495154645e-14;1.832926047005882e-10;34;0x00;37;ORANGE;False
1787576583.5438673;30.549014051000086;Simulation RF;Détection RF large bande;868 MHz;868 MHz;;2780;2.2406548829735278;-45.626195318941114;-78.62619531894111;1.3720832673208082e-11;0.1;1.3720832673208082e-12;3.9840867431280695e-09;;;;VERT;True
1787576583.5442903;30.549014051000086;Simulation RF;Détection RF large bande;2,45 GHz;2,45 GHz;;2984;2.4043185779611287;-52.17274311844514;-68.87274311844514;1.2963601970591282e-10;0.1;1.2963601970591283e-11;1.5137689174297477e-08;;;;ORANGE;True
1787576583.5534198;30.564564923000034;Wi-Fi;Wi-Fi;2,4/5 GHz;wlan0;-33.0;;;;-33.0;5.011872336272725e-07;0.1;5.011872336272725e-08;2.0791352339696235e-05;;;;ROUGE;False
1787576583.583911;30.595056464999743;BLE Sniffer;Appareil BLE;2,4 GHz BLE;58:c1:c4:db:10:60;-66.0;;;;-66.0;2.511886431509582e-10;0.000352;8.841840238913729e-14;1.8338102310297734e-10;34;0x00;38;ORANGE;False
1787576583.5839992;30.59514290900006;BLE Sniffer;Appareil BLE;2,4 GHz BLE;58:c1:c4:db:10:60;-74.0;;;;-74.0;3.9810717055349695e-11;0.000352;1.4013372403483093e-14;1.833950364753808e-10;34;0x00;39;VERT;False
1787576583.5909834;30.602129219999824;BLE Sniffer;iBeacon;2,4 GHz BLE;54:0d:73:47:4a:1a;-68.0;;;;-68.0;1.584893192461111e-10;0.000368;5.832406948256888e-14;1.8284480577850182e-10;36;0x00;37;ORANGE;False
1787576583.6381166;30.64909431299975;Simulation RF;Détection RF large bande;868 MHz;868 MHz;;2838;2.2867983438904975;-47.4719337556199;-80.4719337556199;8.970292909962399e-12;0.1;8.970292909962399e-13;3.984983772419066e-09;;;;VERT;True
1787576583.6382544;30.64909431299975;Simulation RF;Détection RF large bande;2,45 GHz;2,45 GHz;;2998;2.4158391149200504;-52.63356459680202;-69.33356459680202;1.165852317446116e-10;0.1;1.1658523174461161e-11;1.5149347697471936e-08;;;;ORANGE;True
1787576583.6469038;30.65804772299998;Wi-Fi;Wi-Fi;2,4/5 GHz;wlan0;-33.0;;;;-33.0;5.011872336272725e-07;0.1;5.011872336272725e-08;2.084147106305896e-05;;;;ROUGE;False
1787576583.6930068;30.70415143299988;BLE Sniffer;iBeacon;2,4 GHz BLE;54:0d:73:47:4a:1a;-66.0;;;;-66.0;2.511886431509582e-10;0.000368;9.243742067955262e-14;1.8293724319918138e-10;36;0x00;38;ORANGE;False
1787576583.6971014;30.708247001000018;BLE Sniffer;iBeacon;2,4 GHz BLE;54:0d:73:47:4a:1a;-73.0;;;;-73.0;5.011872336272715e-11;0.000368;1.844369019748359e-14;1.8295568688937887e-10;36;0x00;39;VERT;False
1787576583.7382321;30.749182018999818;Simulation RF;Détection RF large bande;868 MHz;868 MHz;;2796;2.2527921951821988;-46.11168780728795;-79.11168780728795;1.2269623016882918e-11;0.1;1.226962301688292e-12;3.986210734720754e-09;;;;VERT;True
1787576583.738397;30.749182018999818;Simulation RF;Détection RF large bande;2,45 GHz;2,45 GHz;;3072;2.4753377554366147;-55.013510217464585;-71.71351021746459;6.739830556690833e-11;0.1;6.739830556690833e-12;1.5156087528028628e-08;;;;VERT;True
1787576583.7469602;30.758104873999855;Wi-Fi;Wi-Fi;2,4/5 GHz;wlan0;-32.0;;;;-32.0;6.30957344480193e-07;0.1;6.30957344480193e-08;2.0904566797506982e-05;;;;ROUGE;False
1787576583.8045177;30.815663146000134;BLE Sniffer;Appareil BLE;2,4 GHz BLE;58:c1:c4:db:10:60;-68.0;;;;-68.0;1.584893192461111e-10;0.000352;5.57882403746311e-14;1.8345082471575544e-10;34;0x00;37;ORANGE;False
1787576583.8046083;30.81575177500008;BLE Sniffer;Appareil BLE;2,4 GHz BLE;58:c1:c4:db:10:62;-67.0;;;;-67.0;1.9952623149688828e-10;0.000352;7.023323348690468e-14;7.023323348690468e-14;34;0x00;38;ORANGE;False
1787576583.8046486;30.815791978000107;BLE Sniffer;Appareil BLE;2,4 GHz BLE;58:c1:c4:db:10:60;-74.0;;;;-74.0;3.9810717055349695e-11;0.000352;1.4013372403483093e-14;1.834648380881589e-10;34;0x00;39;VERT;False
1787576583.8382654;30.849265188000118;Simulation RF;Détection RF large bande;868 MHz;868 MHz;;2689;2.167068657970561;-42.68274631882244;-75.68274631882244;2.702249020653809e-11;0.1;2.7022490206538093e-12;3.988912983741408e-09;;;;VERT;True
1787576583.838409;30.849265188000118;Simulation RF;Détection RF large bande;2,45 GHz;2,45 GHz;;2943;2.3712559020386688;-50.850236081546754;-67.55023608154676;1.75782805620621e-10;0.1;1.75782805620621e-11;1.517366580859069e-08;;;;ORANGE;True
1787576583.8468697;30.858014488999743;Wi-Fi;Wi-Fi;2,4/5 GHz;wlan0;-32.0;;;;-32.0;6.30957344480193e-07;0.1;6.30957344480193e-08;2.0967662531955002e-05;;;;ROUGE;False
1787576583.9132674;30.924413189999996;BLE Sniffer;iBeacon;2,4 GHz BLE;54:0d:73:47:4a:1a;-68.0;;;;-68.0;1.584893192461111e-10;0.000368;5.832406948256888e-14;1.8301401095886143e-10;36;0x00;37;ORANGE;False
1787576583.9134066;30.924550243999875;Simulation LoRa;LoRa;868 MHz;LoRa 868.100 MHz;-93.06392430011137;;;;-93.06392430011137;4.938642278644966e-13;0.046335999999999995;2.288369286232931e-14;2.0644204766736284e-12;13;"SNR=5.80;SF=7;BW=125.0;CR=4/5;F=868.100;CRC=OK;PAYLOAD=54454d504f5f4c4f52415f3330";7;VERT;True
1787576583.938609;30.949364653999965;Simulation RF;Détection RF large bande;868 MHz;868 MHz;;2771;2.2334021429898763;-45.33608571959505;-78.33608571959505;1.4668693293434116e-11;0.1;1.4668693293434117e-12;3.990379853070752e-09;;;;VERT;True
1787576583.9388204;30.949364653999965;Simulation RF;Détection RF large bande;2,45 GHz;2,45 GHz;;3006;2.4220161400665567;-52.880645602662256;-69.58064560266226;1.1013755718278589e-10;0.1;1.1013755718278589e-11;1.518467956430897e-08;;;;ORANGE;True
1787576583.9485488;30.959693592999884;Wi-Fi;Wi-Fi;2,4/5 GHz;wlan0;-31.0;;;;-31.0;7.943282347242822e-07;0.1;7.943282347242822e-08;2.1047095355427432e-05;;;;ROUGE;False
1787576584.0384388;31.04944458199998;Simulation RF;Détection RF large bande;868 MHz;868 MHz;;2796;2.253336006187252;-46.133440247490086;-79.13344024749009;1.2208321993710198e-11;0.1;1.2208321993710198e-12;3.991600685270123e-09;;;;VERT;True
1787576584.0385864;31.04944458199998;Simulation RF;Détection RF large bande;2,45 GHz;2,45 GHz;;2961;2.3862780613796466;-51.45112245518587;-68.15112245518587;1.530691795822841e-10;0.1;1.530691795822841e-11;1.5199986482267198e-08;;;;ORANGE;True
1787576584.047024;31.05816829000014;Wi-Fi;Wi-Fi;2,4/5 GHz;wlan0;-31.0;;;;-31.0;7.943282347242822e-07;0.1;7.943282347242822e-08;2.1126528178899862e-05;;;;ROUGE;False
1787576584.1255627;31.136708139999882;BLE Sniffer;Appareil BLE;2,4 GHz BLE;58:c1:c4:db:10:60;-69.0;;;;-69.0;1.2589254117941662e-10;0.000352;4.4314174495154645e-14;1.8350915226265406e-10;34;0x00;38;ORANGE;False
1787576584.1256616;31.136805028999788;BLE Sniffer;Appareil BLE;2,4 GHz BLE;58:c1:c4:db:10:60;-80.0;;;;-80.0;1e-11;0.000352;3.5199999999999996e-15;1.8351267226265405e-10;34;0x00;39;VERT;False
1787576584.1468494;31.14953887899992;Simulation RF;Détection RF large bande;868 MHz;868 MHz;;2694;2.170700342984411;-42.82801371937644;-75.82801371937644;2.6133563205750837e-11;0.1;2.6133563205750837e-12;3.994214041590698e-09;;;;VERT;True
1787576584.1477144;31.14953887899992;Simulation RF;Détection RF large bande;2,45 GHz;2,45 GHz;;3000;2.417403389867303;-52.69613559469212;-69.39613559469213;1.149175717272314e-10;0.1;1.1491757172723141e-11;1.5211478239439922e-08;;;;ORANGE;True
1787576584.1606927;31.171837063000112;Wi-Fi;Wi-Fi;2,4/5 GHz;wlan0;-31.0;;;;-31.0;7.943282347242822e-07;0.1;7.943282347242822e-08;2.1205961002372292e-05;;;;ROUGE;False
1787576584.2319448;31.243089901000076;BLE Sniffer;iBeacon;2,4 GHz BLE;54:0d:73:47:4a:1a;-65.0;;;;-65.0;3.1622776601683795e-10;0.000368;1.1637181789419636e-13;1.8313038277675562e-10;36;0x00;37;ORANGE;False
1787576584.2386124;31.249620640000103;Simulation RF;Détection RF large bande;868 MHz;868 MHz;;2766;2.2292354412405984;-45.169417649623924;-78.16941764962392;1.5242571294546193e-11;0.1;1.5242571294546194e-12;3.995738298720152e-09;;;;VERT;True
1787576584.2387571;31.249620640000103;Simulation RF;Détection RF large bande;2,45 GHz;2,45 GHz;;2978;2.3995358350891305;-51.98143340356522;-68.68143340356522;1.3547422013268192e-10;0.1;1.3547422013268193e-11;1.522502566145319e-08;;;;ORANGE;True
1787576584.2471642;31.258309458999975;Wi-Fi;Wi-Fi;2,4/5 GHz;wlan0;-31.0;;;;-31.0;7.943282347242822e-07;0.1;7.943282347242822e-08;2.1285393825844722e-05;;;;ROUGE;False
1787576584.3395188;31.350664265999967;BLE Sniffer;Appareil BLE;2,4 GHz BLE;58:c1:c4:db:10:60;-66.0;;;;-66.0;2.511886431509582e-10;0.000352;8.841840238913729e-14;1.836010906650432e-10;34;0x00;38;ORANGE;False
1787576584.3416228;31.349743900999783;Simulation RF;Détection RF large bande;868 MHz;868 MHz;;2761;2.224812437400427;-44.99249749601708;-77.99249749601708;1.5876334860999082e-11;0.1;1.5876334860999083e-12;3.997325932206252e-09;;;;VERT;True
1787576584.3484151;31.349743900999783;Simulation RF;Détection RF large bande;2,45 GHz;2,45 GHz;;2989;2.409082529631357;-52.36330118525429;-69.06330118525429;1.2407088540131702e-10;0.1;1.2407088540131703e-11;1.523743274999332e-08;;;;ORANGE;True
1787576584.3692644;31.380408996999904;Wi-Fi;Wi-Fi;2,4/5 GHz;wlan0;-32.0;;;;-32.0;6.30957344480193e-07;0.1;6.30957344480193e-08;2.1348489560292742e-05;;;;ROUGE;False
1787576584.4388444;31.449821494999924;Simulation RF;Détection RF large bande;868 MHz;868 MHz;;2849;2.2955521709192963;-47.822086836771845;-80.82208683677185;8.275444231972768e-12;0.1;8.275444231972768e-13;3.998153476629449e-09;;;;VERT;True
1787576584.4389777;31.449821494999924;Simulation RF;Détection RF large bande;2,45 GHz;2,45 GHz;;2978;2.3994708512832488;-51.978834051329954;-68.67883405132996;1.3555532883567665e-10;0.1;1.3555532883567666e-11;1.5250988282876888e-08;;;;ORANGE;True
1787576584.444546;31.455691645000115;BLE Sniffer;Appareil BLE;2,4 GHz BLE;58:c1:c4:db:10:60;-72.0;;;;-72.0;6.309573444801942e-11;0.000352;2.2209698525702838e-14;1.836233003635689e-10;34;0x00;39;VERT;False
1787576584.446172;31.457317117000002;BLE Sniffer;iBeacon;2,4 GHz BLE;54:0d:73:47:4a:1a;-66.0;;;;-66.0;2.511886431509582e-10;0.000368;9.243742067955262e-14;1.8322282019743518e-10;36;0x00;37;ORANGE;False
1787576584.4534094;31.464555536999796;Wi-Fi;Wi-Fi;2,4/5 GHz;wlan0;-32.0;;;;-32.0;6.30957344480193e-07;0.1;6.30957344480193e-08;2.1411585294740763e-05;;;;ROUGE;False
1787576584.5389314;31.549902773999747;Simulation RF;Détection RF large bande;868 MHz;868 MHz;;2752;2.217355207043621;-44.694208281744835;-77.69420828174484;1.7005099281180455e-11;0.1;1.7005099281180456e-12;3.999853986557567e-09;;;;VERT;True
1787576584.5390837;31.549902773999747;Simulation RF;Détection RF large bande;2,45 GHz;2,45 GHz;;2959;2.38494030719761;-51.397612287904394;-68.0976122879044;1.5496683785166615e-10;0.1;1.5496683785166616e-11;1.5266484966662055e-08;;;;ORANGE;True
1787576584.547536;31.558680443999947;Wi-Fi;Wi-Fi;2,4/5 GHz;wlan0;-32.0;;;;-32.0;6.30957344480193e-07;0.1;6.30957344480193e-08;2.1474681029188783e-05;;;;ROUGE;False
1787576584.6389947;31.64997997899991;Simulation RF;Détection RF large bande;868 MHz;868 MHz;;2813;2.2670262858878654;-46.681051435514604;-79.6810514355146;1.0762046308215188e-11;0.1;1.0762046308215189e-12;4.000930191188389e-09;;;;VERT;True
1787576584.6391447;31.64997997899991;Simulation RF;Détection RF large bande;2,45 GHz;2,45 GHz;;2962;2.3866500124551346;-51.46600049820539;-68.16600049820539;1.5254569298919466e-10;0.1;1.5254569298919466e-11;1.5281739535960974e-08;;;;ORANGE;True
1787576584.648131;31.659275349999916;Wi-Fi;Wi-Fi;2,4/5 GHz;wlan0;-32.0;;;;-32.0;6.30957344480193e-07;0.1;6.30957344480193e-08;2.1537776763636804e-05;;;;ROUGE;False
1787576584.6612246;31.672369977000017;BLE Sniffer;Appareil BLE;2,4 GHz BLE;58:c1:c4:db:10:60;-66.0;;;;-66.0;2.511886431509582e-10;0.000352;8.841840238913729e-14;1.8371171876595806e-10;34;0x00;38;ORANGE;False
1787576584.6613073;31.672450846000174;BLE Sniffer;Appareil BLE;2,4 GHz BLE;58:c1:c4:db:10:60;-72.0;;;;-72.0;6.309573444801942e-11;0.000352;2.2209698525702838e-14;1.8373392846448377e-10;34;0x00;39;VERT;False
1787576584.7390938;31.75006455499988;Simulation RF;Détection RF large bande;868 MHz;868 MHz;;2764;2.2276372327619676;-45.1054893104787;-78.1054893104787;1.5468602126356517e-11;0.1;1.5468602126356518e-12;4.002477051401025e-09;;;;VERT;True
1787576584.7393138;31.75006455499988;Simulation RF;Détection RF large bande;2,45 GHz;2,45 GHz;;2968;2.3921684382810073;-51.68673753124028;-68.38673753124029;1.4498605960641892e-10;0.1;1.4498605960641892e-11;1.5296238141921618e-08;;;;ORANGE;True
1787576584.7478356;31.758980039000107;Wi-Fi;Wi-Fi;2,4/5 GHz;wlan0;-32.0;;;;-32.0;6.30957344480193e-07;0.1;6.30957344480193e-08;2.1600872498084825e-05;;;;ROUGE;False
1787576584.7689853;31.780131155000163;BLE Sniffer;iBeacon;2,4 GHz BLE;54:0d:73:47:4a:1a;-67.0;;;;-67.0;1.9952623149688828e-10;0.000368;7.342565319085489e-14;1.8329624585062604e-10;36;0x00;37;ORANGE;False
1787576584.7734993;31.784644665000087;BLE Sniffer;iBeacon;2,4 GHz BLE;54:0d:73:47:4a:1a;-66.0;;;;-66.0;2.511886431509582e-10;0.000368;9.243742067955262e-14;1.833886832713056e-10;36;0x00;38;ORANGE;False
1787576584.8391755;31.850141777999852;Simulation RF;Détection RF large bande;868 MHz;868 MHz;;2805;2.2605504914770727;-46.422019659082906;-79.4220196590829;1.1423469699955543e-11;0.1;1.1423469699955544e-12;4.00361939837102e-09;;;;VERT;True
1787576584.8393154;31.850141777999852;Simulation RF;Détection RF large bande;2,45 GHz;2,45 GHz;;2989;2.4088790220639944;-52.35516088255977;-69.05516088255978;1.2430365872254105e-10;0.1;1.2430365872254106e-11;1.530866850779387e-08;;;;ORANGE;True
1787576584.8477929;31.85895809700014;Wi-Fi;Wi-Fi;2,4/5 GHz;wlan0;-32.0;;;;-32.0;6.30957344480193e-07;0.1;6.30957344480193e-08;2.1663968232532845e-05;;;;ROUGE;False
1787576584.8771083;31.88825344199995;BLE Sniffer;iBeacon;2,4 GHz BLE;54:0d:73:47:4a:1a;-72.0;;;;-72.0;6.309573444801942e-11;0.000368;2.3219230276871148e-14;1.8341190250158246e-10;36;0x00;39;VERT;False
1787576584.939354;31.950263946000177;Simulation RF;Détection RF large bande;868 MHz;868 MHz;;2840;2.2887465156035374;-47.54986062414149;-80.54986062414149;8.810771485027856e-12;0.1;8.810771485027856e-13;4.0045004755195225e-09;;;;VERT;True
1787576584.9440694;31.950263946000177;Simulation RF;Détection RF large bande;2,45 GHz;2,45 GHz;;3022;2.4351689693422505;-53.406758773690015;-70.10675877369002;9.757175635227708e-11;0.1;9.757175635227708e-12;1.5318425683429098e-08;;;;VERT;True
1787576584.9551473;31.96629181499975;Wi-Fi;Wi-Fi;2,4/5 GHz;wlan0;-34.0;;;;-34.0;3.981071705534969e-07;0.1;3.9810717055349696e-08;2.1703778949588193e-05;;;;ROUGE;False
1787576584.9834862;31.994631518000006;Simulation LoRa;LoRa;868 MHz;LoRa 868.100 MHz;-84.95823646179448;;;;-84.95823646179448;3.1928341050169233e-12;0.046335999999999995;1.4794316109006414e-13;2.2123636377636927e-12;13;"SNR=7.24;SF=7;BW=125.0;CR=4/5;F=868.100;CRC=OK;PAYLOAD=54454d504f5f4c4f52415f3331";7;VERT;True
1787576584.9835696;31.99471318399992;BLE Sniffer;Appareil BLE;2,4 GHz BLE;58:c1:c4:db:10:60;-67.0;;;;-67.0;1.9952623149688828e-10;0.000352;7.023323348690468e-14;1.8380416169797068e-10;34;0x00;37;ORANGE;False
1787576584.983611;31.99475449800002;BLE Sniffer;Appareil BLE;2,4 GHz BLE;58:c1:c4:db:10:60;-65.0;;;;-65.0;3.1622776601683795e-10;0.000352;1.1131217363792695e-13;1.839154738716086e-10;34;0x00;38;ORANGE;False
1787576584.9836488;31.9947922020001;BLE Sniffer;Appareil BLE;2,4 GHz BLE;58:c1:c4:db:10:60;-71.0;;;;-71.0;7.943282347242822e-11;0.000352;2.796035386229473e-14;1.839434342254709e-10;34;0x00;39;VERT;False
1787576585.0393586;32.05034907700019;Simulation RF;Détection RF large bande;868 MHz;868 MHz;;2788;2.2470012934317527;-45.88005173727011;-78.88005173727011;1.2941804238557537e-11;0.1;1.2941804238557538e-12;4.005794655943378e-09;;;;VERT;True
1787576585.0395079;32.05034907700019;Simulation RF;Détection RF large bande;2,45 GHz;2,45 GHz;;2998;2.416361291922475;-52.65445167689899;-69.35445167689899;1.1602586965922792e-10;0.1;1.1602586965922793e-11;1.533002827039502e-08;;;;ORANGE;True
1787576585.0481963;32.05934157899992;Wi-Fi;Wi-Fi;2,4/5 GHz;wlan0;-34.0;;;;-34.0;3.981071705534969e-07;0.1;3.9810717055349696e-08;2.1743589666643542e-05;;;;ROUGE;False
1787576585.0966055;32.10775060800006;BLE Sniffer;iBeacon;2,4 GHz BLE;54:0d:73:47:4a:1a;-66.0;;;;-66.0;2.511886431509582e-10;0.000368;9.243742067955262e-14;1.8350433992226202e-10;36;0x00;37;ORANGE;False
1787576585.1009948;32.11214115599978;BLE Sniffer;iBeacon;2,4 GHz BLE;54:0d:73:47:4a:1a;-66.0;;;;-66.0;2.511886431509582e-10;0.000368;9.243742067955262e-14;1.8359677734294157e-10;36;0x00;38;ORANGE;False
1787576585.101087;32.11223058099995;BLE Sniffer;iBeacon;2,4 GHz BLE;54:0d:73:47:4a:1a;-72.0;;;;-72.0;6.309573444801942e-11;0.000368;2.3219230276871148e-14;1.8361999657321844e-10;36;0x00;39;VERT;False
1787576585.1394675;32.150438632999794;Simulation RF;Détection RF large bande;868 MHz;868 MHz;;2827;2.2780687692674246;-47.12275077069698;-80.12275077069698;9.721312920906644e-12;0.1;9.721312920906645e-13;4.006766787235469e-09;;;;VERT;True
1787576585.1396747;32.150438632999794;Simulation RF;Détection RF large bande;2,45 GHz;2,45 GHz;;3073;2.476257618037739;-55.05030472150956;-71.75030472150956;6.682970250495313e-11;0.1;6.6829702504953135e-12;1.5336711240645515e-08;;;;VERT;True
1787576585.1482809;32.15942530199982;Wi-Fi;Wi-Fi;2,4/5 GHz;wlan0;-37.0;;;;-37.0;1.9952623149688787e-07;0.1;1.995262314968879e-08;2.176354228979323e-05;;;;ROUGE;False
1787576585.2126985;32.223844736000046;BLE Sniffer;Appareil BLE;2,4 GHz BLE;58:c1:c4:db:10:60;-67.0;;;;-67.0;1.9952623149688828e-10;0.000352;7.023323348690468e-14;1.840136674589578e-10;34;0x00;37;ORANGE;False
1787576585.239555;32.25052757799995;Simulation RF;Détection RF large bande;868 MHz;868 MHz;;2772;2.233826151037893;-45.35304604151571;-78.35304604151571;1.461151996607915e-11;0.1;1.461151996607915e-12;4.008227939232077e-09;;;;VERT;True
1787576585.2397244;32.25052757799995;Simulation RF;Détection RF large bande;2,45 GHz;2,45 GHz;;2963;2.3881375504644144;-51.525502018576574;-68.22550201857658;1.5046995744327791e-10;0.1;1.504699574432779e-11;1.5351758236389842e-08;;;;ORANGE;True
1787576585.2529013;32.26404692400001;Wi-Fi;Wi-Fi;2,4/5 GHz;wlan0;-37.0;;;;-37.0;1.9952623149688787e-07;0.1;1.995262314968879e-08;2.178349491294292e-05;;;;ROUGE;False
1787576585.3147504;32.32589559500002;BLE Sniffer;Appareil BLE;2,4 GHz BLE;58:c1:c4:db:10:60;-65.0;;;;-65.0;3.1622776601683795e-10;0.000352;1.1131217363792695e-13;1.8412497963259572e-10;34;0x00;38;ORANGE;False
1787576585.3178225;32.32896852099975;BLE Sniffer;Appareil BLE;2,4 GHz BLE;58:c1:c4:db:10:60;-71.0;;;;-71.0;7.943282347242822e-11;0.000352;2.796035386229473e-14;1.8415293998645802e-10;34;0x00;39;VERT;False
1787576585.3193643;32.330510585999946;BLE Sniffer;iBeacon;2,4 GHz BLE;54:0d:73:47:4a:1a;-67.0;;;;-67.0;1.9952623149688828e-10;0.000368;7.342565319085489e-14;1.836934222264093e-10;36;0x00;37;ORANGE;False
1787576585.3396754;32.350616892999824;Simulation RF;Détection RF large bande;868 MHz;868 MHz;;2707;2.181543583231908;-43.26174332927633;-76.26174332927633;2.3649701691080747e-11;0.1;2.3649701691080748e-12;4.010592909401185e-09;;;;VERT;True
1787576585.3398602;32.350616892999824;Simulation RF;Détection RF large bande;2,45 GHz;2,45 GHz;;2991;2.4104635245722905;-52.418540982891614;-69.11854098289162;1.225027679544438e-10;0.1;1.225027679544438e-11;1.5364008513185288e-08;;;;ORANGE;True
1787576585.345153;32.35629754499996;Wi-Fi;Wi-Fi;2,4/5 GHz;wlan0;-39.0;;;;-39.0;1.2589254117941662e-07;0.1;1.2589254117941663e-08;2.1796084167060863e-05;;;;ROUGE;False
1787576585.425275;32.43642145900003;BLE Sniffer;iBeacon;2,4 GHz BLE;54:0d:73:47:4a:1a;-66.0;;;;-66.0;2.511886431509582e-10;0.000368;9.243742067955262e-14;1.8378585964708885e-10;36;0x00;38;ORANGE;False
1787576585.430105;32.4412517830001;BLE Sniffer;iBeacon;2,4 GHz BLE;54:0d:73:47:4a:1a;-71.0;;;;-71.0;7.943282347242822e-11;0.000368;2.923127903785358e-14;1.838150909261267e-10;36;0x00;39;VERT;False
1787576585.4398167;32.45070870800009;Simulation RF;Détection RF large bande;868 MHz;868 MHz;;2745;2.212195246373313;-44.48780985493252;-77.48780985493252;1.7832778469213746e-11;0.1;1.7832778469213747e-12;4.0123761872481065e-09;;;;VERT;True
1787576585.4399776;32.45070870800009;Simulation RF;Détection RF large bande;2,45 GHz;2,45 GHz;;3019;2.4329486983835036;-53.31794793534013;-70.01794793534013;9.958758628714718e-11;0.1;9.95875862871472e-12;1.5373967271814003e-08;;;;VERT;True
1787576585.4484656;32.45961008099994;Wi-Fi;Wi-Fi;2,4/5 GHz;wlan0;-39.0;;;;-39.0;1.2589254117941662e-07;0.1;1.2589254117941663e-08;2.1808673421178805e-05;;;;ROUGE;False
1787576585.5397708;32.55078780099984;Simulation RF;Détection RF large bande;868 MHz;868 MHz;;2741;2.2086932732138247;-44.34773092855298;-77.34773092855298;1.8417340064441698e-11;0.1;1.84173400644417e-12;4.014217921254551e-09;;;;VERT;True
1787576585.5399435;32.55078780099984;Simulation RF;Détection RF large bande;2,45 GHz;2,45 GHz;;3029;2.440891036481719;-53.635641459268754;-70.33564145926876;9.256266586194564e-11;0.1;9.256266586194565e-12;1.53832235384002e-08;;;;VERT;True
1787576585.5483673;32.5595121020001;Wi-Fi;Wi-Fi;2,4/5 GHz;wlan0;-40.0;;;;-40.0;1e-07;0.1;1e-08;2.1818673421178806e-05;;;;ROUGE;False
1787576585.6430404;32.654186264000145;BLE Sniffer;iBeacon;2,4 GHz BLE;54:0d:73:47:4a:1a;-66.0;;;;-66.0;2.511886431509582e-10;0.000368;9.243742067955262e-14;1.8390752834680626e-10;36;0x00;37;ORANGE;False
1787576585.6431339;32.6542774479999;BLE Sniffer;iBeacon;2,4 GHz BLE;54:0d:73:47:4a:1a;-65.0;;;;-65.0;3.1622776601683795e-10;0.000368;1.1637181789419636e-13;1.8402390016470045e-10;36;0x00;38;ORANGE;False
1787576585.6467595;32.65138929900013;Simulation RF;Détection RF large bande;868 MHz;868 MHz;;2720;2.191633333365149;-43.66533333460596;-76.66533333460596;2.155096226838405e-11;0.1;2.155096226838405e-12;4.016373017481389e-09;;;;VERT;True
1787576585.6469064;32.65138929900013;Simulation RF;Détection RF large bande;2,45 GHz;2,45 GHz;;3061;2.4670567317466223;-54.68226926986489;-71.38226926986489;7.273996253161984e-11;0.1;7.2739962531619845e-12;1.539049753465336e-08;;;;VERT;True
1787576585.6556063;32.66675065199979;Wi-Fi;Wi-Fi;2,4/5 GHz;wlan0;-40.0;;;;-40.0;1e-07;0.1;1e-08;2.1828673421178808e-05;;;;ROUGE;False
1787576585.7405663;32.751537780000035;Simulation RF;Détection RF large bande;868 MHz;868 MHz;;2753;2.2186317057254334;-44.74526822901734;-77.74526822901734;1.6806341231555305e-11;0.1;1.6806341231555305e-12;4.018053651604545e-09;;;;VERT;True
1787576585.740704;32.751537780000035;Simulation RF;Détection RF large bande;2,45 GHz;2,45 GHz;;2976;2.3983039890214957;-51.93215956085983;-68.63215956085983;1.370200254705398e-10;0.1;1.370200254705398e-11;1.5404199537200416e-08;;;;ORANGE;True
1787576585.7501326;32.76127907399996;BLE Sniffer;iBeacon;2,4 GHz BLE;54:0d:73:47:4a:1a;-71.0;;;;-71.0;7.943282347242822e-11;0.000368;2.923127903785358e-14;1.840531314437383e-10;36;0x00;39;VERT;False
1787576585.7516735;32.76281954700016;BLE Sniffer;Appareil BLE;2,4 GHz BLE;58:c1:c4:db:10:60;-67.0;;;;-67.0;1.9952623149688828e-10;0.000352;7.023323348690468e-14;1.8422317321994492e-10;34;0x00;37;ORANGE;False
1787576585.7581916;32.76933799000017;Wi-Fi;Wi-Fi;2,4/5 GHz;wlan0;-43.0;;;;-43.0;5.011872336272725e-08;0.1;5.0118723362727255e-09;2.183368529351508e-05;;;;ROUGE;False
1787576585.840672;32.85162600300009;Simulation RF;Détection RF large bande;868 MHz;868 MHz;;2734;2.2032669941292418;-44.13067976516966;-77.13067976516966;1.9361188955795552e-11;0.1;1.936118895579555e-12;4.0199897705001245e-09;;;;VERT;True
1787576585.8408227;32.85162600300009;Simulation RF;Détection RF large bande;2,45 GHz;2,45 GHz;;3002;2.4195176779037126;-52.78070711614849;-69.4807071161485;1.1270139413780348e-10;0.1;1.1270139413780349e-11;1.5415469676614196e-08;;;;ORANGE;True
1787576585.849317;32.86046183899998;Wi-Fi;Wi-Fi;2,4/5 GHz;wlan0;-43.0;;;;-43.0;5.011872336272725e-08;0.1;5.0118723362727255e-09;2.183869716585135e-05;;;;ROUGE;False
1787576585.8595603;32.870705612000165;BLE Sniffer;Appareil BLE;2,4 GHz BLE;58:c1:c4:db:10:60;-65.0;;;;-65.0;3.1622776601683795e-10;0.000352;1.1131217363792695e-13;1.8433448539358285e-10;34;0x00;38;ORANGE;False
1787576585.8596516;32.87079509299974;BLE Sniffer;Appareil BLE;2,4 GHz BLE;58:c1:c4:db:10:60;-70.0;;;;-70.0;1e-10;0.000352;3.52e-14;1.8436968539358285e-10;34;0x00;39;ORANGE;False
1787576585.9407182;32.95170428099982;Simulation RF;Détection RF large bande;868 MHz;868 MHz;;2735;2.204014562755801;-44.16058251023203;-77.16058251023203;1.922833805880323e-11;0.1;1.922833805880323e-12;4.021912604306005e-09;;;;VERT;True
1787576585.9408622;32.95170428099982;Simulation RF;Détection RF large bande;2,45 GHz;2,45 GHz;;3022;2.4352005482272565;-53.40802192909025;-70.10802192909026;9.754338151117346e-11;0.1;9.754338151117347e-12;1.5425224014765312e-08;;;;VERT;True
1787576585.9485943;32.959738845000174;Wi-Fi;Wi-Fi;2,4/5 GHz;wlan0;-45.0;;;;-45.0;3.162277660168379e-08;0.1;3.1622776601683795e-09;2.184185944351152e-05;;;;ROUGE;False
1787576585.9676576;32.978803527999844;Simulation LoRa;LoRa;868 MHz;LoRa 868.100 MHz;-88.1680995607095;;;;-88.1680995607095;1.5247198135141021e-12;0.046335999999999995;7.064941727898942e-14;2.283013055042682e-12;13;"SNR=10.69;SF=7;BW=125.0;CR=4/5;F=868.100;CRC=OK;PAYLOAD=54454d504f5f4c4f52415f3332";7;VERT;True
1787576586.0408387;33.051791244000015;Simulation RF;Détection RF large bande;868 MHz;868 MHz;;2722;2.193901813669048;-43.756072546761914;-76.75607254676191;2.1105359071232973e-11;0.1;2.1105359071232974e-12;4.024023140213128e-09;;;;VERT;True
1787576586.0409887;33.051791244000015;Simulation RF;Détection RF large bande;2,45 GHz;2,45 GHz;;3047;2.4557773335043733;-54.23109334017492;-70.93109334017493;8.070318336990738e-11;0.1;8.070318336990737e-12;1.5433294333102302e-08;;;;VERT;True
1787576586.049648;33.06079259799981;Wi-Fi;Wi-Fi;2,4/5 GHz;wlan0;-45.0;;;;-45.0;3.162277660168379e-08;0.1;3.1622776601683795e-09;2.1845021721171687e-05;;;;ROUGE;False
1787576586.077632;33.088777431999915;BLE Sniffer;Appareil BLE;2,4 GHz BLE;58:c1:c4:db:10:60;-67.0;;;;-67.0;1.9952623149688828e-10;0.000352;7.023323348690468e-14;1.8443991862706975e-10;34;0x00;37;ORANGE;False
1787576586.0812094;33.09235502199999;BLE Sniffer;Appareil BLE;2,4 GHz BLE;58:c1:c4:db:10:60;-65.0;;;;-65.0;3.1622776601683795e-10;0.000352;1.1131217363792695e-13;1.8455123080070768e-10;34;0x00;38;ORANGE;False
1787576586.1409023;33.15187013200011;Simulation RF;Détection RF large bande;868 MHz;868 MHz;;2794;2.2513293236880187;-46.05317294752075;-79.05317294752075;1.2436057037418975e-11;0.1;1.2436057037418976e-12;4.0252667459168705e-09;;;;VERT;True
1787576586.14105;33.15187013200011;Simulation RF;Détection RF large bande;2,45 GHz;2,45 GHz;;2998;2.4155880716347284;-52.623522865389134;-69.32352286538914;1.1685511131702974e-10;0.1;1.1685511131702974e-11;1.5444979844234003e-08;;;;ORANGE;True
1787576586.149393;33.16053778500009;Wi-Fi;Wi-Fi;2,4/5 GHz;wlan0;-45.0;;;;-45.0;3.162277660168379e-08;0.1;3.1622776601683795e-09;2.1848183998831855e-05;;;;ROUGE;False
1787576586.1833186;33.19446362100007;BLE Sniffer;Appareil BLE;2,4 GHz BLE;58:c1:c4:db:10:60;-70.0;;;;-70.0;1e-10;0.000352;3.52e-14;1.8458643080070768e-10;34;0x00;39;ORANGE;False
1787576586.1877077;33.19885339099983;BLE Sniffer;iBeacon;2,4 GHz BLE;54:0d:73:47:4a:1a;-66.0;;;;-66.0;2.511886431509582e-10;0.000368;9.243742067955262e-14;1.8414556886441786e-10;36;0x00;37;ORANGE;False
1787576586.24099;33.25194955799998;Simulation RF;Détection RF large bande;868 MHz;868 MHz;;2671;2.152681282994339;-42.10725131977355;-75.10725131977355;3.085139939169358e-11;0.1;3.0851399391693578e-12;4.02835188585604e-09;;;;VERT;True
1787576586.2411366;33.25194955799998;Simulation RF;Détection RF large bande;2,45 GHz;2,45 GHz;;3026;2.438154076821576;-53.52616307286304;-70.22616307286305;9.492567471545865e-11;0.1;9.492567471545866e-12;1.5454472411705548e-08;;;;VERT;True
1787576586.2495017;33.260645747000126;Wi-Fi;Wi-Fi;2,4/5 GHz;wlan0;-47.0;;;;-47.0;1.9952623149688786e-08;0.1;1.9952623149688786e-09;2.1850179261146823e-05;;;;ROUGE;False
1787576586.2914243;33.3025695729998;BLE Sniffer;iBeacon;2,4 GHz BLE;54:0d:73:47:4a:1a;-65.0;;;;-65.0;3.1622776601683795e-10;0.000368;1.1637181789419636e-13;1.8426194068231205e-10;36;0x00;38;ORANGE;False
1787576586.2915063;33.30264959099986;BLE Sniffer;iBeacon;2,4 GHz BLE;54:0d:73:47:4a:1a;-70.0;;;;-70.0;1e-10;0.000368;3.68e-14;1.8429874068231205e-10;36;0x00;39;ORANGE;False
1787576586.341055;33.35203013099999;Simulation RF;Détection RF large bande;868 MHz;868 MHz;;2722;2.193301643316223;-43.732065732648906;-76.7320657326489;2.12223477556954e-11;0.1;2.12223477556954e-12;4.030474120631609e-09;;;;VERT;True
1787576586.3411994;33.35203013099999;Simulation RF;Détection RF large bande;2,45 GHz;2,45 GHz;;2998;2.416208233892421;-52.648329355696845;-69.34832935569685;1.1618954859165965e-10;0.1;1.1618954859165966e-11;1.5466091366564715e-08;;;;ORANGE;True
1787576586.350515;33.361660110999765;Wi-Fi;Wi-Fi;2,4/5 GHz;wlan0;-47.0;;;;-47.0;1.9952623149688786e-08;0.1;1.9952623149688786e-09;2.185217452346179e-05;;;;ROUGE;False
1787576586.399863;33.411009078000006;BLE Sniffer;Appareil BLE;2,4 GHz BLE;58:c1:c4:db:10:60;-66.0;;;;-66.0;2.511886431509582e-10;0.000352;8.841840238913729e-14;1.8467484920309682e-10;34;0x00;37;ORANGE;False
1787576586.402996;33.41414168900019;BLE Sniffer;Appareil BLE;2,4 GHz BLE;58:c1:c4:db:10:60;-64.0;;;;-64.0;3.9810717055349694e-10;0.000352;1.4013372403483091e-13;1.8481498292713166e-10;34;0x00;38;ORANGE;False
1787576586.404699;33.41584480900019;BLE Sniffer;Appareil BLE;2,4 GHz BLE;58:c1:c4:db:10:60;-70.0;;;;-70.0;1e-10;0.000352;3.52e-14;1.8485018292713167e-10;34;0x00;39;ORANGE;False
1787576586.4413393;33.452138574999935;Simulation RF;Détection RF large bande;868 MHz;868 MHz;;2713;2.1860788280403223;-43.443153121612895;-76.4431531216129;2.2682174530145794e-11;0.1;2.2682174530145797e-12;4.032742338084624e-09;;;;VERT;True
1787576586.441563;33.452138574999935;Simulation RF;Détection RF large bande;2,45 GHz;2,45 GHz;;3062;2.467479280459477;-54.699171218379064;-71.39917121837907;7.245742202938532e-11;0.1;7.245742202938532e-12;1.5473337108767653e-08;;;;VERT;True
1787576586.4501803;33.461324502000025;Wi-Fi;Wi-Fi;2,4/5 GHz;wlan0;-47.0;;;;-47.0;1.9952623149688786e-08;0.1;1.9952623149688786e-09;2.1854169785776758e-05;;;;ROUGE;False
1787576586.5146682;33.525813305000156;BLE Sniffer;iBeacon;2,4 GHz BLE;54:0d:73:47:4a:1a;-66.0;;;;-66.0;2.511886431509582e-10;0.000368;9.243742067955262e-14;1.843911781029916e-10;36;0x00;37;ORANGE;False
1787576586.514763;33.52590643399981;BLE Sniffer;iBeacon;2,4 GHz BLE;54:0d:73:47:4a:1a;-66.0;;;;-66.0;2.511886431509582e-10;0.000368;9.243742067955262e-14;1.8448361552367116e-10;36;0x00;38;ORANGE;False
1787576586.5412354;33.55221846299992;Simulation RF;Détection RF large bande;868 MHz;868 MHz;;2698;2.1739024676239107;-42.95609870495642;-75.95609870495642;2.5374069758964202e-11;0.1;2.5374069758964203e-12;4.03527974506052e-09;;;;VERT;True
1787576586.541375;33.55221846299992;Simulation RF;Détection RF large bande;2,45 GHz;2,45 GHz;;3054;2.460760747702964;-54.430429908118555;-71.13042990811856;7.708271611050135e-11;0.1;7.708271611050135e-12;1.5481045380378703e-08;;;;VERT;True
1787576586.5497358;33.56088004200001;Wi-Fi;Wi-Fi;2,4/5 GHz;wlan0;-47.0;;;;-47.0;1.9952623149688786e-08;0.1;1.9952623149688786e-09;2.1856165048091726e-05;;;;ROUGE;False
1787576586.6184983;33.62964424499978;BLE Sniffer;iBeacon;2,4 GHz BLE;54:0d:73:47:4a:1a;-70.0;;;;-70.0;1e-10;0.000368;3.68e-14;1.8452041552367115e-10;36;0x00;39;ORANGE;False
1787576586.622959;33.63410460800014;BLE Sniffer;Appareil BLE;2,4 GHz BLE;58:c1:c4:db:10:60;-67.0;;;;-67.0;1.9952623149688828e-10;0.000352;7.023323348690468e-14;1.8492041616061857e-10;34;0x00;37;ORANGE;False
1787576586.6230485;33.634191941000154;BLE Sniffer;Appareil BLE;2,4 GHz BLE;58:c1:c4:db:10:60;-65.0;;;;-65.0;3.1622776601683795e-10;0.000352;1.1131217363792695e-13;1.850317283342565e-10;34;0x00;38;ORANGE;False
1787576586.6459284;33.65229751900006;Simulation RF;Détection RF large bande;868 MHz;868 MHz;;2678;2.1581147492647474;-42.3245899705899;-75.3245899705899;2.9345465495186995e-11;0.1;2.9345465495186995e-12;4.0382142916100385e-09;;;;VERT;True
1787576586.6485848;33.65229751900006;Simulation RF;Détection RF large bande;2,45 GHz;2,45 GHz;;3049;2.4574553173538503;-54.298212694154;-70.998212694154;7.946552017320866e-11;0.1;7.946552017320865e-12;1.5488991932396022e-08;;;;VERT;True
1787576586.6611412;33.67228573300008;Wi-Fi;Wi-Fi;2,4/5 GHz;wlan0;-47.0;;;;-47.0;1.9952623149688786e-08;0.1;1.9952623149688786e-09;2.1858160310406693e-05;;;;ROUGE;False
1787576586.7282605;33.73940663199983;BLE Sniffer;Appareil BLE;2,4 GHz BLE;58:c1:c4:db:10:60;-70.0;;;;-70.0;1e-10;0.000352;3.52e-14;1.850669283342565e-10;34;0x00;39;ORANGE;False
1787576586.7347038;33.7458501860001;BLE Sniffer;iBeacon;2,4 GHz BLE;54:0d:73:47:4a:1a;-66.0;;;;-66.0;2.511886431509582e-10;0.000368;9.243742067955262e-14;1.846128529443507e-10;36;0x00;37;ORANGE;False
1787576586.741366;33.75237722200018;Simulation RF;Détection RF large bande;868 MHz;868 MHz;;2637;2.124763053814995;-40.990522152599794;-73.9905221525998;3.98976930450397e-11;0.1;3.98976930450397e-12;4.042204060914543e-09;;;;VERT;True
1787576586.7415173;33.75237722200018;Simulation RF;Détection RF large bande;2,45 GHz;2,45 GHz;;2998;2.4161419412402982;-52.645677649611926;-69.34567764961193;1.1626051302355542e-10;0.1;1.1626051302355542e-11;1.5500617983698376e-08;;;;ORANGE;True
1787576586.7498724;33.761017059000096;Wi-Fi;Wi-Fi;2,4/5 GHz;wlan0;-47.0;;;;-47.0;1.9952623149688786e-08;0.1;1.9952623149688786e-09;2.186015557272166e-05;;;;ROUGE;False
1787576586.8469532;33.85809900300001;BLE Sniffer;iBeacon;2,4 GHz BLE;54:0d:73:47:4a:1a;-65.0;;;;-65.0;3.1622776601683795e-10;0.000368;1.1637181789419636e-13;1.847292247622449e-10;36;0x00;38;ORANGE;False
1787576586.8470454;33.858188964999954;BLE Sniffer;iBeacon;2,4 GHz BLE;54:0d:73:47:4a:1a;-70.0;;;;-70.0;1e-10;0.000368;3.68e-14;1.847660247622449e-10;36;0x00;39;ORANGE;False
1787576586.8424492;33.85254618399995;Simulation RF;Détection RF large bande;868 MHz;868 MHz;;2631;2.120170873022726;-40.80683492090904;-73.80683492090904;4.162138309658348e-11;0.1;4.162138309658348e-12;4.046366199224201e-09;;;;VERT;True
1787576586.8510187;33.85254618399995;Simulation RF;Détection RF large bande;2,45 GHz;2,45 GHz;;3032;2.4434169107827186;-53.73667643130874;-70.43667643130874;9.043412832468378e-11;0.1;9.043412832468378e-12;1.5509661396530843e-08;;;;VERT;True
1787576586.8596168;33.87076107599978;Wi-Fi;Wi-Fi;2,4/5 GHz;wlan0;-45.0;;;;-45.0;3.162277660168379e-08;0.1;3.1622776601683795e-09;2.186331785038183e-05;;;;ROUGE;False
1787576586.941659;33.9526252390001;Simulation RF;Détection RF large bande;868 MHz;868 MHz;;2677;2.1573836717631223;-42.29534687052488;-75.29534687052488;2.9543729136162565e-11;0.1;2.9543729136162565e-12;4.049320572137817e-09;;;;VERT;True
1787576586.9418035;33.9526252390001;Simulation RF;Détection RF large bande;2,45 GHz;2,45 GHz;;3037;2.4476461145007615;-53.90584458003045;-70.60584458003045;8.697922666022744e-11;0.1;8.697922666022745e-12;1.5518359319196868e-08;;;;VERT;True
1787576586.950133;33.961277612999766;Wi-Fi;Wi-Fi;2,4/5 GHz;wlan0;-43.0;;;;-43.0;5.011872336272725e-08;0.1;5.0118723362727255e-09;2.18683297227181e-05;;;;ROUGE;False
1787576586.9551828;33.966327934999754;Simulation LoRa;LoRa;868 MHz;LoRa 868.100 MHz;-89.32279764791598;;;;-89.32279764791598;1.1687462628859576e-12;0.046335999999999995;5.4155026837083725e-14;2.3371680818797657e-12;13;"SNR=9.16;SF=7;BW=125.0;CR=4/5;F=868.100;CRC=OK;PAYLOAD=54454d504f5f4c4f52415f3333";7;VERT;True
1787576587.041734;34.052705311999944;Simulation RF;Détection RF large bande;868 MHz;868 MHz;;2616;2.108134328250998;-40.32537313003992;-73.32537313003992;4.650104224442856e-11;0.1;4.650104224442856e-12;4.05397067636226e-09;;;;VERT;True
1787576587.0418713;34.052705311999944;Simulation RF;Détection RF large bande;2,45 GHz;2,45 GHz;;3064;2.4695122541380012;-54.780490165520035;-71.48049016552004;7.111332472248984e-11;0.1;7.111332472248984e-12;1.5525470651669115e-08;;;;VERT;True
1787576587.0511112;34.06225501400013;Wi-Fi;Wi-Fi;2,4/5 GHz;wlan0;-41.0;;;;-41.0;7.943282347242822e-08;0.1;7.943282347242822e-09;2.1876273005065344e-05;;;;ROUGE;False
1787576587.0618947;34.073039876000166;BLE Sniffer;iBeacon;2,4 GHz BLE;54:0d:73:47:4a:1a;-66.0;;;;-66.0;2.511886431509582e-10;0.000368;9.243742067955262e-14;1.8485846218292445e-10;36;0x00;37;ORANGE;False
1787576587.066901;34.07804782799985;BLE Sniffer;iBeacon;2,4 GHz BLE;54:0d:73:47:4a:1a;-66.0;;;;-66.0;2.511886431509582e-10;0.000368;9.243742067955262e-14;1.84950899603604e-10;36;0x00;38;ORANGE;False
1787576587.0725205;34.08366610899975;BLE Sniffer;iBeacon;2,4 GHz BLE;54:0d:73:47:4a:1a;-70.0;;;;-70.0;1e-10;0.000368;3.68e-14;1.84987699603604e-10;36;0x00;39;ORANGE;False
1787576587.1418173;34.15279280999994;Simulation RF;Détection RF large bande;868 MHz;868 MHz;;2703;2.178165668402475;-43.126626736099;-76.126626736099;2.4397050569657417e-11;0.1;2.439705056965742e-12;4.056410381419226e-09;;;;VERT;True
1787576587.141969;34.15279280999994;Simulation RF;Détection RF large bande;2,45 GHz;2,45 GHz;;3082;2.483804984938616;-55.35219939754464;-72.05219939754464;6.234190374212502e-11;0.1;6.2341903742125026e-12;1.553170484204333e-08;;;;VERT;True
1787576587.1503315;34.1614768139998;Wi-Fi;Wi-Fi;2,4/5 GHz;wlan0;-39.0;;;;-39.0;1.2589254117941662e-07;0.1;1.2589254117941663e-08;2.1888862259183285e-05;;;;ROUGE;False
1787576587.2418797;34.25287019799998;Simulation RF;Détection RF large bande;868 MHz;868 MHz;;2721;2.192850605845905;-43.7140242338362;-76.7140242338362;2.1310693191358055e-11;0.1;2.1310693191358054e-12;4.058541450738362e-09;;;;VERT;True
1787576587.242015;34.25287019799998;Simulation RF;Détection RF large bande;2,45 GHz;2,45 GHz;;3083;2.4841496715195928;-55.36598686078371;-72.06598686078371;6.214430192878795e-11;0.1;6.214430192878795e-12;1.5537919272236208e-08;;;;VERT;True
1787576587.2503223;34.26146692400016;Wi-Fi;Wi-Fi;2,4/5 GHz;wlan0;-37.0;;;;-37.0;1.9952623149688787e-07;0.1;1.995262314968879e-08;2.1908814882332975e-05;;;;ROUGE;False
1787576587.2801232;34.29126884000016;BLE Sniffer;Appareil BLE;2,4 GHz BLE;58:c1:c4:db:10:60;-67.0;;;;-67.0;1.9952623149688828e-10;0.000352;7.023323348690468e-14;1.851371615677434e-10;34;0x00;37;ORANGE;False
1787576587.2802067;34.29135009899983;BLE Sniffer;Appareil BLE;2,4 GHz BLE;58:c1:c4:db:10:60;-65.0;;;;-65.0;3.1622776601683795e-10;0.000352;1.1131217363792695e-13;1.8524847374138133e-10;34;0x00;38;ORANGE;False
1787576587.2849815;34.296127755999805;BLE Sniffer;Appareil BLE;2,4 GHz BLE;58:c1:c4:db:10:60;-70.0;;;;-70.0;1e-10;0.000352;3.52e-14;1.8528367374138133e-10;34;0x00;39;ORANGE;False
1787576587.3419774;34.35295862200019;Simulation RF;Détection RF large bande;868 MHz;868 MHz;;2655;2.1392004517894976;-41.5680180715799;-74.5680180715799;3.4929968407737186e-11;0.1;3.4929968407737187e-12;4.062034447579136e-09;;;;VERT;True
1787576587.3421273;34.35295862200019;Simulation RF;Détection RF large bande;2,45 GHz;2,45 GHz;;3040;2.4498616071685646;-53.994464286742584;-70.69446428674259;8.522236288417564e-11;0.1;8.522236288417565e-12;1.5546441508524625e-08;;;;VERT;True
1787576587.3503776;34.36152201599998;Wi-Fi;Wi-Fi;2,4/5 GHz;wlan0;-35.0;;;;-35.0;3.162277660168379e-07;0.1;3.162277660168379e-08;2.194043765893466e-05;;;;ROUGE;False
1787576587.442041;34.45303921300001;Simulation RF;Détection RF large bande;868 MHz;868 MHz;;2694;2.171202461683573;-42.84809846734291;-75.84809846734291;2.6012982768954085e-11;0.1;2.6012982768954085e-12;4.064635745856031e-09;;;;VERT;True
1787576587.442188;34.45303921300001;Simulation RF;Détection RF large bande;2,45 GHz;2,45 GHz;;2993;2.4115496902866247;-52.46198761146498;-69.16198761146498;1.2128336525773205e-10;0.1;1.2128336525773205e-11;1.55585698450504e-08;;;;ORANGE;True
1787576587.4504745;34.46161892100008;Wi-Fi;Wi-Fi;2,4/5 GHz;wlan0;-33.0;;;;-33.0;5.011872336272725e-07;0.1;5.011872336272725e-08;2.1990556382297386e-05;;;;ROUGE;False
1787576587.5014765;34.51262202599992;BLE Sniffer;Appareil BLE;2,4 GHz BLE;58:c1:c4:db:10:60;-67.0;;;;-67.0;1.9952623149688828e-10;0.000352;7.023323348690468e-14;1.8535390697486824e-10;34;0x00;37;ORANGE;False
1787576587.542146;34.5531160999999;Simulation RF;Détection RF large bande;868 MHz;868 MHz;;2626;2.1164369637900045;-40.65747855160018;-73.65747855160018;4.307766403370174e-11;0.1;4.3077664033701744e-12;4.068943512259402e-09;;;;VERT;True
1787576587.5422823;34.5531160999999;Simulation RF;Détection RF large bande;2,45 GHz;2,45 GHz;;3042;2.451605516263079;-54.06422065052317;-70.76422065052317;8.386445614361957e-11;0.1;8.386445614361957e-12;1.556695629066476e-08;;;;VERT;True
1787576587.5510437;34.56218819500009;Wi-Fi;Wi-Fi;2,4/5 GHz;wlan0;-32.0;;;;-32.0;6.30957344480193e-07;0.1;6.30957344480193e-08;2.2053652116745407e-05;;;;ROUGE;False
1787576587.6037617;34.61490647399978;BLE Sniffer;Appareil BLE;2,4 GHz BLE;58:c1:c4:db:10:60;-65.0;;;;-65.0;3.1622776601683795e-10;0.000352;1.1131217363792695e-13;1.8546521914850616e-10;34;0x00;38;ORANGE;False
1787576587.6038628;34.61500619599974;BLE Sniffer;Appareil BLE;2,4 GHz BLE;58:c1:c4:db:10:60;-71.0;;;;-71.0;7.943282347242822e-11;0.000352;2.796035386229473e-14;1.8549317950236845e-10;34;0x00;39;VERT;False
1787576587.6083913;34.61953692799989;BLE Sniffer;iBeacon;2,4 GHz BLE;54:0d:73:47:4a:1a;-67.0;;;;-67.0;1.9952623149688828e-10;0.000368;7.342565319085489e-14;1.8506112525679486e-10;36;0x00;37;ORANGE;False
1787576587.6422179;34.65319302499984;Simulation RF;Détection RF large bande;868 MHz;868 MHz;;2722;2.1936746199231925;-43.74698479692769;-76.74698479692769;2.1149568943905428e-11;0.1;2.114956894390543e-12;4.071058469153792e-09;;;;VERT;True
1787576587.64236;34.65319302499984;Simulation RF;Détection RF large bande;2,45 GHz;2,45 GHz;;3020;2.433641969486533;-53.34567877946131;-70.04567877946131;9.895371923172153e-11;0.1;9.895371923172153e-12;1.5576851662587933e-08;;;;VERT;True
1787576587.6503246;34.661468715999945;Wi-Fi;Wi-Fi;2,4/5 GHz;wlan0;-32.0;;;;-32.0;6.30957344480193e-07;0.1;6.30957344480193e-08;2.2116747851193427e-05;;;;ROUGE;False
1787576587.713773;34.72491880300004;BLE Sniffer;iBeacon;2,4 GHz BLE;54:0d:73:47:4a:1a;-66.0;;;;-66.0;2.511886431509582e-10;0.000368;9.243742067955262e-14;1.8515356267747442e-10;36;0x00;38;ORANGE;False
1787576587.7184768;34.72962325599974;BLE Sniffer;iBeacon;2,4 GHz BLE;54:0d:73:47:4a:1a;-70.0;;;;-70.0;1e-10;0.000368;3.68e-14;1.8519036267747441e-10;36;0x00;39;ORANGE;False
1787576587.7422945;34.75327428199989;Simulation RF;Détection RF large bande;868 MHz;868 MHz;;2668;2.15017409475307;-42.006963790122796;-75.0069637901228;3.15721109982596e-11;0.1;3.15721109982596e-12;4.074215680253619e-09;;;;VERT;True
1787576587.7424436;34.75327428199989;Simulation RF;Détection RF large bande;2,45 GHz;2,45 GHz;;3060;2.4656112300858095;-54.62444920343238;-71.32444920343238;7.371486587281832e-11;0.1;7.371486587281833e-12;1.5584223149175215e-08;;;;VERT;True
1787576587.750341;34.761484956000004;Wi-Fi;Wi-Fi;2,4/5 GHz;wlan0;-32.0;;;;-32.0;6.30957344480193e-07;0.1;6.30957344480193e-08;2.2179843585641448e-05;;;;ROUGE;False
1787576587.8271394;34.83828463000009;BLE Sniffer;Appareil BLE;2,4 GHz BLE;58:c1:c4:db:10:60;-67.0;;;;-67.0;1.9952623149688828e-10;0.000352;7.023323348690468e-14;1.8556341273585536e-10;34;0x00;37;ORANGE;False
1787576587.8272326;34.83837662899987;BLE Sniffer;Appareil BLE;2,4 GHz BLE;58:c1:c4:db:10:60;-66.0;;;;-66.0;2.511886431509582e-10;0.000352;8.841840238913729e-14;1.856518311382445e-10;34;0x00;38;ORANGE;False
1787576587.8272734;34.83841692499982;BLE Sniffer;Appareil BLE;2,4 GHz BLE;58:c1:c4:db:10:60;-71.0;;;;-71.0;7.943282347242822e-11;0.000352;2.796035386229473e-14;1.856797914921068e-10;34;0x00;39;VERT;False
1787576587.8423598;34.85336137400009;Simulation RF;Détection RF large bande;868 MHz;868 MHz;;2667;2.149070959002901;-41.96283836011604;-74.96283836011604;3.189452686031991e-11;0.1;3.1894526860319913e-12;4.0774051329396505e-09;;;;VERT;True
1787576587.8425152;34.85336137400009;Simulation RF;Détection RF large bande;2,45 GHz;2,45 GHz;;3028;2.4399495632699004;-53.59798253079602;-70.29798253079602;9.336879349502508e-11;0.1;9.336879349502509e-12;1.5593560028524717e-08;;;;VERT;True
1787576587.8538594;34.86500402699994;Wi-Fi;Wi-Fi;2,4/5 GHz;wlan0;-32.0;;;;-32.0;6.30957344480193e-07;0.1;6.30957344480193e-08;2.2242939320089468e-05;;;;ROUGE;False
1787576587.937396;34.948541419999856;BLE Sniffer;iBeacon;2,4 GHz BLE;54:0d:73:47:4a:1a;-67.0;;;;-67.0;1.9952623149688828e-10;0.000368;7.342565319085489e-14;1.8526378833066527e-10;36;0x00;37;ORANGE;False
1787576587.9375405;34.948684289000084;Simulation LoRa;LoRa;868 MHz;LoRa 868.100 MHz;-89.02761596157644;;;;-89.02761596157644;1.2509455422394764e-12;0.046335999999999995;5.796381264520837e-14;2.395131894524974e-12;13;"SNR=7.44;SF=7;BW=125.0;CR=4/5;F=868.100;CRC=OK;PAYLOAD=54454d504f5f4c4f52415f3334";7;VERT;True
1787576587.9375868;34.94873012200014;BLE Sniffer;iBeacon;2,4 GHz BLE;54:0d:73:47:4a:1a;-66.0;;;;-66.0;2.511886431509582e-10;0.000368;9.243742067955262e-14;1.8535622575134483e-10;36;0x00;38;ORANGE;False
1787576587.94277;34.95391486900007;BLE Sniffer;iBeacon;2,4 GHz BLE;54:0d:73:47:4a:1a;-71.0;;;;-71.0;7.943282347242822e-11;0.000368;2.923127903785358e-14;1.8538545703038268e-10;36;0x00;39;VERT;False
1787576587.9451013;34.95347605699999;Simulation RF;Détection RF large bande;868 MHz;868 MHz;;2641;2.1286092168816926;-41.1443686752677;-74.1443686752677;3.85090790446313e-11;0.1;3.85090790446313e-12;4.081256040844114e-09;;;;VERT;True
1787576587.94525;34.95347605699999;Simulation RF;Détection RF large bande;2,45 GHz;2,45 GHz;;3036;2.446678655413683;-53.8671462165473;-70.5671462165473;8.775772947142149e-11;0.1;8.77577294714215e-12;1.560233580147186e-08;;;;VERT;True
1787576587.9537683;34.96491256299987;Wi-Fi;Wi-Fi;2,4/5 GHz;wlan0;-32.0;;;;-32.0;6.30957344480193e-07;0.1;6.30957344480193e-08;2.230603505453749e-05;;;;ROUGE;False
1787576588.0425763;35.05355275900001;Simulation RF;Détection RF large bande;868 MHz;868 MHz;;2640;2.127659357126397;-41.10637428505588;-74.10637428505588;3.88474549294272e-11;0.1;3.88474549294272e-12;4.085140786337057e-09;;;;VERT;True
1787576588.0427158;35.05355275900001;Simulation RF;Détection RF large bande;2,45 GHz;2,45 GHz;;3028;2.440065383257872;-53.60261533031486;-70.30261533031486;9.326924623220178e-11;0.1;9.326924623220178e-12;1.561166272609508e-08;;;;VERT;True
1787576588.0501761;35.061321916;BLE Sniffer;Appareil BLE;2,4 GHz BLE;58:c1:c4:db:10:60;-68.0;;;;-68.0;1.584893192461111e-10;0.000352;5.57882403746311e-14;1.8573557973248142e-10;34;0x00;37;ORANGE;False
1787576588.0559828;35.06712821500014;Wi-Fi;Wi-Fi;2,4/5 GHz;wlan0;-32.0;;;;-32.0;6.30957344480193e-07;0.1;6.30957344480193e-08;2.236913078898551e-05;;;;ROUGE;False
1787576588.14265;35.15363771900002;Simulation RF;Détection RF large bande;868 MHz;868 MHz;;2609;2.102742646436661;-40.10970585746644;-73.10970585746644;4.8868545631195426e-11;0.1;4.886854563119543e-12;4.0900276409001764e-09;;;;VERT;True
1787576588.142806;35.15363771900002;Simulation RF;Détection RF large bande;2,45 GHz;2,45 GHz;;3020;2.433734726606483;-53.3493890642593;-70.0493890642593;9.886921673192679e-11;0.1;9.88692167319268e-12;1.5621549647768275e-08;;;;VERT;True
1787576588.1504152;35.16156035699987;Wi-Fi;Wi-Fi;2,4/5 GHz;wlan0;-32.0;;;;-32.0;6.30957344480193e-07;0.1;6.30957344480193e-08;2.243222652343353e-05;;;;ROUGE;False
1787576588.157303;35.168448908999835;BLE Sniffer;Appareil BLE;2,4 GHz BLE;58:c1:c4:db:10:60;-65.0;;;;-65.0;3.1622776601683795e-10;0.000352;1.1131217363792695e-13;1.8584689190611934e-10;34;0x00;38;ORANGE;False
1787576588.157394;35.16853766799977;BLE Sniffer;Appareil BLE;2,4 GHz BLE;58:c1:c4:db:10:60;-72.0;;;;-72.0;6.309573444801942e-11;0.000352;2.2209698525702838e-14;1.8586910160464506e-10;34;0x00;39;VERT;False
1787576588.1661193;35.17726554199999;BLE Sniffer;iBeacon;2,4 GHz BLE;54:0d:73:47:4a:1a;-67.0;;;;-67.0;1.9952623149688828e-10;0.000368;7.342565319085489e-14;1.8545888268357354e-10;36;0x00;37;ORANGE;False
1787576588.2427516;35.25372090200017;Simulation RF;Détection RF large bande;868 MHz;868 MHz;;2711;2.184842413742771;-43.393696549710825;-76.39369654971082;2.294195085094389e-11;0.1;2.294195085094389e-12;4.092321835985271e-09;;;;VERT;True
1787576588.242893;35.25372090200017;Simulation RF;Détection RF large bande;2,45 GHz;2,45 GHz;;3008;2.424299983347534;-52.97199933390135;-69.67199933390135;1.0784501287009787e-10;0.1;1.0784501287009787e-11;1.5632334149055284e-08;;;;ORANGE;True
1787576588.2514071;35.26255253499994;Wi-Fi;Wi-Fi;2,4/5 GHz;wlan0;-32.0;;;;-32.0;6.30957344480193e-07;0.1;6.30957344480193e-08;2.249532225788155e-05;;;;ROUGE;False
1787576588.2685773;35.27972321000016;BLE Sniffer;iBeacon;2,4 GHz BLE;54:0d:73:47:4a:1a;-66.0;;;;-66.0;2.511886431509582e-10;0.000368;9.243742067955262e-14;1.855513201042531e-10;36;0x00;38;ORANGE;False
1787576588.2686622;35.279805764999765;BLE Sniffer;iBeacon;2,4 GHz BLE;54:0d:73:47:4a:1a;-72.0;;;;-72.0;6.309573444801942e-11;0.000368;2.3219230276871148e-14;1.8557453933452996e-10;36;0x00;39;VERT;False
1787576588.3428261;35.35379821400011;Simulation RF;Détection RF large bande;868 MHz;868 MHz;;2683;2.1623738026751314;-42.49495210700525;-75.49495210700525;2.8216606995432574e-11;0.1;2.8216606995432577e-12;4.095143496684815e-09;;;;VERT;True
1787576588.3429658;35.35379821400011;Simulation RF;Détection RF large bande;2,45 GHz;2,45 GHz;;3038;2.448428602382844;-53.93714409531374;-70.63714409531374;8.635462259461723e-11;0.1;8.635462259461723e-12;1.5640969611314747e-08;;;;VERT;True
1787576588.351353;35.36249712500012;Wi-Fi;Wi-Fi;2,4/5 GHz;wlan0;-32.0;;;;-32.0;6.30957344480193e-07;0.1;6.30957344480193e-08;2.255841799232957e-05;;;;ROUGE;False
1787576588.3792052;35.39035110799978;BLE Sniffer;Appareil BLE;2,4 GHz BLE;58:c1:c4:db:10:60;-68.0;;;;-68.0;1.584893192461111e-10;0.000352;5.57882403746311e-14;1.8592488984501968e-10;34;0x00;37;ORANGE;False
1787576588.4429545;35.453888322999774;Simulation RF;Détection RF large bande;868 MHz;868 MHz;;2663;2.1463320852382304;-41.85328340952921;-74.85328340952921;3.2709330804471626e-11;0.1;3.2709330804471627e-12;4.098414429765262e-09;;;;VERT;True
1787576588.4431798;35.453888322999774;Simulation RF;Détection RF large bande;2,45 GHz;2,45 GHz;;3036;2.446601491176514;-53.86405964706056;-70.56405964706056;8.782012183860254e-11;0.1;8.782012183860255e-12;1.5649751623498608e-08;;;;VERT;True
1787576588.4534702;35.46461488900013;Wi-Fi;Wi-Fi;2,4/5 GHz;wlan0;-34.0;;;;-34.0;3.981071705534969e-07;0.1;3.9810717055349696e-08;2.259822870938492e-05;;;;ROUGE;False
1787576588.4919274;35.50307275199975;BLE Sniffer;iBeacon;2,4 GHz BLE;54:0d:73:47:4a:1a;-67.0;;;;-67.0;1.9952623149688828e-10;0.000368;7.342565319085489e-14;1.8564796498772082e-10;36;0x00;38;ORANGE;False
1787576588.493686;35.50483242700011;BLE Sniffer;iBeacon;2,4 GHz BLE;54:0d:73:47:4a:1a;-72.0;;;;-72.0;6.309573444801942e-11;0.000368;2.3219230276871148e-14;1.856711842179977e-10;36;0x00;39;VERT;False
1787576588.5430245;35.553978560999894;Simulation RF;Détection RF large bande;868 MHz;868 MHz;;2626;2.1160895550644843;-40.64358220257937;-73.64358220257937;4.321572266057047e-11;0.1;4.321572266057047e-12;4.102736002031319e-09;;;;VERT;True
1787576588.5431783;35.553978560999894;Simulation RF;Détection RF large bande;2,45 GHz;2,45 GHz;;3010;2.425947094665327;-53.037883786613065;-69.73788378661307;1.0622130221754434e-10;0.1;1.0622130221754435e-11;1.5660373753720362e-08;;;;ORANGE;True
1787576588.5516937;35.562837841000146;Wi-Fi;Wi-Fi;2,4/5 GHz;wlan0;-34.0;;;;-34.0;3.981071705534969e-07;0.1;3.9810717055349696e-08;2.2638039426440268e-05;;;;ROUGE;False
1787576588.6430764;35.65405302099998;Simulation RF;Détection RF large bande;868 MHz;868 MHz;;2644;2.1304232981876705;-41.21693192750682;-74.21693192750682;3.787100298620482e-11;0.1;3.787100298620482e-12;4.10652310232994e-09;;;;VERT;True
1787576588.6432803;35.65405302099998;Simulation RF;Détection RF large bande;2,45 GHz;2,45 GHz;;3037;2.4475636931943114;-53.90254772777246;-70.60254772777246;8.704528011985917e-11;0.1;8.704528011985918e-12;1.5669078281732348e-08;;;;VERT;True
1787576588.6519704;35.663114355999824;Wi-Fi;Wi-Fi;2,4/5 GHz;wlan0;-36.0;;;;-36.0;2.5118864315095823e-07;0.1;2.5118864315095824e-08;2.2663158290755364e-05;;;;ROUGE;False
1787576588.7032356;35.714381181000135;BLE Sniffer;Appareil BLE;2,4 GHz BLE;58:c1:c4:db:10:60;-67.0;;;;-67.0;1.9952623149688828e-10;0.000352;7.023323348690468e-14;1.859951230785066e-10;34;0x00;37;ORANGE;False
1787576588.7063017;35.71744734799995;BLE Sniffer;Appareil BLE;2,4 GHz BLE;58:c1:c4:db:10:60;-66.0;;;;-66.0;2.511886431509582e-10;0.000352;8.841840238913729e-14;1.8608354148089573e-10;34;0x00;38;ORANGE;False
1787576588.7080202;35.71916609699974;BLE Sniffer;Appareil BLE;2,4 GHz BLE;58:c1:c4:db:10:60;-72.0;;;;-72.0;6.309573444801942e-11;0.000352;2.2209698525702838e-14;1.8610575117942145e-10;34;0x00;39;VERT;False
1787576588.7431793;35.75413998199974;Simulation RF;Détection RF large bande;868 MHz;868 MHz;;2689;2.1666734548585223;-42.66693819434089;-75.66693819434089;2.7121030091269528e-11;0.1;2.7121030091269528e-12;4.1092352053390665e-09;;;;VERT;True
1787576588.7433352;35.75413998199974;Simulation RF;Détection RF large bande;2,45 GHz;2,45 GHz;;3071;2.474570041020466;-54.982801640818636;-71.68280164081864;6.787656185379037e-11;0.1;6.7876561853790374e-12;1.5675865937917727e-08;;;;VERT;True
1787576588.753016;35.764160274000005;Wi-Fi;Wi-Fi;2,4/5 GHz;wlan0;-36.0;;;;-36.0;2.5118864315095823e-07;0.1;2.5118864315095824e-08;2.268827715507046e-05;;;;ROUGE;False
1787576588.816848;35.827993617000175;BLE Sniffer;iBeacon;2,4 GHz BLE;54:0d:73:47:4a:1a;-67.0;;;;-67.0;1.9952623149688828e-10;0.000368;7.342565319085489e-14;1.8574460987118855e-10;36;0x00;37;ORANGE;False
1787576588.818516;35.82966197699989;BLE Sniffer;iBeacon;2,4 GHz BLE;54:0d:73:47:4a:1a;-67.0;;;;-67.0;1.9952623149688828e-10;0.000368;7.342565319085489e-14;1.858180355243794e-10;36;0x00;38;ORANGE;False
1787576588.818609;35.82975229099975;BLE Sniffer;iBeacon;2,4 GHz BLE;54:0d:73:47:4a:1a;-72.0;;;;-72.0;6.309573444801942e-11;0.000368;2.3219230276871148e-14;1.8584125475465627e-10;36;0x00;39;VERT;False
1787576588.8432162;35.8542227009998;Simulation RF;Détection RF large bande;868 MHz;868 MHz;;2657;2.1415744273749024;-41.662977094996094;-74.6629770949961;3.417450954398037e-11;0.1;3.4174509543980372e-12;4.112652656293464e-09;;;;VERT;True
1787576588.8433728;35.8542227009998;Simulation RF;Détection RF large bande;2,45 GHz;2,45 GHz;;3076;2.479030161217871;-55.16120644871482;-71.86120644871482;6.514474000380635e-11;0.1;6.514474000380635e-12;1.5682380411918107e-08;;;;VERT;True
1787576588.8519342;35.86307881499988;Wi-Fi;Wi-Fi;2,4/5 GHz;wlan0;-38.0;;;;-38.0;1.584893192461114e-07;0.1;1.5848931924611143e-08;2.270412608699507e-05;;;;ROUGE;False
1787576588.9336944;35.944839996000155;Simulation LoRa;LoRa;868 MHz;LoRa 868.100 MHz;-89.43087073155681;;;;-89.43087073155681;1.1400211979772267e-12;0.046335999999999995;5.282402222947277e-14;2.447955916754447e-12;13;"SNR=8.32;SF=7;BW=125.0;CR=4/5;F=868.100;CRC=OK;PAYLOAD=54454d504f5f4c4f52415f3335";7;VERT;True
1787576588.9337914;35.944934957999976;BLE Sniffer;Appareil BLE;2,4 GHz BLE;58:c1:c4:db:10:60;-68.0;;;;-68.0;1.584893192461111e-10;0.000352;5.57882403746311e-14;1.8616153941979607e-10;34;0x00;37;ORANGE;False
1787576588.9338317;35.944975032;BLE Sniffer;Appareil BLE;2,4 GHz BLE;58:c1:c4:db:10:60;-66.0;;;;-66.0;2.511886431509582e-10;0.000352;8.841840238913729e-14;1.8624995782218521e-10;34;0x00;38;ORANGE;False
1787576588.9433348;35.954307698999855;Simulation RF;Détection RF large bande;868 MHz;868 MHz;;2568;2.0697585776841856;-38.79034310736742;-71.79034310736742;6.621641884189938e-11;0.1;6.6216418841899386e-12;4.119274298177654e-09;;;;VERT;True
1787576588.9434874;35.954307698999855;Simulation RF;Détection RF large bande;2,45 GHz;2,45 GHz;;3018;2.4324096115020524;-53.296384460082095;-69.9963844600821;1.0008328554634724e-10;0.1;1.0008328554634724e-11;1.5692388740472742e-08;;;;ORANGE;True
1787576588.9547133;35.96585805599989;Wi-Fi;Wi-Fi;2,4/5 GHz;wlan0;-38.0;;;;-38.0;1.584893192461114e-07;0.1;1.5848931924611143e-08;2.271997501891968e-05;;;;ROUGE;False
1787576589.0445817;36.0557271319999;BLE Sniffer;Appareil BLE;2,4 GHz BLE;58:c1:c4:db:10:60;-72.0;;;;-72.0;6.309573444801942e-11;0.000352;2.2209698525702838e-14;1.8627216752071093e-10;34;0x00;39;VERT;False
1787576589.0446715;36.055815020999944;BLE Sniffer;iBeacon;2,4 GHz BLE;54:0d:73:47:4a:1a;-67.0;;;;-67.0;1.9952623149688828e-10;0.000368;7.342565319085489e-14;1.8591468040784713e-10;36;0x00;37;ORANGE;False
1787576589.0447128;36.05585626099992;BLE Sniffer;iBeacon;2,4 GHz BLE;54:0d:73:47:4a:1a;-65.0;;;;-65.0;3.1622776601683795e-10;0.000496;1.5684897194435162e-13;1.8607152937979148e-10;52;0x00;38;ORANGE;False
1787576589.0503352;36.05442004799988;Simulation RF;Détection RF large bande;868 MHz;868 MHz;;2691;2.1683105978309336;-42.73242391323734;-75.73242391323734;2.6715149488049457e-11;0.1;2.671514948804946e-12;4.121945813126459e-09;;;;VERT;True
1787576589.0505075;36.05442004799988;Simulation RF;Détection RF large bande;2,45 GHz;2,45 GHz;;3018;2.4317772581203294;-53.27109032481317;-69.97109032481318;1.0066789037751852e-10;0.1;1.0066789037751853e-11;1.5702455529510494e-08;;;;ORANGE;True
1787576589.0591395;36.07028376800008;Wi-Fi;Wi-Fi;2,4/5 GHz;wlan0;-41.0;;;;-41.0;7.943282347242822e-08;0.1;7.943282347242822e-09;2.2727918301266925e-05;;;;ROUGE;False
1787576589.1435294;36.154502043999855;Simulation RF;Détection RF large bande;868 MHz;868 MHz;;2616;2.1078314436869605;-40.31325774747842;-73.31325774747842;4.663094591354231e-11;0.1;4.663094591354231e-12;4.126608907717813e-09;;;;VERT;True
1787576589.1437116;36.154502043999855;Simulation RF;Détection RF large bande;2,45 GHz;2,45 GHz;;3109;2.505069292061883;-56.2027716824753;-72.9027716824753;5.1253417849684765e-11;0.1;5.125341784968477e-12;1.5707580871295464e-08;;;;VERT;True
1787576589.1566715;36.16781713099999;BLE Sniffer;iBeacon;2,4 GHz BLE;54:0d:73:47:4a:1a;-73.0;;;;-73.0;5.011872336272715e-11;0.000368;1.844369019748359e-14;1.8608997306998897e-10;36;0x00;39;VERT;False
1787576589.162628;36.17377442899988;Wi-Fi;Wi-Fi;2,4/5 GHz;wlan0;-41.0;;;;-41.0;7.943282347242822e-08;0.1;7.943282347242822e-09;2.2735861583614168e-05;;;;ROUGE;False
1787576589.2436116;36.254579743999784;Simulation RF;Détection RF large bande;868 MHz;868 MHz;;2573;2.073680332304371;-38.94721329217484;-71.94721329217484;6.386731677996993e-11;0.1;6.386731677996994e-12;4.13299563939581e-09;;;;VERT;True
1787576589.243749;36.254579743999784;Simulation RF;Détection RF large bande;2,45 GHz;2,45 GHz;;3070;2.4743621169143495;-54.974484676573965;-71.67448467657397;6.80066735305261e-11;0.1;6.80066735305261e-12;1.5714381538648517e-08;;;;VERT;True
1787576589.252309;36.26345359900006;Wi-Fi;Wi-Fi;2,4/5 GHz;wlan0;-43.0;;;;-43.0;5.011872336272725e-08;0.1;5.0118723362727255e-09;2.274087345595044e-05;;;;ROUGE;False
1787576589.2643547;36.27550110099992;BLE Sniffer;Appareil BLE;2,4 GHz BLE;58:c1:c4:db:10:60;-68.0;;;;-68.0;1.584893192461111e-10;0.000352;5.57882403746311e-14;1.8632795576108555e-10;34;0x00;37;ORANGE;False
1787576589.2644503;36.27559393399997;BLE Sniffer;Appareil BLE;2,4 GHz BLE;58:c1:c4:db:10:60;-65.0;;;;-65.0;3.1622776601683795e-10;0.000352;1.1131217363792695e-13;1.8643926793472348e-10;34;0x00;38;ORANGE;False
1787576589.2644906;36.27563402599981;BLE Sniffer;Appareil BLE;2,4 GHz BLE;58:c1:c4:db:10:60;-72.0;;;;-72.0;6.309573444801942e-11;0.000352;2.2209698525702838e-14;1.864614776332492e-10;34;0x00;39;VERT;False
1787576589.3446887;36.35469674099977;Simulation RF;Détection RF large bande;868 MHz;868 MHz;;2566;2.0682271092876374;-38.72908437150549;-71.7290843715055;6.715704260352819e-11;0.1;6.7157042603528195e-12;4.1397113436561624e-09;;;;VERT;True
1787576589.3449817;36.35469674099977;Simulation RF;Détection RF large bande;2,45 GHz;2,45 GHz;;2986;2.406601289888503;-52.264051595540124;-68.96405159554013;1.2693893211308392e-10;0.1;1.2693893211308393e-11;1.5727075431859824e-08;;;;ORANGE;True
1787576589.3538668;36.36501130899978;Wi-Fi;Wi-Fi;2,4/5 GHz;wlan0;-43.0;;;;-43.0;5.011872336272725e-08;0.1;5.0118723362727255e-09;2.274588532828671e-05;;;;ROUGE;False
1787576589.3775606;36.38870542699988;BLE Sniffer;iBeacon;2,4 GHz BLE;54:0d:73:47:4a:1a;-66.0;;;;-66.0;2.511886431509582e-10;0.000368;9.243742067955262e-14;1.8618241049066853e-10;36;0x00;37;ORANGE;False
1787576589.3776405;36.38878385199996;BLE Sniffer;iBeacon;2,4 GHz BLE;54:0d:73:47:4a:1a;-66.0;;;;-66.0;2.511886431509582e-10;0.000368;9.243742067955262e-14;1.8627484791134808e-10;36;0x00;38;ORANGE;False
1787576589.3827164;36.39386176700009;BLE Sniffer;iBeacon;2,4 GHz BLE;54:0d:73:47:4a:1a;-72.0;;;;-72.0;6.309573444801942e-11;0.000368;2.3219230276871148e-14;1.8629806714162495e-10;36;0x00;39;VERT;False
1787576589.443815;36.454779532999964;Simulation RF;Détection RF large bande;868 MHz;868 MHz;;2559;2.0621328837718482;-38.48531535087393;-71.48531535087393;7.10343588503812e-11;0.1;7.1034358850381206e-12;4.146814779541201e-09;;;;VERT;True
1787576589.4439704;36.454779532999964;Simulation RF;Détection RF large bande;2,45 GHz;2,45 GHz;;3009;2.424677455791257;-52.98709823165028;-69.68709823165028;1.0747072455146743e-10;0.1;1.0747072455146744e-11;1.573782250431497e-08;;;;ORANGE;True
1787576589.452506;36.46365051800012;Wi-Fi;Wi-Fi;2,4/5 GHz;wlan0;-45.0;;;;-45.0;3.162277660168379e-08;0.1;3.1622776601683795e-09;2.274904760594688e-05;;;;ROUGE;False
1787576589.4941788;36.50532443600014;BLE Sniffer;Appareil BLE;2,4 GHz BLE;58:c1:c4:db:10:60;-67.0;;;;-67.0;1.9952623149688828e-10;0.000352;7.023323348690468e-14;1.865317108667361e-10;34;0x00;37;ORANGE;False
1787576589.5438988;36.55485665900005;Simulation RF;Détection RF large bande;868 MHz;868 MHz;;2628;2.1177358326646116;-40.70943330658446;-73.70943330658446;4.2565395138363566e-11;0.1;4.256539513836357e-12;4.1510713190550375e-09;;;;VERT;True
1787576589.544034;36.55485665900005;Simulation RF;Détection RF large bande;2,45 GHz;2,45 GHz;;3036;2.4467126702933832;-53.868506811735315;-70.56850681173532;8.773024027973303e-11;0.1;8.773024027973303e-12;1.5746595528342944e-08;;;;VERT;True
1787576589.5531578;36.564301844000056;Wi-Fi;Wi-Fi;2,4/5 GHz;wlan0;-45.0;;;;-45.0;3.162277660168379e-08;0.1;3.1622776601683795e-09;2.2752209883607047e-05;;;;ROUGE;False
1787576589.5967062;36.60785136200002;BLE Sniffer;Appareil BLE;2,4 GHz BLE;58:c1:c4:db:10:60;-65.0;;;;-65.0;3.1622776601683795e-10;0.000352;1.1131217363792695e-13;1.8664302304037402e-10;34;0x00;38;ORANGE;False
1787576589.596788;36.60793152899987;BLE Sniffer;Appareil BLE;2,4 GHz BLE;58:c1:c4:db:10:60;-72.0;;;;-72.0;6.309573444801942e-11;0.000352;2.2209698525702838e-14;1.8666523273889974e-10;34;0x00;39;VERT;False
1787576589.6439903;36.65495210000017;Simulation RF;Détection RF large bande;868 MHz;868 MHz;;2547;2.052842205759339;-38.113688230373555;-71.11368823037355;7.738043680867227e-11;0.1;7.738043680867227e-12;4.1588093627359045e-09;;;;VERT;True
1787576589.644135;36.65495210000017;Simulation RF;Détection RF large bande;2,45 GHz;2,45 GHz;;3053;2.4601334450573975;-54.40533780229589;-71.10533780229589;7.75293637238473e-11;0.1;7.75293637238473e-12;1.5754348464715327e-08;;;;VERT;True
1787576589.6530504;36.6641946929999;Wi-Fi;Wi-Fi;2,4/5 GHz;wlan0;-47.0;;;;-47.0;1.9952623149688786e-08;0.1;1.9952623149688786e-09;2.2754205145922015e-05;;;;ROUGE;False
1787576589.7059498;36.71709410099993;BLE Sniffer;iBeacon;2,4 GHz BLE;54:0d:73:47:4a:1a;-66.0;;;;-66.0;2.511886431509582e-10;0.000368;9.243742067955262e-14;1.863905045623045e-10;36;0x00;37;ORANGE;False
1787576589.7060046;36.71714804500016;BLE Sniffer;iBeacon;2,4 GHz BLE;54:0d:73:47:4a:1a;-65.0;;;;-65.0;3.1622776601683795e-10;0.000368;1.1637181789419636e-13;1.865068763801987e-10;36;0x00;38;ORANGE;False
1787576589.7094533;36.72059887600017;BLE Sniffer;iBeacon;2,4 GHz BLE;54:0d:73:47:4a:1a;-72.0;;;;-72.0;6.309573444801942e-11;0.000368;2.3219230276871148e-14;1.8653009561047556e-10;36;0x00;39;VERT;False
1787576589.744044;36.75503318900019;Simulation RF;Détection RF large bande;868 MHz;868 MHz;;2636;2.124188720637352;-40.96754882549409;-73.96754882549409;4.0109303218150794e-11;0.1;4.01093032181508e-12;4.162820293057719e-09;;;;VERT;True
1787576589.7441986;36.75503318900019;Simulation RF;Détection RF large bande;2,45 GHz;2,45 GHz;;3092;2.4918148872571506;-55.672595490286014;-72.37259549028602;5.790825137526744e-11;0.1;5.790825137526744e-12;1.5760139289852853e-08;;;;VERT;True
1787576589.7527313;36.763876340000024;Wi-Fi;Wi-Fi;2,4/5 GHz;wlan0;-47.0;;;;-47.0;1.9952623149688786e-08;0.1;1.9952623149688786e-09;2.2756200408236983e-05;;;;ROUGE;False
1787576589.8220015;36.83314716899986;BLE Sniffer;Appareil BLE;2,4 GHz BLE;58:c1:c4:db:10:60;-67.0;;;;-67.0;1.9952623149688828e-10;0.000352;7.023323348690468e-14;1.8673546597238664e-10;34;0x00;37;ORANGE;False
1787576589.8220963;36.833239761000186;BLE Sniffer;Appareil BLE;2,4 GHz BLE;58:c1:c4:db:10:60;-65.0;;;;-65.0;3.1622776601683795e-10;0.000352;1.1131217363792695e-13;1.8684677814602457e-10;34;0x00;38;ORANGE;False
1787576589.844222;36.85514338899975;Simulation RF;Détection RF large bande;868 MHz;868 MHz;;2613;2.10556301605928;-40.22252064237121;-73.22252064237121;4.7615454679859376e-11;0.1;4.761545467985938e-12;4.167581838525705e-09;;;;VERT;True
1787576589.844359;36.85514338899975;Simulation RF;Détection RF large bande;2,45 GHz;2,45 GHz;;3134;2.5257186852651152;-57.028747410604595;-73.7287474106046;4.2376517050784016e-11;0.1;4.2376517050784015e-12;1.5764376941557932e-08;;;;VERT;True
1787576589.853809;36.86495360900017;Wi-Fi;Wi-Fi;2,4/5 GHz;wlan0;-47.0;;;;-47.0;1.9952623149688786e-08;0.1;1.9952623149688786e-09;2.275819567055195e-05;;;;ROUGE;False
1787576589.92622;36.93736540000009;BLE Sniffer;Appareil BLE;2,4 GHz BLE;58:c1:c4:db:10:60;-72.0;;;;-72.0;6.309573444801942e-11;0.000352;2.2209698525702838e-14;1.8686898784455028e-10;34;0x00;39;VERT;False
1787576589.9311817;36.942327389000184;BLE Sniffer;iBeacon;2,4 GHz BLE;54:0d:73:47:4a:1a;-66.0;;;;-66.0;2.511886431509582e-10;0.000368;9.243742067955262e-14;1.8662253303115512e-10;36;0x00;37;ORANGE;False
1787576589.9313385;36.942481961999874;Simulation LoRa;LoRa;868 MHz;LoRa 868.100 MHz;-88.33465823622504;;;;-88.33465823622504;1.4673515541530704e-12;0.046335999999999995;6.799120161323666e-14;2.5159471183676836e-12;13;"SNR=8.12;SF=7;BW=125.0;CR=4/5;F=868.100;CRC=OK;PAYLOAD=54454d504f5f4c4f52415f3336";7;VERT;True
1787576589.931385;36.942528479999964;BLE Sniffer;iBeacon;2,4 GHz BLE;54:0d:73:47:4a:1a;-65.0;;;;-65.0;3.1622776601683795e-10;0.000368;1.1637181789419636e-13;1.867389048490493e-10;36;0x00;38;ORANGE;False
1787576589.9442337;36.955224329999965;Simulation RF;Détection RF large bande;868 MHz;868 MHz;;2554;2.058299851307488;-38.33199405229952;-71.33199405229952;7.358691474295144e-11;0.1;7.358691474295144e-12;4.17494053e-09;;;;VERT;True
1787576589.9443707;36.955224329999965;Simulation RF;Détection RF large bande;2,45 GHz;2,45 GHz;;3048;2.4564741722115317;-54.25896688846126;-70.95896688846126;8.018687914328e-11;0.1;8.018687914328e-12;1.577239562947226e-08;;;;VERT;True
1787576589.9528987;36.964043147999746;Wi-Fi;Wi-Fi;2,4/5 GHz;wlan0;-47.0;;;;-47.0;1.9952623149688786e-08;0.1;1.9952623149688786e-09;2.2760190932866918e-05;;;;ROUGE;False
1787576590.0388832;37.050028469000154;BLE Sniffer;iBeacon;2,4 GHz BLE;54:0d:73:47:4a:1a;-72.0;;;;-72.0;6.309573444801942e-11;0.000368;2.3219230276871148e-14;1.8676212407932618e-10;36;0x00;39;VERT;False
1787576590.0465202;37.05540688100018;Simulation RF;Détection RF large bande;868 MHz;868 MHz;;2618;2.1100050358754308;-40.40020143501722;-73.40020143501722;4.5706698938417215e-11;0.1;4.570669893841722e-12;4.179511199893842e-09;;;;VERT;True
1787576590.0466857;37.05540688100018;Simulation RF;Détection RF large bande;2,45 GHz;2,45 GHz;;3020;2.433446983959122;-53.33787935836487;-70.03787935836488;9.913158820944245e-11;0.1;9.913158820944246e-12;1.5782308788293205e-08;;;;VERT;True
1787576590.05526;37.06640424199986;Wi-Fi;Wi-Fi;2,4/5 GHz;wlan0;-49.0;;;;-49.0;1.2589254117941661e-08;0.1;1.2589254117941663e-09;2.276144985827871e-05;;;;ROUGE;False
1787576590.1445217;37.15549182099994;Simulation RF;Détection RF large bande;868 MHz;868 MHz;;2625;2.1153693398568367;-40.61477359427347;-73.61477359427347;4.350334391354124e-11;0.1;4.350334391354124e-12;4.1838615342851956e-09;;;;VERT;True
1787576590.1446679;37.15549182099994;Simulation RF;Détection RF large bande;2,45 GHz;2,45 GHz;;3013;2.4280029026974024;-53.120116107896095;-69.8201161078961;1.0422895635854016e-10;0.1;1.0422895635854017e-11;1.579273168392906e-08;;;;ORANGE;True
1787576590.1520233;37.163169627000116;BLE Sniffer;Appareil BLE;2,4 GHz BLE;58:c1:c4:db:10:60;-67.0;;;;-67.0;1.9952623149688828e-10;0.000352;7.023323348690468e-14;1.869392210780372e-10;34;0x00;37;ORANGE;False
1787576590.1521177;37.16326120099984;BLE Sniffer;Appareil BLE;2,4 GHz BLE;58:c1:c4:db:10:60;-65.0;;;;-65.0;3.1622776601683795e-10;0.000352;1.1131217363792695e-13;1.870505332516751e-10;34;0x00;38;ORANGE;False
1787576590.1521628;37.16330608899989;BLE Sniffer;Appareil BLE;2,4 GHz BLE;58:c1:c4:db:10:60;-71.0;;;;-71.0;7.943282347242822e-11;0.000352;2.796035386229473e-14;1.870784936055374e-10;34;0x00;39;VERT;False
1787576590.1623344;37.17347973200003;Wi-Fi;Wi-Fi;2,4/5 GHz;wlan0;-49.0;;;;-49.0;1.2589254117941661e-08;0.1;1.2589254117941663e-09;2.2762708783690505e-05;;;;ROUGE;False
1787576590.2446074;37.25557270599984;Simulation RF;Détection RF large bande;868 MHz;868 MHz;;2556;2.0594115932848998;-38.37646373139599;-71.37646373139599;7.283726448928068e-11;0.1;7.283726448928068e-12;4.1911452607341235e-09;;;;VERT;True
1787576590.244746;37.25557270599984;Simulation RF;Détection RF large bande;2,45 GHz;2,45 GHz;;3031;2.442325690912958;-53.69302763651831;-70.39302763651831;9.134761994931582e-11;0.1;9.134761994931583e-12;1.580186644592399e-08;;;;VERT;True
1787576590.2531326;37.26427672799991;Wi-Fi;Wi-Fi;2,4/5 GHz;wlan0;-50.0;;;;-50.0;1e-08;0.1;1e-09;2.2763708783690504e-05;;;;ROUGE;False
1787576590.264069;37.27521506999983;BLE Sniffer;iBeacon;2,4 GHz BLE;54:0d:73:47:4a:1a;-66.0;;;;-66.0;2.511886431509582e-10;0.000368;9.243742067955262e-14;1.8685456150000573e-10;36;0x00;37;ORANGE;False
1787576590.2641609;37.27530431000014;BLE Sniffer;iBeacon;2,4 GHz BLE;54:0d:73:47:4a:1a;-65.0;;;;-65.0;3.1622776601683795e-10;0.000368;1.1637181789419636e-13;1.8697093331789992e-10;36;0x00;38;ORANGE;False
1787576590.2642028;37.275346179999815;BLE Sniffer;iBeacon;2,4 GHz BLE;54:0d:73:47:4a:1a;-71.0;;;;-71.0;7.943282347242822e-11;0.000368;2.923127903785358e-14;1.8700016459693778e-10;36;0x00;39;VERT;False
1787576590.3446867;37.35565401599979;Simulation RF;Détection RF large bande;868 MHz;868 MHz;;2677;2.157158377249088;-42.286335089963515;-75.28633508996352;2.960509717952582e-11;0.1;2.9605097179525825e-12;4.194105770452076e-09;;;;VERT;True
1787576590.3448257;37.35565401599979;Simulation RF;Détection RF large bande;2,45 GHz;2,45 GHz;;3078;2.4801269362575216;-55.20507745030086;-71.90507745030087;6.448998188860638e-11;0.1;6.4489981888606384e-12;1.580831544411285e-08;;;;VERT;True
1787576590.3533158;37.36446033399989;Wi-Fi;Wi-Fi;2,4/5 GHz;wlan0;-50.0;;;;-50.0;1e-08;0.1;1e-09;2.2764708783690503e-05;;;;ROUGE;False
1787576590.384475;37.39561986999979;BLE Sniffer;Appareil BLE;2,4 GHz BLE;58:c1:c4:db:10:60;-66.0;;;;-66.0;2.511886431509582e-10;0.000352;8.841840238913729e-14;1.8716691200792655e-10;34;0x00;37;ORANGE;False
1787576590.3897831;37.40092894999998;BLE Sniffer;Appareil BLE;2,4 GHz BLE;58:c1:c4:db:10:60;-64.0;;;;-64.0;3.9810717055349694e-10;0.000352;1.4013372403483091e-13;1.873070457319614e-10;34;0x00;38;ORANGE;False
1787576590.3898778;37.40102118999994;BLE Sniffer;Appareil BLE;2,4 GHz BLE;58:c1:c4:db:10:60;-71.0;;;;-71.0;7.943282347242822e-11;0.000352;2.796035386229473e-14;1.8733500608582368e-10;34;0x00;39;VERT;False
1787576590.4447858;37.45573741899989;Simulation RF;Détection RF large bande;868 MHz;868 MHz;;2593;2.089215148680251;-39.568605947210045;-72.56860594721005;5.5352775897083753e-11;0.1;5.535277589708376e-12;4.199641048041785e-09;;;;VERT;True
1787576590.44494;37.45573741899989;Simulation RF;Détection RF large bande;2,45 GHz;2,45 GHz;;3014;2.428831639645049;-53.15326558580196;-69.85326558580196;1.0343641059090578e-10;0.1;1.0343641059090579e-11;1.581865908517194e-08;;;;ORANGE;True
1787576590.4532871;37.464431347999835;Wi-Fi;Wi-Fi;2,4/5 GHz;wlan0;-50.0;;;;-50.0;1e-08;0.1;1e-09;2.2765708783690502e-05;;;;ROUGE;False
1787576590.5008686;37.51201376800009;BLE Sniffer;iBeacon;2,4 GHz BLE;54:0d:73:47:4a:1a;-66.0;;;;-66.0;2.511886431509582e-10;0.000368;9.243742067955262e-14;1.8709260201761733e-10;36;0x00;37;ORANGE;False
1787576590.500965;37.51210884200009;BLE Sniffer;iBeacon;2,4 GHz BLE;54:0d:73:47:4a:1a;-65.0;;;;-65.0;3.1622776601683795e-10;0.000368;1.1637181789419636e-13;1.8720897383551152e-10;36;0x00;38;ORANGE;False
1787576590.5448422;37.55581476599991;Simulation RF;Détection RF large bande;868 MHz;868 MHz;;2581;2.0795938386505535;-39.18375354602213;-72.18375354602213;6.048179131908328e-11;0.1;6.048179131908328e-12;4.205689227173693e-09;;;;VERT;True
1787576590.5449858;37.55581476599991;Simulation RF;Détection RF large bande;2,45 GHz;2,45 GHz;;3081;2.482940505252821;-55.317620210112835;-72.01762021011284;6.284026082975874e-11;0.1;6.284026082975874e-12;1.5824943111254915e-08;;;;VERT;True
1787576590.5535223;37.56466658399995;Wi-Fi;Wi-Fi;2,4/5 GHz;wlan0;-50.0;;;;-50.0;1e-08;0.1;1e-09;2.27667087836905e-05;;;;ROUGE;False
1787576590.605334;37.61648110799979;BLE Sniffer;iBeacon;2,4 GHz BLE;54:0d:73:47:4a:1a;-72.0;;;;-72.0;6.309573444801942e-11;0.000368;2.3219230276871148e-14;1.872321930657884e-10;36;0x00;39;VERT;False
1787576590.6449378;37.65589666899996;Simulation RF;Détection RF large bande;868 MHz;868 MHz;;2586;2.0838985908794263;-39.35594363517704;-72.35594363517704;5.813071121592246e-11;0.1;5.813071121592246e-12;4.211502298295285e-09;;;;VERT;True
1787576590.645085;37.65589666899996;Simulation RF;Détection RF large bande;2,45 GHz;2,45 GHz;;3017;2.431441402335873;-53.25765609343492;-69.95765609343492;1.0097977313463965e-10;0.1;1.0097977313463965e-11;1.5835041088568378e-08;;;;ORANGE;True
1787576590.6539562;37.665101928999775;Wi-Fi;Wi-Fi;2,4/5 GHz;wlan0;-50.0;;;;-50.0;1e-08;0.1;1e-09;2.27677087836905e-05;;;;ROUGE;False
1787576590.715254;37.72639947100015;BLE Sniffer;Appareil BLE;2,4 GHz BLE;58:c1:c4:db:10:60;-67.0;;;;-67.0;1.9952623149688828e-10;0.000352;7.023323348690468e-14;1.8740523931931059e-10;34;0x00;37;ORANGE;False
1787576590.7186425;37.7297880430001;BLE Sniffer;Appareil BLE;2,4 GHz BLE;58:c1:c4:db:10:60;-65.0;;;;-65.0;3.1622776601683795e-10;0.000352;1.1131217363792695e-13;1.875165514929485e-10;34;0x00;38;ORANGE;False
1787576590.7205122;37.73165766200009;BLE Sniffer;Appareil BLE;2,4 GHz BLE;58:c1:c4:db:10:60;-71.0;;;;-71.0;7.943282347242822e-11;0.000352;2.796035386229473e-14;1.875445118468108e-10;34;0x00;39;VERT;False
1787576590.744986;37.7559794419999;Simulation RF;Détection RF large bande;868 MHz;868 MHz;;2611;2.1041167507357956;-40.16467002943182;-73.16467002943182;4.825396413201241e-11;0.1;4.8253964132012415e-12;4.2163276947084865e-09;;;;VERT;True
1787576590.7451332;37.7559794419999;Simulation RF;Détection RF large bande;2,45 GHz;2,45 GHz;;3023;2.4362053213477814;-53.448212853911244;-70.14821285391125;9.664484961361204e-11;0.1;9.664484961361204e-12;1.584470557352974e-08;;;;VERT;True
1787576590.7540264;37.76517088799983;Wi-Fi;Wi-Fi;2,4/5 GHz;wlan0;-51.0;;;;-51.0;7.943282347242822e-09;0.1;7.943282347242823e-10;2.2768503111925225e-05;;;;ORANGE;False
1787576590.830116;37.8412626559998;BLE Sniffer;iBeacon;2,4 GHz BLE;54:0d:73:47:4a:1a;-66.0;;;;-66.0;2.511886431509582e-10;0.000368;9.243742067955262e-14;1.8732463048646795e-10;36;0x00;37;ORANGE;False
1787576590.8320186;37.84316349599976;BLE Sniffer;iBeacon;2,4 GHz BLE;54:0d:73:47:4a:1a;-65.0;;;;-65.0;3.1622776601683795e-10;0.000368;1.1637181789419636e-13;1.8744100230436214e-10;36;0x00;38;ORANGE;False
1787576590.832104;37.84324747699975;BLE Sniffer;iBeacon;2,4 GHz BLE;54:0d:73:47:4a:1a;-72.0;;;;-72.0;6.309573444801942e-11;0.000368;2.3219230276871148e-14;1.87464221534639e-10;36;0x00;39;VERT;False
1787576590.8450785;37.856070327;Simulation RF;Détection RF large bande;868 MHz;868 MHz;;2521;2.031624403705481;-37.26497614821923;-70.26497614821923;9.408109970274103e-11;0.1;9.408109970274104e-12;4.2257358046787604e-09;;;;VERT;True
1787576590.845224;37.856070327;Simulation RF;Détection RF large bande;2,45 GHz;2,45 GHz;;3078;2.4802457276433363;-55.20982910573345;-71.90982910573345;6.441946139837149e-11;0.1;6.441946139837149e-12;1.5851147519669577e-08;;;;VERT;True
1787576590.8537683;37.864913015000184;Wi-Fi;Wi-Fi;2,4/5 GHz;wlan0;-51.0;;;;-51.0;7.943282347242822e-09;0.1;7.943282347242823e-10;2.276929744015995e-05;;;;ORANGE;False
1787576590.9437428;37.95488810799998;Simulation LoRa;LoRa;868 MHz;LoRa 868.100 MHz;-85.28015634193497;;;;-85.28015634193497;2.964724660299714e-12;0.046335999999999995;1.3737348185964752e-13;2.653320600227331e-12;13;"SNR=7.41;SF=7;BW=125.0;CR=4/5;F=868.100;CRC=OK;PAYLOAD=54454d504f5f4c4f52415f3337";7;VERT;True
1787576590.943883;37.955026495999846;BLE Sniffer;Appareil BLE;2,4 GHz BLE;58:c1:c4:db:10:60;-67.0;;;;-67.0;1.9952623149688828e-10;0.000352;7.023323348690468e-14;1.876147450802977e-10;34;0x00;37;ORANGE;False
1787576590.943925;37.95506840300004;BLE Sniffer;Appareil BLE;2,4 GHz BLE;58:c1:c4:db:10:60;-65.0;;;;-65.0;3.1622776601683795e-10;0.000352;1.1131217363792695e-13;1.8772605725393563e-10;34;0x00;38;ORANGE;False
1787576590.95013;37.9561995439999;Simulation RF;Détection RF large bande;868 MHz;868 MHz;;2563;2.0655280412462727;-38.621121649850906;-71.6211216498509;6.884744614789515e-11;0.1;6.8847446147895154e-12;4.23262054929355e-09;;;;VERT;True
1787576590.9503057;37.9561995439999;Simulation RF;Détection RF large bande;2,45 GHz;2,45 GHz;;3022;2.435542118916467;-53.42168475665868;-70.12168475665868;9.723699395621855e-11;0.1;9.723699395621855e-12;1.58608712190652e-08;;;;VERT;True
1787576590.9588177;37.96996209200006;Wi-Fi;Wi-Fi;2,4/5 GHz;wlan0;-49.0;;;;-49.0;1.2589254117941661e-08;0.1;1.2589254117941663e-09;2.2770556365571744e-05;;;;ROUGE;False
1787576591.0453203;38.05628148400001;Simulation RF;Détection RF large bande;868 MHz;868 MHz;;2492;2.008430355185865;-36.337214207434585;-69.33721420743458;1.1648730004439863e-10;0.1;1.1648730004439863e-11;4.24426927929799e-09;;;;ORANGE;True
1787576591.045456;38.05628148400001;Simulation RF;Détection RF large bande;2,45 GHz;2,45 GHz;;3084;2.4850556226925242;-55.402224907700955;-72.10222490770096;6.162791987189719e-11;0.1;6.162791987189719e-12;1.586703401105239e-08;;;;VERT;True
1787576591.055621;38.066766717000064;BLE Sniffer;Appareil BLE;2,4 GHz BLE;58:c1:c4:db:10:60;-71.0;;;;-71.0;7.943282347242822e-11;0.000352;2.796035386229473e-14;1.8775401760779793e-10;34;0x00;39;VERT;False
1787576591.055721;38.06686451299993;BLE Sniffer;iBeacon;2,4 GHz BLE;54:0d:73:47:4a:1a;-66.0;;;;-66.0;2.511886431509582e-10;0.000368;9.243742067955262e-14;1.8755665895531856e-10;36;0x00;37;ORANGE;False
1787576591.0650225;38.07616777200019;Wi-Fi;Wi-Fi;2,4/5 GHz;wlan0;-49.0;;;;-49.0;1.2589254117941661e-08;0.1;1.2589254117941663e-09;2.2771815290983538e-05;;;;ROUGE;False
1787576591.1454108;38.15636281199977;Simulation RF;Détection RF large bande;868 MHz;868 MHz;;2565;2.0669608785131786;-38.67843514052714;-71.67843514052714;6.79448408867289e-11;0.1;6.7944840886728895e-12;4.2510637633866625e-09;;;;VERT;True
1787576591.1478622;38.15636281199977;Simulation RF;Détection RF large bande;2,45 GHz;2,45 GHz;;3023;2.435744134048017;-53.42976536192066;-70.12976536192066;9.705624028061081e-11;0.1;9.705624028061082e-12;1.5876739635080452e-08;;;;VERT;True
1787576591.156372;38.167516133999925;Wi-Fi;Wi-Fi;2,4/5 GHz;wlan0;-49.0;;;;-49.0;1.2589254117941661e-08;0.1;1.2589254117941663e-09;2.277307421639533e-05;;;;ROUGE;False
1787576591.1666293;38.177775165000185;BLE Sniffer;iBeacon;2,4 GHz BLE;54:0d:73:47:4a:1a;-65.0;;;;-65.0;3.1622776601683795e-10;0.000368;1.1637181789419636e-13;1.8767303077321275e-10;36;0x00;38;ORANGE;False
1787576591.1667218;38.177865182999994;BLE Sniffer;iBeacon;2,4 GHz BLE;54:0d:73:47:4a:1a;-72.0;;;;-72.0;6.309573444801942e-11;0.000368;2.3219230276871148e-14;1.8769625000348962e-10;36;0x00;39;VERT;False
1787576591.245495;38.25644941700011;Simulation RF;Détection RF large bande;868 MHz;868 MHz;;2559;2.0623313410046777;-38.493253640187106;-71.4932536401871;7.090463667515886e-11;0.1;7.0904636675158865e-12;4.258154227054178e-09;;;;VERT;True
1787576591.245648;38.25644941700011;Simulation RF;Détection RF large bande;2,45 GHz;2,45 GHz;;3006;2.422602389042248;-52.904095561689914;-69.60409556168992;1.095444663022453e-10;0.1;1.0954446630224531e-11;1.5887694081710676e-08;;;;ORANGE;True
1787576591.254138;38.26528254999994;Wi-Fi;Wi-Fi;2,4/5 GHz;wlan0;-49.0;;;;-49.0;1.2589254117941661e-08;0.1;1.2589254117941663e-09;2.2774333141807125e-05;;;;ROUGE;False
1787576591.2767162;38.287862211000174;BLE Sniffer;Appareil BLE;2,4 GHz BLE;58:c1:c4:db:10:60;-67.0;;;;-67.0;1.9952623149688828e-10;0.000352;7.023323348690468e-14;1.8782425084128483e-10;34;0x00;37;ORANGE;False
1787576591.3455925;38.35653672599983;Simulation RF;Détection RF large bande;868 MHz;868 MHz;;2506;2.0193805591122227;-36.7752223644889;-69.7752223644889;1.053119764631702e-10;0.1;1.0531197646317022e-11;4.268685424700495e-09;;;;ORANGE;True
1787576591.3457556;38.35653672599983;Simulation RF;Détection RF large bande;2,45 GHz;2,45 GHz;;3021;2.434211160293972;-53.36844641175888;-70.06844641175888;9.843631759845708e-11;0.1;9.843631759845709e-12;1.589753771347052e-08;;;;VERT;True
1787576591.3510914;38.362235877999865;Wi-Fi;Wi-Fi;2,4/5 GHz;wlan0;-49.0;;;;-49.0;1.2589254117941661e-08;0.1;1.2589254117941663e-09;2.277559206721892e-05;;;;ROUGE;False
1787576591.3847792;38.395924324000134;BLE Sniffer;iBeacon;2,4 GHz BLE;54:0d:73:47:4a:1a;-65.0;;;;-65.0;3.1622776601683795e-10;0.000368;1.1637181789419636e-13;1.878126218213838e-10;36;0x00;38;ORANGE;False
1787576591.3902354;38.40138108800011;BLE Sniffer;iBeacon;2,4 GHz BLE;54:0d:73:47:4a:1a;-72.0;;;;-72.0;6.309573444801942e-11;0.000368;2.3219230276871148e-14;1.8783584105166068e-10;36;0x00;39;VERT;False
1787576591.4456773;38.456624147000184;Simulation RF;Détection RF large bande;868 MHz;868 MHz;;2625;2.115712824311914;-40.62851297247656;-73.62851297247656;4.336593382483823e-11;0.1;4.336593382483823e-12;4.273022018082979e-09;;;;VERT;True
1787576591.4458401;38.456624147000184;Simulation RF;Détection RF large bande;2,45 GHz;2,45 GHz;;3028;2.4404271077508106;-53.617084310032425;-70.31708431003243;9.295902693087965e-11;0.1;9.295902693087965e-12;1.590683361616361e-08;;;;VERT;True
1787576591.4543955;38.4655406679999;Wi-Fi;Wi-Fi;2,4/5 GHz;wlan0;-49.0;;;;-49.0;1.2589254117941661e-08;0.1;1.2589254117941663e-09;2.2776850992630713e-05;;;;ROUGE;False
1787576591.5000908;38.511236542999995;BLE Sniffer;Appareil BLE;2,4 GHz BLE;58:c1:c4:db:10:60;-67.0;;;;-67.0;1.9952623149688828e-10;0.000352;7.023323348690468e-14;1.8789448407477174e-10;34;0x00;37;ORANGE;False
1787576591.5457268;38.55670379000003;Simulation RF;Détection RF large bande;868 MHz;868 MHz;;2495;2.010503213905891;-36.42012855623564;-69.42012855623564;1.1428445047578264e-10;0.1;1.1428445047578266e-11;4.284450463130557e-09;;;;ORANGE;True
1787576591.5458727;38.55670379000003;Simulation RF;Détection RF large bande;2,45 GHz;2,45 GHz;;3031;2.442959135532697;-53.71836542130788;-70.41836542130788;9.081622760313948e-11;0.1;9.08162276031395e-12;1.5915915238923925e-08;;;;VERT;True
1787576591.5544863;38.565630773000066;Wi-Fi;Wi-Fi;2,4/5 GHz;wlan0;-50.0;;;;-50.0;1e-08;0.1;1e-09;2.2777850992630712e-05;;;;ROUGE;False
1787576591.6027758;38.6139213739998;BLE Sniffer;Appareil BLE;2,4 GHz BLE;58:c1:c4:db:10:60;-65.0;;;;-65.0;3.1622776601683795e-10;0.000352;1.1131217363792695e-13;1.8800579624840966e-10;34;0x00;38;ORANGE;False
1787576591.6062753;38.61742096399985;BLE Sniffer;Appareil BLE;2,4 GHz BLE;58:c1:c4:db:10:60;-71.0;;;;-71.0;7.943282347242822e-11;0.000352;2.796035386229473e-14;1.8803375660227195e-10;34;0x00;39;VERT;False
1787576591.6083157;38.61946119200002;BLE Sniffer;iBeacon;2,4 GHz BLE;54:0d:73:47:4a:1a;-66.0;;;;-66.0;2.511886431509582e-10;0.000368;9.243742067955262e-14;1.8792827847234023e-10;36;0x00;37;ORANGE;False
1787576591.6460059;38.656813821000014;Simulation RF;Détection RF large bande;868 MHz;868 MHz;;2528;2.0375001828658683;-37.50000731463473;-70.50000731463473;8.91249437039476e-11;0.1;8.91249437039476e-12;4.293362957500951e-09;;;;VERT;True
1787576591.6462255;38.656813821000014;Simulation RF;Détection RF large bande;2,45 GHz;2,45 GHz;;3046;2.454476585683407;-54.17906342733629;-70.87906342733629;8.16758489460317e-11;0.1;8.16758489460317e-12;1.5924082823818528e-08;;;;VERT;True
1787576591.655099;38.666243209000186;Wi-Fi;Wi-Fi;2,4/5 GHz;wlan0;-50.0;;;;-50.0;1e-08;0.1;1e-09;2.277885099263071e-05;;;;ROUGE;False
1787576591.714481;38.725625947000026;BLE Sniffer;iBeacon;2,4 GHz BLE;54:0d:73:47:4a:1a;-65.0;;;;-65.0;3.1622776601683795e-10;0.000368;1.1637181789419636e-13;1.8804465029023443e-10;36;0x00;38;ORANGE;False
1787576591.7199888;38.731134413999825;BLE Sniffer;iBeacon;2,4 GHz BLE;54:0d:73:47:4a:1a;-72.0;;;;-72.0;6.309573444801942e-11;0.000368;2.3219230276871148e-14;1.880678695205113e-10;36;0x00;39;VERT;False
1787576591.7458956;38.75689772299984;Simulation RF;Détection RF large bande;868 MHz;868 MHz;;2542;2.0487110132470696;-37.94844052988279;-70.94844052988279;8.038147051708901e-11;0.1;8.038147051708902e-12;4.30140110455266e-09;;;;VERT;True
1787576591.7460418;38.75689772299984;Simulation RF;Détection RF large bande;2,45 GHz;2,45 GHz;;2963;2.3874707415620153;-51.4988296624806;-68.1988296624806;1.513969178144681e-10;0.1;1.513969178144681e-11;1.5939222515599976e-08;;;;ORANGE;True
1787576591.7545836;38.76572820699994;Wi-Fi;Wi-Fi;2,4/5 GHz;wlan0;-50.0;;;;-50.0;1e-08;0.1;1e-09;2.277985099263071e-05;;;;ROUGE;False
1787576591.8297992;38.84094523900012;BLE Sniffer;Appareil BLE;2,4 GHz BLE;58:c1:c4:db:10:60;-67.0;;;;-67.0;1.9952623149688828e-10;0.000352;7.023323348690468e-14;1.8810398983575886e-10;34;0x00;37;ORANGE;False
1787576591.8298936;38.84103697899991;BLE Sniffer;Appareil BLE;2,4 GHz BLE;58:c1:c4:db:10:60;-64.0;;;;-64.0;3.9810717055349694e-10;0.000352;1.4013372403483091e-13;1.882441235597937e-10;34;0x00;38;ORANGE;False
1787576591.846069;38.85700088400017;Simulation RF;Détection RF large bande;868 MHz;868 MHz;;2549;2.054009989467385;-38.160399578695404;-71.1603995786954;7.655261703679756e-11;0.1;7.655261703679756e-12;4.30905636625634e-09;;;;VERT;True
1787576591.846463;38.85700088400017;Simulation RF;Détection RF large bande;2,45 GHz;2,45 GHz;;3069;2.473548609582428;-54.94194438329711;-71.64194438329712;6.851813946618256e-11;0.1;6.851813946618256e-12;1.5946074329546595e-08;;;;VERT;True
1787576591.857081;38.86822829799985;Wi-Fi;Wi-Fi;2,4/5 GHz;wlan0;-50.0;;;;-50.0;1e-08;0.1;1e-09;2.278085099263071e-05;;;;ROUGE;False
1787576591.9343553;38.94550067;BLE Sniffer;Appareil BLE;2,4 GHz BLE;58:c1:c4:db:10:60;-71.0;;;;-71.0;7.943282347242822e-11;0.000352;2.796035386229473e-14;1.88272083913656e-10;34;0x00;39;VERT;False
1787576591.9403389;38.951484301000164;Simulation LoRa;LoRa;868 MHz;LoRa 868.100 MHz;-91.55126228729307;;;;-91.55126228729307;6.996386148112731e-13;0.046335999999999995;3.2418454855895146e-14;2.685739055083226e-12;13;"SNR=5.91;SF=7;BW=125.0;CR=4/5;F=868.100;CRC=OK;PAYLOAD=54454d504f5f4c4f52415f3338";7;VERT;True
1787576591.9404564;38.95160000399983;BLE Sniffer;iBeacon;2,4 GHz BLE;54:0d:73:47:4a:1a;-66.0;;;;-66.0;2.511886431509582e-10;0.000368;9.243742067955262e-14;1.8816030694119085e-10;36;0x00;37;ORANGE;False
1787576591.9465759;38.95772107799985;BLE Sniffer;iBeacon;2,4 GHz BLE;54:0d:73:47:4a:1a;-66.0;;;;-66.0;2.511886431509582e-10;0.000368;9.243742067955262e-14;1.882527443618704e-10;36;0x00;38;ORANGE;False
1787576591.94666;38.9578036150001;BLE Sniffer;iBeacon;2,4 GHz BLE;54:0d:73:47:4a:1a;-72.0;;;;-72.0;6.309573444801942e-11;0.000368;2.3219230276871148e-14;1.8827596359214727e-10;36;0x00;39;VERT;False
1787576591.9511437;38.95714682200014;Simulation RF;Détection RF large bande;868 MHz;868 MHz;;2557;2.0609823698831433;-38.439294795325736;-71.43929479532574;7.179108557248018e-11;0.1;7.179108557248018e-12;4.316235474813588e-09;;;;VERT;True
1787576591.9513159;38.95714682200014;Simulation RF;Détection RF large bande;2,45 GHz;2,45 GHz;;3032;2.4430166605118435;-53.720666420473734;-70.42066642047374;9.076812367268974e-11;0.1;9.076812367268975e-12;1.5955151141913863e-08;;;;VERT;True
1787576591.9598258;38.97097037000003;Wi-Fi;Wi-Fi;2,4/5 GHz;wlan0;-50.0;;;;-50.0;1e-08;0.1;1e-09;2.2781850992630707e-05;;;;ROUGE;False
1787576592.0503542;39.05732659400019;Simulation RF;Détection RF large bande;868 MHz;868 MHz;;2461;1.9834720870469569;-35.33888348187827;-68.33888348187827;1.4659246638598785e-10;0.1;1.4659246638598786e-11;4.330894721452187e-09;;;;ORANGE;True
1787576592.0506248;39.05732659400019;Simulation RF;Détection RF large bande;2,45 GHz;2,45 GHz;;3040;2.449952817822589;-53.99811271290355;-70.69811271290355;8.515079924577048e-11;0.1;8.515079924577048e-12;1.596366622183844e-08;;;;VERT;True
1787576592.0566084;39.067753679999896;BLE Sniffer;Appareil BLE;2,4 GHz BLE;58:c1:c4:db:10:60;-67.0;;;;-67.0;1.9952623149688828e-10;0.000352;7.023323348690468e-14;1.883423171471429e-10;34;0x00;37;ORANGE;False
1787576592.074164;39.08530887100005;Wi-Fi;Wi-Fi;2,4/5 GHz;wlan0;-50.0;;;;-50.0;1e-08;0.1;1e-09;2.2782850992630706e-05;;;;ROUGE;False
1787576592.1464293;39.157405216999905;Simulation RF;Détection RF large bande;868 MHz;868 MHz;;2505;2.018282149739918;-36.731285989596714;-69.73128598959671;1.0638279614326692e-10;0.1;1.0638279614326693e-11;4.341533001066513e-09;;;;ORANGE;True
1787576592.1465776;39.157405216999905;Simulation RF;Détection RF large bande;2,45 GHz;2,45 GHz;;3043;2.4518959696885427;-54.0758387875417;-70.7758387875417;8.364040387776295e-11;0.1;8.364040387776295e-12;1.597203026222622e-08;;;;VERT;True
1787576592.1571503;39.16829472600011;Wi-Fi;Wi-Fi;2,4/5 GHz;wlan0;-50.0;;;;-50.0;1e-08;0.1;1e-09;2.2783850992630705e-05;;;;ROUGE;False
1787576592.2465086;39.25748134000014;Simulation RF;Détection RF large bande;868 MHz;868 MHz;;2503;2.0173443051474726;-36.693772205898895;-69.6937722058989;1.0730569689355669e-10;0.1;1.073056968935567e-11;4.3522635707558685e-09;;;;ORANGE;True
1787576592.2466486;39.25748134000014;Simulation RF;Détection RF large bande;2,45 GHz;2,45 GHz;;3031;2.442562128220959;-53.70248512883835;-70.40248512883835;9.11489115918155e-11;0.1;9.11489115918155e-12;1.59811451533854e-08;;;;VERT;True
1787576592.2591138;39.27025800399997;Wi-Fi;Wi-Fi;2,4/5 GHz;wlan0;-50.0;;;;-50.0;1e-08;0.1;1e-09;2.2784850992630704e-05;;;;ROUGE;False
1787576592.2731524;39.28429806899976;BLE Sniffer;iBeacon;2,4 GHz BLE;54:0d:73:47:4a:1a;-65.0;;;;-65.0;3.1622776601683795e-10;0.000368;1.1637181789419636e-13;1.8839233541004146e-10;36;0x00;38;ORANGE;False
1787576592.2732396;39.28438299399977;BLE Sniffer;iBeacon;2,4 GHz BLE;54:0d:73:47:4a:1a;-71.0;;;;-71.0;7.943282347242822e-11;0.000368;2.923127903785358e-14;1.884215666890793e-10;36;0x00;39;VERT;False
1787576592.3466718;39.35759105599982;Simulation RF;Détection RF large bande;868 MHz;868 MHz;;2473;1.9924969024985288;-35.69987609994115;-68.69987609994115;1.3490013677605056e-10;0.1;1.3490013677605056e-11;4.365753584433473e-09;;;;ORANGE;True
1787576592.346821;39.35759105599982;Simulation RF;Détection RF large bande;2,45 GHz;2,45 GHz;;2982;2.4027176640003214;-52.10870656001285;-68.80870656001285;1.3156165981048202e-10;0.1;1.3156165981048203e-11;1.5994301319366448e-08;;;;ORANGE;True
1787576592.355456;39.36660005700014;Wi-Fi;Wi-Fi;2,4/5 GHz;wlan0;-50.0;;;;-50.0;1e-08;0.1;1e-09;2.2785850992630702e-05;;;;ROUGE;False
1787576592.3833315;39.39447653900015;BLE Sniffer;Appareil BLE;2,4 GHz BLE;58:c1:c4:db:10:60;-67.0;;;;-67.0;1.9952623149688828e-10;0.000352;7.023323348690468e-14;1.884125503806298e-10;34;0x00;37;ORANGE;False
1787576592.386967;39.39811361000011;BLE Sniffer;Appareil BLE;2,4 GHz BLE;58:c1:c4:db:10:60;-65.0;;;;-65.0;3.1622776601683795e-10;0.000352;1.1131217363792695e-13;1.8852386255426773e-10;34;0x00;38;ORANGE;False
1787576592.3890316;39.400177818999964;BLE Sniffer;Appareil BLE;2,4 GHz BLE;58:c1:c4:db:10:60;-72.0;;;;-72.0;6.309573444801942e-11;0.000352;2.2209698525702838e-14;1.8854607225279344e-10;34;0x00;39;VERT;False
1787576592.446686;39.45767456800013;Simulation RF;Détection RF large bande;868 MHz;868 MHz;;2501;2.015478895307424;-36.61915581229695;-69.61915581229695;1.0916525127725325e-10;0.1;1.0916525127725325e-11;4.376670109561199e-09;;;;ORANGE;True
1787576592.4468322;39.45767456800013;Simulation RF;Détection RF large bande;2,45 GHz;2,45 GHz;;3077;2.4792329588314708;-55.16931835325883;-71.86931835325883;6.50231739432599e-11;0.1;6.50231739432599e-12;1.6000803636760776e-08;;;;VERT;True
1787576592.4556084;39.46675293899989;Wi-Fi;Wi-Fi;2,4/5 GHz;wlan0;-50.0;;;;-50.0;1e-08;0.1;1e-09;2.27868509926307e-05;;;;ROUGE;False
1787576592.4992747;39.51042065999991;BLE Sniffer;iBeacon;2,4 GHz BLE;54:0d:73:47:4a:1a;-66.0;;;;-66.0;2.511886431509582e-10;0.000368;9.243742067955262e-14;1.8851400410975887e-10;36;0x00;37;ORANGE;False
1787576592.5013351;39.512480573000175;BLE Sniffer;iBeacon;2,4 GHz BLE;54:0d:73:47:4a:1a;-65.0;;;;-65.0;3.1622776601683795e-10;0.000368;1.1637181789419636e-13;1.8863037592765306e-10;36;0x00;38;ORANGE;False
1787576592.546786;39.55775696899991;Simulation RF;Détection RF large bande;868 MHz;868 MHz;;2537;2.0447341260490783;-37.78936504196314;-70.78936504196314;8.338030814636335e-11;0.1;8.338030814636335e-12;4.385008140375835e-09;;;;VERT;True
1787576592.5469322;39.55775696899991;Simulation RF;Détection RF large bande;2,45 GHz;2,45 GHz;;3050;2.457729752442729;-54.30919009770915;-71.00919009770915;7.92649135373626e-11;0.1;7.926491353736261e-12;1.6008730128114512e-08;;;;VERT;True
1787576592.555367;39.566511656999864;Wi-Fi;Wi-Fi;2,4/5 GHz;wlan0;-50.0;;;;-50.0;1e-08;0.1;1e-09;2.27878509926307e-05;;;;ROUGE;False
1787576592.6058624;39.617007595999894;BLE Sniffer;iBeacon;2,4 GHz BLE;54:0d:73:47:4a:1a;-71.0;;;;-71.0;7.943282347242822e-11;0.000368;2.923127903785358e-14;1.886596072066909e-10;36;0x00;39;VERT;False
1787576592.6468568;39.65783635099979;Simulation RF;Détection RF large bande;868 MHz;868 MHz;;2485;2.0025729687395977;-36.10291874958391;-69.1029187495839;1.229442225636659e-10;0.1;1.2294422256366592e-11;4.397302562632201e-09;;;;ORANGE;True
1787576592.6469967;39.65783635099979;Simulation RF;Détection RF large bande;2,45 GHz;2,45 GHz;;3013;2.4279806461216182;-53.11922584486473;-69.81922584486473;1.0425032450891346e-10;0.1;1.0425032450891347e-11;1.6019155160565404e-08;;;;ORANGE;True
1787576592.655524;39.666668372000004;Wi-Fi;Wi-Fi;2,4/5 GHz;wlan0;-50.0;;;;-50.0;1e-08;0.1;1e-09;2.27888509926307e-05;;;;ROUGE;False
1787576592.7139795;39.72512498500009;BLE Sniffer;Appareil BLE;2,4 GHz BLE;58:c1:c4:db:10:60;-67.0;;;;-67.0;1.9952623149688828e-10;0.000352;7.023323348690468e-14;1.8861630548628035e-10;34;0x00;37;ORANGE;False
1787576592.7195718;39.730717914999786;BLE Sniffer;Appareil BLE;2,4 GHz BLE;58:c1:c4:db:10:60;-65.0;;;;-65.0;3.1622776601683795e-10;0.000352;1.1131217363792695e-13;1.8872761765991827e-10;34;0x00;38;ORANGE;False
1787576592.7469268;39.75792067800012;Simulation RF;Détection RF large bande;868 MHz;868 MHz;;2494;2.0100556190809598;-36.40222476323838;-69.40222476323838;1.1475656066998204e-10;0.1;1.1475656066998205e-11;4.408778218699199e-09;;;;ORANGE;True
1787576592.7470832;39.75792067800012;Simulation RF;Détection RF large bande;2,45 GHz;2,45 GHz;;3056;2.4629299009339705;-54.517196037358815;-71.21719603735882;7.555798999981958e-11;0.1;7.555798999981958e-12;1.6026710959565386e-08;;;;VERT;True
1787576592.7556405;39.766784847000054;Wi-Fi;Wi-Fi;2,4/5 GHz;wlan0;-52.0;;;;-52.0;6.309573444801943e-09;0.1;6.309573444801943e-10;2.278948194997518e-05;;;;ORANGE;False
1787576592.8297687;39.84091458900002;BLE Sniffer;iBeacon;2,4 GHz BLE;54:0d:73:47:4a:1a;-71.0;;;;-71.0;7.943282347242822e-11;0.000368;2.923127903785358e-14;1.8868883848572876e-10;36;0x00;39;VERT;False
1787576592.8470035;39.858005764000154;Simulation RF;Détection RF large bande;868 MHz;868 MHz;;2450;1.9740897675370856;-34.963590701483426;-67.96359070148343;1.5982360772816318e-10;0.1;1.598236077281632e-11;4.424760579472016e-09;;;;ORANGE;True
1787576592.847158;39.858005764000154;Simulation RF;Détection RF large bande;2,45 GHz;2,45 GHz;;2995;2.4136392165141167;-52.54556866056467;-69.24556866056467;1.1897155388764314e-10;0.1;1.1897155388764314e-11;1.603860811495415e-08;;;;ORANGE;True
1787576592.8557885;39.86693297000011;Wi-Fi;Wi-Fi;2,4/5 GHz;wlan0;-52.0;;;;-52.0;6.309573444801943e-09;0.1;6.309573444801943e-10;2.279011290731966e-05;;;;ORANGE;False
1787576592.9383888;39.94953362399974;Simulation LoRa;LoRa;868 MHz;LoRa 868.100 MHz;-90.07649770727281;;;;-90.07649770727281;9.825399759845614e-13;0.046335999999999995;4.552697232722063e-14;2.7312660274104468e-12;13;"SNR=6.44;SF=7;BW=125.0;CR=4/5;F=868.100;CRC=OK;PAYLOAD=54454d504f5f4c4f52415f3339";7;VERT;True
1787576592.938486;39.94962940100004;BLE Sniffer;Appareil BLE;2,4 GHz BLE;58:c1:c4:db:10:60;-66.0;;;;-66.0;2.511886431509582e-10;0.000352;8.841840238913729e-14;1.8881603606230742e-10;34;0x00;37;ORANGE;False
1787576592.9385276;39.9496709189998;BLE Sniffer;Appareil BLE;2,4 GHz BLE;58:c1:c4:db:10:60;-65.0;;;;-65.0;3.1622776601683795e-10;0.000352;1.1131217363792695e-13;1.8892734823594534e-10;34;0x00;38;ORANGE;False
1787576592.9448998;39.95604502900005;BLE Sniffer;Appareil BLE;2,4 GHz BLE;58:c1:c4:db:10:60;-71.0;;;;-71.0;7.943282347242822e-11;0.000352;2.796035386229473e-14;1.8895530858980763e-10;34;0x00;39;VERT;False
1787576592.9476278;39.95813340599989;Simulation RF;Détection RF large bande;868 MHz;868 MHz;;2547;2.052285044549992;-38.09140178199968;-71.09140178199968;7.77785462968703e-11;0.1;7.777854629687031e-12;4.432538434101703e-09;;;;VERT;True
1787576592.9477777;39.95813340599989;Simulation RF;Détection RF large bande;2,45 GHz;2,45 GHz;;2963;2.3880481712534;-51.521926850136;-68.221926850136;1.5059387726087814e-10;0.1;1.5059387726087816e-11;1.6053667502680238e-08;;;;ORANGE;True
1787576592.9563365;39.96748053500005;Wi-Fi;Wi-Fi;2,4/5 GHz;wlan0;-52.0;;;;-52.0;6.309573444801943e-09;0.1;6.309573444801943e-10;2.279074386466414e-05;;;;ORANGE;False
1787576593.047246;40.05821549099983;Simulation RF;Détection RF large bande;868 MHz;868 MHz;;2447;1.9722799860605857;-34.89119944242343;-67.89119944242343;1.625099870719253e-10;0.1;1.6250998707192533e-11;4.448789432808895e-09;;;;ORANGE;True
1787576593.0473838;40.05821549099983;Simulation RF;Détection RF large bande;2,45 GHz;2,45 GHz;;3075;2.478246211740409;-55.12984846961636;-71.82984846961637;6.561681603719374e-11;0.1;6.561681603719374e-12;1.606022918428396e-08;;;;VERT;True
1787576593.053138;40.064283843999874;BLE Sniffer;iBeacon;2,4 GHz BLE;54:0d:73:47:4a:1a;-66.0;;;;-66.0;2.511886431509582e-10;0.000368;9.243742067955262e-14;1.8878127590640832e-10;36;0x00;37;ORANGE;False
1787576593.0532308;40.0643741949998;BLE Sniffer;iBeacon;2,4 GHz BLE;54:0d:73:47:4a:1a;-66.0;;;;-66.0;2.511886431509582e-10;0.000368;9.243742067955262e-14;1.8887371332708788e-10;36;0x00;38;ORANGE;False
1787576593.0701249;40.08126889000005;Wi-Fi;Wi-Fi;2,4/5 GHz;wlan0;-52.0;;;;-52.0;6.309573444801943e-09;0.1;6.309573444801943e-10;2.279137482200862e-05;;;;ORANGE;False
1787576593.1473515;40.15830039100001;Simulation RF;Détection RF large bande;868 MHz;868 MHz;;2502;2.0160402822117476;-36.6416112884699;-69.6416112884699;1.0860226204806118e-10;0.1;1.0860226204806118e-11;4.459649659013702e-09;;;;ORANGE;True
1787576593.1475046;40.15830039100001;Simulation RF;Détection RF large bande;2,45 GHz;2,45 GHz;;2981;2.4019563231190553;-52.07825292476221;-68.77825292476221;1.324874397075863e-10;0.1;1.324874397075863e-11;1.6073477928254716e-08;;;;ORANGE;True
1787576593.1565015;40.16764607599998;Wi-Fi;Wi-Fi;2,4/5 GHz;wlan0;-52.0;;;;-52.0;6.309573444801943e-09;0.1;6.309573444801943e-10;2.2792005779353102e-05;;;;ORANGE;False
1787576593.1633892;40.174534701000084;BLE Sniffer;iBeacon;2,4 GHz BLE;54:0d:73:47:4a:1a;-71.0;;;;-71.0;7.943282347242822e-11;0.000368;2.923127903785358e-14;1.8890294460612573e-10;36;0x00;39;VERT;False
1787576593.247403;40.25838008799974;Simulation RF;Détection RF large bande;868 MHz;868 MHz;;2550;2.0550971086398233;-38.203884345592925;-71.20388434559293;7.578994038202082e-11;0.1;7.578994038202083e-12;4.467228653051904e-09;;;;VERT;True
1787576593.2475424;40.25838008799974;Simulation RF;Détection RF large bande;2,45 GHz;2,45 GHz;;3046;2.4542905804848134;-54.17162321939253;-70.87162321939253;8.181589358333221e-11;0.1;8.181589358333222e-12;1.6081659517613048e-08;;;;VERT;True
1787576593.2560203;40.26716470200017;Wi-Fi;Wi-Fi;2,4/5 GHz;wlan0;-52.0;;;;-52.0;6.309573444801943e-09;0.1;6.309573444801943e-10;2.2792636736697583e-05;;;;ORANGE;False
1787576593.2724078;40.28355565899983;BLE Sniffer;Appareil BLE;2,4 GHz BLE;58:c1:c4:db:10:60;-67.0;;;;-67.0;1.9952623149688828e-10;0.000352;7.023323348690468e-14;1.8902554182329454e-10;34;0x00;37;ORANGE;False
1787576593.2725322;40.28367560300012;BLE Sniffer;Appareil BLE;2,4 GHz BLE;58:c1:c4:db:10:60;-65.0;;;;-65.0;3.1622776601683795e-10;0.000352;1.1131217363792695e-13;1.8913685399693246e-10;34;0x00;38;ORANGE;False
1787576593.2789128;40.29005858299979;BLE Sniffer;Appareil BLE;2,4 GHz BLE;58:c1:c4:db:10:60;-72.0;;;;-72.0;6.309573444801942e-11;0.000352;2.2209698525702838e-14;1.8915906369545818e-10;34;0x00;39;VERT;False
1787576593.3474908;40.35845917300003;Simulation RF;Détection RF large bande;868 MHz;868 MHz;;2447;1.9717881895134;-34.871527580536;-67.871527580536;1.6324776417958976e-10;0.1;1.6324776417958976e-11;4.483553429469863e-09;;;;ORANGE;True
1787576593.3476357;40.35845917300003;Simulation RF;Détection RF large bande;2,45 GHz;2,45 GHz;;3077;2.479987748483934;-55.19950993935734;-71.89950993935734;6.457270891773014e-11;0.1;6.4572708917730144e-12;1.6088116788504822e-08;;;;VERT;True
1787576593.3561678;40.367311915999835;Wi-Fi;Wi-Fi;2,4/5 GHz;wlan0;-52.0;;;;-52.0;6.309573444801943e-09;0.1;6.309573444801943e-10;2.2793267694042064e-05;;;;ORANGE;False
1787576593.3857841;40.39692957199986;BLE Sniffer;iBeacon;2,4 GHz BLE;54:0d:73:47:4a:1a;-66.0;;;;-66.0;2.511886431509582e-10;0.000368;9.243742067955262e-14;1.8899538202680528e-10;36;0x00;37;ORANGE;False
1787576593.391531;40.40267622200008;BLE Sniffer;iBeacon;2,4 GHz BLE;54:0d:73:47:4a:1a;-64.0;;;;-64.0;3.9810717055349694e-10;0.000368;1.4650343876368688e-13;1.8914188546556897e-10;36;0x00;38;ORANGE;False
1787576593.4475718;40.45854136900016;Simulation RF;Détection RF large bande;868 MHz;868 MHz;;2486;2.0034673509237346;-36.138694036949374;-69.13869403694937;1.2193562153161344e-10;0.1;1.2193562153161344e-11;4.495746991623024e-09;;;;ORANGE;True
1787576593.447715;40.45854136900016;Simulation RF;Détection RF large bande;2,45 GHz;2,45 GHz;;3063;2.468630426301821;-54.74521705207283;-71.44521705207283;7.169325437681712e-11;0.1;7.169325437681712e-12;1.6095286113942503e-08;;;;VERT;True
1787576593.4561725;40.467317224;Wi-Fi;Wi-Fi;2,4/5 GHz;wlan0;-52.0;;;;-52.0;6.309573444801943e-09;0.1;6.309573444801943e-10;2.2793898651386544e-05;;;;ORANGE;False
1787576593.4964604;40.50760583400006;BLE Sniffer;iBeacon;2,4 GHz BLE;54:0d:73:47:4a:1a;-71.0;;;;-71.0;7.943282347242822e-11;0.000368;2.923127903785358e-14;1.8917111674460682e-10;36;0x00;39;VERT;False
1787576593.5039322;40.515079012000115;BLE Sniffer;Appareil BLE;2,4 GHz BLE;58:c1:c4:db:10:60;-66.0;;;;-66.0;2.511886431509582e-10;0.000352;8.841840238913729e-14;1.8924748209784732e-10;34;0x00;37;ORANGE;False
1787576593.5477073;40.55863356500004;Simulation RF;Détection RF large bande;868 MHz;868 MHz;;2477;1.9959503545642487;-35.83801418256995;-68.83801418256995;1.3067682731155178e-10;0.1;1.306768273115518e-11;4.50881467435418e-09;;;;ORANGE;True
1787576593.5479765;40.55863356500004;Simulation RF;Détection RF large bande;2,45 GHz;2,45 GHz;;3041;2.450504058637396;-54.020162345495834;-70.72016234549584;8.471957441586821e-11;0.1;8.471957441586822e-12;1.610375807138409e-08;;;;VERT;True
1787576593.5578296;40.56897465100019;Wi-Fi;Wi-Fi;2,4/5 GHz;wlan0;-51.0;;;;-51.0;7.943282347242822e-09;0.1;7.943282347242823e-10;2.279469297962127e-05;;;;ORANGE;False
1787576593.6103308;40.62147583700016;BLE Sniffer;Appareil BLE;2,4 GHz BLE;58:c1:c4:db:10:60;-64.0;;;;-64.0;3.9810717055349694e-10;0.000352;1.4013372403483091e-13;1.8938761582188216e-10;34;0x00;38;ORANGE;False
1787576593.6104038;40.62154744700001;BLE Sniffer;Appareil BLE;2,4 GHz BLE;58:c1:c4:db:10:60;-71.0;;;;-71.0;7.943282347242822e-11;0.000352;2.796035386229473e-14;1.8941557617574446e-10;34;0x00;39;VERT;False
1787576593.6161523;40.627298505;BLE Sniffer;iBeacon;2,4 GHz BLE;54:0d:73:47:4a:1a;-66.0;;;;-66.0;2.511886431509582e-10;0.000368;9.243742067955262e-14;1.8926355416528637e-10;36;0x00;37;ORANGE;False
1787576593.6477356;40.65871252099987;Simulation RF;Détection RF large bande;868 MHz;868 MHz;;2429;1.9575315815039371;-34.301263260157484;-67.30126326015748;1.8615455782258334e-10;0.1;1.8615455782258336e-11;4.527430130136438e-09;;;;ORANGE;True
1787576593.6478953;40.65871252099987;Simulation RF;Détection RF large bande;2,45 GHz;2,45 GHz;;2970;2.3935912927823444;-51.74365171129378;-68.44365171129378;1.4309841679813305e-10;0.1;1.4309841679813306e-11;1.6118067913063904e-08;;;;ORANGE;True
1787576593.6563585;40.6675025049999;Wi-Fi;Wi-Fi;2,4/5 GHz;wlan0;-51.0;;;;-51.0;7.943282347242822e-09;0.1;7.943282347242823e-10;2.2795487307855995e-05;;;;ORANGE;False
1787576593.7308078;40.74195218800014;BLE Sniffer;iBeacon;2,4 GHz BLE;54:0d:73:47:4a:1a;-64.0;;;;-64.0;3.9810717055349694e-10;0.000368;1.4650343876368688e-13;1.8941005760405006e-10;36;0x00;38;ORANGE;False
1787576593.7365587;40.747704857999906;BLE Sniffer;iBeacon;2,4 GHz BLE;54:0d:73:47:4a:1a;-72.0;;;;-72.0;6.309573444801942e-11;0.000368;2.3219230276871148e-14;1.8943327683432693e-10;36;0x00;39;VERT;False
1787576593.7569263;40.758803180000086;Simulation RF;Détection RF large bande;868 MHz;868 MHz;;2420;1.9502548478300241;-34.010193913200965;-67.01019391320096;1.9905844570792698e-10;0.1;1.99058445707927e-11;4.547335974707231e-09;;;;ORANGE;True
1787576593.7575042;40.758803180000086;Simulation RF;Détection RF large bande;2,45 GHz;2,45 GHz;;3041;2.4509172218602355;-54.03668887440942;-70.73668887440942;8.439779738684628e-11;0.1;8.439779738684629e-12;1.612650769280259e-08;;;;VERT;True
1787576593.768183;40.77932777900014;Wi-Fi;Wi-Fi;2,4/5 GHz;wlan0;-51.0;;;;-51.0;7.943282347242822e-09;0.1;7.943282347242823e-10;2.279628163609072e-05;;;;ORANGE;False
1787576593.84514;40.85628546599992;BLE Sniffer;Appareil BLE;2,4 GHz BLE;58:c1:c4:db:10:60;-67.0;;;;-67.0;1.9952623149688828e-10;0.000352;7.023323348690468e-14;1.8948580940923136e-10;34;0x00;37;ORANGE;False
1787576593.847253;40.8583984349998;BLE Sniffer;Appareil BLE;2,4 GHz BLE;58:c1:c4:db:10:60;-64.0;;;;-64.0;3.9810717055349694e-10;0.000352;1.4013372403483091e-13;1.896259431332662e-10;34;0x00;38;ORANGE;False
1787576593.8473442;40.858487545000116;BLE Sniffer;Appareil BLE;2,4 GHz BLE;58:c1:c4:db:10:60;-72.0;;;;-72.0;6.309573444801942e-11;0.000352;2.2209698525702838e-14;1.8964815283179192e-10;34;0x00;39;VERT;False
1787576593.8543532;40.8589104319999;Simulation RF;Détection RF large bande;868 MHz;868 MHz;;2477;1.9963752452576633;-35.85500981030653;-68.85500981030653;1.3016643752377516e-10;0.1;1.3016643752377518e-11;4.560352618459609e-09;;;;ORANGE;True
1787576593.8545115;40.8589104319999;Simulation RF;Détection RF large bande;2,45 GHz;2,45 GHz;;3042;2.4511414237476306;-54.04565694990522;-70.74565694990523;8.422369780410394e-11;0.1;8.422369780410395e-12;1.6134930062583e-08;;;;VERT;True
1787576593.86305;40.87419428400017;Wi-Fi;Wi-Fi;2,4/5 GHz;wlan0;-51.0;;;;-51.0;7.943282347242822e-09;0.1;7.943282347242823e-10;2.2797075964325446e-05;;;;ORANGE;False
1787576593.9494853;40.95896949799999;Simulation RF;Détection RF large bande;868 MHz;868 MHz;;2446;1.970756205371898;-34.83024821487592;-67.83024821487592;1.6480681958241916e-10;0.1;1.6480681958241916e-11;4.576833300417851e-09;;;;ORANGE;True
1787576593.949887;40.95896949799999;Simulation RF;Détection RF large bande;2,45 GHz;2,45 GHz;;3075;2.477769048600841;-55.11076194403363;-71.81076194403363;6.590582572195715e-11;0.1;6.590582572195715e-12;1.6141520645155193e-08;;;;VERT;True
1787576593.9609718;40.97211793799988;BLE Sniffer;iBeacon;2,4 GHz BLE;54:0d:73:47:4a:1a;-66.0;;;;-66.0;2.511886431509582e-10;0.000368;9.243742067955262e-14;1.8952571425500648e-10;36;0x00;37;ORANGE;False
1787576593.9611313;40.972274751999976;Simulation LoRa;LoRa;868 MHz;LoRa 868.100 MHz;-90.53460555274904;;;;-90.53460555274904;8.841774708275338e-13;0.046335999999999995;4.0969247288264603e-14;2.772235274698711e-12;13;"SNR=7.39;SF=7;BW=125.0;CR=4/5;F=868.100;CRC=OK;PAYLOAD=54454d504f5f4c4f52415f3430";7;VERT;True
1787576593.96118;40.97232341800009;BLE Sniffer;iBeacon;2,4 GHz BLE;54:0d:73:47:4a:1a;-64.0;;;;-64.0;3.9810717055349694e-10;0.000368;1.4650343876368688e-13;1.8967221769377017e-10;36;0x00;38;ORANGE;False
1787576593.9612198;40.97236317699981;BLE Sniffer;iBeacon;2,4 GHz BLE;54:0d:73:47:4a:1a;-75.0;;;;-75.0;3.1622776601683794e-11;0.000368;1.1637181789419636e-14;1.896838548755596e-10;36;0x00;39;VERT;False
1787576593.976163;40.98731006900016;Wi-Fi;Wi-Fi;2,4/5 GHz;wlan0;-49.0;;;;-49.0;1.2589254117941661e-08;0.1;1.2589254117941663e-09;2.279833488973724e-05;;;;ROUGE;False
1787576594.0480857;41.05905391599981;Simulation RF;Détection RF large bande;868 MHz;868 MHz;;2406;1.93877412256231;-33.550964902492396;-66.5509649024924;2.2126030654593158e-10;0.1;2.212603065459316e-11;4.598959331072444e-09;;;;ORANGE;True
1787576594.0482335;41.05905391599981;Simulation RF;Détection RF large bande;2,45 GHz;2,45 GHz;;2988;2.4075550115503006;-52.30220046201201;-69.00220046201201;1.258287707200071e-10;0.1;1.2582877072000712e-11;1.6154103522227195e-08;;;;ORANGE;True
1787576594.0615864;41.072731019;Wi-Fi;Wi-Fi;2,4/5 GHz;wlan0;-49.0;;;;-49.0;1.2589254117941661e-08;0.1;1.2589254117941663e-09;2.2799593815149033e-05;;;;ROUGE;False
1787576594.081779;41.092924064999806;BLE Sniffer;Appareil BLE;2,4 GHz BLE;58:c1:c4:db:10:60;-67.0;;;;-67.0;1.9952623149688828e-10;0.000352;7.023323348690468e-14;1.8971838606527882e-10;34;0x00;37;ORANGE;False
1787576594.0839195;41.095066292999945;BLE Sniffer;Appareil BLE;2,4 GHz BLE;58:c1:c4:db:10:60;-64.0;;;;-64.0;3.9810717055349694e-10;0.000352;1.4013372403483091e-13;1.8985851978931366e-10;34;0x00;38;ORANGE;False
1787576594.1481748;41.159142185999826;Simulation RF;Détection RF large bande;868 MHz;868 MHz;;2450;1.9743027401333149;-34.97210960533259;-67.97210960533259;1.5951041298826352e-10;0.1;1.5951041298826354e-11;4.61491037237127e-09;;;;ORANGE;True
1787576594.1483736;41.159142185999826;Simulation RF;Détection RF large bande;2,45 GHz;2,45 GHz;;3036;2.4464565857930993;-53.85826343172397;-70.55826343172397;8.793740727244839e-11;0.1;8.79374072724484e-12;1.616289726295444e-08;;;;VERT;True
1787576594.1569457;41.16808992799997;Wi-Fi;Wi-Fi;2,4/5 GHz;wlan0;-48.0;;;;-48.0;1.5848931924611143e-08;0.1;1.5848931924611144e-09;2.2801178708341495e-05;;;;ROUGE;False
1787576594.1888444;41.19998938499975;BLE Sniffer;Appareil BLE;2,4 GHz BLE;58:c1:c4:db:10:60;-74.0;;;;-74.0;3.9810717055349695e-11;0.000352;1.4013372403483093e-14;1.8987253316171714e-10;34;0x00;39;VERT;False
1787576594.194745;41.20589073800011;BLE Sniffer;iBeacon;2,4 GHz BLE;54:0d:73:47:4a:1a;-66.0;;;;-66.0;2.511886431509582e-10;0.000368;9.243742067955262e-14;1.8977629229623914e-10;36;0x00;37;ORANGE;False
1787576594.2482593;41.25922773299999;Simulation RF;Détection RF large bande;868 MHz;868 MHz;;2476;1.9949109487163783;-35.796437948655125;-68.79643794865513;1.3193384065488264e-10;0.1;1.3193384065488264e-11;4.628103756436758e-09;;;;ORANGE;True
1787576594.248398;41.25922773299999;Simulation RF;Détection RF large bande;2,45 GHz;2,45 GHz;;3087;2.487382936749043;-55.495317469961705;-72.19531746996171;6.032096115957074e-11;0.1;6.032096115957074e-12;1.6168929359070397e-08;;;;VERT;True
1787576594.2568586;41.268002884;Wi-Fi;Wi-Fi;2,4/5 GHz;wlan0;-48.0;;;;-48.0;1.5848931924611143e-08;0.1;1.5848931924611144e-09;2.2802763601533956e-05;;;;ROUGE;False
1787576594.299563;41.31070912699988;BLE Sniffer;iBeacon;2,4 GHz BLE;54:0d:73:47:4a:1a;-64.0;;;;-64.0;3.9810717055349694e-10;0.000368;1.4650343876368688e-13;1.8992279573500283e-10;36;0x00;38;ORANGE;False
1787576594.2996428;41.31078638600002;BLE Sniffer;iBeacon;2,4 GHz BLE;54:0d:73:47:4a:1a;-73.0;;;;-73.0;5.011872336272715e-11;0.000368;1.844369019748359e-14;1.8994123942520032e-10;36;0x00;39;VERT;False
1787576594.3556728;41.35935322400019;Simulation RF;Détection RF large bande;868 MHz;868 MHz;;2433;1.9608138945611924;-34.43255578244769;-67.4325557824477;1.8061109337931307e-10;0.1;1.8061109337931308e-11;4.6461648657746895e-09;;;;ORANGE;True
1787576594.3559866;41.35935322400019;Simulation RF;Détection RF large bande;2,45 GHz;2,45 GHz;;3038;2.4479616090371383;-53.91846436148552;-70.61846436148552;8.672684823367111e-11;0.1;8.672684823367112e-12;1.6177602043893763e-08;;;;VERT;True
1787576594.371079;41.38222403100008;Wi-Fi;Wi-Fi;2,4/5 GHz;wlan0;-46.0;;;;-46.0;2.511886431509582e-08;0.1;2.5118864315095824e-09;2.2805275487965464e-05;;;;ROUGE;False
1787576594.4102018;41.421346832999916;BLE Sniffer;Appareil BLE;2,4 GHz BLE;58:c1:c4:db:10:60;-66.0;;;;-66.0;2.511886431509582e-10;0.000352;8.841840238913729e-14;1.8996095156410628e-10;34;0x00;37;ORANGE;False
1787576594.4161463;41.427291464000064;BLE Sniffer;Appareil BLE;2,4 GHz BLE;58:c1:c4:db:10:60;-64.0;;;;-64.0;3.9810717055349694e-10;0.000352;1.4013372403483091e-13;1.9010108528814112e-10;34;0x00;38;ORANGE;False
1787576594.4162388;41.42738238999982;BLE Sniffer;Appareil BLE;2,4 GHz BLE;58:c1:c4:db:10:60;-72.0;;;;-72.0;6.309573444801942e-11;0.000352;2.2209698525702838e-14;1.9012329498666684e-10;34;0x00;39;VERT;False
1787576594.448448;41.45943886399982;Simulation RF;Détection RF large bande;868 MHz;868 MHz;;2492;2.007881791078576;-36.315271643143035;-69.31527164314303;1.1707733703272666e-10;0.1;1.1707733703272667e-11;4.657872599477962e-09;;;;ORANGE;True
1787576594.4485965;41.45943886399982;Simulation RF;Détection RF large bande;2,45 GHz;2,45 GHz;;3047;2.455405585903747;-54.216223436149875;-70.91622343614988;8.097997836142022e-11;0.1;8.097997836142023e-12;1.6185700041729906e-08;;;;VERT;True
1787576594.4570577;41.468201792999935;Wi-Fi;Wi-Fi;2,4/5 GHz;wlan0;-46.0;;;;-46.0;2.511886431509582e-08;0.1;2.5118864315095824e-09;2.2807787374396972e-05;;;;ROUGE;False
1787576594.5289679;41.5401142679998;BLE Sniffer;iBeacon;2,4 GHz BLE;54:0d:73:47:4a:1a;-65.0;;;;-65.0;3.1622776601683795e-10;0.000368;1.1637181789419636e-13;1.900576112430945e-10;36;0x00;37;ORANGE;False
1787576594.5290616;41.54020493500002;BLE Sniffer;iBeacon;2,4 GHz BLE;54:0d:73:47:4a:1a;-64.0;;;;-64.0;3.9810717055349694e-10;0.000368;1.4650343876368688e-13;1.902041146818582e-10;36;0x00;38;ORANGE;False
1787576594.5291018;41.54024535999997;BLE Sniffer;iBeacon;2,4 GHz BLE;54:0d:73:47:4a:1a;-72.0;;;;-72.0;6.309573444801942e-11;0.000368;2.3219230276871148e-14;1.9022733391213506e-10;36;0x00;39;VERT;False
1787576594.5485291;41.559524151999995;Simulation RF;Détection RF large bande;868 MHz;868 MHz;;2381;1.9186648642459243;-32.74659456983697;-65.74659456983697;2.662812230404075e-10;0.1;2.662812230404075e-11;4.684500721782003e-09;;;;ORANGE;True
1787576594.5486727;41.559524151999995;Simulation RF;Détection RF large bande;2,45 GHz;2,45 GHz;;3056;2.4626148585253143;-54.50459434101256;-71.20459434101257;7.577755106682794e-11;0.1;7.577755106682795e-12;1.6193277796836587e-08;;;;VERT;True
1787576594.564461;41.5756055920001;Wi-Fi;Wi-Fi;2,4/5 GHz;wlan0;-45.0;;;;-45.0;3.162277660168379e-08;0.1;3.1622776601683795e-09;2.281094965205714e-05;;;;ROUGE;False
1787576594.641581;41.65272674000016;BLE Sniffer;Appareil BLE;2,4 GHz BLE;58:c1:c4:db:10:60;-66.0;;;;-66.0;2.511886431509582e-10;0.000352;8.841840238913729e-14;1.9021171338905598e-10;34;0x00;37;ORANGE;False
1787576594.6486092;41.6596128289998;Simulation RF;Détection RF large bande;868 MHz;868 MHz;;2393;1.9283380561945345;-33.13352224778137;-66.13352224778137;2.4358344882353174e-10;0.1;2.4358344882353176e-11;4.7088590666643565e-09;;;;ORANGE;True
1787576594.6487572;41.6596128289998;Simulation RF;Détection RF large bande;2,45 GHz;2,45 GHz;;3068;2.4726988741948173;-54.90795496779269;-71.6079549677927;6.905649046838435e-11;0.1;6.905649046838435e-12;1.6200183445883426e-08;;;;VERT;True
1787576594.657369;41.6685138859998;Wi-Fi;Wi-Fi;2,4/5 GHz;wlan0;-45.0;;;;-45.0;3.162277660168379e-08;0.1;3.1622776601683795e-09;2.2814111929717308e-05;;;;ROUGE;False
1787576594.7483997;41.75954530299987;BLE Sniffer;Appareil BLE;2,4 GHz BLE;58:c1:c4:db:10:60;-63.0;;;;-63.0;5.011872336272714e-10;0.000352;1.7641790623679954e-13;1.903881312952928e-10;34;0x00;38;ORANGE;False
1787576594.7505853;41.76173104899999;BLE Sniffer;Appareil BLE;2,4 GHz BLE;58:c1:c4:db:10:60;-69.0;;;;-69.0;1.2589254117941662e-10;0.000352;4.4314174495154645e-14;1.9043244546978794e-10;34;0x00;39;ORANGE;False
1787576594.7506778;41.76182125200012;BLE Sniffer;iBeacon;2,4 GHz BLE;54:0d:73:47:4a:1a;-66.0;;;;-66.0;2.511886431509582e-10;0.000368;9.243742067955262e-14;1.9031977133281462e-10;36;0x00;37;ORANGE;False
1787576594.7576735;41.75985022699979;Simulation RF;Détection RF large bande;868 MHz;868 MHz;;2423;1.9527057157199494;-34.108228628797974;-67.10822862879797;1.9461537038817032e-10;0.1;1.9461537038817032e-11;4.728320603703173e-09;;;;ORANGE;True
1787576594.7578394;41.75985022699979;Simulation RF;Détection RF large bande;2,45 GHz;2,45 GHz;;3020;2.43360564965662;-53.34422598626479;-70.04422598626479;9.898682656874225e-11;0.1;9.898682656874226e-12;1.62100821285403e-08;;;;VERT;True
1787576594.7739797;41.78512390800006;Wi-Fi;Wi-Fi;2,4/5 GHz;wlan0;-44.0;;;;-44.0;3.981071705534969e-08;0.1;3.981071705534969e-09;2.281809300142284e-05;;;;ROUGE;False
1787576594.8489938;41.85994699599996;Simulation RF;Détection RF large bande;868 MHz;868 MHz;;2370;1.9102553559171558;-32.41021423668623;-65.41021423668623;2.8772564766906977e-10;0.1;2.8772564766906977e-11;4.75709316847008e-09;;;;ORANGE;True
1787576594.849151;41.85994699599996;Simulation RF;Détection RF large bande;2,45 GHz;2,45 GHz;;3051;2.4588526674516085;-54.35410669806433;-71.05410669806433;7.844934650404207e-11;0.1;7.844934650404208e-12;1.6217927063190706e-08;;;;VERT;True
1787576594.861548;41.87269399299976;BLE Sniffer;iBeacon;2,4 GHz BLE;54:0d:73:47:4a:1a;-64.0;;;;-64.0;3.9810717055349694e-10;0.000368;1.4650343876368688e-13;1.904662747715783e-10;36;0x00;38;ORANGE;False
1787576594.86375;41.874895813999956;BLE Sniffer;iBeacon;2,4 GHz BLE;54:0d:73:47:4a:1a;-70.0;;;;-70.0;1e-10;0.000368;3.68e-14;1.905030747715783e-10;36;0x00;39;ORANGE;False
1787576594.8728821;41.884027887999764;Wi-Fi;Wi-Fi;2,4/5 GHz;wlan0;-44.0;;;;-44.0;3.981071705534969e-08;0.1;3.981071705534969e-09;2.2822074073128374e-05;;;;ROUGE;False
1787576594.949055;41.960027098999944;Simulation RF;Détection RF large bande;868 MHz;868 MHz;;2359;1.900941343309043;-32.03765373236172;-65.03765373236172;3.1349789332751037e-10;0.1;3.134978933275104e-11;4.788442957802831e-09;;;;ORANGE;True
1787576594.9491925;41.960027098999944;Simulation RF;Détection RF large bande;2,45 GHz;2,45 GHz;;3083;2.484767350341492;-55.39069401365967;-72.09069401365967;6.179176474319703e-11;0.1;6.179176474319703e-12;1.6224106239665025e-08;;;;VERT;True
1787576594.9575505;41.96869525000011;Wi-Fi;Wi-Fi;2,4/5 GHz;wlan0;-44.0;;;;-44.0;3.981071705534969e-08;0.1;3.981071705534969e-09;2.2826055144833908e-05;;;;ROUGE;False
1787576594.9746847;41.98583075899978;Simulation LoRa;LoRa;868 MHz;LoRa 868.100 MHz;-84.55130011482433;;;;-84.55130011482433;3.50646887709478e-12;0.046335999999999995;1.624757418890637e-13;2.934711016587775e-12;13;"SNR=8.61;SF=7;BW=125.0;CR=4/5;F=868.100;CRC=OK;PAYLOAD=54454d504f5f4c4f52415f3431";7;VERT;True
1787576594.9747798;41.98592353599997;BLE Sniffer;Appareil BLE;2,4 GHz BLE;58:c1:c4:db:10:60;-66.0;;;;-66.0;2.511886431509582e-10;0.000352;8.841840238913729e-14;1.9052086387217708e-10;34;0x00;37;ORANGE;False
1787576594.9748216;41.98596520199999;BLE Sniffer;Appareil BLE;2,4 GHz BLE;58:c1:c4:db:10:60;-64.0;;;;-64.0;3.9810717055349694e-10;0.000352;1.4013372403483091e-13;1.9066099759621192e-10;34;0x00;38;ORANGE;False
1787576594.9810953;41.99224077600002;BLE Sniffer;Appareil BLE;2,4 GHz BLE;58:c1:c4:db:10:60;-70.0;;;;-70.0;1e-10;0.000352;3.52e-14;1.9069619759621193e-10;34;0x00;39;ORANGE;False
1787576595.0491343;42.06010486800005;Simulation RF;Détection RF large bande;868 MHz;868 MHz;;2446;1.9714268992865334;-34.85707597146133;-67.85707597146133;1.6379189323449098e-10;0.1;1.63791893234491e-11;4.8048221471262805e-09;;;;ORANGE;True
1787576595.0492685;42.06010486800005;Simulation RF;Détection RF large bande;2,45 GHz;2,45 GHz;;3039;2.4488438256424936;-53.95375302569974;-70.65375302569974;8.602500319642668e-11;0.1;8.602500319642669e-12;1.623270873998467e-08;;;;VERT;True
1787576595.057855;42.069000036000034;Wi-Fi;Wi-Fi;2,4/5 GHz;wlan0;-43.0;;;;-43.0;5.011872336272725e-08;0.1;5.0118723362727255e-09;2.283106701717018e-05;;;;ROUGE;False
1787576595.0902343;42.10137937899981;BLE Sniffer;iBeacon;2,4 GHz BLE;54:0d:73:47:4a:1a;-66.0;;;;-66.0;2.511886431509582e-10;0.000368;9.243742067955262e-14;1.9059551219225785e-10;36;0x00;37;ORANGE;False
1787576595.0967836;42.107929690999754;BLE Sniffer;iBeacon;2,4 GHz BLE;54:0d:73:47:4a:1a;-64.0;;;;-64.0;3.9810717055349694e-10;0.000368;1.4650343876368688e-13;1.9074201563102154e-10;36;0x00;38;ORANGE;False
1787576595.0988698;42.11001532699993;BLE Sniffer;iBeacon;2,4 GHz BLE;54:0d:73:47:4a:1a;-70.0;;;;-70.0;1e-10;0.000368;3.68e-14;1.9077881563102154e-10;36;0x00;39;ORANGE;False
1787576595.1492162;42.16018820999989;Simulation RF;Détection RF large bande;868 MHz;868 MHz;;2341;1.8862272280952332;-31.44908912380933;-64.44908912380933;3.5899722174756274e-10;0.1;3.589972217475628e-11;4.840721869301037e-09;;;;ORANGE;True
1787576595.1493676;42.16018820999989;Simulation RF;Détection RF large bande;2,45 GHz;2,45 GHz;;3032;2.443202334639049;-53.72809338556195;-70.42809338556195;9.06130317665137e-11;0.1;9.06130317665137e-12;1.624177004316132e-08;;;;VERT;True
1787576595.1578693;42.16901473100006;Wi-Fi;Wi-Fi;2,4/5 GHz;wlan0;-43.0;;;;-43.0;5.011872336272725e-08;0.1;5.0118723362727255e-09;2.2836078889506452e-05;;;;ROUGE;False
1787576595.2131996;42.224345360999905;BLE Sniffer;Appareil BLE;2,4 GHz BLE;58:c1:c4:db:10:60;-67.0;;;;-67.0;1.9952623149688828e-10;0.000352;7.023323348690468e-14;1.9076643082969883e-10;34;0x00;37;ORANGE;False
1787576595.2493088;42.26026840399982;Simulation RF;Détection RF large bande;868 MHz;868 MHz;;2417;1.9480980585712633;-33.92392234285053;-66.92392234285053;2.0305223106072683e-10;0.1;2.0305223106072686e-11;4.86102709240711e-09;;;;ORANGE;True
1787576595.2494557;42.26026840399982;Simulation RF;Détection RF large bande;2,45 GHz;2,45 GHz;;3060;2.465653382197292;-54.626135287891685;-71.32613528789169;7.368625271486107e-11;0.1;7.368625271486108e-12;1.6249138668432804e-08;;;;VERT;True
1787576595.2579162;42.26906025900007;Wi-Fi;Wi-Fi;2,4/5 GHz;wlan0;-43.0;;;;-43.0;5.011872336272725e-08;0.1;5.0118723362727255e-09;2.2841090761842724e-05;;;;ROUGE;False
1787576595.3161232;42.3272684829999;BLE Sniffer;Appareil BLE;2,4 GHz BLE;58:c1:c4:db:10:60;-64.0;;;;-64.0;3.9810717055349694e-10;0.000352;1.4013372403483091e-13;1.9090656455373367e-10;34;0x00;38;ORANGE;False
1787576595.3162043;42.32734779700013;BLE Sniffer;Appareil BLE;2,4 GHz BLE;58:c1:c4:db:10:60;-70.0;;;;-70.0;1e-10;0.000352;3.52e-14;1.9094176455373367e-10;34;0x00;39;ORANGE;False
1787576595.3265915;42.33773723500008;BLE Sniffer;iBeacon;2,4 GHz BLE;54:0d:73:47:4a:1a;-67.0;;;;-67.0;1.9952623149688828e-10;0.000368;7.342565319085489e-14;1.908522412842124e-10;36;0x00;37;ORANGE;False
1787576595.3493626;42.36034798799983;Simulation RF;Détection RF large bande;868 MHz;868 MHz;;2434;1.9618151165542188;-34.47260466216875;-67.47260466216875;1.7895322679739498e-10;0.1;1.78953226797395e-11;4.878922415086849e-09;;;;ORANGE;True
1787576595.3495011;42.36034798799983;Simulation RF;Détection RF large bande;2,45 GHz;2,45 GHz;;3012;2.4275273016605174;-53.10109206642069;-69.8010920664207;1.0468652727365609e-10;0.1;1.046865272736561e-11;1.625960732116017e-08;;;;ORANGE;True
1787576595.3618982;42.37304315199981;Wi-Fi;Wi-Fi;2,4/5 GHz;wlan0;-43.0;;;;-43.0;5.011872336272725e-08;0.1;5.0118723362727255e-09;2.2846102634178996e-05;;;;ROUGE;False
1787576595.429649;42.44079635600019;BLE Sniffer;iBeacon;2,4 GHz BLE;54:0d:73:47:4a:1a;-64.0;;;;-64.0;3.9810717055349694e-10;0.000368;1.4650343876368688e-13;1.9099874472297608e-10;36;0x00;38;ORANGE;False
1787576595.4363124;42.447458390000065;BLE Sniffer;iBeacon;2,4 GHz BLE;54:0d:73:47:4a:1a;-70.0;;;;-70.0;1e-10;0.000368;3.68e-14;1.9103554472297608e-10;36;0x00;39;ORANGE;False
1787576595.4494321;42.460429718999876;Simulation RF;Détection RF large bande;868 MHz;868 MHz;;2372;1.9117649497505735;-32.47059799002294;-65.47059799002294;2.8375282957691776e-10;0.1;2.8375282957691777e-11;4.907297698044541e-09;;;;ORANGE;True
1787576595.449582;42.460429718999876;Simulation RF;Détection RF large bande;2,45 GHz;2,45 GHz;;3006;2.422305498468436;-52.892219938737426;-69.59221993873743;1.0984442153966017e-10;0.1;1.0984442153966018e-11;1.6270591763314136e-08;;;;ORANGE;True
1787576595.4581451;42.46928942500017;Wi-Fi;Wi-Fi;2,4/5 GHz;wlan0;-43.0;;;;-43.0;5.011872336272725e-08;0.1;5.0118723362727255e-09;2.2851114506515267e-05;;;;ROUGE;False
1787576595.5471938;42.55833931500001;BLE Sniffer;Appareil BLE;2,4 GHz BLE;58:c1:c4:db:10:60;-66.0;;;;-66.0;2.511886431509582e-10;0.000352;8.841840238913729e-14;1.9103018295612282e-10;34;0x00;37;ORANGE;False
1787576595.547294;42.55843731499999;BLE Sniffer;Appareil BLE;2,4 GHz BLE;58:c1:c4:db:10:60;-64.0;;;;-64.0;3.9810717055349694e-10;0.000352;1.4013372403483091e-13;1.9117031668015766e-10;34;0x00;38;ORANGE;False
1787576595.5473351;42.5584785179999;BLE Sniffer;Appareil BLE;2,4 GHz BLE;58:c1:c4:db:10:60;-70.0;;;;-70.0;1e-10;0.000352;3.52e-14;1.9120551668015766e-10;34;0x00;39;ORANGE;False
1787576595.5545259;42.56090676299982;Simulation RF;Détection RF large bande;868 MHz;868 MHz;;2408;1.940314130597399;-33.612565223895956;-66.61256522389596;2.181441031172155e-10;0.1;2.1814410311721553e-11;4.929112108356263e-09;;;;ORANGE;True
1787576595.5546708;42.56090676299982;Simulation RF;Détection RF large bande;2,45 GHz;2,45 GHz;;2994;2.4131109829253443;-52.52443931701377;-69.22443931701378;1.1955178594919868e-10;0.1;1.1955178594919869e-11;1.6282546941909057e-08;;;;ORANGE;True
1787576595.563307;42.574451237000176;Wi-Fi;Wi-Fi;2,4/5 GHz;wlan0;-43.0;;;;-43.0;5.011872336272725e-08;0.1;5.0118723362727255e-09;2.285612637885154e-05;;;;ROUGE;False
1787576595.6500194;42.6609915869999;Simulation RF;Détection RF large bande;868 MHz;868 MHz;;2374;1.9132154398522099;-32.52861759408839;-65.52861759408839;2.799872407219798e-10;0.1;2.7998724072197985e-11;4.957110832428461e-09;;;;ORANGE;True
1787576595.6501596;42.6609915869999;Simulation RF;Détection RF large bande;2,45 GHz;2,45 GHz;;2998;2.416055520754751;-52.64222083019003;-69.34222083019003;1.1635308882266305e-10;0.1;1.1635308882266305e-11;1.6294182250791324e-08;;;;ORANGE;True
1787576595.661238;42.672384277999754;BLE Sniffer;iBeacon;2,4 GHz BLE;54:0d:73:47:4a:1a;-66.0;;;;-66.0;2.511886431509582e-10;0.000368;9.243742067955262e-14;1.9112798214365563e-10;36;0x00;37;ORANGE;False
1787576595.6613333;42.6724767579999;BLE Sniffer;iBeacon;2,4 GHz BLE;54:0d:73:47:4a:1a;-64.0;;;;-64.0;3.9810717055349694e-10;0.000368;1.4650343876368688e-13;1.9127448558241932e-10;36;0x00;38;ORANGE;False
1787576595.6720471;42.683192786999825;BLE Sniffer;iBeacon;2,4 GHz BLE;54:0d:73:47:4a:1a;-70.0;;;;-70.0;1e-10;0.000368;3.68e-14;1.913112855824193e-10;36;0x00;39;ORANGE;False
1787576595.6750157;42.68616125000017;Wi-Fi;Wi-Fi;2,4/5 GHz;wlan0;-43.0;;;;-43.0;5.011872336272725e-08;0.1;5.0118723362727255e-09;2.286113825118781e-05;;;;ROUGE;False
1787576595.7500713;42.76107124400005;Simulation RF;Détection RF large bande;868 MHz;868 MHz;;2455;1.978247495567075;-35.129899822683;-68.129899822683;1.538190120832624e-10;0.1;1.538190120832624e-11;4.972492733636787e-09;;;;ORANGE;True
1787576595.7502213;42.76107124400005;Simulation RF;Détection RF large bande;2,45 GHz;2,45 GHz;;3026;2.438491390311559;-53.539655612462354;-70.23965561246236;9.463121992077381e-11;0.1;9.463121992077382e-12;1.63036453727834e-08;;;;VERT;True
1787576595.7588305;42.769975265000085;Wi-Fi;Wi-Fi;2,4/5 GHz;wlan0;-43.0;;;;-43.0;5.011872336272725e-08;0.1;5.0118723362727255e-09;2.2866150123524083e-05;;;;ROUGE;False
1787576595.7842517;42.795398074999866;BLE Sniffer;Appareil BLE;2,4 GHz BLE;58:c1:c4:db:10:60;-66.0;;;;-66.0;2.511886431509582e-10;0.000352;8.841840238913729e-14;1.912939350825468e-10;34;0x00;37;ORANGE;False
1787576595.8503299;42.86116521599979;Simulation RF;Détection RF large bande;868 MHz;868 MHz;;2380;1.9177544559432729;-32.710178237730915;-65.71017823773091;2.6852342393586014e-10;0.1;2.6852342393586014e-11;4.999345076030374e-09;;;;ORANGE;True
1787576595.850544;42.86116521599979;Simulation RF;Détection RF large bande;2,45 GHz;2,45 GHz;;3051;2.458674318364879;-54.346972734595155;-71.04697273459516;7.857831767621857e-11;0.1;7.857831767621856e-12;1.6311503204551023e-08;;;;VERT;True
1787576595.861078;42.87222226099993;Wi-Fi;Wi-Fi;2,4/5 GHz;wlan0;-44.0;;;;-44.0;3.981071705534969e-08;0.1;3.981071705534969e-09;2.2870131195229617e-05;;;;ROUGE;False
1787576595.8871696;42.89831554800003;BLE Sniffer;Appareil BLE;2,4 GHz BLE;58:c1:c4:db:10:60;-64.0;;;;-64.0;3.9810717055349694e-10;0.000352;1.4013372403483091e-13;1.9143406880658164e-10;34;0x00;38;ORANGE;False
1787576595.8872526;42.89839595500007;BLE Sniffer;Appareil BLE;2,4 GHz BLE;58:c1:c4:db:10:60;-70.0;;;;-70.0;1e-10;0.000352;3.52e-14;1.9146926880658165e-10;34;0x00;39;ORANGE;False
1787576595.899991;42.911136841999905;Simulation LoRa;LoRa;868 MHz;LoRa 868.100 MHz;-88.61965936342091;;;;-88.61965936342091;1.3741497514944779e-12;0.046335999999999995;6.367260288524811e-14;2.998383619473023e-12;13;"SNR=7.55;SF=7;BW=125.0;CR=4/5;F=868.100;CRC=OK;PAYLOAD=54454d504f5f4c4f52415f3432";7;VERT;True
1787576595.9502897;42.96125339199989;Simulation RF;Détection RF large bande;868 MHz;868 MHz;;2373;1.9122597108365793;-32.49038843346317;-65.49038843346317;2.8246273286379987e-10;0.1;2.824627328637999e-11;5.027591349316754e-09;;;;ORANGE;True
1787576595.950435;42.96125339199989;Simulation RF;Détection RF large bande;2,45 GHz;2,45 GHz;;3045;2.4540608246109077;-54.16243298443631;-70.86243298443631;8.198920994923769e-11;0.1;8.19892099492377e-12;1.6319702125545947e-08;;;;VERT;True
1787576595.9589388;42.97008343100015;Wi-Fi;Wi-Fi;2,4/5 GHz;wlan0;-44.0;;;;-44.0;3.981071705534969e-08;0.1;3.981071705534969e-09;2.287411226693515e-05;;;;ROUGE;False
1787576596.0504107;43.06134404900013;Simulation RF;Détection RF large bande;868 MHz;868 MHz;;2433;1.9605326692491023;-34.42130676996409;-67.42130676996409;1.8107951516055516e-10;0.1;1.8107951516055517e-11;5.045699300832809e-09;;;;ORANGE;True
1787576596.0506186;43.06134404900013;Simulation RF;Détection RF large bande;2,45 GHz;2,45 GHz;;2986;2.4064646169762276;-52.25858467904909;-68.9585846790491;1.2709882396901903e-10;0.1;1.2709882396901904e-11;1.633241200794285e-08;;;;ORANGE;True
1787576596.0617537;43.072898256999906;Wi-Fi;Wi-Fi;2,4/5 GHz;wlan0;-46.0;;;;-46.0;2.511886431509582e-08;0.1;2.5118864315095824e-09;2.2876624153366658e-05;;;;ROUGE;False
1787576596.1144488;43.12559486500004;BLE Sniffer;Appareil BLE;2,4 GHz BLE;66:3b:e5:ec:35:c3;-48.0;;;;-48.0;1.5848931924611143e-08;0.000176;2.789412018731561e-12;4.549412018731561e-12;12;0x03;37;ROUGE;False
1787576596.1170902;43.12823596099997;BLE Sniffer;Appareil BLE;2,4 GHz BLE;58:c1:c4:db:10:60;-64.0;;;;-64.0;3.9810717055349694e-10;0.000352;1.4013372403483091e-13;1.9160940253061649e-10;34;0x00;38;ORANGE;False
1787576596.150637;43.16146224199974;Simulation RF;Détection RF large bande;868 MHz;868 MHz;;2450;1.974175362470369;-34.96701449881476;-67.96701449881476;1.5969765908622205e-10;0.1;1.5969765908622206e-11;5.061669066741431e-09;;;;ORANGE;True
1787576596.151278;43.16146224199974;Simulation RF;Détection RF large bande;2,45 GHz;2,45 GHz;;3061;2.4667541873066927;-54.670167492267694;-71.3701674922677;7.294293781594793e-11;0.1;7.294293781594794e-12;1.6339706301724443e-08;;;;VERT;True
1787576596.1612298;43.1723742690001;Wi-Fi;Wi-Fi;2,4/5 GHz;wlan0;-46.0;;;;-46.0;2.511886431509582e-08;0.1;2.5118864315095824e-09;2.2879136039798166e-05;;;;ROUGE;False
1787576596.2224448;43.23359112199978;BLE Sniffer;Appareil BLE;2,4 GHz BLE;58:c1:c4:db:10:60;-70.0;;;;-70.0;1e-10;0.000352;3.52e-14;1.916446025306165e-10;34;0x00;39;ORANGE;False
1787576596.2326024;43.24375630199984;BLE Sniffer;Appareil BLE;2,4 GHz BLE;74:57:82:1a:d8:03;-48.0;;;;-48.0;1.5848931924611143e-08;0.000176;2.789412018731561e-12;1.2082814617499054e-11;12;0x03;37;ROUGE;False
1787576596.2367911;43.24794333199998;BLE Sniffer;iBeacon;2,4 GHz BLE;54:0d:73:47:4a:1a;-65.0;;;;-65.0;3.1622776601683795e-10;0.000368;1.1637181789419636e-13;1.914276574003135e-10;36;0x00;38;ORANGE;False
1787576596.2448776;43.25602515399987;BLE Sniffer;iBeacon;2,4 GHz BLE;54:0d:73:47:4a:1a;-71.0;;;;-71.0;7.943282347242822e-11;0.000368;2.923127903785358e-14;1.9145688867935136e-10;36;0x00;39;VERT;False
1787576596.252491;43.261625360999915;Simulation RF;Détection RF large bande;868 MHz;868 MHz;;2400;1.9343081190664393;-33.37232476265757;-66.37232476265757;2.3055127257223975e-10;0.1;2.3055127257223977e-11;5.084724193998655e-09;;;;ORANGE;True
1787576596.262347;43.261625360999915;Simulation RF;Détection RF large bande;2,45 GHz;2,45 GHz;;2989;2.4088108215362065;-52.35243286144825;-69.05243286144825;1.243817646035644e-10;0.1;1.243817646035644e-11;1.63521444781848e-08;;;;ORANGE;True
1787576596.301177;43.312321295999936;Wi-Fi;Wi-Fi;2,4/5 GHz;wlan0;-47.0;;;;-47.0;1.9952623149688786e-08;0.1;1.9952623149688786e-09;2.2881131302113134e-05;;;;ROUGE;False
1787576596.3508496;43.36171294299993;Simulation RF;Détection RF large bande;868 MHz;868 MHz;;2372;1.9115565202090772;-32.462260808363084;-65.46226080836308;2.842980750643629e-10;0.1;2.8429807506436293e-11;5.113154001505092e-09;;;;ORANGE;True
1787576596.3510113;43.36171294299993;Simulation RF;Détection RF large bande;2,45 GHz;2,45 GHz;;3098;2.4967255474762426;-55.8690218990497;-72.5690218990497;5.534747465855178e-11;0.1;5.534747465855178e-12;1.6357679225650656e-08;;;;VERT;True
1787576596.3642957;43.37544174899995;BLE Sniffer;Appareil BLE;2,4 GHz BLE;58:c1:c4:db:10:60;-66.0;;;;-66.0;2.511886431509582e-10;0.000352;8.841840238913729e-14;1.9173302093300563e-10;34;0x00;37;ORANGE;False
1787576596.3716722;43.38281740799994;Wi-Fi;Wi-Fi;2,4/5 GHz;wlan0;-47.0;;;;-47.0;1.9952623149688786e-08;0.1;1.9952623149688786e-09;2.28831265644281e-05;;;;ROUGE;False
1787576596.4508944;43.461803562000114;Simulation RF;Détection RF large bande;868 MHz;868 MHz;;2364;1.905104815143436;-32.20419260573743;-65.20419260573743;3.0170377166971897e-10;0.1;3.0170377166971895e-11;5.143324378672064e-09;;;;ORANGE;True
1787576596.4510598;43.461803562000114;Simulation RF;Détection RF large bande;2,45 GHz;2,45 GHz;;3007;2.423241154748175;-52.929646189927;-69.629646189927;1.089018809664407e-10;0.1;1.0890188096644071e-11;1.63685694137473e-08;;;;ORANGE;True
1787576596.459601;43.4707454710001;Wi-Fi;Wi-Fi;2,4/5 GHz;wlan0;-48.0;;;;-48.0;1.5848931924611143e-08;0.1;1.5848931924611144e-09;2.2884711457620563e-05;;;;ROUGE;False
1787576596.4736068;43.48475201700012;BLE Sniffer;Appareil BLE;2,4 GHz BLE;58:c1:c4:db:10:60;-64.0;;;;-64.0;3.9810717055349694e-10;0.000352;1.4013372403483091e-13;1.9187315465704047e-10;34;0x00;38;ORANGE;False
1787576596.4736986;43.48484188600014;BLE Sniffer;Appareil BLE;2,4 GHz BLE;58:c1:c4:db:10:60;-71.0;;;;-71.0;7.943282347242822e-11;0.000352;2.796035386229473e-14;1.9190111501090277e-10;34;0x00;39;VERT;False
1787576596.4803731;43.49151936499993;BLE Sniffer;iBeacon;2,4 GHz BLE;54:0d:73:47:4a:1a;-66.0;;;;-66.0;2.511886431509582e-10;0.000368;9.243742067955262e-14;1.915493261000309e-10;36;0x00;37;ORANGE;False
1787576596.4877803;43.498925709000105;BLE Sniffer;iBeacon;2,4 GHz BLE;54:0d:73:47:4a:1a;-64.0;;;;-64.0;3.9810717055349694e-10;0.000368;1.4650343876368688e-13;1.916958295387946e-10;36;0x00;38;ORANGE;False
1787576596.5510263;43.56191040400017;Simulation RF;Détection RF large bande;868 MHz;868 MHz;;2421;1.951113909548489;-34.04455638193956;-67.04455638193956;1.9748965985402983e-10;0.1;1.9748965985402983e-11;5.163073344657467e-09;;;;ORANGE;True
1787576596.5512407;43.56191040400017;Simulation RF;Détection RF large bande;2,45 GHz;2,45 GHz;;3073;2.4763800041629267;-55.05520016651707;-71.75520016651707;6.675441331169116e-11;0.1;6.675441331169117e-12;1.6375244855078468e-08;;;;VERT;True
1787576596.561175;43.57232037799986;Wi-Fi;Wi-Fi;2,4/5 GHz;wlan0;-48.0;;;;-48.0;1.5848931924611143e-08;0.1;1.5848931924611144e-09;2.2886296350813024e-05;;;;ROUGE;False
1787576596.5915594;43.60270726899989;BLE Sniffer;iBeacon;2,4 GHz BLE;54:0d:73:47:4a:1a;-71.0;;;;-71.0;7.943282347242822e-11;0.000368;2.923127903785358e-14;1.9172506081783245e-10;36;0x00;39;VERT;False
1787576596.651027;43.661993966999944;Simulation RF;Détection RF large bande;868 MHz;868 MHz;;2369;1.9090407377287422;-32.36162950914968;-65.36162950914968;2.909625197567786e-10;0.1;2.9096251975677862e-11;5.192169596633145e-09;;;;ORANGE;True
1787576596.6511846;43.661993966999944;Simulation RF;Détection RF large bande;2,45 GHz;2,45 GHz;;3022;2.435102618436657;-53.404104737466284;-70.10410473746629;9.763140208333515e-11;0.1;9.763140208333516e-12;1.63850079952868e-08;;;;VERT;True
1787576596.6657126;43.67685798899993;Wi-Fi;Wi-Fi;2,4/5 GHz;wlan0;-48.0;;;;-48.0;1.5848931924611143e-08;0.1;1.5848931924611144e-09;2.2887881244005485e-05;;;;ROUGE;False
1787576596.703839;43.714984851999816;BLE Sniffer;Appareil BLE;2,4 GHz BLE;58:c1:c4:db:10:60;-66.0;;;;-66.0;2.511886431509582e-10;0.000352;8.841840238913729e-14;1.919895334132919e-10;34;0x00;37;ORANGE;False
1787576596.7073948;43.718543126999975;BLE Sniffer;Appareil BLE;2,4 GHz BLE;58:c1:c4:db:10:60;-64.0;;;;-64.0;3.9810717055349694e-10;0.000352;1.4013372403483091e-13;1.9212966713732675e-10;34;0x00;38;ORANGE;False
1787576596.712254;43.72340328300015;BLE Sniffer;Appareil BLE;2,4 GHz BLE;58:c1:c4:db:10:60;-70.0;;;;-70.0;1e-10;0.000352;3.52e-14;1.9216486713732675e-10;34;0x00;39;ORANGE;False
1787576596.7511175;43.76208084600012;Simulation RF;Détection RF large bande;868 MHz;868 MHz;;2355;1.8974419729440049;-31.89767891776019;-64.89767891776019;3.2376664743861163e-10;0.1;3.237666474386117e-11;5.2245462613770055e-09;;;;ORANGE;True
1787576596.7512646;43.76208084600012;Simulation RF;Détection RF large bande;2,45 GHz;2,45 GHz;;3026;2.4384087209729968;-53.536348838919864;-70.23634883891987;9.470330077599545e-11;0.1;9.470330077599546e-12;1.63944783253644e-08;;;;VERT;True
1787576596.7599657;43.771110290999786;Wi-Fi;Wi-Fi;2,4/5 GHz;wlan0;-48.0;;;;-48.0;1.5848931924611143e-08;0.1;1.5848931924611144e-09;2.2889466137197947e-05;;;;ROUGE;False
1787576596.8287258;43.839871266000046;BLE Sniffer;iBeacon;2,4 GHz BLE;54:0d:73:47:4a:1a;-66.0;;;;-66.0;2.511886431509582e-10;0.000368;9.243742067955262e-14;1.91817498238512e-10;36;0x00;37;ORANGE;False
1787576596.8310583;43.842204289000165;BLE Sniffer;iBeacon;2,4 GHz BLE;54:0d:73:47:4a:1a;-65.0;;;;-65.0;3.1622776601683795e-10;0.000368;1.1637181789419636e-13;1.919338700564062e-10;36;0x00;38;ORANGE;False
1787576596.831147;43.842290454999784;BLE Sniffer;iBeacon;2,4 GHz BLE;54:0d:73:47:4a:1a;-71.0;;;;-71.0;7.943282347242822e-11;0.000368;2.923127903785358e-14;1.9196310133544405e-10;36;0x00;39;VERT;False
1787576596.8511753;43.86216509499991;Simulation RF;Détection RF large bande;868 MHz;868 MHz;;2430;1.9582349294897576;-34.3293971795903;-67.3293971795903;1.8495253236530383e-10;0.1;1.8495253236530384e-11;5.243041514613536e-09;;;;ORANGE;True
1787576596.8513339;43.86216509499991;Simulation RF;Détection RF large bande;2,45 GHz;2,45 GHz;;3015;2.4297724842292254;-53.19089936916902;-69.89089936916902;1.025439548647544e-10;0.1;1.025439548647544e-11;1.6404732720850877e-08;;;;ORANGE;True
1787576596.861981;43.87312512100016;Wi-Fi;Wi-Fi;2,4/5 GHz;wlan0;-48.0;;;;-48.0;1.5848931924611143e-08;0.1;1.5848931924611144e-09;2.2891051030390408e-05;;;;ROUGE;False
1787576596.9473755;43.95852084799981;Simulation LoRa;LoRa;868 MHz;LoRa 868.100 MHz;-89.2090562372396;;;;-89.2090562372396;1.1997599939551128e-12;0.046335999999999995;5.5592079079904104e-14;3.0539756985529273e-12;13;"SNR=6.98;SF=7;BW=125.0;CR=4/5;F=868.100;CRC=OK;PAYLOAD=54454d504f5f4c4f52415f3433";7;VERT;True
1787576596.9474704;43.95861392100005;BLE Sniffer;Appareil BLE;2,4 GHz BLE;58:c1:c4:db:10:60;-66.0;;;;-66.0;2.511886431509582e-10;0.000352;8.841840238913729e-14;1.922532855397159e-10;34;0x00;37;ORANGE;False
1787576596.947513;43.95865638399982;BLE Sniffer;Appareil BLE;2,4 GHz BLE;58:c1:c4:db:10:60;-64.0;;;;-64.0;3.9810717055349694e-10;0.000352;1.4013372403483091e-13;1.9239341926375074e-10;34;0x00;38;ORANGE;False
1787576596.9551;43.962293361999855;Simulation RF;Détection RF large bande;868 MHz;868 MHz;;2366;1.9065927139632102;-32.26370855852841;-65.2637085585284;2.975974079003881e-10;0.1;2.9759740790038815e-11;5.272801255403575e-09;;;;ORANGE;True
1787576596.9552972;43.962293361999855;Simulation RF;Détection RF large bande;2,45 GHz;2,45 GHz;;3008;2.423995372437079;-52.959814897483156;-69.65981489748316;1.0814800445412284e-10;0.1;1.0814800445412285e-11;1.641554752129629e-08;;;;ORANGE;True
1787576596.9643703;43.97551415299995;Wi-Fi;Wi-Fi;2,4/5 GHz;wlan0;-48.0;;;;-48.0;1.5848931924611143e-08;0.1;1.5848931924611144e-09;2.289263592358287e-05;;;;ROUGE;False
1787576597.051375;44.06237490700005;Simulation RF;Détection RF large bande;868 MHz;868 MHz;;2452;1.975859382566001;-35.03437530264003;-68.03437530264003;1.5723979528790449e-10;0.1;1.572397952879045e-11;5.288525234932366e-09;;;;ORANGE;True
1787576597.0515263;44.06237490700005;Simulation RF;Détection RF large bande;2,45 GHz;2,45 GHz;;3049;2.4570303443641546;-54.28121377456617;-70.98121377456617;7.977716933416836e-11;0.1;7.977716933416836e-12;1.6423525238229707e-08;;;;VERT;True
1787576597.0604606;44.071606017999784;BLE Sniffer;Appareil BLE;2,4 GHz BLE;58:c1:c4:db:10:60;-70.0;;;;-70.0;1e-10;0.000352;3.52e-14;1.9242861926375074e-10;34;0x00;39;ORANGE;False
1787576597.0702834;44.081429643999854;Wi-Fi;Wi-Fi;2,4/5 GHz;wlan0;-48.0;;;;-48.0;1.5848931924611143e-08;0.1;1.5848931924611144e-09;2.289422081677533e-05;;;;ROUGE;False
1787576597.1515095;44.16246022899986;Simulation RF;Détection RF large bande;868 MHz;868 MHz;;2398;1.9328087132256067;-33.31234852902426;-66.31234852902426;2.337572810383201e-10;0.1;2.3375728103832008e-11;5.311900963036198e-09;;;;ORANGE;True
1787576597.151672;44.16246022899986;Simulation RF;Détection RF large bande;2,45 GHz;2,45 GHz;;2957;2.3827653446636012;-51.31061378654405;-68.01061378654406;1.5810245779487737e-10;0.1;1.5810245779487738e-11;1.6439335484009194e-08;;;;ORANGE;True
1787576597.1602454;44.17139019299975;Wi-Fi;Wi-Fi;2,4/5 GHz;wlan0;-48.0;;;;-48.0;1.5848931924611143e-08;0.1;1.5848931924611144e-09;2.2895805709967792e-05;;;;ROUGE;False
1787576597.2515662;44.26253482899983;Simulation RF;Détection RF large bande;868 MHz;868 MHz;;2339;1.8850793900760605;-31.403175603042413;-64.40317560304241;3.628126656420394e-10;0.1;3.6281266564203944e-11;5.348182229600402e-09;;;;ORANGE;True
1787576597.2517061;44.26253482899983;Simulation RF;Détection RF large bande;2,45 GHz;2,45 GHz;;3013;2.4280243477194627;-53.12097390877851;-69.82097390877851;1.0420837150993595e-10;0.1;1.0420837150993596e-11;1.644975632116019e-08;;;;ORANGE;True
1787576597.2603333;44.27147762699997;Wi-Fi;Wi-Fi;2,4/5 GHz;wlan0;-48.0;;;;-48.0;1.5848931924611143e-08;0.1;1.5848931924611144e-09;2.2897390603160254e-05;;;;ROUGE;False
1787576597.2797787;44.29092419400013;BLE Sniffer;Appareil BLE;2,4 GHz BLE;58:c1:c4:db:10:60;-67.0;;;;-67.0;1.9952623149688828e-10;0.000352;7.023323348690468e-14;1.9249885249723764e-10;34;0x00;37;ORANGE;False
1787576597.279882;44.29102541600014;BLE Sniffer;Appareil BLE;2,4 GHz BLE;58:c1:c4:db:10:60;-64.0;;;;-64.0;3.9810717055349694e-10;0.000352;1.4013372403483091e-13;1.9263898622127248e-10;34;0x00;38;ORANGE;False
1787576597.2839148;44.29506118800009;BLE Sniffer;Appareil BLE;2,4 GHz BLE;58:c1:c4:db:10:60;-70.0;;;;-70.0;1e-10;0.000352;3.52e-14;1.9267418622127249e-10;34;0x00;39;ORANGE;False
1787576597.3516521;44.362617021000005;Simulation RF;Détection RF large bande;868 MHz;868 MHz;;2370;1.9102438668377415;-32.40975467350965;-65.40975467350965;2.877560959281342e-10;0.1;2.877560959281342e-11;5.376957839193216e-09;;;;ORANGE;True
1787576597.3518193;44.362617021000005;Simulation RF;Détection RF large bande;2,45 GHz;2,45 GHz;;3055;2.4616617018752343;-54.46646807500936;-71.16646807500936;7.64457230109419e-11;0.1;7.64457230109419e-12;1.6457400893461283e-08;;;;VERT;True
1787576597.3570879;44.36823241299999;Wi-Fi;Wi-Fi;2,4/5 GHz;wlan0;-48.0;;;;-48.0;1.5848931924611143e-08;0.1;1.5848931924611144e-09;2.2898975496352715e-05;;;;ROUGE;False
1787576597.3939793;44.40512498699991;BLE Sniffer;iBeacon;2,4 GHz BLE;54:0d:73:47:4a:1a;-66.0;;;;-66.0;2.511886431509582e-10;0.000368;9.243742067955262e-14;1.920555387561236e-10;36;0x00;37;ORANGE;False
1787576597.3940568;44.40520022700002;BLE Sniffer;iBeacon;2,4 GHz BLE;54:0d:73:47:4a:1a;-65.0;;;;-65.0;3.1622776601683795e-10;0.000368;1.1637181789419636e-13;1.921719105740178e-10;36;0x00;38;ORANGE;False
1787576597.4005358;44.41168248399981;BLE Sniffer;iBeacon;2,4 GHz BLE;54:0d:73:47:4a:1a;-70.0;;;;-70.0;1e-10;0.000368;3.68e-14;1.922087105740178e-10;36;0x00;39;ORANGE;False
1787576597.4517164;44.462699379999776;Simulation RF;Détection RF large bande;868 MHz;868 MHz;;2380;1.9182481561669218;-32.72992624667687;-65.72992624667687;2.673051802926322e-10;0.1;2.6730518029263223e-11;5.403688357222479e-09;;;;ORANGE;True
1787576597.4518821;44.462699379999776;Simulation RF;Détection RF large bande;2,45 GHz;2,45 GHz;;2981;2.402571825177718;-52.10287300710871;-68.80287300710872;1.317384954851964e-10;0.1;1.3173849548519641e-11;1.6470574743009803e-08;;;;ORANGE;True
1787576597.4603732;44.47151869699974;Wi-Fi;Wi-Fi;2,4/5 GHz;wlan0;-48.0;;;;-48.0;1.5848931924611143e-08;0.1;1.5848931924611144e-09;2.2900560389545177e-05;;;;ROUGE;False
1787576597.5143445;44.52549079800019;BLE Sniffer;Appareil BLE;2,4 GHz BLE;58:c1:c4:db:10:60;-66.0;;;;-66.0;2.511886431509582e-10;0.000352;8.841840238913729e-14;1.9276260462366163e-10;34;0x00;37;ORANGE;False
1787576597.5518363;44.56278268400001;Simulation RF;Détection RF large bande;868 MHz;868 MHz;;2335;1.8819362052830646;-31.27744821132258;-64.27744821132258;3.734695332284445e-10;0.1;3.7346953322844455e-11;5.441035310545324e-09;;;;ORANGE;True
1787576597.551979;44.56278268400001;Simulation RF;Détection RF large bande;2,45 GHz;2,45 GHz;;3025;2.437477259524822;-53.49909038099287;-70.19909038099287;9.551926277953552e-11;0.1;9.551926277953553e-12;1.6480126669287755e-08;;;;VERT;True
1787576597.5605237;44.57166783399998;Wi-Fi;Wi-Fi;2,4/5 GHz;wlan0;-48.0;;;;-48.0;1.5848931924611143e-08;0.1;1.5848931924611144e-09;2.2902145282737638e-05;;;;ROUGE;False
1787576597.6174886;44.62863435999998;BLE Sniffer;Appareil BLE;2,4 GHz BLE;58:c1:c4:db:10:60;-64.0;;;;-64.0;3.9810717055349694e-10;0.000352;1.4013372403483091e-13;1.9290273834769647e-10;34;0x00;38;ORANGE;False
1787576597.617572;44.62871545200005;BLE Sniffer;Appareil BLE;2,4 GHz BLE;58:c1:c4:db:10:60;-70.0;;;;-70.0;1e-10;0.000352;3.52e-14;1.9293793834769647e-10;34;0x00;39;ORANGE;False
1787576597.651995;44.662877449999996;Simulation RF;Détection RF large bande;868 MHz;868 MHz;;2294;1.8483937550704868;-29.935750202819463;-62.93575020281946;5.086569463578682e-10;0.1;5.086569463578682e-11;5.491901005181111e-09;;;;ORANGE;True
1787576597.6521914;44.662877449999996;Simulation RF;Détection RF large bande;2,45 GHz;2,45 GHz;;3054;2.4609019732227853;-54.4360789289114;-71.1360789289114;7.698251709584715e-11;0.1;7.698251709584715e-12;1.648782492099734e-08;;;;VERT;True
1787576597.662456;44.67360066299989;Wi-Fi;Wi-Fi;2,4/5 GHz;wlan0;-48.0;;;;-48.0;1.5848931924611143e-08;0.1;1.5848931924611144e-09;2.29037301759301e-05;;;;ROUGE;False
1787576597.7356987;44.7468431100001;BLE Sniffer;iBeacon;2,4 GHz BLE;54:0d:73:47:4a:1a;-66.0;;;;-66.0;2.511886431509582e-10;0.000368;9.243742067955262e-14;1.9230114799469735e-10;36;0x00;37;ORANGE;False
1787576597.7399335;44.75107954799978;BLE Sniffer;iBeacon;2,4 GHz BLE;54:0d:73:47:4a:1a;-65.0;;;;-65.0;3.1622776601683795e-10;0.000368;1.1637181789419636e-13;1.9241751981259154e-10;36;0x00;38;ORANGE;False
1787576597.742334;44.75347988500016;BLE Sniffer;iBeacon;2,4 GHz BLE;54:0d:73:47:4a:1a;-70.0;;;;-70.0;1e-10;0.000368;3.68e-14;1.9245431981259153e-10;36;0x00;39;ORANGE;False
1787576597.7520654;44.76301360499974;Simulation RF;Détection RF large bande;868 MHz;868 MHz;;2410;1.9417393596492332;-33.66957438596933;-66.66957438596933;2.1529927203684329e-10;0.1;2.152992720368433e-11;5.513430932384795e-09;;;;ORANGE;True
1787576597.7523851;44.76301360499974;Simulation RF;Détection RF large bande;2,45 GHz;2,45 GHz;;2986;2.4064637011293715;-52.25854804517485;-68.95854804517485;1.2709989608532856e-10;0.1;1.2709989608532857e-11;1.650053491060587e-08;;;;ORANGE;True
1787576597.762154;44.77329846900011;Wi-Fi;Wi-Fi;2,4/5 GHz;wlan0;-48.0;;;;-48.0;1.5848931924611143e-08;0.1;1.5848931924611144e-09;2.290531506912256e-05;;;;ROUGE;False
1787576597.858279;44.86942438899996;BLE Sniffer;Appareil BLE;2,4 GHz BLE;58:c1:c4:db:10:60;-67.0;;;;-67.0;1.9952623149688828e-10;0.000352;7.023323348690468e-14;1.9300817158118338e-10;34;0x00;37;ORANGE;False
1787576597.8583736;44.86951723999982;BLE Sniffer;Appareil BLE;2,4 GHz BLE;58:c1:c4:db:10:60;-64.0;;;;-64.0;3.9810717055349694e-10;0.000352;1.4013372403483091e-13;1.9314830530521822e-10;34;0x00;38;ORANGE;False
1787576597.8584154;44.869558850999965;BLE Sniffer;Appareil BLE;2,4 GHz BLE;58:c1:c4:db:10:60;-70.0;;;;-70.0;1e-10;0.000352;3.52e-14;1.9318350530521822e-10;34;0x00;39;ORANGE;False
1787576597.866088;44.863236444999984;Simulation RF;Détection RF large bande;868 MHz;868 MHz;;2330;1.8774311968576225;-31.097247874304898;-64.0972478743049;3.8929176117483226e-10;0.1;3.8929176117483226e-11;5.552360108502278e-09;;;;ORANGE;True
1787576597.8662503;44.863236444999984;Simulation RF;Détection RF large bande;2,45 GHz;2,45 GHz;;3004;2.4207498664942615;-52.82999465977045;-69.52999465977045;1.1142959037662305e-10;0.1;1.1142959037662306e-11;1.6511677869643534e-08;;;;ORANGE;True
1787576597.876147;44.887290799999846;Wi-Fi;Wi-Fi;2,4/5 GHz;wlan0;-48.0;;;;-48.0;1.5848931924611143e-08;0.1;1.5848931924611144e-09;2.2906899962315022e-05;;;;ROUGE;False
1787576597.9777277;44.98887524200018;Simulation LoRa;LoRa;868 MHz;LoRa 868.100 MHz;-86.52443777892246;;;;-86.52443777892246;2.2261592162240695e-12;0.046335999999999995;1.0315131344295848e-13;3.1571270119958857e-12;13;"SNR=4.93;SF=7;BW=125.0;CR=4/5;F=868.100;CRC=OK;PAYLOAD=54454d504f5f4c4f52415f3434";7;VERT;True
1787576597.9778788;44.98902266699997;BLE Sniffer;iBeacon;2,4 GHz BLE;54:0d:73:47:4a:1a;-67.0;;;;-67.0;1.9952623149688828e-10;0.000368;7.342565319085489e-14;1.925277454657824e-10;36;0x00;37;ORANGE;False
1787576597.9779243;44.989067666999745;BLE Sniffer;iBeacon;2,4 GHz BLE;54:0d:73:47:4a:1a;-64.0;;;;-64.0;3.9810717055349694e-10;0.000368;1.4650343876368688e-13;1.9267424890454608e-10;36;0x00;38;ORANGE;False
1787576597.9779646;44.989107889000024;BLE Sniffer;iBeacon;2,4 GHz BLE;54:0d:73:47:4a:1a;-70.0;;;;-70.0;1e-10;0.000368;3.68e-14;1.9271104890454608e-10;36;0x00;39;ORANGE;False
1787576597.9660492;44.963353822000045;Simulation RF;Détection RF large bande;868 MHz;868 MHz;;2332;1.8790715779102212;-31.162863116408843;-64.16286311640884;3.8345436720191153e-10;0.1;3.834543672019116e-11;5.590705545222469e-09;;;;ORANGE;True
1787576597.9908738;44.963353822000045;Simulation RF;Détection RF large bande;2,45 GHz;2,45 GHz;;2986;2.406479969882292;-52.25919879529167;-68.95919879529167;1.2708085276811047e-10;0.1;1.2708085276811048e-11;1.6524385954920344e-08;;;;ORANGE;True
1787576598.0004568;45.01160106799989;Wi-Fi;Wi-Fi;2,4/5 GHz;wlan0;-48.0;;;;-48.0;1.5848931924611143e-08;0.1;1.5848931924611144e-09;2.2908484855507484e-05;;;;ROUGE;False
1787576598.0524285;45.06343234799988;Simulation RF;Détection RF large bande;868 MHz;868 MHz;;2383;1.9206331166850348;-32.82532466740139;-65.82532466740139;2.6149749520189e-10;0.1;2.6149749520189003e-11;5.6168552947426585e-09;;;;ORANGE;True
1787576598.05258;45.06343234799988;Simulation RF;Détection RF large bande;2,45 GHz;2,45 GHz;;3050;2.457717951756112;-54.30871807024447;-71.00871807024447;7.927352917746568e-11;0.1;7.92735291774657e-12;1.653231330783809e-08;;;;VERT;True
1787576598.061145;45.07228940499999;Wi-Fi;Wi-Fi;2,4/5 GHz;wlan0;-47.0;;;;-47.0;1.9952623149688786e-08;0.1;1.9952623149688786e-09;2.291048011782245e-05;;;;ROUGE;False
