timestamp_epoch;elapsed_s;source;technology;band;device;rssi_dbm;adc_code;voltage_v;power_detector_dbm;power_antenna_dbm;power_w;duration_s;energy_j;cumulative_energy_j;packet_length_bytes;pdu_type;channel;alert_level;simulated
1786213499.1019943;5.614394366999932;Simulation RF;Détection RF large bande;868 MHz;868 MHz;;2339;1.8848183906378253;-31.392735625513012;-64.39273562551301;3.6368587784398223e-10;0.1;3.636858778439823e-11;3.636858778439823e-11;;;;ORANGE;True
1786213499.1024122;5.614394366999932;Simulation RF;Détection RF large bande;2,45 GHz;2,45 GHz;;2823;2.2746158117572537;-46.98463247029014;-63.68463247029014;4.2809164609788783e-10;0.1;4.2809164609788785e-11;4.2809164609788785e-11;;;;ORANGE;True
1786213499.2022939;5.714565847999893;Simulation RF;Détection RF large bande;868 MHz;868 MHz;;2408;1.9408738804715349;-33.63495521886139;-66.63495521886139;2.1702235811453215e-10;0.1;2.1702235811453215e-11;5.807082359585144e-11;;;;ORANGE;True
1786213499.2026157;5.714565847999893;Simulation RF;Détection RF large bande;2,45 GHz;2,45 GHz;;2796;2.2529808476750612;-46.11923390700244;-62.81923390700244;5.224883475180463e-10;0.1;5.224883475180464e-11;9.505799936159342e-11;;;;ORANGE;True
1786213499.3022208;5.814694681999754;Simulation RF;Détection RF large bande;868 MHz;868 MHz;;2343;1.8877607751318832;-31.510431005275322;-64.51043100527532;3.539622111987358e-10;0.1;3.539622111987358e-11;9.346704471572502e-11;;;;ORANGE;True
1786213499.30239;5.814694681999754;Simulation RF;Détection RF large bande;2,45 GHz;2,45 GHz;;2831;2.2814559711150832;-47.258238844603326;-63.95823884460332;4.019537785080606e-10;0.1;4.019537785080606e-11;1.3525337721239949e-10;;;;ORANGE;True
1786213499.4023209;5.914816440999857;Simulation RF;Détection RF large bande;868 MHz;868 MHz;;2431;1.9592498197578938;-34.36999279031575;-67.36999279031575;1.8323174641826867e-10;0.1;1.8323174641826867e-11;1.1179021935755188e-10;;;;ORANGE;True
1786213499.4025161;5.914816440999857;Simulation RF;Détection RF large bande;2,45 GHz;2,45 GHz;;2766;2.2286579574449292;-45.146318297797166;-61.84631829779716;6.536844744305313e-10;0.1;6.536844744305313e-11;2.006218246554526e-10;;;;ORANGE;True
1786213499.5049665;6.015004162999958;Simulation RF;Détection RF large bande;868 MHz;868 MHz;;2417;1.9477496022852123;-33.90998409140849;-66.90998409140849;2.0370495395849255e-10;0.1;2.0370495395849258e-11;1.3216071475340114e-10;;;;ORANGE;True
1786213499.5053713;6.015004162999958;Simulation RF;Détection RF large bande;2,45 GHz;2,45 GHz;;2731;2.2011940644330292;-44.047762577321166;-60.74776257732116;8.418287279942185e-10;0.1;8.418287279942186e-11;2.848046974548745e-10;;;;ORANGE;True
1786213499.6027687;6.1151324039997235;Simulation RF;Détection RF large bande;868 MHz;868 MHz;;2356;1.8984184483378812;-31.936737933515246;-64.93673793351525;3.208678517604313e-10;0.1;3.208678517604313e-11;1.6424749992944427e-10;;;;ORANGE;True
1786213499.6032782;6.1151324039997235;Simulation RF;Détection RF large bande;2,45 GHz;2,45 GHz;;2834;2.284187430041791;-47.367497201671625;-64.06749720167163;3.9196769933731897e-10;0.1;3.91967699337319e-11;3.2400146738860637e-10;;;;ORANGE;True
1786213499.7030628;6.215295811000033;Simulation RF;Détection RF large bande;868 MHz;868 MHz;;2387;1.9232046185376377;-32.928184741505504;-65.9281847415055;2.553768500488795e-10;0.1;2.553768500488795e-11;1.8978518493433223e-10;;;;ORANGE;True
1786213499.7051153;6.215295811000033;Simulation RF;Détection RF large bande;2,45 GHz;2,45 GHz;;2798;2.2544579082251794;-46.178316329007174;-62.87831632900717;5.15428426925931e-10;0.1;5.15428426925931e-11;3.7554431008119946e-10;;;;ORANGE;True
1786213499.8031378;6.315488015000028;Simulation RF;Détection RF large bande;868 MHz;868 MHz;;2356;1.89822683855941;-31.9290735423764;-64.9290735423764;3.214346165103553e-10;0.1;3.214346165103553e-11;2.2192864658536776e-10;;;;ORANGE;True
1786213499.803465;6.315488015000028;Simulation RF;Détection RF large bande;2,45 GHz;2,45 GHz;;2731;2.201026930996434;-44.04107723985736;-60.74107723985736;8.431255998793018e-10;0.1;8.431255998793019e-11;4.5985687006912967e-10;;;;ORANGE;True
1786213499.9032853;6.415646773999924;Simulation RF;Détection RF large bande;868 MHz;868 MHz;;2372;1.9114842600344681;-32.45937040137872;-65.45937040137872;2.844873500117856e-10;0.1;2.8448735001178564e-11;2.503773815865463e-10;;;;ORANGE;True
1786213499.903578;6.415646773999924;Simulation RF;Détection RF large bande;2,45 GHz;2,45 GHz;;2806;2.26159223780893;-46.463689512357206;-63.1636895123572;4.826485977522269e-10;0.1;4.8264859775222694e-11;5.081217298443524e-10;;;;ORANGE;True
1786213500.0032194;6.515745384999718;Simulation RF;Détection RF large bande;868 MHz;868 MHz;;2390;1.9260415026258777;-33.041660105035106;-66.0416601050351;2.487906126142464e-10;0.1;2.487906126142464e-11;2.7525644284797096e-10;;;;ORANGE;True
1786213500.0033789;6.515745384999718;Simulation RF;Détection RF large bande;2,45 GHz;2,45 GHz;;2821;2.2732872873465264;-46.93149149386106;-63.631491493861056;4.333620236757005e-10;0.1;4.3336202367570055e-11;5.514579322119225e-10;;;;ORANGE;True
1786213500.1033695;6.615840513999956;Simulation RF;Détection RF large bande;868 MHz;868 MHz;;2451;1.9749618111229124;-34.99847244491649;-67.99847244491649;1.5854507490449783e-10;0.1;1.5854507490449783e-11;2.911109503384207e-10;;;;ORANGE;True
1786213500.10361;6.615840513999956;Simulation RF;Détection RF large bande;2,45 GHz;2,45 GHz;;2793;2.250712620949321;-46.02850483797283;-62.72850483797283;5.335185403180876e-10;0.1;5.3351854031808765e-11;6.048097862437313e-10;;;;ORANGE;True
1786213500.2035756;6.715940774000046;Simulation RF;Détection RF large bande;868 MHz;868 MHz;;2278;1.8356619272378927;-29.4264770895157;-62.4264770895157;5.719423968500342e-10;0.1;5.719423968500342e-11;3.4830519002342414e-10;;;;ORANGE;True
1786213500.2038672;6.715940774000046;Simulation RF;Détection RF large bande;2,45 GHz;2,45 GHz;;2774;2.235325763250381;-45.413030530015234;-62.11303053001524;6.147477487529799e-10;0.1;6.147477487529799e-11;6.662845611190293e-10;;;;ORANGE;True
1786213500.3037117;6.816083791999972;Simulation RF;Détection RF large bande;868 MHz;868 MHz;;2407;1.9393078439200018;-33.57231375680007;-66.57231375680007;2.2017531397018325e-10;0.1;2.2017531397018326e-11;3.7032272142044245e-10;;;;ORANGE;True
1786213500.3039181;6.816083791999972;Simulation RF;Détection RF large bande;2,45 GHz;2,45 GHz;;2758;2.222868114161842;-44.914724566473666;-61.61472456647366;6.894893198266126e-10;0.1;6.894893198266127e-11;7.352334931016906e-10;;;;ORANGE;True
1786213500.4038312;6.916226439999718;Simulation RF;Détection RF large bande;868 MHz;868 MHz;;2282;1.8386326858147877;-29.545307432591507;-62.54530743259151;5.565052384311248e-10;0.1;5.565052384311248e-11;4.2597324526355495e-10;;;;ORANGE;True
1786213500.4040844;6.916226439999718;Simulation RF;Détection RF large bande;2,45 GHz;2,45 GHz;;2824;2.27548569400516;-47.01942776020641;-63.71942776020641;4.246755168148462e-10;0.1;4.2467551681484624e-11;7.777010447831752e-10;;;;ORANGE;True
1786213500.50383;7.016335087999778;Simulation RF;Détection RF large bande;868 MHz;868 MHz;;2320;1.8698009178496848;-30.792036713987393;-63.79203671398739;4.1763446237625317e-10;0.1;4.176344623762532e-11;4.677366915011802e-10;;;;ORANGE;True
1786213500.5040185;7.016335087999778;Simulation RF;Détection RF large bande;2,45 GHz;2,45 GHz;;2758;2.2227333398363673;-44.90933359345469;-61.60933359345469;6.903457263502222e-10;0.1;6.903457263502222e-11;8.467356174181974e-10;;;;ORANGE;True
1786213500.603961;7.1164411069999005;Simulation RF;Détection RF large bande;868 MHz;868 MHz;;2395;1.9297879063268402;-33.1915162530736;-66.1915162530736;2.403523510927035e-10;0.1;2.403523510927035e-11;4.917719266104506e-10;;;;ORANGE;True
1786213500.604131;7.1164411069999005;Simulation RF;Détection RF large bande;2,45 GHz;2,45 GHz;;2766;2.2289250486775436;-45.15700194710173;-61.85700194710173;6.520783861628126e-10;0.1;6.520783861628127e-11;9.119434560344786e-10;;;;ORANGE;True
1786213500.7042842;7.216550328999801;Simulation RF;Détection RF large bande;868 MHz;868 MHz;;2357;1.89917699302175;-31.96707972086999;-64.96707972086999;3.1863393570439006e-10;0.1;3.186339357043901e-11;5.236353201808896e-10;;;;ORANGE;True
1786213500.7238376;7.216550328999801;Simulation RF;Détection RF large bande;2,45 GHz;2,45 GHz;;2780;2.240366079233613;-45.61464316934452;-62.31464316934452;5.868615861194403e-10;0.1;5.868615861194403e-11;9.706296146464227e-10;;;;ORANGE;True
1786213500.8079126;7.316812050999943;Simulation RF;Détection RF large bande;868 MHz;868 MHz;;2371;1.9108650873958197;-32.43460349583279;-65.43460349583279;2.8611435667002763e-10;0.1;2.8611435667002764e-11;5.522467558478923e-10;;;;ORANGE;True
1786213500.8083122;7.316812050999943;Simulation RF;Détection RF large bande;2,45 GHz;2,45 GHz;;2813;2.267110126658133;-46.68440506632531;-63.38440506632531;4.587324825876716e-10;0.1;4.587324825876716e-11;1.01650286290519e-09;;;;ORANGE;True
1786213500.905006;7.417010550999748;Simulation RF;Détection RF large bande;868 MHz;868 MHz;;2327;1.875254459962269;-31.01017839849075;-64.01017839849075;3.971752340612127e-10;0.1;3.971752340612127e-11;5.919642792540136e-10;;;;ORANGE;True
1786213500.9058254;7.417010550999748;Simulation RF;Détection RF large bande;2,45 GHz;2,45 GHz;;2772;2.234059424574051;-45.36237698296203;-62.06237698296203;6.219597806237264e-10;0.1;6.219597806237264e-11;1.0786988409675625e-09;;;;ORANGE;True
1786213501.0049074;7.51717414399991;Simulation RF;Détection RF large bande;868 MHz;868 MHz;;2338;1.8838868957829042;-31.35547583131617;-64.35547583131617;3.6681950195077786e-10;0.1;3.668195019507779e-11;6.286462294490914e-10;;;;ORANGE;True
1786213501.0062878;7.51717414399991;Simulation RF;Détection RF large bande;2,45 GHz;2,45 GHz;;2786;2.2450362952902214;-45.80145181160886;-62.50145181160885;5.621533704147307e-10;0.1;5.621533704147307e-11;1.1349141780090356e-09;;;;ORANGE;True
1786213501.1047888;7.617275477000021;Simulation RF;Détection RF large bande;868 MHz;868 MHz;;2348;1.89207023938265;-31.682809575305996;-64.682809575306;3.401880411179027e-10;0.1;3.401880411179027e-11;6.626650335608817e-10;;;;ORANGE;True
1786213501.1049883;7.617275477000021;Simulation RF;Détection RF large bande;2,45 GHz;2,45 GHz;;2778;2.2384313643686364;-45.53725457474546;-62.237254574745464;5.974128262535365e-10;0.1;5.974128262535364e-11;1.1946554606343891e-09;;;;ORANGE;True
1786213501.204857;7.717367921000005;Simulation RF;Détection RF large bande;868 MHz;868 MHz;;2309;1.860463860075904;-30.41855440303616;-63.41855440303616;4.5513953313994996e-10;0.1;4.5513953313995e-11;7.081789868748767e-10;;;;ORANGE;True
1786213501.2050219;7.717367921000005;Simulation RF;Détection RF large bande;2,45 GHz;2,45 GHz;;2791;2.2490346524271216;-45.961386097084855;-62.66138609708486;5.418279326480759e-10;0.1;5.4182793264807595e-11;1.2488382538991967e-09;;;;ORANGE;True
1786213501.3049364;7.817455902999882;Simulation RF;Détection RF large bande;868 MHz;868 MHz;;2402;1.9352837889680026;-33.4113515587201;-66.4113515587201;2.2848876176494986e-10;0.1;2.2848876176494986e-11;7.310278630513717e-10;;;;ORANGE;True
1786213501.3050978;7.817455902999882;Simulation RF;Détection RF large bande;2,45 GHz;2,45 GHz;;2801;2.257243395000105;-46.289735800004195;-62.98973580000419;5.023731501103285e-10;0.1;5.023731501103285e-11;1.2990755689102296e-09;;;;ORANGE;True
1786213501.4050426;7.9175479769996855;Simulation RF;Détection RF large bande;868 MHz;868 MHz;;2288;1.8434894296798214;-29.73957718719285;-62.73957718719285;5.321600658515549e-10;0.1;5.321600658515549e-11;7.842438696365272e-10;;;;ORANGE;True
1786213501.4052052;7.9175479769996855;Simulation RF;Détection RF large bande;2,45 GHz;2,45 GHz;;2761;2.2251516326485627;-45.00606530594251;-61.70606530594251;6.751394248446905e-10;0.1;6.751394248446904e-11;1.3665895113946987e-09;;;;ORANGE;True
1786213501.5301259;8.02136044000008;Simulation RF;Détection RF large bande;868 MHz;868 MHz;;2393;1.9286438024435104;-33.14575209774041;-66.14575209774041;2.428984761533184e-10;0.1;2.4289847615331838e-11;8.08533717251859e-10;;;;ORANGE;True
1786213501.5317872;8.02136044000008;Simulation RF;Détection RF large bande;2,45 GHz;2,45 GHz;;2852;2.2984769065391046;-47.93907626156418;-64.63907626156418;3.436310299784636e-10;0.1;3.4363102997846364e-11;1.400952614392545e-09;;;;ORANGE;True
1786213501.6091235;8.121626235999884;Simulation RF;Détection RF large bande;868 MHz;868 MHz;;2333;1.879715569375369;-31.188622775014764;-64.18862277501476;3.811866853014161e-10;0.1;3.811866853014161e-11;8.466523857820007e-10;;;;ORANGE;True
1786213501.6092987;8.121626235999884;Simulation RF;Détection RF large bande;2,45 GHz;2,45 GHz;;2712;2.185355060935105;-43.414202437404185;-60.11420243740418;9.740466482606382e-10;0.1;9.740466482606383e-11;1.4983572792186089e-09;;;;ORANGE;True
1786213501.7091837;8.22171508800011;Simulation RF;Détection RF large bande;868 MHz;868 MHz;;2436;1.9627441244240005;-34.509764976960014;-67.50976497696001;1.7742854956233528e-10;0.1;1.774285495623353e-11;8.643952407382342e-10;;;;ORANGE;True
1786213501.70934;8.22171508800011;Simulation RF;Détection RF large bande;2,45 GHz;2,45 GHz;;2786;2.2448846396958193;-45.79538558783277;-62.495385587832764;5.629391346921392e-10;0.1;5.629391346921392e-11;1.5546511926878228e-09;;;;ORANGE;True
1786213501.765407;8.278125735999765;BLE Sniffer;Appareil BLE;2,4 GHz BLE;c3:49:80:30:2e:b9;-71.0;;;;-71.0;7.943282347242822e-11;0.000192;1.525110210670622e-14;1.525110210670622e-14;14;0x02;39;VERT;False
1786213501.7655706;8.27828829100008;BLE Sniffer;Appareil BLE;2,4 GHz BLE;f4:26:33:35:5f:ba;-72.0;;;;-72.0;6.309573444801942e-11;0.00034399999999999996;2.1704932650118678e-14;2.1704932650118678e-14;33;0x00;37;VERT;False
1786213501.8095183;8.321825346999958;Simulation RF;Détection RF large bande;868 MHz;868 MHz;;2406;1.9386231454182132;-33.54492581672852;-66.54492581672852;2.2156819427829729e-10;0.1;2.215681942782973e-11;8.865520601660639e-10;;;;ORANGE;True
1786213501.8097827;8.321825346999958;Simulation RF;Détection RF large bande;2,45 GHz;2,45 GHz;;2816;2.2689832489558976;-46.75932995823591;-63.45932995823591;4.508862631786459e-10;0.1;4.508862631786459e-11;1.5997398190056875e-09;;;;ORANGE;True
1786213501.8673422;8.380064827999831;BLE Sniffer;Appareil BLE;2,4 GHz BLE;3f:d5:b8:4d:d0:33;-77.0;;;;-77.0;1.9952623149688828e-11;0.000376;7.502186304282999e-15;7.502186304282999e-15;37;0x02;38;VERT;False
1786213501.8675663;8.380283717000111;BLE Sniffer;iBeacon;2,4 GHz BLE;4e:58:d9:e9:46:b7;-72.0;;;;-72.0;6.309573444801942e-11;0.000368;2.3219230276871148e-14;2.3219230276871148e-14;36;0x00;39;VERT;False
1786213501.9093685;8.42187953199982;Simulation RF;Détection RF large bande;868 MHz;868 MHz;;2373;1.9120931235483818;-32.483724941935264;-65.48372494193526;2.8289645532386246e-10;0.1;2.8289645532386246e-11;9.148417056984502e-10;;;;ORANGE;True
1786213501.909575;8.42187953199982;Simulation RF;Détection RF large bande;2,45 GHz;2,45 GHz;;2730;2.199967831068706;-43.998713242748224;-60.69871324274823;8.513902565363479e-10;0.1;8.513902565363479e-11;1.6848788446593222e-09;;;;ORANGE;True
1786213501.9698775;8.48259729099982;BLE Sniffer;Appareil BLE;2,4 GHz BLE;3f:d5:b8:4d:d0:33;-71.0;;;;-71.0;7.943282347242822e-11;0.000376;2.986674162563301e-14;3.7368927929916007e-14;37;0x02;37;VERT;False
1786213502.0094924;8.521973605999847;Simulation RF;Détection RF large bande;868 MHz;868 MHz;;2425;1.9545985101196548;-34.183940404786185;-67.18394040478618;1.9125198858455194e-10;0.1;1.9125198858455197e-11;9.339669045569054e-10;;;;ORANGE;True
1786213502.009705;8.521973605999847;Simulation RF;Détection RF large bande;2,45 GHz;2,45 GHz;;2730;2.199609613933271;-43.98438455733084;-60.684384557330844;8.54203888853644e-10;0.1;8.54203888853644e-11;1.7702992335446865e-09;;;;ORANGE;True
1786213502.0726624;8.585380309999891;BLE Sniffer;Appareil BLE;2,4 GHz BLE;3f:db:88:4d:d0:33;-77.0;;;;-77.0;1.9952623149688828e-11;0.000376;7.502186304282999e-15;7.502186304282999e-15;37;0x02;38;VERT;False
1786213502.0727296;8.585447032000047;BLE Sniffer;Appareil BLE;2,4 GHz BLE;e8:d0:3c:30:07:40;-71.0;;;;-71.0;7.943282347242822e-11;0.00035999999999999997;2.859581645007415e-14;2.859581645007415e-14;35;0x00;39;VERT;False
1786213502.1095002;8.622048642999744;Simulation RF;Détection RF large bande;868 MHz;868 MHz;;2370;1.9098614894932837;-32.39445957973135;-65.39445957973135;2.887713093354365e-10;0.1;2.887713093354365e-11;9.62844035490449e-10;;;;ORANGE;True
1786213502.1096385;8.622048642999744;Simulation RF;Détection RF large bande;2,45 GHz;2,45 GHz;;2798;2.2548175123704715;-46.19270049481885;-62.89270049481885;5.137241124738209e-10;0.1;5.137241124738209e-11;1.8216716447920687e-09;;;;ORANGE;True
1786213502.1808171;8.693540235;BLE Sniffer;iBeacon;2,4 GHz BLE;4e:58:d9:e9:46:b7;-76.0;;;;-76.0;2.5118864315095823e-11;0.000368;9.243742067955263e-15;3.2462972344826415e-14;36;0x00;37;VERT;False
1786213502.2096136;8.722136271999716;Simulation RF;Détection RF large bande;868 MHz;868 MHz;;2371;1.9107418897504898;-32.429675590019585;-65.42967559001958;2.864391926717517e-10;0.1;2.8643919267175174e-11;9.914879547576242e-10;;;;ORANGE;True
1786213502.209774;8.722136271999716;Simulation RF;Détection RF large bande;2,45 GHz;2,45 GHz;;2757;2.221780263438138;-44.87121053752551;-61.571210537525516;6.964323658877503e-10;0.1;6.964323658877504e-11;1.8913148813808436e-09;;;;ORANGE;True
1786213502.3096235;8.822214586999962;Simulation RF;Détection RF large bande;868 MHz;868 MHz;;2359;1.9010447330037417;-32.04178932014966;-65.04178932014966;3.1319950571008237e-10;0.1;3.1319950571008236e-11;1.0228079053286324e-09;;;;ORANGE;True
1786213502.309764;8.822214586999962;Simulation RF;Détection RF large bande;2,45 GHz;2,45 GHz;;2717;2.1891423647389003;-43.56569458955602;-60.26569458955601;9.40655374141554e-10;0.1;9.40655374141554e-11;1.985380418794999e-09;;;;ORANGE;True
1786213502.3846457;8.89736442000003;BLE Sniffer;Appareil BLE;2,4 GHz BLE;e8:f0:3c:70:07:40;-75.0;;;;-75.0;3.1622776601683794e-11;0.00035999999999999997;1.1384199576606165e-14;1.1384199576606165e-14;35;0x00;38;VERT;False
1786213502.409768;8.922295308999765;Simulation RF;Détection RF large bande;868 MHz;868 MHz;;2361;1.902291344469807;-32.09165377879228;-65.09165377879228;3.096240036900375e-10;0.1;3.096240036900375e-11;1.0537703056976363e-09;;;;ORANGE;True
1786213502.409961;8.922295308999765;Simulation RF;Détection RF large bande;2,45 GHz;2,45 GHz;;2770;2.23223311096142;-45.2893244384568;-61.989324438456805;6.325102330906183e-10;0.1;6.325102330906184e-11;2.048631442104061e-09;;;;ORANGE;True
1786213502.4853184;8.99803706900002;BLE Sniffer;Appareil BLE;2,4 GHz BLE;e8:d0:3c:30:07:40;-70.0;;;;-70.0;1e-10;0.00035999999999999997;3.6e-14;6.459581645007414e-14;35;0x00;39;ORANGE;False
1786213502.4858818;8.998599680000098;BLE Sniffer;Appareil BLE;2,4 GHz BLE;3f:d5:b8:4d:d0:33;-71.0;;;;-71.0;7.943282347242822e-11;0.000376;2.986674162563301e-14;6.723566955554901e-14;37;0x02;37;VERT;False
1786213502.5097632;9.022373235000032;Simulation RF;Détection RF large bande;868 MHz;868 MHz;;2355;1.8977191537288771;-31.908766149155085;-64.90876614915508;3.2294114822323076e-10;0.1;3.2294114822323074e-11;1.0860644205199592e-09;;;;ORANGE;True
1786213502.5098882;9.022373235000032;Simulation RF;Détection RF large bande;2,45 GHz;2,45 GHz;;2709;2.1830883634809153;-43.323534539236604;-60.0235345392366;9.945956285236251e-10;0.1;9.945956285236251e-11;2.1480910049564233e-09;;;;ORANGE;True
1786213502.6099203;9.122458494000057;Simulation RF;Détection RF large bande;868 MHz;868 MHz;;2329;1.8771066355577635;-31.084265422310537;-64.08426542231054;3.904572199359287e-10;0.1;3.9045721993592875e-11;1.1251101425135521e-09;;;;ORANGE;True
1786213502.6100667;9.122458494000057;Simulation RF;Détection RF large bande;2,45 GHz;2,45 GHz;;2753;2.2187807407988642;-44.75122963195457;-61.45122963195457;7.159406749244835e-10;0.1;7.159406749244835e-11;2.2196850724488715e-09;;;;ORANGE;True
1786213502.7099638;9.222537902000113;Simulation RF;Détection RF large bande;868 MHz;868 MHz;;2281;1.838238906145461;-29.529556245818434;-62.52955624581843;5.585272611182897e-10;0.1;5.5852726111828973e-11;1.1809628686253811e-09;;;;ORANGE;True
1786213502.7101102;9.222537902000113;Simulation RF;Détection RF large bande;2,45 GHz;2,45 GHz;;2783;2.2429311113775827;-45.7172444551033;-62.4172444551033;5.731595783202656e-10;0.1;5.731595783202657e-11;2.277001030280898e-09;;;;ORANGE;True
1786213502.7900944;9.302813549999883;BLE Sniffer;Appareil BLE;2,4 GHz BLE;e8:d0:3c:30:07:40;-76.0;;;;-76.0;2.5118864315095823e-11;0.00035999999999999997;9.042791153434496e-15;7.363860760350864e-14;35;0x00;38;VERT;False
1786213502.790184;9.302901216999999;BLE Sniffer;Appareil BLE;2,4 GHz BLE;e8:d0:3c:30:07:40;-70.0;;;;-70.0;1e-10;0.00035999999999999997;3.6e-14;1.0963860760350864e-13;35;0x00;39;ORANGE;False
1786213502.790224;9.302941345999898;BLE Sniffer;Appareil BLE;2,4 GHz BLE;3f:d5:b8:4d:d0:33;-71.0;;;;-71.0;7.943282347242822e-11;0.000376;2.986674162563301e-14;9.710241118118203e-14;37;0x02;37;VERT;False
1786213502.810083;9.322618919999968;Simulation RF;Détection RF large bande;868 MHz;868 MHz;;2321;1.870663922390565;-30.826556895622595;-63.826556895622595;4.1432802559330413e-10;0.1;4.143280255933041e-11;1.2223956711847114e-09;;;;ORANGE;True
1786213502.8102357;9.322618919999968;Simulation RF;Détection RF large bande;2,45 GHz;2,45 GHz;;2744;2.211530513690961;-44.46122054763843;-61.161220547638436;7.653814727401827e-10;0.1;7.653814727401828e-11;2.353539177554916e-09;;;;ORANGE;True
1786213502.910119;9.422697753999728;Simulation RF;Détection RF large bande;868 MHz;868 MHz;;2344;1.889213629489747;-31.568545179589876;-64.56854517958988;3.492572917615268e-10;0.1;3.492572917615268e-11;1.2573214003608641e-09;;;;ORANGE;True
1786213502.910261;9.422697753999728;Simulation RF;Détection RF large bande;2,45 GHz;2,45 GHz;;2761;2.224677752323375;-44.987110092935;-61.687110092935;6.780925777405311e-10;0.1;6.780925777405312e-11;2.421348435328969e-09;;;;ORANGE;True
1786213503.0102766;9.52278625300005;Simulation RF;Détection RF large bande;868 MHz;868 MHz;;2457;1.9796554298712508;-35.18621719485003;-68.18621719485003;1.5183723289809452e-10;0.1;1.5183723289809452e-11;1.2725051236506735e-09;;;;ORANGE;True
1786213503.010436;9.52278625300005;Simulation RF;Détection RF large bande;2,45 GHz;2,45 GHz;;2769;2.2316553548871587;-45.26621419548634;-61.966214195486344;6.358849999908045e-10;0.1;6.358849999908044e-11;2.4849369353280495e-09;;;;ORANGE;True
1786213503.110346;9.622871067999768;Simulation RF;Détection RF large bande;868 MHz;868 MHz;;2396;1.930556882788536;-33.22227531154144;-66.22227531154144;2.386560612724927e-10;0.1;2.386560612724927e-11;1.2963707297779228e-09;;;;ORANGE;True
1786213503.1105015;9.622871067999768;Simulation RF;Détection RF large bande;2,45 GHz;2,45 GHz;;2794;2.2512283307202146;-46.04913322880857;-62.74913322880857;5.309904094881349e-10;0.1;5.309904094881349e-11;2.538035976276863e-09;;;;ORANGE;True
1786213503.2104547;9.722963586999867;Simulation RF;Détection RF large bande;868 MHz;868 MHz;;2348;1.8921499171291114;-31.685996685164454;-64.68599668516445;3.3993848258771793e-10;0.1;3.399384825877179e-11;1.3303645780366945e-09;;;;ORANGE;True
1786213503.210621;9.722963586999867;Simulation RF;Détection RF large bande;2,45 GHz;2,45 GHz;;2735;2.2037723967436706;-44.15089586974682;-60.85089586974682;8.220730538838646e-10;0.1;8.220730538838647e-11;2.620243281665249e-09;;;;ORANGE;True
1786213503.2951071;9.807825475999834;BLE Sniffer;iBeacon;2,4 GHz BLE;4e:58:d9:e9:46:b7;-75.0;;;;-75.0;3.1622776601683794e-11;0.000368;1.1637181789419636e-14;4.410015413424605e-14;36;0x00;38;VERT;False
1786213503.2951815;9.807898919999843;BLE Sniffer;iBeacon;2,4 GHz BLE;4e:58:d9:e9:46:b7;-73.0;;;;-73.0;5.011872336272715e-11;0.000368;1.844369019748359e-14;6.254384433172964e-14;36;0x00;39;VERT;False
1786213503.3105052;9.823042215999976;Simulation RF;Détection RF large bande;868 MHz;868 MHz;;2371;1.9102993253167835;-32.41197301267134;-65.41197301267134;2.876091501018594e-10;0.1;2.8760915010185945e-11;1.3591254930468805e-09;;;;ORANGE;True
1786213503.310646;9.823042215999976;Simulation RF;Détection RF large bande;2,45 GHz;2,45 GHz;;2747;2.213739289040227;-44.549571561609085;-61.24957156160909;7.499681912341089e-10;0.1;7.499681912341089e-11;2.69524010078866e-09;;;;ORANGE;True
1786213503.3958786;9.908597882999857;BLE Sniffer;Appareil BLE;2,4 GHz BLE;3f:d5:b8:4d:d0:33;-72.0;;;;-72.0;6.309573444801942e-11;0.000376;2.3723996152455302e-14;1.2082640733363732e-13;37;0x02;37;VERT;False
1786213503.4106004;9.923130475000107;Simulation RF;Détection RF large bande;868 MHz;868 MHz;;2369;1.9087519771085728;-32.35007908434291;-65.35007908434291;2.9173738885972483e-10;0.1;2.917373888597248e-11;1.388299231932853e-09;;;;ORANGE;True
1786213503.4107533;9.923130475000107;Simulation RF;Détection RF large bande;2,45 GHz;2,45 GHz;;2718;2.1904475972571347;-43.61790389028539;-60.31790389028539;9.294148579287953e-10;0.1;9.294148579287954e-11;2.7881815865815397e-09;;;;ORANGE;True
1786213503.5106788;10.023210511999878;Simulation RF;Détection RF large bande;868 MHz;868 MHz;;2355;1.8975061114474139;-31.900244457896548;-64.90024445789655;3.23575442837188e-10;0.1;3.2357544283718804e-11;1.4206567762165719e-09;;;;ORANGE;True
1786213503.5108333;10.023210511999878;Simulation RF;Détection RF large bande;2,45 GHz;2,45 GHz;;2758;2.2227486376728476;-44.9099455069139;-61.6099455069139;6.902484646762888e-10;0.1;6.902484646762888e-11;2.8572064330491684e-09;;;;ORANGE;True
1786213503.6071563;10.119876715999908;BLE Sniffer;Appareil BLE;2,4 GHz BLE;3f:d5:b8:4d:d0:33;-77.0;;;;-77.0;1.9952623149688828e-11;0.000376;7.502186304282999e-15;1.2832859363792032e-13;37;0x02;38;VERT;False
1786213503.6079946;10.120713215999785;BLE Sniffer;iBeacon;2,4 GHz BLE;4e:58:d9:e9:46:b7;-72.0;;;;-72.0;6.309573444801942e-11;0.000368;2.3219230276871148e-14;8.576307460860078e-14;36;0x00;39;VERT;False
1786213503.6109576;10.123339289999876;Simulation RF;Détection RF large bande;868 MHz;868 MHz;;2341;1.8866918826966081;-31.467675307864326;-64.46767530786433;3.574641304017078e-10;0.1;3.574641304017078e-11;1.4564031892567427e-09;;;;ORANGE;True
1786213503.611282;10.123339289999876;Simulation RF;Détection RF large bande;2,45 GHz;2,45 GHz;;2677;2.1572448515260154;-42.28979406104061;-58.98979406104061;1.2618873708587995e-09;0.1;1.2618873708587995e-10;2.9833951701350485e-09;;;;ORANGE;True
1786213503.7093964;10.222114827000041;BLE Sniffer;Appareil BLE;2,4 GHz BLE;3f:d5:b8:4d:d0:33;-70.0;;;;-70.0;1e-10;0.000376;3.76e-14;1.6592859363792034e-13;37;0x02;37;ORANGE;False
1786213503.7108083;10.223422679000123;Simulation RF;Détection RF large bande;868 MHz;868 MHz;;2348;1.8918665519310878;-31.67466207724351;-64.67466207724351;3.4082684336565237e-10;0.1;3.4082684336565237e-11;1.4904858735933078e-09;;;;ORANGE;True
1786213503.71093;10.223422679000123;Simulation RF;Détection RF large bande;2,45 GHz;2,45 GHz;;2741;2.209140982309309;-44.365639292372364;-61.06563929237237;7.824130234294451e-10;0.1;7.824130234294451e-11;3.061636472477993e-09;;;;ORANGE;True
1786213503.810603;10.323321530999692;BLE Sniffer;Appareil BLE;2,4 GHz BLE;c3:49:80:30:2e:b9;-64.0;;;;-64.0;3.9810717055349694e-10;0.000192;7.643657674627141e-14;9.168767885297764e-14;14;0x02;38;ORANGE;False
1786213503.8106778;10.323395141999754;BLE Sniffer;Appareil BLE;2,4 GHz BLE;f4:26:33:35:5f:ba;-79.0;;;;-79.0;1.2589254117941662e-11;0.00034399999999999996;4.330703416571931e-15;2.603563606669061e-14;33;0x00;39;VERT;False
1786213503.811427;10.323570789999849;Simulation RF;Détection RF large bande;868 MHz;868 MHz;;2411;1.9431289119530981;-33.72515647812392;-66.72515647812392;2.1256137570818873e-10;0.1;2.1256137570818874e-11;1.5117420111641267e-09;;;;ORANGE;True
1786213503.811611;10.323570789999849;Simulation RF;Détection RF large bande;2,45 GHz;2,45 GHz;;2718;2.190205467831104;-43.608218713244156;-60.30821871324415;9.314898536828612e-10;0.1;9.314898536828613e-11;3.154785457846279e-09;;;;ORANGE;True
1786213503.9110909;10.423650715999884;Simulation RF;Détection RF large bande;868 MHz;868 MHz;;2366;1.9069057533959286;-32.27623013583714;-65.27623013583714;2.967406108877043e-10;0.1;2.967406108877043e-11;1.541416072252897e-09;;;;ORANGE;True
1786213503.9119084;10.424626031000116;BLE Sniffer;Appareil BLE;2,4 GHz BLE;e8:d0:3c:30:07:40;-66.0;;;;-66.0;2.511886431509582e-10;0.00035999999999999997;9.042791153434495e-14;2.0006651913785358e-13;35;0x00;37;ORANGE;False
1786213503.9119616;10.424678863999816;BLE Sniffer;Appareil BLE;2,4 GHz BLE;e8:d0:3c:f0:07:40;-74.0;;;;-74.0;3.9810717055349695e-11;0.00035999999999999997;1.433185813992589e-14;1.433185813992589e-14;35;0x00;38;VERT;False
1786213503.9120011;10.42471825299981;BLE Sniffer;Appareil BLE;2,4 GHz BLE;e8:d0:3c:30:07:40;-70.0;;;;-70.0;1e-10;0.00035999999999999997;3.6e-14;2.360665191378536e-13;35;0x00;39;ORANGE;False
1786213503.9120383;10.424755771000036;BLE Sniffer;Appareil BLE;2,4 GHz BLE;3f:d5:b8:4d:d0:33;-69.0;;;;-69.0;1.2589254117941662e-10;0.000376;4.7335595483460646e-14;2.1326418912138097e-13;37;0x02;37;ORANGE;False
1786213503.9112449;10.423650715999884;Simulation RF;Détection RF large bande;2,45 GHz;2,45 GHz;;2731;2.2006497200296873;-44.025988801187495;-60.7259888011875;8.460599160500785e-10;0.1;8.460599160500786e-11;3.239391449451287e-09;;;;ORANGE;True
1786213504.0116806;10.523790085999735;Simulation RF;Détection RF large bande;868 MHz;868 MHz;;2363;1.9040675896676902;-32.16270358670761;-65.16270358670761;3.045998192781602e-10;0.1;3.045998192781602e-11;1.571876054180713e-09;;;;ORANGE;True
1786213504.013028;10.523790085999735;Simulation RF;Détection RF large bande;2,45 GHz;2,45 GHz;;2777;2.237587201184112;-45.503488047364485;-62.20348804736448;6.020758330740138e-10;0.1;6.020758330740138e-11;3.2995990327586884e-09;;;;ORANGE;True
1786213504.111331;10.623872511999707;Simulation RF;Détection RF large bande;868 MHz;868 MHz;;2376;1.914629419749619;-32.58517678998476;-65.58517678998476;2.7636454160656805e-10;0.1;2.7636454160656805e-11;1.59951250834137e-09;;;;ORANGE;True
1786213504.1114657;10.623872511999707;Simulation RF;Détection RF large bande;2,45 GHz;2,45 GHz;;2742;2.2098557079321095;-44.39422831728437;-61.09422831728437;7.772794185926268e-10;0.1;7.772794185926268e-11;3.377326974617951e-09;;;;ORANGE;True
1786213504.1143324;10.62705030799998;BLE Sniffer;Appareil BLE;2,4 GHz BLE;3f:d5:b8:4d:d0:33;-76.0;;;;-76.0;2.5118864315095823e-11;0.000376;9.444692982476029e-15;2.22708882103857e-13;37;0x02;38;VERT;False
1786213504.1143868;10.627103993999754;BLE Sniffer;iBeacon;2,4 GHz BLE;4e:58:d9:e9:46:b7;-73.0;;;;-73.0;5.011872336272715e-11;0.000368;1.844369019748359e-14;1.0420676480608437e-13;36;0x00;39;VERT;False
1786213504.2114131;10.723954345000038;Simulation RF;Détection RF large bande;868 MHz;868 MHz;;2425;1.9539636203897528;-34.158544815590105;-67.1585448155901;1.923736204515673e-10;0.1;1.9237362045156732e-11;1.6187498703865267e-09;;;;ORANGE;True
1786213504.2115576;10.723954345000038;Simulation RF;Détection RF large bande;2,45 GHz;2,45 GHz;;2750;2.216010934155258;-44.64043736621031;-61.34043736621031;7.34439900979387e-10;0.1;7.34439900979387e-11;3.45077096471589e-09;;;;ORANGE;True
1786213504.2262385;10.738962160000028;BLE Sniffer;Appareil BLE;2,4 GHz BLE;3f:d5:b8:4d:d0:33;-70.0;;;;-70.0;1e-10;0.000376;3.76e-14;2.6030888210385697e-13;37;0x02;37;ORANGE;False
1786213504.4716692;10.984389066999938;BLE Sniffer;Appareil BLE;2,4 GHz BLE;3f:d5:bc:4d:d0:73;-76.0;;;;-76.0;2.5118864315095823e-11;0.000376;9.444692982476029e-15;9.444692982476029e-15;37;0x02;38;VERT;False
1786213504.4718184;10.984535826999945;BLE Sniffer;iBeacon;2,4 GHz BLE;4e:58:d9:e9:46:b7;-72.0;;;;-72.0;6.309573444801942e-11;0.000368;2.3219230276871148e-14;1.2742599508295552e-13;36;0x00;39;VERT;False
1786213504.4718714;10.984588807999899;BLE Sniffer;Appareil BLE;2,4 GHz BLE;3f:d5:b8:4d:d0:33;-70.0;;;;-70.0;1e-10;0.000376;3.76e-14;2.97908882103857e-13;37;0x02;37;ORANGE;False
1786213504.4713924;10.82404693799981;Simulation RF;Détection RF large bande;868 MHz;868 MHz;;2407;1.9396729902567835;-33.58691961027134;-66.58691961027134;2.1943608127913378e-10;0.1;2.194360812791338e-11;1.6406934785144401e-09;;;;ORANGE;True
1786213504.5782874;10.82404693799981;Simulation RF;Détection RF large bande;2,45 GHz;2,45 GHz;;2744;2.210942164420902;-44.43768657683607;-61.13768657683607;7.695402539602664e-10;0.1;7.695402539602664e-11;3.5277249901119167e-09;;;;ORANGE;True
1786213504.5824265;11.09499645599999;Simulation RF;Détection RF large bande;868 MHz;868 MHz;;2358;1.9001944621264706;-32.00777848505882;-65.00777848505882;3.156618892749753e-10;0.1;3.1566188927497527e-11;1.6722596674419377e-09;;;;ORANGE;True
1786213504.582593;11.09499645599999;Simulation RF;Détection RF large bande;2,45 GHz;2,45 GHz;;2698;2.1744546158147964;-42.97818463259185;-59.678184632591844;1.0769152742293836e-09;0.1;1.0769152742293837e-10;3.635416517534855e-09;;;;ORANGE;True
1786213504.7797604;11.292479029999868;BLE Sniffer;iBeacon;2,4 GHz BLE;4e:58:d9:e9:46:b7;-75.0;;;;-75.0;3.1622776601683794e-11;0.000368;1.1637181789419636e-14;1.3906317687237515e-13;36;0x00;38;VERT;False
1786213504.779868;11.292585122999753;BLE Sniffer;iBeacon;2,4 GHz BLE;4e:58:d9:e9:46:b7;-73.0;;;;-73.0;5.011872336272715e-11;0.000368;1.844369019748359e-14;1.5750686706985874e-13;36;0x00;39;VERT;False
1786213504.7778885;11.195119733999945;Simulation RF;Détection RF large bande;868 MHz;868 MHz;;2412;1.9435464715375497;-33.74185886150198;-66.74185886150198;2.1174546311291203e-10;0.1;2.1174546311291203e-11;1.693434213753229e-09;;;;ORANGE;True
1786213504.781707;11.195119733999945;Simulation RF;Détection RF large bande;2,45 GHz;2,45 GHz;;2763;2.2268738940898185;-45.07495576359274;-61.77495576359274;6.64514441490615e-10;0.1;6.64514441490615e-11;3.7018679616839166e-09;;;;ORANGE;True
1786213504.782631;11.295204771000044;Simulation RF;Détection RF large bande;868 MHz;868 MHz;;2408;1.940647356683957;-33.62589426735828;-66.62589426735828;2.1747561780628138e-10;0.1;2.1747561780628138e-11;1.7151817755338572e-09;;;;ORANGE;True
1786213504.7827768;11.295204771000044;Simulation RF;Détection RF large bande;2,45 GHz;2,45 GHz;;2745;2.2118262814331477;-44.473051257325906;-61.1730512573259;7.632993178650906e-10;0.1;7.632993178650906e-11;3.778197893470426e-09;;;;ORANGE;True
1786213504.8828428;11.395560362999731;BLE Sniffer;Appareil BLE;2,4 GHz BLE;3f:d5:b8:4d:d0:33;-71.0;;;;-71.0;7.943282347242822e-11;0.000376;2.986674162563301e-14;3.2777562372949e-13;37;0x02;37;VERT;False
1786213504.8832786;11.395299325999986;Simulation RF;Détection RF large bande;868 MHz;868 MHz;;2355;1.8977108643276592;-31.908434573106362;-64.90843457310636;3.229658051420113e-10;0.1;3.229658051420113e-11;1.7474783560480584e-09;;;;ORANGE;True
1786213504.9781728;11.395299325999986;Simulation RF;Détection RF large bande;2,45 GHz;2,45 GHz;;2751;2.216601653631547;-44.66406614526187;-61.36406614526187;7.304548642360164e-10;0.1;7.304548642360164e-11;3.851243379894028e-09;;;;ORANGE;True
1786213504.9830172;11.495418825999877;Simulation RF;Détection RF large bande;868 MHz;868 MHz;;2382;1.9196990503742346;-32.78796201496938;-65.78796201496938;2.6375688099583797e-10;0.1;2.6375688099583798e-11;1.7738540441476422e-09;;;;ORANGE;True
1786213504.9835298;11.49624830799985;BLE Sniffer;iBeacon;2,4 GHz BLE;4e:58:d9:e9:46:b7;-74.0;;;;-74.0;3.9810717055349695e-11;0.000368;1.4650343876368688e-14;1.7215721094622743e-13;36;0x00;38;VERT;False
1786213504.984431;11.497149399999671;BLE Sniffer;iBeacon;2,4 GHz BLE;4e:58:d9:e9:46:b7;-72.0;;;;-72.0;6.309573444801942e-11;0.000368;2.3219230276871148e-14;1.9537644122309857e-13;36;0x00;39;VERT;False
1786213504.9834485;11.495418825999877;Simulation RF;Détection RF large bande;2,45 GHz;2,45 GHz;;2776;2.236697766371571;-45.467910654862834;-62.16791065486283;6.070282942888805e-10;0.1;6.070282942888805e-11;3.911946209322916e-09;;;;ORANGE;True
1786213505.0847068;11.595535622999705;Simulation RF;Détection RF large bande;868 MHz;868 MHz;;2292;1.8468893366420973;-29.875573465683885;-62.875573465683885;5.157540576489068e-10;0.1;5.157540576489068e-11;1.8254294499125329e-09;;;;ORANGE;True
1786213505.187204;11.69992289999982;BLE Sniffer;Appareil BLE;2,4 GHz BLE;3f:d5:b8:4d:d0:33;-71.0;;;;-71.0;7.943282347242822e-11;0.000376;2.986674162563301e-14;3.57642365355123e-13;37;0x02;37;VERT;False
1786213505.1854644;11.595535622999705;Simulation RF;Détection RF large bande;2,45 GHz;2,45 GHz;;2724;2.194845659734399;-43.79382638937595;-60.493826389375954;8.925187757716932e-10;0.1;8.925187757716932e-11;4.001198086900085e-09;;;;ORANGE;True
1786213505.190179;11.702746344999923;Simulation RF;Détection RF large bande;868 MHz;868 MHz;;2351;1.894675638773093;-31.787025550923715;-64.78702555092372;3.321218473410856e-10;0.1;3.3212184734108565e-11;1.8586416346466415e-09;;;;ORANGE;True
1786213505.1903217;11.702746344999923;Simulation RF;Détection RF large bande;2,45 GHz;2,45 GHz;;2736;2.2048341033620056;-44.19336413448022;-60.893364134480215;8.140734416705545e-10;0.1;8.140734416705546e-11;4.082605431067141e-09;;;;ORANGE;True
1786213505.3877273;11.900447159000123;BLE Sniffer;Appareil BLE;2,4 GHz BLE;e8:d0:3c:30:07:40;-75.0;;;;-75.0;3.1622776601683794e-11;0.00035999999999999997;1.1384199576606165e-14;2.4745071871445974e-13;35;0x00;38;VERT;False
1786213505.3878853;11.900603085000057;BLE Sniffer;Appareil BLE;2,4 GHz BLE;e8:d0:3c:30:07:40;-70.0;;;;-70.0;1e-10;0.00035999999999999997;3.6e-14;2.8345071871445974e-13;35;0x00;39;ORANGE;False
1786213505.3879337;11.900651047999872;BLE Sniffer;iBeacon;2,4 GHz BLE;4e:58:d9:e9:46:b7;-76.0;;;;-76.0;2.5118864315095823e-11;0.000368;9.243742067955263e-15;2.0462018329105384e-13;36;0x00;37;VERT;False
1786213505.3853445;11.802828307999789;Simulation RF;Détection RF large bande;868 MHz;868 MHz;;2411;1.9428460314931806;-33.71384125972722;-66.71384125972722;2.1311591058451386e-10;0.1;2.1311591058451386e-11;1.879953225705093e-09;;;;ORANGE;True
1786213505.390658;11.802828307999789;Simulation RF;Détection RF large bande;2,45 GHz;2,45 GHz;;2722;2.1938513671084876;-43.75405468433949;-60.45405468433949;9.007298005451979e-10;0.1;9.00729800545198e-11;4.1726784111216605e-09;;;;ORANGE;True
1786213505.3911076;11.903718992999984;Simulation RF;Détection RF large bande;868 MHz;868 MHz;;2295;1.8496463486969457;-29.98585394787782;-62.98585394787782;5.028223867844177e-10;0.1;5.028223867844177e-11;1.9302354643835347e-09;;;;ORANGE;True
1786213505.3917468;11.903718992999984;Simulation RF;Détection RF large bande;2,45 GHz;2,45 GHz;;2740;2.207959380031508;-44.31837520126031;-61.01837520126031;7.909744949838604e-10;0.1;7.909744949838605e-11;4.2517758606200465e-09;;;;ORANGE;True
1786213505.587807;12.100529158999962;BLE Sniffer;Appareil BLE;2,4 GHz BLE;3f:d5:b8:4d:d0:33;-76.0;;;;-76.0;2.5118864315095823e-11;0.000376;9.444692982476029e-15;3.6708705833759906e-13;37;0x02;38;VERT;False
1786213505.5879357;12.100653103999775;BLE Sniffer;Appareil BLE;2,4 GHz BLE;3f:d5:b8:4d:d0:33;-66.0;;;;-66.0;2.511886431509582e-10;0.000376;9.444692982476028e-14;4.615339881623594e-13;37;0x02;39;ORANGE;False
1786213505.5879776;12.100695048000034;BLE Sniffer;iBeacon;2,4 GHz BLE;4e:58:d9:e9:46:b7;-75.0;;;;-75.0;3.1622776601683794e-11;0.000368;1.1637181789419636e-14;2.1625736508047347e-13;36;0x00;37;VERT;False
1786213505.585102;12.003816419000032;Simulation RF;Détection RF large bande;868 MHz;868 MHz;;2393;1.9281712146251828;-33.12684858500731;-66.12684858500731;2.439580433673908e-10;0.1;2.4395804336739084e-11;1.954631268720274e-09;;;;ORANGE;True
1786213505.5899417;12.003816419000032;Simulation RF;Détection RF large bande;2,45 GHz;2,45 GHz;;2659;2.1426625300162927;-41.7065012006517;-58.406501200651704;1.4432776286148544e-09;0.1;1.4432776286148544e-10;4.396103623481532e-09;;;;ORANGE;True
1786213505.591348;12.103894882000077;Simulation RF;Détection RF large bande;868 MHz;868 MHz;;2316;1.8662499063175075;-30.649996252700298;-63.6499962527003;4.3151944916314365e-10;0.1;4.315194491631437e-11;1.997783213636588e-09;;;;ORANGE;True
1786213505.591516;12.103894882000077;Simulation RF;Détection RF large bande;2,45 GHz;2,45 GHz;;2694;2.1710037740592596;-42.84015096237039;-59.54015096237038;1.1116930837466414e-09;0.1;1.1116930837466415e-10;4.507272931856196e-09;;;;ORANGE;True
1786213505.6907341;12.203452696000113;BLE Sniffer;Appareil BLE;2,4 GHz BLE;4e:58:d9:e9:46:b7;-74.0;;;;-74.0;3.9810717055349695e-11;0.000368;1.4650343876368688e-14;2.3090770895684214e-13;36;0x00;38;VERT;False
1786213505.6908064;12.203523584999857;BLE Sniffer;iBeacon;2,4 GHz BLE;4e:58:d9:e9:46:b7;-72.0;;;;-72.0;6.309573444801942e-11;0.000368;2.3219230276871148e-14;2.541269392337133e-13;36;0x00;39;VERT;False
1786213505.690846;12.203563269999904;BLE Sniffer;Appareil BLE;2,4 GHz BLE;3f:d5:b8:4d:d0:33;-70.0;;;;-70.0;1e-10;0.000376;3.76e-14;4.991339881623593e-13;37;0x02;37;ORANGE;False
1786213505.6916926;12.204089140999713;Simulation RF;Détection RF large bande;868 MHz;868 MHz;;2394;1.9291438744692688;-33.16575497877075;-66.16575497877075;2.4178229863542607e-10;0.1;2.417822986354261e-11;2.0219614435001305e-09;;;;ORANGE;True
1786213505.7881129;12.204089140999713;Simulation RF;Détection RF large bande;2,45 GHz;2,45 GHz;;2780;2.2399663371010266;-45.59865348404105;-62.29865348404105;5.890262527269804e-10;0.1;5.890262527269805e-11;4.566175557128894e-09;;;;ORANGE;True
1786213505.7918434;12.304563993000102;BLE Sniffer;Appareil BLE;2,4 GHz BLE;c3:49:80:30:2e:b9;-65.0;;;;-65.0;3.1622776601683795e-10;0.000192;6.071573107523289e-14;1.5240340992821054e-13;14;0x02;38;ORANGE;False
1786213505.7919707;12.304688103999979;BLE Sniffer;Appareil BLE;2,4 GHz BLE;3f:d5:b8:4d:d0:33;-67.0;;;;-67.0;1.9952623149688828e-10;0.000376;7.502186304282999e-14;5.741558512051893e-13;37;0x02;39;ORANGE;False
1786213505.7946231;12.30734275199984;BLE Sniffer;Appareil BLE;2,4 GHz BLE;f4:26:33:35:5f:ba;-73.0;;;;-73.0;5.011872336272715e-11;0.00034399999999999996;1.7240840836778138e-14;4.327647690346875e-14;33;0x00;37;VERT;False
1786213505.7916055;12.304181900000003;Simulation RF;Détection RF large bande;868 MHz;868 MHz;;2326;1.8744897220029533;-30.97958888011813;-63.97958888011813;3.999826118634125e-10;0.1;3.999826118634125e-11;2.0619597046864717e-09;;;;ORANGE;True
1786213505.7951567;12.304181900000003;Simulation RF;Détection RF large bande;2,45 GHz;2,45 GHz;;2755;2.2202226336003834;-44.80890534401533;-61.50890534401533;7.064956067639942e-10;0.1;7.064956067639943e-11;4.6368251178052936e-09;;;;ORANGE;True
1786213505.8917227;12.404262103999827;Simulation RF;Détection RF large bande;868 MHz;868 MHz;;2353;1.8962123615915474;-31.848494463661893;-64.8484944636619;3.2745419131114087e-10;0.1;3.274541913111409e-11;2.0947051238175856e-09;;;;ORANGE;True
1786213505.8918526;12.404262103999827;Simulation RF;Détection RF large bande;2,45 GHz;2,45 GHz;;2748;2.214106942833692;-44.56427771334768;-61.264277713347674;7.474329314048055e-10;0.1;7.474329314048055e-11;4.711568410945774e-09;;;;ORANGE;True
1786213505.8975992;12.410317658999702;BLE Sniffer;Appareil BLE;2,4 GHz BLE;f4:26:33:35:5f:ba;-72.0;;;;-72.0;6.309573444801942e-11;0.00034399999999999996;2.1704932650118678e-14;6.498140955358743e-14;33;0x00;38;VERT;False
1786213505.8976636;12.410380881000037;BLE Sniffer;Appareil BLE;2,4 GHz BLE;f4:26:33:35:5f:ba;-79.0;;;;-79.0;1.2589254117941662e-11;0.00034399999999999996;4.330703416571931e-15;6.931211297015936e-14;33;0x00;39;VERT;False
1786213505.8977032;12.410420325999894;BLE Sniffer;iBeacon;2,4 GHz BLE;4e:58:d9:e9:46:b7;-75.0;;;;-75.0;3.1622776601683794e-11;0.000368;1.1637181789419636e-14;2.6576412102313294e-13;36;0x00;37;VERT;False
1786213505.9928393;12.504389048000121;Simulation RF;Détection RF large bande;868 MHz;868 MHz;;2455;1.9781965569623887;-35.12786227849554;-68.12786227849554;1.5389119503268488e-10;0.1;1.5389119503268488e-11;2.1100942433208543e-09;;;;ORANGE;True
1786213505.9931917;12.504389048000121;Simulation RF;Détection RF large bande;2,45 GHz;2,45 GHz;;2719;2.191484597484672;-43.65938389938688;-60.359383899386884;9.205801582089913e-10;0.1;9.205801582089913e-11;4.803626426766673e-09;;;;ORANGE;True
1786213505.9991796;12.511899417999757;BLE Sniffer;Appareil BLE;2,4 GHz BLE;e8:d0:3c:30:07:40;-75.0;;;;-75.0;3.1622776601683794e-11;0.00035999999999999997;1.1384199576606165e-14;2.948349182910659e-13;35;0x00;38;VERT;False
1786213505.9992824;12.511999695999748;BLE Sniffer;Appareil BLE;2,4 GHz BLE;e8:d0:3c:30:07:40;-70.0;;;;-70.0;1e-10;0.00035999999999999997;3.6e-14;3.308349182910659e-13;35;0x00;39;ORANGE;False
1786213506.091951;12.604483288999745;Simulation RF;Détection RF large bande;868 MHz;868 MHz;;2337;1.8833509049689532;-31.334036198758128;-64.33403619875813;3.686348414866151e-10;0.1;3.686348414866151e-11;2.1469577274695158e-09;;;;ORANGE;True
1786213506.0920994;12.604483288999745;Simulation RF;Détection RF large bande;2,45 GHz;2,45 GHz;;2760;2.2240259312422666;-44.96103724969066;-61.66103724969066;6.821757468519771e-10;0.1;6.821757468519772e-11;4.871844001451871e-09;;;;ORANGE;True
1786213506.1896403;12.70236512199972;BLE Sniffer;Appareil BLE;2,4 GHz BLE;3f:d5:b8:4d:d0:33;-71.0;;;;-71.0;7.943282347242822e-11;0.000376;2.986674162563301e-14;6.040225928308223e-13;37;0x02;37;VERT;False
1786213506.1907513;12.703472307000084;BLE Sniffer;iBeacon;2,4 GHz BLE;4e:58:d9:e9:46:b7;-75.0;;;;-75.0;3.1622776601683794e-11;0.000368;1.1637181789419636e-14;2.7740130281255257e-13;36;0x00;38;VERT;False
1786213506.1909044;12.703621973999816;BLE Sniffer;iBeacon;2,4 GHz BLE;4e:58:d9:e9:46:b7;-72.0;;;;-72.0;6.309573444801942e-11;0.000368;2.3219230276871148e-14;3.0062053308942374e-13;36;0x00;39;VERT;False
1786213506.1921825;12.704616473999977;Simulation RF;Détection RF large bande;868 MHz;868 MHz;;2369;1.9086937901579875;-32.34775160631949;-65.34775160631949;2.9189377913652916e-10;0.1;2.918937791365292e-11;2.1761471053831687e-09;;;;ORANGE;True
1786213506.192732;12.704616473999977;Simulation RF;Détection RF large bande;2,45 GHz;2,45 GHz;;2627;2.1165996270339567;-40.66398508135826;-57.363985081358265;1.834853910732497e-09;0.1;1.834853910732497e-10;5.055329392525121e-09;;;;ORANGE;True
1786213506.292927;12.805645010999797;BLE Sniffer;Appareil BLE;2,4 GHz BLE;3f:d5:b8:4d:d0:33;-71.0;;;;-71.0;7.943282347242822e-11;0.000376;2.986674162563301e-14;6.338893344564552e-13;37;0x02;37;VERT;False
1786213506.292178;12.804709511000055;Simulation RF;Détection RF large bande;868 MHz;868 MHz;;2383;1.9203311758522763;-32.81324703409105;-65.81324703409105;2.6222572606937746e-10;0.1;2.6222572606937748e-11;2.2023696779901066e-09;;;;ORANGE;True
1786213506.2935169;12.804709511000055;Simulation RF;Détection RF large bande;2,45 GHz;2,45 GHz;;2739;2.2071919732521432;-44.28767893008572;-60.98767893008572;7.965849684006908e-10;0.1;7.965849684006909e-11;5.13498788936519e-09;;;;ORANGE;True
1786213506.392421;12.9048021589997;Simulation RF;Détection RF large bande;868 MHz;868 MHz;;2402;1.9358505906892391;-33.43402362756956;-66.43402362756956;2.2729905871680997e-10;0.1;2.2729905871681e-11;2.2250995838617877e-09;;;;ORANGE;True
1786213506.3928373;12.9048021589997;Simulation RF;Détection RF large bande;2,45 GHz;2,45 GHz;;2757;2.2220572733869464;-44.882290935477855;-61.58229093547786;6.946577838095453e-10;0.1;6.946577838095453e-11;5.204453667746145e-09;;;;ORANGE;True
1786213506.3945382;12.907258176999676;BLE Sniffer;Appareil BLE;2,4 GHz BLE;e8:d0:3c:30:07:40;-76.0;;;;-76.0;2.5118864315095823e-11;0.00035999999999999997;9.042791153434496e-15;3.398777094445004e-13;35;0x00;38;VERT;False
1786213506.394629;12.907346565999887;BLE Sniffer;Appareil BLE;2,4 GHz BLE;e8:d0:3c:30:07:40;-70.0;;;;-70.0;1e-10;0.00035999999999999997;3.6e-14;3.758777094445004e-13;35;0x00;39;ORANGE;False
1786213506.4923623;13.004893436999737;Simulation RF;Détection RF large bande;868 MHz;868 MHz;;2324;1.8726995568525546;-30.90798227410218;-63.90798227410218;4.0663220602216996e-10;0.1;4.0663220602216996e-11;2.2657628044640046e-09;;;;ORANGE;True
1786213506.4925265;13.004893436999737;Simulation RF;Détection RF large bande;2,45 GHz;2,45 GHz;;2759;2.223550687082621;-44.94202748330484;-61.64202748330484;6.851682841948907e-10;0.1;6.851682841948906e-11;5.272970496165634e-09;;;;ORANGE;True
1786213506.4958751;13.008592658999987;BLE Sniffer;iBeacon;2,4 GHz BLE;4e:58:d9:e9:46:b7;-75.0;;;;-75.0;3.1622776601683794e-11;0.000368;1.1637181789419636e-14;3.1225771487884337e-13;36;0x00;37;VERT;False
1786213506.5926297;13.104984621999847;Simulation RF;Détection RF large bande;868 MHz;868 MHz;;2392;1.927818248763741;-33.112729950549635;-66.11272995054964;2.447524258291624e-10;0.1;2.447524258291624e-11;2.290238047046921e-09;;;;ORANGE;True
1786213506.5929432;13.104984621999847;Simulation RF;Détection RF large bande;2,45 GHz;2,45 GHz;;2761;2.2247760713861147;-44.99104285544459;-61.691042855444586;6.774788075706277e-10;0.1;6.774788075706278e-11;5.340718376922697e-09;;;;ORANGE;True
1786213506.5972319;13.109952769999836;BLE Sniffer;Appareil BLE;2,4 GHz BLE;3f:95:b4:4d:c8:33;-77.0;;;;-77.0;1.9952623149688828e-11;0.000376;7.502186304282999e-15;7.502186304282999e-15;37;0x02;38;VERT;False
1786213506.692555;13.205070269999851;Simulation RF;Détection RF large bande;868 MHz;868 MHz;;2358;1.900150961871843;-32.00603847487372;-65.00603847487372;3.1578838522876946e-10;0.1;3.157883852287695e-11;2.321816885569798e-09;;;;ORANGE;True
1786213506.6927106;13.205070269999851;Simulation RF;Détection RF large bande;2,45 GHz;2,45 GHz;;2698;2.1738391424814063;-42.953565699256245;-59.65356569925624;1.0830373399284499e-09;0.1;1.0830373399284499e-10;5.449022110915542e-09;;;;ORANGE;True
1786213506.698841;13.211558713999693;BLE Sniffer;Appareil BLE;2,4 GHz BLE;3f:d5:b8:4d:d0:33;-66.0;;;;-66.0;2.511886431509582e-10;0.000376;9.444692982476028e-14;7.283362642812155e-13;37;0x02;39;ORANGE;False
1786213506.6988935;13.211610806999943;BLE Sniffer;Appareil BLE;2,4 GHz BLE;e8:d0:3c:30:07:40;-66.0;;;;-66.0;2.511886431509582e-10;0.00035999999999999997;9.042791153434495e-14;4.663056209788454e-13;35;0x00;37;ORANGE;False
1786213506.7935145;13.305236602999685;Simulation RF;Détection RF large bande;868 MHz;868 MHz;;2375;1.9142711264595988;-32.57084505838395;-65.57084505838395;2.7727805193000805e-10;0.1;2.7727805193000805e-11;2.349544690762799e-09;;;;ORANGE;True
1786213506.793922;13.305236602999685;Simulation RF;Détection RF large bande;2,45 GHz;2,45 GHz;;2740;2.2080440219817388;-44.32176087926955;-61.02176087926955;7.903581064541965e-10;0.1;7.903581064541966e-11;5.528057921560962e-09;;;;ORANGE;True
1786213506.8927934;13.405329918000007;Simulation RF;Détection RF large bande;868 MHz;868 MHz;;2346;1.89046257180166;-31.6185028720664;-64.6185028720664;3.452627400207155e-10;0.1;3.4526274002071555e-11;2.3840709647648703e-09;;;;ORANGE;True
1786213506.8929408;13.405329918000007;Simulation RF;Détection RF large bande;2,45 GHz;2,45 GHz;;2757;2.221537918170686;-44.86151672682743;-61.56151672682743;6.979885964863211e-10;0.1;6.979885964863211e-11;5.597856781209594e-09;;;;ORANGE;True
1786213506.9931412;13.505457120999836;Simulation RF;Détection RF large bande;868 MHz;868 MHz;;2356;1.898586050301094;-31.94344201204376;-64.94344201204376;3.203729194263599e-10;0.1;3.203729194263599e-11;2.4161082567075064e-09;;;;ORANGE;True
1786213506.993476;13.505457120999836;Simulation RF;Détection RF large bande;2,45 GHz;2,45 GHz;;2772;2.233987573862335;-45.359502954493394;-62.0595029544934;6.223715108637656e-10;0.1;6.223715108637656e-11;5.66009393229597e-09;;;;ORANGE;True
1786213507.0029755;13.51569534400005;BLE Sniffer;Appareil BLE;2,4 GHz BLE;3f:cc:b8:4d:d0:33;-75.0;;;;-75.0;3.1622776601683794e-11;0.000376;1.1890164002233105e-14;1.1890164002233105e-14;37;0x02;38;VERT;False
1786213507.0030818;13.51579893600001;BLE Sniffer;iBeacon;2,4 GHz BLE;4e:58:d9:e9:46:b7;-72.0;;;;-72.0;6.309573444801942e-11;0.000368;2.3219230276871148e-14;3.3547694515571454e-13;36;0x00;39;VERT;False
1786213507.0930693;13.605554972999926;Simulation RF;Détection RF large bande;868 MHz;868 MHz;;2331;1.878752696908189;-31.150107876327553;-64.15010787632755;3.8458222911859164e-10;0.1;3.8458222911859166e-11;2.4545664796193656e-09;;;;ORANGE;True
1786213507.0932815;13.605554972999926;Simulation RF;Détection RF large bande;2,45 GHz;2,45 GHz;;2779;2.239731434093343;-45.58925736373371;-62.289257363733704;5.903020121941551e-10;0.1;5.903020121941551e-11;5.719124133515385e-09;;;;ORANGE;True
1786213507.10513;13.617848731999857;BLE Sniffer;Appareil BLE;2,4 GHz BLE;3f:d5:b8:4d:d0:33;-71.0;;;;-71.0;7.943282347242822e-11;0.000376;2.986674162563301e-14;7.582030059068484e-13;37;0x02;37;VERT;False
1786213507.2157629;13.705652307000037;Simulation RF;Détection RF large bande;868 MHz;868 MHz;;2388;1.924642532452647;-32.98570129810588;-65.98570129810588;2.5201701900592033e-10;0.1;2.5201701900592033e-11;2.4797681815199578e-09;;;;ORANGE;True
1786213507.216572;13.705652307000037;Simulation RF;Détection RF large bande;2,45 GHz;2,45 GHz;;2755;2.220377907614377;-44.81511630457507;-61.51511630457507;7.054859508006046e-10;0.1;7.054859508006046e-11;5.789672728595446e-09;;;;ORANGE;True
1786213507.2932093;13.805740694999713;Simulation RF;Détection RF large bande;868 MHz;868 MHz;;2447;1.972059182887351;-34.88236731549404;-67.88236731549404;1.628408154284471e-10;0.1;1.628408154284471e-11;2.4960522630628025e-09;;;;ORANGE;True
1786213507.2933593;13.805740694999713;Simulation RF;Détection RF large bande;2,45 GHz;2,45 GHz;;2687;2.165730214020243;-42.629208560809715;-59.32920856080972;1.167022270697071e-09;0.1;1.167022270697071e-10;5.906374955665153e-09;;;;ORANGE;True
1786213507.3191876;13.83190645500008;BLE Sniffer;iBeacon;2,4 GHz BLE;4e:58:d9:e9:46:b7;-74.0;;;;-74.0;3.9810717055349695e-11;0.000368;1.4650343876368688e-14;3.5012728903208323e-13;36;0x00;38;VERT;False
1786213507.3197148;13.832432602999688;BLE Sniffer;iBeacon;2,4 GHz BLE;4e:58:d9:e9:46:b7;-73.0;;;;-73.0;5.011872336272715e-11;0.000368;1.844369019748359e-14;3.685709792295668e-13;36;0x00;39;VERT;False
1786213507.3197606;13.832477880999704;BLE Sniffer;Appareil BLE;2,4 GHz BLE;3f:d5:b8:4d:d0:33;-71.0;;;;-71.0;7.943282347242822e-11;0.000376;2.986674162563301e-14;7.880697475324814e-13;37;0x02;37;VERT;False
1786213507.4089653;13.905839157999708;Simulation RF;Détection RF large bande;868 MHz;868 MHz;;2422;1.9520865862705106;-34.08346345082042;-67.08346345082042;1.957283139117249e-10;0.1;1.957283139117249e-11;2.515625094453975e-09;;;;ORANGE;True
1786213507.4095068;13.905839157999708;Simulation RF;Détection RF large bande;2,45 GHz;2,45 GHz;;2773;2.234763534429271;-45.39054137717085;-62.09054137717085;6.179393650547939e-10;0.1;6.17939365054794e-11;5.968168892170632e-09;;;;ORANGE;True
1786213507.4208713;13.933591861999957;BLE Sniffer;Appareil BLE;2,4 GHz BLE;e8:d0:3c:30:07:40;-75.0;;;;-75.0;3.1622776601683794e-11;0.00035999999999999997;1.1384199576606165e-14;4.776898205554516e-13;35;0x00;38;VERT;False
1786213507.4209793;13.93369656599998;BLE Sniffer;Appareil BLE;2,4 GHz BLE;e8:d0:3c:30:07:40;-70.0;;;;-70.0;1e-10;0.00035999999999999997;3.6e-14;5.136898205554516e-13;35;0x00;39;ORANGE;False
1786213507.4210231;13.933740528999806;BLE Sniffer;Appareil BLE;2,4 GHz BLE;3f:d5:b8:4d:d0:33;-70.0;;;;-70.0;1e-10;0.000376;3.76e-14;8.256697475324814e-13;37;0x02;37;ORANGE;False
1786213507.4934118;14.005932009999924;Simulation RF;Détection RF large bande;868 MHz;868 MHz;;2389;1.9249275180691041;-32.99710072276416;-65.99710072276416;2.5135638846856624e-10;0.1;2.5135638846856624e-11;2.5407607333008315e-09;;;;ORANGE;True
1786213507.4935613;14.005932009999924;Simulation RF;Détection RF large bande;2,45 GHz;2,45 GHz;;2796;2.252973757285579;-46.11895029142316;-62.818950291423164;5.225224696817541e-10;0.1;5.225224696817541e-11;6.020421139138807e-09;;;;ORANGE;True
1786213507.6027677;14.106039731999772;Simulation RF;Détection RF large bande;868 MHz;868 MHz;;2371;1.9103485269875211;-32.413941079500844;-65.41394107950084;2.8747884547723963e-10;0.1;2.8747884547723964e-11;2.5695086178485556e-09;;;;ORANGE;True
1786213507.6053553;14.106039731999772;Simulation RF;Détection RF large bande;2,45 GHz;2,45 GHz;;2807;2.262100687206643;-46.48402748826571;-63.18402748826571;4.803936423131344e-10;0.1;4.8039364231313443e-11;6.0684605033701205e-09;;;;ORANGE;True
1786213507.6935954;14.20613206500002;Simulation RF;Détection RF large bande;868 MHz;868 MHz;;2466;1.9870767938838014;-35.48307175535206;-68.48307175535206;1.4180541802865687e-10;0.1;1.4180541802865689e-11;2.5836891596514213e-09;;;;ORANGE;True
1786213507.6937416;14.20613206500002;Simulation RF;Détection RF large bande;2,45 GHz;2,45 GHz;;2737;2.2057002604325855;-44.22801041730342;-60.92801041730342;8.076049241467205e-10;0.1;8.076049241467205e-11;6.149220995784792e-09;;;;ORANGE;True
1786213507.8052588;14.30627823199984;Simulation RF;Détection RF large bande;868 MHz;868 MHz;;2368;1.9084402064911388;-32.33760825964555;-65.33760825964555;2.925763206371248e-10;0.1;2.925763206371248e-11;2.612946791715134e-09;;;;ORANGE;True
1786213507.8075352;14.320257325000057;BLE Sniffer;Appareil BLE;2,4 GHz BLE;3f:d5:b8:4d:d0:33;-76.0;;;;-76.0;2.5118864315095823e-11;0.000376;9.444692982476029e-15;8.351144405149574e-13;37;0x02;38;VERT;False
1786213507.8076549;14.320373009999912;BLE Sniffer;Appareil BLE;2,4 GHz BLE;c3:49:80:30:2e:b9;-73.0;;;;-73.0;5.011872336272715e-11;0.000192;9.622794885643613e-15;1.6202620481385416e-13;14;0x02;39;VERT;False
1786213507.8077013;14.320418509999854;BLE Sniffer;Appareil BLE;2,4 GHz BLE;f4:26:33:35:5f:ba;-72.0;;;;-72.0;6.309573444801942e-11;0.00034399999999999996;2.1704932650118678e-14;9.101704562027804e-14;33;0x00;37;VERT;False
1786213507.8056126;14.30627823199984;Simulation RF;Détection RF large bande;2,45 GHz;2,45 GHz;;2724;2.1949271463205715;-43.79708585282286;-60.49708585282286;8.918491746048105e-10;0.1;8.918491746048105e-11;6.238405913245273e-09;;;;ORANGE;True
1786213507.8938334;14.40637247299992;Simulation RF;Détection RF large bande;868 MHz;868 MHz;;2405;1.9382376636836534;-33.52950654734613;-66.52950654734613;2.2235625211915188e-10;0.1;2.2235625211915188e-11;2.6351824169270493e-09;;;;ORANGE;True
1786213507.8939755;14.40637247299992;Simulation RF;Détection RF large bande;2,45 GHz;2,45 GHz;;2786;2.244884670311135;-45.7953868124454;-62.495386812445396;5.629389759560044e-10;0.1;5.629389759560044e-11;6.294699810840873e-09;;;;ORANGE;True
1786213507.9116385;14.424357065000095;BLE Sniffer;Appareil BLE;2,4 GHz BLE;3f:b5:78:4d:d0:33;-75.0;;;;-75.0;3.1622776601683794e-11;0.000376;1.1890164002233105e-14;1.1890164002233105e-14;37;0x02;38;VERT;False
1786213507.911706;14.424423083999955;BLE Sniffer;iBeacon;2,4 GHz BLE;4e:58:d9:e9:46:b7;-72.0;;;;-72.0;6.309573444801942e-11;0.000368;2.3219230276871148e-14;3.9179020950643797e-13;36;0x00;39;VERT;False
1786213507.912266;14.424983731999873;BLE Sniffer;Appareil BLE;2,4 GHz BLE;3f:d5:b8:4d:d0:33;-71.0;;;;-71.0;7.943282347242822e-11;0.000376;2.986674162563301e-14;8.649811821405904e-13;37;0x02;37;VERT;False
1786213508.0188677;14.50649489899979;Simulation RF;Détection RF large bande;868 MHz;868 MHz;;2400;1.934398657637097;-33.37594630548388;-66.37594630548388;2.303590980663238e-10;0.1;2.3035909806632382e-11;2.6582183267336815e-09;;;;ORANGE;True
1786213508.019638;14.50649489899979;Simulation RF;Détection RF large bande;2,45 GHz;2,45 GHz;;2735;2.2043061943442015;-44.17224777376805;-60.87224777376805;8.180412857078408e-10;0.1;8.180412857078409e-11;6.376503939411658e-09;;;;ORANGE;True
1786213508.0940611;14.6065836949997;Simulation RF;Détection RF large bande;868 MHz;868 MHz;;2364;1.9051448596995937;-32.205794387983744;-65.20579438798374;3.015925165982025e-10;0.1;3.015925165982025e-11;2.6883775783935017e-09;;;;ORANGE;True
1786213508.0942187;14.6065836949997;Simulation RF;Détection RF large bande;2,45 GHz;2,45 GHz;;2753;2.218234454577592;-44.72937818310366;-61.42937818310366;7.19551995098628e-10;0.1;7.195519950986281e-11;6.4484591389215204e-09;;;;ORANGE;True
1786213508.120634;14.633352527999705;BLE Sniffer;Appareil BLE;2,4 GHz BLE;e8:d0:3c:30:07:40;-77.0;;;;-77.0;1.9952623149688828e-11;0.00035999999999999997;7.182944333887977e-15;5.208727648893396e-13;35;0x00;38;VERT;False
1786213508.1207063;14.633423712999956;BLE Sniffer;Appareil BLE;2,4 GHz BLE;e8:d0:3c:30:07:40;-70.0;;;;-70.0;1e-10;0.00035999999999999997;3.6e-14;5.568727648893397e-13;35;0x00;39;ORANGE;False
1786213508.212587;14.706685991000086;Simulation RF;Détection RF large bande;868 MHz;868 MHz;;2459;1.9819414901466392;-35.277659605865566;-68.27765960586557;1.4867366223654214e-10;0.1;1.4867366223654216e-11;2.703244944617156e-09;;;;ORANGE;True
1786213508.212947;14.706685991000086;Simulation RF;Détection RF large bande;2,45 GHz;2,45 GHz;;2768;2.2308304894771718;-45.233219579086864;-61.93321957908686;6.407344013291126e-10;0.1;6.407344013291126e-11;6.512532579054432e-09;;;;ORANGE;True
1786213508.2215974;14.734318324000014;BLE Sniffer;iBeacon;2,4 GHz BLE;4e:58:d9:e9:46:b7;-76.0;;;;-76.0;2.5118864315095823e-11;0.000368;9.243742067955263e-15;4.010339515743932e-13;36;0x00;37;VERT;False
1786213508.221699;14.734416453999984;BLE Sniffer;Appareil BLE;2,4 GHz BLE;4e:58:d9:e9:46:b7;-74.0;;;;-74.0;3.9810717055349695e-11;0.000368;1.4650343876368688e-14;4.156842954507619e-13;36;0x00;38;VERT;False
1786213508.2229164;14.735635157999695;BLE Sniffer;iBeacon;2,4 GHz BLE;4e:58:d9:e9:46:b7;-72.0;;;;-72.0;6.309573444801942e-11;0.000368;2.3219230276871148e-14;4.3890352572763307e-13;36;0x00;39;VERT;False
1786213508.2229962;14.735713583999768;BLE Sniffer;Appareil BLE;2,4 GHz BLE;3f:d5:b8:4d:d0:33;-71.0;;;;-71.0;7.943282347242822e-11;0.000376;2.986674162563301e-14;8.948479237662233e-13;37;0x02;37;VERT;False
1786213508.2942574;14.806777528000111;Simulation RF;Détection RF large bande;868 MHz;868 MHz;;2449;1.9737077293819825;-34.94830917527929;-67.94830917527929;1.603869698577037e-10;0.1;1.603869698577037e-11;2.719283641602926e-09;;;;ORANGE;True
1786213508.294415;14.806777528000111;Simulation RF;Détection RF large bande;2,45 GHz;2,45 GHz;;2689;2.1669562367368775;-42.67824946947509;-59.378249469475094;1.1539182791857934e-09;0.1;1.1539182791857934e-10;6.6279244069730115e-09;;;;ORANGE;True
1786213508.4141703;14.906910620999952;Simulation RF;Détection RF large bande;868 MHz;868 MHz;;2416;1.946756449025532;-33.87025796102128;-66.87025796102128;2.055768484396333e-10;0.1;2.055768484396333e-11;2.7398413264468894e-09;;;;ORANGE;True
1786213508.4145515;14.906910620999952;Simulation RF;Détection RF large bande;2,45 GHz;2,45 GHz;;2785;2.244398234095425;-45.775929363817;-62.475929363817;5.654667376930647e-10;0.1;5.654667376930647e-11;6.684471080742318e-09;;;;ORANGE;True
1786213508.4256008;14.938322639000035;BLE Sniffer;Appareil BLE;2,4 GHz BLE;3f:d5:b8:4d:d0:33;-76.0;;;;-76.0;2.5118864315095823e-11;0.000376;9.444692982476029e-15;9.042926167486994e-13;37;0x02;38;VERT;False
1786213508.425719;14.93843636099973;BLE Sniffer;Appareil BLE;2,4 GHz BLE;2a:41:8f:bd:9a:8e;-96.0;;;;-96.0;2.511886431509582e-13;0.000424;1.0650398469600628e-16;1.0650398469600628e-16;43;0x02;39;VERT;False
1786213508.4944735;15.007005860999925;Simulation RF;Détection RF large bande;868 MHz;868 MHz;;2451;1.975513111949255;-35.0205244779702;-68.0205244779702;1.5774207601647012e-10;0.1;1.5774207601647013e-11;2.7556155340485364e-09;;;;ORANGE;True
1786213508.4946241;15.007005860999925;Simulation RF;Détection RF large bande;2,45 GHz;2,45 GHz;;2806;2.260955086335827;-46.438203453433076;-63.13820345343307;4.854892910489328e-10;0.1;4.8548929104893286e-11;6.733020009847212e-09;;;;ORANGE;True
1786213508.5277197;15.0404390650001;BLE Sniffer;iBeacon;2,4 GHz BLE;4e:58:d9:e9:46:b7;-76.0;;;;-76.0;2.5118864315095823e-11;0.000368;9.243742067955263e-15;4.481472677955883e-13;36;0x00;37;VERT;False
1786213508.5277941;15.040511528000025;BLE Sniffer;Appareil BLE;2,4 GHz BLE;4e:58:d9:e9:46:b7;-73.0;;;;-73.0;5.011872336272715e-11;0.000368;1.844369019748359e-14;4.665909579930719e-13;36;0x00;38;VERT;False
1786213508.5278325;15.040549843000008;BLE Sniffer;iBeacon;2,4 GHz BLE;4e:58:d9:e9:46:b7;-72.0;;;;-72.0;6.309573444801942e-11;0.000368;2.3219230276871148e-14;4.89810188269943e-13;36;0x00;39;VERT;False
1786213508.5286915;15.041409250000015;BLE Sniffer;Appareil BLE;2,4 GHz BLE;e8:d0:3c:30:07:40;-66.0;;;;-66.0;2.511886431509582e-10;0.00035999999999999997;9.042791153434495e-14;6.473006764236846e-13;35;0x00;37;ORANGE;False
1786213508.6186717;15.1071111199999;Simulation RF;Détection RF large bande;868 MHz;868 MHz;;2393;1.9288264174477554;-33.153056697910216;-66.15305669791022;2.4249027732936386e-10;0.1;2.4249027732936388e-11;2.779864561781473e-09;;;;ORANGE;True
1786213508.6199126;15.1071111199999;Simulation RF;Détection RF large bande;2,45 GHz;2,45 GHz;;2719;2.191203696262843;-43.64814785051372;-60.348147850513726;9.229649630350958e-10;0.1;9.229649630350959e-11;6.825316506150721e-09;;;;ORANGE;True
1786213508.6302009;15.142922305999946;BLE Sniffer;Appareil BLE;2,4 GHz BLE;e9:50:3c:3c:07:40;-76.0;;;;-76.0;2.5118864315095823e-11;0.000336;8.439938409872197e-15;8.439938409872197e-15;32;0x00;38;VERT;False
1786213508.6303277;15.143045119999897;BLE Sniffer;Appareil BLE;2,4 GHz BLE;e8:d0:3c:30:07:40;-70.0;;;;-70.0;1e-10;0.00035999999999999997;3.6e-14;6.833006764236846e-13;35;0x00;39;ORANGE;False
1786213508.630371;15.143088434999754;BLE Sniffer;Appareil BLE;2,4 GHz BLE;3f:d5:b8:4d:d0:33;-72.0;;;;-72.0;6.309573444801942e-11;0.000376;2.3723996152455302e-14;9.280166129011547e-13;37;0x02;37;VERT;False
1786213508.6946585;15.207198453999808;Simulation RF;Détection RF large bande;868 MHz;868 MHz;;2413;1.9447311607762179;-33.78924643104871;-66.78924643104871;2.0944758486891214e-10;0.1;2.0944758486891214e-11;2.800809320268364e-09;;;;ORANGE;True
1786213508.6948073;15.207198453999808;Simulation RF;Détection RF large bande;2,45 GHz;2,45 GHz;;2755;2.219783172572159;-44.791326902886354;-61.49132690288636;7.093610033008208e-10;0.1;7.09361003300821e-11;6.896252606480803e-09;;;;ORANGE;True
1786213508.830986;15.307305917000122;Simulation RF;Détection RF large bande;868 MHz;868 MHz;;2471;1.9912423277594766;-35.64969311037906;-68.64969311037906;1.364679566825898e-10;0.1;1.364679566825898e-11;2.814456115936623e-09;;;;ORANGE;True
1786213508.8312774;15.307305917000122;Simulation RF;Détection RF large bande;2,45 GHz;2,45 GHz;;2740;2.2084393443439008;-44.33757377375602;-61.037573773756016;7.874856029377971e-10;0.1;7.874856029377972e-11;6.975001166774583e-09;;;;ORANGE;True
1786213508.89496;15.407411249999768;Simulation RF;Détection RF large bande;868 MHz;868 MHz;;2409;1.9414301641976799;-33.657206567907195;-66.6572065679072;2.1591327416390824e-10;0.1;2.1591327416390827e-11;2.836047443353014e-09;;;;ORANGE;True
1786213508.895142;15.407411249999768;Simulation RF;Détection RF large bande;2,45 GHz;2,45 GHz;;2868;2.311219899376098;-48.44879597504392;-65.14879597504392;3.055768167766346e-10;0.1;3.0557681677663466e-11;7.005558848452247e-09;;;;ORANGE;True
1786213509.0327096;15.507529212999998;Simulation RF;Détection RF large bande;868 MHz;868 MHz;;2450;1.9742531522334161;-34.970126089336645;-67.97012608933665;1.5958328145223218e-10;0.1;1.5958328145223218e-11;2.852005771498237e-09;;;;ORANGE;True
1786213509.0339978;15.507529212999998;Simulation RF;Détection RF large bande;2,45 GHz;2,45 GHz;;2771;2.2332781240345176;-45.33112496138071;-62.031124961380705;6.26451572693576e-10;0.1;6.26451572693576e-11;7.068204005721604e-09;;;;ORANGE;True
1786213509.0951443;15.607626712999718;Simulation RF;Détection RF large bande;868 MHz;868 MHz;;2501;2.015755126310045;-36.63020505240179;-69.63020505240179;1.0888786806470807e-10;0.1;1.0888786806470808e-11;2.8628945583047077e-09;;;;ORANGE;True
1786213509.0953286;15.607626712999718;Simulation RF;Détection RF large bande;2,45 GHz;2,45 GHz;;2803;2.2584926322778553;-46.339705291114214;-63.03970529111422;4.966260209656563e-10;0.1;4.966260209656563e-11;7.11786660781817e-09;;;;ORANGE;True
1786213509.235274;15.707750342000054;Simulation RF;Détection RF large bande;868 MHz;868 MHz;;2470;1.9902606757598882;-35.61042703039553;-68.61042703039553;1.377074058149392e-10;0.1;1.377074058149392e-11;2.8766652988862016e-09;;;;ORANGE;True
1786213509.236767;15.707750342000054;Simulation RF;Détection RF large bande;2,45 GHz;2,45 GHz;;2774;2.235829618050817;-45.43318472203268;-62.133184722032674;6.119015140616174e-10;0.1;6.119015140616175e-11;7.179056759224331e-09;;;;ORANGE;True
1786213509.2404008;15.753118472000097;BLE Sniffer;Appareil BLE;2,4 GHz BLE;3f:d5:b8:4d:d0:33;-77.0;;;;-77.0;1.9952623149688828e-11;0.000376;7.502186304282999e-15;9.355187992054376e-13;37;0x02;38;VERT;False
1786213509.2953608;15.807838064999942;Simulation RF;Détection RF large bande;868 MHz;868 MHz;;2442;1.9676587538931631;-34.706350155726525;-67.70635015572653;1.695762333494338e-10;0.1;1.6957623334943382e-11;2.893622922221145e-09;;;;ORANGE;True
1786213509.295549;15.807838064999942;Simulation RF;Détection RF large bande;2,45 GHz;2,45 GHz;;2712;2.1851159960138626;-43.40463984055451;-60.10463984055451;9.76193734602239e-10;0.1;9.76193734602239e-11;7.276676132684555e-09;;;;ORANGE;True
1786213509.3426716;15.855390435000118;BLE Sniffer;iBeacon;2,4 GHz BLE;4e:58:d9:e9:46:b7;-74.0;;;;-74.0;3.9810717055349695e-11;0.000368;1.4650343876368688e-14;5.044605321463116e-13;36;0x00;39;VERT;False
1786213509.3435183;15.856236063999859;BLE Sniffer;Appareil BLE;2,4 GHz BLE;3f:d5:b8:4d:d0:33;-72.0;;;;-72.0;6.309573444801942e-11;0.000376;2.3723996152455302e-14;9.59242795357893e-13;37;0x02;37;VERT;False
1786213509.4368935;15.907950378999885;Simulation RF;Détection RF large bande;868 MHz;868 MHz;;2423;1.9527713616310636;-34.11085446524254;-67.11085446524254;1.944977373775199e-10;0.1;1.9449773737751993e-11;2.913072695958897e-09;;;;ORANGE;True
1786213509.43786;15.907950378999885;Simulation RF;Détection RF large bande;2,45 GHz;2,45 GHz;;2754;2.2194782279546175;-44.7791291181847;-61.4791291181847;7.11356146140638e-10;0.1;7.113561461406381e-11;7.347811747298619e-09;;;;ORANGE;True
1786213509.5242748;16.00806095300004;Simulation RF;Détection RF large bande;868 MHz;868 MHz;;2537;2.0444638201490304;-37.77855280596121;-70.77855280596121;8.358815115722711e-11;0.1;8.358815115722712e-12;2.9214315110746195e-09;;;;VERT;True
1786213509.5245764;16.00806095300004;Simulation RF;Détection RF large bande;2,45 GHz;2,45 GHz;;2795;2.2521058781492123;-46.08423512596849;-62.78423512596849;5.267159712863195e-10;0.1;5.267159712863195e-11;7.400483344427251e-09;;;;ORANGE;True
1786213509.5468304;16.059550027000114;BLE Sniffer;Appareil BLE;2,4 GHz BLE;4e:58:d9:e9:46:b7;-82.0;;;;-82.0;6.309573444801943e-12;0.000368;2.321923027687115e-15;5.067824551739988e-13;36;0x00;38;VERT;False
1786213509.6384287;16.108194453000124;Simulation RF;Détection RF large bande;868 MHz;868 MHz;;2517;2.0287428714685176;-37.149714858740694;-70.1497148587407;9.661143083030396e-11;0.1;9.661143083030396e-12;2.9310926541576497e-09;;;;VERT;True
1786213509.6665735;16.179293119999784;BLE Sniffer;Appareil BLE;2,4 GHz BLE;46:5e:d9:e9:42:b7;-94.0;;;;-94.0;3.981071705534969e-13;0.000368;1.4650343876368687e-16;1.4650343876368687e-16;36;0x00;39;VERT;False
1786213509.6666398;16.179357156999686;BLE Sniffer;Appareil BLE;2,4 GHz BLE;3f:d5:b8:4d:d0:33;-70.0;;;;-70.0;1e-10;0.000376;3.76e-14;9.96842795357893e-13;37;0x02;37;ORANGE;False
1786213509.6664696;16.108194453000124;Simulation RF;Détection RF large bande;2,45 GHz;2,45 GHz;;2752;2.2177073074689817;-44.70829229875926;-61.408292298759264;7.23054061781801e-10;0.1;7.230540617818011e-11;7.472788750605431e-09;;;;ORANGE;True
1786213509.7293925;16.24195287900011;Simulation RF;Détection RF large bande;868 MHz;868 MHz;;2524;2.034350359240201;-37.374014369608034;-70.37401436960803;9.174841345903847e-11;0.1;9.174841345903847e-12;2.9402674955035536e-09;;;;VERT;True
1786213509.7295842;16.24195287900011;Simulation RF;Détection RF large bande;2,45 GHz;2,45 GHz;;2722;2.1936210367389153;-43.744841469556604;-60.4448414695566;9.026426560196612e-10;0.1;9.026426560196613e-11;7.563053016207398e-09;;;;ORANGE;True
1786213509.857786;16.37050617499972;BLE Sniffer;Appareil BLE;2,4 GHz BLE;c3:49:80:30:2e:b9;-64.0;;;;-64.0;3.9810717055349694e-10;0.000192;7.643657674627141e-14;2.3846278156012555e-13;14;0x02;38;ORANGE;False
1786213509.8579335;16.37065085999984;BLE Sniffer;Appareil BLE;2,4 GHz BLE;3f:d5:b8:4d:d0:33;-66.0;;;;-66.0;2.511886431509582e-10;0.000376;9.444692982476028e-14;1.0912897251826532e-12;37;0x02;39;ORANGE;False
1786213509.8543081;16.342059915999926;Simulation RF;Détection RF large bande;868 MHz;868 MHz;;2512;2.0239253497354825;-36.957013989419295;-69.9570139894193;1.0099470408910116e-10;0.1;1.0099470408910117e-11;2.950366965912464e-09;;;;ORANGE;True
1786213509.8594935;16.342059915999926;Simulation RF;Détection RF large bande;2,45 GHz;2,45 GHz;;2755;2.2201932405148277;-44.80772962059311;-61.5077296205931;7.066868953742269e-10;0.1;7.06686895374227e-11;7.63372170574482e-09;;;;ORANGE;True
1786213509.9297228;16.442158822999772;Simulation RF;Détection RF large bande;868 MHz;868 MHz;;2433;1.960266058771019;-34.41064235084076;-67.41064235084076;1.8152471556147515e-10;0.1;1.8152471556147516e-11;2.9685194374686114e-09;;;;ORANGE;True
1786213509.929909;16.442158822999772;Simulation RF;Détection RF large bande;2,45 GHz;2,45 GHz;;2758;2.222171852494721;-44.88687409978883;-61.58687409978882;6.939250893888452e-10;0.1;6.939250893888452e-11;7.703114214683704e-09;;;;ORANGE;True
1786213509.9601326;16.472851156999695;BLE Sniffer;Appareil BLE;2,4 GHz BLE;3f:d5:b8:4d:d0:33;-70.0;;;;-70.0;1e-10;0.000376;3.76e-14;1.1288897251826531e-12;37;0x02;37;ORANGE;False
1786213510.0537567;16.542269748999843;Simulation RF;Détection RF large bande;868 MHz;868 MHz;;2513;2.0252320315312042;-37.00928126124816;-70.00928126124816;9.978651925702231e-11;0.1;9.978651925702232e-12;2.9784980893943135e-09;;;;VERT;True
1786213510.0559754;16.542269748999843;Simulation RF;Détection RF large bande;2,45 GHz;2,45 GHz;;2724;2.1949206198143405;-43.79682479257362;-60.49682479257362;8.919027864685117e-10;0.1;8.919027864685118e-11;7.792304493330556e-09;;;;ORANGE;True
1786213510.0614505;16.574168656999973;BLE Sniffer;Appareil BLE;2,4 GHz BLE;3f:d5:b8:4d:d0:33;-72.0;;;;-72.0;6.309573444801942e-11;0.000376;2.3723996152455302e-14;1.1526137213351084e-12;37;0x02;38;VERT;False
1786213510.1299217;16.642359841999678;Simulation RF;Détection RF large bande;868 MHz;868 MHz;;2440;1.966644364924244;-34.665774596969754;-67.66577459696975;1.7116798584608408e-10;0.1;1.711679858460841e-11;2.9956148879789217e-09;;;;ORANGE;True
1786213510.1300907;16.642359841999678;Simulation RF;Détection RF large bande;2,45 GHz;2,45 GHz;;2748;2.2144712087254366;-44.57884834901746;-61.278848349017466;7.449294862099245e-10;0.1;7.449294862099246e-11;7.866797441951549e-09;;;;ORANGE;True
1786213510.163371;16.676089619999857;BLE Sniffer;Appareil BLE;2,4 GHz BLE;3f:d5:b8:4d:d0:33;-67.0;;;;-67.0;1.9952623149688828e-10;0.000376;7.502186304282999e-14;1.2276355843779385e-12;37;0x02;39;ORANGE;False
1786213510.1634452;16.676162527000088;BLE Sniffer;iBeacon;2,4 GHz BLE;4e:58:d9:e9:46:b7;-72.0;;;;-72.0;6.309573444801942e-11;0.000368;2.3219230276871148e-14;5.300016854508699e-13;36;0x00;37;VERT;False
1786213510.1643727;16.67709110099986;BLE Sniffer;iBeacon;2,4 GHz BLE;4e:58:d9:e9:46:b7;-76.0;;;;-76.0;2.5118864315095823e-11;0.000368;9.243742067955263e-15;5.392454275188252e-13;36;0x00;38;VERT;False
1786213510.2578013;16.742442174999724;Simulation RF;Détection RF large bande;868 MHz;868 MHz;;2485;2.0028039242445916;-36.112156969783655;-69.11215696978365;1.226829761757984e-10;0.1;1.226829761757984e-11;3.0078831855965016e-09;;;;ORANGE;True
1786213510.2599518;16.742442174999724;Simulation RF;Détection RF large bande;2,45 GHz;2,45 GHz;;2750;2.215890780687536;-44.635631227501435;-61.33563122750144;7.352531219735778e-10;0.1;7.352531219735778e-11;7.940322754148906e-09;;;;ORANGE;True
1786213510.265842;16.778560878999997;BLE Sniffer;iBeacon;2,4 GHz BLE;4e:58:d9:e9:46:b7;-70.0;;;;-70.0;1e-10;0.000368;3.68e-14;5.760454275188252e-13;36;0x00;39;ORANGE;False
1786213510.2659855;16.778703137999855;BLE Sniffer;Appareil BLE;2,4 GHz BLE;3f:d5:b8:4d:d0:33;-68.0;;;;-68.0;1.584893192461111e-10;0.000376;5.959198403653776e-14;1.2872275684144762e-12;37;0x02;37;ORANGE;False
1786213510.2682357;16.780954137999743;BLE Sniffer;Appareil BLE;2,4 GHz BLE;e8:d0:3c:30:07:40;-70.0;;;;-70.0;1e-10;0.00035999999999999997;3.6e-14;7.193006764236846e-13;35;0x00;38;ORANGE;False
1786213510.3300967;16.842539490000036;Simulation RF;Détection RF large bande;868 MHz;868 MHz;;2472;1.9922642166188078;-35.690568664752305;-68.6905686647523;1.3518955345408638e-10;0.1;1.3518955345408639e-11;3.02140214094191e-09;;;;ORANGE;True
1786213510.330272;16.842539490000036;Simulation RF;Détection RF large bande;2,45 GHz;2,45 GHz;;2801;2.257297578140435;-46.291903125617395;-62.99190312561739;5.021225057654335e-10;0.1;5.021225057654335e-11;7.990535004725449e-09;;;;ORANGE;True
1786213510.3691628;16.881881415999942;BLE Sniffer;Appareil BLE;2,4 GHz BLE;e8:d0:3c:30:07:40;-73.0;;;;-73.0;5.011872336272715e-11;0.00035999999999999997;1.804274041058177e-14;7.373434168342664e-13;35;0x00;39;VERT;False
1786213510.370053;16.882771322999815;BLE Sniffer;Appareil BLE;2,4 GHz BLE;3f:d5:b8:4d:d0:33;-69.0;;;;-69.0;1.2589254117941662e-10;0.000376;4.7335595483460646e-14;1.334563163897937e-12;37;0x02;37;ORANGE;False
1786213510.4600654;16.942648138000095;Simulation RF;Détection RF large bande;868 MHz;868 MHz;;2517;2.028221551143179;-37.128862045727146;-70.12886204572715;9.707642971326226e-11;0.1;9.707642971326226e-12;3.0311097839132365e-09;;;;VERT;True
1786213510.4610145;16.942648138000095;Simulation RF;Détection RF large bande;2,45 GHz;2,45 GHz;;2712;2.185828083499622;-43.43312333998489;-60.13312333998489;9.698122510690996e-10;0.1;9.698122510690997e-11;8.087516229832359e-09;;;;ORANGE;True
1786213510.4712517;16.983972618999815;BLE Sniffer;Appareil BLE;2,4 GHz BLE;ff:d5:b4:4d:d0:33;-75.0;;;;-75.0;3.1622776601683794e-11;0.000376;1.1890164002233105e-14;1.1890164002233105e-14;37;0x02;38;VERT;False
1786213510.530307;17.042742305000047;Simulation RF;Détection RF large bande;868 MHz;868 MHz;;2493;2.0093859046775013;-36.37543618710005;-69.37543618710005;1.1546660090710404e-10;0.1;1.1546660090710404e-11;3.042656444003947e-09;;;;ORANGE;True
1786213510.5304797;17.042742305000047;Simulation RF;Détection RF large bande;2,45 GHz;2,45 GHz;;2728;2.1979911537736;-43.919646150944004;-60.619646150944;8.670325158772853e-10;0.1;8.670325158772854e-11;8.174219481420087e-09;;;;ORANGE;True
1786213510.573889;17.08660887899987;BLE Sniffer;Appareil BLE;2,4 GHz BLE;3f:d5:b8:4d:d0:33;-66.0;;;;-66.0;2.511886431509582e-10;0.000376;9.444692982476028e-14;1.4290100937226972e-12;37;0x02;39;ORANGE;False
1786213510.6689272;17.142844044999947;Simulation RF;Détection RF large bande;868 MHz;868 MHz;;2499;2.013800365942363;-36.55201463769451;-69.55201463769451;1.1086604022850825e-10;0.1;1.1086604022850826e-11;3.053743048026798e-09;;;;ORANGE;True
1786213510.6693878;17.142844044999947;Simulation RF;Détection RF large bande;2,45 GHz;2,45 GHz;;2787;2.2460395340741566;-45.84158136296625;-62.54158136296625;5.569829021198161e-10;0.1;5.5698290211981615e-11;8.22991777163207e-09;;;;ORANGE;True
1786213510.6756818;17.18840208199981;BLE Sniffer;Appareil BLE;2,4 GHz BLE;e8:d0:3c:30:07:40;-66.0;;;;-66.0;2.511886431509582e-10;0.00035999999999999997;9.042791153434495e-14;8.277713283686113e-13;35;0x00;37;ORANGE;False
1786213510.6757925;17.18850952699995;BLE Sniffer;Appareil BLE;2,4 GHz BLE;e8:d0:3c:30:07:40;-72.0;;;;-72.0;6.309573444801942e-11;0.00035999999999999997;2.271446440128699e-14;8.504857927698983e-13;35;0x00;38;VERT;False
1786213510.6758344;17.188551581999945;BLE Sniffer;Appareil BLE;2,4 GHz BLE;e8:d0:3c:30:07:40;-71.0;;;;-71.0;7.943282347242822e-11;0.00035999999999999997;2.859581645007415e-14;8.790816092199725e-13;35;0x00;39;VERT;False
1786213510.730599;17.243004563999875;Simulation RF;Détection RF large bande;868 MHz;868 MHz;;2565;2.067402096496032;-38.69608385984128;-71.69608385984128;6.76692890985876e-11;0.1;6.766928909858761e-12;3.0605099769366567e-09;;;;VERT;True
1786213510.7307756;17.243004563999875;Simulation RF;Détection RF large bande;2,45 GHz;2,45 GHz;;2780;2.240152204652062;-45.60608818608249;-62.30608818608249;5.880187592886311e-10;0.1;5.880187592886312e-11;8.288719647560932e-09;;;;ORANGE;True
1786213510.7785378;17.29125697099971;BLE Sniffer;Appareil BLE;2,4 GHz BLE;3f:d5:b8:4d:d0:33;-70.0;;;;-70.0;1e-10;0.000376;3.76e-14;1.4666100937226972e-12;37;0x02;37;ORANGE;False
1786213510.8715754;17.343110711999998;Simulation RF;Détection RF large bande;868 MHz;868 MHz;;2521;2.031537751147035;-37.261510045881394;-70.2615100458814;9.415621575783052e-11;0.1;9.415621575783052e-12;3.0699255985124395e-09;;;;VERT;True
1786213510.872014;17.343110711999998;Simulation RF;Détection RF large bande;2,45 GHz;2,45 GHz;;2731;2.201097214631918;-44.043888585276704;-60.74388858527671;8.42579990768133e-10;0.1;8.42579990768133e-11;8.372977646637746e-09;;;;ORANGE;True
1786213510.8801537;17.39287369299973;BLE Sniffer;Appareil BLE;2,4 GHz BLE;3f:d5:bb:4d:d0:33;-75.0;;;;-75.0;3.1622776601683794e-11;0.000376;1.1890164002233105e-14;1.1890164002233105e-14;37;0x02;38;VERT;False
1786213510.9307344;17.44321276699975;Simulation RF;Détection RF large bande;868 MHz;868 MHz;;2527;2.036047810981314;-37.44191243925256;-70.44191243925256;9.032516343883005e-11;0.1;9.032516343883006e-12;3.0789581148563227e-09;;;;VERT;True
1786213510.9309292;17.44321276699975;Simulation RF;Détection RF large bande;2,45 GHz;2,45 GHz;;2840;2.288922070917;-47.55688283668;-64.25688283668;3.7524223699551085e-10;0.1;3.752422369955109e-11;8.410501870337297e-09;;;;ORANGE;True
1786213510.9833584;17.496077174999755;BLE Sniffer;Appareil BLE;2,4 GHz BLE;3f:d5:b8:4d:d0:33;-66.0;;;;-66.0;2.511886431509582e-10;0.000376;9.444692982476028e-14;1.5610570235474574e-12;37;0x02;39;ORANGE;False
1786213511.0818164;17.54337032300009;Simulation RF;Détection RF large bande;868 MHz;868 MHz;;2460;1.9825122099569807;-35.30048839827923;-68.30048839827923;1.4789420601572036e-10;0.1;1.4789420601572037e-11;3.093747535457895e-09;;;;ORANGE;True
1786213511.0821996;17.54337032300009;Simulation RF;Détection RF large bande;2,45 GHz;2,45 GHz;;2776;2.237395897607132;-45.49583590428527;-62.195835904285275;6.031376084008367e-10;0.1;6.031376084008367e-11;8.47081563117738e-09;;;;ORANGE;True
1786213511.084157;17.59687867499997;BLE Sniffer;iBeacon;2,4 GHz BLE;4e:58:d9:e9:46:b7;-77.0;;;;-77.0;1.9952623149688828e-11;0.000368;7.342565319085488e-15;5.833879928379106e-13;36;0x00;37;VERT;False
1786213511.1310508;17.643473192999863;Simulation RF;Détection RF large bande;868 MHz;868 MHz;;2581;2.080042340536426;-39.201693621457025;-72.20169362145703;6.02324651271273e-11;0.1;6.02324651271273e-12;3.0997707819706074e-09;;;;VERT;True
1786213511.1312525;17.643473192999863;Simulation RF;Détection RF large bande;2,45 GHz;2,45 GHz;;2778;2.238522493154505;-45.540899726180186;-62.24089972618019;5.969116118282067e-10;0.1;5.969116118282067e-11;8.5305067923602e-09;;;;ORANGE;True
1786213511.2822194;17.743581636999807;Simulation RF;Détection RF large bande;868 MHz;868 MHz;;2523;2.0332599602333974;-37.330398409335885;-70.33039840933588;9.267448025621409e-11;0.1;9.26744802562141e-12;3.109038229996229e-09;;;;VERT;True
1786213511.282661;17.743581636999807;Simulation RF;Détection RF large bande;2,45 GHz;2,45 GHz;;2776;2.2373000007084083;-45.49200002833632;-62.192000028336324;6.036705608470874e-10;0.1;6.036705608470874e-11;8.590873848444908e-09;;;;ORANGE;True
1786213511.331203;17.843679823000002;Simulation RF;Détection RF large bande;868 MHz;868 MHz;;2597;2.0930880832377716;-39.723523329510854;-72.72352332951085;5.3413085570997235e-11;0.1;5.341308557099724e-12;3.1143795385533287e-09;;;;VERT;True
1786213511.3313859;17.843679823000002;Simulation RF;Détection RF large bande;2,45 GHz;2,45 GHz;;2720;2.192312101478828;-43.69248405915312;-60.39248405915311;9.135905403568554e-10;0.1;9.135905403568555e-11;8.682232902480593e-09;;;;ORANGE;True
1786213511.3897038;17.902423396999893;BLE Sniffer;Appareil BLE;2,4 GHz BLE;28:50:3c:70:03:40;-70.0;;;;-70.0;1e-10;0.000488;4.88e-14;4.88e-14;51;0x00;38;ORANGE;False
1786213511.3906357;17.903353970999888;BLE Sniffer;Appareil BLE;2,4 GHz BLE;e8:d0:3c:30:07:40;-71.0;;;;-71.0;7.943282347242822e-11;0.00035999999999999997;2.859581645007415e-14;9.076774256700467e-13;35;0x00;39;VERT;False
1786213511.3906937;17.903410988999894;BLE Sniffer;Appareil BLE;2,4 GHz BLE;3f:d5:b8:4d:d0:33;-70.0;;;;-70.0;1e-10;0.000376;3.76e-14;1.5986570235474574e-12;37;0x02;37;ORANGE;False
1786213511.493839;17.94380487799981;Simulation RF;Détection RF large bande;868 MHz;868 MHz;;2593;2.089454140318889;-39.578165612755555;-72.57816561275556;5.5231067681051747e-11;0.1;5.523106768105175e-12;3.1199026453214337e-09;;;;VERT;True
1786213511.4966364;17.94380487799981;Simulation RF;Détection RF large bande;2,45 GHz;2,45 GHz;;2859;2.3037858054202225;-48.1514322168089;-64.8514322168089;3.2723276222732034e-10;0.1;3.272327622273204e-11;8.714956178703325e-09;;;;ORANGE;True
1786213511.5313652;18.043885692999993;Simulation RF;Détection RF large bande;868 MHz;868 MHz;;2600;2.0949614827749556;-39.798459310998226;-72.79845931099823;5.249936722682705e-11;0.1;5.249936722682705e-12;3.1251525820441163e-09;;;;VERT;True
1786213511.531522;18.043885692999993;Simulation RF;Détection RF large bande;2,45 GHz;2,45 GHz;;2784;2.2432360109018847;-45.72944043607539;-62.429440436075396;5.715522732120071e-10;0.1;5.715522732120071e-11;8.772111406024527e-09;;;;ORANGE;True
1786213511.7006469;18.213367803999972;BLE Sniffer;Appareil BLE;2,4 GHz BLE;3f:d5:b8:4d:d0:33;-75.0;;;;-75.0;3.1622776601683794e-11;0.000376;1.1890164002233105e-14;1.6105471875496904e-12;37;0x02;38;VERT;False
1786213511.7007792;18.213496544999998;BLE Sniffer;Appareil BLE;2,4 GHz BLE;e8:d0:3c:30:07:40;-71.0;;;;-71.0;7.943282347242822e-11;0.00035999999999999997;2.859581645007415e-14;9.362732421201208e-13;35;0x00;39;VERT;False
1786213511.700251;18.144210767000004;Simulation RF;Détection RF large bande;868 MHz;868 MHz;;2569;2.069908157767651;-38.796326310706036;-71.79632631070604;6.612525638637481e-11;0.1;6.612525638637481e-12;3.1317651076827538e-09;;;;VERT;True
1786213511.7047338;18.144210767000004;Simulation RF;Détection RF large bande;2,45 GHz;2,45 GHz;;2820;2.272203905384728;-46.88815621538912;-63.58815621538912;4.377078933325436e-10;0.1;4.377078933325436e-11;8.815882195357781e-09;;;;ORANGE;True
1786213511.7317588;18.24429323000004;Simulation RF;Détection RF large bande;868 MHz;868 MHz;;2588;2.0854260610411246;-39.41704244164498;-72.41704244164498;5.731862396402595e-11;0.1;5.7318623964025955e-12;3.1374969700791565e-09;;;;VERT;True
1786213511.7319343;18.24429323000004;Simulation RF;Détection RF large bande;2,45 GHz;2,45 GHz;;2734;2.202858395482202;-44.11433581928809;-60.81433581928808;8.290226917221475e-10;0.1;8.290226917221476e-11;8.898784464529996e-09;;;;ORANGE;True
1786213511.8049436;18.317662562999885;BLE Sniffer;Appareil BLE;2,4 GHz BLE;f4:26:33:35:5f:ba;-75.0;;;;-75.0;3.1622776601683794e-11;0.00034399999999999996;1.0878235150979223e-14;1.0189528077125727e-13;33;0x00;37;VERT;False
1786213511.8050148;18.31773195200003;BLE Sniffer;Appareil BLE;2,4 GHz BLE;f4:26:33:35:5f:ba;-75.0;;;;-75.0;3.1622776601683794e-11;0.00034399999999999996;1.0878235150979223e-14;1.127735159222365e-13;33;0x00;38;VERT;False
1786213511.9051208;18.344989526000063;Simulation RF;Détection RF large bande;868 MHz;868 MHz;;2555;2.059148493075966;-38.365939723038636;-71.36593972303864;7.301398086928715e-11;0.1;7.301398086928715e-12;3.1447983681660853e-09;;;;VERT;True
1786213511.9054818;18.344989526000063;Simulation RF;Détection RF large bande;2,45 GHz;2,45 GHz;;2780;2.2404128184038115;-45.61651273615246;-62.31651273615246;5.866090061619525e-10;0.1;5.866090061619526e-11;8.95744536514619e-09;;;;ORANGE;True
1786213511.90595;18.418670211000062;BLE Sniffer;Appareil BLE;2,4 GHz BLE;f4:26:33:35:5f:ba;-84.0;;;;-84.0;3.9810717055349695e-12;0.00034399999999999996;1.3694886667040294e-15;1.1414300458894053e-13;33;0x00;39;VERT;False
1786213511.9060419;18.418759192999914;BLE Sniffer;Appareil BLE;2,4 GHz BLE;c3:49:80:30:2e:b9;-60.0;;;;-60.0;1e-09;0.000192;1.9200000000000001e-13;4.3046278156012554e-13;14;0x02;37;ORANGE;False
1786213511.9060855;18.418802618999962;BLE Sniffer;Appareil BLE;2,4 GHz BLE;3f:d5:b8:4d:d0:33;-75.0;;;;-75.0;3.1622776601683794e-11;0.000376;1.1890164002233105e-14;1.6224373515519235e-12;37;0x02;38;VERT;False
1786213511.9326766;18.4450796000001;Simulation RF;Détection RF large bande;868 MHz;868 MHz;;2576;2.075600381865913;-39.02401527463651;-72.02401527463651;6.274779550818216e-11;0.1;6.274779550818217e-12;3.1510731477169035e-09;;;;VERT;True
1786213511.932845;18.4450796000001;Simulation RF;Détection RF large bande;2,45 GHz;2,45 GHz;;2818;2.270875010563768;-46.835000422550706;-63.53500042255071;4.4309817137766297e-10;0.1;4.43098171377663e-11;9.001755182283957e-09;;;;ORANGE;True
1786213512.014538;18.527257451999958;BLE Sniffer;iBeacon;2,4 GHz BLE;4e:58:d9:e9:46:b7;-70.0;;;;-70.0;1e-10;0.000368;3.68e-14;6.201879928379106e-13;36;0x00;39;ORANGE;False
1786213512.0162723;18.5289941179999;BLE Sniffer;Appareil BLE;2,4 GHz BLE;3f:d5:b8:4d:d0:33;-68.0;;;;-68.0;1.584893192461111e-10;0.000376;5.959198403653776e-14;1.6820293355884612e-12;37;0x02;37;ORANGE;False
1786213512.0163956;18.52911293299985;BLE Sniffer;Appareil BLE;2,4 GHz BLE;ff:d5:b8:4d:d0:33;-75.0;;;;-75.0;3.1622776601683794e-11;0.000376;1.1890164002233105e-14;1.1890164002233105e-14;37;0x02;38;VERT;False
1786213512.1096675;18.545253969999976;Simulation RF;Détection RF large bande;868 MHz;868 MHz;;2553;2.0570051623086676;-38.28020649234671;-71.28020649234671;7.446965652596601e-11;0.1;7.446965652596601e-12;3.1585201133695002e-09;;;;VERT;True
1786213512.1120632;18.545253969999976;Simulation RF;Détection RF large bande;2,45 GHz;2,45 GHz;;2818;2.2712009417828685;-46.84803767131474;-63.54803767131474;4.417700128977448e-10;0.1;4.4177001289774484e-11;9.045932183573732e-09;;;;ORANGE;True
1786213512.1182754;18.63099621099991;BLE Sniffer;Appareil BLE;2,4 GHz BLE;e8:d0:3c:30:07:40;-71.0;;;;-71.0;7.943282347242822e-11;0.00035999999999999997;2.859581645007415e-14;9.64869058570195e-13;35;0x00;39;VERT;False
1786213512.1183844;18.63110163700003;BLE Sniffer;Appareil BLE;2,4 GHz BLE;3f:d5:b8:4d:d0:33;-69.0;;;;-69.0;1.2589254117941662e-10;0.000376;4.7335595483460646e-14;1.729364931071922e-12;37;0x02;37;ORANGE;False
1786213512.1328688;18.645337804000064;Simulation RF;Détection RF large bande;868 MHz;868 MHz;;2568;2.0693820258559756;-38.775281034239015;-71.77528103423901;6.644646736587081e-11;0.1;6.644646736587081e-12;3.165164760106087e-09;;;;VERT;True
1786213512.1330655;18.645337804000064;Simulation RF;Détection RF large bande;2,45 GHz;2,45 GHz;;2757;2.2220059251777715;-44.880237007110864;-61.58023700711087;6.949863891283478e-10;0.1;6.949863891283478e-11;9.115430822486567e-09;;;;ORANGE;True
1786213512.3180869;18.830810395999833;BLE Sniffer;Appareil BLE;2,4 GHz BLE;3f:d5:b9:4d:d0:33;-74.0;;;;-74.0;3.9810717055349695e-11;0.000504;2.0064601395896248e-14;2.0064601395896248e-14;53;0x02;38;VERT;False
1786213512.3182752;18.830992839999908;BLE Sniffer;Appareil BLE;2,4 GHz BLE;3f:d5:b8:4d:d0:33;-66.0;;;;-66.0;2.511886431509582e-10;0.000376;9.444692982476028e-14;1.8238118608966824e-12;37;0x02;39;ORANGE;False
1786213512.31532;18.745434766000017;Simulation RF;Détection RF large bande;868 MHz;868 MHz;;2675;2.1554885261414465;-42.21954104565785;-75.21954104565785;3.0063939959749156e-11;0.1;3.0063939959749157e-12;3.168171154102062e-09;;;;VERT;True
1786213512.3214636;18.745434766000017;Simulation RF;Détection RF large bande;2,45 GHz;2,45 GHz;;2802;2.2579705248551276;-46.3188209942051;-63.01882099420509;4.990199410687721e-10;0.1;4.990199410687721e-11;9.165332816593443e-09;;;;ORANGE;True
1786213512.3329575;18.845509839999977;Simulation RF;Détection RF large bande;868 MHz;868 MHz;;2580;2.079231699685088;-39.16926798740353;-72.16926798740353;6.068386049078713e-11;0.1;6.068386049078713e-12;3.174239540151141e-09;;;;VERT;True
1786213512.3331387;18.845509839999977;Simulation RF;Détection RF large bande;2,45 GHz;2,45 GHz;;2734;2.203254735595565;-44.1301894238226;-60.8301894238226;8.260019215224294e-10;0.1;8.260019215224295e-11;9.247933008745686e-09;;;;ORANGE;True
1786213512.4257426;18.93846122900004;BLE Sniffer;Appareil BLE;2,4 GHz BLE;3f:d5:b8:4d:d0:33;-69.0;;;;-69.0;1.2589254117941662e-10;0.000376;4.7335595483460646e-14;1.871147456380143e-12;37;0x02;37;ORANGE;False
1786213512.53332;19.04604147000009;BLE Sniffer;iBeacon;2,4 GHz BLE;6e:58:d9:e9:46:b7;-79.0;;;;-79.0;1.2589254117941662e-11;0.000368;4.632845515402532e-15;4.632845515402532e-15;36;0x00;38;VERT;False
1786213512.533451;19.046168247999958;BLE Sniffer;iBeacon;2,4 GHz BLE;4e:58:d9:e9:46:b7;-69.0;;;;-69.0;1.2589254117941662e-10;0.000368;4.6328455154025316e-14;6.66516447991936e-13;36;0x00;39;ORANGE;False
1786213512.5334933;19.046210488999805;BLE Sniffer;Appareil BLE;2,4 GHz BLE;3f:d5:b8:4d:d0:33;-70.0;;;;-70.0;1e-10;0.000376;3.76e-14;1.908747456380143e-12;37;0x02;37;ORANGE;False
1786213512.5312457;18.945689526000024;Simulation RF;Détection RF large bande;868 MHz;868 MHz;;2686;2.1647364506417395;-42.58945802566957;-75.58945802566957;2.7609223818262797e-11;0.1;2.76092238182628e-12;3.177000462532967e-09;;;;VERT;True
1786213512.537045;18.945689526000024;Simulation RF;Détection RF large bande;2,45 GHz;2,45 GHz;;2780;2.240689148872078;-45.62756595488311;-62.32756595488311;5.851179272240496e-10;0.1;5.851179272240497e-11;9.30644480146809e-09;;;;ORANGE;True
1786213512.5374286;19.050065617999735;Simulation RF;Détection RF large bande;868 MHz;868 MHz;;2593;2.08991501222046;-39.59660048881841;-72.59660048881841;5.4997120437863684e-11;0.1;5.4997120437863684e-12;3.1825001745767534e-09;;;;VERT;True
1786213512.53754;19.050065617999735;Simulation RF;Détection RF large bande;2,45 GHz;2,45 GHz;;2743;2.210745992955239;-44.429839718209564;-61.12983971820957;7.709319207426245e-10;0.1;7.709319207426245e-11;9.383537993542353e-09;;;;ORANGE;True
1786213512.7497852;19.262507061999713;BLE Sniffer;Appareil BLE;2,4 GHz BLE;37:d5:88:4d:d0:33;-75.0;;;;-75.0;3.1622776601683794e-11;0.000376;1.1890164002233105e-14;1.1890164002233105e-14;37;0x02;38;VERT;False
1786213512.749954;19.262671691999913;BLE Sniffer;iBeacon;2,4 GHz BLE;4e:58:d9:e9:46:b7;-70.0;;;;-70.0;1e-10;0.000368;3.68e-14;7.03316447991936e-13;36;0x00;39;ORANGE;False
1786213512.7499998;19.262717174000045;BLE Sniffer;Appareil BLE;2,4 GHz BLE;3f:d5:b8:4d:d0:33;-69.0;;;;-69.0;1.2589254117941662e-10;0.000376;4.7335595483460646e-14;1.9560830518636036e-12;37;0x02;37;ORANGE;False
1786213512.7451696;19.150182932999996;Simulation RF;Détection RF large bande;868 MHz;868 MHz;;2478;1.9967458316819027;-35.86983326727611;-68.8698332672761;1.2972290727645456e-10;0.1;1.2972290727645458e-11;3.195472465304399e-09;;;;ORANGE;True
1786213512.7530336;19.150182932999996;Simulation RF;Détection RF large bande;2,45 GHz;2,45 GHz;;2759;2.2235386066491047;-44.94154426596418;-61.641544265964185;6.852445236199257e-10;0.1;6.852445236199257e-11;9.452062445904346e-09;;;;ORANGE;True
1786213512.753392;19.26603530300008;Simulation RF;Détection RF large bande;868 MHz;868 MHz;;2594;2.090431274189123;-39.61725096756493;-72.61725096756493;5.4736232710539454e-11;0.1;5.4736232710539455e-12;3.2009460885754527e-09;;;;VERT;True
1786213512.7534988;19.26603530300008;Simulation RF;Détection RF large bande;2,45 GHz;2,45 GHz;;2740;2.2082057511965347;-44.32823004786138;-61.02823004786138;7.891816803522404e-10;0.1;7.891816803522404e-11;9.53098061393957e-09;;;;ORANGE;True
1786213512.9660692;19.478790433000086;BLE Sniffer;Appareil BLE;2,4 GHz BLE;e8:d0:3c:30:07:40;-69.0;;;;-69.0;1.2589254117941662e-10;0.00035999999999999997;4.532131482458998e-14;1.010190373394785e-12;35;0x00;38;ORANGE;False
1786213512.9661868;19.478904061999856;BLE Sniffer;Appareil BLE;2,4 GHz BLE;e8:d0:3c:30:07:40;-70.0;;;;-70.0;1e-10;0.00035999999999999997;3.6e-14;1.046190373394785e-12;35;0x00;39;ORANGE;False
1786213512.9662287;19.478945913999723;BLE Sniffer;Appareil BLE;2,4 GHz BLE;3f:d5:b8:4d:d0:33;-70.0;;;;-70.0;1e-10;0.000376;3.76e-14;1.9936830518636038e-12;37;0x02;37;ORANGE;False
1786213512.9662676;19.47898489599993;BLE Sniffer;Appareil BLE;2,4 GHz BLE;3f:d5:b8:4d:d0:33;-76.0;;;;-76.0;2.5118864315095823e-11;0.000376;9.444692982476029e-15;2.0031277448460796e-12;37;0x02;38;VERT;False
1786213512.9622037;19.366146913999728;Simulation RF;Détection RF large bande;868 MHz;868 MHz;;2619;2.1104745130783615;-40.41898052313445;-73.41898052313445;4.5509487805076234e-11;0.1;4.5509487805076236e-12;3.2054970373559604e-09;;;;VERT;True
1786213512.968413;19.366146913999728;Simulation RF;Détection RF large bande;2,45 GHz;2,45 GHz;;2744;2.2114835944825315;-44.459343779301264;-61.15934377930127;7.65712297604927e-10;0.1;7.657122976049271e-11;9.607551843700063e-09;;;;ORANGE;True
1786213512.968918;19.481546599000012;Simulation RF;Détection RF large bande;868 MHz;868 MHz;;2647;2.1331728030624992;-41.32691212249996;-74.32691212249996;3.692400386460724e-11;0.1;3.692400386460724e-12;3.209189437742421e-09;;;;VERT;True
1786213512.9690313;19.481546599000012;Simulation RF;Détection RF large bande;2,45 GHz;2,45 GHz;;2820;2.272736247938683;-46.90944991754732;-63.60944991754732;4.355670396207161e-10;0.1;4.355670396207161e-11;9.651108547662135e-09;;;;ORANGE;True
1786213513.1822848;19.695003672999974;BLE Sniffer;iBeacon;2,4 GHz BLE;4e:58:d9:e9:46:b7;-69.0;;;;-69.0;1.2589254117941662e-10;0.000368;4.6328455154025316e-14;7.496449031459614e-13;36;0x00;39;ORANGE;False
1786213513.1824;19.69511713599968;BLE Sniffer;Appareil BLE;2,4 GHz BLE;3f:d5:b8:4d:d0:33;-70.0;;;;-70.0;1e-10;0.000376;3.76e-14;2.0407277448460798e-12;37;0x02;37;ORANGE;False
1786213513.1824424;19.695159673000035;BLE Sniffer;Appareil BLE;2,4 GHz BLE;e8:d0:3c:30:07:40;-69.0;;;;-69.0;1.2589254117941662e-10;0.00035999999999999997;4.532131482458998e-14;1.091511688219375e-12;35;0x00;38;ORANGE;False
1786213513.1824825;19.695199655000124;BLE Sniffer;Appareil BLE;2,4 GHz BLE;e8:d0:3c:30:07:40;-71.0;;;;-71.0;7.943282347242822e-11;0.00035999999999999997;2.859581645007415e-14;1.120107504669449e-12;35;0x00;39;VERT;False
1786213513.1825202;19.695237172999896;BLE Sniffer;Appareil BLE;2,4 GHz BLE;3f:d5:b8:4d:d0:33;-70.0;;;;-70.0;1e-10;0.000376;3.76e-14;2.07832774484608e-12;37;0x02;37;ORANGE;False
1786213513.1780565;19.5816845989998;Simulation RF;Détection RF large bande;868 MHz;868 MHz;;2610;2.103306254797448;-40.13225019189791;-73.13225019189791;4.8615525083109554e-11;0.1;4.861552508310956e-12;3.2140509902507322e-09;;;;VERT;True
1786213513.185208;19.5816845989998;Simulation RF;Détection RF large bande;2,45 GHz;2,45 GHz;;2831;2.281445400086957;-47.25781600347828;-63.95781600347828;4.0199291574541596e-10;0.1;4.0199291574541596e-11;9.691307839236676e-09;;;;ORANGE;True
1786213513.185607;19.698240450999947;Simulation RF;Détection RF large bande;868 MHz;868 MHz;;2664;2.146774132735897;-41.870965309435874;-74.87096530943587;3.257642850948395e-11;0.1;3.257642850948395e-12;3.2173086331016806e-09;;;;VERT;True
1786213513.1857214;19.698240450999947;Simulation RF;Détection RF large bande;2,45 GHz;2,45 GHz;;2830;2.2804754998847176;-47.219019995388706;-63.9190199953887;4.0560005055901733e-10;0.1;4.0560005055901735e-11;9.731867844292579e-09;;;;ORANGE;True
1786213513.3983517;19.911070839999866;BLE Sniffer;Appareil BLE;2,4 GHz BLE;3f:d5:b8:4d:d0:33;-75.0;;;;-75.0;3.1622776601683794e-11;0.000376;1.1890164002233105e-14;2.090217908848313e-12;37;0x02;38;VERT;False
1786213513.3984585;19.91117578400008;BLE Sniffer;iBeacon;2,4 GHz BLE;4e:58:d9:e9:46:b7;-68.0;;;;-68.0;1.584893192461111e-10;0.000368;5.832406948256888e-14;8.079689726285302e-13;36;0x00;39;ORANGE;False
1786213513.3985062;19.911223340000106;BLE Sniffer;Appareil BLE;2,4 GHz BLE;3f:d5:b8:4d:d0:33;-70.0;;;;-70.0;1e-10;0.000376;3.76e-14;2.127817908848313e-12;37;0x02;37;ORANGE;False
1786213513.394736;19.798344451000048;Simulation RF;Détection RF large bande;868 MHz;868 MHz;;2557;2.060381665186593;-38.41526660746372;-71.41526660746372;7.218938454975272e-11;0.1;7.218938454975272e-12;3.224527571556656e-09;;;;VERT;True
1786213513.4003265;19.798344451000048;Simulation RF;Détection RF large bande;2,45 GHz;2,45 GHz;;2799;2.255638617542934;-46.225544701717354;-62.92554470171736;5.098536465957045e-10;0.1;5.098536465957045e-11;9.782853208952149e-09;;;;ORANGE;True
1786213513.4008112;19.91344174699998;Simulation RF;Détection RF large bande;868 MHz;868 MHz;;2607;2.1011410211102106;-40.045640844408425;-73.04564084440842;4.959477400082484e-11;0.1;4.959477400082484e-12;3.2294870489567384e-09;;;;VERT;True
1786213513.4009664;19.91344174699998;Simulation RF;Détection RF large bande;2,45 GHz;2,45 GHz;;2838;2.286887766475752;-47.47551065903008;-64.17551065903008;3.8233929418924395e-10;0.1;3.82339294189244e-11;9.821087138371074e-09;;;;ORANGE;True
1786213513.613833;20.126552099000037;BLE Sniffer;Appareil BLE;2,4 GHz BLE;Appareil BLE;-72.0;;;;-72.0;6.309573444801942e-11;0.00019999999999999998;1.2619146889603884e-14;1.2619146889603884e-14;15;0x0c;38;VERT;False
1786213513.613941;20.126658209999732;BLE Sniffer;Appareil BLE;2,4 GHz BLE;e8:d0:3c:30:07:40;-72.0;;;;-72.0;6.309573444801942e-11;0.00035999999999999997;2.271446440128699e-14;1.142821969070736e-12;35;0x00;39;VERT;False
1786213513.613983;20.126700209999854;BLE Sniffer;Appareil BLE;2,4 GHz BLE;3f:d5:b8:4d:d0:33;-70.0;;;;-70.0;1e-10;0.000376;3.76e-14;2.1654179088483133e-12;37;0x02;37;ORANGE;False
1786213513.6140244;20.12674174699987;BLE Sniffer;Appareil BLE;2,4 GHz BLE;3f:b5:b8:4c:c8:33;-77.0;;;;-77.0;1.9952623149688828e-11;0.000376;7.502186304282999e-15;7.502186304282999e-15;37;0x02;38;VERT;False
1786213513.6103709;20.013545691999752;Simulation RF;Détection RF large bande;868 MHz;868 MHz;;2635;2.123139499143127;-40.92557996572508;-73.92557996572508;4.0498785861900904e-11;0.1;4.0498785861900905e-12;3.2335369275429284e-09;;;;VERT;True
1786213513.6161385;20.013545691999752;Simulation RF;Détection RF large bande;2,45 GHz;2,45 GHz;;2825;2.276792676856342;-47.07170707425368;-63.771707074253676;4.195940224328633e-10;0.1;4.1959402243286336e-11;9.86304654061436e-09;;;;ORANGE;True
1786213513.6165693;20.12910759899978;Simulation RF;Détection RF large bande;868 MHz;868 MHz;;2621;2.1120578615702037;-40.48231446280815;-73.48231446280815;4.485063061181811e-11;0.1;4.485063061181812e-12;3.23802199060411e-09;;;;VERT;True
1786213513.6166942;20.12910759899978;Simulation RF;Détection RF large bande;2,45 GHz;2,45 GHz;;2758;2.2222654531399595;-44.89061812559838;-61.59061812559838;6.933271186609111e-10;0.1;6.933271186609111e-11;9.932379252480452e-09;;;;ORANGE;True
1786213513.8340933;20.346814487999836;BLE Sniffer;Appareil BLE;2,4 GHz BLE;3f:d5:b8:4d:d0:33;-65.0;;;;-65.0;3.1622776601683795e-10;0.000376;1.1890164002233106e-13;2.2843195488706443e-12;37;0x02;39;ORANGE;False
1786213513.834211;20.346928339999977;BLE Sniffer;Appareil BLE;2,4 GHz BLE;f4:26:33:35:5f:ba;-76.0;;;;-76.0;2.5118864315095823e-11;0.00034399999999999996;8.640889324392962e-15;1.227838939133335e-13;33;0x00;37;VERT;False
1786213513.834251;20.346968302999812;BLE Sniffer;Appareil BLE;2,4 GHz BLE;f4:26:33:35:5f:ba;-80.0;;;;-80.0;1e-11;0.00034399999999999996;3.4399999999999995e-15;1.262238939133335e-13;33;0x00;38;VERT;False
1786213513.834289;20.347006450999743;BLE Sniffer;Appareil BLE;2,4 GHz BLE;f4:26:33:35:5f:ba;-84.0;;;;-84.0;3.9810717055349695e-12;0.00034399999999999996;1.3694886667040294e-15;1.2759338258003753e-13;33;0x00;39;VERT;False
1786213513.8305314;20.229230414000085;Simulation RF;Détection RF large bande;868 MHz;868 MHz;;2627;2.1172332561457687;-40.689330245830746;-73.68933024583075;4.276288285292982e-11;0.1;4.276288285292982e-12;3.2422982788894034e-09;;;;VERT;True
1786213513.8367603;20.229230414000085;Simulation RF;Détection RF large bande;2,45 GHz;2,45 GHz;;2799;2.255455048423341;-46.21820193693364;-62.91820193693364;5.107164026683884e-10;0.1;5.107164026683884e-11;9.983450892747291e-09;;;;ORANGE;True
1786213513.8371637;20.349798005999673;Simulation RF;Détection RF large bande;868 MHz;868 MHz;;2586;2.083833053724613;-39.35332214898452;-72.35332214898452;5.816581063920867e-11;0.1;5.816581063920867e-12;3.2481148599533243e-09;;;;VERT;True
1786213513.8372748;20.349798005999673;Simulation RF;Détection RF large bande;2,45 GHz;2,45 GHz;;2811;2.2655078961788404;-46.62031584715362;-63.32031584715362;4.655522343096133e-10;0.1;4.655522343096133e-11;1.0030006116178253e-08;;;;ORANGE;True
1786213513.960885;20.473604857999817;BLE Sniffer;Appareil BLE;2,4 GHz BLE;3f:d5:b8:4d:d0:33;-68.0;;;;-68.0;1.584893192461111e-10;0.000376;5.959198403653776e-14;2.343911532907182e-12;37;0x02;37;ORANGE;False
1786213513.9609983;20.473716061999767;BLE Sniffer;Appareil BLE;2,4 GHz BLE;e8:d0:3c:30:07:40;-68.0;;;;-68.0;1.584893192461111e-10;0.00035999999999999997;5.705615492859999e-14;1.1998781239993359e-12;35;0x00;38;ORANGE;False
1786213513.9610417;20.473758931999782;BLE Sniffer;Appareil BLE;2,4 GHz BLE;e8:d0:3c:30:07:40;-70.0;;;;-70.0;1e-10;0.00035999999999999997;3.6e-14;1.235878123999336e-12;35;0x00;39;ORANGE;False
1786213513.9635262;20.476245616999677;BLE Sniffer;iBeacon;2,4 GHz BLE;4e:58:d9:e9:46:b7;-68.0;;;;-68.0;1.584893192461111e-10;0.000368;5.832406948256888e-14;8.66293042111099e-13;36;0x00;37;ORANGE;False
1786213513.9583268;20.450055321000036;Simulation RF;Détection RF large bande;868 MHz;868 MHz;;2691;2.1683433790065756;-42.73373516026302;-75.73373516026302;2.6707084713099718e-11;0.1;2.670708471309972e-12;3.250785568424634e-09;;;;VERT;True
1786213513.9645307;20.450055321000036;Simulation RF;Détection RF large bande;2,45 GHz;2,45 GHz;;2744;2.2113070574990927;-44.45228229996371;-61.15228229996371;7.669583322715781e-10;0.1;7.669583322715782e-11;1.010670194940541e-08;;;;ORANGE;True
1786213514.0919423;20.604664431999936;BLE Sniffer;iBeacon;2,4 GHz BLE;4e:58:d9:e9:46:b7;-70.0;;;;-70.0;1e-10;0.000368;3.68e-14;9.03093042111099e-13;36;0x00;38;ORANGE;False
1786213514.0920486;20.604766042999927;BLE Sniffer;iBeacon;2,4 GHz BLE;4e:58:d9:e9:46:b7;-72.0;;;;-72.0;6.309573444801942e-11;0.000368;2.3219230276871148e-14;9.263122723879702e-13;36;0x00;39;VERT;False
1786213514.0920906;20.60480780199987;BLE Sniffer;Appareil BLE;2,4 GHz BLE;3f:d5:b8:4d:d0:33;-68.0;;;;-68.0;1.584893192461111e-10;0.000376;5.959198403653776e-14;2.40350351694372e-12;37;0x02;37;ORANGE;False
1786213514.092127;20.60484409899982;BLE Sniffer;Appareil BLE;2,4 GHz BLE;3f:d5:b8:4d:d0:33;-72.0;;;;-72.0;6.309573444801942e-11;0.000376;2.3723996152455302e-14;2.4272275130961752e-12;37;0x02;38;VERT;False
1786213514.095127;20.607722709999962;Simulation RF;Détection RF large bande;868 MHz;868 MHz;;2647;2.133313787594916;-41.33255150379664;-74.33255150379664;3.687608858822973e-11;0.1;3.6876088588229726e-12;3.254473177283457e-09;;;;VERT;True
1786213514.0954275;20.607722709999962;Simulation RF;Détection RF large bande;2,45 GHz;2,45 GHz;;2842;2.2902318798465737;-47.60927519386294;-64.30927519386294;3.707425908815768e-10;0.1;3.707425908815768e-11;1.0143776208493568e-08;;;;ORANGE;True
1786213514.324555;20.70782654300001;Simulation RF;Détection RF large bande;868 MHz;868 MHz;;2602;2.0972148451098325;-39.888593804393295;-72.8885938043933;5.142101199562745e-11;0.1;5.142101199562745e-12;3.25961527848302e-09;;;;VERT;True
1786213514.3269167;20.839636505999806;BLE Sniffer;Appareil BLE;2,4 GHz BLE;3f:d5:b8:4d:d0:33;-66.0;;;;-66.0;2.511886431509582e-10;0.000376;9.444692982476028e-14;2.5216744429209357e-12;37;0x02;39;ORANGE;False
1786213514.3270204;20.839737598999818;BLE Sniffer;iBeacon;2,4 GHz BLE;4e:58:d9:e9:46:b7;-77.0;;;;-77.0;1.9952623149688828e-11;0.000368;7.342565319085488e-15;9.336548377070558e-13;36;0x00;37;VERT;False
1786213514.3270686;20.839785931999813;BLE Sniffer;Appareil BLE;2,4 GHz BLE;e8:d0:3c:30:07:40;-71.0;;;;-71.0;7.943282347242822e-11;0.00035999999999999997;2.859581645007415e-14;1.26447394044941e-12;35;0x00;38;VERT;False
1786213514.3271108;20.83982800600006;BLE Sniffer;Appareil BLE;2,4 GHz BLE;e8:d0:3c:30:07:40;-70.0;;;;-70.0;1e-10;0.00035999999999999997;3.6e-14;1.30047394044941e-12;35;0x00;39;ORANGE;False
1786213514.3271506;20.839867838999908;BLE Sniffer;Appareil BLE;2,4 GHz BLE;3f:d5:b8:4d:d0:33;-70.0;;;;-70.0;1e-10;0.000376;3.76e-14;2.559274442920936e-12;37;0x02;37;ORANGE;False
1786213514.3271894;20.839906857999722;BLE Sniffer;Appareil BLE;2,4 GHz BLE;3f:d5:b8:4d:d0:33;-72.0;;;;-72.0;6.309573444801942e-11;0.000376;2.3723996152455302e-14;2.582998439073391e-12;37;0x02;38;VERT;False
1786213514.3248208;20.70782654300001;Simulation RF;Détection RF large bande;2,45 GHz;2,45 GHz;;2811;2.2651028842313647;-46.604115369254586;-63.30411536925458;4.672921259669189e-10;0.1;4.672921259669189e-11;1.019050542109026e-08;;;;ORANGE;True
1786213514.335252;20.84784396899977;Simulation RF;Détection RF large bande;868 MHz;868 MHz;;2686;2.1646245485905324;-42.58498194362129;-75.58498194362129;2.7637694098904846e-11;0.1;2.7637694098904848e-12;3.26237904789291e-09;;;;VERT;True
1786213514.3355021;20.84784396899977;Simulation RF;Détection RF large bande;2,45 GHz;2,45 GHz;;2821;2.2731641461285705;-46.92656584514282;-63.626565845142814;4.3385380981146524e-10;0.1;4.3385380981146526e-11;1.0233890802071407e-08;;;;ORANGE;True
1786213514.5458705;21.058591579999757;BLE Sniffer;Appareil BLE;2,4 GHz BLE;3f:d5:b8:4d:d0:33;-65.0;;;;-65.0;3.1622776601683795e-10;0.000376;1.1890164002233106e-13;2.701900079095722e-12;37;0x02;39;ORANGE;False
1786213514.5460153;21.05873270999973;BLE Sniffer;Appareil BLE;2,4 GHz BLE;e8:d0:3c:30:07:40;-67.0;;;;-67.0;1.9952623149688828e-10;0.00035999999999999997;7.182944333887978e-14;1.3723033837882898e-12;35;0x00;37;ORANGE;False
1786213514.5429585;20.94794635800008;Simulation RF;Détection RF large bande;868 MHz;868 MHz;;2639;2.12693721316174;-41.077488526469594;-74.0774885264696;3.9106697981602096e-11;0.1;3.9106697981602096e-12;3.2662897176910704e-09;;;;VERT;True
1786213514.5487895;20.94794635800008;Simulation RF;Détection RF large bande;2,45 GHz;2,45 GHz;;2790;2.248071319323028;-45.92285277292112;-62.62285277292112;5.466567596407379e-10;0.1;5.466567596407379e-11;1.028855647803548e-08;;;;ORANGE;True
1786213514.5494208;21.06200982099972;Simulation RF;Détection RF large bande;868 MHz;868 MHz;;2670;2.151435836879518;-42.057433475180716;-75.05743347518072;3.1207332808420013e-11;0.1;3.1207332808420015e-12;3.2694104509719123e-09;;;;VERT;True
1786213514.5495691;21.06200982099972;Simulation RF;Détection RF large bande;2,45 GHz;2,45 GHz;;2773;2.2350462166340392;-45.40184866536157;-62.101848665361565;6.163325911476608e-10;0.1;6.163325911476609e-11;1.0350189737150247e-08;;;;ORANGE;True
1786213514.7636166;21.2763424689997;BLE Sniffer;Appareil BLE;2,4 GHz BLE;3f:d5:b8:4d:d0:33;-73.0;;;;-73.0;5.011872336272715e-11;0.000376;1.8844639984385406e-14;2.7207447190801073e-12;37;0x02;38;VERT;False
1786213514.7637818;21.276499523999973;BLE Sniffer;Appareil BLE;2,4 GHz BLE;3f:d5:b8:4d:d0:33;-64.0;;;;-64.0;3.9810717055349694e-10;0.000376;1.4968829612811484e-13;2.870433015208222e-12;37;0x02;39;ORANGE;False
1786213514.7638314;21.27654867199999;BLE Sniffer;iBeacon;2,4 GHz BLE;4e:58:d9:e9:46:b7;-73.0;;;;-73.0;5.011872336272715e-11;0.000368;1.844369019748359e-14;9.520985279045394e-13;36;0x00;37;VERT;False
1786213514.7638788;21.27659600600009;BLE Sniffer;iBeacon;2,4 GHz BLE;4e:58:d9:e9:46:b7;-70.0;;;;-70.0;1e-10;0.000368;3.68e-14;9.888985279045394e-13;36;0x00;38;ORANGE;False
1786213514.7594452;21.16213259799997;Simulation RF;Détection RF large bande;868 MHz;868 MHz;;2624;2.1143850942005553;-40.57540376802221;-73.57540376802221;4.389950499247958e-11;0.1;4.389950499247958e-12;3.2738004014711603e-09;;;;VERT;True
1786213514.7675295;21.16213259799997;Simulation RF;Détection RF large bande;2,45 GHz;2,45 GHz;;2751;2.2169339203129628;-44.67735681251851;-61.377356812518514;7.282228780854526e-10;0.1;7.282228780854526e-11;1.0423012024958793e-08;;;;ORANGE;True
1786213514.767891;21.280531597999925;Simulation RF;Détection RF large bande;868 MHz;868 MHz;;2620;2.1111002051209193;-40.44400820483676;-73.44400820483676;4.524797830147853e-11;0.1;4.524797830147853e-12;3.278325199301308e-09;;;;VERT;True
1786213514.7680068;21.280531597999925;Simulation RF;Détection RF large bande;2,45 GHz;2,45 GHz;;2859;2.304001180938957;-48.16004723755829;-64.86004723755829;3.265842799448715e-10;0.1;3.265842799448715e-11;1.0455670452953279e-08;;;;ORANGE;True
1786213514.9890084;21.50172880199989;BLE Sniffer;iBeacon;2,4 GHz BLE;4e:58:d9:e9:46:b7;-70.0;;;;-70.0;1e-10;0.000368;3.68e-14;1.0256985279045394e-12;36;0x00;39;ORANGE;False
1786213514.9891474;21.501864912999736;BLE Sniffer;Appareil BLE;2,4 GHz BLE;3f:d5:b8:4d:d0:33;-70.0;;;;-70.0;1e-10;0.000376;3.76e-14;2.9080330152082222e-12;37;0x02;37;ORANGE;False
1786213514.9891963;21.50191350599971;BLE Sniffer;Appareil BLE;2,4 GHz BLE;3f:d5:b8:4d:d0:33;-74.0;;;;-74.0;3.9810717055349695e-11;0.000376;1.4968829612811484e-14;2.9230018448210337e-12;37;0x02;38;VERT;False
1786213514.9892387;21.501956060999873;BLE Sniffer;Appareil BLE;2,4 GHz BLE;3f:d5:b8:4d:d0:33;-64.0;;;;-64.0;3.9810717055349694e-10;0.000376;1.4968829612811484e-13;3.0726901409491485e-12;37;0x02;39;ORANGE;False
1786213514.98466;21.380640061000122;Simulation RF;Détection RF large bande;868 MHz;868 MHz;;2662;2.144984932920147;-41.799397316805866;-74.79939731680587;3.311770767084092e-11;0.1;3.3117707670840926e-12;3.2816369700683923e-09;;;;VERT;True
1786213514.9943776;21.380640061000122;Simulation RF;Détection RF large bande;2,45 GHz;2,45 GHz;;2788;2.2465936617744156;-45.86374647097662;-62.563746470976625;5.541474676133177e-10;0.1;5.541474676133177e-11;1.051108519971461e-08;;;;ORANGE;True
1786213515.2040513;21.71677250499988;BLE Sniffer;iBeacon;2,4 GHz BLE;4e:58:d9:e9:46:b7;-70.0;;;;-70.0;1e-10;0.000368;3.68e-14;1.0624985279045394e-12;36;0x00;37;ORANGE;False
1786213515.2041652;21.716882876;BLE Sniffer;iBeacon;2,4 GHz BLE;4e:58:d9:e9:46:b7;-68.0;;;;-68.0;1.584893192461111e-10;0.000368;5.832406948256888e-14;1.1208225973871083e-12;36;0x00;38;ORANGE;False
1786213515.2042055;21.71692276499971;BLE Sniffer;iBeacon;2,4 GHz BLE;4e:58:d9:e9:46:b7;-74.0;;;;-74.0;3.9810717055349695e-11;0.000368;1.4650343876368688e-14;1.135472941263477e-12;36;0x00;39;VERT;False
1786213515.2042449;21.716961875999914;BLE Sniffer;Appareil BLE;2,4 GHz BLE;3f:d5:b8:4d:d0:33;-70.0;;;;-70.0;1e-10;0.000376;3.76e-14;3.1102901409491486e-12;37;0x02;37;ORANGE;False
1786213515.2042835;21.717000412999823;BLE Sniffer;Appareil BLE;2,4 GHz BLE;3f:d5:b8:4d:d0:33;-73.0;;;;-73.0;5.011872336272715e-11;0.000376;1.8844639984385406e-14;3.129134780933534e-12;37;0x02;38;VERT;False
1786213515.2175841;21.730139746000077;Simulation RF;Détection RF large bande;868 MHz;868 MHz;;2660;2.1437764379719924;-41.75105751887969;-74.75105751887969;3.348838840918636e-11;0.1;3.348838840918636e-12;3.284985808909311e-09;;;;VERT;True
1786213515.4253232;21.938041745999726;BLE Sniffer;Appareil BLE;2,4 GHz BLE;e8:d0:3c:30:07:40;-71.0;;;;-71.0;7.943282347242822e-11;0.00035999999999999997;2.859581645007415e-14;1.4008992002383639e-12;35;0x00;39;VERT;False
1786213515.4253893;21.938106652999977;BLE Sniffer;Appareil BLE;2,4 GHz BLE;3f:d5:b8:4d:d0:33;-69.0;;;;-69.0;1.2589254117941662e-10;0.000376;4.7335595483460646e-14;3.1764703764169946e-12;37;0x02;37;ORANGE;False
1786213515.4254403;21.938157449999835;BLE Sniffer;iBeacon;2,4 GHz BLE;4e:58:d9:e9:46:b7;-75.0;;;;-75.0;3.1622776601683794e-11;0.000368;1.1637181789419636e-14;1.1471101230528966e-12;36;0x00;38;VERT;False
1786213515.4254842;21.938201486999787;BLE Sniffer;iBeacon;2,4 GHz BLE;4e:58:d9:e9:46:b7;-75.0;;;;-75.0;3.1622776601683794e-11;0.000368;1.1637181789419636e-14;1.1587473048423163e-12;36;0x00;39;VERT;False
1786213515.425532;21.93824965299973;BLE Sniffer;Appareil BLE;2,4 GHz BLE;b4:e7:b0:c6:d7:6d;-91.0;;;;-91.0;7.943282347242822e-13;0.00028;2.22411905722799e-16;2.22411905722799e-16;25;0x00;37;VERT;False
1786213515.4255688;21.93828607899968;BLE Sniffer;Appareil BLE;2,4 GHz BLE;3f:d5:b8:4d:d0:33;-73.0;;;;-73.0;5.011872336272715e-11;0.000376;1.8844639984385406e-14;3.19531501640138e-12;37;0x02;38;VERT;False
1786213515.4348066;21.94752969000001;BLE Sniffer;Appareil BLE;2,4 GHz BLE;2e:41:9f:fd:9a:8e;-92.0;;;;-92.0;6.309573444801942e-13;0.000376;2.37239961524553e-16;2.37239961524553e-16;37;0x02;39;VERT;False
1786213515.4251142;21.730139746000077;Simulation RF;Détection RF large bande;2,45 GHz;2,45 GHz;;2812;2.266415988274604;-46.656639530984165;-63.35663953098416;4.616746694363579e-10;0.1;4.616746694363579e-11;1.0557252666658246e-08;;;;ORANGE;True
1786213515.6570318;22.16975387599996;BLE Sniffer;Appareil BLE;2,4 GHz BLE;3f:d5:b8:4d:d0:33;-70.0;;;;-70.0;1e-10;0.000376;3.76e-14;3.2329150164013803e-12;37;0x02;37;ORANGE;False
1786213515.657234;22.169951115999993;BLE Sniffer;Appareil BLE;2,4 GHz BLE;e8:d0:3c:30:07:40;-72.0;;;;-72.0;6.309573444801942e-11;0.00035999999999999997;2.271446440128699e-14;1.4236136646396508e-12;35;0x00;38;VERT;False
1786213515.6572764;22.169994782999765;BLE Sniffer;Appareil BLE;2,4 GHz BLE;e8:d0:3c:30:07:40;-70.0;;;;-70.0;1e-10;0.00035999999999999997;3.6e-14;1.4596136646396509e-12;35;0x00;39;ORANGE;False
1786213515.6625834;22.175304949999827;BLE Sniffer;Appareil BLE;2,4 GHz BLE;3f:d5:b8:4d:d0:33;-70.0;;;;-70.0;1e-10;0.000376;3.76e-14;3.2705150164013804e-12;37;0x02;37;ORANGE;False
1786213515.671895;22.18433985699994;Simulation RF;Détection RF large bande;868 MHz;868 MHz;;2657;2.1410734553902597;-41.642938215610386;-74.64293821561039;3.433255926721954e-11;0.1;3.4332559267219537e-12;3.288419064836033e-09;;;;VERT;True
1786213515.672071;22.18433985699994;Simulation RF;Détection RF large bande;2,45 GHz;2,45 GHz;;2818;2.271271501104261;-46.85086004417043;-63.550860044170435;4.4148301071665773e-10;0.1;4.414830107166578e-11;1.0601400967729911e-08;;;;ORANGE;True
1786213515.8876007;22.400322375000087;BLE Sniffer;Appareil BLE;2,4 GHz BLE;3f:d5:b8:4d:d0:33;-75.0;;;;-75.0;3.1622776601683794e-11;0.000376;1.1890164002233105e-14;3.2824051804036135e-12;37;0x02;38;VERT;False
1786213515.88772;22.400437449000037;BLE Sniffer;Appareil BLE;2,4 GHz BLE;f4:26:33:35:5f:ba;-77.0;;;;-77.0;1.9952623149688828e-11;0.00034399999999999996;6.8637023634929564e-15;1.3445708494353049e-13;33;0x00;39;VERT;False
1786213515.8877645;22.40048174599997;BLE Sniffer;Appareil BLE;2,4 GHz BLE;c3:49:80:30:2e:b9;-60.0;;;;-60.0;1e-09;0.000192;1.9200000000000001e-13;6.224627815601255e-13;14;0x02;37;ORANGE;False
1786213515.8878405;22.40055776400004;BLE Sniffer;Appareil BLE;2,4 GHz BLE;27:d5:b8:4d:d0:33;-75.0;;;;-75.0;3.1622776601683794e-11;0.000376;1.1890164002233105e-14;1.1890164002233105e-14;37;0x02;38;VERT;False
1786213515.88788;22.400597486999686;BLE Sniffer;iBeacon;2,4 GHz BLE;4e:58:d9:e9:46:b7;-84.0;;;;-84.0;3.9810717055349695e-12;0.000368;1.4650343876368688e-15;1.160212339229953e-12;36;0x00;39;VERT;False
1786213516.12392;22.63664031999997;BLE Sniffer;Appareil BLE;2,4 GHz BLE;e8:d0:3c:30:07:40;-65.0;;;;-65.0;3.1622776601683795e-10;0.00035999999999999997;1.1384199576606166e-13;1.5734556604057125e-12;35;0x00;37;ORANGE;False
1786213516.1240401;22.6367584489999;BLE Sniffer;Appareil BLE;2,4 GHz BLE;e8:d0:3c:30:07:40;-74.0;;;;-74.0;3.9810717055349695e-11;0.000392;1.560580108569708e-14;1.5890614614914097e-12;39;0x00;38;VERT;False
1786213516.1240892;22.636806522999905;BLE Sniffer;Appareil BLE;2,4 GHz BLE;3f:d5:b8:4d:d0:33;-64.0;;;;-64.0;3.9810717055349694e-10;0.000376;1.4968829612811484e-13;3.4320934765317282e-12;37;0x02;39;ORANGE;False
1786213516.1241307;22.636847985999793;BLE Sniffer;Appareil BLE;2,4 GHz BLE;3f:d5:b8:4d:d0:33;-71.0;;;;-71.0;7.943282347242822e-11;0.000376;2.986674162563301e-14;3.4619602181573613e-12;37;0x02;37;VERT;False
1786213516.1375206;22.636409078999804;Simulation RF;Détection RF large bande;868 MHz;868 MHz;;2713;2.1859349614786763;-43.43739845914705;-76.43739845914705;2.271224969364688e-11;0.1;2.271224969364688e-12;3.2906902898053977e-09;;;;VERT;True
1786213516.1377082;22.636409078999804;Simulation RF;Détection RF large bande;2,45 GHz;2,45 GHz;;2844;2.292145403861797;-47.68581615447188;-64.38581615447188;3.642657884367396e-10;0.1;3.6426578843673966e-11;1.0637827546573586e-08;;;;ORANGE;True
1786213516.6016486;23.11436998599993;BLE Sniffer;iBeacon;2,4 GHz BLE;4e:58:d9:e9:46:b7;-70.0;;;;-70.0;1e-10;0.000368;3.68e-14;1.197012339229953e-12;36;0x00;38;ORANGE;False
1786213516.601818;23.114535300999705;BLE Sniffer;Appareil BLE;2,4 GHz BLE;2a:41:9f:bd:9a:ee;-95.0;;;;-95.0;3.162277660168379e-13;0.000376;1.1890164002233104e-16;1.1890164002233104e-16;37;0x02;39;VERT;False
1786213516.6018643;23.11458202299991;BLE Sniffer;Appareil BLE;2,4 GHz BLE;3f:d5:b8:4d:d0:33;-70.0;;;;-70.0;1e-10;0.000376;3.76e-14;3.4995602181573615e-12;37;0x02;37;ORANGE;False
1786213516.6003206;22.891115634000016;Simulation RF;Détection RF large bande;868 MHz;868 MHz;;2722;2.1933293721542153;-43.73317488616861;-76.73317488616861;2.1216928429148536e-11;0.1;2.1216928429148536e-12;3.2928119826483127e-09;;;;VERT;True
1786213516.8446672;23.357390301000123;BLE Sniffer;Appareil BLE;2,4 GHz BLE;3f:d5:b8:4d:d0:33;-75.0;;;;-75.0;3.1622776601683794e-11;0.000376;1.1890164002233105e-14;3.5114503821595945e-12;37;0x02;38;VERT;False
1786213516.8448656;23.357583116000114;BLE Sniffer;Appareil BLE;2,4 GHz BLE;e8:d0:3c:30:07:40;-70.0;;;;-70.0;1e-10;0.00035999999999999997;3.6e-14;1.6250614614914097e-12;35;0x00;39;ORANGE;False
1786213516.844914;23.357631133999803;BLE Sniffer;Appareil BLE;2,4 GHz BLE;b4:e7:b0:c6:d7:6d;-89.0;;;;-89.0;1.258925411794166e-12;0.00028;3.5249911530236646e-16;5.749110210251655e-16;25;0x00;37;VERT;False
1786213516.8449543;23.357671596999808;BLE Sniffer;Appareil BLE;2,4 GHz BLE;3f:d5:b8:4d:d0:33;-75.0;;;;-75.0;3.1622776601683794e-11;0.000376;1.1890164002233105e-14;3.5233405461618276e-12;37;0x02;38;VERT;False
1786213516.8449924;23.357709818999865;BLE Sniffer;iBeacon;2,4 GHz BLE;4e:58:d9:e9:46:b7;-83.0;;;;-83.0;5.011872336272715e-12;0.000368;1.844369019748359e-15;1.1988567082497014e-12;36;0x00;39;VERT;False
1786213516.8450322;23.357749374999912;BLE Sniffer;Appareil BLE;2,4 GHz BLE;3f:d5:b8:4d:d0:33;-71.0;;;;-71.0;7.943282347242822e-11;0.000376;2.986674162563301e-14;3.5532072877874606e-12;37;0x02;37;VERT;False
1786213516.6154683;22.891115634000016;Simulation RF;Détection RF large bande;2,45 GHz;2,45 GHz;;2840;2.289043081512881;-47.56172326051522;-64.26172326051523;3.748242441992599e-10;0.1;3.748242441992599e-11;1.0675309970993511e-08;;;;ORANGE;True
1786213517.1008449;23.6008017449999;Simulation RF;Détection RF large bande;868 MHz;868 MHz;;2727;2.197623556838518;-43.90494227354071;-76.90494227354071;2.0394157673600963e-11;0.1;2.0394157673600962e-12;3.294851398415673e-09;;;;VERT;True
1786213517.35511;23.867831560000013;BLE Sniffer;Appareil BLE;2,4 GHz BLE;3f:d5:b8:4d:d0:33;-77.0;;;;-77.0;1.9952623149688828e-11;0.000376;7.502186304282999e-15;3.5607094740917438e-12;37;0x02;38;VERT;False
1786213517.3552353;23.86795363400006;BLE Sniffer;iBeacon;2,4 GHz BLE;4e:58:d9:e9:46:b7;-72.0;;;;-72.0;6.309573444801942e-11;0.000368;2.3219230276871148e-14;1.2220759385265726e-12;36;0x00;39;VERT;False
1786213517.101077;23.6008017449999;Simulation RF;Détection RF large bande;2,45 GHz;2,45 GHz;;2865;2.3091613319227604;-48.36645327691042;-65.06645327691042;3.114258599183305e-10;0.1;3.114258599183305e-11;1.0706452556985345e-08;;;;ORANGE;True
1786213517.599564;24.112283725999987;BLE Sniffer;Appareil BLE;2,4 GHz BLE;3f:d5:b8:4d:d0:33;-70.0;;;;-70.0;1e-10;0.000376;3.76e-14;3.598309474091744e-12;37;0x02;37;ORANGE;False
1786213517.6009605;24.113682356000027;BLE Sniffer;Appareil BLE;2,4 GHz BLE;e8:d0:3c:30:07:40;-72.0;;;;-72.0;6.309573444801942e-11;0.00035999999999999997;2.271446440128699e-14;1.6477759258926967e-12;35;0x00;38;VERT;False
1786213517.6010902;24.113808114999756;BLE Sniffer;Appareil BLE;2,4 GHz BLE;e8:d0:3c:30:07:40;-70.0;;;;-70.0;1e-10;0.00035999999999999997;3.6e-14;1.6837759258926967e-12;35;0x00;39;ORANGE;False
1786213517.6011393;24.11385637400008;BLE Sniffer;Appareil BLE;2,4 GHz BLE;3f:d5:b8:4d:d0:33;-70.0;;;;-70.0;1e-10;0.000376;3.76e-14;3.635909474091744e-12;37;0x02;37;ORANGE;False
1786213517.6011806;24.113897929999894;BLE Sniffer;Appareil BLE;2,4 GHz BLE;3f:d5:b8:4d:d0:33;-75.0;;;;-75.0;3.1622776601683794e-11;0.000376;1.1890164002233105e-14;3.647799638093977e-12;37;0x02;38;VERT;False
1786213517.6089807;24.12170202299967;BLE Sniffer;iBeacon;2,4 GHz BLE;4e:58:d9:e9:46:b7;-80.0;;;;-80.0;1e-11;0.000368;3.68e-15;1.2257559385265726e-12;36;0x00;39;VERT;False
1786213517.5994341;23.881131819000075;Simulation RF;Détection RF large bande;868 MHz;868 MHz;;2744;2.211587330843806;-44.46349323375223;-77.46349323375223;1.793290619006508e-11;0.1;1.793290619006508e-12;3.2966446890346793e-09;;;;VERT;True
1786213517.617474;23.881131819000075;Simulation RF;Détection RF large bande;2,45 GHz;2,45 GHz;;2895;2.333063438364775;-49.32253753459099;-66.022537534591;2.4988848642926576e-10;0.1;2.4988848642926577e-11;1.0731441405628271e-08;;;;ORANGE;True
1786213517.841275;24.353995504000068;BLE Sniffer;Appareil BLE;2,4 GHz BLE;3f:d5:b8:4d:d0:33;-69.0;;;;-69.0;1.2589254117941662e-10;0.000376;4.7335595483460646e-14;3.695135233577438e-12;37;0x02;37;ORANGE;False
1786213517.8413768;24.354094114999953;BLE Sniffer;Appareil BLE;2,4 GHz BLE;f4:26:33:35:5f:ba;-69.0;;;;-69.0;1.2589254117941662e-10;0.00034399999999999996;4.330703416571931e-14;1.777641191092498e-13;33;0x00;38;ORANGE;False
1786213517.841419;24.354136245000063;BLE Sniffer;Appareil BLE;2,4 GHz BLE;f4:26:33:35:5f:ba;-75.0;;;;-75.0;3.1622776601683794e-11;0.00034399999999999996;1.0878235150979223e-14;1.8864235426022902e-13;33;0x00;39;VERT;False
1786213517.8414583;24.354175614999804;BLE Sniffer;Appareil BLE;2,4 GHz BLE;c3:49:80:30:2e:b9;-61.0;;;;-61.0;7.943282347242822e-10;0.000192;1.5251102106706217e-13;7.749738026271877e-13;14;0x02;37;ORANGE;False
1786213517.8414955;24.354212782000104;BLE Sniffer;Appareil BLE;2,4 GHz BLE;3f:d5:b8:4d:d0:33;-74.0;;;;-74.0;3.9810717055349695e-11;0.000376;1.4968829612811484e-14;3.710104063190249e-12;37;0x02;38;VERT;False
1786213518.0840163;24.59673913300003;BLE Sniffer;iBeacon;2,4 GHz BLE;4e:58:d9:e9:46:b7;-68.0;;;;-68.0;1.584893192461111e-10;0.000368;5.832406948256888e-14;1.2840800080091415e-12;36;0x00;39;ORANGE;False
1786213518.0841346;24.596852281999873;BLE Sniffer;Appareil BLE;2,4 GHz BLE;3f:d5:b8:4d:d0:33;-69.0;;;;-69.0;1.2589254117941662e-10;0.000376;4.7335595483460646e-14;3.75743965867371e-12;37;0x02;37;ORANGE;False
1786213518.0841796;24.596896873999867;BLE Sniffer;Appareil BLE;2,4 GHz BLE;3f:d5:b8:4d:d0:33;-75.0;;;;-75.0;3.1622776601683794e-11;0.000376;1.1890164002233105e-14;3.769329822675943e-12;37;0x02;38;VERT;False
1786213517.8592873;24.37183467099976;Simulation RF;Détection RF large bande;868 MHz;868 MHz;;2798;2.2551983569107548;-46.20793427643018;-79.20793427643018;1.2000699812193565e-11;0.1;1.2000699812193567e-12;3.2978447590158986e-09;;;;VERT;True
1786213518.0847416;24.37183467099976;Simulation RF;Détection RF large bande;2,45 GHz;2,45 GHz;;2913;2.3474633172283395;-49.898532689133575;-66.59853268913358;2.188500907750474e-10;0.1;2.1885009077504742e-11;1.0753326414705776e-08;;;;ORANGE;True
1786213518.3318794;24.8445992070001;BLE Sniffer;Appareil BLE;2,4 GHz BLE;e8:d0:3c:30:07:40;-71.0;;;;-71.0;7.943282347242822e-11;0.00035999999999999997;2.859581645007415e-14;1.7123717423427708e-12;35;0x00;39;VERT;False
1786213518.3332016;24.845923632999984;BLE Sniffer;Appareil BLE;2,4 GHz BLE;3f:d5:b8:4d:d0:33;-69.0;;;;-69.0;1.2589254117941662e-10;0.000376;4.7335595483460646e-14;3.816665418159403e-12;37;0x02;37;ORANGE;False
1786213518.3333478;24.846065540999916;BLE Sniffer;iBeacon;2,4 GHz BLE;4e:58:d9:e9:46:b7;-68.0;;;;-68.0;1.584893192461111e-10;0.000368;5.832406948256888e-14;1.3424040774917103e-12;36;0x00;38;ORANGE;False
1786213518.3333926;24.846109910999985;BLE Sniffer;iBeacon;2,4 GHz BLE;4e:58:d9:e9:46:b7;-68.0;;;;-68.0;1.584893192461111e-10;0.000368;5.832406948256888e-14;1.4007281469742791e-12;36;0x00;39;ORANGE;False
1786213518.3334334;24.84615065199978;BLE Sniffer;Appareil BLE;2,4 GHz BLE;3f:d5:b8:4d:d0:33;-72.0;;;;-72.0;6.309573444801942e-11;0.000376;2.3723996152455302e-14;3.840389414311859e-12;37;0x02;37;VERT;False
1786213518.3317475;24.61210828100002;Simulation RF;Détection RF large bande;868 MHz;868 MHz;;2757;2.2216905559661013;-44.867622238644046;-77.86762223864405;1.633946288288426e-11;0.1;1.633946288288426e-12;3.299478705304187e-09;;;;VERT;True
1786213518.3476503;24.61210828100002;Simulation RF;Détection RF large bande;2,45 GHz;2,45 GHz;;2860;2.304552463761314;-48.18209855045255;-64.88209855045255;3.249302501917749e-10;0.1;3.2493025019177495e-11;1.0785819439724954e-08;;;;ORANGE;True
1786213518.5782123;25.090934448000098;BLE Sniffer;Appareil BLE;2,4 GHz BLE;a8:d0:3c:70:07:40;-72.0;;;;-72.0;6.309573444801942e-11;0.00035999999999999997;2.271446440128699e-14;2.271446440128699e-14;35;0x00;38;VERT;False
1786213518.5783856;25.091105780999897;BLE Sniffer;iBeacon;2,4 GHz BLE;4e:58:d9:e9:46:b7;-64.0;;;;-64.0;3.9810717055349694e-10;0.000368;1.4650343876368688e-13;1.547231585737966e-12;36;0x00;39;ORANGE;False
1786213518.5784395;25.09115685500001;BLE Sniffer;Appareil BLE;2,4 GHz BLE;3f:d5:b8:4d:d0:33;-70.0;;;;-70.0;1e-10;0.000376;3.76e-14;3.8779894143118585e-12;37;0x02;37;ORANGE;False
1786213518.578481;25.09119822599996;BLE Sniffer;Appareil BLE;2,4 GHz BLE;3f:d5:b8:4d:d0:33;-72.0;;;;-72.0;6.309573444801942e-11;0.000376;2.3723996152455302e-14;3.901713410464314e-12;37;0x02;38;VERT;False
1786213518.8282332;25.34095194800011;BLE Sniffer;Appareil BLE;2,4 GHz BLE;3f:d5:b8:4d:d0:33;-64.0;;;;-64.0;3.9810717055349694e-10;0.000376;1.4968829612811484e-13;4.051401706592429e-12;37;0x02;39;ORANGE;False
1786213518.8283367;25.341054058999816;BLE Sniffer;iBeacon;2,4 GHz BLE;4e:58:d9:e9:46:b7;-57.0;;;;-57.0;1.9952623149688828e-09;0.000368;7.342565319085488e-13;2.281488117646515e-12;36;0x00;37;ORANGE;False
1786213518.828378;25.341095002999737;BLE Sniffer;iBeacon;2,4 GHz BLE;4e:58:d9:e9:46:b7;-54.0;;;;-54.0;3.981071705534969e-09;0.000368;1.4650343876368685e-12;3.7465225052833834e-12;36;0x00;38;ORANGE;False
1786213518.8284156;25.341132947999995;BLE Sniffer;iBeacon;2,4 GHz BLE;4e:58:d9:e9:46:b7;-55.0;;;;-55.0;3.1622776601683795e-09;0.000368;1.1637181789419637e-12;4.910240684225347e-12;36;0x00;39;ORANGE;False
1786213518.8284526;25.341169780999735;BLE Sniffer;Appareil BLE;2,4 GHz BLE;3f:d5:b8:4d:d0:33;-72.0;;;;-72.0;6.309573444801942e-11;0.000376;2.3723996152455302e-14;4.075125702744884e-12;37;0x02;37;VERT;False
1786213518.8280828;25.10994478099974;Simulation RF;Détection RF large bande;868 MHz;868 MHz;;2725;2.196026463576002;-43.84105854304008;-76.84105854304008;2.0696368370430252e-11;0.1;2.0696368370430254e-12;3.3015483421412303e-09;;;;VERT;True
1786213519.0795336;25.59225476199981;BLE Sniffer;Appareil BLE;2,4 GHz BLE;3f:d5:b8:4d:d0:33;-73.0;;;;-73.0;5.011872336272715e-11;0.000376;1.8844639984385406e-14;4.09397034272927e-12;37;0x02;38;VERT;False
1786213519.0796912;25.59240848499985;BLE Sniffer;Appareil BLE;2,4 GHz BLE;2e:41:9f:b9:9a:8e;-97.0;;;;-97.0;1.9952623149688827e-13;0.000384;7.66180728948051e-17;7.66180728948051e-17;38;0x02;39;VERT;False
1786213519.0797389;25.59245609599975;BLE Sniffer;Appareil BLE;2,4 GHz BLE;3f:d5:b8:4d:d0:33;-65.0;;;;-65.0;3.1622776601683795e-10;0.000376;1.1890164002233106e-13;4.212871982751601e-12;37;0x02;37;ORANGE;False
1786213519.0797825;25.592499613999735;BLE Sniffer;iBeacon;2,4 GHz BLE;4e:58:d9:e9:46:b7;-47.0;;;;-47.0;1.9952623149688786e-08;0.000368;7.342565319085474e-12;1.225280600331082e-11;36;0x00;38;ROUGE;False
1786213519.0798204;25.592537429000004;BLE Sniffer;iBeacon;2,4 GHz BLE;4e:58:d9:e9:46:b7;-51.0;;;;-51.0;7.943282347242822e-09;0.000368;2.9231279037853585e-12;1.5175933907096177e-11;36;0x00;39;ORANGE;False
1786213518.8437068;25.10994478099974;Simulation RF;Détection RF large bande;2,45 GHz;2,45 GHz;;2903;2.3393256392155775;-49.573025568623095;-66.2730255686231;2.358834348203184e-10;0.1;2.358834348203184e-11;1.0809407783206985e-08;;;;ORANGE;True
1786213519.342492;25.85521285499999;BLE Sniffer;Appareil BLE;2,4 GHz BLE;3f:d5:b8:4d:d0:33;-65.0;;;;-65.0;3.1622776601683795e-10;0.000376;1.1890164002233106e-13;4.3317736227739325e-12;37;0x02;37;ORANGE;False
1786213519.3426447;25.855362113999945;BLE Sniffer;Appareil BLE;2,4 GHz BLE;e8:d0:3c:30:07:40;-70.0;;;;-70.0;1e-10;0.00035999999999999997;3.6e-14;1.7483717423427708e-12;35;0x00;38;ORANGE;False
1786213519.3427002;25.855417428999772;BLE Sniffer;Appareil BLE;2,4 GHz BLE;e8:d0:3c:30:07:40;-72.0;;;;-72.0;6.309573444801942e-11;0.00035999999999999997;2.271446440128699e-14;1.7710862067440578e-12;35;0x00;39;VERT;False
1786213519.342741;25.855458280999756;BLE Sniffer;Appareil BLE;2,4 GHz BLE;3f:d5:b8:4d:d0:33;-66.0;;;;-66.0;2.511886431509582e-10;0.000376;9.444692982476028e-14;4.4262205525986925e-12;37;0x02;37;ORANGE;False
1786213519.342781;25.855498391999845;BLE Sniffer;iBeacon;2,4 GHz BLE;4e:58:d9:e9:46:b7;-48.0;;;;-48.0;1.5848931924611143e-08;0.000368;5.8324069482569e-12;2.1008340855353077e-11;36;0x00;38;ROUGE;False
1786213519.342819;25.855536224999923;BLE Sniffer;iBeacon;2,4 GHz BLE;4e:58:d9:e9:46:b7;-51.0;;;;-51.0;7.943282347242822e-09;0.000368;2.9231279037853585e-12;2.3931468759138437e-11;36;0x00;39;ORANGE;False
1786213519.358765;25.87123068799974;Simulation RF;Détection RF large bande;868 MHz;868 MHz;;2796;2.253303567634768;-46.13214270539072;-79.13214270539072;1.221197002034324e-11;0.1;1.221197002034324e-12;3.302769539143265e-09;;;;VERT;True
1786213519.5940514;26.106772076999732;BLE Sniffer;Appareil BLE;2,4 GHz BLE;3f:d5:b8:4d:d0:33;-63.0;;;;-63.0;5.011872336272714e-10;0.000376;1.8844639984385405e-13;4.6146669524425464e-12;37;0x02;37;ORANGE;False
1786213519.5942068;26.10692415099993;BLE Sniffer;Appareil BLE;2,4 GHz BLE;3f:d5:b8:4d:d0:33;-71.0;;;;-71.0;7.943282347242822e-11;0.000376;2.986674162563301e-14;4.644533694068179e-12;37;0x02;38;VERT;False
1786213519.5942578;26.106975168999725;BLE Sniffer;Appareil BLE;2,4 GHz BLE;3f:d5:b8:4d:d0:33;-64.0;;;;-64.0;3.9810717055349694e-10;0.000376;1.4968829612811484e-13;4.794221990196294e-12;37;0x02;39;ORANGE;False
1786213519.5943027;26.1070198729999;BLE Sniffer;Appareil BLE;2,4 GHz BLE;e8:d0:3c:30:07:40;-70.0;;;;-70.0;1e-10;0.00035999999999999997;3.6e-14;1.8070862067440578e-12;35;0x00;37;ORANGE;False
1786213519.5943403;26.10705761400004;BLE Sniffer;Appareil BLE;2,4 GHz BLE;e8:d0:3c:30:07:40;-72.0;;;;-72.0;6.309573444801942e-11;0.00035999999999999997;2.271446440128699e-14;1.829800671145345e-12;35;0x00;38;VERT;False
1786213519.6023703;26.115090594999856;BLE Sniffer;Appareil BLE;2,4 GHz BLE;e8:d0:3c:30:07:40;-73.0;;;;-73.0;5.011872336272715e-11;0.00035999999999999997;1.804274041058177e-14;1.8478434115559267e-12;35;0x00;39;VERT;False
1786213519.358942;25.87123068799974;Simulation RF;Détection RF large bande;2,45 GHz;2,45 GHz;;2913;2.347792901758281;-49.91171607033124;-66.61171607033124;2.1818675987685324e-10;0.1;2.1818675987685326e-11;1.083122645919467e-08;;;;ORANGE;True
1786213519.858513;26.37123463199987;BLE Sniffer;iBeacon;2,4 GHz BLE;4e:58:d9:e9:46:b7;-49.0;;;;-49.0;1.2589254117941661e-08;0.000368;4.632845515402531e-12;2.856431427454097e-11;36;0x00;37;ROUGE;False
1786213519.8586643;26.371382298999833;BLE Sniffer;iBeacon;2,4 GHz BLE;4e:58:d9:e9:46:b7;-48.0;;;;-48.0;1.5848931924611143e-08;0.000368;5.8324069482569e-12;3.439672122279787e-11;36;0x00;38;ROUGE;False
1786213519.858712;26.371429188000093;BLE Sniffer;iBeacon;2,4 GHz BLE;4e:58:d9:e9:46:b7;-51.0;;;;-51.0;7.943282347242822e-09;0.000368;2.9231279037853585e-12;3.731984912658323e-11;36;0x00;39;ORANGE;False
1786213519.8587515;26.371468872999685;BLE Sniffer;Appareil BLE;2,4 GHz BLE;3f:d5:b8:4d:d0:33;-65.0;;;;-65.0;3.1622776601683795e-10;0.000376;1.1890164002233106e-13;4.913123630218625e-12;37;0x02;37;ORANGE;False
1786213519.8587918;26.3715090579999;BLE Sniffer;Appareil BLE;2,4 GHz BLE;c3:49:80:30:2e:b9;-66.0;;;;-66.0;2.511886431509582e-10;0.000192;4.822821948498398e-14;8.232020221121716e-13;14;0x02;38;ORANGE;False
1786213519.8588297;26.37154716899977;BLE Sniffer;Appareil BLE;2,4 GHz BLE;3f:d5:b8:4d:d0:33;-64.0;;;;-64.0;3.9810717055349694e-10;0.000376;1.4968829612811484e-13;5.06281192634674e-12;37;0x02;39;ORANGE;False
1786213519.8675258;26.380248261999895;BLE Sniffer;iBeacon;2,4 GHz BLE;4e:58:d9:e9:46:b7;-55.0;;;;-55.0;3.1622776601683795e-09;0.000368;1.1637181789419637e-12;3.84835673055252e-11;36;0x00;37;ORANGE;False
1786213519.8764546;26.389011020999988;Simulation RF;Détection RF large bande;868 MHz;868 MHz;;2706;2.180994132675996;-43.239765307039846;-76.23976530703985;2.3769687346661746e-11;0.1;2.3769687346661747e-12;3.305146507877931e-09;;;;VERT;True
1786213520.1149535;26.62767331699979;BLE Sniffer;iBeacon;2,4 GHz BLE;4e:58:d9:e9:46:b7;-57.0;;;;-57.0;1.9952623149688828e-09;0.000368;7.342565319085488e-13;3.921782383743375e-11;36;0x00;38;ORANGE;False
1786213520.1150186;26.627735909999956;BLE Sniffer;iBeacon;2,4 GHz BLE;4e:58:d9:e9:46:b7;-55.0;;;;-55.0;3.1622776601683795e-09;0.000368;1.1637181789419637e-12;4.038154201637571e-11;36;0x00;39;ORANGE;False
1786213520.115061;26.62777822499993;BLE Sniffer;Appareil BLE;2,4 GHz BLE;3f:d5:b8:4d:d0:33;-66.0;;;;-66.0;2.511886431509582e-10;0.000376;9.444692982476028e-14;5.1572588561715e-12;37;0x02;37;ORANGE;False
1786213520.1150992;26.627816446999987;BLE Sniffer;Appareil BLE;2,4 GHz BLE;3f:d5:b8:4d:d0:33;-73.0;;;;-73.0;5.011872336272715e-11;0.000376;1.8844639984385406e-14;5.1761034961558854e-12;37;0x02;38;VERT;False
1786213520.114866;26.389011020999988;Simulation RF;Détection RF large bande;2,45 GHz;2,45 GHz;;2930;2.3608599732166886;-50.43439892866755;-67.13439892866755;1.9344615730352158e-10;0.1;1.9344615730352158e-11;1.0850571074925022e-08;;;;ORANGE;True
1786213520.375576;26.888297427999987;BLE Sniffer;Appareil BLE;2,4 GHz BLE;3f:d5:b8:4d:d0:33;-64.0;;;;-64.0;3.9810717055349694e-10;0.000376;1.4968829612811484e-13;5.325791792284e-12;37;0x02;39;ORANGE;False
1786213520.3757012;26.888418779999938;BLE Sniffer;iBeacon;2,4 GHz BLE;4e:58:d9:e9:46:b7;-58.0;;;;-58.0;1.584893192461111e-09;0.000368;5.832406948256889e-13;4.09647827112014e-11;36;0x00;37;ORANGE;False
1786213520.3757443;26.888461688000007;BLE Sniffer;iBeacon;2,4 GHz BLE;4e:58:d9:e9:46:b7;-61.0;;;;-61.0;7.943282347242822e-10;0.000368;2.9231279037853586e-13;4.1257095501579936e-11;36;0x00;38;ORANGE;False
1786213520.375784;26.888501113000075;BLE Sniffer;iBeacon;2,4 GHz BLE;4e:58:d9:e9:46:b7;-57.0;;;;-57.0;1.9952623149688828e-09;0.000368;7.342565319085488e-13;4.1991352033488485e-11;36;0x00;39;ORANGE;False
1786213520.3758225;26.888539779999974;BLE Sniffer;Appareil BLE;2,4 GHz BLE;e8:d0:3c:30:07:40;-66.0;;;;-66.0;2.511886431509582e-10;0.00035999999999999997;9.042791153434495e-14;1.9382713230902717e-12;35;0x00;37;ORANGE;False
1786213520.3758597;26.888577038999756;BLE Sniffer;Appareil BLE;2,4 GHz BLE;3f:d5:b8:4d:d0:33;-72.0;;;;-72.0;6.309573444801942e-11;0.000376;2.3723996152455302e-14;5.349515788436456e-12;37;0x02;38;VERT;False
1786213520.3758953;26.888612594999813;BLE Sniffer;Appareil BLE;2,4 GHz BLE;3f:d5:b8:4d:d0:33;-64.0;;;;-64.0;3.9810717055349694e-10;0.000376;1.4968829612811484e-13;5.4992040845645704e-12;37;0x02;39;ORANGE;False
1786213520.393512;26.906074612999873;Simulation RF;Détection RF large bande;868 MHz;868 MHz;;2812;2.265853843792473;-46.63415375169892;-79.63415375169892;1.0878890985586851e-11;0.1;1.0878890985586852e-12;3.3062343969764897e-09;;;;VERT;True
1786213520.6348162;27.14753565000001;BLE Sniffer;iBeacon;2,4 GHz BLE;4e:58:d9:e9:46:b7;-62.0;;;;-62.0;6.309573444801942e-10;0.000368;2.321923027687115e-13;4.22235443362572e-11;36;0x00;37;ORANGE;False
1786213520.634892;27.147609299000123;BLE Sniffer;iBeacon;2,4 GHz BLE;4e:58:d9:e9:46:b7;-66.0;;;;-66.0;2.511886431509582e-10;0.000368;9.243742067955262e-14;4.2315981756936754e-11;36;0x00;38;ORANGE;False
1786213520.6349325;27.147649558000012;BLE Sniffer;iBeacon;2,4 GHz BLE;4e:58:d9:e9:46:b7;-60.0;;;;-60.0;1e-09;0.000368;3.6800000000000005e-13;4.268398175693675e-11;36;0x00;39;ORANGE;False
1786213520.6349735;27.147690501999932;BLE Sniffer;Appareil BLE;2,4 GHz BLE;3f:d5:b8:4d:d0:33;-66.0;;;;-66.0;2.511886431509582e-10;0.000376;9.444692982476028e-14;5.5936510143893305e-12;37;0x02;37;ORANGE;False
1786213520.63501;27.1477272799998;BLE Sniffer;Appareil BLE;2,4 GHz BLE;e8:d0:3c:30:07:40;-68.0;;;;-68.0;1.584893192461111e-10;0.00035999999999999997;5.705615492859999e-14;1.995327478018872e-12;35;0x00;38;ORANGE;False
1786213520.6346948;26.906074612999873;Simulation RF;Détection RF large bande;2,45 GHz;2,45 GHz;;2967;2.3909655473562803;-51.638621894251216;-68.33862189425122;1.466012963232567e-10;0.1;1.466012963232567e-11;1.0865231204557348e-08;;;;ORANGE;True
1786213520.8865464;27.399266705999707;BLE Sniffer;Appareil BLE;2,4 GHz BLE;e8:d0:3c:30:07:40;-74.0;;;;-74.0;3.9810717055349695e-11;0.00035999999999999997;1.433185813992589e-14;2.009659336158798e-12;35;0x00;39;VERT;False
1786213520.8881576;27.40088522399992;BLE Sniffer;Appareil BLE;2,4 GHz BLE;3f:d5:b8:4d:d0:33;-66.0;;;;-66.0;2.511886431509582e-10;0.000376;9.444692982476028e-14;5.6880979442140905e-12;37;0x02;37;ORANGE;False
1786213520.8884244;27.40114252100011;BLE Sniffer;iBeacon;2,4 GHz BLE;4e:58:d9:e9:46:b7;-70.0;;;;-70.0;1e-10;0.000368;3.68e-14;4.272078175693675e-11;36;0x00;38;ORANGE;False
1786213520.8886063;27.40132368700006;BLE Sniffer;iBeacon;2,4 GHz BLE;4e:58:d9:e9:46:b7;-60.0;;;;-60.0;1e-09;0.000368;3.6800000000000005e-13;4.308878175693675e-11;36;0x00;39;ORANGE;False
1786213520.8886693;27.401386483999886;BLE Sniffer;Appareil BLE;2,4 GHz BLE;3f:d5:b8:4d:d0:33;-67.0;;;;-67.0;1.9952623149688828e-10;0.000376;7.502186304282999e-14;5.76311980725692e-12;37;0x02;37;ORANGE;False
1786213520.8863823;27.16636502099982;Simulation RF;Détection RF large bande;868 MHz;868 MHz;;2801;2.2568158022444322;-46.27263208977729;-79.27263208977729;1.1823247775234888e-11;0.1;1.1823247775234888e-12;3.3074167217540133e-09;;;;VERT;True
1786213520.9030979;27.16636502099982;Simulation RF;Détection RF large bande;2,45 GHz;2,45 GHz;;2952;2.378936426140054;-51.15745704560214;-67.85745704560215;1.6377752185302772e-10;0.1;1.6377752185302772e-11;1.088160895674265e-08;;;;ORANGE;True
1786213521.145409;27.658129316999748;BLE Sniffer;Appareil BLE;2,4 GHz BLE;e8:d0:3c:30:07:40;-67.0;;;;-67.0;1.9952623149688828e-10;0.00035999999999999997;7.182944333887978e-14;2.081488779497678e-12;35;0x00;38;ORANGE;False
1786213521.1455727;27.65829133499983;BLE Sniffer;Appareil BLE;2,4 GHz BLE;e8:d0:3c:30:07:40;-74.0;;;;-74.0;3.9810717055349695e-11;0.00035999999999999997;1.433185813992589e-14;2.095820637637604e-12;35;0x00;39;VERT;False
1786213521.1456256;27.658342853999784;BLE Sniffer;Appareil BLE;2,4 GHz BLE;3f:d5:b8:4d:d0:33;-66.0;;;;-66.0;2.511886431509582e-10;0.000376;9.444692982476028e-14;5.85756673708168e-12;37;0x02;37;ORANGE;False
1786213521.145675;27.658392446000107;BLE Sniffer;Appareil BLE;2,4 GHz BLE;3f:dd:bc:7d:d0:33;-75.0;;;;-75.0;3.1622776601683794e-11;0.000376;1.1890164002233105e-14;1.1890164002233105e-14;37;0x02;38;VERT;False
1786213521.1598372;27.672374945999763;Simulation RF;Détection RF large bande;868 MHz;868 MHz;;2812;2.266279257560741;-46.651170302429634;-79.65117030242963;1.0836348653184122e-11;0.1;1.0836348653184122e-12;3.3085003566193317e-09;;;;VERT;True
1786213521.4025886;27.91530690899981;BLE Sniffer;Appareil BLE;2,4 GHz BLE;3f:d5:b8:4d:d0:33;-64.0;;;;-64.0;3.9810717055349694e-10;0.000376;1.4968829612811484e-13;6.007255033209795e-12;37;0x02;39;ORANGE;False
1786213521.402657;27.915374334999797;BLE Sniffer;iBeacon;2,4 GHz BLE;4e:58:d9:e9:46:b7;-65.0;;;;-65.0;3.1622776601683795e-10;0.000368;1.1637181789419636e-13;4.320515357483095e-11;36;0x00;37;ORANGE;False
1786213521.4026978;27.915414964999854;BLE Sniffer;Appareil BLE;2,4 GHz BLE;4e:58:d9:e9:46:b7;-78.0;;;;-78.0;1.5848931924611107e-11;0.000368;5.832406948256887e-15;4.321098598177921e-11;36;0x00;38;VERT;False
1786213521.4027355;27.91545248300008;BLE Sniffer;iBeacon;2,4 GHz BLE;4e:58:d9:e9:46:b7;-61.0;;;;-61.0;7.943282347242822e-10;0.000368;2.9231279037853586e-13;4.350329877215774e-11;36;0x00;39;ORANGE;False
1786213521.4027853;27.915502668000045;BLE Sniffer;Appareil BLE;2,4 GHz BLE;3f:d5:b8:4d:d0:33;-68.0;;;;-68.0;1.584893192461111e-10;0.000376;5.959198403653776e-14;6.0668470172463325e-12;37;0x02;37;ORANGE;False
1786213521.4024951;27.672374945999763;Simulation RF;Détection RF large bande;2,45 GHz;2,45 GHz;;3002;2.4192149780580396;-52.768599122321575;-69.46859912232158;1.130160404951495e-10;0.1;1.1301604049514952e-11;1.0892910560792165e-08;;;;ORANGE;True
1786213521.6601386;28.17285738999999;BLE Sniffer;Appareil BLE;2,4 GHz BLE;e8:d0:3c:30:07:40;-68.0;;;;-68.0;1.584893192461111e-10;0.00035999999999999997;5.705615492859999e-14;2.152876792566204e-12;35;0x00;38;ORANGE;False
1786213521.6618288;28.174548853000033;BLE Sniffer;Appareil BLE;2,4 GHz BLE;e8:d0:3c:30:07:40;-73.0;;;;-73.0;5.011872336272715e-11;0.00035999999999999997;1.804274041058177e-14;2.1709195329767857e-12;35;0x00;39;VERT;False
1786213521.6620114;28.174728983000023;BLE Sniffer;Appareil BLE;2,4 GHz BLE;3f:d5:b8:4d:d0:33;-67.0;;;;-67.0;1.9952623149688828e-10;0.000376;7.502186304282999e-14;6.141868880289162e-12;37;0x02;37;ORANGE;False
1786213521.6620677;28.17478500199968;BLE Sniffer;Appareil BLE;2,4 GHz BLE;3f:d3:b8:4d:d0:33;-76.0;;;;-76.0;2.5118864315095823e-11;0.000376;9.444692982476029e-15;9.444692982476029e-15;37;0x02;38;VERT;False
1786213521.6621082;28.17482537199976;BLE Sniffer;iBeacon;2,4 GHz BLE;4e:58:d9:e9:46:b7;-61.0;;;;-61.0;7.943282347242822e-10;0.000368;2.9231279037853586e-13;4.379561156253628e-11;36;0x00;39;ORANGE;False
1786213521.6621537;28.17487111299988;BLE Sniffer;Appareil BLE;2,4 GHz BLE;3f:d5:b8:4d:d0:33;-67.0;;;;-67.0;1.9952623149688828e-10;0.000376;7.502186304282999e-14;6.216890743331992e-12;37;0x02;37;ORANGE;False
1786213521.660009;27.933679483000105;Simulation RF;Détection RF large bande;868 MHz;868 MHz;;2856;2.3012398724624443;-48.04959489849777;-81.04959489849777;7.853088832892008e-12;0.1;7.853088832892009e-13;3.309285665502621e-09;;;;VERT;True
1786213521.6789386;27.933679483000105;Simulation RF;Détection RF large bande;2,45 GHz;2,45 GHz;;3005;2.421712481331343;-52.86849925325372;-69.56849925325372;1.1044602109157187e-10;0.1;1.1044602109157187e-11;1.0903955162901322e-08;;;;ORANGE;True
1786213521.9163797;28.429100760999972;BLE Sniffer;Appareil BLE;2,4 GHz BLE;e8:d0:3c:30:07:40;-67.0;;;;-67.0;1.9952623149688828e-10;0.00035999999999999997;7.182944333887978e-14;2.2427489763156656e-12;35;0x00;38;ORANGE;False
1786213521.9168358;28.429555019999952;BLE Sniffer;Appareil BLE;2,4 GHz BLE;e8:d0:3c:30:07:40;-75.0;;;;-75.0;3.1622776601683794e-11;0.00035999999999999997;1.1384199576606165e-14;2.254133175892272e-12;35;0x00;39;VERT;False
1786213521.9169006;28.429617889999918;BLE Sniffer;Appareil BLE;2,4 GHz BLE;3f:d5:b8:4d:d0:33;-67.0;;;;-67.0;1.9952623149688828e-10;0.000376;7.502186304282999e-14;6.2919126063748216e-12;37;0x02;37;ORANGE;False
1786213521.9169476;28.429665019999902;BLE Sniffer;Appareil BLE;2,4 GHz BLE;f4:26:33:35:5f:ba;-81.0;;;;-81.0;7.943282347242821e-12;0.00034399999999999996;2.73248912745153e-15;1.9137484338768054e-13;33;0x00;38;VERT;False
1786213521.9169915;28.429708650000066;BLE Sniffer;Appareil BLE;2,4 GHz BLE;f4:26:33:35:5f:ba;-83.0;;;;-83.0;5.011872336272715e-12;0.00034399999999999996;1.7240840836778136e-15;1.9309892747135835e-13;33;0x00;39;VERT;False
1786213521.917041;28.429758426999797;BLE Sniffer;Appareil BLE;2,4 GHz BLE;c3:49:80:30:2e:b9;-62.0;;;;-62.0;6.309573444801942e-10;0.000192;1.211438101401973e-13;9.44345832252369e-13;14;0x02;37;ORANGE;False
1786213521.9173403;28.430058372000076;BLE Sniffer;Appareil BLE;2,4 GHz BLE;3f:d5:b8:4d:d0:33;-75.0;;;;-75.0;3.1622776601683794e-11;0.000376;1.1890164002233105e-14;6.303802770377055e-12;37;0x02;38;VERT;False
1786213521.925579;28.438299389999884;BLE Sniffer;iBeacon;2,4 GHz BLE;4e:58:d9:e9:46:b7;-61.0;;;;-61.0;7.943282347242822e-10;0.000368;2.9231279037853586e-13;4.4087924352914815e-11;36;0x00;39;ORANGE;False
1786213521.9353206;28.44788209399985;Simulation RF;Détection RF large bande;868 MHz;868 MHz;;2830;2.2803338703650553;-47.21335481460221;-80.21335481460221;9.520604373807828e-12;0.1;9.52060437380783e-13;3.3102377259400015e-09;;;;VERT;True
1786213522.1731591;28.685877611999786;BLE Sniffer;Appareil BLE;2,4 GHz BLE;3f:d5:b8:4d:d0:33;-67.0;;;;-67.0;1.9952623149688828e-10;0.000376;7.502186304282999e-14;6.378824633419884e-12;37;0x02;37;ORANGE;False
1786213522.173227;28.685944409000058;BLE Sniffer;Appareil BLE;2,4 GHz BLE;e8:d0:3c:30:07:40;-68.0;;;;-68.0;1.584893192461111e-10;0.00035999999999999997;5.705615492859999e-14;2.311189330820872e-12;35;0x00;38;ORANGE;False
1786213522.1732702;28.685987611999735;BLE Sniffer;Appareil BLE;2,4 GHz BLE;3f:d5:b8:4d:d0:33;-64.0;;;;-64.0;3.9810717055349694e-10;0.000376;1.4968829612811484e-13;6.528512929547999e-12;37;0x02;39;ORANGE;False
1786213522.173308;28.686025205000078;BLE Sniffer;Appareil BLE;2,4 GHz BLE;3f:d5:b8:4d:d0:33;-67.0;;;;-67.0;1.9952623149688828e-10;0.000376;7.502186304282999e-14;6.603534792590829e-12;37;0x02;37;ORANGE;False
1786213522.1730688;28.44788209399985;Simulation RF;Détection RF large bande;2,45 GHz;2,45 GHz;;2989;2.408989333790622;-52.359573351624874;-69.05957335162488;1.241774292785305e-10;0.1;1.241774292785305e-11;1.0916372905829175e-08;;;;ORANGE;True
1786213522.4597027;28.97242487099993;BLE Sniffer;iBeacon;2,4 GHz BLE;4e:5c:59:e1:46:b7;-80.0;;;;-80.0;1e-11;0.000368;3.68e-15;3.68e-15;36;0x00;38;VERT;False
1786213522.4612575;28.973981574999925;BLE Sniffer;iBeacon;2,4 GHz BLE;4e:58:d9:e9:46:b7;-62.0;;;;-62.0;6.309573444801942e-10;0.000368;2.321923027687115e-13;4.432011665568353e-11;36;0x00;39;ORANGE;False
1786213522.4614174;28.974135315999774;BLE Sniffer;Appareil BLE;2,4 GHz BLE;3f:d5:b8:4d:d0:33;-67.0;;;;-67.0;1.9952623149688828e-10;0.000376;7.502186304282999e-14;6.6785566556336584e-12;37;0x02;37;ORANGE;False
1786213522.7128937;29.22561311199979;BLE Sniffer;Appareil BLE;2,4 GHz BLE;3f:d5:b8:4d:d0:33;-74.0;;;;-74.0;3.9810717055349695e-11;0.000376;1.4968829612811484e-14;6.69352548524647e-12;37;0x02;38;VERT;False
1786213522.712993;29.22571027899994;BLE Sniffer;Appareil BLE;2,4 GHz BLE;3f:d5:b8:4d:d0:33;-64.0;;;;-64.0;3.9810717055349694e-10;0.000376;1.4968829612811484e-13;6.843213781374585e-12;37;0x02;39;ORANGE;False
1786213522.713034;29.225751685999967;BLE Sniffer;Appareil BLE;2,4 GHz BLE;3f:d5:b8:4d:d0:33;-67.0;;;;-67.0;1.9952623149688828e-10;0.000376;7.502186304282999e-14;6.918235644417414e-12;37;0x02;37;ORANGE;False
1786213522.7127628;28.991289686000073;Simulation RF;Détection RF large bande;868 MHz;868 MHz;;2749;2.215311746046401;-44.612469841856026;-77.61246984185603;1.7328182600948464e-11;0.1;1.7328182600948464e-12;3.3119705442000964e-09;;;;VERT;True
1786213522.7282002;28.991289686000073;Simulation RF;Détection RF large bande;2,45 GHz;2,45 GHz;;2995;2.413244651291417;-52.52978605165667;-69.22978605165667;1.19404692585848e-10;0.1;1.1940469258584801e-11;1.092831337508776e-08;;;;ORANGE;True
1786213522.9763303;29.489053685999806;BLE Sniffer;Appareil BLE;2,4 GHz BLE;e8:d0:3c:30:07:40;-68.0;;;;-68.0;1.584893192461111e-10;0.00035999999999999997;5.705615492859999e-14;2.368245485749472e-12;35;0x00;38;ORANGE;False
1786213522.976648;29.489366204999897;BLE Sniffer;Appareil BLE;2,4 GHz BLE;3f:d5:b8:4d:d0:33;-64.0;;;;-64.0;3.9810717055349694e-10;0.000376;1.4968829612811484e-13;7.067923940545529e-12;37;0x02;39;ORANGE;False
1786213522.9767232;29.489440538000053;BLE Sniffer;Appareil BLE;2,4 GHz BLE;3f:d5:b8:4d:d0:33;-68.0;;;;-68.0;1.584893192461111e-10;0.000376;5.959198403653776e-14;7.1275159245820666e-12;37;0x02;37;ORANGE;False
1786213522.990536;29.50309526000001;Simulation RF;Détection RF large bande;868 MHz;868 MHz;;2761;2.224719486663139;-44.98877946652556;-77.98877946652556;1.588993253685366e-11;0.1;1.5889932536853662e-12;3.3135595374537816e-09;;;;VERT;True
1786213523.2406323;29.50309526000001;Simulation RF;Détection RF large bande;2,45 GHz;2,45 GHz;;2961;2.386189387639505;-51.44757550558019;-68.14757550558019;1.5319424459191402e-10;0.1;1.5319424459191402e-11;1.094363279954695e-08;;;;ORANGE;True
1786213523.4856951;29.998417092999716;BLE Sniffer;Appareil BLE;2,4 GHz BLE;3f:d5:b8:4d:d0:33;-76.0;;;;-76.0;2.5118864315095823e-11;0.000376;9.444692982476029e-15;7.136960617564543e-12;37;0x02;38;VERT;False
1786213523.4871914;29.999913018999905;BLE Sniffer;iBeacon;2,4 GHz BLE;4e:58:d9:e9:46:b7;-55.0;;;;-55.0;3.1622776601683795e-09;0.000368;1.1637181789419637e-12;4.5483834834625494e-11;36;0x00;39;ORANGE;False
1786213523.4873197;30.0000371860001;BLE Sniffer;Appareil BLE;2,4 GHz BLE;3f:d5:b8:4d:d0:33;-68.0;;;;-68.0;1.584893192461111e-10;0.000376;5.959198403653776e-14;7.19655260160108e-12;37;0x02;37;ORANGE;False
1786213523.4873645;30.000081962999957;BLE Sniffer;Appareil BLE;2,4 GHz BLE;e8:d0:3c:30:07:40;-69.0;;;;-69.0;1.2589254117941662e-10;0.00035999999999999997;4.532131482458998e-14;2.413566800574062e-12;35;0x00;38;ORANGE;False
1786213523.747626;30.26034644499987;BLE Sniffer;Appareil BLE;2,4 GHz BLE;e8:d0:3c:30:07:40;-75.0;;;;-75.0;3.1622776601683794e-11;0.00035999999999999997;1.1384199576606165e-14;2.4249510001506683e-12;35;0x00;39;VERT;False
1786213523.7477443;30.260461667000072;BLE Sniffer;Appareil BLE;2,4 GHz BLE;3f:d5:b8:4d:d0:33;-69.0;;;;-69.0;1.2589254117941662e-10;0.000376;4.7335595483460646e-14;7.243888197084541e-12;37;0x02;37;ORANGE;False
1786213523.747803;30.26052018600012;BLE Sniffer;iBeacon;2,4 GHz BLE;4e:58:d9:e9:46:b7;-64.0;;;;-64.0;3.9810717055349694e-10;0.000368;1.4650343876368688e-13;4.563033827338918e-11;36;0x00;38;ORANGE;False
1786213523.7478435;30.260560888999862;BLE Sniffer;iBeacon;2,4 GHz BLE;4e:58:d9:e9:46:b7;-60.0;;;;-60.0;1e-09;0.000368;3.6800000000000005e-13;4.599833827338918e-11;36;0x00;39;ORANGE;False
1786213523.747884;30.260601314999803;BLE Sniffer;Appareil BLE;2,4 GHz BLE;3f:d5:b8:4d:d0:33;-68.0;;;;-68.0;1.584893192461111e-10;0.000376;5.959198403653776e-14;7.303480181121078e-12;37;0x02;37;ORANGE;False
1786213523.7474093;30.016872037999747;Simulation RF;Détection RF large bande;868 MHz;868 MHz;;2816;2.269521645973833;-46.78086583895332;-79.78086583895332;1.0517521684695611e-11;0.1;1.0517521684695612e-12;3.314611289622251e-09;;;;VERT;True
1786213523.7652445;30.016872037999747;Simulation RF;Détection RF large bande;2,45 GHz;2,45 GHz;;3057;2.4636677997934875;-54.5467119917395;-71.2467119917395;7.504621631191429e-11;0.1;7.504621631191429e-12;1.0951137421178142e-08;;;;VERT;True
1786213524.0026429;30.51536585199983;BLE Sniffer;Appareil BLE;2,4 GHz BLE;3f:d5:b8:4d:d0:33;-75.0;;;;-75.0;3.1622776601683794e-11;0.000376;1.1890164002233105e-14;7.315370345123311e-12;37;0x02;38;VERT;False
1786213524.005988;30.518710629999987;BLE Sniffer;Appareil BLE;2,4 GHz BLE;f4:26:33:35:5f:ba;-72.0;;;;-72.0;6.309573444801942e-11;0.00034399999999999996;2.1704932650118678e-14;2.1480386012147702e-13;33;0x00;39;VERT;False
1786213524.0062215;30.518939073999718;BLE Sniffer;Appareil BLE;2,4 GHz BLE;c3:49:80:30:2e:b9;-60.0;;;;-60.0;1e-09;0.000192;1.9200000000000001e-13;1.136345832252369e-12;14;0x02;37;ORANGE;False
1786213524.0062823;30.518999573999736;BLE Sniffer;Appareil BLE;2,4 GHz BLE;e8:d0:3c:30:07:40;-71.0;;;;-71.0;7.943282347242822e-11;0.00035999999999999997;2.859581645007415e-14;2.4535468166007426e-12;35;0x00;38;VERT;False
1786213524.0063303;30.519047629999932;BLE Sniffer;Appareil BLE;2,4 GHz BLE;e8:d0:3c:30:07:40;-75.0;;;;-75.0;3.1622776601683794e-11;0.00035999999999999997;1.1384199576606165e-14;2.464931016177349e-12;35;0x00;39;VERT;False
1786213524.0063808;30.519098073999885;BLE Sniffer;Appareil BLE;2,4 GHz BLE;3f:d5:b8:4d:d0:33;-69.0;;;;-69.0;1.2589254117941662e-10;0.000376;4.7335595483460646e-14;7.362705940606772e-12;37;0x02;37;ORANGE;False
1786213524.0064235;30.5191408339997;BLE Sniffer;iBeacon;2,4 GHz BLE;4e:58:d9:e9:46:b7;-62.0;;;;-62.0;6.309573444801942e-10;0.000368;2.321923027687115e-13;4.6230530576157896e-11;36;0x00;38;ORANGE;False
1786213524.0064678;30.519185036999716;BLE Sniffer;iBeacon;2,4 GHz BLE;4e:58:d9:e9:46:b7;-60.0;;;;-60.0;1e-09;0.000368;3.6800000000000005e-13;4.65985305761579e-11;36;0x00;39;ORANGE;False
1786213524.0086627;30.521385296000062;BLE Sniffer;Appareil BLE;2,4 GHz BLE;3f:d5:b8:4d:d0:33;-70.0;;;;-70.0;1e-10;0.000376;3.76e-14;7.400305940606772e-12;37;0x02;37;ORANGE;False
1786213524.2611256;30.77384805599968;BLE Sniffer;iBeacon;2,4 GHz BLE;4e:58:d9:e9:46:b7;-50.0;;;;-50.0;1e-08;0.000368;3.6800000000000005e-12;5.02785305761579e-11;36;0x00;38;ROUGE;False
1786213524.2612212;30.773938351999732;BLE Sniffer;iBeacon;2,4 GHz BLE;4e:58:d9:e9:46:b7;-52.0;;;;-52.0;6.309573444801943e-09;0.000368;2.3219230276871148e-12;5.2600453603845015e-11;36;0x00;39;ORANGE;False
1786213524.261265;30.7739825929998;BLE Sniffer;Appareil BLE;2,4 GHz BLE;3f:d5:b8:4d:d0:33;-66.0;;;;-66.0;2.511886431509582e-10;0.000376;9.444692982476028e-14;7.494752870431533e-12;37;0x02;37;ORANGE;False
1786213524.0253413;30.53789064800003;Simulation RF;Détection RF large bande;868 MHz;868 MHz;;2755;2.2201514898003327;-44.8060595920133;-77.8060595920133;1.6572729459375234e-11;0.1;1.6572729459375235e-12;3.3162685625681886e-09;;;;VERT;True
1786213524.2781854;30.53789064800003;Simulation RF;Détection RF large bande;2,45 GHz;2,45 GHz;;2962;2.3872877956183163;-51.49151182473264;-68.19151182473264;1.516522358191465e-10;0.1;1.5165223581914652e-11;1.0966302644760057e-08;;;;ORANGE;True
1786213524.5180883;31.030813554999895;BLE Sniffer;Appareil BLE;2,4 GHz BLE;3f:d5:b8:4d:d0:33;-72.0;;;;-72.0;6.309573444801942e-11;0.000376;2.3723996152455302e-14;7.518476866583987e-12;37;0x02;38;VERT;False
1786213524.518277;31.03099429599979;BLE Sniffer;Appareil BLE;2,4 GHz BLE;4a:61:5f:10:9a:be;-97.0;;;;-97.0;1.9952623149688827e-13;0.000376;7.502186304282999e-17;7.502186304282999e-17;37;0x02;39;VERT;False
1786213524.518324;31.03104125899972;BLE Sniffer;Appareil BLE;2,4 GHz BLE;3f:d5:b8:4d:d0:33;-69.0;;;;-69.0;1.2589254117941662e-10;0.000376;4.7335595483460646e-14;7.565812462067448e-12;37;0x02;37;ORANGE;False
1786213524.518372;31.031089203999727;BLE Sniffer;iBeacon;2,4 GHz BLE;4e:58:d9:e9:46:b7;-66.0;;;;-66.0;2.511886431509582e-10;0.000368;9.243742067955262e-14;5.269289102452457e-11;36;0x00;38;ORANGE;False
1786213524.5184133;31.03113057399969;BLE Sniffer;iBeacon;2,4 GHz BLE;4e:58:d9:e9:46:b7;-66.0;;;;-66.0;2.511886431509582e-10;0.000368;9.243742067955262e-14;5.2785328445204125e-11;36;0x00;39;ORANGE;False
1786213524.5184724;31.031189610999718;BLE Sniffer;Appareil BLE;2,4 GHz BLE;3f:d5:b8:4d:d0:33;-68.0;;;;-68.0;1.584893192461111e-10;0.000376;5.959198403653776e-14;7.625404446103986e-12;37;0x02;37;ORANGE;False
1786213524.7784626;31.29118246300004;BLE Sniffer;Appareil BLE;2,4 GHz BLE;3f:d5:b8:4d:d0:33;-76.0;;;;-76.0;2.5118864315095823e-11;0.000376;9.444692982476029e-15;7.634849139086462e-12;37;0x02;38;VERT;False
1786213524.7785618;31.291278980999778;BLE Sniffer;Appareil BLE;2,4 GHz BLE;3f:d5:b8:4d:d0:33;-65.0;;;;-65.0;3.1622776601683795e-10;0.000376;1.1890164002233106e-13;7.753750779108792e-12;37;0x02;39;ORANGE;False
1786213524.778301;31.049983573999725;Simulation RF;Détection RF large bande;868 MHz;868 MHz;;2665;2.147851405884409;-41.91405623537635;-74.91405623537635;3.2254801717276735e-11;0.1;3.2254801717276737e-12;3.319494042739916e-09;;;;VERT;True
1786213524.7931087;31.049983573999725;Simulation RF;Détection RF large bande;2,45 GHz;2,45 GHz;;2986;2.406552483849795;-52.262099353991786;-68.96209935399179;1.269960065579774e-10;0.1;1.269960065579774e-11;1.0979002245415855e-08;;;;ORANGE;True
1786213525.033009;31.545731369999885;BLE Sniffer;iBeacon;2,4 GHz BLE;4e:58:d9:e9:46:b7;-70.0;;;;-70.0;1e-10;0.000368;3.68e-14;5.282212844520413e-11;36;0x00;37;ORANGE;False
1786213525.0367937;31.549518332999924;BLE Sniffer;iBeacon;2,4 GHz BLE;4e:58:d9:e9:46:b7;-70.0;;;;-70.0;1e-10;0.000368;3.68e-14;5.285892844520413e-11;36;0x00;38;ORANGE;False
1786213525.036986;31.549704610999925;BLE Sniffer;iBeacon;2,4 GHz BLE;4e:58:d9:e9:46:b7;-79.0;;;;-79.0;1.2589254117941662e-11;0.000368;4.632845515402532e-15;5.2863561290719534e-11;36;0x00;39;VERT;False
1786213525.037036;31.5497531850001;BLE Sniffer;Appareil BLE;2,4 GHz BLE;3f:d5:b8:4d:d0:33;-69.0;;;;-69.0;1.2589254117941662e-10;0.000376;4.7335595483460646e-14;7.801086374592253e-12;37;0x02;37;ORANGE;False
1786213525.037076;31.54979323999987;BLE Sniffer;Appareil BLE;2,4 GHz BLE;e8:d0:3c:30:07:40;-82.0;;;;-82.0;6.309573444801943e-12;0.000392;2.4733527903623614e-15;2.4674043689677113e-12;39;0x00;38;VERT;False
1786213525.0371127;31.54983001799974;BLE Sniffer;Appareil BLE;2,4 GHz BLE;e8:d0:3c:30:07:40;-70.0;;;;-70.0;1e-10;0.00035999999999999997;3.6e-14;2.503404368967711e-12;35;0x00;39;ORANGE;False
1786213525.037174;31.549891351000042;BLE Sniffer;Appareil BLE;2,4 GHz BLE;3f:d5:b8:4d:d0:33;-70.0;;;;-70.0;1e-10;0.000376;3.76e-14;7.838686374592252e-12;37;0x02;37;ORANGE;False
1786213525.0541434;31.56669564799995;Simulation RF;Détection RF large bande;868 MHz;868 MHz;;2777;2.2376073567203343;-45.50429426881337;-78.50429426881337;1.4111415291881855e-11;0.1;1.4111415291881855e-12;3.3209051842691043e-09;;;;VERT;True
1786213525.2947638;31.807482776999677;BLE Sniffer;Appareil BLE;2,4 GHz BLE;3f:d5:b8:4d:d0:33;-76.0;;;;-76.0;2.5118864315095823e-11;0.000376;9.444692982476029e-15;7.848131067574728e-12;37;0x02;38;VERT;False
1786213525.29483;31.80754742499994;BLE Sniffer;Appareil BLE;2,4 GHz BLE;e8:d0:3c:30:07:40;-72.0;;;;-72.0;6.309573444801942e-11;0.00035999999999999997;2.271446440128699e-14;2.526118833368998e-12;35;0x00;39;VERT;False
1786213525.2948785;31.807595776999733;BLE Sniffer;Appareil BLE;2,4 GHz BLE;3f:d5:b8:4d:d0:33;-68.0;;;;-68.0;1.584893192461111e-10;0.000376;5.959198403653776e-14;7.907723051611266e-12;37;0x02;37;ORANGE;False
1786213525.2946668;31.56669564799995;Simulation RF;Détection RF large bande;2,45 GHz;2,45 GHz;;3042;2.45120461700634;-54.048184680253584;-70.74818468025359;8.417469122857786e-11;0.1;8.417469122857787e-12;1.0987419714538713e-08;;;;VERT;True
1786213525.5603259;32.07304766600009;BLE Sniffer;Appareil BLE;2,4 GHz BLE;3f:d5:b8:4d:d0:33;-73.0;;;;-73.0;5.011872336272715e-11;0.000376;1.8844639984385406e-14;7.92656769159565e-12;37;0x02;38;VERT;False
1786213525.5605369;32.073254370000086;BLE Sniffer;Appareil BLE;2,4 GHz BLE;3f:d5:b8:4d:d0:33;-65.0;;;;-65.0;3.1622776601683795e-10;0.000376;1.1890164002233106e-13;8.045469331617981e-12;37;0x02;39;ORANGE;False
1786213525.5753717;32.0879146289999;Simulation RF;Détection RF large bande;868 MHz;868 MHz;;2772;2.2342171194180716;-45.36868477672286;-78.36868477672286;1.4558999205254423e-11;0.1;1.4558999205254423e-12;3.3223610841896296e-09;;;;VERT;True
1786213525.8496485;32.36236649900002;BLE Sniffer;Appareil BLE;2,4 GHz BLE;3f:d5:b8:4d:d0:33;-66.0;;;;-66.0;2.511886431509582e-10;0.000376;9.444692982476028e-14;8.139916261442742e-12;37;0x02;37;ORANGE;False
1786213525.849726;32.36244342500004;BLE Sniffer;iBeacon;2,4 GHz BLE;4e:58:d9:e9:46:b7;-74.0;;;;-74.0;3.9810717055349695e-11;0.000368;1.4650343876368688e-14;5.28782116345959e-11;36;0x00;38;VERT;False
1786213525.8497694;32.362486887999694;BLE Sniffer;iBeacon;2,4 GHz BLE;4e:58:d9:e9:46:b7;-77.0;;;;-77.0;1.9952623149688828e-11;0.000368;7.342565319085488e-15;5.288555419991499e-11;36;0x00;39;VERT;False
1786213525.8498094;32.36252657299974;BLE Sniffer;Appareil BLE;2,4 GHz BLE;3f:d5:b8:4d:d0:33;-66.0;;;;-66.0;2.511886431509582e-10;0.000376;9.444692982476028e-14;8.234363191267503e-12;37;0x02;37;ORANGE;False
1786213525.8498468;32.36256399900003;BLE Sniffer;Appareil BLE;2,4 GHz BLE;f4:26:33:35:5f:ba;-75.0;;;;-75.0;3.1622776601683794e-11;0.00034399999999999996;1.0878235150979223e-14;2.2568209527245624e-13;33;0x00;38;VERT;False
1786213525.8498855;32.36260253599994;BLE Sniffer;Appareil BLE;2,4 GHz BLE;f4:26:33:35:5f:ba;-87.0;;;;-87.0;1.9952623149688827e-12;0.00034399999999999996;6.863702363492956e-16;2.2636846550880553e-13;33;0x00;39;VERT;False
1786213525.8499238;32.36264099899972;BLE Sniffer;Appareil BLE;2,4 GHz BLE;c3:49:80:30:2e:b9;-60.0;;;;-60.0;1e-09;0.000192;1.9200000000000001e-13;1.328345832252369e-12;14;0x02;37;ORANGE;False
1786213525.8595643;32.3722854990001;BLE Sniffer;Appareil BLE;2,4 GHz BLE;3f:d5:b8:4d:d0:33;-73.0;;;;-73.0;5.011872336272715e-11;0.000376;1.8844639984385406e-14;8.253207831251888e-12;37;0x02;38;VERT;False
1786213525.8494165;32.0879146289999;Simulation RF;Détection RF large bande;2,45 GHz;2,45 GHz;;3027;2.4390039438426854;-53.5601577537074;-70.2601577537074;9.418553838207676e-11;0.1;9.418553838207676e-12;1.099683826837692e-08;;;;VERT;True
1786213526.1518474;32.664568702999986;BLE Sniffer;Appareil BLE;2,4 GHz BLE;3f:d5:b8:4d:d0:33;-66.0;;;;-66.0;2.511886431509582e-10;0.000376;9.444692982476028e-14;8.347654761076649e-12;37;0x02;39;ORANGE;False
1786213526.1520066;32.664724165999814;BLE Sniffer;iBeacon;2,4 GHz BLE;4e:58:d9:e9:46:b7;-76.0;;;;-76.0;2.5118864315095823e-11;0.000368;9.243742067955263e-15;5.289479794198295e-11;36;0x00;37;VERT;False
1786213526.1500297;32.3826163509998;Simulation RF;Détection RF large bande;868 MHz;868 MHz;;2739;2.207192074699799;-44.28768298799194;-77.28768298799194;1.867375691959757e-11;0.1;1.8673756919597568e-12;3.3242284598815895e-09;;;;VERT;True
1786213526.1628726;32.3826163509998;Simulation RF;Détection RF large bande;2,45 GHz;2,45 GHz;;2973;2.3962099045059846;-51.84839618023938;-68.54839618023938;1.396884125551019e-10;0.1;1.3968841255510192e-11;1.101080710963243e-08;;;;ORANGE;True
1786213526.4297566;32.942478202000075;BLE Sniffer;Appareil BLE;2,4 GHz BLE;3f:d5:b8:4d:d0:33;-73.0;;;;-73.0;5.011872336272715e-11;0.000376;1.8844639984385406e-14;8.366499401061033e-12;37;0x02;38;VERT;False
1786213526.4298975;32.94261475799976;BLE Sniffer;Appareil BLE;2,4 GHz BLE;e8:d0:3c:30:07:40;-75.0;;;;-75.0;3.1622776601683794e-11;0.00035999999999999997;1.1384199576606165e-14;2.5375030329456043e-12;35;0x00;39;VERT;False
1786213526.4299414;32.942659035999895;BLE Sniffer;Appareil BLE;2,4 GHz BLE;3f:d5:b8:4d:d0:33;-67.0;;;;-67.0;1.9952623149688828e-10;0.000376;7.502186304282999e-14;8.441521264103864e-12;37;0x02;37;ORANGE;False
1786213526.4425666;32.95513955399974;Simulation RF;Détection RF large bande;868 MHz;868 MHz;;2770;2.2321697768441826;-45.286791073767304;-78.2867910737673;1.4836138967081286e-11;0.1;1.4836138967081287e-12;3.3257120737782976e-09;;;;VERT;True
1786213526.67776;33.19047885000009;BLE Sniffer;Appareil BLE;2,4 GHz BLE;3f:d5:b8:4d:d0:33;-75.0;;;;-75.0;3.1622776601683794e-11;0.000376;1.1890164002233105e-14;8.453411428106097e-12;37;0x02;38;VERT;False
1786213526.6778693;33.190588499000114;BLE Sniffer;iBeacon;2,4 GHz BLE;4e:58:d9:e9:46:b7;-69.0;;;;-69.0;1.2589254117941662e-10;0.000368;4.6328455154025316e-14;5.294112639713698e-11;36;0x00;39;ORANGE;False
1786213526.6779208;33.19063805399992;BLE Sniffer;Appareil BLE;2,4 GHz BLE;3f:d5:b8:4d:d0:33;-67.0;;;;-67.0;1.9952623149688828e-10;0.000376;7.502186304282999e-14;8.528433291148927e-12;37;0x02;37;ORANGE;False
1786213526.6826468;33.195366294999985;BLE Sniffer;Appareil BLE;2,4 GHz BLE;e8:d0:3c:30:07:40;-70.0;;;;-70.0;1e-10;0.00035999999999999997;3.6e-14;2.573503032945604e-12;35;0x00;38;ORANGE;False
1786213526.6775649;32.95513955399974;Simulation RF;Détection RF large bande;2,45 GHz;2,45 GHz;;3061;2.46682113846688;-54.67284553867519;-71.3728455386752;7.289797193124146e-11;0.1;7.289797193124146e-12;1.1018096906825555e-08;;;;VERT;True
1786213526.9283931;33.441114942999775;BLE Sniffer;Appareil BLE;2,4 GHz BLE;e8:d0:3c:30:07:40;-72.0;;;;-72.0;6.309573444801942e-11;0.00035999999999999997;2.271446440128699e-14;2.596217497346891e-12;35;0x00;39;VERT;False
1786213526.9285755;33.44129283199982;BLE Sniffer;Appareil BLE;2,4 GHz BLE;3f:d5:b8:4d:d0:33;-67.0;;;;-67.0;1.9952623149688828e-10;0.000376;7.502186304282999e-14;8.603455154191758e-12;37;0x02;37;ORANGE;False
1786213527.1836822;33.696405183000024;BLE Sniffer;Appareil BLE;2,4 GHz BLE;3f:d5:b8:4d:d0:33;-75.0;;;;-75.0;3.1622776601683794e-11;0.000376;1.1890164002233105e-14;8.61534531819399e-12;37;0x02;38;VERT;False
1786213527.1838365;33.69655366500001;BLE Sniffer;Appareil BLE;2,4 GHz BLE;e8:d0:3c:30:07:40;-72.0;;;;-72.0;6.309573444801942e-11;0.00035999999999999997;2.271446440128699e-14;2.618931961748178e-12;35;0x00;39;VERT;False
1786213527.1838832;33.696600535000016;BLE Sniffer;iBeacon;2,4 GHz BLE;4e:58:d9:e9:46:b7;-88.0;;;;-88.0;1.584893192461111e-12;0.000368;5.832406948256888e-16;5.29417096378318e-11;36;0x00;37;VERT;False
1786213527.183954;33.6966724429999;BLE Sniffer;Appareil BLE;2,4 GHz BLE;3f:d5:b8:4d:d0:33;-75.0;;;;-75.0;3.1622776601683794e-11;0.000376;1.1890164002233105e-14;8.627235482196224e-12;37;0x02;38;VERT;False
1786213527.1890805;33.452746016999754;Simulation RF;Détection RF large bande;868 MHz;868 MHz;;2683;2.161769215733187;-42.47076862932748;-75.47076862932748;2.8374168082041676e-11;0.1;2.837416808204168e-12;3.3285494905865017e-09;;;;VERT;True
1786213527.1972702;33.452746016999754;Simulation RF;Détection RF large bande;2,45 GHz;2,45 GHz;;3040;2.449510718377013;-53.98042873508052;-70.68042873508053;8.549823049502855e-11;0.1;8.549823049502855e-12;1.1026646729875057e-08;;;;VERT;True
1786213527.4533503;33.96607192400006;BLE Sniffer;Appareil BLE;2,4 GHz BLE;3f:d5:b8:4d:d0:33;-65.0;;;;-65.0;3.1622776601683795e-10;0.000376;1.1890164002233106e-13;8.746137122218554e-12;37;0x02;39;ORANGE;False
1786213527.4534802;33.96619797999983;BLE Sniffer;Appareil BLE;2,4 GHz BLE;3f:d5:b8:4d:d0:33;-68.0;;;;-68.0;1.584893192461111e-10;0.000376;5.959198403653776e-14;8.805729106255093e-12;37;0x02;37;ORANGE;False
1786213527.4535263;33.96624349800004;BLE Sniffer;Appareil BLE;2,4 GHz BLE;e8:c8:3c:30:07:40;-68.0;;;;-68.0;1.584893192461111e-10;0.00035999999999999997;5.705615492859999e-14;5.705615492859999e-14;35;0x00;38;ORANGE;False
1786213527.4535687;33.96628590599994;BLE Sniffer;Appareil BLE;2,4 GHz BLE;e8:d0:3c:30:07:40;-74.0;;;;-74.0;3.9810717055349695e-11;0.00035999999999999997;1.433185813992589e-14;2.633263819888104e-12;35;0x00;39;VERT;False
1786213527.4663703;33.96310068299999;Simulation RF;Détection RF large bande;868 MHz;868 MHz;;2740;2.208167684440222;-44.32670737760887;-77.32670737760887;1.8506711815890774e-11;0.1;1.8506711815890773e-12;3.3304001617680906e-09;;;;VERT;True
1786213527.7167363;34.22945492400004;BLE Sniffer;Appareil BLE;2,4 GHz BLE;3f:d5:b8:4d:d0:33;-68.0;;;;-68.0;1.584893192461111e-10;0.000376;5.959198403653776e-14;8.865321090291631e-12;37;0x02;37;ORANGE;False
1786213527.716804;34.22952123899995;BLE Sniffer;Appareil BLE;2,4 GHz BLE;3f:d5:b8:4d:d0:33;-74.0;;;;-74.0;3.9810717055349695e-11;0.000376;1.4968829612811484e-14;8.880289919904442e-12;37;0x02;38;VERT;False
1786213527.7168455;34.22956270199984;BLE Sniffer;iBeacon;2,4 GHz BLE;4e:58:d9:e9:46:b7;-66.0;;;;-66.0;2.511886431509582e-10;0.000368;9.243742067955262e-14;5.303414705851136e-11;36;0x00;39;ORANGE;False
1786213527.716883;34.229600183;BLE Sniffer;Appareil BLE;2,4 GHz BLE;3f:d5:b8:4d:d0:33;-68.0;;;;-68.0;1.584893192461111e-10;0.000376;5.959198403653776e-14;8.939881903940981e-12;37;0x02;37;ORANGE;False
1786213527.7166476;33.96310068299999;Simulation RF;Détection RF large bande;2,45 GHz;2,45 GHz;;3019;2.4330417724556117;-53.321670898224454;-70.02167089822446;9.95022520192534e-11;0.1;9.950225201925341e-12;1.1036596955076983e-08;;;;VERT;True
1786213527.984449;34.49717097899975;BLE Sniffer;Appareil BLE;2,4 GHz BLE;b4:e7:b0:c6:d7:6d;-56.0;;;;-56.0;2.511886431509582e-09;0.000176;4.4209201194568644e-13;4.426669229667116e-13;12;0x03;38;ORANGE;False
1786213527.9847012;34.49741929399988;BLE Sniffer;Appareil BLE;2,4 GHz BLE;3f:d5:b8:4d:d0:33;-64.0;;;;-64.0;3.9810717055349694e-10;0.000376;1.4968829612811484e-13;9.089570200069096e-12;37;0x02;39;ORANGE;False
1786213527.984745;34.49746229399989;BLE Sniffer;Appareil BLE;2,4 GHz BLE;f4:26:33:35:5f:ba;-72.0;;;;-72.0;6.309573444801942e-11;0.00034399999999999996;2.1704932650118678e-14;2.480733981589242e-13;33;0x00;37;VERT;False
1786213527.984785;34.49750244200004;BLE Sniffer;Appareil BLE;2,4 GHz BLE;f4:26:33:35:5f:ba;-56.0;;;;-56.0;2.511886431509582e-09;0.000176;4.4209201194568644e-13;6.901654101046106e-13;12;0x03;38;ORANGE;False
1786213527.9848242;34.49754105300008;BLE Sniffer;Appareil BLE;2,4 GHz BLE;f4:26:33:35:5f:ba;-82.0;;;;-82.0;6.309573444801943e-12;0.00034399999999999996;2.170493265011868e-15;6.923359033696225e-13;33;0x00;39;VERT;False
1786213527.9848607;34.49757786800001;BLE Sniffer;Appareil BLE;2,4 GHz BLE;c3:49:80:30:2e:b9;-61.0;;;;-61.0;7.943282347242822e-10;0.000192;1.5251102106706217e-13;1.4808568533194312e-12;14;0x02;37;ORANGE;False
1786213527.9849007;34.49761772000011;BLE Sniffer;Appareil BLE;2,4 GHz BLE;40:41:8a:79:70:e8;-56.0;;;;-56.0;2.511886431509582e-09;0.000176;4.4209201194568644e-13;4.4209201194568644e-13;12;0x03;38;ORANGE;False
1786213527.9849367;34.49765401600007;BLE Sniffer;Appareil BLE;2,4 GHz BLE;3f:d5:b8:4d:d0:33;-65.0;;;;-65.0;3.1622776601683795e-10;0.000376;1.1890164002233106e-13;9.208471840091426e-12;37;0x02;39;ORANGE;False
1786213527.9849741;34.49769125700004;BLE Sniffer;iBeacon;2,4 GHz BLE;4e:58:d9:e9:46:b7;-80.0;;;;-80.0;1e-11;0.000368;3.68e-15;5.3037827058511355e-11;36;0x00;37;VERT;False
1786213527.9982722;34.51099212700001;BLE Sniffer;Appareil BLE;2,4 GHz BLE;3f:d5:b8:4d:d0:33;-74.0;;;;-74.0;3.9810717055349695e-11;0.000376;1.4968829612811484e-14;9.223440669704238e-12;37;0x02;38;VERT;False
1786213527.9828308;34.24826453500009;Simulation RF;Détection RF large bande;868 MHz;868 MHz;;2682;2.161341906058017;-42.45367624232067;-75.45367624232067;2.8486059413806675e-11;0.1;2.8486059413806678e-12;3.333248767709471e-09;;;;VERT;True
1786213528.0087383;34.24826453500009;Simulation RF;Détection RF large bande;2,45 GHz;2,45 GHz;;2994;2.4130718072314883;-52.522872289259524;-69.22287228925953;1.1959493058419787e-10;0.1;1.1959493058419787e-11;1.1048556448135403e-08;;;;ORANGE;True
1786213528.2571056;34.769832424000015;BLE Sniffer;Appareil BLE;2,4 GHz BLE;3f:d5:b8:4d:d0:33;-65.0;;;;-65.0;3.1622776601683795e-10;0.000376;1.1890164002233106e-13;9.342342309726568e-12;37;0x02;39;ORANGE;False
1786213528.2574732;34.77019112700009;BLE Sniffer;Appareil BLE;2,4 GHz BLE;e8:d0:3c:30:07:40;-66.0;;;;-66.0;2.511886431509582e-10;0.00035999999999999997;9.042791153434495e-14;2.723691731422449e-12;35;0x00;37;ORANGE;False
1786213528.2575252;34.770242571999916;BLE Sniffer;Appareil BLE;2,4 GHz BLE;3f:d5:b8:4d:d0:33;-75.0;;;;-75.0;3.1622776601683794e-11;0.000376;1.1890164002233105e-14;9.354232473728801e-12;37;0x02;38;VERT;False
1786213528.257576;34.7702937009999;BLE Sniffer;iBeacon;2,4 GHz BLE;4e:58:d9:e9:46:b7;-66.0;;;;-66.0;2.511886431509582e-10;0.000368;9.243742067955262e-14;5.313026447919091e-11;36;0x00;39;ORANGE;False
1786213528.2735066;34.78606842399995;Simulation RF;Détection RF large bande;868 MHz;868 MHz;;2676;2.1567195863950452;-42.26878345580181;-75.26878345580181;2.972498570397143e-11;0.1;2.972498570397143e-12;3.336221266279868e-09;;;;VERT;True
1786213528.5168936;35.02961312699972;BLE Sniffer;Appareil BLE;2,4 GHz BLE;3f:d5:b8:4d:d0:33;-68.0;;;;-68.0;1.584893192461111e-10;0.000376;5.959198403653776e-14;9.41382445776534e-12;37;0x02;37;ORANGE;False
1786213528.516961;35.02967823800009;BLE Sniffer;Appareil BLE;2,4 GHz BLE;3f:d5:b8:4d:d0:33;-75.0;;;;-75.0;3.1622776601683794e-11;0.000376;1.1890164002233105e-14;9.425714621767573e-12;37;0x02;38;VERT;False
1786213528.517003;35.02972031199988;BLE Sniffer;Appareil BLE;2,4 GHz BLE;e8:d0:3c:30:07:40;-74.0;;;;-74.0;3.9810717055349695e-11;0.00035999999999999997;1.433185813992589e-14;2.738023589562375e-12;35;0x00;39;VERT;False
1786213528.5166569;34.78606842399995;Simulation RF;Détection RF large bande;2,45 GHz;2,45 GHz;;3003;2.4200107787929093;-52.80043115171637;-69.50043115171637;1.1219070699325216e-10;0.1;1.1219070699325217e-11;1.1059775518834728e-08;;;;ORANGE;True
1786213528.795135;35.30785571999968;BLE Sniffer;iBeacon;2,4 GHz BLE;4e:58:d9:e9:46:b7;-80.0;;;;-80.0;1e-11;0.000368;3.68e-15;5.313394447919091e-11;36;0x00;37;VERT;False
1786213528.7952595;35.30797662699979;BLE Sniffer;iBeacon;2,4 GHz BLE;4e:58:d9:e9:46:b7;-72.0;;;;-72.0;6.309573444801942e-11;0.000368;2.3219230276871148e-14;5.315716370946778e-11;36;0x00;38;VERT;False
1786213528.7969012;35.30962392299989;BLE Sniffer;iBeacon;2,4 GHz BLE;4e:58:d9:e9:46:b7;-66.0;;;;-66.0;2.511886431509582e-10;0.000368;9.243742067955262e-14;5.324960113014734e-11;36;0x00;39;ORANGE;False
1786213528.7970212;35.30973883099978;BLE Sniffer;Appareil BLE;2,4 GHz BLE;3f:d5:b8:4d:d0:33;-67.0;;;;-67.0;1.9952623149688828e-10;0.000376;7.502186304282999e-14;9.500736484810403e-12;37;0x02;37;ORANGE;False
1786213528.810607;35.30758018300003;Simulation RF;Détection RF large bande;868 MHz;868 MHz;;2687;2.16520896020745;-42.60835840829799;-75.60835840829799;2.7489330272022427e-11;0.1;2.748933027202243e-12;3.33897019930707e-09;;;;VERT;True
1786213529.0494761;35.56219618199975;BLE Sniffer;Appareil BLE;2,4 GHz BLE;e8:d0:3c:30:07:40;-70.0;;;;-70.0;1e-10;0.00035999999999999997;3.6e-14;2.774023589562375e-12;35;0x00;38;ORANGE;False
1786213529.0495682;35.56228566399977;BLE Sniffer;Appareil BLE;2,4 GHz BLE;e8:d0:3c:30:07:40;-74.0;;;;-74.0;3.9810717055349695e-11;0.00035999999999999997;1.433185813992589e-14;2.788355447702301e-12;35;0x00;39;VERT;False
1786213529.0496125;35.56232990499984;BLE Sniffer;Appareil BLE;2,4 GHz BLE;3f:d5:b8:4d:d0:33;-68.0;;;;-68.0;1.584893192461111e-10;0.000376;5.959198403653776e-14;9.560328468846941e-12;37;0x02;37;ORANGE;False
1786213529.049656;35.5623731820001;BLE Sniffer;Appareil BLE;2,4 GHz BLE;3f:d5:b8:4d:d0:33;-74.0;;;;-74.0;3.9810717055349695e-11;0.000376;1.4968829612811484e-14;9.575297298459753e-12;37;0x02;38;VERT;False
1786213529.0492551;35.30758018300003;Simulation RF;Détection RF large bande;2,45 GHz;2,45 GHz;;3017;2.431510902893515;-53.26043611574059;-69.96043611574059;1.0091515426359798e-10;0.1;1.0091515426359798e-11;1.1069867034261088e-08;;;;ORANGE;True
1786213529.31819;35.83091412699969;BLE Sniffer;Appareil BLE;2,4 GHz BLE;3f:d5:b8:4d:d0:33;-65.0;;;;-65.0;3.1622776601683795e-10;0.000376;1.1890164002233106e-13;9.694198938482083e-12;37;0x02;39;ORANGE;False
1786213529.3182898;35.83100688600007;BLE Sniffer;iBeacon;2,4 GHz BLE;4e:58:d9:e9:46:b7;-78.0;;;;-78.0;1.5848931924611107e-11;0.000368;5.832406948256887e-15;5.3255433537095596e-11;36;0x00;37;VERT;False
1786213529.3183362;35.831053497000084;BLE Sniffer;Appareil BLE;2,4 GHz BLE;3f:d5:b8:4d:d0:33;-74.0;;;;-74.0;3.9810717055349695e-11;0.000376;1.4968829612811484e-14;9.709167768094895e-12;37;0x02;38;VERT;False
1786213529.3183794;35.831096719000016;BLE Sniffer;Appareil BLE;2,4 GHz BLE;e8:d0:3c:30:07:40;-74.0;;;;-74.0;3.9810717055349695e-11;0.00035999999999999997;1.433185813992589e-14;2.802687305842227e-12;35;0x00;39;VERT;False
1786213529.3184204;35.83113762699986;BLE Sniffer;Appareil BLE;2,4 GHz BLE;3f:d5:b8:4d:d0:33;-68.0;;;;-68.0;1.584893192461111e-10;0.000376;5.959198403653776e-14;9.768759752131433e-12;37;0x02;37;ORANGE;False
1786213529.5719886;36.08470844099975;BLE Sniffer;Appareil BLE;2,4 GHz BLE;3f:d5:b8:4d:d0:33;-75.0;;;;-75.0;3.1622776601683794e-11;0.000376;1.1890164002233105e-14;9.780649916133666e-12;37;0x02;38;VERT;False
1786213529.5721161;36.08483357099976;BLE Sniffer;iBeacon;2,4 GHz BLE;4e:58:d9:e9:46:b7;-67.0;;;;-67.0;1.9952623149688828e-10;0.000368;7.342565319085489e-14;5.332885919028645e-11;36;0x00;39;ORANGE;False
1786213529.5721622;36.08487936699976;BLE Sniffer;Appareil BLE;2,4 GHz BLE;3f:d5:b8:4d:d0:33;-68.0;;;;-68.0;1.584893192461111e-10;0.000376;5.959198403653776e-14;9.840241900170204e-12;37;0x02;37;ORANGE;False
1786213529.5851479;36.08437362699988;Simulation RF;Détection RF large bande;868 MHz;868 MHz;;2588;2.085876656157787;-39.43506624631148;-72.43506624631148;5.708123690609132e-11;0.1;5.708123690609132e-12;3.3446783229976794e-09;;;;VERT;True
1786213529.8427782;36.355498330000046;BLE Sniffer;Appareil BLE;2,4 GHz BLE;3f:d5:b8:4d:d0:33;-74.0;;;;-74.0;3.9810717055349695e-11;0.000376;1.4968829612811484e-14;9.855210729783016e-12;37;0x02;38;VERT;False
1786213529.8428562;36.35557332999997;BLE Sniffer;Appareil BLE;2,4 GHz BLE;3f:d5:b8:4d:d0:33;-65.0;;;;-65.0;3.1622776601683795e-10;0.000376;1.1890164002233106e-13;9.974112369805347e-12;37;0x02;39;ORANGE;False
1786213529.8428972;36.35561453399987;BLE Sniffer;Appareil BLE;2,4 GHz BLE;c3:49:80:30:2e:b9;-60.0;;;;-60.0;1e-09;0.000192;1.9200000000000001e-13;1.6728568533194312e-12;14;0x02;37;ORANGE;False
1786213529.8425457;36.08437362699988;Simulation RF;Détection RF large bande;2,45 GHz;2,45 GHz;;3093;2.4922340877666596;-55.68936351066637;-72.38936351066637;5.768509987984148e-11;0.1;5.768509987984148e-12;1.1075635544249071e-08;;;;VERT;True
1786213530.1133509;36.626072126000054;BLE Sniffer;Appareil BLE;2,4 GHz BLE;e8:d0:3c:30:07:40;-70.0;;;;-70.0;1e-10;0.00035999999999999997;3.6e-14;2.8386873058422268e-12;35;0x00;38;ORANGE;False
1786213530.1134262;36.62614329300004;BLE Sniffer;Appareil BLE;2,4 GHz BLE;e8:d0:3c:30:07:40;-74.0;;;;-74.0;3.9810717055349695e-11;0.00035999999999999997;1.433185813992589e-14;2.8530191639821528e-12;35;0x00;39;VERT;False
1786213530.113472;36.6261891260001;BLE Sniffer;Appareil BLE;2,4 GHz BLE;3f:d5:b8:4d:d0:33;-68.0;;;;-68.0;1.584893192461111e-10;0.000376;5.959198403653776e-14;1.0033704353841885e-11;37;0x02;37;ORANGE;False
1786213530.1135101;36.62622742199983;BLE Sniffer;iBeacon;2,4 GHz BLE;4e:58:d9:e9:46:b7;-72.0;;;;-72.0;6.309573444801942e-11;0.000368;2.3219230276871148e-14;5.335207842056332e-11;36;0x00;38;VERT;False
1786213530.1135492;36.626266607999696;BLE Sniffer;iBeacon;2,4 GHz BLE;4e:58:d9:e9:46:b7;-67.0;;;;-67.0;1.9952623149688828e-10;0.000368;7.342565319085489e-14;5.3425504073754176e-11;36;0x00;39;ORANGE;False
1786213530.1135852;36.62630223699989;BLE Sniffer;Appareil BLE;2,4 GHz BLE;3f:d5:b8:4d:d0:33;-68.0;;;;-68.0;1.584893192461111e-10;0.000376;5.959198403653776e-14;1.0093296337878423e-11;37;0x02;37;ORANGE;False
1786213530.38342;36.896139941;BLE Sniffer;Appareil BLE;2,4 GHz BLE;3f:d5:b8:4d:d0:33;-73.0;;;;-73.0;5.011872336272715e-11;0.000376;1.8844639984385406e-14;1.0112140977862808e-11;37;0x02;38;VERT;False
1786213530.383511;36.89622836699982;BLE Sniffer;iBeacon;2,4 GHz BLE;4e:58:d9:e9:46:b7;-68.0;;;;-68.0;1.584893192461111e-10;0.000368;5.832406948256888e-14;5.3483828143236746e-11;36;0x00;39;ORANGE;False
1786213530.3835542;36.8962714219997;BLE Sniffer;Appareil BLE;2,4 GHz BLE;e8:d0:3c:30:07:40;-66.0;;;;-66.0;2.511886431509582e-10;0.00035999999999999997;9.042791153434495e-14;2.943447075516498e-12;35;0x00;37;ORANGE;False
1786213530.3835938;36.896311107999736;BLE Sniffer;Appareil BLE;2,4 GHz BLE;3f:d5:b8:4d:d0:33;-72.0;;;;-72.0;6.309573444801942e-11;0.000376;2.3723996152455302e-14;1.0135864974015263e-11;37;0x02;38;VERT;False
1786213530.3830526;36.6464067930001;Simulation RF;Détection RF large bande;868 MHz;868 MHz;;2587;2.0848532590382183;-39.394130361528724;-72.39413036152872;5.7621818989412664e-11;0.1;5.762181898941267e-12;3.3504405048966206e-09;;;;VERT;True
1786213530.400128;36.6464067930001;Simulation RF;Détection RF large bande;2,45 GHz;2,45 GHz;;3036;2.4463726498655185;-53.85490599462074;-70.55490599462074;8.800541607273729e-11;0.1;8.80054160727373e-12;1.1084436085856345e-08;;;;VERT;True
1786213530.6796067;37.192327663000015;BLE Sniffer;Appareil BLE;2,4 GHz BLE;3f:d5:b8:4d:d0:33;-65.0;;;;-65.0;3.1622776601683795e-10;0.000376;1.1890164002233106e-13;1.0254766614037593e-11;37;0x02;39;ORANGE;False
1786213530.6797333;37.19245066299982;BLE Sniffer;iBeacon;2,4 GHz BLE;4e:58:d9:e9:46:b7;-80.0;;;;-80.0;1e-11;0.000368;3.68e-15;5.3487508143236744e-11;36;0x00;37;VERT;False
1786213530.6797774;37.19249456999978;BLE Sniffer;Appareil BLE;2,4 GHz BLE;4e:58:d9:e9:46:b7;-72.0;;;;-72.0;6.309573444801942e-11;0.000368;2.3219230276871148e-14;5.3510727373513616e-11;36;0x00;38;VERT;False
1786213530.6798167;37.19253401500009;BLE Sniffer;iBeacon;2,4 GHz BLE;4e:58:d9:e9:46:b7;-67.0;;;;-67.0;1.9952623149688828e-10;0.000368;7.342565319085489e-14;5.358415302670447e-11;36;0x00;39;ORANGE;False
1786213530.6798537;37.19257066299997;BLE Sniffer;Appareil BLE;2,4 GHz BLE;3f:d5:b8:4d:d0:33;-68.0;;;;-68.0;1.584893192461111e-10;0.000376;5.959198403653776e-14;1.0314358598074131e-11;37;0x02;37;ORANGE;False
1786213530.6798906;37.19260801499968;BLE Sniffer;Appareil BLE;2,4 GHz BLE;e8:d0:3c:30:07:40;-69.0;;;;-69.0;1.2589254117941662e-10;0.00035999999999999997;4.532131482458998e-14;2.988768390341088e-12;35;0x00;38;ORANGE;False
1786213530.679927;37.19264440400002;BLE Sniffer;Appareil BLE;2,4 GHz BLE;e8:d0:3c:30:07:40;-74.0;;;;-74.0;3.9810717055349695e-11;0.00035999999999999997;1.433185813992589e-14;3.003100248481014e-12;35;0x00;39;VERT;False
1786213530.6799643;37.19268168100007;BLE Sniffer;Appareil BLE;2,4 GHz BLE;3f:d5:b8:4d:d0:33;-68.0;;;;-68.0;1.584893192461111e-10;0.000376;5.959198403653776e-14;1.037395058211067e-11;37;0x02;37;ORANGE;False
1786213530.6769178;36.9131208849999;Simulation RF;Détection RF large bande;868 MHz;868 MHz;;2695;2.171951115742445;-42.8780446296978;-75.8780446296978;2.5834230909164986e-11;0.1;2.5834230909164987e-12;3.353023927987537e-09;;;;VERT;True
1786213530.699673;36.9131208849999;Simulation RF;Détection RF large bande;2,45 GHz;2,45 GHz;;3085;2.485957640295947;-55.438305611837876;-72.13830561183788;6.111804287856839e-11;0.1;6.11180428785684e-12;1.1090547890144202e-08;;;;VERT;True
1786213530.9420738;37.45479582899998;BLE Sniffer;Appareil BLE;2,4 GHz BLE;3f:d5:b8:4d:d0:33;-74.0;;;;-74.0;3.9810717055349695e-11;0.000376;1.4968829612811484e-14;1.0388919411723481e-11;37;0x02;38;VERT;False
1786213530.9421904;37.454907940999874;BLE Sniffer;iBeacon;2,4 GHz BLE;4e:58:d9:e9:46:b7;-69.0;;;;-69.0;1.2589254117941662e-10;0.000368;4.6328455154025316e-14;5.36304814818585e-11;36;0x00;39;ORANGE;False
1786213530.9422588;37.454976217999956;BLE Sniffer;Appareil BLE;2,4 GHz BLE;3f:d5:b8:4d:d0:33;-68.0;;;;-68.0;1.584893192461111e-10;0.000376;5.959198403653776e-14;1.044851139576002e-11;37;0x02;37;ORANGE;False
1786213531.2296746;37.74239329200009;BLE Sniffer;Appareil BLE;2,4 GHz BLE;3f:d5:b8:4d:d0:33;-74.0;;;;-74.0;3.9810717055349695e-11;0.000376;1.4968829612811484e-14;1.0463480225372831e-11;37;0x02;38;VERT;False
1786213531.2297735;37.74249084799976;BLE Sniffer;iBeacon;2,4 GHz BLE;4e:58:d9:e9:46:b7;-70.0;;;;-70.0;1e-10;0.000368;3.68e-14;5.36672814818585e-11;36;0x00;39;ORANGE;False
1786213531.2298157;37.74253292200001;BLE Sniffer;Appareil BLE;2,4 GHz BLE;3f:d5:b8:4d:d0:33;-68.0;;;;-68.0;1.584893192461111e-10;0.000376;5.959198403653776e-14;1.052307220940937e-11;37;0x02;37;ORANGE;False
1786213531.229449;37.468994736999775;Simulation RF;Détection RF large bande;868 MHz;868 MHz;;2513;2.025277341934471;-37.01109367737884;-70.01109367737884;9.974488461223959e-11;0.1;9.974488461223959e-12;3.362998416448761e-09;;;;VERT;True
1786213531.2443013;37.468994736999775;Simulation RF;Détection RF large bande;2,45 GHz;2,45 GHz;;3096;2.4953472237487784;-55.813888949951135;-72.51388894995114;5.605458027420598e-11;0.1;5.6054580274205986e-12;1.1096153348171622e-08;;;;VERT;True
1786213531.4855766;37.998299810999924;BLE Sniffer;Appareil BLE;2,4 GHz BLE;3f:d5:b8:4d:d0:33;-75.0;;;;-75.0;3.1622776601683794e-11;0.000376;1.1890164002233105e-14;1.0534962373411602e-11;37;0x02;38;VERT;False
1786213531.4857392;37.99845666200008;BLE Sniffer;Appareil BLE;2,4 GHz BLE;3f:d5:b8:4d:d0:33;-65.0;;;;-65.0;3.1622776601683795e-10;0.000376;1.1890164002233106e-13;1.0653864013433933e-11;37;0x02;39;ORANGE;False
1786213531.4858007;37.99851790299999;BLE Sniffer;iBeacon;2,4 GHz BLE;4e:58:d9:e9:46:b7;-76.0;;;;-76.0;2.5118864315095823e-11;0.000368;9.243742067955263e-15;5.367652522392646e-11;36;0x00;37;VERT;False
1786213531.485848;37.99856536600009;BLE Sniffer;iBeacon;2,4 GHz BLE;4e:58:d9:e9:46:b7;-77.0;;;;-77.0;1.9952623149688828e-11;0.000368;7.342565319085488e-15;5.3683867789245546e-11;36;0x00;38;VERT;False
1786213531.485897;37.9986141989998;BLE Sniffer;iBeacon;2,4 GHz BLE;4e:58:d9:e9:46:b7;-70.0;;;;-70.0;1e-10;0.000368;3.68e-14;5.372066778924555e-11;36;0x00;39;ORANGE;False
1786213531.5023396;38.01489929199988;Simulation RF;Détection RF large bande;868 MHz;868 MHz;;2573;2.0735362805807465;-38.94145122322985;-71.94145122322985;6.395210996432517e-11;0.1;6.395210996432518e-12;3.3693936274451935e-09;;;;VERT;True
1786213531.7610216;38.27374080999971;BLE Sniffer;Appareil BLE;2,4 GHz BLE;3f:d5:b8:4d:d0:33;-69.0;;;;-69.0;1.2589254117941662e-10;0.000376;4.7335595483460646e-14;1.0701199608917393e-11;37;0x02;37;ORANGE;False
1786213531.7610939;38.273811846999706;BLE Sniffer;Appareil BLE;2,4 GHz BLE;3f:d5:b8:4d:d0:33;-75.0;;;;-75.0;3.1622776601683794e-11;0.000376;1.1890164002233105e-14;1.0713089772919626e-11;37;0x02;38;VERT;False
1786213531.7611406;38.27385775499988;BLE Sniffer;iBeacon;2,4 GHz BLE;4e:58:d9:e9:46:b7;-71.0;;;;-71.0;7.943282347242822e-11;0.000368;2.923127903785358e-14;5.37498990682834e-11;36;0x00;39;VERT;False
1786213531.7611806;38.273897773000044;BLE Sniffer;Appareil BLE;2,4 GHz BLE;3f:d5:b8:4d:d0:33;-67.0;;;;-67.0;1.9952623149688828e-10;0.000376;7.502186304282999e-14;1.0788111635962457e-11;37;0x02;37;ORANGE;False
1786213531.7608387;38.01489929199988;Simulation RF;Détection RF large bande;2,45 GHz;2,45 GHz;;3056;2.4625507214053823;-54.50202885621529;-71.20202885621529;7.582232796243853e-11;0.1;7.582232796243853e-12;1.1103735580967866e-08;;;;VERT;True
1786213532.01802;38.530740958000024;BLE Sniffer;Appareil BLE;2,4 GHz BLE;3f:d5:b8:4d:d0:33;-74.0;;;;-74.0;3.9810717055349695e-11;0.000376;1.4968829612811484e-14;1.0803080465575268e-11;37;0x02;38;VERT;False
1786213532.018163;38.530880587999945;BLE Sniffer;Appareil BLE;2,4 GHz BLE;c3:49:80:30:2e:b9;-73.0;;;;-73.0;5.011872336272715e-11;0.000192;9.622794885643613e-15;1.6824796482050747e-12;14;0x02;39;VERT;False
1786213532.0182073;38.53092473600009;BLE Sniffer;Appareil BLE;2,4 GHz BLE;3f:d5:b8:4d:d0:33;-67.0;;;;-67.0;1.9952623149688828e-10;0.000376;7.502186304282999e-14;1.0878102328618099e-11;37;0x02;37;ORANGE;False
1786213532.0182467;38.530963939999765;BLE Sniffer;Appareil BLE;2,4 GHz BLE;3f:d5:b8:4d:d0:33;-74.0;;;;-74.0;3.9810717055349695e-11;0.000376;1.4968829612811484e-14;1.089307115823091e-11;37;0x02;38;VERT;False
1786213532.2709143;38.783634013999745;BLE Sniffer;Appareil BLE;2,4 GHz BLE;e8:d0:3c:30:07:40;-73.0;;;;-73.0;5.011872336272715e-11;0.00035999999999999997;1.804274041058177e-14;3.0211429888915956e-12;35;0x00;39;VERT;False
1786213532.2710347;38.78375267999991;BLE Sniffer;Appareil BLE;2,4 GHz BLE;3f:d5:b8:4d:d0:33;-68.0;;;;-68.0;1.584893192461111e-10;0.000376;5.959198403653776e-14;1.0952663142267449e-11;37;0x02;37;ORANGE;False
1786213532.27108;38.78379723599983;BLE Sniffer;Appareil BLE;2,4 GHz BLE;3f:d5:b8:4d:d0:33;-75.0;;;;-75.0;3.1622776601683794e-11;0.000376;1.1890164002233105e-14;1.0964553306269682e-11;37;0x02;38;VERT;False
1786213532.2711227;38.78384001399991;BLE Sniffer;iBeacon;2,4 GHz BLE;4e:58:d9:e9:46:b7;-73.0;;;;-73.0;5.011872336272715e-11;0.000368;1.844369019748359e-14;5.376834275848088e-11;36;0x00;39;VERT;False
1786213532.270663;38.54495075499972;Simulation RF;Détection RF large bande;868 MHz;868 MHz;;2457;1.9801203916924284;-35.20481566769713;-68.20481566769713;1.5118838685208e-10;0.1;1.5118838685208e-11;3.3845124661304015e-09;;;;ORANGE;True
1786213532.2862885;38.54495075499972;Simulation RF;Détection RF large bande;2,45 GHz;2,45 GHz;;3055;2.462061734383239;-54.48246937532954;-71.18246937532955;7.616458191195252e-11;0.1;7.616458191195253e-12;1.1111352039159062e-08;;;;VERT;True
1786213532.5386202;39.051343051;BLE Sniffer;Appareil BLE;2,4 GHz BLE;3f:d5:b8:4d:d0:33;-68.0;;;;-68.0;1.584893192461111e-10;0.000376;5.959198403653776e-14;1.102414529030622e-11;37;0x02;37;ORANGE;False
1786213532.538762;39.05147912499979;BLE Sniffer;Appareil BLE;2,4 GHz BLE;e8:d0:3c:30:07:40;-70.0;;;;-70.0;1e-10;0.00035999999999999997;3.6e-14;3.0571429888915954e-12;35;0x00;38;ORANGE;False
1786213532.5388045;39.05152175400008;BLE Sniffer;Appareil BLE;2,4 GHz BLE;e8:d0:3c:30:07:40;-72.0;;;;-72.0;6.309573444801942e-11;0.00035999999999999997;2.271446440128699e-14;3.0798574532928823e-12;35;0x00;39;VERT;False
1786213532.5388436;39.05156092099969;BLE Sniffer;Appareil BLE;2,4 GHz BLE;3f:d5:b8:4d:d0:33;-67.0;;;;-67.0;1.9952623149688828e-10;0.000376;7.502186304282999e-14;1.109916715334905e-11;37;0x02;37;ORANGE;False
1786213532.5388818;39.051599087999875;BLE Sniffer;iBeacon;2,4 GHz BLE;4e:58:d9:e9:46:b7;-65.0;;;;-65.0;3.1622776601683795e-10;0.000368;1.1637181789419636e-13;5.388471457637508e-11;36;0x00;38;ORANGE;False
1786213532.7943413;39.30706182799986;BLE Sniffer;Appareil BLE;2,4 GHz BLE;3f:d5:b8:4d:d0:33;-64.0;;;;-64.0;3.9810717055349694e-10;0.000376;1.4968829612811484e-13;1.1248855449477165e-11;37;0x02;39;ORANGE;False
1786213532.7944665;39.307183884000096;BLE Sniffer;Appareil BLE;2,4 GHz BLE;3f:d5:b8:4d:d0:33;-68.0;;;;-68.0;1.584893192461111e-10;0.000376;5.959198403653776e-14;1.1308447433513704e-11;37;0x02;37;ORANGE;False
1786213532.794516;39.30723317999991;BLE Sniffer;Appareil BLE;2,4 GHz BLE;e8:d0:3c:30:07:40;-70.0;;;;-70.0;1e-10;0.00035999999999999997;3.6e-14;3.115857453292882e-12;35;0x00;38;ORANGE;False
1786213532.7945561;39.30727349500012;BLE Sniffer;Appareil BLE;2,4 GHz BLE;e8:d0:3c:30:07:40;-73.0;;;;-73.0;5.011872336272715e-11;0.00035999999999999997;1.804274041058177e-14;3.133900193703464e-12;35;0x00;39;VERT;False
1786213532.7941182;39.068001031999756;Simulation RF;Détection RF large bande;868 MHz;868 MHz;;2501;2.0153783251264406;-36.615133005057615;-69.61513300505761;1.0926641632395712e-10;0.1;1.0926641632395713e-11;3.3954391077627974e-09;;;;ORANGE;True
1786213532.8095946;39.068001031999756;Simulation RF;Détection RF large bande;2,45 GHz;2,45 GHz;;3059;2.464869316839385;-54.594772673575406;-71.29477267357541;7.422030464823536e-11;0.1;7.422030464823537e-12;1.1118774069623886e-08;;;;VERT;True
1786213533.0503836;39.56310514300003;BLE Sniffer;Appareil BLE;2,4 GHz BLE;3f:d5:b8:4d:d0:33;-68.0;;;;-68.0;1.584893192461111e-10;0.000376;5.959198403653776e-14;1.1368039417550242e-11;37;0x02;37;ORANGE;False
1786213533.050526;39.56324369899994;BLE Sniffer;iBeacon;2,4 GHz BLE;4e:58:d9:e9:46:b7;-67.0;;;;-67.0;1.9952623149688828e-10;0.000368;7.342565319085489e-14;5.3958140229565935e-11;36;0x00;38;ORANGE;False
1786213533.0505745;39.56329193900001;BLE Sniffer;iBeacon;2,4 GHz BLE;4e:58:d9:e9:46:b7;-80.0;;;;-80.0;1e-11;0.000368;3.68e-15;5.3961820229565934e-11;36;0x00;39;VERT;False
1786213533.0506136;39.56333104999976;BLE Sniffer;Appareil BLE;2,4 GHz BLE;3f:d5:b8:4d:d0:33;-68.0;;;;-68.0;1.584893192461111e-10;0.000376;5.959198403653776e-14;1.142763140158678e-11;37;0x02;37;ORANGE;False
1786213533.0506516;39.56336873600003;BLE Sniffer;Appareil BLE;2,4 GHz BLE;3f:d5:b8:4d:d0:33;-75.0;;;;-75.0;3.1622776601683794e-11;0.000376;1.1890164002233105e-14;1.1439521565589013e-11;37;0x02;38;VERT;False
1786213533.3119614;39.824680327999886;BLE Sniffer;Appareil BLE;2,4 GHz BLE;3f:d5:b8:4d:d0:33;-65.0;;;;-65.0;3.1622776601683795e-10;0.000376;1.1890164002233106e-13;1.1558423205611344e-11;37;0x02;39;ORANGE;False
1786213533.3120847;39.82480201299995;BLE Sniffer;Appareil BLE;2,4 GHz BLE;e8:d0:3c:30:07:40;-65.0;;;;-65.0;3.1622776601683795e-10;0.00035999999999999997;1.1384199576606166e-13;3.2477421894695256e-12;35;0x00;37;ORANGE;False
1786213533.312134;39.824851401999695;BLE Sniffer;iBeacon;2,4 GHz BLE;4e:58:d9:e9:46:b7;-68.0;;;;-68.0;1.584893192461111e-10;0.000368;5.832406948256888e-14;5.4020144299048504e-11;36;0x00;38;ORANGE;False
1786213533.3121762;39.82489332799969;BLE Sniffer;iBeacon;2,4 GHz BLE;4e:58:d9:e9:46:b7;-66.0;;;;-66.0;2.511886431509582e-10;0.000368;9.243742067955262e-14;5.411258171972806e-11;36;0x00;39;ORANGE;False
1786213533.3122249;39.82494210599998;BLE Sniffer;Appareil BLE;2,4 GHz BLE;3f:d5:b8:4d:d0:33;-67.0;;;;-67.0;1.9952623149688828e-10;0.000376;7.502186304282999e-14;1.1633445068654174e-11;37;0x02;37;ORANGE;False
1786213533.3188565;39.83157654999968;BLE Sniffer;Appareil BLE;2,4 GHz BLE;3f:d5:b8:4d:d0:33;-75.0;;;;-75.0;3.1622776601683794e-11;0.000376;1.1890164002233105e-14;1.1645335232656407e-11;37;0x02;38;VERT;False
1786213533.3117135;39.58116210599974;Simulation RF;Détection RF large bande;868 MHz;868 MHz;;2460;1.982159051534858;-35.286362061394314;-68.28636206139431;1.483760460890579e-10;0.1;1.483760460890579e-11;3.410276712371703e-09;;;;ORANGE;True
1786213533.3293192;39.58116210599974;Simulation RF;Détection RF large bande;2,45 GHz;2,45 GHz;;3035;2.4459372359685765;-53.83748943874305;-70.53748943874305;8.83590537142679e-11;0.1;8.83590537142679e-12;1.1127609974995313e-08;;;;VERT;True
1786213533.574353;40.087076160999914;BLE Sniffer;iBeacon;2,4 GHz BLE;4e:58:d9:e9:46:b7;-65.0;;;;-65.0;3.1622776601683795e-10;0.000368;1.1637181789419636e-13;5.422895353762226e-11;36;0x00;39;ORANGE;False
1786213533.5744863;40.087203549999685;BLE Sniffer;Appareil BLE;2,4 GHz BLE;3f:d5:b8:4d:d0:33;-67.0;;;;-67.0;1.9952623149688828e-10;0.000376;7.502186304282999e-14;1.1720357095699238e-11;37;0x02;37;ORANGE;False
1786213533.5745337;40.087250956999924;BLE Sniffer;Appareil BLE;2,4 GHz BLE;e8:d0:3c:30:07:40;-69.0;;;;-69.0;1.2589254117941662e-10;0.00035999999999999997;4.532131482458998e-14;3.2930635042941156e-12;35;0x00;38;ORANGE;False
1786213533.5745735;40.0872907349999;BLE Sniffer;Appareil BLE;2,4 GHz BLE;e8:d0:3c:30:07:40;-72.0;;;;-72.0;6.309573444801942e-11;0.00035999999999999997;2.271446440128699e-14;3.3157779686954025e-12;35;0x00;39;VERT;False
1786213533.574611;40.08732808700006;BLE Sniffer;Appareil BLE;2,4 GHz BLE;3f:d5:b8:4d:d0:33;-68.0;;;;-68.0;1.584893192461111e-10;0.000376;5.959198403653776e-14;1.1779949079735776e-11;37;0x02;37;ORANGE;False
1786213533.8352602;40.347981567999796;BLE Sniffer;iBeacon;2,4 GHz BLE;4e:58:d9:e9:46:b7;-68.0;;;;-68.0;1.584893192461111e-10;0.000368;5.832406948256888e-14;5.428727760710483e-11;36;0x00;38;ORANGE;False
1786213533.835401;40.348118919999706;BLE Sniffer;iBeacon;2,4 GHz BLE;4e:58:d9:e9:46:b7;-64.0;;;;-64.0;3.9810717055349694e-10;0.000368;1.4650343876368688e-13;5.4433781045868514e-11;36;0x00;39;ORANGE;False
1786213533.8354504;40.34816773500006;BLE Sniffer;Appareil BLE;2,4 GHz BLE;3f:d5:b8:4d:d0:33;-68.0;;;;-68.0;1.584893192461111e-10;0.000376;5.959198403653776e-14;1.1839541063772315e-11;37;0x02;37;ORANGE;False
1786213533.835496;40.34821314200008;BLE Sniffer;Appareil BLE;2,4 GHz BLE;f4:26:33:35:5f:ba;-76.0;;;;-76.0;2.5118864315095823e-11;0.00034399999999999996;8.640889324392962e-15;7.009767926940155e-13;33;0x00;38;VERT;False
1786213533.8355372;40.348254604999966;BLE Sniffer;Appareil BLE;2,4 GHz BLE;f4:26:33:35:5f:ba;-80.0;;;;-80.0;1e-11;0.00034399999999999996;3.4399999999999995e-15;7.044167926940155e-13;33;0x00;39;VERT;False
1786213533.8355813;40.348298328000055;BLE Sniffer;Appareil BLE;2,4 GHz BLE;e8:d0:3c:30:07:40;-65.0;;;;-65.0;3.1622776601683795e-10;0.00035999999999999997;1.1384199576606166e-13;3.4296199644614642e-12;35;0x00;37;ORANGE;False
1786213533.83679;40.10466919800001;Simulation RF;Détection RF large bande;868 MHz;868 MHz;;2501;2.015063421048269;-36.60253684193077;-69.60253684193077;1.0958378979737782e-10;0.1;1.0958378979737783e-11;3.4212350913514406e-09;;;;ORANGE;True
1786213533.8531795;40.10466919800001;Simulation RF;Détection RF large bande;2,45 GHz;2,45 GHz;;3046;2.4545618250758814;-54.182473003035255;-70.88247300303526;8.161175172285866e-11;0.1;8.161175172285867e-12;1.1135771150167599e-08;;;;VERT;True
1786213534.117231;40.62995249400001;BLE Sniffer;Appareil BLE;2,4 GHz BLE;e8:d0:3c:30:07:40;-69.0;;;;-69.0;1.2589254117941662e-10;0.00035999999999999997;4.532131482458998e-14;3.474941279286054e-12;35;0x00;38;ORANGE;False
1786213534.1173608;40.63007812399974;BLE Sniffer;Appareil BLE;2,4 GHz BLE;c3:49:80:30:2e:b9;-73.0;;;;-73.0;5.011872336272715e-11;0.000192;9.622794885643613e-15;1.6921024430907183e-12;14;0x02;39;VERT;False
1786213534.117405;40.630122197999754;BLE Sniffer;Appareil BLE;2,4 GHz BLE;3f:d5:b8:4d:d0:33;-68.0;;;;-68.0;1.584893192461111e-10;0.000376;5.959198403653776e-14;1.1899133047808853e-11;37;0x02;37;ORANGE;False
1786213534.1174436;40.630160771999726;BLE Sniffer;Appareil BLE;2,4 GHz BLE;3f:d5:b8:4d:d0:33;-74.0;;;;-74.0;3.9810717055349695e-11;0.000376;1.4968829612811484e-14;1.1914101877421664e-11;37;0x02;38;VERT;False
1786213534.1174822;40.63019943900008;BLE Sniffer;iBeacon;2,4 GHz BLE;4e:58:d9:e9:46:b7;-64.0;;;;-64.0;3.9810717055349694e-10;0.000368;1.4650343876368688e-13;5.45802844846322e-11;36;0x00;39;ORANGE;False
1786213534.11752;40.630237141999714;BLE Sniffer;Appareil BLE;2,4 GHz BLE;3f:d5:b8:4d:d0:33;-68.0;;;;-68.0;1.584893192461111e-10;0.000376;5.959198403653776e-14;1.1973693861458203e-11;37;0x02;37;ORANGE;False
1786213534.113892;40.62633103100006;Simulation RF;Détection RF large bande;868 MHz;868 MHz;;2404;1.937021349841166;-33.48085399364663;-66.48085399364663;2.2486123967826368e-10;0.1;2.248612396782637e-11;3.443721215319267e-09;;;;ORANGE;True
1786213534.133602;40.62633103100006;Simulation RF;Détection RF large bande;2,45 GHz;2,45 GHz;;3030;2.4417246934828394;-53.668987739313565;-70.36898773931357;9.185466678952738e-11;0.1;9.185466678952738e-12;1.1144956616846552e-08;;;;VERT;True
1786213534.3692927;40.882014531000095;BLE Sniffer;Appareil BLE;2,4 GHz BLE;e8:d0:3c:30:07:40;-69.0;;;;-69.0;1.2589254117941662e-10;0.00035999999999999997;4.532131482458998e-14;3.520262594110644e-12;35;0x00;38;ORANGE;False
1786213534.3694277;40.882145104999836;BLE Sniffer;Appareil BLE;2,4 GHz BLE;e8:d0:3c:30:07:40;-72.0;;;;-72.0;6.309573444801942e-11;0.00035999999999999997;2.271446440128699e-14;3.542977058511931e-12;35;0x00;39;VERT;False
1786213534.3694715;40.88218875299981;BLE Sniffer;Appareil BLE;2,4 GHz BLE;3f:d5:b8:4d:d0:33;-68.0;;;;-68.0;1.584893192461111e-10;0.000376;5.959198403653776e-14;1.2033285845494741e-11;37;0x02;37;ORANGE;False
1786213534.3695126;40.88222969799972;BLE Sniffer;iBeacon;2,4 GHz BLE;4e:58:d9:e9:46:b7;-68.0;;;;-68.0;1.584893192461111e-10;0.000368;5.832406948256888e-14;5.463860855411477e-11;36;0x00;38;ORANGE;False
1786213534.3695512;40.8822681419997;BLE Sniffer;iBeacon;2,4 GHz BLE;4e:58:d9:e9:46:b7;-65.0;;;;-65.0;3.1622776601683795e-10;0.000368;1.1637181789419636e-13;5.475498037200897e-11;36;0x00;39;ORANGE;False
1786213534.3695867;40.88230373499982;BLE Sniffer;Appareil BLE;2,4 GHz BLE;3f:d5:b8:4d:d0:33;-68.0;;;;-68.0;1.584893192461111e-10;0.000376;5.959198403653776e-14;1.209287782953128e-11;37;0x02;37;ORANGE;False
1786213534.3873816;40.899962308999875;Simulation RF;Détection RF large bande;868 MHz;868 MHz;;2524;2.0343903165257355;-37.37561266102942;-70.37561266102942;9.171465440194533e-11;0.1;9.171465440194533e-12;3.4528926807594614e-09;;;;VERT;True
1786213534.6514888;41.16420964200006;BLE Sniffer;Appareil BLE;2,4 GHz BLE;3f:d5:b8:4d:d0:33;-73.0;;;;-73.0;5.011872336272715e-11;0.000376;1.8844639984385406e-14;1.2111722469515664e-11;37;0x02;38;VERT;False
1786213534.651573;41.16429032699989;BLE Sniffer;Appareil BLE;2,4 GHz BLE;3f:d5:b8:4d:d0:33;-64.0;;;;-64.0;3.9810717055349694e-10;0.000376;1.4968829612811484e-13;1.2261410765643779e-11;37;0x02;39;ORANGE;False
1786213534.6516163;41.16433351199976;BLE Sniffer;Appareil BLE;2,4 GHz BLE;e8:d0:3c:30:07:40;-65.0;;;;-65.0;3.1622776601683795e-10;0.00035999999999999997;1.1384199576606166e-13;3.656819054277992e-12;35;0x00;37;ORANGE;False
1786213534.6516578;41.16437506800003;BLE Sniffer;Appareil BLE;2,4 GHz BLE;e8:d0:3c:30:07:40;-69.0;;;;-69.0;1.2589254117941662e-10;0.00035999999999999997;4.532131482458998e-14;3.702140369102582e-12;35;0x00;38;ORANGE;False
1786213534.6516993;41.16441649399985;BLE Sniffer;Appareil BLE;2,4 GHz BLE;e8:d0:3c:30:07:40;-71.0;;;;-71.0;7.943282347242822e-11;0.00035999999999999997;2.859581645007415e-14;3.730736185552656e-12;35;0x00;39;VERT;False
1786213534.651736;41.164453215999856;BLE Sniffer;Appareil BLE;2,4 GHz BLE;3f:d5:b8:4d:d0:33;-67.0;;;;-67.0;1.9952623149688828e-10;0.000376;7.502186304282999e-14;1.2336432628686609e-11;37;0x02;37;ORANGE;False
1786213534.6512666;40.899962308999875;Simulation RF;Détection RF large bande;2,45 GHz;2,45 GHz;;3050;2.458072024553921;-54.32288098215683;-71.02288098215683;7.901542889338923e-11;0.1;7.901542889338923e-12;1.115285815973589e-08;;;;VERT;True
1786213534.9007237;41.413445622999916;BLE Sniffer;Appareil BLE;2,4 GHz BLE;3f:d5:b8:4d:d0:33;-74.0;;;;-74.0;3.9810717055349695e-11;0.000376;1.4968829612811484e-14;1.235140145829942e-11;37;0x02;38;VERT;False
1786213534.900854;41.413571363999836;BLE Sniffer;Appareil BLE;2,4 GHz BLE;3f:d5:b8:4d:d0:33;-64.0;;;;-64.0;3.9810717055349694e-10;0.000376;1.4968829612811484e-13;1.2501089754427535e-11;37;0x02;39;ORANGE;False
1786213535.1472015;41.65992097499975;BLE Sniffer;Appareil BLE;2,4 GHz BLE;3f:d5:b8:4d:d0:33;-66.0;;;;-66.0;2.511886431509582e-10;0.000376;9.444692982476028e-14;1.2595536684252296e-11;37;0x02;37;ORANGE;False
1786213535.1473234;41.66004071599991;BLE Sniffer;Appareil BLE;2,4 GHz BLE;3f:d5:b8:4d:d0:33;-73.0;;;;-73.0;5.011872336272715e-11;0.000376;1.8844639984385406e-14;1.2614381324236681e-11;37;0x02;38;VERT;False
1786213535.14737;41.660087289999865;BLE Sniffer;iBeacon;2,4 GHz BLE;4e:58:d9:e9:46:b7;-65.0;;;;-65.0;3.1622776601683795e-10;0.000368;1.1637181789419636e-13;5.487135218990317e-11;36;0x00;39;ORANGE;False
1786213535.146925;41.42551560499987;Simulation RF;Détection RF large bande;868 MHz;868 MHz;;2490;2.006975415771418;-36.27901663085672;-69.27901663085672;1.1805879248662304e-10;0.1;1.1805879248662305e-11;3.4646985600081238e-09;;;;ORANGE;True
1786213535.4100277;41.92275084499988;BLE Sniffer;Appareil BLE;2,4 GHz BLE;3f:d5:b8:4d:d0:33;-67.0;;;;-67.0;1.9952623149688828e-10;0.000376;7.502186304282999e-14;1.2689403187279511e-11;37;0x02;37;ORANGE;False
1786213535.4118981;41.92462079000006;BLE Sniffer;Appareil BLE;2,4 GHz BLE;e8:d0:3c:30:07:40;-69.0;;;;-69.0;1.2589254117941662e-10;0.00035999999999999997;4.532131482458998e-14;3.776057500377246e-12;35;0x00;38;ORANGE;False
1786213535.4120364;41.92475379000007;BLE Sniffer;Appareil BLE;2,4 GHz BLE;e8:d0:3c:30:07:40;-70.0;;;;-70.0;1e-10;0.00035999999999999997;3.6e-14;3.8120575003772464e-12;35;0x00;39;ORANGE;False
1786213535.412079;41.92479623400004;BLE Sniffer;Appareil BLE;2,4 GHz BLE;3f:d5:b8:4d:d0:33;-67.0;;;;-67.0;1.9952623149688828e-10;0.000376;7.502186304282999e-14;1.2764425050322342e-11;37;0x02;37;ORANGE;False
1786213535.4121177;41.924835011999676;BLE Sniffer;Appareil BLE;2,4 GHz BLE;3f:d5:b8:4d:d0:33;-74.0;;;;-74.0;3.9810717055349695e-11;0.000376;1.4968829612811484e-14;1.2779393879935153e-11;37;0x02;38;VERT;False
1786213535.4121547;41.92487182700006;BLE Sniffer;iBeacon;2,4 GHz BLE;4e:58:d9:e9:46:b7;-66.0;;;;-66.0;2.511886431509582e-10;0.000368;9.243742067955262e-14;5.496378961058272e-11;36;0x00;39;ORANGE;False
1786213535.1616492;41.42551560499987;Simulation RF;Détection RF large bande;2,45 GHz;2,45 GHz;;2981;2.401969227341397;-52.07876909365588;-68.77876909365588;1.3247169420901796e-10;0.1;1.3247169420901796e-11;1.1166105329156792e-08;;;;ORANGE;True
1786213535.6802843;42.193006030000106;BLE Sniffer;Appareil BLE;2,4 GHz BLE;3f:d5:b8:4d:d0:33;-68.0;;;;-68.0;1.584893192461111e-10;0.000376;5.959198403653776e-14;1.2838985863971692e-11;37;0x02;37;ORANGE;False
1786213535.6805263;42.19324530799986;BLE Sniffer;Appareil BLE;2,4 GHz BLE;e8:d0:3c:30:07:40;-70.0;;;;-70.0;1e-10;0.00035999999999999997;3.6e-14;3.848057500377247e-12;35;0x00;38;ORANGE;False
1786213535.680598;42.193315901000005;BLE Sniffer;Appareil BLE;2,4 GHz BLE;e8:d0:3c:30:07:40;-72.0;;;;-72.0;6.309573444801942e-11;0.00035999999999999997;2.271446440128699e-14;3.870771964778534e-12;35;0x00;39;VERT;False
1786213535.687936;42.20065715999999;BLE Sniffer;Appareil BLE;2,4 GHz BLE;3f:d5:b8:4d:d0:33;-68.0;;;;-68.0;1.584893192461111e-10;0.000376;5.959198403653776e-14;1.289857784800823e-11;37;0x02;37;ORANGE;False
1786213535.6992292;42.211677511999824;Simulation RF;Détection RF large bande;868 MHz;868 MHz;;2437;1.9636135701264796;-34.54454280505918;-67.54454280505918;1.7601339486746687e-10;0.1;1.760133948674669e-11;3.4822998994948704e-09;;;;ORANGE;True
1786213535.934438;42.447159715;BLE Sniffer;iBeacon;2,4 GHz BLE;4e:58:d9:e9:46:b7;-69.0;;;;-69.0;1.2589254117941662e-10;0.000368;4.6328455154025316e-14;5.501011806573675e-11;36;0x00;38;ORANGE;False
1786213535.9346297;42.44734815999982;BLE Sniffer;iBeacon;2,4 GHz BLE;4e:58:d9:e9:46:b7;-66.0;;;;-66.0;2.511886431509582e-10;0.000368;9.243742067955262e-14;5.5102555486416306e-11;36;0x00;39;ORANGE;False
1786213535.9346836;42.44740077100005;BLE Sniffer;Appareil BLE;2,4 GHz BLE;3f:d5:b8:4d:d0:33;-67.0;;;;-67.0;1.9952623149688828e-10;0.000376;7.502186304282999e-14;1.297359971105106e-11;37;0x02;37;ORANGE;False
1786213535.9347277;42.44744493799999;BLE Sniffer;Appareil BLE;2,4 GHz BLE;f4:26:33:35:5f:ba;-78.0;;;;-78.0;1.5848931924611107e-11;0.00034399999999999996;5.452032582066221e-15;7.098688252760817e-13;33;0x00;38;VERT;False
1786213535.9347682;42.447485141000016;BLE Sniffer;Appareil BLE;2,4 GHz BLE;f4:26:33:35:5f:ba;-82.0;;;;-82.0;6.309573444801943e-12;0.00034399999999999996;2.170493265011868e-15;7.120393185410937e-13;33;0x00;39;VERT;False
1786213535.934808;42.447525270999904;BLE Sniffer;Appareil BLE;2,4 GHz BLE;c3:49:80:30:2e:b9;-60.0;;;;-60.0;1e-09;0.000192;1.9200000000000001e-13;1.8841024430907185e-12;14;0x02;37;ORANGE;False
1786213535.6994169;42.211677511999824;Simulation RF;Détection RF large bande;2,45 GHz;2,45 GHz;;3079;2.4812345502626396;-55.24938201050557;-71.94938201050557;6.383543158489479e-11;0.1;6.383543158489479e-12;1.1172488872315282e-08;;;;VERT;True
1786213536.190335;42.70305534499994;BLE Sniffer;iBeacon;2,4 GHz BLE;4e:58:d9:e9:46:b7;-68.0;;;;-68.0;1.584893192461111e-10;0.000368;5.832406948256888e-14;5.5160879555898876e-11;36;0x00;38;ORANGE;False
1786213536.1904984;42.703215844999704;BLE Sniffer;iBeacon;2,4 GHz BLE;4e:58:d9:e9:46:b7;-66.0;;;;-66.0;2.511886431509582e-10;0.000368;9.243742067955262e-14;5.525331697657843e-11;36;0x00;39;ORANGE;False
1786213536.1905472;42.70326447399975;BLE Sniffer;Appareil BLE;2,4 GHz BLE;3f:d5:b8:4d:d0:33;-68.0;;;;-68.0;1.584893192461111e-10;0.000376;5.959198403653776e-14;1.3033191695087599e-11;37;0x02;37;ORANGE;False
1786213536.1905854;42.70330284500005;BLE Sniffer;Appareil BLE;2,4 GHz BLE;3f:d5:b8:4d:d0:33;-74.0;;;;-74.0;3.9810717055349695e-11;0.000376;1.4968829612811484e-14;1.304816052470041e-11;37;0x02;38;VERT;False
1786213536.208945;42.72139578899987;Simulation RF;Détection RF large bande;868 MHz;868 MHz;;2466;1.9876352383722784;-35.50540953489113;-68.50540953489113;1.410779195268239e-10;0.1;1.410779195268239e-11;3.4964076914475526e-09;;;;ORANGE;True
1786213536.2091267;42.72139578899987;Simulation RF;Détection RF large bande;2,45 GHz;2,45 GHz;;2956;2.381949617440385;-51.277984697615395;-67.9779846976154;1.5929477478759253e-10;0.1;1.5929477478759255e-11;1.1188418349794041e-08;;;;ORANGE;True
1786213536.40095;42.91367328899969;BLE Sniffer;Appareil BLE;2,4 GHz BLE;3f:d5:b8:4d:d0:33;-64.0;;;;-64.0;3.9810717055349694e-10;0.000376;1.4968829612811484e-13;1.3197848820828525e-11;37;0x02;39;ORANGE;False
1786213536.4011664;42.913885585000116;BLE Sniffer;iBeacon;2,4 GHz BLE;4e:58:d9:e9:46:b7;-73.0;;;;-73.0;5.011872336272715e-11;0.000368;1.844369019748359e-14;5.5271760666775915e-11;36;0x00;37;VERT;False
1786213536.4012177;42.91393512200011;BLE Sniffer;iBeacon;2,4 GHz BLE;4e:58:d9:e9:46:b7;-67.0;;;;-67.0;1.9952623149688828e-10;0.000368;7.342565319085489e-14;5.534518631996677e-11;36;0x00;38;ORANGE;False
1786213536.4012601;42.91397728899983;BLE Sniffer;iBeacon;2,4 GHz BLE;4e:58:d9:e9:46:b7;-66.0;;;;-66.0;2.511886431509582e-10;0.000368;9.243742067955262e-14;5.5437623740646324e-11;36;0x00;39;ORANGE;False
1786213536.4013312;42.91405102999988;BLE Sniffer;Appareil BLE;2,4 GHz BLE;3f:d5:b8:4d:d0:33;-67.0;;;;-67.0;1.9952623149688828e-10;0.000376;7.502186304282999e-14;1.3272870683871356e-11;37;0x02;37;ORANGE;False
1786213536.4277632;42.94035238199967;Simulation RF;Détection RF large bande;868 MHz;868 MHz;;2359;1.9009365445808974;-32.0374617832359;-65.0374617832359;3.135117495883926e-10;0.1;3.135117495883926e-11;3.527758866406392e-09;;;;ORANGE;True
1786213536.6435983;43.15631836300008;BLE Sniffer;Appareil BLE;2,4 GHz BLE;3f:d5:b8:4d:d0:33;-73.0;;;;-73.0;5.011872336272715e-11;0.000376;1.8844639984385406e-14;1.329171532385574e-11;37;0x02;38;VERT;False
1786213536.6436758;43.15639327000008;BLE Sniffer;Appareil BLE;2,4 GHz BLE;3f:d5:b8:4d:d0:33;-64.0;;;;-64.0;3.9810717055349694e-10;0.000376;1.4968829612811484e-13;1.3441403619983855e-11;37;0x02;39;ORANGE;False
1786213536.643719;43.15643608499977;BLE Sniffer;iBeacon;2,4 GHz BLE;4e:58:d9:e9:46:b7;-76.0;;;;-76.0;2.5118864315095823e-11;0.000368;9.243742067955263e-15;5.544686748271428e-11;36;0x00;37;VERT;False
1786213536.6437583;43.156475640999815;BLE Sniffer;iBeacon;2,4 GHz BLE;4e:58:d9:e9:46:b7;-67.0;;;;-67.0;1.9952623149688828e-10;0.000368;7.342565319085489e-14;5.5520293135905135e-11;36;0x00;38;ORANGE;False
1786213536.6437998;43.156516937000106;BLE Sniffer;iBeacon;2,4 GHz BLE;4e:58:d9:e9:46:b7;-66.0;;;;-66.0;2.511886431509582e-10;0.000368;9.243742067955262e-14;5.561273055658469e-11;36;0x00;39;ORANGE;False
1786213536.6434827;42.94035238199967;Simulation RF;Détection RF large bande;2,45 GHz;2,45 GHz;;3009;2.424768158449321;-52.99072633797283;-69.69072633797283;1.0738098074656655e-10;0.1;1.0738098074656657e-11;1.1199156447868697e-08;;;;ORANGE;True
1786213536.8971505;43.40987269600009;BLE Sniffer;Appareil BLE;2,4 GHz BLE;3f:d5:b8:4d:d0:33;-67.0;;;;-67.0;1.9952623149688828e-10;0.000376;7.502186304282999e-14;1.3516425483026685e-11;37;0x02;37;ORANGE;False
1786213536.897294;43.41001149299973;BLE Sniffer;Appareil BLE;2,4 GHz BLE;e8:d0:3c:30:07:40;-70.0;;;;-70.0;1e-10;0.00035999999999999997;3.6e-14;3.906771964778534e-12;35;0x00;38;ORANGE;False
1786213536.8973367;43.41005482599985;BLE Sniffer;Appareil BLE;2,4 GHz BLE;e8:d0:3c:30:07:40;-72.0;;;;-72.0;6.309573444801942e-11;0.00035999999999999997;2.271446440128699e-14;3.9294864291798216e-12;35;0x00;39;VERT;False
1786213536.8973765;43.41009377;BLE Sniffer;Appareil BLE;2,4 GHz BLE;3f:d5:b8:4d:d0:33;-66.0;;;;-66.0;2.511886431509582e-10;0.000376;9.444692982476028e-14;1.3610872412851446e-11;37;0x02;37;ORANGE;False
1786213536.8974154;43.410132732999955;BLE Sniffer;iBeacon;2,4 GHz BLE;4e:58:d9:e9:46:b7;-68.0;;;;-68.0;1.584893192461111e-10;0.000368;5.832406948256888e-14;5.567105462606726e-11;36;0x00;38;ORANGE;False
1786213536.8974597;43.41017701100009;BLE Sniffer;iBeacon;2,4 GHz BLE;4e:58:d9:e9:46:b7;-66.0;;;;-66.0;2.511886431509582e-10;0.000368;9.243742067955262e-14;5.5763492046746816e-11;36;0x00;39;ORANGE;False
1786213536.9185064;43.40791015900004;Simulation RF;Détection RF large bande;868 MHz;868 MHz;;2337;1.8830497124554855;-31.32198849821941;-64.32198849821941;3.696588858162861e-10;0.1;3.696588858162862e-11;3.5647247549880206e-09;;;;ORANGE;True
1786213537.14831;43.66102814099986;BLE Sniffer;Appareil BLE;2,4 GHz BLE;3f:d5:b8:4d:d0:33;-67.0;;;;-67.0;1.9952623149688828e-10;0.000376;7.502186304282999e-14;1.3685894275894277e-11;37;0x02;37;ORANGE;False
1786213537.1483634;43.66108054799997;BLE Sniffer;Appareil BLE;2,4 GHz BLE;3f:d5:b8:4d:d0:33;-72.0;;;;-72.0;6.309573444801942e-11;0.000376;2.3723996152455302e-14;1.3709618272046731e-11;37;0x02;38;VERT;False
1786213537.1484032;43.66112052900007;BLE Sniffer;Appareil BLE;2,4 GHz BLE;3f:d5:b8:4d:d0:33;-64.0;;;;-64.0;3.9810717055349694e-10;0.000376;1.4968829612811484e-13;1.3859306568174846e-11;37;0x02;39;ORANGE;False
1786213537.1484468;43.66116399199973;BLE Sniffer;Appareil BLE;2,4 GHz BLE;4e:58:d9:e9:46:b7;-77.0;;;;-77.0;1.9952623149688828e-11;0.000368;7.342565319085488e-15;5.5770834612065905e-11;36;0x00;37;VERT;False
1786213537.1482186;43.40791015900004;Simulation RF;Détection RF large bande;2,45 GHz;2,45 GHz;;3056;2.462510504982844;-54.50042019931375;-71.20042019931375;7.585041828103531e-11;0.1;7.585041828103531e-12;1.1206741489696801e-08;;;;VERT;True
1786213537.3873148;43.9000364919998;BLE Sniffer;iBeacon;2,4 GHz BLE;4e:58:d9:e9:46:b7;-68.0;;;;-68.0;1.584893192461111e-10;0.000368;5.832406948256888e-14;5.5829158681548475e-11;36;0x00;38;ORANGE;False
1786213537.3874583;43.90017645499984;BLE Sniffer;iBeacon;2,4 GHz BLE;4e:58:d9:e9:46:b7;-66.0;;;;-66.0;2.511886431509582e-10;0.000368;9.243742067955262e-14;5.592159610222803e-11;36;0x00;39;ORANGE;False
1786213537.3875046;43.90022193699997;BLE Sniffer;Appareil BLE;2,4 GHz BLE;3f:d5:b8:4d:d0:33;-66.0;;;;-66.0;2.511886431509582e-10;0.000376;9.444692982476028e-14;1.3953753497999607e-11;37;0x02;37;ORANGE;False
1786213537.387542;43.90025928899968;BLE Sniffer;Appareil BLE;2,4 GHz BLE;3f:d5:b8:4d:d0:33;-72.0;;;;-72.0;6.309573444801942e-11;0.000376;2.3723996152455302e-14;1.3977477494152062e-11;37;0x02;38;VERT;False
1786213537.3960152;43.90873552899984;BLE Sniffer;Appareil BLE;2,4 GHz BLE;e8:d0:3c:30:07:40;-71.0;;;;-71.0;7.943282347242822e-11;0.00035999999999999997;2.859581645007415e-14;3.9580822456298955e-12;35;0x00;39;VERT;False
1786213537.167965;43.680553251999754;Simulation RF;Détection RF large bande;868 MHz;868 MHz;;2318;1.8679328825625727;-30.717315302502904;-63.717315302502904;4.248821340577023e-10;0.1;4.2488213405770234e-11;3.607212968393791e-09;;;;ORANGE;True
1786213537.4076905;43.680553251999754;Simulation RF;Détection RF large bande;2,45 GHz;2,45 GHz;;2963;2.387566116663533;-51.50264466654133;-68.20264466654133;1.5126398353352153e-10;0.1;1.5126398353352153e-11;1.1221867888050154e-08;;;;ORANGE;True
1786213537.6383476;44.15106958499973;BLE Sniffer;Appareil BLE;2,4 GHz BLE;3f:d5:b8:4d:d0:33;-67.0;;;;-67.0;1.9952623149688828e-10;0.000376;7.502186304282999e-14;1.4052499357194892e-11;37;0x02;37;ORANGE;False
1786213537.8843083;44.397031324999716;BLE Sniffer;Appareil BLE;2,4 GHz BLE;3f:d5:b8:4d:d0:33;-73.0;;;;-73.0;5.011872336272715e-11;0.000376;1.8844639984385406e-14;1.4071343997179277e-11;37;0x02;38;VERT;False
1786213537.884406;44.397123306999674;BLE Sniffer;Appareil BLE;2,4 GHz BLE;2a:41:df:bd:9a:8e;-98.0;;;;-98.0;1.584893192461111e-13;0.000376;5.959198403653776e-17;5.959198403653776e-17;37;0x02;39;VERT;False
1786213537.8844483;44.39716545500005;BLE Sniffer;iBeacon;2,4 GHz BLE;4e:58:d9:e9:46:b7;-75.0;;;;-75.0;3.1622776601683794e-11;0.000368;1.1637181789419636e-14;5.593323328401745e-11;36;0x00;37;VERT;False
1786213537.884548;44.39726508500007;BLE Sniffer;iBeacon;2,4 GHz BLE;4e:58:d9:e9:46:b7;-68.0;;;;-68.0;1.584893192461111e-10;0.000368;5.832406948256888e-14;5.599155735350002e-11;36;0x00;38;ORANGE;False
1786213537.884589;44.39730628799998;BLE Sniffer;iBeacon;2,4 GHz BLE;4e:58:d9:e9:46:b7;-66.0;;;;-66.0;2.511886431509582e-10;0.000368;9.243742067955262e-14;5.608399477417958e-11;36;0x00;39;ORANGE;False
1786213537.8846269;44.39734400999987;BLE Sniffer;Appareil BLE;2,4 GHz BLE;3f:d5:b8:4d:d0:33;-67.0;;;;-67.0;1.9952623149688828e-10;0.000376;7.502186304282999e-14;1.4146365860222107e-11;37;0x02;37;ORANGE;False
1786213537.8846643;44.397381417999895;BLE Sniffer;Appareil BLE;2,4 GHz BLE;e8:d0:3c:30:07:40;-70.0;;;;-70.0;1e-10;0.00035999999999999997;3.6e-14;3.994082245629896e-12;35;0x00;38;ORANGE;False
1786213537.8847013;44.3974182879997;BLE Sniffer;Appareil BLE;2,4 GHz BLE;e8:d0:3c:30:07:40;-70.0;;;;-70.0;1e-10;0.00035999999999999997;3.6e-14;4.030082245629896e-12;35;0x00;39;ORANGE;False
1786213537.9000118;44.412731807;BLE Sniffer;Appareil BLE;2,4 GHz BLE;f4:26:33:35:5f:ba;-71.0;;;;-71.0;7.943282347242822e-11;0.00034399999999999996;2.7324891274515303e-14;7.39364209815609e-13;33;0x00;37;VERT;False
1786213537.6517696;44.16430782499992;Simulation RF;Détection RF large bande;868 MHz;868 MHz;;2340;1.8853504344691006;-31.414017378764015;-64.41401737876402;3.619080656670828e-10;0.1;3.619080656670828e-11;3.6434037749604992e-09;;;;ORANGE;True
1786213537.9114804;44.16430782499992;Simulation RF;Détection RF large bande;2,45 GHz;2,45 GHz;;2988;2.407893553679398;-52.31574214717591;-69.01574214717591;1.2543703655809398e-10;0.1;1.25437036558094e-11;1.1234411591705963e-08;;;;ORANGE;True
1786213538.1506283;44.663350233000074;BLE Sniffer;Appareil BLE;2,4 GHz BLE;c3:49:80:30:2e:b9;-64.0;;;;-64.0;3.9810717055349694e-10;0.000192;7.643657674627141e-14;1.9605390198369897e-12;14;0x02;38;ORANGE;False
1786213538.150775;44.66349256600006;BLE Sniffer;Appareil BLE;2,4 GHz BLE;3f:d5:b8:4d:d0:33;-65.0;;;;-65.0;3.1622776601683795e-10;0.000376;1.1890164002233106e-13;1.4265267500244438e-11;37;0x02;39;ORANGE;False
1786213538.1508198;44.663537029000054;BLE Sniffer;Appareil BLE;2,4 GHz BLE;3f:d5:b8:4d:d0:33;-68.0;;;;-68.0;1.584893192461111e-10;0.000376;5.959198403653776e-14;1.4324859484280976e-11;37;0x02;37;ORANGE;False
1786213538.15086;44.66357710300008;BLE Sniffer;iBeacon;2,4 GHz BLE;4e:58:d9:e9:46:b7;-68.0;;;;-68.0;1.584893192461111e-10;0.000368;5.832406948256888e-14;5.614231884366215e-11;36;0x00;38;ORANGE;False
1786213538.1508982;44.66361532499968;BLE Sniffer;iBeacon;2,4 GHz BLE;4e:58:d9:e9:46:b7;-66.0;;;;-66.0;2.511886431509582e-10;0.000368;9.243742067955262e-14;5.62347562643417e-11;36;0x00;39;ORANGE;False
1786213538.1509638;44.66368097299983;BLE Sniffer;Appareil BLE;2,4 GHz BLE;Appareil BLE;-96.0;;;;-96.0;2.511886431509582e-13;0.00019999999999999998;5.023772863019163e-17;1.2669384618234076e-14;15;0x0a;37;VERT;False
1786213538.151006;44.66372312099975;BLE Sniffer;Appareil BLE;2,4 GHz BLE;3f:d5:b8:4d:d0:33;-73.0;;;;-73.0;5.011872336272715e-11;0.000376;1.8844639984385406e-14;1.4343704124265361e-11;37;0x02;38;VERT;False
1786213538.4028068;44.9155253429999;BLE Sniffer;Appareil BLE;2,4 GHz BLE;3f:d5:b8:4d:d0:33;-65.0;;;;-65.0;3.1622776601683795e-10;0.000376;1.1890164002233106e-13;1.4462605764287691e-11;37;0x02;39;ORANGE;False
1786213538.4028912;44.91560847299979;BLE Sniffer;Appareil BLE;2,4 GHz BLE;3f:d5:b8:4d:d0:33;-67.0;;;;-67.0;1.9952623149688828e-10;0.000376;7.502186304282999e-14;1.4537627627330522e-11;37;0x02;37;ORANGE;False
1786213538.4029317;44.915648898999734;BLE Sniffer;Appareil BLE;2,4 GHz BLE;4e:58:d9:e9:46:b7;-69.0;;;;-69.0;1.2589254117941662e-10;0.000368;4.6328455154025316e-14;5.628108471949573e-11;36;0x00;38;ORANGE;False
1786213538.4029706;44.91568784299989;BLE Sniffer;iBeacon;2,4 GHz BLE;4e:58:d9:e9:46:b7;-66.0;;;;-66.0;2.511886431509582e-10;0.000368;9.243742067955262e-14;5.6373522140175286e-11;36;0x00;39;ORANGE;False
1786213538.4030118;44.91572899199991;BLE Sniffer;Appareil BLE;2,4 GHz BLE;3f:d5:b8:4d:d0:33;-68.0;;;;-68.0;1.584893192461111e-10;0.000376;5.959198403653776e-14;1.459721961136706e-11;37;0x02;37;ORANGE;False
1786213538.4026792;44.68634278799982;Simulation RF;Détection RF large bande;868 MHz;868 MHz;;2322;1.8711244538988003;-30.844978155952006;-63.844978155952006;4.125743122686715e-10;0.1;4.125743122686715e-11;3.6846612061873663e-09;;;;ORANGE;True
1786213538.4247024;44.68634278799982;Simulation RF;Détection RF large bande;2,45 GHz;2,45 GHz;;3044;2.4529933115683398;-54.11973246273358;-70.81973246273358;8.279931687826878e-11;0.1;8.279931687826878e-12;1.124269152339379e-08;;;;VERT;True
1786213538.425045;44.93769115799978;Simulation RF;Détection RF large bande;868 MHz;868 MHz;;2392;1.9273474380117575;-33.09389752047029;-66.09389752047029;2.458160569088344e-10;0.1;2.458160569088344e-11;3.70924281187825e-09;;;;ORANGE;True
1786213538.6625538;45.175275862000035;BLE Sniffer;Appareil BLE;2,4 GHz BLE;e8:d0:3c:30:03:40;-70.0;;;;-70.0;1e-10;0.00035999999999999997;3.6e-14;3.6e-14;35;0x00;38;ORANGE;False
1786213538.662741;45.175458658000025;BLE Sniffer;Appareil BLE;2,4 GHz BLE;e8:d0:3c:30:07:40;-72.0;;;;-72.0;6.309573444801942e-11;0.00035999999999999997;2.271446440128699e-14;4.052796710031183e-12;35;0x00;39;VERT;False
1786213538.6627922;45.17550939900002;BLE Sniffer;Appareil BLE;2,4 GHz BLE;3f:d5:b8:4d:d0:33;-68.0;;;;-68.0;1.584893192461111e-10;0.000376;5.959198403653776e-14;1.4656811595403595e-11;37;0x02;37;ORANGE;False
1786213538.6628344;45.17555154699994;BLE Sniffer;iBeacon;2,4 GHz BLE;4e:58:d9:e9:46:b7;-68.0;;;;-68.0;1.584893192461111e-10;0.000368;5.832406948256888e-14;5.6431846209657856e-11;36;0x00;38;ORANGE;False
1786213538.6628735;45.17559088000007;BLE Sniffer;iBeacon;2,4 GHz BLE;4e:58:d9:e9:46:b7;-66.0;;;;-66.0;2.511886431509582e-10;0.000368;9.243742067955262e-14;5.652428363033741e-11;36;0x00;39;ORANGE;False
1786213538.6629128;45.17562982499976;BLE Sniffer;Appareil BLE;2,4 GHz BLE;3f:d5:b8:4d:d0:33;-67.0;;;;-67.0;1.9952623149688828e-10;0.000376;7.502186304282999e-14;1.4731833458446426e-11;37;0x02;37;ORANGE;False
1786213538.65801;44.93769115799978;Simulation RF;Détection RF large bande;2,45 GHz;2,45 GHz;;2986;2.406296849554602;-52.25187398218408;-68.95187398218408;1.272953682540256e-10;0.1;1.272953682540256e-11;1.1255421060219193e-08;;;;ORANGE;True
1786213538.9258745;45.43859426900008;BLE Sniffer;Appareil BLE;2,4 GHz BLE;3f:d5:b8:4d:d0:33;-72.0;;;;-72.0;6.309573444801942e-11;0.000376;2.3723996152455302e-14;1.475555745459888e-11;37;0x02;38;VERT;False
1786213538.9259846;45.43870228800006;BLE Sniffer;Appareil BLE;2,4 GHz BLE;3f:d5:b8:4d:d0:33;-66.0;;;;-66.0;2.511886431509582e-10;0.000376;9.444692982476028e-14;1.485000438442364e-11;37;0x02;39;ORANGE;False
1786213538.9260302;45.43874741699983;BLE Sniffer;Appareil BLE;2,4 GHz BLE;e8:d0:3c:30:07:40;-66.0;;;;-66.0;2.511886431509582e-10;0.00035999999999999997;9.042791153434495e-14;4.143224621565528e-12;35;0x00;37;ORANGE;False
1786213538.9260702;45.43878789900009;BLE Sniffer;iBeacon;2,4 GHz BLE;4e:58:d9:e9:46:b7;-68.0;;;;-68.0;1.584893192461111e-10;0.000368;5.832406948256888e-14;5.658260769981998e-11;36;0x00;38;ORANGE;False
1786213538.9261086;45.438825954000094;BLE Sniffer;iBeacon;2,4 GHz BLE;4e:58:d9:e9:46:b7;-66.0;;;;-66.0;2.511886431509582e-10;0.000368;9.243742067955262e-14;5.6675045120499537e-11;36;0x00;39;ORANGE;False
1786213538.9362593;45.44897910200007;BLE Sniffer;Appareil BLE;2,4 GHz BLE;3f:d5:b8:4d:d0:33;-68.0;;;;-68.0;1.584893192461111e-10;0.000376;5.959198403653776e-14;1.4909596368460178e-11;37;0x02;37;ORANGE;False
1786213538.923178;45.19784632499977;Simulation RF;Détection RF large bande;868 MHz;868 MHz;;2422;1.9519612719557693;-34.07845087823077;-67.07845087823077;1.9595435150330773e-10;0.1;1.9595435150330774e-11;3.728838247028581e-09;;;;ORANGE;True
1786213538.9480956;45.19784632499977;Simulation RF;Détection RF large bande;2,45 GHz;2,45 GHz;;2940;2.3693452251844573;-50.77380900737829;-67.47380900737829;1.789036080271922e-10;0.1;1.789036080271922e-11;1.1273311421021911e-08;;;;ORANGE;True
1786213539.1811502;45.693878027999745;BLE Sniffer;Appareil BLE;2,4 GHz BLE;3f:d5:b8:4d:d0:33;-73.0;;;;-73.0;5.011872336272715e-11;0.000376;1.8844639984385406e-14;1.4928441008444563e-11;37;0x02;38;VERT;False
1786213539.1814218;45.69413936199999;BLE Sniffer;Appareil BLE;2,4 GHz BLE;3f:d5:b8:4d:d0:33;-66.0;;;;-66.0;2.511886431509582e-10;0.000376;9.444692982476028e-14;1.5022887938269324e-11;37;0x02;39;ORANGE;False
1786213539.181484;45.69420167599992;BLE Sniffer;iBeacon;2,4 GHz BLE;4e:58:d9:e9:46:b7;-76.0;;;;-76.0;2.5118864315095823e-11;0.000368;9.243742067955263e-15;5.6684288862567495e-11;36;0x00;37;VERT;False
