timestamp_epoch;elapsed_s;source;technology;band;device;rssi_dbm;adc_code;voltage_v;power_detector_dbm;power_antenna_dbm;power_w;duration_s;energy_j;cumulative_energy_j;packet_length_bytes;pdu_type;channel;alert_level;simulated
1787669540.044331;1.8979648709992034;Simulation LoRa;LoRa;868 MHz;LoRa 868.100 MHz;-91.67827489143093;;;;-91.67827489143093;6.794734801050762e-13;0.041216;2.8005178956010824e-14;2.8005178956010824e-14;12;"SNR=8.42;SF=7;BW=125.0;CR=4/5;F=868.100;CRC=OK;PAYLOAD=54454d504f5f4c4f52415f31";7;VERT;True
1787669540.1245646;1.9768740969993814;Simulation RF;Détection RF large bande;868 MHz;868 MHz;;2409;1.9412475825759807;-33.649903303039224;-66.64990330303922;2.1627666778356128e-10;0.1;2.162766677835613e-11;2.162766677835613e-11;;;;ORANGE;True
1787669540.1261363;1.9768740969993814;Simulation RF;Détection RF large bande;2,45 GHz;2,45 GHz;;2866;2.309789801912984;-48.39159207651936;-65.09159207651936;3.0962840269607713e-10;0.1;3.0962840269607714e-11;3.0962840269607714e-11;;;;ORANGE;True
1787669540.1376445;1.991279111998665;Wi-Fi;Wi-Fi;2,4/5 GHz;wlan0;-36.0;;;;-36.0;2.5118864315095823e-07;0.1;2.5118864315095824e-08;2.5118864315095824e-08;;;;ROUGE;False
1787669540.2238913;2.0770416199993633;Simulation RF;Détection RF large bande;868 MHz;868 MHz;;2467;1.9877365247140988;-35.509460988563944;-68.50946098856394;1.4094637188852492e-10;0.1;1.4094637188852492e-11;3.572230396720862e-11;;;;ORANGE;True
1787669540.2242136;2.0770416199993633;Simulation RF;Détection RF large bande;2,45 GHz;2,45 GHz;;2947;2.3750857245817087;-51.00342898326835;-67.70342898326835;1.6969033290091843e-10;0.1;1.6969033290091845e-11;4.793187355969956e-11;;;;ORANGE;True
1787669540.235818;2.0894512589984515;Wi-Fi;Wi-Fi;2,4/5 GHz;wlan0;-35.0;;;;-35.0;3.162277660168379e-07;0.1;3.162277660168379e-08;5.6741640916779616e-08;;;;ROUGE;False
1787669540.3237877;2.1771676069984096;Simulation RF;Détection RF large bande;868 MHz;868 MHz;;2473;1.9929424153146778;-35.717696612587105;-68.7176966125871;1.3434773183939936e-10;0.1;1.3434773183939936e-11;4.9157077151148556e-11;;;;ORANGE;True
1787669540.3239603;2.1771676069984096;Simulation RF;Détection RF large bande;2,45 GHz;2,45 GHz;;2853;2.29926440245984;-47.97057609839359;-64.6705760983936;3.4114765485261213e-10;0.1;3.411476548526121e-11;8.204663904496078e-11;;;;ORANGE;True
1787669540.3335686;2.1872022459992877;Wi-Fi;Wi-Fi;2,4/5 GHz;wlan0;-35.0;;;;-35.0;3.162277660168379e-07;0.1;3.162277660168379e-08;8.83644175184634e-08;;;;ROUGE;False
1787669540.4239082;2.2772847239994007;Simulation RF;Détection RF large bande;868 MHz;868 MHz;;2587;2.0844712716759832;-39.37885086703933;-72.37885086703933;5.7824903049559596e-11;0.1;5.78249030495596e-12;5.4939567456104516e-11;;;;VERT;True
1787669540.4241233;2.2772847239994007;Simulation RF;Détection RF large bande;2,45 GHz;2,45 GHz;;2853;2.2992318767933133;-47.969275071732525;-64.66927507173253;3.412498686040897e-10;0.1;3.412498686040897e-11;1.1617162590536976e-10;;;;ORANGE;True
1787669540.4329515;2.286585522999303;Wi-Fi;Wi-Fi;2,4/5 GHz;wlan0;-34.0;;;;-34.0;3.981071705534969e-07;0.1;3.9810717055349696e-08;1.281751345738131e-07;;;;ROUGE;False
1787669540.5287383;2.3774737650001043;Simulation RF;Détection RF large bande;868 MHz;868 MHz;;2422;1.9521171790597966;-34.08468716239186;-67.08468716239186;1.9567317131340329e-10;0.1;1.956731713134033e-11;7.450688458744485e-11;;;;ORANGE;True
1787669540.5290875;2.3774737650001043;Simulation RF;Détection RF large bande;2,45 GHz;2,45 GHz;;2865;2.308497707778308;-48.33990831113232;-65.03990831113232;3.1333518753869933e-10;0.1;3.133351875386993e-11;1.475051446592397e-10;;;;ORANGE;True
1787669540.5471382;2.4007716219985014;Wi-Fi;Wi-Fi;2,4/5 GHz;wlan0;-34.0;;;;-34.0;3.981071705534969e-07;0.1;3.9810717055349696e-08;1.679858516291628e-07;;;;ROUGE;False
1787669540.624703;2.477611047999744;Simulation RF;Détection RF large bande;868 MHz;868 MHz;;2423;1.9526332386859082;-34.10532954743633;-67.10532954743633;1.947453269436547e-10;0.1;1.9474532694365473e-11;9.398141728181032e-11;;;;ORANGE;True
1787669540.6291559;2.477611047999744;Simulation RF;Détection RF large bande;2,45 GHz;2,45 GHz;;2821;2.273339526895732;-46.93358107582928;-63.63358107582928;4.3315356427910543e-10;0.1;4.331535642791055e-11;1.9082050108715024e-10;;;;ORANGE;True
1787669540.6762817;2.5299166360000527;Wi-Fi;Wi-Fi;2,4/5 GHz;wlan0;-33.0;;;;-33.0;5.011872336272725e-07;0.1;5.011872336272725e-08;2.1810457499189006e-07;;;;ROUGE;False
1787669540.7300253;2.582311555999695;Simulation RF;Détection RF large bande;868 MHz;868 MHz;;2502;2.016071927083223;-36.64287708332891;-69.64287708332891;1.0857061344108837e-10;0.1;1.0857061344108838e-11;1.0483847862591915e-10;;;;ORANGE;True
1787669540.730437;2.582311555999695;Simulation RF;Détection RF large bande;2,45 GHz;2,45 GHz;;2883;2.32308076686746;-48.92323067469839;-65.62323067469839;2.739535499753048e-10;0.1;2.7395354997530482e-11;2.1821585608468074e-10;;;;ORANGE;True
1787669540.7501497;2.603782385998784;Wi-Fi;Wi-Fi;2,4/5 GHz;wlan0;-33.0;;;;-33.0;5.011872336272725e-07;0.1;5.011872336272725e-08;2.682232983546173e-07;;;;ROUGE;False
1787669540.8308063;2.6840874800000165;Simulation RF;Détection RF large bande;868 MHz;868 MHz;;2498;2.013385869101151;-36.53543476404603;-69.53543476404603;1.1129009767992643e-10;0.1;1.1129009767992644e-11;1.159674883939118e-10;;;;ORANGE;True
1787669540.8311975;2.6840874800000165;Simulation RF;Détection RF large bande;2,45 GHz;2,45 GHz;;2877;2.3184532991284423;-48.73813196513768;-65.43813196513769;2.858819945815159e-10;0.1;2.8588199458151588e-11;2.468040555428323e-10;;;;ORANGE;True
1787669540.8436391;2.6972723839990067;Wi-Fi;Wi-Fi;2,4/5 GHz;wlan0;-32.0;;;;-32.0;6.30957344480193e-07;0.1;6.30957344480193e-08;3.313190328026366e-07;;;;ROUGE;False
1787669540.9309988;2.784235113998875;Simulation RF;Détection RF large bande;868 MHz;868 MHz;;2454;1.977623464583414;-35.10493858333656;-68.10493858333656;1.5470563818149555e-10;0.1;1.5470563818149556e-11;1.3143805221206135e-10;;;;ORANGE;True
1787669540.9320872;2.784235113998875;Simulation RF;Détection RF large bande;2,45 GHz;2,45 GHz;;2826;2.277690527633439;-47.10762110533756;-63.80762110533756;4.161384924039663e-10;0.1;4.1613849240396636e-11;2.8841790478322894e-10;;;;ORANGE;True
1787669540.946291;2.799925479999729;Wi-Fi;Wi-Fi;2,4/5 GHz;wlan0;-32.0;;;;-32.0;6.30957344480193e-07;0.1;6.30957344480193e-08;3.9441476725065587e-07;;;;ROUGE;False
1787669541.0308278;2.8843147689985926;Simulation RF;Détection RF large bande;868 MHz;868 MHz;;2518;2.0294182683819844;-37.17673073527938;-70.17673073527938;9.601231172067772e-11;0.1;9.601231172067773e-12;1.4103928338412912e-10;;;;VERT;True
1787669541.0309713;2.8843147689985926;Simulation RF;Détection RF large bande;2,45 GHz;2,45 GHz;;2843;2.290742222731541;-47.629688909261645;-64.32968890926165;3.6900402985803686e-10;0.1;3.690040298580369e-11;3.253183077690326e-10;;;;ORANGE;True
1787669541.0390954;2.892728006998368;Wi-Fi;Wi-Fi;2,4/5 GHz;wlan0;-33.0;;;;-33.0;5.011872336272725e-07;0.1;5.011872336272725e-08;4.445334906133831e-07;;;;ROUGE;False
1787669541.0923924;2.9460258389990486;Simulation LoRa;LoRa;868 MHz;LoRa 868.100 MHz;-84.44222350984009;;;;-84.44222350984009;3.5956519709133144e-12;0.041216;1.4819839163316317e-13;1.76203570589174e-13;12;"SNR=6.92;SF=7;BW=125.0;CR=4/5;F=868.100;CRC=OK;PAYLOAD=54454d504f5f4c4f52415f32";7;VERT;True
1787669541.130954;2.9843962750001083;Simulation RF;Détection RF large bande;868 MHz;868 MHz;;2441;1.9670307481573823;-34.68122992629529;-67.68122992629529;1.7055992931823296e-10;0.1;1.7055992931823297e-11;1.5809527631595243e-10;;;;ORANGE;True
1787669541.1311052;2.9843962750001083;Simulation RF;Détection RF large bande;2,45 GHz;2,45 GHz;;2834;2.2838794659179738;-47.35517863671895;-64.05517863671895;3.930810761185918e-10;0.1;3.930810761185918e-11;3.646264153808918e-10;;;;ORANGE;True
1787669541.138973;2.992605608998929;Wi-Fi;Wi-Fi;2,4/5 GHz;wlan0;-33.0;;;;-33.0;5.011872336272725e-07;0.1;5.011872336272725e-08;4.946522139761104e-07;;;;ROUGE;False
1787669541.231028;3.08447983699989;Simulation RF;Détection RF large bande;868 MHz;868 MHz;;2510;2.022545662070166;-36.90182648280663;-69.90182648280663;1.0228627233808526e-10;0.1;1.0228627233808527e-11;1.6832390354976096e-10;;;;ORANGE;True
1787669541.2311757;3.08447983699989;Simulation RF;Détection RF large bande;2,45 GHz;2,45 GHz;;2816;2.2695956872526732;-46.78382749010693;-63.48382749010693;4.483500793829632e-10;0.1;4.483500793829632e-11;4.094614233191881e-10;;;;ORANGE;True
1787669541.2388804;3.092513080999197;Wi-Fi;Wi-Fi;2,4/5 GHz;wlan0;-32.0;;;;-32.0;6.30957344480193e-07;0.1;6.30957344480193e-08;5.577479484241297e-07;;;;ROUGE;False
1787669541.331117;3.184562491000179;Simulation RF;Détection RF large bande;868 MHz;868 MHz;;2350;1.8935737905990917;-31.742951623963663;-64.74295162396366;3.355095122165311e-10;0.1;3.355095122165311e-11;2.0187485477141408e-10;;;;ORANGE;True
1787669541.3312738;3.184562491000179;Simulation RF;Détection RF large bande;2,45 GHz;2,45 GHz;;2820;2.2721605624447103;-46.8864224977884;-63.5864224977884;4.37882662619397e-10;0.1;4.3788266261939703e-11;4.532496895811278e-10;;;;ORANGE;True
1787669541.3389068;3.192539809999289;Wi-Fi;Wi-Fi;2,4/5 GHz;wlan0;-32.0;;;;-32.0;6.30957344480193e-07;0.1;6.30957344480193e-08;6.20843682872149e-07;;;;ROUGE;False
1787669541.4312434;3.284675625998716;Simulation RF;Détection RF large bande;868 MHz;868 MHz;;2476;1.9956133836596948;-35.82453534638779;-68.82453534638779;1.310830281182986e-10;0.1;1.3108302811829862e-11;2.1498315758324394e-10;;;;ORANGE;True
1787669541.4314187;3.284675625998716;Simulation RF;Détection RF large bande;2,45 GHz;2,45 GHz;;2859;2.303910420259756;-48.15641681039024;-64.85641681039024;3.2685739788450036e-10;0.1;3.268573978845004e-11;4.859354293695778e-10;;;;ORANGE;True
1787669541.440432;3.2940649789998133;Wi-Fi;Wi-Fi;2,4/5 GHz;wlan0;-32.0;;;;-32.0;6.30957344480193e-07;0.1;6.30957344480193e-08;6.839394173201683e-07;;;;ROUGE;False
1787669541.5313551;3.3847797620001074;Simulation RF;Détection RF large bande;868 MHz;868 MHz;;2494;2.0099440487055737;-36.39776194822295;-69.39776194822295;1.1487454525187743e-10;0.1;1.1487454525187745e-11;2.2647061210843168e-10;;;;ORANGE;True
1787669541.5315213;3.3847797620001074;Simulation RF;Détection RF large bande;2,45 GHz;2,45 GHz;;2873;2.3148994658960818;-48.59597863584327;-65.29597863584327;2.953943174194814e-10;0.1;2.9539431741948145e-11;5.154748611115259e-10;;;;ORANGE;True
1787669541.5405064;3.394138910998663;Wi-Fi;Wi-Fi;2,4/5 GHz;wlan0;-32.0;;;;-32.0;6.30957344480193e-07;0.1;6.30957344480193e-08;7.470351517681876e-07;;;;ROUGE;False
1787669541.6315517;3.4848994519998087;Simulation RF;Détection RF large bande;868 MHz;868 MHz;;2424;1.9534060275485405;-34.13624110194162;-67.13624110194162;1.9336411947285369e-10;0.1;1.933641194728537e-11;2.4580702405571707e-10;;;;ORANGE;True
1787669541.6317956;3.4848994519998087;Simulation RF;Détection RF large bande;2,45 GHz;2,45 GHz;;2832;2.281887840317697;-47.27551361270787;-63.975513612707864;4.003581176997609e-10;0.1;4.0035811769976094e-11;5.55510672881502e-10;;;;ORANGE;True
1787669541.6422122;3.4958457249995263;Wi-Fi;Wi-Fi;2,4/5 GHz;wlan0;-32.0;;;;-32.0;6.30957344480193e-07;0.1;6.30957344480193e-08;8.101308862162069e-07;;;;ROUGE;False
1787669541.731731;3.585040901998582;Simulation RF;Détection RF large bande;868 MHz;868 MHz;;2450;1.974437660870353;-34.97750643481412;-67.97750643481412;1.5931231794400788e-10;0.1;1.593123179440079e-11;2.6173825585011787e-10;;;;ORANGE;True
1787669541.7319188;3.585040901998582;Simulation RF;Détection RF large bande;2,45 GHz;2,45 GHz;;2825;2.2766563987584303;-47.06625595033721;-63.76625595033721;4.201210139452591e-10;0.1;4.2012101394525916e-11;5.975227742760279e-10;;;;ORANGE;True
1787669541.7415845;3.595217131998652;Wi-Fi;Wi-Fi;2,4/5 GHz;wlan0;-33.0;;;;-33.0;5.011872336272725e-07;0.1;5.011872336272725e-08;8.602496095789341e-07;;;;ROUGE;False
1787669541.8317661;3.6851627779997216;Simulation RF;Détection RF large bande;868 MHz;868 MHz;;2444;1.9693677873968292;-34.77471149587316;-67.77471149587316;1.6692786945965474e-10;0.1;1.6692786945965476e-11;2.7843104279608333e-10;;;;ORANGE;True
1787669541.8319416;3.6851627779997216;Simulation RF;Détection RF large bande;2,45 GHz;2,45 GHz;;2843;2.2906983369211766;-47.62793347684706;-64.32793347684706;3.6915321263457345e-10;0.1;3.691532126345735e-11;6.344380955394853e-10;;;;ORANGE;True
1787669541.8410268;3.6946603329997743;Wi-Fi;Wi-Fi;2,4/5 GHz;wlan0;-33.0;;;;-33.0;5.011872336272725e-07;0.1;5.011872336272725e-08;9.103683329416614e-07;;;;ROUGE;False
1787669541.9318519;3.785264209998786;Simulation RF;Détection RF large bande;868 MHz;868 MHz;;2501;2.0153586561889067;-36.61434624755627;-69.61434624755627;1.0928621255979539e-10;0.1;1.0928621255979539e-11;2.893596640520629e-10;;;;ORANGE;True
1787669541.9320307;3.785264209998786;Simulation RF;Détection RF large bande;2,45 GHz;2,45 GHz;;2790;2.2487044581525057;-45.94817832610022;-62.648178326100215;5.434782488554718e-10;0.1;5.4347824885547183e-11;6.887859204250325e-10;;;;ORANGE;True
1787669541.9410067;3.7946388219988876;Wi-Fi;Wi-Fi;2,4/5 GHz;wlan0;-34.0;;;;-34.0;3.981071705534969e-07;0.1;3.9810717055349696e-08;9.501790499970111e-07;;;;ROUGE;False
1787669542.032001;3.8853690489995643;Simulation RF;Détection RF large bande;868 MHz;868 MHz;;2429;1.95749270625213;-34.29970825008519;-67.29970825008519;1.8622122319689816e-10;0.1;1.8622122319689816e-11;3.079817863717527e-10;;;;ORANGE;True
1787669542.0322382;3.8853690489995643;Simulation RF;Détection RF large bande;2,45 GHz;2,45 GHz;;2763;2.2267381581038452;-45.0695263241538;-61.7695263241538;6.65345720101104e-10;0.1;6.65345720101104e-11;7.553204924351428e-10;;;;ORANGE;True
1787669542.0425484;3.8961808049989486;Wi-Fi;Wi-Fi;2,4/5 GHz;wlan0;-34.0;;;;-34.0;3.981071705534969e-07;0.1;3.9810717055349696e-08;9.899897670523607e-07;;;;ROUGE;False
1787669542.119465;3.97309843399853;Simulation LoRa;LoRa;868 MHz;LoRa 868.100 MHz;-95.77067111612928;;;;-95.77067111612928;2.6480908969728285e-13;0.041216;1.0914371440963211e-14;1.871179420301372e-13;12;"SNR=6.80;SF=7;BW=125.0;CR=4/5;F=868.100;CRC=OK;PAYLOAD=54454d504f5f4c4f52415f33";7;VERT;True
1787669542.1320822;3.9854909059995407;Simulation RF;Détection RF large bande;868 MHz;868 MHz;;2462;1.9842111204583077;-35.36844481833231;-68.3684448183323;1.4559803648018165e-10;0.1;1.4559803648018166e-11;3.2254159001977086e-10;;;;ORANGE;True
1787669542.1322577;3.9854909059995407;Simulation RF;Détection RF large bande;2,45 GHz;2,45 GHz;;2819;2.2718640615027326;-46.8745624601093;-63.574562460109306;4.3908009953972913e-10;0.1;4.390800995397291e-11;7.992285023891158e-10;;;;ORANGE;True
1787669542.1414862;3.9951188849991013;Wi-Fi;Wi-Fi;2,4/5 GHz;wlan0;-34.0;;;;-34.0;3.981071705534969e-07;0.1;3.9810717055349696e-08;1.0298004841077103e-06;;;;ROUGE;False
1787669542.2321942;4.085612041999411;Simulation RF;Détection RF large bande;868 MHz;868 MHz;;2454;1.9778805722917259;-35.115222891669035;-68.11522289166903;1.5433972099745179e-10;0.1;1.543397209974518e-11;3.3797556211951603e-10;;;;ORANGE;True
1787669542.2324011;4.085612041999411;Simulation RF;Détection RF large bande;2,45 GHz;2,45 GHz;;2789;2.2478886230409207;-45.91554492163682;-62.615544921636825;5.475773905589562e-10;0.1;5.475773905589562e-11;8.539862414450114e-10;;;;ORANGE;True
1787669542.2413468;4.094981561998793;Wi-Fi;Wi-Fi;2,4/5 GHz;wlan0;-35.0;;;;-35.0;3.162277660168379e-07;0.1;3.162277660168379e-08;1.0614232607093941e-06;;;;ROUGE;False
1787669542.3322248;4.185698084998876;Simulation RF;Détection RF large bande;868 MHz;868 MHz;;2475;1.994353784646814;-35.77415138587256;-68.77415138587256;1.326126218336032e-10;0.1;1.3261262183360321e-11;3.5123682430287636e-10;;;;ORANGE;True
1787669542.3324165;4.185698084998876;Simulation RF;Détection RF large bande;2,45 GHz;2,45 GHz;;2788;2.2465685875604713;-45.86274350241885;-62.56274350241885;5.542754583413637e-10;0.1;5.5427545834136375e-11;9.094137872791478e-10;;;;ORANGE;True
1787669542.3409464;4.194579204999172;Wi-Fi;Wi-Fi;2,4/5 GHz;wlan0;-35.0;;;;-35.0;3.162277660168379e-07;0.1;3.162277660168379e-08;1.093046037311078e-06;;;;ROUGE;False
1787669542.4322767;4.285779553998509;Simulation RF;Détection RF large bande;868 MHz;868 MHz;;2468;1.988614303565897;-35.54457214263587;-68.54457214263587;1.3981146477157673e-10;0.1;1.3981146477157673e-11;3.65217970780034e-10;;;;ORANGE;True
1787669542.4324405;4.285779553998509;Simulation RF;Détection RF large bande;2,45 GHz;2,45 GHz;;2806;2.2612010180325592;-46.44804072130236;-63.14804072130236;4.843908466714364e-10;0.1;4.843908466714364e-11;9.578528719462914e-10;;;;ORANGE;True
1787669542.4408202;4.294452751999415;Wi-Fi;Wi-Fi;2,4/5 GHz;wlan0;-35.0;;;;-35.0;3.162277660168379e-07;0.1;3.162277660168379e-08;1.1246688139127617e-06;;;;ROUGE;False
1787669542.532382;4.38585681999939;Simulation RF;Détection RF large bande;868 MHz;868 MHz;;2418;1.9484661310031475;-33.938645240125894;-66.9386452401259;2.02365034781376e-10;0.1;2.02365034781376e-11;3.8545447425817163e-10;;;;ORANGE;True
1787669542.532531;4.38585681999939;Simulation RF;Détection RF large bande;2,45 GHz;2,45 GHz;;2825;2.276825170233468;-47.07300680933871;-63.77300680933871;4.194684671940096e-10;0.1;4.1946846719400966e-11;9.997997186656923e-10;;;;ORANGE;True
1787669542.5409877;4.394620256998678;Wi-Fi;Wi-Fi;2,4/5 GHz;wlan0;-35.0;;;;-35.0;3.162277660168379e-07;0.1;3.162277660168379e-08;1.1562915905144455e-06;;;;ROUGE;False
1787669542.6324797;4.485939233998579;Simulation RF;Détection RF large bande;868 MHz;868 MHz;;2418;1.9485174546197255;-33.940698184789014;-66.94069818478901;2.0226939782096414e-10;0.1;2.0226939782096414e-11;4.05681414040268e-10;;;;ORANGE;True
1787669542.632635;4.485939233998579;Simulation RF;Détection RF large bande;2,45 GHz;2,45 GHz;;2827;2.2783168837899783;-47.13267535159913;-63.83267535159913;4.1374472025396037e-10;0.1;4.137447202539604e-11;1.0411741906910884e-09;;;;ORANGE;True
1787669542.6413167;4.494949814999927;Wi-Fi;Wi-Fi;2,4/5 GHz;wlan0;-35.0;;;;-35.0;3.162277660168379e-07;0.1;3.162277660168379e-08;1.1879143671161293e-06;;;;ROUGE;False
1787669542.7325096;4.5860042219992465;Simulation RF;Détection RF large bande;868 MHz;868 MHz;;2472;1.9920373140460101;-35.6814925618404;-68.6814925618404;1.3547237475657326e-10;0.1;1.3547237475657328e-11;4.1922865151592536e-10;;;;ORANGE;True
1787669542.732661;4.5860042219992465;Simulation RF;Détection RF large bande;2,45 GHz;2,45 GHz;;2782;2.2419488138600436;-45.67795255440174;-62.37795255440174;5.783686502834492e-10;0.1;5.783686502834492e-11;1.0990110557194333e-09;;;;ORANGE;True
1787669542.7422154;4.595849437999277;Wi-Fi;Wi-Fi;2,4/5 GHz;wlan0;-35.0;;;;-35.0;3.162277660168379e-07;0.1;3.162277660168379e-08;1.219537143717813e-06;;;;ROUGE;False
1787669542.8280485;4.681681611999011;BLE Sniffer;Appareil BLE;2,4 GHz BLE;7f:c4:af:1a:e1:07;-68.0;;;;-68.0;1.584893192461111e-10;0.00028;4.43770093889111e-14;4.43770093889111e-14;25;0x00;37;ORANGE;False
1787669542.832571;4.686085358000128;Simulation RF;Détection RF large bande;868 MHz;868 MHz;;2395;1.930070755109194;-33.20283020436776;-66.20283020436776;2.397270160111879e-10;0.1;2.3972701601118792e-11;4.432013531170441e-10;;;;ORANGE;True
1787669542.8327022;4.686085358000128;Simulation RF;Détection RF large bande;2,45 GHz;2,45 GHz;;2814;2.2680677615828513;-46.722710463314044;-63.42271046331404;4.54704187399327e-10;0.1;4.54704187399327e-11;1.144481474459366e-09;;;;ORANGE;True
1787669542.8412864;4.694918348999636;Wi-Fi;Wi-Fi;2,4/5 GHz;wlan0;-35.0;;;;-35.0;3.162277660168379e-07;0.1;3.162277660168379e-08;1.2511599203194969e-06;;;;ROUGE;False
1787669542.932653;4.786163974998999;Simulation RF;Détection RF large bande;868 MHz;868 MHz;;2413;1.9443282869101257;-33.77313147640503;-66.77313147640503;2.1022620589973625e-10;0.1;2.1022620589973627e-11;4.6422397370701775e-10;;;;ORANGE;True
1787669542.932796;4.786163974998999;Simulation RF;Détection RF large bande;2,45 GHz;2,45 GHz;;2796;2.253266482222489;-46.13065928889955;-62.83065928889955;5.211155961677769e-10;0.1;5.211155961677769e-11;1.1965930340761436e-09;;;;ORANGE;True
1787669542.9414828;4.795115427999917;Wi-Fi;Wi-Fi;2,4/5 GHz;wlan0;-34.0;;;;-34.0;3.981071705534969e-07;0.1;3.9810717055349696e-08;1.2909706373748465e-06;;;;ROUGE;False
1787669543.0303874;4.884019497998452;BLE Sniffer;iBeacon;2,4 GHz BLE;64:d1:2e:b5:04:2d;-63.0;;;;-63.0;5.011872336272714e-10;0.000368;1.8443690197483588e-13;1.8443690197483588e-13;36;0x00;38;ORANGE;False
1787669543.0304542;4.884085701000004;BLE Sniffer;iBeacon;2,4 GHz BLE;64:d1:2e:b5:04:2d;-67.0;;;;-67.0;1.9952623149688828e-10;0.000368;7.342565319085489e-14;2.5786255516569075e-13;36;0x00;39;ORANGE;False
1787669543.0305257;4.884157384998616;Simulation LoRa;LoRa;868 MHz;LoRa 868.100 MHz;-86.21711062188707;;;;-86.21711062188707;2.3894004316400083e-12;0.041216;9.84815281904746e-14;2.8559947022061183e-13;12;"SNR=7.48;SF=7;BW=125.0;CR=4/5;F=868.100;CRC=OK;PAYLOAD=54454d504f5f4c4f52415f34";7;VERT;True
1787669543.032715;4.886241444999541;Simulation RF;Détection RF large bande;868 MHz;868 MHz;;2396;1.9306725926366006;-33.226903705464025;-66.22690370546403;2.38401854525547e-10;0.1;2.3840185452554703e-11;4.880641591595725e-10;;;;ORANGE;True
1787669543.032847;4.886241444999541;Simulation RF;Détection RF large bande;2,45 GHz;2,45 GHz;;2808;2.262663145631248;-46.50652582524991;-63.206525825249905;4.779114299973578e-10;0.1;4.7791142999735785e-11;1.2443841770758793e-09;;;;ORANGE;True
1787669543.0424306;4.896063549998871;Wi-Fi;Wi-Fi;2,4/5 GHz;wlan0;-34.0;;;;-34.0;3.981071705534969e-07;0.1;3.9810717055349696e-08;1.3307813544301961e-06;;;;ROUGE;False
1787669543.1320791;4.9857125529997575;BLE Sniffer;Appareil BLE;2,4 GHz BLE;7f:c4:af:1a:e1:07;-66.0;;;;-66.0;2.511886431509582e-10;0.00028;7.03328200822683e-14;1.147098294711794e-13;25;0x00;37;ORANGE;False
1787669543.1327915;4.986314525000125;Simulation RF;Détection RF large bande;868 MHz;868 MHz;;2338;1.884301066529426;-31.372042661177034;-64.37204266117703;3.654228781479025e-10;0.1;3.6542287814790254e-11;5.246064469743628e-10;;;;ORANGE;True
1787669543.1329265;4.986314525000125;Simulation RF;Détection RF large bande;2,45 GHz;2,45 GHz;;2734;2.203304906675466;-44.13219626701864;-60.832196267018645;8.256203202199239e-10;0.1;8.25620320219924e-11;1.3269462090978718e-09;;;;ORANGE;True
1787669543.1414783;4.995111090998762;Wi-Fi;Wi-Fi;2,4/5 GHz;wlan0;-34.0;;;;-34.0;3.981071705534969e-07;0.1;3.9810717055349696e-08;1.3705920714855457e-06;;;;ROUGE;False
1787669543.233545;5.086488177999854;Simulation RF;Détection RF large bande;868 MHz;868 MHz;;2327;1.8750848758017888;-31.003395032071552;-64.00339503207155;3.977960778469172e-10;0.1;3.977960778469172e-11;5.643860547590544e-10;;;;ORANGE;True
1787669543.233675;5.086488177999854;Simulation RF;Détection RF large bande;2,45 GHz;2,45 GHz;;2747;2.213347712321063;-44.53390849284253;-61.23390849284253;7.526778760393144e-10;0.1;7.526778760393144e-11;1.4022139967018033e-09;;;;ORANGE;True
1787669543.2423072;5.095939566999732;Wi-Fi;Wi-Fi;2,4/5 GHz;wlan0;-34.0;;;;-34.0;3.981071705534969e-07;0.1;3.9810717055349696e-08;1.4104027885408954e-06;;;;ROUGE;False
1787669543.3331404;5.186577425998621;Simulation RF;Détection RF large bande;868 MHz;868 MHz;;2364;1.905164053108803;-32.20656212435212;-65.20656212435212;3.01539206439223e-10;0.1;3.0153920643922304e-11;5.945399754029767e-10;;;;ORANGE;True
1787669543.333301;5.186577425998621;Simulation RF;Détection RF large bande;2,45 GHz;2,45 GHz;;2800;2.2561770219762285;-46.247080879049136;-62.94708087904913;5.073315978676757e-10;0.1;5.073315978676757e-11;1.452947156488571e-09;;;;ORANGE;True
1787669543.3340495;5.187682204999874;BLE Sniffer;iBeacon;2,4 GHz BLE;64:d1:2e:b5:04:2d;-63.0;;;;-63.0;5.011872336272714e-10;0.000368;1.8443690197483588e-13;4.422994571405266e-13;36;0x00;38;ORANGE;False
1787669543.3342664;5.187897941999836;BLE Sniffer;iBeacon;2,4 GHz BLE;64:d1:2e:b5:04:2d;-66.0;;;;-66.0;2.511886431509582e-10;0.000368;9.243742067955262e-14;5.347368778200793e-13;36;0x00;39;ORANGE;False
1787669543.3435273;5.197160685998824;Wi-Fi;Wi-Fi;2,4/5 GHz;wlan0;-33.0;;;;-33.0;5.011872336272725e-07;0.1;5.011872336272725e-08;1.4605215119036226e-06;;;;ROUGE;False
1787669543.4332056;5.286658487999375;Simulation RF;Détection RF large bande;868 MHz;868 MHz;;2389;1.925047108631789;-33.00188434527156;-66.00188434527156;2.5107967942204963e-10;0.1;2.5107967942204963e-11;6.196479433451817e-10;;;;ORANGE;True
1787669543.4333506;5.286658487999375;Simulation RF;Détection RF large bande;2,45 GHz;2,45 GHz;;2787;2.245693193642326;-45.827727745693025;-62.52772774569302;5.587624660841893e-10;0.1;5.587624660841893e-11;1.5088234030969899e-09;;;;ORANGE;True
1787669543.4356694;5.289303278999796;BLE Sniffer;Appareil BLE;2,4 GHz BLE;7f:c4:af:1a:e1:07;-66.0;;;;-66.0;2.511886431509582e-10;0.00028;7.03328200822683e-14;1.8504264955344768e-13;25;0x00;37;ORANGE;False
1787669543.4421184;5.29575154899976;Wi-Fi;Wi-Fi;2,4/5 GHz;wlan0;-33.0;;;;-33.0;5.011872336272725e-07;0.1;5.011872336272725e-08;1.5106402352663499e-06;;;;ROUGE;False
1787669543.5333078;5.386744715999157;Simulation RF;Détection RF large bande;868 MHz;868 MHz;;2422;1.9520809844483964;-34.083239377935854;-67.08323937793585;1.9573841271360732e-10;0.1;1.9573841271360733e-11;6.392217846165424e-10;;;;ORANGE;True
1787669543.5334692;5.386744715999157;Simulation RF;Détection RF large bande;2,45 GHz;2,45 GHz;;2795;2.2527053659582905;-46.10821463833162;-62.80821463833161;5.238157302087002e-10;0.1;5.2381573020870026e-11;1.5612049761178598e-09;;;;ORANGE;True
1787669543.5424564;5.396089050998853;Wi-Fi;Wi-Fi;2,4/5 GHz;wlan0;-33.0;;;;-33.0;5.011872336272725e-07;0.1;5.011872336272725e-08;1.5607589586290771e-06;;;;ROUGE;False
1787669543.633382;5.4868301110000175;Simulation RF;Détection RF large bande;868 MHz;868 MHz;;2319;1.8685862378416123;-30.743449513664487;-63.74344951366449;4.223330303832429e-10;0.1;4.223330303832429e-11;6.814550876548667e-10;;;;ORANGE;True
1787669543.633532;5.4868301110000175;Simulation RF;Détection RF large bande;2,45 GHz;2,45 GHz;;2808;2.2625215661816287;-46.50086264726515;-63.20086264726515;4.785350305722288e-10;0.1;4.785350305722289e-11;1.6090584791750826e-09;;;;ORANGE;True
1787669543.6379175;5.491551314999015;BLE Sniffer;iBeacon;2,4 GHz BLE;64:d1:2e:b5:04:2d;-63.0;;;;-63.0;5.011872336272714e-10;0.000368;1.8443690197483588e-13;7.191737797949151e-13;36;0x00;38;ORANGE;False
1787669543.638347;5.4919787339986215;BLE Sniffer;iBeacon;2,4 GHz BLE;64:d1:2e:b5:04:2d;-67.0;;;;-67.0;1.9952623149688828e-10;0.000368;7.342565319085489e-14;7.9259943298577e-13;36;0x00;39;ORANGE;False
1787669543.6387706;5.492402912999751;BLE Sniffer;Appareil BLE;2,4 GHz BLE;7f:c4:af:1a:e1:07;-67.0;;;;-67.0;1.9952623149688828e-10;0.00028;5.5867344819128714e-14;2.4090999437257637e-13;25;0x00;37;ORANGE;False
1787669543.6422515;5.495884728999954;Wi-Fi;Wi-Fi;2,4/5 GHz;wlan0;-33.0;;;;-33.0;5.011872336272725e-07;0.1;5.011872336272725e-08;1.6108776819918044e-06;;;;ROUGE;False
1787669543.7334588;5.5869137099998625;Simulation RF;Détection RF large bande;868 MHz;868 MHz;;2396;1.9311712129292655;-33.24684851717062;-66.24684851717062;2.373095131104591e-10;0.1;2.3730951311045913e-11;7.051860389659126e-10;;;;ORANGE;True
1787669543.7336092;5.5869137099998625;Simulation RF;Détection RF large bande;2,45 GHz;2,45 GHz;;2830;2.280874137362942;-47.23496549451768;-63.934965494517684;4.041135852562828e-10;0.1;4.041135852562828e-11;1.6494698377007109e-09;;;;ORANGE;True
1787669543.7400355;5.593668845000138;BLE Sniffer;Appareil BLE;2,4 GHz BLE;7f:c4:af:1a:e1:27;-75.0;;;;-75.0;3.1622776601683794e-11;0.00028;8.854377448471461e-15;8.854377448471461e-15;25;0x00;38;VERT;False
1787669543.7401104;5.593741714999851;BLE Sniffer;Appareil BLE;2,4 GHz BLE;7f:c4:af:1a:e1:07;-69.0;;;;-69.0;1.2589254117941662e-10;0.00028;3.524991153023665e-14;2.76159905902813e-13;25;0x00;39;ORANGE;False
1787669543.742685;5.596317525998529;Wi-Fi;Wi-Fi;2,4/5 GHz;wlan0;-33.0;;;;-33.0;5.011872336272725e-07;0.1;5.011872336272725e-08;1.6609964053545316e-06;;;;ROUGE;False
1787669543.8335397;5.686992309998459;Simulation RF;Détection RF large bande;868 MHz;868 MHz;;2407;1.9393951189096108;-33.57580475638443;-66.57580475638443;2.199984010415781e-10;0.1;2.199984010415781e-11;7.271858790700704e-10;;;;ORANGE;True
1787669543.8336906;5.686992309998459;Simulation RF;Détection RF large bande;2,45 GHz;2,45 GHz;;2863;2.3071190479866437;-48.28476191946575;-64.98476191946575;3.173392624670181e-10;0.1;3.173392624670181e-11;1.6812037639474127e-09;;;;ORANGE;True
1787669543.8422294;5.695861762998902;Wi-Fi;Wi-Fi;2,4/5 GHz;wlan0;-33.0;;;;-33.0;5.011872336272725e-07;0.1;5.011872336272725e-08;1.7111151287172589e-06;;;;ROUGE;False
1787669543.8428338;5.696465827999418;BLE Sniffer;iBeacon;2,4 GHz BLE;64:d1:2e:b5:04:2d;-64.0;;;;-64.0;3.9810717055349694e-10;0.000368;1.4650343876368688e-13;9.391028717494568e-13;36;0x00;37;ORANGE;False
1787669543.9336362;5.787077371998748;Simulation RF;Détection RF large bande;868 MHz;868 MHz;;2307;1.8593659019684015;-30.374636078736053;-63.37463607873605;4.597655134128641e-10;0.1;4.597655134128641e-11;7.731624304113568e-10;;;;ORANGE;True
1787669543.9337995;5.787077371998748;Simulation RF;Détection RF large bande;2,45 GHz;2,45 GHz;;2784;2.2436999433277585;-45.74799773311034;-62.44799773311034;5.691152546902144e-10;0.1;5.6911525469021445e-11;1.7381152894164341e-09;;;;ORANGE;True
1787669543.9440322;5.7976658349998615;BLE Sniffer;iBeacon;2,4 GHz BLE;64:d1:2e:b5:04:2d;-63.0;;;;-63.0;5.011872336272714e-10;0.000368;1.8443690197483588e-13;1.1235397737242928e-12;36;0x00;38;ORANGE;False
1787669543.9441175;5.797749000999829;BLE Sniffer;iBeacon;2,4 GHz BLE;64:d1:2e:b5:04:2d;-66.0;;;;-66.0;2.511886431509582e-10;0.000368;9.243742067955262e-14;1.2159771944038453e-12;36;0x00;39;ORANGE;False
1787669543.944159;5.797790369999348;BLE Sniffer;Appareil BLE;2,4 GHz BLE;7f:c4:af:1a:e1:07;-66.0;;;;-66.0;2.511886431509582e-10;0.00028;7.03328200822683e-14;3.464927259850813e-13;25;0x00;37;ORANGE;False
1787669543.9466636;5.800296386998525;Wi-Fi;Wi-Fi;2,4/5 GHz;wlan0;-32.0;;;;-32.0;6.30957344480193e-07;0.1;6.30957344480193e-08;1.7742108631652782e-06;;;;ROUGE;False
1787669544.0336785;5.887153136998677;Simulation RF;Détection RF large bande;868 MHz;868 MHz;;2540;2.0464987666467365;-37.85995066586945;-70.85995066586945;8.203608632509065e-11;0.1;8.203608632509066e-12;7.813660390438659e-10;;;;VERT;True
1787669544.033814;5.887153136998677;Simulation RF;Détection RF large bande;2,45 GHz;2,45 GHz;;2813;2.2666508874587974;-46.66603549835189;-63.36603549835189;4.6067691533484407e-10;0.1;4.606769153348441e-11;1.7841829809499185e-09;;;;ORANGE;True
1787669544.0422914;5.89592372199877;Wi-Fi;Wi-Fi;2,4/5 GHz;wlan0;-32.0;;;;-32.0;6.30957344480193e-07;0.1;6.30957344480193e-08;1.8373065976132975e-06;;;;ROUGE;False
1787669544.0461717;5.899804384000163;Simulation LoRa;LoRa;868 MHz;LoRa 868.100 MHz;-86.35731332409297;;;;-86.35731332409297;2.3134955453004437e-12;0.041216;9.53530323951031e-14;3.809525026157149e-13;12;"SNR=5.53;SF=7;BW=125.0;CR=4/5;F=868.100;CRC=OK;PAYLOAD=54454d504f5f4c4f52415f35";7;VERT;True
1787669544.1337976;5.987237291999918;Simulation RF;Détection RF large bande;868 MHz;868 MHz;;2444;1.9696216300400597;-34.784865201602386;-67.78486520160239;1.6653805178595418e-10;0.1;1.665380517859542e-11;7.980198442224613e-10;;;;ORANGE;True
1787669544.1339521;5.987237291999918;Simulation RF;Détection RF large bande;2,45 GHz;2,45 GHz;;2804;2.259548905098608;-46.38195620394433;-63.08195620394433;4.918179549394128e-10;0.1;4.918179549394128e-11;1.8333647764438597e-09;;;;ORANGE;True
1787669544.1430135;5.996645625999008;Wi-Fi;Wi-Fi;2,4/5 GHz;wlan0;-32.0;;;;-32.0;6.30957344480193e-07;0.1;6.30957344480193e-08;1.9004023320613168e-06;;;;ROUGE;False
1787669544.1472013;6.000833356998555;BLE Sniffer;iBeacon;2,4 GHz BLE;64:d1:2e:b5:04:2d;-63.0;;;;-63.0;5.011872336272714e-10;0.000368;1.8443690197483588e-13;1.4004140963786813e-12;36;0x00;38;ORANGE;False
1787669544.1472566;6.000888059999852;BLE Sniffer;iBeacon;2,4 GHz BLE;64:d1:2e:b5:04:2d;-66.0;;;;-66.0;2.511886431509582e-10;0.000368;9.243742067955262e-14;1.4928515170582338e-12;36;0x00;39;ORANGE;False
1787669544.233876;6.087328261999573;Simulation RF;Détection RF large bande;868 MHz;868 MHz;;2395;1.9298291366108797;-33.19316546443518;-66.19316546443518;2.4026109582920237e-10;0.1;2.402610958292024e-11;8.220459538053816e-10;;;;ORANGE;True
1787669544.234023;6.087328261999573;Simulation RF;Détection RF large bande;2,45 GHz;2,45 GHz;;2791;2.2491250965596437;-45.96500386238574;-62.66500386238574;5.413767664105726e-10;0.1;5.413767664105726e-11;1.887502453084917e-09;;;;ORANGE;True
1787669544.2425208;6.096153845999652;Wi-Fi;Wi-Fi;2,4/5 GHz;wlan0;-32.0;;;;-32.0;6.30957344480193e-07;0.1;6.30957344480193e-08;1.963498066509336e-06;;;;ROUGE;False
1787669544.2486668;6.102298970999982;BLE Sniffer;Appareil BLE;2,4 GHz BLE;7f:c4:af:1a:e1:07;-67.0;;;;-67.0;1.9952623149688828e-10;0.00028;5.5867344819128714e-14;4.0236007080421e-13;25;0x00;37;ORANGE;False
1787669544.3339725;6.187416637998467;Simulation RF;Détection RF large bande;868 MHz;868 MHz;;2346;1.890800790392293;-31.632031615691716;-64.63203161569172;3.441888826392604e-10;0.1;3.441888826392604e-11;8.564648420693076e-10;;;;ORANGE;True
1787669544.3341298;6.187416637998467;Simulation RF;Détection RF large bande;2,45 GHz;2,45 GHz;;2785;2.2443418492324416;-45.77367396929766;-62.47367396929766;5.657604742822906e-10;0.1;5.657604742822906e-11;1.944078500513146e-09;;;;ORANGE;True
1787669544.3431082;6.196740269999282;Wi-Fi;Wi-Fi;2,4/5 GHz;wlan0;-32.0;;;;-32.0;6.30957344480193e-07;0.1;6.30957344480193e-08;2.0265938009573553e-06;;;;ROUGE;False
1787669544.4340394;6.28749625599994;Simulation RF;Détection RF large bande;868 MHz;868 MHz;;2264;1.8243794826018025;-28.9751793040721;-61.9751793040721;6.345737012476343e-10;0.1;6.345737012476343e-11;9.19922212194071e-10;;;;ORANGE;True
1787669544.4341824;6.28749625599994;Simulation RF;Détection RF large bande;2,45 GHz;2,45 GHz;;2811;2.265041918345668;-46.60167673382672;-63.301676733826724;4.675545919158258e-10;0.1;4.6755459191582576e-11;1.990833959704729e-09;;;;ORANGE;True
1787669544.4427304;6.296362727998712;Wi-Fi;Wi-Fi;2,4/5 GHz;wlan0;-32.0;;;;-32.0;6.30957344480193e-07;0.1;6.30957344480193e-08;2.0896895354053746e-06;;;;ROUGE;False
1787669544.4509456;6.304578691999268;BLE Sniffer;iBeacon;2,4 GHz BLE;64:d1:2e:b5:04:2d;-63.0;;;;-63.0;5.011872336272714e-10;0.000368;1.8443690197483588e-13;1.6772884190330698e-12;36;0x00;38;ORANGE;False
1787669544.451017;6.30464843199843;BLE Sniffer;iBeacon;2,4 GHz BLE;64:d1:2e:b5:04:2d;-67.0;;;;-67.0;1.9952623149688828e-10;0.000368;7.342565319085489e-14;1.7507140722239246e-12;36;0x00;39;ORANGE;False
1787669544.5341504;6.387586576998729;Simulation RF;Détection RF large bande;868 MHz;868 MHz;;2373;1.9122069112427384;-32.48827644970953;-65.48827644970953;2.8260012852610414e-10;0.1;2.8260012852610414e-11;9.481822250466813e-10;;;;ORANGE;True
1787669544.5343084;6.387586576998729;Simulation RF;Détection RF large bande;2,45 GHz;2,45 GHz;;2768;2.230237453726045;-45.20949814904179;-61.90949814904179;6.442437070877865e-10;0.1;6.442437070877865e-11;2.0552583304135076e-09;;;;ORANGE;True
1787669544.5431633;6.396795877999466;Wi-Fi;Wi-Fi;2,4/5 GHz;wlan0;-32.0;;;;-32.0;6.30957344480193e-07;0.1;6.30957344480193e-08;2.152785269853394e-06;;;;ROUGE;False
1787669544.5524695;6.406102046999877;BLE Sniffer;Appareil BLE;2,4 GHz BLE;7f:c4:af:1a:e1:07;-67.0;;;;-67.0;1.9952623149688828e-10;0.00028;5.5867344819128714e-14;4.582274156233388e-13;25;0x00;37;ORANGE;False
1787669544.6342278;6.487670972999695;Simulation RF;Détection RF large bande;868 MHz;868 MHz;;2352;1.8956141618866766;-31.824566475467066;-64.82456647546707;3.2926331965073603e-10;0.1;3.29263319650736e-11;9.81108557011755e-10;;;;ORANGE;True
1787669544.6343796;6.487670972999695;Simulation RF;Détection RF large bande;2,45 GHz;2,45 GHz;;2762;2.225519796014406;-45.02079184057624;-61.72079184057624;6.728539649612515e-10;0.1;6.728539649612516e-11;2.122543726909633e-09;;;;ORANGE;True
1787669544.6429293;6.496562962998723;Wi-Fi;Wi-Fi;2,4/5 GHz;wlan0;-32.0;;;;-32.0;6.30957344480193e-07;0.1;6.30957344480193e-08;2.2158810043014132e-06;;;;ROUGE;False
1787669544.7342994;6.587754108999434;Simulation RF;Détection RF large bande;868 MHz;868 MHz;;2447;1.9716919422945407;-34.86767769178162;-67.86767769178162;1.6339254252856378e-10;0.1;1.633925425285638e-11;9.974478112646114e-10;;;;ORANGE;True
1787669544.734432;6.587754108999434;Simulation RF;Détection RF large bande;2,45 GHz;2,45 GHz;;2766;2.229086983328954;-45.16347933315815;-61.86347933315815;6.511065535993451e-10;0.1;6.511065535993452e-11;2.1876543822695674e-09;;;;ORANGE;True
1787669544.7430258;6.596658469999966;Wi-Fi;Wi-Fi;2,4/5 GHz;wlan0;-32.0;;;;-32.0;6.30957344480193e-07;0.1;6.30957344480193e-08;2.2789767387494325e-06;;;;ROUGE;False
1787669544.7548306;6.608462747999511;BLE Sniffer;iBeacon;2,4 GHz BLE;64:d1:2e:b5:04:2d;-63.0;;;;-63.0;5.011872336272714e-10;0.000368;1.8443690197483588e-13;1.9351509741987605e-12;36;0x00;38;ORANGE;False
1787669544.7548866;6.608518153998375;BLE Sniffer;iBeacon;2,4 GHz BLE;64:d1:2e:b5:04:2d;-66.0;;;;-66.0;2.511886431509582e-10;0.000368;9.243742067955262e-14;2.027588394878313e-12;36;0x00;39;ORANGE;False
1787669544.7549264;6.608557782999924;BLE Sniffer;Appareil BLE;2,4 GHz BLE;7f:c4:af:1a:e1:07;-67.0;;;;-67.0;1.9952623149688828e-10;0.00028;5.5867344819128714e-14;5.140947604424675e-13;25;0x00;37;ORANGE;False
1787669544.834391;6.687837707999279;Simulation RF;Détection RF large bande;868 MHz;868 MHz;;2411;1.9428909111818968;-33.71563644727587;-66.71563644727587;2.1302783579097896e-10;0.1;2.1302783579097897e-11;1.0187505948437093e-09;;;;ORANGE;True
1787669544.8345392;6.687837707999279;Simulation RF;Détection RF large bande;2,45 GHz;2,45 GHz;;2763;2.2263040869420467;-45.05216347768186;-61.75216347768186;6.680110588486434e-10;0.1;6.680110588486434e-11;2.2544554881544315e-09;;;;ORANGE;True
1787669544.8431246;6.696757586998501;Wi-Fi;Wi-Fi;2,4/5 GHz;wlan0;-32.0;;;;-32.0;6.30957344480193e-07;0.1;6.30957344480193e-08;2.342072473197452e-06;;;;ROUGE;False
1787669544.856636;6.7102689309995185;BLE Sniffer;Appareil BLE;2,4 GHz BLE;7f:d4:af:1a:e5:07;-75.0;;;;-75.0;3.1622776601683794e-11;0.00028;8.854377448471461e-15;8.854377448471461e-15;25;0x00;38;VERT;False
1787669544.8567111;6.710342614998808;BLE Sniffer;Appareil BLE;2,4 GHz BLE;7f:c4:af:1a:e1:07;-69.0;;;;-69.0;1.2589254117941662e-10;0.00028;3.524991153023665e-14;5.493446719727042e-13;25;0x00;39;ORANGE;False
1787669544.9361722;6.788126785999339;Simulation RF;Détection RF large bande;868 MHz;868 MHz;;2356;1.8988955556478588;-31.955822225914346;-64.95582222591435;3.1946094896642293e-10;0.1;3.1946094896642294e-11;1.0506966897403516e-09;;;;ORANGE;True
1787669544.9365826;6.788126785999339;Simulation RF;Détection RF large bande;2,45 GHz;2,45 GHz;;2768;2.2309086585216678;-45.2363463408667;-61.936346340866706;6.402732619645596e-10;0.1;6.402732619645596e-11;2.3184828143508872e-09;;;;ORANGE;True
1787669544.9459665;6.799598975998379;Wi-Fi;Wi-Fi;2,4/5 GHz;wlan0;-32.0;;;;-32.0;6.30957344480193e-07;0.1;6.30957344480193e-08;2.405168207645471e-06;;;;ROUGE;False
1787669545.034749;6.888203384998633;Simulation RF;Détection RF large bande;868 MHz;868 MHz;;2427;1.9561043951619999;-34.24417580647999;-67.24417580647999;1.886176889595865e-10;0.1;1.886176889595865e-11;1.0695584586363102e-09;;;;ORANGE;True
1787669545.0348835;6.888203384998633;Simulation RF;Détection RF large bande;2,45 GHz;2,45 GHz;;2794;2.2517409530012076;-46.069638120048296;-62.7696381200483;5.284892868061892e-10;0.1;5.284892868061892e-11;2.3713317430315063e-09;;;;ORANGE;True
1787669545.0434196;6.897052319998693;Wi-Fi;Wi-Fi;2,4/5 GHz;wlan0;-32.0;;;;-32.0;6.30957344480193e-07;0.1;6.30957344480193e-08;2.4682639420934904e-06;;;;ROUGE;False
1787669545.0594382;6.913072403000115;BLE Sniffer;iBeacon;2,4 GHz BLE;64:d1:2e:b5:04:2d;-64.0;;;;-64.0;3.9810717055349694e-10;0.000368;1.4650343876368688e-13;2.174091833642e-12;36;0x00;37;ORANGE;False
1787669545.0595381;6.9131699569989;BLE Sniffer;iBeacon;2,4 GHz BLE;64:d1:2e:b5:04:2d;-63.0;;;;-63.0;5.011872336272714e-10;0.000368;1.8443690197483588e-13;2.358528735616836e-12;36;0x00;38;ORANGE;False
1787669545.0595818;6.913213085999814;BLE Sniffer;iBeacon;2,4 GHz BLE;64:d1:2e:b5:04:2d;-66.0;;;;-66.0;2.511886431509582e-10;0.000368;9.243742067955262e-14;2.4509661562963884e-12;36;0x00;39;ORANGE;False
1787669545.0596776;6.913309491999826;Simulation LoRa;LoRa;868 MHz;LoRa 868.100 MHz;-86.80786438644682;;;;-86.80786438644682;2.0855161693684373e-12;0.041216;8.595663443668951e-14;4.669091370524044e-13;12;"SNR=7.98;SF=7;BW=125.0;CR=4/5;F=868.100;CRC=OK;PAYLOAD=54454d504f5f4c4f52415f36";7;VERT;True
1787669545.0597303;6.913361601998986;BLE Sniffer;Appareil BLE;2,4 GHz BLE;7f:c4:af:1a:e1:07;-66.0;;;;-66.0;2.511886431509582e-10;0.00028;7.03328200822683e-14;6.196774920549724e-13;25;0x00;37;ORANGE;False
1787669545.1367033;6.988284965998901;Simulation RF;Détection RF large bande;868 MHz;868 MHz;;2367;1.9072879158781295;-32.29151663512518;-65.29151663512518;2.956979655279495e-10;0.1;2.956979655279495e-11;1.0991282551891052e-09;;;;ORANGE;True
1787669545.139051;6.988284965998901;Simulation RF;Détection RF large bande;2,45 GHz;2,45 GHz;;2827;2.2777925950235516;-47.11170380094207;-63.81170380094206;4.1574747466455046e-10;0.1;4.157474746645505e-11;2.4129064904979615e-09;;;;ORANGE;True
1787669545.14787;7.001503276998847;Wi-Fi;Wi-Fi;2,4/5 GHz;wlan0;-32.0;;;;-32.0;6.30957344480193e-07;0.1;6.30957344480193e-08;2.5313596765415097e-06;;;;ROUGE;False
1787669545.234917;7.088368601998809;Simulation RF;Détection RF large bande;868 MHz;868 MHz;;2426;1.9552867188037806;-34.21146875215122;-67.21146875215122;1.9004354578682497e-10;0.1;1.9004354578682498e-11;1.1181326097677876e-09;;;;ORANGE;True
1787669545.2350671;7.088368601998809;Simulation RF;Détection RF large bande;2,45 GHz;2,45 GHz;;2788;2.246834171522616;-45.873366860904625;-62.57336686090462;5.529212916854361e-10;0.1;5.529212916854361e-11;2.468198619666505e-09;;;;ORANGE;True
1787669545.2436955;7.097328146999644;Wi-Fi;Wi-Fi;2,4/5 GHz;wlan0;-32.0;;;;-32.0;6.30957344480193e-07;0.1;6.30957344480193e-08;2.594455410989529e-06;;;;ROUGE;False
1787669545.2642488;7.11788169600004;BLE Sniffer;iBeacon;2,4 GHz BLE;64:d1:2e:b5:04:2d;-62.0;;;;-62.0;6.309573444801942e-10;0.000368;2.321923027687115e-13;2.6831584590650998e-12;36;0x00;38;ORANGE;False
1787669545.3406663;7.1884641269989515;Simulation RF;Détection RF large bande;868 MHz;868 MHz;;2413;1.9449107538327437;-33.79643015330974;-66.79643015330974;2.0910142123430402e-10;0.1;2.0910142123430405e-11;1.139042751891218e-09;;;;ORANGE;True
1787669545.3438954;7.1884641269989515;Simulation RF;Détection RF large bande;2,45 GHz;2,45 GHz;;2767;2.2301156800616635;-45.20462720246654;-61.904627202466536;6.449666813056842e-10;0.1;6.449666813056843e-11;2.5326952877970733e-09;;;;ORANGE;True
1787669545.3546877;7.208320482999625;Wi-Fi;Wi-Fi;2,4/5 GHz;wlan0;-32.0;;;;-32.0;6.30957344480193e-07;0.1;6.30957344480193e-08;2.6575511454375483e-06;;;;ROUGE;False
1787669545.3649704;7.218604376999792;BLE Sniffer;Appareil BLE;2,4 GHz BLE;7f:c4:af:1a:e1:07;-69.0;;;;-69.0;1.2589254117941662e-10;0.00028;3.524991153023665e-14;6.549274035852091e-13;25;0x00;39;ORANGE;False
1787669545.4351048;7.288551633999305;Simulation RF;Détection RF large bande;868 MHz;868 MHz;;2348;1.8922349293046716;-31.689397172186858;-64.68939717218686;3.3967241796729924e-10;0.1;3.3967241796729926e-11;1.173009993687948e-09;;;;ORANGE;True
1787669545.4352553;7.288551633999305;Simulation RF;Détection RF large bande;2,45 GHz;2,45 GHz;;2821;2.2737270307375597;-46.94908122950238;-63.64908122950238;4.316103763845566e-10;0.1;4.3161037638455666e-11;2.575856325435529e-09;;;;ORANGE;True
1787669545.443847;7.297479308999755;Wi-Fi;Wi-Fi;2,4/5 GHz;wlan0;-32.0;;;;-32.0;6.30957344480193e-07;0.1;6.30957344480193e-08;2.7206468798855676e-06;;;;ROUGE;False
1787669545.4664934;7.320125805999851;BLE Sniffer;Appareil BLE;2,4 GHz BLE;d3:23:2f:4d:3e:b1;-80.0;;;;-80.0;1e-11;0.000376;3.7599999999999996e-15;3.7599999999999996e-15;37;0x00;37;VERT;False
1787669545.5351806;7.388638602998981;Simulation RF;Détection RF large bande;868 MHz;868 MHz;;2369;1.9091728570091655;-32.366914280366615;-65.36691428036661;2.906086734093046e-10;0.1;2.9060867340930458e-11;1.2020708610288783e-09;;;;ORANGE;True
1787669545.535338;7.388638602998981;Simulation RF;Détection RF large bande;2,45 GHz;2,45 GHz;;2784;2.2438419354141543;-45.75367741656616;-62.45367741656616;5.683714548270252e-10;0.1;5.683714548270252e-11;2.6326934709182316e-09;;;;ORANGE;True
1787669545.5500991;7.403731570999298;Wi-Fi;Wi-Fi;2,4/5 GHz;wlan0;-32.0;;;;-32.0;6.30957344480193e-07;0.1;6.30957344480193e-08;2.783742614333587e-06;;;;ROUGE;False
1787669545.5679047;7.421537661999537;BLE Sniffer;iBeacon;2,4 GHz BLE;64:d1:2e:b5:04:2d;-63.0;;;;-63.0;5.011872336272714e-10;0.000368;1.8443690197483588e-13;2.8675953610399355e-12;36;0x00;38;ORANGE;False
1787669545.568713;7.422344871998575;BLE Sniffer;iBeacon;2,4 GHz BLE;64:d1:2e:b5:04:2d;-66.0;;;;-66.0;2.511886431509582e-10;0.000368;9.243742067955262e-14;2.960032781719488e-12;36;0x00;39;ORANGE;False
1787669545.6352658;7.488718146998508;Simulation RF;Détection RF large bande;868 MHz;868 MHz;;2349;1.8927639280922675;-31.71055712369069;-64.71055712369069;3.380214711951446e-10;0.1;3.380214711951446e-11;1.2358730081483928e-09;;;;ORANGE;True
1787669545.6354055;7.488718146998508;Simulation RF;Détection RF large bande;2,45 GHz;2,45 GHz;;2857;2.302228918067209;-48.089156722688344;-64.78915672268835;3.319589083461725e-10;0.1;3.319589083461725e-11;2.665889361752849e-09;;;;ORANGE;True
1787669545.6439152;7.497547286999179;Wi-Fi;Wi-Fi;2,4/5 GHz;wlan0;-32.0;;;;-32.0;6.30957344480193e-07;0.1;6.30957344480193e-08;2.846838348781606e-06;;;;ROUGE;False
1787669545.669702;7.523335271998803;BLE Sniffer;Appareil BLE;2,4 GHz BLE;7f:c4:af:1a:e1:07;-66.0;;;;-66.0;2.511886431509582e-10;0.00028;7.03328200822683e-14;7.252602236674774e-13;25;0x00;37;ORANGE;False
1787669545.669776;7.523407492999468;BLE Sniffer;Appareil BLE;2,4 GHz BLE;7f:c4:af:1a:e1:07;-75.0;;;;-75.0;3.1622776601683794e-11;0.00028;8.854377448471461e-15;7.341146011159489e-13;25;0x00;38;VERT;False
1787669545.6698146;7.523445862998415;BLE Sniffer;Appareil BLE;2,4 GHz BLE;7f:c4:af:1a:e1:07;-69.0;;;;-69.0;1.2589254117941662e-10;0.00028;3.524991153023665e-14;7.693645126461855e-13;25;0x00;39;ORANGE;False
1787669545.7354443;7.588858819999587;Simulation RF;Détection RF large bande;868 MHz;868 MHz;;2317;1.8670824325659758;-30.683297302639026;-63.683297302639026;4.282232761348744e-10;0.1;4.282232761348744e-11;1.2786953357618802e-09;;;;ORANGE;True
1787669545.7356675;7.588858819999587;Simulation RF;Détection RF large bande;2,45 GHz;2,45 GHz;;2843;2.2910289016070187;-47.641156064280736;-64.34115606428074;3.6803099309328516e-10;0.1;3.680309930932852e-11;2.7026924610621774e-09;;;;ORANGE;True
1787669545.7458348;7.5994671909993485;Wi-Fi;Wi-Fi;2,4/5 GHz;wlan0;-32.0;;;;-32.0;6.30957344480193e-07;0.1;6.30957344480193e-08;2.9099340832296255e-06;;;;ROUGE;False
1787669545.8355422;7.6889472889997705;Simulation RF;Détection RF large bande;868 MHz;868 MHz;;2360;1.9019795329147595;-32.07918131659038;-65.07918131659038;3.1051448801621765e-10;0.1;3.1051448801621767e-11;1.309746784563502e-09;;;;ORANGE;True
1787669545.835745;7.6889472889997705;Simulation RF;Détection RF large bande;2,45 GHz;2,45 GHz;;2798;2.2550997615716346;-46.20399046286538;-62.90399046286538;5.123903638759628e-10;0.1;5.123903638759628e-11;2.7539314974497735e-09;;;;ORANGE;True
1787669545.8459327;7.699566881999999;Wi-Fi;Wi-Fi;2,4/5 GHz;wlan0;-32.0;;;;-32.0;6.30957344480193e-07;0.1;6.30957344480193e-08;2.973029817677645e-06;;;;ROUGE;False
1787669545.8732662;7.726899842999046;BLE Sniffer;iBeacon;2,4 GHz BLE;64:d1:2e:b5:04:2d;-64.0;;;;-64.0;3.9810717055349694e-10;0.000368;1.4650343876368688e-13;3.106536220483175e-12;36;0x00;37;ORANGE;False
1787669545.8733368;7.7269683979993715;BLE Sniffer;iBeacon;2,4 GHz BLE;64:d1:2e:b5:04:2d;-63.0;;;;-63.0;5.011872336272714e-10;0.000368;1.8443690197483588e-13;3.290973122458011e-12;36;0x00;38;ORANGE;False
1787669545.8742466;7.727879308999036;BLE Sniffer;iBeacon;2,4 GHz BLE;64:d1:2e:b5:04:2d;-66.0;;;;-66.0;2.511886431509582e-10;0.000368;9.243742067955262e-14;3.3834105431375634e-12;36;0x00;39;ORANGE;False
1787669545.9369295;7.789029888999721;Simulation RF;Détection RF large bande;868 MHz;868 MHz;;2336;1.882165193277615;-31.286607731104596;-64.2866077311046;3.7268269459215577e-10;0.1;3.726826945921558e-11;1.3470150540227175e-09;;;;ORANGE;True
1787669545.950381;7.789029888999721;Simulation RF;Détection RF large bande;2,45 GHz;2,45 GHz;;2801;2.257611063765129;-46.30444255060516;-63.00444255060516;5.00674813755246e-10;0.1;5.0067481375524606e-11;2.8039989788252983e-09;;;;ORANGE;True
1787669545.959753;7.813385617999302;Wi-Fi;Wi-Fi;2,4/5 GHz;wlan0;-32.0;;;;-32.0;6.30957344480193e-07;0.1;6.30957344480193e-08;3.036125552125664e-06;;;;ROUGE;False
1787669545.9752238;7.82885646899922;BLE Sniffer;Appareil BLE;2,4 GHz BLE;7f:c4:af:1a:e1:07;-67.0;;;;-67.0;1.9952623149688828e-10;0.00028;5.5867344819128714e-14;8.252318574653143e-13;25;0x00;37;ORANGE;False
1787669546.0356288;7.889106395999988;Simulation RF;Détection RF large bande;868 MHz;868 MHz;;2298;1.8516118174720029;-30.06447269888011;-63.06447269888011;4.938018698454837e-10;0.1;4.9380186984548376e-11;1.3963952410072658e-09;;;;ORANGE;True
1787669546.0357661;7.889106395999988;Simulation RF;Détection RF large bande;2,45 GHz;2,45 GHz;;2758;2.222928980696954;-44.91715922787816;-61.617159227878155;6.891028993998456e-10;0.1;6.891028993998457e-11;2.872909268765283e-09;;;;ORANGE;True
1787669546.044289;7.897921701998712;Wi-Fi;Wi-Fi;2,4/5 GHz;wlan0;-32.0;;;;-32.0;6.30957344480193e-07;0.1;6.30957344480193e-08;3.0992212865736834e-06;;;;ROUGE;False
1787669546.0768096;7.930443137000111;Simulation LoRa;LoRa;868 MHz;LoRa 868.100 MHz;-87.19146447218138;;;;-87.19146447218138;1.909209350903283e-12;0.041216;7.868997260682972e-14;5.455991096592341e-13;12;"SNR=7.88;SF=7;BW=125.0;CR=4/5;F=868.100;CRC=OK;PAYLOAD=54454d504f5f4c4f52415f37";7;VERT;True
1787669546.1357353;7.989190958000108;Simulation RF;Détection RF large bande;868 MHz;868 MHz;;2382;1.9197810301150415;-32.79124120460166;-65.79124120460166;2.6355780354535265e-10;0.1;2.6355780354535265e-11;1.4227510213618012e-09;;;;ORANGE;True
1787669546.1358678;7.989190958000108;Simulation RF;Détection RF large bande;2,45 GHz;2,45 GHz;;2851;2.297278778610701;-47.891151144428036;-64.59115114442804;3.4744405543761345e-10;0.1;3.4744405543761345e-11;2.907653674309044e-09;;;;ORANGE;True
1787669546.152186;8.005820197999128;Wi-Fi;Wi-Fi;2,4/5 GHz;wlan0;-32.0;;;;-32.0;6.30957344480193e-07;0.1;6.30957344480193e-08;3.1623170210217027e-06;;;;ROUGE;False
1787669546.1783392;8.031972861999748;BLE Sniffer;iBeacon;2,4 GHz BLE;64:d1:2e:b5:04:2d;-63.0;;;;-63.0;5.011872336272714e-10;0.000368;1.8443690197483588e-13;3.567847445112399e-12;36;0x00;38;ORANGE;False
1787669546.1784241;8.032055508998383;BLE Sniffer;iBeacon;2,4 GHz BLE;64:d1:2e:b5:04:2d;-67.0;;;;-67.0;1.9952623149688828e-10;0.000368;7.342565319085489e-14;3.641273098303254e-12;36;0x00;39;ORANGE;False
1787669546.1784647;8.032096156999614;BLE Sniffer;Appareil BLE;2,4 GHz BLE;7f:c4:af:1a:e1:07;-67.0;;;;-67.0;1.9952623149688828e-10;0.00028;5.5867344819128714e-14;8.81099202284443e-13;25;0x00;37;ORANGE;False
1787669546.2358046;8.08928109399858;Simulation RF;Détection RF large bande;868 MHz;868 MHz;;2285;1.8416167605500426;-29.664670422001706;-62.664670422001706;5.414183335532383e-10;0.1;5.414183335532383e-11;1.476892854717125e-09;;;;ORANGE;True
1787669546.2359464;8.08928109399858;Simulation RF;Détection RF large bande;2,45 GHz;2,45 GHz;;2760;2.2243658806267375;-44.97463522506949;-61.67463522506949;6.800431611514133e-10;0.1;6.800431611514133e-11;2.9756579904241852e-09;;;;ORANGE;True
1787669546.2445154;8.098147955999593;Wi-Fi;Wi-Fi;2,4/5 GHz;wlan0;-32.0;;;;-32.0;6.30957344480193e-07;0.1;6.30957344480193e-08;3.225412755469722e-06;;;;ROUGE;False
1787669546.3359127;8.189366285998403;Simulation RF;Détection RF large bande;868 MHz;868 MHz;;2455;1.9784568742413295;-35.13827496965318;-68.13827496965318;1.535226658214452e-10;0.1;1.5352266582144522e-11;1.4922451212992694e-09;;;;ORANGE;True
1787669546.336069;8.189366285998403;Simulation RF;Détection RF large bande;2,45 GHz;2,45 GHz;;2813;2.2671120154550723;-46.6844806182029;-63.38448061820289;4.587245023345593e-10;0.1;4.587245023345593e-11;3.021530440657641e-09;;;;ORANGE;True
1787669546.3539195;8.20755527899928;Wi-Fi;Wi-Fi;2,4/5 GHz;wlan0;-32.0;;;;-32.0;6.30957344480193e-07;0.1;6.30957344480193e-08;3.2885084899177413e-06;;;;ROUGE;False
1787669546.3824952;8.236128053998982;BLE Sniffer;iBeacon;2,4 GHz BLE;64:d1:2e:b5:04:2d;-63.0;;;;-63.0;5.011872336272714e-10;0.000368;1.8443690197483588e-13;3.82571000027809e-12;36;0x00;38;ORANGE;False
1787669546.436072;8.289524643998448;Simulation RF;Détection RF large bande;868 MHz;868 MHz;;2407;1.9394806053987645;-33.579224215950575;-66.57922421595057;2.1982525134931264e-10;0.1;2.1982525134931267e-11;1.5142276464342007e-09;;;;ORANGE;True
1787669546.436212;8.289524643998448;Simulation RF;Détection RF large bande;2,45 GHz;2,45 GHz;;2809;2.263447042797944;-46.53788171191776;-63.23788171191776;4.744733550384358e-10;0.1;4.744733550384359e-11;3.068977776161485e-09;;;;ORANGE;True
1787669546.4446766;8.298309376999896;Wi-Fi;Wi-Fi;2,4/5 GHz;wlan0;-32.0;;;;-32.0;6.30957344480193e-07;0.1;6.30957344480193e-08;3.3516042243657606e-06;;;;ROUGE;False
1787669546.4831367;8.336771181999211;BLE Sniffer;iBeacon;2,4 GHz BLE;64:d1:2e:b5:04:2d;-66.0;;;;-66.0;2.511886431509582e-10;0.000368;9.243742067955262e-14;3.918147420957643e-12;36;0x00;39;ORANGE;False
1787669546.4832115;8.336843013999896;BLE Sniffer;Appareil BLE;2,4 GHz BLE;7f:c4:af:1a:e1:07;-66.0;;;;-66.0;2.511886431509582e-10;0.00028;7.03328200822683e-14;9.514320223667114e-13;25;0x00;37;ORANGE;False
1787669546.536125;8.389607372999308;Simulation RF;Détection RF large bande;868 MHz;868 MHz;;2376;1.9151141068049666;-32.60456427219866;-65.60456427219866;2.7513356327407723e-10;0.1;2.7513356327407724e-11;1.5417410027616084e-09;;;;ORANGE;True
1787669546.5362694;8.389607372999308;Simulation RF;Détection RF large bande;2,45 GHz;2,45 GHz;;2782;2.241799948743526;-45.671997949741026;-62.37199794974102;5.791621944994889e-10;0.1;5.791621944994889e-11;3.1268939956114336e-09;;;;ORANGE;True
1787669546.5464997;8.400132966999081;Wi-Fi;Wi-Fi;2,4/5 GHz;wlan0;-32.0;;;;-32.0;6.30957344480193e-07;0.1;6.30957344480193e-08;3.41469995881378e-06;;;;ROUGE;False
1787669546.636236;8.48969356499947;Simulation RF;Détection RF large bande;868 MHz;868 MHz;;2365;1.906256465613061;-32.25025862452243;-65.25025862452243;2.9852048431926325e-10;0.1;2.985204843192633e-11;1.5715930511935349e-09;;;;ORANGE;True
1787669546.6364584;8.48969356499947;Simulation RF;Détection RF large bande;2,45 GHz;2,45 GHz;;2802;2.2577981696962324;-46.31192678784929;-63.01192678784928;4.99812739210773e-10;0.1;4.99812739210773e-11;3.1768752695325107e-09;;;;ORANGE;True
1787669546.6451213;8.498754144999111;Wi-Fi;Wi-Fi;2,4/5 GHz;wlan0;-32.0;;;;-32.0;6.30957344480193e-07;0.1;6.30957344480193e-08;3.477795693261799e-06;;;;ROUGE;False
1787669546.6872733;8.540906004000135;BLE Sniffer;iBeacon;2,4 GHz BLE;64:d1:2e:b5:04:2d;-63.0;;;;-63.0;5.011872336272714e-10;0.000368;1.8443690197483588e-13;4.102584322932479e-12;36;0x00;38;ORANGE;False
1787669546.7363315;8.58977851599957;Simulation RF;Détection RF large bande;868 MHz;868 MHz;;2359;1.9010549977179771;-32.042199908719084;-65.04219990871908;3.131698967549366e-10;0.1;3.131698967549366e-11;1.6029100408690285e-09;;;;ORANGE;True
1787669546.736502;8.58977851599957;Simulation RF;Détection RF large bande;2,45 GHz;2,45 GHz;;2788;2.2465204491189312;-45.860817964757246;-62.56081796475724;5.545212627321053e-10;0.1;5.545212627321053e-11;3.2323273958057213e-09;;;;ORANGE;True
1787669546.7501779;8.603809944999739;Wi-Fi;Wi-Fi;2,4/5 GHz;wlan0;-32.0;;;;-32.0;6.30957344480193e-07;0.1;6.30957344480193e-08;3.5408914277098185e-06;;;;ROUGE;False
1787669546.7879329;8.641566538999541;BLE Sniffer;iBeacon;2,4 GHz BLE;64:d1:2e:b5:04:2d;-67.0;;;;-67.0;1.9952623149688828e-10;0.000368;7.342565319085489e-14;4.176009976123334e-12;36;0x00;39;ORANGE;False
1787669546.8363862;8.689855949000048;Simulation RF;Détection RF large bande;868 MHz;868 MHz;;2380;1.917901797185765;-32.7160718874306;-65.7160718874306;2.681592678814048e-10;0.1;2.681592678814048e-11;1.6297259676571689e-09;;;;ORANGE;True
1787669546.8365376;8.689855949000048;Simulation RF;Détection RF large bande;2,45 GHz;2,45 GHz;;2815;2.2681816537578356;-46.727266150313426;-63.42726615031343;4.5422745929443443e-10;0.1;4.5422745929443444e-11;3.2777501417351648e-09;;;;ORANGE;True
1787669546.8450658;8.698698217998754;Wi-Fi;Wi-Fi;2,4/5 GHz;wlan0;-32.0;;;;-32.0;6.30957344480193e-07;0.1;6.30957344480193e-08;3.6039871621578378e-06;;;;ROUGE;False
1787669546.9364772;8.789938751999216;Simulation RF;Détection RF large bande;868 MHz;868 MHz;;2388;1.9243191881399409;-32.97276752559763;-65.97276752559763;2.5276867240526e-10;0.1;2.5276867240525998e-11;1.6550028348976948e-09;;;;ORANGE;True
1787669546.936622;8.789938751999216;Simulation RF;Détection RF large bande;2,45 GHz;2,45 GHz;;2801;2.2572853486977587;-46.29141394791034;-62.99141394791034;5.02179066688997e-10;0.1;5.021790666889971e-11;3.3279680484040644e-09;;;;ORANGE;True
1787669546.9452503;8.798883130999457;Wi-Fi;Wi-Fi;2,4/5 GHz;wlan0;-32.0;;;;-32.0;6.30957344480193e-07;0.1;6.30957344480193e-08;3.667082896605857e-06;;;;ROUGE;False
1787669546.991658;8.84529049699995;BLE Sniffer;Appareil BLE;2,4 GHz BLE;7f:c4:af:1a:e1:07;-66.0;;;;-66.0;2.511886431509582e-10;0.00028;7.03328200822683e-14;1.0217648424489796e-12;25;0x00;37;ORANGE;False
1787669546.991989;8.845620768999652;BLE Sniffer;iBeacon;2,4 GHz BLE;64:d1:2e:b5:04:2d;-63.0;;;;-63.0;5.011872336272714e-10;0.000368;1.8443690197483588e-13;4.36044687809817e-12;36;0x00;38;ORANGE;False
1787669547.0365484;8.890013758998975;Simulation RF;Détection RF large bande;868 MHz;868 MHz;;2407;1.939317554411144;-33.57270217644576;-66.57270217644576;2.201556230469093e-10;0.1;2.201556230469093e-11;1.6770183972023858e-09;;;;ORANGE;True
1787669547.0366917;8.890013758998975;Simulation RF;Détection RF large bande;2,45 GHz;2,45 GHz;;2742;2.209497088589488;-44.379883543579524;-61.07988354357952;7.798510220118164e-10;0.1;7.798510220118164e-11;3.405953150605246e-09;;;;ORANGE;True
1787669547.0451672;8.89879956599907;Wi-Fi;Wi-Fi;2,4/5 GHz;wlan0;-32.0;;;;-32.0;6.30957344480193e-07;0.1;6.30957344480193e-08;3.7301786310538763e-06;;;;ROUGE;False
1787669547.0930026;8.946635983998931;BLE Sniffer;iBeacon;2,4 GHz BLE;64:d1:2e:b5:04:2d;-66.0;;;;-66.0;2.511886431509582e-10;0.000368;9.243742067955262e-14;4.452884298777723e-12;36;0x00;39;ORANGE;False
1787669547.0931365;8.946768222998799;Simulation LoRa;LoRa;868 MHz;LoRa 868.100 MHz;-86.83234145866994;;;;-86.83234145866994;2.0737951484628625e-12;0.041216;8.547354083904534e-14;6.310726504982795e-13;12;"SNR=5.12;SF=7;BW=125.0;CR=4/5;F=868.100;CRC=OK;PAYLOAD=54454d504f5f4c4f52415f38";7;VERT;True
1787669547.1366334;8.990096802999687;Simulation RF;Détection RF large bande;868 MHz;868 MHz;;2346;1.8907793171770728;-31.63117268708291;-64.63117268708291;3.4425696154123746e-10;0.1;3.442569615412375e-11;1.7114440933565096e-09;;;;ORANGE;True
1787669547.136782;8.990096802999687;Simulation RF;Détection RF large bande;2,45 GHz;2,45 GHz;;2728;2.1984014612794267;-43.93605845117706;-60.636058451177064;8.637621211794394e-10;0.1;8.637621211794394e-11;3.49232936272319e-09;;;;ORANGE;True
1787669547.1453397;8.998971756998799;Wi-Fi;Wi-Fi;2,4/5 GHz;wlan0;-32.0;;;;-32.0;6.30957344480193e-07;0.1;6.30957344480193e-08;3.7932743655018956e-06;;;;ROUGE;False
1787669547.2367187;9.090175217999786;Simulation RF;Détection RF large bande;868 MHz;868 MHz;;2283;1.8397522714004404;-29.59009085601761;-62.59009085601761;5.50796173424481e-10;0.1;5.5079617342448105e-11;1.7665237106989577e-09;;;;ORANGE;True
1787669547.2368612;9.090175217999786;Simulation RF;Détection RF large bande;2,45 GHz;2,45 GHz;;2736;2.2046797461233436;-44.18718984493374;-60.88718984493374;8.15231618889954e-10;0.1;8.152316188899541e-11;3.5738525246121855e-09;;;;ORANGE;True
1787669547.2453756;9.099008227998638;Wi-Fi;Wi-Fi;2,4/5 GHz;wlan0;-32.0;;;;-32.0;6.30957344480193e-07;0.1;6.30957344480193e-08;3.856370099949915e-06;;;;ROUGE;False
1787669547.2962387;9.149871504998373;BLE Sniffer;Appareil BLE;2,4 GHz BLE;7f:c4:af:1a:e1:07;-66.0;;;;-66.0;2.511886431509582e-10;0.00028;7.03328200822683e-14;1.092097662531248e-12;25;0x00;37;ORANGE;False
1787669547.297316;9.150948470000003;BLE Sniffer;iBeacon;2,4 GHz BLE;64:d1:2e:b5:04:2d;-63.0;;;;-63.0;5.011872336272714e-10;0.000368;1.8443690197483588e-13;4.6373212007525584e-12;36;0x00;38;ORANGE;False
1787669547.297374;9.151005357998656;BLE Sniffer;iBeacon;2,4 GHz BLE;64:d1:2e:b5:04:2d;-66.0;;;;-66.0;2.511886431509582e-10;0.000368;9.243742067955262e-14;4.729758621432111e-12;36;0x00;39;ORANGE;False
1787669547.3368142;9.190261150999504;Simulation RF;Détection RF large bande;868 MHz;868 MHz;;2333;1.879928869929697;-31.197154797187878;-64.19715479718788;3.804385522263995e-10;0.1;3.8043855222639954e-11;1.8045675659215976e-09;;;;ORANGE;True
1787669547.3369725;9.190261150999504;Simulation RF;Détection RF large bande;2,45 GHz;2,45 GHz;;2742;2.2093045754261165;-44.37218301704465;-61.07218301704465;7.812350116521263e-10;0.1;7.812350116521264e-11;3.651976025777398e-09;;;;ORANGE;True
1787669547.3455868;9.199219287998858;Wi-Fi;Wi-Fi;2,4/5 GHz;wlan0;-32.0;;;;-32.0;6.30957344480193e-07;0.1;6.30957344480193e-08;3.919465834397934e-06;;;;ROUGE;False
1787669547.399447;9.253079852000155;BLE Sniffer;Appareil BLE;2,4 GHz BLE;d3:23:2f:4d:3e:b1;-81.0;;;;-81.0;7.943282347242821e-12;0.000376;2.9866741625633007e-15;6.7466741625633e-15;37;0x00;37;VERT;False
1787669547.436874;9.290341175999856;Simulation RF;Détection RF large bande;868 MHz;868 MHz;;2355;1.897582856018537;-31.90331424074148;-64.90331424074148;3.233468064138825e-10;0.1;3.2334680641388254e-11;1.8369022465629858e-09;;;;ORANGE;True
1787669547.4370108;9.290341175999856;Simulation RF;Détection RF large bande;2,45 GHz;2,45 GHz;;2767;2.229875411175294;-45.19501644701175;-61.895016447011756;6.463955460533316e-10;0.1;6.463955460533316e-11;3.716615580382731e-09;;;;ORANGE;True
1787669547.4456446;9.299277073998383;Wi-Fi;Wi-Fi;2,4/5 GHz;wlan0;-31.0;;;;-31.0;7.943282347242822e-07;0.1;7.943282347242822e-08;3.998898657870362e-06;;;;ROUGE;False
1787669547.5000987;9.353732294999645;BLE Sniffer;Appareil BLE;2,4 GHz BLE;d3:23:2f:4d:3e:b1;-75.0;;;;-75.0;3.1622776601683794e-11;0.000376;1.1890164002233105e-14;1.8636838164796405e-14;37;0x00;38;VERT;False
1787669547.5009506;9.35458287399888;BLE Sniffer;Appareil BLE;2,4 GHz BLE;d3:23:2f:4d:3e:b1;-82.0;;;;-82.0;6.309573444801943e-12;0.000376;2.3723996152455303e-15;2.1009237780041934e-14;37;0x00;39;VERT;False
1787669547.501294;9.354926386999068;BLE Sniffer;Appareil BLE;2,4 GHz BLE;7f:c4:af:1a:e1:07;-66.0;;;;-66.0;2.511886431509582e-10;0.00028;7.03328200822683e-14;1.1624304826135162e-12;25;0x00;37;ORANGE;False
1787669547.5369606;9.390421812999193;Simulation RF;Détection RF large bande;868 MHz;868 MHz;;2415;1.9463350173441993;-33.853400693767966;-66.85340069376797;2.063763516292833e-10;0.1;2.063763516292833e-11;1.857539881725914e-09;;;;ORANGE;True
1787669547.5370958;9.390421812999193;Simulation RF;Détection RF large bande;2,45 GHz;2,45 GHz;;2821;2.2732453585846586;-46.92981434338634;-63.629814343386336;4.3352941094673965e-10;0.1;4.335294109467397e-11;3.759968521477405e-09;;;;ORANGE;True
1787669547.5455832;9.399215804998676;Wi-Fi;Wi-Fi;2,4/5 GHz;wlan0;-31.0;;;;-31.0;7.943282347242822e-07;0.1;7.943282347242822e-08;4.0783314813427906e-06;;;;ROUGE;False
1787669547.602495;9.456128469999385;BLE Sniffer;iBeacon;2,4 GHz BLE;64:d1:2e:b5:04:2d;-63.0;;;;-63.0;5.011872336272714e-10;0.000368;1.8443690197483588e-13;4.914195523406947e-12;36;0x00;38;ORANGE;False
1787669547.6036043;9.457236266998734;BLE Sniffer;iBeacon;2,4 GHz BLE;64:d1:2e:b5:04:2d;-66.0;;;;-66.0;2.511886431509582e-10;0.000368;9.243742067955262e-14;5.0066329440865e-12;36;0x00;39;ORANGE;False
1787669547.6370502;9.490505541998573;Simulation RF;Détection RF large bande;868 MHz;868 MHz;;2360;1.9019848993091673;-32.07939597236668;-65.07939597236668;3.104991408073403e-10;0.1;3.104991408073403e-11;1.888589795806648e-09;;;;ORANGE;True
1787669547.6371996;9.490505541998573;Simulation RF;Détection RF large bande;2,45 GHz;2,45 GHz;;2770;2.232066349257597;-45.28265397030388;-61.98265397030388;6.334824722871531e-10;0.1;6.33482472287153e-11;3.82331676870612e-09;;;;ORANGE;True
1787669547.6457226;9.49935523699969;Wi-Fi;Wi-Fi;2,4/5 GHz;wlan0;-31.0;;;;-31.0;7.943282347242822e-07;0.1;7.943282347242822e-08;4.157764304815219e-06;;;;ROUGE;False
1787669547.737143;9.590591141999539;Simulation RF;Détection RF large bande;868 MHz;868 MHz;;2349;1.8927335504643077;-31.7093420185723;-64.7093420185723;3.3811605887728217e-10;0.1;3.381160588772822e-11;1.922401401694376e-09;;;;ORANGE;True
1787669547.7372918;9.590591141999539;Simulation RF;Détection RF large bande;2,45 GHz;2,45 GHz;;2715;2.188001402578449;-43.52005610313796;-60.22005610313796;9.505925136090715e-10;0.1;9.505925136090715e-11;3.918376020067028e-09;;;;ORANGE;True
1787669547.7458484;9.59948039199844;Wi-Fi;Wi-Fi;2,4/5 GHz;wlan0;-31.0;;;;-31.0;7.943282347242822e-07;0.1;7.943282347242822e-08;4.237197128287647e-06;;;;ROUGE;False
1787669547.8076851;9.661317942000096;BLE Sniffer;Appareil BLE;2,4 GHz BLE;7f:c4:af:1a:e1:07;-66.0;;;;-66.0;2.511886431509582e-10;0.00028;7.03328200822683e-14;1.2327633026957844e-12;25;0x00;37;ORANGE;False
1787669547.8372045;9.690670018999299;Simulation RF;Détection RF large bande;868 MHz;868 MHz;;2336;1.8825545234109091;-31.302180936436358;-64.30218093643636;3.713486986829561e-10;0.1;3.7134869868295617e-11;1.9595362715626717e-09;;;;ORANGE;True
1787669547.837361;9.690670018999299;Simulation RF;Détection RF large bande;2,45 GHz;2,45 GHz;;2702;2.1770738298229637;-43.08295319291855;-59.782953192918555;1.0512467852211766e-09;0.1;1.0512467852211766e-10;4.023500698589146e-09;;;;ORANGE;True
1787669547.8458958;9.699528528999508;Wi-Fi;Wi-Fi;2,4/5 GHz;wlan0;-31.0;;;;-31.0;7.943282347242822e-07;0.1;7.943282347242822e-08;4.316629951760075e-06;;;;ROUGE;False
1787669547.9083889;9.762022679999063;BLE Sniffer;iBeacon;2,4 GHz BLE;64:d1:2e:b5:04:2d;-63.0;;;;-63.0;5.011872336272714e-10;0.000368;1.8443690197483588e-13;5.191069846061336e-12;36;0x00;38;ORANGE;False
1787669547.937255;9.790749248999418;Simulation RF;Détection RF large bande;868 MHz;868 MHz;;2445;1.9699667674282808;-34.79867069713123;-67.79867069713123;1.6600949570185748e-10;0.1;1.660094957018575e-11;1.9761372211328575e-09;;;;ORANGE;True
1787669547.9373958;9.790749248999418;Simulation RF;Détection RF large bande;2,45 GHz;2,45 GHz;;2741;2.2089106525140725;-44.3564261005629;-61.0564261005629;7.840746086222137e-10;0.1;7.840746086222138e-11;4.101908159451367e-09;;;;ORANGE;True
1787669547.945879;9.799511759998495;Wi-Fi;Wi-Fi;2,4/5 GHz;wlan0;-31.0;;;;-31.0;7.943282347242822e-07;0.1;7.943282347242822e-08;4.396062775232503e-06;;;;ROUGE;False
1787669548.0373163;9.890822718998606;Simulation RF;Détection RF large bande;868 MHz;868 MHz;;2317;1.8671916616529414;-30.687666466117648;-63.68766646611765;4.27792684277076e-10;0.1;4.27792684277076e-11;2.018916489560565e-09;;;;ORANGE;True
1787669548.037458;9.890822718998606;Simulation RF;Détection RF large bande;2,45 GHz;2,45 GHz;;2754;2.2193320962907626;-44.773283851630495;-61.4732838516305;7.123142208884321e-10;0.1;7.123142208884321e-11;4.17313958154021e-09;;;;ORANGE;True
1787669548.0461426;9.899774948999038;Wi-Fi;Wi-Fi;2,4/5 GHz;wlan0;-31.0;;;;-31.0;7.943282347242822e-07;0.1;7.943282347242822e-08;4.475495598704931e-06;;;;ROUGE;False
1787669548.1114888;9.965121758999885;Simulation LoRa;LoRa;868 MHz;LoRa 868.100 MHz;-86.10188856412604;;;;-86.10188856412604;2.453641698033497e-12;0.041216;1.0112929622614862e-13;7.32201946724428e-13;12;"SNR=7.62;SF=7;BW=125.0;CR=4/5;F=868.100;CRC=OK;PAYLOAD=54454d504f5f4c4f52415f39";7;VERT;True
1787669548.1125016;9.966134594998948;BLE Sniffer;Appareil BLE;2,4 GHz BLE;7f:c4:af:1a:e1:07;-69.0;;;;-69.0;1.2589254117941662e-10;0.00028;3.524991153023665e-14;1.268013214226021e-12;25;0x00;39;ORANGE;False
1787669548.1129918;9.966624327998943;BLE Sniffer;iBeacon;2,4 GHz BLE;64:d1:2e:b5:04:2d;-63.0;;;;-63.0;5.011872336272714e-10;0.000368;1.8443690197483588e-13;5.3755067480361716e-12;36;0x00;37;ORANGE;False
1787669548.1143744;9.9680070659997;BLE Sniffer;iBeacon;2,4 GHz BLE;64:d1:2e:b5:04:2d;-63.0;;;;-63.0;5.011872336272714e-10;0.000368;1.8443690197483588e-13;5.559943650011007e-12;36;0x00;38;ORANGE;False
1787669548.1374404;9.990897188999952;Simulation RF;Détection RF large bande;868 MHz;868 MHz;;2429;1.9570616126619471;-34.28246450647788;-67.28246450647788;1.8696208788074892e-10;0.1;1.8696208788074892e-11;2.0376126983486398e-09;;;;ORANGE;True
1787669548.1375747;9.990897188999952;Simulation RF;Détection RF large bande;2,45 GHz;2,45 GHz;;2785;2.2439751628334617;-45.75900651333846;-62.459006513338466;5.676744510585152e-10;0.1;5.676744510585152e-11;4.2299070266460615e-09;;;;ORANGE;True
1787669548.146185;9.999817474999873;Wi-Fi;Wi-Fi;2,4/5 GHz;wlan0;-31.0;;;;-31.0;7.943282347242822e-07;0.1;7.943282347242822e-08;4.5549284221773596e-06;;;;ROUGE;False
1787669548.2150786;10.06871184099873;BLE Sniffer;iBeacon;2,4 GHz BLE;64:d1:2e:b5:04:2d;-67.0;;;;-67.0;1.9952623149688828e-10;0.000368;7.342565319085489e-14;5.6333693032018625e-12;36;0x00;39;ORANGE;False
1787669548.2374957;10.090977973999543;Simulation RF;Détection RF large bande;868 MHz;868 MHz;;2376;1.914481982180957;-32.57927928723828;-65.57927928723828;2.767400858160822e-10;0.1;2.767400858160822e-11;2.065286706930248e-09;;;;ORANGE;True
1787669548.2376385;10.090977973999543;Simulation RF;Détection RF large bande;2,45 GHz;2,45 GHz;;2691;2.168794735572263;-42.751789422890525;-59.45178942289053;1.1345432536706393e-09;0.1;1.1345432536706393e-10;4.343361352013126e-09;;;;ORANGE;True
1787669548.2461088;10.099741706999339;Wi-Fi;Wi-Fi;2,4/5 GHz;wlan0;-31.0;;;;-31.0;7.943282347242822e-07;0.1;7.943282347242822e-08;4.634361245649788e-06;;;;ROUGE;False
1787669548.3179271;10.171560026999941;BLE Sniffer;Appareil BLE;2,4 GHz BLE;7f:c4:af:1a:e1:07;-66.0;;;;-66.0;2.511886431509582e-10;0.00028;7.03328200822683e-14;1.3383460343082893e-12;25;0x00;37;ORANGE;False
1787669548.3375587;10.191055610999683;Simulation RF;Détection RF large bande;868 MHz;868 MHz;;2350;1.8934493349673738;-31.737973398694947;-64.73797339869495;3.358943201403065e-10;0.1;3.358943201403065e-11;2.0988761389442788e-09;;;;ORANGE;True
1787669548.3377094;10.191055610999683;Simulation RF;Détection RF large bande;2,45 GHz;2,45 GHz;;2737;2.205931386741798;-44.23725546967191;-60.9372554696719;8.058875621354246e-10;0.1;8.058875621354247e-11;4.423950108226668e-09;;;;ORANGE;True
1787669548.3461952;10.19982793700001;Wi-Fi;Wi-Fi;2,4/5 GHz;wlan0;-31.0;;;;-31.0;7.943282347242822e-07;0.1;7.943282347242822e-08;4.713794069122216e-06;;;;ROUGE;False
1787669548.4197493;10.273382415000015;BLE Sniffer;iBeacon;2,4 GHz BLE;64:d1:2e:b5:04:2d;-62.0;;;;-62.0;6.309573444801942e-10;0.000368;2.321923027687115e-13;5.865561605970574e-12;36;0x00;38;ORANGE;False
1787669548.4198256;10.273457209999833;BLE Sniffer;iBeacon;2,4 GHz BLE;64:d1:2e:b5:04:2d;-68.0;;;;-68.0;1.584893192461111e-10;0.000368;5.832406948256888e-14;5.9238856754531436e-12;36;0x00;39;ORANGE;False
1787669548.4376678;10.291137839998555;Simulation RF;Détection RF large bande;868 MHz;868 MHz;;2375;1.9139763870460644;-32.55905548184258;-65.55905548184258;2.7803178748367587e-10;0.1;2.780317874836759e-11;2.1266793176926465e-09;;;;ORANGE;True
1787669548.4378152;10.291137839998555;Simulation RF;Détection RF large bande;2,45 GHz;2,45 GHz;;2749;2.2153706515307023;-44.61482606122809;-61.31482606122809;7.387838513462099e-10;0.1;7.3878385134621e-11;4.497828493361289e-09;;;;ORANGE;True
1787669548.4463844;10.30001681199974;Wi-Fi;Wi-Fi;2,4/5 GHz;wlan0;-31.0;;;;-31.0;7.943282347242822e-07;0.1;7.943282347242822e-08;4.793226892594644e-06;;;;ROUGE;False
1787669548.5377088;10.391219254999669;Simulation RF;Détection RF large bande;868 MHz;868 MHz;;2383;1.9207615642368379;-32.83046256947351;-65.83046256947351;2.611883146453584e-10;0.1;2.6118831464535843e-11;2.1527981491571824e-09;;;;ORANGE;True
1787669548.53785;10.391219254999669;Simulation RF;Détection RF large bande;2,45 GHz;2,45 GHz;;2745;2.2124351795129624;-44.49740718051849;-61.197407180518496;7.590305952811513e-10;0.1;7.590305952811514e-11;4.5737315528894045e-09;;;;ORANGE;True
1787669548.5463104;10.399942636999185;Wi-Fi;Wi-Fi;2,4/5 GHz;wlan0;-31.0;;;;-31.0;7.943282347242822e-07;0.1;7.943282347242822e-08;4.872659716067072e-06;;;;ROUGE;False
1787669548.623256;10.476889135999954;BLE Sniffer;Appareil BLE;2,4 GHz BLE;7f:c4:af:1a:e1:07;-67.0;;;;-67.0;1.9952623149688828e-10;0.00028;5.5867344819128714e-14;1.394213379127418e-12;25;0x00;37;ORANGE;False
1787669548.6378167;10.491300891999344;Simulation RF;Détection RF large bande;868 MHz;868 MHz;;2366;1.9065876103252752;-32.263504413011006;-65.263504413011;2.976113971651048e-10;0.1;2.9761139716510484e-11;2.182559288873693e-09;;;;ORANGE;True
1787669548.638022;10.491300891999344;Simulation RF;Détection RF large bande;2,45 GHz;2,45 GHz;;2752;2.2176918697506234;-44.70767479002494;-61.40767479002494;7.231568777192019e-10;0.1;7.23156877719202e-11;4.6460472406613245e-09;;;;ORANGE;True
1787669548.6465843;10.500216937000005;Wi-Fi;Wi-Fi;2,4/5 GHz;wlan0;-31.0;;;;-31.0;7.943282347242822e-07;0.1;7.943282347242822e-08;4.9520925395395e-06;;;;ROUGE;False
1787669548.7251348;10.578767910999886;BLE Sniffer;iBeacon;2,4 GHz BLE;64:d1:2e:b5:04:2d;-62.0;;;;-62.0;6.309573444801942e-10;0.000368;2.321923027687115e-13;6.156077978221855e-12;36;0x00;38;ORANGE;False
1787669548.7252085;10.578840187999958;BLE Sniffer;iBeacon;2,4 GHz BLE;64:d1:2e:b5:04:2d;-68.0;;;;-68.0;1.584893192461111e-10;0.000368;5.832406948256888e-14;6.2144020477044246e-12;36;0x00;39;ORANGE;False
1787669548.737914;10.591387806000057;Simulation RF;Détection RF large bande;868 MHz;868 MHz;;2339;1.8848758829269987;-31.395035317079945;-64.39503531707994;3.634933485850027e-10;0.1;3.6349334858500274e-11;2.2189086237321932e-09;;;;ORANGE;True
1787669548.7380667;10.591387806000057;Simulation RF;Détection RF large bande;2,45 GHz;2,45 GHz;;2713;2.186239863595778;-43.44959454383111;-60.149594543831114;9.661410734521723e-10;0.1;9.661410734521723e-11;4.742661348006541e-09;;;;ORANGE;True
1787669548.7465987;10.600232370999947;Wi-Fi;Wi-Fi;2,4/5 GHz;wlan0;-31.0;;;;-31.0;7.943282347242822e-07;0.1;7.943282347242822e-08;5.0315253630119286e-06;;;;ROUGE;False
1787669548.8379648;10.691465905998484;Simulation RF;Détection RF large bande;868 MHz;868 MHz;;2384;1.921111154604946;-32.844446184197835;-65.84444618419784;2.6034868089300604e-10;0.1;2.6034868089300605e-11;2.244943491821494e-09;;;;ORANGE;True
1787669548.838113;10.691465905998484;Simulation RF;Détection RF large bande;2,45 GHz;2,45 GHz;;2757;2.2214250679527563;-44.85700271811025;-61.557002718110255;6.987144552579612e-10;0.1;6.987144552579613e-11;4.8125327935323374e-09;;;;ORANGE;True
1787669548.8466396;10.700271897998391;Wi-Fi;Wi-Fi;2,4/5 GHz;wlan0;-31.0;;;;-31.0;7.943282347242822e-07;0.1;7.943282347242822e-08;5.110958186484357e-06;;;;ROUGE;False
1787669548.928844;10.782476888998644;BLE Sniffer;Appareil BLE;2,4 GHz BLE;7f:c4:af:1a:e1:07;-67.0;;;;-67.0;1.9952623149688828e-10;0.00028;5.5867344819128714e-14;1.4500807239465465e-12;25;0x00;37;ORANGE;False
1787669548.9380443;10.791543449999153;Simulation RF;Détection RF large bande;868 MHz;868 MHz;;2426;1.955171435338478;-34.20685741353911;-67.20685741353911;1.9024544118242506e-10;0.1;1.9024544118242508e-11;2.2639680359397363e-09;;;;ORANGE;True
1787669548.9381845;10.791543449999153;Simulation RF;Détection RF large bande;2,45 GHz;2,45 GHz;;2778;2.2385363421476767;-45.54145368590707;-62.24145368590707;5.968354782554081e-10;0.1;5.968354782554081e-11;4.872216341357878e-09;;;;ORANGE;True
1787669548.9467146;10.80034771999999;Wi-Fi;Wi-Fi;2,4/5 GHz;wlan0;-31.0;;;;-31.0;7.943282347242822e-07;0.1;7.943282347242822e-08;5.190391009956785e-06;;;;ROUGE;False
1787669549.030716;10.88434879399938;BLE Sniffer;iBeacon;2,4 GHz BLE;64:d1:2e:b5:04:2d;-62.0;;;;-62.0;6.309573444801942e-10;0.000368;2.321923027687115e-13;6.446594350473136e-12;36;0x00;38;ORANGE;False
1787669549.0307896;10.884421015000044;BLE Sniffer;iBeacon;2,4 GHz BLE;64:d1:2e:b5:04:2d;-68.0;;;;-68.0;1.584893192461111e-10;0.000368;5.832406948256888e-14;6.504918419955706e-12;36;0x00;39;ORANGE;False
1787669549.030861;10.884492383998804;Simulation LoRa;LoRa;868 MHz;LoRa 868.100 MHz;-89.04873452350671;;;;-89.04873452350671;1.2448772996543166e-12;0.046335999999999995;5.768263455678241e-14;7.898845812812105e-13;13;"SNR=8.30;SF=7;BW=125.0;CR=4/5;F=868.100;CRC=OK;PAYLOAD=54454d504f5f4c4f52415f3130";7;VERT;True
1787669549.0381033;10.891622234999886;Simulation RF;Détection RF large bande;868 MHz;868 MHz;;2362;1.9032447571292732;-32.12979028517093;-65.12979028517093;3.0691701908179775e-10;0.1;3.069170190817978e-11;2.294659737847916e-09;;;;ORANGE;True
1787669549.0382404;10.891622234999886;Simulation RF;Détection RF large bande;2,45 GHz;2,45 GHz;;2655;2.1397788497140104;-41.59115398856041;-58.29115398856041;1.482124209168272e-09;0.1;1.4821242091682722e-10;5.020428762274706e-09;;;;ORANGE;True
1787669549.0467355;10.900368153999807;Wi-Fi;Wi-Fi;2,4/5 GHz;wlan0;-31.0;;;;-31.0;7.943282347242822e-07;0.1;7.943282347242822e-08;5.269823833429213e-06;;;;ROUGE;False
1787669549.138198;10.991698131998419;Simulation RF;Détection RF large bande;868 MHz;868 MHz;;2398;1.932302969982468;-33.29211879929872;-66.29211879929872;2.3484867813824736e-10;0.1;2.348486781382474e-11;2.318144605661741e-09;;;;ORANGE;True
1787669549.1383314;10.991698131998419;Simulation RF;Détection RF large bande;2,45 GHz;2,45 GHz;;2697;2.1732543467430574;-42.930173869722296;-59.63017386972229;1.0888864989082424e-09;0.1;1.0888864989082425e-10;5.12931741216553e-09;;;;ORANGE;True
1787669549.1468694;11.000502048998896;Wi-Fi;Wi-Fi;2,4/5 GHz;wlan0;-31.0;;;;-31.0;7.943282347242822e-07;0.1;7.943282347242822e-08;5.349256656901641e-06;;;;ROUGE;False
1787669549.2338424;11.08747540999866;BLE Sniffer;Appareil BLE;2,4 GHz BLE;7f:c4:af:1a:e1:07;-67.0;;;;-67.0;1.9952623149688828e-10;0.00028;5.5867344819128714e-14;1.5059480687656752e-12;25;0x00;37;ORANGE;False
1787669549.2388787;11.091783934998602;Simulation RF;Détection RF large bande;868 MHz;868 MHz;;2360;1.9015457319084932;-32.06182927633972;-65.06182927633972;3.117576164335709e-10;0.1;3.117576164335709e-11;2.349320367305098e-09;;;;ORANGE;True
1787669549.239038;11.091783934998602;Simulation RF;Détection RF large bande;2,45 GHz;2,45 GHz;;2751;2.21690816044162;-44.6763264176648;-61.37632641766479;7.283956746919169e-10;0.1;7.28395674691917e-11;5.202156979634722e-09;;;;ORANGE;True
1787669549.2475877;11.10122028799924;Wi-Fi;Wi-Fi;2,4/5 GHz;wlan0;-31.0;;;;-31.0;7.943282347242822e-07;0.1;7.943282347242822e-08;5.428689480374069e-06;;;;ROUGE;False
1787669549.335701;11.18933446399933;BLE Sniffer;iBeacon;2,4 GHz BLE;64:d1:2e:b5:04:2d;-62.0;;;;-62.0;6.309573444801942e-10;0.000368;2.321923027687115e-13;6.7371107227244174e-12;36;0x00;38;ORANGE;False
1787669549.3370032;11.19063646199902;BLE Sniffer;iBeacon;2,4 GHz BLE;64:d1:2e:b5:04:2d;-68.0;;;;-68.0;1.584893192461111e-10;0.000368;5.832406948256888e-14;6.795434792206987e-12;36;0x00;39;ORANGE;False
1787669549.3383431;11.19186344299851;Simulation RF;Détection RF large bande;868 MHz;868 MHz;;2440;1.966271624128793;-34.65086496515171;-67.65086496515171;1.717566272996046e-10;0.1;1.717566272996046e-11;2.3664960300350588e-09;;;;ORANGE;True
1787669549.3384774;11.19186344299851;Simulation RF;Détection RF large bande;2,45 GHz;2,45 GHz;;2766;2.2288255327009554;-45.153021308038205;-61.85302130803821;6.526763395656724e-10;0.1;6.526763395656724e-11;5.2674246135912895e-09;;;;ORANGE;True
1787669549.3471131;11.20074580399887;Wi-Fi;Wi-Fi;2,4/5 GHz;wlan0;-31.0;;;;-31.0;7.943282347242822e-07;0.1;7.943282347242822e-08;5.5081223038464976e-06;;;;ROUGE;False
1787669549.4393606;11.292993451999791;BLE Sniffer;Appareil BLE;2,4 GHz BLE;d3:23:2f:4d:3e:b1;-78.0;;;;-78.0;1.5848931924611107e-11;0.000376;5.959198403653776e-15;2.696843618369571e-14;37;0x00;37;VERT;False
1787669549.440044;11.291941986999518;Simulation RF;Détection RF large bande;868 MHz;868 MHz;;2308;1.8601542535907885;-30.406170143631535;-63.406170143631535;4.564392526818635e-10;0.1;4.5643925268186354e-11;2.412139955303245e-09;;;;ORANGE;True
1787669549.440183;11.291941986999518;Simulation RF;Détection RF large bande;2,45 GHz;2,45 GHz;;2773;2.234552668547717;-45.382106741908686;-62.08210674190868;6.19140660023604e-10;0.1;6.19140660023604e-11;5.32933867959365e-09;;;;ORANGE;True
1787669549.4487793;11.30241200799901;Wi-Fi;Wi-Fi;2,4/5 GHz;wlan0;-31.0;;;;-31.0;7.943282347242822e-07;0.1;7.943282347242822e-08;5.587555127318926e-06;;;;ROUGE;False
1787669549.5385664;11.39202186500006;Simulation RF;Détection RF large bande;868 MHz;868 MHz;;2351;1.8943198592896247;-31.77279437158498;-64.77279437158498;3.3321194593250755e-10;0.1;3.3321194593250755e-11;2.4454611498964956e-09;;;;ORANGE;True
1787669549.5387256;11.39202186500006;Simulation RF;Détection RF large bande;2,45 GHz;2,45 GHz;;2715;2.18762130834642;-43.50485233385679;-60.204852333856785;9.539261771023081e-10;0.1;9.539261771023082e-11;5.424731297303881e-09;;;;ORANGE;True
1787669549.541732;11.395365552998555;BLE Sniffer;iBeacon;2,4 GHz BLE;64:d1:2e:b5:04:2d;-62.0;;;;-62.0;6.309573444801942e-10;0.000368;2.321923027687115e-13;7.0276270949756985e-12;36;0x00;38;ORANGE;False
1787669549.5418282;11.395459495999603;BLE Sniffer;iBeacon;2,4 GHz BLE;64:d1:2e:b5:04:2d;-68.0;;;;-68.0;1.584893192461111e-10;0.000368;5.832406948256888e-14;7.085951164458268e-12;36;0x00;39;ORANGE;False
1787669549.5476122;11.401244960999975;Wi-Fi;Wi-Fi;2,4/5 GHz;wlan0;-31.0;;;;-31.0;7.943282347242822e-07;0.1;7.943282347242822e-08;5.666987950791354e-06;;;;ROUGE;False
1787669549.638651;11.492106260999208;Simulation RF;Détection RF large bande;868 MHz;868 MHz;;2391;1.927056663017005;-33.08226652068019;-66.0822665206802;2.464752682407456e-10;0.1;2.464752682407456e-11;2.4701086767205703e-09;;;;ORANGE;True
1787669549.638804;11.492106260999208;Simulation RF;Détection RF large bande;2,45 GHz;2,45 GHz;;2724;2.1952732576223903;-43.81093030489561;-60.51093030489561;8.890106619361282e-10;0.1;8.890106619361282e-11;5.513632363497494e-09;;;;ORANGE;True
1787669549.6475596;11.501192192999952;Wi-Fi;Wi-Fi;2,4/5 GHz;wlan0;-31.0;;;;-31.0;7.943282347242822e-07;0.1;7.943282347242822e-08;5.746420774263782e-06;;;;ROUGE;False
1787669549.738758;11.592190804998609;Simulation RF;Détection RF large bande;868 MHz;868 MHz;;2499;2.0136798674315224;-36.54719469726089;-69.54719469726089;1.1098915124448788e-10;0.1;1.1098915124448788e-11;2.481207591845019e-09;;;;ORANGE;True
1787669549.7389057;11.592190804998609;Simulation RF;Détection RF large bande;2,45 GHz;2,45 GHz;;2695;2.1721104024117373;-42.88441609646948;-59.58441609646948;1.1004197854221193e-09;0.1;1.1004197854221193e-10;5.623674342039706e-09;;;;ORANGE;True
1787669549.74581;11.599443080998753;BLE Sniffer;Appareil BLE;2,4 GHz BLE;7f:c4:af:1a:e1:07;-67.0;;;;-67.0;1.9952623149688828e-10;0.00028;5.5867344819128714e-14;1.5618154135848038e-12;25;0x00;37;ORANGE;False
1787669549.7482405;11.601872764998916;Wi-Fi;Wi-Fi;2,4/5 GHz;wlan0;-31.0;;;;-31.0;7.943282347242822e-07;0.1;7.943282347242822e-08;5.82585359773621e-06;;;;ROUGE;False
1787669549.838815;11.692266367999764;Simulation RF;Détection RF large bande;868 MHz;868 MHz;;2328;1.8761659844040457;-31.04663937616182;-64.04663937616182;3.9385472717577964e-10;0.1;3.938547271757797e-11;2.520593064562597e-09;;;;ORANGE;True
1787669549.8389547;11.692266367999764;Simulation RF;Détection RF large bande;2,45 GHz;2,45 GHz;;2801;2.2569514371163435;-46.27805748465374;-62.978057484653746;5.037258652592499e-10;0.1;5.0372586525925e-11;5.674046928565631e-09;;;;ORANGE;True
1787669549.8484519;11.702084213999115;BLE Sniffer;iBeacon;2,4 GHz BLE;64:d1:2e:b5:04:2d;-62.0;;;;-62.0;6.309573444801942e-10;0.000368;2.321923027687115e-13;7.31814346722698e-12;36;0x00;38;ORANGE;False
1787669549.8492692;11.702901460999783;BLE Sniffer;iBeacon;2,4 GHz BLE;64:d1:2e:b5:04:2d;-68.0;;;;-68.0;1.584893192461111e-10;0.000368;5.832406948256888e-14;7.376467536709548e-12;36;0x00;39;ORANGE;False
1787669549.8477592;11.701392021999709;Wi-Fi;Wi-Fi;2,4/5 GHz;wlan0;-31.0;;;;-31.0;7.943282347242822e-07;0.1;7.943282347242822e-08;5.905286421208638e-06;;;;ROUGE;False
1787669549.9388943;11.792352560998552;Simulation RF;Détection RF large bande;868 MHz;868 MHz;;2413;1.9442789553349646;-33.77115821339858;-66.77115821339858;2.1032174610764103e-10;0.1;2.1032174610764104e-11;2.541625239173361e-09;;;;ORANGE;True
1787669549.9390392;11.792352560998552;Simulation RF;Détection RF large bande;2,45 GHz;2,45 GHz;;2646;2.1325327157465246;-41.30130862986098;-58.001308629860986;1.5844156993779673e-09;0.1;1.5844156993779673e-10;5.8324884985034275e-09;;;;ORANGE;True
1787669549.9476283;11.801261161999719;Wi-Fi;Wi-Fi;2,4/5 GHz;wlan0;-31.0;;;;-31.0;7.943282347242822e-07;0.1;7.943282347242822e-08;5.9847192446810666e-06;;;;ROUGE;False
1787669550.0389676;11.892430030999094;Simulation RF;Détection RF large bande;868 MHz;868 MHz;;2336;1.8828742436652097;-31.314969746608384;-64.31496974660838;3.7025678463725537e-10;0.1;3.702567846372554e-11;2.5786509176370866e-09;;;;ORANGE;True
1787669550.0391145;11.892430030999094;Simulation RF;Détection RF large bande;2,45 GHz;2,45 GHz;;2748;2.2142627077609327;-44.570508310437305;-61.27050831043731;7.463613970672801e-10;0.1;7.463613970672801e-11;5.9071246382101554e-09;;;;ORANGE;True
1787669550.0468702;11.900503033999485;Wi-Fi;Wi-Fi;2,4/5 GHz;wlan0;-31.0;;;;-31.0;7.943282347242822e-07;0.1;7.943282347242822e-08;6.064152068153495e-06;;;;ROUGE;False
1787669550.0519474;11.905579324999053;BLE Sniffer;Appareil BLE;2,4 GHz BLE;7f:c4:af:1a:e1:07;-67.0;;;;-67.0;1.9952623149688828e-10;0.00028;5.5867344819128714e-14;1.6176827584039325e-12;25;0x00;37;ORANGE;False
1787669550.0520444;11.905675841999255;Simulation LoRa;LoRa;868 MHz;LoRa 868.100 MHz;-82.78242258593441;;;;-82.78242258593441;5.269358435329401e-12;0.046335999999999995;2.441609924594231e-13;1.0340455737406336e-12;13;"SNR=6.03;SF=7;BW=125.0;CR=4/5;F=868.100;CRC=OK;PAYLOAD=54454d504f5f4c4f52415f3131";7;VERT;True
1787669550.1390517;11.992510797999785;Simulation RF;Détection RF large bande;868 MHz;868 MHz;;2399;1.9330770343470431;-33.32308137388172;-66.32308137388172;2.3318030316874406e-10;0.1;2.3318030316874407e-11;2.601968947953961e-09;;;;ORANGE;True
1787669550.139186;11.992510797999785;Simulation RF;Détection RF large bande;2,45 GHz;2,45 GHz;;2708;2.1820940296416462;-43.28376118566584;-59.98376118566584;1.0037461244309045e-09;0.1;1.0037461244309045e-10;6.007499250653246e-09;;;;ORANGE;True
1787669550.1479018;12.001534007998998;Wi-Fi;Wi-Fi;2,4/5 GHz;wlan0;-31.0;;;;-31.0;7.943282347242822e-07;0.1;7.943282347242822e-08;6.143584891625923e-06;;;;ROUGE;False
1787669550.1541948;12.00782689100015;BLE Sniffer;iBeacon;2,4 GHz BLE;64:d1:2e:b5:04:2d;-62.0;;;;-62.0;6.309573444801942e-10;0.000368;2.321923027687115e-13;7.60865983947826e-12;36;0x00;38;ORANGE;False
1787669550.1542487;12.007880278999437;BLE Sniffer;iBeacon;2,4 GHz BLE;64:d1:2e:b5:04:2d;-68.0;;;;-68.0;1.584893192461111e-10;0.000368;5.832406948256888e-14;7.666983908960828e-12;36;0x00;39;ORANGE;False
1787669550.239136;12.092585508999036;Simulation RF;Détection RF large bande;868 MHz;868 MHz;;2365;1.9058970351751565;-32.23588140700626;-65.23588140700626;2.995103670067997e-10;0.1;2.9951036700679966e-11;2.631919984654641e-09;;;;ORANGE;True
1787669550.2392812;12.092585508999036;Simulation RF;Détection RF large bande;2,45 GHz;2,45 GHz;;2731;2.2011552298307357;-44.04620919322943;-60.74620919322943;8.421298870700185e-10;0.1;8.421298870700186e-11;6.091712239360248e-09;;;;ORANGE;True
1787669550.2468708;12.100503162999303;Wi-Fi;Wi-Fi;2,4/5 GHz;wlan0;-31.0;;;;-31.0;7.943282347242822e-07;0.1;7.943282347242822e-08;6.223017715098351e-06;;;;ROUGE;False
1787669550.25642;12.110052216999975;BLE Sniffer;Appareil BLE;2,4 GHz BLE;7f:c4:af:1a:e1:07;-67.0;;;;-67.0;1.9952623149688828e-10;0.00028;5.5867344819128714e-14;1.6735501032230611e-12;25;0x00;37;ORANGE;False
1787669550.3392158;12.1926662019996;Simulation RF;Détection RF large bande;868 MHz;868 MHz;;2393;1.9282583243327391;-33.130332973309564;-66.13033297330956;2.43762391872959e-10;0.1;2.43762391872959e-11;2.656296223841937e-09;;;;ORANGE;True
1787669550.3393717;12.1926662019996;Simulation RF;Détection RF large bande;2,45 GHz;2,45 GHz;;2755;2.2201072666286845;-44.80429066514738;-61.50429066514737;7.072467061256084e-10;0.1;7.072467061256084e-11;6.162436909972809e-09;;;;ORANGE;True
1787669550.34791;12.201542821998373;Wi-Fi;Wi-Fi;2,4/5 GHz;wlan0;-31.0;;;;-31.0;7.943282347242822e-07;0.1;7.943282347242822e-08;6.302450538570779e-06;;;;ROUGE;False
1787669550.4394658;12.292746080000143;Simulation RF;Détection RF large bande;868 MHz;868 MHz;;2420;1.9501367085470467;-34.005468341881866;-67.00546834188187;1.9927515968355757e-10;0.1;1.9927515968355757e-11;2.6762237398102925e-09;;;;ORANGE;True
1787669550.439792;12.292746080000143;Simulation RF;Détection RF large bande;2,45 GHz;2,45 GHz;;2776;2.237265034007905;-45.490601360316205;-62.1906013603162;6.038650074079186e-10;0.1;6.038650074079187e-11;6.222823410713601e-09;;;;ORANGE;True
1787669550.44955;12.303183045998594;Wi-Fi;Wi-Fi;2,4/5 GHz;wlan0;-31.0;;;;-31.0;7.943282347242822e-07;0.1;7.943282347242822e-08;6.381883362043207e-06;;;;ROUGE;False
1787669550.459878;12.31351069899938;BLE Sniffer;iBeacon;2,4 GHz BLE;64:d1:2e:b5:04:2d;-62.0;;;;-62.0;6.309573444801942e-10;0.000368;2.321923027687115e-13;7.89917621172954e-12;36;0x00;38;ORANGE;False
1787669550.4599493;12.313580882999304;BLE Sniffer;iBeacon;2,4 GHz BLE;64:d1:2e:b5:04:2d;-68.0;;;;-68.0;1.584893192461111e-10;0.000368;5.832406948256888e-14;7.957500281212108e-12;36;0x00;39;ORANGE;False
1787669550.539364;12.392825290999099;Simulation RF;Détection RF large bande;868 MHz;868 MHz;;2486;2.0033530124255865;-36.13412049702346;-69.13412049702346;1.2206409914390043e-10;0.1;1.2206409914390044e-11;2.6884301497246825e-09;;;;ORANGE;True
1787669550.5395055;12.392825290999099;Simulation RF;Détection RF large bande;2,45 GHz;2,45 GHz;;2743;2.2107482771774136;-44.429931087096534;-61.12993108709653;7.709157016899977e-10;0.1;7.709157016899978e-11;6.299914980882601e-09;;;;ORANGE;True
1787669550.5481849;12.401817890999155;Wi-Fi;Wi-Fi;2,4/5 GHz;wlan0;-31.0;;;;-31.0;7.943282347242822e-07;0.1;7.943282347242822e-08;6.4613161855156356e-06;;;;ROUGE;False
1787669550.5622663;12.415898595998442;BLE Sniffer;Appareil BLE;2,4 GHz BLE;7f:c4:af:1a:e1:07;-67.0;;;;-67.0;1.9952623149688828e-10;0.00028;5.5867344819128714e-14;1.7294174480421898e-12;25;0x00;37;ORANGE;False
1787669550.639467;12.492907575999197;Simulation RF;Détection RF large bande;868 MHz;868 MHz;;2392;1.9272356278486975;-33.0894251139479;-66.0894251139479;2.460693310482279e-10;0.1;2.4606933104822792e-11;2.713037082829505e-09;;;;ORANGE;True
1787669550.639623;12.492907575999197;Simulation RF;Détection RF large bande;2,45 GHz;2,45 GHz;;2753;2.218260782056406;-44.73043128225625;-61.430431282256244;7.193775356563404e-10;0.1;7.193775356563405e-11;6.3718527344482345e-09;;;;ORANGE;True
1787669550.6481779;12.50181025099846;Wi-Fi;Wi-Fi;2,4/5 GHz;wlan0;-31.0;;;;-31.0;7.943282347242822e-07;0.1;7.943282347242822e-08;6.540749008988064e-06;;;;ROUGE;False
1787669550.7395403;12.59299000899955;Simulation RF;Détection RF large bande;868 MHz;868 MHz;;2363;1.9040205706462048;-32.160822825848186;-65.16082282584819;3.047317582056836e-10;0.1;3.047317582056836e-11;2.7435102586500736e-09;;;;ORANGE;True
1787669550.7396886;12.59299000899955;Simulation RF;Détection RF large bande;2,45 GHz;2,45 GHz;;2730;2.200222130079253;-44.00888520317011;-60.70888520317011;8.493984803879051e-10;0.1;8.493984803879051e-11;6.456792582487025e-09;;;;ORANGE;True
1787669550.7482193;12.601851944998998;Wi-Fi;Wi-Fi;2,4/5 GHz;wlan0;-31.0;;;;-31.0;7.943282347242822e-07;0.1;7.943282347242822e-08;6.620181832460492e-06;;;;ROUGE;False
1787669550.765896;12.619529779000004;BLE Sniffer;iBeacon;2,4 GHz BLE;64:d1:2e:b5:04:2d;-62.0;;;;-62.0;6.309573444801942e-10;0.000368;2.321923027687115e-13;8.18969258398082e-12;36;0x00;38;ORANGE;False
1787669550.7659824;12.619614092998745;BLE Sniffer;iBeacon;2,4 GHz BLE;64:d1:2e:b5:04:2d;-68.0;;;;-68.0;1.584893192461111e-10;0.000368;5.832406948256888e-14;8.248016653463389e-12;36;0x00;39;ORANGE;False
1787669550.8396435;12.693076701998507;Simulation RF;Détection RF large bande;868 MHz;868 MHz;;2343;1.8881889600347925;-31.5275584013917;-64.5275584013917;3.5256902923996e-10;0.1;3.5256902923996e-11;2.7787671615740698e-09;;;;ORANGE;True
1787669550.8398015;12.693076701998507;Simulation RF;Détection RF large bande;2,45 GHz;2,45 GHz;;2773;2.234818362934627;-45.39273451738508;-62.09273451738508;6.176273911297653e-10;0.1;6.176273911297653e-11;6.518555321600002e-09;;;;ORANGE;True
1787669550.8500063;12.703639350998856;Wi-Fi;Wi-Fi;2,4/5 GHz;wlan0;-31.0;;;;-31.0;7.943282347242822e-07;0.1;7.943282347242822e-08;6.69961465593292e-06;;;;ROUGE;False
1787669550.868368;12.72200091599916;BLE Sniffer;Appareil BLE;2,4 GHz BLE;7f:c4:af:1a:e1:07;-67.0;;;;-67.0;1.9952623149688828e-10;0.00028;5.5867344819128714e-14;1.7852847928613184e-12;25;0x00;37;ORANGE;False
1787669550.9397705;12.793164764998437;Simulation RF;Détection RF large bande;868 MHz;868 MHz;;2403;1.9367236304260338;-33.46894521704135;-66.46894521704135;2.2547867719238392e-10;0.1;2.2547867719238395e-11;2.801315029293308e-09;;;;ORANGE;True
1787669550.939996;12.793164764998437;Simulation RF;Détection RF large bande;2,45 GHz;2,45 GHz;;2748;2.2144993309167353;-44.5799732366694;-61.2799732366694;7.447365633194546e-10;0.1;7.447365633194547e-11;6.593028977931947e-09;;;;ORANGE;True
1787669550.9499023;12.803534842998488;Wi-Fi;Wi-Fi;2,4/5 GHz;wlan0;-31.0;;;;-31.0;7.943282347242822e-07;0.1;7.943282347242822e-08;6.779047479405348e-06;;;;ROUGE;False
1787669550.9729052;12.82653846499852;BLE Sniffer;iBeacon;2,4 GHz BLE;64:d1:2e:b5:04:2d;-62.0;;;;-62.0;6.309573444801942e-10;0.000368;2.321923027687115e-13;8.4802089562321e-12;36;0x00;38;ORANGE;False
1787669551.0400617;12.893282900999111;Simulation RF;Détection RF large bande;868 MHz;868 MHz;;2424;1.9532783462115224;-34.13113384846089;-67.13113384846089;1.935916472265966e-10;0.1;1.935916472265966e-11;2.820674194015968e-09;;;;ORANGE;True
1787669551.0403059;12.893282900999111;Simulation RF;Détection RF large bande;2,45 GHz;2,45 GHz;;2672;2.1534642647951947;-42.13857059180778;-58.83857059180777;1.3066008633523278e-09;0.1;1.3066008633523278e-10;6.72368906426718e-09;;;;ORANGE;True
1787669551.0496829;12.903315892999672;Wi-Fi;Wi-Fi;2,4/5 GHz;wlan0;-31.0;;;;-31.0;7.943282347242822e-07;0.1;7.943282347242822e-08;6.858480302877776e-06;;;;ROUGE;False
1787669551.0737438;12.927376996998646;BLE Sniffer;iBeacon;2,4 GHz BLE;64:d1:2e:b5:04:2d;-68.0;;;;-68.0;1.584893192461111e-10;0.000368;5.832406948256888e-14;8.538533025714669e-12;36;0x00;39;ORANGE;False
1787669551.073861;12.92749247699976;Simulation LoRa;LoRa;868 MHz;LoRa 868.100 MHz;-85.8778798117541;;;;-85.8778798117541;2.5835211355795117e-12;0.046335999999999995;1.1971003533821224e-13;1.1537556090788458e-12;13;"SNR=7.73;SF=7;BW=125.0;CR=4/5;F=868.100;CRC=OK;PAYLOAD=54454d504f5f4c4f52415f3132";7;VERT;True
1787669551.0748506;12.928483220999624;BLE Sniffer;Appareil BLE;2,4 GHz BLE;7f:c4:af:1a:e1:07;-67.0;;;;-67.0;1.9952623149688828e-10;0.00028;5.5867344819128714e-14;1.841152137680447e-12;25;0x00;37;ORANGE;False
1787669551.0752816;12.928913769999781;BLE Sniffer;Appareil BLE;2,4 GHz BLE;7f:c4:b7:1a:e1:07;-77.0;;;;-77.0;1.9952623149688828e-11;0.000128;2.55393576316017e-15;2.55393576316017e-15;6;0x04;38;VERT;False
1787669551.1399226;12.993367538998427;Simulation RF;Détection RF large bande;868 MHz;868 MHz;;2425;1.9544954554401777;-34.17981821760711;-67.1798182176071;1.914336051598766e-10;0.1;1.9143360515987662e-11;2.8398175545319553e-09;;;;ORANGE;True
1787669551.1400733;12.993367538998427;Simulation RF;Détection RF large bande;2,45 GHz;2,45 GHz;;2695;2.1719183585021007;-42.87673434008403;-59.57673434008403;1.1023679190973588e-09;0.1;1.1023679190973589e-10;6.833925856176916e-09;;;;ORANGE;True
1787669551.1485822;13.00221467799929;Wi-Fi;Wi-Fi;2,4/5 GHz;wlan0;-31.0;;;;-31.0;7.943282347242822e-07;0.1;7.943282347242822e-08;6.9379131263502046e-06;;;;ROUGE;False
1787669551.2400138;13.093452675999288;Simulation RF;Détection RF large bande;868 MHz;868 MHz;;2342;1.8870836723270827;-31.483346893083308;-64.48334689308331;3.561765399634693e-10;0.1;3.5617653996346936e-11;2.8754352085283023e-09;;;;ORANGE;True
1787669551.2401712;13.093452675999288;Simulation RF;Détection RF large bande;2,45 GHz;2,45 GHz;;2720;2.191872202365774;-43.67488809463096;-60.37488809463096;9.172995712932577e-10;0.1;9.172995712932577e-11;6.925655813306242e-09;;;;ORANGE;True
1787669551.2487068;13.102339795999796;Wi-Fi;Wi-Fi;2,4/5 GHz;wlan0;-31.0;;;;-31.0;7.943282347242822e-07;0.1;7.943282347242822e-08;7.017345949822633e-06;;;;ROUGE;False
1787669551.2799406;13.133573399998568;BLE Sniffer;iBeacon;2,4 GHz BLE;64:d1:2e:b5:04:2d;-68.0;;;;-68.0;1.584893192461111e-10;0.000368;5.832406948256888e-14;8.596857095197237e-12;36;0x00;39;ORANGE;False
1787669551.3400888;13.193534942998667;Simulation RF;Détection RF large bande;868 MHz;868 MHz;;2405;1.9380611462089874;-33.522445848359496;-66.5224458483595;2.227180498291738e-10;0.1;2.2271804982917382e-11;2.8977070135112196e-09;;;;ORANGE;True
1787669551.3402355;13.193534942998667;Simulation RF;Détection RF large bande;2,45 GHz;2,45 GHz;;2727;2.197226192714382;-43.889047708575276;-60.58904770857527;8.731628086050383e-10;0.1;8.731628086050383e-11;7.012972094166746e-09;;;;ORANGE;True
1787669551.348764;13.202396340999258;Wi-Fi;Wi-Fi;2,4/5 GHz;wlan0;-31.0;;;;-31.0;7.943282347242822e-07;0.1;7.943282347242822e-08;7.096778773295061e-06;;;;ROUGE;False
1787669551.3807986;13.234431172999393;BLE Sniffer;Appareil BLE;2,4 GHz BLE;7f:c4:af:1a:e1:07;-67.0;;;;-67.0;1.9952623149688828e-10;0.00028;5.5867344819128714e-14;1.8970194824995757e-12;25;0x00;37;ORANGE;False
1787669551.4403102;13.293634042998747;Simulation RF;Détection RF large bande;868 MHz;868 MHz;;2358;1.8999619851113723;-31.998479404454883;-64.99847940445488;3.1633850625023477e-10;0.1;3.163385062502348e-11;2.9293408641362433e-09;;;;ORANGE;True
1787669551.4405496;13.293634042998747;Simulation RF;Détection RF large bande;2,45 GHz;2,45 GHz;;2753;2.218503889655341;-44.740155586213646;-61.44015558621365;7.177685767158725e-10;0.1;7.177685767158725e-11;7.084748951838333e-09;;;;ORANGE;True
1787669551.4493697;13.303001913998742;Wi-Fi;Wi-Fi;2,4/5 GHz;wlan0;-31.0;;;;-31.0;7.943282347242822e-07;0.1;7.943282347242822e-08;7.176211596767489e-06;;;;ROUGE;False
1787669551.540247;13.393711883998549;Simulation RF;Détection RF large bande;868 MHz;868 MHz;;2442;1.967779793223027;-34.71119172892108;-67.71119172892108;1.6938729282397576e-10;0.1;1.6938729282397576e-11;2.946279593418641e-09;;;;ORANGE;True
1787669551.5404024;13.393711883998549;Simulation RF;Détection RF large bande;2,45 GHz;2,45 GHz;;2661;2.1440179209094867;-41.76071683637947;-58.460716836379476;1.4253723055442688e-09;0.1;1.4253723055442688e-10;7.22728618239276e-09;;;;ORANGE;True
1787669551.5489695;13.402602725998804;Wi-Fi;Wi-Fi;2,4/5 GHz;wlan0;-31.0;;;;-31.0;7.943282347242822e-07;0.1;7.943282347242822e-08;7.255644420239917e-06;;;;ROUGE;False
1787669551.5848286;13.43846123899857;BLE Sniffer;iBeacon;2,4 GHz BLE;64:d1:2e:b5:04:2d;-62.0;;;;-62.0;6.309573444801942e-10;0.000368;2.321923027687115e-13;8.829049397965949e-12;36;0x00;38;ORANGE;False
1787669551.586183;13.43981543999871;BLE Sniffer;iBeacon;2,4 GHz BLE;64:d1:2e:b5:04:2d;-68.0;;;;-68.0;1.584893192461111e-10;0.000368;5.832406948256888e-14;8.887373467448517e-12;36;0x00;39;ORANGE;False
1787669551.5862482;13.439879771998676;BLE Sniffer;Appareil BLE;2,4 GHz BLE;7f:c4:af:1a:e1:07;-67.0;;;;-67.0;1.9952623149688828e-10;0.00028;5.5867344819128714e-14;1.9528868273187043e-12;25;0x00;37;ORANGE;False
1787669551.640393;13.49380402099996;Simulation RF;Détection RF large bande;868 MHz;868 MHz;;2435;1.9619521330433003;-34.47808532173201;-67.47808532173201;1.7872753589937667e-10;0.1;1.787275358993767e-11;2.9641523470085785e-09;;;;ORANGE;True
1787669551.6405792;13.49380402099996;Simulation RF;Détection RF large bande;2,45 GHz;2,45 GHz;;2777;2.2381116186024768;-45.52446474409906;-62.22446474409906;5.991747806903598e-10;0.1;5.991747806903598e-11;7.287203660461796e-09;;;;ORANGE;True
1787669551.6509938;13.504626517998986;Wi-Fi;Wi-Fi;2,4/5 GHz;wlan0;-31.0;;;;-31.0;7.943282347242822e-07;0.1;7.943282347242822e-08;7.335077243712345e-06;;;;ROUGE;False
1787669551.6876316;13.541264869998486;BLE Sniffer;Appareil BLE;2,4 GHz BLE;55:c9:1c:54:32:ce;-91.0;;;;-91.0;7.943282347242822e-13;0.000176;1.3980176931147365e-16;1.3980176931147365e-16;12;0x03;38;VERT;False
1787669551.7404675;13.593889046998811;Simulation RF;Détection RF large bande;868 MHz;868 MHz;;2386;1.9228898015095799;-32.91559206038319;-65.91559206038319;2.5611840818951587e-10;0.1;2.561184081895159e-11;2.98976418782753e-09;;;;ORANGE;True
1787669551.7406187;13.593889046998811;Simulation RF;Détection RF large bande;2,45 GHz;2,45 GHz;;2727;2.197650100658555;-43.9060040263422;-60.606004026342205;8.697603337482159e-10;0.1;8.69760333748216e-11;7.374179693836618e-09;;;;ORANGE;True
1787669551.7491188;13.60275142699902;Wi-Fi;Wi-Fi;2,4/5 GHz;wlan0;-30.0;;;;-30.0;1e-06;0.1;1e-07;7.435077243712345e-06;;;;ROUGE;False
1787669551.840526;13.693984165000074;Simulation RF;Détection RF large bande;868 MHz;868 MHz;;2403;1.9364390086458145;-33.457560345832576;-66.45756034583258;2.2607053673875583e-10;0.1;2.2607053673875583e-11;3.0123712415014058e-09;;;;ORANGE;True
1787669551.8406827;13.693984165000074;Simulation RF;Détection RF large bande;2,45 GHz;2,45 GHz;;2809;2.2637809008616845;-46.55123603446738;-63.251236034467375;4.730166157474977e-10;0.1;4.730166157474977e-11;7.421481355411368e-09;;;;ORANGE;True
1787669551.8500385;13.703671346998817;Wi-Fi;Wi-Fi;2,4/5 GHz;wlan0;-30.0;;;;-30.0;1e-06;0.1;1e-07;7.535077243712345e-06;;;;ROUGE;False
1787669551.891596;13.745228955998755;BLE Sniffer;iBeacon;2,4 GHz BLE;64:d1:2e:b5:04:2d;-68.0;;;;-68.0;1.584893192461111e-10;0.000368;5.832406948256888e-14;8.945697536931086e-12;36;0x00;39;ORANGE;False
1787669551.89314;13.746772208998664;BLE Sniffer;Appareil BLE;2,4 GHz BLE;7f:c4:af:1a:e1:07;-67.0;;;;-67.0;1.9952623149688828e-10;0.00028;5.5867344819128714e-14;2.008754172137833e-12;25;0x00;37;ORANGE;False
1787669551.9406016;13.79406822799865;Simulation RF;Détection RF large bande;868 MHz;868 MHz;;2419;1.9495341944839248;-33.98136777935699;-66.98136777935699;2.0038408326609462e-10;0.1;2.003840832660946e-11;3.0324096498280153e-09;;;;ORANGE;True
1787669551.9407465;13.79406822799865;Simulation RF;Détection RF large bande;2,45 GHz;2,45 GHz;;2688;2.166047688196693;-42.6419075278677;-59.341907527867704;1.1636148289843025e-09;0.1;1.1636148289843026e-10;7.537842838309799e-09;;;;ORANGE;True
1787669551.9493957;13.803028217998872;Wi-Fi;Wi-Fi;2,4/5 GHz;wlan0;-30.0;;;;-30.0;1e-06;0.1;1e-07;7.635077243712346e-06;;;;ROUGE;False
1787669551.9947824;13.848415525999371;BLE Sniffer;Appareil BLE;2,4 GHz BLE;7f:c4:a7:1a:e1:07;-77.0;;;;-77.0;1.9952623149688828e-11;0.000536;1.0694606008233212e-14;1.0694606008233212e-14;57;0x01;38;VERT;False
1787669552.0501943;13.894160864998412;Simulation RF;Détection RF large bande;868 MHz;868 MHz;;2352;1.8953507167726085;-31.814028670904335;-64.81402867090434;3.3006322053645167e-10;0.1;3.300632205364517e-11;3.0654159718816605e-09;;;;ORANGE;True
1787669552.050683;13.894160864998412;Simulation RF;Détection RF large bande;2,45 GHz;2,45 GHz;;2774;2.2353893846734745;-45.41557538693897;-62.11557538693897;6.143876274858139e-10;0.1;6.143876274858139e-11;7.59928160105838e-09;;;;ORANGE;True
1787669552.063929;13.91756116599936;Wi-Fi;Wi-Fi;2,4/5 GHz;wlan0;-30.0;;;;-30.0;1e-06;0.1;1e-07;7.735077243712347e-06;;;;ROUGE;False
1787669552.0971956;13.95082870099941;Simulation LoRa;LoRa;868 MHz;LoRa 868.100 MHz;-87.96551233998798;;;;-87.96551233998798;1.597529056413521e-12;0.046335999999999995;7.40231063579769e-14;1.2277787154368227e-12;13;"SNR=5.92;SF=7;BW=125.0;CR=4/5;F=868.100;CRC=OK;PAYLOAD=54454d504f5f4c4f52415f3133";7;VERT;True
1787669552.1408088;13.994234983998467;Simulation RF;Détection RF large bande;868 MHz;868 MHz;;2434;1.9612342292299072;-34.44936916919629;-67.44936916919629;1.7991322275912822e-10;0.1;1.7991322275912822e-11;3.0834072941575735e-09;;;;ORANGE;True
1787669552.1409705;13.994234983998467;Simulation RF;Détection RF large bande;2,45 GHz;2,45 GHz;;2730;2.199702139340342;-43.98808557361369;-60.68808557361369;8.534762545067506e-10;0.1;8.534762545067508e-11;7.684629226509056e-09;;;;ORANGE;True
1787669552.1494567;14.003089141999226;Wi-Fi;Wi-Fi;2,4/5 GHz;wlan0;-30.0;;;;-30.0;1e-06;0.1;1e-07;7.835077243712347e-06;;;;ROUGE;False
1787669552.1995213;14.05315395099933;BLE Sniffer;iBeacon;2,4 GHz BLE;64:d1:2e:b5:04:2d;-68.0;;;;-68.0;1.584893192461111e-10;0.000368;5.832406948256888e-14;9.004021606413654e-12;36;0x00;39;ORANGE;False
1787669552.199596;14.053227542999593;BLE Sniffer;Appareil BLE;2,4 GHz BLE;7f:c4:af:1a:e1:07;-68.0;;;;-68.0;1.584893192461111e-10;0.00028;4.43770093889111e-14;2.0531311815267443e-12;25;0x00;37;ORANGE;False
1787669552.2010882;14.05472070399992;BLE Sniffer;Appareil BLE;2,4 GHz BLE;7f:c4:af:1a:e1:07;-77.0;;;;-77.0;1.9952623149688828e-11;0.00028;5.586734481912872e-15;2.058717916008657e-12;25;0x00;38;VERT;False
1787669552.2011569;14.054788351999377;BLE Sniffer;Appareil BLE;2,4 GHz BLE;7f:c4:af:1a:e1:07;-68.0;;;;-68.0;1.584893192461111e-10;0.00028;4.43770093889111e-14;2.1030949253975682e-12;25;0x00;39;ORANGE;False
1787669552.2425418;14.094343509999817;Simulation RF;Détection RF large bande;868 MHz;868 MHz;;2396;1.9306304477921925;-33.22521791168769;-66.2252179116877;2.3849441254578386e-10;0.1;2.3849441254578386e-11;3.1072567354121518e-09;;;;ORANGE;True
1787669552.2531564;14.094343509999817;Simulation RF;Détection RF large bande;2,45 GHz;2,45 GHz;;2701;2.176817054820725;-43.07268219282899;-59.77268219282899;1.0537359104898542e-09;0.1;1.0537359104898542e-10;7.790002817558042e-09;;;;ORANGE;True
1787669552.2647762;14.118408966998686;Wi-Fi;Wi-Fi;2,4/5 GHz;wlan0;-30.0;;;;-30.0;1e-06;0.1;1e-07;7.935077243712348e-06;;;;ROUGE;False
1787669552.3029406;14.15657355499934;BLE Sniffer;Appareil BLE;2,4 GHz BLE;d5:c9:9c:34:32:ce;-89.0;;;;-89.0;1.258925411794166e-12;0.000176;2.2157087247577323e-16;2.2157087247577323e-16;12;0x03;37;VERT;False
1787669552.3409758;14.194424665998667;Simulation RF;Détection RF large bande;868 MHz;868 MHz;;2441;1.966904947826969;-34.67619791307875;-67.67619791307875;1.707576654773906e-10;0.1;1.707576654773906e-11;3.124332501959891e-09;;;;ORANGE;True
1787669552.341135;14.194424665998667;Simulation RF;Détection RF large bande;2,45 GHz;2,45 GHz;;2730;2.2003664540964083;-44.014658163856325;-60.71465816385633;8.482701477456868e-10;0.1;8.482701477456868e-11;7.87482983233261e-09;;;;ORANGE;True
1787669552.3496523;14.203285008999956;Wi-Fi;Wi-Fi;2,4/5 GHz;wlan0;-30.0;;;;-30.0;1e-06;0.1;1e-07;8.035077243712349e-06;;;;ROUGE;False
1787669552.406785;14.260418558998936;BLE Sniffer;iBeacon;2,4 GHz BLE;64:d1:2e:b5:04:2d;-62.0;;;;-62.0;6.309573444801942e-10;0.000368;2.321923027687115e-13;9.236213909182366e-12;36;0x00;38;ORANGE;False
1787669552.4068573;14.260488762000023;BLE Sniffer;iBeacon;2,4 GHz BLE;64:d1:2e:b5:04:2d;-68.0;;;;-68.0;1.584893192461111e-10;0.000368;5.832406948256888e-14;9.294537978664935e-12;36;0x00;39;ORANGE;False
1787669552.4410396;14.294504969999252;Simulation RF;Détection RF large bande;868 MHz;868 MHz;;2438;1.9648214476653925;-34.59285790661569;-67.59285790661569;1.7406610416865186e-10;0.1;1.7406610416865188e-11;3.141739112376756e-09;;;;ORANGE;True
1787669552.4411788;14.294504969999252;Simulation RF;Détection RF large bande;2,45 GHz;2,45 GHz;;2761;2.2252283516208804;-45.00913406483521;-61.709134064835204;6.746625345356381e-10;0.1;6.746625345356381e-11;7.942296085786174e-09;;;;ORANGE;True
1787669552.4584694;14.312105601999065;Wi-Fi;Wi-Fi;2,4/5 GHz;wlan0;-30.0;;;;-30.0;1e-06;0.1;1e-07;8.13507724371235e-06;;;;ROUGE;False
1787669552.5080585;14.361691658999916;BLE Sniffer;Appareil BLE;2,4 GHz BLE;7f:c4:af:1a:e1:07;-70.0;;;;-70.0;1e-10;0.00028;2.7999999999999997e-14;2.131094925397568e-12;25;0x00;37;ORANGE;False
1787669552.541097;14.394583534000049;Simulation RF;Détection RF large bande;868 MHz;868 MHz;;2385;1.9216118811086513;-32.86447524434605;-65.86447524434605;2.591507532879584e-10;0.1;2.5915075328795844e-11;3.167654187705552e-09;;;;ORANGE;True
1787669552.5412521;14.394583534000049;Simulation RF;Détection RF large bande;2,45 GHz;2,45 GHz;;2744;2.2115761876031947;-44.463047504127786;-61.16304750412779;7.650595656860997e-10;0.1;7.650595656860997e-11;8.018802042354784e-09;;;;ORANGE;True
1787669552.54973;14.403362914999889;Wi-Fi;Wi-Fi;2,4/5 GHz;wlan0;-30.0;;;;-30.0;1e-06;0.1;1e-07;8.23507724371235e-06;;;;ROUGE;False
1787669552.64119;14.494662133998645;Simulation RF;Détection RF large bande;868 MHz;868 MHz;;2440;1.966097096476505;-34.643883859060196;-67.6438838590602;1.7203294107207582e-10;0.1;1.7203294107207584e-11;3.1848574818127597e-09;;;;ORANGE;True
1787669552.6413388;14.494662133998645;Simulation RF;Détection RF large bande;2,45 GHz;2,45 GHz;;2742;2.2097552609440725;-44.3902104377629;-61.0902104377629;7.779988521254949e-10;0.1;7.77998852125495e-11;8.096601927567334e-09;;;;ORANGE;True
1787669552.6542447;14.507877315998485;Wi-Fi;Wi-Fi;2,4/5 GHz;wlan0;-30.0;;;;-30.0;1e-06;0.1;1e-07;8.335077243712351e-06;;;;ROUGE;False
1787669552.7136362;14.567268904998855;BLE Sniffer;iBeacon;2,4 GHz BLE;64:d1:2e:b5:04:2d;-62.0;;;;-62.0;6.309573444801942e-10;0.000368;2.321923027687115e-13;9.526730281433646e-12;36;0x00;38;ORANGE;False
1787669552.7412956;14.59474630799923;Simulation RF;Détection RF large bande;868 MHz;868 MHz;;2446;1.9713967669872425;-34.8558706794897;-67.8558706794897;1.638373564994288e-10;0.1;1.638373564994288e-11;3.2012412174627025e-09;;;;ORANGE;True
1787669552.7414396;14.59474630799923;Simulation RF;Détection RF large bande;2,45 GHz;2,45 GHz;;2691;2.1682430512127024;-42.729722048508094;-59.42972204850809;1.1403227666767285e-09;0.1;1.1403227666767286e-10;8.210634204235007e-09;;;;ORANGE;True
1787669552.7500079;14.603640280000036;Wi-Fi;Wi-Fi;2,4/5 GHz;wlan0;-30.0;;;;-30.0;1e-06;0.1;1e-07;8.435077243712352e-06;;;;ROUGE;False
1787669552.8146737;14.668306546000167;BLE Sniffer;iBeacon;2,4 GHz BLE;64:d1:2e:b5:04:2d;-68.0;;;;-68.0;1.584893192461111e-10;0.000368;5.832406948256888e-14;9.585054350916215e-12;36;0x00;39;ORANGE;False
1787669552.8147554;14.668386784998802;BLE Sniffer;Appareil BLE;2,4 GHz BLE;7f:c4:af:1a:e1:07;-67.0;;;;-67.0;1.9952623149688828e-10;0.00028;5.5867344819128714e-14;2.1869622702166967e-12;25;0x00;37;ORANGE;False
1787669552.8413348;14.694823574998736;Simulation RF;Détection RF large bande;868 MHz;868 MHz;;2447;1.971937242463427;-34.877489698537076;-67.87748969853708;1.6302380677488254e-10;0.1;1.6302380677488256e-11;3.2175435981401906e-09;;;;ORANGE;True
1787669552.8415847;14.694823574998736;Simulation RF;Détection RF large bande;2,45 GHz;2,45 GHz;;2699;2.1753134213272;-43.012536853087994;-59.71253685308799;1.068430592397591e-09;0.1;1.068430592397591e-10;8.317477263474766e-09;;;;ORANGE;True
1787669552.8565614;14.710194260998833;Wi-Fi;Wi-Fi;2,4/5 GHz;wlan0;-30.0;;;;-30.0;1e-06;0.1;1e-07;8.535077243712353e-06;;;;ROUGE;False
1787669552.9414313;14.7949042679993;Simulation RF;Détection RF large bande;868 MHz;868 MHz;;2401;1.935167556537733;-33.406702261509324;-66.40670226150932;2.2873349915719984e-10;0.1;2.2873349915719985e-11;3.2404169480559106e-09;;;;ORANGE;True
1787669552.9415803;14.7949042679993;Simulation RF;Détection RF large bande;2,45 GHz;2,45 GHz;;2736;2.204931941112267;-44.19727764449068;-60.897277644490686;8.13340195061056e-10;0.1;8.13340195061056e-11;8.39881128298087e-09;;;;ORANGE;True
1787669552.9499693;14.803602557998602;Wi-Fi;Wi-Fi;2,4/5 GHz;wlan0;-30.0;;;;-30.0;1e-06;0.1;1e-07;8.635077243712353e-06;;;;ROUGE;False
1787669553.0207772;14.874409856998682;BLE Sniffer;Appareil BLE;2,4 GHz BLE;7f:c4:af:1c:c1:07;-77.0;;;;-77.0;1.9952623149688828e-11;0.00028;5.586734481912872e-15;5.586734481912872e-15;25;0x00;38;VERT;False
1787669553.0208535;14.874485022999579;BLE Sniffer;Appareil BLE;2,4 GHz BLE;7f:c4:af:1a:e1:07;-68.0;;;;-68.0;1.584893192461111e-10;0.00028;4.43770093889111e-14;2.231339279605608e-12;25;0x00;39;ORANGE;False
1787669553.0414865;14.894978090998848;Simulation RF;Détection RF large bande;868 MHz;868 MHz;;2456;1.9795788127939529;-35.18315251175811;-68.18315251175811;1.5194441759512195e-10;0.1;1.5194441759512194e-11;3.2556113898154228e-09;;;;ORANGE;True
1787669553.0416245;14.894978090998848;Simulation RF;Détection RF large bande;2,45 GHz;2,45 GHz;;2804;2.2597371654677;-46.38948661870799;-63.08948661870799;4.909659100044435e-10;0.1;4.909659100044435e-11;8.447907873981314e-09;;;;ORANGE;True
1787669553.0500014;14.90363404799973;Wi-Fi;Wi-Fi;2,4/5 GHz;wlan0;-30.0;;;;-30.0;1e-06;0.1;1e-07;8.735077243712354e-06;;;;ROUGE;False
1787669553.1221564;14.97578951200012;Simulation LoRa;LoRa;868 MHz;LoRa 868.100 MHz;-87.91364660535248;;;;-87.91364660535248;1.6167219677037297e-12;0.046335999999999995;7.491242909552002e-14;1.3026911445323426e-12;13;"SNR=7.45;SF=7;BW=125.0;CR=4/5;F=868.100;CRC=OK;PAYLOAD=54454d504f5f4c4f52415f3134";7;VERT;True
1787669553.141579;14.995059117998608;Simulation RF;Détection RF large bande;868 MHz;868 MHz;;2437;1.9641338731026083;-34.56535492410433;-67.56535492410433;1.7517192703359484e-10;0.1;1.7517192703359484e-11;3.2731285825187825e-09;;;;ORANGE;True
1787669553.1417298;14.995059117998608;Simulation RF;Détection RF large bande;2,45 GHz;2,45 GHz;;2774;2.235093250538711;-45.40373002154844;-62.103730021548444;6.160656547571492e-10;0.1;6.160656547571493e-11;8.509514439457029e-09;;;;ORANGE;True
1787669553.1501625;15.003794758998993;Wi-Fi;Wi-Fi;2,4/5 GHz;wlan0;-31.0;;;;-31.0;7.943282347242822e-07;0.1;7.943282347242822e-08;8.814510067184782e-06;;;;ROUGE;False
1787669553.2262695;15.079902567998943;BLE Sniffer;Appareil BLE;2,4 GHz BLE;7f:c4:af:1a:e1:07;-67.0;;;;-67.0;1.9952623149688828e-10;0.00028;5.5867344819128714e-14;2.2872066244247367e-12;25;0x00;37;ORANGE;False
1787669553.2416432;15.09513838499879;Simulation RF;Détection RF large bande;868 MHz;868 MHz;;2472;1.9917572754837687;-35.67029101935074;-68.67029101935074;1.3582224294847537e-10;0.1;1.3582224294847538e-11;3.28671080681363e-09;;;;ORANGE;True
1787669553.2417877;15.09513838499879;Simulation RF;Détection RF large bande;2,45 GHz;2,45 GHz;;2784;2.2437607354144453;-45.750429416577816;-62.45042941657781;5.6879668725502e-10;0.1;5.6879668725502005e-11;8.56639410818253e-09;;;;ORANGE;True
1787669553.2501674;15.103799544998765;Wi-Fi;Wi-Fi;2,4/5 GHz;wlan0;-31.0;;;;-31.0;7.943282347242822e-07;0.1;7.943282347242822e-08;8.89394289065721e-06;;;;ROUGE;False
1787669553.3286707;15.182304021000164;BLE Sniffer;iBeacon;2,4 GHz BLE;64:d1:2e:b5:04:2d;-62.0;;;;-62.0;6.309573444801942e-10;0.000368;2.321923027687115e-13;9.817246653684927e-12;36;0x00;38;ORANGE;False
1787669553.3287482;15.182379852998565;BLE Sniffer;iBeacon;2,4 GHz BLE;64:d1:2e:b5:04:2d;-68.0;;;;-68.0;1.584893192461111e-10;0.000368;5.832406948256888e-14;9.875570723167495e-12;36;0x00;39;ORANGE;False
1787669553.3417263;15.195217151998804;Simulation RF;Détection RF large bande;868 MHz;868 MHz;;2518;2.029024585207188;-37.16098340828752;-70.16098340828752;9.636108006937006e-11;0.1;9.636108006937007e-12;3.2963469148205673e-09;;;;VERT;True
1787669553.3418765;15.195217151998804;Simulation RF;Détection RF large bande;2,45 GHz;2,45 GHz;;2715;2.1875386206572034;-43.501544826288125;-60.20154482628812;9.546529465933999e-10;0.1;9.546529465934e-11;8.66185940284187e-09;;;;ORANGE;True
1787669553.3502407;15.203873294000005;Wi-Fi;Wi-Fi;2,4/5 GHz;wlan0;-31.0;;;;-31.0;7.943282347242822e-07;0.1;7.943282347242822e-08;8.973375714129639e-06;;;;ROUGE;False
1787669553.4315608;15.285193798999899;BLE Sniffer;Appareil BLE;2,4 GHz BLE;d3:23:2f:4d:3e:b1;-78.0;;;;-78.0;1.5848931924611107e-11;0.000376;5.959198403653776e-15;3.292763458734949e-14;37;0x00;37;VERT;False
1787669553.4417956;15.295299677998628;Simulation RF;Détection RF large bande;868 MHz;868 MHz;;2429;1.9572557270470126;-34.2902290818805;-67.2902290818805;1.8662812455375276e-10;0.1;1.8662812455375278e-11;3.3150097272759424e-09;;;;ORANGE;True
1787669553.4419422;15.295299677998628;Simulation RF;Détection RF large bande;2,45 GHz;2,45 GHz;;2750;2.216161314759276;-44.64645259037104;-61.34645259037104;7.334233643280469e-10;0.1;7.33423364328047e-11;8.735201739274674e-09;;;;ORANGE;True
1787669553.4532146;15.306847052999728;Wi-Fi;Wi-Fi;2,4/5 GHz;wlan0;-31.0;;;;-31.0;7.943282347242822e-07;0.1;7.943282347242822e-08;9.052808537602067e-06;;;;ROUGE;False
1787669553.5340188;15.387651639999604;BLE Sniffer;iBeacon;2,4 GHz BLE;64:d1:2e:b5:04:2d;-62.0;;;;-62.0;6.309573444801942e-10;0.000368;2.321923027687115e-13;1.0107763025936207e-11;36;0x00;38;ORANGE;False
1787669553.5418751;15.395377519998874;Simulation RF;Détection RF large bande;868 MHz;868 MHz;;2466;1.98690874620692;-35.4763498482768;-68.4763498482768;1.420250710373006e-10;0.1;1.4202507103730061e-11;3.3292122343796725e-09;;;;ORANGE;True
1787669553.5420184;15.395377519998874;Simulation RF;Détection RF large bande;2,45 GHz;2,45 GHz;;2785;2.2441894968869134;-45.76757987547653;-62.46757987547653;5.665549162312651e-10;0.1;5.665549162312651e-11;8.791857230897801e-09;;;;ORANGE;True
1787669553.5504427;15.404075271999318;Wi-Fi;Wi-Fi;2,4/5 GHz;wlan0;-31.0;;;;-31.0;7.943282347242822e-07;0.1;7.943282347242822e-08;9.132241361074495e-06;;;;ROUGE;False
1787669553.6364875;15.490120573998865;BLE Sniffer;iBeacon;2,4 GHz BLE;64:d1:2e:b5:04:2d;-68.0;;;;-68.0;1.584893192461111e-10;0.000368;5.832406948256888e-14;1.0166087095418775e-11;36;0x00;39;ORANGE;False
1787669553.6419673;15.495460156998888;Simulation RF;Détection RF large bande;868 MHz;868 MHz;;2468;1.9886993149324372;-35.54797259729749;-68.54797259729749;1.3970203753004656e-10;0.1;1.3970203753004657e-11;3.343182438132677e-09;;;;ORANGE;True
1787669553.642126;15.495460156998888;Simulation RF;Détection RF large bande;2,45 GHz;2,45 GHz;;2759;2.223520569958214;-44.940822798328554;-61.64082279832856;6.853583686797892e-10;0.1;6.853583686797892e-11;8.86039306776578e-09;;;;ORANGE;True
1787669553.6505792;15.504211130999465;Wi-Fi;Wi-Fi;2,4/5 GHz;wlan0;-32.0;;;;-32.0;6.30957344480193e-07;0.1;6.30957344480193e-08;9.195337095522514e-06;;;;ROUGE;False
1787669553.742041;15.595542813000066;Simulation RF;Détection RF large bande;868 MHz;868 MHz;;2487;2.0041768162640095;-36.16707265056037;-69.16707265056037;1.2114144088067494e-10;0.1;1.2114144088067495e-11;3.3552965822207445e-09;;;;ORANGE;True
1787669553.7421873;15.595542813000066;Simulation RF;Détection RF large bande;2,45 GHz;2,45 GHz;;2739;2.20712782135509;-44.28511285420359;-60.98511285420359;7.970557783161235e-10;0.1;7.970557783161235e-11;8.940098645597393e-09;;;;ORANGE;True
1787669553.750515;15.604147640999145;Wi-Fi;Wi-Fi;2,4/5 GHz;wlan0;-32.0;;;;-32.0;6.30957344480193e-07;0.1;6.30957344480193e-08;9.258432829970533e-06;;;;ROUGE;False
1787669553.8409207;15.69455391199881;BLE Sniffer;Appareil BLE;2,4 GHz BLE;7f:c4:af:1a:e1:07;-66.0;;;;-66.0;2.511886431509582e-10;0.00028;7.03328200822683e-14;2.357539444507005e-12;25;0x00;37;ORANGE;False
1787669553.841;15.694631798998671;BLE Sniffer;iBeacon;2,4 GHz BLE;64:d1:2e:b5:04:2d;-62.0;;;;-62.0;6.309573444801942e-10;0.000368;2.321923027687115e-13;1.0398279398187487e-11;36;0x00;38;ORANGE;False
1787669553.8421762;15.695644727999024;Simulation RF;Détection RF large bande;868 MHz;868 MHz;;2460;1.9820181372303356;-35.280725489213424;-68.28072548921342;1.48568743737358e-10;0.1;1.48568743737358e-11;3.37015345659448e-09;;;;ORANGE;True
1787669553.8423097;15.695644727999024;Simulation RF;Détection RF large bande;2,45 GHz;2,45 GHz;;2724;2.1949578078318654;-43.79831231327462;-60.498312313274624;8.915973493219597e-10;0.1;8.915973493219598e-11;9.029258380529588e-09;;;;ORANGE;True
1787669553.8510015;15.704634087000159;Wi-Fi;Wi-Fi;2,4/5 GHz;wlan0;-32.0;;;;-32.0;6.30957344480193e-07;0.1;6.30957344480193e-08;9.321528564418551e-06;;;;ROUGE;False
1787669553.9438727;15.797505929998806;BLE Sniffer;iBeacon;2,4 GHz BLE;64:d1:2e:b5:04:2d;-68.0;;;;-68.0;1.584893192461111e-10;0.000368;5.832406948256888e-14;1.0456603467670055e-11;36;0x00;39;ORANGE;False
1787669553.9422526;15.795732661999864;Simulation RF;Détection RF large bande;868 MHz;868 MHz;;2501;2.0151639310490395;-36.60655724196158;-69.60655724196158;1.094823915922186e-10;0.1;1.094823915922186e-11;3.381101695753702e-09;;;;ORANGE;True
1787669553.9448118;15.795732661999864;Simulation RF;Détection RF large bande;2,45 GHz;2,45 GHz;;2741;2.209254476866319;-44.370179074652754;-61.07017907465275;7.815955760319403e-10;0.1;7.815955760319404e-11;9.107417938132782e-09;;;;ORANGE;True
1787669553.958453;15.812085460998787;Wi-Fi;Wi-Fi;2,4/5 GHz;wlan0;-32.0;;;;-32.0;6.30957344480193e-07;0.1;6.30957344480193e-08;9.38462429886657e-06;;;;ROUGE;False
1787669554.0423434;15.895811558999412;Simulation RF;Détection RF large bande;868 MHz;868 MHz;;2492;2.008125341147562;-36.32501364590247;-69.32501364590247;1.1681500594285882e-10;0.1;1.1681500594285882e-11;3.3927831963479882e-09;;;;ORANGE;True
1787669554.0424845;15.895811558999412;Simulation RF;Détection RF large bande;2,45 GHz;2,45 GHz;;2717;2.1892476556553944;-43.569906226215764;-60.26990622621576;9.39743601488425e-10;0.1;9.397436014884251e-11;9.201392298281625e-09;;;;ORANGE;True
1787669554.046605;15.900238525999157;Simulation LoRa;LoRa;868 MHz;LoRa 868.100 MHz;-89.08709435168547;;;;-89.08709435168547;1.2339301183730135e-12;0.046335999999999995;5.717538596493195e-14;1.3598665304972747e-12;13;"SNR=6.65;SF=7;BW=125.0;CR=4/5;F=868.100;CRC=OK;PAYLOAD=54454d504f5f4c4f52415f3135";7;VERT;True
1787669554.051196;15.904829768998752;Wi-Fi;Wi-Fi;2,4/5 GHz;wlan0;-33.0;;;;-33.0;5.011872336272725e-07;0.1;5.011872336272725e-08;9.434743022229298e-06;;;;ROUGE;False
1787669554.1424437;15.995890881999003;Simulation RF;Détection RF large bande;868 MHz;868 MHz;;2430;1.9584565303549004;-34.33826121419601;-67.33826121419601;1.8457542563164007e-10;0.1;1.845754256316401e-11;3.4112407389111523e-09;;;;ORANGE;True
1787669554.1425955;15.995890881999003;Simulation RF;Détection RF large bande;2,45 GHz;2,45 GHz;;2746;2.213172845463221;-44.526913818528826;-61.22691381852883;7.538911031814879e-10;0.1;7.53891103181488e-11;9.276781408599774e-09;;;;ORANGE;True
1787669554.1483288;16.001962230999197;BLE Sniffer;Appareil BLE;2,4 GHz BLE;7f:c4:af:1a:e1:07;-67.0;;;;-67.0;1.9952623149688828e-10;0.00028;5.5867344819128714e-14;2.4134067893261338e-12;25;0x00;37;ORANGE;False
1787669554.149087;16.002719385998716;BLE Sniffer;iBeacon;2,4 GHz BLE;64:d1:2e:b5:04:2d;-62.0;;;;-62.0;6.309573444801942e-10;0.000368;2.321923027687115e-13;1.0688795770438767e-11;36;0x00;38;ORANGE;False
1787669554.1496623;16.00329435799904;BLE Sniffer;iBeacon;2,4 GHz BLE;64:d1:2e:b5:04:2d;-68.0;;;;-68.0;1.584893192461111e-10;0.000368;5.832406948256888e-14;1.0747119839921336e-11;36;0x00;39;ORANGE;False
1787669554.154396;16.00802906199897;Wi-Fi;Wi-Fi;2,4/5 GHz;wlan0;-32.0;;;;-32.0;6.30957344480193e-07;0.1;6.30957344480193e-08;9.497838756677317e-06;;;;ROUGE;False
1787669554.2424994;16.09596483399946;Simulation RF;Détection RF large bande;868 MHz;868 MHz;;2518;2.0288357618418233;-37.15343047367293;-70.15343047367293;9.652881007995252e-11;0.1;9.652881007995252e-12;3.4208936199191474e-09;;;;VERT;True
1787669554.2426753;16.09596483399946;Simulation RF;Détection RF large bande;2,45 GHz;2,45 GHz;;2773;2.23484455663517;-45.393782265406784;-62.09378226540679;6.174784047044437e-10;0.1;6.174784047044437e-11;9.338529249070219e-09;;;;ORANGE;True
1787669554.2508843;16.104517014999146;Wi-Fi;Wi-Fi;2,4/5 GHz;wlan0;-32.0;;;;-32.0;6.30957344480193e-07;0.1;6.30957344480193e-08;9.560934491125336e-06;;;;ROUGE;False
1787669554.34259;16.19604284199886;Simulation RF;Détection RF large bande;868 MHz;868 MHz;;2440;1.9663457912942353;-34.65383165176941;-67.65383165176941;1.7163933958097677e-10;0.1;1.7163933958097678e-11;3.438057553877245e-09;;;;ORANGE;True
1787669554.3427315;16.19604284199886;Simulation RF;Détection RF large bande;2,45 GHz;2,45 GHz;;2764;2.22762511797444;-45.10500471897761;-61.80500471897761;6.59932517190564e-10;0.1;6.59932517190564e-11;9.404522500789275e-09;;;;ORANGE;True
1787669554.350874;16.20450624699879;Wi-Fi;Wi-Fi;2,4/5 GHz;wlan0;-32.0;;;;-32.0;6.30957344480193e-07;0.1;6.30957344480193e-08;9.624030225573354e-06;;;;ROUGE;False
1787669554.3542087;16.207840749999377;BLE Sniffer;Appareil BLE;2,4 GHz BLE;7f:c4:af:1a:e1:07;-70.0;;;;-70.0;1e-10;0.00028;2.7999999999999997e-14;2.4414067893261336e-12;25;0x00;37;ORANGE;False
1787669554.4426641;16.29612155399991;Simulation RF;Détection RF large bande;868 MHz;868 MHz;;2451;1.975416057788982;-35.01664231155928;-68.01664231155928;1.5788314499165894e-10;0.1;1.5788314499165896e-11;3.4538458683764107e-09;;;;ORANGE;True
1787669554.4428024;16.29612155399991;Simulation RF;Détection RF large bande;2,45 GHz;2,45 GHz;;2766;2.228801914174953;-45.15207656699812;-61.85207656699812;6.528183347374917e-10;0.1;6.528183347374917e-11;9.469804334263024e-09;;;;ORANGE;True
1787669554.4509156;16.304548440999497;Wi-Fi;Wi-Fi;2,4/5 GHz;wlan0;-32.0;;;;-32.0;6.30957344480193e-07;0.1;6.30957344480193e-08;9.687125960021373e-06;;;;ROUGE;False
1787669554.456801;16.310432792999563;BLE Sniffer;iBeacon;2,4 GHz BLE;64:d1:2e:b5:04:2d;-62.0;;;;-62.0;6.309573444801942e-10;0.000368;2.321923027687115e-13;1.0979312142690047e-11;36;0x00;38;ORANGE;False
1787669554.456851;16.31048232899957;BLE Sniffer;iBeacon;2,4 GHz BLE;64:d1:2e:b5:04:2d;-68.0;;;;-68.0;1.584893192461111e-10;0.000368;5.832406948256888e-14;1.1037636212172616e-11;36;0x00;39;ORANGE;False
1787669554.5427816;16.396211579998635;Simulation RF;Détection RF large bande;868 MHz;868 MHz;;2491;2.0074025506006294;-36.296102024025174;-69.29610202402517;1.1759525483817467e-10;0.1;1.1759525483817467e-11;3.465605393860228e-09;;;;ORANGE;True
1787669554.5429423;16.396211579998635;Simulation RF;Détection RF large bande;2,45 GHz;2,45 GHz;;2764;2.2273901907328018;-45.09560762931207;-61.79560762931207;6.613619986499255e-10;0.1;6.613619986499255e-11;9.535940534128017e-09;;;;ORANGE;True
1787669554.5508773;16.40451063599903;Wi-Fi;Wi-Fi;2,4/5 GHz;wlan0;-32.0;;;;-32.0;6.30957344480193e-07;0.1;6.30957344480193e-08;9.750221694469392e-06;;;;ROUGE;False
1787669554.64284;16.496294587999728;Simulation RF;Détection RF large bande;868 MHz;868 MHz;;2429;1.957045648422862;-34.28182593691447;-67.28182593691447;1.8698958007358853e-10;0.1;1.8698958007358854e-11;3.484304351867587e-09;;;;ORANGE;True
1787669554.6429865;16.496294587999728;Simulation RF;Détection RF large bande;2,45 GHz;2,45 GHz;;2782;2.241603089023065;-45.66412356092259;-62.364123560922586;5.802132521265869e-10;0.1;5.802132521265869e-11;9.593961859340676e-09;;;;ORANGE;True
1787669554.6508844;16.504516829998465;Wi-Fi;Wi-Fi;2,4/5 GHz;wlan0;-32.0;;;;-32.0;6.30957344480193e-07;0.1;6.30957344480193e-08;9.813317428917411e-06;;;;ROUGE;False
1787669554.6618342;16.515466287999516;BLE Sniffer;Appareil BLE;2,4 GHz BLE;7f:c4:af:1a:e1:07;-66.0;;;;-66.0;2.511886431509582e-10;0.00028;7.03328200822683e-14;2.511739609408402e-12;25;0x00;37;ORANGE;False
1787669554.7429333;16.596376595998663;Simulation RF;Détection RF large bande;868 MHz;868 MHz;;2485;2.002485276376565;-36.09941105506259;-69.09941105506259;1.2304356183606027e-10;0.1;1.2304356183606028e-11;3.496608708051193e-09;;;;ORANGE;True
1787669554.7430806;16.596376595998663;Simulation RF;Détection RF large bande;2,45 GHz;2,45 GHz;;2766;2.228917498819415;-45.156699952776606;-61.8566999527766;6.521237311596428e-10;0.1;6.521237311596428e-11;9.65917423245664e-09;;;;ORANGE;True
1787669554.7509954;16.604627596998398;Wi-Fi;Wi-Fi;2,4/5 GHz;wlan0;-32.0;;;;-32.0;6.30957344480193e-07;0.1;6.30957344480193e-08;9.87641316336543e-06;;;;ROUGE;False
1787669554.7643073;16.617939721998482;BLE Sniffer;iBeacon;2,4 GHz BLE;64:d1:2e:b5:04:2d;-62.0;;;;-62.0;6.309573444801942e-10;0.000368;2.321923027687115e-13;1.1269828514941328e-11;36;0x00;38;ORANGE;False
1787669554.7643938;16.618025201998535;BLE Sniffer;iBeacon;2,4 GHz BLE;64:d1:2e:b5:04:2d;-68.0;;;;-68.0;1.584893192461111e-10;0.000368;5.832406948256888e-14;1.1328152584423896e-11;36;0x00;39;ORANGE;False
1787669554.8430147;16.696460807999756;Simulation RF;Détection RF large bande;868 MHz;868 MHz;;2478;1.9971293297427275;-35.88517318970909;-68.88517318970909;1.2926551507542588e-10;0.1;1.2926551507542589e-11;3.5095352595587354e-09;;;;ORANGE;True
1787669554.843165;16.696460807999756;Simulation RF;Détection RF large bande;2,45 GHz;2,45 GHz;;2751;2.216618560700993;-44.664742428039716;-61.36474242803971;7.303411267595107e-10;0.1;7.303411267595107e-11;9.732208345132591e-09;;;;ORANGE;True
1787669554.8508549;16.7044873119994;Wi-Fi;Wi-Fi;2,4/5 GHz;wlan0;-32.0;;;;-32.0;6.30957344480193e-07;0.1;6.30957344480193e-08;9.939508897813449e-06;;;;ROUGE;False
1787669554.9431036;16.796547111998734;Simulation RF;Détection RF large bande;868 MHz;868 MHz;;2472;1.991906338061221;-35.67625352244883;-68.67625352244883;1.3563589821915929e-10;0.1;1.356358982191593e-11;3.5230988493806514e-09;;;;ORANGE;True
1787669554.9432523;16.796547111998734;Simulation RF;Détection RF large bande;2,45 GHz;2,45 GHz;;2697;2.173275288877627;-42.93101155510507;-59.63101155510507;1.0886764901749562e-09;0.1;1.0886764901749563e-10;9.841075994150087e-09;;;;ORANGE;True
1787669554.950891;16.804523450999113;Wi-Fi;Wi-Fi;2,4/5 GHz;wlan0;-32.0;;;;-32.0;6.30957344480193e-07;0.1;6.30957344480193e-08;1.0002604632261468e-05;;;;ROUGE;False
1787669554.9692569;16.8228901629991;BLE Sniffer;Appareil BLE;2,4 GHz BLE;7f:c4:af:1a:e1:07;-66.0;;;;-66.0;2.511886431509582e-10;0.00028;7.03328200822683e-14;2.5820724294906706e-12;25;0x00;37;ORANGE;False
1787669555.043166;16.89662474999932;Simulation RF;Détection RF large bande;868 MHz;868 MHz;;2449;1.9733179732240442;-34.93271892896176;-67.93271892896176;1.6096375955392794e-10;0.1;1.6096375955392796e-11;3.5391952253360443e-09;;;;ORANGE;True
1787669555.0433404;16.89662474999932;Simulation RF;Détection RF large bande;2,45 GHz;2,45 GHz;;2831;2.2815247876344245;-47.26099150537698;-63.960991505376974;4.0169909145251514e-10;0.1;4.0169909145251514e-11;9.881245903295339e-09;;;;ORANGE;True
1787669555.0544732;16.908106033999502;Wi-Fi;Wi-Fi;2,4/5 GHz;wlan0;-32.0;;;;-32.0;6.30957344480193e-07;0.1;6.30957344480193e-08;1.0065700366709487e-05;;;;ROUGE;False
1787669555.071839;16.925471353999455;BLE Sniffer;iBeacon;2,4 GHz BLE;64:d1:2e:b5:04:2d;-62.0;;;;-62.0;6.309573444801942e-10;0.000368;2.321923027687115e-13;1.1560344887192608e-11;36;0x00;38;ORANGE;False
1787669555.0718954;16.92552674199942;BLE Sniffer;iBeacon;2,4 GHz BLE;64:d1:2e:b5:04:2d;-68.0;;;;-68.0;1.584893192461111e-10;0.000368;5.832406948256888e-14;1.1618668956675176e-11;36;0x00;39;ORANGE;False
1787669555.071977;16.92560874099945;Simulation LoRa;LoRa;868 MHz;LoRa 868.100 MHz;-88.75917149609626;;;;-88.75917149609626;1.3307082530769304e-12;0.046335999999999995;6.165969761457264e-14;1.4215262281118473e-12;13;"SNR=6.80;SF=7;BW=125.0;CR=4/5;F=868.100;CRC=OK;PAYLOAD=54454d504f5f4c4f52415f3136";7;VERT;True
1787669555.1432743;16.996709331999227;Simulation RF;Détection RF large bande;868 MHz;868 MHz;;2446;1.9710375852581743;-34.841503410326965;-67.84150341032696;1.643802584604169e-10;0.1;1.643802584604169e-11;3.555633251182086e-09;;;;ORANGE;True
1787669555.1434355;16.996709331999227;Simulation RF;Détection RF large bande;2,45 GHz;2,45 GHz;;2786;2.2450036109983755;-45.80014443993501;-62.50014443993501;5.623226228588291e-10;0.1;5.6232262285882915e-11;9.937478165581222e-09;;;;ORANGE;True
1787669555.1520832;17.00571619099901;Wi-Fi;Wi-Fi;2,4/5 GHz;wlan0;-32.0;;;;-32.0;6.30957344480193e-07;0.1;6.30957344480193e-08;1.0128796101157505e-05;;;;ROUGE;False
1787669555.1771653;17.03079863199855;BLE Sniffer;Appareil BLE;2,4 GHz BLE;7f:c4:af:1a:e1:07;-67.0;;;;-67.0;1.9952623149688828e-10;0.00028;5.5867344819128714e-14;2.637939774309799e-12;25;0x00;37;ORANGE;False
1787669555.2433531;17.09679343300013;Simulation RF;Détection RF large bande;868 MHz;868 MHz;;2490;2.006598232903702;-36.26392931614808;-69.26392931614808;1.1846963990199743e-10;0.1;1.1846963990199744e-11;3.5674802151722856e-09;;;;ORANGE;True
1787669555.2435067;17.09679343300013;Simulation RF;Détection RF large bande;2,45 GHz;2,45 GHz;;2784;2.243364198454192;-45.73456793816767;-62.434567938167675;5.708778676529689e-10;0.1;5.708778676529689e-11;9.994565952346519e-09;;;;ORANGE;True
1787669555.2520905;17.105722737998803;Wi-Fi;Wi-Fi;2,4/5 GHz;wlan0;-32.0;;;;-32.0;6.30957344480193e-07;0.1;6.30957344480193e-08;1.0191891835605524e-05;;;;ROUGE;False
1787669555.2792716;17.132904404999863;BLE Sniffer;iBeacon;2,4 GHz BLE;64:d1:2e:b5:04:2d;-63.0;;;;-63.0;5.011872336272714e-10;0.000368;1.8443690197483588e-13;1.1803105858650012e-11;36;0x00;38;ORANGE;False
1787669555.2798939;17.133526376999725;BLE Sniffer;iBeacon;2,4 GHz BLE;64:d1:2e:b5:04:2d;-68.0;;;;-68.0;1.584893192461111e-10;0.000368;5.832406948256888e-14;1.186142992813258e-11;36;0x00;39;ORANGE;False
1787669555.34344;17.196876959998917;Simulation RF;Détection RF large bande;868 MHz;868 MHz;;2502;2.0164951680931713;-36.659806723726845;-69.65980672372685;1.0814820799718029e-10;0.1;1.081482079971803e-11;3.5782950359720037e-09;;;;ORANGE;True
1787669555.3436208;17.196876959998917;Simulation RF;Détection RF large bande;2,45 GHz;2,45 GHz;;2778;2.238772225506774;-45.55088902027096;-62.25088902027096;5.955402212977161e-10;0.1;5.955402212977162e-11;1.005411997447629e-08;;;;ORANGE;True
1787669555.3521366;17.205768931999046;Wi-Fi;Wi-Fi;2,4/5 GHz;wlan0;-32.0;;;;-32.0;6.30957344480193e-07;0.1;6.30957344480193e-08;1.0254987570053543e-05;;;;ROUGE;False
1787669555.4435105;17.296960319999926;Simulation RF;Détection RF large bande;868 MHz;868 MHz;;2529;2.037709570615762;-37.50838282463049;-70.50838282463049;8.895322899016395e-11;0.1;8.895322899016396e-12;3.58719035887102e-09;;;;VERT;True
1787669555.4436464;17.296960319999926;Simulation RF;Détection RF large bande;2,45 GHz;2,45 GHz;;2722;2.1931587796255885;-43.72635118502353;-60.426351185023535;9.064938906508538e-10;0.1;9.064938906508538e-11;1.0144769363541376e-08;;;;ORANGE;True
1787669555.452099;17.30573145999915;Wi-Fi;Wi-Fi;2,4/5 GHz;wlan0;-32.0;;;;-32.0;6.30957344480193e-07;0.1;6.30957344480193e-08;1.0318083304501562e-05;;;;ROUGE;False
1787669555.483594;17.33722704199863;BLE Sniffer;Appareil BLE;2,4 GHz BLE;d3:23:2f:4d:3e:b1;-78.0;;;;-78.0;1.5848931924611107e-11;0.000376;5.959198403653776e-15;3.8886832991003263e-14;37;0x00;37;VERT;False
1787669555.4836695;17.33730094800012;BLE Sniffer;Appareil BLE;2,4 GHz BLE;7f:c4:af:1a:e1:07;-77.0;;;;-77.0;1.9952623149688828e-11;0.00028;5.586734481912872e-15;2.643526508791712e-12;25;0x00;38;VERT;False
1787669555.485513;17.339146085998436;BLE Sniffer;Appareil BLE;2,4 GHz BLE;7f:c4:af:1a:e1:07;-68.0;;;;-68.0;1.584893192461111e-10;0.00028;4.43770093889111e-14;2.687903518180623e-12;25;0x00;39;ORANGE;False
1787669555.5436482;17.397042271999453;Simulation RF;Détection RF large bande;868 MHz;868 MHz;;2560;2.0627079144674565;-38.508316578698256;-71.50831657869826;7.065913916113775e-11;0.1;7.065913916113775e-12;3.594256272787134e-09;;;;VERT;True
1787669555.5438106;17.397042271999453;Simulation RF;Détection RF large bande;2,45 GHz;2,45 GHz;;2732;2.201487983045076;-44.05951932180305;-60.759519321803054;8.395529032983712e-10;0.1;8.395529032983713e-11;1.0228724653871213e-08;;;;ORANGE;True
1787669555.5524127;17.40604540899949;Wi-Fi;Wi-Fi;2,4/5 GHz;wlan0;-32.0;;;;-32.0;6.30957344480193e-07;0.1;6.30957344480193e-08;1.0381179038949581e-05;;;;ROUGE;False
1787669555.5893452;17.442978942999616;BLE Sniffer;iBeacon;2,4 GHz BLE;64:d1:2e:b5:04:2d;-63.0;;;;-63.0;5.011872336272714e-10;0.000368;1.8443690197483588e-13;1.2045866830107416e-11;36;0x00;37;ORANGE;False
1787669555.589423;17.443054274999668;BLE Sniffer;iBeacon;2,4 GHz BLE;64:d1:2e:b5:04:2d;-62.0;;;;-62.0;6.309573444801942e-10;0.000368;2.321923027687115e-13;1.2278059132876128e-11;36;0x00;38;ORANGE;False
1787669555.643672;17.49712435499896;Simulation RF;Détection RF large bande;868 MHz;868 MHz;;2554;2.0584782728567528;-38.339130914270115;-71.33913091427011;7.346608696559004e-11;0.1;7.346608696559004e-12;3.601602881483693e-09;;;;VERT;True
1787669555.6438165;17.49712435499896;Simulation RF;Détection RF large bande;2,45 GHz;2,45 GHz;;2784;2.2436455944187124;-45.745823776748495;-62.44582377674849;5.694002091378415e-10;0.1;5.6940020913784146e-11;1.0285664674784996e-08;;;;ORANGE;True
1787669555.6523142;17.505946993998805;Wi-Fi;Wi-Fi;2,4/5 GHz;wlan0;-31.0;;;;-31.0;7.943282347242822e-07;0.1;7.943282347242822e-08;1.0460611862422009e-05;;;;ROUGE;False
1787669555.6908734;17.544505612999274;BLE Sniffer;iBeacon;2,4 GHz BLE;64:d1:2e:b5:04:2d;-68.0;;;;-68.0;1.584893192461111e-10;0.000368;5.832406948256888e-14;1.2336383202358696e-11;36;0x00;39;ORANGE;False
1787669555.743756;17.597210214998995;Simulation RF;Détection RF large bande;868 MHz;868 MHz;;2551;2.0554961571071;-38.219846284284;-71.219846284284;7.551189541382267e-11;0.1;7.551189541382268e-12;3.609154071025075e-09;;;;VERT;True
1787669555.7439106;17.597210214998995;Simulation RF;Détection RF large bande;2,45 GHz;2,45 GHz;;2774;2.2354813769134956;-45.41925507653981;-62.119255076539815;6.138672897007502e-10;0.1;6.138672897007502e-11;1.0347051403755072e-08;;;;ORANGE;True
1787669555.7523901;17.60602300299979;Wi-Fi;Wi-Fi;2,4/5 GHz;wlan0;-31.0;;;;-31.0;7.943282347242822e-07;0.1;7.943282347242822e-08;1.0540044685894437e-05;;;;ROUGE;False
1787669555.7939248;17.647558778999155;BLE Sniffer;Appareil BLE;2,4 GHz BLE;7f:c4:af:1a:e1:07;-67.0;;;;-67.0;1.9952623149688828e-10;0.00028;5.5867344819128714e-14;2.743770862999752e-12;25;0x00;37;ORANGE;False
1787669555.84383;17.69729024099979;Simulation RF;Détection RF large bande;868 MHz;868 MHz;;2599;2.0942193216186675;-39.768772864746694;-72.7687728647467;5.285945894825177e-11;0.1;5.285945894825178e-12;3.6144400169199002e-09;;;;VERT;True
1787669555.8439744;17.69729024099979;Simulation RF;Détection RF large bande;2,45 GHz;2,45 GHz;;2788;2.2467379405413026;-45.86951762165209;-62.56951762165209;5.534115741771916e-10;0.1;5.534115741771916e-11;1.0402392561172791e-08;;;;ORANGE;True
1787669555.8525896;17.706222008999248;Wi-Fi;Wi-Fi;2,4/5 GHz;wlan0;-31.0;;;;-31.0;7.943282347242822e-07;0.1;7.943282347242822e-08;1.0619477509366865e-05;;;;ROUGE;False
1787669555.8967135;17.750346281998645;BLE Sniffer;iBeacon;2,4 GHz BLE;64:d1:2e:b5:04:2d;-62.0;;;;-62.0;6.309573444801942e-10;0.000368;2.321923027687115e-13;1.2568575505127408e-11;36;0x00;38;ORANGE;False
1787669555.8985536;17.75218680799844;BLE Sniffer;iBeacon;2,4 GHz BLE;64:d1:2e:b5:04:2d;-68.0;;;;-68.0;1.584893192461111e-10;0.000368;5.832406948256888e-14;1.2626899574609977e-11;36;0x00;39;ORANGE;False
1787669555.9439409;17.797378526998727;Simulation RF;Détection RF large bande;868 MHz;868 MHz;;2533;2.0413734441019695;-37.65493776407878;-70.65493776407878;8.600153911224923e-11;0.1;8.600153911224923e-12;3.623040170831125e-09;;;;VERT;True
1787669555.9441497;17.797378526998727;Simulation RF;Détection RF large bande;2,45 GHz;2,45 GHz;;2823;2.274963366192273;-46.99853464769092;-63.69853464769092;4.2672347521283747e-10;0.1;4.267234752128375e-11;1.0445064908694075e-08;;;;ORANGE;True
1787669555.9531446;17.806777157999022;Wi-Fi;Wi-Fi;2,4/5 GHz;wlan0;-31.0;;;;-31.0;7.943282347242822e-07;0.1;7.943282347242822e-08;1.0698910332839294e-05;;;;ROUGE;False
1787669556.0025992;17.856232753998484;BLE Sniffer;Appareil BLE;2,4 GHz BLE;7f:c4:af:1a:e1:07;-67.0;;;;-67.0;1.9952623149688828e-10;0.00028;5.5867344819128714e-14;2.7996382078188805e-12;25;0x00;37;ORANGE;False
1787669556.0440624;17.897470182999314;Simulation RF;Détection RF large bande;868 MHz;868 MHz;;2519;2.0296692315361677;-37.18676926144671;-70.18676926144671;9.579063977105738e-11;0.1;9.579063977105738e-12;3.632619234808231e-09;;;;VERT;True
1787669556.0442767;17.897470182999314;Simulation RF;Détection RF large bande;2,45 GHz;2,45 GHz;;2775;2.2365476814632714;-45.46190725853086;-62.16190725853085;6.078679898224726e-10;0.1;6.078679898224727e-11;1.0505851707676321e-08;;;;ORANGE;True
1787669556.05382;17.907452230998388;Wi-Fi;Wi-Fi;2,4/5 GHz;wlan0;-31.0;;;;-31.0;7.943282347242822e-07;0.1;7.943282347242822e-08;1.0778343156311722e-05;;;;ROUGE;False
1787669556.1039553;17.95758816899979;Simulation LoRa;LoRa;868 MHz;LoRa 868.100 MHz;-86.28871527231357;;;;-86.28871527231357;2.3503279908294434e-12;0.046335999999999995;1.0890479778307307e-13;1.5304310258949203e-12;13;"SNR=7.63;SF=7;BW=125.0;CR=4/5;F=868.100;CRC=OK;PAYLOAD=54454d504f5f4c4f52415f3137";7;VERT;True
1787669556.1447465;17.99756137699842;Simulation RF;Détection RF large bande;868 MHz;868 MHz;;2522;2.032566298502235;-37.302651940089405;-70.3026519400894;9.326846000262112e-11;0.1;9.326846000262113e-12;3.641946080808493e-09;;;;VERT;True
1787669556.1452518;17.99756137699842;Simulation RF;Détection RF large bande;2,45 GHz;2,45 GHz;;2760;2.2242403342751556;-44.96961337100622;-61.66961337100622;6.808299666220792e-10;0.1;6.808299666220793e-11;1.057393470433853e-08;;;;ORANGE;True
1787669556.1589177;18.012550289999126;Wi-Fi;Wi-Fi;2,4/5 GHz;wlan0;-31.0;;;;-31.0;7.943282347242822e-07;0.1;7.943282347242822e-08;1.085777597978415e-05;;;;ROUGE;False
1787669556.2441733;18.09764060699854;Simulation RF;Détection RF large bande;868 MHz;868 MHz;;2550;2.0550499284906025;-38.2019971396241;-71.2019971396241;7.582288169605941e-11;0.1;7.582288169605942e-12;3.649528368978099e-09;;;;VERT;True
1787669556.2443206;18.09764060699854;Simulation RF;Détection RF large bande;2,45 GHz;2,45 GHz;;2773;2.2343312297284457;-45.37324918913782;-62.07324918913782;6.204047026390795e-10;0.1;6.204047026390795e-11;1.0635975174602437e-08;;;;ORANGE;True
1787669556.25283;18.106462283998553;Wi-Fi;Wi-Fi;2,4/5 GHz;wlan0;-31.0;;;;-31.0;7.943282347242822e-07;0.1;7.943282347242822e-08;1.0937208803256578e-05;;;;ROUGE;False
1787669556.3491428;18.197726503998638;Simulation RF;Détection RF large bande;868 MHz;868 MHz;;2508;2.021447273379834;-36.85789093519335;-69.85789093519335;1.0332630676063426e-10;0.1;1.0332630676063427e-11;3.659860999654162e-09;;;;ORANGE;True
1787669556.349553;18.197726503998638;Simulation RF;Détection RF large bande;2,45 GHz;2,45 GHz;;2755;2.2204803586016526;-44.8192143440661;-61.5192143440661;7.048205622685147e-10;0.1;7.048205622685147e-11;1.0706457230829288e-08;;;;ORANGE;True
1787669556.3611073;18.21473983099895;Wi-Fi;Wi-Fi;2,4/5 GHz;wlan0;-31.0;;;;-31.0;7.943282347242822e-07;0.1;7.943282347242822e-08;1.1016641626729006e-05;;;;ROUGE;False
1787669556.4132547;18.266887681998924;BLE Sniffer;iBeacon;2,4 GHz BLE;64:d1:2e:b5:04:2d;-62.0;;;;-62.0;6.309573444801942e-10;0.000368;2.321923027687115e-13;1.2859091877378688e-11;36;0x00;38;ORANGE;False
1787669556.4443538;18.297801327998968;Simulation RF;Détection RF large bande;868 MHz;868 MHz;;2494;2.010017081894643;-36.400683275785724;-69.40068327578572;1.1479729966235242e-10;0.1;1.1479729966235243e-11;3.6713407296203973e-09;;;;ORANGE;True
1787669556.4444935;18.297801327998968;Simulation RF;Détection RF large bande;2,45 GHz;2,45 GHz;;2758;2.2226845441544296;-44.90738176617718;-61.60738176617718;6.906560545967564e-10;0.1;6.906560545967564e-11;1.0775522836288963e-08;;;;ORANGE;True
1787669556.452928;18.30656033899868;Wi-Fi;Wi-Fi;2,4/5 GHz;wlan0;-31.0;;;;-31.0;7.943282347242822e-07;0.1;7.943282347242822e-08;1.1096074450201434e-05;;;;ROUGE;False
1787669556.514327;18.367959933999373;BLE Sniffer;iBeacon;2,4 GHz BLE;64:d1:2e:b5:04:2d;-69.0;;;;-69.0;1.2589254117941662e-10;0.000368;4.6328455154025316e-14;1.2905420332532715e-11;36;0x00;39;ORANGE;False
1787669556.5542183;18.397891539998454;Simulation RF;Détection RF large bande;868 MHz;868 MHz;;2569;2.070603842631274;-38.82415370525095;-71.82415370525095;6.570291370149739e-11;0.1;6.57029137014974e-12;3.677911020990547e-09;;;;VERT;True
1787669556.554673;18.397891539998454;Simulation RF;Détection RF large bande;2,45 GHz;2,45 GHz;;2805;2.260776872972746;-46.43107491890984;-63.13107491890984;4.862868303181814e-10;0.1;4.8628683031818136e-11;1.082415151932078e-08;;;;ORANGE;True
1787669556.5650315;18.418663491998814;Wi-Fi;Wi-Fi;2,4/5 GHz;wlan0;-31.0;;;;-31.0;7.943282347242822e-07;0.1;7.943282347242822e-08;1.1175507273673863e-05;;;;ROUGE;False
1787669556.617096;18.47073049299979;BLE Sniffer;Appareil BLE;2,4 GHz BLE;7f:c4:af:1a:e1:07;-67.0;;;;-67.0;1.9952623149688828e-10;0.00028;5.5867344819128714e-14;2.855505552638009e-12;25;0x00;37;ORANGE;False
1787669556.6445143;18.49798319599904;Simulation RF;Détection RF large bande;868 MHz;868 MHz;;2579;2.078214791145097;-39.12859164580388;-72.12859164580388;6.125490003020577e-11;0.1;6.125490003020578e-12;3.6840365109935676e-09;;;;VERT;True
1787669556.6446664;18.49798319599904;Simulation RF;Détection RF large bande;2,45 GHz;2,45 GHz;;2720;2.191764767572052;-43.67059070288208;-60.37059070288208;9.182076985526985e-10;0.1;9.182076985526985e-11;1.091597228917605e-08;;;;ORANGE;True
1787669556.6532829;18.506915814999957;Wi-Fi;Wi-Fi;2,4/5 GHz;wlan0;-30.0;;;;-30.0;1e-06;0.1;1e-07;1.1275507273673863e-05;;;;ROUGE;False
1787669556.7216535;18.575286708999556;BLE Sniffer;iBeacon;2,4 GHz BLE;64:d1:2e:b5:04:2d;-63.0;;;;-63.0;5.011872336272714e-10;0.000368;1.8443690197483588e-13;1.308985723450755e-11;36;0x00;38;ORANGE;False
1787669556.7217317;18.575363225998444;BLE Sniffer;iBeacon;2,4 GHz BLE;64:d1:2e:b5:04:2d;-68.0;;;;-68.0;1.584893192461111e-10;0.000368;5.832406948256888e-14;1.3148181303990119e-11;36;0x00;39;ORANGE;False
1787669556.748689;18.598069462999774;Simulation RF;Détection RF large bande;868 MHz;868 MHz;;2546;2.0519272311058283;-38.077089244233136;-71.07708924423314;7.803529483504954e-11;0.1;7.803529483504954e-12;3.6918400404770724e-09;;;;VERT;True
1787669556.748954;18.598069462999774;Simulation RF;Détection RF large bande;2,45 GHz;2,45 GHz;;2736;2.2047651045323096;-44.190604181292386;-60.89060418129239;8.145909519684183e-10;0.1;8.145909519684184e-11;1.0997431384372892e-08;;;;ORANGE;True
1787669556.7586117;18.61224507499901;Wi-Fi;Wi-Fi;2,4/5 GHz;wlan0;-30.0;;;;-30.0;1e-06;0.1;1e-07;1.1375507273673864e-05;;;;ROUGE;False
1787669556.8255918;18.679225545998634;BLE Sniffer;Appareil BLE;2,4 GHz BLE;7f:c4:af:1a:e1:07;-66.0;;;;-66.0;2.511886431509582e-10;0.00028;7.03328200822683e-14;2.9258383727202776e-12;25;0x00;37;ORANGE;False
1787669556.8446577;18.69815039799869;Simulation RF;Détection RF large bande;868 MHz;868 MHz;;2571;2.0720195613107215;-38.88078245242886;-71.88078245242886;6.485175819895943e-11;0.1;6.485175819895944e-12;3.698325216296968e-09;;;;VERT;True
1787669556.8448021;18.69815039799869;Simulation RF;Détection RF large bande;2,45 GHz;2,45 GHz;;2762;2.225993014212096;-45.03972056848383;-61.73972056848383;6.699277121732822e-10;0.1;6.699277121732822e-11;1.106442415559022e-08;;;;ORANGE;True
1787669556.8533475;18.706979962998957;Wi-Fi;Wi-Fi;2,4/5 GHz;wlan0;-30.0;;;;-30.0;1e-06;0.1;1e-07;1.1475507273673865e-05;;;;ROUGE;False
1787669556.9447324;18.79823075799868;Simulation RF;Détection RF large bande;868 MHz;868 MHz;;2577;2.0767978184942257;-39.07191273976903;-72.07191273976903;6.205956484364431e-11;0.1;6.205956484364431e-12;3.7045311727813326e-09;;;;VERT;True
1787669556.9448776;18.79823075799868;Simulation RF;Détection RF large bande;2,45 GHz;2,45 GHz;;2750;2.216374628056518;-44.65498512226071;-61.354985122260715;7.319838307716044e-10;0.1;7.319838307716045e-11;1.113762253866738e-08;;;;ORANGE;True
1787669556.9542823;18.80791429099918;Wi-Fi;Wi-Fi;2,4/5 GHz;wlan0;-30.0;;;;-30.0;1e-06;0.1;1e-07;1.1575507273673866e-05;;;;ROUGE;False
1787669557.0309546;18.884588072998667;BLE Sniffer;iBeacon;2,4 GHz BLE;64:d1:2e:b5:04:2d;-63.0;;;;-63.0;5.011872336272714e-10;0.000368;1.8443690197483588e-13;1.3332618205964954e-11;36;0x00;38;ORANGE;False
1787669557.0310419;18.88467320199925;BLE Sniffer;iBeacon;2,4 GHz BLE;64:d1:2e:b5:04:2d;-68.0;;;;-68.0;1.584893192461111e-10;0.000368;5.832406948256888e-14;1.3390942275447523e-11;36;0x00;39;ORANGE;False
1787669557.0311284;18.884759922999365;Simulation LoRa;LoRa;868 MHz;LoRa 868.100 MHz;-89.40751624281303;;;;-89.40751624281303;1.1461682548012729e-12;0.046335999999999995;5.310885225447177e-14;1.583539878149392e-12;13;"SNR=7.46;SF=7;BW=125.0;CR=4/5;F=868.100;CRC=OK;PAYLOAD=54454d504f5f4c4f52415f3138";7;VERT;True
1787669557.0448244;18.898314654999922;Simulation RF;Détection RF large bande;868 MHz;868 MHz;;2542;2.048809459321303;-37.952378372852124;-70.95237837285212;8.030861991388534e-11;0.1;8.030861991388535e-12;3.7125620347727213e-09;;;;VERT;True
1787669557.0449693;18.898314654999922;Simulation RF;Détection RF large bande;2,45 GHz;2,45 GHz;;2774;2.235355317781166;-45.414212711246634;-62.11421271124663;6.145804327088055e-10;0.1;6.145804327088055e-11;1.119908058193826e-08;;;;ORANGE;True
1787669557.0537472;18.907379586999014;Wi-Fi;Wi-Fi;2,4/5 GHz;wlan0;-30.0;;;;-30.0;1e-06;0.1;1e-07;1.1675507273673866e-05;;;;ROUGE;False
1787669557.1355808;18.98921386299844;BLE Sniffer;Appareil BLE;2,4 GHz BLE;7f:c4:af:1a:e1:07;-67.0;;;;-67.0;1.9952623149688828e-10;0.00028;5.5867344819128714e-14;2.9817057175394062e-12;25;0x00;37;ORANGE;False
1787669557.144904;18.99839801499911;Simulation RF;Détection RF large bande;868 MHz;868 MHz;;2604;2.0981367918176104;-39.92547167270442;-72.92547167270442;5.09862220138119e-11;0.1;5.0986222013811905e-12;3.7176606569741024e-09;;;;VERT;True
1787669557.145074;18.99839801499911;Simulation RF;Détection RF large bande;2,45 GHz;2,45 GHz;;2819;2.271393434613493;-46.85573738453971;-63.555737384539704;4.4098748191242905e-10;0.1;4.4098748191242906e-11;1.1243179330129504e-08;;;;ORANGE;True
1787669557.1536467;19.00727933899907;Wi-Fi;Wi-Fi;2,4/5 GHz;wlan0;-30.0;;;;-30.0;1e-06;0.1;1e-07;1.1775507273673867e-05;;;;ROUGE;False
1787669557.2449818;19.098478986999908;Simulation RF;Détection RF large bande;868 MHz;868 MHz;;2677;2.156888808005172;-42.27555232020687;-75.27555232020687;2.9678692764494645e-11;0.1;2.9678692764494647e-12;3.7206285262505517e-09;;;;VERT;True
1787669557.2451286;19.098478986999908;Simulation RF;Détection RF large bande;2,45 GHz;2,45 GHz;;2812;2.266077657351941;-46.64310629407764;-63.34310629407764;4.631155575462336e-10;0.1;4.6311555754623365e-11;1.1289490885884127e-08;;;;ORANGE;True
1787669557.2536974;19.107329792999735;Wi-Fi;Wi-Fi;2,4/5 GHz;wlan0;-30.0;;;;-30.0;1e-06;0.1;1e-07;1.1875507273673868e-05;;;;ROUGE;False
1787669557.340827;19.19446024499848;BLE Sniffer;iBeacon;2,4 GHz BLE;64:d1:2e:b5:04:2d;-63.0;;;;-63.0;5.011872336272714e-10;0.000368;1.8443690197483588e-13;1.3575379177422359e-11;36;0x00;38;ORANGE;False
1787669557.3409052;19.194536835999315;BLE Sniffer;iBeacon;2,4 GHz BLE;64:d1:2e:b5:04:2d;-68.0;;;;-68.0;1.584893192461111e-10;0.000368;5.832406948256888e-14;1.3633703246904927e-11;36;0x00;39;ORANGE;False
1787669557.345053;19.19855764299973;Simulation RF;Détection RF large bande;868 MHz;868 MHz;;2640;2.1270870601507994;-41.083482406031976;-74.08348240603198;3.905276242203605e-11;0.1;3.905276242203605e-12;3.7245338024927552e-09;;;;VERT;True
1787669557.3451972;19.19855764299973;Simulation RF;Détection RF large bande;2,45 GHz;2,45 GHz;;2771;2.233312306951959;-45.33249227807836;-62.032492278078365;6.262543740397304e-10;0.1;6.262543740397304e-11;1.13521163232881e-08;;;;ORANGE;True
1787669557.3537545;19.20738733899998;Wi-Fi;Wi-Fi;2,4/5 GHz;wlan0;-30.0;;;;-30.0;1e-06;0.1;1e-07;1.1975507273673868e-05;;;;ROUGE;False
1787669557.444393;19.298026549999122;BLE Sniffer;Appareil BLE;2,4 GHz BLE;7f:c4:af:1a:e1:07;-68.0;;;;-68.0;1.584893192461111e-10;0.00028;4.43770093889111e-14;3.0260827269283175e-12;25;0x00;37;ORANGE;False
1787669557.444484;19.298115659999894;BLE Sniffer;Appareil BLE;2,4 GHz BLE;7b:b4:af:1a:e2:c7;-77.0;;;;-77.0;1.9952623149688828e-11;0.000272;5.4271134967153616e-15;5.4271134967153616e-15;24;0x00;38;VERT;False
1787669557.4445248;19.298156288999962;BLE Sniffer;Appareil BLE;2,4 GHz BLE;7f:c4:af:1a:e1:07;-70.0;;;;-70.0;1e-10;0.00028;2.7999999999999997e-14;3.0540827269283174e-12;25;0x00;39;ORANGE;False
1787669557.4466512;19.29865700299888;Simulation RF;Détection RF large bande;868 MHz;868 MHz;;2594;2.0901268834474327;-39.605075337897304;-72.6050753378973;5.4889903366756903e-11;0.1;5.4889903366756905e-12;3.730022792829431e-09;;;;VERT;True
1787669557.446794;19.29865700299888;Simulation RF;Détection RF large bande;2,45 GHz;2,45 GHz;;2813;2.2671680131437344;-46.686720525749365;-63.38672052574936;4.5848797260825773e-10;0.1;4.5848797260825775e-11;1.1397965120548924e-08;;;;ORANGE;True
1787669557.4613469;19.314979154998582;Wi-Fi;Wi-Fi;2,4/5 GHz;wlan0;-30.0;;;;-30.0;1e-06;0.1;1e-07;1.207550727367387e-05;;;;ROUGE;False
1787669557.5452924;19.398731881999993;Simulation RF;Détection RF large bande;868 MHz;868 MHz;;2596;2.0920619282947235;-39.68247713178894;-72.68247713178894;5.3920298382705577e-11;0.1;5.392029838270558e-12;3.735414822667702e-09;;;;VERT;True
1787669557.545457;19.398731881999993;Simulation RF;Détection RF large bande;2,45 GHz;2,45 GHz;;2780;2.2399799712505333;-45.599198850021324;-62.29919885002133;5.889522903064565e-10;0.1;5.889522903064566e-11;1.145686034957957e-08;;;;ORANGE;True
1787669557.5485015;19.40213534799841;BLE Sniffer;Appareil BLE;2,4 GHz BLE;d3:23:2f:4d:3e:b1;-77.0;;;;-77.0;1.9952623149688828e-11;0.000376;7.502186304282999e-15;4.638901929528626e-14;37;0x00;37;VERT;False
1787669557.5493839;19.403016370999467;BLE Sniffer;iBeacon;2,4 GHz BLE;64:d1:2e:b5:04:2d;-63.0;;;;-63.0;5.011872336272714e-10;0.000368;1.8443690197483588e-13;1.3818140148879763e-11;36;0x00;38;ORANGE;False
1787669557.5545018;19.408134419998532;Wi-Fi;Wi-Fi;2,4/5 GHz;wlan0;-30.0;;;;-30.0;1e-06;0.1;1e-07;1.217550727367387e-05;;;;ROUGE;False
1787669557.6453655;19.498815038999965;Simulation RF;Détection RF large bande;868 MHz;868 MHz;;2631;2.120013749146476;-40.80054996585905;-73.80054996585905;4.1681659684227175e-11;0.1;4.1681659684227175e-12;3.739582988636124e-09;;;;VERT;True
1787669557.6455054;19.498815038999965;Simulation RF;Détection RF large bande;2,45 GHz;2,45 GHz;;2766;2.2291338281258506;-45.16535312503402;-61.86535312503401;6.50825690023498e-10;0.1;6.50825690023498e-11;1.152194291858192e-08;;;;ORANGE;True
1787669557.6530187;19.50665128699984;BLE Sniffer;iBeacon;2,4 GHz BLE;64:d1:2e:b5:04:2d;-68.0;;;;-68.0;1.584893192461111e-10;0.000368;5.832406948256888e-14;1.3876464218362331e-11;36;0x00;39;ORANGE;False
1787669557.6531007;19.50673237799856;BLE Sniffer;Appareil BLE;2,4 GHz BLE;7f:c4:af:1a:e1:07;-67.0;;;;-67.0;1.9952623149688828e-10;0.00028;5.5867344819128714e-14;3.109950071747446e-12;25;0x00;37;ORANGE;False
1787669557.6578794;19.511512562999997;Wi-Fi;Wi-Fi;2,4/5 GHz;wlan0;-30.0;;;;-30.0;1e-06;0.1;1e-07;1.227550727367387e-05;;;;ROUGE;False
1787669557.7454638;19.598901565999768;Simulation RF;Détection RF large bande;868 MHz;868 MHz;;2582;2.0810284068340414;-39.24113627336166;-72.24113627336166;5.968791007280182e-11;0.1;5.968791007280182e-12;3.745551779643405e-09;;;;VERT;True
1787669557.7456212;19.598901565999768;Simulation RF;Détection RF large bande;2,45 GHz;2,45 GHz;;2824;2.2760180849993596;-47.04072339997438;-63.74072339997438;4.2259821664050365e-10;0.1;4.225982166405037e-11;1.156420274024597e-08;;;;ORANGE;True
1787669557.7541666;19.607799018998776;Wi-Fi;Wi-Fi;2,4/5 GHz;wlan0;-30.0;;;;-30.0;1e-06;0.1;1e-07;1.2375507273673871e-05;;;;ROUGE;False
1787669557.8455315;19.698983388998386;Simulation RF;Détection RF large bande;868 MHz;868 MHz;;2628;2.117567240115226;-40.702689604609034;-73.70268960460903;4.263154180386986e-11;0.1;4.263154180386986e-12;3.749814933823792e-09;;;;VERT;True
1787669557.8456724;19.698983388998386;Simulation RF;Détection RF large bande;2,45 GHz;2,45 GHz;;2800;2.256259757166326;-46.250390286653044;-62.95039028665305;5.069451486776763e-10;0.1;5.0694514867767635e-11;1.1614897255113738e-08;;;;ORANGE;True
1787669557.8541913;19.707823639999333;Wi-Fi;Wi-Fi;2,4/5 GHz;wlan0;-30.0;;;;-30.0;1e-06;0.1;1e-07;1.2475507273673872e-05;;;;ROUGE;False
1787669557.8588839;19.712516750998475;BLE Sniffer;iBeacon;2,4 GHz BLE;64:d1:2e:b5:04:2d;-63.0;;;;-63.0;5.011872336272714e-10;0.000368;1.8443690197483588e-13;1.4060901120337167e-11;36;0x00;38;ORANGE;False
1787669557.86101;19.714643625999088;BLE Sniffer;iBeacon;2,4 GHz BLE;64:d1:2e:b5:04:2d;-68.0;;;;-68.0;1.584893192461111e-10;0.000368;5.832406948256888e-14;1.4119225189819735e-11;36;0x00;39;ORANGE;False
1787669557.9456077;19.799066767998738;Simulation RF;Détection RF large bande;868 MHz;868 MHz;;2583;2.0817088572202436;-39.268354288809746;-72.26835428880975;5.931500496886412e-11;0.1;5.9315004968864124e-12;3.755746434320678e-09;;;;VERT;True
1787669557.9457471;19.799066767998738;Simulation RF;Détection RF large bande;2,45 GHz;2,45 GHz;;2756;2.2210345509665723;-44.841382038662886;-61.54138203866288;7.012321125060072e-10;0.1;7.012321125060072e-11;1.1685020466364338e-08;;;;ORANGE;True
1787669557.9542823;19.80791477799903;Wi-Fi;Wi-Fi;2,4/5 GHz;wlan0;-30.0;;;;-30.0;1e-06;0.1;1e-07;1.2575507273673873e-05;;;;ROUGE;False
1787669557.9627259;19.81635795999864;BLE Sniffer;Appareil BLE;2,4 GHz BLE;7f:c4:af:1a:e1:07;-67.0;;;;-67.0;1.9952623149688828e-10;0.00028;5.5867344819128714e-14;3.1658174165665746e-12;25;0x00;37;ORANGE;False
1787669558.0456889;19.899143016999005;Simulation RF;Détection RF large bande;868 MHz;868 MHz;;2670;2.151266632384249;-42.05066529536995;-75.05066529536995;3.1256005199536066e-11;0.1;3.1256005199536068e-12;3.758872034840632e-09;;;;VERT;True
1787669558.0458364;19.899143016999005;Simulation RF;Détection RF large bande;2,45 GHz;2,45 GHz;;2793;2.250780424790856;-46.03121699163424;-62.73121699163424;5.331854638921598e-10;0.1;5.331854638921598e-11;1.1738339012753555e-08;;;;ORANGE;True
1787669558.054417;19.908049488998586;Wi-Fi;Wi-Fi;2,4/5 GHz;wlan0;-30.0;;;;-30.0;1e-06;0.1;1e-07;1.2675507273673874e-05;;;;ROUGE;False
1787669558.0658782;19.919511087999126;Simulation LoRa;LoRa;868 MHz;LoRa 868.100 MHz;-85.4630012728986;;;;-85.4630012728986;2.8424960686919407e-12;0.046335999999999995;1.3170989783890974e-13;1.7152497759883018e-12;13;"SNR=6.29;SF=7;BW=125.0;CR=4/5;F=868.100;CRC=OK;PAYLOAD=54454d504f5f4c4f52415f3139";7;VERT;True
1787669558.1458635;19.999224821998723;Simulation RF;Détection RF large bande;868 MHz;868 MHz;;2615;2.10744483624765;-40.297793449905996;-73.297793449906;4.6797284710564217e-11;0.1;4.679728471056422e-12;3.763551763311689e-09;;;;VERT;True
1787669558.1460075;19.999224821998723;Simulation RF;Détection RF large bande;2,45 GHz;2,45 GHz;;2791;2.2493929587076638;-45.97571834830654;-62.67571834830654;5.40042781162919e-10;0.1;5.4004278116291896e-11;1.1792343290869846e-08;;;;ORANGE;True
1787669558.1546204;20.008252865998656;Wi-Fi;Wi-Fi;2,4/5 GHz;wlan0;-30.0;;;;-30.0;1e-06;0.1;1e-07;1.2775507273673874e-05;;;;ROUGE;False
1787669558.1691816;20.022815304999313;BLE Sniffer;iBeacon;2,4 GHz BLE;64:d1:2e:b5:04:2d;-63.0;;;;-63.0;5.011872336272714e-10;0.000368;1.8443690197483588e-13;1.4303662091794571e-11;36;0x00;38;ORANGE;False
1787669558.1692595;20.022890914999152;BLE Sniffer;iBeacon;2,4 GHz BLE;64:d1:2e:b5:04:2d;-68.0;;;;-68.0;1.584893192461111e-10;0.000368;5.832406948256888e-14;1.436198616127714e-11;36;0x00;39;ORANGE;False
1787669558.2458665;20.09931097899971;Simulation RF;Détection RF large bande;868 MHz;868 MHz;;2652;2.136827239961582;-41.473089598463275;-74.47308959846328;3.570187623772858e-11;0.1;3.570187623772858e-12;3.767121950935462e-09;;;;VERT;True
1787669558.2460167;20.09931097899971;Simulation RF;Détection RF large bande;2,45 GHz;2,45 GHz;;2771;2.2329798434606736;-45.31919373842693;-62.01919373842693;6.281749677845725e-10;0.1;6.281749677845726e-11;1.1855160787648303e-08;;;;ORANGE;True
1787669558.2545123;20.108144969999557;Wi-Fi;Wi-Fi;2,4/5 GHz;wlan0;-30.0;;;;-30.0;1e-06;0.1;1e-07;1.2875507273673875e-05;;;;ROUGE;False
1787669558.2731628;20.126795770998797;BLE Sniffer;Appareil BLE;2,4 GHz BLE;7f:c4:af:1a:e1:07;-67.0;;;;-67.0;1.9952623149688828e-10;0.00028;5.5867344819128714e-14;3.2216847613857033e-12;25;0x00;37;ORANGE;False
1787669558.345925;20.199389560999407;Simulation RF;Détection RF large bande;868 MHz;868 MHz;;2626;2.116199041367254;-40.647961654690164;-73.64796165469016;4.317216562687421e-11;0.1;4.317216562687421e-12;3.771439167498149e-09;;;;VERT;True
1787669558.3460777;20.199389560999407;Simulation RF;Détection RF large bande;2,45 GHz;2,45 GHz;;2889;2.3282019920306496;-49.128079681225984;-65.82807968122599;2.613316628496441e-10;0.1;2.6133166284964412e-11;1.1881293953933268e-08;;;;ORANGE;True
1787669558.3545454;20.208177590999185;Wi-Fi;Wi-Fi;2,4/5 GHz;wlan0;-30.0;;;;-30.0;1e-06;0.1;1e-07;1.2975507273673876e-05;;;;ROUGE;False
1787669558.4460287;20.299471791999167;Simulation RF;Détection RF large bande;868 MHz;868 MHz;;2644;2.1309315668135156;-41.23726267254062;-74.23726267254062;3.769413075711073e-11;0.1;3.769413075711073e-12;3.77520858057386e-09;;;;VERT;True
1787669558.4461813;20.299471791999167;Simulation RF;Détection RF large bande;2,45 GHz;2,45 GHz;;2771;2.2332339321902053;-45.329357287608204;-62.02935728760821;6.267066041185263e-10;0.1;6.267066041185264e-11;1.1943964614345121e-08;;;;ORANGE;True
1787669558.4548445;20.30847741099933;Wi-Fi;Wi-Fi;2,4/5 GHz;wlan0;-30.0;;;;-30.0;1e-06;0.1;1e-07;1.3075507273673877e-05;;;;ROUGE;False
1787669558.478472;20.33210461499948;BLE Sniffer;iBeacon;2,4 GHz BLE;64:d1:2e:b5:04:2d;-63.0;;;;-63.0;5.011872336272714e-10;0.000368;1.8443690197483588e-13;1.4546423063251975e-11;36;0x00;38;ORANGE;False
1787669558.4799614;20.33359451799879;BLE Sniffer;iBeacon;2,4 GHz BLE;64:d1:2e:b5:04:2d;-68.0;;;;-68.0;1.584893192461111e-10;0.000368;5.832406948256888e-14;1.4604747132734545e-11;36;0x00;39;ORANGE;False
1787669558.546102;20.39955322700007;Simulation RF;Détection RF large bande;868 MHz;868 MHz;;2637;2.1254006106099865;-41.01602442439946;-74.01602442439946;3.966409572612684e-11;0.1;3.9664095726126845e-12;3.779174990146473e-09;;;;VERT;True
1787669558.5462477;20.39955322700007;Simulation RF;Détection RF large bande;2,45 GHz;2,45 GHz;;2745;2.211731655715958;-44.46926622863832;-61.169266228638314;7.639648499595215e-10;0.1;7.639648499595216e-11;1.2020361099341073e-08;;;;ORANGE;True
1787669558.5547988;20.40843132899863;Wi-Fi;Wi-Fi;2,4/5 GHz;wlan0;-30.0;;;;-30.0;1e-06;0.1;1e-07;1.3175507273673877e-05;;;;ROUGE;False
1787669558.5822852;20.43591799099886;BLE Sniffer;Appareil BLE;2,4 GHz BLE;7f:c4:af:1a:e1:07;-67.0;;;;-67.0;1.9952623149688828e-10;0.00028;5.5867344819128714e-14;3.277552106204832e-12;25;0x00;37;ORANGE;False
1787669558.6461935;20.49963943900002;Simulation RF;Détection RF large bande;868 MHz;868 MHz;;2642;2.129054755769738;-41.162190230789506;-74.1621902307895;3.835137833192531e-11;0.1;3.835137833192532e-12;3.783010127979665e-09;;;;VERT;True
1787669558.6463456;20.49963943900002;Simulation RF;Détection RF large bande;2,45 GHz;2,45 GHz;;2803;2.2591061326307957;-46.36424530523183;-63.06424530523183;4.938277256537177e-10;0.1;4.938277256537177e-11;1.2069743871906444e-08;;;;ORANGE;True
1787669558.654964;20.50859646599929;Wi-Fi;Wi-Fi;2,4/5 GHz;wlan0;-30.0;;;;-30.0;1e-06;0.1;1e-07;1.3275507273673878e-05;;;;ROUGE;False
1787669558.746272;20.599718947998554;Simulation RF;Détection RF large bande;868 MHz;868 MHz;;2644;2.1309102369012396;-41.23640947604959;-74.23640947604959;3.770153671336841e-11;0.1;3.770153671336841e-12;3.786780281651002e-09;;;;VERT;True
1787669558.7464077;20.599718947998554;Simulation RF;Détection RF large bande;2,45 GHz;2,45 GHz;;2801;2.2575543928413184;-46.30217571365273;-63.002175713652726;5.009362134427261e-10;0.1;5.009362134427262e-11;1.2119837493250717e-08;;;;ORANGE;True
1787669558.7550037;20.608636085999024;Wi-Fi;Wi-Fi;2,4/5 GHz;wlan0;-30.0;;;;-30.0;1e-06;0.1;1e-07;1.3375507273673879e-05;;;;ROUGE;False
1787669558.787685;20.64131729699875;BLE Sniffer;iBeacon;2,4 GHz BLE;64:d1:2e:b5:04:2d;-63.0;;;;-63.0;5.011872336272714e-10;0.000368;1.8443690197483588e-13;1.4789184034709383e-11;36;0x00;38;ORANGE;False
1787669558.7877579;20.64138927699969;BLE Sniffer;iBeacon;2,4 GHz BLE;64:d1:2e:b5:04:2d;-68.0;;;;-68.0;1.584893192461111e-10;0.000368;5.832406948256888e-14;1.4847508104191953e-11;36;0x00;39;ORANGE;False
1787669558.787798;20.64142949899906;BLE Sniffer;Appareil BLE;2,4 GHz BLE;7f:c4:af:1a:e1:07;-68.0;;;;-68.0;1.584893192461111e-10;0.00028;4.43770093889111e-14;3.321929115593743e-12;25;0x00;37;ORANGE;False
1787669558.8463643;20.69980271499844;Simulation RF;Détection RF large bande;868 MHz;868 MHz;;2691;2.16890573498315;-42.756229399326;-75.756229399326;2.65691132554525e-11;0.1;2.65691132554525e-12;3.789437192976547e-09;;;;VERT;True
1787669558.8465147;20.69980271499844;Simulation RF;Détection RF large bande;2,45 GHz;2,45 GHz;;2814;2.267937386921228;-46.71749547684911;-63.41749547684911;4.5525052187053076e-10;0.1;4.5525052187053076e-11;1.216536254543777e-08;;;;ORANGE;True
1787669558.8548598;20.708492320000005;Wi-Fi;Wi-Fi;2,4/5 GHz;wlan0;-31.0;;;;-31.0;7.943282347242822e-07;0.1;7.943282347242822e-08;1.3454940097146307e-05;;;;ROUGE;False
1787669558.9464273;20.799886093998794;Simulation RF;Détection RF large bande;868 MHz;868 MHz;;2636;2.1241062209224113;-40.964248836896445;-73.96424883689645;4.013979187240085e-11;0.1;4.013979187240085e-12;3.793451172163787e-09;;;;VERT;True
1787669558.946574;20.799886093998794;Simulation RF;Détection RF large bande;2,45 GHz;2,45 GHz;;2787;2.2461896281725178;-45.84758512690071;-62.54758512690071;5.562134510524787e-10;0.1;5.5621345105247875e-11;1.2220983890543018e-08;;;;ORANGE;True
1787669558.9550421;20.80867423499876;Wi-Fi;Wi-Fi;2,4/5 GHz;wlan0;-31.0;;;;-31.0;7.943282347242822e-07;0.1;7.943282347242822e-08;1.3534372920618735e-05;;;;ROUGE;False
1787669558.9965866;20.850220751999586;BLE Sniffer;iBeacon;2,4 GHz BLE;64:d1:2e:b5:04:2d;-63.0;;;;-63.0;5.011872336272714e-10;0.000368;1.8443690197483588e-13;1.503194500616679e-11;36;0x00;38;ORANGE;False
1787669559.0465176;20.89996497299944;Simulation RF;Détection RF large bande;868 MHz;868 MHz;;2655;2.1392762129626006;-41.571048518504014;-74.57104851850401;3.490560325994176e-11;0.1;3.490560325994176e-12;3.796941732489781e-09;;;;VERT;True
1787669559.046671;20.89996497299944;Simulation RF;Détection RF large bande;2,45 GHz;2,45 GHz;;2836;2.285802765592821;-47.43211062371283;-64.13211062371283;3.861792525460098e-10;0.1;3.861792525460098e-11;1.2259601815797618e-08;;;;ORANGE;True
1787669559.054893;20.908525765999002;Wi-Fi;Wi-Fi;2,4/5 GHz;wlan0;-31.0;;;;-31.0;7.943282347242822e-07;0.1;7.943282347242822e-08;1.3613805744091163e-05;;;;ROUGE;False
1787669559.097819;20.951452038998468;BLE Sniffer;iBeacon;2,4 GHz BLE;64:d1:2e:b5:04:2d;-68.0;;;;-68.0;1.584893192461111e-10;0.000368;5.832406948256888e-14;1.509026907564936e-11;36;0x00;39;ORANGE;False
1787669559.0979369;20.951568499998757;Simulation LoRa;LoRa;868 MHz;LoRa 868.100 MHz;-91.75619580415976;;;;-91.75619580415976;6.673911134687669e-13;0.046335999999999995;3.092423463368878e-14;1.7461740106219905e-12;13;"SNR=5.94;SF=7;BW=125.0;CR=4/5;F=868.100;CRC=OK;PAYLOAD=54454d504f5f4c4f52415f3230";7;VERT;True
1787669559.1000237;20.953657170999577;BLE Sniffer;Appareil BLE;2,4 GHz BLE;7f:c4:af:1a:e1:07;-68.0;;;;-68.0;1.584893192461111e-10;0.00028;4.43770093889111e-14;3.3663061249826545e-12;25;0x00;37;ORANGE;False
1787669559.14658;21.00004829699901;Simulation RF;Détection RF large bande;868 MHz;868 MHz;;2735;2.203817388739752;-44.15269554959008;-77.15269554959008;1.926328921274956e-11;0.1;1.9263289212749562e-12;3.7988680614110566e-09;;;;VERT;True
1787669559.146725;21.00004829699901;Simulation RF;Détection RF large bande;2,45 GHz;2,45 GHz;;2845;2.2922759226049574;-47.6910369041983;-64.3910369041983;3.6382815959494687e-10;0.1;3.638281595949469e-11;1.2295984631757113e-08;;;;ORANGE;True
1787669559.1552176;21.008850195999912;Wi-Fi;Wi-Fi;2,4/5 GHz;wlan0;-31.0;;;;-31.0;7.943282347242822e-07;0.1;7.943282347242822e-08;1.3693238567563591e-05;;;;ROUGE;False
1787669559.246698;21.100133694999386;Simulation RF;Détection RF large bande;868 MHz;868 MHz;;2607;2.1008938622901403;-40.035754491605616;-73.03575449160562;4.970780097991872e-11;0.1;4.9707800979918725e-12;3.8038388415090485e-09;;;;VERT;True
1787669559.2468584;21.100133694999386;Simulation RF;Détection RF large bande;2,45 GHz;2,45 GHz;;2752;2.2175027181048192;-44.70010872419276;-61.400108724192755;7.24417824286407e-10;0.1;7.244178242864071e-11;1.2368426414185754e-08;;;;ORANGE;True
1787669559.2554786;21.109111738998763;Wi-Fi;Wi-Fi;2,4/5 GHz;wlan0;-31.0;;;;-31.0;7.943282347242822e-07;0.1;7.943282347242822e-08;1.377267139103602e-05;;;;ROUGE;False
1787669559.3072724;21.16090587399958;BLE Sniffer;iBeacon;2,4 GHz BLE;64:d1:2e:b5:04:2d;-62.0;;;;-62.0;6.309573444801942e-10;0.000368;2.321923027687115e-13;1.532246137841807e-11;36;0x00;38;ORANGE;False
1787669559.346752;21.200211684999886;Simulation RF;Détection RF large bande;868 MHz;868 MHz;;2696;2.172270536512191;-42.89082146048763;-75.89082146048763;2.5758338964033406e-11;0.1;2.575833896403341e-12;3.806414675405452e-09;;;;VERT;True
1787669559.3468897;21.200211684999886;Simulation RF;Détection RF large bande;2,45 GHz;2,45 GHz;;2818;2.2711451115957106;-46.84580446382843;-63.545804463828425;4.4199723609253024e-10;0.1;4.4199723609253025e-11;1.2412626137795007e-08;;;;ORANGE;True
1787669559.3554344;21.209066508999967;Wi-Fi;Wi-Fi;2,4/5 GHz;wlan0;-31.0;;;;-31.0;7.943282347242822e-07;0.1;7.943282347242822e-08;1.3852104214508448e-05;;;;ROUGE;False
1787669559.4085007;21.262133938998886;BLE Sniffer;iBeacon;2,4 GHz BLE;64:d1:2e:b5:04:2d;-68.0;;;;-68.0;1.584893192461111e-10;0.000368;5.832406948256888e-14;1.538078544790064e-11;36;0x00;39;ORANGE;False
1787669559.4106822;21.264316292999865;BLE Sniffer;Appareil BLE;2,4 GHz BLE;7f:c4:af:1a:e1:07;-68.0;;;;-68.0;1.584893192461111e-10;0.00028;4.43770093889111e-14;3.4106831343715657e-12;25;0x00;37;ORANGE;False
1787669559.410764;21.264395532998606;BLE Sniffer;Appareil BLE;2,4 GHz BLE;7e:c4:af:1a:e1:07;-77.0;;;;-77.0;1.9952623149688828e-11;0.00028;5.586734481912872e-15;5.586734481912872e-15;25;0x00;38;VERT;False
1787669559.4468427;21.30029489699882;Simulation RF;Détection RF large bande;868 MHz;868 MHz;;2735;2.2038758066013098;-44.15503226405238;-77.15503226405238;1.9252927418849897e-11;0.1;1.9252927418849896e-12;3.808339968147337e-09;;;;VERT;True
1787669559.4469752;21.30029489699882;Simulation RF;Détection RF large bande;2,45 GHz;2,45 GHz;;2834;2.2837553909232757;-47.350215636931026;-64.05021563693103;3.9353053529876305e-10;0.1;3.935305352987631e-11;1.2451979191324883e-08;;;;ORANGE;True
1787669559.4555163;21.309148999998797;Wi-Fi;Wi-Fi;2,4/5 GHz;wlan0;-31.0;;;;-31.0;7.943282347242822e-07;0.1;7.943282347242822e-08;1.3931537037980876e-05;;;;ROUGE;False
1787669559.5131185;21.366751301999102;BLE Sniffer;Appareil BLE;2,4 GHz BLE;7f:c4:af:1a:e1:07;-68.0;;;;-68.0;1.584893192461111e-10;0.00028;4.43770093889111e-14;3.455060143760477e-12;25;0x00;39;ORANGE;False
1787669559.5131948;21.366826189998392;BLE Sniffer;Appareil BLE;2,4 GHz BLE;d3:23:2f:4d:3e:b1;-78.0;;;;-78.0;1.5848931924611107e-11;0.000376;5.959198403653776e-15;5.234821769894004e-14;37;0x00;37;VERT;False
1787669559.5153477;21.368981803998395;BLE Sniffer;Appareil BLE;2,4 GHz BLE;55:c9:1c:54:32:ce;-91.0;;;;-91.0;7.943282347242822e-13;0.000176;1.3980176931147365e-16;2.796035386229473e-16;12;0x03;38;VERT;False
1787669559.5468876;21.40037436899911;Simulation RF;Détection RF large bande;868 MHz;868 MHz;;2660;2.143221773690079;-41.72887094760317;-74.72887094760317;3.3659906498071245e-11;0.1;3.3659906498071246e-12;3.811705958797144e-09;;;;VERT;True
1787669559.5470328;21.40037436899911;Simulation RF;Détection RF large bande;2,45 GHz;2,45 GHz;;2824;2.2754301383344293;-47.017205533377165;-63.71720553337716;4.248928732063119e-10;0.1;4.248928732063119e-11;1.2494468478645515e-08;;;;ORANGE;True
1787669559.5555282;21.409161268999014;Wi-Fi;Wi-Fi;2,4/5 GHz;wlan0;-31.0;;;;-31.0;7.943282347242822e-07;0.1;7.943282347242822e-08;1.4010969861453304e-05;;;;ROUGE;False
1787669559.6197498;21.47338317199865;BLE Sniffer;iBeacon;2,4 GHz BLE;64:d1:2e:b5:04:2d;-68.0;;;;-68.0;1.584893192461111e-10;0.000368;5.832406948256888e-14;1.543910951738321e-11;36;0x00;39;ORANGE;False
1787669559.6198308;21.473462392999863;BLE Sniffer;Appareil BLE;2,4 GHz BLE;7f:c4:af:1a:e1:07;-68.0;;;;-68.0;1.584893192461111e-10;0.00028;4.43770093889111e-14;3.4994371531493883e-12;25;0x00;37;ORANGE;False
1787669559.647038;21.500464654998723;Simulation RF;Détection RF large bande;868 MHz;868 MHz;;2619;2.1104409204039967;-40.41763681615987;-73.41763681615987;4.5523570617504293e-11;0.1;4.5523570617504295e-12;3.816258315858894e-09;;;;VERT;True
1787669559.6471977;21.500464654998723;Simulation RF;Détection RF large bande;2,45 GHz;2,45 GHz;;2818;2.2706322738789173;-46.82529095515669;-63.525290955156684;4.4408990860965076e-10;0.1;4.4408990860965076e-11;1.253887746950648e-08;;;;ORANGE;True
1787669559.6557796;21.509412403998795;Wi-Fi;Wi-Fi;2,4/5 GHz;wlan0;-31.0;;;;-31.0;7.943282347242822e-07;0.1;7.943282347242822e-08;1.4090402684925732e-05;;;;ROUGE;False
1787669559.7470484;21.60054897899863;Simulation RF;Détection RF large bande;868 MHz;868 MHz;;2645;2.1315541838631296;-41.262167354525175;-74.26216735452518;3.747859179717356e-11;0.1;3.747859179717356e-12;3.8200061750386115e-09;;;;VERT;True
1787669559.7471988;21.60054897899863;Simulation RF;Détection RF large bande;2,45 GHz;2,45 GHz;;2875;2.3166719634873036;-48.666878539492146;-65.36687853949215;2.906110650240474e-10;0.1;2.9061106502404743e-11;1.2567938576008884e-08;;;;ORANGE;True
1787669559.7558374;21.609469912998975;Wi-Fi;Wi-Fi;2,4/5 GHz;wlan0;-31.0;;;;-31.0;7.943282347242822e-07;0.1;7.943282347242822e-08;1.416983550839816e-05;;;;ROUGE;False
1787669559.8267066;21.680340915998386;BLE Sniffer;iBeacon;2,4 GHz BLE;64:d1:2e:b5:04:2d;-63.0;;;;-63.0;5.011872336272714e-10;0.000368;1.8443690197483588e-13;1.5623546419358048e-11;36;0x00;38;ORANGE;False
1787669559.8473692;21.700664708998374;Simulation RF;Détection RF large bande;868 MHz;868 MHz;;2683;2.1618532808828235;-42.47413123531294;-75.47413123531294;2.8352207356312755e-11;0.1;2.8352207356312755e-12;3.822841395774242e-09;;;;VERT;True
1787669559.8475869;21.700664708998374;Simulation RF;Détection RF large bande;2,45 GHz;2,45 GHz;;2774;2.2351845640418424;-45.407382561673685;-62.10738256167369;6.155477438373179e-10;0.1;6.15547743837318e-11;1.2629493350392616e-08;;;;ORANGE;True
1787669559.8566031;21.710236836999684;Wi-Fi;Wi-Fi;2,4/5 GHz;wlan0;-31.0;;;;-31.0;7.943282347242822e-07;0.1;7.943282347242822e-08;1.4249268331870589e-05;;;;ROUGE;False
1787669559.929498;21.78313108600014;BLE Sniffer;iBeacon;2,4 GHz BLE;64:d1:2e:b5:04:2d;-68.0;;;;-68.0;1.584893192461111e-10;0.000368;5.832406948256888e-14;1.5681870488840618e-11;36;0x00;39;ORANGE;False
1787669559.9302776;21.78391036999892;BLE Sniffer;Appareil BLE;2,4 GHz BLE;7f:c4:af:1a:e1:07;-68.0;;;;-68.0;1.584893192461111e-10;0.00028;4.43770093889111e-14;3.5438141625382995e-12;25;0x00;37;ORANGE;False
1787669559.947249;21.800750198999594;Simulation RF;Détection RF large bande;868 MHz;868 MHz;;2647;2.1328486193594123;-41.313944774376495;-74.3139447743765;3.7034417872703384e-11;0.1;3.703441787270339e-12;3.826544837561513e-09;;;;VERT;True
1787669559.9473948;21.800750198999594;Simulation RF;Détection RF large bande;2,45 GHz;2,45 GHz;;2821;2.2737062874126894;-46.94825149650758;-63.648251496507584;4.3169284475506825e-10;0.1;4.316928447550683e-11;1.2672662634868123e-08;;;;ORANGE;True
1787669559.9558897;21.809523358999286;Wi-Fi;Wi-Fi;2,4/5 GHz;wlan0;-30.0;;;;-30.0;1e-06;0.1;1e-07;1.434926833187059e-05;;;;ROUGE;False
1787669560.034416;21.888049241999397;Simulation LoRa;LoRa;868 MHz;LoRa 868.100 MHz;-88.10914560444834;;;;-88.10914560444834;1.5455584702022396e-12;0.046335999999999995;7.161499727529097e-14;1.8177890078972814e-12;13;"SNR=8.05;SF=7;BW=125.0;CR=4/5;F=868.100;CRC=OK;PAYLOAD=54454d504f5f4c4f52415f3231";7;VERT;True
1787669560.0473683;21.900832744999207;Simulation RF;Détection RF large bande;868 MHz;868 MHz;;2689;2.1669762871948395;-42.67905148779357;-75.67905148779357;2.704548981239504e-11;0.1;2.704548981239504e-12;3.8292493865427525e-09;;;;VERT;True
1787669560.0475242;21.900832744999207;Simulation RF;Détection RF large bande;2,45 GHz;2,45 GHz;;2752;2.2175929984394225;-44.70371993757689;-61.403719937576895;7.238157120968071e-10;0.1;7.238157120968072e-11;1.2745044206077804e-08;;;;ORANGE;True
1787669560.0568707;21.910503130999132;Wi-Fi;Wi-Fi;2,4/5 GHz;wlan0;-30.0;;;;-30.0;1e-06;0.1;1e-07;1.444926833187059e-05;;;;ROUGE;False
1787669560.1379266;21.991559807998783;BLE Sniffer;iBeacon;2,4 GHz BLE;64:d1:2e:b5:04:2d;-62.0;;;;-62.0;6.309573444801942e-10;0.000368;2.321923027687115e-13;1.5914062791609328e-11;36;0x00;38;ORANGE;False
1787669560.147447;22.00091053199867;Simulation RF;Détection RF large bande;868 MHz;868 MHz;;2664;2.146522942188293;-41.860917687531725;-74.86091768753172;3.2651882970244064e-11;0.1;3.2651882970244067e-12;3.832514574839777e-09;;;;VERT;True
1787669560.1475875;22.00091053199867;Simulation RF;Détection RF large bande;2,45 GHz;2,45 GHz;;2826;2.277506137794681;-47.10024551178722;-63.80024551178722;4.168458180190556e-10;0.1;4.1684581801905566e-11;1.278672878787971e-08;;;;ORANGE;True
1787669560.1561632;22.00979583699882;Wi-Fi;Wi-Fi;2,4/5 GHz;wlan0;-30.0;;;;-30.0;1e-06;0.1;1e-07;1.454926833187059e-05;;;;ROUGE;False
1787669560.2391574;22.092791076998765;BLE Sniffer;iBeacon;2,4 GHz BLE;64:d1:2e:b5:04:2d;-68.0;;;;-68.0;1.584893192461111e-10;0.000368;5.832406948256888e-14;1.5972386861091898e-11;36;0x00;39;ORANGE;False
1787669560.2484248;22.10109855799965;Simulation RF;Détection RF large bande;868 MHz;868 MHz;;2708;2.1825783177227236;-43.30313270890893;-76.30313270890893;2.3425384557184034e-11;0.1;2.3425384557184035e-12;3.834857113295495e-09;;;;VERT;True
1787669560.2593262;22.10109855799965;Simulation RF;Détection RF large bande;2,45 GHz;2,45 GHz;;2822;2.2742446906587506;-46.96978762635001;-63.66978762635001;4.2955743197057577e-10;0.1;4.295574319705758e-11;1.2829684531076767e-08;;;;ORANGE;True
1787669560.2710936;22.124725928999396;Wi-Fi;Wi-Fi;2,4/5 GHz;wlan0;-30.0;;;;-30.0;1e-06;0.1;1e-07;1.4649268331870592e-05;;;;ROUGE;False
1787669560.347679;22.20118067799922;Simulation RF;Détection RF large bande;868 MHz;868 MHz;;2717;2.1895875445538358;-43.58350178215342;-76.58350178215342;2.1960884193678444e-11;0.1;2.1960884193678444e-12;3.837053201714862e-09;;;;VERT;True
1787669560.3478284;22.20118067799922;Simulation RF;Détection RF large bande;2,45 GHz;2,45 GHz;;2890;2.32907000119095;-49.162800047638;-65.862800047638;2.592507343481557e-10;0.1;2.592507343481557e-11;1.2855609604511583e-08;;;;ORANGE;True
1787669560.3562875;22.209919892999096;Wi-Fi;Wi-Fi;2,4/5 GHz;wlan0;-30.0;;;;-30.0;1e-06;0.1;1e-07;1.4749268331870592e-05;;;;ROUGE;False
1787669560.4475088;22.301142188000085;BLE Sniffer;Appareil BLE;2,4 GHz BLE;7f:c4:af:1a:e1:07;-68.0;;;;-68.0;1.584893192461111e-10;0.00028;4.43770093889111e-14;3.5881911719272108e-12;25;0x00;37;ORANGE;False
1787669560.4476202;22.30125157600014;BLE Sniffer;Appareil BLE;2,4 GHz BLE;01:02:7f:cc:af:1a;-77.0;;;;-77.0;1.9952623149688828e-11;0.00028;5.586734481912872e-15;5.586734481912872e-15;25;0x08;38;VERT;False
1787669560.449675;22.301475738999216;Simulation RF;Détection RF large bande;868 MHz;868 MHz;;2713;2.1863180142011815;-43.452720568047255;-76.45272056804725;2.2632261017824527e-11;0.1;2.263226101782453e-12;3.839316427816645e-09;;;;VERT;True
1787669560.4558818;22.301475738999216;Simulation RF;Détection RF large bande;2,45 GHz;2,45 GHz;;2881;2.3217067598241807;-48.86827039296722;-65.56827039296722;2.77442481803266e-10;0.1;2.77442481803266e-11;1.288335385269191e-08;;;;ORANGE;True
1787669560.477008;22.33064107899918;Wi-Fi;Wi-Fi;2,4/5 GHz;wlan0;-30.0;;;;-30.0;1e-06;0.1;1e-07;1.4849268331870593e-05;;;;ROUGE;False
1787669560.5480938;22.40155132200016;Simulation RF;Détection RF large bande;868 MHz;868 MHz;;2730;2.2000922943304513;-44.00369177321805;-77.00369177321805;1.9935669385898847e-11;0.1;1.993566938589885e-12;3.841309994755235e-09;;;;VERT;True
1787669560.5482347;22.40155132200016;Simulation RF;Détection RF large bande;2,45 GHz;2,45 GHz;;2798;2.2549363960560327;-46.1974558422413;-62.8974558422413;5.131619133748498e-10;0.1;5.131619133748498e-11;1.2934670044029395e-08;;;;ORANGE;True
1787669560.5497053;22.403337960999124;BLE Sniffer;Appareil BLE;2,4 GHz BLE;7f:c4:af:1a:e1:07;-68.0;;;;-68.0;1.584893192461111e-10;0.00028;4.43770093889111e-14;3.632568181316122e-12;25;0x00;39;ORANGE;False
1787669560.552541;22.40617474999999;BLE Sniffer;iBeacon;2,4 GHz BLE;64:d1:2e:b5:04:2d;-63.0;;;;-63.0;5.011872336272714e-10;0.000368;1.8443690197483588e-13;1.6156823763066735e-11;36;0x00;37;ORANGE;False
1787669560.5526268;22.40625850699871;BLE Sniffer;iBeacon;2,4 GHz BLE;64:d1:2e:b5:04:2d;-62.0;;;;-62.0;6.309573444801942e-10;0.000368;2.321923027687115e-13;1.6389016065835446e-11;36;0x00;38;ORANGE;False
1787669560.55267;22.406301302999054;BLE Sniffer;iBeacon;2,4 GHz BLE;64:d1:2e:b5:04:2d;-68.0;;;;-68.0;1.584893192461111e-10;0.000368;5.832406948256888e-14;1.6447340135318016e-11;36;0x00;39;ORANGE;False
1787669560.5582082;22.411842067998805;Wi-Fi;Wi-Fi;2,4/5 GHz;wlan0;-30.0;;;;-30.0;1e-06;0.1;1e-07;1.4949268331870594e-05;;;;ROUGE;False
1787669560.6481864;22.501639718999286;Simulation RF;Détection RF large bande;868 MHz;868 MHz;;2720;2.1919921551933155;-43.679686207732615;-76.67968620773262;2.1479856676619916e-11;0.1;2.1479856676619915e-12;3.843457980422897e-09;;;;VERT;True
1787669560.6483583;22.501639718999286;Simulation RF;Détection RF large bande;2,45 GHz;2,45 GHz;;2796;2.2529506602831346;-46.11802641132539;-62.818026411325384;5.226336383661248e-10;0.1;5.226336383661248e-11;1.2986933407866007e-08;;;;ORANGE;True
1787669560.6626081;22.516240472999925;Wi-Fi;Wi-Fi;2,4/5 GHz;wlan0;-30.0;;;;-30.0;1e-06;0.1;1e-07;1.5049268331870594e-05;;;;ROUGE;False
1787669560.7482839;22.60173117299928;Simulation RF;Détection RF large bande;868 MHz;868 MHz;;2727;2.1978300271385653;-43.91320108554261;-76.91320108554261;2.0355411736739943e-11;0.1;2.0355411736739942e-12;3.845493521596571e-09;;;;VERT;True
1787669560.7484508;22.60173117299928;Simulation RF;Détection RF large bande;2,45 GHz;2,45 GHz;;2774;2.2355882147388195;-45.423528589552774;-62.12352858955278;6.132635335701501e-10;0.1;6.132635335701501e-11;1.3048259761223022e-08;;;;ORANGE;True
1787669560.7568908;22.610523497998656;Wi-Fi;Wi-Fi;2,4/5 GHz;wlan0;-31.0;;;;-31.0;7.943282347242822e-07;0.1;7.943282347242822e-08;1.5128701155343023e-05;;;;ROUGE;False
1787669560.7664187;22.620052126998416;BLE Sniffer;Appareil BLE;2,4 GHz BLE;7f:c4:af:1a:e1:07;-67.0;;;;-67.0;1.9952623149688828e-10;0.00028;5.5867344819128714e-14;3.688435526135251e-12;25;0x00;37;ORANGE;False
1787669560.7665017;22.620133106998765;BLE Sniffer;iBeacon;2,4 GHz BLE;64:d1:2e:b5:04:2d;-63.0;;;;-63.0;5.011872336272714e-10;0.000368;1.8443690197483588e-13;1.6631777037292853e-11;36;0x00;38;ORANGE;False
1787669560.7665408;22.620172124999954;BLE Sniffer;iBeacon;2,4 GHz BLE;64:d1:2e:b5:04:2d;-68.0;;;;-68.0;1.584893192461111e-10;0.000368;5.832406948256888e-14;1.6690101106775423e-11;36;0x00;39;ORANGE;False
1787669560.8483682;22.70181318199866;Simulation RF;Détection RF large bande;868 MHz;868 MHz;;2786;2.2447707179058454;-45.790828716233804;-78.7908287162338;1.3210435299755905e-11;0.1;1.3210435299755905e-12;3.846814565126546e-09;;;;VERT;True
1787669560.8485208;22.70181318199866;Simulation RF;Détection RF large bande;2,45 GHz;2,45 GHz;;2882;2.322300681630685;-48.8920272652274;-65.5920272652274;2.759289532803781e-10;0.1;2.759289532803781e-11;1.307585265655106e-08;;;;ORANGE;True
1787669560.8568587;22.71049052699891;Wi-Fi;Wi-Fi;2,4/5 GHz;wlan0;-31.0;;;;-31.0;7.943282347242822e-07;0.1;7.943282347242822e-08;1.520813397881545e-05;;;;ROUGE;False
1787669560.9484684;22.801897097999245;Simulation RF;Détection RF large bande;868 MHz;868 MHz;;2673;2.15374079786;-42.14963191439999;-75.14963191439999;3.05518004354306e-11;0.1;3.0551800435430604e-12;3.8498697451700895e-09;;;;VERT;True
1787669560.9486215;22.801897097999245;Simulation RF;Détection RF large bande;2,45 GHz;2,45 GHz;;2869;2.3121391805042903;-48.4855672201716;-65.1855672201716;3.0300045313205014e-10;0.1;3.030004531320501e-11;1.3106152701864264e-08;;;;ORANGE;True
1787669560.9569633;22.81059592499878;Wi-Fi;Wi-Fi;2,4/5 GHz;wlan0;-31.0;;;;-31.0;7.943282347242822e-07;0.1;7.943282347242822e-08;1.528756680228788e-05;;;;ROUGE;False
1787669560.9741914;22.827824006999435;BLE Sniffer;Appareil BLE;2,4 GHz BLE;7f:c4:af:1a:e1:07;-67.0;;;;-67.0;1.9952623149688828e-10;0.00028;5.5867344819128714e-14;3.74430287095438e-12;25;0x00;37;ORANGE;False
1787669561.0485296;22.90198758799852;Simulation RF;Détection RF large bande;868 MHz;868 MHz;;2684;2.1626683809657647;-42.50673523863058;-75.50673523863058;2.814015440877598e-11;0.1;2.814015440877598e-12;3.852683760610967e-09;;;;VERT;True
1787669561.0486748;22.90198758799852;Simulation RF;Détection RF large bande;2,45 GHz;2,45 GHz;;2893;2.33141742477218;-49.25669699088721;-65.95669699088721;2.537057445705336e-10;0.1;2.537057445705336e-11;1.3131523276321318e-08;;;;ORANGE;True
1787669561.0581863;22.911818933998802;Wi-Fi;Wi-Fi;2,4/5 GHz;wlan0;-31.0;;;;-31.0;7.943282347242822e-07;0.1;7.943282347242822e-08;1.536699962576031e-05;;;;ROUGE;False
1787669561.0779462;22.93158082899936;BLE Sniffer;iBeacon;2,4 GHz BLE;64:d1:2e:b5:04:2d;-63.0;;;;-63.0;5.011872336272714e-10;0.000368;1.8443690197483588e-13;1.687453800875026e-11;36;0x00;38;ORANGE;False
1787669561.0780518;22.93168384599994;BLE Sniffer;iBeacon;2,4 GHz BLE;64:d1:2e:b5:04:2d;-68.0;;;;-68.0;1.584893192461111e-10;0.000368;5.832406948256888e-14;1.693286207823283e-11;36;0x00;39;ORANGE;False
1787669561.0781767;22.931808751000062;Simulation LoRa;LoRa;868 MHz;LoRa 868.100 MHz;-87.95768075796782;;;;-87.95768075796782;1.6004124610555846e-12;0.046335999999999995;7.415671179547156e-14;1.891945719692753e-12;13;"SNR=6.13;SF=7;BW=125.0;CR=4/5;F=868.100;CRC=OK;PAYLOAD=54454d504f5f4c4f52415f3232";7;VERT;True
1787669561.148748;23.00214007700015;Simulation RF;Détection RF large bande;868 MHz;868 MHz;;2701;2.176276411874943;-43.05105647499772;-76.05105647499772;2.4825291259466256e-11;0.1;2.4825291259466256e-12;3.855166289736913e-09;;;;VERT;True
1787669561.1490138;23.00214007700015;Simulation RF;Détection RF large bande;2,45 GHz;2,45 GHz;;2833;2.2834048323151013;-47.33619329260405;-64.03619329260405;3.94803206035194e-10;0.1;3.94803206035194e-11;1.3171003596924837e-08;;;;ORANGE;True
1787669561.1576467;23.011278878999292;Wi-Fi;Wi-Fi;2,4/5 GHz;wlan0;-32.0;;;;-32.0;6.30957344480193e-07;0.1;6.30957344480193e-08;1.543009536020833e-05;;;;ROUGE;False
1787669561.2487638;23.10221923499921;Simulation RF;Détection RF large bande;868 MHz;868 MHz;;2709;2.1828627169493493;-43.314508677973976;-76.31450867797398;2.3364104078945133e-11;0.1;2.3364104078945136e-12;3.857502700144808e-09;;;;VERT;True
1787669561.2489061;23.10221923499921;Simulation RF;Détection RF large bande;2,45 GHz;2,45 GHz;;2923;2.355914571449992;-50.23658285799968;-66.93658285799968;2.0246115691981986e-10;0.1;2.0246115691981988e-11;1.319124971261682e-08;;;;ORANGE;True
1787669561.257315;23.11094724599934;Wi-Fi;Wi-Fi;2,4/5 GHz;wlan0;-32.0;;;;-32.0;6.30957344480193e-07;0.1;6.30957344480193e-08;1.549319109465635e-05;;;;ROUGE;False
1787669561.2945702;23.14820801499991;BLE Sniffer;Appareil BLE;2,4 GHz BLE;7f:c4:af:1a:e1:07;-67.0;;;;-67.0;1.9952623149688828e-10;0.00028;5.5867344819128714e-14;3.800170215773508e-12;25;0x00;37;ORANGE;False
1787669561.2990732;23.15270957499888;BLE Sniffer;iBeacon;2,4 GHz BLE;64:d1:2e:b5:04:2d;-63.0;;;;-63.0;5.011872336272714e-10;0.000368;1.8443690197483588e-13;1.7117298980207668e-11;36;0x00;38;ORANGE;False
1787669561.3488579;23.202303762000156;Simulation RF;Détection RF large bande;868 MHz;868 MHz;;2720;2.192120126798289;-43.68480507193155;-76.68480507193155;2.145455409945875e-11;0.1;2.145455409945875e-12;3.859648155554753e-09;;;;VERT;True
1787669561.3490171;23.202303762000156;Simulation RF;Détection RF large bande;2,45 GHz;2,45 GHz;;2817;2.2703513280230743;-46.814053120922964;-63.514053120922966;4.452405267791028e-10;0.1;4.4524052677910286e-11;1.323577376529473e-08;;;;ORANGE;True
1787669561.3574233;23.211056643998745;Wi-Fi;Wi-Fi;2,4/5 GHz;wlan0;-32.0;;;;-32.0;6.30957344480193e-07;0.1;6.30957344480193e-08;1.555628682910437e-05;;;;ROUGE;False
1787669561.4016933;23.255326413998773;BLE Sniffer;iBeacon;2,4 GHz BLE;64:d1:2e:b5:04:2d;-68.0;;;;-68.0;1.584893192461111e-10;0.000368;5.832406948256888e-14;1.7175623049690238e-11;36;0x00;39;ORANGE;False
1787669561.448922;23.30238623399964;Simulation RF;Détection RF large bande;868 MHz;868 MHz;;2722;2.1936791647189464;-43.74716658875785;-76.74716658875785;2.1148683660178293e-11;0.1;2.1148683660178292e-12;3.861763023920771e-09;;;;VERT;True
1787669561.4490566;23.30238623399964;Simulation RF;Détection RF large bande;2,45 GHz;2,45 GHz;;2924;2.3561787732785704;-50.24715093114281;-66.94715093114282;2.0196908915349154e-10;0.1;2.0196908915349155e-11;1.3255970674210079e-08;;;;ORANGE;True
1787669561.4573648;23.31099691399868;Wi-Fi;Wi-Fi;2,4/5 GHz;wlan0;-32.0;;;;-32.0;6.30957344480193e-07;0.1;6.30957344480193e-08;1.561938256355239e-05;;;;ROUGE;False
1787669561.5054414;23.35907505099931;BLE Sniffer;Appareil BLE;2,4 GHz BLE;d3:23:2f:4d:3e:b1;-79.0;;;;-79.0;1.2589254117941662e-11;0.000376;4.7335595483460644e-15;5.70817772472861e-14;37;0x00;37;VERT;False
1787669561.5490177;23.40247137299957;Simulation RF;Détection RF large bande;868 MHz;868 MHz;;2721;2.1927242090934036;-43.70896836373615;-76.70896836373615;2.1335516632797447e-11;0.1;2.1335516632797446e-12;3.863896575584051e-09;;;;VERT;True
1787669561.5491686;23.40247137299957;Simulation RF;Détection RF large bande;2,45 GHz;2,45 GHz;;2907;2.342557069329786;-49.70228277319144;-66.40228277319144;2.2896638251052993e-10;0.1;2.2896638251052994e-11;1.3278867312461132e-08;;;;ORANGE;True
1787669561.5575204;23.411152847998892;Wi-Fi;Wi-Fi;2,4/5 GHz;wlan0;-32.0;;;;-32.0;6.30957344480193e-07;0.1;6.30957344480193e-08;1.5682478298000412e-05;;;;ROUGE;False
1787669561.6116188;23.465252520998547;BLE Sniffer;iBeacon;2,4 GHz BLE;64:d1:2e:b5:04:2d;-63.0;;;;-63.0;5.011872336272714e-10;0.000368;1.8443690197483588e-13;1.7360059951665075e-11;36;0x00;38;ORANGE;False
1787669561.6117008;23.465332203999424;BLE Sniffer;iBeacon;2,4 GHz BLE;64:d1:2e:b5:04:2d;-68.0;;;;-68.0;1.584893192461111e-10;0.000368;5.832406948256888e-14;1.7418384021147645e-11;36;0x00;39;ORANGE;False
1787669561.6490898;23.502554066999437;Simulation RF;Détection RF large bande;868 MHz;868 MHz;;2717;2.1896330172606944;-43.58532069042778;-76.58532069042778;2.1951688481558187e-11;0.1;2.195168848155819e-12;3.866091744432207e-09;;;;VERT;True
1787669561.6492348;23.502554066999437;Simulation RF;Détection RF large bande;2,45 GHz;2,45 GHz;;2819;2.2716322238643167;-46.86528895457266;-63.565288954572665;4.400186705501633e-10;0.1;4.4001867055016334e-11;1.3322869179516149e-08;;;;ORANGE;True
1787669561.6576498;23.51128198599872;Wi-Fi;Wi-Fi;2,4/5 GHz;wlan0;-32.0;;;;-32.0;6.30957344480193e-07;0.1;6.30957344480193e-08;1.5745574032448432e-05;;;;ROUGE;False
1787669561.7492106;23.602644408998458;Simulation RF;Détection RF large bande;868 MHz;868 MHz;;2759;2.22350782654078;-44.9403130616312;-77.9403130616312;1.6068254206596413e-11;0.1;1.6068254206596413e-12;3.867698569852867e-09;;;;VERT;True
1787669561.7493706;23.602644408998458;Simulation RF;Détection RF large bande;2,45 GHz;2,45 GHz;;2873;2.3152130020669848;-48.60852008267939;-65.3085200826794;2.9454251563576904e-10;0.1;2.94542515635769e-11;1.3352323431079725e-08;;;;ORANGE;True
1787669561.7580004;23.611632768999698;Wi-Fi;Wi-Fi;2,4/5 GHz;wlan0;-32.0;;;;-32.0;6.30957344480193e-07;0.1;6.30957344480193e-08;1.5808669766896453e-05;;;;ROUGE;False
1787669561.8188052;23.672438909999983;BLE Sniffer;Appareil BLE;2,4 GHz BLE;7f:c4:af:1a:e1:07;-66.0;;;;-66.0;2.511886431509582e-10;0.00028;7.03328200822683e-14;3.870503035855777e-12;25;0x00;37;ORANGE;False
1787669561.849263;23.702727029000016;Simulation RF;Détection RF large bande;868 MHz;868 MHz;;2739;2.2071651637314003;-44.28660654925601;-77.286606549256;1.8678385955301443e-11;0.1;1.8678385955301444e-12;3.869566408448397e-09;;;;VERT;True
1787669561.849398;23.702727029000016;Simulation RF;Détection RF large bande;2,45 GHz;2,45 GHz;;2838;2.2868832393763214;-47.475329575052854;-64.17532957505286;3.8235523658924596e-10;0.1;3.82355236589246e-11;1.339055895473865e-08;;;;ORANGE;True
1787669561.8576918;23.711324060999686;Wi-Fi;Wi-Fi;2,4/5 GHz;wlan0;-32.0;;;;-32.0;6.30957344480193e-07;0.1;6.30957344480193e-08;1.5871765501344473e-05;;;;ROUGE;False
1787669561.9200406;23.7736740119999;BLE Sniffer;iBeacon;2,4 GHz BLE;64:d1:2e:b5:04:2d;-63.0;;;;-63.0;5.011872336272714e-10;0.000368;1.8443690197483588e-13;1.7602820923122483e-11;36;0x00;38;ORANGE;False
1787669561.9228506;23.776484875999813;BLE Sniffer;iBeacon;2,4 GHz BLE;64:d1:2e:b5:04:2d;-68.0;;;;-68.0;1.584893192461111e-10;0.000368;5.832406948256888e-14;1.7661144992605053e-11;36;0x00;39;ORANGE;False
1787669561.9493484;23.802810870998655;Simulation RF;Détection RF large bande;868 MHz;868 MHz;;2828;2.278670818849671;-47.14683275398684;-80.14683275398684;9.667556627019175e-12;0.1;9.667556627019176e-13;3.870533164111099e-09;;;;VERT;True
1787669561.949505;23.802810870998655;Simulation RF;Détection RF large bande;2,45 GHz;2,45 GHz;;2853;2.2987396319543443;-47.94958527817377;-64.64958527817377;3.428005201122423e-10;0.1;3.428005201122423e-11;1.3424839006749874e-08;;;;ORANGE;True
1787669561.9578617;23.811494124998717;Wi-Fi;Wi-Fi;2,4/5 GHz;wlan0;-32.0;;;;-32.0;6.30957344480193e-07;0.1;6.30957344480193e-08;1.5934861235792494e-05;;;;ROUGE;False
1787669562.0494053;23.90288884399888;Simulation RF;Détection RF large bande;868 MHz;868 MHz;;2700;2.176047099324206;-43.041883972968236;-76.04188397296824;2.4877778841152826e-11;0.1;2.487777884115283e-12;3.873020941995214e-09;;;;VERT;True
1787669562.049553;23.90288884399888;Simulation RF;Détection RF large bande;2,45 GHz;2,45 GHz;;2831;2.2812758865085168;-47.251035460340674;-63.95103546034068;4.0262102854415834e-10;0.1;4.0262102854415835e-11;1.346510110960429e-08;;;;ORANGE;True
1787669562.0581656;23.91179814899988;Wi-Fi;Wi-Fi;2,4/5 GHz;wlan0;-32.0;;;;-32.0;6.30957344480193e-07;0.1;6.30957344480193e-08;1.5997956970240515e-05;;;;ROUGE;False
1787669562.1278796;23.981512891999955;Simulation LoRa;LoRa;868 MHz;LoRa 868.100 MHz;-88.25188233097658;;;;-88.25188233097658;1.4955872940771743e-12;0.046335999999999995;6.929953285835994e-14;1.9612452525511127e-12;13;"SNR=7.02;SF=7;BW=125.0;CR=4/5;F=868.100;CRC=OK;PAYLOAD=54454d504f5f4c4f52415f3233";7;VERT;True
1787669562.1297178;23.98335173399937;BLE Sniffer;Appareil BLE;2,4 GHz BLE;7f:c4:af:1a:e1:07;-68.0;;;;-68.0;1.584893192461111e-10;0.00028;4.43770093889111e-14;3.914880045244688e-12;25;0x00;37;ORANGE;False
1787669562.1495204;24.00297250099902;Simulation RF;Détection RF large bande;868 MHz;868 MHz;;2732;2.20150330394655;-44.060132157862;-77.060132157862;1.967826406908759e-11;0.1;1.967826406908759e-12;3.874988768402122e-09;;;;VERT;True
1787669562.1496706;24.00297250099902;Simulation RF;Détection RF large bande;2,45 GHz;2,45 GHz;;2870;2.3131291451332663;-48.525165805330644;-65.22516580533065;3.002502788856566e-10;0.1;3.002502788856566e-11;1.3495126137492856e-08;;;;ORANGE;True
1787669562.1580296;24.011661901999105;Wi-Fi;Wi-Fi;2,4/5 GHz;wlan0;-32.0;;;;-32.0;6.30957344480193e-07;0.1;6.30957344480193e-08;1.6061052704688535e-05;;;;ROUGE;False
1787669562.2331083;24.08674202399925;BLE Sniffer;iBeacon;2,4 GHz BLE;64:d1:2e:b5:04:2d;-63.0;;;;-63.0;5.011872336272714e-10;0.000368;1.8443690197483588e-13;1.784558189457989e-11;36;0x00;38;ORANGE;False
1787669562.2355714;24.08920613400005;BLE Sniffer;iBeacon;2,4 GHz BLE;64:d1:2e:b5:04:2d;-68.0;;;;-68.0;1.584893192461111e-10;0.000368;5.832406948256888e-14;1.790390596406246e-11;36;0x00;39;ORANGE;False
1787669562.2495534;24.103051454998422;Simulation RF;Détection RF large bande;868 MHz;868 MHz;;2755;2.219952008072044;-44.79808032288176;-77.79808032288176;1.6603206434993784e-11;0.1;1.6603206434993785e-12;3.876649089045622e-09;;;;VERT;True
1787669562.2496996;24.103051454998422;Simulation RF;Détection RF large bande;2,45 GHz;2,45 GHz;;2928;2.3592022187679773;-50.368088750719096;-67.0680887507191;1.9642245053471424e-10;0.1;1.9642245053471426e-11;1.3514768382546328e-08;;;;ORANGE;True
1787669562.2581248;24.111757040998782;Wi-Fi;Wi-Fi;2,4/5 GHz;wlan0;-32.0;;;;-32.0;6.30957344480193e-07;0.1;6.30957344480193e-08;1.6124148439136556e-05;;;;ROUGE;False
1787669562.3421474;24.195782744998724;BLE Sniffer;Appareil BLE;2,4 GHz BLE;7f:c4:af:1a:e1:07;-67.0;;;;-67.0;1.9952623149688828e-10;0.00028;5.5867344819128714e-14;3.970747390063816e-12;25;0x00;37;ORANGE;False
1787669562.3422844;24.19591618799859;BLE Sniffer;Appareil BLE;2,4 GHz BLE;7f:c4:af:1a:e1:07;-79.0;;;;-79.0;1.2589254117941662e-11;0.00028;3.524991153023665e-15;3.97427238121684e-12;25;0x00;38;VERT;False
1787669562.3496287;24.203129203999197;Simulation RF;Détection RF large bande;868 MHz;868 MHz;;2716;2.188649683300936;-43.54598733203744;-76.54598733203744;2.2151404454846093e-11;0.1;2.2151404454846093e-12;3.8788642294911065e-09;;;;VERT;True
1787669562.3497815;24.203129203999197;Simulation RF;Détection RF large bande;2,45 GHz;2,45 GHz;;2787;2.245987670484824;-45.839506819392966;-62.53950681939296;5.572490259986576e-10;0.1;5.5724902599865766e-11;1.3570493285146194e-08;;;;ORANGE;True
1787669562.3582456;24.21187797499988;Wi-Fi;Wi-Fi;2,4/5 GHz;wlan0;-32.0;;;;-32.0;6.30957344480193e-07;0.1;6.30957344480193e-08;1.6187244173584576e-05;;;;ROUGE;False
1787669562.447159;24.300791992000086;BLE Sniffer;Appareil BLE;2,4 GHz BLE;7f:c4:af:1a:e1:07;-70.0;;;;-70.0;1e-10;0.00028;2.7999999999999997e-14;4.0022723812168405e-12;25;0x00;39;ORANGE;False
1787669562.4472423;24.300873768999736;BLE Sniffer;iBeacon;2,4 GHz BLE;64:d1:2e:b5:04:2d;-63.0;;;;-63.0;5.011872336272714e-10;0.000368;1.8443690197483588e-13;1.8088342866037297e-11;36;0x00;37;ORANGE;False
1787669562.4497101;24.303212972999972;Simulation RF;Détection RF large bande;868 MHz;868 MHz;;2702;2.1775429589273307;-43.10171835709323;-76.10171835709323;2.4537378621051674e-11;0.1;2.4537378621051674e-12;3.881317967353212e-09;;;;VERT;True
1787669562.449857;24.303212972999972;Simulation RF;Détection RF large bande;2,45 GHz;2,45 GHz;;2894;2.3323708808755867;-49.29483523502347;-65.99483523502347;2.514875421882221e-10;0.1;2.5148754218822214e-11;1.3595642039365016e-08;;;;ORANGE;True
1787669562.458357;24.311989316998734;Wi-Fi;Wi-Fi;2,4/5 GHz;wlan0;-32.0;;;;-32.0;6.30957344480193e-07;0.1;6.30957344480193e-08;1.6250339908032597e-05;;;;ROUGE;False
1787669562.5520785;24.405712369998582;BLE Sniffer;iBeacon;2,4 GHz BLE;64:d1:2e:b5:04:2d;-63.0;;;;-63.0;5.011872336272714e-10;0.000368;1.8443690197483588e-13;1.8272779768012135e-11;36;0x00;38;ORANGE;False
1787669562.5521657;24.405797053999777;BLE Sniffer;iBeacon;2,4 GHz BLE;64:d1:2e:b5:04:2d;-68.0;;;;-68.0;1.584893192461111e-10;0.000368;5.832406948256888e-14;1.8331103837494705e-11;36;0x00;39;ORANGE;False
1787669562.5522094;24.40584075699917;BLE Sniffer;Appareil BLE;2,4 GHz BLE;59:db:96:95:18:bc;-84.0;;;;-84.0;3.9810717055349695e-12;0.000176;7.006686201741546e-16;7.006686201741546e-16;12;0x03;37;VERT;False
1787669562.5551171;24.40329261199986;Simulation RF;Détection RF large bande;868 MHz;868 MHz;;2755;2.2203125203929748;-44.81250081571899;-77.81250081571899;1.6548167891251372e-11;0.1;1.6548167891251372e-12;3.882972784142337e-09;;;;VERT;True
1787669562.5553553;24.40329261199986;Simulation RF;Détection RF large bande;2,45 GHz;2,45 GHz;;2906;2.3420130663468295;-49.68052265387318;-66.38052265387319;2.301164865903579e-10;0.1;2.301164865903579e-11;1.361865368802405e-08;;;;ORANGE;True
1787669562.5629017;24.416534811998645;Wi-Fi;Wi-Fi;2,4/5 GHz;wlan0;-32.0;;;;-32.0;6.30957344480193e-07;0.1;6.30957344480193e-08;1.6313435642480617e-05;;;;ROUGE;False
1787669562.6499157;24.503374916999746;Simulation RF;Détection RF large bande;868 MHz;868 MHz;;2740;2.207884911868744;-44.31539647474976;-77.31539647474976;1.855497410216499e-11;0.1;1.855497410216499e-12;3.884828281552553e-09;;;;VERT;True
1787669562.6500628;24.503374916999746;Simulation RF;Détection RF large bande;2,45 GHz;2,45 GHz;;2916;2.3497067071110656;-49.98826828444261;-66.68826828444261;2.1437452325018606e-10;0.1;2.1437452325018606e-11;1.3640091140349069e-08;;;;ORANGE;True
1787669562.660383;24.514016157998412;Wi-Fi;Wi-Fi;2,4/5 GHz;wlan0;-32.0;;;;-32.0;6.30957344480193e-07;0.1;6.30957344480193e-08;1.6376531376928638e-05;;;;ROUGE;False
1787669562.7500167;24.603456482000183;Simulation RF;Détection RF large bande;868 MHz;868 MHz;;2725;2.195689248693409;-43.827569947736364;-76.82756994773636;2.0760748398768118e-11;0.1;2.076074839876812e-12;3.88690435639243e-09;;;;VERT;True
1787669562.7501657;24.603456482000183;Simulation RF;Détection RF large bande;2,45 GHz;2,45 GHz;;2844;2.2916176608510046;-47.664706434040184;-64.36470643404019;3.66040682629858e-10;0.1;3.66040682629858e-11;1.3676695208612055e-08;;;;ORANGE;True
1787669562.7587996;24.612432692998482;Wi-Fi;Wi-Fi;2,4/5 GHz;wlan0;-32.0;;;;-32.0;6.30957344480193e-07;0.1;6.30957344480193e-08;1.643962711137666e-05;;;;ROUGE;False
1787669562.7615442;24.61517844699847;BLE Sniffer;iBeacon;2,4 GHz BLE;64:d1:2e:b5:04:2d;-62.0;;;;-62.0;6.309573444801942e-10;0.000368;2.321923027687115e-13;1.8563296140263415e-11;36;0x00;38;ORANGE;False
1787669562.761656;24.615287648999583;BLE Sniffer;iBeacon;2,4 GHz BLE;64:d1:2e:b5:04:2d;-68.0;;;;-68.0;1.584893192461111e-10;0.000368;5.832406948256888e-14;1.8621620209745985e-11;36;0x00;39;ORANGE;False
1787669562.850092;24.70354497199878;Simulation RF;Détection RF large bande;868 MHz;868 MHz;;2800;2.256615422014668;-46.264616880586715;-79.26461688058671;1.1845088556196575e-11;0.1;1.1845088556196576e-12;3.88808886524805e-09;;;;VERT;True
1787669562.8502407;24.70354497199878;Simulation RF;Détection RF large bande;2,45 GHz;2,45 GHz;;2864;2.307797870899181;-48.311914835967244;-65.01191483596725;3.1536138655025186e-10;0.1;3.153613865502519e-11;1.3708231347267079e-08;;;;ORANGE;True
1787669562.8624783;24.716110941999432;Wi-Fi;Wi-Fi;2,4/5 GHz;wlan0;-33.0;;;;-33.0;5.011872336272725e-07;0.1;5.011872336272725e-08;1.6489745834739384e-05;;;;ROUGE;False
1787669562.8680737;24.721707076998428;BLE Sniffer;Appareil BLE;2,4 GHz BLE;7f:c4:af:1a:e1:07;-67.0;;;;-67.0;1.9952623149688828e-10;0.00028;5.5867344819128714e-14;4.058139726035969e-12;25;0x00;37;ORANGE;False
1787669562.9502032;24.803630647998943;Simulation RF;Détection RF large bande;868 MHz;868 MHz;;2682;2.161099061450123;-42.443962458004904;-75.4439624580049;2.854984496318448e-11;0.1;2.8549844963184483e-12;3.890943849744368e-09;;;;VERT;True
1787669562.9503694;24.803630647998943;Simulation RF;Détection RF large bande;2,45 GHz;2,45 GHz;;2838;2.287305299569599;-47.49221198278394;-64.19221198278395;3.8087178537270333e-10;0.1;3.808717853727033e-11;1.374631852580435e-08;;;;ORANGE;True
1787669562.9589043;24.812536935000026;Wi-Fi;Wi-Fi;2,4/5 GHz;wlan0;-32.0;;;;-32.0;6.30957344480193e-07;0.1;6.30957344480193e-08;1.6552841569187405e-05;;;;ROUGE;False
1787669563.0502508;24.90370869399885;Simulation RF;Détection RF large bande;868 MHz;868 MHz;;2780;2.2403324482908586;-45.613297931634335;-78.61329793163434;1.3761640449299783e-11;0.1;1.3761640449299784e-12;3.892320013789298e-09;;;;VERT;True
1787669563.050386;24.90370869399885;Simulation RF;Détection RF large bande;2,45 GHz;2,45 GHz;;2889;2.3280258002081204;-49.12103200832482;-65.82103200832482;2.617560926713559e-10;0.1;2.617560926713559e-11;1.3772494135071485e-08;;;;ORANGE;True
1787669563.0589437;24.912576184999125;Wi-Fi;Wi-Fi;2,4/5 GHz;wlan0;-32.0;;;;-32.0;6.30957344480193e-07;0.1;6.30957344480193e-08;1.6615937303635425e-05;;;;ROUGE;False
1787669563.0732975;24.926929478999227;BLE Sniffer;iBeacon;2,4 GHz BLE;64:d1:2e:b5:04:2d;-63.0;;;;-63.0;5.011872336272714e-10;0.000368;1.8443690197483588e-13;1.8806057111720822e-11;36;0x00;38;ORANGE;False
1787669563.0734086;24.927040032998775;Simulation LoRa;LoRa;868 MHz;LoRa 868.100 MHz;-89.14562126796665;;;;-89.14562126796665;1.2174128267612795e-12;0.046335999999999995;5.6410040740810645e-14;2.0176552932919233e-12;13;"SNR=7.27;SF=7;BW=125.0;CR=4/5;F=868.100;CRC=OK;PAYLOAD=54454d504f5f4c4f52415f3234";7;VERT;True
1787669563.073451;24.927082513999267;BLE Sniffer;iBeacon;2,4 GHz BLE;64:d1:2e:b5:04:2d;-68.0;;;;-68.0;1.584893192461111e-10;0.000368;5.832406948256888e-14;1.8864381181203392e-11;36;0x00;39;ORANGE;False
1787669563.1503544;25.003794240999923;Simulation RF;Détection RF large bande;868 MHz;868 MHz;;2777;2.2382214580757682;-45.52885832303073;-78.52885832303073;1.4031825258787359e-11;0.1;1.403182525878736e-12;3.893723196315177e-09;;;;VERT;True
1787669563.150517;25.003794240999923;Simulation RF;Détection RF large bande;2,45 GHz;2,45 GHz;;2899;2.3364668176092325;-49.45867270436929;-66.1586727043693;2.4217690774075744e-10;0.1;2.4217690774075746e-11;1.3796711825845561e-08;;;;ORANGE;True
1787669563.16236;25.015992994000044;Wi-Fi;Wi-Fi;2,4/5 GHz;wlan0;-32.0;;;;-32.0;6.30957344480193e-07;0.1;6.30957344480193e-08;1.6679033038083446e-05;;;;ROUGE;False
1787669563.1788914;25.032526179998968;BLE Sniffer;Appareil BLE;2,4 GHz BLE;7f:c4:af:1a:e1:07;-67.0;;;;-67.0;1.9952623149688828e-10;0.00028;5.5867344819128714e-14;4.114007070855098e-12;25;0x00;37;ORANGE;False
1787669563.2504447;25.103881379000086;Simulation RF;Détection RF large bande;868 MHz;868 MHz;;2807;2.262024083297353;-46.4809633318941;-79.4809633318941;1.1269474541874984e-11;0.1;1.1269474541874984e-12;3.894850143769364e-09;;;;VERT;True
1787669563.2505999;25.103881379000086;Simulation RF;Détection RF large bande;2,45 GHz;2,45 GHz;;2947;2.3746528805050557;-50.98611522020222;-67.68611522020223;1.7036817765001554e-10;0.1;1.7036817765001554e-11;1.3813748643610563e-08;;;;ORANGE;True
1787669563.2591593;25.112791554998694;Wi-Fi;Wi-Fi;2,4/5 GHz;wlan0;-32.0;;;;-32.0;6.30957344480193e-07;0.1;6.30957344480193e-08;1.6742128772531467e-05;;;;ROUGE;False
1787669563.3582802;25.203963091998958;Simulation RF;Détection RF large bande;868 MHz;868 MHz;;2847;2.294601408910561;-47.78405635642244;-80.78405635642244;8.348229205354802e-12;0.1;8.348229205354802e-13;3.895684966689899e-09;;;;VERT;True
1787669563.3587966;25.203963091998958;Simulation RF;Détection RF large bande;2,45 GHz;2,45 GHz;;2906;2.3420111782384003;-49.680447129536006;-66.38044712953601;2.3012048837876758e-10;0.1;2.301204883787676e-11;1.383676069244844e-08;;;;ORANGE;True
1787669563.369405;25.223037627998565;Wi-Fi;Wi-Fi;2,4/5 GHz;wlan0;-32.0;;;;-32.0;6.30957344480193e-07;0.1;6.30957344480193e-08;1.6805224506979487e-05;;;;ROUGE;False
1787669563.4505844;25.304040286999225;Simulation RF;Détection RF large bande;868 MHz;868 MHz;;2783;2.2425407648317415;-45.701630593269655;-78.70163059326966;1.3484564987875366e-11;0.1;1.3484564987875367e-12;3.897033423188687e-09;;;;VERT;True
1787669563.4507213;25.304040286999225;Simulation RF;Détection RF large bande;2,45 GHz;2,45 GHz;;2851;2.297394921858526;-47.895796874341045;-64.59579687434105;3.470725867031212e-10;0.1;3.470725867031212e-11;1.3871467951118752e-08;;;;ORANGE;True
1787669563.459163;25.312795260999337;Wi-Fi;Wi-Fi;2,4/5 GHz;wlan0;-32.0;;;;-32.0;6.30957344480193e-07;0.1;6.30957344480193e-08;1.6868320241427508e-05;;;;ROUGE;False
1787669563.4892683;25.342901345999053;BLE Sniffer;Appareil BLE;2,4 GHz BLE;d3:23:2f:4d:3e:b1;-78.0;;;;-78.0;1.5848931924611107e-11;0.000376;5.959198403653776e-15;6.304097565093988e-14;37;0x00;38;VERT;False
1787669563.489342;25.342973363000056;BLE Sniffer;Appareil BLE;2,4 GHz BLE;d3:23:2f:4d:3e:b1;-84.0;;;;-84.0;3.9810717055349695e-12;0.000376;1.4968829612811484e-15;6.453785861222103e-14;37;0x00;39;VERT;False
1787669563.5539365;25.40418196199971;Simulation RF;Détection RF large bande;868 MHz;868 MHz;;2774;2.2354443658566585;-45.41777463426634;-78.41777463426634;1.439536021087165e-11;0.1;1.439536021087165e-12;3.898472959209774e-09;;;;VERT;True
1787669563.5647192;25.40418196199971;Simulation RF;Détection RF large bande;2,45 GHz;2,45 GHz;;2962;2.3867209450826556;-51.46883780330623;-68.16883780330623;1.524460653543821e-10;0.1;1.524460653543821e-11;1.388671255765419e-08;;;;ORANGE;True
1787669563.5762045;25.42983778300004;Wi-Fi;Wi-Fi;2,4/5 GHz;wlan0;-32.0;;;;-32.0;6.30957344480193e-07;0.1;6.30957344480193e-08;1.6931415975875528e-05;;;;ROUGE;False
1787669563.594049;25.447682170999542;BLE Sniffer;iBeacon;2,4 GHz BLE;64:d1:2e:b5:04:2d;-63.0;;;;-63.0;5.011872336272714e-10;0.000368;1.8443690197483588e-13;1.904881808317823e-11;36;0x00;37;ORANGE;False
1787669563.5981627;25.451796383998953;BLE Sniffer;iBeacon;2,4 GHz BLE;64:d1:2e:b5:04:2d;-63.0;;;;-63.0;5.011872336272714e-10;0.000368;1.8443690197483588e-13;1.9233254985153067e-11;36;0x00;38;ORANGE;False
1787669563.6508074;25.504262656999344;Simulation RF;Détection RF large bande;868 MHz;868 MHz;;2735;2.2038668634292677;-44.154674537170706;-77.1546745371707;1.9254513341221715e-11;0.1;1.9254513341221716e-12;3.9003984105438965e-09;;;;VERT;True
1787669563.650954;25.504262656999344;Simulation RF;Détection RF large bande;2,45 GHz;2,45 GHz;;2859;2.30434552047272;-48.17382081890881;-64.87382081890881;3.255501637337593e-10;0.1;3.255501637337593e-11;1.3919267574027567e-08;;;;ORANGE;True
1787669563.6594806;25.51311327699841;Wi-Fi;Wi-Fi;2,4/5 GHz;wlan0;-32.0;;;;-32.0;6.30957344480193e-07;0.1;6.30957344480193e-08;1.699451171032355e-05;;;;ROUGE;False
1787669563.6995578;25.553190891998383;BLE Sniffer;iBeacon;2,4 GHz BLE;64:d1:2e:b5:04:2d;-68.0;;;;-68.0;1.584893192461111e-10;0.000368;5.832406948256888e-14;1.9291579054635637e-11;36;0x00;39;ORANGE;False
1787669563.7023444;25.555978106998737;BLE Sniffer;Appareil BLE;2,4 GHz BLE;7f:c4:af:1a:e1:07;-66.0;;;;-66.0;2.511886431509582e-10;0.00028;7.03328200822683e-14;4.184339890937366e-12;25;0x00;37;ORANGE;False
1787669563.750892;25.604347110000163;Simulation RF;Détection RF large bande;868 MHz;868 MHz;;2817;2.269726447434374;-46.789057897374946;-79.78905789737495;1.0497701275921789e-11;0.1;1.049770127592179e-12;3.9014481806714884e-09;;;;VERT;True
1787669563.7510417;25.604347110000163;Simulation RF;Détection RF large bande;2,45 GHz;2,45 GHz;;2868;2.31146654697626;-48.458661879050396;-65.1586618790504;3.048834232626887e-10;0.1;3.048834232626887e-11;1.3949755916353836e-08;;;;ORANGE;True
1787669563.7611072;25.61473953999848;Wi-Fi;Wi-Fi;2,4/5 GHz;wlan0;-32.0;;;;-32.0;6.30957344480193e-07;0.1;6.30957344480193e-08;1.705760744477157e-05;;;;ROUGE;False
1787669563.8054233;25.659056587999657;BLE Sniffer;Appareil BLE;2,4 GHz BLE;7f:d4:af:1c:e0:e7;-78.0;;;;-78.0;1.5848931924611107e-11;0.00028;4.4377009388911094e-15;4.4377009388911094e-15;25;0x00;38;VERT;False
1787669563.807321;25.6609548919987;BLE Sniffer;Appareil BLE;2,4 GHz BLE;7f:c4:af:1a:e1:07;-68.0;;;;-68.0;1.584893192461111e-10;0.00028;4.43770093889111e-14;4.228716900326277e-12;25;0x00;39;ORANGE;False
1787669563.8510606;25.704520154999045;Simulation RF;Détection RF large bande;868 MHz;868 MHz;;2694;2.1706399374348826;-42.82559749739529;-75.8255974973953;2.6148106807189774e-11;0.1;2.6148106807189775e-12;3.904062991352207e-09;;;;VERT;True
1787669563.8512015;25.704520154999045;Simulation RF;Détection RF large bande;2,45 GHz;2,45 GHz;;2871;2.3138131365066066;-48.55252546026426;-65.25252546026427;2.983647097564533e-10;0.1;2.983647097564533e-11;1.3979592387329482e-08;;;;ORANGE;True
1787669563.8596978;25.713330739999947;Wi-Fi;Wi-Fi;2,4/5 GHz;wlan0;-31.0;;;;-31.0;7.943282347242822e-07;0.1;7.943282347242822e-08;1.7137040268244e-05;;;;ROUGE;False
1787669563.9103973;25.764030372998604;BLE Sniffer;iBeacon;2,4 GHz BLE;64:d1:2e:b5:04:2d;-63.0;;;;-63.0;5.011872336272714e-10;0.000368;1.8443690197483588e-13;1.9476015956610475e-11;36;0x00;37;ORANGE;False
1787669563.9131572;25.76679051499923;BLE Sniffer;iBeacon;2,4 GHz BLE;64:d1:2e:b5:04:2d;-62.0;;;;-62.0;6.309573444801942e-10;0.000368;2.321923027687115e-13;1.9708208259379185e-11;36;0x00;38;ORANGE;False
1787669563.9132419;25.766873384000064;BLE Sniffer;iBeacon;2,4 GHz BLE;64:d1:2e:b5:04:2d;-68.0;;;;-68.0;1.584893192461111e-10;0.000368;5.832406948256888e-14;1.9766532328861755e-11;36;0x00;39;ORANGE;False
1787669563.95112;25.80460321999999;Simulation RF;Détection RF large bande;868 MHz;868 MHz;;2724;2.1950680708934915;-43.80272283573966;-76.80272283573966;2.0879866444414048e-11;0.1;2.087986644441405e-12;3.906150977996649e-09;;;;VERT;True
1787669563.9512637;25.80460321999999;Simulation RF;Détection RF large bande;2,45 GHz;2,45 GHz;;2927;2.358723672680174;-50.348946907206965;-67.04894690720697;1.9729010742268543e-10;0.1;1.9729010742268545e-11;1.399932139807175e-08;;;;ORANGE;True
1787669563.9600737;25.813706688999446;Wi-Fi;Wi-Fi;2,4/5 GHz;wlan0;-31.0;;;;-31.0;7.943282347242822e-07;0.1;7.943282347242822e-08;1.721647309171643e-05;;;;ROUGE;False
1787669564.0179772;25.87161057999947;BLE Sniffer;Appareil BLE;2,4 GHz BLE;7f:c4:af:1a:e1:07;-67.0;;;;-67.0;1.9952623149688828e-10;0.00028;5.5867344819128714e-14;4.284584245145406e-12;25;0x00;37;ORANGE;False
1787669564.051211;25.90468460000011;Simulation RF;Détection RF large bande;868 MHz;868 MHz;;2763;2.226707008998861;-45.06828035995443;-78.06828035995443;1.560170148244444e-11;0.1;1.560170148244444e-12;3.9077111481448935e-09;;;;VERT;True
1787669564.0513585;25.90468460000011;Simulation RF;Détection RF large bande;2,45 GHz;2,45 GHz;;2871;2.3137388676876323;-48.549554707505294;-65.2495547075053;2.985688733014129e-10;0.1;2.985688733014129e-11;1.402917828540189e-08;;;;ORANGE;True
1787669564.0598931;25.913525553998625;Wi-Fi;Wi-Fi;2,4/5 GHz;wlan0;-31.0;;;;-31.0;7.943282347242822e-07;0.1;7.943282347242822e-08;1.729590591518886e-05;;;;ROUGE;False
1787669564.1201854;25.973817592999694;Simulation LoRa;LoRa;868 MHz;LoRa 868.100 MHz;-88.43023052290421;;;;-88.43023052290421;1.4354132397972844e-12;0.046335999999999995;6.651130787924697e-14;2.0841666011711703e-12;13;"SNR=7.32;SF=7;BW=125.0;CR=4/5;F=868.100;CRC=OK;PAYLOAD=54454d504f5f4c4f52415f3235";7;VERT;True
1787669564.1513078;26.004761923999467;Simulation RF;Détection RF large bande;868 MHz;868 MHz;;2715;2.1882890383793443;-43.531561535173765;-76.53156153517376;2.2225106282464035e-11;0.1;2.2225106282464035e-12;3.90993365877314e-09;;;;VERT;True
1787669564.1514544;26.004761923999467;Simulation RF;Détection RF large bande;2,45 GHz;2,45 GHz;;2888;2.3272895739453627;-49.09158295781451;-65.79158295781451;2.635370645799655e-10;0.1;2.6353706457996552e-11;1.4055531991859886e-08;;;;ORANGE;True
1787669564.1600711;26.01370370999939;Wi-Fi;Wi-Fi;2,4/5 GHz;wlan0;-31.0;;;;-31.0;7.943282347242822e-07;0.1;7.943282347242822e-08;1.737533873866129e-05;;;;ROUGE;False
1787669564.2240922;26.0777250430001;BLE Sniffer;iBeacon;2,4 GHz BLE;64:d1:2e:b5:04:2d;-62.0;;;;-62.0;6.309573444801942e-10;0.000368;2.321923027687115e-13;1.9998724631630465e-11;36;0x00;38;ORANGE;False
1787669564.2260528;26.079686437999044;BLE Sniffer;iBeacon;2,4 GHz BLE;64:d1:2e:b5:04:2d;-68.0;;;;-68.0;1.584893192461111e-10;0.000368;5.832406948256888e-14;2.0057048701113035e-11;36;0x00;39;ORANGE;False
1787669564.2513824;26.104843377999714;Simulation RF;Détection RF large bande;868 MHz;868 MHz;;2757;2.221842234798695;-44.87368939194779;-77.87368939194779;1.6316652366799246e-11;0.1;1.6316652366799247e-12;3.91156532400982e-09;;;;VERT;True
1787669564.251525;26.104843377999714;Simulation RF;Détection RF large bande;2,45 GHz;2,45 GHz;;2920;2.353148706023824;-50.12594824095295;-66.82594824095295;2.0768502154497978e-10;0.1;2.0768502154497978e-11;1.4076300494014383e-08;;;;ORANGE;True
1787669564.260027;26.113659628999812;Wi-Fi;Wi-Fi;2,4/5 GHz;wlan0;-31.0;;;;-31.0;7.943282347242822e-07;0.1;7.943282347242822e-08;1.745477156213372e-05;;;;ROUGE;False
1787669564.3291895;26.18282262199864;BLE Sniffer;Appareil BLE;2,4 GHz BLE;7f:c4:af:1a:e1:07;-69.0;;;;-69.0;1.2589254117941662e-10;0.00028;3.524991153023665e-14;4.319834156675642e-12;25;0x00;37;ORANGE;False
1787669564.3514264;26.204922979999537;Simulation RF;Détection RF large bande;868 MHz;868 MHz;;2721;2.192729242119122;-43.70916968476487;-76.70916968476487;2.1334527629072706e-11;0.1;2.1334527629072705e-12;3.913698776772727e-09;;;;VERT;True
1787669564.3515732;26.204922979999537;Simulation RF;Détection RF large bande;2,45 GHz;2,45 GHz;;2916;2.350017396786853;-50.00069587147412;-66.70069587147412;2.1376195505780384e-10;0.1;2.1376195505780386e-11;1.4097676689520164e-08;;;;ORANGE;True
1787669564.360156;26.213788970999303;Wi-Fi;Wi-Fi;2,4/5 GHz;wlan0;-31.0;;;;-31.0;7.943282347242822e-07;0.1;7.943282347242822e-08;1.753420438560615e-05;;;;ROUGE;False
1787669564.4359446;26.28957760099911;BLE Sniffer;iBeacon;2,4 GHz BLE;64:d1:2e:b5:04:2d;-63.0;;;;-63.0;5.011872336272714e-10;0.000368;1.8443690197483588e-13;2.0241485603087872e-11;36;0x00;38;ORANGE;False
1787669564.4515414;26.305008396999256;Simulation RF;Détection RF large bande;868 MHz;868 MHz;;2754;2.2192429244742073;-44.76971697896829;-77.76971697896829;1.6711995194938266e-11;0.1;1.6711995194938267e-12;3.9153699762922214e-09;;;;VERT;True
1787669564.4516773;26.305008396999256;Simulation RF;Détection RF large bande;2,45 GHz;2,45 GHz;;2963;2.3878440935916974;-51.513763743667894;-68.2137637436679;1.5087720342626982e-10;0.1;1.508772034262698e-11;1.411276440986279e-08;;;;ORANGE;True
1787669564.460205;26.31383853599982;Wi-Fi;Wi-Fi;2,4/5 GHz;wlan0;-31.0;;;;-31.0;7.943282347242822e-07;0.1;7.943282347242822e-08;1.761363720907858e-05;;;;ROUGE;False
1787669564.5375407;26.391173382999114;BLE Sniffer;iBeacon;2,4 GHz BLE;64:d1:2e:b5:04:2d;-68.0;;;;-68.0;1.584893192461111e-10;0.000368;5.832406948256888e-14;2.0299809672570442e-11;36;0x00;39;ORANGE;False
1787669564.540401;26.394034319999264;BLE Sniffer;Appareil BLE;2,4 GHz BLE;7f:c4:af:1a:e1:07;-67.0;;;;-67.0;1.9952623149688828e-10;0.00028;5.5867344819128714e-14;4.375701501494771e-12;25;0x00;37;ORANGE;False
1787669564.5515895;26.40508662799948;Simulation RF;Détection RF large bande;868 MHz;868 MHz;;2768;2.2309150492185936;-45.23660196874374;-78.23660196874374;1.500858686492679e-11;0.1;1.500858686492679e-12;3.916870834978714e-09;;;;VERT;True
1787669564.5517325;26.40508662799948;Simulation RF;Détection RF large bande;2,45 GHz;2,45 GHz;;2957;2.3826959962745557;-51.30783985098223;-68.00783985098224;1.5820347361228655e-10;0.1;1.5820347361228656e-11;1.412858475722402e-08;;;;ORANGE;True
1787669564.5602403;26.413872823999554;Wi-Fi;Wi-Fi;2,4/5 GHz;wlan0;-31.0;;;;-31.0;7.943282347242822e-07;0.1;7.943282347242822e-08;1.7693070032551008e-05;;;;ROUGE;False
1787669564.6516683;26.505165229998966;Simulation RF;Détection RF large bande;868 MHz;868 MHz;;2908;2.343335761696886;-49.73343046787545;-82.73343046787545;5.3291378356898295e-12;0.1;5.329137835689829e-13;3.917403748762283e-09;;;;VERT;True
1787669564.6518178;26.505165229998966;Simulation RF;Détection RF large bande;2,45 GHz;2,45 GHz;;2920;2.3528137171748886;-50.11254868699554;-66.81254868699554;2.0832679441858577e-10;0.1;2.083267944185858e-11;1.4149417436665878e-08;;;;ORANGE;True
1787669564.6603045;26.513937648998763;Wi-Fi;Wi-Fi;2,4/5 GHz;wlan0;-31.0;;;;-31.0;7.943282347242822e-07;0.1;7.943282347242822e-08;1.7772502856023438e-05;;;;ROUGE;False
1787669564.7488139;26.602447468998434;BLE Sniffer;iBeacon;2,4 GHz BLE;64:d1:2e:b5:04:2d;-63.0;;;;-63.0;5.011872336272714e-10;0.000368;1.8443690197483588e-13;2.048424657454528e-11;36;0x00;38;ORANGE;False
1787669564.748899;26.602530485999523;BLE Sniffer;iBeacon;2,4 GHz BLE;64:d1:2e:b5:04:2d;-68.0;;;;-68.0;1.584893192461111e-10;0.000368;5.832406948256888e-14;2.054257064402785e-11;36;0x00;39;ORANGE;False
1787669564.7517579;26.605253720999826;Simulation RF;Détection RF large bande;868 MHz;868 MHz;;2786;2.245253697272547;-45.81014789090189;-78.81014789090189;1.3151800454212957e-11;0.1;1.3151800454212957e-12;3.918718928807705e-09;;;;VERT;True
1787669564.7519112;26.605253720999826;Simulation RF;Détection RF large bande;2,45 GHz;2,45 GHz;;2868;2.311327960769208;-48.45311843076831;-65.15311843076832;3.052728329065791e-10;0.1;3.052728329065791e-11;1.4179944719956535e-08;;;;ORANGE;True
1787669564.7604604;26.6140926199987;Wi-Fi;Wi-Fi;2,4/5 GHz;wlan0;-31.0;;;;-31.0;7.943282347242822e-07;0.1;7.943282347242822e-08;1.7851935679495868e-05;;;;ROUGE;False
1787669564.8542116;26.707844672999272;BLE Sniffer;Appareil BLE;2,4 GHz BLE;7f:c4:af:1a:e1:07;-67.0;;;;-67.0;1.9952623149688828e-10;0.00028;5.5867344819128714e-14;4.4315688463138994e-12;25;0x00;37;ORANGE;False
1787669564.8557737;26.705338322999523;Simulation RF;Détection RF large bande;868 MHz;868 MHz;;2837;2.2862100385500455;-47.44840154200182;-80.44840154200182;9.019030296509562e-12;0.1;9.019030296509562e-13;3.919620831837356e-09;;;;VERT;True
1787669564.855922;26.705338322999523;Simulation RF;Détection RF large bande;2,45 GHz;2,45 GHz;;2962;2.387169444281921;-51.486777771276834;-68.18677777127684;1.5181763539364694e-10;0.1;1.5181763539364695e-11;1.41951264834959e-08;;;;ORANGE;True
1787669564.864447;26.71807956900011;Wi-Fi;Wi-Fi;2,4/5 GHz;wlan0;-31.0;;;;-31.0;7.943282347242822e-07;0.1;7.943282347242822e-08;1.7931368502968298e-05;;;;ROUGE;False
1787669564.9519632;26.80542160999903;Simulation RF;Détection RF large bande;868 MHz;868 MHz;;2862;2.3062366520916866;-48.24946608366746;-81.24946608366746;7.499864060779595e-12;0.1;7.499864060779596e-13;3.920370818243434e-09;;;;VERT;True
1787669564.9521084;26.80542160999903;Simulation RF;Détection RF large bande;2,45 GHz;2,45 GHz;;2919;2.35200673373914;-50.0802693495656;-66.7802693495656;2.098809711346806e-10;0.1;2.098809711346806e-11;1.4216114580609368e-08;;;;ORANGE;True
1787669564.962337;26.815970463998383;Wi-Fi;Wi-Fi;2,4/5 GHz;wlan0;-31.0;;;;-31.0;7.943282347242822e-07;0.1;7.943282347242822e-08;1.8010801326440728e-05;;;;ROUGE;False
1787669565.0520563;26.905504563999784;Simulation RF;Détection RF large bande;868 MHz;868 MHz;;2780;2.239939218585121;-45.59756874340482;-78.59756874340482;1.3811572442412028e-11;0.1;1.3811572442412029e-12;3.921751975487675e-09;;;;VERT;True
1787669565.0522206;26.905504563999784;Simulation RF;Détection RF large bande;2,45 GHz;2,45 GHz;;2934;2.364116879262652;-50.56467517050608;-67.26467517050608;1.8772948249307012e-10;0.1;1.8772948249307014e-11;1.4234887528858674e-08;;;;ORANGE;True
1787669565.060708;26.914340277999145;Wi-Fi;Wi-Fi;2,4/5 GHz;wlan0;-30.0;;;;-30.0;1e-06;0.1;1e-07;1.8110801326440727e-05;;;;ROUGE;False
1787669565.0632832;26.916916385998775;BLE Sniffer;iBeacon;2,4 GHz BLE;64:d1:2e:b5:04:2d;-63.0;;;;-63.0;5.011872336272714e-10;0.000368;1.8443690197483588e-13;2.0727007546002687e-11;36;0x00;38;ORANGE;False
1787669565.063367;26.916998495998996;BLE Sniffer;iBeacon;2,4 GHz BLE;64:d1:2e:b5:04:2d;-68.0;;;;-68.0;1.584893192461111e-10;0.000368;5.832406948256888e-14;2.0785331615485257e-11;36;0x00;39;ORANGE;False
1787669565.0634499;26.917081327999767;Simulation LoRa;LoRa;868 MHz;LoRa 868.100 MHz;-85.56718511816841;;;;-85.56718511816841;2.7751182161092525e-12;0.046335999999999995;1.2858787766163832e-13;2.2127544788328084e-12;13;"SNR=8.64;SF=7;BW=125.0;CR=4/5;F=868.100;CRC=OK;PAYLOAD=54454d504f5f4c4f52415f3236";7;VERT;True
1787669565.152132;27.005586092000158;Simulation RF;Détection RF large bande;868 MHz;868 MHz;;2871;2.3134720212659965;-48.538880850639856;-81.53888085063986;7.0163608229792574e-12;0.1;7.016360822979257e-13;3.922453611569973e-09;;;;VERT;True
1787669565.1522825;27.005586092000158;Simulation RF;Détection RF large bande;2,45 GHz;2,45 GHz;;2956;2.382339298970053;-51.29357195880212;-67.99357195880212;1.5872407474932811e-10;0.1;1.587240747493281e-11;1.4250759936333607e-08;;;;ORANGE;True
1787669565.1607177;27.0143506409986;Wi-Fi;Wi-Fi;2,4/5 GHz;wlan0;-30.0;;;;-30.0;1e-06;0.1;1e-07;1.8210801326440726e-05;;;;ROUGE;False
1787669565.1692393;27.02287185899877;BLE Sniffer;Appareil BLE;2,4 GHz BLE;7f:c4:af:1a:e1:07;-66.0;;;;-66.0;2.511886431509582e-10;0.00028;7.03328200822683e-14;4.501901666396168e-12;25;0x00;37;ORANGE;False
1787669565.2522438;27.105670471999474;Simulation RF;Détection RF large bande;868 MHz;868 MHz;;2779;2.2395869464559026;-45.58347785823611;-78.58347785823611;1.385645750393719e-11;0.1;1.3856457503937192e-12;3.9238392573203666e-09;;;;VERT;True
1787669565.2524252;27.105670471999474;Simulation RF;Détection RF large bande;2,45 GHz;2,45 GHz;;2923;2.3559000804173076;-50.236003216692296;-66.9360032166923;2.02488180675923e-10;0.1;2.0248818067592302e-11;1.42710087544012e-08;;;;ORANGE;True
1787669565.261044;27.114676460998453;Wi-Fi;Wi-Fi;2,4/5 GHz;wlan0;-30.0;;;;-30.0;1e-06;0.1;1e-07;1.8310801326440725e-05;;;;ROUGE;False
1787669565.276324;27.129958314999385;BLE Sniffer;iBeacon;2,4 GHz BLE;64:d1:2e:b5:04:2d;-63.0;;;;-63.0;5.011872336272714e-10;0.000368;1.8443690197483588e-13;2.0969768517460095e-11;36;0x00;38;ORANGE;False
1787669565.3522964;27.20575037099843;Simulation RF;Détection RF large bande;868 MHz;868 MHz;;2837;2.2862360728977995;-47.44944291591197;-80.44944291591197;9.016867925751089e-12;0.1;9.016867925751089e-13;3.924740944112942e-09;;;;VERT;True
1787669565.3524697;27.20575037099843;Simulation RF;Détection RF large bande;2,45 GHz;2,45 GHz;;2886;2.325616538829059;-49.024661553162346;-65.72466155316235;2.676294149383252e-10;0.1;2.6762941493832523e-11;1.4297771695895032e-08;;;;ORANGE;True
1787669565.3611748;27.214806988999044;Wi-Fi;Wi-Fi;2,4/5 GHz;wlan0;-30.0;;;;-30.0;1e-06;0.1;1e-07;1.8410801326440724e-05;;;;ROUGE;False
1787669565.3778832;27.231515041999955;BLE Sniffer;iBeacon;2,4 GHz BLE;64:d1:2e:b5:04:2d;-68.0;;;;-68.0;1.584893192461111e-10;0.000368;5.832406948256888e-14;2.1028092586942665e-11;36;0x00;39;ORANGE;False
1787669565.3798733;27.23350671499975;BLE Sniffer;Appareil BLE;2,4 GHz BLE;7f:c4:af:1a:e1:07;-66.0;;;;-66.0;2.511886431509582e-10;0.00028;7.03328200822683e-14;4.572234486478436e-12;25;0x00;37;ORANGE;False
1787669565.4524336;27.305841731998953;Simulation RF;Détection RF large bande;868 MHz;868 MHz;;2770;2.2319012777486615;-45.276051109946465;-78.27605110994647;1.487287366802037e-11;0.1;1.4872873668020372e-12;3.926228231479744e-09;;;;VERT;True
1787669565.4525988;27.305841731998953;Simulation RF;Détection RF large bande;2,45 GHz;2,45 GHz;;2943;2.3717737472030405;-50.870949888121615;-67.57094988812162;1.749464004318694e-10;0.1;1.7494640043186944e-11;1.4315266335938218e-08;;;;ORANGE;True
1787669565.4611578;27.314790499998708;Wi-Fi;Wi-Fi;2,4/5 GHz;wlan0;-30.0;;;;-30.0;1e-06;0.1;1e-07;1.8510801326440723e-05;;;;ROUGE;False
1787669565.5524747;27.405921907999073;Simulation RF;Détection RF large bande;868 MHz;868 MHz;;2712;2.185336027839351;-43.41344111357404;-76.41344111357404;2.283788536306406e-11;0.1;2.283788536306406e-12;3.928512020016051e-09;;;;VERT;True
1787669565.5526247;27.405921907999073;Simulation RF;Détection RF large bande;2,45 GHz;2,45 GHz;;2938;2.3676510497535976;-50.7060419901439;-67.4060419901439;1.817171015221711e-10;0.1;1.817171015221711e-11;1.4333438046090435e-08;;;;ORANGE;True
1787669565.5661273;27.419760469998437;Wi-Fi;Wi-Fi;2,4/5 GHz;wlan0;-30.0;;;;-30.0;1e-06;0.1;1e-07;1.8610801326440722e-05;;;;ROUGE;False
1787669565.5885906;27.442223970998384;BLE Sniffer;iBeacon;2,4 GHz BLE;64:d1:2e:b5:04:2d;-63.0;;;;-63.0;5.011872336272714e-10;0.000368;1.8443690197483588e-13;2.1212529488917502e-11;36;0x00;38;ORANGE;False
1787669565.589611;27.443244342999606;BLE Sniffer;iBeacon;2,4 GHz BLE;64:d1:2e:b5:04:2d;-68.0;;;;-68.0;1.584893192461111e-10;0.000368;5.832406948256888e-14;2.1270853558400072e-11;36;0x00;39;ORANGE;False
1787669565.652563;27.506002602998706;Simulation RF;Détection RF large bande;868 MHz;868 MHz;;2808;2.2632288197551973;-46.52915279020789;-79.52915279020789;1.1145119283240988e-11;0.1;1.114511928324099e-12;3.929626531944375e-09;;;;VERT;True
1787669565.6527212;27.506002602998706;Simulation RF;Détection RF large bande;2,45 GHz;2,45 GHz;;2899;2.336119833202216;-49.444793328088636;-66.14479332808864;2.429521055235417e-10;0.1;2.4295210552354168e-11;1.4357733256642788e-08;;;;ORANGE;True
1787669565.6664388;27.520071567998457;Wi-Fi;Wi-Fi;2,4/5 GHz;wlan0;-30.0;;;;-30.0;1e-06;0.1;1e-07;1.871080132644072e-05;;;;ROUGE;False
1787669565.6919715;27.54560437299915;BLE Sniffer;Appareil BLE;2,4 GHz BLE;7f:c4:af:1a:e1:07;-67.0;;;;-67.0;1.9952623149688828e-10;0.00028;5.5867344819128714e-14;4.628101831297565e-12;25;0x00;37;ORANGE;False
1787669565.7526367;27.606087612999545;Simulation RF;Détection RF large bande;868 MHz;868 MHz;;2824;2.2754244750275494;-47.01697900110197;-80.01697900110197;9.960980728948896e-12;0.1;9.960980728948896e-13;3.93062263001727e-09;;;;VERT;True
1787669565.7527897;27.606087612999545;Simulation RF;Détection RF large bande;2,45 GHz;2,45 GHz;;2922;2.3547561600235336;-50.190246400941334;-66.89024640094134;2.0463285331125525e-10;0.1;2.0463285331125526e-11;1.4378196541973913e-08;;;;ORANGE;True
1787669565.7612824;27.614915159998418;Wi-Fi;Wi-Fi;2,4/5 GHz;wlan0;-30.0;;;;-30.0;1e-06;0.1;1e-07;1.881080132644072e-05;;;;ROUGE;False
1787669565.8527257;27.70616975199846;Simulation RF;Détection RF large bande;868 MHz;868 MHz;;2820;2.2726156587581574;-46.904626350326296;-79.9046263503263;1.022203503134742e-11;0.1;1.022203503134742e-12;3.931644833520404e-09;;;;VERT;True
1787669565.8528795;27.70616975199846;Simulation RF;Détection RF large bande;2,45 GHz;2,45 GHz;;2966;2.3901683281300428;-51.606733125201714;-68.30673312520172;1.4768170153012557e-10;0.1;1.476817015301256e-11;1.4392964712126927e-08;;;;ORANGE;True
1787669565.861713;27.715345515998706;Wi-Fi;Wi-Fi;2,4/5 GHz;wlan0;-30.0;;;;-30.0;1e-06;0.1;1e-07;1.891080132644072e-05;;;;ROUGE;False
1787669565.9039266;27.75755991099868;BLE Sniffer;iBeacon;2,4 GHz BLE;64:d1:2e:b5:04:2d;-63.0;;;;-63.0;5.011872336272714e-10;0.000368;1.8443690197483588e-13;2.145529046037491e-11;36;0x00;38;ORANGE;False
1787669565.9050844;27.758722281998416;BLE Sniffer;iBeacon;2,4 GHz BLE;64:d1:2e:b5:04:2d;-68.0;;;;-68.0;1.584893192461111e-10;0.000368;5.832406948256888e-14;2.151361452985748e-11;36;0x00;39;ORANGE;False
1787669565.9527833;27.806251983998663;Simulation RF;Détection RF large bande;868 MHz;868 MHz;;2813;2.2670015443108023;-46.68006177243208;-79.68006177243208;1.0764499024978363e-11;0.1;1.0764499024978363e-12;3.932721283422902e-09;;;;VERT;True
1787669565.9529276;27.806251983998663;Simulation RF;Détection RF large bande;2,45 GHz;2,45 GHz;;2906;2.342163863081256;-49.68655452325024;-66.38655452325024;2.2979710212181296e-10;0.1;2.2979710212181296e-11;1.4415944422339108e-08;;;;ORANGE;True
1787669565.961444;27.81507675299872;Wi-Fi;Wi-Fi;2,4/5 GHz;wlan0;-30.0;;;;-30.0;1e-06;0.1;1e-07;1.9010801326440718e-05;;;;ROUGE;False
1787669566.0075357;27.861169032999896;BLE Sniffer;Appareil BLE;2,4 GHz BLE;7f:c4:af:1a:e1:07;-68.0;;;;-68.0;1.584893192461111e-10;0.00028;4.43770093889111e-14;4.672478840686476e-12;25;0x00;37;ORANGE;False
1787669566.0529077;27.906337974998678;Simulation RF;Détection RF large bande;868 MHz;868 MHz;;2856;2.3015595343793223;-48.06238137517289;-81.06238137517289;7.830001810582567e-12;0.1;7.830001810582568e-13;3.93350428360396e-09;;;;VERT;True
1787669566.0530674;27.906337974998678;Simulation RF;Détection RF large bande;2,45 GHz;2,45 GHz;;2981;2.4022130824097587;-52.08852329639035;-68.78852329639035;1.3217449822376982e-10;0.1;1.3217449822376982e-11;1.4429161872161485e-08;;;;ORANGE;True
1787669566.0616684;27.915300908998688;Wi-Fi;Wi-Fi;2,4/5 GHz;wlan0;-30.0;;;;-30.0;1e-06;0.1;1e-07;1.9110801326440717e-05;;;;ROUGE;False
1787669566.111889;27.96552227199936;Simulation LoRa;LoRa;868 MHz;LoRa 868.100 MHz;-93.22806156851138;;;;-93.22806156851138;4.755474345866352e-13;0.046335999999999995;2.2034965929006328e-14;2.2347894447618147e-12;13;"SNR=7.71;SF=7;BW=125.0;CR=4/5;F=868.100;CRC=OK;PAYLOAD=54454d504f5f4c4f52415f3237";7;VERT;True
1787669566.1530142;28.006425761999708;Simulation RF;Détection RF large bande;868 MHz;868 MHz;;2819;2.271699736460164;-46.867989458406555;-79.86798945840656;1.030863242265269e-11;0.1;1.0308632422652691e-12;3.934535146846225e-09;;;;VERT;True
1787669566.1532276;28.006425761999708;Simulation RF;Détection RF large bande;2,45 GHz;2,45 GHz;;3024;2.4366585482815744;-53.466341931262974;-70.16634193126298;9.624225870183863e-11;0.1;9.624225870183863e-12;1.4438786098031668e-08;;;;VERT;True
1787669566.1634421;28.017075132998798;Wi-Fi;Wi-Fi;2,4/5 GHz;wlan0;-30.0;;;;-30.0;1e-06;0.1;1e-07;1.9210801326440716e-05;;;;ROUGE;False
1787669566.2186806;28.072315546998652;BLE Sniffer;iBeacon;2,4 GHz BLE;64:d1:2e:b5:04:2d;-64.0;;;;-64.0;3.9810717055349694e-10;0.000368;1.4650343876368688e-13;2.1660117968621165e-11;36;0x00;38;ORANGE;False
1787669566.2200532;28.07368746999964;BLE Sniffer;iBeacon;2,4 GHz BLE;64:d1:2e:b5:04:2d;-68.0;;;;-68.0;1.584893192461111e-10;0.000368;5.832406948256888e-14;2.1718442038103735e-11;36;0x00;39;ORANGE;False
1787669566.2201602;28.07379206099904;BLE Sniffer;Appareil BLE;2,4 GHz BLE;7f:c4:af:1a:e1:07;-70.0;;;;-70.0;1e-10;0.00028;2.7999999999999997e-14;4.700478840686476e-12;25;0x00;37;ORANGE;False
1787669566.2530608;28.106510660998538;Simulation RF;Détection RF large bande;868 MHz;868 MHz;;2794;2.251322195526327;-46.05288782105309;-79.05288782105309;1.2436873526129399e-11;0.1;1.24368735261294e-12;3.935778834198838e-09;;;;VERT;True
1787669566.253215;28.106510660998538;Simulation RF;Détection RF large bande;2,45 GHz;2,45 GHz;;2964;2.3887149894653197;-51.54859957861278;-68.24859957861278;1.496718208457082e-10;0.1;1.496718208457082e-11;1.445375328011624e-08;;;;ORANGE;True
1787669566.2655296;28.119161980999706;Wi-Fi;Wi-Fi;2,4/5 GHz;wlan0;-30.0;;;;-30.0;1e-06;0.1;1e-07;1.9310801326440715e-05;;;;ROUGE;False
1787669566.3531165;28.206591004000074;Simulation RF;Détection RF large bande;868 MHz;868 MHz;;2755;2.2200120606327167;-44.80048242530867;-77.80048242530867;1.6594025665598213e-11;0.1;1.6594025665598213e-12;3.937438236765398e-09;;;;VERT;True
1787669566.353266;28.206591004000074;Simulation RF;Détection RF large bande;2,45 GHz;2,45 GHz;;2984;2.4048876171491167;-52.195504685964664;-68.89550468596467;1.2895836889428145e-10;0.1;1.2895836889428147e-11;1.4466649117005667e-08;;;;ORANGE;True
1787669566.361783;28.215416013999857;Wi-Fi;Wi-Fi;2,4/5 GHz;wlan0;-30.0;;;;-30.0;1e-06;0.1;1e-07;1.9410801326440714e-05;;;;ROUGE;False
1787669566.4311752;28.28480878099981;BLE Sniffer;iBeacon;2,4 GHz BLE;64:d1:2e:b5:04:2d;-63.0;;;;-63.0;5.011872336272714e-10;0.000368;1.8443690197483588e-13;2.1902878940078572e-11;36;0x00;38;ORANGE;False
1787669566.455013;28.30671414199969;Simulation RF;Détection RF large bande;868 MHz;868 MHz;;2749;2.2152303507034374;-44.6092140281375;-77.6092140281375;1.7341178042913946e-11;0.1;1.7341178042913947e-12;3.939172354569689e-09;;;;VERT;True
1787669566.4658966;28.30671414199969;Simulation RF;Détection RF large bande;2,45 GHz;2,45 GHz;;2917;2.3509639257383537;-50.03855702953415;-66.73855702953415;2.119065090870099e-10;0.1;2.119065090870099e-11;1.4487839767914368e-08;;;;ORANGE;True
1787669566.477444;28.33107633599866;Wi-Fi;Wi-Fi;2,4/5 GHz;wlan0;-30.0;;;;-30.0;1e-06;0.1;1e-07;1.9510801326440713e-05;;;;ROUGE;False
1787669566.532758;28.386391303998607;BLE Sniffer;iBeacon;2,4 GHz BLE;64:d1:2e:b5:04:2d;-68.0;;;;-68.0;1.584893192461111e-10;0.000368;5.832406948256888e-14;2.1961203009561142e-11;36;0x00;39;ORANGE;False
1787669566.5348577;28.388491585999873;BLE Sniffer;Appareil BLE;2,4 GHz BLE;fc:72:e7:1e:ad:dc;-84.0;;;;-84.0;3.9810717055349695e-12;0.000176;7.006686201741546e-16;7.006686201741546e-16;12;0x03;37;VERT;False
1787669566.5359192;28.389553050999893;BLE Sniffer;Appareil BLE;2,4 GHz BLE;7f:c4:af:1a:e1:07;-74.0;;;;-74.0;3.9810717055349695e-11;0.00028;1.1147000775497913e-14;4.711625841461974e-12;25;0x00;38;VERT;False
1787669566.536001;28.389632345999416;BLE Sniffer;Appareil BLE;2,4 GHz BLE;7f:c4:af:1a:e1:07;-72.0;;;;-72.0;6.309573444801942e-11;0.00028;1.7666805645445437e-14;4.7292926471074195e-12;25;0x00;39;VERT;False
1787669566.5533109;28.40679600399926;Simulation RF;Détection RF large bande;868 MHz;868 MHz;;2806;2.261367980431287;-46.45471921725148;-79.45471921725148;1.1337781374596998e-11;0.1;1.1337781374596998e-12;3.940306132707149e-09;;;;VERT;True
1787669566.5534577;28.40679600399926;Simulation RF;Détection RF large bande;2,45 GHz;2,45 GHz;;2960;2.3853381029870864;-51.413524119483455;-68.11352411948346;1.5440010383008812e-10;0.1;1.5440010383008812e-11;1.4503279778297377e-08;;;;ORANGE;True
1787669566.5620184;28.415651142999195;Wi-Fi;Wi-Fi;2,4/5 GHz;wlan0;-30.0;;;;-30.0;1e-06;0.1;1e-07;1.9610801326440712e-05;;;;ROUGE;False
1787669566.6533923;28.506878735999635;Simulation RF;Détection RF large bande;868 MHz;868 MHz;;2781;2.2410009034303853;-45.640036137215404;-78.6400361372154;1.36771744490657e-11;0.1;1.36771744490657e-12;3.941673850152056e-09;;;;VERT;True
1787669566.6535466;28.506878735999635;Simulation RF;Détection RF large bande;2,45 GHz;2,45 GHz;;2952;2.3790159300422498;-51.160637201689994;-67.86063720169;1.6365763835059327e-10;0.1;1.6365763835059328e-11;1.4519645542132436e-08;;;;ORANGE;True
1787669566.6629167;28.51654864000011;Wi-Fi;Wi-Fi;2,4/5 GHz;wlan0;-30.0;;;;-30.0;1e-06;0.1;1e-07;1.971080132644071e-05;;;;ROUGE;False
1787669566.7468808;28.60051506899981;BLE Sniffer;iBeacon;2,4 GHz BLE;64:d1:2e:b5:04:2d;-63.0;;;;-63.0;5.011872336272714e-10;0.000368;1.8443690197483588e-13;2.214563991153598e-11;36;0x00;37;ORANGE;False
1787669566.746969;28.60060071499902;BLE Sniffer;iBeacon;2,4 GHz BLE;64:d1:2e:b5:04:2d;-63.0;;;;-63.0;5.011872336272714e-10;0.000368;1.8443690197483588e-13;2.2330076813510817e-11;36;0x00;38;ORANGE;False
1787669566.7534866;28.606974411999545;Simulation RF;Détection RF large bande;868 MHz;868 MHz;;2714;2.1871102503838746;-43.48441001535498;-76.48441001535498;2.2467719769530783e-11;0.1;2.2467719769530785e-12;3.943920622129009e-09;;;;VERT;True
1787669566.7536418;28.606974411999545;Simulation RF;Détection RF large bande;2,45 GHz;2,45 GHz;;2973;2.3960115210819173;-51.84046084327669;-68.54046084327669;1.3994388159222073e-10;0.1;1.3994388159222073e-11;1.4533639930291657e-08;;;;ORANGE;True
1787669566.7622242;28.61585653200018;Wi-Fi;Wi-Fi;2,4/5 GHz;wlan0;-30.0;;;;-30.0;1e-06;0.1;1e-07;1.981080132644071e-05;;;;ROUGE;False
1787669566.8525317;28.706165083998712;BLE Sniffer;iBeacon;2,4 GHz BLE;64:d1:2e:b5:04:2d;-68.0;;;;-68.0;1.584893192461111e-10;0.000368;5.832406948256888e-14;2.2388400882993387e-11;36;0x00;39;ORANGE;False
1787669566.8526177;28.706249378999928;BLE Sniffer;Appareil BLE;2,4 GHz BLE;7f:c4:af:1a:e1:07;-65.0;;;;-65.0;3.1622776601683795e-10;0.00028;8.854377448471462e-14;4.817836421592134e-12;25;0x00;37;ORANGE;False
1787669566.852658;28.706289267000102;BLE Sniffer;Appareil BLE;2,4 GHz BLE;7f:c4:af:1a:e1:07;-69.0;;;;-69.0;1.2589254117941662e-10;0.00028;3.524991153023665e-14;4.85308633312237e-12;25;0x00;38;ORANGE;False
1787669566.8526947;28.706326228999387;BLE Sniffer;Appareil BLE;2,4 GHz BLE;7f:c4:af:1a:e1:07;-68.0;;;;-68.0;1.584893192461111e-10;0.00028;4.43770093889111e-14;4.897463342511281e-12;25;0x00;39;ORANGE;False
1787669566.8570828;28.707082625000112;Simulation RF;Détection RF large bande;868 MHz;868 MHz;;2748;2.214313722645591;-44.57254890582364;-77.57254890582364;1.748819992224706e-11;0.1;1.748819992224706e-12;3.945669442121234e-09;;;;VERT;True
1787669566.8572266;28.707082625000112;Simulation RF;Détection RF large bande;2,45 GHz;2,45 GHz;;2947;2.3751734072103496;-51.00693628841398;-67.70693628841398;1.6955334853956303e-10;0.1;1.6955334853956304e-11;1.4550595265145614e-08;;;;ORANGE;True
1787669566.8706992;28.724331095998423;Wi-Fi;Wi-Fi;2,4/5 GHz;wlan0;-30.0;;;;-30.0;1e-06;0.1;1e-07;1.991080132644071e-05;;;;ROUGE;False
1787669566.9537294;28.807176948999768;Simulation RF;Détection RF large bande;868 MHz;868 MHz;;2786;2.245347982644002;-45.813919305760066;-78.81391930576007;1.3140384383499288e-11;0.1;1.314038438349929e-12;3.946983480559583e-09;;;;VERT;True
1787669566.953881;28.807176948999768;Simulation RF;Détection RF large bande;2,45 GHz;2,45 GHz;;2937;2.3668576701258064;-50.674306805032245;-67.37430680503225;1.8304982562165777e-10;0.1;1.8304982562165778e-11;1.456890024770778e-08;;;;ORANGE;True
1787669566.9632792;28.816912055999637;Wi-Fi;Wi-Fi;2,4/5 GHz;wlan0;-30.0;;;;-30.0;1e-06;0.1;1e-07;2.001080132644071e-05;;;;ROUGE;False
1787669567.0538113;28.90725184799885;Simulation RF;Détection RF large bande;868 MHz;868 MHz;;2839;2.2874710127097857;-47.498840508391424;-80.49884050839142;8.914889185799606e-12;0.1;8.914889185799606e-13;3.9478749694781635e-09;;;;VERT;True
1787669567.0540314;28.90725184799885;Simulation RF;Détection RF large bande;2,45 GHz;2,45 GHz;;2955;2.3812610103193688;-51.25044041277475;-67.95044041277475;1.6030828157599212e-10;0.1;1.603082815759921e-11;1.4584931075865379e-08;;;;ORANGE;True
1787669567.062921;28.91655381399869;Wi-Fi;Wi-Fi;2,4/5 GHz;wlan0;-30.0;;;;-30.0;1e-06;0.1;1e-07;2.0110801326440708e-05;;;;ROUGE;False
1787669567.064283;28.91791695899883;BLE Sniffer;Appareil BLE;2,4 GHz BLE;7f:c4:af:1a:e1:07;-66.0;;;;-66.0;2.511886431509582e-10;0.00028;7.03328200822683e-14;4.9677961625935495e-12;25;0x00;37;ORANGE;False
1787669567.0644264;28.91805801299961;BLE Sniffer;Appareil BLE;2,4 GHz BLE;7f:c4:af:1a:e1:07;-72.0;;;;-72.0;6.309573444801942e-11;0.00028;1.7666805645445437e-14;4.985462968238995e-12;25;0x00;38;VERT;False
1787669567.0645185;28.918149880999408;Simulation LoRa;LoRa;868 MHz;LoRa 868.100 MHz;-84.53492716818249;;;;-84.53492716818249;3.519713250856858e-12;0.046335999999999995;1.6308943319170336e-13;2.397878877953518e-12;13;"SNR=9.59;SF=7;BW=125.0;CR=4/5;F=868.100;CRC=OK;PAYLOAD=54454d504f5f4c4f52415f3238";7;VERT;True
1787669567.0645604;28.91819197299992;BLE Sniffer;Appareil BLE;2,4 GHz BLE;7f:c4:af:1a:e1:07;-68.0;;;;-68.0;1.584893192461111e-10;0.00028;4.43770093889111e-14;5.029839977627906e-12;25;0x00;39;ORANGE;False
1787669567.066648;28.92028192199905;BLE Sniffer;iBeacon;2,4 GHz BLE;64:d1:2e:b5:04:2d;-63.0;;;;-63.0;5.011872336272714e-10;0.000368;1.8443690197483588e-13;2.2572837784968224e-11;36;0x00;37;ORANGE;False
1787669567.0667307;28.920362346998445;BLE Sniffer;iBeacon;2,4 GHz BLE;64:d1:2e:b5:04:2d;-63.0;;;;-63.0;5.011872336272714e-10;0.000368;1.8443690197483588e-13;2.2757274686943062e-11;36;0x00;38;ORANGE;False
1787669567.0667691;28.92040051299955;BLE Sniffer;iBeacon;2,4 GHz BLE;64:d1:2e:b5:04:2d;-68.0;;;;-68.0;1.584893192461111e-10;0.000368;5.832406948256888e-14;2.2815598756425632e-11;36;0x00;39;ORANGE;False
1787669567.1538873;29.00733669100009;Simulation RF;Détection RF large bande;868 MHz;868 MHz;;2832;2.281911107038101;-47.276444281524036;-80.27644428152404;9.383299355485228e-12;0.1;9.383299355485229e-13;3.948813299413712e-09;;;;VERT;True
1787669567.1540394;29.00733669100009;Simulation RF;Détection RF large bande;2,45 GHz;2,45 GHz;;2938;2.367896760292389;-50.71587041169556;-67.41587041169556;1.8130632658598462e-10;0.1;1.8130632658598463e-11;1.4603061708523977e-08;;;;ORANGE;True
1787669567.1625428;29.016175256998395;Wi-Fi;Wi-Fi;2,4/5 GHz;wlan0;-30.0;;;;-30.0;1e-06;0.1;1e-07;2.0210801326440707e-05;;;;ROUGE;False
1787669567.2539833;29.107421793998583;Simulation RF;Détection RF large bande;868 MHz;868 MHz;;2773;2.2347083454238166;-45.38833381695267;-78.38833381695267;1.44932778559435e-11;0.1;1.4493277855943501e-12;3.9502626271993065e-09;;;;VERT;True
1787669567.2541385;29.107421793998583;Simulation RF;Détection RF large bande;2,45 GHz;2,45 GHz;;2949;2.376868475383318;-51.07473901533271;-67.77473901533271;1.6692681170958243e-10;0.1;1.6692681170958244e-11;1.4619754389694935e-08;;;;ORANGE;True
1787669567.262689;29.11632157999884;Wi-Fi;Wi-Fi;2,4/5 GHz;wlan0;-31.0;;;;-31.0;7.943282347242822e-07;0.1;7.943282347242822e-08;2.0290234149913136e-05;;;;ROUGE;False
1787669567.3540533;29.207505581000078;Simulation RF;Détection RF large bande;868 MHz;868 MHz;;2691;2.168822461992853;-42.752898479714105;-75.7528984797141;2.6589498853510214e-11;0.1;2.6589498853510216e-12;3.952921577084657e-09;;;;VERT;True
1787669567.3541882;29.207505581000078;Simulation RF;Détection RF large bande;2,45 GHz;2,45 GHz;;2980;2.40153503037143;-52.061401214857185;-68.76140121485719;1.3300252272182386e-10;0.1;1.3300252272182387e-11;1.4633054641967118e-08;;;;ORANGE;True
1787669567.364177;29.21780951299843;Wi-Fi;Wi-Fi;2,4/5 GHz;wlan0;-31.0;;;;-31.0;7.943282347242822e-07;0.1;7.943282347242822e-08;2.0369666973385566e-05;;;;ROUGE;False
1787669567.3823519;29.23598515499907;BLE Sniffer;Appareil BLE;2,4 GHz BLE;7f:c4:af:1a:e1:07;-77.0;;;;-77.0;1.9952623149688828e-11;0.00028;5.586734481912872e-15;5.0354267121098185e-12;25;0x00;37;VERT;False
1787669567.3824165;29.23604781999893;BLE Sniffer;iBeacon;2,4 GHz BLE;64:d1:2e:b5:04:2d;-62.0;;;;-62.0;6.309573444801942e-10;0.000368;2.321923027687115e-13;2.3047791059194342e-11;36;0x00;38;ORANGE;False
1787669567.3824549;29.23608633799995;BLE Sniffer;iBeacon;2,4 GHz BLE;64:d1:2e:b5:04:2d;-68.0;;;;-68.0;1.584893192461111e-10;0.000368;5.832406948256888e-14;2.3106115128676912e-11;36;0x00;39;ORANGE;False
1787669567.4541273;29.307585016998928;Simulation RF;Détection RF large bande;868 MHz;868 MHz;;2728;2.198221665080197;-43.92886660320788;-76.92886660320788;2.028211961566275e-11;0.1;2.0282119615662753e-12;3.954949789046224e-09;;;;VERT;True
1787669567.4542658;29.307585016998928;Simulation RF;Détection RF large bande;2,45 GHz;2,45 GHz;;2961;2.386307432816975;-51.45229731267899;-68.152297312679;1.5302777676511986e-10;0.1;1.5302777676511986e-11;1.464835741964363e-08;;;;ORANGE;True
1787669567.462743;29.316375805999996;Wi-Fi;Wi-Fi;2,4/5 GHz;wlan0;-31.0;;;;-31.0;7.943282347242822e-07;0.1;7.943282347242822e-08;2.0449099796857996e-05;;;;ROUGE;False
1787669567.4890237;29.34265659799894;BLE Sniffer;Appareil BLE;2,4 GHz BLE;d3:23:2f:4d:3e:b1;-78.0;;;;-78.0;1.5848931924611107e-11;0.000376;5.959198403653776e-15;7.04970570158748e-14;37;0x00;37;VERT;False
1787669567.554234;29.407674007999958;Simulation RF;Détection RF large bande;868 MHz;868 MHz;;2800;2.256480737902857;-46.259229516114274;-79.25922951611427;1.1859791346210568e-11;0.1;1.185979134621057e-12;3.956135768180845e-09;;;;VERT;True
1787669567.5544274;29.407674007999958;Simulation RF;Détection RF large bande;2,45 GHz;2,45 GHz;;2958;2.384127412763135;-51.365096510525404;-68.06509651052541;1.5613143414796022e-10;0.1;1.5613143414796022e-11;1.4663970563058427e-08;;;;ORANGE;True
1787669567.563103;29.41673549599909;Wi-Fi;Wi-Fi;2,4/5 GHz;wlan0;-31.0;;;;-31.0;7.943282347242822e-07;0.1;7.943282347242822e-08;2.0528532620330426e-05;;;;ROUGE;False
1787669567.5972545;29.450888313998803;BLE Sniffer;iBeacon;2,4 GHz BLE;64:d1:2e:b5:04:2d;-62.0;;;;-62.0;6.309573444801942e-10;0.000368;2.321923027687115e-13;2.3338307431445622e-11;36;0x00;38;ORANGE;False
1787669567.5973444;29.450975997999194;BLE Sniffer;iBeacon;2,4 GHz BLE;64:d1:2e:b5:04:2d;-68.0;;;;-68.0;1.584893192461111e-10;0.000368;5.832406948256888e-14;2.3396631500928192e-11;36;0x00;39;ORANGE;False
1787669567.6543012;29.507754739999655;Simulation RF;Détection RF large bande;868 MHz;868 MHz;;2756;2.2205754005416574;-44.82301602166629;-77.82301602166629;1.6508149674150323e-11;0.1;1.6508149674150324e-12;3.95778658314826e-09;;;;VERT;True
1787669567.6544495;29.507754739999655;Simulation RF;Détection RF large bande;2,45 GHz;2,45 GHz;;2922;2.355112290218067;-50.20449160872268;-66.90449160872268;2.0396274073100623e-10;0.1;2.0396274073100623e-11;1.4684366837131528e-08;;;;ORANGE;True
1787669567.6627572;29.51638969799933;Wi-Fi;Wi-Fi;2,4/5 GHz;wlan0;-31.0;;;;-31.0;7.943282347242822e-07;0.1;7.943282347242822e-08;2.0607965443802856e-05;;;;ROUGE;False
1787669567.7544086;29.607842508999966;Simulation RF;Détection RF large bande;868 MHz;868 MHz;;2817;2.270379003946818;-46.815160157872725;-79.81516015787273;1.043479650875952e-11;0.1;1.043479650875952e-12;3.958830062799136e-09;;;;VERT;True
1787669567.7545702;29.607842508999966;Simulation RF;Détection RF large bande;2,45 GHz;2,45 GHz;;2974;2.3963025048331565;-51.85210019332625;-68.55210019332625;1.395693258181127e-10;0.1;1.395693258181127e-11;1.4698323769713339e-08;;;;ORANGE;True
1787669567.7631855;29.616818183998475;Wi-Fi;Wi-Fi;2,4/5 GHz;wlan0;-31.0;;;;-31.0;7.943282347242822e-07;0.1;7.943282347242822e-08;2.0687398267275286e-05;;;;ROUGE;False
1787669567.8544586;29.707916352999746;Simulation RF;Détection RF large bande;868 MHz;868 MHz;;2811;2.2651942710563655;-46.607770842254624;-79.60777084225462;1.0945180191047796e-11;0.1;1.0945180191047796e-12;3.95992458081824e-09;;;;VERT;True
1787669567.8545988;29.707916352999746;Simulation RF;Détection RF large bande;2,45 GHz;2,45 GHz;;3001;2.4182191272978155;-52.72876509191261;-69.42876509191261;1.1405740615176099e-10;0.1;1.14057406151761e-11;1.4709729510328515e-08;;;;ORANGE;True
1787669567.862832;29.71646458899886;Wi-Fi;Wi-Fi;2,4/5 GHz;wlan0;-31.0;;;;-31.0;7.943282347242822e-07;0.1;7.943282347242822e-08;2.0766831090747716e-05;;;;ROUGE;False
1787669567.9072034;29.76083730299979;BLE Sniffer;Appareil BLE;2,4 GHz BLE;7f:c4:af:1a:e1:07;-70.0;;;;-70.0;1e-10;0.00028;2.7999999999999997e-14;5.063426712109819e-12;25;0x00;37;ORANGE;False
1787669567.910438;29.764071715999307;BLE Sniffer;Appareil BLE;2,4 GHz BLE;7f:c4:af:18:e1:07;-70.0;;;;-70.0;1e-10;0.00028;2.7999999999999997e-14;2.7999999999999997e-14;25;0x00;38;ORANGE;False
1787669567.9105241;29.764155806999042;BLE Sniffer;Appareil BLE;2,4 GHz BLE;7f:c4:af:1a:e1:07;-71.0;;;;-71.0;7.943282347242822e-11;0.00028;2.22411905722799e-14;5.085667902682099e-12;25;0x00;39;VERT;False
1787669567.9545598;29.807996824998554;Simulation RF;Détection RF large bande;868 MHz;868 MHz;;2745;2.2117317403463974;-44.469269613855886;-77.46926961385589;1.7909070191986138e-11;0.1;1.7909070191986138e-12;3.961715487837439e-09;;;;VERT;True
1787669567.9547188;29.807996824998554;Simulation RF;Détection RF large bande;2,45 GHz;2,45 GHz;;3056;2.4625900426569736;-54.50360170627894;-71.20360170627895;7.579487295996308e-11;0.1;7.579487295996308e-12;1.4717308997624512e-08;;;;VERT;True
1787669567.963289;29.81692168599875;Wi-Fi;Wi-Fi;2,4/5 GHz;wlan0;-31.0;;;;-31.0;7.943282347242822e-07;0.1;7.943282347242822e-08;2.0846263914220146e-05;;;;ROUGE;False
1787669568.014318;29.867951406999055;BLE Sniffer;iBeacon;2,4 GHz BLE;64:d1:2e:b5:04:2d;-63.0;;;;-63.0;5.011872336272714e-10;0.000368;1.8443690197483588e-13;2.358106840290303e-11;36;0x00;37;ORANGE;False
1787669568.0176487;29.871282187999896;BLE Sniffer;iBeacon;2,4 GHz BLE;64:d1:2e:b5:04:2d;-62.0;;;;-62.0;6.309573444801942e-10;0.000368;2.321923027687115e-13;2.381326070567174e-11;36;0x00;38;ORANGE;False
1787669568.0177357;29.87136727899997;BLE Sniffer;iBeacon;2,4 GHz BLE;64:d1:2e:b5:04:2d;-68.0;;;;-68.0;1.584893192461111e-10;0.000368;5.832406948256888e-14;2.387158477515431e-11;36;0x00;39;ORANGE;False
1787669568.0546277;29.908080594999774;Simulation RF;Détection RF large bande;868 MHz;868 MHz;;2784;2.243265366629352;-45.73061466517407;-78.73061466517407;1.3394870938738772e-11;0.1;1.3394870938738773e-12;3.963054974931313e-09;;;;VERT;True
1787669568.054778;29.908080594999774;Simulation RF;Détection RF large bande;2,45 GHz;2,45 GHz;;3013;2.427946267955595;-53.11785071822379;-69.8178507182238;1.0428333899629127e-10;0.1;1.0428333899629127e-11;1.4727737331524141e-08;;;;ORANGE;True
1787669568.0632563;29.916888956999173;Wi-Fi;Wi-Fi;2,4/5 GHz;wlan0;-31.0;;;;-31.0;7.943282347242822e-07;0.1;7.943282347242822e-08;2.0925696737692575e-05;;;;ROUGE;False
1787669568.1214426;29.97507539899925;Simulation LoRa;LoRa;868 MHz;LoRa 868.100 MHz;-93.22347865503298;;;;-93.22347865503298;4.760495231809862e-13;0.046335999999999995;2.2058230706114176e-14;2.419937108659632e-12;13;"SNR=5.93;SF=7;BW=125.0;CR=4/5;F=868.100;CRC=OK;PAYLOAD=54454d504f5f4c4f52415f3239";7;VERT;True
1787669568.1246576;29.978291534000164;BLE Sniffer;Appareil BLE;2,4 GHz BLE;7f:c4:af:1a:e1:07;-68.0;;;;-68.0;1.584893192461111e-10;0.00028;4.43770093889111e-14;5.13004491207101e-12;25;0x00;37;ORANGE;False
1787669568.154738;30.008170900999176;Simulation RF;Détection RF large bande;868 MHz;868 MHz;;2752;2.2180017603494457;-44.72007041397782;-77.72007041397782;1.6904135240407554e-11;0.1;1.6904135240407555e-12;3.964745388455354e-09;;;;VERT;True
1787669568.1548955;30.008170900999176;Simulation RF;Détection RF large bande;2,45 GHz;2,45 GHz;;2944;2.3728561586022456;-50.91424634408982;-67.61424634408982;1.73210958749689e-10;0.1;1.73210958749689e-11;1.474505842739911e-08;;;;ORANGE;True
1787669568.1649032;30.018535849998443;Wi-Fi;Wi-Fi;2,4/5 GHz;wlan0;-31.0;;;;-31.0;7.943282347242822e-07;0.1;7.943282347242822e-08;2.1005129561165005e-05;;;;ROUGE;False
1787669568.2272909;30.0809239299997;BLE Sniffer;Appareil BLE;2,4 GHz BLE;7f:c4:af:1a:e1:07;-72.0;;;;-72.0;6.309573444801942e-11;0.00028;1.7666805645445437e-14;5.147711717716455e-12;25;0x00;38;VERT;False
1787669568.2296214;30.08325504200002;BLE Sniffer;Appareil BLE;2,4 GHz BLE;7f:c4:af:1a:e1:07;-71.0;;;;-71.0;7.943282347242822e-11;0.00028;2.22411905722799e-14;5.169952908288735e-12;25;0x00;39;VERT;False
1787669568.2308102;30.084444652999082;BLE Sniffer;iBeacon;2,4 GHz BLE;64:d1:2e:b5:04:2d;-63.0;;;;-63.0;5.011872336272714e-10;0.000368;1.8443690197483588e-13;2.4056021677129147e-11;36;0x00;37;ORANGE;False
1787669568.2308946;30.08452611499888;BLE Sniffer;iBeacon;2,4 GHz BLE;64:d1:2e:b5:04:2d;-63.0;;;;-63.0;5.011872336272714e-10;0.000368;1.8443690197483588e-13;2.4240458579103985e-11;36;0x00;38;ORANGE;False
1787669568.230935;30.084566391999033;BLE Sniffer;iBeacon;2,4 GHz BLE;64:d1:2e:b5:04:2d;-67.0;;;;-67.0;1.9952623149688828e-10;0.000368;7.342565319085489e-14;2.4313884232294838e-11;36;0x00;39;ORANGE;False
1787669568.2547684;30.108253224998407;Simulation RF;Détection RF large bande;868 MHz;868 MHz;;2815;2.2686727345325663;-46.74690938130264;-79.74690938130264;1.0600078021109524e-11;0.1;1.0600078021109524e-12;3.965805396257465e-09;;;;VERT;True
1787669568.2549133;30.108253224998407;Simulation RF;Détection RF large bande;2,45 GHz;2,45 GHz;;2985;2.405368643142962;-52.21474572571849;-68.91474572571849;1.2838829380991782e-10;0.1;1.2838829380991783e-11;1.4757897256780102e-08;;;;ORANGE;True
1787669568.2636616;30.117293657998744;Wi-Fi;Wi-Fi;2,4/5 GHz;wlan0;-31.0;;;;-31.0;7.943282347242822e-07;0.1;7.943282347242822e-08;2.1084562384637435e-05;;;;ROUGE;False
1787669568.3548803;30.208334753999225;Simulation RF;Détection RF large bande;868 MHz;868 MHz;;2824;2.2756922134920328;-47.02768853968131;-80.02768853968131;9.93644758645356e-12;0.1;9.93644758645356e-13;3.96679904101611e-09;;;;VERT;True
1787669568.355032;30.208334753999225;Simulation RF;Détection RF large bande;2,45 GHz;2,45 GHz;;2941;2.3702359398963906;-50.80943759585563;-67.50943759585563;1.774419250359679e-10;0.1;1.7744192503596793e-11;1.4775641449283698e-08;;;;ORANGE;True
1787669568.3654208;30.219053382999846;Wi-Fi;Wi-Fi;2,4/5 GHz;wlan0;-31.0;;;;-31.0;7.943282347242822e-07;0.1;7.943282347242822e-08;2.1163995208109865e-05;;;;ROUGE;False
1787669568.4501643;30.303798168999492;BLE Sniffer;Appareil BLE;2,4 GHz BLE;7c:72:e7:1e:ad:dc;-88.0;;;;-88.0;1.584893192461111e-12;0.000176;2.7894120187315553e-16;2.7894120187315553e-16;12;0x03;37;VERT;False
1787669568.4502537;30.30388559399944;BLE Sniffer;Appareil BLE;2,4 GHz BLE;7f:c4:af:1a:e1:07;-72.0;;;;-72.0;6.309573444801942e-11;0.00028;1.7666805645445437e-14;5.187619713934181e-12;25;0x00;38;VERT;False
1787669568.4502943;30.30392581599881;BLE Sniffer;Appareil BLE;2,4 GHz BLE;7f:c4:af:1a:e1:07;-70.0;;;;-70.0;1e-10;0.00028;2.7999999999999997e-14;5.215619713934181e-12;25;0x00;39;ORANGE;False
1787669568.4549265;30.308420504999958;Simulation RF;Détection RF large bande;868 MHz;868 MHz;;2767;2.229552308234078;-45.1820923293631;-78.1820923293631;1.5198151418903364e-11;0.1;1.5198151418903365e-12;3.968318856158e-09;;;;VERT;True
1787669568.455082;30.308420504999958;Simulation RF;Détection RF large bande;2,45 GHz;2,45 GHz;;3027;2.4397154519748585;-53.58861807899433;-70.28861807899433;9.357033667240635e-11;0.1;9.357033667240635e-12;1.4784998482950938e-08;;;;VERT;True
1787669568.4637527;30.317385123998974;Wi-Fi;Wi-Fi;2,4/5 GHz;wlan0;-31.0;;;;-31.0;7.943282347242822e-07;0.1;7.943282347242822e-08;2.1243428031582295e-05;;;;ROUGE;False
1787669568.5662293;30.419866318999993;BLE Sniffer;Appareil BLE;2,4 GHz BLE;55:c9:1c:54:32:ce;-87.0;;;;-87.0;1.9952623149688827e-12;0.000176;3.5116616743452336e-16;6.307697060574707e-16;12;0x03;37;VERT;False
1787669568.5680704;30.42170441899907;BLE Sniffer;iBeacon;2,4 GHz BLE;64:d1:2e:b5:04:2d;-62.0;;;;-62.0;6.309573444801942e-10;0.000368;2.321923027687115e-13;2.4546076535063548e-11;36;0x00;38;ORANGE;False
1787669568.568161;30.42179260299963;BLE Sniffer;iBeacon;2,4 GHz BLE;64:d1:2e:b5:04:2d;-68.0;;;;-68.0;1.584893192461111e-10;0.000368;5.832406948256888e-14;2.460440060454612e-11;36;0x00;39;ORANGE;False
1787669568.5619578;30.408506495999973;Simulation RF;Détection RF large bande;868 MHz;868 MHz;;2865;2.30877925265541;-48.35117010621639;-81.35117010621639;7.32627117082886e-12;0.1;7.326271170828861e-13;3.969051483275083e-09;;;;VERT;True
1787669568.5727017;30.408506495999973;Simulation RF;Détection RF large bande;2,45 GHz;2,45 GHz;;3011;2.4268435834548345;-53.07374333819338;-69.77374333819338;1.0534784744806009e-10;0.1;1.053478474480601e-11;1.4795533267695744e-08;;;;ORANGE;True
1787669568.5824142;30.436046695000186;Wi-Fi;Wi-Fi;2,4/5 GHz;wlan0;-31.0;;;;-31.0;7.943282347242822e-07;0.1;7.943282347242822e-08;2.1322860855054725e-05;;;;ROUGE;False
1787669568.655128;30.508582394999394;Simulation RF;Détection RF large bande;868 MHz;868 MHz;;2760;2.2238388846421695;-44.95355538568677;-77.95355538568677;1.6019334184339012e-11;0.1;1.6019334184339013e-12;3.970653416693516e-09;;;;VERT;True
1787669568.6552706;30.508582394999394;Simulation RF;Détection RF large bande;2,45 GHz;2,45 GHz;;3009;2.4248842560443995;-52.99537024177597;-69.69537024177598;1.0726621980698049e-10;0.1;1.072662198069805e-11;1.4806259889676442e-08;;;;ORANGE;True
1787669568.663749;30.517380756999046;Wi-Fi;Wi-Fi;2,4/5 GHz;wlan0;-31.0;;;;-31.0;7.943282347242822e-07;0.1;7.943282347242822e-08;2.1402293678527155e-05;;;;ROUGE;False
1787669568.6754184;30.529051574998448;BLE Sniffer;Appareil BLE;2,4 GHz BLE;7f:c4:af:1a:e1:07;-68.0;;;;-68.0;1.584893192461111e-10;0.00028;4.43770093889111e-14;5.259996723323092e-12;25;0x00;37;ORANGE;False
1787669568.7591958;30.608713200999773;Simulation RF;Détection RF large bande;868 MHz;868 MHz;;2833;2.28340626732207;-47.3362506928828;-80.3362506928828;9.25496819686212e-12;0.1;9.25496819686212e-13;3.971578913513203e-09;;;;VERT;True
1787669568.759357;30.608713200999773;Simulation RF;Détection RF large bande;2,45 GHz;2,45 GHz;;2982;2.4031173412358804;-52.124693649435216;-68.82469364943522;1.3107825014724566e-10;0.1;1.3107825014724566e-11;1.4819367714691168e-08;;;;ORANGE;True
1787669568.7692823;30.6229147189988;Wi-Fi;Wi-Fi;2,4/5 GHz;wlan0;-31.0;;;;-31.0;7.943282347242822e-07;0.1;7.943282347242822e-08;2.1481726501999584e-05;;;;ROUGE;False
1787669568.7804663;30.634099451999646;BLE Sniffer;iBeacon;2,4 GHz BLE;64:d1:2e:b5:04:2d;-62.0;;;;-62.0;6.309573444801942e-10;0.000368;2.321923027687115e-13;2.483659290731483e-11;36;0x00;38;ORANGE;False
1787669568.7805488;30.634180431999994;BLE Sniffer;iBeacon;2,4 GHz BLE;64:d1:2e:b5:04:2d;-68.0;;;;-68.0;1.584893192461111e-10;0.000368;5.832406948256888e-14;2.48949169767974e-11;36;0x00;39;ORANGE;False
1787669568.8553357;30.708796413999153;Simulation RF;Détection RF large bande;868 MHz;868 MHz;;2754;2.2195057307449746;-44.78022922979898;-77.78022922979898;1.6671592140446893e-11;0.1;1.6671592140446894e-12;3.973246072727247e-09;;;;VERT;True
1787669568.85548;30.708796413999153;Simulation RF;Détection RF large bande;2,45 GHz;2,45 GHz;;2999;2.416486532925004;-52.65946131700015;-69.35946131700015;1.1589210955767781e-10;0.1;1.1589210955767782e-11;1.4830956925646935e-08;;;;ORANGE;True
1787669568.8640313;30.717665090000082;Wi-Fi;Wi-Fi;2,4/5 GHz;wlan0;-31.0;;;;-31.0;7.943282347242822e-07;0.1;7.943282347242822e-08;2.1561159325472014e-05;;;;ROUGE;False
1787669568.9554138;30.80887642400012;Simulation RF;Détection RF large bande;868 MHz;868 MHz;;2780;2.2404308811719598;-45.617235246878394;-78.6172352468784;1.3749169795210608e-11;0.1;1.3749169795210609e-12;3.974620989706769e-09;;;;VERT;True
1787669568.9555566;30.80887642400012;Simulation RF;Détection RF large bande;2,45 GHz;2,45 GHz;;2983;2.4038774255173663;-52.15509702069464;-68.85509702069464;1.3016382368638319e-10;0.1;1.3016382368638319e-11;1.4843973308015574e-08;;;;ORANGE;True
1787669568.9676447;30.821278322999206;Wi-Fi;Wi-Fi;2,4/5 GHz;wlan0;-30.0;;;;-30.0;1e-06;0.1;1e-07;2.1661159325472013e-05;;;;ROUGE;False
1787669568.9906647;30.844301851999262;BLE Sniffer;Appareil BLE;2,4 GHz BLE;7f:c4:af:1a:e1:07;-68.0;;;;-68.0;1.584893192461111e-10;0.00028;4.43770093889111e-14;5.304373732712003e-12;25;0x00;37;ORANGE;False
1787669569.055496;30.908956137998757;Simulation RF;Détection RF large bande;868 MHz;868 MHz;;2805;2.2603907293288232;-46.41562917315292;-79.41562917315292;1.1440291294825954e-11;0.1;1.1440291294825956e-12;3.9757650188362515e-09;;;;VERT;True
1787669569.055639;30.908956137998757;Simulation RF;Détection RF large bande;2,45 GHz;2,45 GHz;;2956;2.3822134061260707;-51.28853624504282;-67.98853624504282;1.5890822458631708e-10;0.1;1.5890822458631708e-11;1.4859864130474206e-08;;;;ORANGE;True
1787669569.0641508;30.917783036999026;Wi-Fi;Wi-Fi;2,4/5 GHz;wlan0;-30.0;;;;-30.0;1e-06;0.1;1e-07;2.1761159325472012e-05;;;;ROUGE;False
1787669569.0962765;30.94990975699875;BLE Sniffer;iBeacon;2,4 GHz BLE;64:d1:2e:b5:04:2d;-62.0;;;;-62.0;6.309573444801942e-10;0.000368;2.321923027687115e-13;2.512710927956611e-11;36;0x00;38;ORANGE;False
1787669569.0963717;30.950003384999945;BLE Sniffer;iBeacon;2,4 GHz BLE;64:d1:2e:b5:04:2d;-68.0;;;;-68.0;1.584893192461111e-10;0.000368;5.832406948256888e-14;2.518543334904868e-11;36;0x00;39;ORANGE;False
1787669569.09646;30.950091642998814;Simulation LoRa;LoRa;868 MHz;LoRa 868.100 MHz;-90.03456166402988;;;;-90.03456166402988;9.920734647433304e-13;0.046335999999999995;4.5968716062346955e-14;2.4659058247219792e-12;13;"SNR=7.89;SF=7;BW=125.0;CR=4/5;F=868.100;CRC=OK;PAYLOAD=54454d504f5f4c4f52415f3330";7;VERT;True
1787669569.1555681;31.00903862999985;Simulation RF;Détection RF large bande;868 MHz;868 MHz;;2785;2.2439219142174656;-45.756876568698615;-78.75687656869862;1.3314116204861502e-11;0.1;1.3314116204861503e-12;3.977096430456738e-09;;;;VERT;True
1787669569.1557186;31.00903862999985;Simulation RF;Détection RF large bande;2,45 GHz;2,45 GHz;;3002;2.419094427233504;-52.76377708934015;-69.46377708934016;1.1314159349012018e-10;0.1;1.131415934901202e-11;1.4871178289823217e-08;;;;ORANGE;True
1787669569.1642294;31.017862083999717;Wi-Fi;Wi-Fi;2,4/5 GHz;wlan0;-30.0;;;;-30.0;1e-06;0.1;1e-07;2.186115932547201e-05;;;;ROUGE;False
1787669569.207179;31.060813153999334;BLE Sniffer;Appareil BLE;2,4 GHz BLE;7f:c4:af:1a:e1:07;-70.0;;;;-70.0;1e-10;0.00028;2.7999999999999997e-14;5.332373732712003e-12;25;0x00;37;ORANGE;False
1787669569.207361;31.06099374399855;BLE Sniffer;Appareil BLE;2,4 GHz BLE;7f:c4:af:1a:e1:07;-72.0;;;;-72.0;6.309573444801942e-11;0.00028;1.7666805645445437e-14;5.350040538357449e-12;25;0x00;38;VERT;False
1787669569.255671;31.109127342999273;Simulation RF;Détection RF large bande;868 MHz;868 MHz;;2841;2.289584567387284;-47.58338269549135;-80.58338269549135;8.743025205933822e-12;0.1;8.743025205933823e-13;3.977970732977331e-09;;;;VERT;True
1787669569.2558212;31.109127342999273;Simulation RF;Détection RF large bande;2,45 GHz;2,45 GHz;;2974;2.3968016636558818;-51.87206654623526;-68.57206654623526;1.389291393688183e-10;0.1;1.3892913936881832e-11;1.4885071203760099e-08;;;;ORANGE;True
1787669569.2644055;31.118038481999974;Wi-Fi;Wi-Fi;2,4/5 GHz;wlan0;-30.0;;;;-30.0;1e-06;0.1;1e-07;2.196115932547201e-05;;;;ROUGE;False
1787669569.3104515;31.164084169999114;BLE Sniffer;Appareil BLE;2,4 GHz BLE;7f:c4:af:1a:e1:07;-69.0;;;;-69.0;1.2589254117941662e-10;0.00028;3.524991153023665e-14;5.385290449887685e-12;25;0x00;39;ORANGE;False
1787669569.3139777;31.167611262999344;BLE Sniffer;iBeacon;2,4 GHz BLE;64:d1:2e:b5:04:2d;-63.0;;;;-63.0;5.011872336272714e-10;0.000368;1.8443690197483588e-13;2.5369870251023516e-11;36;0x00;37;ORANGE;False
1787669569.3557389;31.209205778999603;Simulation RF;Détection RF large bande;868 MHz;868 MHz;;2782;2.2422611777666135;-45.690447110664536;-78.69044711066454;1.3519333730893587e-11;0.1;1.3519333730893588e-12;3.97932266635042e-09;;;;VERT;True
1787669569.3558817;31.209205778999603;Simulation RF;Détection RF large bande;2,45 GHz;2,45 GHz;;2965;2.389492666519782;-51.57970666079129;-68.27970666079129;1.4860360114891545e-10;0.1;1.4860360114891547e-11;1.489993156387499e-08;;;;ORANGE;True
1787669569.3644145;31.218046566998964;Wi-Fi;Wi-Fi;2,4/5 GHz;wlan0;-30.0;;;;-30.0;1e-06;0.1;1e-07;2.206115932547201e-05;;;;ROUGE;False
1787669569.4168332;31.27046658099971;BLE Sniffer;iBeacon;2,4 GHz BLE;64:d1:2e:b5:04:2d;-62.0;;;;-62.0;6.309573444801942e-10;0.000368;2.321923027687115e-13;2.5602062553792226e-11;36;0x00;38;ORANGE;False
1787669569.41692;31.27055172799919;BLE Sniffer;iBeacon;2,4 GHz BLE;64:d1:2e:b5:04:2d;-68.0;;;;-68.0;1.584893192461111e-10;0.000368;5.832406948256888e-14;2.5660386623274796e-11;36;0x00;39;ORANGE;False
1787669569.4558926;31.309310177999578;Simulation RF;Détection RF large bande;868 MHz;868 MHz;;2805;2.260093132817152;-46.40372531268608;-79.40372531268608;1.1471691748870345e-11;0.1;1.1471691748870347e-12;3.980469835525307e-09;;;;VERT;True
1787669569.4560347;31.309310177999578;Simulation RF;Détection RF large bande;2,45 GHz;2,45 GHz;;3019;2.4331671667490746;-53.32668666996298;-70.02668666996298;9.93874008030404e-11;0.1;9.938740080304041e-12;1.4909870303955296e-08;;;;VERT;True
1787669569.464659;31.318291314999442;Wi-Fi;Wi-Fi;2,4/5 GHz;wlan0;-30.0;;;;-30.0;1e-06;0.1;1e-07;2.216115932547201e-05;;;;ROUGE;False
1787669569.5231428;31.37677553100002;BLE Sniffer;Appareil BLE;2,4 GHz BLE;d3:23:2f:4d:3e:b1;-79.0;;;;-79.0;1.2589254117941662e-11;0.000376;4.7335595483460644e-15;7.523061656422087e-14;37;0x00;37;VERT;False
1787669569.5265355;31.380169422998733;BLE Sniffer;Appareil BLE;2,4 GHz BLE;7f:c4:af:1a:e1:07;-72.0;;;;-72.0;6.309573444801942e-11;0.00028;1.7666805645445437e-14;5.4029572555331305e-12;25;0x00;38;VERT;False
1787669569.526623;31.38025456899959;BLE Sniffer;Appareil BLE;2,4 GHz BLE;7f:c4:af:1a:e1:07;-69.0;;;;-69.0;1.2589254117941662e-10;0.00028;3.524991153023665e-14;5.438207167063367e-12;25;0x00;39;ORANGE;False
1787669569.5559142;31.409388558999126;Simulation RF;Détection RF large bande;868 MHz;868 MHz;;2770;2.2321065189287386;-45.28426075714954;-78.28426075714954;1.484478541980077e-11;0.1;1.484478541980077e-12;3.9819543140672875e-09;;;;VERT;True
1787669569.5560617;31.409388558999126;Simulation RF;Détection RF large bande;2,45 GHz;2,45 GHz;;2961;2.38637157794529;-51.454863117811584;-68.15486311781159;1.5293739489087246e-10;0.1;1.5293739489087245e-11;1.4925164043444382e-08;;;;ORANGE;True
1787669569.564612;31.418244438998954;Wi-Fi;Wi-Fi;2,4/5 GHz;wlan0;-30.0;;;;-30.0;1e-06;0.1;1e-07;2.2261159325472008e-05;;;;ROUGE;False
1787669569.6343236;31.487957274999644;BLE Sniffer;iBeacon;2,4 GHz BLE;64:d1:2e:b5:04:2d;-62.0;;;;-62.0;6.309573444801942e-10;0.000368;2.321923027687115e-13;2.5892578926043507e-11;36;0x00;37;ORANGE;False
1787669569.634415;31.488046347998534;BLE Sniffer;iBeacon;2,4 GHz BLE;64:d1:2e:b5:04:2d;-62.0;;;;-62.0;6.309573444801942e-10;0.000368;2.321923027687115e-13;2.6124771228812217e-11;36;0x00;38;ORANGE;False
1787669569.6560025;31.509468494999965;Simulation RF;Détection RF large bande;868 MHz;868 MHz;;2780;2.2401702507959143;-45.60681003183656;-78.60681003183656;1.3782214246979237e-11;0.1;1.3782214246979238e-12;3.983332535491985e-09;;;;VERT;True
1787669569.6561403;31.509468494999965;Simulation RF;Détection RF large bande;2,45 GHz;2,45 GHz;;2952;2.3792950078236603;-51.17180031294642;-67.87180031294642;1.6323751271195446e-10;0.1;1.6323751271195447e-11;1.4941487794715578e-08;;;;ORANGE;True
1787669569.6647048;31.51833715199973;Wi-Fi;Wi-Fi;2,4/5 GHz;wlan0;-30.0;;;;-30.0;1e-06;0.1;1e-07;2.2361159325472007e-05;;;;ROUGE;False
1787669569.7372935;31.5909271849996;BLE Sniffer;iBeacon;2,4 GHz BLE;64:d1:2e:b5:04:2d;-68.0;;;;-68.0;1.584893192461111e-10;0.000368;5.832406948256888e-14;2.6183095298294787e-11;36;0x00;39;ORANGE;False
1787669569.7410152;31.59464888599905;BLE Sniffer;Appareil BLE;2,4 GHz BLE;7f:c4:af:1a:e1:07;-68.0;;;;-68.0;1.584893192461111e-10;0.00028;4.43770093889111e-14;5.482584176452278e-12;25;0x00;37;ORANGE;False
1787669569.756061;31.60954778299856;Simulation RF;Détection RF large bande;868 MHz;868 MHz;;2772;2.2338668853397716;-45.354675413590854;-78.35467541359085;1.4606039091205393e-11;0.1;1.4606039091205394e-12;3.984793139401106e-09;;;;VERT;True
1787669569.7562187;31.60954778299856;Simulation RF;Détection RF large bande;2,45 GHz;2,45 GHz;;3023;2.4363515011412282;-53.45406004564913;-70.15406004564913;9.651481786232269e-11;0.1;9.65148178623227e-12;1.495113927650181e-08;;;;VERT;True
1787669569.7649884;31.61862112199924;Wi-Fi;Wi-Fi;2,4/5 GHz;wlan0;-30.0;;;;-30.0;1e-06;0.1;1e-07;2.2461159325472006e-05;;;;ROUGE;False
1787669569.847628;31.701262089998636;BLE Sniffer;Appareil BLE;2,4 GHz BLE;7f:c4:af:1a:e1:07;-73.0;;;;-73.0;5.011872336272715e-11;0.00028;1.40332425415636e-14;5.496617418993842e-12;25;0x00;38;VERT;False
1787669569.8477182;31.70134981099909;BLE Sniffer;Appareil BLE;2,4 GHz BLE;7f:c4:af:1a:e1:07;-69.0;;;;-69.0;1.2589254117941662e-10;0.00028;3.524991153023665e-14;5.531867330524078e-12;25;0x00;39;ORANGE;False
1787669569.8561666;31.70963210699847;Simulation RF;Détection RF large bande;868 MHz;868 MHz;;2706;2.1810541917452335;-43.242167669809334;-76.24216766980933;2.3756542436140178e-11;0.1;2.375654243614018e-12;3.98716879364472e-09;;;;VERT;True
1787669569.8563023;31.70963210699847;Simulation RF;Détection RF large bande;2,45 GHz;2,45 GHz;;2990;2.4096824094301503;-52.387296377206;-69.087296377206;1.233872719629346e-10;0.1;1.2338727196293462e-11;1.4963478003698103e-08;;;;ORANGE;True
1787669569.8648858;31.718518375999338;Wi-Fi;Wi-Fi;2,4/5 GHz;wlan0;-30.0;;;;-30.0;1e-06;0.1;1e-07;2.2561159325472005e-05;;;;ROUGE;False
1787669569.950999;31.804631807999613;BLE Sniffer;iBeacon;2,4 GHz BLE;64:d1:2e:b5:04:2d;-63.0;;;;-63.0;5.011872336272714e-10;0.000368;1.8443690197483588e-13;2.6367532200269624e-11;36;0x00;37;ORANGE;False
1787669569.9544733;31.80810736499916;BLE Sniffer;iBeacon;2,4 GHz BLE;64:d1:2e:b5:04:2d;-62.0;;;;-62.0;6.309573444801942e-10;0.000368;2.321923027687115e-13;2.6599724503038334e-11;36;0x00;38;ORANGE;False
1787669569.9545598;31.808191233998514;BLE Sniffer;iBeacon;2,4 GHz BLE;64:d1:2e:b5:04:2d;-68.0;;;;-68.0;1.584893192461111e-10;0.000368;5.832406948256888e-14;2.6658048572520904e-11;36;0x00;39;ORANGE;False
1787669569.9584858;31.809750116999567;Simulation RF;Détection RF large bande;868 MHz;868 MHz;;2666;2.1483916038104183;-41.935664152416734;-74.93566415241673;3.209471952579236e-11;0.1;3.2094719525792364e-12;3.990378265597299e-09;;;;VERT;True
1787669569.9586337;31.809750116999567;Simulation RF;Détection RF large bande;2,45 GHz;2,45 GHz;;3045;2.4541652285060644;-54.16660914024257;-70.86660914024257;8.191040739539479e-11;0.1;8.19104073953948e-12;1.4971669044437642e-08;;;;VERT;True
1787669569.967263;31.820895257998927;Wi-Fi;Wi-Fi;2,4/5 GHz;wlan0;-30.0;;;;-30.0;1e-06;0.1;1e-07;2.2661159325472004e-05;;;;ROUGE;False
1787669570.0564165;31.909833626999898;Simulation RF;Détection RF large bande;868 MHz;868 MHz;;2769;2.2315534517177418;-45.262138068709675;-78.26213806870967;1.4920596750545744e-11;0.1;1.4920596750545746e-12;3.991870325272353e-09;;;;VERT;True
1787669570.0565982;31.909833626999898;Simulation RF;Détection RF large bande;2,45 GHz;2,45 GHz;;3035;2.445512574679296;-53.820502987171835;-70.52050298717184;8.870532701720962e-11;0.1;8.870532701720962e-12;1.4980539577139364e-08;;;;VERT;True
1787669570.0624318;31.916065658999287;BLE Sniffer;Appareil BLE;2,4 GHz BLE;7f:c4:af:1a:e1:07;-70.0;;;;-70.0;1e-10;0.00028;2.7999999999999997e-14;5.5598673305240784e-12;25;0x00;37;ORANGE;False
1787669570.062567;31.916198619999705;Simulation LoRa;LoRa;868 MHz;LoRa 868.100 MHz;-92.3211394927605;;;;-92.3211394927605;5.859843949844864e-13;0.046335999999999995;2.7152172926001158e-14;2.4930579976479805e-12;13;"SNR=7.28;SF=7;BW=125.0;CR=4/5;F=868.100;CRC=OK;PAYLOAD=54454d504f5f4c4f52415f3331";7;VERT;True
1787669570.0704827;31.924115088999315;Wi-Fi;Wi-Fi;2,4/5 GHz;wlan0;-30.0;;;;-30.0;1e-06;0.1;1e-07;2.2761159325472003e-05;;;;ROUGE;False
1787669570.1564744;32.00991032299862;Simulation RF;Détection RF large bande;868 MHz;868 MHz;;2732;2.201281718990146;-44.05126875960583;-77.05126875960583;1.971846591382395e-11;0.1;1.971846591382395e-12;3.993842171863735e-09;;;;VERT;True
1787669570.1566195;32.00991032299862;Simulation RF;Détection RF large bande;2,45 GHz;2,45 GHz;;2921;2.3535915735922717;-50.14366294369087;-66.84366294369087;2.0683960780945087e-10;0.1;2.068396078094509e-11;1.500122353792031e-08;;;;ORANGE;True
1787669570.1652696;32.01890232999904;Wi-Fi;Wi-Fi;2,4/5 GHz;wlan0;-30.0;;;;-30.0;1e-06;0.1;1e-07;2.2861159325472002e-05;;;;ROUGE;False
1787669570.169299;32.022932266998396;BLE Sniffer;iBeacon;2,4 GHz BLE;64:d1:2e:b5:04:2d;-63.0;;;;-63.0;5.011872336272714e-10;0.000368;1.8443690197483588e-13;2.6842485474495742e-11;36;0x00;38;ORANGE;False
1787669570.1716824;32.025320118998934;BLE Sniffer;iBeacon;2,4 GHz BLE;64:d1:2e:b5:04:2d;-68.0;;;;-68.0;1.584893192461111e-10;0.000368;5.832406948256888e-14;2.6900809543978312e-11;36;0x00;39;ORANGE;False
1787669570.2565672;32.11000292499921;Simulation RF;Détection RF large bande;868 MHz;868 MHz;;2633;2.12166354229409;-40.86654169176359;-73.86654169176359;4.1053088061353836e-11;0.1;4.105308806135384e-12;3.9979474806698705e-09;;;;VERT;True
1787669570.2567275;32.11000292499921;Simulation RF;Détection RF large bande;2,45 GHz;2,45 GHz;;3026;2.438356383315645;-53.534255332625804;-70.2342553326258;9.474896328335847e-11;0.1;9.474896328335847e-12;1.5010698434248643e-08;;;;VERT;True
1787669570.2653089;32.11894163799843;Wi-Fi;Wi-Fi;2,4/5 GHz;wlan0;-30.0;;;;-30.0;1e-06;0.1;1e-07;2.2961159325472e-05;;;;ROUGE;False
1787669570.356621;32.21008204699865;Simulation RF;Détection RF large bande;868 MHz;868 MHz;;2751;2.2173214055434367;-44.69285622173747;-77.69285622173747;1.70103941893473e-11;0.1;1.70103941893473e-12;3.999648520088805e-09;;;;VERT;True
1787669570.356759;32.21008204699865;Simulation RF;Détection RF large bande;2,45 GHz;2,45 GHz;;2986;2.406651011914089;-52.266040476563546;-68.96604047656355;1.2688081287758862e-10;0.1;1.2688081287758862e-11;1.50233865155364e-08;;;;ORANGE;True
1787669570.3654244;32.21905690699896;Wi-Fi;Wi-Fi;2,4/5 GHz;wlan0;-30.0;;;;-30.0;1e-06;0.1;1e-07;2.3061159325472e-05;;;;ROUGE;False
1787669570.3797052;32.23333675699905;BLE Sniffer;Appareil BLE;2,4 GHz BLE;7f:c4:af:1a:e1:07;-70.0;;;;-70.0;1e-10;0.00028;2.7999999999999997e-14;5.587867330524079e-12;25;0x00;37;ORANGE;False
1787669570.3797598;32.233391422998466;BLE Sniffer;Appareil BLE;2,4 GHz BLE;7f:c4:af:1a:e1:07;-72.0;;;;-72.0;6.309573444801942e-11;0.00028;1.7666805645445437e-14;5.605534136169524e-12;25;0x00;38;VERT;False
1787669570.382213;32.2358465519992;BLE Sniffer;Appareil BLE;2,4 GHz BLE;7f:c4:af:1a:e1:07;-69.0;;;;-69.0;1.2589254117941662e-10;0.00028;3.524991153023665e-14;5.640784047699761e-12;25;0x00;39;ORANGE;False
1787669570.4567153;32.310157204999996;Simulation RF;Détection RF large bande;868 MHz;868 MHz;;2746;2.212519701271123;-44.5007880508449;-77.5007880508449;1.7779567608886054e-11;0.1;1.7779567608886055e-12;4.001426476849694e-09;;;;VERT;True
1787669570.4568589;32.310157204999996;Simulation RF;Détection RF large bande;2,45 GHz;2,45 GHz;;3016;2.4308582639896166;-53.23433055958466;-69.93433055958467;1.0152358473839897e-10;0.1;1.0152358473839897e-11;1.503353887401024e-08;;;;ORANGE;True
1787669570.4653642;32.3189968079987;Wi-Fi;Wi-Fi;2,4/5 GHz;wlan0;-30.0;;;;-30.0;1e-06;0.1;1e-07;2.3161159325472e-05;;;;ROUGE;False
1787669570.4875553;32.3411883689987;BLE Sniffer;iBeacon;2,4 GHz BLE;64:d1:2e:b5:04:2d;-62.0;;;;-62.0;6.309573444801942e-10;0.000368;2.321923027687115e-13;2.7133001846747022e-11;36;0x00;37;ORANGE;False
1787669570.4876308;32.34126229299909;BLE Sniffer;iBeacon;2,4 GHz BLE;64:d1:2e:b5:04:2d;-62.0;;;;-62.0;6.309573444801942e-10;0.000368;2.321923027687115e-13;2.7365194149515732e-11;36;0x00;38;ORANGE;False
1787669570.4913132;32.344947013998535;BLE Sniffer;iBeacon;2,4 GHz BLE;64:d1:2e:b5:04:2d;-68.0;;;;-68.0;1.584893192461111e-10;0.000368;5.832406948256888e-14;2.7423518218998302e-11;36;0x00;39;ORANGE;False
1787669570.5567734;32.410238826998466;Simulation RF;Détection RF large bande;868 MHz;868 MHz;;2728;2.198383683775324;-43.935347351012965;-76.93534735101296;2.0251876247749646e-11;0.1;2.0251876247749645e-12;4.003451664474468e-09;;;;VERT;True
1787669570.557105;32.410238826998466;Simulation RF;Détection RF large bande;2,45 GHz;2,45 GHz;;3015;2.429765845553463;-53.19063382213851;-69.89063382213851;1.0255022505154027e-10;0.1;1.0255022505154028e-11;1.5043793896515394e-08;;;;ORANGE;True
1787669570.565824;32.41945638600009;Wi-Fi;Wi-Fi;2,4/5 GHz;wlan0;-30.0;;;;-30.0;1e-06;0.1;1e-07;2.3261159325471998e-05;;;;ROUGE;False
1787669570.5968058;32.45044019799934;BLE Sniffer;Appareil BLE;2,4 GHz BLE;7f:c4:af:1a:e1:07;-69.0;;;;-69.0;1.2589254117941662e-10;0.00028;3.524991153023665e-14;5.676033959229997e-12;25;0x00;37;ORANGE;False
1787669570.599336;32.4529697149992;BLE Sniffer;Appareil BLE;2,4 GHz BLE;7f:c4:af:1a:e1:07;-72.0;;;;-72.0;6.309573444801942e-11;0.00028;1.7666805645445437e-14;5.6937007648754425e-12;25;0x00;38;VERT;False
1787669570.6570659;32.510345632999815;Simulation RF;Détection RF large bande;868 MHz;868 MHz;;2712;2.1854249829416834;-43.41699931766733;-76.41699931766733;2.2819181791994046e-11;0.1;2.2819181791994047e-12;4.0057335826536676e-09;;;;VERT;True
1787669570.657286;32.510345632999815;Simulation RF;Détection RF large bande;2,45 GHz;2,45 GHz;;3037;2.4470711443780306;-53.882845775121226;-70.58284577512123;8.744106177191132e-11;0.1;8.744106177191133e-12;1.5052538002692586e-08;;;;VERT;True
1787669570.6662395;32.51987187299892;Wi-Fi;Wi-Fi;2,4/5 GHz;wlan0;-30.0;;;;-30.0;1e-06;0.1;1e-07;2.3361159325471997e-05;;;;ROUGE;False
1787669570.7025006;32.55613341699973;BLE Sniffer;Appareil BLE;2,4 GHz BLE;7f:c4:af:1a:e1:07;-68.0;;;;-68.0;1.584893192461111e-10;0.00028;4.43770093889111e-14;5.738077774264353e-12;25;0x00;39;ORANGE;False
1787669570.7569656;32.61042297599852;Simulation RF;Détection RF large bande;868 MHz;868 MHz;;2740;2.2079175153215047;-44.31670061286019;-77.31670061286019;1.8549403085952784e-11;0.1;1.8549403085952785e-12;4.007588522962263e-09;;;;VERT;True
1787669570.757106;32.61042297599852;Simulation RF;Détection RF large bande;2,45 GHz;2,45 GHz;;3015;2.4297001053328557;-53.188004213314215;-69.88800421331422;1.0261233696977815e-10;0.1;1.0261233696977815e-11;1.5062799236389564e-08;;;;ORANGE;True
1787669570.7656164;32.61924981999982;Wi-Fi;Wi-Fi;2,4/5 GHz;wlan0;-31.0;;;;-31.0;7.943282347242822e-07;0.1;7.943282347242822e-08;2.3440592148944427e-05;;;;ROUGE;False
1787669570.808117;32.661749581999175;BLE Sniffer;iBeacon;2,4 GHz BLE;64:d1:2e:b5:04:2d;-63.0;;;;-63.0;5.011872336272714e-10;0.000368;1.8443690197483588e-13;2.760795512097314e-11;36;0x00;37;ORANGE;False
1787669570.8081875;32.66181885900005;BLE Sniffer;iBeacon;2,4 GHz BLE;64:d1:2e:b5:04:2d;-63.0;;;;-63.0;5.011872336272714e-10;0.000368;1.8443690197483588e-13;2.7792392022947977e-11;36;0x00;38;ORANGE;False
1787669570.811767;32.66540117299883;BLE Sniffer;iBeacon;2,4 GHz BLE;64:d1:2e:b5:04:2d;-68.0;;;;-68.0;1.584893192461111e-10;0.000368;5.832406948256888e-14;2.7850716092430547e-11;36;0x00;39;ORANGE;False
1787669570.8570795;32.71050956099862;Simulation RF;Détection RF large bande;868 MHz;868 MHz;;2778;2.238343017046289;-45.53372068185155;-78.53372068185155;1.401612402551761e-11;0.1;1.401612402551761e-12;4.008990135364815e-09;;;;VERT;True
1787669570.8572586;32.71050956099862;Simulation RF;Détection RF large bande;2,45 GHz;2,45 GHz;;3055;2.4622738411933733;-54.490953647734926;-71.19095364773493;7.601593386393417e-11;0.1;7.601593386393417e-12;1.5070400829775958e-08;;;;VERT;True
1787669570.867246;32.72087956499854;Wi-Fi;Wi-Fi;2,4/5 GHz;wlan0;-31.0;;;;-31.0;7.943282347242822e-07;0.1;7.943282347242822e-08;2.3520024972416857e-05;;;;ROUGE;False
1787669570.916145;32.76977830099895;BLE Sniffer;Appareil BLE;2,4 GHz BLE;7f:c4:af:1a:e1:07;-69.0;;;;-69.0;1.2589254117941662e-10;0.00028;3.524991153023665e-14;5.77332768579459e-12;25;0x00;37;ORANGE;False
1787669570.9186642;32.77229783599978;BLE Sniffer;Appareil BLE;2,4 GHz BLE;7f:c4:af:1a:e1:07;-73.0;;;;-73.0;5.011872336272715e-11;0.00028;1.40332425415636e-14;5.787360928336154e-12;25;0x00;38;VERT;False
1787669570.9199545;32.77358866799841;BLE Sniffer;Appareil BLE;2,4 GHz BLE;7f:c4:af:1a:e1:07;-69.0;;;;-69.0;1.2589254117941662e-10;0.00028;3.524991153023665e-14;5.82261083986639e-12;25;0x00;39;ORANGE;False
1787669570.9571114;32.810591089999434;Simulation RF;Détection RF large bande;868 MHz;868 MHz;;2769;2.2314327401285876;-45.257309605143504;-78.2573096051435;1.493719461777008e-11;0.1;1.4937194617770081e-12;4.010483854826592e-09;;;;VERT;True
1787669570.957256;32.810591089999434;Simulation RF;Détection RF large bande;2,45 GHz;2,45 GHz;;3048;2.4565475206107914;-54.26190082443165;-70.96190082443165;8.013272609065502e-11;0.1;8.013272609065503e-12;1.5078414102385022e-08;;;;VERT;True
1787669570.9657292;32.819361877998745;Wi-Fi;Wi-Fi;2,4/5 GHz;wlan0;-31.0;;;;-31.0;7.943282347242822e-07;0.1;7.943282347242822e-08;2.3599457795889287e-05;;;;ROUGE;False
1787669571.0279398;32.881574387998626;BLE Sniffer;iBeacon;2,4 GHz BLE;64:d1:2e:b5:04:2d;-62.0;;;;-62.0;6.309573444801942e-10;0.000368;2.321923027687115e-13;2.8082908395199257e-11;36;0x00;37;ORANGE;False
1787669571.0280318;32.881663182999546;BLE Sniffer;iBeacon;2,4 GHz BLE;64:d1:2e:b5:04:2d;-62.0;;;;-62.0;6.309573444801942e-10;0.000368;2.321923027687115e-13;2.8315100697967967e-11;36;0x00;38;ORANGE;False
1787669571.0594883;32.91066852599943;Simulation RF;Détection RF large bande;868 MHz;868 MHz;;2747;2.213667660290535;-44.5467064116214;-77.5467064116214;1.7592572880061037e-11;0.1;1.7592572880061038e-12;4.012243112114598e-09;;;;VERT;True
1787669571.061791;32.91066852599943;Simulation RF;Détection RF large bande;2,45 GHz;2,45 GHz;;3063;2.468685376396614;-54.747415055864565;-71.44741505586457;7.165697895048759e-11;0.1;7.1656978950487594e-12;1.5085579800280072e-08;;;;VERT;True
1787669571.0715656;32.92519815099877;Wi-Fi;Wi-Fi;2,4/5 GHz;wlan0;-31.0;;;;-31.0;7.943282347242822e-07;0.1;7.943282347242822e-08;2.3678890619361716e-05;;;;ROUGE;False
1787669571.1311998;32.98483229299927;Simulation LoRa;LoRa;868 MHz;LoRa 868.100 MHz;-85.1622862104091;;;;-85.1622862104091;3.0462909408122554e-12;0.046335999999999995;1.4115293703347666e-13;2.6342109346814573e-12;13;"SNR=7.11;SF=7;BW=125.0;CR=4/5;F=868.100;CRC=OK;PAYLOAD=54454d504f5f4c4f52415f3332";7;VERT;True
1787669571.1312776;32.98490906999905;BLE Sniffer;iBeacon;2,4 GHz BLE;64:d1:2e:b5:04:2d;-68.0;;;;-68.0;1.584893192461111e-10;0.000368;5.832406948256888e-14;2.8373424767450537e-11;36;0x00;39;ORANGE;False
1787669571.1350589;32.98869293600001;BLE Sniffer;Appareil BLE;2,4 GHz BLE;7f:c4:af:1a:e1:07;-69.0;;;;-69.0;1.2589254117941662e-10;0.00028;3.524991153023665e-14;5.8578607513966265e-12;25;0x00;37;ORANGE;False
1787669571.1572993;33.010756461999335;Simulation RF;Détection RF large bande;868 MHz;868 MHz;;2729;2.199506046101696;-43.98024184406785;-76.98024184406785;2.004360408131705e-11;0.1;2.004360408131705e-12;4.01424747252273e-09;;;;VERT;True
1787669571.1574438;33.010756461999335;Simulation RF;Détection RF large bande;2,45 GHz;2,45 GHz;;2979;2.4004177840234417;-52.01671136093766;-68.71671136093767;1.3437821376940942e-10;0.1;1.3437821376940942e-11;1.5099017621657012e-08;;;;ORANGE;True
1787669571.165926;33.01955878699846;Wi-Fi;Wi-Fi;2,4/5 GHz;wlan0;-31.0;;;;-31.0;7.943282347242822e-07;0.1;7.943282347242822e-08;2.3758323442834146e-05;;;;ROUGE;False
1787669571.2393305;33.09296434399948;BLE Sniffer;Appareil BLE;2,4 GHz BLE;7f:d4:af:1a:e1:07;-72.0;;;;-72.0;6.309573444801942e-11;0.00028;1.7666805645445437e-14;1.7666805645445437e-14;25;0x00;38;VERT;False
1787669571.2430027;33.09663693499897;BLE Sniffer;Appareil BLE;2,4 GHz BLE;7f:c4:af:1a:e1:07;-69.0;;;;-69.0;1.2589254117941662e-10;0.00028;3.524991153023665e-14;5.893110662926863e-12;25;0x00;39;ORANGE;False
1787669571.2606797;33.11092887799896;Simulation RF;Détection RF large bande;868 MHz;868 MHz;;2700;2.1756534648712473;-43.0261385948499;-76.0261385948499;2.4968137108100324e-11;0.1;2.4968137108100327e-12;4.01674428623354e-09;;;;VERT;True
1787669571.2610767;33.11092887799896;Simulation RF;Détection RF large bande;2,45 GHz;2,45 GHz;;3048;2.4566445487761204;-54.2657819510448;-70.9657819510448;8.006114647283804e-11;0.1;8.006114647283805e-12;1.5107023736304295e-08;;;;VERT;True
1787669571.2714803;33.125113508998766;Wi-Fi;Wi-Fi;2,4/5 GHz;wlan0;-31.0;;;;-31.0;7.943282347242822e-07;0.1;7.943282347242822e-08;2.3837756266306576e-05;;;;ROUGE;False
1787669571.3511157;33.20474970899886;BLE Sniffer;iBeacon;2,4 GHz BLE;64:d1:2e:b5:04:2d;-63.0;;;;-63.0;5.011872336272714e-10;0.000368;1.8443690197483588e-13;2.8557861669425375e-11;36;0x00;37;ORANGE;False
1787669571.3514292;33.20506092599862;BLE Sniffer;iBeacon;2,4 GHz BLE;64:d1:2e:b5:04:2d;-62.0;;;;-62.0;6.309573444801942e-10;0.000368;2.321923027687115e-13;2.8790053972194085e-11;36;0x00;38;ORANGE;False
1787669571.3514693;33.20510064799964;BLE Sniffer;iBeacon;2,4 GHz BLE;64:d1:2e:b5:04:2d;-68.0;;;;-68.0;1.584893192461111e-10;0.000368;5.832406948256888e-14;2.8848378041676655e-11;36;0x00;39;ORANGE;False
1787669571.3575253;33.211014054999396;Simulation RF;Détection RF large bande;868 MHz;868 MHz;;2726;2.1966521015613143;-43.86608406245257;-76.86608406245257;2.0577451831806068e-11;0.1;2.057745183180607e-12;4.018802031416721e-09;;;;VERT;True
1787669571.35768;33.211014054999396;Simulation RF;Détection RF large bande;2,45 GHz;2,45 GHz;;3046;2.4547413228818833;-54.18965291527533;-70.88965291527533;8.147693971465244e-11;0.1;8.147693971465245e-12;1.5115171430275762e-08;;;;VERT;True
1787669571.3662624;33.219894453999586;Wi-Fi;Wi-Fi;2,4/5 GHz;wlan0;-31.0;;;;-31.0;7.943282347242822e-07;0.1;7.943282347242822e-08;2.3917189089779006e-05;;;;ROUGE;False
1787669571.459372;33.313005758000145;BLE Sniffer;Appareil BLE;2,4 GHz BLE;7f:c4:af:1a:e1:07;-69.0;;;;-69.0;1.2589254117941662e-10;0.00028;3.524991153023665e-14;5.928360574457099e-12;25;0x00;37;ORANGE;False
1787669571.4594603;33.31309183099984;BLE Sniffer;Appareil BLE;2,4 GHz BLE;7f:c4:af:1a:e1:07;-73.0;;;;-73.0;5.011872336272715e-11;0.00028;1.40332425415636e-14;5.942393816998663e-12;25;0x00;38;VERT;False
1787669571.4595017;33.31313318199864;BLE Sniffer;Appareil BLE;2,4 GHz BLE;7f:c4:af:1a:e1:07;-69.0;;;;-69.0;1.2589254117941662e-10;0.00028;3.524991153023665e-14;5.9776437285289e-12;25;0x00;39;ORANGE;False
1787669571.4637923;33.311122842998884;Simulation RF;Détection RF large bande;868 MHz;868 MHz;;2666;2.1483172354260915;-41.93268941704366;-74.93268941704366;3.211671059556513e-11;0.1;3.2116710595565133e-12;4.0220137024762774e-09;;;;VERT;True
1787669571.4728265;33.311122842998884;Simulation RF;Détection RF large bande;2,45 GHz;2,45 GHz;;3012;2.4273838433210493;-53.09535373284197;-69.79535373284197;1.048249410192619e-10;0.1;1.0482494101926191e-11;1.5125653924377687e-08;;;;ORANGE;True
1787669571.4817574;33.335390315998666;Wi-Fi;Wi-Fi;2,4/5 GHz;wlan0;-31.0;;;;-31.0;7.943282347242822e-07;0.1;7.943282347242822e-08;2.3996621913251436e-05;;;;ROUGE;False
1787669571.5577667;33.41120839099858;Simulation RF;Détection RF large bande;868 MHz;868 MHz;;2700;2.175750343159136;-43.03001372636544;-76.03001372636544;2.4945868425082735e-11;0.1;2.4945868425082736e-12;4.0245082893187856e-09;;;;VERT;True
1787669571.5579197;33.41120839099858;Simulation RF;Détection RF large bande;2,45 GHz;2,45 GHz;;3011;2.4264234703297993;-53.05693881319196;-69.75693881319197;1.0575626847522222e-10;0.1;1.0575626847522224e-11;1.513622955122521e-08;;;;ORANGE;True
1787669571.563833;33.41746642199905;BLE Sniffer;Appareil BLE;2,4 GHz BLE;d3:23:2f:4d:3e:b1;-78.0;;;;-78.0;1.5848931924611107e-11;0.000376;5.959198403653776e-15;8.118981496787465e-14;37;0x00;37;VERT;False
1787669571.5717947;33.4254290939989;BLE Sniffer;iBeacon;2,4 GHz BLE;64:d1:2e:b5:04:2d;-62.0;;;;-62.0;6.309573444801942e-10;0.000368;2.321923027687115e-13;2.9080570344445365e-11;36;0x00;38;ORANGE;False
1787669571.5740592;33.42769305899856;Wi-Fi;Wi-Fi;2,4/5 GHz;wlan0;-30.0;;;;-30.0;1e-06;0.1;1e-07;2.4096621913251435e-05;;;;ROUGE;False
1787669571.6578324;33.51128778999919;Simulation RF;Détection RF large bande;868 MHz;868 MHz;;2720;2.1921169504763376;-43.68467801905351;-76.68467801905351;2.145518176175522e-11;0.1;2.1455181761755223e-12;4.026653807494961e-09;;;;VERT;True
1787669571.6579697;33.51128778999919;Simulation RF;Détection RF large bande;2,45 GHz;2,45 GHz;;3039;2.449016135450118;-53.96064541800472;-70.66064541800472;8.588858704250794e-11;0.1;8.588858704250794e-12;1.5144818409929462e-08;;;;VERT;True
1787669571.6664505;33.52008287499848;Wi-Fi;Wi-Fi;2,4/5 GHz;wlan0;-30.0;;;;-30.0;1e-06;0.1;1e-07;2.4196621913251434e-05;;;;ROUGE;False
1787669571.6823833;33.536017051999806;BLE Sniffer;iBeacon;2,4 GHz BLE;64:d1:2e:b5:04:2d;-68.0;;;;-68.0;1.584893192461111e-10;0.000368;5.832406948256888e-14;2.9138894413927935e-11;36;0x00;39;ORANGE;False
1787669571.6824746;33.53610619799838;BLE Sniffer;Appareil BLE;2,4 GHz BLE;7f:c4:af:1a:e1:07;-70.0;;;;-70.0;1e-10;0.00028;2.7999999999999997e-14;6.0056437285289e-12;25;0x00;37;ORANGE;False
1787669571.757931;33.611372133998884;Simulation RF;Détection RF large bande;868 MHz;868 MHz;;2684;2.16303957649781;-42.52158305991239;-75.52158305991239;2.8044112072323735e-11;0.1;2.8044112072323738e-12;4.0294582187021935e-09;;;;VERT;True
1787669571.758086;33.611372133998884;Simulation RF;Détection RF large bande;2,45 GHz;2,45 GHz;;3086;2.486972152636276;-55.478886105451025;-72.17888610545103;6.054961547327811e-11;0.1;6.0549615473278116e-12;1.515087337147679e-08;;;;VERT;True
1787669571.766559;33.620191865999004;Wi-Fi;Wi-Fi;2,4/5 GHz;wlan0;-30.0;;;;-30.0;1e-06;0.1;1e-07;2.4296621913251433e-05;;;;ROUGE;False
1787669571.8579807;33.7114474029986;Simulation RF;Détection RF large bande;868 MHz;868 MHz;;2686;2.164545272272729;-42.58181089090917;-75.58181089090917;2.7657881458444882e-11;0.1;2.7657881458444884e-12;4.032224006848038e-09;;;;VERT;True
1787669571.858118;33.7114474029986;Simulation RF;Détection RF large bande;2,45 GHz;2,45 GHz;;2989;2.408541047364275;-52.341641894571;-69.041641894571;1.246912017319355e-10;0.1;1.2469120173193551e-11;1.5163342491649985e-08;;;;ORANGE;True
1787669571.866786;33.72041920799893;Wi-Fi;Wi-Fi;2,4/5 GHz;wlan0;-30.0;;;;-30.0;1e-06;0.1;1e-07;2.4396621913251432e-05;;;;ROUGE;False
1787669571.900412;33.754050959998494;BLE Sniffer;iBeacon;2,4 GHz BLE;64:d1:2e:b5:04:2d;-63.0;;;;-63.0;5.011872336272714e-10;0.000368;1.8443690197483588e-13;2.932333131590277e-11;36;0x00;38;ORANGE;False
1787669571.9071016;33.76073593000001;BLE Sniffer;iBeacon;2,4 GHz BLE;64:d1:2e:b5:04:2d;-68.0;;;;-68.0;1.584893192461111e-10;0.000368;5.832406948256888e-14;2.938165538538534e-11;36;0x00;39;ORANGE;False
1787669571.958074;33.811526153998784;Simulation RF;Détection RF large bande;868 MHz;868 MHz;;2701;2.1770175569678734;-43.080702278714924;-76.08070227871492;2.465640596980506e-11;0.1;2.465640596980506e-12;4.034689647445018e-09;;;;VERT;True
1787669571.958216;33.811526153998784;Simulation RF;Détection RF large bande;2,45 GHz;2,45 GHz;;3045;2.453450577364694;-54.13802309458775;-70.83802309458775;8.245133474967978e-11;0.1;8.245133474967977e-12;1.5171587625124952e-08;;;;VERT;True
1787669571.9668021;33.82043469999917;Wi-Fi;Wi-Fi;2,4/5 GHz;wlan0;-30.0;;;;-30.0;1e-06;0.1;1e-07;2.449662191325143e-05;;;;ROUGE;False
1787669572.010523;33.864156128000104;BLE Sniffer;Appareil BLE;2,4 GHz BLE;7f:c4:af:1a:e1:07;-73.0;;;;-73.0;5.011872336272715e-11;0.00028;1.40332425415636e-14;6.019676971070464e-12;25;0x00;37;VERT;False
1787669572.0581374;33.911606480000046;Simulation RF;Détection RF large bande;868 MHz;868 MHz;;2777;2.2378609081898104;-45.51443632759242;-78.51443632759242;1.4078499418672505e-11;0.1;1.4078499418672506e-12;4.036097497386885e-09;;;;VERT;True
1787669572.0582829;33.911606480000046;Simulation RF;Détection RF large bande;2,45 GHz;2,45 GHz;;3051;2.458490569090423;-54.339622763616916;-71.03962276361692;7.871141569469328e-11;0.1;7.871141569469328e-12;1.517945876669442e-08;;;;VERT;True
1787669572.0667708;33.92040291599915;Wi-Fi;Wi-Fi;2,4/5 GHz;wlan0;-30.0;;;;-30.0;1e-06;0.1;1e-07;2.459662191325143e-05;;;;ROUGE;False
1787669572.1162755;33.969909253999504;Simulation LoRa;LoRa;868 MHz;LoRa 868.100 MHz;-82.46902361463074;;;;-82.46902361463074;5.663666058551049e-12;0.046335999999999995;2.6243163048902136e-13;2.8966425651704786e-12;13;"SNR=7.32;SF=7;BW=125.0;CR=4/5;F=868.100;CRC=OK;PAYLOAD=54454d504f5f4c4f52415f3333";7;VERT;True
1787669572.1582317;34.011685600999044;Simulation RF;Détection RF large bande;868 MHz;868 MHz;;2719;2.191295572228655;-43.65182288914619;-76.65182288914619;2.161810943957793e-11;0.1;2.161810943957793e-12;4.038259308330843e-09;;;;VERT;True
1787669572.1583846;34.011685600999044;Simulation RF;Détection RF large bande;2,45 GHz;2,45 GHz;;2985;2.405835701389844;-52.23342805559376;-68.93342805559377;1.2783718370938803e-10;0.1;1.2783718370938804e-11;1.5192242485065357e-08;;;;ORANGE;True
1787669572.169461;34.02309349699863;Wi-Fi;Wi-Fi;2,4/5 GHz;wlan0;-31.0;;;;-31.0;7.943282347242822e-07;0.1;7.943282347242822e-08;2.467605473672386e-05;;;;ROUGE;False
1787669572.222129;34.07576198899915;BLE Sniffer;iBeacon;2,4 GHz BLE;64:d1:2e:b5:04:2d;-63.0;;;;-63.0;5.011872336272714e-10;0.000368;1.8443690197483588e-13;2.9566092287360174e-11;36;0x00;38;ORANGE;False
1787669572.22467;34.07830367199858;BLE Sniffer;iBeacon;2,4 GHz BLE;64:d1:2e:b5:04:2d;-68.0;;;;-68.0;1.584893192461111e-10;0.000368;5.832406948256888e-14;2.9624416356842744e-11;36;0x00;39;ORANGE;False
1787669572.2260985;34.07973357499941;BLE Sniffer;Appareil BLE;2,4 GHz BLE;7f:c4:af:1a:e1:07;-68.0;;;;-68.0;1.584893192461111e-10;0.00028;4.43770093889111e-14;6.064053980459375e-12;25;0x00;37;ORANGE;False
1787669572.2583277;34.11177116699946;Simulation RF;Détection RF large bande;868 MHz;868 MHz;;2745;2.2119314119957765;-44.477256479831055;-77.47725647983106;1.7876164892947122e-11;0.1;1.7876164892947123e-12;4.040046924820138e-09;;;;VERT;True
1787669572.2584784;34.11177116699946;Simulation RF;Détection RF large bande;2,45 GHz;2,45 GHz;;2954;2.380743143352793;-51.229725734111724;-67.92972573411173;1.6107473539711798e-10;0.1;1.61074735397118e-11;1.520834995860507e-08;;;;ORANGE;True
1787669572.2671072;34.1207398789993;Wi-Fi;Wi-Fi;2,4/5 GHz;wlan0;-31.0;;;;-31.0;7.943282347242822e-07;0.1;7.943282347242822e-08;2.475548756019629e-05;;;;ROUGE;False
1787669572.3305852;34.18421925799885;BLE Sniffer;Appareil BLE;2,4 GHz BLE;7f:c4:af:1a:e1:07;-73.0;;;;-73.0;5.011872336272715e-11;0.00028;1.40332425415636e-14;6.078087223000939e-12;25;0x00;38;VERT;False
1787669572.3332846;34.18691865999972;BLE Sniffer;Appareil BLE;2,4 GHz BLE;7f:c4:af:1a:e1:07;-68.0;;;;-68.0;1.584893192461111e-10;0.00028;4.43770093889111e-14;6.12246423238985e-12;25;0x00;39;ORANGE;False
1787669572.3583884;34.211851696998565;Simulation RF;Détection RF large bande;868 MHz;868 MHz;;2652;2.1369405851660703;-41.477623406642806;-74.4776234066428;3.566462478621551e-11;0.1;3.5664624786215514e-12;4.043613387298759e-09;;;;VERT;True
1787669572.3585393;34.211851696998565;Simulation RF;Détection RF large bande;2,45 GHz;2,45 GHz;;3027;2.4390033713266877;-53.560134853067495;-70.2601348530675;9.418603503006005e-11;0.1;9.418603503006005e-12;1.5217768562108074e-08;;;;VERT;True
1787669572.3669384;34.22057039399988;Wi-Fi;Wi-Fi;2,4/5 GHz;wlan0;-31.0;;;;-31.0;7.943282347242822e-07;0.1;7.943282347242822e-08;2.483492038366872e-05;;;;ROUGE;False
1787669572.4414048;34.295038414999;BLE Sniffer;iBeacon;2,4 GHz BLE;64:d1:2e:b5:04:2d;-62.0;;;;-62.0;6.309573444801942e-10;0.000368;2.321923027687115e-13;2.985660865961146e-11;36;0x00;37;ORANGE;False
1787669572.4584434;34.311933058999784;Simulation RF;Détection RF large bande;868 MHz;868 MHz;;2707;2.1814632427021996;-43.25852970808798;-76.25852970808798;2.3667208086306356e-11;0.1;2.3667208086306356e-12;4.04598010810739e-09;;;;VERT;True
1787669572.4585938;34.311933058999784;Simulation RF;Détection RF large bande;2,45 GHz;2,45 GHz;;3058;2.464383264837736;-54.575330593509435;-71.27533059350944;7.455331184190307e-11;0.1;7.455331184190308e-12;1.5225223893292263e-08;;;;VERT;True
1787669572.4672318;34.32086443799926;Wi-Fi;Wi-Fi;2,4/5 GHz;wlan0;-30.0;;;;-30.0;1e-06;0.1;1e-07;2.493492038366872e-05;;;;ROUGE;False
1787669572.5459712;34.399604855998405;BLE Sniffer;iBeacon;2,4 GHz BLE;64:d1:2e:b5:04:2d;-62.0;;;;-62.0;6.309573444801942e-10;0.000368;2.321923027687115e-13;3.008880096238017e-11;36;0x00;38;ORANGE;False
1787669572.5474439;34.401077665999765;BLE Sniffer;iBeacon;2,4 GHz BLE;64:d1:2e:b5:04:2d;-68.0;;;;-68.0;1.584893192461111e-10;0.000368;5.832406948256888e-14;3.014712503186274e-11;36;0x00;39;ORANGE;False
1787669572.5475333;34.40116477599986;BLE Sniffer;Appareil BLE;2,4 GHz BLE;7f:c4:af:1a:e1:07;-69.0;;;;-69.0;1.2589254117941662e-10;0.00028;3.524991153023665e-14;6.157714143920086e-12;25;0x00;37;ORANGE;False
1787669572.5475757;34.40120727499925;BLE Sniffer;Appareil BLE;2,4 GHz BLE;77:c4:af:1a:e1:07;-72.0;;;;-72.0;6.309573444801942e-11;0.00028;1.7666805645445437e-14;1.7666805645445437e-14;25;0x00;38;VERT;False
1787669572.5585196;34.412012198999946;Simulation RF;Détection RF large bande;868 MHz;868 MHz;;2655;2.1396889660278116;-41.58755864111245;-74.58755864111245;3.4773158161428465e-11;0.1;3.477315816142847e-12;4.049457423923532e-09;;;;VERT;True
1787669572.558677;34.412012198999946;Simulation RF;Détection RF large bande;2,45 GHz;2,45 GHz;;3091;2.491008366182726;-55.64033464730902;-72.34033464730902;5.83400148415457e-11;0.1;5.834001484154571e-12;1.5231057894776417e-08;;;;VERT;True
1787669572.5672464;34.4208790419998;Wi-Fi;Wi-Fi;2,4/5 GHz;wlan0;-30.0;;;;-30.0;1e-06;0.1;1e-07;2.5034920383668718e-05;;;;ROUGE;False
1787669572.6558936;34.509527323998554;BLE Sniffer;Appareil BLE;2,4 GHz BLE;7f:c4:af:1a:e1:07;-68.0;;;;-68.0;1.584893192461111e-10;0.00028;4.43770093889111e-14;6.202091153308997e-12;25;0x00;39;ORANGE;False
1787669572.6591303;34.51230766899971;Simulation RF;Détection RF large bande;868 MHz;868 MHz;;2703;2.178527808714603;-43.14111234858413;-76.14111234858413;2.4315811339610483e-11;0.1;2.4315811339610486e-12;4.051889005057493e-09;;;;VERT;True
1787669572.6592736;34.51230766899971;Simulation RF;Détection RF large bande;2,45 GHz;2,45 GHz;;3062;2.4677749874805444;-54.71099949922177;-71.41099949922177;7.226034821856968e-11;0.1;7.226034821856968e-12;1.5238283929598273e-08;;;;VERT;True
1787669572.6678066;34.52143924899974;Wi-Fi;Wi-Fi;2,4/5 GHz;wlan0;-30.0;;;;-30.0;1e-06;0.1;1e-07;2.5134920383668717e-05;;;;ROUGE;False
1787669572.7630157;34.61664922399905;BLE Sniffer;iBeacon;2,4 GHz BLE;64:d1:2e:b5:04:2d;-63.0;;;;-63.0;5.011872336272714e-10;0.000368;1.8443690197483588e-13;3.0331561933837575e-11;36;0x00;37;ORANGE;False
1787669572.7631085;34.61674007500005;BLE Sniffer;iBeacon;2,4 GHz BLE;64:d1:2e:b5:04:2d;-62.0;;;;-62.0;6.309573444801942e-10;0.000368;2.321923027687115e-13;3.056375423660629e-11;36;0x00;38;ORANGE;False
1787669572.7631512;34.61678251899866;BLE Sniffer;iBeacon;2,4 GHz BLE;64:d1:2e:b5:04:2d;-68.0;;;;-68.0;1.584893192461111e-10;0.000368;5.832406948256888e-14;3.062207830608886e-11;36;0x00;39;ORANGE;False
1787669572.7589417;34.61238988399964;Simulation RF;Détection RF large bande;868 MHz;868 MHz;;2659;2.1424889338330626;-41.699557353322504;-74.6995573533225;3.3887869396780745e-11;0.1;3.3887869396780748e-12;4.055277791997171e-09;;;;VERT;True
1787669572.7677205;34.61238988399964;Simulation RF;Détection RF large bande;2,45 GHz;2,45 GHz;;3044;2.4533578851489697;-54.13431540595877;-70.83431540595878;8.252175572438398e-11;0.1;8.252175572438398e-12;1.524653610517071e-08;;;;VERT;True
1787669572.7761192;34.62975288999951;Wi-Fi;Wi-Fi;2,4/5 GHz;wlan0;-30.0;;;;-30.0;1e-06;0.1;1e-07;2.5234920383668716e-05;;;;ROUGE;False
1787669572.8590124;34.71246861599866;Simulation RF;Détection RF large bande;868 MHz;868 MHz;;2689;2.1669819501100043;-42.67927800440016;-75.67927800440016;2.7044079227395844e-11;0.1;2.7044079227395846e-12;4.057982199919911e-09;;;;VERT;True
1787669572.859145;34.71246861599866;Simulation RF;Détection RF large bande;2,45 GHz;2,45 GHz;;3106;2.502681492349354;-56.10725969397416;-72.80725969397416;5.239309216042664e-11;0.1;5.2393092160426645e-12;1.5251775414386753e-08;;;;VERT;True
1787669572.8716807;34.7253144339993;BLE Sniffer;Appareil BLE;2,4 GHz BLE;7f:c4:af:1a:e1:07;-69.0;;;;-69.0;1.2589254117941662e-10;0.00028;3.524991153023665e-14;6.237341064839233e-12;25;0x00;37;ORANGE;False
1787669572.8717675;34.72539915499874;BLE Sniffer;Appareil BLE;2,4 GHz BLE;7f:c4:af:1a:e1:07;-72.0;;;;-72.0;6.309573444801942e-11;0.00028;1.7666805645445437e-14;6.255007870484679e-12;25;0x00;38;VERT;False
1787669572.8718076;34.725438931998724;BLE Sniffer;Appareil BLE;2,4 GHz BLE;7f:c4:af:1a:e1:07;-68.0;;;;-68.0;1.584893192461111e-10;0.00028;4.43770093889111e-14;6.2993848798735896e-12;25;0x00;39;ORANGE;False
1787669572.8676646;34.72129709000001;Wi-Fi;Wi-Fi;2,4/5 GHz;wlan0;-31.0;;;;-31.0;7.943282347242822e-07;0.1;7.943282347242822e-08;2.5314353207141146e-05;;;;ROUGE;False
1787669572.959126;34.81255982999937;Simulation RF;Détection RF large bande;868 MHz;868 MHz;;2670;2.1513795663312067;-42.055182653248266;-75.05518265324827;3.122351085291333e-11;0.1;3.122351085291333e-12;4.061104551005202e-09;;;;VERT;True
1787669572.959287;34.81255982999937;Simulation RF;Détection RF large bande;2,45 GHz;2,45 GHz;;3027;2.4393001369127876;-53.57200547651149;-70.2720054765115;9.392894671610723e-11;0.1;9.392894671610723e-12;1.5261168309058365e-08;;;;VERT;True
1787669572.9679189;34.821551652999915;Wi-Fi;Wi-Fi;2,4/5 GHz;wlan0;-31.0;;;;-31.0;7.943282347242822e-07;0.1;7.943282347242822e-08;2.5393786030613576e-05;;;;ROUGE;False
1787669573.0591793;34.912636525999915;Simulation RF;Détection RF large bande;868 MHz;868 MHz;;2733;2.202022054453194;-44.08088217812775;-77.08088217812775;1.9584468157154855e-11;0.1;1.9584468157154855e-12;4.0630629978209175e-09;;;;VERT;True
1787669573.0593152;34.912636525999915;Simulation RF;Détection RF large bande;2,45 GHz;2,45 GHz;;3045;2.4535962036187273;-54.143848144749086;-70.84384814474909;8.234081959678771e-11;0.1;8.234081959678772e-12;1.5269402391018045e-08;;;;VERT;True
1787669573.0678577;34.92149022099875;Wi-Fi;Wi-Fi;2,4/5 GHz;wlan0;-31.0;;;;-31.0;7.943282347242822e-07;0.1;7.943282347242822e-08;2.5473218854086006e-05;;;;ROUGE;False
1787669573.0852826;34.93891426399932;BLE Sniffer;iBeacon;2,4 GHz BLE;64:d1:2e:b5:04:2d;-63.0;;;;-63.0;5.011872336272714e-10;0.000368;1.8443690197483588e-13;3.080651520806369e-11;36;0x00;37;ORANGE;False
1787669573.0853837;34.93901533600001;Simulation LoRa;LoRa;868 MHz;LoRa 868.100 MHz;-88.60667253073304;;;;-88.60667253073304;1.3782650609803738e-12;0.046335999999999995;6.386328986558659e-14;2.9605058550360653e-12;13;"SNR=8.91;SF=7;BW=125.0;CR=4/5;F=868.100;CRC=OK;PAYLOAD=54454d504f5f4c4f52415f3334";7;VERT;True
1787669573.0854259;34.93905757599896;BLE Sniffer;iBeacon;2,4 GHz BLE;64:d1:2e:b5:04:2d;-62.0;;;;-62.0;6.309573444801942e-10;0.000368;2.321923027687115e-13;3.1038707510832406e-11;36;0x00;38;ORANGE;False
1787669573.0937533;34.94738720599889;BLE Sniffer;iBeacon;2,4 GHz BLE;64:d1:2e:b5:04:2d;-68.0;;;;-68.0;1.584893192461111e-10;0.000368;5.832406948256888e-14;3.1097031580314976e-11;36;0x00;39;ORANGE;False
1787669573.159284;35.01271649999944;Simulation RF;Détection RF large bande;868 MHz;868 MHz;;2733;2.2020506772645354;-44.082027090581406;-77.0820270905814;1.957930586587332e-11;0.1;1.957930586587332e-12;4.065020928407505e-09;;;;VERT;True
1787669573.1594412;35.01271649999944;Simulation RF;Détection RF large bande;2,45 GHz;2,45 GHz;;3119;2.5133604305177446;-56.534417220709784;-73.23441722070979;4.748520070053551e-11;0.1;4.748520070053551e-12;1.52741509110881e-08;;;;VERT;True
1787669573.1680267;35.02165895299913;Wi-Fi;Wi-Fi;2,4/5 GHz;wlan0;-31.0;;;;-31.0;7.943282347242822e-07;0.1;7.943282347242822e-08;2.5552651677558435e-05;;;;ROUGE;False
1787669573.1957316;35.04936492699926;BLE Sniffer;Appareil BLE;2,4 GHz BLE;7f:c4:af:1a:e1:07;-70.0;;;;-70.0;1e-10;0.00028;2.7999999999999997e-14;6.32738487987359e-12;25;0x00;37;ORANGE;False
1787669573.1958094;35.04944083400005;BLE Sniffer;Appareil BLE;2,4 GHz BLE;7f:c4:af:1a:e1:07;-72.0;;;;-72.0;6.309573444801942e-11;0.00028;1.7666805645445437e-14;6.345051685519035e-12;25;0x00;38;VERT;False
1787669573.1958492;35.04948075899847;BLE Sniffer;Appareil BLE;2,4 GHz BLE;7f:c4:af:1a:e1:07;-69.0;;;;-69.0;1.2589254117941662e-10;0.00028;3.524991153023665e-14;6.380301597049272e-12;25;0x00;39;ORANGE;False
1787669573.2593658;35.1128020849992;Simulation RF;Détection RF large bande;868 MHz;868 MHz;;2651;2.1367300164384413;-41.46920065753764;-74.46920065753764;3.573386022003515e-11;0.1;3.573386022003515e-12;4.068594314429509e-09;;;;VERT;True
1787669573.2595234;35.1128020849992;Simulation RF;Détection RF large bande;2,45 GHz;2,45 GHz;;3022;2.4350071918655267;-53.400287674621055;-70.10028767462106;9.771724913660255e-11;0.1;9.771724913660256e-12;1.528392263600176e-08;;;;VERT;True
1787669573.2735984;35.127230710999356;Wi-Fi;Wi-Fi;2,4/5 GHz;wlan0;-31.0;;;;-31.0;7.943282347242822e-07;0.1;7.943282347242822e-08;2.5632084501030865e-05;;;;ROUGE;False
1787669573.3080814;35.1617156909997;BLE Sniffer;iBeacon;2,4 GHz BLE;64:d1:2e:b5:04:2d;-63.0;;;;-63.0;5.011872336272714e-10;0.000368;1.8443690197483588e-13;3.128146848228981e-11;36;0x00;37;ORANGE;False
1787669573.3594272;35.21288489200015;Simulation RF;Détection RF large bande;868 MHz;868 MHz;;2698;2.1738362898678303;-42.9534515947132;-75.9534515947132;2.53895404676714e-11;0.1;2.53895404676714e-12;4.071133268476276e-09;;;;VERT;True
1787669573.3595636;35.21288489200015;Simulation RF;Détection RF large bande;2,45 GHz;2,45 GHz;;3042;2.451359627940143;-54.05438511760572;-70.75438511760572;8.405460047791194e-11;0.1;8.405460047791195e-12;1.529232809604955e-08;;;;VERT;True
1787669573.3689332;35.222565776999545;Wi-Fi;Wi-Fi;2,4/5 GHz;wlan0;-31.0;;;;-31.0;7.943282347242822e-07;0.1;7.943282347242822e-08;2.5711517324503295e-05;;;;ROUGE;False
1787669573.4102416;35.2638753909996;BLE Sniffer;iBeacon;2,4 GHz BLE;64:d1:2e:b5:04:2d;-62.0;;;;-62.0;6.309573444801942e-10;0.000368;2.321923027687115e-13;3.151366078505852e-11;36;0x00;38;ORANGE;False
1787669573.4103189;35.26395050099927;BLE Sniffer;iBeacon;2,4 GHz BLE;64:d1:2e:b5:04:2d;-68.0;;;;-68.0;1.584893192461111e-10;0.000368;5.832406948256888e-14;3.1571984854541093e-11;36;0x00;39;ORANGE;False
1787669573.4103582;35.263989648999996;BLE Sniffer;Appareil BLE;2,4 GHz BLE;7f:c4:af:1a:e1:07;-74.0;;;;-74.0;3.9810717055349695e-11;0.00028;1.1147000775497913e-14;6.39144859782477e-12;25;0x00;37;VERT;False
1787669573.4145298;35.268163860999266;BLE Sniffer;Appareil BLE;2,4 GHz BLE;7f:c4:af:1a:e1:07;-75.0;;;;-75.0;3.1622776601683794e-11;0.00028;8.854377448471461e-15;6.400302975273241e-12;25;0x00;38;VERT;False
1787669573.4594939;35.312963790998765;Simulation RF;Détection RF large bande;868 MHz;868 MHz;;2661;2.144360388746114;-41.77441554984455;-74.77441554984455;3.330875844283371e-11;0.1;3.3308758442833714e-12;4.074464144320559e-09;;;;VERT;True
1787669573.4596593;35.312963790998765;Simulation RF;Détection RF large bande;2,45 GHz;2,45 GHz;;3064;2.469380939463424;-54.77523757853696;-71.47523757853696;7.119938496806935e-11;0.1;7.1199384968069354e-12;1.529944803454636e-08;;;;VERT;True
1787669573.4682252;35.32185754099919;Wi-Fi;Wi-Fi;2,4/5 GHz;wlan0;-31.0;;;;-31.0;7.943282347242822e-07;0.1;7.943282347242822e-08;2.5790950147975725e-05;;;;ROUGE;False
1787669573.5209332;35.3745660329987;BLE Sniffer;Appareil BLE;2,4 GHz BLE;7f:c4:af:1a:e1:07;-72.0;;;;-72.0;6.309573444801942e-11;0.00028;1.7666805645445437e-14;6.417969780918686e-12;25;0x00;39;VERT;False
1787669573.5210059;35.37463745700006;BLE Sniffer;Appareil BLE;2,4 GHz BLE;d3:23:2f:4d:3e:b1;-78.0;;;;-78.0;1.5848931924611107e-11;0.000376;5.959198403653776e-15;8.714901337152843e-14;37;0x00;37;VERT;False
1787669573.5595694;35.41304581999975;Simulation RF;Détection RF large bande;868 MHz;868 MHz;;2663;2.1459222998679395;-41.836891994717575;-74.83689199471758;3.283301767952666e-11;0.1;3.283301767952666e-12;4.077747446088512e-09;;;;VERT;True
1787669573.5597596;35.41304581999975;Simulation RF;Détection RF large bande;2,45 GHz;2,45 GHz;;3059;2.4652705468625706;-54.61082187450282;-71.31082187450282;7.394653227379544e-11;0.1;7.394653227379545e-12;1.5306842687773738e-08;;;;VERT;True
1787669573.568483;35.42211562299963;Wi-Fi;Wi-Fi;2,4/5 GHz;wlan0;-31.0;;;;-31.0;7.943282347242822e-07;0.1;7.943282347242822e-08;2.5870382971448155e-05;;;;ROUGE;False
1787669573.6321342;35.48576835099993;BLE Sniffer;iBeacon;2,4 GHz BLE;64:d1:2e:b5:04:2d;-62.0;;;;-62.0;6.309573444801942e-10;0.000368;2.321923027687115e-13;3.1804177157309807e-11;36;0x00;38;ORANGE;False
1787669573.632225;35.48585673799971;BLE Sniffer;iBeacon;2,4 GHz BLE;64:d1:2e:b5:04:2d;-68.0;;;;-68.0;1.584893192461111e-10;0.000368;5.832406948256888e-14;3.1862501226792377e-11;36;0x00;39;ORANGE;False
1787669573.6596682;35.51312357200004;Simulation RF;Détection RF large bande;868 MHz;868 MHz;;2607;2.1011864388365153;-40.0474575534606;-73.0474575534606;4.957403221468377e-11;0.1;4.9574032214683775e-12;4.08270484930998e-09;;;;VERT;True
1787669573.659811;35.51312357200004;Simulation RF;Détection RF large bande;2,45 GHz;2,45 GHz;;3080;2.4822483463177756;-55.289933852711016;-71.98993385271102;6.324214836994025e-11;0.1;6.324214836994025e-12;1.5313166902610732e-08;;;;VERT;True
1787669573.6683831;35.52201543299998;Wi-Fi;Wi-Fi;2,4/5 GHz;wlan0;-31.0;;;;-31.0;7.943282347242822e-07;0.1;7.943282347242822e-08;2.5949815794920585e-05;;;;ROUGE;False
1787669573.7356288;35.58926278999934;BLE Sniffer;Appareil BLE;2,4 GHz BLE;7f:c4:af:1a:e1:07;-69.0;;;;-69.0;1.2589254117941662e-10;0.00028;3.524991153023665e-14;6.453219692448923e-12;25;0x00;37;ORANGE;False
1787669573.7684188;35.61365831599869;Simulation RF;Détection RF large bande;868 MHz;868 MHz;;2630;2.119183394608052;-40.767335784322086;-73.76733578432209;4.200165676368561e-11;0.1;4.200165676368562e-12;4.086905014986349e-09;;;;VERT;True
1787669573.7796519;35.61365831599869;Simulation RF;Détection RF large bande;2,45 GHz;2,45 GHz;;3044;2.453195529682888;-54.127821187315504;-70.82782118731551;8.264524686602858e-11;0.1;8.264524686602859e-12;1.5321431427297335e-08;;;;VERT;True
1787669573.7912934;35.64492725399941;Wi-Fi;Wi-Fi;2,4/5 GHz;wlan0;-31.0;;;;-31.0;7.943282347242822e-07;0.1;7.943282347242822e-08;2.6029248618393015e-05;;;;ROUGE;False
1787669573.8602557;35.71373873399898;Simulation RF;Détection RF large bande;868 MHz;868 MHz;;2661;2.1442771310087143;-41.77108524034857;-74.77108524034857;3.333431046382332e-11;0.1;3.333431046382332e-12;4.090238446032731e-09;;;;VERT;True
1787669573.8604312;35.71373873399898;Simulation RF;Détection RF large bande;2,45 GHz;2,45 GHz;;3084;2.4854178004222613;-55.41671201689044;-72.11671201689045;6.142268517833617e-11;0.1;6.1422685178336176e-12;1.532757369581517e-08;;;;VERT;True
1787669573.8688905;35.72252313399986;Wi-Fi;Wi-Fi;2,4/5 GHz;wlan0;-31.0;;;;-31.0;7.943282347242822e-07;0.1;7.943282347242822e-08;2.6108681441865444e-05;;;;ROUGE;False
1787669573.9492984;35.802931692998754;BLE Sniffer;Appareil BLE;2,4 GHz BLE;7f:c4:af:1a:e1:07;-73.0;;;;-73.0;5.011872336272715e-11;0.00028;1.40332425415636e-14;6.467252934990487e-12;25;0x00;38;VERT;False
1787669573.9507585;35.80439216999912;BLE Sniffer;Appareil BLE;2,4 GHz BLE;7f:c4:af:1a:e1:07;-69.0;;;;-69.0;1.2589254117941662e-10;0.00028;3.524991153023665e-14;6.502502846520723e-12;25;0x00;39;ORANGE;False
1787669573.9508467;35.80447831699894;BLE Sniffer;iBeacon;2,4 GHz BLE;64:d1:2e:b5:04:2d;-63.0;;;;-63.0;5.011872336272714e-10;0.000368;1.8443690197483588e-13;3.204693812876721e-11;36;0x00;37;ORANGE;False
1787669573.9603608;35.813818670998444;Simulation RF;Détection RF large bande;868 MHz;868 MHz;;2583;2.0812247832494486;-39.24899132997794;-72.24899132997794;5.958005050211159e-11;0.1;5.958005050211159e-12;4.096196451082943e-09;;;;VERT;True
1787669573.9605062;35.813818670998444;Simulation RF;Détection RF large bande;2,45 GHz;2,45 GHz;;3037;2.447151645539694;-53.88606582158775;-70.58606582158775;8.73762532289611e-11;0.1;8.73762532289611e-12;1.5336311321138065e-08;;;;VERT;True
1787669573.9772713;35.830904477999866;Wi-Fi;Wi-Fi;2,4/5 GHz;wlan0;-31.0;;;;-31.0;7.943282347242822e-07;0.1;7.943282347242822e-08;2.6188114265337874e-05;;;;ROUGE;False
1787669574.0556366;35.90927036499852;BLE Sniffer;iBeacon;2,4 GHz BLE;64:d1:2e:b5:04:2d;-63.0;;;;-63.0;5.011872336272714e-10;0.000368;1.8443690197483588e-13;3.2231375030742045e-11;36;0x00;38;ORANGE;False
1787669574.0598214;35.91345489199921;BLE Sniffer;iBeacon;2,4 GHz BLE;64:d1:2e:b5:04:2d;-68.0;;;;-68.0;1.584893192461111e-10;0.000368;5.832406948256888e-14;3.2289699100224615e-11;36;0x00;39;ORANGE;False
1787669574.0599563;35.91358792699975;Simulation LoRa;LoRa;868 MHz;LoRa 868.100 MHz;-83.17655470940916;;;;-83.17655470940916;4.812209532443465e-12;0.046335999999999995;2.229785408953004e-13;3.1834843959313657e-12;13;"SNR=6.91;SF=7;BW=125.0;CR=4/5;F=868.100;CRC=OK;PAYLOAD=54454d504f5f4c4f52415f3335";7;VERT;True
1787669574.0649426;35.91394292199948;Simulation RF;Détection RF large bande;868 MHz;868 MHz;;2653;2.1375599056826196;-41.502396227304786;-74.50239622730479;3.5461767433123535e-11;0.1;3.5461767433123537e-12;4.099742627826255e-09;;;;VERT;True
1787669574.0651155;35.91394292199948;Simulation RF;Détection RF large bande;2,45 GHz;2,45 GHz;;3072;2.4752594105170047;-55.01037642068019;-71.71037642068019;6.744695661456017e-11;0.1;6.744695661456017e-12;1.534305601679952e-08;;;;VERT;True
1787669574.0735395;35.927172140998664;Wi-Fi;Wi-Fi;2,4/5 GHz;wlan0;-31.0;;;;-31.0;7.943282347242822e-07;0.1;7.943282347242822e-08;2.6267547088810304e-05;;;;ROUGE;False
1787669574.1605988;36.01403596899945;Simulation RF;Détection RF large bande;868 MHz;868 MHz;;2577;2.0765336044758147;-39.06134417903259;-72.06134417903259;6.221077076453504e-11;0.1;6.221077076453504e-12;4.105963704902708e-09;;;;VERT;True
1787669574.1608028;36.01403596899945;Simulation RF;Détection RF large bande;2,45 GHz;2,45 GHz;;3078;2.4800760468294927;-55.2030418731797;-71.9030418731797;6.452021600547455e-11;0.1;6.452021600547455e-12;1.5349508038400067e-08;;;;VERT;True
1787669574.1692462;36.02287990500008;BLE Sniffer;Appareil BLE;2,4 GHz BLE;7f:c4:af:1a:e1:07;-69.0;;;;-69.0;1.2589254117941662e-10;0.00028;3.524991153023665e-14;6.5377527580509595e-12;25;0x00;37;ORANGE;False
1787669574.1712394;36.02487296699837;BLE Sniffer;Appareil BLE;2,4 GHz BLE;7f:c4:af:1a:e1:07;-73.0;;;;-73.0;5.011872336272715e-11;0.00028;1.40332425415636e-14;6.5517860005925235e-12;25;0x00;38;VERT;False
1787669574.1760817;36.0297153169995;Wi-Fi;Wi-Fi;2,4/5 GHz;wlan0;-31.0;;;;-31.0;7.943282347242822e-07;0.1;7.943282347242822e-08;2.6346979912282734e-05;;;;ROUGE;False
1787669574.2606838;36.11411809099991;Simulation RF;Détection RF large bande;868 MHz;868 MHz;;2615;2.107569806679592;-40.30279226718366;-73.30279226718366;4.674345107761663e-11;0.1;4.674345107761664e-12;4.11063805001047e-09;;;;VERT;True
1787669574.260839;36.11411809099991;Simulation RF;Détection RF large bande;2,45 GHz;2,45 GHz;;3034;2.444970815483247;-53.79883261932987;-70.49883261932987;8.914905379920516e-11;0.1;8.914905379920516e-12;1.5358422943779988e-08;;;;VERT;True
1787669574.2692552;36.1228876389996;Wi-Fi;Wi-Fi;2,4/5 GHz;wlan0;-31.0;;;;-31.0;7.943282347242822e-07;0.1;7.943282347242822e-08;2.6426412735755164e-05;;;;ROUGE;False
1787669574.2774708;36.131104084999606;BLE Sniffer;Appareil BLE;2,4 GHz BLE;7f:c4:af:1a:e1:07;-68.0;;;;-68.0;1.584893192461111e-10;0.00028;4.43770093889111e-14;6.596163009981434e-12;25;0x00;39;ORANGE;False
1787669574.2775588;36.13119026899949;BLE Sniffer;iBeacon;2,4 GHz BLE;64:d1:2e:b5:04:2d;-62.0;;;;-62.0;6.309573444801942e-10;0.000368;2.321923027687115e-13;3.252189140299333e-11;36;0x00;37;ORANGE;False
1787669574.2776003;36.13123160199939;BLE Sniffer;iBeacon;2,4 GHz BLE;64:d1:2e:b5:04:2d;-63.0;;;;-63.0;5.011872336272714e-10;0.000368;1.8443690197483588e-13;3.270632830496816e-11;36;0x00;38;ORANGE;False
1787669574.2862885;36.13992233599856;BLE Sniffer;iBeacon;2,4 GHz BLE;64:d1:2e:b5:04:2d;-68.0;;;;-68.0;1.584893192461111e-10;0.000368;5.832406948256888e-14;3.276465237445073e-11;36;0x00;39;ORANGE;False
1787669574.36072;36.21419912099918;Simulation RF;Détection RF large bande;868 MHz;868 MHz;;2637;2.1249928345026285;-40.999713380105135;-73.99971338010513;3.9813344516795797e-11;0.1;3.98133445167958e-12;4.1146193844621494e-09;;;;VERT;True
1787669574.3608642;36.21419912099918;Simulation RF;Détection RF large bande;2,45 GHz;2,45 GHz;;3048;2.456524595019024;-54.26098380076097;-70.96098380076097;8.014964810287347e-11;0.1;8.014964810287348e-12;1.5366437908590276e-08;;;;VERT;True
1787669574.3691802;36.22281265299898;Wi-Fi;Wi-Fi;2,4/5 GHz;wlan0;-31.0;;;;-31.0;7.943282347242822e-07;0.1;7.943282347242822e-08;2.6505845559227594e-05;;;;ROUGE;False
1787669574.4608305;36.314275427999746;Simulation RF;Détection RF large bande;868 MHz;868 MHz;;2628;2.118100709772165;-40.7240283908866;-73.7240283908866;4.242258816461136e-11;0.1;4.242258816461136e-12;4.118861643278611e-09;;;;VERT;True
1787669574.4609745;36.314275427999746;Simulation RF;Détection RF large bande;2,45 GHz;2,45 GHz;;3026;2.438714685390858;-53.548587415634316;-70.24858741563432;9.443679910641869e-11;0.1;9.443679910641869e-12;1.537588158850092e-08;;;;VERT;True
1787669574.4693332;36.32296575500004;Wi-Fi;Wi-Fi;2,4/5 GHz;wlan0;-31.0;;;;-31.0;7.943282347242822e-07;0.1;7.943282347242822e-08;2.6585278382700024e-05;;;;ROUGE;False
1787669574.4999142;36.35354820300017;BLE Sniffer;Appareil BLE;2,4 GHz BLE;7f:c4:af:1a:e1:07;-69.0;;;;-69.0;1.2589254117941662e-10;0.00028;3.524991153023665e-14;6.631412921511671e-12;25;0x00;37;ORANGE;False
1787669574.4999921;36.35362349800016;BLE Sniffer;iBeacon;2,4 GHz BLE;64:d1:2e:b5:04:2d;-63.0;;;;-63.0;5.011872336272714e-10;0.000368;1.8443690197483588e-13;3.2949089276425567e-11;36;0x00;38;ORANGE;False
1787669574.5040765;36.35771082300016;BLE Sniffer;iBeacon;2,4 GHz BLE;64:d1:2e:b5:04:2d;-68.0;;;;-68.0;1.584893192461111e-10;0.000368;5.832406948256888e-14;3.3007413345908137e-11;36;0x00;39;ORANGE;False
1787669574.560881;36.41435912399902;Simulation RF;Détection RF large bande;868 MHz;868 MHz;;2618;2.1100432715184105;-40.40173086073642;-73.40173086073642;4.569060555103462e-11;0.1;4.569060555103462e-12;4.123430703833714e-09;;;;VERT;True
1787669574.5610256;36.41435912399902;Simulation RF;Détection RF large bande;2,45 GHz;2,45 GHz;;3035;2.4461298790263797;-53.84519516105519;-70.54519516105519;8.820241652907717e-11;0.1;8.820241652907718e-12;1.5384701830153826e-08;;;;VERT;True
1787669574.5693536;36.42298587799996;Wi-Fi;Wi-Fi;2,4/5 GHz;wlan0;-31.0;;;;-31.0;7.943282347242822e-07;0.1;7.943282347242822e-08;2.6664711206172453e-05;;;;ROUGE;False
1787669574.6610053;36.5144448939991;Simulation RF;Détection RF large bande;868 MHz;868 MHz;;2544;2.050175772770443;-38.00703091081772;-71.00703091081772;7.930433156391156e-11;0.1;7.930433156391156e-12;4.131361136990105e-09;;;;VERT;True
1787669574.6611605;36.5144448939991;Simulation RF;Détection RF large bande;2,45 GHz;2,45 GHz;;3071;2.4751261506465707;-55.005046025862825;-71.70504602586283;6.752978972536563e-11;0.1;6.752978972536563e-12;1.5391454809126364e-08;;;;VERT;True
1787669574.6695063;36.52313840599891;Wi-Fi;Wi-Fi;2,4/5 GHz;wlan0;-31.0;;;;-31.0;7.943282347242822e-07;0.1;7.943282347242822e-08;2.6744144029644883e-05;;;;ROUGE;False
1787669574.7181702;36.57180421999874;BLE Sniffer;Appareil BLE;2,4 GHz BLE;7f:c4:af:1a:e1:07;-69.0;;;;-69.0;1.2589254117941662e-10;0.00028;3.524991153023665e-14;6.666662833041907e-12;25;0x00;37;ORANGE;False
1787669574.7611039;36.61452686699886;Simulation RF;Détection RF large bande;868 MHz;868 MHz;;2557;2.060251565495983;-38.41006261983931;-71.41006261983931;7.227593822395812e-11;0.1;7.2275938223958126e-12;4.1385887308125004e-09;;;;VERT;True
1787669574.7613122;36.61452686699886;Simulation RF;Détection RF large bande;2,45 GHz;2,45 GHz;;3118;2.5125614107742953;-56.502456430971804;-73.20245643097181;4.783594489246562e-11;0.1;4.783594489246562e-12;1.539623840361561e-08;;;;VERT;True
1787669574.7673273;36.620959951998884;Wi-Fi;Wi-Fi;2,4/5 GHz;wlan0;-32.0;;;;-32.0;6.30957344480193e-07;0.1;6.30957344480193e-08;2.6807239764092904e-05;;;;ROUGE;False
1787669574.8246408;36.67827939000017;BLE Sniffer;Appareil BLE;2,4 GHz BLE;7f:c4:af:1a:e1:07;-73.0;;;;-73.0;5.011872336272715e-11;0.00028;1.40332425415636e-14;6.680696075583471e-12;25;0x00;38;VERT;False
1787669574.8247738;36.678406313998494;BLE Sniffer;Appareil BLE;2,4 GHz BLE;7f:c4:af:1a:e1:07;-68.0;;;;-68.0;1.584893192461111e-10;0.00028;4.43770093889111e-14;6.725073084972382e-12;25;0x00;39;ORANGE;False
1787669574.8318796;36.68551416599985;BLE Sniffer;iBeacon;2,4 GHz BLE;64:d1:2e:b5:04:2d;-63.0;;;;-63.0;5.011872336272714e-10;0.000368;1.8443690197483588e-13;3.319185024788297e-11;36;0x00;37;ORANGE;False
1787669574.8319712;36.68560286799948;BLE Sniffer;iBeacon;2,4 GHz BLE;64:d1:2e:b5:04:2d;-63.0;;;;-63.0;5.011872336272714e-10;0.000368;1.8443690197483588e-13;3.3376287149857805e-11;36;0x00;38;ORANGE;False
1787669574.8611603;36.71460498899978;Simulation RF;Détection RF large bande;868 MHz;868 MHz;;2638;2.1258905526751843;-41.03562210700737;-74.03562210700737;3.948551341033967e-11;0.1;3.948551341033968e-12;4.1425372821535345e-09;;;;VERT;True
1787669574.861305;36.71460498899978;Simulation RF;Détection RF large bande;2,45 GHz;2,45 GHz;;3032;2.4436701632243794;-53.74680652897517;-70.44680652897517;9.022343281909089e-11;0.1;9.02234328190909e-12;1.540526074689752e-08;;;;VERT;True
1787669574.8696501;36.72328213199944;Wi-Fi;Wi-Fi;2,4/5 GHz;wlan0;-32.0;;;;-32.0;6.30957344480193e-07;0.1;6.30957344480193e-08;2.6870335498540924e-05;;;;ROUGE;False
1787669574.9385977;36.79223122099938;BLE Sniffer;iBeacon;2,4 GHz BLE;64:d1:2e:b5:04:2d;-69.0;;;;-69.0;1.2589254117941662e-10;0.000368;4.6328455154025316e-14;3.342261560501183e-11;36;0x00;39;ORANGE;False
1787669574.9611957;36.81468283399954;Simulation RF;Détection RF large bande;868 MHz;868 MHz;;2508;2.021405354371534;-36.856214174861364;-69.85621417486136;1.0336620754443897e-10;0.1;1.0336620754443898e-11;4.152873902907979e-09;;;;ORANGE;True
1787669574.9613473;36.81468283399954;Simulation RF;Détection RF large bande;2,45 GHz;2,45 GHz;;3090;2.4904861528137596;-55.61944611255038;-72.31944611255038;5.862129237592551e-11;0.1;5.862129237592552e-12;1.5411122876135114e-08;;;;VERT;True
1787669574.9698443;36.82347678899896;Wi-Fi;Wi-Fi;2,4/5 GHz;wlan0;-32.0;;;;-32.0;6.30957344480193e-07;0.1;6.30957344480193e-08;2.6933431232988945e-05;;;;ROUGE;False
1787669575.0495574;36.903191228999276;BLE Sniffer;Appareil BLE;2,4 GHz BLE;7f:c4:af:1a:e1:07;-69.0;;;;-69.0;1.2589254117941662e-10;0.00028;3.524991153023665e-14;6.760322996502618e-12;25;0x00;37;ORANGE;False
1787669575.0496516;36.903283468000154;BLE Sniffer;Appareil BLE;2,4 GHz BLE;7f:c4:af:1a:e1:07;-71.0;;;;-71.0;7.943282347242822e-11;0.00028;2.22411905722799e-14;6.782564187074898e-12;25;0x00;38;VERT;False
1787669575.049742;36.903373688999636;Simulation LoRa;LoRa;868 MHz;LoRa 868.100 MHz;-89.07630814728103;;;;-89.07630814728103;1.2369985349583398e-12;0.046335999999999995;5.731756411582963e-14;3.2408019600471954e-12;13;"SNR=6.65;SF=7;BW=125.0;CR=4/5;F=868.100;CRC=OK;PAYLOAD=54454d504f5f4c4f52415f3336";7;VERT;True
1787669575.0497835;36.9034150769985;BLE Sniffer;Appareil BLE;2,4 GHz BLE;7f:c4:af:1a:e1:07;-68.0;;;;-68.0;1.584893192461111e-10;0.00028;4.43770093889111e-14;6.826941196463809e-12;25;0x00;39;ORANGE;False
1787669575.061276;36.914762010999766;Simulation RF;Détection RF large bande;868 MHz;868 MHz;;2598;2.09331684358437;-39.732673743374804;-72.7326737433748;5.330066477588002e-11;0.1;5.330066477588002e-12;4.158203969385567e-09;;;;VERT;True
1787669575.061429;36.914762010999766;Simulation RF;Détection RF large bande;2,45 GHz;2,45 GHz;;3069;2.4728771574919133;-54.91508629967652;-71.61508629967652;6.894318931717289e-11;0.1;6.894318931717289e-12;1.5418017195066832e-08;;;;VERT;True
1787669575.0701845;36.92381711099915;Wi-Fi;Wi-Fi;2,4/5 GHz;wlan0;-32.0;;;;-32.0;6.30957344480193e-07;0.1;6.30957344480193e-08;2.6996526967436966e-05;;;;ROUGE;False
1787669575.1614966;37.01513031399918;BLE Sniffer;iBeacon;2,4 GHz BLE;64:d1:2e:b5:04:2d;-63.0;;;;-63.0;5.011872336272714e-10;0.000368;1.8443690197483588e-13;3.360705250698667e-11;36;0x00;37;ORANGE;False
1787669575.1616118;37.015243478999764;BLE Sniffer;iBeacon;2,4 GHz BLE;64:d1:2e:b5:04:2d;-63.0;;;;-63.0;5.011872336272714e-10;0.000368;1.8443690197483588e-13;3.37914894089615e-11;36;0x00;38;ORANGE;False
1787669575.1616616;37.01529310799924;BLE Sniffer;iBeacon;2,4 GHz BLE;64:d1:2e:b5:04:2d;-68.0;;;;-68.0;1.584893192461111e-10;0.000368;5.832406948256888e-14;3.384981347844407e-11;36;0x00;39;ORANGE;False
1787669575.1668806;37.015316884999265;Simulation RF;Détection RF large bande;868 MHz;868 MHz;;2639;2.1269257331648284;-41.077029326593134;-74.07702932659313;3.911083313437148e-11;0.1;3.911083313437149e-12;4.162115052699004e-09;;;;VERT;True
1787669575.1670325;37.015316884999265;Simulation RF;Détection RF large bande;2,45 GHz;2,45 GHz;;3057;2.463396044889097;-54.53584179556387;-71.23584179556387;7.523428889724886e-11;0.1;7.523428889724886e-12;1.5425540623956558e-08;;;;VERT;True
1787669575.1748643;37.02849732699906;Wi-Fi;Wi-Fi;2,4/5 GHz;wlan0;-32.0;;;;-32.0;6.30957344480193e-07;0.1;6.30957344480193e-08;2.7059622701884986e-05;;;;ROUGE;False
1787669575.2619674;37.11540617399987;Simulation RF;Détection RF large bande;868 MHz;868 MHz;;2569;2.070202432625735;-38.80809730502939;-71.80809730502939;6.594627503159344e-11;0.1;6.594627503159344e-12;4.168709680202163e-09;;;;VERT;True
1787669575.262124;37.11540617399987;Simulation RF;Détection RF large bande;2,45 GHz;2,45 GHz;;3006;2.422242720195942;-52.889708807837664;-69.58970880783767;1.099079529665537e-10;0.1;1.099079529665537e-11;1.5436531419253212e-08;;;;ORANGE;True
1787669575.2714965;37.125130058999275;BLE Sniffer;Appareil BLE;2,4 GHz BLE;7f:c4:af:1a:e1:07;-69.0;;;;-69.0;1.2589254117941662e-10;0.00028;3.524991153023665e-14;6.8621911079940456e-12;25;0x00;37;ORANGE;False
1787669575.2758625;37.129495805998886;BLE Sniffer;Appareil BLE;2,4 GHz BLE;77:d4:af:1a:c1:07;-72.0;;;;-72.0;6.309573444801942e-11;0.00028;1.7666805645445437e-14;1.7666805645445437e-14;25;0x00;38;VERT;False
1787669575.2794628;37.13309641599881;Wi-Fi;Wi-Fi;2,4/5 GHz;wlan0;-32.0;;;;-32.0;6.30957344480193e-07;0.1;6.30957344480193e-08;2.7122718436333007e-05;;;;ROUGE;False
1787669575.3620272;37.21548586999961;Simulation RF;Détection RF large bande;868 MHz;868 MHz;;2639;2.1267096974267656;-41.06838789707062;-74.06838789707062;3.91887318848408e-11;0.1;3.9188731884840804e-12;4.1726285533906475e-09;;;;VERT;True
1787669575.3621626;37.21548586999961;Simulation RF;Détection RF large bande;2,45 GHz;2,45 GHz;;3029;2.4406222985591173;-53.624891942364684;-70.32489194236469;9.279205776083282e-11;0.1;9.279205776083282e-12;1.5445810625029295e-08;;;;VERT;True
1787669575.3705668;37.224199881999084;Wi-Fi;Wi-Fi;2,4/5 GHz;wlan0;-32.0;;;;-32.0;6.30957344480193e-07;0.1;6.30957344480193e-08;2.7185814170781027e-05;;;;ROUGE;False
1787669575.3807971;37.234430758999224;BLE Sniffer;Appareil BLE;2,4 GHz BLE;7f:c4:af:1a:e1:07;-69.0;;;;-69.0;1.2589254117941662e-10;0.00028;3.524991153023665e-14;6.897441019524282e-12;25;0x00;39;ORANGE;False
1787669575.3808823;37.23451384999862;BLE Sniffer;iBeacon;2,4 GHz BLE;64:d1:2e:b5:04:2d;-62.0;;;;-62.0;6.309573444801942e-10;0.000368;2.321923027687115e-13;3.4082005781212784e-11;36;0x00;37;ORANGE;False
1787669575.3809223;37.234553923999556;BLE Sniffer;iBeacon;2,4 GHz BLE;64:d1:2e:b5:04:2d;-62.0;;;;-62.0;6.309573444801942e-10;0.000368;2.321923027687115e-13;3.43141980839815e-11;36;0x00;38;ORANGE;False
1787669575.3809597;37.23459127499882;BLE Sniffer;iBeacon;2,4 GHz BLE;64:d1:2e:b5:04:2d;-68.0;;;;-68.0;1.584893192461111e-10;0.000368;5.832406948256888e-14;3.437252215346407e-11;36;0x00;39;ORANGE;False
1787669575.4621317;37.315568343999985;Simulation RF;Détection RF large bande;868 MHz;868 MHz;;2650;2.1351913308178423;-41.407653232713685;-74.40765323271368;3.6243879407530096e-11;0.1;3.62438794075301e-12;4.1762529413314e-09;;;;VERT;True
1787669575.4622872;37.315568343999985;Simulation RF;Détection RF large bande;2,45 GHz;2,45 GHz;;3027;2.4396603634555483;-53.58641453822193;-70.28641453822193;9.36178248117083e-11;0.1;9.36178248117083e-12;1.5455172407510466e-08;;;;VERT;True
1787669575.4706504;37.324282633999246;Wi-Fi;Wi-Fi;2,4/5 GHz;wlan0;-32.0;;;;-32.0;6.30957344480193e-07;0.1;6.30957344480193e-08;2.7248909905229048e-05;;;;ROUGE;False
1787669575.4918807;37.34551354299947;BLE Sniffer;Appareil BLE;2,4 GHz BLE;d3:23:2f:4d:3e:b1;-78.0;;;;-78.0;1.5848931924611107e-11;0.000376;5.959198403653776e-15;9.31082117751822e-14;37;0x00;37;VERT;False
1787669575.496285;37.3499188629994;BLE Sniffer;Appareil BLE;2,4 GHz BLE;d3:23:2f:4d:3e:b1;-80.0;;;;-80.0;1e-11;0.000376;3.7599999999999996e-15;9.68682117751822e-14;37;0x00;38;VERT;False
1787669575.5621974;37.41564929899869;Simulation RF;Détection RF large bande;868 MHz;868 MHz;;2559;2.0618083833591245;-38.472335334364985;-71.47233533436498;7.124698102758325e-11;0.1;7.124698102758326e-12;4.183377639434159e-09;;;;VERT;True
1787669575.5623474;37.41564929899869;Simulation RF;Détection RF large bande;2,45 GHz;2,45 GHz;;3030;2.441763890388254;-53.67055561553016;-70.37055561553017;9.182151169308139e-11;0.1;9.182151169308139e-12;1.5464354558679773e-08;;;;VERT;True
1787669575.571116;37.4247490459984;Wi-Fi;Wi-Fi;2,4/5 GHz;wlan0;-32.0;;;;-32.0;6.30957344480193e-07;0.1;6.30957344480193e-08;2.731200563967707e-05;;;;ROUGE;False
1787669575.6000214;37.45365453900013;BLE Sniffer;Appareil BLE;2,4 GHz BLE;d3:23:2f:4d:3e:b1;-84.0;;;;-84.0;3.9810717055349695e-12;0.000376;1.4968829612811484e-15;9.836509473646335e-14;37;0x00;39;VERT;False
1787669575.6000896;37.45372092700018;BLE Sniffer;Appareil BLE;2,4 GHz BLE;7f:c4:af:1a:e1:07;-69.0;;;;-69.0;1.2589254117941662e-10;0.00028;3.524991153023665e-14;6.932690931054518e-12;25;0x00;37;ORANGE;False
1787669575.6032126;37.45684626699949;BLE Sniffer;Appareil BLE;2,4 GHz BLE;7f:c4:af:1a:e1:07;-72.0;;;;-72.0;6.309573444801942e-11;0.00028;1.7666805645445437e-14;6.950357736699964e-12;25;0x00;38;VERT;False
1787669575.6048837;37.458517740999014;BLE Sniffer;Appareil BLE;2,4 GHz BLE;7f:c4:af:1a:e1:07;-68.0;;;;-68.0;1.584893192461111e-10;0.00028;4.43770093889111e-14;6.994734746088875e-12;25;0x00;39;ORANGE;False
1787669575.6624873;37.51579380899966;Simulation RF;Détection RF large bande;868 MHz;868 MHz;;2566;2.06824132388506;-38.7296529554024;-71.7296529554024;6.71482508930386e-11;0.1;6.7148250893038595e-12;4.190092464523463e-09;;;;VERT;True
1787669575.6628401;37.51579380899966;Simulation RF;Détection RF large bande;2,45 GHz;2,45 GHz;;3021;2.434268809464325;-53.37075237857299;-70.07075237857299;9.838406488991413e-11;0.1;9.838406488991413e-12;1.5474192965168763e-08;;;;VERT;True
1787669575.672533;37.52616649899937;Wi-Fi;Wi-Fi;2,4/5 GHz;wlan0;-33.0;;;;-33.0;5.011872336272725e-07;0.1;5.011872336272725e-08;2.7362124363039794e-05;;;;ROUGE;False
1787669575.7117524;37.56538560899935;BLE Sniffer;iBeacon;2,4 GHz BLE;64:d1:2e:b5:04:2d;-63.0;;;;-63.0;5.011872336272714e-10;0.000368;1.8443690197483588e-13;3.45569590554389e-11;36;0x00;37;ORANGE;False
1787669575.7118297;37.565461199999845;BLE Sniffer;iBeacon;2,4 GHz BLE;64:d1:2e:b5:04:2d;-62.0;;;;-62.0;6.309573444801942e-10;0.000368;2.321923027687115e-13;3.4789151358207615e-11;36;0x00;38;ORANGE;False
1787669575.7164352;37.57006933199955;BLE Sniffer;iBeacon;2,4 GHz BLE;64:d1:2e:b5:04:2d;-68.0;;;;-68.0;1.584893192461111e-10;0.000368;5.832406948256888e-14;3.4847475427690185e-11;36;0x00;39;ORANGE;False
1787669575.7624478;37.61587633899944;Simulation RF;Détection RF large bande;868 MHz;868 MHz;;2606;2.099696821555549;-39.98787286222196;-72.98787286222196;5.0258869295469176e-11;0.1;5.025886929546918e-12;4.19511835145301e-09;;;;VERT;True
1787669575.762601;37.61587633899944;Simulation RF;Détection RF large bande;2,45 GHz;2,45 GHz;;3062;2.4673620953444075;-54.69448381377629;-71.39448381377629;7.253566861583807e-11;0.1;7.253566861583807e-12;1.5481446532030346e-08;;;;VERT;True
1787669575.770866;37.62449844499861;Wi-Fi;Wi-Fi;2,4/5 GHz;wlan0;-33.0;;;;-33.0;5.011872336272725e-07;0.1;5.011872336272725e-08;2.741224308640252e-05;;;;ROUGE;False
1787669575.8260949;37.67972887799988;BLE Sniffer;Appareil BLE;2,4 GHz BLE;7f:c4:af:1a:e1:07;-70.0;;;;-70.0;1e-10;0.00028;2.7999999999999997e-14;7.022734746088875e-12;25;0x00;37;ORANGE;False
1787669575.870846;37.71598171899859;Simulation RF;Détection RF large bande;868 MHz;868 MHz;;2570;2.071087011678518;-38.84348046714072;-71.84348046714072;6.541117541050706e-11;0.1;6.541117541050707e-12;4.20165946899406e-09;;;;VERT;True
1787669575.8731751;37.71598171899859;Simulation RF;Détection RF large bande;2,45 GHz;2,45 GHz;;2955;2.38138983371797;-51.255593348718804;-67.9555933487188;1.6011818741815648e-10;0.1;1.601181874181565e-11;1.5497458350772163e-08;;;;ORANGE;True
1787669575.8819728;37.7356056539993;Wi-Fi;Wi-Fi;2,4/5 GHz;wlan0;-33.0;;;;-33.0;5.011872336272725e-07;0.1;5.011872336272725e-08;2.7462361809765246e-05;;;;ROUGE;False
1787669575.9283316;37.78196435599966;BLE Sniffer;iBeacon;2,4 GHz BLE;64:d1:2e:b5:04:2d;-63.0;;;;-63.0;5.011872336272714e-10;0.000368;1.8443690197483588e-13;3.503191232966502e-11;36;0x00;38;ORANGE;False
1787669575.9328053;37.786438822999116;BLE Sniffer;iBeacon;2,4 GHz BLE;64:d1:2e:b5:04:2d;-68.0;;;;-68.0;1.584893192461111e-10;0.000368;5.832406948256888e-14;3.509023639914759e-11;36;0x00;39;ORANGE;False
1787669575.9626205;37.81606728599945;Simulation RF;Détection RF large bande;868 MHz;868 MHz;;2545;2.050619681913166;-38.02478727652664;-71.02478727652664;7.89807534323219e-11;0.1;7.89807534323219e-12;4.2095575443372925e-09;;;;VERT;True
1787669575.9627783;37.81606728599945;Simulation RF;Détection RF large bande;2,45 GHz;2,45 GHz;;3077;2.4792720552075846;-55.17088220830338;-71.87088220830339;6.499976390312185e-11;0.1;6.499976390312185e-12;1.5503958327162473e-08;;;;VERT;True
1787669575.971138;37.82477061299869;Wi-Fi;Wi-Fi;2,4/5 GHz;wlan0;-33.0;;;;-33.0;5.011872336272725e-07;0.1;5.011872336272725e-08;2.751248053312797e-05;;;;ROUGE;False
1787669576.0409153;37.89454926399958;Simulation LoRa;LoRa;868 MHz;LoRa 868.100 MHz;-85.65410412519172;;;;-85.65410412519172;2.7201295441615623e-12;0.046335999999999995;1.2603992255827014e-13;3.3668418826054654e-12;13;"SNR=7.72;SF=7;BW=125.0;CR=4/5;F=868.100;CRC=OK;PAYLOAD=54454d504f5f4c4f52415f3337";7;VERT;True
1787669576.0694106;37.916221517998565;Simulation RF;Détection RF large bande;868 MHz;868 MHz;;2600;2.0953678267635265;-39.81471307054106;-72.81471307054106;5.2303252072682945e-11;0.1;5.230325207268295e-12;4.214787869544561e-09;;;;VERT;True
1787669576.080103;37.916221517998565;Simulation RF;Détection RF large bande;2,45 GHz;2,45 GHz;;2983;2.40415924510573;-52.16636980422919;-68.8663698042292;1.298264014986484e-10;0.1;1.298264014986484e-11;1.5516940967312337e-08;;;;ORANGE;True
1787669576.0916672;37.94530132299951;Wi-Fi;Wi-Fi;2,4/5 GHz;wlan0;-33.0;;;;-33.0;5.011872336272725e-07;0.1;5.011872336272725e-08;2.7562599256490697e-05;;;;ROUGE;False
1787669576.1430802;37.996713130998614;BLE Sniffer;Appareil BLE;2,4 GHz BLE;7f:c4:af:1a:e1:07;-69.0;;;;-69.0;1.2589254117941662e-10;0.00028;3.524991153023665e-14;7.057984657619111e-12;25;0x00;37;ORANGE;False
1787669576.1461709;37.999806064999575;BLE Sniffer;Appareil BLE;2,4 GHz BLE;7f:c4:af:1a:e1:07;-72.0;;;;-72.0;6.309573444801942e-11;0.00028;1.7666805645445437e-14;7.075651463264557e-12;25;0x00;38;VERT;False
1787669576.147734;38.00136787299925;BLE Sniffer;Appareil BLE;2,4 GHz BLE;7f:c4:af:1a:e1:07;-68.0;;;;-68.0;1.584893192461111e-10;0.00028;4.43770093889111e-14;7.120028472653468e-12;25;0x00;39;ORANGE;False
1787669576.1628394;38.0163017879986;Simulation RF;Détection RF large bande;868 MHz;868 MHz;;2557;2.060804233829064;-38.432169353162564;-71.43216935316256;7.19089694328284e-11;0.1;7.19089694328284e-12;4.221978766487844e-09;;;;VERT;True
1787669576.1629775;38.0163017879986;Simulation RF;Détection RF large bande;2,45 GHz;2,45 GHz;;3062;2.467711162746349;-54.70844650985394;-71.40844650985395;7.230283877326461e-11;0.1;7.230283877326462e-12;1.5524171251189664e-08;;;;VERT;True
1787669576.170912;38.02454460399895;Wi-Fi;Wi-Fi;2,4/5 GHz;wlan0;-32.0;;;;-32.0;6.30957344480193e-07;0.1;6.30957344480193e-08;2.7625694990938718e-05;;;;ROUGE;False
1787669576.253323;38.106956779998654;BLE Sniffer;iBeacon;2,4 GHz BLE;64:d1:2e:b5:04:2d;-63.0;;;;-63.0;5.011872336272714e-10;0.000368;1.8443690197483588e-13;3.5274673301122424e-11;36;0x00;37;ORANGE;False
1787669576.2577953;38.111429172999124;BLE Sniffer;iBeacon;2,4 GHz BLE;64:d1:2e:b5:04:2d;-63.0;;;;-63.0;5.011872336272714e-10;0.000368;1.8443690197483588e-13;3.545911020309726e-11;36;0x00;38;ORANGE;False
1787669576.2578864;38.11151802399945;BLE Sniffer;iBeacon;2,4 GHz BLE;64:d1:2e:b5:04:2d;-68.0;;;;-68.0;1.584893192461111e-10;0.000368;5.832406948256888e-14;3.551743427257983e-11;36;0x00;39;ORANGE;False
1787669576.2630248;38.11641716899976;Simulation RF;Détection RF large bande;868 MHz;868 MHz;;2506;2.0191735932861197;-36.76694373144478;-69.76694373144478;1.0551291631713039e-10;0.1;1.055129163171304e-11;4.232530058119557e-09;;;;ORANGE;True
1787669576.2631698;38.11641716899976;Simulation RF;Détection RF large bande;2,45 GHz;2,45 GHz;;3069;2.4732975235731085;-54.93190094292433;-71.63190094292433;6.867677702739671e-11;0.1;6.8676777027396714e-12;1.5531038928892402e-08;;;;VERT;True
1787669576.279371;38.133003354998436;Wi-Fi;Wi-Fi;2,4/5 GHz;wlan0;-32.0;;;;-32.0;6.30957344480193e-07;0.1;6.30957344480193e-08;2.768879072538674e-05;;;;ROUGE;False
1787669576.3692975;38.22293119099959;BLE Sniffer;Appareil BLE;2,4 GHz BLE;7f:c4:af:1a:e1:07;-69.0;;;;-69.0;1.2589254117941662e-10;0.00028;3.524991153023665e-14;7.155278384183704e-12;25;0x00;37;ORANGE;False
1787669576.3717358;38.22537052299958;BLE Sniffer;Appareil BLE;2,4 GHz BLE;7f:c4:a7:1a:e1:07;-73.0;;;;-73.0;5.011872336272715e-11;0.000296;1.4835142115367235e-14;2.5529748123600447e-14;27;0x00;38;VERT;False
1787669576.3631248;38.21658767899862;Simulation RF;Détection RF large bande;868 MHz;868 MHz;;2555;2.0589549668199583;-38.35819867279832;-71.35819867279832;7.314424016103785e-11;0.1;7.314424016103785e-12;4.239844482135661e-09;;;;VERT;True
1787669576.3749337;38.21658767899862;Simulation RF;Détection RF large bande;2,45 GHz;2,45 GHz;;2946;2.37404131303565;-50.96165252142599;-67.66165252142599;1.7133052586118032e-10;0.1;1.7133052586118033e-11;1.554817198147852e-08;;;;ORANGE;True
1787669576.3860538;38.23968642899854;Wi-Fi;Wi-Fi;2,4/5 GHz;wlan0;-32.0;;;;-32.0;6.30957344480193e-07;0.1;6.30957344480193e-08;2.775188645983476e-05;;;;ROUGE;False
1787669576.4632146;38.316670763999355;Simulation RF;Détection RF large bande;868 MHz;868 MHz;;2576;2.075835584405144;-39.03342337620575;-72.03342337620575;6.26120123710316e-11;0.1;6.26120123710316e-12;4.246105683372764e-09;;;;VERT;True
1787669576.463348;38.316670763999355;Simulation RF;Détection RF large bande;2,45 GHz;2,45 GHz;;3086;2.4870057387609212;-55.480229550436846;-72.18022955043685;6.053088797376831e-11;0.1;6.0530887973768315e-12;1.5554225070275895e-08;;;;VERT;True
1787669576.470898;38.32453060399894;Wi-Fi;Wi-Fi;2,4/5 GHz;wlan0;-32.0;;;;-32.0;6.30957344480193e-07;0.1;6.30957344480193e-08;2.781498219428278e-05;;;;ROUGE;False
1787669576.479237;38.33287078899957;BLE Sniffer;Appareil BLE;2,4 GHz BLE;7f:c4:af:1a:e1:07;-68.0;;;;-68.0;1.584893192461111e-10;0.00028;4.43770093889111e-14;7.199655393572615e-12;25;0x00;39;ORANGE;False
1787669576.4793346;38.33296615799918;BLE Sniffer;iBeacon;2,4 GHz BLE;64:d1:2e:b5:04:2d;-63.0;;;;-63.0;5.011872336272714e-10;0.000368;1.8443690197483588e-13;3.570187117455466e-11;36;0x00;37;ORANGE;False
1787669576.4793756;38.333006971999566;BLE Sniffer;iBeacon;2,4 GHz BLE;64:d1:2e:b5:04:2d;-63.0;;;;-63.0;5.011872336272714e-10;0.000368;1.8443690197483588e-13;3.5886308076529496e-11;36;0x00;38;ORANGE;False
1787669576.4894292;38.34306374100015;BLE Sniffer;iBeacon;2,4 GHz BLE;64:d1:2e:b5:04:2d;-68.0;;;;-68.0;1.584893192461111e-10;0.000368;5.832406948256888e-14;3.5944632146012066e-11;36;0x00;39;ORANGE;False
1787669576.563314;38.41675568299979;Simulation RF;Détection RF large bande;868 MHz;868 MHz;;2517;2.027958727799849;-37.118349111993965;-70.11834911199396;9.731170654525589e-11;0.1;9.73117065452559e-12;4.2558368540272896e-09;;;;VERT;True
1787669576.5634713;38.41675568299979;Simulation RF;Détection RF large bande;2,45 GHz;2,45 GHz;;2986;2.4063757330285758;-52.25502932114303;-68.95502932114303;1.2720291620247196e-10;0.1;1.2720291620247197e-11;1.5566945361896142e-08;;;;ORANGE;True
1787669576.5718522;38.425484601999415;Wi-Fi;Wi-Fi;2,4/5 GHz;wlan0;-32.0;;;;-32.0;6.30957344480193e-07;0.1;6.30957344480193e-08;2.78780779287308e-05;;;;ROUGE;False
1787669576.6635785;38.5168409529997;Simulation RF;Détection RF large bande;868 MHz;868 MHz;;2595;2.0908409445821667;-39.63363778328666;-72.63363778328666;5.453009090354599e-11;0.1;5.453009090354599e-12;4.261289863117644e-09;;;;VERT;True
1787669576.6637266;38.5168409529997;Simulation RF;Détection RF large bande;2,45 GHz;2,45 GHz;;3015;2.429550013244603;-53.18200052978412;-69.88200052978412;1.0275428627706226e-10;0.1;1.0275428627706227e-11;1.5577220790523847e-08;;;;ORANGE;True
1787669576.672077;38.525709647999975;Wi-Fi;Wi-Fi;2,4/5 GHz;wlan0;-32.0;;;;-32.0;6.30957344480193e-07;0.1;6.30957344480193e-08;2.794117366317882e-05;;;;ROUGE;False
1787669576.6970246;38.55065823999939;BLE Sniffer;Appareil BLE;2,4 GHz BLE;7f:c4:af:1a:e1:07;-69.0;;;;-69.0;1.2589254117941662e-10;0.00028;3.524991153023665e-14;7.234905305102851e-12;25;0x00;37;ORANGE;False
1787669576.6971114;38.55074275699917;BLE Sniffer;Appareil BLE;2,4 GHz BLE;7f:c4:af:1a:e1:07;-72.0;;;;-72.0;6.309573444801942e-11;0.00028;1.7666805645445437e-14;7.252572110748297e-12;25;0x00;38;VERT;False
1787669576.7019942;38.55562830999952;BLE Sniffer;Appareil BLE;2,4 GHz BLE;7f:c4:af:1a:e1:07;-68.0;;;;-68.0;1.584893192461111e-10;0.00028;4.43770093889111e-14;7.296949120137208e-12;25;0x00;39;ORANGE;False
1787669576.7634737;38.616921389999334;Simulation RF;Détection RF large bande;868 MHz;868 MHz;;2529;2.037739059275882;-37.50956237103529;-70.50956237103529;8.892907252068555e-11;0.1;8.892907252068557e-12;4.270182770369713e-09;;;;VERT;True
1787669576.7636232;38.616921389999334;Simulation RF;Détection RF large bande;2,45 GHz;2,45 GHz;;3045;2.453760341865191;-54.150413674607634;-70.85041367460764;8.221643333391647e-11;0.1;8.221643333391647e-12;1.558544243385724e-08;;;;VERT;True
1787669576.7721596;38.62579178799933;Wi-Fi;Wi-Fi;2,4/5 GHz;wlan0;-32.0;;;;-32.0;6.30957344480193e-07;0.1;6.30957344480193e-08;2.800426939762684e-05;;;;ROUGE;False
1787669576.8093834;38.66301659599958;BLE Sniffer;iBeacon;2,4 GHz BLE;64:d1:2e:b5:04:2d;-63.0;;;;-63.0;5.011872336272714e-10;0.000368;1.8443690197483588e-13;3.61290690479869e-11;36;0x00;37;ORANGE;False
1787669576.8125267;38.6661602690001;BLE Sniffer;iBeacon;2,4 GHz BLE;64:d1:2e:b5:04:2d;-62.0;;;;-62.0;6.309573444801942e-10;0.000368;2.321923027687115e-13;3.6361261350755614e-11;36;0x00;38;ORANGE;False
1787669576.8141994;38.66783361299895;BLE Sniffer;iBeacon;2,4 GHz BLE;64:d1:2e:b5:04:2d;-68.0;;;;-68.0;1.584893192461111e-10;0.000368;5.832406948256888e-14;3.6419585420238184e-11;36;0x00;39;ORANGE;False
1787669576.8635254;38.717002011999284;Simulation RF;Détection RF large bande;868 MHz;868 MHz;;2540;2.0470019153581904;-37.88007661432762;-70.88007661432762;8.165679660736744e-11;0.1;8.165679660736744e-12;4.27834845003045e-09;;;;VERT;True
1787669576.8636744;38.717002011999284;Simulation RF;Détection RF large bande;2,45 GHz;2,45 GHz;;3113;2.5088707980782186;-56.35483192312874;-73.05483192312875;4.948992637103212e-11;0.1;4.948992637103212e-12;1.5590391426494342e-08;;;;VERT;True
1787669576.8720062;38.72563869199985;Wi-Fi;Wi-Fi;2,4/5 GHz;wlan0;-32.0;;;;-32.0;6.30957344480193e-07;0.1;6.30957344480193e-08;2.8067365132074862e-05;;;;ROUGE;False
1787669576.933418;38.78705228799845;BLE Sniffer;Appareil BLE;2,4 GHz BLE;7f:c4:af:1a:e1:07;-69.0;;;;-69.0;1.2589254117941662e-10;0.00028;3.524991153023665e-14;7.332199031667445e-12;25;0x00;37;ORANGE;False
1787669576.9335105;38.78714208299971;BLE Sniffer;Appareil BLE;2,4 GHz BLE;7f:c4:af:1a:e1:07;-71.0;;;;-71.0;7.943282347242822e-11;0.00028;2.22411905722799e-14;7.354440222239725e-12;25;0x00;38;VERT;False
1787669576.9636328;38.81708118999995;Simulation RF;Détection RF large bande;868 MHz;868 MHz;;2587;2.0844509321952858;-39.37803728781142;-72.37803728781142;5.783573660807332e-11;0.1;5.783573660807333e-12;4.284132023691257e-09;;;;VERT;True
1787669576.963779;38.81708118999995;Simulation RF;Détection RF large bande;2,45 GHz;2,45 GHz;;3050;2.457614470203167;-54.30457880812668;-71.00457880812668;7.934912082136402e-11;0.1;7.934912082136402e-12;1.559832633857648e-08;;;;VERT;True
1787669576.9721909;38.82582342399837;Wi-Fi;Wi-Fi;2,4/5 GHz;wlan0;-32.0;;;;-32.0;6.30957344480193e-07;0.1;6.30957344480193e-08;2.8130460866522882e-05;;;;ROUGE;False
1787669577.0372853;38.89091825899959;BLE Sniffer;Appareil BLE;2,4 GHz BLE;7f:c4:af:1a:e1:07;-68.0;;;;-68.0;1.584893192461111e-10;0.00028;4.43770093889111e-14;7.398817231628636e-12;25;0x00;39;ORANGE;False
1787669577.041854;38.89548722499967;BLE Sniffer;iBeacon;2,4 GHz BLE;64:d1:2e:b5:04:2d;-63.0;;;;-63.0;5.011872336272714e-10;0.000368;1.8443690197483588e-13;3.660402232221302e-11;36;0x00;37;ORANGE;False
1787669577.0419922;38.895623907999834;Simulation LoRa;LoRa;868 MHz;LoRa 868.100 MHz;-91.33554116438746;;;;-91.33554116438746;7.352683696626689e-13;0.046335999999999995;3.406939517668942e-14;3.4009112777821548e-12;13;"SNR=7.14;SF=7;BW=125.0;CR=4/5;F=868.100;CRC=OK;PAYLOAD=54454d504f5f4c4f52415f3338";7;VERT;True
1787669577.063695;38.9171637749987;Simulation RF;Détection RF large bande;868 MHz;868 MHz;;2498;2.012860036247444;-36.51440144989776;-69.51440144989776;1.1183039400154653e-10;0.1;1.1183039400154654e-11;4.295315063091412e-09;;;;ORANGE;True
1787669577.0638425;38.9171637749987;Simulation RF;Détection RF large bande;2,45 GHz;2,45 GHz;;3025;2.4374468673496255;-53.49787469398501;-70.19787469398501;9.554600449181109e-11;0.1;9.55460044918111e-12;1.560788093902566e-08;;;;VERT;True
1787669577.0743725;38.92800517999967;Wi-Fi;Wi-Fi;2,4/5 GHz;wlan0;-32.0;;;;-32.0;6.30957344480193e-07;0.1;6.30957344480193e-08;2.8193556600970903e-05;;;;ROUGE;False
1787669577.16376;39.01724515699971;Simulation RF;Détection RF large bande;868 MHz;868 MHz;;2564;2.0658573642198497;-38.63429456879399;-71.63429456879399;6.863893606365662e-11;0.1;6.863893606365662e-12;4.3021789566977776e-09;;;;VERT;True
1787669577.163917;39.01724515699971;Simulation RF;Détection RF large bande;2,45 GHz;2,45 GHz;;3065;2.4702990987026223;-54.81196394810489;-71.51196394810489;7.059982185410252e-11;0.1;7.059982185410253e-12;1.561494092121107e-08;;;;VERT;True
1787669577.1723764;39.02600957499999;Wi-Fi;Wi-Fi;2,4/5 GHz;wlan0;-32.0;;;;-32.0;6.30957344480193e-07;0.1;6.30957344480193e-08;2.8256652335418923e-05;;;;ROUGE;False
1787669577.2626011;39.116235017998406;BLE Sniffer;Appareil BLE;2,4 GHz BLE;7f:c4:af:1a:e1:07;-72.0;;;;-72.0;6.309573444801942e-11;0.00028;1.7666805645445437e-14;7.416484037274081e-12;25;0x00;38;VERT;False
1787669577.2626958;39.1163272019985;BLE Sniffer;Appareil BLE;2,4 GHz BLE;7f:c4:af:1a:e1:07;-68.0;;;;-68.0;1.584893192461111e-10;0.00028;4.43770093889111e-14;7.460861046662992e-12;25;0x00;39;ORANGE;False
1787669577.2665145;39.117375018999155;Simulation RF;Détection RF large bande;868 MHz;868 MHz;;2497;2.0120224265132984;-36.48089706053193;-69.48089706053193;1.1269646510241676e-10;0.1;1.1269646510241677e-11;4.313448603208019e-09;;;;ORANGE;True
1787669577.2666643;39.117375018999155;Simulation RF;Détection RF large bande;2,45 GHz;2,45 GHz;;3075;2.4776394271657316;-55.10557708662925;-71.80557708662926;6.598455487506378e-11;0.1;6.598455487506378e-12;1.5621539376698575e-08;;;;VERT;True
1787669577.274945;39.12857771400013;Wi-Fi;Wi-Fi;2,4/5 GHz;wlan0;-32.0;;;;-32.0;6.30957344480193e-07;0.1;6.30957344480193e-08;2.8319748069866944e-05;;;;ROUGE;False
1787669577.3640323;39.21746682599951;Simulation RF;Détection RF large bande;868 MHz;868 MHz;;2506;2.0198747538706994;-36.79499015482797;-69.79499015482797;1.0483371700901462e-10;0.1;1.0483371700901462e-11;4.3239319749089206e-09;;;;ORANGE;True
1787669577.3641922;39.21746682599951;Simulation RF;Détection RF large bande;2,45 GHz;2,45 GHz;;3047;2.4557027741292057;-54.22811096516821;-70.92811096516822;8.075862266927803e-11;0.1;8.075862266927804e-12;1.5629615238965502e-08;;;;VERT;True
1787669577.3714304;39.22506441099904;BLE Sniffer;iBeacon;2,4 GHz BLE;64:d1:2e:b5:04:2d;-63.0;;;;-63.0;5.011872336272714e-10;0.000368;1.8443690197483588e-13;3.678845922418785e-11;36;0x00;37;ORANGE;False
1787669577.371526;39.225157316999685;BLE Sniffer;iBeacon;2,4 GHz BLE;64:d1:2e:b5:04:2d;-63.0;;;;-63.0;5.011872336272714e-10;0.000368;1.8443690197483588e-13;3.6972896126162686e-11;36;0x00;38;ORANGE;False
1787669577.3715672;39.22519863099842;BLE Sniffer;iBeacon;2,4 GHz BLE;64:d1:2e:b5:04:2d;-68.0;;;;-68.0;1.584893192461111e-10;0.000368;5.832406948256888e-14;3.7031220195645256e-11;36;0x00;39;ORANGE;False
1787669577.3826125;39.23624656999891;Wi-Fi;Wi-Fi;2,4/5 GHz;wlan0;-32.0;;;;-32.0;6.30957344480193e-07;0.1;6.30957344480193e-08;2.8382843804314965e-05;;;;ROUGE;False
1787669577.4640899;39.3175435969988;Simulation RF;Détection RF large bande;868 MHz;868 MHz;;2524;2.034005288218171;-37.36021152872685;-70.36021152872685;9.20404741161801e-11;0.1;9.204047411618012e-12;4.3331360223205384e-09;;;;VERT;True
1787669577.4642348;39.3175435969988;Simulation RF;Détection RF large bande;2,45 GHz;2,45 GHz;;3051;2.4587544655105353;-54.3501786204214;-71.0501786204214;7.852033394183311e-11;0.1;7.852033394183311e-12;1.5637467272359685e-08;;;;VERT;True
1787669577.472694;39.326326551999955;Wi-Fi;Wi-Fi;2,4/5 GHz;wlan0;-33.0;;;;-33.0;5.011872336272725e-07;0.1;5.011872336272725e-08;2.843296252767769e-05;;;;ROUGE;False
1787669577.4839852;39.33761994999986;BLE Sniffer;Appareil BLE;2,4 GHz BLE;7f:c4:af:1a:e1:07;-70.0;;;;-70.0;1e-10;0.00028;2.7999999999999997e-14;7.488861046662992e-12;25;0x00;37;ORANGE;False
1787669577.487474;39.34110737699848;BLE Sniffer;Appareil BLE;2,4 GHz BLE;7f:c4:af:1a:e1:07;-71.0;;;;-71.0;7.943282347242822e-11;0.00028;2.22411905722799e-14;7.511102237235272e-12;25;0x00;38;VERT;False
1787669577.5641754;39.41762821900011;Simulation RF;Détection RF large bande;868 MHz;868 MHz;;2487;2.003940144121216;-36.157605764848626;-69.15760576484863;1.2140579676878642e-10;0.1;1.2140579676878642e-11;4.345276601997417e-09;;;;ORANGE;True
1787669577.5643249;39.41762821900011;Simulation RF;Détection RF large bande;2,45 GHz;2,45 GHz;;3078;2.4804860774545086;-55.219443098180335;-71.91944309818034;6.42770135335909e-11;0.1;6.42770135335909e-12;1.5643894973713044e-08;;;;VERT;True
1787669577.574567;39.42819994299862;Wi-Fi;Wi-Fi;2,4/5 GHz;wlan0;-32.0;;;;-32.0;6.30957344480193e-07;0.1;6.30957344480193e-08;2.849605826212571e-05;;;;ROUGE;False
1787669577.5931485;39.44678185599878;BLE Sniffer;Appareil BLE;2,4 GHz BLE;7f:c4:af:1a:e1:07;-68.0;;;;-68.0;1.584893192461111e-10;0.00028;4.43770093889111e-14;7.555479246624183e-12;25;0x00;39;ORANGE;False
1787669577.59322;39.44685152199963;BLE Sniffer;Appareil BLE;2,4 GHz BLE;d3:23:2f:4d:3e:b1;-80.0;;;;-80.0;1e-11;0.000376;3.7599999999999996e-15;1.0212509473646335e-13;37;0x00;37;VERT;False
1787669577.5962436;39.44987752999987;BLE Sniffer;iBeacon;2,4 GHz BLE;64:d1:2e:b5:04:2d;-63.0;;;;-63.0;5.011872336272714e-10;0.000368;1.8443690197483588e-13;3.721565709762009e-11;36;0x00;38;ORANGE;False
1787669577.596335;39.449966398999095;BLE Sniffer;iBeacon;2,4 GHz BLE;64:d1:2e:b5:04:2d;-68.0;;;;-68.0;1.584893192461111e-10;0.000368;5.832406948256888e-14;3.727398116710266e-11;36;0x00;39;ORANGE;False
1787669577.6642559;39.51771208199898;Simulation RF;Détection RF large bande;868 MHz;868 MHz;;2544;2.05015553450069;-38.0062213800276;-71.0062213800276;7.931911537642987e-11;0.1;7.931911537642987e-12;4.35320851353506e-09;;;;VERT;True
1787669577.66443;39.51771208199898;Simulation RF;Détection RF large bande;2,45 GHz;2,45 GHz;;3036;2.4468901040459037;-53.87560416183614;-70.57560416183614;8.758698639195455e-11;0.1;8.758698639195456e-12;1.565265367235224e-08;;;;VERT;True
1787669577.6729379;39.52657038799953;Wi-Fi;Wi-Fi;2,4/5 GHz;wlan0;-32.0;;;;-32.0;6.30957344480193e-07;0.1;6.30957344480193e-08;2.855915399657373e-05;;;;ROUGE;False
1787669577.7668312;39.61786159199983;Simulation RF;Détection RF large bande;868 MHz;868 MHz;;2548;2.0530574556464933;-38.12229822585974;-71.12229822585974;7.722718014716908e-11;0.1;7.722718014716909e-12;4.360931231549777e-09;;;;VERT;True
1787669577.7671175;39.61786159199983;Simulation RF;Détection RF large bande;2,45 GHz;2,45 GHz;;3050;2.4581689793116306;-54.326759172465216;-71.02675917246522;7.894490069142926e-11;0.1;7.894490069142926e-12;1.5660548162421385e-08;;;;VERT;True
1787669577.7765684;39.63020088099984;Wi-Fi;Wi-Fi;2,4/5 GHz;wlan0;-32.0;;;;-32.0;6.30957344480193e-07;0.1;6.30957344480193e-08;2.8622249731021752e-05;;;;ROUGE;False
1787669577.8112023;39.66483506199984;BLE Sniffer;Appareil BLE;2,4 GHz BLE;7f:c4:af:1a:e1:07;-69.0;;;;-69.0;1.2589254117941662e-10;0.00028;3.524991153023665e-14;7.59072915815442e-12;25;0x00;37;ORANGE;False
1787669577.8644996;39.717945177999354;Simulation RF;Détection RF large bande;868 MHz;868 MHz;;2471;1.9911196316948159;-35.64478526779263;-68.64478526779263;1.3662226254198543e-10;0.1;1.3662226254198543e-11;4.374593457803975e-09;;;;ORANGE;True
1787669577.8646364;39.717945177999354;Simulation RF;Détection RF large bande;2,45 GHz;2,45 GHz;;2989;2.4085954459502936;-52.343817838011745;-69.04381783801175;1.2462874341038937e-10;0.1;1.2462874341038937e-11;1.5673011036762425e-08;;;;ORANGE;True
1787669577.8731008;39.72673341100017;Wi-Fi;Wi-Fi;2,4/5 GHz;wlan0;-32.0;;;;-32.0;6.30957344480193e-07;0.1;6.30957344480193e-08;2.8685345465469773e-05;;;;ROUGE;False
1787669577.9182947;39.771927926998615;BLE Sniffer;iBeacon;2,4 GHz BLE;64:d1:2e:b5:04:2d;-62.0;;;;-62.0;6.309573444801942e-10;0.000368;2.321923027687115e-13;3.7506173469871374e-11;36;0x00;38;ORANGE;False
1787669577.9229052;39.77653903999999;BLE Sniffer;iBeacon;2,4 GHz BLE;64:d1:2e:b5:04:2d;-68.0;;;;-68.0;1.584893192461111e-10;0.000368;5.832406948256888e-14;3.7564497539353944e-11;36;0x00;39;ORANGE;False
1787669577.9645164;39.81799894799951;Simulation RF;Détection RF large bande;868 MHz;868 MHz;;2519;2.029616605025876;-37.184664201035034;-70.18466420103503;9.583708152184905e-11;0.1;9.583708152184905e-12;4.38417716595616e-09;;;;VERT;True
1787669577.9646714;39.81799894799951;Simulation RF;Détection RF large bande;2,45 GHz;2,45 GHz;;3075;2.4776372791004144;-55.10549116401657;-71.80549116401657;6.59858603536441e-11;0.1;6.5985860353644105e-12;1.567960962279779e-08;;;;VERT;True
1787669577.9892025;39.84284270899843;Wi-Fi;Wi-Fi;2,4/5 GHz;wlan0;-32.0;;;;-32.0;6.30957344480193e-07;0.1;6.30957344480193e-08;2.8748441199917793e-05;;;;ROUGE;False
1787669578.0314598;39.885093844999574;BLE Sniffer;Appareil BLE;2,4 GHz BLE;7f:c4:af:1a:e1:07;-68.0;;;;-68.0;1.584893192461111e-10;0.00028;4.43770093889111e-14;7.63510616754333e-12;25;0x00;37;ORANGE;False
1787669578.0646193;39.918087051999464;Simulation RF;Détection RF large bande;868 MHz;868 MHz;;2538;2.0449631646067283;-37.798526584269126;-70.79852658426913;8.320460085683998e-11;0.1;8.320460085683997e-12;4.392497626041844e-09;;;;VERT;True
1787669578.0684783;39.918087051999464;Simulation RF;Détection RF large bande;2,45 GHz;2,45 GHz;;3100;2.4979902750607796;-55.91961100243118;-72.61961100243118;5.470649613083028e-11;0.1;5.470649613083029e-12;1.568508027241087e-08;;;;VERT;True
1787669578.076949;39.930581523998626;Wi-Fi;Wi-Fi;2,4/5 GHz;wlan0;-32.0;;;;-32.0;6.30957344480193e-07;0.1;6.30957344480193e-08;2.8811536934365814e-05;;;;ROUGE;False
1787669578.133985;39.9876177999995;Simulation LoRa;LoRa;868 MHz;LoRa 868.100 MHz;-87.5598714945555;;;;-87.5598714945555;1.7539323990077185e-12;0.046335999999999995;8.127021164042164e-14;3.4821814894225762e-12;13;"SNR=5.12;SF=7;BW=125.0;CR=4/5;F=868.100;CRC=OK;PAYLOAD=54454d504f5f4c4f52415f3339";7;VERT;True
1787669578.1647065;40.018167544998505;Simulation RF;Détection RF large bande;868 MHz;868 MHz;;2504;2.017768044608721;-36.710721784348834;-69.71072178434883;1.0688772202851099e-10;0.1;1.0688772202851099e-11;4.403186398244695e-09;;;;ORANGE;True
1787669578.1648414;40.018167544998505;Simulation RF;Détection RF large bande;2,45 GHz;2,45 GHz;;3053;2.460612248832393;-54.42448995329572;-71.12448995329572;7.718821621052527e-11;0.1;7.718821621052527e-12;1.5692799094031926e-08;;;;VERT;True
1787669578.1733387;40.026972240999385;Wi-Fi;Wi-Fi;2,4/5 GHz;wlan0;-32.0;;;;-32.0;6.30957344480193e-07;0.1;6.30957344480193e-08;2.8874632668813834e-05;;;;ROUGE;False
1787669578.240925;40.094558851998954;BLE Sniffer;iBeacon;2,4 GHz BLE;64:d1:2e:b5:04:2d;-62.0;;;;-62.0;6.309573444801942e-10;0.000368;2.321923027687115e-13;3.779668984212266e-11;36;0x00;38;ORANGE;False
1787669578.2410104;40.094641794999916;BLE Sniffer;iBeacon;2,4 GHz BLE;64:d1:2e:b5:04:2d;-68.0;;;;-68.0;1.584893192461111e-10;0.000368;5.832406948256888e-14;3.785501391160523e-11;36;0x00;39;ORANGE;False
1787669578.264794;40.118250464000084;Simulation RF;Détection RF large bande;868 MHz;868 MHz;;2462;1.983842113863579;-35.35368455454315;-68.35368455454315;1.4609371893645593e-10;0.1;1.4609371893645593e-11;4.41779577013834e-09;;;;ORANGE;True
1787669578.2649457;40.118250464000084;Simulation RF;Détection RF large bande;2,45 GHz;2,45 GHz;;3032;2.443746684797639;-53.74986739190555;-70.44986739190556;9.015986667275156e-11;0.1;9.015986667275156e-12;1.5701815080699202e-08;;;;VERT;True
1787669578.2734666;40.12709921399983;Wi-Fi;Wi-Fi;2,4/5 GHz;wlan0;-32.0;;;;-32.0;6.30957344480193e-07;0.1;6.30957344480193e-08;2.8937728403261855e-05;;;;ROUGE;False
1787669578.3548636;40.20849759199882;BLE Sniffer;Appareil BLE;2,4 GHz BLE;7f:c4:af:1a:e1:07;-68.0;;;;-68.0;1.584893192461111e-10;0.00028;4.43770093889111e-14;7.679483176932242e-12;25;0x00;37;ORANGE;False
1787669578.35496;40.20859155299877;BLE Sniffer;Appareil BLE;2,4 GHz BLE;7f:c4:af:1a:e1:07;-72.0;;;;-72.0;6.309573444801942e-11;0.00028;1.7666805645445437e-14;7.697149982577687e-12;25;0x00;38;VERT;False
1787669578.3550017;40.20863305199964;BLE Sniffer;Appareil BLE;2,4 GHz BLE;7f:c4:af:1a:e1:07;-68.0;;;;-68.0;1.584893192461111e-10;0.00028;4.43770093889111e-14;7.741526991966598e-12;25;0x00;39;ORANGE;False
1787669578.3648422;40.21833114199944;Simulation RF;Détection RF large bande;868 MHz;868 MHz;;2472;1.9924556328199168;-35.698225312796666;-68.69822531279667;1.349514231150657e-10;0.1;1.349514231150657e-11;4.431290912449847e-09;;;;ORANGE;True
1787669578.3649945;40.21833114199944;Simulation RF;Détection RF large bande;2,45 GHz;2,45 GHz;;3047;2.455663820952886;-54.22655283811544;-70.92655283811544;8.078760180099753e-11;0.1;8.078760180099753e-12;1.57098938408793e-08;;;;VERT;True
1787669578.3735685;40.22720081799889;Wi-Fi;Wi-Fi;2,4/5 GHz;wlan0;-32.0;;;;-32.0;6.30957344480193e-07;0.1;6.30957344480193e-08;2.9000824137709875e-05;;;;ROUGE;False
1787669578.465458;40.31909145699865;BLE Sniffer;iBeacon;2,4 GHz BLE;64:d1:2e:b5:04:2d;-63.0;;;;-63.0;5.011872336272714e-10;0.000368;1.8443690197483588e-13;3.803945081358006e-11;36;0x00;37;ORANGE;False
1787669578.4655483;40.31917967799927;BLE Sniffer;iBeacon;2,4 GHz BLE;64:d1:2e:b5:04:2d;-62.0;;;;-62.0;6.309573444801942e-10;0.000368;2.321923027687115e-13;3.8271643116348775e-11;36;0x00;38;ORANGE;False
1787669578.469517;40.31843594899874;Simulation RF;Détection RF large bande;868 MHz;868 MHz;;2471;1.9915352582607317;-35.66141033042926;-68.66141033042926;1.3610026379058397e-10;0.1;1.3610026379058399e-11;4.444900938828905e-09;;;;ORANGE;True
1787669578.4696925;40.31843594899874;Simulation RF;Détection RF large bande;2,45 GHz;2,45 GHz;;3074;2.477056211984222;-55.08224847936887;-71.78224847936887;6.633995186428254e-11;0.1;6.633995186428254e-12;1.571652783606573e-08;;;;VERT;True
1787669578.4781916;40.33182405499974;Wi-Fi;Wi-Fi;2,4/5 GHz;wlan0;-32.0;;;;-32.0;6.30957344480193e-07;0.1;6.30957344480193e-08;2.9063919872157896e-05;;;;ROUGE;False
1787669578.5650606;40.418513756998436;Simulation RF;Détection RF large bande;868 MHz;868 MHz;;2474;1.9937268191498703;-35.74907276599481;-68.74907276599481;1.3338061740784463e-10;0.1;1.3338061740784463e-11;4.4582390005696894e-09;;;;ORANGE;True
1787669578.5652006;40.418513756998436;Simulation RF;Détection RF large bande;2,45 GHz;2,45 GHz;;2999;2.4170159789029464;-52.68063915611785;-69.38063915611785;1.1532835152869846e-10;0.1;1.1532835152869846e-11;1.57280606712186e-08;;;;ORANGE;True
1787669578.5748792;40.42851285999859;BLE Sniffer;iBeacon;2,4 GHz BLE;64:d1:2e:b5:04:2d;-68.0;;;;-68.0;1.584893192461111e-10;0.000368;5.832406948256888e-14;3.8329967185831345e-11;36;0x00;39;ORANGE;False
1787669578.5749733;40.428605172999596;BLE Sniffer;Appareil BLE;2,4 GHz BLE;7f:c4:af:1a:e1:07;-70.0;;;;-70.0;1e-10;0.00028;2.7999999999999997e-14;7.769526991966597e-12;25;0x00;37;ORANGE;False
1787669578.5750186;40.428650135998396;BLE Sniffer;Appareil BLE;2,4 GHz BLE;7f:c4:af:1a:e1:07;-72.0;;;;-72.0;6.309573444801942e-11;0.00028;1.7666805645445437e-14;7.787193797612043e-12;25;0x00;38;VERT;False
1787669578.58356;40.43719394699838;BLE Sniffer;Appareil BLE;2,4 GHz BLE;7f:c4:af:1a:e1:07;-69.0;;;;-69.0;1.2589254117941662e-10;0.00028;3.524991153023665e-14;7.82244370914228e-12;25;0x00;39;ORANGE;False
1787669578.5859668;40.43960085299841;Wi-Fi;Wi-Fi;2,4/5 GHz;wlan0;-31.0;;;;-31.0;7.943282347242822e-07;0.1;7.943282347242822e-08;2.9143352695630326e-05;;;;ROUGE;False
1787669578.6651537;40.51859591599896;Simulation RF;Détection RF large bande;868 MHz;868 MHz;;2489;2.005644590641456;-36.22578362565824;-69.22578362565824;1.1951478579494554e-10;0.1;1.1951478579494555e-11;4.470190479149184e-09;;;;ORANGE;True
1787669578.6653085;40.51859591599896;Simulation RF;Détection RF large bande;2,45 GHz;2,45 GHz;;3038;2.447839131694431;-53.91356526777723;-70.61356526777723;8.682473635122392e-11;0.1;8.682473635122393e-12;1.5736743144853723e-08;;;;VERT;True
1787669578.6738293;40.527461906998724;Wi-Fi;Wi-Fi;2,4/5 GHz;wlan0;-31.0;;;;-31.0;7.943282347242822e-07;0.1;7.943282347242822e-08;2.9222785519102756e-05;;;;ROUGE;False
1787669578.765222;40.6186774459984;Simulation RF;Détection RF large bande;868 MHz;868 MHz;;2462;1.9837079511005424;-35.348318044021696;-68.3483180440217;1.4627435629400916e-10;0.1;1.4627435629400915e-11;4.484817914778585e-09;;;;ORANGE;True
1787669578.765367;40.6186774459984;Simulation RF;Détection RF large bande;2,45 GHz;2,45 GHz;;3018;2.431851525662095;-53.27406102648379;-69.9740610264838;1.005990541327698e-10;0.1;1.005990541327698e-11;1.5746803050267e-08;;;;ORANGE;True
1787669578.7739995;40.62763145399913;Wi-Fi;Wi-Fi;2,4/5 GHz;wlan0;-31.0;;;;-31.0;7.943282347242822e-07;0.1;7.943282347242822e-08;2.9302218342575186e-05;;;;ROUGE;False
1787669578.7930377;40.646670397998605;BLE Sniffer;iBeacon;2,4 GHz BLE;64:d1:2e:b5:04:2d;-63.0;;;;-63.0;5.011872336272714e-10;0.000368;1.8443690197483588e-13;3.851440408780618e-11;36;0x00;37;ORANGE;False
1787669578.793104;40.64673545199912;BLE Sniffer;iBeacon;2,4 GHz BLE;64:d1:2e:b5:04:2d;-62.0;;;;-62.0;6.309573444801942e-10;0.000368;2.321923027687115e-13;3.874659639057489e-11;36;0x00;38;ORANGE;False
1787669578.793143;40.64677452599972;BLE Sniffer;iBeacon;2,4 GHz BLE;64:d1:2e:b5:04:2d;-68.0;;;;-68.0;1.584893192461111e-10;0.000368;5.832406948256888e-14;3.880492046005746e-11;36;0x00;39;ORANGE;False
1787669578.8653235;40.718764364999515;Simulation RF;Détection RF large bande;868 MHz;868 MHz;;2516;2.027582577238101;-37.10330308952405;-70.10330308952405;9.76494251620752e-11;0.1;9.76494251620752e-12;4.4945828572947926e-09;;;;VERT;True
1787669578.8654776;40.718764364999515;Simulation RF;Détection RF large bande;2,45 GHz;2,45 GHz;;3045;2.4539354773037667;-54.15741909215066;-70.85741909215066;8.208392044472751e-11;0.1;8.20839204447275e-12;1.5755011442311474e-08;;;;VERT;True
1787669578.8739924;40.72762518899981;Wi-Fi;Wi-Fi;2,4/5 GHz;wlan0;-31.0;;;;-31.0;7.943282347242822e-07;0.1;7.943282347242822e-08;2.9381651166047615e-05;;;;ROUGE;False
1787669578.9035182;40.75715095099986;BLE Sniffer;Appareil BLE;2,4 GHz BLE;7f:c4:af:1a:e1:07;-70.0;;;;-70.0;1e-10;0.00028;2.7999999999999997e-14;7.85044370914228e-12;25;0x00;37;ORANGE;False
1787669578.965362;40.818844486999296;Simulation RF;Détection RF large bande;868 MHz;868 MHz;;2424;1.953110404670466;-34.124416186818635;-67.12441618681864;1.938913262574707e-10;0.1;1.9389132625747073e-11;4.51397198992054e-09;;;;ORANGE;True
1787669578.965521;40.818844486999296;Simulation RF;Détection RF large bande;2,45 GHz;2,45 GHz;;3080;2.4821481165285646;-55.28592466114257;-71.98592466114258;6.33005573451761e-11;0.1;6.330055734517611e-12;1.576134149804599e-08;;;;VERT;True
1787669578.9741368;40.82776936599839;Wi-Fi;Wi-Fi;2,4/5 GHz;wlan0;-31.0;;;;-31.0;7.943282347242822e-07;0.1;7.943282347242822e-08;2.9461083989520045e-05;;;;ROUGE;False
1787669579.016066;40.86970076699981;BLE Sniffer;iBeacon;2,4 GHz BLE;64:d1:2e:b5:04:2d;-62.0;;;;-62.0;6.309573444801942e-10;0.000368;2.321923027687115e-13;3.9037112762826176e-11;36;0x00;38;ORANGE;False
1787669579.01615;40.869781561999844;BLE Sniffer;iBeacon;2,4 GHz BLE;64:d1:2e:b5:04:2d;-68.0;;;;-68.0;1.584893192461111e-10;0.000368;5.832406948256888e-14;3.9095436832308746e-11;36;0x00;39;ORANGE;False
1787669579.0654962;40.91893320199961;Simulation RF;Détection RF large bande;868 MHz;868 MHz;;2514;2.0257289549656483;-37.029158198625936;-70.02915819862594;9.933085646781307e-11;0.1;9.933085646781307e-12;4.523905075567321e-09;;;;VERT;True
1787669579.0656548;40.91893320199961;Simulation RF;Détection RF large bande;2,45 GHz;2,45 GHz;;3064;2.4690754500768675;-54.76301800307469;-71.4630180030747;7.139999801339369e-11;0.1;7.139999801339369e-12;1.576848149784733e-08;;;;VERT;True
1787669579.074237;40.92786995200004;Wi-Fi;Wi-Fi;2,4/5 GHz;wlan0;-31.0;;;;-31.0;7.943282347242822e-07;0.1;7.943282347242822e-08;2.9540516812992475e-05;;;;ROUGE;False
1787669579.1202192;40.97385221500008;Simulation LoRa;LoRa;868 MHz;LoRa 868.100 MHz;-89.1501682413986;;;;-89.1501682413986;1.2161388877128555e-12;0.046335999999999995;5.6351011501062866e-14;3.538532500923639e-12;13;"SNR=5.87;SF=7;BW=125.0;CR=4/5;F=868.100;CRC=OK;PAYLOAD=54454d504f5f4c4f52415f3430";7;VERT;True
1787669579.1254203;40.979054726998584;BLE Sniffer;Appareil BLE;2,4 GHz BLE;7f:c4:af:1a:e1:07;-70.0;;;;-70.0;1e-10;0.00028;2.7999999999999997e-14;7.878443709142279e-12;25;0x00;37;ORANGE;False
1787669579.125512;40.97914339199997;BLE Sniffer;Appareil BLE;2,4 GHz BLE;7f:c4:af:1a:e1:07;-72.0;;;;-72.0;6.309573444801942e-11;0.00028;1.7666805645445437e-14;7.896110514787725e-12;25;0x00;38;VERT;False
1787669579.1255507;40.97918242800006;BLE Sniffer;Appareil BLE;2,4 GHz BLE;7f:c4:af:1a:e1:07;-69.0;;;;-69.0;1.2589254117941662e-10;0.00028;3.524991153023665e-14;7.931360426317962e-12;25;0x00;39;ORANGE;False
1787669579.1655452;41.01901391799947;Simulation RF;Détection RF large bande;868 MHz;868 MHz;;2428;1.9566633989282547;-34.26653595713019;-67.26653595713019;1.8764906478133691e-10;0.1;1.8764906478133694e-11;4.542669982045455e-09;;;;ORANGE;True
1787669579.165698;41.01901391799947;Simulation RF;Détection RF large bande;2,45 GHz;2,45 GHz;;3065;2.4696175708405494;-54.78470283362198;-71.48470283362198;7.10443780517493e-11;0.1;7.10443780517493e-12;1.5775585935652507e-08;;;;VERT;True
1787669579.1742716;41.027904611999475;Wi-Fi;Wi-Fi;2,4/5 GHz;wlan0;-31.0;;;;-31.0;7.943282347242822e-07;0.1;7.943282347242822e-08;2.9619949636464905e-05;;;;ROUGE;False
1787669579.2656755;41.11910252099915;Simulation RF;Détection RF large bande;868 MHz;868 MHz;;2372;1.9113990128687766;-32.455960514751055;-65.45596051475106;2.8471080450600015e-10;0.1;2.8471080450600017e-11;4.571141062496055e-09;;;;ORANGE;True
1787669579.2658377;41.11910252099915;Simulation RF;Détection RF large bande;2,45 GHz;2,45 GHz;;3037;2.4473058244249826;-53.892232976999296;-70.5922329769993;8.725226350932238e-11;0.1;8.725226350932238e-12;1.578431116200344e-08;;;;VERT;True
1787669579.2756777;41.129310935999456;Wi-Fi;Wi-Fi;2,4/5 GHz;wlan0;-31.0;;;;-31.0;7.943282347242822e-07;0.1;7.943282347242822e-08;2.9699382459937335e-05;;;;ROUGE;False
1787669579.3503861;41.20402076999926;BLE Sniffer;iBeacon;2,4 GHz BLE;64:d1:2e:b5:04:2d;-62.0;;;;-62.0;6.309573444801942e-10;0.000368;2.321923027687115e-13;3.932762913507746e-11;36;0x00;37;ORANGE;False
1787669579.3504808;41.204112378998616;BLE Sniffer;iBeacon;2,4 GHz BLE;64:d1:2e:b5:04:2d;-62.0;;;;-62.0;6.309573444801942e-10;0.000368;2.321923027687115e-13;3.955982143784617e-11;36;0x00;38;ORANGE;False
1787669579.3543649;41.207998484998825;BLE Sniffer;iBeacon;2,4 GHz BLE;64:d1:2e:b5:04:2d;-68.0;;;;-68.0;1.584893192461111e-10;0.000368;5.832406948256888e-14;3.961814550732874e-11;36;0x00;39;ORANGE;False
1787669579.3656976;41.21918399599963;Simulation RF;Détection RF large bande;868 MHz;868 MHz;;2479;1.9978095754234404;-35.91238301693761;-68.91238301693761;1.2845816038467077e-10;0.1;1.2845816038467078e-11;4.583986878534522e-09;;;;ORANGE;True
1787669579.3658485;41.21918399599963;Simulation RF;Détection RF large bande;2,45 GHz;2,45 GHz;;3091;2.490569895910869;-55.62279583643475;-72.32279583643475;5.857609506341207e-11;0.1;5.857609506341208e-12;1.579016877150978e-08;;;;VERT;True
1787669579.37455;41.22818318899954;Wi-Fi;Wi-Fi;2,4/5 GHz;wlan0;-31.0;;;;-31.0;7.943282347242822e-07;0.1;7.943282347242822e-08;2.9778815283409765e-05;;;;ROUGE;False
1787669579.468175;41.3218087639998;BLE Sniffer;Appareil BLE;2,4 GHz BLE;7f:c4:af:1a:e1:07;-67.0;;;;-67.0;1.9952623149688828e-10;0.00028;5.5867344819128714e-14;7.98722777113709e-12;25;0x00;37;ORANGE;False
1787669579.4682686;41.321900169999935;BLE Sniffer;Appareil BLE;2,4 GHz BLE;7f:c4:af:1a:e1:07;-72.0;;;;-72.0;6.309573444801942e-11;0.00028;1.7666805645445437e-14;8.004894576782536e-12;25;0x00;38;VERT;False
1787669579.468309;41.321940410000025;BLE Sniffer;Appareil BLE;2,4 GHz BLE;7f:c4:af:1a:e1:07;-68.0;;;;-68.0;1.584893192461111e-10;0.00028;4.43770093889111e-14;8.049271586171447e-12;25;0x00;39;ORANGE;False
1787669579.4756594;41.32929447999959;BLE Sniffer;Appareil BLE;2,4 GHz BLE;d3:23:2f:4d:3e:b1;-79.0;;;;-79.0;1.2589254117941662e-11;0.000376;4.7335595483460644e-15;1.0685865428480942e-13;37;0x00;37;VERT;False
1787669579.4782844;41.32025215899921;Simulation RF;Détection RF large bande;868 MHz;868 MHz;;2401;1.9345688308836566;-33.38275323534626;-66.38275323534626;2.2999832672438404e-10;0.1;2.2999832672438405e-11;4.606986711206961e-09;;;;ORANGE;True
1787669579.4784627;41.32025215899921;Simulation RF;Détection RF large bande;2,45 GHz;2,45 GHz;;3007;2.423116267442932;-52.92465069771728;-69.62465069771729;1.0902721792570666e-10;0.1;1.0902721792570668e-11;1.580107149330235e-08;;;;ORANGE;True
1787669579.4872732;41.34090618799928;Wi-Fi;Wi-Fi;2,4/5 GHz;wlan0;-31.0;;;;-31.0;7.943282347242822e-07;0.1;7.943282347242822e-08;2.9858248106882195e-05;;;;ROUGE;False
1787669579.566884;41.42033372599872;Simulation RF;Détection RF large bande;868 MHz;868 MHz;;2393;1.9287900110308485;-33.15160044123394;-66.15160044123394;2.4257160170977557e-10;0.1;2.4257160170977558e-11;4.631243871377938e-09;;;;ORANGE;True
1787669579.5670364;41.42033372599872;Simulation RF;Détection RF large bande;2,45 GHz;2,45 GHz;;3013;2.4282301276947247;-53.12920510778898;-69.82920510778898;1.0401105205601884e-10;0.1;1.0401105205601884e-11;1.5811472598507952e-08;;;;ORANGE;True
1787669579.575688;41.4293213259989;Wi-Fi;Wi-Fi;2,4/5 GHz;wlan0;-30.0;;;;-30.0;1e-06;0.1;1e-07;2.9958248106882194e-05;;;;ROUGE;False
1787669579.666972;41.52042110699949;Simulation RF;Détection RF large bande;868 MHz;868 MHz;;2446;1.9709150112094698;-34.83660044837879;-67.83660044837879;1.6456594013386788e-10;0.1;1.645659401338679e-11;4.647700465391325e-09;;;;ORANGE;True
1787669579.6671593;41.52042110699949;Simulation RF;Détection RF large bande;2,45 GHz;2,45 GHz;;2999;2.4164981523321933;-52.65992609328772;-69.35992609328773;1.1587970759896917e-10;0.1;1.1587970759896918e-11;1.582306056926785e-08;;;;ORANGE;True
1787669579.6784256;41.53205888899902;Wi-Fi;Wi-Fi;2,4/5 GHz;wlan0;-30.0;;;;-30.0;1e-06;0.1;1e-07;3.0058248106882193e-05;;;;ROUGE;False
1787669579.6888955;41.542528373000096;BLE Sniffer;iBeacon;2,4 GHz BLE;64:d1:2e:b5:04:2d;-63.0;;;;-63.0;5.011872336272714e-10;0.000368;1.8443690197483588e-13;3.980258240930358e-11;36;0x00;38;ORANGE;False
1787669579.6889668;41.54259822399945;BLE Sniffer;iBeacon;2,4 GHz BLE;64:d1:2e:b5:04:2d;-68.0;;;;-68.0;1.584893192461111e-10;0.000368;5.832406948256888e-14;3.986090647878615e-11;36;0x00;39;ORANGE;False
1787669579.689007;41.542638408998755;BLE Sniffer;Appareil BLE;2,4 GHz BLE;7f:c4:af:1a:e1:07;-70.0;;;;-70.0;1e-10;0.00028;2.7999999999999997e-14;8.077271586171446e-12;25;0x00;37;ORANGE;False
1787669579.7670615;41.62050750799972;Simulation RF;Détection RF large bande;868 MHz;868 MHz;;2418;1.9486553456371578;-33.94621382548631;-66.94621382548631;2.020126740491934e-10;0.1;2.020126740491934e-11;4.667901732796244e-09;;;;ORANGE;True
1787669579.7672112;41.62050750799972;Simulation RF;Détection RF large bande;2,45 GHz;2,45 GHz;;3035;2.4460270559919466;-53.84108223967786;-70.54108223967786;8.828598688320771e-11;0.1;8.828598688320771e-12;1.583188916795617e-08;;;;VERT;True
1787669579.7757394;41.62937203599904;Wi-Fi;Wi-Fi;2,4/5 GHz;wlan0;-30.0;;;;-30.0;1e-06;0.1;1e-07;3.0158248106882192e-05;;;;ROUGE;False
1787669579.869963;41.720598518999395;Simulation RF;Détection RF large bande;868 MHz;868 MHz;;2455;1.9785663017708932;-35.14265207083572;-68.14265207083572;1.533680136788995e-10;0.1;1.533680136788995e-11;4.683238534164134e-09;;;;ORANGE;True
1787669579.8702571;41.720598518999395;Simulation RF;Détection RF large bande;2,45 GHz;2,45 GHz;;3064;2.4690923702097667;-54.76369480839067;-71.46369480839067;7.138887189159797e-11;0.1;7.138887189159798e-12;1.5839028055145332e-08;;;;VERT;True
1787669579.8789663;41.73259870199945;Wi-Fi;Wi-Fi;2,4/5 GHz;wlan0;-30.0;;;;-30.0;1e-06;0.1;1e-07;3.025824810688219e-05;;;;ROUGE;False
1787669579.9079666;41.76159989699954;BLE Sniffer;iBeacon;2,4 GHz BLE;64:d1:2e:b5:04:2d;-63.0;;;;-63.0;5.011872336272714e-10;0.000368;1.8443690197483588e-13;4.004534338076098e-11;36;0x00;38;ORANGE;False
1787669579.9131873;41.7668208340001;BLE Sniffer;iBeacon;2,4 GHz BLE;64:d1:2e:b5:04:2d;-68.0;;;;-68.0;1.584893192461111e-10;0.000368;5.832406948256888e-14;4.010366745024355e-11;36;0x00;39;ORANGE;False
1787669579.913279;41.766910591999476;BLE Sniffer;Appareil BLE;2,4 GHz BLE;7f:c4:af:1a:e1:07;-69.0;;;;-69.0;1.2589254117941662e-10;0.00028;3.524991153023665e-14;8.112521497701683e-12;25;0x00;37;ORANGE;False
1787669579.9672165;41.82067458599886;Simulation RF;Détection RF large bande;868 MHz;868 MHz;;2383;1.9206890983796798;-32.827563935187186;-65.82756393518719;2.613626991116277e-10;0.1;2.6136269911162772e-11;4.709374804075297e-09;;;;ORANGE;True
1787669579.967356;41.82067458599886;Simulation RF;Détection RF large bande;2,45 GHz;2,45 GHz;;3020;2.4338802571796956;-53.355210287187816;-70.05521028718782;9.87367825830103e-11;0.1;9.873678258301031e-12;1.5848901733403633e-08;;;;VERT;True
1787669579.9759498;41.829582020998714;Wi-Fi;Wi-Fi;2,4/5 GHz;wlan0;-30.0;;;;-30.0;1e-06;0.1;1e-07;3.035824810688219e-05;;;;ROUGE;False
1787669580.0191593;41.87279308699908;BLE Sniffer;Appareil BLE;2,4 GHz BLE;7f:c4:af:1a:e1:07;-71.0;;;;-71.0;7.943282347242822e-11;0.00028;2.22411905722799e-14;8.134762688273963e-12;25;0x00;38;VERT;False
1787669580.0192425;41.8728739929993;BLE Sniffer;Appareil BLE;2,4 GHz BLE;7f:c4:af:1a:e1:07;-68.0;;;;-68.0;1.584893192461111e-10;0.00028;4.43770093889111e-14;8.179139697662874e-12;25;0x00;39;ORANGE;False
1787669580.067289;41.92075687599936;Simulation RF;Détection RF large bande;868 MHz;868 MHz;;2423;1.9522807382069436;-34.09122952827774;-67.09122952827774;1.953786242319219e-10;0.1;1.953786242319219e-11;4.728912666498489e-09;;;;ORANGE;True
1787669580.0674348;41.92075687599936;Simulation RF;Détection RF large bande;2,45 GHz;2,45 GHz;;3031;2.442828796784751;-53.71315187139004;-70.41315187139004;9.092531470056285e-11;0.1;9.092531470056285e-12;1.5857994264873688e-08;;;;VERT;True
1787669580.0814352;41.93506768899897;Wi-Fi;Wi-Fi;2,4/5 GHz;wlan0;-30.0;;;;-30.0;1e-06;0.1;1e-07;3.045824810688219e-05;;;;ROUGE;False
1787669580.1284099;41.98204286299915;Simulation LoRa;LoRa;868 MHz;LoRa 868.100 MHz;-85.69454934977058;;;;-85.69454934977058;2.6949149585228158e-12;0.046335999999999995;1.2487157951811317e-13;3.663404080441752e-12;13;"SNR=7.41;SF=7;BW=125.0;CR=4/5;F=868.100;CRC=OK;PAYLOAD=54454d504f5f4c4f52415f3431";7;VERT;True
1787669580.1673903;42.020844756998486;Simulation RF;Détection RF large bande;868 MHz;868 MHz;;2430;1.9580695741068093;-34.32278296427236;-67.32278296427236;1.852344258590453e-10;0.1;1.852344258590453e-11;4.747436109084393e-09;;;;ORANGE;True
1787669580.1675334;42.020844756998486;Simulation RF;Détection RF large bande;2,45 GHz;2,45 GHz;;3051;2.458877816053478;-54.355112642139105;-71.05511264213911;7.8431177607182e-11;0.1;7.8431177607182e-12;1.5865837382634407e-08;;;;VERT;True
1787669580.176011;42.029643378999026;Wi-Fi;Wi-Fi;2,4/5 GHz;wlan0;-30.0;;;;-30.0;1e-06;0.1;1e-07;3.055824810688219e-05;;;;ROUGE;False
1787669580.2359138;42.089547628998844;BLE Sniffer;iBeacon;2,4 GHz BLE;64:d1:2e:b5:04:2d;-63.0;;;;-63.0;5.011872336272714e-10;0.000368;1.8443690197483588e-13;4.0288104352218385e-11;36;0x00;37;ORANGE;False
1787669580.2408714;42.09450536699842;BLE Sniffer;iBeacon;2,4 GHz BLE;64:d1:2e:b5:04:2d;-63.0;;;;-63.0;5.011872336272714e-10;0.000368;1.8443690197483588e-13;4.047254125419322e-11;36;0x00;38;ORANGE;False
1787669580.2409594;42.094591105998916;BLE Sniffer;iBeacon;2,4 GHz BLE;64:d1:2e:b5:04:2d;-68.0;;;;-68.0;1.584893192461111e-10;0.000368;5.832406948256888e-14;4.053086532367579e-11;36;0x00;39;ORANGE;False
1787669580.2410002;42.09463175400015;BLE Sniffer;Appareil BLE;2,4 GHz BLE;7f:c4:af:1a:e1:07;-67.0;;;;-67.0;1.9952623149688828e-10;0.00028;5.5867344819128714e-14;8.235007042482003e-12;25;0x00;37;ORANGE;False
1787669580.2674623;42.12092191699958;Simulation RF;Détection RF large bande;868 MHz;868 MHz;;2504;2.0179122745295115;-36.716490981180456;-69.71649098118046;1.0674582593517426e-10;0.1;1.0674582593517427e-11;4.7581106916779104e-09;;;;ORANGE;True
1787669580.2675967;42.12092191699958;Simulation RF;Détection RF large bande;2,45 GHz;2,45 GHz;;3009;2.424902682904282;-52.996107316171276;-69.69610731617128;1.0724801638083423e-10;0.1;1.0724801638083423e-11;1.587656218427249e-08;;;;ORANGE;True
1787669580.2769341;42.13056654399952;Wi-Fi;Wi-Fi;2,4/5 GHz;wlan0;-30.0;;;;-30.0;1e-06;0.1;1e-07;3.065824810688219e-05;;;;ROUGE;False
1787669580.348809;42.202441884999644;BLE Sniffer;Appareil BLE;2,4 GHz BLE;7f:c4:af:1a:e1:07;-72.0;;;;-72.0;6.309573444801942e-11;0.00028;1.7666805645445437e-14;8.252673848127448e-12;25;0x00;38;VERT;False
1787669580.3539615;42.20759548999922;BLE Sniffer;Appareil BLE;2,4 GHz BLE;7f:c4:af:1a:e1:07;-68.0;;;;-68.0;1.584893192461111e-10;0.00028;4.43770093889111e-14;8.29705085751636e-12;25;0x00;39;ORANGE;False
1787669580.3675606;42.2210099469994;Simulation RF;Détection RF large bande;868 MHz;868 MHz;;2465;1.9867958393675154;-35.47183357470061;-68.47183357470061;1.4217284120930383e-10;0.1;1.4217284120930383e-11;4.772327975798841e-09;;;;ORANGE;True
1787669580.367734;42.2210099469994;Simulation RF;Détection RF large bande;2,45 GHz;2,45 GHz;;2999;2.416441564706438;-52.65766258825751;-69.35766258825751;1.1594011883526447e-10;0.1;1.1594011883526447e-11;1.5888156196156015e-08;;;;ORANGE;True
1787669580.3730996;42.226732024999365;Wi-Fi;Wi-Fi;2,4/5 GHz;wlan0;-31.0;;;;-31.0;7.943282347242822e-07;0.1;7.943282347242822e-08;3.073768093035462e-05;;;;ROUGE;False
1787669580.4633737;42.317007503999776;BLE Sniffer;iBeacon;2,4 GHz BLE;64:d1:2e:b5:04:2d;-62.0;;;;-62.0;6.309573444801942e-10;0.000368;2.321923027687115e-13;4.07630576264445e-11;36;0x00;37;ORANGE;False
1787669580.4634695;42.3171011509985;BLE Sniffer;iBeacon;2,4 GHz BLE;64:d1:2e:b5:04:2d;-63.0;;;;-63.0;5.011872336272714e-10;0.000368;1.8443690197483588e-13;4.094749452841934e-11;36;0x00;38;ORANGE;False
1787669580.4677212;42.32118504999926;Simulation RF;Détection RF large bande;868 MHz;868 MHz;;2444;1.9694403715518225;-34.777614862072895;-67.7776148620729;1.6681631133743936e-10;0.1;1.6681631133743937e-11;4.789009606932585e-09;;;;ORANGE;True
1787669580.4678705;42.32118504999926;Simulation RF;Détection RF large bande;2,45 GHz;2,45 GHz;;3055;2.4617340775034435;-54.46936310013774;-71.16936310013774;7.639478095415042e-11;0.1;7.639478095415043e-12;1.589579567425143e-08;;;;VERT;True
1787669580.4732206;42.326852979998876;Wi-Fi;Wi-Fi;2,4/5 GHz;wlan0;-32.0;;;;-32.0;6.30957344480193e-07;0.1;6.30957344480193e-08;3.080077666480264e-05;;;;ROUGE;False
1787669580.5728376;42.42647129499892;BLE Sniffer;iBeacon;2,4 GHz BLE;64:d1:2e:b5:04:2d;-68.0;;;;-68.0;1.584893192461111e-10;0.000368;5.832406948256888e-14;4.100581859790191e-11;36;0x00;39;ORANGE;False
1787669580.5729282;42.42655997899965;BLE Sniffer;Appareil BLE;2,4 GHz BLE;7f:c4:af:1a:e1:07;-70.0;;;;-70.0;1e-10;0.00028;2.7999999999999997e-14;8.325050857516359e-12;25;0x00;37;ORANGE;False
1787669580.5729694;42.426600996999696;BLE Sniffer;Appareil BLE;2,4 GHz BLE;7f:c4:af:1a:e1:07;-70.0;;;;-70.0;1e-10;0.00028;2.7999999999999997e-14;8.353050857516358e-12;25;0x00;38;ORANGE;False
1787669580.578851;42.43248486799894;BLE Sniffer;Appareil BLE;2,4 GHz BLE;7f:c4:af:1a:e1:07;-68.0;;;;-68.0;1.584893192461111e-10;0.00028;4.43770093889111e-14;8.397427866905269e-12;25;0x00;39;ORANGE;False
1787669580.581448;42.42126707999887;Simulation RF;Détection RF large bande;868 MHz;868 MHz;;2378;1.916553676535877;-32.66214706143508;-65.66214706143508;2.715096649769241e-10;0.1;2.7150966497692415e-11;4.816160573430277e-09;;;;ORANGE;True
1787669580.5815947;42.42126707999887;Simulation RF;Détection RF large bande;2,45 GHz;2,45 GHz;;2970;2.3933849306591557;-51.73539722636622;-68.43539722636622;1.4337065764436385e-10;0.1;1.4337065764436386e-11;1.5910132740015867e-08;;;;ORANGE;True
1787669580.5904884;42.444120483000006;Wi-Fi;Wi-Fi;2,4/5 GHz;wlan0;-32.0;;;;-32.0;6.30957344480193e-07;0.1;6.30957344480193e-08;3.086387239925066e-05;;;;ROUGE;False
1787669580.667886;42.52134712899897;Simulation RF;Détection RF large bande;868 MHz;868 MHz;;2357;1.8992599319986045;-31.97039727994418;-64.97039727994418;3.183906253932478e-10;0.1;3.183906253932478e-11;4.847999635969602e-09;;;;ORANGE;True
1787669580.668029;42.52134712899897;Simulation RF;Détection RF large bande;2,45 GHz;2,45 GHz;;3030;2.442083701719457;-53.68334806877827;-70.38334806877828;9.1551442840091e-11;0.1;9.155144284009102e-12;1.5919287884299876e-08;;;;VERT;True
1787669580.6763778;42.53001058599875;Wi-Fi;Wi-Fi;2,4/5 GHz;wlan0;-32.0;;;;-32.0;6.30957344480193e-07;0.1;6.30957344480193e-08;3.092696813369868e-05;;;;ROUGE;False
1787669580.7679899;42.62143097399894;Simulation RF;Détection RF large bande;868 MHz;868 MHz;;2442;1.968239324220679;-34.729572968827156;-67.72957296882716;1.686718868188028e-10;0.1;1.686718868188028e-11;4.8648668246514825e-09;;;;ORANGE;True
1787669580.7681496;42.62143097399894;Simulation RF;Détection RF large bande;2,45 GHz;2,45 GHz;;3016;2.4303861914775933;-53.21544765910373;-69.91544765910373;1.0196596508456445e-10;0.1;1.0196596508456446e-11;1.592948448080833e-08;;;;ORANGE;True
1787669580.7737162;42.627348455000174;Wi-Fi;Wi-Fi;2,4/5 GHz;wlan0;-32.0;;;;-32.0;6.30957344480193e-07;0.1;6.30957344480193e-08;3.09900638681467e-05;;;;ROUGE;False
1787669580.7926702;42.64630306699837;BLE Sniffer;iBeacon;2,4 GHz BLE;64:d1:2e:b5:04:2d;-63.0;;;;-63.0;5.011872336272714e-10;0.000368;1.8443690197483588e-13;4.119025549987674e-11;36;0x00;37;ORANGE;False
1787669580.7927399;42.64637134399891;BLE Sniffer;iBeacon;2,4 GHz BLE;64:d1:2e:b5:04:2d;-63.0;;;;-63.0;5.011872336272714e-10;0.000368;1.8443690197483588e-13;4.1374692401851575e-11;36;0x00;38;ORANGE;False
1787669580.7960627;42.64969675499924;BLE Sniffer;iBeacon;2,4 GHz BLE;64:d1:2e:b5:04:2d;-68.0;;;;-68.0;1.584893192461111e-10;0.000368;5.832406948256888e-14;4.1433016471334145e-11;36;0x00;39;ORANGE;False
1787669580.7980592;42.65169316799984;BLE Sniffer;Appareil BLE;2,4 GHz BLE;7f:c4:af:1a:e1:07;-70.0;;;;-70.0;1e-10;0.00028;2.7999999999999997e-14;8.425427866905269e-12;25;0x00;37;ORANGE;False
1787669580.8680623;42.72151259599923;Simulation RF;Détection RF large bande;868 MHz;868 MHz;;2403;1.936795348138368;-33.47181392553472;-66.47181392553472;2.2532978766248233e-10;0.1;2.2532978766248235e-11;4.887399803417731e-09;;;;ORANGE;True
1787669580.868201;42.72151259599923;Simulation RF;Détection RF large bande;2,45 GHz;2,45 GHz;;3042;2.451267893258119;-54.050715730324754;-70.75071573032476;8.412564886291827e-11;0.1;8.412564886291828e-12;1.5937897045694622e-08;;;;VERT;True
1787669580.876632;42.7302638860001;Wi-Fi;Wi-Fi;2,4/5 GHz;wlan0;-32.0;;;;-32.0;6.30957344480193e-07;0.1;6.30957344480193e-08;3.105315960259472e-05;;;;ROUGE;False
1787669580.9058855;42.759518058999674;BLE Sniffer;Appareil BLE;2,4 GHz BLE;7f:c4:af:1a:e1:07;-72.0;;;;-72.0;6.309573444801942e-11;0.00028;1.7666805645445437e-14;8.443094672550714e-12;25;0x00;38;VERT;False
1787669580.9059608;42.75959222399979;BLE Sniffer;Appareil BLE;2,4 GHz BLE;7f:c4:af:1a:e1:07;-68.0;;;;-68.0;1.584893192461111e-10;0.00028;4.43770093889111e-14;8.487471681939625e-12;25;0x00;39;ORANGE;False
1787669580.9681463;42.82159284899899;Simulation RF;Détection RF large bande;868 MHz;868 MHz;;2444;1.9698745306197059;-34.79498122478823;-67.79498122478823;1.6615058606939663e-10;0.1;1.6615058606939665e-11;4.904014862024671e-09;;;;ORANGE;True
1787669580.9683008;42.82159284899899;Simulation RF;Détection RF large bande;2,45 GHz;2,45 GHz;;2995;2.413533292188943;-52.541331687557715;-69.24133168755772;1.1908767906377336e-10;0.1;1.1908767906377337e-11;1.5949805813600998e-08;;;;ORANGE;True
1787669580.977163;42.830795445999684;Wi-Fi;Wi-Fi;2,4/5 GHz;wlan0;-32.0;;;;-32.0;6.30957344480193e-07;0.1;6.30957344480193e-08;3.111625533704274e-05;;;;ROUGE;False
1787669581.0204394;42.874072621998494;BLE Sniffer;Appareil BLE;2,4 GHz BLE;7f:c4:af:1a:e1:07;-70.0;;;;-70.0;1e-10;0.00028;2.7999999999999997e-14;8.515471681939625e-12;25;0x00;37;ORANGE;False
1787669581.0682204;42.92167239799892;Simulation RF;Détection RF large bande;868 MHz;868 MHz;;2400;1.933703357913842;-33.34813431655368;-66.34813431655368;2.3183903922172588e-10;0.1;2.318390392217259e-11;4.927198765946843e-09;;;;ORANGE;True
1787669581.068386;42.92167239799892;Simulation RF;Détection RF large bande;2,45 GHz;2,45 GHz;;3033;2.4438146308532733;-53.75258523413093;-70.45258523413094;9.010346171137235e-11;0.1;9.010346171137235e-12;1.5958816159772134e-08;;;;VERT;True
1787669581.076863;42.93049646399959;Wi-Fi;Wi-Fi;2,4/5 GHz;wlan0;-33.0;;;;-33.0;5.011872336272725e-07;0.1;5.011872336272725e-08;3.1166374060405466e-05;;;;ROUGE;False
1787669581.1229956;42.97662915099863;Simulation LoRa;LoRa;868 MHz;LoRa 868.100 MHz;-86.8537729414289;;;;-86.8537729414289;2.063586632116114e-12;0.046335999999999995;9.561835018573223e-14;3.759022430627485e-12;13;"SNR=5.21;SF=7;BW=125.0;CR=4/5;F=868.100;CRC=OK;PAYLOAD=54454d504f5f4c4f52415f3432";7;VERT;True
1787669581.1230714;42.97670307599947;BLE Sniffer;Appareil BLE;2,4 GHz BLE;7f:c4:af:1a:e1:07;-72.0;;;;-72.0;6.309573444801942e-11;0.00028;1.7666805645445437e-14;8.53313848758507e-12;25;0x00;38;VERT;False
1787669581.126396;42.98002974599876;BLE Sniffer;Appareil BLE;2,4 GHz BLE;7f:c4:af:1a:e1:07;-68.0;;;;-68.0;1.584893192461111e-10;0.00028;4.43770093889111e-14;8.577515496973981e-12;25;0x00;39;ORANGE;False
1787669581.1282496;42.981883179998476;BLE Sniffer;iBeacon;2,4 GHz BLE;64:d1:2e:b5:04:2d;-63.0;;;;-63.0;5.011872336272714e-10;0.000368;1.8443690197483588e-13;4.161745337330898e-11;36;0x00;37;ORANGE;False
1787669581.1283786;42.9820103080001;BLE Sniffer;iBeacon;2,4 GHz BLE;64:d1:2e:b5:04:2d;-62.0;;;;-62.0;6.309573444801942e-10;0.000368;2.321923027687115e-13;4.184964567607769e-11;36;0x00;38;ORANGE;False
1787669581.1683197;43.02175709399853;Simulation RF;Détection RF large bande;868 MHz;868 MHz;;2419;1.949333477355661;-33.97333909422643;-66.97333909422643;2.0075487055107857e-10;0.1;2.0075487055107857e-11;4.947274253001951e-09;;;;ORANGE;True
1787669581.1685078;43.02175709399853;Simulation RF;Détection RF large bande;2,45 GHz;2,45 GHz;;3040;2.4501569059732398;-54.00627623892959;-70.70627623892959;8.499088981154586e-11;0.1;8.499088981154587e-12;1.596731524875329e-08;;;;VERT;True
1787669581.1771147;43.03074773199842;Wi-Fi;Wi-Fi;2,4/5 GHz;wlan0;-33.0;;;;-33.0;5.011872336272725e-07;0.1;5.011872336272725e-08;3.121649278376819e-05;;;;ROUGE;False
1787669581.2380488;43.091681928999606;BLE Sniffer;iBeacon;2,4 GHz BLE;64:d1:2e:b5:04:2d;-67.0;;;;-67.0;1.9952623149688828e-10;0.000368;7.342565319085489e-14;4.1923071329268547e-11;36;0x00;39;ORANGE;False
1787669581.2683997;43.121837827999116;Simulation RF;Détection RF large bande;868 MHz;868 MHz;;2428;1.9564849136369145;-34.25939654547658;-67.25939654547658;1.8795779670309665e-10;0.1;1.8795779670309666e-11;4.966070032672261e-09;;;;ORANGE;True
1787669581.2685633;43.121837827999116;Simulation RF;Détection RF large bande;2,45 GHz;2,45 GHz;;3033;2.444482509747921;-53.77930038991683;-70.47930038991683;8.955090125297323e-11;0.1;8.955090125297324e-12;1.5976270338878586e-08;;;;VERT;True
1787669581.2775218;43.1311544049986;Wi-Fi;Wi-Fi;2,4/5 GHz;wlan0;-32.0;;;;-32.0;6.30957344480193e-07;0.1;6.30957344480193e-08;3.127958851821621e-05;;;;ROUGE;False
1787669581.351145;43.204778681998505;BLE Sniffer;Appareil BLE;2,4 GHz BLE;7f:c4:af:1a:e1:07;-70.0;;;;-70.0;1e-10;0.00028;2.7999999999999997e-14;8.60551549697398e-12;25;0x00;37;ORANGE;False
1787669581.3512359;43.204867495000144;BLE Sniffer;Appareil BLE;2,4 GHz BLE;7f:c4:af:1a:e1:07;-73.0;;;;-73.0;5.011872336272715e-11;0.00028;1.40332425415636e-14;8.619548739515544e-12;25;0x00;38;VERT;False
1787669581.3512774;43.204908660998626;BLE Sniffer;Appareil BLE;2,4 GHz BLE;7f:c4:af:1a:e1:07;-68.0;;;;-68.0;1.584893192461111e-10;0.00028;4.43770093889111e-14;8.663925748904454e-12;25;0x00;39;ORANGE;False
1787669581.3784235;43.22192667299896;Simulation RF;Détection RF large bande;868 MHz;868 MHz;;2428;1.9562410339878753;-34.24964135951501;-67.24964135951501;1.883804647698692e-10;0.1;1.883804647698692e-11;4.984908079149248e-09;;;;ORANGE;True
1787669581.3790057;43.22192667299896;Simulation RF;Détection RF large bande;2,45 GHz;2,45 GHz;;3067;2.4715956038678315;-54.86382415471326;-71.56382415471326;6.976178502195362e-11;0.1;6.976178502195362e-12;1.598324651738078e-08;;;;VERT;True
1787669581.3906455;43.24427947299955;Wi-Fi;Wi-Fi;2,4/5 GHz;wlan0;-32.0;;;;-32.0;6.30957344480193e-07;0.1;6.30957344480193e-08;3.134268425266423e-05;;;;ROUGE;False
1787669581.457663;43.31129624099958;BLE Sniffer;iBeacon;2,4 GHz BLE;64:d1:2e:b5:04:2d;-63.0;;;;-63.0;5.011872336272714e-10;0.000368;1.8443690197483588e-13;4.210750823124338e-11;36;0x00;37;ORANGE;False
1787669581.461125;43.31475937199866;BLE Sniffer;iBeacon;2,4 GHz BLE;64:d1:2e:b5:04:2d;-63.0;;;;-63.0;5.011872336272714e-10;0.000368;1.8443690197483588e-13;4.2291945133218215e-11;36;0x00;38;ORANGE;False
1787669581.4631248;43.316759266999725;BLE Sniffer;iBeacon;2,4 GHz BLE;64:d1:2e:b5:04:2d;-68.0;;;;-68.0;1.584893192461111e-10;0.000368;5.832406948256888e-14;4.2350269202700785e-11;36;0x00;39;ORANGE;False
1787669581.4632142;43.31684558099914;BLE Sniffer;Appareil BLE;2,4 GHz BLE;d3:23:2f:4d:3e:b1;-79.0;;;;-79.0;1.2589254117941662e-11;0.000376;4.7335595483460644e-15;1.1159221383315549e-13;37;0x00;37;VERT;False
1787669581.4713533;43.32273676600016;Simulation RF;Détection RF large bande;868 MHz;868 MHz;;2391;1.9271761735449537;-33.08704694179815;-66.08704694179815;2.462041141293989e-10;0.1;2.462041141293989e-11;5.009528490562188e-09;;;;ORANGE;True
1787669581.4714994;43.32273676600016;Simulation RF;Détection RF large bande;2,45 GHz;2,45 GHz;;3001;2.418430439461638;-52.73721757846552;-69.43721757846552;1.1383563701180383e-10;0.1;1.1383563701180383e-11;1.599463008108196e-08;;;;ORANGE;True
1787669581.4799666;43.333599207999214;Wi-Fi;Wi-Fi;2,4/5 GHz;wlan0;-32.0;;;;-32.0;6.30957344480193e-07;0.1;6.30957344480193e-08;3.1405779987112253e-05;;;;ROUGE;False
1787669581.5832832;43.436916816999656;BLE Sniffer;iBeacon;2,4 GHz BLE;64:d1:2e:b5:04:2d;-63.0;;;;-63.0;5.011872336272714e-10;0.000368;1.8443690197483588e-13;4.253470610467562e-11;36;0x00;38;ORANGE;False
1787669581.5857503;43.4393841860001;BLE Sniffer;iBeacon;2,4 GHz BLE;64:d1:2e:b5:04:2d;-68.0;;;;-68.0;1.584893192461111e-10;0.000368;5.832406948256888e-14;4.259303017415819e-11;36;0x00;39;ORANGE;False
1787669581.5780163;43.422869869998976;Simulation RF;Détection RF large bande;868 MHz;868 MHz;;2317;1.8668602948474815;-30.674411793899253;-63.67441179389925;4.291003024165989e-10;0.1;4.2910030241659893e-11;5.0524385208038475e-09;;;;ORANGE;True
1787669581.5989683;43.422869869998976;Simulation RF;Détection RF large bande;2,45 GHz;2,45 GHz;;3001;2.4180028718403412;-52.72011487361364;-69.42011487361364;1.1428481053409866e-10;0.1;1.1428481053409866e-11;1.600605856213537e-08;;;;ORANGE;True
1787669581.61045;43.464082208000036;Wi-Fi;Wi-Fi;2,4/5 GHz;wlan0;-32.0;;;;-32.0;6.30957344480193e-07;0.1;6.30957344480193e-08;3.1468875721560274e-05;;;;ROUGE;False
1787669581.6695092;43.52295188199969;Simulation RF;Détection RF large bande;868 MHz;868 MHz;;2372;1.9112068232293138;-32.448272929172546;-65.44827292917255;2.8521522652556367e-10;0.1;2.852152265255637e-11;5.080960043456404e-09;;;;ORANGE;True
1787669581.669664;43.52295188199969;Simulation RF;Détection RF large bande;2,45 GHz;2,45 GHz;;2972;2.395400133422694;-51.816005336907764;-68.51600533690777;1.4073414088798643e-10;0.1;1.4073414088798643e-11;1.602013197622417e-08;;;;ORANGE;True
1787669581.6780384;43.531670782998845;Wi-Fi;Wi-Fi;2,4/5 GHz;wlan0;-32.0;;;;-32.0;6.30957344480193e-07;0.1;6.30957344480193e-08;3.1531971456008295e-05;;;;ROUGE;False
1787669581.7695863;43.62303542999871;Simulation RF;Détection RF large bande;868 MHz;868 MHz;;2486;2.0030890162443233;-36.12356064977293;-69.12356064977293;1.2236125847662632e-10;0.1;1.2236125847662632e-11;5.093196169304066e-09;;;;ORANGE;True
1787669581.7697423;43.62303542999871;Simulation RF;Détection RF large bande;2,45 GHz;2,45 GHz;;2957;2.38293760382186;-51.317504152874406;-68.01750415287441;1.578518167748473e-10;0.1;1.578518167748473e-11;1.6035917157901654e-08;;;;ORANGE;True
1787669581.7882814;43.64191474699874;Wi-Fi;Wi-Fi;2,4/5 GHz;wlan0;-32.0;;;;-32.0;6.30957344480193e-07;0.1;6.30957344480193e-08;3.1595067190456315e-05;;;;ROUGE;False
1787669581.8696828;43.723115552998934;Simulation RF;Détection RF large bande;868 MHz;868 MHz;;2398;1.9327241499806385;-33.308965999225535;-66.30896599922553;2.339394152810995e-10;0.1;2.339394152810995e-11;5.116590110832176e-09;;;;ORANGE;True
1787669581.8698347;43.723115552998934;Simulation RF;Détection RF large bande;2,45 GHz;2,45 GHz;;3073;2.476296379973432;-55.05185519893726;-71.75185519893726;6.680584784978277e-11;0.1;6.680584784978277e-12;1.604259774268663e-08;;;;VERT;True
1787669581.8781466;43.7317793809998;Wi-Fi;Wi-Fi;2,4/5 GHz;wlan0;-32.0;;;;-32.0;6.30957344480193e-07;0.1;6.30957344480193e-08;3.1658162924904336e-05;;;;ROUGE;False
1787669581.9081748;43.76180796799963;BLE Sniffer;Appareil BLE;2,4 GHz BLE;7f:c4:af:1a:e1:07;-70.0;;;;-70.0;1e-10;0.00028;2.7999999999999997e-14;8.691925748904454e-12;25;0x00;37;ORANGE;False
1787669581.908245;43.76187635599854;BLE Sniffer;Appareil BLE;2,4 GHz BLE;7f:c4:af:1a:e1:07;-72.0;;;;-72.0;6.309573444801942e-11;0.00028;1.7666805645445437e-14;8.7095925545499e-12;25;0x00;38;VERT;False
1787669581.9135938;43.767227456999535;BLE Sniffer;Appareil BLE;2,4 GHz BLE;7f:c4:af:1a:e1:07;-68.0;;;;-68.0;1.584893192461111e-10;0.00028;4.43770093889111e-14;8.75396956393881e-12;25;0x00;39;ORANGE;False
1787669581.9136844;43.76731606700014;BLE Sniffer;iBeacon;2,4 GHz BLE;64:d1:2e:b5:04:2d;-63.0;;;;-63.0;5.011872336272714e-10;0.000368;1.8443690197483588e-13;4.277746707613302e-11;36;0x00;37;ORANGE;False
1787669581.9697423;43.823196731998905;Simulation RF;Détection RF large bande;868 MHz;868 MHz;;2336;1.8822003447050222;-31.288013788200885;-64.28801378820089;3.7256205563586734e-10;0.1;3.7256205563586737e-11;5.153846316395763e-09;;;;ORANGE;True
1787669581.9698884;43.823196731998905;Simulation RF;Détection RF large bande;2,45 GHz;2,45 GHz;;3081;2.4826325964016966;-55.30530385606785;-72.00530385606785;6.301872531166397e-11;0.1;6.3018725311663975e-12;1.60488996152178e-08;;;;VERT;True
1787669581.9783778;43.83201057599945;Wi-Fi;Wi-Fi;2,4/5 GHz;wlan0;-32.0;;;;-32.0;6.30957344480193e-07;0.1;6.30957344480193e-08;3.1721258659352356e-05;;;;ROUGE;False
1787669582.0216932;43.875326936999045;BLE Sniffer;iBeacon;2,4 GHz BLE;64:d1:2e:b5:04:2d;-63.0;;;;-63.0;5.011872336272714e-10;0.000368;1.8443690197483588e-13;4.296190397810786e-11;36;0x00;38;ORANGE;False
1787669582.0217767;43.87540810199971;BLE Sniffer;iBeacon;2,4 GHz BLE;64:d1:2e:b5:04:2d;-68.0;;;;-68.0;1.584893192461111e-10;0.000368;5.832406948256888e-14;4.302022804759043e-11;36;0x00;39;ORANGE;False
1787669582.0698266;43.92327874399962;Simulation RF;Détection RF large bande;868 MHz;868 MHz;;2380;1.9175978849604878;-32.70391539841951;-65.70391539841951;2.689109333997582e-10;0.1;2.689109333997582e-11;5.180737409735739e-09;;;;ORANGE;True
1787669582.0699742;43.92327874399962;Simulation RF;Détection RF large bande;2,45 GHz;2,45 GHz;;2992;2.4112676810439133;-52.45070724175652;-69.15070724175652;1.215987962787961e-10;0.1;1.2159879627879612e-11;1.6061059494845677e-08;;;;ORANGE;True
1787669582.0788953;43.932528135999746;Wi-Fi;Wi-Fi;2,4/5 GHz;wlan0;-32.0;;;;-32.0;6.30957344480193e-07;0.1;6.30957344480193e-08;3.178435439380038e-05;;;;ROUGE;False
1787669582.1315312;43.98516403699978;Simulation LoRa;LoRa;868 MHz;LoRa 868.100 MHz;-88.82031907145064;;;;-88.82031907145064;1.3121034966556109e-12;0.046335999999999995;6.079762762103438e-14;3.819820058248519e-12;13;"SNR=5.06;SF=7;BW=125.0;CR=4/5;F=868.100;CRC=OK;PAYLOAD=54454d504f5f4c4f52415f3433";7;VERT;True
1787669582.1374366;43.991070389000015;BLE Sniffer;Appareil BLE;2,4 GHz BLE;7f:c4:af:1a:e1:07;-69.0;;;;-69.0;1.2589254117941662e-10;0.00028;3.524991153023665e-14;8.789219475469047e-12;25;0x00;37;ORANGE;False
1787669582.1393275;43.99296091499855;BLE Sniffer;Appareil BLE;2,4 GHz BLE;7f:c4:af:1a:e1:07;-73.0;;;;-73.0;5.011872336272715e-11;0.00028;1.40332425415636e-14;8.80325271801061e-12;25;0x00;38;VERT;False
1787669582.169881;44.02335410699925;Simulation RF;Détection RF large bande;868 MHz;868 MHz;;2337;1.883581785777177;-31.343271431087075;-64.34327143108708;3.678517757630318e-10;0.1;3.678517757630318e-11;5.217522587312042e-09;;;;ORANGE;True
1787669582.1700149;44.02335410699925;Simulation RF;Détection RF large bande;2,45 GHz;2,45 GHz;;3054;2.461138096826683;-54.445523873067316;-71.14552387306732;7.681527907140728e-11;0.1;7.681527907140728e-12;1.6068741022752817e-08;;;;VERT;True
1787669582.178402;44.03203534199929;Wi-Fi;Wi-Fi;2,4/5 GHz;wlan0;-32.0;;;;-32.0;6.30957344480193e-07;0.1;6.30957344480193e-08;3.18474501282484e-05;;;;ROUGE;False
1787669582.2439294;44.09756276400003;BLE Sniffer;Appareil BLE;2,4 GHz BLE;7f:c4:af:1a:e1:07;-68.0;;;;-68.0;1.584893192461111e-10;0.00028;4.43770093889111e-14;8.847629727399521e-12;25;0x00;39;ORANGE;False
1787669582.249585;44.103219786999034;BLE Sniffer;iBeacon;2,4 GHz BLE;64:d1:2e:b5:04:2d;-63.0;;;;-63.0;5.011872336272714e-10;0.000368;1.8443690197483588e-13;4.320466494956526e-11;36;0x00;37;ORANGE;False
1787669582.2496755;44.103307081999446;BLE Sniffer;iBeacon;2,4 GHz BLE;64:d1:2e:b5:04:2d;-63.0;;;;-63.0;5.011872336272714e-10;0.000368;1.8443690197483588e-13;4.3389101851540096e-11;36;0x00;38;ORANGE;False
1787669582.2699742;44.1234334159999;Simulation RF;Détection RF large bande;868 MHz;868 MHz;;2383;1.9204207691037856;-32.81683076415142;-65.81683076415142;2.620094307603288e-10;0.1;2.6200943076032883e-11;5.243723530388075e-09;;;;ORANGE;True
1787669582.2701185;44.1234334159999;Simulation RF;Détection RF large bande;2,45 GHz;2,45 GHz;;3072;2.4753123767261163;-55.01249506904465;-71.71249506904465;6.74140615304914e-11;0.1;6.74140615304914e-12;1.6075482428905868e-08;;;;VERT;True
1787669582.2790475;44.13267969699882;Wi-Fi;Wi-Fi;2,4/5 GHz;wlan0;-32.0;;;;-32.0;6.30957344480193e-07;0.1;6.30957344480193e-08;3.191054586269642e-05;;;;ROUGE;False
1787669582.3561327;44.209766789999776;BLE Sniffer;iBeacon;2,4 GHz BLE;64:d1:2e:b5:04:2d;-68.0;;;;-68.0;1.584893192461111e-10;0.000368;5.832406948256888e-14;4.3447425921022666e-11;36;0x00;39;ORANGE;False
1787669582.370029;44.223516075999214;Simulation RF;Détection RF large bande;868 MHz;868 MHz;;2346;1.8904353372554443;-31.61741349021777;-64.61741349021777;3.453493563962041e-10;0.1;3.4534935639620415e-11;5.2782584660276954e-09;;;;ORANGE;True
1787669582.370185;44.223516075999214;Simulation RF;Détection RF large bande;2,45 GHz;2,45 GHz;;2947;2.374925450213942;-50.997018008557674;-67.69701800855768;1.6994101160579733e-10;0.1;1.6994101160579735e-11;1.6092476530066448e-08;;;;ORANGE;True
1787669582.378603;44.23223532799966;Wi-Fi;Wi-Fi;2,4/5 GHz;wlan0;-32.0;;;;-32.0;6.30957344480193e-07;0.1;6.30957344480193e-08;3.197364159714444e-05;;;;ROUGE;False
1787669582.469777;44.32341101599923;BLE Sniffer;Appareil BLE;2,4 GHz BLE;7f:c4:af:1a:e1:07;-70.0;;;;-70.0;1e-10;0.00028;2.7999999999999997e-14;8.875629727399521e-12;25;0x00;37;ORANGE;False
1787669582.4698718;44.3235034219997;BLE Sniffer;Appareil BLE;2,4 GHz BLE;7f:c4:af:1a:e1:07;-72.0;;;;-72.0;6.309573444801942e-11;0.00028;1.7666805645445437e-14;8.893296533044966e-12;25;0x00;38;VERT;False
1787669582.4699128;44.323544236998714;BLE Sniffer;Appareil BLE;2,4 GHz BLE;7f:c4:af:1a:e1:07;-68.0;;;;-68.0;1.584893192461111e-10;0.00028;4.43770093889111e-14;8.937673542433877e-12;25;0x00;39;ORANGE;False
1787669582.4699504;44.323581976999776;BLE Sniffer;iBeacon;2,4 GHz BLE;64:d1:2e:b5:04:2d;-63.0;;;;-63.0;5.011872336272714e-10;0.000368;1.8443690197483588e-13;4.36318628229975e-11;36;0x00;37;ORANGE;False
1787669582.4699874;44.32361877199946;BLE Sniffer;iBeacon;2,4 GHz BLE;64:d1:2e:b5:04:2d;-62.0;;;;-62.0;6.309573444801942e-10;0.000368;2.321923027687115e-13;4.386405512576621e-11;36;0x00;38;ORANGE;False
1787669582.4700465;44.32367791999968;BLE Sniffer;iBeacon;2,4 GHz BLE;64:d1:2e:b5:04:2d;-68.0;;;;-68.0;1.584893192461111e-10;0.000368;5.832406948256888e-14;4.3922379195248783e-11;36;0x00;39;ORANGE;False
1787669582.4827366;44.323701493000044;Simulation RF;Détection RF large bande;868 MHz;868 MHz;;2361;1.9022982258747245;-32.09192903498898;-65.09192903498898;3.096043803173129e-10;0.1;3.096043803173129e-11;5.309218904059427e-09;;;;ORANGE;True
1787669582.482891;44.323701493000044;Simulation RF;Détection RF large bande;2,45 GHz;2,45 GHz;;2944;2.372235143120127;-50.88940572480509;-67.58940572480509;1.742045233188105e-10;0.1;1.742045233188105e-11;1.6109896982398328e-08;;;;ORANGE;True
1787669582.4883363;44.34196874499867;Wi-Fi;Wi-Fi;2,4/5 GHz;wlan0;-32.0;;;;-32.0;6.30957344480193e-07;0.1;6.30957344480193e-08;3.203673733159246e-05;;;;ROUGE;False
1787669582.5703104;44.423783172000185;Simulation RF;Détection RF large bande;868 MHz;868 MHz;;2324;1.8731678690930638;-30.926714763722543;-63.92671476372254;4.0488205037322305e-10;0.1;4.048820503732231e-11;5.349707109096749e-09;;;;ORANGE;True
1787669582.570459;44.423783172000185;Simulation RF;Détection RF large bande;2,45 GHz;2,45 GHz;;2989;2.4091090460876163;-52.36436184350465;-69.06436184350466;1.2404058781629846e-10;0.1;1.2404058781629846e-11;1.6122301041179956e-08;;;;ORANGE;True
1787669582.578815;44.43244773999868;Wi-Fi;Wi-Fi;2,4/5 GHz;wlan0;-32.0;;;;-32.0;6.30957344480193e-07;0.1;6.30957344480193e-08;3.209983306604048e-05;;;;ROUGE;False
1787669582.670416;44.52386033199946;Simulation RF;Détection RF large bande;868 MHz;868 MHz;;2372;1.911198260183885;-32.4479304073554;-65.4479304073554;2.8523772192770933e-10;0.1;2.8523772192770934e-11;5.3782308812895205e-09;;;;ORANGE;True
1787669582.670557;44.52386033199946;Simulation RF;Détection RF large bande;2,45 GHz;2,45 GHz;;3048;2.4562652558573355;-54.25061023429342;-70.95061023429342;8.034132253452764e-11;0.1;8.034132253452764e-12;1.6130335173433408e-08;;;;VERT;True
1787669582.6788926;44.5325249739999;Wi-Fi;Wi-Fi;2,4/5 GHz;wlan0;-32.0;;;;-32.0;6.30957344480193e-07;0.1;6.30957344480193e-08;3.21629288004885e-05;;;;ROUGE;False
1787669582.6943054;44.547939622998456;BLE Sniffer;Appareil BLE;2,4 GHz BLE;7f:c4:af:1a:e1:07;-69.0;;;;-69.0;1.2589254117941662e-10;0.00028;3.524991153023665e-14;8.972923453964115e-12;25;0x00;37;ORANGE;False
1787669582.7017589;44.555392655000105;BLE Sniffer;Appareil BLE;2,4 GHz BLE;7f:c4:af:1a:e1:07;-72.0;;;;-72.0;6.309573444801942e-11;0.00028;1.7666805645445437e-14;8.99059025960956e-12;25;0x00;38;VERT;False
1787669582.7704868;44.62394108499939;Simulation RF;Détection RF large bande;868 MHz;868 MHz;;2349;1.8926476363165372;-31.705905452661483;-64.70590545266148;3.3838371550646855e-10;0.1;3.3838371550646857e-11;5.412069252840167e-09;;;;ORANGE;True
1787669582.770629;44.62394108499939;Simulation RF;Détection RF large bande;2,45 GHz;2,45 GHz;;2960;2.3856418021879953;-51.425672087519814;-68.12567208751982;1.5396882349081158e-10;0.1;1.539688234908116e-11;1.6145732055782488e-08;;;;ORANGE;True
1787669582.7789016;44.63253402499868;Wi-Fi;Wi-Fi;2,4/5 GHz;wlan0;-32.0;;;;-32.0;6.30957344480193e-07;0.1;6.30957344480193e-08;3.222602453493652e-05;;;;ROUGE;False
1787669582.8064163;44.660049631998845;BLE Sniffer;Appareil BLE;2,4 GHz BLE;7f:c4:af:1a:e1:07;-68.0;;;;-68.0;1.584893192461111e-10;0.00028;4.43770093889111e-14;9.034967268998471e-12;25;0x00;39;ORANGE;False
1787669582.8064861;44.66011764999894;BLE Sniffer;iBeacon;2,4 GHz BLE;64:d1:2e:b5:04:2d;-63.0;;;;-63.0;5.011872336272714e-10;0.000368;1.8443690197483588e-13;4.410681609722362e-11;36;0x00;37;ORANGE;False
1787669582.8121283;44.66576226500001;BLE Sniffer;iBeacon;2,4 GHz BLE;64:d1:2e:b5:04:2d;-62.0;;;;-62.0;6.309573444801942e-10;0.000368;2.321923027687115e-13;4.433900839999233e-11;36;0x00;38;ORANGE;False
1787669582.8705854;44.72402754099858;Simulation RF;Détection RF large bande;868 MHz;868 MHz;;2384;1.9213195705862465;-32.85278282344986;-65.85278282344986;2.5984939957750194e-10;0.1;2.5984939957750195e-11;5.4380541927979174e-09;;;;ORANGE;True
1787669582.870736;44.72402754099858;Simulation RF;Détection RF large bande;2,45 GHz;2,45 GHz;;3041;2.4502870232415432;-54.011480929661715;-70.71148092966172;8.488909566989408e-11;0.1;8.48890956698941e-12;1.6154220965349478e-08;;;;VERT;True
1787669582.8788936;44.732526444999166;Wi-Fi;Wi-Fi;2,4/5 GHz;wlan0;-32.0;;;;-32.0;6.30957344480193e-07;0.1;6.30957344480193e-08;3.228912026938454e-05;;;;ROUGE;False
1787669582.9185956;44.77222902899848;BLE Sniffer;iBeacon;2,4 GHz BLE;64:d1:2e:b5:04:2d;-68.0;;;;-68.0;1.584893192461111e-10;0.000368;5.832406948256888e-14;4.43973324694749e-11;36;0x00;39;ORANGE;False
1787669582.9264238;44.7800577959988;BLE Sniffer;Appareil BLE;2,4 GHz BLE;7f:c4:af:1a:e1:07;-70.0;;;;-70.0;1e-10;0.00028;2.7999999999999997e-14;9.06296726899847e-12;25;0x00;37;ORANGE;False
1787669582.970642;44.82410603399876;Simulation RF;Détection RF large bande;868 MHz;868 MHz;;2359;1.9013176783251162;-32.052707133004645;-65.05270713300465;3.124131362727169e-10;0.1;3.1241313627271695e-11;5.469295506425189e-09;;;;ORANGE;True
1787669582.9707828;44.82410603399876;Simulation RF;Détection RF large bande;2,45 GHz;2,45 GHz;;3084;2.4855410367574526;-55.4216414702981;-72.1216414702981;6.135300699746871e-11;0.1;6.135300699746871e-12;1.6160356266049225e-08;;;;VERT;True
1787669582.9790359;44.83266836399889;Wi-Fi;Wi-Fi;2,4/5 GHz;wlan0;-32.0;;;;-32.0;6.30957344480193e-07;0.1;6.30957344480193e-08;3.235221600383256e-05;;;;ROUGE;False
1787669583.0292943;44.882926911999675;BLE Sniffer;Appareil BLE;2,4 GHz BLE;7f:c4:af:1a:e1:07;-72.0;;;;-72.0;6.309573444801942e-11;0.00028;1.7666805645445437e-14;9.080634074643916e-12;25;0x00;38;VERT;False
1787669583.0329113;44.8865451519996;BLE Sniffer;Appareil BLE;2,4 GHz BLE;7f:c4:af:1a:e1:07;-68.0;;;;-68.0;1.584893192461111e-10;0.00028;4.43770093889111e-14;9.125011084032827e-12;25;0x00;39;ORANGE;False
1787669583.0352616;44.88889652299986;BLE Sniffer;iBeacon;2,4 GHz BLE;64:d1:2e:b5:04:2d;-63.0;;;;-63.0;5.011872336272714e-10;0.000368;1.8443690197483588e-13;4.4581769371449735e-11;36;0x00;37;ORANGE;False
1787669583.0394614;44.89309521699943;BLE Sniffer;iBeacon;2,4 GHz BLE;64:d1:2e:b5:04:2d;-62.0;;;;-62.0;6.309573444801942e-10;0.000368;2.321923027687115e-13;4.481396167421845e-11;36;0x00;38;ORANGE;False
1787669583.0415778;44.895210942999256;Simulation LoRa;LoRa;868 MHz;LoRa 868.100 MHz;-86.41941010174446;;;;-86.41941010174446;2.2806518298322835e-12;0.046335999999999995;1.0567628318710869e-13;3.925496341435627e-12;13;"SNR=8.29;SF=7;BW=125.0;CR=4/5;F=868.100;CRC=OK;PAYLOAD=54454d504f5f4c4f52415f3434";7;VERT;True
1787669583.0709577;44.92423041599977;Simulation RF;Détection RF large bande;868 MHz;868 MHz;;2358;1.9003261380034768;-32.01304552013907;-65.01304552013907;3.152792930100182e-10;0.1;3.152792930100182e-11;5.500823435726191e-09;;;;ORANGE;True
1787669583.0711708;44.92423041599977;Simulation RF;Détection RF large bande;2,45 GHz;2,45 GHz;;2998;2.4156492875605986;-52.62597150242394;-69.32597150242394;1.1678924469521105e-10;0.1;1.1678924469521105e-11;1.6172035190518745e-08;;;;ORANGE;True
1787669583.0799496;44.93358239999907;Wi-Fi;Wi-Fi;2,4/5 GHz;wlan0;-32.0;;;;-32.0;6.30957344480193e-07;0.1;6.30957344480193e-08;3.241531173828058e-05;;;;ROUGE;False
1787669583.1462553;44.99988856799973;BLE Sniffer;iBeacon;2,4 GHz BLE;64:d1:2e:b5:04:2d;-68.0;;;;-68.0;1.584893192461111e-10;0.000368;5.832406948256888e-14;4.487228574370102e-11;36;0x00;39;ORANGE;False
1787669583.1708646;45.02431692799837;Simulation RF;Détection RF large bande;868 MHz;868 MHz;;2412;1.9437471142074618;-33.74988456829847;-66.74988456829847;2.113545215286344e-10;0.1;2.113545215286344e-11;5.521958887879054e-09;;;;ORANGE;True
1787669583.171023;45.02431692799837;Simulation RF;Détection RF large bande;2,45 GHz;2,45 GHz;;2949;2.376553663482722;-51.062146539308884;-67.76214653930889;1.6741152250873837e-10;0.1;1.674115225087384e-11;1.618877634276962e-08;;;;ORANGE;True
1787669583.1789074;45.03253959599897;Wi-Fi;Wi-Fi;2,4/5 GHz;wlan0;-32.0;;;;-32.0;6.30957344480193e-07;0.1;6.30957344480193e-08;3.24784074727286e-05;;;;ROUGE;False
1787669583.2600656;45.113699624998844;BLE Sniffer;Appareil BLE;2,4 GHz BLE;7f:c4:af:1a:e1:07;-70.0;;;;-70.0;1e-10;0.00028;2.7999999999999997e-14;9.153011084032826e-12;25;0x00;37;ORANGE;False
1787669583.2601604;45.113792067999384;BLE Sniffer;Appareil BLE;2,4 GHz BLE;7f:c4:af:1a:e1:07;-73.0;;;;-73.0;5.011872336272715e-11;0.00028;1.40332425415636e-14;9.16704432657439e-12;25;0x00;38;VERT;False
1787669583.2760477;45.124697990999266;Simulation RF;Détection RF large bande;868 MHz;868 MHz;;2394;1.929102967092954;-33.16411868371816;-66.16411868371816;2.418734123233285e-10;0.1;2.418734123233285e-11;5.5461462291113875e-09;;;;ORANGE;True
1787669583.28715;45.124697990999266;Simulation RF;Détection RF large bande;2,45 GHz;2,45 GHz;;2984;2.4049152964166236;-52.19661185666493;-68.89661185666493;1.289254970215353e-10;0.1;1.2892549702153531e-11;1.6201668892471773e-08;;;;ORANGE;True
1787669583.3068216;45.16045461799877;Wi-Fi;Wi-Fi;2,4/5 GHz;wlan0;-32.0;;;;-32.0;6.30957344480193e-07;0.1;6.30957344480193e-08;3.2541503207176624e-05;;;;ROUGE;False
1787669583.3649127;45.21854574799909;BLE Sniffer;Appareil BLE;2,4 GHz BLE;7f:c4:af:1a:e1:07;-68.0;;;;-68.0;1.584893192461111e-10;0.00028;4.43770093889111e-14;9.2114213359633e-12;25;0x00;39;ORANGE;False
1787669583.3704867;45.22412138299842;BLE Sniffer;iBeacon;2,4 GHz BLE;64:d1:2e:b5:04:2d;-63.0;;;;-63.0;5.011872336272714e-10;0.000368;1.8443690197483588e-13;4.505672264567585e-11;36;0x00;37;ORANGE;False
1787669583.3705814;45.224212862998684;BLE Sniffer;iBeacon;2,4 GHz BLE;64:d1:2e:b5:04:2d;-62.0;;;;-62.0;6.309573444801942e-10;0.000368;2.321923027687115e-13;4.5288914948444566e-11;36;0x00;38;ORANGE;False
1787669583.3706203;45.22425160399871;BLE Sniffer;iBeacon;2,4 GHz BLE;64:d1:2e:b5:04:2d;-68.0;;;;-68.0;1.584893192461111e-10;0.000368;5.832406948256888e-14;4.5347239017927136e-11;36;0x00;39;ORANGE;False
1787669583.3790333;45.22482520599988;Simulation RF;Détection RF large bande;868 MHz;868 MHz;;2369;1.909169535517885;-32.3667814207154;-65.3667814207154;2.90617563864787e-10;0.1;2.90617563864787e-11;5.575207985497866e-09;;;;ORANGE;True
1787669583.3791828;45.22482520599988;Simulation RF;Détection RF large bande;2,45 GHz;2,45 GHz;;3058;2.4646012260934356;-54.58404904373742;-71.28404904373743;7.440379639187867e-11;0.1;7.440379639187867e-12;1.620910927211096e-08;;;;VERT;True
1787669583.3869066;45.24053931199887;Wi-Fi;Wi-Fi;2,4/5 GHz;wlan0;-32.0;;;;-32.0;6.30957344480193e-07;0.1;6.30957344480193e-08;3.2604598941624644e-05;;;;ROUGE;False
1787669583.4714453;45.324901809999574;Simulation RF;Détection RF large bande;868 MHz;868 MHz;;2354;1.8972521733821375;-31.890086935285495;-64.8900869352855;3.243331249170948e-10;0.1;3.243331249170948e-11;5.607641297989575e-09;;;;ORANGE;True
1787669583.4715893;45.324901809999574;Simulation RF;Détection RF large bande;2,45 GHz;2,45 GHz;;2964;2.3883408534484896;-51.53363413793957;-68.23363413793957;1.5018846762615497e-10;0.1;1.5018846762615498e-11;1.6224128118873575e-08;;;;ORANGE;True
1787669583.492548;45.346182200999465;BLE Sniffer;Appareil BLE;2,4 GHz BLE;d3:23:2f:4d:3e:b1;-79.0;;;;-79.0;1.2589254117941662e-11;0.000376;4.7335595483460644e-15;1.1632577338150156e-13;37;0x00;37;VERT;False
1787669583.4988594;45.3524931389984;BLE Sniffer;Appareil BLE;2,4 GHz BLE;7f:c4:af:1a:e1:07;-73.0;;;;-73.0;5.011872336272715e-11;0.00028;1.40332425415636e-14;9.225454578504863e-12;25;0x00;38;VERT;False
1787669583.4869406;45.340573343999495;Wi-Fi;Wi-Fi;2,4/5 GHz;wlan0;-32.0;;;;-32.0;6.30957344480193e-07;0.1;6.30957344480193e-08;3.2667694676072665e-05;;;;ROUGE;False
1787669583.5715568;45.425004451999484;Simulation RF;Détection RF large bande;868 MHz;868 MHz;;2367;1.907512200246907;-32.300488009876275;-65.30048800987628;2.950877622560183e-10;0.1;2.950877622560183e-11;5.6371500742151766e-09;;;;ORANGE;True
1787669583.5717041;45.425004451999484;Simulation RF;Détection RF large bande;2,45 GHz;2,45 GHz;;2895;2.332628624547301;-49.30514498189204;-66.00514498189204;2.508912422255326e-10;0.1;2.508912422255326e-11;1.6249217243096128e-08;;;;ORANGE;True
1787669583.5800645;45.433696685999166;Wi-Fi;Wi-Fi;2,4/5 GHz;wlan0;-32.0;;;;-32.0;6.30957344480193e-07;0.1;6.30957344480193e-08;3.2730790410520685e-05;;;;ROUGE;False
1787669583.6033108;45.45694528700005;BLE Sniffer;Appareil BLE;2,4 GHz BLE;7f:c4:af:1a:e1:07;-68.0;;;;-68.0;1.584893192461111e-10;0.00028;4.43770093889111e-14;9.269831587893774e-12;25;0x00;39;ORANGE;False
1787669583.6094613;45.46309578299952;BLE Sniffer;iBeacon;2,4 GHz BLE;64:d1:2e:b5:04:2d;-62.0;;;;-62.0;6.309573444801942e-10;0.000368;2.321923027687115e-13;4.557943132069585e-11;36;0x00;37;ORANGE;False
1787669583.6716251;45.525082185999054;Simulation RF;Détection RF large bande;868 MHz;868 MHz;;2338;1.8838481407436085;-31.35392562974434;-64.35392562974434;3.669504604805831e-10;0.1;3.669504604805831e-11;5.6738451202632345e-09;;;;ORANGE;True
1787669583.6717684;45.525082185999054;Simulation RF;Détection RF large bande;2,45 GHz;2,45 GHz;;3047;2.455169892117971;-54.20679568471884;-70.90679568471884;8.115596226285785e-11;0.1;8.115596226285786e-12;1.6257332839322414e-08;;;;VERT;True
1787669583.6800842;45.53371647699896;Wi-Fi;Wi-Fi;2,4/5 GHz;wlan0;-33.0;;;;-33.0;5.011872336272725e-07;0.1;5.011872336272725e-08;3.278090913388341e-05;;;;ROUGE;False
1787669583.7142215;45.567854888999136;BLE Sniffer;iBeacon;2,4 GHz BLE;64:d1:2e:b5:04:2d;-63.0;;;;-63.0;5.011872336272714e-10;0.000368;1.8443690197483588e-13;4.5763868222670684e-11;36;0x00;38;ORANGE;False
1787669583.7143068;45.567938405998575;BLE Sniffer;iBeacon;2,4 GHz BLE;64:d1:2e:b5:04:2d;-68.0;;;;-68.0;1.584893192461111e-10;0.000368;5.832406948256888e-14;4.5822192292153254e-11;36;0x00;39;ORANGE;False
1787669583.7716978;45.62516171700008;Simulation RF;Détection RF large bande;868 MHz;868 MHz;;2419;1.9490603211664739;-33.96241284665895;-66.96241284665895;2.0126057787428746e-10;0.1;2.0126057787428746e-11;5.6939711780506635e-09;;;;ORANGE;True
1787669583.7718375;45.62516171700008;Simulation RF;Détection RF large bande;2,45 GHz;2,45 GHz;;2977;2.398784878365673;-51.95139513462692;-68.65139513462692;1.3641448460945732e-10;0.1;1.3641448460945732e-11;1.627097428778336e-08;;;;ORANGE;True
1787669583.7801707;45.63380395199965;Wi-Fi;Wi-Fi;2,4/5 GHz;wlan0;-33.0;;;;-33.0;5.011872336272725e-07;0.1;5.011872336272725e-08;3.283102785724614e-05;;;;ROUGE;False
1787669583.827085;45.68071823799983;BLE Sniffer;Appareil BLE;2,4 GHz BLE;7f:c4:af:1a:e1:07;-68.0;;;;-68.0;1.584893192461111e-10;0.00028;4.43770093889111e-14;9.314208597282685e-12;25;0x00;37;ORANGE;False
1787669583.8271623;45.68079399599992;BLE Sniffer;Appareil BLE;2,4 GHz BLE;7f:c4:af:1a:e1:07;-73.0;;;;-73.0;5.011872336272715e-11;0.00028;1.40332425415636e-14;9.328241839824248e-12;25;0x00;38;VERT;False
1787669583.832841;45.68647464899914;BLE Sniffer;Appareil BLE;2,4 GHz BLE;7f:c4:af:1a:e1:07;-69.0;;;;-69.0;1.2589254117941662e-10;0.00028;3.524991153023665e-14;9.363491751354486e-12;25;0x00;39;ORANGE;False
1787669583.8717647;45.72524004399929;Simulation RF;Détection RF large bande;868 MHz;868 MHz;;2395;1.929744820780097;-33.189792831203874;-66.18979283120387;2.404477496566105e-10;0.1;2.404477496566105e-11;5.7180159530163245e-09;;;;ORANGE;True
1787669583.871901;45.72524004399929;Simulation RF;Détection RF large bande;2,45 GHz;2,45 GHz;;3085;2.486475505379582;-55.45902021518327;-72.15902021518328;6.082722143179568e-11;0.1;6.082722143179568e-12;1.627705700992654e-08;;;;VERT;True
1787669583.8802078;45.73384037199867;Wi-Fi;Wi-Fi;2,4/5 GHz;wlan0;-33.0;;;;-33.0;5.011872336272725e-07;0.1;5.011872336272725e-08;3.288114658060886e-05;;;;ROUGE;False
1787669583.9400456;45.79367895699943;BLE Sniffer;iBeacon;2,4 GHz BLE;64:d1:2e:b5:04:2d;-63.0;;;;-63.0;5.011872336272714e-10;0.000368;1.8443690197483588e-13;4.600662919412809e-11;36;0x00;37;ORANGE;False
1787669583.9457712;45.799405441999625;BLE Sniffer;iBeacon;2,4 GHz BLE;64:d1:2e:b5:04:2d;-63.0;;;;-63.0;5.011872336272714e-10;0.000368;1.8443690197483588e-13;4.619106609610292e-11;36;0x00;38;ORANGE;False
1787669583.9458663;45.79949782899894;BLE Sniffer;iBeacon;2,4 GHz BLE;64:d1:2e:b5:04:2d;-68.0;;;;-68.0;1.584893192461111e-10;0.000368;5.832406948256888e-14;4.624939016558549e-11;36;0x00;39;ORANGE;False
1787669583.9718442;45.82532416699905;Simulation RF;Détection RF large bande;868 MHz;868 MHz;;2368;1.9085185767403403;-32.34074306961361;-65.34074306961361;2.9236521037220786e-10;0.1;2.923652103722079e-11;5.747252474053545e-09;;;;ORANGE;True
1787669583.9719934;45.82532416699905;Simulation RF;Détection RF large bande;2,45 GHz;2,45 GHz;;3010;2.4258579559448528;-53.034318237794096;-69.7343182377941;1.0630854549791391e-10;0.1;1.0630854549791392e-11;1.6287687864476333e-08;;;;ORANGE;True
1787669583.9813473;45.83497999700012;Wi-Fi;Wi-Fi;2,4/5 GHz;wlan0;-33.0;;;;-33.0;5.011872336272725e-07;0.1;5.011872336272725e-08;3.293126530397159e-05;;;;ROUGE;False
1787669584.0580409;45.911675225999716;BLE Sniffer;Appareil BLE;2,4 GHz BLE;7f:c4:af:1a:e1:07;-67.0;;;;-67.0;1.9952623149688828e-10;0.00028;5.5867344819128714e-14;9.419359096173614e-12;25;0x00;37;ORANGE;False
1787669584.0581946;45.91182620499967;Simulation LoRa;LoRa;868 MHz;LoRa 868.100 MHz;-89.58193406605544;;;;-89.58193406605544;1.101048864563555e-12;0.046335999999999995;5.1018200188416873e-14;3.976514541624044e-12;13;"SNR=5.73;SF=7;BW=125.0;CR=4/5;F=868.100;CRC=OK;PAYLOAD=54454d504f5f4c4f52415f3435";7;VERT;True
1787669584.0719197;45.92540586399991;Simulation RF;Détection RF large bande;868 MHz;868 MHz;;2335;1.8820724147321788;-31.282896589287148;-64.28289658928715;3.7300129625392514e-10;0.1;3.730012962539252e-11;5.784552603678938e-09;;;;ORANGE;True
1787669584.072072;45.92540586399991;Simulation RF;Détection RF large bande;2,45 GHz;2,45 GHz;;2958;2.384038367941112;-51.36153471764449;-68.06153471764449;1.562595352308416e-10;0.1;1.562595352308416e-11;1.6303313817999418e-08;;;;ORANGE;True
1787669584.0804443;45.934076988000015;Wi-Fi;Wi-Fi;2,4/5 GHz;wlan0;-33.0;;;;-33.0;5.011872336272725e-07;0.1;5.011872336272725e-08;3.2981384027334314e-05;;;;ROUGE;False
1787669584.1686804;46.02231490699887;BLE Sniffer;iBeacon;2,4 GHz BLE;64:d1:2e:b5:04:2d;-63.0;;;;-63.0;5.011872336272714e-10;0.000368;1.8443690197483588e-13;4.6433827067560326e-11;36;0x00;38;ORANGE;False
1787669584.1719947;46.02548983899942;Simulation RF;Détection RF large bande;868 MHz;868 MHz;;2366;1.9067234591659403;-32.26893836663761;-65.26893836663761;2.9723925446370116e-10;0.1;2.9723925446370116e-11;5.814276529125308e-09;;;;ORANGE;True
1787669584.172148;46.02548983899942;Simulation RF;Détection RF large bande;2,45 GHz;2,45 GHz;;2981;2.4019670065648966;-52.07868026259585;-68.77868026259586;1.3247440382699796e-10;0.1;1.3247440382699797e-11;1.631656125838212e-08;;;;ORANGE;True
1787669584.180604;46.03423635099898;Wi-Fi;Wi-Fi;2,4/5 GHz;wlan0;-33.0;;;;-33.0;5.011872336272725e-07;0.1;5.011872336272725e-08;3.303150275069704e-05;;;;ROUGE;False
1787669584.2781222;46.13175597699956;BLE Sniffer;iBeacon;2,4 GHz BLE;64:d1:2e:b5:04:2d;-68.0;;;;-68.0;1.584893192461111e-10;0.000368;5.832406948256888e-14;4.6492151137042896e-11;36;0x00;39;ORANGE;False
1787669584.2810266;46.125577128999794;Simulation RF;Détection RF large bande;868 MHz;868 MHz;;2278;1.8361283773319965;-29.44513509327986;-62.44513509327986;5.69490509065799e-10;0.1;5.6949050906579904e-11;5.871225580031887e-09;;;;ORANGE;True
1787669584.2811773;46.125577128999794;Simulation RF;Détection RF large bande;2,45 GHz;2,45 GHz;;2901;2.337614566908193;-49.50458267632773;-66.20458267632773;2.3963030050136644e-10;0.1;2.3963030050136646e-11;1.6340524288432256e-08;;;;ORANGE;True
1787669584.2895832;46.143216778998976;Wi-Fi;Wi-Fi;2,4/5 GHz;wlan0;-33.0;;;;-33.0;5.011872336272725e-07;0.1;5.011872336272725e-08;3.3081621474059766e-05;;;;ROUGE;False
1787669584.372218;46.225659807998454;Simulation RF;Détection RF large bande;868 MHz;868 MHz;;2381;1.9188130960965606;-32.75252384386242;-65.75252384386242;2.6591792644848983e-10;0.1;2.6591792644848986e-11;5.897817372676736e-09;;;;ORANGE;True
1787669584.3723986;46.225659807998454;Simulation RF;Détection RF large bande;2,45 GHz;2,45 GHz;;3005;2.421835775103142;-52.87343100412566;-69.57343100412567;1.103206722487076e-10;0.1;1.103206722487076e-11;1.6351556355657128e-08;;;;ORANGE;True
1787669584.38665;46.240284652998525;BLE Sniffer;Appareil BLE;2,4 GHz BLE;7f:c4:af:1a:e1:07;-67.0;;;;-67.0;1.9952623149688828e-10;0.00028;5.5867344819128714e-14;9.475226440992743e-12;25;0x00;37;ORANGE;False
1787669584.3867478;46.240379521999785;BLE Sniffer;Appareil BLE;2,4 GHz BLE;7f:c4:af:1a:e1:07;-73.0;;;;-73.0;5.011872336272715e-11;0.00028;1.40332425415636e-14;9.489259683534306e-12;25;0x00;38;VERT;False
1787669584.3867884;46.240419854999345;BLE Sniffer;Appareil BLE;2,4 GHz BLE;7f:c4:af:1a:e1:07;-69.0;;;;-69.0;1.2589254117941662e-10;0.00028;3.524991153023665e-14;9.524509595064543e-12;25;0x00;39;ORANGE;False
1787669584.3809156;46.23454924299949;Wi-Fi;Wi-Fi;2,4/5 GHz;wlan0;-33.0;;;;-33.0;5.011872336272725e-07;0.1;5.011872336272725e-08;3.313174019742249e-05;;;;ROUGE;False
1787669584.4722838;46.325737152999864;Simulation RF;Détection RF large bande;868 MHz;868 MHz;;2391;1.9271129489275247;-33.084517957100985;-66.08451795710099;2.463475255214317e-10;0.1;2.4634752552143175e-11;5.922452125228879e-09;;;;ORANGE;True
1787669584.472444;46.325737152999864;Simulation RF;Détection RF large bande;2,45 GHz;2,45 GHz;;3002;2.4188249405689253;-52.75299762275701;-69.45299762275701;1.1342276695654899e-10;0.1;1.13422766956549e-11;1.6362898632352784e-08;;;;ORANGE;True
1787669584.4808083;46.33444075799889;Wi-Fi;Wi-Fi;2,4/5 GHz;wlan0;-33.0;;;;-33.0;5.011872336272725e-07;0.1;5.011872336272725e-08;3.318185892078522e-05;;;;ROUGE;False
1787669584.4993186;46.35295228399991;BLE Sniffer;iBeacon;2,4 GHz BLE;64:d1:2e:b5:04:2d;-63.0;;;;-63.0;5.011872336272714e-10;0.000368;1.8443690197483588e-13;4.667658803901773e-11;36;0x00;37;ORANGE;False
1787669584.4994125;46.353044153000155;BLE Sniffer;iBeacon;2,4 GHz BLE;64:d1:2e:b5:04:2d;-62.0;;;;-62.0;6.309573444801942e-10;0.000368;2.321923027687115e-13;4.6908780341786444e-11;36;0x00;38;ORANGE;False
1787669584.5055785;46.35921272299856;BLE Sniffer;iBeacon;2,4 GHz BLE;64:d1:2e:b5:04:2d;-68.0;;;;-68.0;1.584893192461111e-10;0.000368;5.832406948256888e-14;4.6967104411269014e-11;36;0x00;39;ORANGE;False
1787669584.572758;46.42586140499952;Simulation RF;Détection RF large bande;868 MHz;868 MHz;;2382;1.9192996088726895;-32.77198435490757;-65.77198435490757;2.6472902766403347e-10;0.1;2.6472902766403347e-11;5.948925027995283e-09;;;;ORANGE;True
1787669584.5732098;46.42586140499952;Simulation RF;Détection RF large bande;2,45 GHz;2,45 GHz;;2921;2.3541952058217355;-50.16780823286942;-66.86780823286942;2.056928410381572e-10;0.1;2.056928410381572e-11;1.63834679164566e-08;;;;ORANGE;True
1787669584.5825174;46.43614985599925;Wi-Fi;Wi-Fi;2,4/5 GHz;wlan0;-33.0;;;;-33.0;5.011872336272725e-07;0.1;5.011872336272725e-08;3.323197764414794e-05;;;;ROUGE;False
1787669584.6183074;46.471940704999724;BLE Sniffer;Appareil BLE;2,4 GHz BLE;7f:c4:af:1a:e1:07;-68.0;;;;-68.0;1.584893192461111e-10;0.00028;4.43770093889111e-14;9.568886604453454e-12;25;0x00;37;ORANGE;False
1787669584.6724796;46.52594191800017;Simulation RF;Détection RF large bande;868 MHz;868 MHz;;2303;1.855839786572222;-30.233591462888874;-63.233591462888874;4.749423028886733e-10;0.1;4.7494230288867336e-11;5.99641925828415e-09;;;;ORANGE;True
1787669584.672637;46.52594191800017;Simulation RF;Détection RF large bande;2,45 GHz;2,45 GHz;;2946;2.3742811403185082;-50.97124561274032;-67.67124561274032;1.7095249309103404e-10;0.1;1.7095249309103406e-11;1.6400563165765703e-08;;;;ORANGE;True
1787669584.6811006;46.53473333599868;Wi-Fi;Wi-Fi;2,4/5 GHz;wlan0;-33.0;;;;-33.0;5.011872336272725e-07;0.1;5.011872336272725e-08;3.328209636751067e-05;;;;ROUGE;False
1787669584.7270184;46.58065239699863;BLE Sniffer;iBeacon;2,4 GHz BLE;64:d1:2e:b5:04:2d;-62.0;;;;-62.0;6.309573444801942e-10;0.000368;2.321923027687115e-13;4.719929671403773e-11;36;0x00;38;ORANGE;False
1787669584.7728531;46.62607222499901;Simulation RF;Détection RF large bande;868 MHz;868 MHz;;2406;1.9386042361731075;-33.5441694469243;-66.5441694469243;2.2160678608480748e-10;0.1;2.216067860848075e-11;6.018579936892631e-09;;;;ORANGE;True
1787669584.7731087;46.62607222499901;Simulation RF;Détection RF large bande;2,45 GHz;2,45 GHz;;2915;2.348866213595588;-49.954648543823524;-66.65464854382353;2.1604048601389278e-10;0.1;2.1604048601389278e-11;1.6422167214367092e-08;;;;ORANGE;True
1787669584.7824438;46.63607664299889;Wi-Fi;Wi-Fi;2,4/5 GHz;wlan0;-33.0;;;;-33.0;5.011872336272725e-07;0.1;5.011872336272725e-08;3.3332215090873395e-05;;;;ROUGE;False
1787669584.8299038;46.68353719900006;BLE Sniffer;iBeacon;2,4 GHz BLE;64:d1:2e:b5:04:2d;-68.0;;;;-68.0;1.584893192461111e-10;0.000368;5.832406948256888e-14;4.72576207835203e-11;36;0x00;39;ORANGE;False
1787669584.8726816;46.72615038599906;Simulation RF;Détection RF large bande;868 MHz;868 MHz;;2323;1.8719987051615838;-30.879948206463347;-63.87994820646335;4.092655405618558e-10;0.1;4.0926554056185586e-11;6.059506490948817e-09;;;;ORANGE;True
1787669584.8728163;46.72615038599906;Simulation RF;Détection RF large bande;2,45 GHz;2,45 GHz;;2923;2.3558678637604316;-50.234714550417266;-66.93471455041727;2.0254827317492455e-10;0.1;2.0254827317492456e-11;1.6442422041684584e-08;;;;ORANGE;True
1787669584.8812592;46.734891563999554;Wi-Fi;Wi-Fi;2,4/5 GHz;wlan0;-32.0;;;;-32.0;6.30957344480193e-07;0.1;6.30957344480193e-08;3.3395310825321415e-05;;;;ROUGE;False
1787669584.9388225;46.792455277000045;BLE Sniffer;Appareil BLE;2,4 GHz BLE;7f:c4:af:1a:e1:07;-68.0;;;;-68.0;1.584893192461111e-10;0.00028;4.43770093889111e-14;9.613263613842365e-12;25;0x00;37;ORANGE;False
1787669584.944667;46.79830148200017;BLE Sniffer;Appareil BLE;2,4 GHz BLE;7f:c4:af:1a:e1:07;-74.0;;;;-74.0;3.9810717055349695e-11;0.00028;1.1147000775497913e-14;9.624410614617863e-12;25;0x00;38;VERT;False
1787669584.9447584;46.798390035999546;BLE Sniffer;Appareil BLE;2,4 GHz BLE;7f:c4:af:1a:e1:07;-69.0;;;;-69.0;1.2589254117941662e-10;0.00028;3.524991153023665e-14;9.6596605261481e-12;25;0x00;39;ORANGE;False
1787669584.9728196;46.82624189799935;Simulation RF;Détection RF large bande;868 MHz;868 MHz;;2261;1.8221467666737141;-28.885870666948563;-61.88587066694856;6.477582206712959e-10;0.1;6.47758220671296e-11;6.1242823130159464e-09;;;;ORANGE;True
1787669584.9731426;46.82624189799935;Simulation RF;Détection RF large bande;2,45 GHz;2,45 GHz;;2906;2.342095638248371;-49.683825529934836;-66.38382552993484;2.2994154600822798e-10;0.1;2.29941546008228e-11;1.6465416196285406e-08;;;;ORANGE;True
1787669584.983482;46.837114635000034;Wi-Fi;Wi-Fi;2,4/5 GHz;wlan0;-32.0;;;;-32.0;6.30957344480193e-07;0.1;6.30957344480193e-08;3.3458406559769436e-05;;;;ROUGE;False
1787669585.057562;46.91119610899841;BLE Sniffer;iBeacon;2,4 GHz BLE;64:d1:2e:b5:04:2d;-63.0;;;;-63.0;5.011872336272714e-10;0.000368;1.8443690197483588e-13;4.744205768549513e-11;36;0x00;37;ORANGE;False
1787669585.057663;46.911294588999226;BLE Sniffer;iBeacon;2,4 GHz BLE;64:d1:2e:b5:04:2d;-63.0;;;;-63.0;5.011872336272714e-10;0.000368;1.8443690197483588e-13;4.7626494587469965e-11;36;0x00;38;ORANGE;False
1787669585.0577538;46.911385494999195;Simulation LoRa;LoRa;868 MHz;LoRa 868.100 MHz;-86.08171899492889;;;;-86.08171899492889;2.465063439438085e-12;0.046335999999999995;1.1422117952980309e-13;4.090735721153847e-12;13;"SNR=6.45;SF=7;BW=125.0;CR=4/5;F=868.100;CRC=OK;PAYLOAD=54454d504f5f4c4f52415f3436";7;VERT;True
1787669585.0577955;46.91142725299869;BLE Sniffer;iBeacon;2,4 GHz BLE;64:d1:2e:b5:04:2d;-68.0;;;;-68.0;1.584893192461111e-10;0.000368;5.832406948256888e-14;4.7684818656952535e-11;36;0x00;39;ORANGE;False
1787669585.0728328;46.92632272499941;Simulation RF;Détection RF large bande;868 MHz;868 MHz;;2427;1.9560513084656255;-34.242052338625015;-67.24205233862502;1.8870993547648946e-10;0.1;1.8870993547648948e-11;6.1431533065635955e-09;;;;ORANGE;True
1787669585.0729864;46.92632272499941;Simulation RF;Détection RF large bande;2,45 GHz;2,45 GHz;;2948;2.375647433471296;-51.025897338851834;-67.72589733885184;1.6881470186703454e-10;0.1;1.6881470186703456e-11;1.648229766647211e-08;;;;ORANGE;True
1787669585.0849323;46.93856477400004;Wi-Fi;Wi-Fi;2,4/5 GHz;wlan0;-32.0;;;;-32.0;6.30957344480193e-07;0.1;6.30957344480193e-08;3.3521502294217456e-05;;;;ROUGE;False
1787669585.1792014;47.03283522899983;BLE Sniffer;Appareil BLE;2,4 GHz BLE;7f:c4:af:1a:e1:07;-67.0;;;;-67.0;1.9952623149688828e-10;0.00028;5.5867344819128714e-14;9.715527870967229e-12;25;0x00;37;ORANGE;False
1787669585.1795213;47.033152983000036;BLE Sniffer;Appareil BLE;2,4 GHz BLE;7f:c4:af:1a:e1:17;-73.0;;;;-73.0;5.011872336272715e-11;0.00028;1.40332425415636e-14;1.40332425415636e-14;25;0x00;38;VERT;False
1787669585.173183;47.026409143998535;Simulation RF;Détection RF large bande;868 MHz;868 MHz;;2383;1.92009811760113;-32.8039247040452;-65.8039247040452;2.6278921016130045e-10;0.1;2.6278921016130047e-11;6.1694322275797254e-09;;;;ORANGE;True
1787669585.184881;47.026409143998535;Simulation RF;Détection RF large bande;2,45 GHz;2,45 GHz;;2960;2.3851197209928365;-51.40478883971346;-68.10478883971346;1.5471097248416977e-10;0.1;1.5471097248416978e-11;1.6497768763720526e-08;;;;ORANGE;True
1787669585.1936576;47.04729035499986;Wi-Fi;Wi-Fi;2,4/5 GHz;wlan0;-32.0;;;;-32.0;6.30957344480193e-07;0.1;6.30957344480193e-08;3.358459802866548e-05;;;;ROUGE;False
1787669585.2730465;47.12649334199887;Simulation RF;Détection RF large bande;868 MHz;868 MHz;;2416;1.9468099790786615;-33.872399163146454;-66.87239916314645;2.0547551786566386e-10;0.1;2.0547551786566388e-11;6.189979779366292e-09;;;;ORANGE;True
1787669585.2731962;47.12649334199887;Simulation RF;Détection RF large bande;2,45 GHz;2,45 GHz;;2965;2.3892415701369902;-51.56966280547961;-68.26966280547961;1.4894767190353574e-10;0.1;1.4894767190353574e-11;1.651266353091088e-08;;;;ORANGE;True
1787669585.282;47.135632735999025;Wi-Fi;Wi-Fi;2,4/5 GHz;wlan0;-32.0;;;;-32.0;6.30957344480193e-07;0.1;6.30957344480193e-08;3.36476937631135e-05;;;;ROUGE;False
1787669585.2903442;47.1439773839993;BLE Sniffer;Appareil BLE;2,4 GHz BLE;7f:c4:af:1a:e1:07;-68.0;;;;-68.0;1.584893192461111e-10;0.00028;4.43770093889111e-14;9.75990488035614e-12;25;0x00;39;ORANGE;False
1787669585.3731291;47.226577020999684;Simulation RF;Détection RF large bande;868 MHz;868 MHz;;2340;1.8854402483108168;-31.41760993243267;-64.41760993243267;3.61608813295944e-10;0.1;3.61608813295944e-11;6.226140660695886e-09;;;;ORANGE;True
1787669585.3842535;47.226577020999684;Simulation RF;Détection RF large bande;2,45 GHz;2,45 GHz;;2916;2.349524761670613;-49.98099046682452;-66.68099046682453;2.147340688432e-10;0.1;2.1473406884320003e-11;1.65341369377952e-08;;;;ORANGE;True
1787669585.3954446;47.24908226199841;Wi-Fi;Wi-Fi;2,4/5 GHz;wlan0;-32.0;;;;-32.0;6.30957344480193e-07;0.1;6.30957344480193e-08;3.371078949756152e-05;;;;ROUGE;False
1787669585.3995075;47.25314395799978;BLE Sniffer;iBeacon;2,4 GHz BLE;64:d1:2e:b5:04:2d;-63.0;;;;-63.0;5.011872336272714e-10;0.000368;1.8443690197483588e-13;4.786925555892737e-11;36;0x00;37;ORANGE;False
1787669585.399636;47.2532674189988;BLE Sniffer;iBeacon;2,4 GHz BLE;64:d1:2e:b5:04:2d;-62.0;;;;-62.0;6.309573444801942e-10;0.000368;2.321923027687115e-13;4.810144786169608e-11;36;0x00;38;ORANGE;False
1787669585.4732127;47.326666810999086;Simulation RF;Détection RF large bande;868 MHz;868 MHz;;2386;1.9227712905536778;-32.910851622147106;-65.9108516221471;2.5639812078207457e-10;0.1;2.5639812078207458e-11;6.251780472774094e-09;;;;ORANGE;True
1787669585.4733517;47.326666810999086;Simulation RF;Détection RF large bande;2,45 GHz;2,45 GHz;;2962;2.3866868050228773;-51.4674722009151;-68.1674722009151;1.524940082718744e-10;0.1;1.5249400827187442e-11;1.6549386338622387e-08;;;;ORANGE;True
1787669585.4816942;47.33532654599912;Wi-Fi;Wi-Fi;2,4/5 GHz;wlan0;-32.0;;;;-32.0;6.30957344480193e-07;0.1;6.30957344480193e-08;3.377388523200954e-05;;;;ROUGE;False
1787669585.513736;47.3673692859993;BLE Sniffer;Appareil BLE;2,4 GHz BLE;7f:c4:af:1a:e1:07;-68.0;;;;-68.0;1.584893192461111e-10;0.00028;4.43770093889111e-14;9.80428188974505e-12;25;0x00;39;ORANGE;False
1787669585.5138106;47.36744213699967;BLE Sniffer;Appareil BLE;2,4 GHz BLE;d3:23:2f:4d:3e:b1;-80.0;;;;-80.0;1e-11;0.000376;3.7599999999999996e-15;1.2008577338150156e-13;37;0x00;37;VERT;False
1787669585.5732923;47.426748692998444;Simulation RF;Détection RF large bande;868 MHz;868 MHz;;2290;1.84567080415796;-29.82683216631839;-62.82683216631839;5.215750199816023e-10;0.1;5.215750199816023e-11;6.303937974772254e-09;;;;ORANGE;True
1787669585.5734286;47.426748692998444;Simulation RF;Détection RF large bande;2,45 GHz;2,45 GHz;;2946;2.3743470680367995;-50.97388272147198;-67.67388272147198;1.7084871938773127e-10;0.1;1.7084871938773127e-11;1.656647121056116e-08;;;;ORANGE;True
1787669585.581811;47.435443334999945;Wi-Fi;Wi-Fi;2,4/5 GHz;wlan0;-32.0;;;;-32.0;6.30957344480193e-07;0.1;6.30957344480193e-08;3.383698096645756e-05;;;;ROUGE;False
1787669585.6247413;47.4783771099992;BLE Sniffer;iBeacon;2,4 GHz BLE;64:d1:2e:b5:04:2d;-63.0;;;;-63.0;5.011872336272714e-10;0.000368;1.8443690197483588e-13;4.828588476367092e-11;36;0x00;38;ORANGE;False
1787669585.6308548;47.48448892199849;BLE Sniffer;iBeacon;2,4 GHz BLE;64:d1:2e:b5:04:2d;-68.0;;;;-68.0;1.584893192461111e-10;0.000368;5.832406948256888e-14;4.834420883315349e-11;36;0x00;39;ORANGE;False
1787669585.6733763;47.52683266799977;Simulation RF;Détection RF large bande;868 MHz;868 MHz;;2340;1.8858519474748965;-31.434077898995852;-64.43407789899585;3.602402290581731e-10;0.1;3.6024022905817317e-11;6.339961997678071e-09;;;;ORANGE;True
1787669585.6735284;47.52683266799977;Simulation RF;Détection RF large bande;2,45 GHz;2,45 GHz;;2950;2.377610060188194;-51.10440240752777;-67.80440240752777;1.657905450190632e-10;0.1;1.657905450190632e-11;1.6583050265063065e-08;;;;ORANGE;True
1787669585.6827962;47.53642874099933;Wi-Fi;Wi-Fi;2,4/5 GHz;wlan0;-31.0;;;;-31.0;7.943282347242822e-07;0.1;7.943282347242822e-08;3.3916413789929986e-05;;;;ROUGE;False
1787669585.7398713;47.59350557200014;BLE Sniffer;Appareil BLE;2,4 GHz BLE;7f:c4:af:1a:e1:07;-67.0;;;;-67.0;1.9952623149688828e-10;0.00028;5.5867344819128714e-14;9.860149234564179e-12;25;0x00;37;ORANGE;False
1787669585.74212;47.59575405599935;BLE Sniffer;Appareil BLE;2,4 GHz BLE;7f:d4:af:1a:e1:07;-74.0;;;;-74.0;3.9810717055349695e-11;0.00028;1.1147000775497913e-14;2.881380642094335e-14;25;0x00;38;VERT;False
1787669585.742212;47.595843702998536;BLE Sniffer;Appareil BLE;2,4 GHz BLE;7f:c4:af:1a:e1:07;-71.0;;;;-71.0;7.943282347242822e-11;0.00028;2.22411905722799e-14;9.882390425136459e-12;25;0x00;39;VERT;False
1787669585.7734509;47.62691593999989;Simulation RF;Détection RF large bande;868 MHz;868 MHz;;2380;1.9180900417070221;-32.72360166828088;-65.72360166828088;2.67694737201947e-10;0.1;2.6769473720194702e-11;6.366731471398266e-09;;;;ORANGE;True
1787669585.7736044;47.62691593999989;Simulation RF;Détection RF large bande;2,45 GHz;2,45 GHz;;3026;2.438903807644353;-53.55615230577412;-70.25615230577412;9.427244468836765e-11;0.1;9.427244468836766e-12;1.6592477509531902e-08;;;;VERT;True
1787669585.7824426;47.63607470399984;Wi-Fi;Wi-Fi;2,4/5 GHz;wlan0;-31.0;;;;-31.0;7.943282347242822e-07;0.1;7.943282347242822e-08;3.399584661340241e-05;;;;ROUGE;False
1787669585.8735375;47.726996673998656;Simulation RF;Détection RF large bande;868 MHz;868 MHz;;2304;1.8563449233267342;-30.253796933069367;-63.25379693306937;4.727377748771291e-10;0.1;4.727377748771291e-11;6.414005248885979e-09;;;;ORANGE;True
1787669585.8736734;47.726996673998656;Simulation RF;Détection RF large bande;2,45 GHz;2,45 GHz;;2923;2.355653378674892;-50.22613514699569;-66.92613514699569;2.0294879885286638e-10;0.1;2.029487988528664e-11;1.661277238941719e-08;;;;ORANGE;True
1787669585.8820426;47.73567481699865;Wi-Fi;Wi-Fi;2,4/5 GHz;wlan0;-31.0;;;;-31.0;7.943282347242822e-07;0.1;7.943282347242822e-08;3.407527943687484e-05;;;;ROUGE;False
1787669585.9560444;47.80967744000009;BLE Sniffer;iBeacon;2,4 GHz BLE;64:d1:2e:b5:04:2d;-63.0;;;;-63.0;5.011872336272714e-10;0.000368;1.8443690197483588e-13;4.852864573512832e-11;36;0x00;37;ORANGE;False
1787669585.96215;47.81578430699847;BLE Sniffer;iBeacon;2,4 GHz BLE;64:d1:2e:b5:04:2d;-63.0;;;;-63.0;5.011872336272714e-10;0.000368;1.8443690197483588e-13;4.8713082637103155e-11;36;0x00;38;ORANGE;False
1787669585.9622433;47.81587499099987;BLE Sniffer;iBeacon;2,4 GHz BLE;64:d1:2e:b5:04:2d;-68.0;;;;-68.0;1.584893192461111e-10;0.000368;5.832406948256888e-14;4.8771406706585725e-11;36;0x00;39;ORANGE;False
1787669585.96442;47.81805384600011;BLE Sniffer;Appareil BLE;2,4 GHz BLE;7f:c4:af:1a:e1:07;-68.0;;;;-68.0;1.584893192461111e-10;0.00028;4.43770093889111e-14;9.92676743452537e-12;25;0x00;37;ORANGE;False
1787669585.9735937;47.827079112999854;Simulation RF;Détection RF large bande;868 MHz;868 MHz;;2409;1.9414224911713749;-33.656899646854995;-66.656899646855;2.1592853354981746e-10;0.1;2.1592853354981748e-11;6.435598102240961e-09;;;;ORANGE;True
1787669585.9737413;47.827079112999854;Simulation RF;Détection RF large bande;2,45 GHz;2,45 GHz;;2981;2.402569661511384;-52.10278646045535;-68.80278646045535;1.3174112080971346e-10;0.1;1.3174112080971347e-11;1.662594650149816e-08;;;;ORANGE;True
1787669585.9821317;47.835764124998605;Wi-Fi;Wi-Fi;2,4/5 GHz;wlan0;-31.0;;;;-31.0;7.943282347242822e-07;0.1;7.943282347242822e-08;3.4154712260347265e-05;;;;ROUGE;False
1787669586.077695;47.93132841199986;Simulation LoRa;LoRa;868 MHz;LoRa 868.100 MHz;-83.13512503885661;;;;-83.13512503885661;4.858335429759215e-12;0.046335999999999995;2.2511583047332294e-13;4.31585155162717e-12;13;"SNR=6.52;SF=7;BW=125.0;CR=4/5;F=868.100;CRC=OK;PAYLOAD=54454d504f5f4c4f52415f3437";7;VERT;True
1787669586.0806286;47.92730186399967;Simulation RF;Détection RF large bande;868 MHz;868 MHz;;2359;1.9010830696794088;-32.04332278717635;-65.04332278717635;3.1308893641836397e-10;0.1;3.13088936418364e-11;6.466906995882797e-09;;;;ORANGE;True
1787669586.0807781;47.92730186399967;Simulation RF;Détection RF large bande;2,45 GHz;2,45 GHz;;2899;2.3359107078733463;-49.43642831493385;-66.13642831493385;2.4342051028587323e-10;0.1;2.4342051028587325e-11;1.6650288552526748e-08;;;;ORANGE;True
1787669586.0891752;47.94280786199852;Wi-Fi;Wi-Fi;2,4/5 GHz;wlan0;-31.0;;;;-31.0;7.943282347242822e-07;0.1;7.943282347242822e-08;3.423414508381969e-05;;;;ROUGE;False
1787669586.173934;48.02738393199979;Simulation RF;Détection RF large bande;868 MHz;868 MHz;;2474;1.993583912965794;-35.74335651863176;-68.74335651863176;1.335562905097699e-10;0.1;1.335562905097699e-11;6.480262624933774e-09;;;;ORANGE;True
1787669586.1740782;48.02738393199979;Simulation RF;Détection RF large bande;2,45 GHz;2,45 GHz;;2881;2.3212841390657775;-48.8513655626311;-65.5513655626311;2.785245259534344e-10;0.1;2.7852452595343442e-11;1.6678141005122092e-08;;;;ORANGE;True
1787669586.1869972;48.04063150299953;BLE Sniffer;iBeacon;2,4 GHz BLE;64:d1:2e:b5:04:2d;-63.0;;;;-63.0;5.011872336272714e-10;0.000368;1.8443690197483588e-13;4.895584360856056e-11;36;0x00;38;ORANGE;False
1787669586.1912837;48.04491739900004;BLE Sniffer;iBeacon;2,4 GHz BLE;64:d1:2e:b5:04:2d;-68.0;;;;-68.0;1.584893192461111e-10;0.000368;5.832406948256888e-14;4.901416767804313e-11;36;0x00;39;ORANGE;False
1787669586.19648;48.050113557999794;Wi-Fi;Wi-Fi;2,4/5 GHz;wlan0;-31.0;;;;-31.0;7.943282347242822e-07;0.1;7.943282347242822e-08;3.431357790729212e-05;;;;ROUGE;False
1787669586.274024;48.12746818499909;Simulation RF;Détection RF large bande;868 MHz;868 MHz;;2392;1.9272739526477238;-33.09095810590895;-66.09095810590895;2.4598248773036316e-10;0.1;2.4598248773036317e-11;6.50486087370681e-09;;;;ORANGE;True
1787669586.2741778;48.12746818499909;Simulation RF;Détection RF large bande;2,45 GHz;2,45 GHz;;2928;2.3596388472412504;-50.38555388965001;-67.08555388965001;1.956341244555031e-10;0.1;1.9563412445550313e-11;1.6697704417567642e-08;;;;ORANGE;True
1787669586.2865736;48.140206207999654;Wi-Fi;Wi-Fi;2,4/5 GHz;wlan0;-31.0;;;;-31.0;7.943282347242822e-07;0.1;7.943282347242822e-08;3.4393010730764544e-05;;;;ROUGE;False
1787669586.298194;48.151827526999114;BLE Sniffer;Appareil BLE;2,4 GHz BLE;7f:c4:af:1a:e1:07;-68.0;;;;-68.0;1.584893192461111e-10;0.00028;4.43770093889111e-14;9.97114444391428e-12;25;0x00;37;ORANGE;False
1787669586.2982903;48.15192187699904;BLE Sniffer;Appareil BLE;2,4 GHz BLE;7f:c4:a7:1a:e1:07;-71.0;;;;-71.0;7.943282347242822e-11;0.00028;2.22411905722799e-14;4.777093869588035e-14;25;0x00;38;VERT;False
1787669586.2983327;48.15196396899955;BLE Sniffer;Appareil BLE;2,4 GHz BLE;7f:c4:af:1a:e1:07;-68.0;;;;-68.0;1.584893192461111e-10;0.00028;4.43770093889111e-14;1.0015521453303192e-11;25;0x00;39;ORANGE;False
1787669586.3741097;48.22755395599961;Simulation RF;Détection RF large bande;868 MHz;868 MHz;;2333;1.880450317726779;-31.21801270907116;-64.21801270907116;3.786157961311572e-10;0.1;3.7861579613115724e-11;6.542722453319925e-09;;;;ORANGE;True
1787669586.3742664;48.22755395599961;Simulation RF;Détection RF large bande;2,45 GHz;2,45 GHz;;2968;2.3919398615761973;-51.67759446304788;-68.37759446304788;1.4529161582593649e-10;0.1;1.452916158259365e-11;1.6712233579150237e-08;;;;ORANGE;True
1787669586.382635;48.2362677459987;Wi-Fi;Wi-Fi;2,4/5 GHz;wlan0;-32.0;;;;-32.0;6.30957344480193e-07;0.1;6.30957344480193e-08;3.4456106465212565e-05;;;;ROUGE;False
1787669586.474389;48.32765826499963;Simulation RF;Détection RF large bande;868 MHz;868 MHz;;2321;1.8707835232323502;-30.831340929294;-63.831340929294;4.138718678545634e-10;0.1;4.1387186785456346e-11;6.584109640105382e-09;;;;ORANGE;True
1787669586.476592;48.32765826499963;Simulation RF;Détection RF large bande;2,45 GHz;2,45 GHz;;2874;2.3160746287944227;-48.64298515177691;-65.34298515177692;2.9221431330252706e-10;0.1;2.922143133025271e-11;1.674145501048049e-08;;;;ORANGE;True
1787669586.4849758;48.338607945999684;Wi-Fi;Wi-Fi;2,4/5 GHz;wlan0;-32.0;;;;-32.0;6.30957344480193e-07;0.1;6.30957344480193e-08;3.4519202199660586e-05;;;;ROUGE;False
1787669586.5185387;48.37217149599928;BLE Sniffer;iBeacon;2,4 GHz BLE;64:d1:2e:b5:04:2d;-63.0;;;;-63.0;5.011872336272714e-10;0.000368;1.8443690197483588e-13;4.9198604580017964e-11;36;0x00;37;ORANGE;False
1787669586.5186145;48.372245938999185;BLE Sniffer;iBeacon;2,4 GHz BLE;64:d1:2e:b5:04:2d;-63.0;;;;-63.0;5.011872336272714e-10;0.000368;1.8443690197483588e-13;4.93830414819928e-11;36;0x00;38;ORANGE;False
1787669586.5246806;48.37831462199938;BLE Sniffer;iBeacon;2,4 GHz BLE;64:d1:2e:b5:04:2d;-68.0;;;;-68.0;1.584893192461111e-10;0.000368;5.832406948256888e-14;4.944136555147537e-11;36;0x00;39;ORANGE;False
1787669586.5742824;48.427736498999366;Simulation RF;Détection RF large bande;868 MHz;868 MHz;;2332;1.8791487106407203;-31.165948425628812;-64.16594842562881;3.8318205078898554e-10;0.1;3.8318205078898556e-11;6.622427845184281e-09;;;;ORANGE;True
1787669586.574426;48.427736498999366;Simulation RF;Détection RF large bande;2,45 GHz;2,45 GHz;;2985;2.405715627334293;-52.228625093371704;-68.9286250933717;1.2797863998652073e-10;0.1;1.2797863998652074e-11;1.6754252874479144e-08;;;;ORANGE;True
1787669586.5876265;48.44125865899878;Wi-Fi;Wi-Fi;2,4/5 GHz;wlan0;-32.0;;;;-32.0;6.30957344480193e-07;0.1;6.30957344480193e-08;3.4582297934108606e-05;;;;ROUGE;False
1787669586.631847;48.485479708999264;BLE Sniffer;Appareil BLE;2,4 GHz BLE;7f:c4:af:1a:e1:07;-68.0;;;;-68.0;1.584893192461111e-10;0.00028;4.43770093889111e-14;1.0059898462692102e-11;25;0x00;37;ORANGE;False
1787669586.6319187;48.485550059998786;BLE Sniffer;Appareil BLE;2,4 GHz BLE;7f:c4:af:1a:e1:07;-72.0;;;;-72.0;6.309573444801942e-11;0.00028;1.7666805645445437e-14;1.0077565268337548e-11;25;0x00;38;VERT;False
1787669586.6358924;48.48952631300017;BLE Sniffer;Appareil BLE;2,4 GHz BLE;7f:c4:af:1a:e1:07;-69.0;;;;-69.0;1.2589254117941662e-10;0.00028;3.524991153023665e-14;1.0112815179867785e-11;25;0x00;39;ORANGE;False
1787669586.6743894;48.52782145599849;Simulation RF;Détection RF large bande;868 MHz;868 MHz;;2322;1.8711005473172115;-30.84402189268846;-63.84402189268846;4.126651660817484e-10;0.1;4.126651660817484e-11;6.663694361792455e-09;;;;ORANGE;True
1787669586.674552;48.52782145599849;Simulation RF;Détection RF large bande;2,45 GHz;2,45 GHz;;2927;2.3583909040969977;-50.3356361638799;-67.0356361638799;1.9789571181184786e-10;0.1;1.9789571181184787e-11;1.677404244566033e-08;;;;ORANGE;True
1787669586.6829414;48.53657394899892;Wi-Fi;Wi-Fi;2,4/5 GHz;wlan0;-32.0;;;;-32.0;6.30957344480193e-07;0.1;6.30957344480193e-08;3.464539366855663e-05;;;;ROUGE;False
1787669586.7512956;48.60492941999837;BLE Sniffer;iBeacon;2,4 GHz BLE;64:d1:2e:b5:04:2d;-63.0;;;;-63.0;5.011872336272714e-10;0.000368;1.8443690197483588e-13;4.96258024534502e-11;36;0x00;37;ORANGE;False
1787669586.7513907;48.60502236299908;BLE Sniffer;iBeacon;2,4 GHz BLE;64:d1:2e:b5:04:2d;-63.0;;;;-63.0;5.011872336272714e-10;0.000368;1.8443690197483588e-13;4.9810239355425036e-11;36;0x00;38;ORANGE;False
1787669586.7744508;48.62789745000009;Simulation RF;Détection RF large bande;868 MHz;868 MHz;;2363;1.9044151561886615;-32.17660624754646;-65.17660624754646;3.036262915839558e-10;0.1;3.036262915839558e-11;6.69405699095085e-09;;;;ORANGE;True
1787669586.774595;48.62789745000009;Simulation RF;Détection RF large bande;2,45 GHz;2,45 GHz;;3002;2.41898040063613;-52.7592160254452;-69.4592160254452;1.1326047989908867e-10;0.1;1.1326047989908868e-11;1.678536849365024e-08;;;;ORANGE;True
1787669586.779967;48.633599508999396;Wi-Fi;Wi-Fi;2,4/5 GHz;wlan0;-32.0;;;;-32.0;6.30957344480193e-07;0.1;6.30957344480193e-08;3.470848940300465e-05;;;;ROUGE;False
1787669586.8670702;48.72070314999837;BLE Sniffer;iBeacon;2,4 GHz BLE;64:d1:2e:b5:04:2d;-68.0;;;;-68.0;1.584893192461111e-10;0.000368;5.832406948256888e-14;4.9868563424907606e-11;36;0x00;39;ORANGE;False
1787669586.8731344;48.72676844399939;BLE Sniffer;Appareil BLE;2,4 GHz BLE;7f:c4:af:1a:e1:07;-67.0;;;;-67.0;1.9952623149688828e-10;0.00028;5.5867344819128714e-14;1.0168682524686914e-11;25;0x00;37;ORANGE;False
1787669586.8732285;48.72686022099879;BLE Sniffer;Appareil BLE;2,4 GHz BLE;7f:c4:af:1a:e1:07;-72.0;;;;-72.0;6.309573444801942e-11;0.00028;1.7666805645445437e-14;1.018634933033236e-11;25;0x00;38;VERT;False
1787669586.8732688;48.72690021999915;BLE Sniffer;Appareil BLE;2,4 GHz BLE;7f:c4:af:1a:e1:07;-68.0;;;;-68.0;1.584893192461111e-10;0.00028;4.43770093889111e-14;1.023072633972127e-11;25;0x00;39;ORANGE;False
1787669586.8827865;48.7280201099984;Simulation RF;Détection RF large bande;868 MHz;868 MHz;;2374;1.9129453901415385;-32.51781560566154;-65.51781560566154;2.8068450569380685e-10;0.1;2.8068450569380685e-11;6.722125441520231e-09;;;;ORANGE;True
1787669586.8935688;48.7280201099984;Simulation RF;Détection RF large bande;2,45 GHz;2,45 GHz;;2944;2.3726010918400635;-50.90404367360253;-67.60404367360253;1.7361835323724713e-10;0.1;1.7361835323724714e-11;1.6802730328973963e-08;;;;ORANGE;True
1787669586.9028351;48.75646762899851;Wi-Fi;Wi-Fi;2,4/5 GHz;wlan0;-32.0;;;;-32.0;6.30957344480193e-07;0.1;6.30957344480193e-08;3.477158513745267e-05;;;;ROUGE;False
1787669586.9746535;48.82810217799852;Simulation RF;Détection RF large bande;868 MHz;868 MHz;;2391;1.9268941840608294;-33.07576736243317;-66.07576736243317;2.468443912746333e-10;0.1;2.468443912746333e-11;6.746809880647694e-09;;;;ORANGE;True
1787669586.9748058;48.82810217799852;Simulation RF;Détection RF large bande;2,45 GHz;2,45 GHz;;2942;2.371045475672255;-50.84181902689019;-67.5418190268902;1.761238203584467e-10;0.1;1.761238203584467e-11;1.6820342711009807e-08;;;;ORANGE;True
1787669586.9939325;48.847566095999355;Wi-Fi;Wi-Fi;2,4/5 GHz;wlan0;-32.0;;;;-32.0;6.30957344480193e-07;0.1;6.30957344480193e-08;3.483468087190069e-05;;;;ROUGE;False
1787669587.0780962;48.92828776299939;Simulation RF;Détection RF large bande;868 MHz;868 MHz;;2388;1.9243957710885529;-32.97583084354211;-65.97583084354211;2.525904436170942e-10;0.1;2.525904436170942e-11;6.772068925009404e-09;;;;ORANGE;True
1787669587.0783935;48.92828776299939;Simulation RF;Détection RF large bande;2,45 GHz;2,45 GHz;;2914;2.3479505679640926;-49.918022718563705;-66.61802271856371;2.1787014785923028e-10;0.1;2.178701478592303e-11;1.684212972579573e-08;;;;ORANGE;True
1787669587.0869763;48.9406084229995;Wi-Fi;Wi-Fi;2,4/5 GHz;wlan0;-32.0;;;;-32.0;6.30957344480193e-07;0.1;6.30957344480193e-08;3.489777660634871e-05;;;;ROUGE;False
1787669587.0961666;48.949800574999244;BLE Sniffer;iBeacon;2,4 GHz BLE;64:d1:2e:b5:04:2d;-63.0;;;;-63.0;5.011872336272714e-10;0.000368;1.8443690197483588e-13;5.005300032688244e-11;36;0x00;37;ORANGE;False
1787669587.096322;48.94995366599869;Simulation LoRa;LoRa;868 MHz;LoRa 868.100 MHz;-83.14519953697055;;;;-83.14519953697055;4.847078421695646e-12;0.046335999999999995;2.2459422574768943e-13;4.540445777374859e-12;13;"SNR=7.86;SF=7;BW=125.0;CR=4/5;F=868.100;CRC=OK;PAYLOAD=54454d504f5f4c4f52415f3438";7;VERT;True
1787669587.0965066;48.95013825499882;BLE Sniffer;iBeacon;2,4 GHz BLE;64:d1:2e:b5:04:2d;-63.0;;;;-63.0;5.011872336272714e-10;0.000368;1.8443690197483588e-13;5.0237437228857275e-11;36;0x00;38;ORANGE;False
1787669587.0965521;48.950183513999946;BLE Sniffer;iBeacon;2,4 GHz BLE;64:d1:2e:b5:04:2d;-68.0;;;;-68.0;1.584893192461111e-10;0.000368;5.832406948256888e-14;5.0295761298339845e-11;36;0x00;39;ORANGE;False
1787669587.1050014;48.958636845;BLE Sniffer;Appareil BLE;2,4 GHz BLE;7f:c4:af:1a:e1:07;-67.0;;;;-67.0;1.9952623149688828e-10;0.00028;5.5867344819128714e-14;1.0286593684540399e-11;25;0x00;37;ORANGE;False
1787669587.118782;48.9724172039987;BLE Sniffer;Appareil BLE;2,4 GHz BLE;7f:c4:af:1a:e1:07;-74.0;;;;-74.0;3.9810717055349695e-11;0.00028;1.1147000775497913e-14;1.0297740685315897e-11;25;0x00;38;VERT;False
1787669587.1188776;48.97250916599842;BLE Sniffer;Appareil BLE;2,4 GHz BLE;7f:c4:af:1a:e1:07;-68.0;;;;-68.0;1.584893192461111e-10;0.00028;4.43770093889111e-14;1.0342117694704808e-11;25;0x00;39;ORANGE;False
1787669587.1751337;49.02842532999966;Simulation RF;Détection RF large bande;868 MHz;868 MHz;;2435;1.962070741103067;-34.482829644122674;-67.48282964412267;1.7853239686349657e-10;0.1;1.785323968634966e-11;6.7899221646957535e-09;;;;ORANGE;True
1787669587.1806931;49.02842532999966;Simulation RF;Détection RF large bande;2,45 GHz;2,45 GHz;;2922;2.354767992525585;-50.1907197010234;-66.8907197010234;2.046105533574407e-10;0.1;2.0461055335744072e-11;1.6862590781131473e-08;;;;ORANGE;True
1787669587.1914275;49.04505988499841;Wi-Fi;Wi-Fi;2,4/5 GHz;wlan0;-32.0;;;;-32.0;6.30957344480193e-07;0.1;6.30957344480193e-08;3.496087234079673e-05;;;;ROUGE;False
1787669587.275083;49.128513675999784;Simulation RF;Détection RF large bande;868 MHz;868 MHz;;2344;1.8885466362718066;-31.541865450872265;-64.54186545087227;3.514094651120614e-10;0.1;3.514094651120614e-11;6.82506311120696e-09;;;;ORANGE;True
1787669587.2752597;49.128513675999784;Simulation RF;Détection RF large bande;2,45 GHz;2,45 GHz;;2956;2.3820308024874466;-51.281232099497856;-67.98123209949786;1.5917570792858468e-10;0.1;1.591757079285847e-11;1.6878508351924333e-08;;;;ORANGE;True
1787669587.2929564;49.14658909799982;Wi-Fi;Wi-Fi;2,4/5 GHz;wlan0;-32.0;;;;-32.0;6.30957344480193e-07;0.1;6.30957344480193e-08;3.502396807524475e-05;;;;ROUGE;False
1787669587.336719;49.1903530999989;BLE Sniffer;iBeacon;2,4 GHz BLE;64:d1:2e:b5:04:2d;-62.0;;;;-62.0;6.309573444801942e-10;0.000368;2.321923027687115e-13;5.052795360110856e-11;36;0x00;37;ORANGE;False
1787669587.3389194;49.192552676999185;BLE Sniffer;iBeacon;2,4 GHz BLE;64:d1:2e:b5:04:2d;-63.0;;;;-63.0;5.011872336272714e-10;0.000368;1.8443690197483588e-13;5.071239050308339e-11;36;0x00;38;ORANGE;False
1787669587.375156;49.22860207699887;Simulation RF;Détection RF large bande;868 MHz;868 MHz;;2389;1.9255755304564186;-33.023021218256744;-66.02302121825674;2.498606573285478e-10;0.1;2.498606573285478e-11;6.850049176939814e-09;;;;ORANGE;True
1787669587.375309;49.22860207699887;Simulation RF;Détection RF large bande;2,45 GHz;2,45 GHz;;2940;2.3691504291055017;-50.76601716422006;-67.46601716422006;1.792248739342765e-10;0.1;1.7922487393427652e-11;1.689643083931776e-08;;;;ORANGE;True
1787669587.3838;49.23743282799842;Wi-Fi;Wi-Fi;2,4/5 GHz;wlan0;-32.0;;;;-32.0;6.30957344480193e-07;0.1;6.30957344480193e-08;3.508706380969277e-05;;;;ROUGE;False
1787669587.4440618;49.29769470300016;BLE Sniffer;iBeacon;2,4 GHz BLE;64:d1:2e:b5:04:2d;-68.0;;;;-68.0;1.584893192461111e-10;0.000368;5.832406948256888e-14;5.077071457256596e-11;36;0x00;39;ORANGE;False
1787669587.4481797;49.30181376799919;BLE Sniffer;Appareil BLE;2,4 GHz BLE;7f:c4:af:1a:e1:07;-67.0;;;;-67.0;1.9952623149688828e-10;0.00028;5.5867344819128714e-14;1.0397985039523936e-11;25;0x00;37;ORANGE;False
1787669587.4505153;49.30414908399871;BLE Sniffer;Appareil BLE;2,4 GHz BLE;7f:c4:af:1a:e1:07;-72.0;;;;-72.0;6.309573444801942e-11;0.00028;1.7666805645445437e-14;1.0415651845169382e-11;25;0x00;38;VERT;False
1787669587.450683;49.304314674000125;BLE Sniffer;Appareil BLE;2,4 GHz BLE;7f:c4:af:1a:e1:07;-69.0;;;;-69.0;1.2589254117941662e-10;0.00028;3.524991153023665e-14;1.0450901756699619e-11;25;0x00;39;ORANGE;False
1787669587.4752157;49.32867688599981;Simulation RF;Détection RF large bande;868 MHz;868 MHz;;2312;1.8634124561077852;-30.536498244311403;-63.5364982443114;4.4294537927999077e-10;0.1;4.429453792799908e-11;6.894343714867814e-09;;;;ORANGE;True
1787669587.4753568;49.32867688599981;Simulation RF;Détection RF large bande;2,45 GHz;2,45 GHz;;2922;2.3543449422916907;-50.17379769166763;-66.87379769166763;2.0540936065661376e-10;0.1;2.0540936065661376e-11;1.6916971775383422e-08;;;;ORANGE;True
1787669587.4828744;49.336507022999285;Wi-Fi;Wi-Fi;2,4/5 GHz;wlan0;-32.0;;;;-32.0;6.30957344480193e-07;0.1;6.30957344480193e-08;3.515015954414079e-05;;;;ROUGE;False
1787669587.5603144;49.4139476299988;BLE Sniffer;Appareil BLE;2,4 GHz BLE;d3:23:2f:4d:3e:b1;-79.0;;;;-79.0;1.2589254117941662e-11;0.000376;4.7335595483460644e-15;1.2481933292984763e-13;37;0x00;37;VERT;False
1787669587.566714;49.42034804799914;BLE Sniffer;iBeacon;2,4 GHz BLE;64:d1:2e:b5:04:2d;-62.0;;;;-62.0;6.309573444801942e-10;0.000368;2.321923027687115e-13;5.1002906875334676e-11;36;0x00;38;ORANGE;False
1787669587.5752735;49.42876219499885;Simulation RF;Détection RF large bande;868 MHz;868 MHz;;2385;1.9223305606733643;-32.89322242693457;-65.89322242693457;2.574410258340989e-10;0.1;2.574410258340989e-11;6.920087817451224e-09;;;;ORANGE;True
1787669587.57543;49.42876219499885;Simulation RF;Détection RF large bande;2,45 GHz;2,45 GHz;;2899;2.3365142593360115;-49.46057037344046;-66.16057037344046;2.4207111057883075e-10;0.1;2.4207111057883077e-11;1.6941178886441304e-08;;;;ORANGE;True
1787669587.5840073;49.43764044499949;Wi-Fi;Wi-Fi;2,4/5 GHz;wlan0;-32.0;;;;-32.0;6.30957344480193e-07;0.1;6.30957344480193e-08;3.521325527858881e-05;;;;ROUGE;False
1787669587.6783447;49.53197913999975;BLE Sniffer;iBeacon;2,4 GHz BLE;64:d1:2e:b5:04:2d;-68.0;;;;-68.0;1.584893192461111e-10;0.000368;5.832406948256888e-14;5.1061230944817246e-11;36;0x00;39;ORANGE;False
1787669587.678441;49.532072656998935;BLE Sniffer;Appareil BLE;2,4 GHz BLE;7f:c4:af:1a:e1:07;-70.0;;;;-70.0;1e-10;0.00028;2.7999999999999997e-14;1.0478901756699618e-11;25;0x00;37;ORANGE;False
1787669587.6837058;49.528850040998805;Simulation RF;Détection RF large bande;868 MHz;868 MHz;;2291;1.8458436075553135;-29.833744302212537;-62.83374430221254;5.207455528545628e-10;0.1;5.207455528545628e-11;6.97216237273668e-09;;;;ORANGE;True
1787669587.6838858;49.528850040998805;Simulation RF;Détection RF large bande;2,45 GHz;2,45 GHz;;2979;2.4005409813073264;-52.021639252293056;-68.72163925229306;1.3422582277403174e-10;0.1;1.3422582277403175e-11;1.6954601468718708e-08;;;;ORANGE;True
1787669587.6924925;49.54612534499938;Wi-Fi;Wi-Fi;2,4/5 GHz;wlan0;-32.0;;;;-32.0;6.30957344480193e-07;0.1;6.30957344480193e-08;3.527635101303683e-05;;;;ROUGE;False
1787669587.7754874;49.62893522000013;Simulation RF;Détection RF large bande;868 MHz;868 MHz;;2457;1.9801861257515503;-35.207445030062004;-68.207445030062;1.5109688010801116e-10;0.1;1.5109688010801115e-11;6.9872720607474814e-09;;;;ORANGE;True
1787669587.7756386;49.62893522000013;Simulation RF;Détection RF large bande;2,45 GHz;2,45 GHz;;2880;2.3206266414695005;-48.82506565878002;-65.52506565878002;2.802163256861454e-10;0.1;2.802163256861454e-11;1.6982623101287323e-08;;;;ORANGE;True
1787669587.7951326;49.6487677619989;Wi-Fi;Wi-Fi;2,4/5 GHz;wlan0;-32.0;;;;-32.0;6.30957344480193e-07;0.1;6.30957344480193e-08;3.533944674748485e-05;;;;ROUGE;False
1787669587.8755596;49.729013194999425;Simulation RF;Détection RF large bande;868 MHz;868 MHz;;2459;1.981639134723208;-35.26556538892832;-68.26556538892832;1.490882651348107e-10;0.1;1.490882651348107e-11;7.002180887260962e-09;;;;ORANGE;True
1787669587.8757024;49.729013194999425;Simulation RF;Détection RF large bande;2,45 GHz;2,45 GHz;;2890;2.3287970603094363;-49.15188241237745;-65.85188241237745;2.5990327904000534e-10;0.1;2.5990327904000534e-11;1.7008613429191322e-08;;;;ORANGE;True
1787669587.8841755;49.73780826199982;Wi-Fi;Wi-Fi;2,4/5 GHz;wlan0;-32.0;;;;-32.0;6.30957344480193e-07;0.1;6.30957344480193e-08;3.5402542481932873e-05;;;;ROUGE;False
1787669587.8970566;49.75069046799945;BLE Sniffer;iBeacon;2,4 GHz BLE;64:d1:2e:b5:04:2d;-62.0;;;;-62.0;6.309573444801942e-10;0.000368;2.321923027687115e-13;5.129342324758596e-11;36;0x00;38;ORANGE;False
1787669587.903719;49.75735388300018;BLE Sniffer;Appareil BLE;2,4 GHz BLE;7f:c4:af:1a:e1:07;-68.0;;;;-68.0;1.584893192461111e-10;0.00028;4.43770093889111e-14;1.052327876608853e-11;25;0x00;39;ORANGE;False
1787669587.975659;49.82909863399982;Simulation RF;Détection RF large bande;868 MHz;868 MHz;;2366;1.906942641318407;-32.27770565273627;-65.27770565273627;2.96639810294198e-10;0.1;2.9663981029419805e-11;7.031844868290382e-09;;;;ORANGE;True
1787669587.975818;49.82909863399982;Simulation RF;Détection RF large bande;2,45 GHz;2,45 GHz;;2881;2.3220794003059537;-48.88317601223814;-65.58317601223814;2.764918910058776e-10;0.1;2.7649189100587763e-11;1.703626261829191e-08;;;;ORANGE;True
1787669587.984521;49.83815345599942;Wi-Fi;Wi-Fi;2,4/5 GHz;wlan0;-32.0;;;;-32.0;6.30957344480193e-07;0.1;6.30957344480193e-08;3.5465638216380894e-05;;;;ROUGE;False
1787669588.0757074;49.929177072999664;Simulation RF;Détection RF large bande;868 MHz;868 MHz;;2353;1.8961943636075729;-31.847774544302908;-64.84777454430291;3.275084770922142e-10;0.1;3.275084770922142e-11;7.064595715999603e-09;;;;ORANGE;True
1787669588.0758502;49.929177072999664;Simulation RF;Détection RF large bande;2,45 GHz;2,45 GHz;;2910;2.345439513953056;-49.81758055812223;-66.51758055812223;2.2296769498548022e-10;0.1;2.2296769498548023e-11;1.705855938779046e-08;;;;ORANGE;True
1787669588.084335;49.937967324000056;Wi-Fi;Wi-Fi;2,4/5 GHz;wlan0;-32.0;;;;-32.0;6.30957344480193e-07;0.1;6.30957344480193e-08;3.5528733950828915e-05;;;;ROUGE;False
1787669588.1161132;49.96974580999995;Simulation LoRa;LoRa;868 MHz;LoRa 868.100 MHz;-86.76465673633341;;;;-86.76465673633341;2.106368378462973e-12;0.046335999999999995;9.760068518446031e-14;4.6380464625593195e-12;13;"SNR=9.27;SF=7;BW=125.0;CR=4/5;F=868.100;CRC=OK;PAYLOAD=54454d504f5f4c4f52415f3439";7;VERT;True
1787669588.1758153;50.02926026999921;Simulation RF;Détection RF large bande;868 MHz;868 MHz;;2368;1.9086066226789589;-32.34426490715835;-65.34426490715835;2.92128217862152e-10;0.1;2.92128217862152e-11;7.093808537785818e-09;;;;ORANGE;True
1787669588.1759698;50.02926026999921;Simulation RF;Détection RF large bande;2,45 GHz;2,45 GHz;;2904;2.340054927691126;-49.60219710764504;-66.30219710764504;2.3430431634974255e-10;0.1;2.3430431634974257e-11;1.7081989819425434e-08;;;;ORANGE;True
1787669588.1845107;50.038143334999404;Wi-Fi;Wi-Fi;2,4/5 GHz;wlan0;-32.0;;;;-32.0;6.30957344480193e-07;0.1;6.30957344480193e-08;3.5591829685276935e-05;;;;ROUGE;False
1787669588.2254205;50.0790533269992;BLE Sniffer;iBeacon;2,4 GHz BLE;64:d1:2e:b5:04:2d;-62.0;;;;-62.0;6.309573444801942e-10;0.000368;2.321923027687115e-13;5.152561555035467e-11;36;0x00;37;ORANGE;False
1787669588.2317116;50.0853460620001;BLE Sniffer;iBeacon;2,4 GHz BLE;64:d1:2e:b5:04:2d;-63.0;;;;-63.0;5.011872336272714e-10;0.000368;1.8443690197483588e-13;5.1710052452329507e-11;36;0x00;38;ORANGE;False
1787669588.231808;50.0854395239985;BLE Sniffer;iBeacon;2,4 GHz BLE;64:d1:2e:b5:04:2d;-68.0;;;;-68.0;1.584893192461111e-10;0.000368;5.832406948256888e-14;5.1768376521812077e-11;36;0x00;39;ORANGE;False
1787669588.275886;50.12933763499859;Simulation RF;Détection RF large bande;868 MHz;868 MHz;;2374;1.912846983971332;-32.51387935885327;-65.51387935885327;2.8093902063168076e-10;0.1;2.8093902063168078e-11;7.121902439848986e-09;;;;ORANGE;True
1787669588.2760262;50.12933763499859;Simulation RF;Détection RF large bande;2,45 GHz;2,45 GHz;;2895;2.3332170530511784;-49.32868212204714;-66.02868212204714;2.495351833097987e-10;0.1;2.4953518330979872e-11;1.7106943337756413e-08;;;;ORANGE;True
1787669588.2848432;50.13847602899841;Wi-Fi;Wi-Fi;2,4/5 GHz;wlan0;-32.0;;;;-32.0;6.30957344480193e-07;0.1;6.30957344480193e-08;3.5654925419724956e-05;;;;ROUGE;False
1787669588.350265;50.20389760099897;BLE Sniffer;Appareil BLE;2,4 GHz BLE;7f:c4:af:1a:e1:07;-68.0;;;;-68.0;1.584893192461111e-10;0.00028;4.43770093889111e-14;1.056765577547744e-11;25;0x00;37;ORANGE;False
1787669588.3503282;50.20395985999858;BLE Sniffer;Appareil BLE;2,4 GHz BLE;7f:c4:af:1a:e1:07;-72.0;;;;-72.0;6.309573444801942e-11;0.00028;1.7666805645445437e-14;1.0585322581122886e-11;25;0x00;38;VERT;False
1787669588.3566165;50.21025090999865;BLE Sniffer;Appareil BLE;2,4 GHz BLE;7f:c4:af:1a:e1:07;-68.0;;;;-68.0;1.584893192461111e-10;0.00028;4.43770093889111e-14;1.0629699590511797e-11;25;0x00;39;ORANGE;False
1787669588.3760366;50.229435961999116;Simulation RF;Détection RF large bande;868 MHz;868 MHz;;2350;1.8936925785585286;-31.747703142341138;-64.74770314234114;3.3514263952544097e-10;0.1;3.35142639525441e-11;7.15541670380153e-09;;;;ORANGE;True
1787669588.3764162;50.229435961999116;Simulation RF;Détection RF large bande;2,45 GHz;2,45 GHz;;2908;2.3438425017853493;-49.753700071413974;-66.45370007141398;2.262715713622831e-10;0.1;2.262715713622831e-11;1.7129570494892642e-08;;;;ORANGE;True
1787669588.3862593;50.23989178099873;Wi-Fi;Wi-Fi;2,4/5 GHz;wlan0;-31.0;;;;-31.0;7.943282347242822e-07;0.1;7.943282347242822e-08;3.573435824319738e-05;;;;ROUGE;False
1787669588.4704723;50.32410596699992;BLE Sniffer;iBeacon;2,4 GHz BLE;64:d1:2e:b5:04:2d;-63.0;;;;-63.0;5.011872336272714e-10;0.000368;1.8443690197483588e-13;5.195281342378691e-11;36;0x00;37;ORANGE;False
1787669588.4705691;50.324200779999956;BLE Sniffer;iBeacon;2,4 GHz BLE;64:d1:2e:b5:04:2d;-63.0;;;;-63.0;5.011872336272714e-10;0.000368;1.8443690197483588e-13;5.2137250325761745e-11;36;0x00;38;ORANGE;False
1787669588.4760313;50.329521566998665;Simulation RF;Détection RF large bande;868 MHz;868 MHz;;2405;1.938347317477378;-33.53389269909512;-66.53389269909512;2.2213179706044915e-10;0.1;2.2213179706044917e-11;7.177629883507575e-09;;;;ORANGE;True
1787669588.476188;50.329521566998665;Simulation RF;Détection RF large bande;2,45 GHz;2,45 GHz;;2842;2.289961137223336;-47.59844548893345;-64.29844548893345;3.71668239997979e-10;0.1;3.71668239997979e-11;1.716673731889244e-08;;;;ORANGE;True
1787669588.484819;50.33845155800009;Wi-Fi;Wi-Fi;2,4/5 GHz;wlan0;-31.0;;;;-31.0;7.943282347242822e-07;0.1;7.943282347242822e-08;3.581379106666981e-05;;;;ROUGE;False
1787669588.582989;50.43662309999854;BLE Sniffer;iBeacon;2,4 GHz BLE;64:d1:2e:b5:04:2d;-68.0;;;;-68.0;1.584893192461111e-10;0.000368;5.832406948256888e-14;5.2195574395244315e-11;36;0x00;39;ORANGE;False
1787669588.583085;50.43671670999902;BLE Sniffer;Appareil BLE;2,4 GHz BLE;7f:c4:af:1a:e1:07;-68.0;;;;-68.0;1.584893192461111e-10;0.00028;4.43770093889111e-14;1.0674076599900707e-11;25;0x00;37;ORANGE;False
1787669588.5831268;50.43675850499858;BLE Sniffer;Appareil BLE;2,4 GHz BLE;7f:c4:af:1a:e1:07;-72.0;;;;-72.0;6.309573444801942e-11;0.00028;1.7666805645445437e-14;1.0691743405546153e-11;25;0x00;38;VERT;False
1787669588.5831647;50.43679611599873;BLE Sniffer;Appareil BLE;2,4 GHz BLE;7f:c4:af:1a:e1:07;-68.0;;;;-68.0;1.584893192461111e-10;0.00028;4.43770093889111e-14;1.0736120414935064e-11;25;0x00;39;ORANGE;False
1787669588.5954344;50.430059035999875;Simulation RF;Détection RF large bande;868 MHz;868 MHz;;2404;1.9372509326006455;-33.49003730402582;-66.49003730402582;2.2438626498860897e-10;0.1;2.24386264988609e-11;7.2000685100064356e-09;;;;ORANGE;True
1787669588.5956457;50.430059035999875;Simulation RF;Détection RF large bande;2,45 GHz;2,45 GHz;;2870;2.3130534882561964;-48.522139530247856;-65.22213953024786;3.0045957387576046e-10;0.1;3.0045957387576046e-11;1.7196783276280014e-08;;;;ORANGE;True
1787669588.604153;50.45778588099893;Wi-Fi;Wi-Fi;2,4/5 GHz;wlan0;-31.0;;;;-31.0;7.943282347242822e-07;0.1;7.943282347242822e-08;3.5893223890142235e-05;;;;ROUGE;False
1787669588.6766765;50.53014252999856;Simulation RF;Détection RF large bande;868 MHz;868 MHz;;2337;1.8831358034081693;-31.325432136326768;-64.32543213632677;3.693658894910691e-10;0.1;3.693658894910691e-11;7.237005098955543e-09;;;;ORANGE;True
1787669588.676821;50.53014252999856;Simulation RF;Détection RF large bande;2,45 GHz;2,45 GHz;;2827;2.2780899884521237;-47.123599538084946;-63.82359953808494;4.1461026113830113e-10;0.1;4.1461026113830117e-11;1.7238244302393843e-08;;;;ORANGE;True
1787669588.6853983;50.539030964999256;Wi-Fi;Wi-Fi;2,4/5 GHz;wlan0;-31.0;;;;-31.0;7.943282347242822e-07;0.1;7.943282347242822e-08;3.597265671361466e-05;;;;ROUGE;False
1787669588.7836194;50.63022307999927;Simulation RF;Détection RF large bande;868 MHz;868 MHz;;2425;1.9546033942507077;-34.184135770028306;-67.1841357700283;1.9124338540117576e-10;0.1;1.9124338540117576e-11;7.25612943749566e-09;;;;ORANGE;True
1787669588.7856207;50.63022307999927;Simulation RF;Détection RF large bande;2,45 GHz;2,45 GHz;;2870;2.312989808483381;-48.51959233933523;-65.21959233933524;3.00635848824928e-10;0.1;3.00635848824928e-11;1.7268307887276334e-08;;;;ORANGE;True
1787669588.7954154;50.64904739699887;Wi-Fi;Wi-Fi;2,4/5 GHz;wlan0;-31.0;;;;-31.0;7.943282347242822e-07;0.1;7.943282347242822e-08;3.605208953708709e-05;;;;ROUGE;False
1787669588.811331;50.664964222998606;BLE Sniffer;iBeacon;2,4 GHz BLE;64:d1:2e:b5:04:2d;-62.0;;;;-62.0;6.309573444801942e-10;0.000368;2.321923027687115e-13;5.242776669801303e-11;36;0x00;37;ORANGE;False
1787669588.811414;50.665045684998404;BLE Sniffer;iBeacon;2,4 GHz BLE;64:d1:2e:b5:04:2d;-62.0;;;;-62.0;6.309573444801942e-10;0.000368;2.321923027687115e-13;5.265995900078174e-11;36;0x00;38;ORANGE;False
1787669588.8114548;50.66508627699841;BLE Sniffer;iBeacon;2,4 GHz BLE;64:d1:2e:b5:04:2d;-68.0;;;;-68.0;1.584893192461111e-10;0.000368;5.832406948256888e-14;5.271828307026431e-11;36;0x00;39;ORANGE;False
1787669588.8768265;50.73030507399926;Simulation RF;Détection RF large bande;868 MHz;868 MHz;;2425;1.9538975612711487;-34.15590245084594;-67.15590245084594;1.9249070136397233e-10;0.1;1.9249070136397234e-11;7.275378507632058e-09;;;;ORANGE;True
1787669588.8769746;50.73030507399926;Simulation RF;Détection RF large bande;2,45 GHz;2,45 GHz;;2886;2.325325822428734;-49.013032897149344;-65.71303289714935;2.6834697890137107e-10;0.1;2.683469789013711e-11;1.729514258516647e-08;;;;ORANGE;True
1787669588.8904626;50.74409504399955;Wi-Fi;Wi-Fi;2,4/5 GHz;wlan0;-31.0;;;;-31.0;7.943282347242822e-07;0.1;7.943282347242822e-08;3.6131522360559515e-05;;;;ROUGE;False
1787669588.984216;50.830940003999785;Simulation RF;Détection RF large bande;868 MHz;868 MHz;;2393;1.9287351461290048;-33.14940584516019;-66.14940584516019;2.426942100397116e-10;0.1;2.426942100397116e-11;7.299647928636029e-09;;;;ORANGE;True
1787669588.996424;50.830940003999785;Simulation RF;Détection RF large bande;2,45 GHz;2,45 GHz;;2924;2.356736973244432;-50.26947892977728;-66.96947892977728;2.009333879739013e-10;0.1;2.0093338797390132e-11;1.731523592396386e-08;;;;ORANGE;True
1787669589.0070589;50.86069198399855;Wi-Fi;Wi-Fi;2,4/5 GHz;wlan0;-31.0;;;;-31.0;7.943282347242822e-07;0.1;7.943282347242822e-08;3.621095518403194e-05;;;;ROUGE;False
1787669589.0328267;50.88646037899889;BLE Sniffer;Appareil BLE;2,4 GHz BLE;7f:c4:af:1a:e1:07;-68.0;;;;-68.0;1.584893192461111e-10;0.00028;4.43770093889111e-14;1.0780497424323975e-11;25;0x00;37;ORANGE;False
1787669589.0396838;50.89331810499971;BLE Sniffer;iBeacon;2,4 GHz BLE;64:d1:2e:b5:04:2d;-63.0;;;;-63.0;5.011872336272714e-10;0.000368;1.8443690197483588e-13;5.2902719972239146e-11;36;0x00;38;ORANGE;False
1787669589.042126;50.895759695999004;BLE Sniffer;iBeacon;2,4 GHz BLE;64:d1:2e:b5:04:2d;-68.0;;;;-68.0;1.584893192461111e-10;0.000368;5.832406948256888e-14;5.2961044041721716e-11;36;0x00;39;ORANGE;False
1787669589.04227;50.895901582998704;Simulation LoRa;LoRa;868 MHz;LoRa 868.100 MHz;-92.69305629137496;;;;-92.69305629137496;5.378911153593765e-13;0.046335999999999995;2.4923722721292064e-14;4.662970185280611e-12;13;"SNR=5.81;SF=7;BW=125.0;CR=4/5;F=868.100;CRC=OK;PAYLOAD=54454d504f5f4c4f52415f3530";7;VERT;True
1787669589.077542;50.93102331299997;Simulation RF;Détection RF large bande;868 MHz;868 MHz;;2444;1.9691402277679009;-34.76560911071603;-67.76560911071603;1.6727810075153624e-10;0.1;1.6727810075153626e-11;7.316375738711182e-09;;;;ORANGE;True
1787669589.0776908;50.93102331299997;Simulation RF;Détection RF large bande;2,45 GHz;2,45 GHz;;2900;2.3366015515717193;-49.46406206286876;-66.16406206286877;2.4187656575214173e-10;0.1;2.4187656575214173e-11;1.7339423580539074e-08;;;;ORANGE;True
1787669589.0862179;50.93985013800011;Wi-Fi;Wi-Fi;2,4/5 GHz;wlan0;-31.0;;;;-31.0;7.943282347242822e-07;0.1;7.943282347242822e-08;3.629038800750437e-05;;;;ROUGE;False
1787669589.177655;51.03110728899992;Simulation RF;Détection RF large bande;868 MHz;868 MHz;;2390;1.9262685318676809;-33.050741274707235;-66.05074127470724;2.4827093083644754e-10;0.1;2.4827093083644754e-11;7.341202831794827e-09;;;;ORANGE;True
1787669589.1778116;51.03110728899992;Simulation RF;Détection RF large bande;2,45 GHz;2,45 GHz;;2897;2.3342772655141273;-49.371090620565084;-66.07109062056509;2.47110351204832e-10;0.1;2.47110351204832e-11;1.7364134615659557e-08;;;;ORANGE;True
1787669589.196223;51.04985597799896;Wi-Fi;Wi-Fi;2,4/5 GHz;wlan0;-31.0;;;;-31.0;7.943282347242822e-07;0.1;7.943282347242822e-08;3.6369820830976794e-05;;;;ROUGE;False
1787669589.2635102;51.117144112999085;BLE Sniffer;Appareil BLE;2,4 GHz BLE;7f:c4:af:1a:e1:07;-67.0;;;;-67.0;1.9952623149688828e-10;0.00028;5.5867344819128714e-14;1.0836364769143103e-11;25;0x00;37;ORANGE;False
1787669589.2777398;51.13119228299911;Simulation RF;Détection RF large bande;868 MHz;868 MHz;;2409;1.9415224485324296;-33.66089794129718;-66.66089794129718;2.1572983230042178e-10;0.1;2.1572983230042178e-11;7.362775815024869e-09;;;;ORANGE;True
1787669589.2778966;51.13119228299911;Simulation RF;Détection RF large bande;2,45 GHz;2,45 GHz;;2889;2.3280789704228133;-49.12315881691252;-65.82315881691252;2.616279379658313e-10;0.1;2.616279379658313e-11;1.739029740945614e-08;;;;ORANGE;True
1787669589.2865882;51.140221456998916;Wi-Fi;Wi-Fi;2,4/5 GHz;wlan0;-31.0;;;;-31.0;7.943282347242822e-07;0.1;7.943282347242822e-08;3.644925365444922e-05;;;;ROUGE;False
1787669589.3731618;51.226795402999414;BLE Sniffer;iBeacon;2,4 GHz BLE;64:d1:2e:b5:04:2d;-62.0;;;;-62.0;6.309573444801942e-10;0.000368;2.321923027687115e-13;5.319323634449043e-11;36;0x00;38;ORANGE;False
1787669589.373256;51.22688730899972;BLE Sniffer;iBeacon;2,4 GHz BLE;64:d1:2e:b5:04:2d;-68.0;;;;-68.0;1.584893192461111e-10;0.000368;5.832406948256888e-14;5.3251560413973e-11;36;0x00;39;ORANGE;False
1787669589.378645;51.2315043109993;Simulation RF;Détection RF large bande;868 MHz;868 MHz;;2432;1.9598315164349007;-34.39326065739603;-67.39326065739603;1.8225268460955272e-10;0.1;1.8225268460955272e-11;7.381001083485824e-09;;;;ORANGE;True
1787669589.3787973;51.2315043109993;Simulation RF;Détection RF large bande;2,45 GHz;2,45 GHz;;2882;2.3224070430072272;-48.89628172028908;-65.59628172028908;2.7565877887923257e-10;0.1;2.7565877887923257e-11;1.7417863287344066e-08;;;;ORANGE;True
1787669589.3874388;51.241071660999296;Wi-Fi;Wi-Fi;2,4/5 GHz;wlan0;-31.0;;;;-31.0;7.943282347242822e-07;0.1;7.943282347242822e-08;3.652868647792165e-05;;;;ROUGE;False
1787669589.478153;51.331590082998446;Simulation RF;Détection RF large bande;868 MHz;868 MHz;;2473;1.9932917328041844;-35.73166931216737;-68.73166931216737;1.3391618503859922e-10;0.1;1.3391618503859923e-11;7.394392701989684e-09;;;;ORANGE;True
1787669589.478309;51.331590082998446;Simulation RF;Détection RF large bande;2,45 GHz;2,45 GHz;;2869;2.3124119772762106;-48.49647909104843;-65.19647909104843;3.022401046109036e-10;0.1;3.022401046109036e-11;1.7448087297805157e-08;;;;ORANGE;True
1787669589.4898689;51.343502340998384;BLE Sniffer;Appareil BLE;2,4 GHz BLE;d3:23:2f:4d:3e:b1;-79.0;;;;-79.0;1.2589254117941662e-11;0.000376;4.7335595483460644e-15;1.295528924781937e-13;37;0x00;37;VERT;False
1787669589.5016882;51.35532099000011;Wi-Fi;Wi-Fi;2,4/5 GHz;wlan0;-31.0;;;;-31.0;7.943282347242822e-07;0.1;7.943282347242822e-08;3.6608119301394073e-05;;;;ROUGE;False
1787669589.5782113;51.4316688179988;Simulation RF;Détection RF large bande;868 MHz;868 MHz;;2435;1.962340536724044;-34.49362146896176;-67.49362146896176;1.7808931075689433e-10;0.1;1.7808931075689434e-11;7.412201633065373e-09;;;;ORANGE;True
1787669589.5783546;51.4316688179988;Simulation RF;Détection RF large bande;2,45 GHz;2,45 GHz;;2872;2.3147221103556226;-48.58888441422491;-65.28888441422491;2.9587723980344346e-10;0.1;2.958772398034435e-11;1.74776750217855e-08;;;;ORANGE;True
1787669589.5874543;51.4410871709988;Wi-Fi;Wi-Fi;2,4/5 GHz;wlan0;-30.0;;;;-30.0;1e-06;0.1;1e-07;3.6708119301394076e-05;;;;ROUGE;False
1787669589.593222;51.44685469199976;BLE Sniffer;Appareil BLE;2,4 GHz BLE;d3:23:2f:4d:3e:b1;-77.0;;;;-77.0;1.9952623149688828e-11;0.000376;7.502186304282999e-15;1.370550787824767e-13;37;0x00;38;VERT;False
1787669589.5951154;51.44875019899882;BLE Sniffer;Appareil BLE;2,4 GHz BLE;d3:23:2f:4d:3e:b1;-84.0;;;;-84.0;3.9810717055349695e-12;0.000376;1.4968829612811484e-15;1.3855196174375785e-13;37;0x00;39;VERT;False
1787669589.5952122;51.44884386499871;BLE Sniffer;Appareil BLE;2,4 GHz BLE;7f:c4:af:1a:e1:07;-68.0;;;;-68.0;1.584893192461111e-10;0.00028;4.43770093889111e-14;1.0880741778532014e-11;25;0x00;37;ORANGE;False
1787669589.5952532;51.448884882998755;BLE Sniffer;Appareil BLE;2,4 GHz BLE;7f:c4:af:1a:e1:07;-72.0;;;;-72.0;6.309573444801942e-11;0.00028;1.7666805645445437e-14;1.089840858417746e-11;25;0x00;38;VERT;False
1787669589.5999382;51.453571864998594;BLE Sniffer;Appareil BLE;2,4 GHz BLE;7f:c4:af:1a:e1:07;-68.0;;;;-68.0;1.584893192461111e-10;0.00028;4.43770093889111e-14;1.094278559356637e-11;25;0x00;39;ORANGE;False
1787669589.67829;51.53174595999917;Simulation RF;Détection RF large bande;868 MHz;868 MHz;;2341;1.8865120600169458;-31.460482400677833;-64.46048240067783;3.5805666308350786e-10;0.1;3.580566630835079e-11;7.448007299373724e-09;;;;ORANGE;True
1787669589.6784298;51.53174595999917;Simulation RF;Détection RF large bande;2,45 GHz;2,45 GHz;;2821;2.273685477278502;-46.94741909114008;-63.64741909114008;4.317755945701503e-10;0.1;4.317755945701503e-11;1.7520852581242516e-08;;;;ORANGE;True
1787669589.687;51.54063256199879;Wi-Fi;Wi-Fi;2,4/5 GHz;wlan0;-30.0;;;;-30.0;1e-06;0.1;1e-07;3.680811930139408e-05;;;;ROUGE;False
1787669589.7149935;51.56862684799853;BLE Sniffer;iBeacon;2,4 GHz BLE;64:d1:2e:b5:04:2d;-62.0;;;;-62.0;6.309573444801942e-10;0.000368;2.321923027687115e-13;5.348375271674171e-11;36;0x00;37;ORANGE;False
1787669589.7150755;51.568707069000084;BLE Sniffer;iBeacon;2,4 GHz BLE;64:d1:2e:b5:04:2d;-62.0;;;;-62.0;6.309573444801942e-10;0.000368;2.321923027687115e-13;5.3715945019510426e-11;36;0x00;38;ORANGE;False
1787669589.7151146;51.568745919999856;BLE Sniffer;iBeacon;2,4 GHz BLE;64:d1:2e:b5:04:2d;-68.0;;;;-68.0;1.584893192461111e-10;0.000368;5.832406948256888e-14;5.3774269088992996e-11;36;0x00;39;ORANGE;False
1787669589.7783535;51.631829157999164;Simulation RF;Détection RF large bande;868 MHz;868 MHz;;2401;1.9346537421622498;-33.386149686489986;-66.38614968648999;2.298185241417463e-10;0.1;2.2981852414174632e-11;7.470989151787898e-09;;;;ORANGE;True
1787669589.7785008;51.631829157999164;Simulation RF;Détection RF large bande;2,45 GHz;2,45 GHz;;2919;2.352231143695011;-50.08924574780045;-66.78924574780045;2.094476178199895e-10;0.1;2.094476178199895e-11;1.7541797343024515e-08;;;;ORANGE;True
1787669589.7869923;51.6406246509996;Wi-Fi;Wi-Fi;2,4/5 GHz;wlan0;-31.0;;;;-31.0;7.943282347242822e-07;0.1;7.943282347242822e-08;3.6887552124866505e-05;;;;ROUGE;False
1787669589.8450906;51.698724132998905;BLE Sniffer;Appareil BLE;2,4 GHz BLE;7f:c4:af:1a:e1:07;-68.0;;;;-68.0;1.584893192461111e-10;0.00028;4.43770093889111e-14;1.0987162602955281e-11;25;0x00;37;ORANGE;False
1787669589.847775;51.70140903599895;BLE Sniffer;Appareil BLE;2,4 GHz BLE;7f:c6:2f:1a:e1:07;-72.0;;;;-72.0;6.309573444801942e-11;0.00028;1.7666805645445437e-14;1.7666805645445437e-14;25;0x00;38;VERT;False
1787669589.8784804;51.73191609700007;Simulation RF;Détection RF large bande;868 MHz;868 MHz;;2425;1.9538782565331845;-34.15513026132737;-67.15513026132737;1.9252492987095738e-10;0.1;1.925249298709574e-11;7.490241644774994e-09;;;;ORANGE;True
1787669589.8786411;51.73191609700007;Simulation RF;Détection RF large bande;2,45 GHz;2,45 GHz;;2805;2.2600442408901014;-46.401769635604055;-63.10176963560406;4.895792880568301e-10;0.1;4.895792880568301e-11;1.7590755271830197e-08;;;;ORANGE;True
1787669589.8872201;51.74085275399921;Wi-Fi;Wi-Fi;2,4/5 GHz;wlan0;-31.0;;;;-31.0;7.943282347242822e-07;0.1;7.943282347242822e-08;3.696698494833893e-05;;;;ROUGE;False
1787669589.9509828;51.804615814999124;BLE Sniffer;Appareil BLE;2,4 GHz BLE;7f:c4:af:1a:e1:07;-68.0;;;;-68.0;1.584893192461111e-10;0.00028;4.43770093889111e-14;1.1031539612344192e-11;25;0x00;39;ORANGE;False
1787669589.957554;51.81118878599955;BLE Sniffer;iBeacon;2,4 GHz BLE;64:d1:2e:b5:04:2d;-63.0;;;;-63.0;5.011872336272714e-10;0.000368;1.8443690197483588e-13;5.395870599096783e-11;36;0x00;37;ORANGE;False
1787669589.957644;51.81127556299907;BLE Sniffer;iBeacon;2,4 GHz BLE;64:d1:2e:b5:04:2d;-62.0;;;;-62.0;6.309573444801942e-10;0.000368;2.321923027687115e-13;5.4190898293736544e-11;36;0x00;38;ORANGE;False
1787669589.978508;51.83199342499938;Simulation RF;Détection RF large bande;868 MHz;868 MHz;;2414;1.945431938444482;-33.817277537779276;-66.81727753777928;2.0810007954690133e-10;0.1;2.0810007954690134e-11;7.511051652729684e-09;;;;ORANGE;True
1787669589.9786541;51.83199342499938;Simulation RF;Détection RF large bande;2,45 GHz;2,45 GHz;;2906;2.341970125473728;-49.67880501894912;-66.37880501894912;2.302075156737698e-10;0.1;2.302075156737698e-11;1.7613776023397574e-08;;;;ORANGE;True
1787669589.9873621;51.84099483999853;Wi-Fi;Wi-Fi;2,4/5 GHz;wlan0;-31.0;;;;-31.0;7.943282347242822e-07;0.1;7.943282347242822e-08;3.704641777181136e-05;;;;ROUGE;False
1787669590.0658033;51.91943800499939;BLE Sniffer;iBeacon;2,4 GHz BLE;64:d1:2e:b5:04:2d;-68.0;;;;-68.0;1.584893192461111e-10;0.000368;5.832406948256888e-14;5.4249222363219114e-11;36;0x00;39;ORANGE;False
1787669590.0738041;51.927439231998505;Simulation LoRa;LoRa;868 MHz;LoRa 868.100 MHz;-83.43878275529929;;;;-83.43878275529929;4.530245362585706e-12;0.046335999999999995;2.0991344912077126e-13;4.8728836344013824e-12;13;"SNR=8.36;SF=7;BW=125.0;CR=4/5;F=868.100;CRC=OK;PAYLOAD=54454d504f5f4c4f52415f3531";7;VERT;True
1787669590.0801802;51.93211610399885;Simulation RF;Détection RF large bande;868 MHz;868 MHz;;2417;1.9476152136632834;-33.904608546531335;-66.90460854653134;2.039572489193802e-10;0.1;2.0395724891938023e-11;7.531447377621621e-09;;;;ORANGE;True
1787669590.080332;51.93211610399885;Simulation RF;Détection RF large bande;2,45 GHz;2,45 GHz;;2831;2.2812928878768353;-47.251715515073414;-63.95171551507341;4.025579877017824e-10;0.1;4.025579877017824e-11;1.7654031822167753e-08;;;;ORANGE;True
1787669590.089134;51.94276682599957;Wi-Fi;Wi-Fi;2,4/5 GHz;wlan0;-31.0;;;;-31.0;7.943282347242822e-07;0.1;7.943282347242822e-08;3.7125850595283784e-05;;;;ROUGE;False
1787669590.178752;52.03219859799901;Simulation RF;Détection RF large bande;868 MHz;868 MHz;;2462;1.9844171177880978;-35.37668471152391;-68.37668471152391;1.453220544153547e-10;0.1;1.453220544153547e-11;7.545979583063156e-09;;;;ORANGE;True
1787669590.178903;52.03219859799901;Simulation RF;Détection RF large bande;2,45 GHz;2,45 GHz;;2876;2.3173294461486513;-48.69317784594605;-65.39317784594606;2.8885654702141873e-10;0.1;2.8885654702141873e-11;1.7682917476869895e-08;;;;ORANGE;True
1787669590.1876848;52.04131941899868;BLE Sniffer;Appareil BLE;2,4 GHz BLE;7f:c4:af:1a:e1:07;-67.0;;;;-67.0;1.9952623149688828e-10;0.00028;5.5867344819128714e-14;1.1087406957163321e-11;25;0x00;37;ORANGE;False
1787669590.1877878;52.04141928699937;BLE Sniffer;Appareil BLE;2,4 GHz BLE;7f:c4:af:1a:e1:07;-72.0;;;;-72.0;6.309573444801942e-11;0.00028;1.7666805645445437e-14;1.1105073762808766e-11;25;0x00;38;VERT;False
1787669590.1878295;52.04146084199965;BLE Sniffer;Appareil BLE;2,4 GHz BLE;7f:c4:af:1a:e1:07;-69.0;;;;-69.0;1.2589254117941662e-10;0.00028;3.524991153023665e-14;1.1140323674339004e-11;25;0x00;39;ORANGE;False
1787669590.193113;52.046747296999456;BLE Sniffer;iBeacon;2,4 GHz BLE;64:d1:2e:b5:04:2d;-63.0;;;;-63.0;5.011872336272714e-10;0.000368;1.8443690197483588e-13;5.443365926519395e-11;36;0x00;37;ORANGE;False
1787669590.2033055;52.05693928599976;Wi-Fi;Wi-Fi;2,4/5 GHz;wlan0;-31.0;;;;-31.0;7.943282347242822e-07;0.1;7.943282347242822e-08;3.720528341875621e-05;;;;ROUGE;False
1787669590.278843;52.132283739998456;Simulation RF;Détection RF large bande;868 MHz;868 MHz;;2452;1.975762906732836;-35.03051626931344;-68.03051626931344;1.5737957677404818e-10;0.1;1.5737957677404818e-11;7.56171754074056e-09;;;;ORANGE;True
1787669590.2789962;52.132283739998456;Simulation RF;Détection RF large bande;2,45 GHz;2,45 GHz;;2841;2.289732377650282;-47.58929510601128;-64.28929510601128;3.7245215325307176e-10;0.1;3.724521532530718e-11;1.7720162692195203e-08;;;;ORANGE;True
1787669590.28761;52.141243174999545;Wi-Fi;Wi-Fi;2,4/5 GHz;wlan0;-31.0;;;;-31.0;7.943282347242822e-07;0.1;7.943282347242822e-08;3.728471624222864e-05;;;;ROUGE;False
1787669590.3053741;52.1590081939994;BLE Sniffer;iBeacon;2,4 GHz BLE;64:d1:2e:b5:04:2d;-62.0;;;;-62.0;6.309573444801942e-10;0.000368;2.321923027687115e-13;5.466585156796266e-11;36;0x00;38;ORANGE;False
1787669590.305469;52.15910054399865;BLE Sniffer;iBeacon;2,4 GHz BLE;64:d1:2e:b5:04:2d;-68.0;;;;-68.0;1.584893192461111e-10;0.000368;5.832406948256888e-14;5.472417563744523e-11;36;0x00;39;ORANGE;False
1787669590.3789067;52.23236427199845;Simulation RF;Détection RF large bande;868 MHz;868 MHz;;2423;1.9525117581969713;-34.10047032787885;-67.10047032787885;1.9496334488784127e-10;0.1;1.9496334488784127e-11;7.581213875229344e-09;;;;ORANGE;True
1787669590.3790948;52.23236427199845;Simulation RF;Détection RF large bande;2,45 GHz;2,45 GHz;;2895;2.3329928205027732;-49.31971282011092;-66.01971282011093;2.5005107040332043e-10;0.1;2.5005107040332046e-11;1.7745167799235535e-08;;;;ORANGE;True
1787669590.3868892;52.24052173699965;Wi-Fi;Wi-Fi;2,4/5 GHz;wlan0;-31.0;;;;-31.0;7.943282347242822e-07;0.1;7.943282347242822e-08;3.7364149065701064e-05;;;;ROUGE;False
1787669590.4181046;52.27173778699944;BLE Sniffer;Appareil BLE;2,4 GHz BLE;7f:c4:af:1a:e1:07;-68.0;;;;-68.0;1.584893192461111e-10;0.00028;4.43770093889111e-14;1.1184700683727914e-11;25;0x00;37;ORANGE;False
1787669590.4789822;52.332447302998844;Simulation RF;Détection RF large bande;868 MHz;868 MHz;;2443;1.9690553384962752;-34.762213539851004;-67.762213539851;1.674089397966135e-10;0.1;1.6740893979661352e-11;7.597954769209006e-09;;;;ORANGE;True
1787669590.4791324;52.332447302998844;Simulation RF;Détection RF large bande;2,45 GHz;2,45 GHz;;2856;2.3016277108519185;-48.065108434076734;-64.76510843407674;3.3380217073311697e-10;0.1;3.33802170733117e-11;1.7778548016308847e-08;;;;ORANGE;True
1787669590.4888313;52.34246359200006;Wi-Fi;Wi-Fi;2,4/5 GHz;wlan0;-31.0;;;;-31.0;7.943282347242822e-07;0.1;7.943282347242822e-08;3.744358188917349e-05;;;;ROUGE;False
1787669590.5281467;52.38178025599882;BLE Sniffer;iBeacon;2,4 GHz BLE;64:d1:2e:b5:04:2d;-63.0;;;;-63.0;5.011872336272714e-10;0.000368;1.8443690197483588e-13;5.4908612539420066e-11;36;0x00;38;ORANGE;False
1787669590.5282273;52.38185869900008;BLE Sniffer;iBeacon;2,4 GHz BLE;64:d1:2e:b5:04:2d;-68.0;;;;-68.0;1.584893192461111e-10;0.000368;5.832406948256888e-14;5.4966936608902636e-11;36;0x00;39;ORANGE;False
1787669590.5790613;52.43253363099939;Simulation RF;Détection RF large bande;868 MHz;868 MHz;;2409;1.940942733328408;-33.637709333136314;-66.63770933313631;2.1688477522553933e-10;0.1;2.1688477522553934e-11;7.619643246731559e-09;;;;ORANGE;True
1787669590.579214;52.43253363099939;Simulation RF;Détection RF large bande;2,45 GHz;2,45 GHz;;2841;2.2894931232816433;-47.57972493126573;-64.27972493126573;3.732737990585506e-10;0.1;3.732737990585506e-11;1.78158753962147e-08;;;;ORANGE;True
1787669590.587809;52.44144162199882;Wi-Fi;Wi-Fi;2,4/5 GHz;wlan0;-31.0;;;;-31.0;7.943282347242822e-07;0.1;7.943282347242822e-08;3.7523014712645917e-05;;;;ROUGE;False
1787669590.686084;52.53265871699841;Simulation RF;Détection RF large bande;868 MHz;868 MHz;;2483;2.0009748411374417;-36.03899364549767;-69.03899364549767;1.2476725935475424e-10;0.1;1.2476725935475425e-11;7.632119972667035e-09;;;;ORANGE;True
1787669590.6993814;52.53265871699841;Simulation RF;Détection RF large bande;2,45 GHz;2,45 GHz;;2926;2.357842250010216;-50.31369000040863;-67.01369000040863;1.9889826737770837e-10;0.1;1.988982673777084e-11;1.783576522295247e-08;;;;ORANGE;True
1787669590.709595;52.56322748099956;Wi-Fi;Wi-Fi;2,4/5 GHz;wlan0;-31.0;;;;-31.0;7.943282347242822e-07;0.1;7.943282347242822e-08;3.760244753611834e-05;;;;ROUGE;False
1787669590.7479491;52.601582567998776;BLE Sniffer;Appareil BLE;2,4 GHz BLE;7f:c4:af:1a:e1:07;-68.0;;;;-68.0;1.584893192461111e-10;0.00028;4.43770093889111e-14;1.1229077693116825e-11;25;0x00;37;ORANGE;False
1787669590.752487;52.60612105299879;BLE Sniffer;iBeacon;2,4 GHz BLE;64:d1:2e:b5:04:2d;-63.0;;;;-63.0;5.011872336272714e-10;0.000368;1.8443690197483588e-13;5.515137351087747e-11;36;0x00;38;ORANGE;False
1787669590.7550113;52.60864405099892;BLE Sniffer;iBeacon;2,4 GHz BLE;64:d1:2e:b5:04:2d;-68.0;;;;-68.0;1.584893192461111e-10;0.000368;5.832406948256888e-14;5.520969758036004e-11;36;0x00;39;ORANGE;False
1787669590.7792635;52.632742007999695;Simulation RF;Détection RF large bande;868 MHz;868 MHz;;2393;1.9287486716233344;-33.14994686493337;-66.14994686493337;2.426639784356226e-10;0.1;2.426639784356226e-11;7.656386370510598e-09;;;;ORANGE;True
1787669590.779412;52.632742007999695;Simulation RF;Détection RF large bande;2,45 GHz;2,45 GHz;;2836;2.28545024480944;-47.41800979237759;-64.11800979237759;3.8743515114665877e-10;0.1;3.874351511466588e-11;1.7874508738067136e-08;;;;ORANGE;True
1787669590.7879736;52.64160653699946;Wi-Fi;Wi-Fi;2,4/5 GHz;wlan0;-31.0;;;;-31.0;7.943282347242822e-07;0.1;7.943282347242822e-08;3.768188035959077e-05;;;;ROUGE;False
1787669590.8793418;52.7328236509984;Simulation RF;Détection RF large bande;868 MHz;868 MHz;;2485;2.0021733478964614;-36.08693391585845;-69.08693391585845;1.2339757027089688e-10;0.1;1.2339757027089688e-11;7.668726127537687e-09;;;;ORANGE;True
1787669590.8794975;52.7328236509984;Simulation RF;Détection RF large bande;2,45 GHz;2,45 GHz;;2838;2.2868603789851494;-47.474415159405964;-64.17441515940597;3.824357507187072e-10;0.1;3.824357507187072e-11;1.7912752313139008e-08;;;;ORANGE;True
1787669590.898808;52.75244095599919;Wi-Fi;Wi-Fi;2,4/5 GHz;wlan0;-31.0;;;;-31.0;7.943282347242822e-07;0.1;7.943282347242822e-08;3.7761313183063196e-05;;;;ROUGE;False
1787669590.977691;52.83132446599848;BLE Sniffer;Appareil BLE;2,4 GHz BLE;7f:c4:af:1a:e1:07;-68.0;;;;-68.0;1.584893192461111e-10;0.00028;4.43770093889111e-14;1.1273454702505736e-11;25;0x00;37;ORANGE;False
1787669590.98107;52.832954236999285;Simulation RF;Détection RF large bande;868 MHz;868 MHz;;2445;1.9706388119635154;-34.825552478540615;-67.82555247854062;1.6498511056505248e-10;0.1;1.6498511056505248e-11;7.685224638594192e-09;;;;ORANGE;True
1787669590.9812255;52.832954236999285;Simulation RF;Détection RF large bande;2,45 GHz;2,45 GHz;;2857;2.302073629100451;-48.08294516401803;-64.78294516401803;3.324340370006469e-10;0.1;3.324340370006469e-11;1.7945995716839072e-08;;;;ORANGE;True
1787669590.9898298;52.843462314000135;Wi-Fi;Wi-Fi;2,4/5 GHz;wlan0;-31.0;;;;-31.0;7.943282347242822e-07;0.1;7.943282347242822e-08;3.784074600653562e-05;;;;ROUGE;False
1787669591.079572;52.93302910199964;Simulation RF;Détection RF large bande;868 MHz;868 MHz;;2449;1.973482389017332;-34.93929556069328;-67.93929556069328;1.607201925077739e-10;0.1;1.6072019250777388e-11;7.70129665784497e-09;;;;ORANGE;True
1787669591.0797167;52.93302910199964;Simulation RF;Détection RF large bande;2,45 GHz;2,45 GHz;;2837;2.286093640303037;-47.443745612121475;-64.14374561212148;3.851460416874809e-10;0.1;3.8514604168748095e-11;1.798451032100782e-08;;;;ORANGE;True
1787669591.0891783;52.94281226400017;BLE Sniffer;iBeacon;2,4 GHz BLE;64:d1:2e:b5:04:2d;-63.0;;;;-63.0;5.011872336272714e-10;0.000368;1.8443690197483588e-13;5.5394134482334874e-11;36;0x00;38;ORANGE;False
1787669591.0892966;52.942928058999314;BLE Sniffer;iBeacon;2,4 GHz BLE;64:d1:2e:b5:04:2d;-68.0;;;;-68.0;1.584893192461111e-10;0.000368;5.832406948256888e-14;5.5452458551817444e-11;36;0x00;39;ORANGE;False
1787669591.0894783;52.94310985199991;Simulation LoRa;LoRa;868 MHz;LoRa 868.100 MHz;-85.086838123628;;;;-85.086838123628;3.0996751931550736e-12;0.046335999999999995;1.4362654975003347e-13;5.016510184151416e-12;13;"SNR=7.80;SF=7;BW=125.0;CR=4/5;F=868.100;CRC=OK;PAYLOAD=54454d504f5f4c4f52415f3532";7;VERT;True
1787669591.1025558;52.95618992599884;Wi-Fi;Wi-Fi;2,4/5 GHz;wlan0;-31.0;;;;-31.0;7.943282347242822e-07;0.1;7.943282347242822e-08;3.792017883000805e-05;;;;ROUGE;False
1787669591.1796725;53.033115095999165;Simulation RF;Détection RF large bande;868 MHz;868 MHz;;2487;2.0042402318047485;-36.16960927218993;-69.16960927218993;1.210707054030968e-10;0.1;1.2107070540309682e-11;7.713403728385279e-09;;;;ORANGE;True
1787669591.1798415;53.033115095999165;Simulation RF;Détection RF large bande;2,45 GHz;2,45 GHz;;2833;2.283083570677176;-47.323342827087046;-64.02334282708705;3.959731307126134e-10;0.1;3.959731307126134e-11;1.802410763407908e-08;;;;ORANGE;True
1787669591.1884165;53.042049401999975;Wi-Fi;Wi-Fi;2,4/5 GHz;wlan0;-31.0;;;;-31.0;7.943282347242822e-07;0.1;7.943282347242822e-08;3.7999611653480475e-05;;;;ROUGE;False
1787669591.279752;53.13319983200017;Simulation RF;Détection RF large bande;868 MHz;868 MHz;;2477;1.9962798239185031;-35.85119295674012;-68.85119295674012;1.3028088627619335e-10;0.1;1.3028088627619335e-11;7.726431817012898e-09;;;;ORANGE;True
1787669591.2799053;53.13319983200017;Simulation RF;Détection RF large bande;2,45 GHz;2,45 GHz;;2813;2.2667614369106315;-46.670457476425256;-63.37045747642526;4.6020809370160633e-10;0.1;4.602080937016064e-11;1.8070128443449243e-08;;;;ORANGE;True
1787669591.2885716;53.14220419099911;Wi-Fi;Wi-Fi;2,4/5 GHz;wlan0;-31.0;;;;-31.0;7.943282347242822e-07;0.1;7.943282347242822e-08;3.80790444769529e-05;;;;ROUGE;False
1787669591.31284;53.1664733130001;BLE Sniffer;Appareil BLE;2,4 GHz BLE;7f:c4:af:1a:e1:07;-67.0;;;;-67.0;1.9952623149688828e-10;0.00028;5.5867344819128714e-14;1.1329322047324865e-11;25;0x00;37;ORANGE;False
1787669591.3129234;53.16655495999839;BLE Sniffer;Appareil BLE;2,4 GHz BLE;7f:c4:af:1a:e1:07;-72.0;;;;-72.0;6.309573444801942e-11;0.00028;1.7666805645445437e-14;1.134698885297031e-11;25;0x00;38;VERT;False
1787669591.3174644;53.17109859199991;BLE Sniffer;Appareil BLE;2,4 GHz BLE;7f:c4:af:1a:e1:07;-68.0;;;;-68.0;1.584893192461111e-10;0.00028;4.43770093889111e-14;1.1391365862359221e-11;25;0x00;39;ORANGE;False
1787669591.3273168;53.180950401998416;BLE Sniffer;iBeacon;2,4 GHz BLE;64:d1:2e:b5:04:2d;-62.0;;;;-62.0;6.309573444801942e-10;0.000368;2.321923027687115e-13;5.568465085458616e-11;36;0x00;37;ORANGE;False
1787669591.379829;53.23327891899862;Simulation RF;Détection RF large bande;868 MHz;868 MHz;;2508;2.0215008510173074;-36.860034040692284;-69.86003404069228;1.0327533108449528e-10;0.1;1.0327533108449528e-11;7.736759350121348e-09;;;;ORANGE;True
1787669591.3799818;53.23327891899862;Simulation RF;Détection RF large bande;2,45 GHz;2,45 GHz;;2839;2.287910746026333;-47.51642984105331;-64.21642984105331;3.7875381493771986e-10;0.1;3.787538149377199e-11;1.8108003824943016e-08;;;;ORANGE;True
1787669591.3885;53.242132724999465;Wi-Fi;Wi-Fi;2,4/5 GHz;wlan0;-31.0;;;;-31.0;7.943282347242822e-07;0.1;7.943282347242822e-08;3.815847730042533e-05;;;;ROUGE;False
1787669591.4306824;53.28431551199901;BLE Sniffer;iBeacon;2,4 GHz BLE;64:d1:2e:b5:04:2d;-62.0;;;;-62.0;6.309573444801942e-10;0.000368;2.321923027687115e-13;5.591684315735487e-11;36;0x00;38;ORANGE;False
1787669591.4307644;53.28439599199919;BLE Sniffer;iBeacon;2,4 GHz BLE;64:d1:2e:b5:04:2d;-68.0;;;;-68.0;1.584893192461111e-10;0.000368;5.832406948256888e-14;5.597516722683744e-11;36;0x00;39;ORANGE;False
1787669591.4799643;53.333369505999144;Simulation RF;Détection RF large bande;868 MHz;868 MHz;;2463;1.9845138507391156;-35.38055402956462;-68.38055402956462;1.4519263834926487e-10;0.1;1.4519263834926487e-11;7.751278613956275e-09;;;;ORANGE;True
1787669591.480168;53.333369505999144;Simulation RF;Détection RF large bande;2,45 GHz;2,45 GHz;;2824;2.2761267238469016;-47.04506895387607;-63.74506895387607;4.2217557602480783e-10;0.1;4.221755760248079e-11;1.8150221382545498e-08;;;;ORANGE;True
1787669591.4902017;53.34383400899969;Wi-Fi;Wi-Fi;2,4/5 GHz;wlan0;-31.0;;;;-31.0;7.943282347242822e-07;0.1;7.943282347242822e-08;3.8237910123897755e-05;;;;ROUGE;False
1787669591.5571156;53.41074946599838;BLE Sniffer;Appareil BLE;2,4 GHz BLE;7f:c4:af:1a:e1:07;-68.0;;;;-68.0;1.584893192461111e-10;0.00028;4.43770093889111e-14;1.1435742871748132e-11;25;0x00;37;ORANGE;False
1787669591.5803103;53.43349883299925;Simulation RF;Détection RF large bande;868 MHz;868 MHz;;2452;1.9760558362968847;-35.04223345187539;-68.04223345187539;1.5695554194388409e-10;0.1;1.569555419438841e-11;7.766974168150662e-09;;;;ORANGE;True
1787669591.5807977;53.43349883299925;Simulation RF;Détection RF large bande;2,45 GHz;2,45 GHz;;2839;2.2876702556594464;-47.50681022637785;-64.20681022637785;3.7959368374204513e-10;0.1;3.7959368374204516e-11;1.8188180750919703e-08;;;;ORANGE;True
1787669591.5901346;53.44376704299975;Wi-Fi;Wi-Fi;2,4/5 GHz;wlan0;-31.0;;;;-31.0;7.943282347242822e-07;0.1;7.943282347242822e-08;3.831734294737018e-05;;;;ROUGE;False
1787669591.6673448;53.520977394999136;BLE Sniffer;iBeacon;2,4 GHz BLE;64:d1:2e:b5:04:2d;-63.0;;;;-63.0;5.011872336272714e-10;0.000368;1.8443690197483588e-13;5.6159604128812275e-11;36;0x00;38;ORANGE;False
1787669591.6742368;53.52787056499983;BLE Sniffer;iBeacon;2,4 GHz BLE;64:d1:2e:b5:04:2d;-68.0;;;;-68.0;1.584893192461111e-10;0.000368;5.832406948256888e-14;5.6217928198294845e-11;36;0x00;39;ORANGE;False
1787669591.680119;53.53359919799914;Simulation RF;Détection RF large bande;868 MHz;868 MHz;;2561;2.0640188239792123;-38.56075295916848;-71.56075295916848;6.981113583490487e-11;0.1;6.9811135834904875e-12;7.773955281734153e-09;;;;VERT;True
1787669591.680258;53.53359919799914;Simulation RF;Détection RF large bande;2,45 GHz;2,45 GHz;;2849;2.2956645672692195;-47.826582690768774;-64.52658269076878;3.526482482969528e-10;0.1;3.526482482969528e-11;1.8223445575749397e-08;;;;ORANGE;True
1787669591.6888409;53.54247346699958;Wi-Fi;Wi-Fi;2,4/5 GHz;wlan0;-31.0;;;;-31.0;7.943282347242822e-07;0.1;7.943282347242822e-08;3.839677577084261e-05;;;;ROUGE;False
1787669591.7918887;53.645523952000076;BLE Sniffer;Appareil BLE;2,4 GHz BLE;7f:c4:af:1a:e1:07;-68.0;;;;-68.0;1.584893192461111e-10;0.00028;4.43770093889111e-14;1.1480119881137043e-11;25;0x00;37;ORANGE;False
1787669591.7956293;53.63414436999847;Simulation RF;Détection RF large bande;868 MHz;868 MHz;;2494;2.009550401912939;-36.38201607651756;-69.38201607651756;1.1529179274292027e-10;0.1;1.1529179274292027e-11;7.785484461008445e-09;;;;ORANGE;True
1787669591.795792;53.63414436999847;Simulation RF;Détection RF large bande;2,45 GHz;2,45 GHz;;2827;2.2780997464412045;-47.12398985764818;-63.82398985764818;4.145729999639621e-10;0.1;4.145729999639621e-11;1.8264902875745793e-08;;;;ORANGE;True
1787669591.8043342;53.65796672099896;Wi-Fi;Wi-Fi;2,4/5 GHz;wlan0;-31.0;;;;-31.0;7.943282347242822e-07;0.1;7.943282347242822e-08;3.8476208594315034e-05;;;;ROUGE;False
1787669591.8807724;53.734226197999305;Simulation RF;Détection RF large bande;868 MHz;868 MHz;;2483;2.001165987033337;-36.046639481333486;-69.04663948133349;1.2454779749383462e-10;0.1;1.2454779749383462e-11;7.79793924075783e-09;;;;ORANGE;True
1787669591.8809063;53.734226197999305;Simulation RF;Détection RF large bande;2,45 GHz;2,45 GHz;;2848;2.2947800561190395;-47.79120224476158;-64.49120224476158;3.555328838124896e-10;0.1;3.555328838124896e-11;1.830045616412704e-08;;;;ORANGE;True
1787669591.8894432;53.74307567100004;Wi-Fi;Wi-Fi;2,4/5 GHz;wlan0;-31.0;;;;-31.0;7.943282347242822e-07;0.1;7.943282347242822e-08;3.855564141778746e-05;;;;ROUGE;False
1787669591.9025285;53.75616265200006;BLE Sniffer;iBeacon;2,4 GHz BLE;64:d1:2e:b5:04:2d;-62.0;;;;-62.0;6.309573444801942e-10;0.000368;2.321923027687115e-13;5.645012050106356e-11;36;0x00;38;ORANGE;False
1787669591.9026258;53.75625724299971;BLE Sniffer;iBeacon;2,4 GHz BLE;64:d1:2e:b5:04:2d;-68.0;;;;-68.0;1.584893192461111e-10;0.000368;5.832406948256888e-14;5.650844457054613e-11;36;0x00;39;ORANGE;False
1787669591.9808617;53.83431932199892;Simulation RF;Détection RF large bande;868 MHz;868 MHz;;2474;1.993475548828019;-35.739021953120755;-68.73902195312075;1.3368965565868676e-10;0.1;1.3368965565868677e-11;7.811308206323698e-09;;;;ORANGE;True
1787669591.9809897;53.83431932199892;Simulation RF;Détection RF large bande;2,45 GHz;2,45 GHz;;2861;2.3057763360610735;-48.23105344244293;-64.93105344244293;3.2128811145412726e-10;0.1;3.2128811145412725e-11;1.8332584975272454e-08;;;;ORANGE;True
1787669592.0023413;53.8559742439993;Wi-Fi;Wi-Fi;2,4/5 GHz;wlan0;-31.0;;;;-31.0;7.943282347242822e-07;0.1;7.943282347242822e-08;3.863507424125989e-05;;;;ROUGE;False
1787669592.0809433;53.93440007599929;Simulation RF;Détection RF large bande;868 MHz;868 MHz;;2498;2.01327805306259;-36.531122122503604;-69.5311221225036;1.1140066613062323e-10;0.1;1.1140066613062324e-11;7.82244827293676e-09;;;;ORANGE;True
1787669592.081086;53.93440007599929;Simulation RF;Détection RF large bande;2,45 GHz;2,45 GHz;;2879;2.3199161508145933;-48.79664603258374;-65.49664603258374;2.8205603514114144e-10;0.1;2.8205603514114145e-11;1.8360790578786567e-08;;;;ORANGE;True
1787669592.0895581;53.943190790998415;Wi-Fi;Wi-Fi;2,4/5 GHz;wlan0;-31.0;;;;-31.0;7.943282347242822e-07;0.1;7.943282347242822e-08;3.8714507064732314e-05;;;;ROUGE;False
1787669592.1240325;53.97766493800009;Simulation LoRa;LoRa;868 MHz;LoRa 868.100 MHz;-86.38456003465583;;;;-86.38456003465583;2.2990266021141753e-12;0.046335999999999995;1.0652769663556241e-13;5.123037880786978e-12;13;"SNR=6.27;SF=7;BW=125.0;CR=4/5;F=868.100;CRC=OK;PAYLOAD=54454d504f5f4c4f52415f3533";7;VERT;True
1787669592.1241033;53.97773506699923;BLE Sniffer;Appareil BLE;2,4 GHz BLE;7f:c4:af:1a:e1:07;-68.0;;;;-68.0;1.584893192461111e-10;0.00028;4.43770093889111e-14;1.1524496890525954e-11;25;0x00;37;ORANGE;False
1787669592.192665;54.034529791999375;Simulation RF;Détection RF large bande;868 MHz;868 MHz;;2462;1.9837153474485;-35.34861389794;-68.34861389794;1.4626439200266848e-10;0.1;1.4626439200266848e-11;7.837074712137028e-09;;;;ORANGE;True
1787669592.203393;54.034529791999375;Simulation RF;Détection RF large bande;2,45 GHz;2,45 GHz;;2862;2.3063023352805256;-48.252093411221026;-64.95209341122103;3.1973535314562936e-10;0.1;3.197353531456294e-11;1.839276411410113e-08;;;;ORANGE;True
1787669592.2140446;54.067677015998925;Wi-Fi;Wi-Fi;2,4/5 GHz;wlan0;-31.0;;;;-31.0;7.943282347242822e-07;0.1;7.943282347242822e-08;3.879393988820474e-05;;;;ROUGE;False
1787669592.236789;54.090422494999075;BLE Sniffer;iBeacon;2,4 GHz BLE;64:d1:2e:b5:04:2d;-63.0;;;;-63.0;5.011872336272714e-10;0.000368;1.8443690197483588e-13;5.669288147252096e-11;36;0x00;38;ORANGE;False
1787669592.2368734;54.090505011999994;BLE Sniffer;iBeacon;2,4 GHz BLE;64:d1:2e:b5:04:2d;-68.0;;;;-68.0;1.584893192461111e-10;0.000368;5.832406948256888e-14;5.675120554200353e-11;36;0x00;39;ORANGE;False
1787669592.2812479;54.13468780399853;Simulation RF;Détection RF large bande;868 MHz;868 MHz;;2457;1.9802021799899236;-35.208087199596946;-68.20808719959695;1.510745398195729e-10;0.1;1.510745398195729e-11;7.852182166118985e-09;;;;ORANGE;True
1787669592.2814076;54.13468780399853;Simulation RF;Détection RF large bande;2,45 GHz;2,45 GHz;;2817;2.27050831974725;-46.82033278989;-63.52033278989;4.4459719770132363e-10;0.1;4.4459719770132363e-11;1.8437223833871263e-08;;;;ORANGE;True
1787669592.2899356;54.143567979999716;Wi-Fi;Wi-Fi;2,4/5 GHz;wlan0;-31.0;;;;-31.0;7.943282347242822e-07;0.1;7.943282347242822e-08;3.8873372711677167e-05;;;;ROUGE;False
1787669592.3566995;54.21033310599887;BLE Sniffer;Appareil BLE;2,4 GHz BLE;7f:c4:af:1a:e1:07;-68.0;;;;-68.0;1.584893192461111e-10;0.00028;4.43770093889111e-14;1.1568873899914865e-11;25;0x00;37;ORANGE;False
1787669592.3812778;54.23476492899863;Simulation RF;Détection RF large bande;868 MHz;868 MHz;;2614;2.106569466296736;-40.262778651869425;-73.26277865186943;4.717611080412397e-11;0.1;4.717611080412397e-12;7.856899777199397e-09;;;;VERT;True
1787669592.3814263;54.23476492899863;Simulation RF;Détection RF large bande;2,45 GHz;2,45 GHz;;2931;2.362054916775945;-50.4821966710378;-67.1821966710378;1.9132879349919367e-10;0.1;1.913287934991937e-11;1.845635671322118e-08;;;;ORANGE;True
1787669592.3900623;54.2436944559995;Wi-Fi;Wi-Fi;2,4/5 GHz;wlan0;-31.0;;;;-31.0;7.943282347242822e-07;0.1;7.943282347242822e-08;3.895280553514959e-05;;;;ROUGE;False
1787669592.460439;54.31407198799934;BLE Sniffer;Appareil BLE;2,4 GHz BLE;7f:c4:af:1a:e1:07;-72.0;;;;-72.0;6.309573444801942e-11;0.00028;1.7666805645445437e-14;1.158654070556031e-11;25;0x00;38;VERT;False
1787669592.4674332;54.32106749000013;BLE Sniffer;Appareil BLE;2,4 GHz BLE;7f:c4:af:1a:e1:07;-68.0;;;;-68.0;1.584893192461111e-10;0.00028;4.43770093889111e-14;1.1630917714949221e-11;25;0x00;39;ORANGE;False
1787669592.467529;54.32116059999862;BLE Sniffer;iBeacon;2,4 GHz BLE;64:d1:2e:b5:04:2d;-62.0;;;;-62.0;6.309573444801942e-10;0.000368;2.321923027687115e-13;5.6983397844772246e-11;36;0x00;37;ORANGE;False
1787669592.4753065;54.328941014999145;BLE Sniffer;iBeacon;2,4 GHz BLE;64:d1:2e:b5:04:2d;-62.0;;;;-62.0;6.309573444801942e-10;0.000368;2.321923027687115e-13;5.721559014754096e-11;36;0x00;38;ORANGE;False
1787669592.4813573;54.33484675699947;Simulation RF;Détection RF large bande;868 MHz;868 MHz;;2500;2.0146037378928443;-36.58414951571376;-69.58414951571376;1.1004873339988853e-10;0.1;1.1004873339988854e-11;7.867904650539386e-09;;;;ORANGE;True
1787669592.4815176;54.33484675699947;Simulation RF;Détection RF large bande;2,45 GHz;2,45 GHz;;2801;2.256983990101255;-46.2793596040502;-62.979359604050195;5.035748587584064e-10;0.1;5.0357485875840646e-11;1.8506714199097023e-08;;;;ORANGE;True
1787669592.490058;54.343690451998555;Wi-Fi;Wi-Fi;2,4/5 GHz;wlan0;-31.0;;;;-31.0;7.943282347242822e-07;0.1;7.943282347242822e-08;3.903223835862202e-05;;;;ROUGE;False
1787669592.5859413;54.43957458600016;BLE Sniffer;iBeacon;2,4 GHz BLE;64:d1:2e:b5:04:2d;-68.0;;;;-68.0;1.584893192461111e-10;0.000368;5.832406948256888e-14;5.727391421702353e-11;36;0x00;39;ORANGE;False
1787669592.586034;54.43966571399869;BLE Sniffer;Appareil BLE;2,4 GHz BLE;7f:c4:af:1a:e1:07;-68.0;;;;-68.0;1.584893192461111e-10;0.00028;4.43770093889111e-14;1.1675294724338132e-11;25;0x00;37;ORANGE;False
1787669592.592016;54.43495430599978;Simulation RF;Détection RF large bande;868 MHz;868 MHz;;2502;2.0165415800381763;-36.66166320152705;-69.66166320152705;1.081019877827436e-10;0.1;1.081019877827436e-11;7.87871484931766e-09;;;;ORANGE;True
1787669592.5921714;54.43495430599978;Simulation RF;Détection RF large bande;2,45 GHz;2,45 GHz;;2780;2.239928727880325;-45.597149115212986;-62.29714911521298;5.892303230663706e-10;0.1;5.892303230663706e-11;1.856563723140366e-08;;;;ORANGE;True
1787669592.6007807;54.45441333599956;Wi-Fi;Wi-Fi;2,4/5 GHz;wlan0;-31.0;;;;-31.0;7.943282347242822e-07;0.1;7.943282347242822e-08;3.9111671182094446e-05;;;;ROUGE;False
1787669592.681593;54.53503841199927;Simulation RF;Détection RF large bande;868 MHz;868 MHz;;2582;2.0805177462408397;-39.22070984963358;-72.22070984963358;5.996930490642347e-11;0.1;5.996930490642347e-12;7.884711779808303e-09;;;;VERT;True
1787669592.6817722;54.53503841199927;Simulation RF;Détection RF large bande;2,45 GHz;2,45 GHz;;2787;2.246018571769156;-45.840742870766235;-62.54074287076623;5.570904491704143e-10;0.1;5.570904491704143e-11;1.8621346276320702e-08;;;;ORANGE;True
1787669592.6904233;54.544055641999876;Wi-Fi;Wi-Fi;2,4/5 GHz;wlan0;-31.0;;;;-31.0;7.943282347242822e-07;0.1;7.943282347242822e-08;3.919110400556687e-05;;;;ROUGE;False
1787669592.69703;54.55066409399842;BLE Sniffer;Appareil BLE;2,4 GHz BLE;7f:e4:af:1a:e1:07;-72.0;;;;-72.0;6.309573444801942e-11;0.00028;1.7666805645445437e-14;1.7666805645445437e-14;25;0x00;38;VERT;False
1787669592.6996648;54.55329855299897;BLE Sniffer;Appareil BLE;2,4 GHz BLE;7f:c4:af:1a:e1:07;-68.0;;;;-68.0;1.584893192461111e-10;0.00028;4.43770093889111e-14;1.1719671733727043e-11;25;0x00;39;ORANGE;False
1787669592.7816765;54.635120240000106;Simulation RF;Détection RF large bande;868 MHz;868 MHz;;2558;2.0611354116658114;-38.44541646663245;-71.44541646663245;7.168996252045686e-11;0.1;7.1689962520456864e-12;7.891880776060348e-09;;;;VERT;True
1787669592.7818177;54.635120240000106;Simulation RF;Détection RF large bande;2,45 GHz;2,45 GHz;;2837;2.286617628821666;-47.46470515286664;-64.16470515286665;3.8329176160124047e-10;0.1;3.832917616012405e-11;1.8659675452480827e-08;;;;ORANGE;True
1787669592.7871974;54.640829446998396;Wi-Fi;Wi-Fi;2,4/5 GHz;wlan0;-31.0;;;;-31.0;7.943282347242822e-07;0.1;7.943282347242822e-08;3.92705368290393e-05;;;;ROUGE;False
1787669592.8148859;54.66851866399884;BLE Sniffer;iBeacon;2,4 GHz BLE;64:d1:2e:b5:04:2d;-63.0;;;;-63.0;5.011872336272714e-10;0.000368;1.8443690197483588e-13;5.7458351118998364e-11;36;0x00;37;ORANGE;False
1787669592.8149557;54.66858729199885;BLE Sniffer;iBeacon;2,4 GHz BLE;64:d1:2e:b5:04:2d;-63.0;;;;-63.0;5.011872336272714e-10;0.000368;1.8443690197483588e-13;5.76427880209732e-11;36;0x00;38;ORANGE;False
1787669592.8149958;54.66862727299849;BLE Sniffer;iBeacon;2,4 GHz BLE;64:d1:2e:b5:04:2d;-68.0;;;;-68.0;1.584893192461111e-10;0.000368;5.832406948256888e-14;5.770111209045577e-11;36;0x00;39;ORANGE;False
1787669592.8817673;54.73520477199963;Simulation RF;Détection RF large bande;868 MHz;868 MHz;;2495;2.0107600972186583;-36.430403888746326;-69.43040388874633;1.140143750606411e-10;0.1;1.1401437506064111e-11;7.903282213566413e-09;;;;ORANGE;True
1787669592.8819246;54.73520477199963;Simulation RF;Détection RF large bande;2,45 GHz;2,45 GHz;;2811;2.2649642533804673;-46.59857013521868;-63.29857013521868;4.678891630725313e-10;0.1;4.678891630725313e-11;1.870646436878808e-08;;;;ORANGE;True
1787669592.8906534;54.74428594499841;Wi-Fi;Wi-Fi;2,4/5 GHz;wlan0;-31.0;;;;-31.0;7.943282347242822e-07;0.1;7.943282347242822e-08;3.9349969652511725e-05;;;;ROUGE;False
1787669592.9306483;54.78428150599939;BLE Sniffer;Appareil BLE;2,4 GHz BLE;7f:c4:af:1a:e1:07;-67.0;;;;-67.0;1.9952623149688828e-10;0.00028;5.5867344819128714e-14;1.1775539078546171e-11;25;0x00;37;ORANGE;False
1787669592.9353294;54.78896435899878;BLE Sniffer;Appareil BLE;2,4 GHz BLE;7f:c4:af:1a:e1:07;-72.0;;;;-72.0;6.309573444801942e-11;0.00028;1.7666805645445437e-14;1.1793205884191617e-11;25;0x00;38;VERT;False
1787669592.938053;54.791686964999826;BLE Sniffer;Appareil BLE;2,4 GHz BLE;7f:c4:af:1a:e1:07;-68.0;;;;-68.0;1.584893192461111e-10;0.00028;4.43770093889111e-14;1.1837582893580528e-11;25;0x00;39;ORANGE;False
1787669592.9818227;54.835285192999436;Simulation RF;Détection RF large bande;868 MHz;868 MHz;;2489;2.005535023735229;-36.22140094940916;-69.22140094940916;1.196354548379923e-10;0.1;1.196354548379923e-11;7.915245759050211e-09;;;;ORANGE;True
1787669592.9819593;54.835285192999436;Simulation RF;Détection RF large bande;2,45 GHz;2,45 GHz;;2779;2.2397900918556544;-45.591603674226164;-62.29160367422617;5.899831829681854e-10;0.1;5.899831829681854e-11;1.87654626870849e-08;;;;ORANGE;True
1787669592.990561;54.84419373899982;Wi-Fi;Wi-Fi;2,4/5 GHz;wlan0;-31.0;;;;-31.0;7.943282347242822e-07;0.1;7.943282347242822e-08;3.942940247598415e-05;;;;ROUGE;False
1787669593.055251;54.90888397099843;BLE Sniffer;iBeacon;2,4 GHz BLE;64:d1:2e:b5:04:2d;-63.0;;;;-63.0;5.011872336272714e-10;0.000368;1.8443690197483588e-13;5.78855489924306e-11;36;0x00;37;ORANGE;False
1787669593.0623102;54.91594393499872;BLE Sniffer;iBeacon;2,4 GHz BLE;64:d1:2e:b5:04:2d;-62.0;;;;-62.0;6.309573444801942e-10;0.000368;2.321923027687115e-13;5.8117741295199315e-11;36;0x00;38;ORANGE;False
1787669593.0624049;54.91603639599998;BLE Sniffer;iBeacon;2,4 GHz BLE;64:d1:2e:b5:04:2d;-68.0;;;;-68.0;1.584893192461111e-10;0.000368;5.832406948256888e-14;5.8176065364681885e-11;36;0x00;39;ORANGE;False
1787669593.0624979;54.91612928399991;Simulation LoRa;LoRa;868 MHz;LoRa 868.100 MHz;-86.52173570864468;;;;-86.52173570864468;2.2275447070730723e-12;0.046335999999999995;1.0321551154693787e-13;5.226253392333916e-12;13;"SNR=7.73;SF=7;BW=125.0;CR=4/5;F=868.100;CRC=OK;PAYLOAD=54454d504f5f4c4f52415f3534";7;VERT;True
1787669593.0838432;54.935366316998625;Simulation RF;Détection RF large bande;868 MHz;868 MHz;;2556;2.0600771995905176;-38.40308798362069;-71.4030879836207;7.239210441937126e-11;0.1;7.239210441937126e-12;7.922484969492148e-09;;;;VERT;True
1787669593.0843058;54.935366316998625;Simulation RF;Détection RF large bande;2,45 GHz;2,45 GHz;;2756;2.2208074973465055;-44.832299893860224;-61.53229989386022;7.027000923517153e-10;0.1;7.027000923517154e-11;1.8835732696320072e-08;;;;ORANGE;True
1787669593.095709;54.94934202500008;Wi-Fi;Wi-Fi;2,4/5 GHz;wlan0;-31.0;;;;-31.0;7.943282347242822e-07;0.1;7.943282347242822e-08;3.950883529945658e-05;;;;ROUGE;False
1787669593.1802452;55.03387990999909;BLE Sniffer;Appareil BLE;2,4 GHz BLE;7f:c4:af:1a:e1:07;-68.0;;;;-68.0;1.584893192461111e-10;0.00028;4.43770093889111e-14;1.1881959902969439e-11;25;0x00;37;ORANGE;False
1787669593.1837857;55.03547577399877;Simulation RF;Détection RF large bande;868 MHz;868 MHz;;2558;2.061716183931738;-38.46864735726952;-71.46864735726952;7.130750881272679e-11;0.1;7.130750881272679e-12;7.929615720373421e-09;;;;VERT;True
1787669593.183941;55.03547577399877;Simulation RF;Détection RF large bande;2,45 GHz;2,45 GHz;;2811;2.265481000721103;-46.61924002884412;-63.31924002884411;4.656675734810769e-10;0.1;4.65667573481077e-11;1.888229945366818e-08;;;;ORANGE;True
1787669593.1926622;55.04629429099987;Wi-Fi;Wi-Fi;2,4/5 GHz;wlan0;-31.0;;;;-31.0;7.943282347242822e-07;0.1;7.943282347242822e-08;3.9588268122929005e-05;;;;ROUGE;False
1787669593.282256;55.13558091699997;Simulation RF;Détection RF large bande;868 MHz;868 MHz;;2576;2.076270044328436;-39.05080177313744;-72.05080177313744;6.236196952498783e-11;0.1;6.236196952498783e-12;7.93585191732592e-09;;;;VERT;True
1787669593.2824855;55.13558091699997;Simulation RF;Détection RF large bande;2,45 GHz;2,45 GHz;;2796;2.252814324238597;-46.112572969543876;-62.81257296954387;5.232903223577335e-10;0.1;5.2329032235773357e-11;1.8934628485903952e-08;;;;ORANGE;True
1787669593.30062;55.15425377399879;BLE Sniffer;iBeacon;2,4 GHz BLE;64:d1:2e:b5:04:2d;-62.0;;;;-62.0;6.309573444801942e-10;0.000368;2.321923027687115e-13;5.840825766745059e-11;36;0x00;38;ORANGE;False
1787669593.304156;55.15779012599887;Wi-Fi;Wi-Fi;2,4/5 GHz;wlan0;-31.0;;;;-31.0;7.943282347242822e-07;0.1;7.943282347242822e-08;3.966770094640143e-05;;;;ROUGE;False
1787669593.3822224;55.23566778199893;Simulation RF;Détection RF large bande;868 MHz;868 MHz;;2603;2.0978509041931392;-39.91403616772557;-72.91403616772557;5.1120651880965965e-11;0.1;5.112065188096597e-12;7.940963982514017e-09;;;;VERT;True
1787669593.382378;55.23566778199893;Simulation RF;Détection RF large bande;2,45 GHz;2,45 GHz;;2778;2.2387456138934874;-45.54982455573949;-62.24982455573949;5.956862072966983e-10;0.1;5.956862072966983e-11;1.899419710663362e-08;;;;ORANGE;True
1787669593.3909895;55.244622178999634;Wi-Fi;Wi-Fi;2,4/5 GHz;wlan0;-31.0;;;;-31.0;7.943282347242822e-07;0.1;7.943282347242822e-08;3.974713376987386e-05;;;;ROUGE;False
1787669593.4061487;55.25978197999939;BLE Sniffer;iBeacon;2,4 GHz BLE;64:d1:2e:b5:04:2d;-68.0;;;;-68.0;1.584893192461111e-10;0.000368;5.832406948256888e-14;5.846658173693316e-11;36;0x00;39;ORANGE;False
1787669593.4822977;55.33575190599913;Simulation RF;Détection RF large bande;868 MHz;868 MHz;;2521;2.031592672645673;-37.26370690582691;-70.26370690582691;9.410859928562867e-11;0.1;9.410859928562868e-12;7.95037484244258e-09;;;;VERT;True
1787669593.482471;55.33575190599913;Simulation RF;Détection RF large bande;2,45 GHz;2,45 GHz;;2854;2.299903483695398;-47.99613934781591;-64.69613934781592;3.391455049016651e-10;0.1;3.391455049016651e-11;1.902811165712379e-08;;;;ORANGE;True
1787669593.4918222;55.34545940299904;Wi-Fi;Wi-Fi;2,4/5 GHz;wlan0;-31.0;;;;-31.0;7.943282347242822e-07;0.1;7.943282347242822e-08;3.9826566593346284e-05;;;;ROUGE;False
1787669593.517468;55.37110066999958;BLE Sniffer;Appareil BLE;2,4 GHz BLE;7f:c4:af:1a:e1:07;-68.0;;;;-68.0;1.584893192461111e-10;0.00028;4.43770093889111e-14;1.192633691235835e-11;25;0x00;37;ORANGE;False
1787669593.517546;55.37117737199878;BLE Sniffer;Appareil BLE;2,4 GHz BLE;7f:c4:af:1a:e1:07;-72.0;;;;-72.0;6.309573444801942e-11;0.00028;1.7666805645445437e-14;1.1944003718003795e-11;25;0x00;38;VERT;False
1787669593.5253386;55.378972231999796;BLE Sniffer;Appareil BLE;2,4 GHz BLE;7f:c4:af:1a:e1:07;-68.0;;;;-68.0;1.584893192461111e-10;0.00028;4.43770093889111e-14;1.1988380727392706e-11;25;0x00;39;ORANGE;False
1787669593.5306017;55.38423539099858;BLE Sniffer;Appareil BLE;2,4 GHz BLE;d3:23:2f:4d:3e:b1;-80.0;;;;-80.0;1e-11;0.000376;3.7599999999999996e-15;1.4231196174375785e-13;37;0x00;37;VERT;False
1787669593.582372;55.43583184599993;Simulation RF;Détection RF large bande;868 MHz;868 MHz;;2576;2.075706640226192;-39.028265609047665;-72.02826560904766;6.268641580796099e-11;0.1;6.2686415807961e-12;7.956643484023376e-09;;;;VERT;True
1787669593.5825193;55.43583184599993;Simulation RF;Détection RF large bande;2,45 GHz;2,45 GHz;;2788;2.246725711369676;-45.86902845478704;-62.569028454787045;5.534739111080997e-10;0.1;5.5347391110809975e-11;1.90834590482346e-08;;;;ORANGE;True
1787669593.5911536;55.44478611299928;Wi-Fi;Wi-Fi;2,4/5 GHz;wlan0;-31.0;;;;-31.0;7.943282347242822e-07;0.1;7.943282347242822e-08;3.990599941681871e-05;;;;ROUGE;False
1787669593.6368284;55.490461196999604;BLE Sniffer;iBeacon;2,4 GHz BLE;64:d1:2e:b5:04:2d;-63.0;;;;-63.0;5.011872336272714e-10;0.000368;1.8443690197483588e-13;5.865101863890799e-11;36;0x00;38;ORANGE;False
1787669593.6414592;55.495093124998675;BLE Sniffer;iBeacon;2,4 GHz BLE;64:d1:2e:b5:04:2d;-68.0;;;;-68.0;1.584893192461111e-10;0.000368;5.832406948256888e-14;5.870934270839055e-11;36;0x00;39;ORANGE;False
1787669593.69223;55.5359218959984;Simulation RF;Détection RF large bande;868 MHz;868 MHz;;2533;2.0409860871580325;-37.6394434863213;-70.6394434863213;8.630891386582389e-11;0.1;8.63089138658239e-12;7.965274375409957e-09;;;;VERT;True
1787669593.6925538;55.5359218959984;Simulation RF;Détection RF large bande;2,45 GHz;2,45 GHz;;2839;2.288217280879642;-47.528691235185676;-64.22869123518568;3.776859910504468e-10;0.1;3.776859910504468e-11;1.9121227647339645e-08;;;;ORANGE;True
1787669593.7016594;55.55529288999969;Wi-Fi;Wi-Fi;2,4/5 GHz;wlan0;-31.0;;;;-31.0;7.943282347242822e-07;0.1;7.943282347242822e-08;3.998543224029114e-05;;;;ROUGE;False
1787669593.754793;55.60842674699961;BLE Sniffer;Appareil BLE;2,4 GHz BLE;7f:c4:af:1a:e1:07;-70.0;;;;-70.0;1e-10;0.00028;2.7999999999999997e-14;1.2016380727392705e-11;25;0x00;37;ORANGE;False
1787669593.7825282;55.63600253899858;Simulation RF;Détection RF large bande;868 MHz;868 MHz;;2474;1.9940243505813045;-35.760974023252174;-68.76097402325217;1.3301560609221568e-10;0.1;1.3301560609221569e-11;7.978575936019178e-09;;;;ORANGE;True
1787669593.782677;55.63600253899858;Simulation RF;Détection RF large bande;2,45 GHz;2,45 GHz;;2788;2.247123484342661;-45.88493937370643;-62.584939373706426;5.514499004142084e-10;0.1;5.514499004142084e-11;1.9176372637381065e-08;;;;ORANGE;True
1787669593.7913127;55.644945324998844;Wi-Fi;Wi-Fi;2,4/5 GHz;wlan0;-31.0;;;;-31.0;7.943282347242822e-07;0.1;7.943282347242822e-08;4.0064865063763564e-05;;;;ROUGE;False
1787669593.8681574;55.721791553;BLE Sniffer;iBeacon;2,4 GHz BLE;64:d1:2e:b5:04:2d;-63.0;;;;-63.0;5.011872336272714e-10;0.000368;1.8443690197483588e-13;5.889377961036539e-11;36;0x00;38;ORANGE;False
1787669593.882613;55.73607988599906;Simulation RF;Détection RF large bande;868 MHz;868 MHz;;2486;2.0037432627124208;-36.14973050849683;-69.14973050849683;1.2162614706272808e-10;0.1;1.2162614706272808e-11;7.990738550725451e-09;;;;ORANGE;True
1787669593.88275;55.73607988599906;Simulation RF;Détection RF large bande;2,45 GHz;2,45 GHz;;2778;2.2387302084935636;-45.549208339742535;-62.24920833974253;5.957707345997881e-10;0.1;5.957707345997881e-11;1.9235949710841042e-08;;;;ORANGE;True
1787669593.891217;55.744849581999006;Wi-Fi;Wi-Fi;2,4/5 GHz;wlan0;-31.0;;;;-31.0;7.943282347242822e-07;0.1;7.943282347242822e-08;4.014429788723599e-05;;;;ROUGE;False
1787669593.9717338;55.825366955999925;BLE Sniffer;iBeacon;2,4 GHz BLE;64:d1:2e:b5:04:2d;-68.0;;;;-68.0;1.584893192461111e-10;0.000368;5.832406948256888e-14;5.895210367984795e-11;36;0x00;39;ORANGE;False
1787669593.9789822;55.83261558399863;BLE Sniffer;Appareil BLE;2,4 GHz BLE;7f:c4:af:1a:e1:07;-68.0;;;;-68.0;1.584893192461111e-10;0.00028;4.43770093889111e-14;1.2060757736781616e-11;25;0x00;37;ORANGE;False
1787669593.9852664;55.83621180599948;Simulation RF;Détection RF large bande;868 MHz;868 MHz;;2539;2.0459916088359464;-37.839664353437854;-70.83966435343785;8.242018113817462e-11;0.1;8.242018113817463e-12;7.998980568839269e-09;;;;VERT;True
1787669593.9854183;55.83621180599948;Simulation RF;Détection RF large bande;2,45 GHz;2,45 GHz;;2805;2.2607894951049223;-46.431579804196886;-63.13157980419688;4.862303007500207e-10;0.1;4.862303007500207e-11;1.9284572740916044e-08;;;;ORANGE;True
1787669593.9941635;55.84779605099902;Wi-Fi;Wi-Fi;2,4/5 GHz;wlan0;-31.0;;;;-31.0;7.943282347242822e-07;0.1;7.943282347242822e-08;4.022373071070842e-05;;;;ROUGE;False
1787669594.0828257;55.936286263999136;Simulation RF;Détection RF large bande;868 MHz;868 MHz;;2563;2.0654322286697346;-38.617289146789375;-71.61728914678937;6.890822852398579e-11;0.1;6.890822852398579e-12;8.005871391691668e-09;;;;VERT;True
1787669594.082969;55.936286263999136;Simulation RF;Détection RF large bande;2,45 GHz;2,45 GHz;;2688;2.166324138240984;-42.652965529639346;-59.35296552963935;1.1606558027993797e-09;0.1;1.1606558027993798e-10;1.9400638321195982e-08;;;;ORANGE;True
1787669594.0910137;55.94464879999941;BLE Sniffer;Appareil BLE;2,4 GHz BLE;7f:c4:af:1a:e1:07;-72.0;;;;-72.0;6.309573444801942e-11;0.00028;1.7666805645445437e-14;1.2078424542427062e-11;25;0x00;38;VERT;False
1787669594.0938861;55.94752008799878;BLE Sniffer;Appareil BLE;2,4 GHz BLE;7f:c4:af:1a:e1:07;-69.0;;;;-69.0;1.2589254117941662e-10;0.00028;3.524991153023665e-14;1.2113674453957299e-11;25;0x00;39;ORANGE;False
1787669594.0940256;55.947657308999624;Simulation LoRa;LoRa;868 MHz;LoRa 868.100 MHz;-92.03717910114341;;;;-92.03717910114341;6.255788968321478e-13;0.046335999999999995;2.89868237636144e-14;5.25524021609753e-12;13;"SNR=5.66;SF=7;BW=125.0;CR=4/5;F=868.100;CRC=OK;PAYLOAD=54454d504f5f4c4f52415f3535";7;VERT;True
1787669594.1077466;55.96138024299944;Wi-Fi;Wi-Fi;2,4/5 GHz;wlan0;-31.0;;;;-31.0;7.943282347242822e-07;0.1;7.943282347242822e-08;4.030316353418084e-05;;;;ROUGE;False
1787669594.1829221;56.036366999000165;Simulation RF;Détection RF large bande;868 MHz;868 MHz;;2557;2.06069741673311;-38.4278966693244;-71.4278966693244;7.197974985733703e-11;0.1;7.197974985733703e-12;8.013069366677402e-09;;;;VERT;True
1787669594.183072;56.036366999000165;Simulation RF;Détection RF large bande;2,45 GHz;2,45 GHz;;2732;2.201403933230531;-44.056157329221236;-60.75615732922123;8.402030758304236e-10;0.1;8.402030758304237e-11;1.9484658628779025e-08;;;;ORANGE;True
1787669594.1918054;56.045438024999385;Wi-Fi;Wi-Fi;2,4/5 GHz;wlan0;-31.0;;;;-31.0;7.943282347242822e-07;0.1;7.943282347242822e-08;4.038259635765327e-05;;;;ROUGE;False
1787669594.209918;56.063552408999385;BLE Sniffer;iBeacon;2,4 GHz BLE;64:d1:2e:b5:04:2d;-62.0;;;;-62.0;6.309573444801942e-10;0.000368;2.321923027687115e-13;5.918429598261666e-11;36;0x00;37;ORANGE;False
1787669594.2100122;56.06364366699927;BLE Sniffer;iBeacon;2,4 GHz BLE;64:d1:2e:b5:04:2d;-63.0;;;;-63.0;5.011872336272714e-10;0.000368;1.8443690197483588e-13;5.93687328845915e-11;36;0x00;38;ORANGE;False
1787669594.215461;56.06909446999998;BLE Sniffer;iBeacon;2,4 GHz BLE;64:d1:2e:b5:04:2d;-68.0;;;;-68.0;1.584893192461111e-10;0.000368;5.832406948256888e-14;5.942705695407406e-11;36;0x00;39;ORANGE;False
1787669594.2829928;56.13644780899995;Simulation RF;Détection RF large bande;868 MHz;868 MHz;;2499;2.013569034083923;-36.54276136335692;-69.54276136335692;1.1110250824524827e-10;0.1;1.1110250824524828e-11;8.024179617501926e-09;;;;ORANGE;True
1787669594.2831304;56.13644780899995;Simulation RF;Détection RF large bande;2,45 GHz;2,45 GHz;;2769;2.2313226239655943;-45.25290495862377;-61.952904958623776;6.378366999594539e-10;0.1;6.378366999594539e-11;1.954844229877497e-08;;;;ORANGE;True
1787669594.2918682;56.14550050099933;Wi-Fi;Wi-Fi;2,4/5 GHz;wlan0;-31.0;;;;-31.0;7.943282347242822e-07;0.1;7.943282347242822e-08;4.0462029181125696e-05;;;;ROUGE;False
1787669594.3335369;56.187169666000045;BLE Sniffer;Appareil BLE;2,4 GHz BLE;7f:c4:af:1a:e1:07;-68.0;;;;-68.0;1.584893192461111e-10;0.00028;4.43770093889111e-14;1.215805146334621e-11;25;0x00;37;ORANGE;False
1787669594.3336046;56.18723609100016;BLE Sniffer;Appareil BLE;2,4 GHz BLE;7f:c4:af:1a:e1:07;-72.0;;;;-72.0;6.309573444801942e-11;0.00028;1.7666805645445437e-14;1.2175718268991655e-11;25;0x00;38;VERT;False
1787669594.3382628;56.19189605599968;BLE Sniffer;Appareil BLE;2,4 GHz BLE;7f:c4:af:1a:e1:07;-69.0;;;;-69.0;1.2589254117941662e-10;0.00028;3.524991153023665e-14;1.2210968180521892e-11;25;0x00;39;ORANGE;False
1787669594.3830953;56.23653132299842;Simulation RF;Détection RF large bande;868 MHz;868 MHz;;2578;2.0778445618516157;-39.11378247406462;-72.11378247406462;6.146413196097913e-11;0.1;6.146413196097914e-12;8.030326030698024e-09;;;;VERT;True
1787669594.3832572;56.23653132299842;Simulation RF;Détection RF large bande;2,45 GHz;2,45 GHz;;2714;2.187359234995868;-43.49436939983471;-60.19436939983471;9.562315307661784e-10;0.1;9.562315307661784e-11;1.9644065451851586e-08;;;;ORANGE;True
1787669594.3920016;56.24563388399838;Wi-Fi;Wi-Fi;2,4/5 GHz;wlan0;-31.0;;;;-31.0;7.943282347242822e-07;0.1;7.943282347242822e-08;4.054146200459812e-05;;;;ROUGE;False
1787669594.4569175;56.310551001999556;BLE Sniffer;iBeacon;2,4 GHz BLE;64:d1:2e:b5:04:2d;-63.0;;;;-63.0;5.011872336272714e-10;0.000368;1.8443690197483588e-13;5.96114938560489e-11;36;0x00;37;ORANGE;False
1787669594.4570103;56.3106416669998;BLE Sniffer;iBeacon;2,4 GHz BLE;64:d1:2e:b5:04:2d;-63.0;;;;-63.0;5.011872336272714e-10;0.000368;1.8443690197483588e-13;5.979593075802373e-11;36;0x00;38;ORANGE;False
1787669594.4831467;56.33661079899866;Simulation RF;Détection RF large bande;868 MHz;868 MHz;;2661;2.14418384772988;-41.767353909195194;-74.7673539091952;3.336296263510586e-11;0.1;3.336296263510586e-12;8.033662326961534e-09;;;;VERT;True
1787669594.4833639;56.33661079899866;Simulation RF;Détection RF large bande;2,45 GHz;2,45 GHz;;2806;2.2608714002318693;-46.43485600927477;-63.13485600927476;4.858636395230245e-10;0.1;4.858636395230245e-11;1.969265181580389e-08;;;;ORANGE;True
1787669594.492177;56.34580928499963;Wi-Fi;Wi-Fi;2,4/5 GHz;wlan0;-31.0;;;;-31.0;7.943282347242822e-07;0.1;7.943282347242822e-08;4.062089482807055e-05;;;;ROUGE;False
1787669594.5632083;56.41684162199999;BLE Sniffer;iBeacon;2,4 GHz BLE;64:d1:2e:b5:04:2d;-68.0;;;;-68.0;1.584893192461111e-10;0.000368;5.832406948256888e-14;5.98542548275063e-11;36;0x00;39;ORANGE;False
1787669594.5708077;56.42444191100003;BLE Sniffer;Appareil BLE;2,4 GHz BLE;7f:c4:af:1a:e1:07;-68.0;;;;-68.0;1.584893192461111e-10;0.00028;4.43770093889111e-14;1.2255345189910803e-11;25;0x00;37;ORANGE;False
1787669594.5709023;56.42453396499877;BLE Sniffer;Appareil BLE;2,4 GHz BLE;7f:c4:af:1a:e1:07;-72.0;;;;-72.0;6.309573444801942e-11;0.00028;1.7666805645445437e-14;1.2273011995556249e-11;25;0x00;38;VERT;False
1787669594.5832174;56.43669696100005;Simulation RF;Détection RF large bande;868 MHz;868 MHz;;2533;2.0411406148293962;-37.64562459317585;-70.64562459317585;8.61861618669573e-11;0.1;8.61861618669573e-12;8.042280943148231e-09;;;;VERT;True
1787669594.5833478;56.43669696100005;Simulation RF;Détection RF large bande;2,45 GHz;2,45 GHz;;2728;2.198462917967514;-43.938516718700555;-60.63851671870056;8.63273338194016e-10;0.1;8.63273338194016e-11;1.977897914962329e-08;;;;ORANGE;True
1787669594.5919366;56.44556896999893;Wi-Fi;Wi-Fi;2,4/5 GHz;wlan0;-31.0;;;;-31.0;7.943282347242822e-07;0.1;7.943282347242822e-08;4.0700327651542975e-05;;;;ROUGE;False
1787669594.679948;56.533581153998966;BLE Sniffer;Appareil BLE;2,4 GHz BLE;7f:c4:af:1a:e1:07;-68.0;;;;-68.0;1.584893192461111e-10;0.00028;4.43770093889111e-14;1.231738900494516e-11;25;0x00;39;ORANGE;False
1787669594.6910117;56.5368149549995;Simulation RF;Détection RF large bande;868 MHz;868 MHz;;2530;2.0387800916241363;-37.551203664965456;-70.55120366496546;8.808047205354863e-11;0.1;8.808047205354864e-12;8.051088990353586e-09;;;;VERT;True
1787669594.6911767;56.5368149549995;Simulation RF;Détection RF large bande;2,45 GHz;2,45 GHz;;2765;2.2281128377648662;-45.12451351059465;-61.824513510594656;6.569747055607833e-10;0.1;6.569747055607834e-11;1.9844676620179368e-08;;;;ORANGE;True
1787669594.6999786;56.55361108199941;Wi-Fi;Wi-Fi;2,4/5 GHz;wlan0;-31.0;;;;-31.0;7.943282347242822e-07;0.1;7.943282347242822e-08;4.07797604750154e-05;;;;ROUGE;False
1787669594.78345;56.636895319999894;Simulation RF;Détection RF large bande;868 MHz;868 MHz;;2605;2.0994349995223653;-39.9773999808946;-72.9773999808946;5.038021330306201e-11;0.1;5.038021330306202e-12;8.056127011683892e-09;;;;VERT;True
1787669594.783601;56.636895319999894;Simulation RF;Détection RF large bande;2,45 GHz;2,45 GHz;;2760;2.2240299170484406;-44.96119668193762;-61.661196681937625;6.821507042091715e-10;0.1;6.821507042091716e-11;1.9912891690600285e-08;;;;ORANGE;True
1787669594.7989817;56.65261527899929;BLE Sniffer;iBeacon;2,4 GHz BLE;64:d1:2e:b5:04:2d;-62.0;;;;-62.0;6.309573444801942e-10;0.000368;2.321923027687115e-13;6.008644713027501e-11;36;0x00;37;ORANGE;False
1787669594.7991073;56.652739054999984;BLE Sniffer;iBeacon;2,4 GHz BLE;64:d1:2e:b5:04:2d;-62.0;;;;-62.0;6.309573444801942e-10;0.000368;2.321923027687115e-13;6.031863943304372e-11;36;0x00;38;ORANGE;False
1787669594.7991939;56.652825330998894;BLE Sniffer;iBeacon;2,4 GHz BLE;64:d1:2e:b5:04:2d;-68.0;;;;-68.0;1.584893192461111e-10;0.000368;5.832406948256888e-14;6.037696350252628e-11;36;0x00;39;ORANGE;False
1787669594.8128994;56.66653406199839;BLE Sniffer;Appareil BLE;2,4 GHz BLE;7f:c4:af:1a:e1:07;-70.0;;;;-70.0;1e-10;0.00028;2.7999999999999997e-14;1.2345389004945159e-11;25;0x00;37;ORANGE;False
1787669594.8165398;56.67017356099859;Wi-Fi;Wi-Fi;2,4/5 GHz;wlan0;-31.0;;;;-31.0;7.943282347242822e-07;0.1;7.943282347242822e-08;4.085919329848783e-05;;;;ROUGE;False
1787669594.883514;56.73697344499851;Simulation RF;Détection RF large bande;868 MHz;868 MHz;;2653;2.138049353785155;-41.5219741514062;-74.5219741514062;3.530226615113979e-11;0.1;3.5302266151139792e-12;8.059657238299006e-09;;;;VERT;True
1787669594.883657;56.73697344499851;Simulation RF;Détection RF large bande;2,45 GHz;2,45 GHz;;2729;2.199089022004328;-43.96356088017312;-60.663560880173115;8.583094852629541e-10;0.1;8.583094852629542e-11;1.999872263912658e-08;;;;ORANGE;True
1787669594.8922458;56.74587799099936;Wi-Fi;Wi-Fi;2,4/5 GHz;wlan0;-31.0;;;;-31.0;7.943282347242822e-07;0.1;7.943282347242822e-08;4.0938626121960255e-05;;;;ROUGE;False
1787669594.918584;56.772217802999876;BLE Sniffer;Appareil BLE;2,4 GHz BLE;7f:c4:af:1a:e1:07;-76.0;;;;-76.0;2.5118864315095823e-11;0.00028;7.03328200822683e-15;1.2352422286953386e-11;25;0x00;38;VERT;False
1787669594.9186795;56.7723109489998;BLE Sniffer;Appareil BLE;2,4 GHz BLE;7f:c4:af:1a:e1:07;-71.0;;;;-71.0;7.943282347242822e-11;0.00028;2.22411905722799e-14;1.2374663477525666e-11;25;0x00;39;VERT;False
1787669594.9838493;56.83710512399921;Simulation RF;Détection RF large bande;868 MHz;868 MHz;;2595;2.0910136518500124;-39.6405460740005;-72.6405460740005;5.444341923710875e-11;0.1;5.4443419237108755e-12;8.065101580222716e-09;;;;VERT;True
1787669594.98421;56.83710512399921;Simulation RF;Détection RF large bande;2,45 GHz;2,45 GHz;;2789;2.2475764603353703;-45.90305841341481;-62.603058413414814;5.491540092794968e-10;0.1;5.4915400927949684e-11;2.005363804005453e-08;;;;ORANGE;True
1787669594.9939663;56.84759923799902;Wi-Fi;Wi-Fi;2,4/5 GHz;wlan0;-31.0;;;;-31.0;7.943282347242822e-07;0.1;7.943282347242822e-08;4.101805894543268e-05;;;;ROUGE;False
1787669595.0405836;56.8942173259984;BLE Sniffer;iBeacon;2,4 GHz BLE;64:d1:2e:b5:04:2d;-63.0;;;;-63.0;5.011872336272714e-10;0.000368;1.8443690197483588e-13;6.056140040450112e-11;36;0x00;37;ORANGE;False
1787669595.0406768;56.89430836199972;BLE Sniffer;iBeacon;2,4 GHz BLE;64:d1:2e:b5:04:2d;-63.0;;;;-63.0;5.011872336272714e-10;0.000368;1.8443690197483588e-13;6.074583730647595e-11;36;0x00;38;ORANGE;False
1787669595.0461478;56.899781664998955;Simulation LoRa;LoRa;868 MHz;LoRa 868.100 MHz;-86.81482915980982;;;;-86.81482915980982;2.0821743109485196e-12;0.046335999999999995;9.64796288721106e-14;5.3517198449696405e-12;13;"SNR=5.95;SF=7;BW=125.0;CR=4/5;F=868.100;CRC=OK;PAYLOAD=54454d504f5f4c4f52415f3536";7;VERT;True
1787669595.0837224;56.937182415998905;Simulation RF;Détection RF large bande;868 MHz;868 MHz;;2625;2.1157560629814003;-40.630242519256015;-73.63024251925602;4.3348667089591593e-11;0.1;4.3348667089591595e-12;8.069436446931675e-09;;;;VERT;True
1787669595.0838647;56.937182415998905;Simulation RF;Détection RF large bande;2,45 GHz;2,45 GHz;;2790;2.2486974360040954;-45.947897440163814;-62.64789744016381;5.435134001963053e-10;0.1;5.435134001963054e-11;2.010798938007416e-08;;;;ORANGE;True
1787669595.0929308;56.94656328800011;Wi-Fi;Wi-Fi;2,4/5 GHz;wlan0;-31.0;;;;-31.0;7.943282347242822e-07;0.1;7.943282347242822e-08;4.109749176890511e-05;;;;ROUGE;False
1787669595.1497996;57.0034332719988;BLE Sniffer;iBeacon;2,4 GHz BLE;64:d1:2e:b5:04:2d;-68.0;;;;-68.0;1.584893192461111e-10;0.000368;5.832406948256888e-14;6.080416137595852e-11;36;0x00;39;ORANGE;False
1787669595.157173;57.01080680499945;BLE Sniffer;Appareil BLE;2,4 GHz BLE;7f:c4:af:1a:e1:07;-68.0;;;;-68.0;1.584893192461111e-10;0.00028;4.43770093889111e-14;1.2419040486914577e-11;25;0x00;37;ORANGE;False
1787669595.1840284;57.03731672499998;Simulation RF;Détection RF large bande;868 MHz;868 MHz;;2582;2.080839553313912;-39.23358213255648;-72.23358213255648;5.979182188017984e-11;0.1;5.979182188017984e-12;8.075415629119692e-09;;;;VERT;True
1787669595.1841793;57.03731672499998;Simulation RF;Détection RF large bande;2,45 GHz;2,45 GHz;;2760;2.2239697664303426;-44.9587906572137;-61.6587906572137;6.825287256325673e-10;0.1;6.825287256325673e-11;2.0176242252637416e-08;;;;ORANGE;True
1787669595.2079535;57.06158966099974;Wi-Fi;Wi-Fi;2,4/5 GHz;wlan0;-31.0;;;;-31.0;7.943282347242822e-07;0.1;7.943282347242822e-08;4.1176924592377534e-05;;;;ROUGE;False
1787669595.2839556;57.137401404999764;Simulation RF;Détection RF large bande;868 MHz;868 MHz;;2595;2.0908841818997925;-39.6353672759917;-72.6353672759917;5.4508379686293565e-11;0.1;5.4508379686293565e-12;8.080866467088322e-09;;;;VERT;True
1787669595.2841027;57.137401404999764;Simulation RF;Détection RF large bande;2,45 GHz;2,45 GHz;;2752;2.217400162636693;-44.69600650546772;-61.396006505467724;7.251024114569869e-10;0.1;7.25102411456987e-11;2.0248752493783116e-08;;;;ORANGE;True
1787669595.2925885;57.14622084199982;Wi-Fi;Wi-Fi;2,4/5 GHz;wlan0;-31.0;;;;-31.0;7.943282347242822e-07;0.1;7.943282347242822e-08;4.125635741584996e-05;;;;ROUGE;False
1787669595.3719935;57.22562678899885;BLE Sniffer;iBeacon;2,4 GHz BLE;64:d1:2e:b5:04:2d;-62.0;;;;-62.0;6.309573444801942e-10;0.000368;2.321923027687115e-13;6.103635367872723e-11;36;0x00;38;ORANGE;False
1787669595.3796053;57.23323963299845;BLE Sniffer;iBeacon;2,4 GHz BLE;64:d1:2e:b5:04:2d;-68.0;;;;-68.0;1.584893192461111e-10;0.000368;5.832406948256888e-14;6.10946777482098e-11;36;0x00;39;ORANGE;False
1787669595.3797035;57.23333487199852;BLE Sniffer;Appareil BLE;2,4 GHz BLE;7f:c4:af:1a:e1:07;-68.0;;;;-68.0;1.584893192461111e-10;0.00028;4.43770093889111e-14;1.2463417496303488e-11;25;0x00;37;ORANGE;False
1787669595.379744;57.23337544599963;BLE Sniffer;Appareil BLE;2,4 GHz BLE;7f:c4:af:1a:e1:07;-72.0;;;;-72.0;6.309573444801942e-11;0.00028;1.7666805645445437e-14;1.2481084301948934e-11;25;0x00;38;VERT;False
1787669595.3912857;57.23750702899997;Simulation RF;Détection RF large bande;868 MHz;868 MHz;;2550;2.054948634490368;-38.19794537961471;-71.19794537961471;7.589365383022595e-11;0.1;7.589365383022595e-12;8.088455832471345e-09;;;;VERT;True
1787669595.4042306;57.23750702899997;Simulation RF;Détection RF large bande;2,45 GHz;2,45 GHz;;2777;2.2379797280759295;-45.51918912303718;-62.219189123037175;5.999030744948366e-10;0.1;5.999030744948366e-11;2.03087428012326e-08;;;;ORANGE;True
1787669595.4153018;57.26893698399908;Wi-Fi;Wi-Fi;2,4/5 GHz;wlan0;-31.0;;;;-31.0;7.943282347242822e-07;0.1;7.943282347242822e-08;4.133579023932239e-05;;;;ROUGE;False
1787669595.4841588;57.33759828299844;Simulation RF;Détection RF large bande;868 MHz;868 MHz;;2599;2.094821033788486;-39.79284135153944;-72.79284135153944;5.2567323458258064e-11;0.1;5.2567323458258064e-12;8.09371256481717e-09;;;;VERT;True
1787669595.4843364;57.33759828299844;Simulation RF;Détection RF large bande;2,45 GHz;2,45 GHz;;2820;2.2722238689268286;-46.88895475707314;-63.58895475707314;4.3762741893539007e-10;0.1;4.376274189353901e-11;2.035250554312614e-08;;;;ORANGE;True
1787669595.4912806;57.34491372499906;BLE Sniffer;Appareil BLE;2,4 GHz BLE;7f:c4:af:1a:e1:07;-69.0;;;;-69.0;1.2589254117941662e-10;0.00028;3.524991153023665e-14;1.2516334213479171e-11;25;0x00;39;ORANGE;False
1787669595.5053158;57.35895020999851;BLE Sniffer;Appareil BLE;2,4 GHz BLE;d3:23:2f:4d:3e:b1;-79.0;;;;-79.0;1.2589254117941662e-11;0.000376;4.7335595483460644e-15;1.4704552129210392e-13;37;0x00;37;VERT;False
1787669595.5116827;57.36531603599906;Wi-Fi;Wi-Fi;2,4/5 GHz;wlan0;-31.0;;;;-31.0;7.943282347242822e-07;0.1;7.943282347242822e-08;4.1415223062794814e-05;;;;ROUGE;False
1787669595.5842266;57.43767820499852;Simulation RF;Détection RF large bande;868 MHz;868 MHz;;2608;2.10164254713616;-40.06570188544639;-73.06570188544639;4.936621285496602e-11;0.1;4.936621285496602e-12;8.098649186102667e-09;;;;VERT;True
1787669595.5843906;57.43767820499852;Simulation RF;Détection RF large bande;2,45 GHz;2,45 GHz;;2805;2.2606775997859736;-46.42710399143894;-63.127103991438936;4.867316650748823e-10;0.1;4.8673166507488234e-11;2.0401178709633628e-08;;;;ORANGE;True
1787669595.5930557;57.44668854599877;Wi-Fi;Wi-Fi;2,4/5 GHz;wlan0;-31.0;;;;-31.0;7.943282347242822e-07;0.1;7.943282347242822e-08;4.149465588626724e-05;;;;ROUGE;False
1787669595.619335;57.47296826499951;BLE Sniffer;iBeacon;2,4 GHz BLE;64:d1:2e:b5:04:2d;-63.0;;;;-63.0;5.011872336272714e-10;0.000368;1.8443690197483588e-13;6.127911465018463e-11;36;0x00;38;ORANGE;False
1787669595.6248796;57.478513622998435;BLE Sniffer;iBeacon;2,4 GHz BLE;64:d1:2e:b5:04:2d;-68.0;;;;-68.0;1.584893192461111e-10;0.000368;5.832406948256888e-14;6.133743871966719e-11;36;0x00;39;ORANGE;False
1787669595.6276066;57.48124019199895;BLE Sniffer;Appareil BLE;2,4 GHz BLE;7f:c4:af:1a:e1:07;-70.0;;;;-70.0;1e-10;0.00028;2.7999999999999997e-14;1.254433421347917e-11;25;0x00;37;ORANGE;False
1787669595.6843264;57.5377653659998;Simulation RF;Détection RF large bande;868 MHz;868 MHz;;2638;2.1261511372420707;-41.046045489682825;-74.04604548968283;3.939085894744228e-11;0.1;3.939085894744228e-12;8.102588271997411e-09;;;;VERT;True
1787669595.684509;57.5377653659998;Simulation RF;Détection RF large bande;2,45 GHz;2,45 GHz;;2771;2.23344310443262;-45.33772417730481;-62.03772417730481;6.255003863374494e-10;0.1;6.255003863374495e-11;2.0463728748267373e-08;;;;ORANGE;True
1787669595.6931593;57.546791965998636;Wi-Fi;Wi-Fi;2,4/5 GHz;wlan0;-31.0;;;;-31.0;7.943282347242822e-07;0.1;7.943282347242822e-08;4.157408870973967e-05;;;;ROUGE;False
1787669595.7843866;57.63784874999874;Simulation RF;Détection RF large bande;868 MHz;868 MHz;;2601;2.0958048824036193;-39.83219529614476;-72.83219529614476;5.209313212500631e-11;0.1;5.209313212500631e-12;8.107797585209912e-09;;;;VERT;True
1787669595.7845366;57.63784874999874;Simulation RF;Détection RF large bande;2,45 GHz;2,45 GHz;;2760;2.224083052447528;-44.96332209790111;-61.663322097901116;6.818169446661025e-10;0.1;6.818169446661026e-11;2.0531910442733983e-08;;;;ORANGE;True
1787669595.7930217;57.64665372399941;Wi-Fi;Wi-Fi;2,4/5 GHz;wlan0;-31.0;;;;-31.0;7.943282347242822e-07;0.1;7.943282347242822e-08;4.165352153321209e-05;;;;ROUGE;False
1787669595.884488;57.73792822699943;Simulation RF;Détection RF large bande;868 MHz;868 MHz;;2563;2.065310059488349;-38.61240237953396;-71.61240237953396;6.898580906260349e-11;0.1;6.898580906260349e-12;8.114696166116172e-09;;;;VERT;True
1787669595.8846326;57.73792822699943;Simulation RF;Détection RF large bande;2,45 GHz;2,45 GHz;;2714;2.187113930827746;-43.48455723310984;-60.18455723310984;9.583944204459216e-10;0.1;9.583944204459216e-11;2.0627749884778576e-08;;;;ORANGE;True
1787669595.8933556;57.74698808499852;Wi-Fi;Wi-Fi;2,4/5 GHz;wlan0;-31.0;;;;-31.0;7.943282347242822e-07;0.1;7.943282347242822e-08;4.173295435668452e-05;;;;ROUGE;False
1787669595.95379;57.80742325399842;BLE Sniffer;iBeacon;2,4 GHz BLE;64:d1:2e:b5:04:2d;-63.0;;;;-63.0;5.011872336272714e-10;0.000368;1.8443690197483588e-13;6.152187562164203e-11;36;0x00;38;ORANGE;False
1787669595.9586794;57.81231302999913;BLE Sniffer;iBeacon;2,4 GHz BLE;64:d1:2e:b5:04:2d;-68.0;;;;-68.0;1.584893192461111e-10;0.000368;5.832406948256888e-14;6.158019969112459e-11;36;0x00;39;ORANGE;False
1787669595.9615011;57.81513496699881;BLE Sniffer;Appareil BLE;2,4 GHz BLE;7f:c4:af:1a:e1:07;-68.0;;;;-68.0;1.584893192461111e-10;0.00028;4.43770093889111e-14;1.2588711222868081e-11;25;0x00;37;ORANGE;False
1787669595.9615924;57.81522383599986;BLE Sniffer;Appareil BLE;2,4 GHz BLE;7f:c4:af:1a:e1:07;-72.0;;;;-72.0;6.309573444801942e-11;0.00028;1.7666805645445437e-14;1.2606378028513527e-11;25;0x00;38;VERT;False
1787669595.9725015;57.82613551799841;BLE Sniffer;Appareil BLE;2,4 GHz BLE;7f:c4:af:1a:e1:07;-68.0;;;;-68.0;1.584893192461111e-10;0.00028;4.43770093889111e-14;1.2650755037902438e-11;25;0x00;39;ORANGE;False
1787669595.9845257;57.83800944399991;Simulation RF;Détection RF large bande;868 MHz;868 MHz;;2584;2.0822653178637736;-39.290612714550946;-72.29061271455095;5.901178188603231e-11;0.1;5.901178188603232e-12;8.120597344304776e-09;;;;VERT;True
1787669595.9846835;57.83800944399991;Simulation RF;Détection RF large bande;2,45 GHz;2,45 GHz;;2819;2.2715337821165584;-46.861351284662334;-63.56135128466233;4.4041780847827494e-10;0.1;4.40417808478275e-11;2.0671791665626403e-08;;;;ORANGE;True
1787669595.9932315;57.84686423199855;Wi-Fi;Wi-Fi;2,4/5 GHz;wlan0;-31.0;;;;-31.0;7.943282347242822e-07;0.1;7.943282347242822e-08;4.1812387180156946e-05;;;;ROUGE;False
1787669596.083734;57.937367783999434;Simulation LoRa;LoRa;868 MHz;LoRa 868.100 MHz;-90.61411351251034;;;;-90.61411351251034;8.681377646064791e-13;0.046335999999999995;4.022603146080581e-14;5.3919458764304464e-12;13;"SNR=8.67;SF=7;BW=125.0;CR=4/5;F=868.100;CRC=OK;PAYLOAD=54454d504f5f4c4f52415f3537";7;VERT;True
1787669596.0874553;57.9381128649984;Simulation RF;Détection RF large bande;868 MHz;868 MHz;;2627;2.116982438527078;-40.679297541083116;-73.67929754108312;4.2861784250244505e-11;0.1;4.286178425024451e-12;8.1248835227298e-09;;;;VERT;True
1787669596.0876114;57.9381128649984;Simulation RF;Détection RF large bande;2,45 GHz;2,45 GHz;;2791;2.248786765695216;-45.95147062780863;-62.651470627808635;5.430664047270036e-10;0.1;5.4306640472700365e-11;2.0726098306099103e-08;;;;ORANGE;True
1787669596.0961883;57.94982103399889;Wi-Fi;Wi-Fi;2,4/5 GHz;wlan0;-31.0;;;;-31.0;7.943282347242822e-07;0.1;7.943282347242822e-08;4.189182000362937e-05;;;;ROUGE;False
1787669596.184728;58.03818819299886;Simulation RF;Détection RF large bande;868 MHz;868 MHz;;2635;2.123522762521078;-40.94091050084313;-73.94091050084313;4.035607773523266e-11;0.1;4.035607773523266e-12;8.128919130503324e-09;;;;VERT;True
1787669596.1848722;58.03818819299886;Simulation RF;Détection RF large bande;2,45 GHz;2,45 GHz;;2789;2.2473240379731365;-45.89296151892546;-62.59296151892546;5.504322204478737e-10;0.1;5.5043222044787375e-11;2.078114152814389e-08;;;;ORANGE;True
1787669596.1952684;58.04890228600016;BLE Sniffer;iBeacon;2,4 GHz BLE;64:d1:2e:b5:04:2d;-62.0;;;;-62.0;6.309573444801942e-10;0.000368;2.321923027687115e-13;6.18123919938933e-11;36;0x00;37;ORANGE;False
1787669596.1953623;58.04899365499841;BLE Sniffer;iBeacon;2,4 GHz BLE;64:d1:2e:b5:04:2d;-63.0;;;;-63.0;5.011872336272714e-10;0.000368;1.8443690197483588e-13;6.199682889586814e-11;36;0x00;38;ORANGE;False
1787669596.206408;58.06004159299846;BLE Sniffer;iBeacon;2,4 GHz BLE;64:d1:2e:b5:04:2d;-68.0;;;;-68.0;1.584893192461111e-10;0.000368;5.832406948256888e-14;6.20551529653507e-11;36;0x00;39;ORANGE;False
1787669596.2103586;58.06399214299927;Wi-Fi;Wi-Fi;2,4/5 GHz;wlan0;-31.0;;;;-31.0;7.943282347242822e-07;0.1;7.943282347242822e-08;4.19712528271018e-05;;;;ROUGE;False
1787669596.284807;58.13826246699864;Simulation RF;Détection RF large bande;868 MHz;868 MHz;;2667;2.1491518280848694;-41.96607312339478;-74.96607312339478;3.187077964834608e-11;0.1;3.1870779648346085e-12;8.13210620846816e-09;;;;VERT;True
1787669596.2849436;58.13826246699864;Simulation RF;Détection RF large bande;2,45 GHz;2,45 GHz;;2809;2.2639047618946218;-46.556190475784874;-63.25619047578488;4.724773049994266e-10;0.1;4.7247730499942656e-11;2.0828389258643834e-08;;;;ORANGE;True
1787669596.2937546;58.1473872689985;Wi-Fi;Wi-Fi;2,4/5 GHz;wlan0;-31.0;;;;-31.0;7.943282347242822e-07;0.1;7.943282347242822e-08;4.2050685650574225e-05;;;;ROUGE;False
1787669596.31259;58.16622299399933;BLE Sniffer;Appareil BLE;2,4 GHz BLE;7f:c4:af:1a:e1:07;-68.0;;;;-68.0;1.584893192461111e-10;0.00028;4.43770093889111e-14;1.2695132047291348e-11;25;0x00;37;ORANGE;False
1787669596.3126824;58.16631393699936;BLE Sniffer;Appareil BLE;2,4 GHz BLE;7f:c4:ae:5a:e1:07;-68.0;;;;-68.0;1.584893192461111e-10;0.00028;4.43770093889111e-14;4.43770093889111e-14;25;0x00;38;ORANGE;False
1787669596.3127227;58.16635423199841;BLE Sniffer;Appareil BLE;2,4 GHz BLE;7f:c4:af:1a:e1:07;-68.0;;;;-68.0;1.584893192461111e-10;0.00028;4.43770093889111e-14;1.273950905668026e-11;25;0x00;39;ORANGE;False
1787669596.3849058;58.23834870199971;Simulation RF;Détection RF large bande;868 MHz;868 MHz;;2626;2.1165374503977294;-40.661498015909174;-73.66149801590917;4.3037813416461727e-11;0.1;4.303781341646173e-12;8.136409989809806e-09;;;;VERT;True
1787669596.3850625;58.23834870199971;Simulation RF;Détection RF large bande;2,45 GHz;2,45 GHz;;2733;2.2025744120781794;-44.10297648312718;-60.80297648312718;8.311939083152629e-10;0.1;8.31193908315263e-11;2.091150864947536e-08;;;;ORANGE;True
1787669596.394079;58.24771185299869;Wi-Fi;Wi-Fi;2,4/5 GHz;wlan0;-31.0;;;;-31.0;7.943282347242822e-07;0.1;7.943282347242822e-08;4.213011847404665e-05;;;;ROUGE;False
1787669596.4379282;58.29156176200013;BLE Sniffer;iBeacon;2,4 GHz BLE;64:d1:2e:b5:04:2d;-62.0;;;;-62.0;6.309573444801942e-10;0.000368;2.321923027687115e-13;6.228734526811941e-11;36;0x00;37;ORANGE;False
1787669596.484999;58.338434661000065;Simulation RF;Détection RF large bande;868 MHz;868 MHz;;2613;2.1056544403073967;-40.22617761229587;-73.22617761229587;4.757537703639091e-11;0.1;4.757537703639092e-12;8.141167527513445e-09;;;;VERT;True
1787669596.4851592;58.338434661000065;Simulation RF;Détection RF large bande;2,45 GHz;2,45 GHz;;2786;2.245448051548171;-45.81792206192685;-62.517922061926846;5.600254888353416e-10;0.1;5.6002548883534164e-11;2.0967511198358896e-08;;;;ORANGE;True
1787669596.493942;58.347575185000096;Wi-Fi;Wi-Fi;2,4/5 GHz;wlan0;-31.0;;;;-31.0;7.943282347242822e-07;0.1;7.943282347242822e-08;4.220955129751908e-05;;;;ROUGE;False
1787669596.5419605;58.395593231998646;BLE Sniffer;iBeacon;2,4 GHz BLE;64:d1:2e:b5:04:2d;-62.0;;;;-62.0;6.309573444801942e-10;0.000368;2.321923027687115e-13;6.251953757088813e-11;36;0x00;38;ORANGE;False
1787669596.5420346;58.39566615699914;BLE Sniffer;iBeacon;2,4 GHz BLE;64:d1:2e:b5:04:2d;-68.0;;;;-68.0;1.584893192461111e-10;0.000368;5.832406948256888e-14;6.257786164037069e-11;36;0x00;39;ORANGE;False
1787669596.5470636;58.40069731899894;BLE Sniffer;Appareil BLE;2,4 GHz BLE;7f:c4:af:1a:e1:07;-68.0;;;;-68.0;1.584893192461111e-10;0.00028;4.43770093889111e-14;1.278388606606917e-11;25;0x00;37;ORANGE;False
1787669596.5499325;58.403566829998454;BLE Sniffer;Appareil BLE;2,4 GHz BLE;7f:c4:af:1a:e1:07;-72.0;;;;-72.0;6.309573444801942e-11;0.00028;1.7666805645445437e-14;1.2801552871714616e-11;25;0x00;38;VERT;False
1787669596.550053;58.40368466200016;BLE Sniffer;Appareil BLE;2,4 GHz BLE;7f:c4:af:1a:e1:07;-68.0;;;;-68.0;1.584893192461111e-10;0.00028;4.43770093889111e-14;1.2845929881103527e-11;25;0x00;39;ORANGE;False
1787669596.5850859;58.43852708199847;Simulation RF;Détection RF large bande;868 MHz;868 MHz;;2689;2.166939637131113;-42.67758548524451;-75.6775854852445;2.7054620817120995e-11;0.1;2.7054620817120998e-12;8.143872989595157e-09;;;;VERT;True
1787669596.5852995;58.43852708199847;Simulation RF;Détection RF large bande;2,45 GHz;2,45 GHz;;2790;2.248123925316169;-45.92495701264676;-62.62495701264676;5.463919581540859e-10;0.1;5.46391958154086e-11;2.1022150394174305e-08;;;;ORANGE;True
1787669596.5952914;58.44892404899838;Wi-Fi;Wi-Fi;2,4/5 GHz;wlan0;-31.0;;;;-31.0;7.943282347242822e-07;0.1;7.943282347242822e-08;4.2288984120991505e-05;;;;ROUGE;False
1787669596.6898854;58.53862613199999;Simulation RF;Détection RF large bande;868 MHz;868 MHz;;2665;2.1474695674047513;-41.898782696190054;-74.89878269619005;3.236843711842863e-11;0.1;3.236843711842863e-12;8.147109833307e-09;;;;VERT;True
1787669596.6902204;58.53862613199999;Simulation RF;Détection RF large bande;2,45 GHz;2,45 GHz;;2775;2.2363331310609884;-45.45332524243953;-62.15332524243953;6.090703745708473e-10;0.1;6.090703745708473e-11;2.108305743163139e-08;;;;ORANGE;True
1787669596.699604;58.55323642299845;Wi-Fi;Wi-Fi;2,4/5 GHz;wlan0;-31.0;;;;-31.0;7.943282347242822e-07;0.1;7.943282347242822e-08;4.236841694446393e-05;;;;ROUGE;False
1787669596.785255;58.63870414599842;Simulation RF;Détection RF large bande;868 MHz;868 MHz;;2671;2.1524231834576524;-42.09692733830609;-75.09692733830609;3.0924826102527934e-11;0.1;3.0924826102527935e-12;8.150202315917253e-09;;;;VERT;True
1787669596.7854328;58.63870414599842;Simulation RF;Détection RF large bande;2,45 GHz;2,45 GHz;;2856;2.30147240651366;-48.05889626054639;-64.7588962605464;3.342799849523786e-10;0.1;3.342799849523786e-11;2.1116485430126627e-08;;;;ORANGE;True
1787669596.794885;58.64851991899923;BLE Sniffer;iBeacon;2,4 GHz BLE;64:d1:2e:b5:04:2d;-63.0;;;;-63.0;5.011872336272714e-10;0.000368;1.8443690197483588e-13;6.276229854234552e-11;36;0x00;37;ORANGE;False
1787669596.7981193;58.65175342399925;BLE Sniffer;iBeacon;2,4 GHz BLE;64:d1:2e:b5:04:2d;-62.0;;;;-62.0;6.309573444801942e-10;0.000368;2.321923027687115e-13;6.299449084511424e-11;36;0x00;38;ORANGE;False
1787669596.7982335;58.65186581099988;BLE Sniffer;iBeacon;2,4 GHz BLE;64:d1:2e:b5:04:2d;-68.0;;;;-68.0;1.584893192461111e-10;0.000368;5.832406948256888e-14;6.30528149145968e-11;36;0x00;39;ORANGE;False
1787669596.7983696;58.652001049998944;BLE Sniffer;Appareil BLE;2,4 GHz BLE;7f:c4:af:1a:e1:07;-67.0;;;;-67.0;1.9952623149688828e-10;0.00028;5.5867344819128714e-14;1.2901797225922655e-11;25;0x00;37;ORANGE;False
1787669596.815984;58.66961994199846;Wi-Fi;Wi-Fi;2,4/5 GHz;wlan0;-31.0;;;;-31.0;7.943282347242822e-07;0.1;7.943282347242822e-08;4.244784976793636e-05;;;;ROUGE;False
1787669596.8943226;58.7387837339993;Simulation RF;Détection RF large bande;868 MHz;868 MHz;;2694;2.171320147652632;-42.852805906105274;-75.85280590610527;2.5984801848737527e-11;0.1;2.598480184873753e-12;8.152800796102126e-09;;;;VERT;True
1787669596.8946128;58.7387837339993;Simulation RF;Détection RF large bande;2,45 GHz;2,45 GHz;;2777;2.237671245816816;-45.50684983267264;-62.206849832672646;6.016099587448276e-10;0.1;6.016099587448277e-11;2.117664642600111e-08;;;;ORANGE;True
1787669596.9033315;58.75696417200015;Wi-Fi;Wi-Fi;2,4/5 GHz;wlan0;-31.0;;;;-31.0;7.943282347242822e-07;0.1;7.943282347242822e-08;4.2527282591408784e-05;;;;ROUGE;False
1787669596.9854057;58.8388631179987;Simulation RF;Détection RF large bande;868 MHz;868 MHz;;2613;2.10551881313332;-40.220752525332784;-73.22075252533278;4.763484402058781e-11;0.1;4.763484402058781e-12;8.157564280504185e-09;;;;VERT;True
1787669596.9855456;58.8388631179987;Simulation RF;Détection RF large bande;2,45 GHz;2,45 GHz;;2803;2.2592142603189402;-46.368570412757606;-63.0685704127576;4.933361709801585e-10;0.1;4.9333617098015855e-11;2.1225980043099125e-08;;;;ORANGE;True
1787669596.994049;58.847681572999136;Wi-Fi;Wi-Fi;2,4/5 GHz;wlan0;-31.0;;;;-31.0;7.943282347242822e-07;0.1;7.943282347242822e-08;4.260671541488121e-05;;;;ROUGE;False
1787669597.0276175;58.88125097499869;BLE Sniffer;Appareil BLE;2,4 GHz BLE;7f:c4:af:1a:e1:07;-72.0;;;;-72.0;6.309573444801942e-11;0.00028;1.7666805645445437e-14;1.29194640315681e-11;25;0x00;38;VERT;False
1787669597.0353727;58.88900653999917;BLE Sniffer;Appareil BLE;2,4 GHz BLE;7f:c4:af:1a:e1:07;-69.0;;;;-69.0;1.2589254117941662e-10;0.00028;3.524991153023665e-14;1.2954713943098338e-11;25;0x00;39;ORANGE;False
1787669597.085485;58.93894422399899;Simulation RF;Détection RF large bande;868 MHz;868 MHz;;2663;2.1463421578222026;-41.8536863128881;-74.8536863128881;3.270629643758245e-11;0.1;3.2706296437582453e-12;8.160834910147942e-09;;;;VERT;True
1787669597.0856216;58.93894422399899;Simulation RF;Détection RF large bande;2,45 GHz;2,45 GHz;;2726;2.1963748140558463;-43.854992562233846;-60.55499256223385;8.800366188446189e-10;0.1;8.80036618844619e-11;2.1313983704983586e-08;;;;ORANGE;True
1787669597.0942142;58.9478475299984;Wi-Fi;Wi-Fi;2,4/5 GHz;wlan0;-31.0;;;;-31.0;7.943282347242822e-07;0.1;7.943282347242822e-08;4.268614823835364e-05;;;;ROUGE;False
1787669597.1419191;58.995552433998455;Simulation LoRa;LoRa;868 MHz;LoRa 868.100 MHz;-85.97638637440456;;;;-85.97638637440456;2.5255813539800827e-12;0.046335999999999995;1.170253376180211e-13;5.5089712140484676e-12;13;"SNR=6.10;SF=7;BW=125.0;CR=4/5;F=868.100;CRC=OK;PAYLOAD=54454d504f5f4c4f52415f3538";7;VERT;True
1787669597.1420016;58.99563330299861;BLE Sniffer;iBeacon;2,4 GHz BLE;64:d1:2e:b5:04:2d;-62.0;;;;-62.0;6.309573444801942e-10;0.000368;2.321923027687115e-13;6.328500721736552e-11;36;0x00;37;ORANGE;False
1787669597.1420412;58.99567256199953;BLE Sniffer;iBeacon;2,4 GHz BLE;64:d1:2e:b5:04:2d;-62.0;;;;-62.0;6.309573444801942e-10;0.000368;2.321923027687115e-13;6.351719952013423e-11;36;0x00;38;ORANGE;False
1787669597.1471057;59.000739741999496;BLE Sniffer;iBeacon;2,4 GHz BLE;64:d1:2e:b5:04:2d;-68.0;;;;-68.0;1.584893192461111e-10;0.000368;5.832406948256888e-14;6.357552358961679e-11;36;0x00;39;ORANGE;False
1787669597.1855555;59.03903429299862;Simulation RF;Détection RF large bande;868 MHz;868 MHz;;2595;2.091563844525128;-39.662553781005116;-72.66255378100512;5.416822714103889e-11;0.1;5.416822714103889e-12;8.166251732862047e-09;;;;VERT;True
1787669597.185704;59.03903429299862;Simulation RF;Détection RF large bande;2,45 GHz;2,45 GHz;;2807;2.261756965390624;-46.47027861562496;-63.17027861562496;4.819168799217461e-10;0.1;4.8191687992174615e-11;2.136217539297576e-08;;;;ORANGE;True
1787669597.194272;59.0479046370001;Wi-Fi;Wi-Fi;2,4/5 GHz;wlan0;-31.0;;;;-31.0;7.943282347242822e-07;0.1;7.943282347242822e-08;4.2765581061826064e-05;;;;ROUGE;False
1787669597.2696586;59.123292016998676;BLE Sniffer;Appareil BLE;2,4 GHz BLE;7f:c4:af:1a:e1:07;-68.0;;;;-68.0;1.584893192461111e-10;0.00028;4.43770093889111e-14;1.2999090952487249e-11;25;0x00;37;ORANGE;False
1787669597.2856297;59.1391124369984;Simulation RF;Détection RF large bande;868 MHz;868 MHz;;2683;2.161805295998638;-42.4722118399455;-75.4722118399455;2.8364740585480902e-11;0.1;2.8364740585480904e-12;8.169088206920595e-09;;;;VERT;True
1787669597.285761;59.1391124369984;Simulation RF;Détection RF large bande;2,45 GHz;2,45 GHz;;2817;2.2699662152857982;-46.79864861143193;-63.498648611431925;4.4682260773884266e-10;0.1;4.468226077388427e-11;2.1406857653749646e-08;;;;ORANGE;True
1787669597.2943575;59.147990335999566;Wi-Fi;Wi-Fi;2,4/5 GHz;wlan0;-31.0;;;;-31.0;7.943282347242822e-07;0.1;7.943282347242822e-08;4.284501388529849e-05;;;;ROUGE;False
1787669597.3735614;59.22719445299845;BLE Sniffer;Appareil BLE;2,4 GHz BLE;7f:c4:af:1a:e1:07;-72.0;;;;-72.0;6.309573444801942e-11;0.00028;1.7666805645445437e-14;1.3016757758132694e-11;25;0x00;38;VERT;False
1787669597.3815868;59.235221586999614;BLE Sniffer;Appareil BLE;2,4 GHz BLE;7f:c4:af:1a:e1:07;-68.0;;;;-68.0;1.584893192461111e-10;0.00028;4.43770093889111e-14;1.3061134767521605e-11;25;0x00;39;ORANGE;False
1787669597.3816788;59.235310603999096;BLE Sniffer;iBeacon;2,4 GHz BLE;64:d1:2e:b5:04:2d;-63.0;;;;-63.0;5.011872336272714e-10;0.000368;1.8443690197483588e-13;6.375996049159163e-11;36;0x00;37;ORANGE;False
1787669597.3817196;59.235351010998784;BLE Sniffer;iBeacon;2,4 GHz BLE;64:d1:2e:b5:04:2d;-62.0;;;;-62.0;6.309573444801942e-10;0.000368;2.321923027687115e-13;6.399215279436034e-11;36;0x00;38;ORANGE;False
1787669597.3939614;59.239239968999755;Simulation RF;Détection RF large bande;868 MHz;868 MHz;;2675;2.1553422179075463;-42.213688716301846;-75.21368871630185;3.0104479889586703e-11;0.1;3.0104479889586704e-12;8.172098654909555e-09;;;;VERT;True
1787669597.3941438;59.239239968999755;Simulation RF;Détection RF large bande;2,45 GHz;2,45 GHz;;2715;2.187549552300806;-43.501982092032236;-60.20198209203223;9.54556833003537e-10;0.1;9.545568330035371e-11;2.150231333705e-08;;;;ORANGE;True
1787669597.402811;59.25644377499884;Wi-Fi;Wi-Fi;2,4/5 GHz;wlan0;-31.0;;;;-31.0;7.943282347242822e-07;0.1;7.943282347242822e-08;4.292444670877092e-05;;;;ROUGE;False
1787669597.4858654;59.339322093999726;Simulation RF;Détection RF large bande;868 MHz;868 MHz;;2634;2.1224973084674366;-40.899892338697455;-73.89989233869746;4.073903768582814e-11;0.1;4.0739037685828136e-12;8.176172558678138e-09;;;;VERT;True
1787669597.486016;59.339322093999726;Simulation RF;Détection RF large bande;2,45 GHz;2,45 GHz;;2763;2.2263307724560373;-45.05323089824148;-61.75323089824148;6.678468934844385e-10;0.1;6.678468934844385e-11;2.1569098026398444e-08;;;;ORANGE;True
1787669597.499266;59.35289965999982;BLE Sniffer;iBeacon;2,4 GHz BLE;64:d1:2e:b5:04:2d;-68.0;;;;-68.0;1.584893192461111e-10;0.000368;5.832406948256888e-14;6.40504768638429e-11;36;0x00;39;ORANGE;False
1787669597.507773;59.36140573099874;BLE Sniffer;Appareil BLE;2,4 GHz BLE;d3:23:2f:4d:3e:b1;-80.0;;;;-80.0;1e-11;0.000376;3.7599999999999996e-15;1.5080552129210392e-13;37;0x00;37;VERT;False
1787669597.5144372;59.368070959999386;Wi-Fi;Wi-Fi;2,4/5 GHz;wlan0;-31.0;;;;-31.0;7.943282347242822e-07;0.1;7.943282347242822e-08;4.300387953224334e-05;;;;ROUGE;False
1787669597.5859663;59.43940779299919;Simulation RF;Détection RF large bande;868 MHz;868 MHz;;2542;2.048642897399386;-37.94571589597544;-70.94571589597544;8.043191527376532e-11;0.1;8.043191527376532e-12;8.184215750205515e-09;;;;VERT;True
1787669597.5861197;59.43940779299919;Simulation RF;Détection RF large bande;2,45 GHz;2,45 GHz;;2744;2.2113768171646146;-44.455072686584586;-61.15507268658459;7.664657119450244e-10;0.1;7.664657119450244e-11;2.1645744597592946e-08;;;;ORANGE;True
1787669597.594954;59.44858633500007;Wi-Fi;Wi-Fi;2,4/5 GHz;wlan0;-31.0;;;;-31.0;7.943282347242822e-07;0.1;7.943282347242822e-08;4.308331235571577e-05;;;;ROUGE;False
1787669597.6166904;59.47032414399837;BLE Sniffer;Appareil BLE;2,4 GHz BLE;7f:f4:af:1a:e1:67;-75.0;;;;-75.0;3.1622776601683794e-11;0.00028;8.854377448471461e-15;8.854377448471461e-15;25;0x00;38;VERT;False
1787669597.6167846;59.47041621700009;BLE Sniffer;Appareil BLE;2,4 GHz BLE;7f:c4:af:1a:e1:07;-71.0;;;;-71.0;7.943282347242822e-11;0.00028;2.22411905722799e-14;1.3083375958093885e-11;25;0x00;39;VERT;False
1787669597.6226544;59.47628830999929;BLE Sniffer;iBeacon;2,4 GHz BLE;64:d1:2e:b5:04:2d;-63.0;;;;-63.0;5.011872336272714e-10;0.000368;1.8443690197483588e-13;6.423491376581774e-11;36;0x00;37;ORANGE;False
1787669597.631202;59.484835454999484;BLE Sniffer;iBeacon;2,4 GHz BLE;64:d1:2e:b5:04:2d;-63.0;;;;-63.0;5.011872336272714e-10;0.000368;1.8443690197483588e-13;6.441935066779257e-11;36;0x00;38;ORANGE;False
1787669597.6860244;59.539488528998845;Simulation RF;Détection RF large bande;868 MHz;868 MHz;;2712;2.185243190619777;-43.40972762479109;-76.40972762479109;2.2857421531069492e-11;0.1;2.2857421531069493e-12;8.186501492358622e-09;;;;VERT;True
1787669597.6861727;59.539488528998845;Simulation RF;Détection RF large bande;2,45 GHz;2,45 GHz;;2747;2.213741986412681;-44.549679456507235;-61.24967945650723;7.499495594669917e-10;0.1;7.499495594669918e-11;2.1720739553539647e-08;;;;ORANGE;True
1787669597.6960998;59.549732035999114;Wi-Fi;Wi-Fi;2,4/5 GHz;wlan0;-31.0;;;;-31.0;7.943282347242822e-07;0.1;7.943282347242822e-08;4.3162745179188196e-05;;;;ROUGE;False
1787669597.747863;59.60149646899845;BLE Sniffer;iBeacon;2,4 GHz BLE;64:d1:2e:b5:04:2d;-68.0;;;;-68.0;1.584893192461111e-10;0.000368;5.832406948256888e-14;6.447767473727514e-11;36;0x00;39;ORANGE;False
1787669597.786135;59.63957467199907;Simulation RF;Détection RF large bande;868 MHz;868 MHz;;2671;2.152355354670406;-42.09421418681623;-75.09421418681623;3.094415168813907e-11;0.1;3.0944151688139073e-12;8.189595907527436e-09;;;;VERT;True
1787669597.7862873;59.63957467199907;Simulation RF;Détection RF large bande;2,45 GHz;2,45 GHz;;2783;2.2425964483576637;-45.70385793430654;-62.403857934306544;5.749289882419854e-10;0.1;5.749289882419855e-11;2.1778232452363844e-08;;;;ORANGE;True
1787669597.7948198;59.64845242299998;Wi-Fi;Wi-Fi;2,4/5 GHz;wlan0;-31.0;;;;-31.0;7.943282347242822e-07;0.1;7.943282347242822e-08;4.324217800266062e-05;;;;ROUGE;False
1787669597.867224;59.72085834899917;BLE Sniffer;Appareil BLE;2,4 GHz BLE;7f:c4:af:1a:e1:07;-68.0;;;;-68.0;1.584893192461111e-10;0.00028;4.43770093889111e-14;1.3127752967482796e-11;25;0x00;37;ORANGE;False
1787669597.8673172;59.72094862599988;BLE Sniffer;iBeacon;2,4 GHz BLE;64:d1:2e:b5:04:2d;-62.0;;;;-62.0;6.309573444801942e-10;0.000368;2.321923027687115e-13;6.470986704004385e-11;36;0x00;38;ORANGE;False
1787669597.8673577;59.72098903299957;BLE Sniffer;iBeacon;2,4 GHz BLE;64:d1:2e:b5:04:2d;-68.0;;;;-68.0;1.584893192461111e-10;0.000368;5.832406948256888e-14;6.476819110952641e-11;36;0x00;39;ORANGE;False
1787669597.8861668;59.739656500998535;Simulation RF;Détection RF large bande;868 MHz;868 MHz;;2664;2.1464579589167605;-41.85831835667041;-74.85831835667041;3.26714315610542e-11;0.1;3.26714315610542e-12;8.192863050683542e-09;;;;VERT;True
1787669597.886315;59.739656500998535;Simulation RF;Détection RF large bande;2,45 GHz;2,45 GHz;;2777;2.237513856763051;-45.50055427052203;-62.200554270522034;6.024826890105205e-10;0.1;6.024826890105205e-11;2.1838480721264897e-08;;;;ORANGE;True
1787669597.8949127;59.74854562099972;Wi-Fi;Wi-Fi;2,4/5 GHz;wlan0;-31.0;;;;-31.0;7.943282347242822e-07;0.1;7.943282347242822e-08;4.332161082613305e-05;;;;ROUGE;False
1787669597.9862528;59.8397391999988;Simulation RF;Détection RF large bande;868 MHz;868 MHz;;2710;2.1840643966341022;-43.36257586536408;-76.36257586536408;2.3106938766499274e-11;0.1;2.3106938766499276e-12;8.195173744560192e-09;;;;VERT;True
1787669597.9864109;59.8397391999988;Simulation RF;Détection RF large bande;2,45 GHz;2,45 GHz;;2791;2.2492386758957807;-45.969547035831226;-62.66954703583122;5.408107259432397e-10;0.1;5.408107259432397e-11;2.1892561793859222e-08;;;;ORANGE;True
1787669597.9948792;59.84851222999896;Wi-Fi;Wi-Fi;2,4/5 GHz;wlan0;-31.0;;;;-31.0;7.943282347242822e-07;0.1;7.943282347242822e-08;4.3401043649605476e-05;;;;ROUGE;False
1787669598.0934477;59.947081081998476;Simulation LoRa;LoRa;868 MHz;LoRa 868.100 MHz;-91.34872733764882;;;;-91.34872733764882;7.330393124870945e-13;0.046335999999999995;3.3966109583402006e-14;5.542937323631869e-12;13;"SNR=6.39;SF=7;BW=125.0;CR=4/5;F=868.100;CRC=OK;PAYLOAD=54454d504f5f4c4f52415f3539";7;VERT;True
1787669598.0935445;59.947175950999736;BLE Sniffer;Appareil BLE;2,4 GHz BLE;7f:c4:af:1a:e1:07;-68.0;;;;-68.0;1.584893192461111e-10;0.00028;4.43770093889111e-14;1.3172129976871707e-11;25;0x00;37;ORANGE;False
1787669598.1002367;59.93982045499979;Simulation RF;Détection RF large bande;868 MHz;868 MHz;;2736;2.204993179071101;-44.19972716284404;-77.19972716284404;1.9055804286285502e-11;0.1;1.9055804286285504e-12;8.197079324988821e-09;;;;VERT;True
1787669598.1004243;59.93982045499979;Simulation RF;Détection RF large bande;2,45 GHz;2,45 GHz;;2730;2.1997404431760534;-43.98961772704213;-60.689617727042126;8.531752085607226e-10;0.1;8.531752085607226e-11;2.1977879314715295e-08;;;;ORANGE;True
1787669598.1088133;59.96244613899944;Wi-Fi;Wi-Fi;2,4/5 GHz;wlan0;-31.0;;;;-31.0;7.943282347242822e-07;0.1;7.943282347242822e-08;4.34804764730779e-05;;;;ROUGE;False
1787669598.186771;60.039944522999576;Simulation RF;Détection RF large bande;868 MHz;868 MHz;;2745;2.212036569780295;-44.48146279121178;-77.48146279121178;1.785885951211012e-11;0.1;1.785885951211012e-12;8.198865210940032e-09;;;;VERT;True
1787669598.1871238;60.039944522999576;Simulation RF;Détection RF large bande;2,45 GHz;2,45 GHz;;2770;2.232487420264152;-45.29949681056607;-61.999496810566065;6.310304537357314e-10;0.1;6.310304537357314e-11;2.204098236008887e-08;;;;ORANGE;True
1787669598.197271;60.050903740999274;Wi-Fi;Wi-Fi;2,4/5 GHz;wlan0;-31.0;;;;-31.0;7.943282347242822e-07;0.1;7.943282347242822e-08;4.355990929655033e-05;;;;ROUGE;False
1787669598.209905;60.063538655998855;BLE Sniffer;iBeacon;2,4 GHz BLE;64:d1:2e:b5:04:2d;-63.0;;;;-63.0;5.011872336272714e-10;0.000368;1.8443690197483588e-13;6.495262801150125e-11;36;0x00;38;ORANGE;False
1787669598.2099974;60.06362895099846;BLE Sniffer;iBeacon;2,4 GHz BLE;64:d1:2e:b5:04:2d;-68.0;;;;-68.0;1.584893192461111e-10;0.000368;5.832406948256888e-14;6.501095208098381e-11;36;0x00;39;ORANGE;False
1787669598.2865617;60.14002737099872;Simulation RF;Détection RF large bande;868 MHz;868 MHz;;2623;2.114146888059816;-40.565875522392645;-73.56587552239264;4.3995924465965757e-11;0.1;4.399592446596576e-12;8.203264803386629e-09;;;;VERT;True
1787669598.2867138;60.14002737099872;Simulation RF;Détection RF large bande;2,45 GHz;2,45 GHz;;2738;2.206735499938025;-44.269419997520984;-60.96941999752099;7.999410804098006e-10;0.1;7.999410804098006e-11;2.212097646812985e-08;;;;ORANGE;True
1787669598.294828;60.14846053600013;Wi-Fi;Wi-Fi;2,4/5 GHz;wlan0;-31.0;;;;-31.0;7.943282347242822e-07;0.1;7.943282347242822e-08;4.3639342120022755e-05;;;;ROUGE;False
1787669598.3883295;60.24010427399844;Simulation RF;Détection RF large bande;868 MHz;868 MHz;;2683;2.162232056223573;-42.489282248942914;-75.48928224894291;2.8253468765752e-11;0.1;2.8253468765752004e-12;8.206090150263205e-09;;;;VERT;True
1787669598.3990748;60.24010427399844;Simulation RF;Détection RF large bande;2,45 GHz;2,45 GHz;;2691;2.1688504336855003;-42.75401734742002;-59.45401734742002;1.1339613838533847e-09;0.1;1.1339613838533848e-10;2.2234372606515188e-08;;;;ORANGE;True
1787669598.4110377;60.26467124299961;Wi-Fi;Wi-Fi;2,4/5 GHz;wlan0;-32.0;;;;-32.0;6.30957344480193e-07;0.1;6.30957344480193e-08;4.3702437854470776e-05;;;;ROUGE;False
1787669598.4347842;60.288418020998506;BLE Sniffer;Appareil BLE;2,4 GHz BLE;7f:c4:af:1a:e1:07;-68.0;;;;-68.0;1.584893192461111e-10;0.00028;4.43770093889111e-14;1.3216506986260618e-11;25;0x00;37;ORANGE;False
1787669598.4348638;60.288495482000144;BLE Sniffer;Appareil BLE;2,4 GHz BLE;7f:c4:af:1a:e1:07;-73.0;;;;-73.0;5.011872336272715e-11;0.000296;1.4835142115367235e-14;1.3231342128375985e-11;27;0x00;38;VERT;False
1787669598.4401364;60.29376978899927;BLE Sniffer;Appareil BLE;2,4 GHz BLE;7f:c4:af:1a:e1:07;-69.0;;;;-69.0;1.2589254117941662e-10;0.00028;3.524991153023665e-14;1.3266592039906222e-11;25;0x00;39;ORANGE;False
1787669598.4402301;60.29386156500004;BLE Sniffer;iBeacon;2,4 GHz BLE;64:d1:2e:b5:04:2d;-63.0;;;;-63.0;5.011872336272714e-10;0.000368;1.8443690197483588e-13;6.519538898295864e-11;36;0x00;37;ORANGE;False
1787669598.440271;60.29390239799977;BLE Sniffer;iBeacon;2,4 GHz BLE;64:d1:2e:b5:04:2d;-62.0;;;;-62.0;6.309573444801942e-10;0.000368;2.321923027687115e-13;6.542758128572736e-11;36;0x00;38;ORANGE;False
1787669598.4403088;60.29394021199914;BLE Sniffer;iBeacon;2,4 GHz BLE;64:d1:2e:b5:04:2d;-68.0;;;;-68.0;1.584893192461111e-10;0.000368;5.832406948256888e-14;6.548590535520992e-11;36;0x00;39;ORANGE;False
1787669598.4867048;60.3401879539997;Simulation RF;Détection RF large bande;868 MHz;868 MHz;;2739;2.207137992652432;-44.285519706097276;-77.28551970609728;1.868306089758057e-11;0.1;1.868306089758057e-12;8.207958456352963e-09;;;;VERT;True
1787669598.486852;60.3401879539997;Simulation RF;Détection RF large bande;2,45 GHz;2,45 GHz;;2728;2.1980355013013995;-43.92142005205598;-60.62142005205598;8.666784437114566e-10;0.1;8.666784437114566e-11;2.2321040450886333e-08;;;;ORANGE;True
1787669598.4948504;60.34848265799883;Wi-Fi;Wi-Fi;2,4/5 GHz;wlan0;-32.0;;;;-32.0;6.30957344480193e-07;0.1;6.30957344480193e-08;4.3765533588918796e-05;;;;ROUGE;False
1787669598.5867946;60.44027122799889;Simulation RF;Détection RF large bande;868 MHz;868 MHz;;2733;2.202414508696915;-44.096580347876596;-77.0965803478766;1.951380519811214e-11;0.1;1.951380519811214e-12;8.209909836872773e-09;;;;VERT;True
1787669598.5869522;60.44027122799889;Simulation RF;Détection RF large bande;2,45 GHz;2,45 GHz;;2733;2.202059682517972;-44.08238730071888;-60.782387300718874;8.351438165621575e-10;0.1;8.351438165621575e-11;2.2404554832542547e-08;;;;ORANGE;True
1787669598.6023386;60.45597174199975;Wi-Fi;Wi-Fi;2,4/5 GHz;wlan0;-32.0;;;;-32.0;6.30957344480193e-07;0.1;6.30957344480193e-08;4.382862932336682e-05;;;;ROUGE;False
1787669598.6785796;60.53221325699997;BLE Sniffer;Appareil BLE;2,4 GHz BLE;7f:c4:af:1a:e1:07;-68.0;;;;-68.0;1.584893192461111e-10;0.00028;4.43770093889111e-14;1.3310969049295133e-11;25;0x00;37;ORANGE;False
1787669598.6786747;60.53230649699981;BLE Sniffer;Appareil BLE;2,4 GHz BLE;7f:c4:af:1a:e1:07;-73.0;;;;-73.0;5.011872336272715e-11;0.00028;1.40332425415636e-14;1.3325002291836696e-11;25;0x00;38;VERT;False
1787669598.6787174;60.53234892199907;BLE Sniffer;Appareil BLE;2,4 GHz BLE;7f:c4:af:1a:e1:07;-68.0;;;;-68.0;1.584893192461111e-10;0.00028;4.43770093889111e-14;1.3369379301225607e-11;25;0x00;39;ORANGE;False
1787669598.688461;60.541137117999824;Simulation RF;Détection RF large bande;868 MHz;868 MHz;;2742;2.20930706030267;-44.372282412106784;-77.37228241210678;1.8313517120333712e-11;0.1;1.8313517120333712e-12;8.211741188584806e-09;;;;VERT;True
1787669598.6886091;60.541137117999824;Simulation RF;Détection RF large bande;2,45 GHz;2,45 GHz;;2811;2.265358552190676;-46.61434208762702;-63.31434208762702;4.661930462011037e-10;0.1;4.661930462011037e-11;2.245117413716266e-08;;;;ORANGE;True
1787669598.6980486;60.551682286999494;Wi-Fi;Wi-Fi;2,4/5 GHz;wlan0;-32.0;;;;-32.0;6.30957344480193e-07;0.1;6.30957344480193e-08;4.389172505781484e-05;;;;ROUGE;False
1787669598.7877576;60.64121320599952;Simulation RF;Détection RF large bande;868 MHz;868 MHz;;2770;2.2321897738912857;-45.287590955651424;-78.28759095565142;1.4833406704409914e-11;0.1;1.4833406704409914e-12;8.213224529255247e-09;;;;VERT;True
1787669598.7879;60.64121320599952;Simulation RF;Détection RF large bande;2,45 GHz;2,45 GHz;;2748;2.214263219355832;-44.57052877423328;-61.270528774233284;7.46357880248162e-10;0.1;7.46357880248162e-11;2.2525809925187474e-08;;;;ORANGE;True
1787669598.7974799;60.65111331099979;BLE Sniffer;iBeacon;2,4 GHz BLE;64:d1:2e:b5:04:2d;-63.0;;;;-63.0;5.011872336272714e-10;0.000368;1.8443690197483588e-13;6.567034225718476e-11;36;0x00;37;ORANGE;False
1787669598.7975688;60.65120018000016;BLE Sniffer;iBeacon;2,4 GHz BLE;64:d1:2e:b5:04:2d;-63.0;;;;-63.0;5.011872336272714e-10;0.000368;1.8443690197483588e-13;6.585477915915959e-11;36;0x00;38;ORANGE;False
1787669598.7976096;60.651240975999826;BLE Sniffer;iBeacon;2,4 GHz BLE;64:d1:2e:b5:04:2d;-68.0;;;;-68.0;1.584893192461111e-10;0.000368;5.832406948256888e-14;6.591310322864215e-11;36;0x00;39;ORANGE;False
1787669598.8129592;60.66659277399958;Wi-Fi;Wi-Fi;2,4/5 GHz;wlan0;-32.0;;;;-32.0;6.30957344480193e-07;0.1;6.30957344480193e-08;4.395482079226286e-05;;;;ROUGE;False
1787669598.8878565;60.7413022389992;Simulation RF;Détection RF large bande;868 MHz;868 MHz;;2694;2.170620588933566;-42.82482355734264;-75.82482355734264;2.6152766979330055e-11;0.1;2.6152766979330056e-12;8.21583980595318e-09;;;;VERT;True
1787669598.8880122;60.7413022389992;Simulation RF;Détection RF large bande;2,45 GHz;2,45 GHz;;2726;2.1965722022858984;-43.862888091435934;-60.56288809143593;8.784381544755925e-10;0.1;8.784381544755926e-11;2.2613653740635033e-08;;;;ORANGE;True
1787669598.896382;60.75001493599848;Wi-Fi;Wi-Fi;2,4/5 GHz;wlan0;-32.0;;;;-32.0;6.30957344480193e-07;0.1;6.30957344480193e-08;4.401791652671088e-05;;;;ROUGE;False
1787669598.923877;60.77751113699924;BLE Sniffer;Appareil BLE;2,4 GHz BLE;7f:c4:af:1a:e1:07;-68.0;;;;-68.0;1.584893192461111e-10;0.00028;4.43770093889111e-14;1.3413756310614518e-11;25;0x00;37;ORANGE;False
1787669598.9879217;60.84137880799972;Simulation RF;Détection RF large bande;868 MHz;868 MHz;;2708;2.1819145338251884;-43.27658135300753;-76.27658135300753;2.3569038439040792e-11;0.1;2.3569038439040795e-12;8.218196709797084e-09;;;;VERT;True
1787669598.988057;60.84137880799972;Simulation RF;Détection RF large bande;2,45 GHz;2,45 GHz;;2760;2.2238807397264746;-44.95522958905897;-61.655229589058976;6.830886056586976e-10;0.1;6.830886056586977e-11;2.2681962601200903e-08;;;;ORANGE;True
1787669598.9964252;60.8500578209987;Wi-Fi;Wi-Fi;2,4/5 GHz;wlan0;-32.0;;;;-32.0;6.30957344480193e-07;0.1;6.30957344480193e-08;4.40810122611589e-05;;;;ROUGE;False
1787669599.0401294;60.89376260300014;BLE Sniffer;iBeacon;2,4 GHz BLE;64:d1:2e:b5:04:2d;-63.0;;;;-63.0;5.011872336272714e-10;0.000368;1.8443690197483588e-13;6.609754013061699e-11;36;0x00;38;ORANGE;False
1787669599.048243;60.901877364998654;BLE Sniffer;iBeacon;2,4 GHz BLE;64:d1:2e:b5:04:2d;-68.0;;;;-68.0;1.584893192461111e-10;0.000368;5.832406948256888e-14;6.615586420009955e-11;36;0x00;39;ORANGE;False
1787669599.0512455;60.90487881899935;Simulation LoRa;LoRa;868 MHz;LoRa 868.100 MHz;-88.03509397380442;;;;-88.03509397380442;1.5721377737562208e-12;0.046335999999999995;7.284657588476823e-14;5.615783899516637e-12;13;"SNR=7.23;SF=7;BW=125.0;CR=4/5;F=868.100;CRC=OK;PAYLOAD=54454d504f5f4c4f52415f3630";7;VERT;True
1787669599.0880835;60.94146384099986;Simulation RF;Détection RF large bande;868 MHz;868 MHz;;2732;2.2016376831773483;-44.065507327093925;-77.06550732709393;1.9653923771463983e-11;0.1;1.9653923771463985e-12;8.22016210217423e-09;;;;VERT;True
1787669599.0882547;60.94146384099986;Simulation RF;Détection RF large bande;2,45 GHz;2,45 GHz;;2746;2.212817711289775;-44.512708451590996;-61.21270845159099;7.563610478550529e-10;0.1;7.56361047855053e-11;2.275759870598641e-08;;;;ORANGE;True
1787669599.0968297;60.95046229299987;Wi-Fi;Wi-Fi;2,4/5 GHz;wlan0;-32.0;;;;-32.0;6.30957344480193e-07;0.1;6.30957344480193e-08;4.414410799560692e-05;;;;ROUGE;False
1787669599.1880794;61.041544558998794;Simulation RF;Détection RF large bande;868 MHz;868 MHz;;2690;2.167500168884958;-42.70000675539832;-75.70000675539832;2.6915306172802234e-11;0.1;2.6915306172802237e-12;8.22285363279151e-09;;;;VERT;True
1787669599.1882193;61.041544558998794;Simulation RF;Détection RF large bande;2,45 GHz;2,45 GHz;;2756;2.2205931265200753;-44.823725060803014;-61.52372506080302;7.0408889387781e-10;0.1;7.040888938778101e-11;2.282800759537419e-08;;;;ORANGE;True
1787669599.1967173;61.05034955100018;Wi-Fi;Wi-Fi;2,4/5 GHz;wlan0;-32.0;;;;-32.0;6.30957344480193e-07;0.1;6.30957344480193e-08;4.420720373005494e-05;;;;ROUGE;False
1787669599.2675767;61.12121240999841;BLE Sniffer;Appareil BLE;2,4 GHz BLE;7f:c4:af:1a:e1:07;-68.0;;;;-68.0;1.584893192461111e-10;0.00028;4.43770093889111e-14;1.3458133320003429e-11;25;0x00;37;ORANGE;False
1787669599.2787685;61.13240260599923;BLE Sniffer;Appareil BLE;2,4 GHz BLE;7f:c5:af:1a:e1:07;-72.0;;;;-72.0;6.309573444801942e-11;0.00028;1.7666805645445437e-14;1.7666805645445437e-14;25;0x00;38;VERT;False
1787669599.2788622;61.13249375199848;BLE Sniffer;Appareil BLE;2,4 GHz BLE;7f:c4:af:1a:e1:07;-69.0;;;;-69.0;1.2589254117941662e-10;0.00028;3.524991153023665e-14;1.3493383231533666e-11;25;0x00;39;ORANGE;False
1787669599.2878847;61.14151844499975;BLE Sniffer;iBeacon;2,4 GHz BLE;64:d1:2e:b5:04:2d;-63.0;;;;-63.0;5.011872336272714e-10;0.000368;1.8443690197483588e-13;6.634030110207438e-11;36;0x00;37;ORANGE;False
1787669599.2920132;61.14186484699894;Simulation RF;Détection RF large bande;868 MHz;868 MHz;;2738;2.2063472333708787;-44.25388933483514;-77.25388933483514;1.8819629380803466e-11;0.1;1.8819629380803466e-12;8.224735595729592e-09;;;;VERT;True
1787669599.2921913;61.14186484699894;Simulation RF;Détection RF large bande;2,45 GHz;2,45 GHz;;2697;2.173777708466759;-42.95110833867035;-59.65110833867035;1.083650326387284e-09;0.1;1.0836503263872841e-10;2.293637262801292e-08;;;;ORANGE;True
1787669599.3007984;61.154431224998916;Wi-Fi;Wi-Fi;2,4/5 GHz;wlan0;-32.0;;;;-32.0;6.30957344480193e-07;0.1;6.30957344480193e-08;4.427029946450296e-05;;;;ROUGE;False
1787669599.3885076;61.24194969400014;Simulation RF;Détection RF large bande;868 MHz;868 MHz;;2704;2.179207795949693;-43.168311837987716;-76.16831183798772;2.4163999395964663e-11;0.1;2.4163999395964663e-12;8.227151995669189e-09;;;;VERT;True
1787669599.38866;61.24194969400014;Simulation RF;Détection RF large bande;2,45 GHz;2,45 GHz;;2740;2.2078536198653613;-44.31414479461445;-61.01414479461445;7.917453484362663e-10;0.1;7.917453484362663e-11;2.3015547162856547e-08;;;;ORANGE;True
1787669599.4005044;61.25413917100013;BLE Sniffer;iBeacon;2,4 GHz BLE;64:d1:2e:b5:04:2d;-62.0;;;;-62.0;6.309573444801942e-10;0.000368;2.321923027687115e-13;6.65724934048431e-11;36;0x00;38;ORANGE;False
1787669599.4005997;61.254231318000166;BLE Sniffer;iBeacon;2,4 GHz BLE;64:d1:2e:b5:04:2d;-68.0;;;;-68.0;1.584893192461111e-10;0.000368;5.832406948256888e-14;6.663081747432566e-11;36;0x00;39;ORANGE;False
1787669599.413174;61.26680801099974;Wi-Fi;Wi-Fi;2,4/5 GHz;wlan0;-32.0;;;;-32.0;6.30957344480193e-07;0.1;6.30957344480193e-08;4.433339519895098e-05;;;;ROUGE;False
1787669599.4887497;61.34202017200005;Simulation RF;Détection RF large bande;868 MHz;868 MHz;;2725;2.1960890178804564;-43.843560715218246;-76.84356071521825;2.068444766592602e-11;0.1;2.068444766592602e-12;8.22922044043578e-09;;;;VERT;True
1787669599.4890575;61.34202017200005;Simulation RF;Détection RF large bande;2,45 GHz;2,45 GHz;;2744;2.210950106809985;-44.4380042723994;-61.13800427239939;7.69483962528347e-10;0.1;7.69483962528347e-11;2.309249555910938e-08;;;;ORANGE;True
1787669599.4984488;61.35208158899877;Wi-Fi;Wi-Fi;2,4/5 GHz;wlan0;-32.0;;;;-32.0;6.30957344480193e-07;0.1;6.30957344480193e-08;4.4396490933399e-05;;;;ROUGE;False
1787669599.515427;61.36906054599967;BLE Sniffer;Appareil BLE;2,4 GHz BLE;7f:c4:af:1a:e1:07;-70.0;;;;-70.0;1e-10;0.00028;2.7999999999999997e-14;1.3521383231533666e-11;25;0x00;37;ORANGE;False
1787669599.5886436;61.44209742699968;Simulation RF;Détection RF large bande;868 MHz;868 MHz;;2780;2.2403300858287993;-45.613203433151966;-78.61320343315197;1.3761939893188678e-11;0.1;1.3761939893188679e-12;8.2305966344251e-09;;;;VERT;True
1787669599.5888283;61.44209742699968;Simulation RF;Détection RF large bande;2,45 GHz;2,45 GHz;;2782;2.2422632154190856;-45.690528616763416;-62.39052861676342;5.766962645112376e-10;0.1;5.766962645112376e-11;2.3150165185560505e-08;;;;ORANGE;True
1787669599.5971909;61.45082358699983;Wi-Fi;Wi-Fi;2,4/5 GHz;wlan0;-32.0;;;;-32.0;6.30957344480193e-07;0.1;6.30957344480193e-08;4.445958666784702e-05;;;;ROUGE;False
1787669599.6283057;61.481938267999794;BLE Sniffer;iBeacon;2,4 GHz BLE;64:d1:2e:b5:04:2d;-63.0;;;;-63.0;5.011872336272714e-10;0.000368;1.8443690197483588e-13;6.68152543763005e-11;36;0x00;38;ORANGE;False
1787669599.6284072;61.48203874799947;BLE Sniffer;iBeacon;2,4 GHz BLE;64:d1:2e:b5:04:2d;-68.0;;;;-68.0;1.584893192461111e-10;0.000368;5.832406948256888e-14;6.687357844578306e-11;36;0x00;39;ORANGE;False
1787669599.6912718;61.54217721799978;Simulation RF;Détection RF large bande;868 MHz;868 MHz;;2700;2.1755289377603426;-43.0211575104137;-76.0211575104137;2.4996790418923753e-11;0.1;2.4996790418923755e-12;8.233096313466993e-09;;;;VERT;True
1787669599.6917493;61.54217721799978;Simulation RF;Détection RF large bande;2,45 GHz;2,45 GHz;;2764;2.227210678235191;-45.088427129407634;-61.78842712940763;6.624563799939221e-10;0.1;6.624563799939221e-11;2.3216410823559897e-08;;;;ORANGE;True
1787669599.7013767;61.555009629999404;Wi-Fi;Wi-Fi;2,4/5 GHz;wlan0;-32.0;;;;-32.0;6.30957344480193e-07;0.1;6.30957344480193e-08;4.452268240229504e-05;;;;ROUGE;False
1787669599.7514;61.60503416499887;BLE Sniffer;Appareil BLE;2,4 GHz BLE;7f:c4:af:1a:e1:07;-68.0;;;;-68.0;1.584893192461111e-10;0.00028;4.43770093889111e-14;1.3565760240922576e-11;25;0x00;37;ORANGE;False
1787669599.788769;61.64225651000015;Simulation RF;Détection RF large bande;868 MHz;868 MHz;;2697;2.1734248579427207;-42.93699431770882;-75.93699431770882;2.5485934829407954e-11;0.1;2.5485934829407955e-12;8.235644906949933e-09;;;;VERT;True
1787669599.788918;61.64225651000015;Simulation RF;Détection RF large bande;2,45 GHz;2,45 GHz;;2749;2.215524769132335;-44.6209907652934;-61.3209907652934;7.377359096587033e-10;0.1;7.377359096587033e-11;2.3290184414525766e-08;;;;ORANGE;True
1787669599.7993493;61.65298208399872;Wi-Fi;Wi-Fi;2,4/5 GHz;wlan0;-32.0;;;;-32.0;6.30957344480193e-07;0.1;6.30957344480193e-08;4.4585778136743063e-05;;;;ROUGE;False
1787669599.8946252;61.742426189999605;Simulation RF;Détection RF large bande;868 MHz;868 MHz;;2711;2.184986147791581;-43.399445911663236;-76.39944591166324;2.2911599484513412e-11;0.1;2.2911599484513415e-12;8.237936066898384e-09;;;;VERT;True
1787669599.8949196;61.742426189999605;Simulation RF;Détection RF large bande;2,45 GHz;2,45 GHz;;2693;2.1703300240950454;-42.81320096380182;-59.51320096380182;1.1186131067107787e-09;0.1;1.1186131067107787e-10;2.3402045725196844e-08;;;;ORANGE;True
1787669599.9029102;61.756543321998834;Wi-Fi;Wi-Fi;2,4/5 GHz;wlan0;-32.0;;;;-32.0;6.30957344480193e-07;0.1;6.30957344480193e-08;4.4648873871191084e-05;;;;ROUGE;False
1787669599.9890347;61.84250603699911;Simulation RF;Détection RF large bande;868 MHz;868 MHz;;2686;2.164907542847405;-42.59630171389621;-75.59630171389621;2.7565750983233722e-11;0.1;2.7565750983233723e-12;8.240692641996708e-09;;;;VERT;True
1787669599.9892752;61.84250603699911;Simulation RF;Détection RF large bande;2,45 GHz;2,45 GHz;;2758;2.22241228113568;-44.896491245427185;-61.59649124542719;6.923901412624866e-10;0.1;6.923901412624866e-11;2.3471284739323093e-08;;;;ORANGE;True
1787669599.9978983;61.85153093400004;Wi-Fi;Wi-Fi;2,4/5 GHz;wlan0;-32.0;;;;-32.0;6.30957344480193e-07;0.1;6.30957344480193e-08;4.4711969605639105e-05;;;;ROUGE;False
1787669600.0793266;61.93296055300016;BLE Sniffer;Appareil BLE;2,4 GHz BLE;7f:c4:af:1a:e1:07;-73.0;;;;-73.0;5.011872336272715e-11;0.00028;1.40332425415636e-14;1.357979348346414e-11;25;0x00;38;VERT;False
1787669600.082346;61.935980876998656;BLE Sniffer;Appareil BLE;2,4 GHz BLE;7f:c4:af:1a:e1:07;-70.0;;;;-70.0;1e-10;0.00028;2.7999999999999997e-14;1.3607793483464139e-11;25;0x00;39;ORANGE;False
1787669600.082489;61.93612065199886;Simulation LoRa;LoRa;868 MHz;LoRa 868.100 MHz;-87.86104602738006;;;;-87.86104602738006;1.6364223306670622e-12;0.046335999999999995;7.582526511378899e-14;5.691609164630426e-12;13;"SNR=5.52;SF=7;BW=125.0;CR=4/5;F=868.100;CRC=OK;PAYLOAD=54454d504f5f4c4f52415f3631";7;VERT;True
1787669600.0922444;61.94261577299949;Simulation RF;Détection RF large bande;868 MHz;868 MHz;;2702;2.1778225294496636;-43.112901177986544;-76.11290117798654;2.4474277626966826e-11;0.1;2.447427762696683e-12;8.243140069759405e-09;;;;VERT;True
1787669600.0924275;61.94261577299949;Simulation RF;Détection RF large bande;2,45 GHz;2,45 GHz;;2721;2.1923960081300113;-43.69584032520045;-60.395840325200446;9.128847822754151e-10;0.1;9.128847822754152e-11;2.3562573217550635e-08;;;;ORANGE;True
1787669600.1102047;61.96383755399984;Wi-Fi;Wi-Fi;2,4/5 GHz;wlan0;-32.0;;;;-32.0;6.30957344480193e-07;0.1;6.30957344480193e-08;4.4775065340087125e-05;;;;ROUGE;False
1787669600.18926;62.04269602800014;Simulation RF;Détection RF large bande;868 MHz;868 MHz;;2733;2.2023600264410876;-44.094401057643495;-77.0944010576435;1.9523599685142002e-11;0.1;1.9523599685142004e-12;8.245092429727918e-09;;;;VERT;True
1787669600.189422;62.04269602800014;Simulation RF;Détection RF large bande;2,45 GHz;2,45 GHz;;2765;2.227805971459757;-45.112238858390285;-61.81223885839028;6.588341680006581e-10;0.1;6.588341680006582e-11;2.36284566343507e-08;;;;ORANGE;True
1787669600.2008445;62.05447943699983;BLE Sniffer;iBeacon;2,4 GHz BLE;64:d1:2e:b5:04:2d;-63.0;;;;-63.0;5.011872336272714e-10;0.000368;1.8443690197483588e-13;6.705801534775789e-11;36;0x00;37;ORANGE;False
1787669600.20094;62.05457119499988;BLE Sniffer;iBeacon;2,4 GHz BLE;64:d1:2e:b5:04:2d;-63.0;;;;-63.0;5.011872336272714e-10;0.000368;1.8443690197483588e-13;6.724245224973273e-11;36;0x00;38;ORANGE;False
1787669600.2068093;62.06044280700007;BLE Sniffer;iBeacon;2,4 GHz BLE;64:d1:2e:b5:04:2d;-68.0;;;;-68.0;1.584893192461111e-10;0.000368;5.832406948256888e-14;6.730077631921529e-11;36;0x00;39;ORANGE;False
1787669600.2169003;62.0705342429992;Wi-Fi;Wi-Fi;2,4/5 GHz;wlan0;-32.0;;;;-32.0;6.30957344480193e-07;0.1;6.30957344480193e-08;4.4838161074535146e-05;;;;ROUGE;False
1787669600.2893176;62.14277496899922;Simulation RF;Détection RF large bande;868 MHz;868 MHz;;2717;2.189140362976141;-43.565614519045624;-76.56561451904562;2.2051520891780206e-11;0.1;2.205152089178021e-12;8.247297581817096e-09;;;;VERT;True
1787669600.2894676;62.14277496899922;Simulation RF;Détection RF large bande;2,45 GHz;2,45 GHz;;2703;2.177944527595956;-43.11778110383824;-59.81778110383824;1.0428501059909834e-09;0.1;1.0428501059909834e-10;2.37327416449498e-08;;;;ORANGE;True
1787669600.297799;62.15143203699881;Wi-Fi;Wi-Fi;2,4/5 GHz;wlan0;-33.0;;;;-33.0;5.011872336272725e-07;0.1;5.011872336272725e-08;4.488827979789787e-05;;;;ROUGE;False
1787669600.3266182;62.18025229199884;BLE Sniffer;Appareil BLE;2,4 GHz BLE;7f:c4:af:1a:e1:07;-69.0;;;;-69.0;1.2589254117941662e-10;0.00028;3.524991153023665e-14;1.3643043394994376e-11;25;0x00;37;ORANGE;False
1787669600.3358266;62.18946079599846;BLE Sniffer;Appareil BLE;2,4 GHz BLE;7f:c4:af:1a:e1:07;-72.0;;;;-72.0;6.309573444801942e-11;0.00028;1.7666805645445437e-14;1.3660710200639822e-11;25;0x00;38;VERT;False
1787669600.3388834;62.19251739699939;BLE Sniffer;Appareil BLE;2,4 GHz BLE;7f:c4:af:1a:e1:07;-70.0;;;;-70.0;1e-10;0.00028;2.7999999999999997e-14;1.3688710200639821e-11;25;0x00;39;ORANGE;False
1787669600.3894331;62.24286035299883;Simulation RF;Détection RF large bande;868 MHz;868 MHz;;2706;2.1803908672626275;-43.2156346905051;-76.2156346905051;2.390212597242961e-11;0.1;2.390212597242961e-12;8.24968779441434e-09;;;;VERT;True
1787669600.389601;62.24286035299883;Simulation RF;Détection RF large bande;2,45 GHz;2,45 GHz;;2756;2.2212673464748574;-44.85069385899429;-61.550693858994286;6.997301933211298e-10;0.1;6.997301933211299e-11;2.3802714664281913e-08;;;;ORANGE;True
1787669600.3980737;62.25170677099959;Wi-Fi;Wi-Fi;2,4/5 GHz;wlan0;-33.0;;;;-33.0;5.011872336272725e-07;0.1;5.011872336272725e-08;4.49383985212606e-05;;;;ROUGE;False
1787669600.4548707;62.308504199998424;BLE Sniffer;iBeacon;2,4 GHz BLE;64:d1:2e:b5:04:2d;-63.0;;;;-63.0;5.011872336272714e-10;0.000368;1.8443690197483588e-13;6.748521322119013e-11;36;0x00;37;ORANGE;False
1787669600.454961;62.30859284699909;BLE Sniffer;iBeacon;2,4 GHz BLE;64:d1:2e:b5:04:2d;-63.0;;;;-63.0;5.011872336272714e-10;0.000368;1.8443690197483588e-13;6.766965012316496e-11;36;0x00;38;ORANGE;False
1787669600.4894562;62.34293562699895;Simulation RF;Détection RF large bande;868 MHz;868 MHz;;2739;2.2068498407406527;-44.273993629626105;-77.2739936296261;1.873271117117706e-11;0.1;1.8732711171177063e-12;8.251561065531457e-09;;;;VERT;True
1787669600.4895892;62.34293562699895;Simulation RF;Détection RF large bande;2,45 GHz;2,45 GHz;;2755;2.219775188522931;-44.791007540917235;-61.49100754091724;7.094131686554324e-10;0.1;7.094131686554325e-11;2.3873655981147454e-08;;;;ORANGE;True
1787669600.4979913;62.35162406499876;Wi-Fi;Wi-Fi;2,4/5 GHz;wlan0;-33.0;;;;-33.0;5.011872336272725e-07;0.1;5.011872336272725e-08;4.498851724462332e-05;;;;ROUGE;False
1787669600.5620418;62.41567545599901;BLE Sniffer;iBeacon;2,4 GHz BLE;64:d1:2e:b5:04:2d;-68.0;;;;-68.0;1.584893192461111e-10;0.000368;5.832406948256888e-14;6.772797419264752e-11;36;0x00;39;ORANGE;False
1787669600.5706046;62.42423930399855;BLE Sniffer;Appareil BLE;2,4 GHz BLE;7f:c4:af:1a:e1:07;-69.0;;;;-69.0;1.2589254117941662e-10;0.00028;3.524991153023665e-14;1.3723960112170058e-11;25;0x00;37;ORANGE;False
1787669600.5707004;62.42433187699862;BLE Sniffer;Appareil BLE;2,4 GHz BLE;7f:c4:af:1a:e1:07;-73.0;;;;-73.0;5.011872336272715e-11;0.00028;1.40332425415636e-14;1.3737993354711622e-11;25;0x00;38;VERT;False
1787669600.589553;62.44301164099852;Simulation RF;Détection RF large bande;868 MHz;868 MHz;;2818;2.2710990228620767;-46.84396091448306;-79.84396091448306;1.0365825857328516e-11;0.1;1.0365825857328517e-12;8.25259764811719e-09;;;;VERT;True
1787669600.5896907;62.44301164099852;Simulation RF;Détection RF large bande;2,45 GHz;2,45 GHz;;2715;2.1878712521061017;-43.51485008424406;-60.214850084244055;9.51732700767226e-10;0.1;9.51732700767226e-11;2.3968829251224178e-08;;;;ORANGE;True
1787669600.59513;62.44876240299891;Wi-Fi;Wi-Fi;2,4/5 GHz;wlan0;-33.0;;;;-33.0;5.011872336272725e-07;0.1;5.011872336272725e-08;4.503863596798605e-05;;;;ROUGE;False
1787669600.6812613;62.53489413499847;BLE Sniffer;Appareil BLE;2,4 GHz BLE;7f:c4:af:1a:e1:07;-69.0;;;;-69.0;1.2589254117941662e-10;0.00028;3.524991153023665e-14;1.3773243266241859e-11;25;0x00;39;ORANGE;False
1787669600.6928654;62.54649887999949;BLE Sniffer;iBeacon;2,4 GHz BLE;64:d1:2e:b5:04:2d;-63.0;;;;-63.0;5.011872336272714e-10;0.000368;1.8443690197483588e-13;6.791241109462236e-11;36;0x00;37;ORANGE;False
1787669600.6974487;62.54370168300011;Simulation RF;Détection RF large bande;868 MHz;868 MHz;;2823;2.274623913687106;-46.98495654748423;-79.98495654748423;1.0034698891264414e-11;0.1;1.0034698891264414e-12;8.253601118006317e-09;;;;VERT;True
1787669600.697618;62.54370168300011;Simulation RF;Détection RF large bande;2,45 GHz;2,45 GHz;;2764;2.22769113032148;-45.1076452128592;-61.80764521285919;6.595314026881647e-10;0.1;6.595314026881646e-11;2.4034782391492993e-08;;;;ORANGE;True
1787669600.7070966;62.56072945399865;Wi-Fi;Wi-Fi;2,4/5 GHz;wlan0;-33.0;;;;-33.0;5.011872336272725e-07;0.1;5.011872336272725e-08;4.5088754691348775e-05;;;;ROUGE;False
1787669600.790352;62.64378743799898;Simulation RF;Détection RF large bande;868 MHz;868 MHz;;2738;2.20608471352625;-44.243388541049995;-77.24338854105;1.8865188364819782e-11;0.1;1.8865188364819782e-12;8.255487636842798e-09;;;;VERT;True
1787669600.7905107;62.64378743799898;Simulation RF;Détection RF large bande;2,45 GHz;2,45 GHz;;2809;2.2633337215351443;-46.53334886140577;-63.23334886140577;4.749688344082158e-10;0.1;4.7496883440821584e-11;2.4082279274933815e-08;;;;ORANGE;True
1787669600.8032596;62.656893770999886;BLE Sniffer;iBeacon;2,4 GHz BLE;64:d1:2e:b5:04:2d;-63.0;;;;-63.0;5.011872336272714e-10;0.000368;1.8443690197483588e-13;6.809684799659719e-11;36;0x00;38;ORANGE;False
1787669600.8063478;62.65998225899966;BLE Sniffer;iBeacon;2,4 GHz BLE;64:d1:2e:b5:04:2d;-68.0;;;;-68.0;1.584893192461111e-10;0.000368;5.832406948256888e-14;6.815517206607975e-11;36;0x00;39;ORANGE;False
1787669600.8196723;62.6733062179992;Wi-Fi;Wi-Fi;2,4/5 GHz;wlan0;-34.0;;;;-34.0;3.981071705534969e-07;0.1;3.9810717055349696e-08;4.512856540840412e-05;;;;ROUGE;False
1787669600.8904047;62.7438669889998;Simulation RF;Détection RF large bande;868 MHz;868 MHz;;2789;2.247256877969457;-45.89027511877828;-78.89027511877828;1.2911374794779473e-11;0.1;1.2911374794779473e-12;8.256778774322277e-09;;;;VERT;True
1787669600.8905487;62.7438669889998;Simulation RF;Détection RF large bande;2,45 GHz;2,45 GHz;;2783;2.242630151746921;-45.70520606987684;-62.40520606987684;5.747505466628752e-10;0.1;5.747505466628753e-11;2.41397543296001e-08;;;;ORANGE;True
1787669600.89939;62.75302256899886;Wi-Fi;Wi-Fi;2,4/5 GHz;wlan0;-33.0;;;;-33.0;5.011872336272725e-07;0.1;5.011872336272725e-08;4.517868413176685e-05;;;;ROUGE;False
1787669600.9219909;62.77562538299935;BLE Sniffer;Appareil BLE;2,4 GHz BLE;7f:c4:af:1a:e1:07;-68.0;;;;-68.0;1.584893192461111e-10;0.00028;4.43770093889111e-14;1.381762027563077e-11;25;0x00;37;ORANGE;False
1787669600.922085;62.77571673300008;BLE Sniffer;Appareil BLE;2,4 GHz BLE;7f:c4:af:1a:e1:07;-72.0;;;;-72.0;6.309573444801942e-11;0.00028;1.7666805645445437e-14;1.3835287081276215e-11;25;0x00;38;VERT;False
1787669600.9283304;62.781965616999514;BLE Sniffer;Appareil BLE;2,4 GHz BLE;7f:c4:af:1a:e1:07;-68.0;;;;-68.0;1.584893192461111e-10;0.00028;4.43770093889111e-14;1.3879664090665126e-11;25;0x00;39;ORANGE;False
1787669600.9904919;62.84394613299992;Simulation RF;Détection RF large bande;868 MHz;868 MHz;;2750;2.2159500789691187;-44.63800315876475;-77.63800315876475;1.722660454432718e-11;0.1;1.722660454432718e-12;8.258501434776709e-09;;;;VERT;True
1787669600.9906292;62.84394613299992;Simulation RF;Détection RF large bande;2,45 GHz;2,45 GHz;;2729;2.1992762948168414;-43.97105179267365;-60.671051792673644;8.568303093261801e-10;0.1;8.568303093261802e-11;2.422543736053272e-08;;;;ORANGE;True
1787669600.998889;62.8525215919999;Wi-Fi;Wi-Fi;2,4/5 GHz;wlan0;-34.0;;;;-34.0;3.981071705534969e-07;0.1;3.9810717055349696e-08;4.52184948488222e-05;;;;ROUGE;False
1787669601.041376;62.89500929999849;BLE Sniffer;iBeacon;2,4 GHz BLE;64:d1:2e:b5:04:2d;-63.0;;;;-63.0;5.011872336272714e-10;0.000368;1.8443690197483588e-13;6.833960896805459e-11;36;0x00;37;ORANGE;False
1787669601.0500882;62.903721978998874;BLE Sniffer;iBeacon;2,4 GHz BLE;64:d1:2e:b5:04:2d;-63.0;;;;-63.0;5.011872336272714e-10;0.000368;1.8443690197483588e-13;6.852404587002942e-11;36;0x00;38;ORANGE;False
1787669601.0532515;62.90688513399982;BLE Sniffer;iBeacon;2,4 GHz BLE;64:d1:2e:b5:04:2d;-68.0;;;;-68.0;1.584893192461111e-10;0.000368;5.832406948256888e-14;6.858236993951199e-11;36;0x00;39;ORANGE;False
1787669601.053392;62.90702350199899;Simulation LoRa;LoRa;868 MHz;LoRa 868.100 MHz;-85.42033760520418;;;;-85.42033760520418;2.870557426346875e-12;0.046335999999999995;1.3301014890720878e-13;5.8246193135376345e-12;13;"SNR=7.25;SF=7;BW=125.0;CR=4/5;F=868.100;CRC=OK;PAYLOAD=54454d504f5f4c4f52415f3632";7;VERT;True
1787669601.090549;62.944026776998726;Simulation RF;Détection RF large bande;868 MHz;868 MHz;;2713;2.1866650650704256;-43.46660260281702;-76.46660260281702;2.2560033474596493e-11;0.1;2.2560033474596496e-12;8.26075743812417e-09;;;;VERT;True
1787669601.0906947;62.944026776998726;Simulation RF;Détection RF large bande;2,45 GHz;2,45 GHz;;2770;2.2320298406069767;-45.28119362427907;-61.981193624279065;6.336955210829619e-10;0.1;6.336955210829619e-11;2.4288806912641013e-08;;;;ORANGE;True
1787669601.0988538;62.952486311998655;Wi-Fi;Wi-Fi;2,4/5 GHz;wlan0;-33.0;;;;-33.0;5.011872336272725e-07;0.1;5.011872336272725e-08;4.526861357218492e-05;;;;ROUGE;False
1787669601.1717908;63.0254251009992;BLE Sniffer;Appareil BLE;2,4 GHz BLE;7f:c4:af:1a:e1:07;-68.0;;;;-68.0;1.584893192461111e-10;0.00028;4.43770093889111e-14;1.3924041100054037e-11;25;0x00;37;ORANGE;False
1787669601.171885;63.02551663699887;BLE Sniffer;Appareil BLE;2,4 GHz BLE;7f:c4:af:1a:e1:07;-72.0;;;;-72.0;6.309573444801942e-11;0.00028;1.7666805645445437e-14;1.3941707905699482e-11;25;0x00;38;VERT;False
1787669601.1719263;63.0255577099997;BLE Sniffer;Appareil BLE;2,4 GHz BLE;7f:c4:af:1a:e1:07;-69.0;;;;-69.0;1.2589254117941662e-10;0.00028;3.524991153023665e-14;1.397695781722972e-11;25;0x00;39;ORANGE;False
1787669601.1962657;63.04419849399892;Simulation RF;Détection RF large bande;868 MHz;868 MHz;;2735;2.204397380917814;-44.17589523671255;-77.17589523671255;1.916066052079505e-11;0.1;1.916066052079505e-12;8.262673504176249e-09;;;;VERT;True
1787669601.1975915;63.04419849399892;Simulation RF;Détection RF large bande;2,45 GHz;2,45 GHz;;2753;2.2188059500651063;-44.752238002604244;-61.45223800260424;7.157744628751327e-10;0.1;7.157744628751327e-11;2.4360384358928528e-08;;;;ORANGE;True
1787669601.2056394;63.059272258999044;Wi-Fi;Wi-Fi;2,4/5 GHz;wlan0;-34.0;;;;-34.0;3.981071705534969e-07;0.1;3.9810717055349696e-08;4.530842428924027e-05;;;;ROUGE;False
1787669601.2906516;63.14428591499927;BLE Sniffer;iBeacon;2,4 GHz BLE;64:d1:2e:b5:04:2d;-63.0;;;;-63.0;5.011872336272714e-10;0.000368;1.8443690197483588e-13;6.876680684148682e-11;36;0x00;37;ORANGE;False
1787669601.2939305;63.14756454899907;BLE Sniffer;iBeacon;2,4 GHz BLE;64:d1:2e:b5:04:2d;-63.0;;;;-63.0;5.011872336272714e-10;0.000368;1.8443690197483588e-13;6.895124374346165e-11;36;0x00;38;ORANGE;False
1787669601.2981343;63.14433474799989;Simulation RF;Détection RF large bande;868 MHz;868 MHz;;2805;2.260837211900066;-46.43348847600264;-79.43348847600264;1.1393342482084282e-11;0.1;1.1393342482084284e-12;8.263812838424457e-09;;;;VERT;True
1787669601.2983184;63.14433474799989;Simulation RF;Détection RF large bande;2,45 GHz;2,45 GHz;;2720;2.1919899019113696;-43.679596076454786;-60.37959607645478;9.163057088513734e-10;0.1;9.163057088513735e-11;2.4452014929813666e-08;;;;ORANGE;True
1787669601.30679;63.16042227499929;Wi-Fi;Wi-Fi;2,4/5 GHz;wlan0;-33.0;;;;-33.0;5.011872336272725e-07;0.1;5.011872336272725e-08;4.5358543012603e-05;;;;ROUGE;False
1787669601.3909678;63.24441904000014;Simulation RF;Détection RF large bande;868 MHz;868 MHz;;2759;2.2237541331274833;-44.95016532509932;-77.95016532509932;1.6031843602902715e-11;0.1;1.6031843602902715e-12;8.265416022784748e-09;;;;VERT;True
1787669601.3911133;63.24441904000014;Simulation RF;Détection RF large bande;2,45 GHz;2,45 GHz;;2736;2.2047389311039614;-44.18955724415845;-60.889557244158446;8.147873459715866e-10;0.1;8.147873459715866e-11;2.4533493664410824e-08;;;;ORANGE;True
1787669601.4193895;63.2730235199997;BLE Sniffer;iBeacon;2,4 GHz BLE;64:d1:2e:b5:04:2d;-68.0;;;;-68.0;1.584893192461111e-10;0.000368;5.832406948256888e-14;6.900956781294422e-11;36;0x00;39;ORANGE;False
1787669601.4194887;63.273120370999095;BLE Sniffer;Appareil BLE;2,4 GHz BLE;7f:c4:af:1a:e1:07;-73.0;;;;-73.0;5.011872336272715e-11;0.00028;1.40332425415636e-14;1.3990991059771283e-11;25;0x00;37;VERT;False
1787669601.4108474;63.264480320000075;Wi-Fi;Wi-Fi;2,4/5 GHz;wlan0;-33.0;;;;-33.0;5.011872336272725e-07;0.1;5.011872336272725e-08;4.540866173596572e-05;;;;ROUGE;False
1787669601.4910727;63.344513775999076;Simulation RF;Détection RF large bande;868 MHz;868 MHz;;2819;2.271448677604101;-46.85794710416404;-79.85794710416404;1.0332497041052937e-11;0.1;1.0332497041052936e-12;8.266449272488853e-09;;;;VERT;True
1787669601.4912267;63.344513775999076;Simulation RF;Détection RF large bande;2,45 GHz;2,45 GHz;;2717;2.189807712185644;-43.592308487425754;-60.29230848742575;9.349085924386117e-10;0.1;9.349085924386118e-11;2.4626984523654685e-08;;;;ORANGE;True
1787669601.498875;63.35250772600011;Wi-Fi;Wi-Fi;2,4/5 GHz;wlan0;-32.0;;;;-32.0;6.30957344480193e-07;0.1;6.30957344480193e-08;4.547175747041374e-05;;;;ROUGE;False
1787669601.5911474;63.4445945869993;Simulation RF;Détection RF large bande;868 MHz;868 MHz;;2739;2.2068887206393693;-44.275548825574774;-77.27554882557477;1.8726004242553922e-11;0.1;1.8726004242553922e-12;8.268321872913109e-09;;;;VERT;True
1787669601.5912983;63.4445945869993;Simulation RF;Détection RF large bande;2,45 GHz;2,45 GHz;;2731;2.200450771246991;-44.01803084987965;-60.718030849879646;8.476116456494496e-10;0.1;8.476116456494497e-11;2.471174568821963e-08;;;;ORANGE;True
1787669601.5991843;63.452817217999836;Wi-Fi;Wi-Fi;2,4/5 GHz;wlan0;-32.0;;;;-32.0;6.30957344480193e-07;0.1;6.30957344480193e-08;4.5534853204861764e-05;;;;ROUGE;False
1787669601.645237;63.49887059299908;BLE Sniffer;iBeacon;2,4 GHz BLE;64:d1:2e:b5:04:2d;-63.0;;;;-63.0;5.011872336272714e-10;0.000368;1.8443690197483588e-13;6.919400471491905e-11;36;0x00;38;ORANGE;False
1787669601.6507745;63.50440854399858;BLE Sniffer;iBeacon;2,4 GHz BLE;64:d1:2e:b5:04:2d;-68.0;;;;-68.0;1.584893192461111e-10;0.000368;5.832406948256888e-14;6.925232878440162e-11;36;0x00;39;ORANGE;False
1787669601.6912365;63.544682100999125;Simulation RF;Détection RF large bande;868 MHz;868 MHz;;2806;2.260870517851731;-46.43482071406923;-79.43482071406923;1.1389848006023306e-11;0.1;1.1389848006023307e-12;8.26946085771371e-09;;;;VERT;True
1787669601.6913917;63.544682100999125;Simulation RF;Détection RF large bande;2,45 GHz;2,45 GHz;;2774;2.2351976750323987;-45.40790700129595;-62.10790700129595;6.154734168197504e-10;0.1;6.154734168197503e-11;2.4773293029901607e-08;;;;ORANGE;True
1787669601.7004669;63.55409936199976;Wi-Fi;Wi-Fi;2,4/5 GHz;wlan0;-33.0;;;;-33.0;5.011872336272725e-07;0.1;5.011872336272725e-08;4.558497192822449e-05;;;;ROUGE;False
1787669601.7628853;63.61651855599848;BLE Sniffer;Appareil BLE;2,4 GHz BLE;7f:c4:af:1a:e1:07;-69.0;;;;-69.0;1.2589254117941662e-10;0.00028;3.524991153023665e-14;1.402624097130152e-11;25;0x00;37;ORANGE;False
1787669601.7684705;63.62210472799961;BLE Sniffer;Appareil BLE;2,4 GHz BLE;7f:c4:af:1a:e1:07;-72.0;;;;-72.0;6.309573444801942e-11;0.00028;1.7666805645445437e-14;1.4043907776946965e-11;25;0x00;38;VERT;False
1787669601.771586;63.62521975399977;BLE Sniffer;Appareil BLE;2,4 GHz BLE;7f:c4:af:1a:e1:07;-67.0;;;;-67.0;1.9952623149688828e-10;0.00028;5.5867344819128714e-14;1.4099775121766094e-11;25;0x00;39;ORANGE;False
1787669601.791286;63.64476804199876;Simulation RF;Détection RF large bande;868 MHz;868 MHz;;2821;2.2733542243353244;-46.93416897341298;-79.93416897341298;1.0152736215516659e-11;0.1;1.015273621551666e-12;8.270476131335263e-09;;;;VERT;True
1787669601.7914433;63.64476804199876;Simulation RF;Détection RF large bande;2,45 GHz;2,45 GHz;;2735;2.2043958472074947;-44.17583388829979;-60.87583388829979;8.173660805149989e-10;0.1;8.173660805149989e-11;2.4855029637953107e-08;;;;ORANGE;True
1787669601.7990277;63.652659751998726;Wi-Fi;Wi-Fi;2,4/5 GHz;wlan0;-33.0;;;;-33.0;5.011872336272725e-07;0.1;5.011872336272725e-08;4.5635090651587215e-05;;;;ROUGE;False
1787669601.8906176;63.744251268999506;BLE Sniffer;iBeacon;2,4 GHz BLE;64:d1:2e:b5:04:2d;-62.0;;;;-62.0;6.309573444801942e-10;0.000368;2.321923027687115e-13;6.948452108717033e-11;36;0x00;37;ORANGE;False
1787669601.890715;63.74434639699939;BLE Sniffer;iBeacon;2,4 GHz BLE;64:d1:2e:b5:04:2d;-62.0;;;;-62.0;6.309573444801942e-10;0.000368;2.321923027687115e-13;6.971671338993904e-11;36;0x00;38;ORANGE;False
1787669601.8979597;63.744875740998395;Simulation RF;Détection RF large bande;868 MHz;868 MHz;;2762;2.2257500630181766;-45.03000252072705;-78.03000252072705;1.5739819508971563e-11;0.1;1.5739819508971564e-12;8.272050113286159e-09;;;;VERT;True
1787669601.898108;63.744875740998395;Simulation RF;Détection RF large bande;2,45 GHz;2,45 GHz;;2744;2.211579004089129;-44.46316016356515;-61.163160163565145;7.650397196908378e-10;0.1;7.650397196908379e-11;2.4931533609922192e-08;;;;ORANGE;True
1787669601.9065797;63.760211779999736;Wi-Fi;Wi-Fi;2,4/5 GHz;wlan0;-33.0;;;;-33.0;5.011872336272725e-07;0.1;5.011872336272725e-08;4.568520937494994e-05;;;;ROUGE;False
1787669601.9915051;63.84495955099919;Simulation RF;Détection RF large bande;868 MHz;868 MHz;;2753;2.2187423038999476;-44.749692155997906;-77.7496921559979;1.6789230221823234e-11;0.1;1.6789230221823236e-12;8.273729036308342e-09;;;;VERT;True
1787669601.99165;63.84495955099919;Simulation RF;Détection RF large bande;2,45 GHz;2,45 GHz;;2765;2.2285534678870467;-45.14213871548186;-61.842138715481866;6.543138729800311e-10;0.1;6.543138729800312e-11;2.4996964997220194e-08;;;;ORANGE;True
1787669602.006783;63.86041707000004;BLE Sniffer;iBeacon;2,4 GHz BLE;64:d1:2e:b5:04:2d;-68.0;;;;-68.0;1.584893192461111e-10;0.000368;5.832406948256888e-14;6.977503745942161e-11;36;0x00;39;ORANGE;False
1787669602.0068767;63.86050799399891;BLE Sniffer;Appareil BLE;2,4 GHz BLE;7f:c4:af:1a:e1:07;-68.0;;;;-68.0;1.584893192461111e-10;0.00028;4.43770093889111e-14;1.4144152131155005e-11;25;0x00;37;ORANGE;False
1787669602.0201983;63.87383284199859;Wi-Fi;Wi-Fi;2,4/5 GHz;wlan0;-33.0;;;;-33.0;5.011872336272725e-07;0.1;5.011872336272725e-08;4.573532809831267e-05;;;;ROUGE;False
1787669602.091615;63.94504708400018;Simulation RF;Détection RF large bande;868 MHz;868 MHz;;2775;2.2363018541952786;-45.45207416781115;-78.45207416781115;1.4282116891406986e-11;0.1;1.4282116891406988e-12;8.275157247997483e-09;;;;VERT;True
1787669602.0917804;63.94504708400018;Simulation RF;Détection RF large bande;2,45 GHz;2,45 GHz;;2736;2.204564165957929;-44.18256663831717;-60.88256663831717;8.160999216630866e-10;0.1;8.160999216630867e-11;2.5078574989386504e-08;;;;ORANGE;True
1787669602.1001992;63.95383196599869;Wi-Fi;Wi-Fi;2,4/5 GHz;wlan0;-33.0;;;;-33.0;5.011872336272725e-07;0.1;5.011872336272725e-08;4.578544682167539e-05;;;;ROUGE;False
1787669602.1228507;63.97648416899938;Simulation LoRa;LoRa;868 MHz;LoRa 868.100 MHz;-88.54708400914865;;;;-88.54708400914865;1.3973062418738175e-12;0.046335999999999995;6.47455820234652e-14;5.8893648955610995e-12;13;"SNR=7.55;SF=7;BW=125.0;CR=4/5;F=868.100;CRC=OK;PAYLOAD=54454d504f5f4c4f52415f3633";7;VERT;True
1787669602.1321616;63.98579550499926;BLE Sniffer;iBeacon;2,4 GHz BLE;64:d1:2e:b5:04:2d;-63.0;;;;-63.0;5.011872336272714e-10;0.000368;1.8443690197483588e-13;6.995947436139644e-11;36;0x00;38;ORANGE;False
1787669602.1916738;64.04512841399992;Simulation RF;Détection RF large bande;868 MHz;868 MHz;;2707;2.1815371183701457;-43.26148473480583;-76.26148473480583;2.3651109920846358e-11;0.1;2.365110992084636e-12;8.277522358989568e-09;;;;VERT;True
1787669602.1918194;64.04512841399992;Simulation RF;Détection RF large bande;2,45 GHz;2,45 GHz;;2710;2.183540843734171;-43.34163374936682;-60.04163374936682;9.904592791809634e-10;0.1;9.904592791809635e-11;2.51776209173046e-08;;;;ORANGE;True
1787669602.2001848;64.05381759299962;Wi-Fi;Wi-Fi;2,4/5 GHz;wlan0;-33.0;;;;-33.0;5.011872336272725e-07;0.1;5.011872336272725e-08;4.583556554503812e-05;;;;ROUGE;False
1787669602.2394004;64.09303381499922;BLE Sniffer;iBeacon;2,4 GHz BLE;64:d1:2e:b5:04:2d;-68.0;;;;-68.0;1.584893192461111e-10;0.000368;5.832406948256888e-14;7.0017798430879e-11;36;0x00;39;ORANGE;False
1787669602.2486048;64.1022390979997;BLE Sniffer;Appareil BLE;2,4 GHz BLE;7f:c4:af:1a:e1:07;-67.0;;;;-67.0;1.9952623149688828e-10;0.00028;5.5867344819128714e-14;1.4200019475974134e-11;25;0x00;37;ORANGE;False
1787669602.2518058;64.10544004799885;BLE Sniffer;Appareil BLE;2,4 GHz BLE;7f:c4:af:1a:e1:07;-73.0;;;;-73.0;5.011872336272715e-11;0.00028;1.40332425415636e-14;1.4214052718515697e-11;25;0x00;38;VERT;False
1787669602.2519002;64.10553154599984;BLE Sniffer;Appareil BLE;2,4 GHz BLE;7f:c4:af:1a:e1:07;-68.0;;;;-68.0;1.584893192461111e-10;0.00028;4.43770093889111e-14;1.4258429727904608e-11;25;0x00;39;ORANGE;False
1787669602.2917957;64.14522427999873;Simulation RF;Détection RF large bande;868 MHz;868 MHz;;2799;2.2555326312964823;-46.22130525185929;-79.22130525185929;1.1963809105524154e-11;0.1;1.1963809105524155e-12;8.27871873990012e-09;;;;VERT;True
1787669602.2919567;64.14522427999873;Simulation RF;Détection RF large bande;2,45 GHz;2,45 GHz;;2744;2.2116382282010334;-44.465529128041325;-61.16552912804132;7.646225240347703e-10;0.1;7.646225240347704e-11;2.525408316970808e-08;;;;ORANGE;True
1787669602.300379;64.15401158699933;Wi-Fi;Wi-Fi;2,4/5 GHz;wlan0;-33.0;;;;-33.0;5.011872336272725e-07;0.1;5.011872336272725e-08;4.5885684268400844e-05;;;;ROUGE;False
1787669602.3918395;64.24530784999843;Simulation RF;Détection RF large bande;868 MHz;868 MHz;;2780;2.2402562496661385;-45.61024998664553;-78.61024998664553;1.377130196860548e-11;0.1;1.377130196860548e-12;8.28009587009698e-09;;;;VERT;True
1787669602.391991;64.24530784999843;Simulation RF;Détection RF large bande;2,45 GHz;2,45 GHz;;2732;2.201813799043371;-44.072551961734845;-60.77255196173485;8.370372853530592e-10;0.1;8.370372853530593e-11;2.5337786898243384e-08;;;;ORANGE;True
1787669602.4004645;64.25409717599905;Wi-Fi;Wi-Fi;2,4/5 GHz;wlan0;-33.0;;;;-33.0;5.011872336272725e-07;0.1;5.011872336272725e-08;4.593580299176357e-05;;;;ROUGE;False
1787669602.4775002;64.33113408600002;BLE Sniffer;iBeacon;2,4 GHz BLE;64:d1:2e:b5:04:2d;-63.0;;;;-63.0;5.011872336272714e-10;0.000368;1.8443690197483588e-13;7.020223533285384e-11;36;0x00;37;ORANGE;False
1787669602.4807863;64.33442040599948;BLE Sniffer;iBeacon;2,4 GHz BLE;64:d1:2e:b5:04:2d;-62.0;;;;-62.0;6.309573444801942e-10;0.000368;2.321923027687115e-13;7.043442763562255e-11;36;0x00;38;ORANGE;False
1787669602.480879;64.33451058899846;BLE Sniffer;iBeacon;2,4 GHz BLE;64:d1:2e:b5:04:2d;-68.0;;;;-68.0;1.584893192461111e-10;0.000368;5.832406948256888e-14;7.049275170510512e-11;36;0x00;39;ORANGE;False
1787669602.490231;64.3438655359987;BLE Sniffer;Appareil BLE;2,4 GHz BLE;7f:c4:af:1a:e1:07;-68.0;;;;-68.0;1.584893192461111e-10;0.00028;4.43770093889111e-14;1.4302806737293519e-11;25;0x00;37;ORANGE;False
1787669602.4945183;64.34542279000016;Simulation RF;Détection RF large bande;868 MHz;868 MHz;;2856;2.3013764745297554;-48.055058981190214;-81.05505898119021;7.84321467001799e-12;0.1;7.843214670017991e-13;8.280880191563982e-09;;;;VERT;True
1787669602.5088434;64.34542279000016;Simulation RF;Détection RF large bande;2,45 GHz;2,45 GHz;;2765;2.228180655573723;-45.12722622294892;-61.827226222948916;6.565644708025536e-10;0.1;6.565644708025536e-11;2.540344334532364e-08;;;;ORANGE;True
1787669602.5309317;64.38456445799966;Wi-Fi;Wi-Fi;2,4/5 GHz;wlan0;-33.0;;;;-33.0;5.011872336272725e-07;0.1;5.011872336272725e-08;4.5985921715126296e-05;;;;ROUGE;False
1787669602.592062;64.44550650800011;Simulation RF;Détection RF large bande;868 MHz;868 MHz;;2791;2.249098842730787;-45.963953709231475;-78.96395370923148;1.2694179324165848e-11;0.1;1.2694179324165848e-12;8.282149609496398e-09;;;;VERT;True
1787669602.592216;64.44550650800011;Simulation RF;Détection RF large bande;2,45 GHz;2,45 GHz;;2763;2.226760916049465;-45.07043664197859;-61.77043664197859;6.652062726476092e-10;0.1;6.652062726476092e-11;2.5469963972588403e-08;;;;ORANGE;True
1787669602.6002367;64.45387050699901;BLE Sniffer;Appareil BLE;2,4 GHz BLE;7f:c4:af:1a:e1:07;-72.0;;;;-72.0;6.309573444801942e-11;0.00028;1.7666805645445437e-14;1.4320473542938964e-11;25;0x00;38;VERT;False
1787669602.603548;64.45718151099936;BLE Sniffer;Appareil BLE;2,4 GHz BLE;7f:c4:af:1a:e1:07;-68.0;;;;-68.0;1.584893192461111e-10;0.00028;4.43770093889111e-14;1.4364850552327875e-11;25;0x00;39;ORANGE;False
1787669602.617549;64.47118327399949;Wi-Fi;Wi-Fi;2,4/5 GHz;wlan0;-32.0;;;;-32.0;6.30957344480193e-07;0.1;6.30957344480193e-08;4.6049017449574316e-05;;;;ROUGE;False
1787669602.6921332;64.54559094799879;Simulation RF;Détection RF large bande;868 MHz;868 MHz;;2840;2.2887678933166646;-47.55071573266659;-80.55071573266659;8.809036850016679e-12;0.1;8.809036850016679e-13;8.2830305131814e-09;;;;VERT;True
1787669602.6922803;64.54559094799879;Simulation RF;Détection RF large bande;2,45 GHz;2,45 GHz;;2729;2.199516647635939;-43.98066590543756;-60.68066590543756;8.549356152201096e-10;0.1;8.549356152201096e-11;2.5555457534110415e-08;;;;ORANGE;True
1787669602.701192;64.55482510099864;Wi-Fi;Wi-Fi;2,4/5 GHz;wlan0;-32.0;;;;-32.0;6.30957344480193e-07;0.1;6.30957344480193e-08;4.611211318402234e-05;;;;ROUGE;False
1787669602.7349908;64.58862464799859;BLE Sniffer;iBeacon;2,4 GHz BLE;64:d1:2e:b5:04:2d;-63.0;;;;-63.0;5.011872336272714e-10;0.000368;1.8443690197483588e-13;7.067718860707995e-11;36;0x00;37;ORANGE;False
1787669602.7350872;64.58871875799923;BLE Sniffer;iBeacon;2,4 GHz BLE;64:d1:2e:b5:04:2d;-63.0;;;;-63.0;5.011872336272714e-10;0.000368;1.8443690197483588e-13;7.086162550905478e-11;36;0x00;38;ORANGE;False
1787669602.7922354;64.64567638900007;Simulation RF;Détection RF large bande;868 MHz;868 MHz;;2837;2.2865170878461725;-47.46068351384689;-80.46068351384689;8.993560253512766e-12;0.1;8.993560253512767e-13;8.283929869206752e-09;;;;VERT;True
1787669602.7924032;64.64567638900007;Simulation RF;Détection RF large bande;2,45 GHz;2,45 GHz;;2819;2.2714340005313525;-46.857360021254095;-63.5573600212541;4.408227483390456e-10;0.1;4.408227483390456e-11;2.559953980894432e-08;;;;ORANGE;True
1787669602.800997;64.65462961999947;Wi-Fi;Wi-Fi;2,4/5 GHz;wlan0;-32.0;;;;-32.0;6.30957344480193e-07;0.1;6.30957344480193e-08;4.617520891847036e-05;;;;ROUGE;False
1787669602.842478;64.69611113999963;BLE Sniffer;iBeacon;2,4 GHz BLE;64:d1:2e:b5:04:2d;-68.0;;;;-68.0;1.584893192461111e-10;0.000368;5.832406948256888e-14;7.091994957853735e-11;36;0x00;39;ORANGE;False
1787669602.842558;64.6961893789994;BLE Sniffer;Appareil BLE;2,4 GHz BLE;7f:c4:af:1a:e1:07;-68.0;;;;-68.0;1.584893192461111e-10;0.00028;4.43770093889111e-14;1.4409227561716786e-11;25;0x00;37;ORANGE;False
1787669602.8922772;64.7457560699986;Simulation RF;Détection RF large bande;868 MHz;868 MHz;;2727;2.197334519382444;-43.89338077529776;-76.89338077529776;2.0448521971301642e-11;0.1;2.044852197130164e-12;8.285974721403881e-09;;;;VERT;True
1787669602.8924508;64.7457560699986;Simulation RF;Détection RF large bande;2,45 GHz;2,45 GHz;;2782;2.2417666126044007;-45.67066450417603;-62.37066450417603;5.793400461332346e-10;0.1;5.793400461332347e-11;2.5657473813557644e-08;;;;ORANGE;True
1787669602.9011037;64.75473618899923;Wi-Fi;Wi-Fi;2,4/5 GHz;wlan0;-32.0;;;;-32.0;6.30957344480193e-07;0.1;6.30957344480193e-08;4.623830465291838e-05;;;;ROUGE;False
1787669602.9924088;64.84584012099913;Simulation RF;Détection RF large bande;868 MHz;868 MHz;;2768;2.2305828833710972;-45.22331533484389;-78.22331533484389;1.505457385249146e-11;0.1;1.505457385249146e-12;8.287480178789131e-09;;;;VERT;True
1787669602.99255;64.84584012099913;Simulation RF;Détection RF large bande;2,45 GHz;2,45 GHz;;2745;2.212302770522206;-44.49211082088823;-61.192110820888225;7.599568219514956e-10;0.1;7.599568219514956e-11;2.5733469495752793e-08;;;;ORANGE;True
1787669603.001119;64.85475138999936;Wi-Fi;Wi-Fi;2,4/5 GHz;wlan0;-32.0;;;;-32.0;6.30957344480193e-07;0.1;6.30957344480193e-08;4.63014003873664e-05;;;;ROUGE;False
1787669603.0682187;64.92185188099938;BLE Sniffer;iBeacon;2,4 GHz BLE;64:d1:2e:b5:04:2d;-62.0;;;;-62.0;6.309573444801942e-10;0.000368;2.321923027687115e-13;7.115214188130606e-11;36;0x00;38;ORANGE;False
1787669603.0770235;64.93065805900005;BLE Sniffer;iBeacon;2,4 GHz BLE;64:d1:2e:b5:04:2d;-68.0;;;;-68.0;1.584893192461111e-10;0.000368;5.832406948256888e-14;7.121046595078862e-11;36;0x00;39;ORANGE;False
1787669603.0771668;64.93079838999984;Simulation LoRa;LoRa;868 MHz;LoRa 868.100 MHz;-88.22209003998091;;;;-88.22209003998091;1.5058821867418557e-12;0.046335999999999995;6.977655700487062e-14;5.95914145256597e-12;13;"SNR=7.79;SF=7;BW=125.0;CR=4/5;F=868.100;CRC=OK;PAYLOAD=54454d504f5f4c4f52415f3634";7;VERT;True
1787669603.0772111;64.9308425929994;BLE Sniffer;Appareil BLE;2,4 GHz BLE;7f:c4:af:1a:e1:07;-68.0;;;;-68.0;1.584893192461111e-10;0.00028;4.43770093889111e-14;1.4453604571105697e-11;25;0x00;37;ORANGE;False
1787669603.0899487;64.94358246899901;BLE Sniffer;Appareil BLE;2,4 GHz BLE;7f:c4:af:1a:e1:07;-73.0;;;;-73.0;5.011872336272715e-11;0.00028;1.40332425415636e-14;1.446763781364726e-11;25;0x00;38;VERT;False
1787669603.0943007;64.94692475000011;Simulation RF;Détection RF large bande;868 MHz;868 MHz;;2763;2.2264237200164247;-45.05694880065698;-78.05694880065698;1.564246240731356e-11;0.1;1.564246240731356e-12;8.289044425029863e-09;;;;VERT;True
1787669603.094457;64.94692475000011;Simulation RF;Détection RF large bande;2,45 GHz;2,45 GHz;;2734;2.203100334824791;-44.12401339299164;-60.82401339299164;8.271774009689333e-10;0.1;8.271774009689334e-11;2.5816187235849688e-08;;;;ORANGE;True
1787669603.103078;64.95671015299922;Wi-Fi;Wi-Fi;2,4/5 GHz;wlan0;-32.0;;;;-32.0;6.30957344480193e-07;0.1;6.30957344480193e-08;4.636449612181442e-05;;;;ROUGE;False
1787669603.1935692;65.0470118939993;Simulation RF;Détection RF large bande;868 MHz;868 MHz;;2789;2.2477868899842655;-45.91147559937062;-78.91147559937062;1.2848500331606027e-11;0.1;1.2848500331606028e-12;8.290329275063023e-09;;;;VERT;True
1787669603.19372;65.0470118939993;Simulation RF;Détection RF large bande;2,45 GHz;2,45 GHz;;2741;2.209041142557234;-44.361645702289366;-61.06164570228936;7.831328285627087e-10;0.1;7.831328285627088e-11;2.5894500518705958e-08;;;;ORANGE;True
1787669603.2037;65.057333843999;BLE Sniffer;Appareil BLE;2,4 GHz BLE;7f:c4:af:1a:e1:07;-68.0;;;;-68.0;1.584893192461111e-10;0.00028;4.43770093889111e-14;1.451201482303617e-11;25;0x00;39;ORANGE;False
1787669603.2142384;65.0678734209996;Wi-Fi;Wi-Fi;2,4/5 GHz;wlan0;-32.0;;;;-32.0;6.30957344480193e-07;0.1;6.30957344480193e-08;4.642759185626244e-05;;;;ROUGE;False
1787669603.2936356;65.1470914829988;Simulation RF;Détection RF large bande;868 MHz;868 MHz;;2753;2.218762282623546;-44.75049130494183;-77.75049130494183;1.6786141105615154e-11;0.1;1.6786141105615154e-12;8.292007889173585e-09;;;;VERT;True
1787669603.2937777;65.1470914829988;Simulation RF;Détection RF large bande;2,45 GHz;2,45 GHz;;2738;2.206633178070733;-44.26532712282932;-60.965327122829315;8.006953156101038e-10;0.1;8.006953156101038e-11;2.5974570050266966e-08;;;;ORANGE;True
1787669603.3024662;65.1560986939985;Wi-Fi;Wi-Fi;2,4/5 GHz;wlan0;-32.0;;;;-32.0;6.30957344480193e-07;0.1;6.30957344480193e-08;4.649068759071046e-05;;;;ROUGE;False
1787669603.3166914;65.17032510199897;BLE Sniffer;iBeacon;2,4 GHz BLE;64:d1:2e:b5:04:2d;-62.0;;;;-62.0;6.309573444801942e-10;0.000368;2.321923027687115e-13;7.144265825355734e-11;36;0x00;37;ORANGE;False
1787669603.3230145;65.17664805899949;BLE Sniffer;iBeacon;2,4 GHz BLE;64:d1:2e:b5:04:2d;-63.0;;;;-63.0;5.011872336272714e-10;0.000368;1.8443690197483588e-13;7.162709515553217e-11;36;0x00;38;ORANGE;False
1787669603.3937352;65.24717655299901;Simulation RF;Détection RF large bande;868 MHz;868 MHz;;2797;2.2541320296211373;-46.1652811848455;-79.1652811848455;1.2119142206020613e-11;0.1;1.2119142206020615e-12;8.293219803394188e-09;;;;VERT;True
1787669603.393891;65.24717655299901;Simulation RF;Détection RF large bande;2,45 GHz;2,45 GHz;;2768;2.2304268867757013;-45.21707547102805;-61.91707547102805;6.431206474865057e-10;0.1;6.431206474865056e-11;2.6038882115015617e-08;;;;ORANGE;True
1787669603.4023938;65.25602630399953;Wi-Fi;Wi-Fi;2,4/5 GHz;wlan0;-32.0;;;;-32.0;6.30957344480193e-07;0.1;6.30957344480193e-08;4.655378332515848e-05;;;;ROUGE;False
1787669603.4336617;65.28729498399844;BLE Sniffer;iBeacon;2,4 GHz BLE;64:d1:2e:b5:04:2d;-68.0;;;;-68.0;1.584893192461111e-10;0.000368;5.832406948256888e-14;7.168541922501474e-11;36;0x00;39;ORANGE;False
1787669603.4337332;65.28736461199878;BLE Sniffer;Appareil BLE;2,4 GHz BLE;7f:c4:af:1a:e1:07;-68.0;;;;-68.0;1.584893192461111e-10;0.00028;4.43770093889111e-14;1.4556391832425083e-11;25;0x00;37;ORANGE;False
1787669603.493776;65.34725851199983;Simulation RF;Détection RF large bande;868 MHz;868 MHz;;2831;2.2814492223556155;-47.25796889422462;-80.25796889422462;9.423302018959648e-12;0.1;9.423302018959648e-13;8.294162133596083e-09;;;;VERT;True
1787669603.4939213;65.34725851199983;Simulation RF;Détection RF large bande;2,45 GHz;2,45 GHz;;2743;2.2102475616566086;-44.40990246626434;-61.109902466264344;7.744791908396429e-10;0.1;7.74479190839643e-11;2.611633003409958e-08;;;;ORANGE;True
1787669603.5022984;65.3559307659998;Wi-Fi;Wi-Fi;2,4/5 GHz;wlan0;-31.0;;;;-31.0;7.943282347242822e-07;0.1;7.943282347242822e-08;4.663321614863091e-05;;;;ROUGE;False
1787669603.594119;65.44737093399999;Simulation RF;Détection RF large bande;868 MHz;868 MHz;;2841;2.2897118881087466;-47.58847552434986;-80.58847552434986;8.732778556340562e-12;0.1;8.732778556340563e-13;8.295035411451717e-09;;;;VERT;True
1787669603.5943854;65.44737093399999;Simulation RF;Détection RF large bande;2,45 GHz;2,45 GHz;;2708;2.182529359470576;-43.301174378823035;-60.00117437882303;9.997296258405364e-10;0.1;9.997296258405364e-11;2.6216302996683633e-08;;;;ORANGE;True
1787669603.6034188;65.45705117199941;Wi-Fi;Wi-Fi;2,4/5 GHz;wlan0;-31.0;;;;-31.0;7.943282347242822e-07;0.1;7.943282347242822e-08;4.6712648972103334e-05;;;;ROUGE;False
1787669603.6598692;65.51350199599983;BLE Sniffer;iBeacon;2,4 GHz BLE;64:d1:2e:b5:04:2d;-63.0;;;;-63.0;5.011872336272714e-10;0.000368;1.8443690197483588e-13;7.186985612698957e-11;36;0x00;38;ORANGE;False
1787669603.6658053;65.51943884799948;BLE Sniffer;iBeacon;2,4 GHz BLE;64:d1:2e:b5:04:2d;-68.0;;;;-68.0;1.584893192461111e-10;0.000368;5.832406948256888e-14;7.192818019647213e-11;36;0x00;39;ORANGE;False
1787669603.669081;65.52271494499837;BLE Sniffer;Appareil BLE;2,4 GHz BLE;7f:c4:af:1a:e1:07;-68.0;;;;-68.0;1.584893192461111e-10;0.00028;4.43770093889111e-14;1.4600768841813994e-11;25;0x00;37;ORANGE;False
1787669603.672252;65.52588569199906;BLE Sniffer;Appareil BLE;2,4 GHz BLE;7f:c4:af:1a:e1:07;-72.0;;;;-72.0;6.309573444801942e-11;0.00028;1.7666805645445437e-14;1.4618435647459438e-11;25;0x00;38;VERT;False
1787669603.6940389;65.54747059599867;Simulation RF;Détection RF large bande;868 MHz;868 MHz;;2753;2.2185076542289788;-44.74030616915914;-77.74030616915914;1.6825554400046753e-11;0.1;1.6825554400046753e-12;8.296717966891721e-09;;;;VERT;True
1787669603.6942434;65.54747059599867;Simulation RF;Détection RF large bande;2,45 GHz;2,45 GHz;;2786;2.245527028738775;-45.82108114955099;-62.52108114955099;5.596182706072361e-10;0.1;5.5961827060723614e-11;2.6272264823744355e-08;;;;ORANGE;True
1787669603.702943;65.55657549099851;Wi-Fi;Wi-Fi;2,4/5 GHz;wlan0;-31.0;;;;-31.0;7.943282347242822e-07;0.1;7.943282347242822e-08;4.679208179557576e-05;;;;ROUGE;False
1787669603.799953;65.65358692399968;BLE Sniffer;Appareil BLE;2,4 GHz BLE;7f:c4:af:1a:e1:07;-68.0;;;;-68.0;1.584893192461111e-10;0.00028;4.43770093889111e-14;1.466281265684835e-11;25;0x00;39;ORANGE;False
1787669603.7942564;65.64758007299861;Simulation RF;Détection RF large bande;868 MHz;868 MHz;;2797;2.2543092008063494;-46.17236803225397;-79.17236803225397;1.2099382232520982e-11;0.1;1.2099382232520983e-12;8.297927905114973e-09;;;;VERT;True
1787669603.807445;65.64758007299861;Simulation RF;Détection RF large bande;2,45 GHz;2,45 GHz;;2755;2.220222877526236;-44.808915101049436;-61.50891510104943;7.064940195243952e-10;0.1;7.064940195243952e-11;2.6342914225696795e-08;;;;ORANGE;True
1787669603.829486;65.68311829699996;Wi-Fi;Wi-Fi;2,4/5 GHz;wlan0;-31.0;;;;-31.0;7.943282347242822e-07;0.1;7.943282347242822e-08;4.687151461904819e-05;;;;ROUGE;False
1787669603.8942065;65.74765949499852;Simulation RF;Détection RF large bande;868 MHz;868 MHz;;2854;2.299731973753134;-47.98927895012535;-80.98927895012535;7.962915460316403e-12;0.1;7.962915460316403e-13;8.298724196661005e-09;;;;VERT;True
1787669603.8943439;65.74765949499852;Simulation RF;Détection RF large bande;2,45 GHz;2,45 GHz;;2778;2.2389742546215916;-45.55897018486367;-62.258970184863664;5.944330960791472e-10;0.1;5.944330960791472e-11;2.640235753530471e-08;;;;ORANGE;True
1787669603.9030092;65.75664174399935;Wi-Fi;Wi-Fi;2,4/5 GHz;wlan0;-31.0;;;;-31.0;7.943282347242822e-07;0.1;7.943282347242822e-08;4.695094744252061e-05;;;;ROUGE;False
1787669603.9163918;65.77002564699978;BLE Sniffer;iBeacon;2,4 GHz BLE;64:d1:2e:b5:04:2d;-63.0;;;;-63.0;5.011872336272714e-10;0.000368;1.8443690197483588e-13;7.211261709844697e-11;36;0x00;37;ORANGE;False
1787669603.9164948;65.77012636799918;BLE Sniffer;iBeacon;2,4 GHz BLE;64:d1:2e:b5:04:2d;-63.0;;;;-63.0;5.011872336272714e-10;0.000368;1.8443690197483588e-13;7.22970540004218e-11;36;0x00;38;ORANGE;False
1787669603.9259937;65.7796278859987;BLE Sniffer;iBeacon;2,4 GHz BLE;64:d1:2e:b5:04:2d;-68.0;;;;-68.0;1.584893192461111e-10;0.000368;5.832406948256888e-14;7.235537806990436e-11;36;0x00;39;ORANGE;False
1787669603.935909;65.78954313899885;BLE Sniffer;Appareil BLE;2,4 GHz BLE;7f:c4:af:1a:e1:07;-68.0;;;;-68.0;1.584893192461111e-10;0.00028;4.43770093889111e-14;1.470718966623726e-11;25;0x00;37;ORANGE;False
1787669603.994269;65.84774376899986;Simulation RF;Détection RF large bande;868 MHz;868 MHz;;2758;2.222529521898628;-44.901180875945116;-77.90118087594512;1.621369176218341e-11;0.1;1.621369176218341e-12;8.300345565837223e-09;;;;VERT;True
1787669604.0083306;65.84774376899986;Simulation RF;Détection RF large bande;2,45 GHz;2,45 GHz;;2758;2.2223017288231297;-44.89206915292519;-61.59206915292519;6.930955088679982e-10;0.1;6.930955088679983e-11;2.6471667086191512e-08;;;;ORANGE;True
1787669604.0305562;65.88418883099985;Wi-Fi;Wi-Fi;2,4/5 GHz;wlan0;-31.0;;;;-31.0;7.943282347242822e-07;0.1;7.943282347242822e-08;4.703038026599304e-05;;;;ROUGE;False
1787669604.0503042;65.90393793099975;Simulation LoRa;LoRa;868 MHz;LoRa 868.100 MHz;-89.99172670616827;;;;-89.99172670616827;1.001906811962911e-12;0.046335999999999995;4.6424354039113445e-14;6.005565806605084e-12;13;"SNR=5.25;SF=7;BW=125.0;CR=4/5;F=868.100;CRC=OK;PAYLOAD=54454d504f5f4c4f52415f3635";7;VERT;True
1787669604.0943604;65.9478207839984;Simulation RF;Détection RF large bande;868 MHz;868 MHz;;2676;2.1564797426182394;-42.259189704729565;-75.25918970472956;2.979072205070017e-11;0.1;2.9790722050700176e-12;8.303324638042294e-09;;;;VERT;True
1787669604.09451;65.9478207839984;Simulation RF;Détection RF large bande;2,45 GHz;2,45 GHz;;2743;2.2107871114440574;-44.431484457762295;-61.1314844577623;7.706400123248292e-10;0.1;7.706400123248293e-11;2.6548731087423996e-08;;;;ORANGE;True
1787669604.1030428;65.95667529399907;Wi-Fi;Wi-Fi;2,4/5 GHz;wlan0;-31.0;;;;-31.0;7.943282347242822e-07;0.1;7.943282347242822e-08;4.7109813089465466e-05;;;;ROUGE;False
1787669604.1635158;66.01714948199879;BLE Sniffer;Appareil BLE;2,4 GHz BLE;7f:c4:af:1a:e1:07;-73.0;;;;-73.0;5.011872336272715e-11;0.00028;1.40332425415636e-14;1.4721222908778823e-11;25;0x00;38;VERT;False
1787669604.1636086;66.01724020299844;BLE Sniffer;Appareil BLE;2,4 GHz BLE;7f:c4:af:1a:e1:07;-68.0;;;;-68.0;1.584893192461111e-10;0.00028;4.43770093889111e-14;1.4765599918167734e-11;25;0x00;39;ORANGE;False
1787669604.1944382;66.04789957699904;Simulation RF;Détection RF large bande;868 MHz;868 MHz;;2755;2.2202161666353537;-44.808646665414145;-77.80864666541414;1.656286009614384e-11;0.1;1.6562860096143842e-12;8.304980924051909e-09;;;;VERT;True
1787669604.1945739;66.04789957699904;Simulation RF;Détection RF large bande;2,45 GHz;2,45 GHz;;2765;2.2280004095945785;-45.12001638378314;-61.82001638378314;6.576553563423042e-10;0.1;6.576553563423042e-11;2.6614496623058227e-08;;;;ORANGE;True
1787669604.204844;66.05847654199897;Wi-Fi;Wi-Fi;2,4/5 GHz;wlan0;-30.0;;;;-30.0;1e-06;0.1;1e-07;4.720981308946547e-05;;;;ROUGE;False
1787669604.2711215;66.12475436099885;BLE Sniffer;iBeacon;2,4 GHz BLE;64:d1:2e:b5:04:2d;-63.0;;;;-63.0;5.011872336272714e-10;0.000368;1.8443690197483588e-13;7.25398149718792e-11;36;0x00;37;ORANGE;False
1787669604.2945735;66.1480557750001;Simulation RF;Détection RF large bande;868 MHz;868 MHz;;2756;2.2206859094903697;-44.82743637961478;-77.82743637961478;1.6491355814238832e-11;0.1;1.6491355814238833e-12;8.306630059633332e-09;;;;VERT;True
1787669604.294734;66.1480557750001;Simulation RF;Détection RF large bande;2,45 GHz;2,45 GHz;;2759;2.223565537018939;-44.94262148075755;-61.642621480757555;6.850745781034674e-10;0.1;6.850745781034674e-11;2.6683004080868574e-08;;;;ORANGE;True
1787669604.303305;66.15693750699938;Wi-Fi;Wi-Fi;2,4/5 GHz;wlan0;-30.0;;;;-30.0;1e-06;0.1;1e-07;4.730981308946547e-05;;;;ROUGE;False
1787669604.3946512;66.24813869799982;Simulation RF;Détection RF large bande;868 MHz;868 MHz;;2788;2.246766745310995;-45.8706698124398;-78.8706698124398;1.296979222434107e-11;0.1;1.296979222434107e-12;8.307927038855766e-09;;;;VERT;True
1787669604.394808;66.24813869799982;Simulation RF;Détection RF large bande;2,45 GHz;2,45 GHz;;2823;2.2749514115422182;-46.99805646168872;-63.69805646168872;4.267704627835641e-10;0.1;4.267704627835641e-11;2.672568112714693e-08;;;;ORANGE;True
1787669604.4034188;66.2570520399986;Wi-Fi;Wi-Fi;2,4/5 GHz;wlan0;-30.0;;;;-30.0;1e-06;0.1;1e-07;4.7409813089465473e-05;;;;ROUGE;False
1787669604.503073;66.35670646899962;BLE Sniffer;Appareil BLE;2,4 GHz BLE;7f:c4:af:1a:e1:07;-72.0;;;;-72.0;6.309573444801942e-11;0.00028;1.7666805645445437e-14;1.4783266723813178e-11;25;0x00;38;VERT;False
1787669604.5031686;66.35680005999893;BLE Sniffer;Appareil BLE;2,4 GHz BLE;7f:c4:af:1a:e1:07;-68.0;;;;-68.0;1.584893192461111e-10;0.00028;4.43770093889111e-14;1.482764373320209e-11;25;0x00;39;ORANGE;False
1787669604.5032098;66.35684185599894;BLE Sniffer;iBeacon;2,4 GHz BLE;64:d1:2e:b5:04:2d;-63.0;;;;-63.0;5.011872336272714e-10;0.000368;1.8443690197483588e-13;7.272425187385403e-11;36;0x00;37;ORANGE;False
1787669604.5032485;66.35687996599881;BLE Sniffer;iBeacon;2,4 GHz BLE;64:d1:2e:b5:04:2d;-63.0;;;;-63.0;5.011872336272714e-10;0.000368;1.8443690197483588e-13;7.290868877582887e-11;36;0x00;38;ORANGE;False
1787669604.517364;66.34822606399939;Simulation RF;Détection RF large bande;868 MHz;868 MHz;;2736;2.2048388593930017;-44.19355437572007;-77.19355437572007;1.9082908258808737e-11;0.1;1.9082908258808737e-12;8.309835329681648e-09;;;;VERT;True
1787669604.5175087;66.34822606399939;Simulation RF;Détection RF large bande;2,45 GHz;2,45 GHz;;2803;2.2586162185596907;-46.34464874238763;-63.044648742387636;4.960610472178922e-10;0.1;4.9606104721789224e-11;2.677528723186872e-08;;;;ORANGE;True
1787669604.5260332;66.37966555599996;Wi-Fi;Wi-Fi;2,4/5 GHz;wlan0;-30.0;;;;-30.0;1e-06;0.1;1e-07;4.7509813089465476e-05;;;;ROUGE;False
1787669604.5948522;66.44830498599913;Simulation RF;Détection RF large bande;868 MHz;868 MHz;;2813;2.266522884502986;-46.660915380119434;-79.66091538011943;1.0812060370915622e-11;0.1;1.0812060370915621e-12;8.31091653571874e-09;;;;VERT;True
1787669604.5950038;66.44830498599913;Simulation RF;Détection RF large bande;2,45 GHz;2,45 GHz;;2703;2.1779429910477597;-43.117719641910384;-59.81771964191038;1.0428648646476615e-09;0.1;1.0428648646476616e-10;2.6879573718333487e-08;;;;ORANGE;True
1787669604.6055808;66.45921307599929;Wi-Fi;Wi-Fi;2,4/5 GHz;wlan0;-30.0;;;;-30.0;1e-06;0.1;1e-07;4.760981308946548e-05;;;;ROUGE;False
1787669604.6172912;66.47092341200005;BLE Sniffer;iBeacon;2,4 GHz BLE;64:d1:2e:b5:04:2d;-68.0;;;;-68.0;1.584893192461111e-10;0.000368;5.832406948256888e-14;7.296701284531143e-11;36;0x00;39;ORANGE;False
1787669604.6949978;66.54840511200018;Simulation RF;Détection RF large bande;868 MHz;868 MHz;;2886;2.3253290067711574;-49.013160270846285;-82.01316027084629;6.290482708943617e-12;0.1;6.290482708943618e-13;8.311545583989634e-09;;;;VERT;True
1787669604.6952999;66.54840511200018;Simulation RF;Détection RF large bande;2,45 GHz;2,45 GHz;;2809;2.2632707227285063;-46.53082890914024;-63.23082890914024;4.752445105109359e-10;0.1;4.752445105109359e-11;2.692709816938458e-08;;;;ORANGE;True
1787669604.7053914;66.55902398399849;Wi-Fi;Wi-Fi;2,4/5 GHz;wlan0;-30.0;;;;-30.0;1e-06;0.1;1e-07;4.770981308946548e-05;;;;ROUGE;False
1787669604.7398455;66.59347868699842;BLE Sniffer;Appareil BLE;2,4 GHz BLE;7f:c4:af:1a:e1:07;-67.0;;;;-67.0;1.9952623149688828e-10;0.00028;5.5867344819128714e-14;1.488351107802122e-11;25;0x00;37;ORANGE;False
1787669604.7456672;66.5993015969998;BLE Sniffer;Appareil BLE;2,4 GHz BLE;7f:c4:af:1a:e1:07;-73.0;;;;-73.0;5.011872336272715e-11;0.00028;1.40332425415636e-14;1.4897544320562782e-11;25;0x00;38;VERT;False
1787669604.7490323;66.60266587799924;BLE Sniffer;Appareil BLE;2,4 GHz BLE;7f:c4:af:1a:e1:07;-70.0;;;;-70.0;1e-10;0.00028;2.7999999999999997e-14;1.4925544320562783e-11;25;0x00;39;ORANGE;False
1787669604.7950273;66.64848268199967;Simulation RF;Détection RF large bande;868 MHz;868 MHz;;2798;2.254776658097318;-46.19106632389271;-79.19106632389271;1.2047401040365002e-11;0.1;1.2047401040365003e-12;8.31275032409367e-09;;;;VERT;True
1787669604.795161;66.64848268199967;Simulation RF;Détection RF large bande;2,45 GHz;2,45 GHz;;2659;2.142968006805957;-41.71872027223827;-58.41872027223827;1.4392226089238541e-09;0.1;1.4392226089238542e-10;2.7071020430276966e-08;;;;ORANGE;True
1787669604.8037038;66.65733654399992;Wi-Fi;Wi-Fi;2,4/5 GHz;wlan0;-30.0;;;;-30.0;1e-06;0.1;1e-07;4.780981308946548e-05;;;;ROUGE;False
1787669604.8689494;66.72258237999995;BLE Sniffer;iBeacon;2,4 GHz BLE;64:d1:2e:b5:04:2d;-64.0;;;;-64.0;3.9810717055349694e-10;0.000368;1.4650343876368688e-13;7.311351628407512e-11;36;0x00;37;ORANGE;False
1787669604.869017;66.72264837900002;BLE Sniffer;iBeacon;2,4 GHz BLE;64:d1:2e:b5:04:2d;-64.0;;;;-64.0;3.9810717055349694e-10;0.000368;1.4650343876368688e-13;7.32600197228388e-11;36;0x00;38;ORANGE;False
1787669604.8778632;66.73149670400016;BLE Sniffer;iBeacon;2,4 GHz BLE;64:d1:2e:b5:04:2d;-66.0;;;;-66.0;2.511886431509582e-10;0.000368;9.243742067955262e-14;7.335245714351836e-11;36;0x00;39;ORANGE;False
1787669604.900662;66.7485652159994;Simulation RF;Détection RF large bande;868 MHz;868 MHz;;2765;2.228057341520317;-45.12229366081267;-78.12229366081267;1.5408864420775535e-11;0.1;1.5408864420775536e-12;8.314291210535748e-09;;;;VERT;True
1787669604.9013653;66.7485652159994;Simulation RF;Détection RF large bande;2,45 GHz;2,45 GHz;;2828;2.2786443677059123;-47.14577470823649;-63.84577470823648;4.124986477395666e-10;0.1;4.1249864773956664e-11;2.7112270295050922e-08;;;;ORANGE;True
1787669604.9111495;66.76478225899882;Wi-Fi;Wi-Fi;2,4/5 GHz;wlan0;-30.0;;;;-30.0;1e-06;0.1;1e-07;4.7909813089465486e-05;;;;ROUGE;False
1787669604.9979491;66.85158290699837;BLE Sniffer;Appareil BLE;2,4 GHz BLE;7f:c4:af:1a:e1:07;-67.0;;;;-67.0;1.9952623149688828e-10;0.00028;5.5867344819128714e-14;1.4981411665381913e-11;25;0x00;37;ORANGE;False
1787669604.9980435;66.85167510899919;BLE Sniffer;Appareil BLE;2,4 GHz BLE;7f:c4:af:1a:e1:07;-73.0;;;;-73.0;5.011872336272715e-11;0.00028;1.40332425415636e-14;1.4995444907923476e-11;25;0x00;38;VERT;False
1787669605.0056689;66.84868756299875;Simulation RF;Détection RF large bande;868 MHz;868 MHz;;2764;2.2272128549074846;-45.08851419629937;-78.08851419629937;1.5529182018247203e-11;0.1;1.5529182018247204e-12;8.315844128737573e-09;;;;VERT;True
1787669605.0058496;66.84868756299875;Simulation RF;Détection RF large bande;2,45 GHz;2,45 GHz;;2671;2.152701348006679;-42.10805392026715;-58.808053920267156;1.31581431836981e-09;0.1;1.31581431836981e-10;2.7243851726887903e-08;;;;ORANGE;True
1787669605.0145946;66.86822760999894;Wi-Fi;Wi-Fi;2,4/5 GHz;wlan0;-31.0;;;;-31.0;7.943282347242822e-07;0.1;7.943282347242822e-08;4.798924591293791e-05;;;;ROUGE;False
1787669605.0957015;66.94885879899994;Simulation RF;Détection RF large bande;868 MHz;868 MHz;;2818;2.2705154752560834;-46.820619010243334;-79.82061901024333;1.0421688760007645e-11;0.1;1.0421688760007645e-12;8.316886297613573e-09;;;;VERT;True
1787669605.0969892;66.94885879899994;Simulation RF;Détection RF large bande;2,45 GHz;2,45 GHz;;2788;2.246896344624002;-45.87585378496007;-62.57585378496007;5.526047600034447e-10;0.1;5.526047600034448e-11;2.7299112202888248e-08;;;;ORANGE;True
1787669605.1133509;66.96698496099998;BLE Sniffer;Appareil BLE;2,4 GHz BLE;7f:c4:af:1a:e1:07;-70.0;;;;-70.0;1e-10;0.00028;2.7999999999999997e-14;1.5023444907923478e-11;25;0x00;39;ORANGE;False
1787669605.1166887;66.97032181599934;BLE Sniffer;iBeacon;2,4 GHz BLE;64:d1:2e:b5:04:2d;-64.0;;;;-64.0;3.9810717055349694e-10;0.000368;1.4650343876368688e-13;7.349896058228204e-11;36;0x00;37;ORANGE;False
1787669605.1168299;66.97046164699896;Simulation LoRa;LoRa;868 MHz;LoRa 868.100 MHz;-89.28087163619593;;;;-89.28087163619593;1.1800837671220457e-12;0.046335999999999995;5.4680361433367104e-14;6.060246168038451e-12;13;"SNR=4.27;SF=7;BW=125.0;CR=4/5;F=868.100;CRC=OK;PAYLOAD=54454d504f5f4c4f52415f3636";7;VERT;True
1787669605.116874;66.97050557299917;BLE Sniffer;iBeacon;2,4 GHz BLE;64:d1:2e:b5:04:2d;-64.0;;;;-64.0;3.9810717055349694e-10;0.000368;1.4650343876368688e-13;7.364546402104573e-11;36;0x00;38;ORANGE;False
1787669605.12353;66.97716380199927;BLE Sniffer;iBeacon;2,4 GHz BLE;64:d1:2e:b5:04:2d;-66.0;;;;-66.0;2.511886431509582e-10;0.000368;9.243742067955262e-14;7.373790144172528e-11;36;0x00;39;ORANGE;False
1787669605.1410441;66.99467802899926;Wi-Fi;Wi-Fi;2,4/5 GHz;wlan0;-31.0;;;;-31.0;7.943282347242822e-07;0.1;7.943282347242822e-08;4.806867873641034e-05;;;;ROUGE;False
1787669605.1954694;67.04893707299925;Simulation RF;Détection RF large bande;868 MHz;868 MHz;;2761;2.22516519296682;-45.0066077186728;-78.0066077186728;1.5824836372104837e-11;0.1;1.5824836372104838e-12;8.318468781250784e-09;;;;VERT;True
1787669605.1956224;67.04893707299925;Simulation RF;Détection RF large bande;2,45 GHz;2,45 GHz;;2780;2.2403305317450517;-45.61322126980207;-62.313221269802064;5.870537586827941e-10;0.1;5.870537586827941e-11;2.7357817578756527e-08;;;;ORANGE;True
1787669605.2042677;67.05790041499858;Wi-Fi;Wi-Fi;2,4/5 GHz;wlan0;-31.0;;;;-31.0;7.943282347242822e-07;0.1;7.943282347242822e-08;4.8148111559882765e-05;;;;ROUGE;False
1787669605.2533937;67.10702768599913;BLE Sniffer;Appareil BLE;2,4 GHz BLE;7f:c4:af:1a:e1:07;-68.0;;;;-68.0;1.584893192461111e-10;0.00028;4.43770093889111e-14;1.5067821917312388e-11;25;0x00;37;ORANGE;False
1787669605.2534842;67.10711594399982;BLE Sniffer;Appareil BLE;2,4 GHz BLE;7f:c4:af:1a:e1:07;-72.0;;;;-72.0;6.309573444801942e-11;0.00028;1.7666805645445437e-14;1.5085488722957832e-11;25;0x00;38;VERT;False
1787669605.298084;67.14908862399898;Simulation RF;Détection RF large bande;868 MHz;868 MHz;;2786;2.244768560703923;-45.79074242815692;-78.79074242815692;1.3210697774741991e-11;0.1;1.3210697774741992e-12;8.31978985102826e-09;;;;VERT;True
1787669605.299383;67.14908862399898;Simulation RF;Détection RF large bande;2,45 GHz;2,45 GHz;;2759;2.2231681318713816;-44.92672527485526;-61.62672527485526;6.875867078891966e-10;0.1;6.875867078891967e-11;2.7426576249545447e-08;;;;ORANGE;True
1787669605.3083072;67.16194081199865;Wi-Fi;Wi-Fi;2,4/5 GHz;wlan0;-31.0;;;;-31.0;7.943282347242822e-07;0.1;7.943282347242822e-08;4.822754438335519e-05;;;;ROUGE;False
1787669605.3611383;67.21477200799927;BLE Sniffer;Appareil BLE;2,4 GHz BLE;7f:c4:af:1a:e1:07;-70.0;;;;-70.0;1e-10;0.00028;2.7999999999999997e-14;1.5113488722957833e-11;25;0x00;39;ORANGE;False
1787669605.3675847;67.22121874099867;BLE Sniffer;iBeacon;2,4 GHz BLE;64:d1:2e:b5:04:2d;-64.0;;;;-64.0;3.9810717055349694e-10;0.000368;1.4650343876368688e-13;7.388440488048897e-11;36;0x00;37;ORANGE;False
1787669605.3713503;67.22498440399977;BLE Sniffer;iBeacon;2,4 GHz BLE;64:d1:2e:b5:04:2d;-64.0;;;;-64.0;3.9810717055349694e-10;0.000368;1.4650343876368688e-13;7.403090831925265e-11;36;0x00;38;ORANGE;False
1787669605.3714383;67.22506979199898;BLE Sniffer;iBeacon;2,4 GHz BLE;64:d1:2e:b5:04:2d;-66.0;;;;-66.0;2.511886431509582e-10;0.000368;9.243742067955262e-14;7.412334573993221e-11;36;0x00;39;ORANGE;False
1787669605.395734;67.2491874899988;Simulation RF;Détection RF large bande;868 MHz;868 MHz;;2721;2.192979745163534;-43.719189806541365;-76.71918980654137;2.1285360957368568e-11;0.1;2.128536095736857e-12;8.321918387123996e-09;;;;VERT;True
1787669605.3959177;67.2491874899988;Simulation RF;Détection RF large bande;2,45 GHz;2,45 GHz;;2755;2.21996721601366;-44.79868864054639;-61.49868864054638;7.08159582074747e-10;0.1;7.081595820747471e-11;2.7497392207752923e-08;;;;ORANGE;True
1787669605.4045303;67.25816261;Wi-Fi;Wi-Fi;2,4/5 GHz;wlan0;-31.0;;;;-31.0;7.943282347242822e-07;0.1;7.943282347242822e-08;4.830697720682762e-05;;;;ROUGE;False
1787669605.4973629;67.35099616299885;BLE Sniffer;Appareil BLE;2,4 GHz BLE;7f:c4:af:1a:e1:07;-68.0;;;;-68.0;1.584893192461111e-10;0.00028;4.43770093889111e-14;1.5157865732346744e-11;25;0x00;37;ORANGE;False
1787669605.5018573;67.349303727;Simulation RF;Détection RF large bande;868 MHz;868 MHz;;2855;2.300688561890855;-48.02754247563419;-81.02754247563419;7.893066329786401e-12;0.1;7.893066329786401e-13;8.322707693756974e-09;;;;VERT;True
1787669605.5166798;67.349303727;Simulation RF;Détection RF large bande;2,45 GHz;2,45 GHz;;2809;2.263562104567883;-46.54248418271531;-63.24248418271531;4.739707944172052e-10;0.1;4.739707944172053e-11;2.7544789287194642e-08;;;;ORANGE;True
1787669605.5265172;67.38015028299924;Wi-Fi;Wi-Fi;2,4/5 GHz;wlan0;-31.0;;;;-31.0;7.943282347242822e-07;0.1;7.943282347242822e-08;4.8386410030300044e-05;;;;ROUGE;False
1787669605.5959418;67.44938485300008;Simulation RF;Détection RF large bande;868 MHz;868 MHz;;2758;2.222819912780235;-44.91279651120939;-77.9127965112094;1.617038458115637e-11;0.1;1.617038458115637e-12;8.32432473221509e-09;;;;VERT;True
1787669605.5960886;67.44938485300008;Simulation RF;Détection RF large bande;2,45 GHz;2,45 GHz;;2771;2.232791620701609;-45.31166482806435;-62.011664828064355;6.292649136827342e-10;0.1;6.292649136827343e-11;2.7607715778562916e-08;;;;ORANGE;True
1787669605.611888;67.46552286099904;BLE Sniffer;Appareil BLE;2,4 GHz BLE;d3:23:2f:4d:3e:b1;-77.0;;;;-77.0;1.9952623149688828e-11;0.000376;7.502186304282999e-15;1.5830770759638692e-13;37;0x00;38;VERT;False
1787669605.611984;67.46561576699969;BLE Sniffer;Appareil BLE;2,4 GHz BLE;d3:23:2f:4d:3e:b1;-82.0;;;;-82.0;6.309573444801943e-12;0.000376;2.3723996152455303e-15;1.6068010721163246e-13;37;0x00;39;VERT;False
1787669605.6254218;67.4790558349996;BLE Sniffer;iBeacon;2,4 GHz BLE;64:d1:2e:b5:04:2d;-64.0;;;;-64.0;3.9810717055349694e-10;0.000368;1.4650343876368688e-13;7.42698491786959e-11;36;0x00;37;ORANGE;False
1787669605.6298442;67.48347861799994;Wi-Fi;Wi-Fi;2,4/5 GHz;wlan0;-31.0;;;;-31.0;7.943282347242822e-07;0.1;7.943282347242822e-08;4.846584285377247e-05;;;;ROUGE;False
1787669605.6960652;67.54948499700004;Simulation RF;Détection RF large bande;868 MHz;868 MHz;;2791;2.248929888402944;-45.957195536117766;-78.95719553611777;1.2713948455312306e-11;0.1;1.2713948455312307e-12;8.325596127060621e-09;;;;VERT;True
1787669605.6962268;67.54948499700004;Simulation RF;Détection RF large bande;2,45 GHz;2,45 GHz;;2797;2.2537667516243705;-46.15067006497482;-62.850670064974814;5.187200003990452e-10;0.1;5.1872000039904526e-11;2.765958777860282e-08;;;;ORANGE;True
1787669605.7068098;67.56044245599878;Wi-Fi;Wi-Fi;2,4/5 GHz;wlan0;-31.0;;;;-31.0;7.943282347242822e-07;0.1;7.943282347242822e-08;4.85452756772449e-05;;;;ROUGE;False
1787669605.7341127;67.5877461229993;BLE Sniffer;iBeacon;2,4 GHz BLE;64:d1:2e:b5:04:2d;-64.0;;;;-64.0;3.9810717055349694e-10;0.000368;1.4650343876368688e-13;7.441635261745958e-11;36;0x00;38;ORANGE;False
1787669605.7342045;67.58783593699991;BLE Sniffer;iBeacon;2,4 GHz BLE;64:d1:2e:b5:04:2d;-67.0;;;;-67.0;1.9952623149688828e-10;0.000368;7.342565319085489e-14;7.448977827065044e-11;36;0x00;39;ORANGE;False
1787669605.7961152;67.64956551199975;Simulation RF;Détection RF large bande;868 MHz;868 MHz;;2809;2.263671844911051;-46.54687379644203;-79.54687379644203;1.1099735255187077e-11;0.1;1.1099735255187077e-12;8.32670610058614e-09;;;;VERT;True
1787669605.7962527;67.64956551199975;Simulation RF;Détection RF large bande;2,45 GHz;2,45 GHz;;2791;2.2491550782258085;-45.96620312903234;-62.66620312903233;5.412272905384586e-10;0.1;5.4122729053845866e-11;2.7713710507656666e-08;;;;ORANGE;True
1787669605.8048964;67.65852907599947;Wi-Fi;Wi-Fi;2,4/5 GHz;wlan0;-31.0;;;;-31.0;7.943282347242822e-07;0.1;7.943282347242822e-08;4.8624708500717324e-05;;;;ROUGE;False
1787669605.8520114;67.70564437899884;BLE Sniffer;Appareil BLE;2,4 GHz BLE;7f:c4:af:1a:e1:07;-68.0;;;;-68.0;1.584893192461111e-10;0.00028;4.43770093889111e-14;1.5202242741735655e-11;25;0x00;37;ORANGE;False
1787669605.8520882;67.70571973000006;BLE Sniffer;Appareil BLE;2,4 GHz BLE;7f:c4:af:1a:e1:07;-72.0;;;;-72.0;6.309573444801942e-11;0.00028;1.7666805645445437e-14;1.52199095473811e-11;25;0x00;38;VERT;False
1787669605.861329;67.71496299299906;BLE Sniffer;Appareil BLE;2,4 GHz BLE;7f:c4:af:1a:e1:07;-69.0;;;;-69.0;1.2589254117941662e-10;0.00028;3.524991153023665e-14;1.5255159458911336e-11;25;0x00;39;ORANGE;False
1787669605.8719316;67.72556549499859;BLE Sniffer;iBeacon;2,4 GHz BLE;64:d1:2e:b5:04:2d;-64.0;;;;-64.0;3.9810717055349694e-10;0.000368;1.4650343876368688e-13;7.463628170941413e-11;36;0x00;37;ORANGE;False
1787669605.896185;67.74964598999941;Simulation RF;Détection RF large bande;868 MHz;868 MHz;;2823;2.2753079353073655;-47.01231741229462;-80.01231741229462;9.971678291909422e-12;0.1;9.971678291909423e-13;8.32770326841533e-09;;;;VERT;True
1787669605.896325;67.74964598999941;Simulation RF;Détection RF large bande;2,45 GHz;2,45 GHz;;2772;2.233909194949323;-45.35636779797292;-62.05636779797292;6.228209608671767e-10;0.1;6.228209608671767e-11;2.7775992603743384e-08;;;;ORANGE;True
1787669605.9049075;67.75854046199856;Wi-Fi;Wi-Fi;2,4/5 GHz;wlan0;-31.0;;;;-31.0;7.943282347242822e-07;0.1;7.943282347242822e-08;4.870414132418975e-05;;;;ROUGE;False
1787669605.9765494;67.83018291999906;BLE Sniffer;iBeacon;2,4 GHz BLE;64:d1:2e:b5:04:2d;-62.0;;;;-62.0;6.309573444801942e-10;0.000368;2.321923027687115e-13;7.486847401218284e-11;36;0x00;38;ORANGE;False
1787669605.98578;67.83941412799868;BLE Sniffer;iBeacon;2,4 GHz BLE;64:d1:2e:b5:04:2d;-66.0;;;;-66.0;2.511886431509582e-10;0.000368;9.243742067955262e-14;7.49609114328624e-11;36;0x00;39;ORANGE;False
1787669605.9962442;67.84972959699917;Simulation RF;Détection RF large bande;868 MHz;868 MHz;;2779;2.239111981867266;-45.56447927469064;-78.56447927469064;1.3917206541425824e-11;0.1;1.3917206541425825e-12;8.329094989069473e-09;;;;VERT;True
1787669605.996481;67.84972959699917;Simulation RF;Détection RF large bande;2,45 GHz;2,45 GHz;;2801;2.2568908340996034;-46.27563336398414;-62.975633363984144;5.040071106324548e-10;0.1;5.0400711063245485e-11;2.782639331480663e-08;;;;ORANGE;True
1787669606.0049732;67.85860599599982;Wi-Fi;Wi-Fi;2,4/5 GHz;wlan0;-31.0;;;;-31.0;7.943282347242822e-07;0.1;7.943282347242822e-08;4.878357414766218e-05;;;;ROUGE;False
1787669606.1028948;67.95652858199901;BLE Sniffer;Appareil BLE;2,4 GHz BLE;7f:c4:af:1a:e1:07;-68.0;;;;-68.0;1.584893192461111e-10;0.00028;4.43770093889111e-14;1.5299536468300247e-11;25;0x00;37;ORANGE;False
1787669606.1030385;67.95667002399932;Simulation LoRa;LoRa;868 MHz;LoRa 868.100 MHz;-84.38294549651675;;;;-84.38294549651675;3.64506645320195e-12;0.046335999999999995;1.6889779917556554e-13;6.229143967214016e-12;13;"SNR=7.87;SF=7;BW=125.0;CR=4/5;F=868.100;CRC=OK;PAYLOAD=54454d504f5f4c4f52415f3637";7;VERT;True
1787669606.110766;67.95017286599978;Simulation RF;Détection RF large bande;868 MHz;868 MHz;;2799;2.255998506922308;-46.23994027689233;-79.23994027689233;1.1912583898067572e-11;0.1;1.1912583898067573e-12;8.33028624745928e-09;;;;VERT;True
1787669606.1109245;67.95017286599978;Simulation RF;Détection RF large bande;2,45 GHz;2,45 GHz;;2784;2.2439055150895437;-45.75622060358174;-62.456220603581734;5.680387193632801e-10;0.1;5.680387193632802e-11;2.7883197186742957e-08;;;;ORANGE;True
1787669606.1196387;67.97327145099916;Wi-Fi;Wi-Fi;2,4/5 GHz;wlan0;-31.0;;;;-31.0;7.943282347242822e-07;0.1;7.943282347242822e-08;4.88630069711346e-05;;;;ROUGE;False
1787669606.196816;68.05025793599998;Simulation RF;Détection RF large bande;868 MHz;868 MHz;;2804;2.259411813324193;-46.37647253296771;-79.37647253296771;1.1543905069328736e-11;0.1;1.1543905069328737e-12;8.331440637966214e-09;;;;VERT;True
1787669606.196968;68.05025793599998;Simulation RF;Détection RF large bande;2,45 GHz;2,45 GHz;;2847;2.2946884367072875;-47.787537468291504;-64.4875374682915;3.55833025421432e-10;0.1;3.55833025421432e-11;2.79187804892851e-08;;;;ORANGE;True
1787669606.2055883;68.0592205009998;Wi-Fi;Wi-Fi;2,4/5 GHz;wlan0;-32.0;;;;-32.0;6.30957344480193e-07;0.1;6.30957344480193e-08;4.8926102705582624e-05;;;;ROUGE;False
1787669606.2197363;68.07337009499861;BLE Sniffer;iBeacon;2,4 GHz BLE;64:d1:2e:b5:04:2d;-63.0;;;;-63.0;5.011872336272714e-10;0.000368;1.8443690197483588e-13;7.514534833483723e-11;36;0x00;38;ORANGE;False
1787669606.219837;68.07346853799936;BLE Sniffer;iBeacon;2,4 GHz BLE;64:d1:2e:b5:04:2d;-66.0;;;;-66.0;2.511886431509582e-10;0.000368;9.243742067955262e-14;7.523778575551678e-11;36;0x00;39;ORANGE;False
1787669606.2968755;68.15033828499872;Simulation RF;Détection RF large bande;868 MHz;868 MHz;;2757;2.2217811113056474;-44.871244452225895;-77.8712444522259;1.6325840708945002e-11;0.1;1.6325840708945003e-12;8.333073222037108e-09;;;;VERT;True
1787669606.2970247;68.15033828499872;Simulation RF;Détection RF large bande;2,45 GHz;2,45 GHz;;2726;2.1963900486345582;-43.85560194538232;-60.55560194538232;8.799131445925926e-10;0.1;8.799131445925927e-11;2.800677180374436e-08;;;;ORANGE;True
1787669606.3055055;68.15913775899935;Wi-Fi;Wi-Fi;2,4/5 GHz;wlan0;-32.0;;;;-32.0;6.30957344480193e-07;0.1;6.30957344480193e-08;4.8989198440030644e-05;;;;ROUGE;False
1787669606.3467531;68.20038654199925;BLE Sniffer;Appareil BLE;2,4 GHz BLE;7f:c4:af:1a:e1:07;-67.0;;;;-67.0;1.9952623149688828e-10;0.00028;5.5867344819128714e-14;1.5355403813119377e-11;25;0x00;37;ORANGE;False
1787669606.3969994;68.25042620699969;Simulation RF;Détection RF large bande;868 MHz;868 MHz;;2786;2.2451360368667816;-45.80544147467127;-78.80544147467127;1.3166060685676098e-11;0.1;1.3166060685676098e-12;8.334389828105675e-09;;;;VERT;True
1787669606.3971646;68.25042620699969;Simulation RF;Détection RF large bande;2,45 GHz;2,45 GHz;;2756;2.2208830989038204;-44.83532395615282;-61.535323956152816;7.02210961295815e-10;0.1;7.02210961295815e-11;2.807699289987394e-08;;;;ORANGE;True
1787669606.4057484;68.25938088299881;Wi-Fi;Wi-Fi;2,4/5 GHz;wlan0;-32.0;;;;-32.0;6.30957344480193e-07;0.1;6.30957344480193e-08;4.9052294174478665e-05;;;;ROUGE;False
1787669606.4512863;68.30491932099903;BLE Sniffer;Appareil BLE;2,4 GHz BLE;7f:c4:af:1a:e1:07;-71.0;;;;-71.0;7.943282347242822e-11;0.00028;2.22411905722799e-14;1.5377645003691656e-11;25;0x00;38;VERT;False
1787669606.4513638;68.30499539399898;BLE Sniffer;Appareil BLE;2,4 GHz BLE;7f:c4:af:1a:e1:07;-68.0;;;;-68.0;1.584893192461111e-10;0.00028;4.43770093889111e-14;1.5422022013080567e-11;25;0x00;39;ORANGE;False
1787669606.4606311;68.314265564999;BLE Sniffer;iBeacon;2,4 GHz BLE;64:d1:2e:b5:04:2d;-64.0;;;;-64.0;3.9810717055349694e-10;0.000368;1.4650343876368688e-13;7.538428919428047e-11;36;0x00;37;ORANGE;False
1787669606.4708433;68.32447727599902;BLE Sniffer;iBeacon;2,4 GHz BLE;64:d1:2e:b5:04:2d;-63.0;;;;-63.0;5.011872336272714e-10;0.000368;1.8443690197483588e-13;7.55687260962553e-11;36;0x00;38;ORANGE;False
1787669606.497045;68.35050653699909;Simulation RF;Détection RF large bande;868 MHz;868 MHz;;2791;2.248967817245339;-45.95871268981355;-78.95871268981355;1.2709507771422777e-11;0.1;1.2709507771422778e-12;8.335660778882817e-09;;;;VERT;True
1787669606.4971795;68.35050653699909;Simulation RF;Détection RF large bande;2,45 GHz;2,45 GHz;;2793;2.251064376644624;-46.042575065784945;-62.74257506578495;5.317928494035099e-10;0.1;5.317928494035099e-11;2.813017218481429e-08;;;;ORANGE;True
1787669606.5056627;68.35929473299984;Wi-Fi;Wi-Fi;2,4/5 GHz;wlan0;-32.0;;;;-32.0;6.30957344480193e-07;0.1;6.30957344480193e-08;4.9115389908926686e-05;;;;ROUGE;False
1787669606.5753577;68.42899083299926;BLE Sniffer;iBeacon;2,4 GHz BLE;64:d1:2e:b5:04:2d;-66.0;;;;-66.0;2.511886431509582e-10;0.000368;9.243742067955262e-14;7.566116351693486e-11;36;0x00;39;ORANGE;False
1787669606.5882492;68.44188335399849;BLE Sniffer;Appareil BLE;2,4 GHz BLE;7f:c4:af:1a:e1:07;-70.0;;;;-70.0;1e-10;0.00028;2.7999999999999997e-14;1.5450022013080568e-11;25;0x00;37;ORANGE;False
1787669606.6078973;68.450614718;Simulation RF;Détection RF large bande;868 MHz;868 MHz;;2754;2.219131676677332;-44.765267067093276;-77.76526706709328;1.672912758350723e-11;0.1;1.672912758350723e-12;8.337333691641167e-09;;;;VERT;True
1787669606.608182;68.450614718;Simulation RF;Détection RF large bande;2,45 GHz;2,45 GHz;;2737;2.2057413955907412;-44.22965582362964;-60.92965582362964;8.072990057870044e-10;0.1;8.072990057870044e-11;2.821090208539299e-08;;;;ORANGE;True
1787669606.617024;68.4706562020001;Wi-Fi;Wi-Fi;2,4/5 GHz;wlan0;-31.0;;;;-31.0;7.943282347242822e-07;0.1;7.943282347242822e-08;4.919482273239911e-05;;;;ROUGE;False
1787669606.6928463;68.54647904000012;BLE Sniffer;Appareil BLE;2,4 GHz BLE;7f:c4:ef:1a:e0:47;-76.0;;;;-76.0;2.5118864315095823e-11;0.00028;7.03328200822683e-15;7.03328200822683e-15;25;0x00;38;VERT;False
1787669606.7025006;68.55613435199848;BLE Sniffer;Appareil BLE;2,4 GHz BLE;7f:c4:af:1a:e1:07;-72.0;;;;-72.0;6.309573444801942e-11;0.00028;1.7666805645445437e-14;1.546768881872601e-11;25;0x00;39;VERT;False
1787669606.702593;68.55622455499906;BLE Sniffer;iBeacon;2,4 GHz BLE;64:d1:2e:b5:04:2d;-63.0;;;;-63.0;5.011872336272714e-10;0.000368;1.8443690197483588e-13;7.584560041890969e-11;36;0x00;37;ORANGE;False
1787669606.7155206;68.55071014099849;Simulation RF;Détection RF large bande;868 MHz;868 MHz;;2778;2.2384682712803845;-45.53873085121538;-78.53873085121538;1.3999963869730618e-11;0.1;1.399996386973062e-12;8.33873368802814e-09;;;;VERT;True
1787669606.7156985;68.55071014099849;Simulation RF;Détection RF large bande;2,45 GHz;2,45 GHz;;2733;2.2027477466249596;-44.109909864998386;-60.80990986499838;8.298679907073465e-10;0.1;8.298679907073465e-11;2.8293888884463726e-08;;;;ORANGE;True
1787669606.7244627;68.57809599199936;Wi-Fi;Wi-Fi;2,4/5 GHz;wlan0;-31.0;;;;-31.0;7.943282347242822e-07;0.1;7.943282347242822e-08;4.927425555587154e-05;;;;ROUGE;False
1787669606.7973366;68.65079206299924;Simulation RF;Détection RF large bande;868 MHz;868 MHz;;2761;2.2248935110436;-44.995740441744005;-77.995740441744;1.586448417523528e-11;0.1;1.5864484175235281e-12;8.340320136445662e-09;;;;VERT;True
1787669606.7974796;68.65079206299924;Simulation RF;Détection RF large bande;2,45 GHz;2,45 GHz;;2814;2.2680168574595636;-46.720674298382534;-63.42067429838254;4.5491742284980823e-10;0.1;4.549174228498083e-11;2.8339380626748707e-08;;;;ORANGE;True
1787669606.8059855;68.65961842499928;Wi-Fi;Wi-Fi;2,4/5 GHz;wlan0;-31.0;;;;-31.0;7.943282347242822e-07;0.1;7.943282347242822e-08;4.9353688379343965e-05;;;;ROUGE;False
1787669606.8322668;68.68590036800015;BLE Sniffer;iBeacon;2,4 GHz BLE;64:d1:2e:b5:04:2d;-62.0;;;;-62.0;6.309573444801942e-10;0.000368;2.321923027687115e-13;7.60777927216784e-11;36;0x00;38;ORANGE;False
1787669606.8323903;68.68602232899866;BLE Sniffer;iBeacon;2,4 GHz BLE;64:d1:2e:b5:04:2d;-67.0;;;;-67.0;1.9952623149688828e-10;0.000368;7.342565319085489e-14;7.615121837486927e-11;36;0x00;39;ORANGE;False
1787669606.8974278;68.75087107799845;Simulation RF;Détection RF large bande;868 MHz;868 MHz;;2781;2.240929620495787;-45.63718481983149;-78.63718481983149;1.368615701079762e-11;0.1;1.3686157010797621e-12;8.341688752146743e-09;;;;VERT;True
1787669606.8975763;68.75087107799845;Simulation RF;Détection RF large bande;2,45 GHz;2,45 GHz;;2793;2.2509487415348786;-46.037949661395146;-62.73794966139515;5.323595310943901e-10;0.1;5.323595310943902e-11;2.8392616579858147e-08;;;;ORANGE;True
1787669606.9061875;68.75981990199944;Wi-Fi;Wi-Fi;2,4/5 GHz;wlan0;-31.0;;;;-31.0;7.943282347242822e-07;0.1;7.943282347242822e-08;4.943312120281639e-05;;;;ROUGE;False
1787669606.9502292;68.80386202999944;BLE Sniffer;Appareil BLE;2,4 GHz BLE;7f:c4:af:1a:e1:07;-68.0;;;;-68.0;1.584893192461111e-10;0.00028;4.43770093889111e-14;1.5512065828114922e-11;25;0x00;37;ORANGE;False
1787669606.9568114;68.81044539100003;BLE Sniffer;Appareil BLE;2,4 GHz BLE;7f:d4:2f:1a:e1:27;-72.0;;;;-72.0;6.309573444801942e-11;0.00028;1.7666805645445437e-14;1.7666805645445437e-14;25;0x00;38;VERT;False
1787669606.9602365;68.81387044799885;BLE Sniffer;Appareil BLE;2,4 GHz BLE;7f:c4:af:1a:e1:07;-68.0;;;;-68.0;1.584893192461111e-10;0.00028;4.43770093889111e-14;1.5556442837503833e-11;25;0x00;39;ORANGE;False
1787669606.997482;68.8509520560001;Simulation RF;Détection RF large bande;868 MHz;868 MHz;;2788;2.2467805895692847;-45.87122358277139;-78.87122358277139;1.2968138547273612e-11;0.1;1.2968138547273612e-12;8.34298556600147e-09;;;;VERT;True
1787669606.9976206;68.8509520560001;Simulation RF;Détection RF large bande;2,45 GHz;2,45 GHz;;2782;2.241930308095754;-45.67721232383016;-62.377212323830165;5.784672383757081e-10;0.1;5.7846723837570816e-11;2.8450463303695718e-08;;;;ORANGE;True
1787669607.0061042;68.85973710399958;Wi-Fi;Wi-Fi;2,4/5 GHz;wlan0;-31.0;;;;-31.0;7.943282347242822e-07;0.1;7.943282347242822e-08;4.951255402628882e-05;;;;ROUGE;False
1787669607.0720203;68.92565744799867;BLE Sniffer;iBeacon;2,4 GHz BLE;64:d1:2e:b5:04:2d;-63.0;;;;-63.0;5.011872336272714e-10;0.000368;1.8443690197483588e-13;7.63356552768441e-11;36;0x00;37;ORANGE;False
1787669607.0827649;68.93639824399907;BLE Sniffer;iBeacon;2,4 GHz BLE;64:d1:2e:b5:04:2d;-62.0;;;;-62.0;6.309573444801942e-10;0.000368;2.321923027687115e-13;7.656784757961281e-11;36;0x00;38;ORANGE;False
1787669607.0828621;68.93649357499999;BLE Sniffer;iBeacon;2,4 GHz BLE;64:d1:2e:b5:04:2d;-67.0;;;;-67.0;1.9952623149688828e-10;0.000368;7.342565319085489e-14;7.664127323280367e-11;36;0x00;39;ORANGE;False
1787669607.0829518;68.93658327799858;Simulation LoRa;LoRa;868 MHz;LoRa 868.100 MHz;-85.52901004401365;;;;-85.52901004401365;2.799619408363649e-12;0.046335999999999995;1.2972316490593802e-13;6.358867132119955e-12;13;"SNR=5.93;SF=7;BW=125.0;CR=4/5;F=868.100;CRC=OK;PAYLOAD=54454d504f5f4c4f52415f3638";7;VERT;True
1787669607.0976565;68.95107640399874;Simulation RF;Détection RF large bande;868 MHz;868 MHz;;2815;2.268339161200879;-46.73356644803516;-79.73356644803516;1.0632694973673886e-11;0.1;1.0632694973673887e-12;8.344048835498837e-09;;;;VERT;True
1787669607.0978055;68.95107640399874;Simulation RF;Détection RF large bande;2,45 GHz;2,45 GHz;;2734;2.2029286256140437;-44.11714502456175;-60.817145024561746;8.284866172469302e-10;0.1;8.284866172469302e-11;2.853331196542041e-08;;;;ORANGE;True
1787669607.106437;68.96006935599871;Wi-Fi;Wi-Fi;2,4/5 GHz;wlan0;-31.0;;;;-31.0;7.943282347242822e-07;0.1;7.943282347242822e-08;4.9591986849761244e-05;;;;ROUGE;False
1787669607.206773;69.06040699699952;BLE Sniffer;Appareil BLE;2,4 GHz BLE;7f:c4:af:1a:e1:07;-68.0;;;;-68.0;1.584893192461111e-10;0.00028;4.43770093889111e-14;1.5600819846892744e-11;25;0x00;37;ORANGE;False
1787669607.2113535;69.05116017799992;Simulation RF;Détection RF large bande;868 MHz;868 MHz;;2876;2.3173781975747323;-48.695127902989285;-81.69512790298928;6.768418591247184e-12;0.1;6.768418591247184e-13;8.344725677357962e-09;;;;VERT;True
1787669607.2115147;69.05116017799992;Simulation RF;Détection RF large bande;2,45 GHz;2,45 GHz;;2736;2.204459449304318;-44.178377972172726;-60.87837797217273;8.168874101652381e-10;0.1;8.168874101652382e-11;2.8615000706436935e-08;;;;ORANGE;True
1787669607.2200706;69.0737036419996;Wi-Fi;Wi-Fi;2,4/5 GHz;wlan0;-31.0;;;;-31.0;7.943282347242822e-07;0.1;7.943282347242822e-08;4.967141967323367e-05;;;;ROUGE;False
1787669607.2977982;69.15124171199932;Simulation RF;Détection RF large bande;868 MHz;868 MHz;;2757;2.2219853661966944;-44.879414647867776;-77.87941464786778;1.6295156477214473e-11;0.1;1.6295156477214474e-12;8.346355193005683e-09;;;;VERT;True
1787669607.297949;69.15124171199932;Simulation RF;Détection RF large bande;2,45 GHz;2,45 GHz;;2831;2.2812675923949683;-47.250703695798734;-63.95070369579873;4.0265178658710647e-10;0.1;4.026517865871065e-11;2.8655265885095646e-08;;;;ORANGE;True
1787669607.3065784;69.16021059099876;Wi-Fi;Wi-Fi;2,4/5 GHz;wlan0;-31.0;;;;-31.0;7.943282347242822e-07;0.1;7.943282347242822e-08;4.97508524967061e-05;;;;ROUGE;False
1787669607.321058;69.17469208699913;BLE Sniffer;iBeacon;2,4 GHz BLE;64:d1:2e:b5:04:2d;-62.0;;;;-62.0;6.309573444801942e-10;0.000368;2.321923027687115e-13;7.687346553557239e-11;36;0x00;38;ORANGE;False
1787669607.3311708;69.18480400399858;BLE Sniffer;iBeacon;2,4 GHz BLE;64:d1:2e:b5:04:2d;-67.0;;;;-67.0;1.9952623149688828e-10;0.000368;7.342565319085489e-14;7.694689118876325e-11;36;0x00;39;ORANGE;False
1787669607.3979037;69.25133317099971;Simulation RF;Détection RF large bande;868 MHz;868 MHz;;2689;2.1670543150034605;-42.682172600138415;-75.68217260013841;2.7026060210816876e-11;0.1;2.702606021081688e-12;8.349057799026765e-09;;;;VERT;True
1787669607.3980675;69.25133317099971;Simulation RF;Détection RF large bande;2,45 GHz;2,45 GHz;;2823;2.2745668184337595;-46.98267273735037;-63.682672737350366;4.282848639831135e-10;0.1;4.282848639831135e-11;2.8698094371493957e-08;;;;ORANGE;True
1787669607.4066088;69.26024169899938;Wi-Fi;Wi-Fi;2,4/5 GHz;wlan0;-31.0;;;;-31.0;7.943282347242822e-07;0.1;7.943282347242822e-08;4.9830285320178524e-05;;;;ROUGE;False
1787669607.4486012;69.30223543399916;BLE Sniffer;Appareil BLE;2,4 GHz BLE;7f:c4:af:1a:e1:07;-68.0;;;;-68.0;1.584893192461111e-10;0.00028;4.43770093889111e-14;1.5645196856281655e-11;25;0x00;37;ORANGE;False
1787669607.4980257;69.35142294599973;Simulation RF;Détection RF large bande;868 MHz;868 MHz;;2767;2.2298781203014526;-45.1951248120581;-78.1951248120581;1.5152612559214664e-11;0.1;1.5152612559214666e-12;8.350573060282687e-09;;;;VERT;True
1787669607.4981806;69.35142294599973;Simulation RF;Détection RF large bande;2,45 GHz;2,45 GHz;;2753;2.2186969991826007;-44.74787996730403;-61.44787996730403;7.164930849471447e-10;0.1;7.164930849471448e-11;2.8769743679988673e-08;;;;ORANGE;True
1787669607.5067687;69.3604014349985;Wi-Fi;Wi-Fi;2,4/5 GHz;wlan0;-31.0;;;;-31.0;7.943282347242822e-07;0.1;7.943282347242822e-08;4.990971814365095e-05;;;;ROUGE;False
1787669607.5532048;69.40683765599897;BLE Sniffer;Appareil BLE;2,4 GHz BLE;7f:c4:af:1a:e1:07;-71.0;;;;-71.0;7.943282347242822e-11;0.00028;2.22411905722799e-14;1.5667438046853933e-11;25;0x00;38;VERT;False
1787669607.5532784;69.40691006299858;BLE Sniffer;Appareil BLE;2,4 GHz BLE;7f:c4:af:1a:e1:07;-68.0;;;;-68.0;1.584893192461111e-10;0.00028;4.43770093889111e-14;1.5711815056242844e-11;25;0x00;39;ORANGE;False
1787669607.56278;69.41641404399888;BLE Sniffer;Appareil BLE;2,4 GHz BLE;d3:23:2f:4d:3e:b1;-77.0;;;;-77.0;1.9952623149688828e-11;0.000376;7.502186304282999e-15;1.6818229351591547e-13;37;0x00;37;VERT;False
1787669607.5980434;69.45150140499936;Simulation RF;Détection RF large bande;868 MHz;868 MHz;;2768;2.2307883771008257;-45.23153508403303;-78.23153508403303;1.5026107501586465e-11;0.1;1.5026107501586466e-12;8.352075671032847e-09;;;;VERT;True
1787669607.5981762;69.45150140499936;Simulation RF;Détection RF large bande;2,45 GHz;2,45 GHz;;2848;2.2947027637590014;-47.78811055036006;-64.48811055036006;3.5578607385264203e-10;0.1;3.55786073852642e-11;2.8805322287373936e-08;;;;ORANGE;True
1787669607.606703;69.46033611899838;Wi-Fi;Wi-Fi;2,4/5 GHz;wlan0;-31.0;;;;-31.0;7.943282347242822e-07;0.1;7.943282347242822e-08;4.998915096712338e-05;;;;ROUGE;False
1787669607.6844683;69.5381009269986;BLE Sniffer;iBeacon;2,4 GHz BLE;64:d1:2e:b5:04:2d;-62.0;;;;-62.0;6.309573444801942e-10;0.000368;2.321923027687115e-13;7.717908349153196e-11;36;0x00;38;ORANGE;False
1787669607.6845334;69.53816468500008;BLE Sniffer;iBeacon;2,4 GHz BLE;64:d1:2e:b5:04:2d;-66.0;;;;-66.0;2.511886431509582e-10;0.000368;9.243742067955262e-14;7.727152091221152e-11;36;0x00;39;ORANGE;False
1787669607.7013938;69.55502881099892;BLE Sniffer;Appareil BLE;2,4 GHz BLE;7f:c4:af:1a:e1:07;-68.0;;;;-68.0;1.584893192461111e-10;0.00028;4.43770093889111e-14;1.5756192065631755e-11;25;0x00;37;ORANGE;False
1787669607.7078793;69.55176241799927;Simulation RF;Détection RF large bande;868 MHz;868 MHz;;2783;2.2425128331961552;-45.70051332784621;-78.70051332784621;1.3488034471583554e-11;0.1;1.3488034471583555e-12;8.353424474480004e-09;;;;VERT;True
1787669607.7081985;69.55176241799927;Simulation RF;Détection RF large bande;2,45 GHz;2,45 GHz;;2791;2.248938255524911;-45.95753022099643;-62.657530220996435;5.423092072640282e-10;0.1;5.4230920726402825e-11;2.885955320810034e-08;;;;ORANGE;True
1787669607.717651;69.57128337299946;Wi-Fi;Wi-Fi;2,4/5 GHz;wlan0;-31.0;;;;-31.0;7.943282347242822e-07;0.1;7.943282347242822e-08;5.00685837905958e-05;;;;ROUGE;False
1787669607.7983947;69.65184135900017;Simulation RF;Détection RF large bande;868 MHz;868 MHz;;2685;2.1637197616063957;-42.548790464255816;-75.54879046425582;2.7868972278696284e-11;0.1;2.7868972278696287e-12;8.356211371707874e-09;;;;VERT;True
1787669607.7985423;69.65184135900017;Simulation RF;Détection RF large bande;2,45 GHz;2,45 GHz;;2848;2.2948105068908;-47.792420275632;-64.492420275632;3.554331843402143e-10;0.1;3.554331843402143e-11;2.889509652653436e-08;;;;ORANGE;True
1787669607.8070889;69.66072166499907;Wi-Fi;Wi-Fi;2,4/5 GHz;wlan0;-31.0;;;;-31.0;7.943282347242822e-07;0.1;7.943282347242822e-08;5.014801661406823e-05;;;;ROUGE;False
1787669607.817193;69.67082669299998;BLE Sniffer;Appareil BLE;2,4 GHz BLE;7f:c4:af:1a:e1:07;-71.0;;;;-71.0;7.943282347242822e-11;0.00028;2.22411905722799e-14;1.5778433256204034e-11;25;0x00;38;VERT;False
1787669607.8172874;69.67091883899957;BLE Sniffer;Appareil BLE;2,4 GHz BLE;7f:c4:af:1a:e1:07;-68.0;;;;-68.0;1.584893192461111e-10;0.00028;4.43770093889111e-14;1.5822810265592944e-11;25;0x00;39;ORANGE;False
1787669607.899716;69.751987095;Simulation RF;Détection RF large bande;868 MHz;868 MHz;;2808;2.262840978356997;-46.51363913427987;-79.51363913427987;1.1185002527522153e-11;0.1;1.1185002527522154e-12;8.357329871960626e-09;;;;VERT;True
1787669607.910869;69.751987095;Simulation RF;Détection RF large bande;2,45 GHz;2,45 GHz;;2775;2.236323953363664;-45.45295813454656;-62.152958134546566;6.091218612927966e-10;0.1;6.091218612927967e-11;2.895600871266364e-08;;;;ORANGE;True
1787669607.9215314;69.77516454899887;Wi-Fi;Wi-Fi;2,4/5 GHz;wlan0;-31.0;;;;-31.0;7.943282347242822e-07;0.1;7.943282347242822e-08;5.0227449437540656e-05;;;;ROUGE;False
1787669607.9357202;69.78935373499917;BLE Sniffer;iBeacon;2,4 GHz BLE;64:d1:2e:b5:04:2d;-63.0;;;;-63.0;5.011872336272714e-10;0.000368;1.8443690197483588e-13;7.745595781418635e-11;36;0x00;37;ORANGE;False
1787669607.9358003;69.78943175299901;BLE Sniffer;iBeacon;2,4 GHz BLE;64:d1:2e:b5:04:2d;-62.0;;;;-62.0;6.309573444801942e-10;0.000368;2.321923027687115e-13;7.768815011695506e-11;36;0x00;38;ORANGE;False
1787669607.9358394;69.78947097399941;BLE Sniffer;iBeacon;2,4 GHz BLE;64:d1:2e:b5:04:2d;-67.0;;;;-67.0;1.9952623149688828e-10;0.000368;7.342565319085489e-14;7.776157577014592e-11;36;0x00;39;ORANGE;False
1787669607.9986198;69.85207940599867;Simulation RF;Détection RF large bande;868 MHz;868 MHz;;2763;2.2268134821295447;-45.072539285181776;-78.07253928518178;1.5586409114488527e-11;0.1;1.5586409114488528e-12;8.358888512872075e-09;;;;VERT;True
1787669607.9987593;69.85207940599867;Simulation RF;Détection RF large bande;2,45 GHz;2,45 GHz;;2757;2.2216704198356196;-44.86681679342479;-61.566816793424785;6.97137300930149e-10;0.1;6.97137300930149e-11;2.9025722442756657e-08;;;;ORANGE;True
1787669608.0068705;69.86050327500016;Wi-Fi;Wi-Fi;2,4/5 GHz;wlan0;-31.0;;;;-31.0;7.943282347242822e-07;0.1;7.943282347242822e-08;5.030688226101308e-05;;;;ROUGE;False
1787669608.0570939;69.9107282519999;BLE Sniffer;Appareil BLE;2,4 GHz BLE;7f:c4:af:1a:e1:07;-68.0;;;;-68.0;1.584893192461111e-10;0.00028;4.43770093889111e-14;1.5867187274981855e-11;25;0x00;37;ORANGE;False
1787669608.0667214;69.9203551949995;BLE Sniffer;Appareil BLE;2,4 GHz BLE;7f:c4:af:5a:e1:07;-72.0;;;;-72.0;6.309573444801942e-11;0.00028;1.7666805645445437e-14;1.7666805645445437e-14;25;0x00;38;VERT;False
1787669608.066863;69.92049482199945;Simulation LoRa;LoRa;868 MHz;LoRa 868.100 MHz;-87.9580616322443;;;;-87.9580616322443;1.6002721117683026e-12;0.046335999999999995;7.415020857089607e-14;6.4330173406908505e-12;13;"SNR=6.00;SF=7;BW=125.0;CR=4/5;F=868.100;CRC=OK;PAYLOAD=54454d504f5f4c4f52415f3639";7;VERT;True
1787669608.0669096;69.92054095099957;BLE Sniffer;Appareil BLE;2,4 GHz BLE;7f:c4:af:1a:e1:07;-68.0;;;;-68.0;1.584893192461111e-10;0.00028;4.43770093889111e-14;1.5911564284370766e-11;25;0x00;39;ORANGE;False
1787669608.0986898;69.95215908799946;Simulation RF;Détection RF large bande;868 MHz;868 MHz;;2673;2.1536630782624395;-42.14652313049757;-75.14652313049757;3.0573677975108754e-11;0.1;3.0573677975108757e-12;8.361945880669586e-09;;;;VERT;True
1787669608.0988376;69.95215908799946;Simulation RF;Détection RF large bande;2,45 GHz;2,45 GHz;;2783;2.2425587252321124;-45.70234900928449;-62.402349009284485;5.751287779002715e-10;0.1;5.751287779002715e-11;2.9083235320546684e-08;;;;ORANGE;True
1787669608.1159604;69.96959300199887;Wi-Fi;Wi-Fi;2,4/5 GHz;wlan0;-31.0;;;;-31.0;7.943282347242822e-07;0.1;7.943282347242822e-08;5.038631508448551e-05;;;;ROUGE;False
1787669608.1912916;70.04492579199905;BLE Sniffer;iBeacon;2,4 GHz BLE;64:d1:2e:b5:04:2d;-63.0;;;;-63.0;5.011872336272714e-10;0.000368;1.8443690197483588e-13;7.794601267212076e-11;36;0x00;37;ORANGE;False
1787669608.1913865;70.0450179749987;BLE Sniffer;iBeacon;2,4 GHz BLE;64:d1:2e:b5:04:2d;-62.0;;;;-62.0;6.309573444801942e-10;0.000368;2.321923027687115e-13;7.817820497488947e-11;36;0x00;38;ORANGE;False
1787669608.1995254;70.05237719399884;Simulation RF;Détection RF large bande;868 MHz;868 MHz;;2795;2.2525737975483024;-46.10295190193209;-79.10295190193209;1.2294328405896797e-11;0.1;1.22943284058968e-12;8.363175313510177e-09;;;;VERT;True
1787669608.19968;70.05237719399884;Simulation RF;Détection RF large bande;2,45 GHz;2,45 GHz;;2753;2.218808458503362;-44.752338340134486;-61.45233834013449;7.157579261206537e-10;0.1;7.157579261206538e-11;2.915481111315875e-08;;;;ORANGE;True
1787669608.2080603;70.06169299300018;Wi-Fi;Wi-Fi;2,4/5 GHz;wlan0;-31.0;;;;-31.0;7.943282347242822e-07;0.1;7.943282347242822e-08;5.0465747907957936e-05;;;;ROUGE;False
1787669608.299;70.1524557649991;Simulation RF;Détection RF large bande;868 MHz;868 MHz;;2728;2.198628890001393;-43.94515560005571;-76.94515560005571;2.020619035477906e-11;0.1;2.020619035477906e-12;8.365195932545655e-09;;;;VERT;True
1787669608.299141;70.1524557649991;Simulation RF;Détection RF large bande;2,45 GHz;2,45 GHz;;2785;2.244187046178017;-45.76748184712068;-62.46748184712067;5.665677045755958e-10;0.1;5.665677045755958e-11;2.921146788361631e-08;;;;ORANGE;True
1787669608.3089094;70.16254277400003;BLE Sniffer;Appareil BLE;2,4 GHz BLE;7f:c4:af:1a:e1:07;-68.0;;;;-68.0;1.584893192461111e-10;0.00028;4.43770093889111e-14;1.5955941293759677e-11;25;0x00;39;ORANGE;False
1787669608.3372161;70.19084872199892;Wi-Fi;Wi-Fi;2,4/5 GHz;wlan0;-31.0;;;;-31.0;7.943282347242822e-07;0.1;7.943282347242822e-08;5.054518073143036e-05;;;;ROUGE;False
1787669608.3992517;70.25269259299967;Simulation RF;Détection RF large bande;868 MHz;868 MHz;;2646;2.1319523627204027;-41.278094508816096;-74.2780945088161;3.734139593093185e-11;0.1;3.734139593093185e-12;8.368930072138748e-09;;;;VERT;True
1787669608.39941;70.25269259299967;Simulation RF;Détection RF large bande;2,45 GHz;2,45 GHz;;2787;2.246088048056041;-45.843521922241635;-62.54352192224164;5.567340808849578e-10;0.1;5.5673408088495785e-11;2.9267141291704805e-08;;;;ORANGE;True
1787669608.4079432;70.26157543599948;Wi-Fi;Wi-Fi;2,4/5 GHz;wlan0;-31.0;;;;-31.0;7.943282347242822e-07;0.1;7.943282347242822e-08;5.062461355490279e-05;;;;ROUGE;False
1787669608.4337788;70.28741247799917;BLE Sniffer;iBeacon;2,4 GHz BLE;64:d1:2e:b5:04:2d;-63.0;;;;-63.0;5.011872336272714e-10;0.000368;1.8443690197483588e-13;7.83626418768643e-11;36;0x00;37;ORANGE;False
1787669608.4993184;70.35276782999972;Simulation RF;Détection RF large bande;868 MHz;868 MHz;;2696;2.172782913644748;-42.911316545789916;-75.91131654578992;2.563706741593605e-11;0.1;2.5637067415936053e-12;8.371493778880341e-09;;;;VERT;True
1787669608.4994624;70.35276782999972;Simulation RF;Détection RF large bande;2,45 GHz;2,45 GHz;;2828;2.278683114126341;-47.14732456505364;-63.84732456505364;4.1235146655117126e-10;0.1;4.1235146655117126e-11;2.9308376438359923e-08;;;;ORANGE;True
1787669608.5079117;70.36154395299855;Wi-Fi;Wi-Fi;2,4/5 GHz;wlan0;-31.0;;;;-31.0;7.943282347242822e-07;0.1;7.943282347242822e-08;5.0704046378375215e-05;;;;ROUGE;False
1787669608.553039;70.4066725649991;BLE Sniffer;iBeacon;2,4 GHz BLE;64:d1:2e:b5:04:2d;-62.0;;;;-62.0;6.309573444801942e-10;0.000368;2.321923027687115e-13;7.859483417963302e-11;36;0x00;38;ORANGE;False
1787669608.5531034;70.40673480399892;BLE Sniffer;iBeacon;2,4 GHz BLE;64:d1:2e:b5:04:2d;-67.0;;;;-67.0;1.9952623149688828e-10;0.000368;7.342565319085489e-14;7.866825983282388e-11;36;0x00;39;ORANGE;False
1787669608.562784;70.41641728299874;BLE Sniffer;Appareil BLE;2,4 GHz BLE;7f:c4:af:1a:e1:07;-68.0;;;;-68.0;1.584893192461111e-10;0.00028;4.43770093889111e-14;1.6000318303148588e-11;25;0x00;37;ORANGE;False
1787669608.5698576;70.42349224699865;BLE Sniffer;Appareil BLE;2,4 GHz BLE;7f:c4:af:18:e1:07;-71.0;;;;-71.0;7.943282347242822e-11;0.00028;2.22411905722799e-14;5.02411905722799e-14;25;0x00;38;VERT;False
1787669608.5770862;70.4307209489998;BLE Sniffer;Appareil BLE;2,4 GHz BLE;7f:c4:af:1a:e1:07;-68.0;;;;-68.0;1.584893192461111e-10;0.00028;4.43770093889111e-14;1.60446953125375e-11;25;0x00;39;ORANGE;False
1787669608.599409;70.45285286399849;Simulation RF;Détection RF large bande;868 MHz;868 MHz;;2672;2.1531715199670205;-42.12686079868082;-75.12686079868082;3.07124116479732e-11;0.1;3.07124116479732e-12;8.374565020045138e-09;;;;VERT;True
1787669608.5995626;70.45285286399849;Simulation RF;Détection RF large bande;2,45 GHz;2,45 GHz;;2805;2.260692556714307;-46.42770226857226;-63.12770226857226;4.866646183172829e-10;0.1;4.866646183172829e-11;2.9357042900191653e-08;;;;ORANGE;True
1787669608.6082811;70.46191357499993;Wi-Fi;Wi-Fi;2,4/5 GHz;wlan0;-31.0;;;;-31.0;7.943282347242822e-07;0.1;7.943282347242822e-08;5.078347920184764e-05;;;;ROUGE;False
1787669608.6994834;70.55293774899837;Simulation RF;Détection RF large bande;868 MHz;868 MHz;;2780;2.240316844758526;-45.61267379034105;-78.61267379034105;1.3763618329666499e-11;0.1;1.37636183296665e-12;8.375941381878105e-09;;;;VERT;True
1787669608.6996403;70.55293774899837;Simulation RF;Détection RF large bande;2,45 GHz;2,45 GHz;;2789;2.247923123050961;-45.91692492203843;-62.61692492203843;5.474034217416e-10;0.1;5.4740342174159996e-11;2.941178324236581e-08;;;;ORANGE;True
1787669608.708481;70.5621138839997;Wi-Fi;Wi-Fi;2,4/5 GHz;wlan0;-31.0;;;;-31.0;7.943282347242822e-07;0.1;7.943282347242822e-08;5.086291202532007e-05;;;;ROUGE;False
1787669608.8027744;70.65640795299987;BLE Sniffer;iBeacon;2,4 GHz BLE;64:d1:2e:b5:04:2d;-63.0;;;;-63.0;5.011872336272714e-10;0.000368;1.8443690197483588e-13;7.885269673479871e-11;36;0x00;37;ORANGE;False
1787669608.8028657;70.65649708099954;BLE Sniffer;iBeacon;2,4 GHz BLE;64:d1:2e:b5:04:2d;-62.0;;;;-62.0;6.309573444801942e-10;0.000368;2.321923027687115e-13;7.908488903756743e-11;36;0x00;38;ORANGE;False
1787669608.8029063;70.65653770999961;BLE Sniffer;iBeacon;2,4 GHz BLE;64:d1:2e:b5:04:2d;-67.0;;;;-67.0;1.9952623149688828e-10;0.000368;7.342565319085489e-14;7.915831469075829e-11;36;0x00;39;ORANGE;False
1787669608.8136606;70.66729481999937;BLE Sniffer;Appareil BLE;2,4 GHz BLE;7f:c4:af:1a:e1:07;-68.0;;;;-68.0;1.584893192461111e-10;0.00028;4.43770093889111e-14;1.608907232192641e-11;25;0x00;37;ORANGE;False
1787669608.818406;70.65304846799881;Simulation RF;Détection RF large bande;868 MHz;868 MHz;;2764;2.227527467009584;-45.10109868038336;-78.10109868038336;1.5484248480558497e-11;0.1;1.5484248480558499e-12;8.377489806726161e-09;;;;VERT;True
1787669608.8204515;70.65304846799881;Simulation RF;Détection RF large bande;2,45 GHz;2,45 GHz;;2802;2.2582192318170744;-46.328769272682976;-63.02876927268298;4.978781564083097e-10;0.1;4.9787815640830975e-11;2.946157105800664e-08;;;;ORANGE;True
1787669608.8289914;70.68262378500003;Wi-Fi;Wi-Fi;2,4/5 GHz;wlan0;-31.0;;;;-31.0;7.943282347242822e-07;0.1;7.943282347242822e-08;5.0942344848792494e-05;;;;ROUGE;False
1787669608.899674;70.75312714999927;Simulation RF;Détection RF large bande;868 MHz;868 MHz;;2758;2.222258545017062;-44.89034180068248;-77.89034180068248;1.625420826008399e-11;0.1;1.6254208260083992e-12;8.379115227552169e-09;;;;VERT;True
1787669608.899823;70.75312714999927;Simulation RF;Détection RF large bande;2,45 GHz;2,45 GHz;;2773;2.2342505978554565;-45.37002391421825;-62.070023914218254;6.208656154537875e-10;0.1;6.208656154537875e-11;2.952365761955202e-08;;;;ORANGE;True
1787669608.908289;70.76192153199918;Wi-Fi;Wi-Fi;2,4/5 GHz;wlan0;-31.0;;;;-31.0;7.943282347242822e-07;0.1;7.943282347242822e-08;5.102177767226492e-05;;;;ROUGE;False
1787669608.9279714;70.78160526200008;BLE Sniffer;Appareil BLE;2,4 GHz BLE;7f:c6:af:1a:e1:07;-71.0;;;;-71.0;7.943282347242822e-11;0.00028;2.22411905722799e-14;2.22411905722799e-14;25;0x00;38;VERT;False
1787669608.9280684;70.78170000099999;BLE Sniffer;Appareil BLE;2,4 GHz BLE;7f:c4:af:1a:e1:07;-68.0;;;;-68.0;1.584893192461111e-10;0.00028;4.43770093889111e-14;1.613344933131532e-11;25;0x00;39;ORANGE;False
1787669608.9997728;70.8532103689995;Simulation RF;Détection RF large bande;868 MHz;868 MHz;;2792;2.2503341356740605;-46.01336542696242;-79.01336542696242;1.2550570202463632e-11;0.1;1.2550570202463633e-12;8.380370284572415e-09;;;;VERT;True
1787669608.9999328;70.8532103689995;Simulation RF;Détection RF large bande;2,45 GHz;2,45 GHz;;2864;2.307867203796965;-48.3146881518786;-65.0146881518786;3.151600674920565e-10;0.1;3.151600674920565e-11;2.9555173626301225e-08;;;;ORANGE;True
1787669609.008864;70.86249650199898;Wi-Fi;Wi-Fi;2,4/5 GHz;wlan0;-31.0;;;;-31.0;7.943282347242822e-07;0.1;7.943282347242822e-08;5.110121049573735e-05;;;;ROUGE;False
1787669609.0533679;70.90700182699948;BLE Sniffer;iBeacon;2,4 GHz BLE;64:d1:2e:b5:04:2d;-63.0;;;;-63.0;5.011872336272714e-10;0.000368;1.8443690197483588e-13;7.934275159273312e-11;36;0x00;37;ORANGE;False
1787669609.0568998;70.91053469799954;BLE Sniffer;iBeacon;2,4 GHz BLE;64:d1:2e:b5:04:2d;-62.0;;;;-62.0;6.309573444801942e-10;0.000368;2.321923027687115e-13;7.957494389550183e-11;36;0x00;38;ORANGE;False
1787669609.0570376;70.91066925199993;Simulation LoRa;LoRa;868 MHz;LoRa 868.100 MHz;-94.3077781995061;;;;-94.3077781995061;3.7087040628183953e-13;0.046335999999999995;1.7184651145475314e-14;6.4502019918363256e-12;13;"SNR=8.63;SF=7;BW=125.0;CR=4/5;F=868.100;CRC=OK;PAYLOAD=54454d504f5f4c4f52415f3730";7;VERT;True
1787669609.0570805;70.91071219599871;BLE Sniffer;iBeacon;2,4 GHz BLE;64:d1:2e:b5:04:2d;-66.0;;;;-66.0;2.511886431509582e-10;0.000368;9.243742067955262e-14;7.966738131618139e-11;36;0x00;39;ORANGE;False
1787669609.0998323;70.95328710699869;Simulation RF;Détection RF large bande;868 MHz;868 MHz;;2666;2.1481256997677742;-41.92502799071097;-74.92502799071097;3.217341796541148e-11;0.1;3.2173417965411482e-12;8.383587626368956e-09;;;;VERT;True
1787669609.0999775;70.95328710699869;Simulation RF;Détection RF large bande;2,45 GHz;2,45 GHz;;2825;2.276232102390726;-47.049284095629034;-63.74928409562904;4.2176602290593506e-10;0.1;4.2176602290593506e-11;2.9597350228591818e-08;;;;ORANGE;True
1787669609.1105552;70.96418719599933;Wi-Fi;Wi-Fi;2,4/5 GHz;wlan0;-31.0;;;;-31.0;7.943282347242822e-07;0.1;7.943282347242822e-08;5.1180643319209774e-05;;;;ROUGE;False
1787669609.1723585;71.02599210399967;BLE Sniffer;Appareil BLE;2,4 GHz BLE;7f:c4:af:1a:e1:07;-68.0;;;;-68.0;1.584893192461111e-10;0.00028;4.43770093889111e-14;1.617782634070423e-11;25;0x00;37;ORANGE;False
1787669609.1786203;71.03225467299853;BLE Sniffer;Appareil BLE;2,4 GHz BLE;7f:c4:af:1a:e1:07;-71.0;;;;-71.0;7.943282347242822e-11;0.00028;2.22411905722799e-14;1.620006753127651e-11;25;0x00;38;VERT;False
1787669609.182326;71.03596002299855;BLE Sniffer;Appareil BLE;2,4 GHz BLE;7f:c4:af:1a:e1:07;-68.0;;;;-68.0;1.584893192461111e-10;0.00028;4.43770093889111e-14;1.624444454066542e-11;25;0x00;39;ORANGE;False
1787669609.2095277;71.05351358299959;Simulation RF;Détection RF large bande;868 MHz;868 MHz;;2720;2.192128225202051;-43.68512900808204;-76.68512900808204;2.145295388422046e-11;0.1;2.145295388422046e-12;8.385732921757379e-09;;;;VERT;True
1787669609.2215357;71.05351358299959;Simulation RF;Détection RF large bande;2,45 GHz;2,45 GHz;;2771;2.233121025852881;-45.32484103411524;-62.02484103411524;6.273586589281361e-10;0.1;6.273586589281361e-11;2.9660086094484633e-08;;;;ORANGE;True
1787669609.2309225;71.08455524700003;Wi-Fi;Wi-Fi;2,4/5 GHz;wlan0;-31.0;;;;-31.0;7.943282347242822e-07;0.1;7.943282347242822e-08;5.12600761426822e-05;;;;ROUGE;False
1787669609.3037994;71.15743279799972;BLE Sniffer;iBeacon;2,4 GHz BLE;64:d1:2e:b5:04:2d;-63.0;;;;-63.0;5.011872336272714e-10;0.000368;1.8443690197483588e-13;7.985181821815622e-11;36;0x00;37;ORANGE;False
1787669609.3086088;71.15414758999941;Simulation RF;Détection RF large bande;868 MHz;868 MHz;;2741;2.208754864468994;-44.350194578759755;-77.35019457875975;1.840689530444263e-11;0.1;1.8406895304442633e-12;8.387573611287823e-09;;;;VERT;True
1787669609.3087595;71.15414758999941;Simulation RF;Détection RF large bande;2,45 GHz;2,45 GHz;;2769;2.231737262311872;-45.26949049247487;-61.96949049247487;6.354054722599892e-10;0.1;6.354054722599892e-11;2.972362664171063e-08;;;;ORANGE;True
1787669609.317419;71.17105121499844;Wi-Fi;Wi-Fi;2,4/5 GHz;wlan0;-31.0;;;;-31.0;7.943282347242822e-07;0.1;7.943282347242822e-08;5.133950896615463e-05;;;;ROUGE;False
1787669609.4008167;71.25424795599974;Simulation RF;Détection RF large bande;868 MHz;868 MHz;;2714;2.1870573518203704;-43.48229407281481;-76.48229407281481;2.247866901919287e-11;0.1;2.247866901919287e-12;8.389821478189742e-09;;;;VERT;True
1787669609.4009802;71.25424795599974;Simulation RF;Détection RF large bande;2,45 GHz;2,45 GHz;;2813;2.2665312536135156;-46.66125014454062;-63.36125014454062;4.6118480044651016e-10;0.1;4.611848004465102e-11;2.976974512175528e-08;;;;ORANGE;True
1787669609.4151027;71.26873797199914;BLE Sniffer;iBeacon;2,4 GHz BLE;64:d1:2e:b5:04:2d;-62.0;;;;-62.0;6.309573444801942e-10;0.000368;2.321923027687115e-13;8.008401052092494e-11;36;0x00;38;ORANGE;False
1787669609.4186988;71.27233239699854;BLE Sniffer;iBeacon;2,4 GHz BLE;64:d1:2e:b5:04:2d;-67.0;;;;-67.0;1.9952623149688828e-10;0.000368;7.342565319085489e-14;8.01574361741158e-11;36;0x00;39;ORANGE;False
1787669609.4187918;71.27242332199967;BLE Sniffer;Appareil BLE;2,4 GHz BLE;7f:c4:af:1a:e1:07;-68.0;;;;-68.0;1.584893192461111e-10;0.00028;4.43770093889111e-14;1.628882155005433e-11;25;0x00;37;ORANGE;False
1787669609.425872;71.27950672999941;BLE Sniffer;Appareil BLE;2,4 GHz BLE;7f:c4:af:1a:e1:07;-72.0;;;;-72.0;6.309573444801942e-11;0.00028;1.7666805645445437e-14;1.6306488355699775e-11;25;0x00;38;VERT;False
1787669609.4403284;71.29396213399923;BLE Sniffer;Appareil BLE;2,4 GHz BLE;7f:c4:af:1a:e1:07;-68.0;;;;-68.0;1.584893192461111e-10;0.00028;4.43770093889111e-14;1.6350865365088686e-11;25;0x00;39;ORANGE;False
1787669609.4452317;71.29886652099958;Wi-Fi;Wi-Fi;2,4/5 GHz;wlan0;-31.0;;;;-31.0;7.943282347242822e-07;0.1;7.943282347242822e-08;5.141894178962705e-05;;;;ROUGE;False
1787669609.5008996;71.35433525000008;Simulation RF;Détection RF large bande;868 MHz;868 MHz;;2734;2.2034311425517275;-44.137245702069094;-77.1372457020691;1.9331939609695446e-11;0.1;1.9331939609695446e-12;8.391754672150713e-09;;;;VERT;True
1787669609.5010595;71.35433525000008;Simulation RF;Détection RF large bande;2,45 GHz;2,45 GHz;;2790;2.248267132439129;-45.93068529756515;-62.630685297565144;5.456717496986078e-10;0.1;5.4567174969860785e-11;2.982431229672514e-08;;;;ORANGE;True
1787669609.5096264;71.36325894399852;Wi-Fi;Wi-Fi;2,4/5 GHz;wlan0;-31.0;;;;-31.0;7.943282347242822e-07;0.1;7.943282347242822e-08;5.149837461309948e-05;;;;ROUGE;False
1787669609.5586147;71.41224851399966;BLE Sniffer;Appareil BLE;2,4 GHz BLE;d3:23:2f:4d:3e:b1;-78.0;;;;-78.0;1.5848931924611107e-11;0.000376;5.959198403653776e-15;1.7414149191956924e-13;37;0x00;37;VERT;False
1787669609.6009588;71.45441956099967;Simulation RF;Détection RF large bande;868 MHz;868 MHz;;2710;2.1837635302665332;-43.35054121066132;-76.35054121066132;2.3171058780410305e-11;0.1;2.3171058780410306e-12;8.394071778028753e-09;;;;VERT;True
1787669609.60111;71.45441956099967;Simulation RF;Détection RF large bande;2,45 GHz;2,45 GHz;;2792;2.2503474234966903;-46.01389693986761;-62.7138969398676;5.353161008974047e-10;0.1;5.353161008974047e-11;2.987784390681488e-08;;;;ORANGE;True
1787669609.609633;71.46326614600002;Wi-Fi;Wi-Fi;2,4/5 GHz;wlan0;-31.0;;;;-31.0;7.943282347242822e-07;0.1;7.943282347242822e-08;5.1577807436571906e-05;;;;ROUGE;False
1787669609.6867383;71.54037214900018;BLE Sniffer;Appareil BLE;2,4 GHz BLE;7f:c4:af:1a:e1:07;-71.0;;;;-71.0;7.943282347242822e-11;0.00028;2.22411905722799e-14;1.6373106555660965e-11;25;0x00;38;VERT;False
1787669609.6868296;71.54046103600012;BLE Sniffer;Appareil BLE;2,4 GHz BLE;7f:c4:af:1a:e1:07;-68.0;;;;-68.0;1.584893192461111e-10;0.00028;4.43770093889111e-14;1.6417483565049876e-11;25;0x00;39;ORANGE;False
1787669609.701061;71.55450931699852;Simulation RF;Détection RF large bande;868 MHz;868 MHz;;2672;2.1534299030302924;-42.13719612121169;-75.13719612121169;3.063940927466978e-11;0.1;3.0639409274669782e-12;8.39713571895622e-09;;;;VERT;True
1787669609.7012208;71.55450931699852;Simulation RF;Détection RF large bande;2,45 GHz;2,45 GHz;;2861;2.305315638581939;-48.21262554327757;-64.91262554327757;3.2265429135710943e-10;0.1;3.226542913571094e-11;2.991010933595059e-08;;;;ORANGE;True
1787669609.7101197;71.56375206199846;Wi-Fi;Wi-Fi;2,4/5 GHz;wlan0;-31.0;;;;-31.0;7.943282347242822e-07;0.1;7.943282347242822e-08;5.165724026004433e-05;;;;ROUGE;False
1787669609.8064055;71.65553020699917;Simulation RF;Détection RF large bande;868 MHz;868 MHz;;2733;2.202659389121595;-44.1063755648638;-77.1063755648638;1.9469842732035954e-11;0.1;1.9469842732035954e-12;8.399082703229423e-09;;;;VERT;True
1787669609.8065853;71.65553020699917;Simulation RF;Détection RF large bande;2,45 GHz;2,45 GHz;;2815;2.2687775737860636;-46.75110295144253;-63.451102951442536;4.5174120382280264e-10;0.1;4.5174120382280264e-11;2.995528345633287e-08;;;;ORANGE;True
1787669609.8151505;71.66878333400018;Wi-Fi;Wi-Fi;2,4/5 GHz;wlan0;-31.0;;;;-31.0;7.943282347242822e-07;0.1;7.943282347242822e-08;5.173667308351676e-05;;;;ROUGE;False
1787669609.9021442;71.75561274099891;Simulation RF;Détection RF large bande;868 MHz;868 MHz;;2727;2.1978751399466536;-43.91500559786614;-76.91500559786614;2.0346955732151085e-11;0.1;2.0346955732151087e-12;8.401117398802639e-09;;;;VERT;True
1787669609.9023387;71.75561274099891;Simulation RF;Détection RF large bande;2,45 GHz;2,45 GHz;;2824;2.27541579873719;-47.01663194948759;-63.716631949487585;4.2494899360653504e-10;0.1;4.2494899360653504e-11;2.9997778355693524e-08;;;;ORANGE;True
1787669609.918744;71.77237799799877;BLE Sniffer;iBeacon;2,4 GHz BLE;64:d1:2e:b5:04:2d;-64.0;;;;-64.0;3.9810717055349694e-10;0.000368;1.4650343876368688e-13;8.030393961287948e-11;36;0x00;37;ORANGE;False
1787669609.918839;71.77247069999976;BLE Sniffer;iBeacon;2,4 GHz BLE;64:d1:2e:b5:04:2d;-62.0;;;;-62.0;6.309573444801942e-10;0.000368;2.321923027687115e-13;8.05361319156482e-11;36;0x00;38;ORANGE;False
1787669609.9262414;71.77987495599882;BLE Sniffer;iBeacon;2,4 GHz BLE;64:d1:2e:b5:04:2d;-67.0;;;;-67.0;1.9952623149688828e-10;0.000368;7.342565319085489e-14;8.060955756883906e-11;36;0x00;39;ORANGE;False
1787669609.938872;71.79250714799855;Wi-Fi;Wi-Fi;2,4/5 GHz;wlan0;-31.0;;;;-31.0;7.943282347242822e-07;0.1;7.943282347242822e-08;5.1816105906989186e-05;;;;ROUGE;False
1787669610.002233;71.85569220099933;Simulation RF;Détection RF large bande;868 MHz;868 MHz;;2679;2.158909204976471;-42.356368199058835;-75.35636819905883;2.913152232238714e-11;0.1;2.9131522322387145e-12;8.404030551034878e-09;;;;VERT;True
1787669610.0023699;71.85569220099933;Simulation RF;Détection RF large bande;2,45 GHz;2,45 GHz;;2771;2.2327049952367672;-45.30819980947068;-62.008199809470675;6.297671730414055e-10;0.1;6.297671730414056e-11;3.006075507299766e-08;;;;ORANGE;True
1787669610.010945;71.86457752499882;Wi-Fi;Wi-Fi;2,4/5 GHz;wlan0;-31.0;;;;-31.0;7.943282347242822e-07;0.1;7.943282347242822e-08;5.189553873046161e-05;;;;ROUGE;False
1787669610.038901;71.89253488599934;BLE Sniffer;Appareil BLE;2,4 GHz BLE;7f:c4:af:1a:e1:07;-68.0;;;;-68.0;1.584893192461111e-10;0.00028;4.43770093889111e-14;1.6461860574438786e-11;25;0x00;37;ORANGE;False
1787669610.0417745;71.89540954499898;BLE Sniffer;Appareil BLE;2,4 GHz BLE;7f:c4:af:1a:e1:07;-71.0;;;;-71.0;7.943282347242822e-11;0.00028;2.22411905722799e-14;1.6484101765011065e-11;25;0x00;38;VERT;False
1787669610.0418656;71.89549702499971;BLE Sniffer;Appareil BLE;2,4 GHz BLE;7f:c4:af:1a:e1:07;-68.0;;;;-68.0;1.584893192461111e-10;0.00028;4.43770093889111e-14;1.6528478774399976e-11;25;0x00;39;ORANGE;False
1787669610.0630987;71.91673230599918;Simulation LoRa;LoRa;868 MHz;LoRa 868.100 MHz;-91.75288518293459;;;;-91.75288518293459;6.679000588119452e-13;0.046335999999999995;3.094781712511029e-14;6.481149808961436e-12;13;"SNR=5.99;SF=7;BW=125.0;CR=4/5;F=868.100;CRC=OK;PAYLOAD=54454d504f5f4c4f52415f3731";7;VERT;True
1787669610.108583;71.9558611779994;Simulation RF;Détection RF large bande;868 MHz;868 MHz;;2607;2.101184605128514;-40.047384205140546;-73.04738420514055;4.9574869481294086e-11;0.1;4.9574869481294086e-12;8.408988037983008e-09;;;;VERT;True
1787669610.1208196;71.9558611779994;Simulation RF;Détection RF large bande;2,45 GHz;2,45 GHz;;2856;2.301698634426965;-48.0679453770786;-64.7679453770786;3.3358419225496575e-10;0.1;3.3358419225496576e-11;3.009411349222316e-08;;;;ORANGE;True
1787669610.1316736;71.98530621899954;Wi-Fi;Wi-Fi;2,4/5 GHz;wlan0;-31.0;;;;-31.0;7.943282347242822e-07;0.1;7.943282347242822e-08;5.197497155393404e-05;;;;ROUGE;False
1787669610.177969;72.03160286899947;BLE Sniffer;iBeacon;2,4 GHz BLE;64:d1:2e:b5:04:2d;-63.0;;;;-63.0;5.011872336272714e-10;0.000368;1.8443690197483588e-13;8.079399447081389e-11;36;0x00;37;ORANGE;False
1787669610.178064;72.03169579299902;BLE Sniffer;iBeacon;2,4 GHz BLE;64:d1:2e:b5:04:2d;-62.0;;;;-62.0;6.309573444801942e-10;0.000368;2.321923027687115e-13;8.10261867735826e-11;36;0x00;38;ORANGE;False
1787669610.2025416;72.05597295199914;Simulation RF;Détection RF large bande;868 MHz;868 MHz;;2663;2.145780124014709;-41.83120496058835;-74.83120496058835;3.287604028485737e-11;0.1;3.2876040284857372e-12;8.412275642011494e-09;;;;VERT;True
1787669610.202673;72.05597295199914;Simulation RF;Détection RF large bande;2,45 GHz;2,45 GHz;;2815;2.2682387117261626;-46.729548469046506;-63.42954846904651;4.5398881488897623e-10;0.1;4.5398881488897624e-11;3.0139512373712055e-08;;;;ORANGE;True
1787669610.2114792;72.06511147599849;Wi-Fi;Wi-Fi;2,4/5 GHz;wlan0;-31.0;;;;-31.0;7.943282347242822e-07;0.1;7.943282347242822e-08;5.2054404377406465e-05;;;;ROUGE;False
1787669610.2866602;72.14029373199992;BLE Sniffer;iBeacon;2,4 GHz BLE;64:d1:2e:b5:04:2d;-67.0;;;;-67.0;1.9952623149688828e-10;0.000368;7.342565319085489e-14;8.109961242677346e-11;36;0x00;39;ORANGE;False
1787669610.2964766;72.15011089399923;BLE Sniffer;Appareil BLE;2,4 GHz BLE;7f:c4:af:1a:e1:07;-68.0;;;;-68.0;1.584893192461111e-10;0.00028;4.43770093889111e-14;1.6572855783788887e-11;25;0x00;37;ORANGE;False
1787669610.3048701;72.15607917099987;Simulation RF;Détection RF large bande;868 MHz;868 MHz;;2730;2.200331452783892;-44.01325811135567;-77.01325811135567;1.9891804802410508e-11;0.1;1.9891804802410508e-12;8.414264822491734e-09;;;;VERT;True
1787669610.3050141;72.15607917099987;Simulation RF;Détection RF large bande;2,45 GHz;2,45 GHz;;2859;2.3036654589814596;-48.14661835925838;-64.84661835925839;3.2759567847910294e-10;0.1;3.2759567847910296e-11;3.017227194155997e-08;;;;ORANGE;True
1787669610.3248248;72.17845776699869;Wi-Fi;Wi-Fi;2,4/5 GHz;wlan0;-31.0;;;;-31.0;7.943282347242822e-07;0.1;7.943282347242822e-08;5.213383720087889e-05;;;;ROUGE;False
1787669610.4027455;72.25617977899856;Simulation RF;Détection RF large bande;868 MHz;868 MHz;;2741;2.208788311422854;-44.35153245691416;-77.35153245691416;1.8401225789542123e-11;0.1;1.8401225789542124e-12;8.416104945070689e-09;;;;VERT;True
1787669610.402911;72.25617977899856;Simulation RF;Détection RF large bande;2,45 GHz;2,45 GHz;;2829;2.2795823265379123;-47.183293061516494;-63.8832930615165;4.089504532328469e-10;0.1;4.089504532328469e-11;3.0213166986883256e-08;;;;ORANGE;True
1787669610.4241073;72.27774122099981;Wi-Fi;Wi-Fi;2,4/5 GHz;wlan0;-31.0;;;;-31.0;7.943282347242822e-07;0.1;7.943282347242822e-08;5.221327002435132e-05;;;;ROUGE;False
1787669610.50281;72.35626066499935;Simulation RF;Détection RF large bande;868 MHz;868 MHz;;2661;2.1440849157784014;-41.76339663113606;-74.76339663113606;3.33933767193004e-11;0.1;3.33933767193004e-12;8.419444282742619e-09;;;;VERT;True
1787669610.5029485;72.35626066499935;Simulation RF;Détection RF large bande;2,45 GHz;2,45 GHz;;2846;2.2933716213207838;-47.73486485283135;-64.43486485283135;3.6017495842764275e-10;0.1;3.601749584276428e-11;3.024918448272602e-08;;;;ORANGE;True
1787669610.5115159;72.36514904499927;Wi-Fi;Wi-Fi;2,4/5 GHz;wlan0;-31.0;;;;-31.0;7.943282347242822e-07;0.1;7.943282347242822e-08;5.2292702847823744e-05;;;;ROUGE;False
1787669610.5268586;72.38049245399998;BLE Sniffer;iBeacon;2,4 GHz BLE;64:d1:2e:b5:04:2d;-62.0;;;;-62.0;6.309573444801942e-10;0.000368;2.321923027687115e-13;8.133180472954218e-11;36;0x00;38;ORANGE;False
1787669610.5269527;72.38058435999847;BLE Sniffer;iBeacon;2,4 GHz BLE;64:d1:2e:b5:04:2d;-67.0;;;;-67.0;1.9952623149688828e-10;0.000368;7.342565319085489e-14;8.140523038273304e-11;36;0x00;39;ORANGE;False
1787669610.5269938;72.38062519300001;BLE Sniffer;Appareil BLE;2,4 GHz BLE;7f:c4:af:1a:e1:07;-68.0;;;;-68.0;1.584893192461111e-10;0.00028;4.43770093889111e-14;1.6617232793177797e-11;25;0x00;37;ORANGE;False
1787669610.5379312;72.39156481899954;BLE Sniffer;Appareil BLE;2,4 GHz BLE;7f:c4:af:1a:e1:07;-71.0;;;;-71.0;7.943282347242822e-11;0.00028;2.22411905722799e-14;1.6639473983750076e-11;25;0x00;38;VERT;False
1787669610.5526195;72.40625320099934;BLE Sniffer;Appareil BLE;2,4 GHz BLE;7f:c4:af:1a:e1:07;-68.0;;;;-68.0;1.584893192461111e-10;0.00028;4.43770093889111e-14;1.6683850993138987e-11;25;0x00;39;ORANGE;False
1787669610.6029081;72.45634508799958;Simulation RF;Détection RF large bande;868 MHz;868 MHz;;2711;2.1849409052360342;-43.39763620944136;-76.39763620944136;2.292114872224499e-11;0.1;2.2921148722244993e-12;8.421736397614842e-09;;;;VERT;True
1787669610.6030734;72.45634508799958;Simulation RF;Détection RF large bande;2,45 GHz;2,45 GHz;;2825;2.276160937799261;-47.046437511970424;-63.74643751197043;4.2204256011023965e-10;0.1;4.2204256011023967e-11;3.0291388738737046e-08;;;;ORANGE;True
1787669610.6130404;72.46667342699948;Wi-Fi;Wi-Fi;2,4/5 GHz;wlan0;-31.0;;;;-31.0;7.943282347242822e-07;0.1;7.943282347242822e-08;5.237213567129617e-05;;;;ROUGE;False
1787669610.7029958;72.55642934399839;Simulation RF;Détection RF large bande;868 MHz;868 MHz;;2717;2.1896028324933203;-43.584113299732806;-76.5841132997328;2.1957792162380594e-11;0.1;2.1957792162380596e-12;8.423932176831081e-09;;;;VERT;True
1787669610.7031553;72.55642934399839;Simulation RF;Détection RF large bande;2,45 GHz;2,45 GHz;;2884;2.3243621586336363;-48.97448634534544;-65.67448634534544;2.707393397486367e-10;0.1;2.7073933974863674e-11;3.031846267271191e-08;;;;ORANGE;True
1787669610.7134619;72.56709462199979;Wi-Fi;Wi-Fi;2,4/5 GHz;wlan0;-31.0;;;;-31.0;7.943282347242822e-07;0.1;7.943282347242822e-08;5.24515684947686e-05;;;;ROUGE;False
1787669610.775295;72.62892867799928;BLE Sniffer;iBeacon;2,4 GHz BLE;64:d1:2e:b5:04:2d;-63.0;;;;-63.0;5.011872336272714e-10;0.000368;1.8443690197483588e-13;8.158966728470787e-11;36;0x00;37;ORANGE;False
1787669610.7790463;72.63268078599867;BLE Sniffer;iBeacon;2,4 GHz BLE;64:d1:2e:b5:04:2d;-62.0;;;;-62.0;6.309573444801942e-10;0.000368;2.321923027687115e-13;8.182185958747658e-11;36;0x00;38;ORANGE;False
1787669610.7828195;72.63645381999959;BLE Sniffer;iBeacon;2,4 GHz BLE;64:d1:2e:b5:04:2d;-67.0;;;;-67.0;1.9952623149688828e-10;0.000368;7.342565319085489e-14;8.189528524066744e-11;36;0x00;39;ORANGE;False
1787669610.8075678;72.65651958099988;Simulation RF;Détection RF large bande;868 MHz;868 MHz;;2580;2.0792326517761146;-39.16930607104457;-72.16930607104457;6.068332835134643e-11;0.1;6.068332835134643e-12;8.430000509666216e-09;;;;VERT;True
1787669610.8088923;72.65651958099988;Simulation RF;Détection RF large bande;2,45 GHz;2,45 GHz;;2844;2.2915510248882707;-47.66204099553083;-64.36204099553083;3.662654053545992e-10;0.1;3.6626540535459924e-11;3.035508921324737e-08;;;;ORANGE;True
1787669610.8176067;72.67124031499952;Wi-Fi;Wi-Fi;2,4/5 GHz;wlan0;-31.0;;;;-31.0;7.943282347242822e-07;0.1;7.943282347242822e-08;5.2531001318241024e-05;;;;ROUGE;False
1787669610.8914828;72.74511603499923;BLE Sniffer;Appareil BLE;2,4 GHz BLE;7f:c4:af:1a:e1:07;-68.0;;;;-68.0;1.584893192461111e-10;0.00028;4.43770093889111e-14;1.6728228002527898e-11;25;0x00;37;ORANGE;False
1787669610.9015;72.75513397199938;BLE Sniffer;Appareil BLE;2,4 GHz BLE;7f:c4:af:1a:e1:07;-71.0;;;;-71.0;7.943282347242822e-11;0.00028;2.22411905722799e-14;1.6750469193100176e-11;25;0x00;38;VERT;False
1787669610.9015934;72.75522496999838;BLE Sniffer;Appareil BLE;2,4 GHz BLE;7f:c4:af:1a:e1:07;-68.0;;;;-68.0;1.584893192461111e-10;0.00028;4.43770093889111e-14;1.6794846202489087e-11;25;0x00;39;ORANGE;False
1787669610.9135885;72.75664559599863;Simulation RF;Détection RF large bande;868 MHz;868 MHz;;2678;2.157693005992166;-42.30772023968663;-75.30772023968663;2.9459676671942956e-11;0.1;2.9459676671942957e-12;8.432946477333411e-09;;;;VERT;True
1787669610.9137425;72.75664559599863;Simulation RF;Détection RF large bande;2,45 GHz;2,45 GHz;;2870;2.312619526319171;-48.504781052766845;-65.20478105276685;3.016628951058938e-10;0.1;3.0166289510589383e-11;3.0385255502757957e-08;;;;ORANGE;True
1787669610.9223163;72.77594929599945;Wi-Fi;Wi-Fi;2,4/5 GHz;wlan0;-31.0;;;;-31.0;7.943282347242822e-07;0.1;7.943282347242822e-08;5.261043414171345e-05;;;;ROUGE;False
1787669611.0032656;72.85672155599968;Simulation RF;Détection RF large bande;868 MHz;868 MHz;;2637;2.125153679100078;-41.00614716400311;-74.00614716400311;3.975440736141621e-11;0.1;3.975440736141621e-12;8.436921918069553e-09;;;;VERT;True
1787669611.0034006;72.85672155599968;Simulation RF;Détection RF large bande;2,45 GHz;2,45 GHz;;2867;2.3104061036378947;-48.41624414551579;-65.1162441455158;3.0787582276106505e-10;0.1;3.078758227610651e-11;3.0416043085034064e-08;;;;ORANGE;True
1787669611.0349038;72.88853759799895;BLE Sniffer;iBeacon;2,4 GHz BLE;64:d1:2e:b5:04:2d;-63.0;;;;-63.0;5.011872336272714e-10;0.000368;1.8443690197483588e-13;8.207972214264228e-11;36;0x00;37;ORANGE;False
1787669611.0421717;72.89580537399888;BLE Sniffer;iBeacon;2,4 GHz BLE;64:d1:2e:b5:04:2d;-62.0;;;;-62.0;6.309573444801942e-10;0.000368;2.321923027687115e-13;8.231191444541099e-11;36;0x00;38;ORANGE;False
1787669611.042265;72.89589631699891;BLE Sniffer;iBeacon;2,4 GHz BLE;64:d1:2e:b5:04:2d;-66.0;;;;-66.0;2.511886431509582e-10;0.000368;9.243742067955262e-14;8.240435186609055e-11;36;0x00;39;ORANGE;False
1787669611.0423052;72.89593670499926;BLE Sniffer;Appareil BLE;2,4 GHz BLE;7f:c4:af:1a:e1:07;-67.0;;;;-67.0;1.9952623149688828e-10;0.00028;5.5867344819128714e-14;1.6850713547308217e-11;25;0x00;37;ORANGE;False
1787669611.0566387;72.91027259299881;Simulation LoRa;LoRa;868 MHz;LoRa 868.100 MHz;-84.75857954513421;;;;-84.75857954513421;3.3430436368343453e-12;0.046335999999999995;1.549032699563562e-13;6.636053078917792e-12;13;"SNR=6.47;SF=7;BW=125.0;CR=4/5;F=868.100;CRC=OK;PAYLOAD=54454d504f5f4c4f52415f3732";7;VERT;True
1787669611.0241988;72.87783100499837;Wi-Fi;Wi-Fi;2,4/5 GHz;wlan0;-31.0;;;;-31.0;7.943282347242822e-07;0.1;7.943282347242822e-08;5.268986696518588e-05;;;;ROUGE;False
1787669611.103359;72.95680471999913;Simulation RF;Détection RF large bande;868 MHz;868 MHz;;2671;2.152595105638343;-42.10380422553372;-75.10380422553372;3.087589657091752e-11;0.1;3.0875896570917526e-12;8.440009507726646e-09;;;;VERT;True
1787669611.1035056;72.95680471999913;Simulation RF;Détection RF large bande;2,45 GHz;2,45 GHz;;2868;2.3108254218322535;-48.43301687329013;-65.13301687329013;3.0668907995978795e-10;0.1;3.0668907995978796e-11;3.0446711993030046e-08;;;;ORANGE;True
1787669611.1119697;72.96560261999912;Wi-Fi;Wi-Fi;2,4/5 GHz;wlan0;-31.0;;;;-31.0;7.943282347242822e-07;0.1;7.943282347242822e-08;5.27692997886583e-05;;;;ROUGE;False
1787669611.2034128;73.05688588399971;Simulation RF;Détection RF large bande;868 MHz;868 MHz;;2790;2.2480719309126136;-45.92287723650453;-78.92287723650453;1.2814813095010046e-11;0.1;1.2814813095010046e-12;8.441290989036147e-09;;;;VERT;True
1787669611.2035701;73.05688588399971;Simulation RF;Détection RF large bande;2,45 GHz;2,45 GHz;;2852;2.2983205152470774;-47.932820609883095;-64.6328206098831;3.4412635862061413e-10;0.1;3.4412635862061413e-11;3.0481124628892105e-08;;;;ORANGE;True
1787669611.2121382;73.06577080099851;Wi-Fi;Wi-Fi;2,4/5 GHz;wlan0;-31.0;;;;-31.0;7.943282347242822e-07;0.1;7.943282347242822e-08;5.284873261213073e-05;;;;ROUGE;False
1787669611.2865283;73.14016175399956;BLE Sniffer;iBeacon;2,4 GHz BLE;64:d1:2e:b5:04:2d;-62.0;;;;-62.0;6.309573444801942e-10;0.000368;2.321923027687115e-13;8.263654416885926e-11;36;0x00;38;ORANGE;False
1787669611.3034775;73.15696525099884;Simulation RF;Détection RF large bande;868 MHz;868 MHz;;2645;2.131797630428831;-41.27190521715323;-74.27190521715323;3.739465047709048e-11;0.1;3.7394650477090486e-12;8.445030454083856e-09;;;;VERT;True
1787669611.3036284;73.15696525099884;Simulation RF;Détection RF large bande;2,45 GHz;2,45 GHz;;2908;2.3437316107617012;-49.749264430468045;-66.44926443046805;2.2650279054742843e-10;0.1;2.2650279054742845e-11;3.0503774907946846e-08;;;;ORANGE;True
1787669611.3121767;73.16580933600017;Wi-Fi;Wi-Fi;2,4/5 GHz;wlan0;-31.0;;;;-31.0;7.943282347242822e-07;0.1;7.943282347242822e-08;5.2928165435603156e-05;;;;ROUGE;False
1787669611.3986518;73.25228515599883;BLE Sniffer;iBeacon;2,4 GHz BLE;64:d1:2e:b5:04:2d;-67.0;;;;-67.0;1.9952623149688828e-10;0.000368;7.342565319085489e-14;8.270996982205012e-11;36;0x00;39;ORANGE;False
1787669611.4078217;73.25709709999865;Simulation RF;Détection RF large bande;868 MHz;868 MHz;;2625;2.1150427807614296;-40.601711230457184;-73.60171123045718;4.363438678074495e-11;0.1;4.363438678074495e-12;8.449393892761931e-09;;;;VERT;True
1787669611.4079893;73.25709709999865;Simulation RF;Détection RF large bande;2,45 GHz;2,45 GHz;;2821;2.2731538924378922;-46.92615569751568;-63.62615569751568;4.338947848919251e-10;0.1;4.338947848919251e-11;3.054716438643604e-08;;;;ORANGE;True
1787669611.416966;73.27059870399899;Wi-Fi;Wi-Fi;2,4/5 GHz;wlan0;-31.0;;;;-31.0;7.943282347242822e-07;0.1;7.943282347242822e-08;5.300759825907558e-05;;;;ROUGE;False
1787669611.503761;73.35718728199936;Simulation RF;Détection RF large bande;868 MHz;868 MHz;;2694;2.1706456515644654;-42.825826062578614;-75.82582606257861;2.6146730692638966e-11;0.1;2.6146730692638966e-12;8.452008565831195e-09;;;;VERT;True
1787669611.5039237;73.35718728199936;Simulation RF;Détection RF large bande;2,45 GHz;2,45 GHz;;2872;2.3141042800200835;-48.564171200803344;-65.26417120080335;2.9756570733443483e-10;0.1;2.9756570733443484e-11;3.057692095716948e-08;;;;ORANGE;True
1787669611.5267591;73.38039421699978;Wi-Fi;Wi-Fi;2,4/5 GHz;wlan0;-31.0;;;;-31.0;7.943282347242822e-07;0.1;7.943282347242822e-08;5.308703108254801e-05;;;;ROUGE;False
1787669611.6038136;73.45726792699861;Simulation RF;Détection RF large bande;868 MHz;868 MHz;;2683;2.162380851070298;-42.495234042811916;-75.49523404281192;2.8214775285850357e-11;0.1;2.821477528585036e-12;8.45483004335978e-09;;;;VERT;True
1787669611.6039505;73.45726792699861;Simulation RF;Détection RF large bande;2,45 GHz;2,45 GHz;;2816;2.26955279893057;-46.782111957222796;-63.48211195722279;4.4852721984225415e-10;0.1;4.485272198422542e-11;3.062177367915371e-08;;;;ORANGE;True
1787669611.612456;73.46608862299945;Wi-Fi;Wi-Fi;2,4/5 GHz;wlan0;-31.0;;;;-31.0;7.943282347242822e-07;0.1;7.943282347242822e-08;5.3166463906020436e-05;;;;ROUGE;False
1787669611.6295536;73.48318748699967;BLE Sniffer;Appareil BLE;2,4 GHz BLE;d3:23:2f:4d:3e:b1;-77.0;;;;-77.0;1.9952623149688828e-11;0.000376;7.502186304282999e-15;1.8164367822385225e-13;37;0x00;37;VERT;False
1787669611.629645;73.48327652199987;BLE Sniffer;Appareil BLE;2,4 GHz BLE;d3:23:2f:4d:3e:b1;-77.0;;;;-77.0;1.9952623149688828e-11;0.000376;7.502186304282999e-15;1.8914586452813525e-13;37;0x00;38;VERT;False
1787669611.6296875;73.48331889200017;BLE Sniffer;Appareil BLE;2,4 GHz BLE;d3:23:2b:4d:3e:b1;-86.0;;;;-86.0;2.5118864315095823e-12;0.000376;9.44469298247603e-16;9.44469298247603e-16;37;0x00;39;VERT;False
1787669611.640709;73.49434246099918;BLE Sniffer;Appareil BLE;2,4 GHz BLE;7f:c4:af:1a:e1:07;-68.0;;;;-68.0;1.584893192461111e-10;0.00028;4.43770093889111e-14;1.6895090556697128e-11;25;0x00;37;ORANGE;False
1787669611.6555061;73.50914008200016;BLE Sniffer;iBeacon;2,4 GHz BLE;64:d1:2e:b5:04:2d;-62.0;;;;-62.0;6.309573444801942e-10;0.000368;2.321923027687115e-13;8.294216212481883e-11;36;0x00;38;ORANGE;False
1787669611.7039108;73.55735310899945;Simulation RF;Détection RF large bande;868 MHz;868 MHz;;2624;2.1144920330137587;-40.57968132055035;-73.57968132055035;4.385628777484209e-11;0.1;4.385628777484209e-12;8.459215672137264e-09;;;;VERT;True
1787669611.7040691;73.55735310899945;Simulation RF;Détection RF large bande;2,45 GHz;2,45 GHz;;2831;2.2814495478939203;-47.257981915756815;-63.95798191575682;4.019775588183928e-10;0.1;4.019775588183928e-11;3.066197143503555e-08;;;;ORANGE;True
1787669611.7143207;73.56795333299851;Wi-Fi;Wi-Fi;2,4/5 GHz;wlan0;-31.0;;;;-31.0;7.943282347242822e-07;0.1;7.943282347242822e-08;5.324589672949286e-05;;;;ROUGE;False
1787669611.7605062;73.61413950299902;BLE Sniffer;iBeacon;2,4 GHz BLE;64:d1:2e:b5:04:2d;-67.0;;;;-67.0;1.9952623149688828e-10;0.000368;7.342565319085489e-14;8.30155877780097e-11;36;0x00;39;ORANGE;False
1787669611.8039515;73.65743193999879;Simulation RF;Détection RF large bande;868 MHz;868 MHz;;2628;2.117426936262741;-40.69707745050964;-73.69707745050964;4.268666786388912e-11;0.1;4.268666786388912e-12;8.463484338923652e-09;;;;VERT;True
1787669611.804103;73.65743193999879;Simulation RF;Détection RF large bande;2,45 GHz;2,45 GHz;;2780;2.240072092756193;-45.60288371024771;-62.30288371024771;5.88452793641786e-10;0.1;5.88452793641786e-11;3.0720816714399726e-08;;;;ORANGE;True
1787669611.8126872;73.66631961599887;Wi-Fi;Wi-Fi;2,4/5 GHz;wlan0;-31.0;;;;-31.0;7.943282347242822e-07;0.1;7.943282347242822e-08;5.332532955296529e-05;;;;ROUGE;False
1787669611.8857224;73.73935614599941;BLE Sniffer;Appareil BLE;2,4 GHz BLE;7f:c4:af:1a:e1:07;-68.0;;;;-68.0;1.584893192461111e-10;0.00028;4.43770093889111e-14;1.693946756608604e-11;25;0x00;37;ORANGE;False
1787669611.8858156;73.73944718099847;BLE Sniffer;Appareil BLE;2,4 GHz BLE;7f:c4:af:1a:e1:07;-71.0;;;;-71.0;7.943282347242822e-11;0.00028;2.22411905722799e-14;1.6961708756658317e-11;25;0x00;38;VERT;False
1787669611.9107533;73.75753784399967;Simulation RF;Détection RF large bande;868 MHz;868 MHz;;2650;2.135805195253422;-41.43220781013687;-74.43220781013687;3.603953832985995e-11;0.1;3.603953832985995e-12;8.467088292756638e-09;;;;VERT;True
1787669611.9110544;73.75753784399967;Simulation RF;Détection RF large bande;2,45 GHz;2,45 GHz;;2777;2.2375165160741064;-45.50066064296425;-62.200660642964245;6.024679324863566e-10;0.1;6.024679324863567e-11;3.078106350764836e-08;;;;ORANGE;True
1787669611.9197805;73.77341374499883;Wi-Fi;Wi-Fi;2,4/5 GHz;wlan0;-31.0;;;;-31.0;7.943282347242822e-07;0.1;7.943282347242822e-08;5.3404762376437715e-05;;;;ROUGE;False
1787669611.994289;73.84792236300018;BLE Sniffer;Appareil BLE;2,4 GHz BLE;7f:c4:af:1a:e1:07;-68.0;;;;-68.0;1.584893192461111e-10;0.00028;4.43770093889111e-14;1.7006085766047228e-11;25;0x00;39;ORANGE;False
1787669612.004548;73.85818179499984;BLE Sniffer;iBeacon;2,4 GHz BLE;64:d1:2e:b5:04:2d;-63.0;;;;-63.0;5.011872336272714e-10;0.000368;1.8443690197483588e-13;8.320002467998453e-11;36;0x00;37;ORANGE;False
1787669612.0046847;73.85831644099926;BLE Sniffer;iBeacon;2,4 GHz BLE;64:d1:2e:b5:04:2d;-62.0;;;;-62.0;6.309573444801942e-10;0.000368;2.321923027687115e-13;8.343221698275324e-11;36;0x00;38;ORANGE;False
1787669612.0047257;73.85835706999933;BLE Sniffer;iBeacon;2,4 GHz BLE;64:d1:2e:b5:04:2d;-67.0;;;;-67.0;1.9952623149688828e-10;0.000368;7.342565319085489e-14;8.35056426359441e-11;36;0x00;39;ORANGE;False
1787669612.0206404;73.85822927599838;Simulation RF;Détection RF large bande;868 MHz;868 MHz;;2659;2.1425680219720813;-41.70272087888324;-74.70272087888324;3.386319348922719e-11;0.1;3.3863193489227193e-12;8.470474612105561e-09;;;;VERT;True
1787669612.0207944;73.85822927599838;Simulation RF;Détection RF large bande;2,45 GHz;2,45 GHz;;2880;2.3205655168217487;-48.822620672869945;-65.52262067286995;2.80374125954914e-10;0.1;2.80374125954914e-11;3.080910092024385e-08;;;;ORANGE;True
1787669612.0294456;73.88307772299959;Wi-Fi;Wi-Fi;2,4/5 GHz;wlan0;-31.0;;;;-31.0;7.943282347242822e-07;0.1;7.943282347242822e-08;5.348419519991014e-05;;;;ROUGE;False
1787669612.104839;73.95830527399994;Simulation RF;Détection RF large bande;868 MHz;868 MHz;;2635;2.1238397018266544;-40.95358807306617;-73.95358807306617;4.023844532175878e-11;0.1;4.023844532175878e-12;8.474498456637737e-09;;;;VERT;True
1787669612.1049745;73.95830527399994;Simulation RF;Détection RF large bande;2,45 GHz;2,45 GHz;;2858;2.3029344728022254;-48.11737891208901;-64.81737891208901;3.298087008418555e-10;0.1;3.298087008418555e-11;3.084208179032804e-08;;;;ORANGE;True
1787669612.1379344;73.99156788499931;Simulation LoRa;LoRa;868 MHz;LoRa 868.100 MHz;-89.15348172429185;;;;-89.15348172429185;1.215211379137267e-12;0.046335999999999995;5.63080344637044e-14;6.6923611133814965e-12;13;"SNR=7.67;SF=7;BW=125.0;CR=4/5;F=868.100;CRC=OK;PAYLOAD=54454d504f5f4c4f52415f3733";7;VERT;True
1787669612.138025;73.99165640199863;BLE Sniffer;Appareil BLE;2,4 GHz BLE;7f:c4:af:1a:e1:07;-68.0;;;;-68.0;1.584893192461111e-10;0.00028;4.43770093889111e-14;1.705046277543614e-11;25;0x00;37;ORANGE;False
1787669612.145531;73.99916500799918;BLE Sniffer;Appareil BLE;2,4 GHz BLE;7f:c4:af:1a:e1:07;-71.0;;;;-71.0;7.943282347242822e-11;0.00028;2.22411905722799e-14;1.7072703966008418e-11;25;0x00;38;VERT;False
1787669612.1530266;74.00666072399872;BLE Sniffer;Appareil BLE;2,4 GHz BLE;7f:c4:af:1a:e1:07;-68.0;;;;-68.0;1.584893192461111e-10;0.00028;4.43770093889111e-14;1.7117080975397328e-11;25;0x00;39;ORANGE;False
1787669612.127723;73.98135580399867;Wi-Fi;Wi-Fi;2,4/5 GHz;wlan0;-31.0;;;;-31.0;7.943282347242822e-07;0.1;7.943282347242822e-08;5.356362802338257e-05;;;;ROUGE;False
1787669612.204948;74.05839212299907;Simulation RF;Détection RF large bande;868 MHz;868 MHz;;2569;2.0699137066397792;-38.79654826559117;-71.79654826559117;6.612187700918728e-11;0.1;6.6121877009187285e-12;8.481110644338655e-09;;;;VERT;True
1787669612.2051013;74.05839212299907;Simulation RF;Détection RF large bande;2,45 GHz;2,45 GHz;;2880;2.3212100608396273;-48.84840243358509;-65.5484024335851;2.787146240914293e-10;0.1;2.787146240914293e-11;3.086995325273718e-08;;;;ORANGE;True
1787669612.2137303;74.06736279799952;Wi-Fi;Wi-Fi;2,4/5 GHz;wlan0;-31.0;;;;-31.0;7.943282347242822e-07;0.1;7.943282347242822e-08;5.3643060846854994e-05;;;;ROUGE;False
1787669612.2644644;74.11809913700017;BLE Sniffer;iBeacon;2,4 GHz BLE;64:d1:2e:b5:04:2d;-63.0;;;;-63.0;5.011872336272714e-10;0.000368;1.8443690197483588e-13;8.369007953791894e-11;36;0x00;37;ORANGE;False
1787669612.271863;74.12549691099957;BLE Sniffer;iBeacon;2,4 GHz BLE;64:d1:2e:b5:04:2d;-62.0;;;;-62.0;6.309573444801942e-10;0.000368;2.321923027687115e-13;8.392227184068765e-11;36;0x00;38;ORANGE;False
1787669612.2756443;74.12927777799996;BLE Sniffer;iBeacon;2,4 GHz BLE;64:d1:2e:b5:04:2d;-67.0;;;;-67.0;1.9952623149688828e-10;0.000368;7.342565319085489e-14;8.399569749387851e-11;36;0x00;39;ORANGE;False
1787669612.3049843;74.15847312000005;Simulation RF;Détection RF large bande;868 MHz;868 MHz;;2585;2.0835472793400203;-39.3418911736008;-72.3418911736008;5.831910932701976e-11;0.1;5.831910932701977e-12;8.486942555271357e-09;;;;VERT;True
1787669612.3051288;74.15847312000005;Simulation RF;Détection RF large bande;2,45 GHz;2,45 GHz;;2828;2.279266796647722;-47.17067186590887;-63.870671865908875;4.101406481542664e-10;0.1;4.1014064815426644e-11;3.091096731755261e-08;;;;ORANGE;True
1787669612.3136127;74.16724516799877;Wi-Fi;Wi-Fi;2,4/5 GHz;wlan0;-31.0;;;;-31.0;7.943282347242822e-07;0.1;7.943282347242822e-08;5.372249367032742e-05;;;;ROUGE;False
1787669612.398321;74.2519547009997;BLE Sniffer;Appareil BLE;2,4 GHz BLE;7f:c4:af:1a:e1:07;-68.0;;;;-68.0;1.584893192461111e-10;0.00028;4.43770093889111e-14;1.716145798478624e-11;25;0x00;37;ORANGE;False
1787669612.4050615;74.25855198799945;Simulation RF;Détection RF large bande;868 MHz;868 MHz;;2551;2.056125447460973;-38.24501789843892;-71.24501789843892;7.507549600512703e-11;0.1;7.507549600512704e-12;8.49445010487187e-09;;;;VERT;True
1787669612.405218;74.25855198799945;Simulation RF;Détection RF large bande;2,45 GHz;2,45 GHz;;2893;2.331032181490036;-49.241287259601435;-65.94128725960144;2.546075477654019e-10;0.1;2.546075477654019e-11;3.0936428072329147e-08;;;;ORANGE;True
1787669612.413936;74.26756821699928;Wi-Fi;Wi-Fi;2,4/5 GHz;wlan0;-31.0;;;;-31.0;7.943282347242822e-07;0.1;7.943282347242822e-08;5.380192649379985e-05;;;;ROUGE;False
1787669612.5098758;74.36350900099933;BLE Sniffer;Appareil BLE;2,4 GHz BLE;7f:c4:af:18:e1:07;-71.0;;;;-71.0;7.943282347242822e-11;0.00028;2.22411905722799e-14;7.24823811445598e-14;25;0x00;38;VERT;False
1787669612.5136595;74.36729316499986;BLE Sniffer;Appareil BLE;2,4 GHz BLE;7f:c4:af:1a:e1:07;-68.0;;;;-68.0;1.584893192461111e-10;0.00028;4.43770093889111e-14;1.720583499417515e-11;25;0x00;39;ORANGE;False
1787669612.5137508;74.36738231199888;BLE Sniffer;iBeacon;2,4 GHz BLE;64:d1:2e:b5:04:2d;-64.0;;;;-64.0;3.9810717055349694e-10;0.000368;1.4650343876368688e-13;8.41422009326422e-11;36;0x00;37;ORANGE;False
1787669612.513791;74.3674225149989;BLE Sniffer;iBeacon;2,4 GHz BLE;64:d1:2e:b5:04:2d;-62.0;;;;-62.0;6.309573444801942e-10;0.000368;2.321923027687115e-13;8.437439323541091e-11;36;0x00;38;ORANGE;False
1787669612.5288453;74.38247957599924;BLE Sniffer;iBeacon;2,4 GHz BLE;64:d1:2e:b5:04:2d;-66.0;;;;-66.0;2.511886431509582e-10;0.000368;9.243742067955262e-14;8.446683065609046e-11;36;0x00;39;ORANGE;False
1787669612.5339396;74.3586421330001;Simulation RF;Détection RF large bande;868 MHz;868 MHz;;2558;2.0610067207030354;-38.440268828121404;-71.4402688281214;7.177498612067793e-11;0.1;7.177498612067794e-12;8.501627603483937e-09;;;;VERT;True
1787669612.5341167;74.3586421330001;Simulation RF;Détection RF large bande;2,45 GHz;2,45 GHz;;2927;2.3588162940278328;-50.35265176111331;-67.05265176111331;1.9712187610152645e-10;0.1;1.9712187610152645e-11;3.09561402599393e-08;;;;ORANGE;True
1787669612.5433178;74.39695044399923;Wi-Fi;Wi-Fi;2,4/5 GHz;wlan0;-31.0;;;;-31.0;7.943282347242822e-07;0.1;7.943282347242822e-08;5.3881359317272274e-05;;;;ROUGE;False
1787669612.6052759;74.45872548199986;Simulation RF;Détection RF large bande;868 MHz;868 MHz;;2615;2.1074647556437407;-40.29859022574962;-73.29859022574962;4.678869986149223e-11;0.1;4.678869986149223e-12;8.506306473470086e-09;;;;VERT;True
1787669612.6054306;74.45872548199986;Simulation RF;Détection RF large bande;2,45 GHz;2,45 GHz;;2841;2.289462334587075;-47.57849338348299;-64.278493383483;3.733796649456646e-10;0.1;3.733796649456646e-11;3.099347822643386e-08;;;;ORANGE;True
1787669612.6139474;74.46757956599868;Wi-Fi;Wi-Fi;2,4/5 GHz;wlan0;-31.0;;;;-31.0;7.943282347242822e-07;0.1;7.943282347242822e-08;5.39607921407447e-05;;;;ROUGE;False
1787669612.6555958;74.50922919499862;BLE Sniffer;Appareil BLE;2,4 GHz BLE;7f:c4:af:1a:e1:07;-68.0;;;;-68.0;1.584893192461111e-10;0.00028;4.43770093889111e-14;1.725021200356406e-11;25;0x00;37;ORANGE;False
1787669612.7055378;74.55883045999872;Simulation RF;Détection RF large bande;868 MHz;868 MHz;;2583;2.081895665949462;-39.27582663797848;-72.27582663797848;5.921303698007543e-11;0.1;5.921303698007543e-12;8.512227777168093e-09;;;;VERT;True
1787669612.705749;74.55883045999872;Simulation RF;Détection RF large bande;2,45 GHz;2,45 GHz;;2843;2.2913941418994908;-47.65576567597962;-64.35576567597963;3.667950215275348e-10;0.1;3.6679502152753485e-11;3.1030157728586614e-08;;;;ORANGE;True
1787669612.7145557;74.56818887000009;Wi-Fi;Wi-Fi;2,4/5 GHz;wlan0;-31.0;;;;-31.0;7.943282347242822e-07;0.1;7.943282347242822e-08;5.404022496421713e-05;;;;ROUGE;False
1787669612.7761204;74.62975346699932;BLE Sniffer;Appareil BLE;2,4 GHz BLE;7f:f4:af:1a:e1:07;-71.0;;;;-71.0;7.943282347242822e-11;0.00028;2.22411905722799e-14;2.22411905722799e-14;25;0x00;38;VERT;False
1787669612.7761874;74.62981903999935;BLE Sniffer;Appareil BLE;2,4 GHz BLE;7f:c4:af:1a:e1:07;-68.0;;;;-68.0;1.584893192461111e-10;0.00028;4.43770093889111e-14;1.7294589012952972e-11;25;0x00;39;ORANGE;False
1787669612.7870169;74.64065066799958;BLE Sniffer;iBeacon;2,4 GHz BLE;64:d1:2e:b5:04:2d;-63.0;;;;-63.0;5.011872336272714e-10;0.000368;1.8443690197483588e-13;8.46512675580653e-11;36;0x00;37;ORANGE;False
1787669612.7871106;74.64074262899885;BLE Sniffer;iBeacon;2,4 GHz BLE;64:d1:2e:b5:04:2d;-62.0;;;;-62.0;6.309573444801942e-10;0.000368;2.321923027687115e-13;8.488345986083401e-11;36;0x00;38;ORANGE;False
1787669612.794591;74.64822567899864;BLE Sniffer;iBeacon;2,4 GHz BLE;64:d1:2e:b5:04:2d;-67.0;;;;-67.0;1.9952623149688828e-10;0.000368;7.342565319085489e-14;8.495688551402487e-11;36;0x00;39;ORANGE;False
1787669612.8070471;74.65947755999878;Simulation RF;Détection RF large bande;868 MHz;868 MHz;;2635;2.1236251048756696;-40.94500419502678;-73.94500419502678;4.031805569948022e-11;0.1;4.0318055699480225e-12;8.516259582738041e-09;;;;VERT;True
1787669612.819306;74.65947755999878;Simulation RF;Détection RF large bande;2,45 GHz;2,45 GHz;;2855;2.300688466100604;-48.02753864402416;-64.72753864402416;3.367023407420832e-10;0.1;3.367023407420832e-11;3.106382796266082e-08;;;;ORANGE;True
1787669612.8297653;74.68339768699843;Wi-Fi;Wi-Fi;2,4/5 GHz;wlan0;-31.0;;;;-31.0;7.943282347242822e-07;0.1;7.943282347242822e-08;5.411965778768955e-05;;;;ROUGE;False
1787669612.9061193;74.75956079800017;Simulation RF;Détection RF large bande;868 MHz;868 MHz;;2520;2.030893575867651;-37.23574303470605;-70.23574303470605;9.471651201000388e-11;0.1;9.471651201000388e-12;8.525731233939042e-09;;;;VERT;True
1787669612.9062684;74.75956079800017;Simulation RF;Détection RF large bande;2,45 GHz;2,45 GHz;;2883;2.323698299765516;-48.94793199062063;-65.64793199062063;2.723998103884339e-10;0.1;2.7239981038843393e-11;3.1091067943699664e-08;;;;ORANGE;True
1787669612.9256728;74.77930673099945;BLE Sniffer;Appareil BLE;2,4 GHz BLE;7f:c4:af:1a:e1:07;-68.0;;;;-68.0;1.584893192461111e-10;0.00028;4.43770093889111e-14;1.7338966022341883e-11;25;0x00;37;ORANGE;False
1787669612.930707;74.78434189299878;Wi-Fi;Wi-Fi;2,4/5 GHz;wlan0;-31.0;;;;-31.0;7.943282347242822e-07;0.1;7.943282347242822e-08;5.419909061116198e-05;;;;ROUGE;False
1787669613.0064201;74.8597034609993;Simulation RF;Détection RF large bande;868 MHz;868 MHz;;2579;2.0783410766100463;-39.13364306440185;-72.13364306440185;6.11836939077967e-11;0.1;6.11836939077967e-12;8.531849603329822e-09;;;;VERT;True
1787669613.0066373;74.8597034609993;Simulation RF;Détection RF large bande;2,45 GHz;2,45 GHz;;2927;2.358427030209405;-50.33708120837619;-67.0370812083762;1.978298761747957e-10;0.1;1.978298761747957e-11;3.1110850931317144e-08;;;;ORANGE;True
1787669613.0149865;74.86861906299964;Wi-Fi;Wi-Fi;2,4/5 GHz;wlan0;-31.0;;;;-31.0;7.943282347242822e-07;0.1;7.943282347242822e-08;5.4278523434634406e-05;;;;ROUGE;False
1787669613.0336528;74.88728691999859;BLE Sniffer;Appareil BLE;2,4 GHz BLE;7f:c4:af:1a:e1:07;-73.0;;;;-73.0;5.011872336272715e-11;0.00028;1.40332425415636e-14;1.7352999264883446e-11;25;0x00;38;VERT;False
1787669613.0337436;74.88737515999856;BLE Sniffer;Appareil BLE;2,4 GHz BLE;7f:c4:af:1a:e1:07;-68.0;;;;-68.0;1.584893192461111e-10;0.00028;4.43770093889111e-14;1.7397376274272357e-11;25;0x00;39;ORANGE;False
1787669613.0451138;74.89874772299845;BLE Sniffer;iBeacon;2,4 GHz BLE;64:d1:2e:b5:04:2d;-64.0;;;;-64.0;3.9810717055349694e-10;0.000368;1.4650343876368688e-13;8.510338895278856e-11;36;0x00;37;ORANGE;False
1787669613.0529943;74.90662771200004;BLE Sniffer;iBeacon;2,4 GHz BLE;64:d1:2e:b5:04:2d;-62.0;;;;-62.0;6.309573444801942e-10;0.000368;2.321923027687115e-13;8.533558125555727e-11;36;0x00;38;ORANGE;False
1787669613.056844;74.91047733699997;Simulation LoRa;LoRa;868 MHz;LoRa 868.100 MHz;-86.09955173242881;;;;-86.09955173242881;2.4549622974892944e-12;0.046335999999999995;1.1375313301646392e-13;6.80611424639796e-12;13;"SNR=7.97;SF=7;BW=125.0;CR=4/5;F=868.100;CRC=OK;PAYLOAD=54454d504f5f4c4f52415f3734";7;VERT;True
1787669613.106336;74.95978767999986;Simulation RF;Détection RF large bande;868 MHz;868 MHz;;2619;2.110326447591746;-40.41305790366984;-73.41305790366984;4.557159295730078e-11;0.1;4.557159295730078e-12;8.536406762625551e-09;;;;VERT;True
1787669613.1064816;74.95978767999986;Simulation RF;Détection RF large bande;2,45 GHz;2,45 GHz;;2915;2.3488671312475864;-49.95468524990345;-66.65468524990345;2.1603866007178117e-10;0.1;2.160386600717812e-11;3.1132454797324325e-08;;;;ORANGE;True
1787669613.1148715;74.96850404499855;Wi-Fi;Wi-Fi;2,4/5 GHz;wlan0;-31.0;;;;-31.0;7.943282347242822e-07;0.1;7.943282347242822e-08;5.435795625810683e-05;;;;ROUGE;False
1787669613.1655834;75.01921577399844;BLE Sniffer;iBeacon;2,4 GHz BLE;64:d1:2e:b5:04:2d;-66.0;;;;-66.0;2.511886431509582e-10;0.000368;9.243742067955262e-14;8.542801867623683e-11;36;0x00;39;ORANGE;False
1787669613.2102873;75.06003608299943;Simulation RF;Détection RF large bande;868 MHz;868 MHz;;2578;2.0776695115332418;-39.10678046132966;-72.10678046132966;6.15633088509243e-11;0.1;6.156330885092431e-12;8.542563093510645e-09;;;;VERT;True
1787669613.2105725;75.06003608299943;Simulation RF;Détection RF large bande;2,45 GHz;2,45 GHz;;2880;2.321122184095904;-48.844887363836165;-65.54488736383617;2.789402999782536e-10;0.1;2.789402999782536e-11;3.1160348827322154e-08;;;;ORANGE;True
1787669613.218929;75.07256164699902;Wi-Fi;Wi-Fi;2,4/5 GHz;wlan0;-32.0;;;;-32.0;6.30957344480193e-07;0.1;6.30957344480193e-08;5.442105199255485e-05;;;;ROUGE;False
1787669613.2812998;75.13493337899854;BLE Sniffer;Appareil BLE;2,4 GHz BLE;7f:c4:af:1a:e1:07;-72.0;;;;-72.0;6.309573444801942e-11;0.00028;1.7666805645445437e-14;1.74150430799178e-11;25;0x00;37;VERT;False
1787669613.2919066;75.14554052899985;BLE Sniffer;iBeacon;2,4 GHz BLE;64:d1:2e:b5:04:2d;-62.0;;;;-62.0;6.309573444801942e-10;0.000368;2.321923027687115e-13;8.566021097900554e-11;36;0x00;38;ORANGE;False
1787669613.306647;75.1601186909993;Simulation RF;Détection RF large bande;868 MHz;868 MHz;;2554;2.0581573196947653;-38.32629278779061;-71.3262927877906;7.368358048037543e-11;0.1;7.368358048037543e-12;8.549931451558682e-09;;;;VERT;True
1787669613.3067853;75.1601186909993;Simulation RF;Détection RF large bande;2,45 GHz;2,45 GHz;;2903;2.3392997511470504;-49.57199004588202;-66.27199004588202;2.359396850823484e-10;0.1;2.3593968508234844e-11;3.1183942795830386e-08;;;;ORANGE;True
1787669613.3148968;75.16852952299996;Wi-Fi;Wi-Fi;2,4/5 GHz;wlan0;-32.0;;;;-32.0;6.30957344480193e-07;0.1;6.30957344480193e-08;5.4484147727002874e-05;;;;ROUGE;False
1787669613.4009008;75.25453344299967;BLE Sniffer;iBeacon;2,4 GHz BLE;64:d1:2e:b5:04:2d;-67.0;;;;-67.0;1.9952623149688828e-10;0.000368;7.342565319085489e-14;8.57336366321964e-11;36;0x00;39;ORANGE;False
1787669613.416302;75.26144344699969;Simulation RF;Détection RF large bande;868 MHz;868 MHz;;2613;2.1056331660102368;-40.22532664040946;-73.22532664040946;4.758470003649952e-11;0.1;4.758470003649952e-12;8.554689921562332e-09;;;;VERT;True
1787669613.434004;75.26144344699969;Simulation RF;Détection RF large bande;2,45 GHz;2,45 GHz;;2867;2.3104105467654525;-48.416421870618095;-65.1164218706181;3.078632239036536e-10;0.1;3.0786322390365357e-11;3.1214729118220754e-08;;;;ORANGE;True
1787669613.4452949;75.29893139999876;Wi-Fi;Wi-Fi;2,4/5 GHz;wlan0;-32.0;;;;-32.0;6.30957344480193e-07;0.1;6.30957344480193e-08;5.4547243461450894e-05;;;;ROUGE;False
1787669613.5080845;75.3615301109985;Simulation RF;Détection RF large bande;868 MHz;868 MHz;;2539;2.046223567457342;-37.84894269829367;-70.84894269829367;8.224428515212291e-11;0.1;8.224428515212292e-12;8.562914350077544e-09;;;;VERT;True
1787669613.508228;75.3615301109985;Simulation RF;Détection RF large bande;2,45 GHz;2,45 GHz;;2839;2.2875273688348705;-47.50109475339481;-64.20109475339481;3.800935716681074e-10;0.1;3.8009357166810745e-11;3.1252738475387565e-08;;;;ORANGE;True
1787669613.5269241;75.38055714799884;BLE Sniffer;Appareil BLE;2,4 GHz BLE;7f:c4:af:1a:e1:07;-70.0;;;;-70.0;1e-10;0.00028;2.7999999999999997e-14;1.7443043079917802e-11;25;0x00;37;ORANGE;False
1787669613.5270226;75.38065407199974;BLE Sniffer;Appareil BLE;2,4 GHz BLE;7f:c4:af:1a:e1:01;-77.0;;;;-77.0;1.9952623149688828e-11;0.00028;5.586734481912872e-15;5.586734481912872e-15;25;0x00;38;VERT;False
1787669613.5346813;75.38831497199862;BLE Sniffer;Appareil BLE;2,4 GHz BLE;7f:c4:af:1a:e1:07;-70.0;;;;-70.0;1e-10;0.00028;2.7999999999999997e-14;1.7471043079917803e-11;25;0x00;39;ORANGE;False
1787669613.5466151;75.4002486929985;BLE Sniffer;Appareil BLE;2,4 GHz BLE;d3:23:2f:4d:3e:b1;-77.0;;;;-77.0;1.9952623149688828e-11;0.000376;7.502186304282999e-15;1.9664805083241826e-13;37;0x00;37;VERT;False
1787669613.5517504;75.40538494700013;Wi-Fi;Wi-Fi;2,4/5 GHz;wlan0;-32.0;;;;-32.0;6.30957344480193e-07;0.1;6.30957344480193e-08;5.4610339195898915e-05;;;;ROUGE;False
1787669613.608154;75.46160910799881;Simulation RF;Détection RF large bande;868 MHz;868 MHz;;2554;2.0578924787415542;-38.315699149662166;-71.31569914966217;7.386353440935004e-11;0.1;7.386353440935003e-12;8.570300703518479e-09;;;;VERT;True
1787669613.6082935;75.46160910799881;Simulation RF;Détection RF large bande;2,45 GHz;2,45 GHz;;2900;2.3368139642835213;-49.47255857134084;-66.17255857134084;2.414038226278717e-10;0.1;2.414038226278717e-11;3.127687885765035e-08;;;;ORANGE;True
1787669613.6166658;75.47029834299974;Wi-Fi;Wi-Fi;2,4/5 GHz;wlan0;-32.0;;;;-32.0;6.30957344480193e-07;0.1;6.30957344480193e-08;5.4673434930346936e-05;;;;ROUGE;False
1787669613.66691;75.52054424599919;BLE Sniffer;iBeacon;2,4 GHz BLE;64:d1:2e:b5:04:2d;-62.0;;;;-62.0;6.309573444801942e-10;0.000368;2.321923027687115e-13;8.596582893496511e-11;36;0x00;38;ORANGE;False
1787669613.667061;75.5206925399998;BLE Sniffer;iBeacon;2,4 GHz BLE;64:d1:2e:b5:04:2d;-67.0;;;;-67.0;1.9952623149688828e-10;0.000368;7.342565319085489e-14;8.603925458815597e-11;36;0x00;39;ORANGE;False
1787669613.7082598;75.5616987909998;Simulation RF;Détection RF large bande;868 MHz;868 MHz;;2545;2.051170545049709;-38.046821801988344;-71.04682180198834;7.858104859657607e-11;0.1;7.858104859657607e-12;8.578158808378137e-09;;;;VERT;True
1787669613.7084436;75.5616987909998;Simulation RF;Détection RF large bande;2,45 GHz;2,45 GHz;;2834;2.2835001396959234;-47.34000558783693;-64.04000558783693;3.9445679454829987e-10;0.1;3.944567945482999e-11;3.131632453710518e-08;;;;ORANGE;True
1787669613.716811;75.57044367299932;Wi-Fi;Wi-Fi;2,4/5 GHz;wlan0;-32.0;;;;-32.0;6.30957344480193e-07;0.1;6.30957344480193e-08;5.4736530664794956e-05;;;;ROUGE;False
1787669613.8001897;75.65382413399857;BLE Sniffer;Appareil BLE;2,4 GHz BLE;7f:c4:af:1a:e1:07;-75.0;;;;-75.0;3.1622776601683794e-11;0.00028;8.854377448471461e-15;1.7479897457366274e-11;25;0x00;37;VERT;False
1787669613.8002841;75.65391591099979;BLE Sniffer;Appareil BLE;2,4 GHz BLE;7f:c4:af:1a:e1:07;-70.0;;;;-70.0;1e-10;0.00028;2.7999999999999997e-14;1.7507897457366275e-11;25;0x00;38;ORANGE;False
1787669613.809449;75.66181515799872;Simulation RF;Détection RF large bande;868 MHz;868 MHz;;2618;2.109806197863223;-40.39224791452892;-73.39224791452892;4.5790481317046655e-11;0.1;4.579048131704666e-12;8.582737856509842e-09;;;;VERT;True
1787669613.8096087;75.66181515799872;Simulation RF;Détection RF large bande;2,45 GHz;2,45 GHz;;2943;2.371856007394551;-50.87424029578203;-67.57424029578203;1.748139034769004e-10;0.1;1.7481390347690044e-11;3.133380592745287e-08;;;;ORANGE;True
1787669613.8224893;75.67612223099968;Wi-Fi;Wi-Fi;2,4/5 GHz;wlan0;-32.0;;;;-32.0;6.30957344480193e-07;0.1;6.30957344480193e-08;5.479962639924298e-05;;;;ROUGE;False
1787669613.9084857;75.76190256299924;Simulation RF;Détection RF large bande;868 MHz;868 MHz;;2524;2.0341320567698316;-37.36528227079326;-70.36528227079326;9.193307207302015e-11;0.1;9.193307207302015e-12;8.591931163717143e-09;;;;VERT;True
1787669613.9086456;75.76190256299924;Simulation RF;Détection RF large bande;2,45 GHz;2,45 GHz;;2867;2.3107350822754245;-48.42940329101698;-65.12940329101698;3.0694436927600474e-10;0.1;3.0694436927600476e-11;3.1364500364380474e-08;;;;ORANGE;True
1787669613.9174314;75.77106577199993;BLE Sniffer;Appareil BLE;2,4 GHz BLE;7f:c4:af:1a:e1:07;-70.0;;;;-70.0;1e-10;0.00028;2.7999999999999997e-14;1.7535897457366276e-11;25;0x00;39;ORANGE;False
1787669613.9214277;75.77506170999914;BLE Sniffer;iBeacon;2,4 GHz BLE;64:d1:2e:b5:04:2d;-63.0;;;;-63.0;5.011872336272714e-10;0.000368;1.8443690197483588e-13;8.622369149013081e-11;36;0x00;37;ORANGE;False
1787669613.9215145;75.77514602299925;BLE Sniffer;iBeacon;2,4 GHz BLE;64:d1:2e:b5:04:2d;-62.0;;;;-62.0;6.309573444801942e-10;0.000368;2.321923027687115e-13;8.645588379289952e-11;36;0x00;38;ORANGE;False
1787669613.9291096;75.78274334900016;BLE Sniffer;iBeacon;2,4 GHz BLE;64:d1:2e:b5:04:2d;-66.0;;;;-66.0;2.511886431509582e-10;0.000368;9.243742067955262e-14;8.654832121357908e-11;36;0x00;39;ORANGE;False
1787669613.945797;75.79943062599887;Wi-Fi;Wi-Fi;2,4/5 GHz;wlan0;-32.0;;;;-32.0;6.30957344480193e-07;0.1;6.30957344480193e-08;5.4862722133691e-05;;;;ROUGE;False
1787669614.0085497;75.86200005999854;Simulation RF;Détection RF large bande;868 MHz;868 MHz;;2593;2.089655648064194;-39.58622592256775;-72.58622592256775;5.5128656373932005e-11;0.1;5.512865637393201e-12;8.597444029354536e-09;;;;VERT;True
1787669614.008703;75.86200005999854;Simulation RF;Détection RF large bande;2,45 GHz;2,45 GHz;;2915;2.34928000082778;-49.97120003311119;-66.67120003311119;2.152186964912114e-10;0.1;2.152186964912114e-11;3.138602223402959e-08;;;;ORANGE;True
1787669614.0170405;75.87067292499887;Wi-Fi;Wi-Fi;2,4/5 GHz;wlan0;-33.0;;;;-33.0;5.011872336272725e-07;0.1;5.011872336272725e-08;5.491284085705372e-05;;;;ROUGE;False
1787669614.0600402;75.91367403299955;BLE Sniffer;Appareil BLE;2,4 GHz BLE;7f:c4:af:1a:e1:07;-70.0;;;;-70.0;1e-10;0.00028;2.7999999999999997e-14;1.7563897457366277e-11;25;0x00;37;ORANGE;False
1787669614.0601833;75.91381478999938;Simulation LoRa;LoRa;868 MHz;LoRa 868.100 MHz;-90.04230645072218;;;;-90.04230645072218;9.903058736628368e-13;0.046335999999999995;4.58868129620412e-14;6.852001059360001e-12;13;"SNR=6.93;SF=7;BW=125.0;CR=4/5;F=868.100;CRC=OK;PAYLOAD=54454d504f5f4c4f52415f3735";7;VERT;True
1787669614.1086328;75.96208318699973;Simulation RF;Détection RF large bande;868 MHz;868 MHz;;2576;2.0756492126816486;-39.025968507265944;-72.02596850726594;6.271958113060414e-11;0.1;6.2719581130604144e-12;8.603715987467596e-09;;;;VERT;True
1787669614.1087859;75.96208318699973;Simulation RF;Détection RF large bande;2,45 GHz;2,45 GHz;;2891;2.329571538304711;-49.18286153218844;-65.88286153218844;2.580559320108465e-10;0.1;2.5805593201084652e-11;3.141182782723068e-08;;;;ORANGE;True
1787669614.1172068;75.97083929099972;Wi-Fi;Wi-Fi;2,4/5 GHz;wlan0;-33.0;;;;-33.0;5.011872336272725e-07;0.1;5.011872336272725e-08;5.496295958041645e-05;;;;ROUGE;False
1787669614.1799412;76.03357516599863;BLE Sniffer;iBeacon;2,4 GHz BLE;64:d1:2e:b5:04:2d;-62.0;;;;-62.0;6.309573444801942e-10;0.000368;2.321923027687115e-13;8.678051351634779e-11;36;0x00;38;ORANGE;False
1787669614.180037;76.03366912799902;BLE Sniffer;iBeacon;2,4 GHz BLE;64:d1:2e:b5:04:2d;-67.0;;;;-67.0;1.9952623149688828e-10;0.000368;7.342565319085489e-14;8.685393916953865e-11;36;0x00;39;ORANGE;False
1787669614.2086835;76.06216177699935;Simulation RF;Détection RF large bande;868 MHz;868 MHz;;2573;2.0737697907156205;-38.95079162862481;-71.95079162862481;6.381471546183577e-11;0.1;6.381471546183577e-12;8.61009745901378e-09;;;;VERT;True
1787669614.2088318;76.06216177699935;Simulation RF;Détection RF large bande;2,45 GHz;2,45 GHz;;2912;2.3470436307293974;-49.88174522917589;-66.5817452291759;2.196976831731302e-10;0.1;2.196976831731302e-11;3.143379759554799e-08;;;;ORANGE;True
1787669614.2173855;76.07101810199856;Wi-Fi;Wi-Fi;2,4/5 GHz;wlan0;-33.0;;;;-33.0;5.011872336272725e-07;0.1;5.011872336272725e-08;5.5013078303779175e-05;;;;ROUGE;False
1787669614.3154106;76.16226038499917;Simulation RF;Détection RF large bande;868 MHz;868 MHz;;2529;2.0378583423761616;-37.51433369504646;-70.51433369504646;8.88314253156672e-11;0.1;8.88314253156672e-12;8.618980601545347e-09;;;;VERT;True
1787669614.3157392;76.16226038499917;Simulation RF;Détection RF large bande;2,45 GHz;2,45 GHz;;2882;2.322846870824444;-48.913874832977754;-65.61387483297776;2.745443538885344e-10;0.1;2.7454435388853442e-11;3.1461252030936847e-08;;;;ORANGE;True
1787669614.3243794;76.17801195499851;Wi-Fi;Wi-Fi;2,4/5 GHz;wlan0;-33.0;;;;-33.0;5.011872336272725e-07;0.1;5.011872336272725e-08;5.50631970271419e-05;;;;ROUGE;False
1787669614.4088886;76.26234186399961;Simulation RF;Détection RF large bande;868 MHz;868 MHz;;2542;2.048463472268238;-37.93853889072953;-70.93853889072953;8.056494425416807e-11;0.1;8.056494425416808e-12;8.627037095970764e-09;;;;VERT;True
1787669614.4090345;76.26234186399961;Simulation RF;Détection RF large bande;2,45 GHz;2,45 GHz;;2906;2.342094317589929;-49.68377270359716;-66.38377270359716;2.2994434296838755e-10;0.1;2.2994434296838755e-11;3.1484246465233685e-08;;;;ORANGE;True
1787669614.4152179;76.26885235599912;BLE Sniffer;Appareil BLE;2,4 GHz BLE;7f:c4:af:1a:e1:07;-69.0;;;;-69.0;1.2589254117941662e-10;0.00028;3.524991153023665e-14;1.7599147368896514e-11;25;0x00;37;ORANGE;False
1787669614.4273646;76.28099955499965;BLE Sniffer;Appareil BLE;2,4 GHz BLE;7f:c4:af:1a:e1:07;-71.0;;;;-71.0;7.943282347242822e-11;0.00028;2.22411905722799e-14;1.7621388559468793e-11;25;0x00;38;VERT;False
1787669614.4274592;76.28109092399973;BLE Sniffer;Appareil BLE;2,4 GHz BLE;7f:c4:af:1a:e1:07;-70.0;;;;-70.0;1e-10;0.00028;2.7999999999999997e-14;1.7649388559468794e-11;25;0x00;39;ORANGE;False
1787669614.4472878;76.30092168999909;BLE Sniffer;iBeacon;2,4 GHz BLE;64:d1:2e:b5:04:2d;-64.0;;;;-64.0;3.9810717055349694e-10;0.000368;1.4650343876368688e-13;8.700044260830233e-11;36;0x00;37;ORANGE;False
1787669614.4526021;76.30623540299894;Wi-Fi;Wi-Fi;2,4/5 GHz;wlan0;-33.0;;;;-33.0;5.011872336272725e-07;0.1;5.011872336272725e-08;5.5113315750504626e-05;;;;ROUGE;False
1787669614.520423;76.36243936199935;Simulation RF;Détection RF large bande;868 MHz;868 MHz;;2480;1.9984862914995791;-35.93945165998316;-68.93945165998316;1.276599982092386e-10;0.1;1.2765999820923861e-11;8.639803095791687e-09;;;;ORANGE;True
1787669614.5315685;76.36243936199935;Simulation RF;Détection RF large bande;2,45 GHz;2,45 GHz;;2910;2.3451770978394872;-49.80708391357949;-66.50708391357949;2.2350724668067923e-10;0.1;2.2350724668067924e-11;3.1506597189901755e-08;;;;ORANGE;True
1787669614.542851;76.39648377599951;Wi-Fi;Wi-Fi;2,4/5 GHz;wlan0;-33.0;;;;-33.0;5.011872336272725e-07;0.1;5.011872336272725e-08;5.516343447386735e-05;;;;ROUGE;False
1787669614.5558152;76.40945277799983;BLE Sniffer;iBeacon;2,4 GHz BLE;64:d1:2e:b5:04:2d;-62.0;;;;-62.0;6.309573444801942e-10;0.000368;2.321923027687115e-13;8.723263491107105e-11;36;0x00;38;ORANGE;False
1787669614.5560262;76.40965816399876;BLE Sniffer;iBeacon;2,4 GHz BLE;64:d1:2e:b5:04:2d;-67.0;;;;-67.0;1.9952623149688828e-10;0.000368;7.342565319085489e-14;8.730606056426191e-11;36;0x00;39;ORANGE;False
1787669614.6090584;76.46251824799947;Simulation RF;Détection RF large bande;868 MHz;868 MHz;;2547;2.052537291974602;-38.101491678984075;-71.10149167898408;7.759805434332289e-11;0.1;7.75980543433229e-12;8.64756290122602e-09;;;;VERT;True
1787669614.6092014;76.46251824799947;Simulation RF;Détection RF large bande;2,45 GHz;2,45 GHz;;2926;2.357771340922203;-50.31085363688811;-67.01085363688811;1.9902820963465125e-10;0.1;1.9902820963465126e-11;3.1526500010865224e-08;;;;ORANGE;True
1787669614.6175683;76.47120081699904;Wi-Fi;Wi-Fi;2,4/5 GHz;wlan0;-33.0;;;;-33.0;5.011872336272725e-07;0.1;5.011872336272725e-08;5.521355319723008e-05;;;;ROUGE;False
1787669614.677662;76.53129447399988;BLE Sniffer;Appareil BLE;2,4 GHz BLE;7f:c4:af:1a:e1:07;-70.0;;;;-70.0;1e-10;0.00028;2.7999999999999997e-14;1.7677388559468795e-11;25;0x00;37;ORANGE;False
1787669614.688424;76.54205786199964;BLE Sniffer;Appareil BLE;2,4 GHz BLE;7f:c4:af:1a:e1:07;-74.0;;;;-74.0;3.9810717055349695e-11;0.00028;1.1147000775497913e-14;1.7688535560244295e-11;25;0x00;38;VERT;False
1787669614.688521;76.54215235999982;BLE Sniffer;Appareil BLE;2,4 GHz BLE;7f:c4:af:1a:e1:07;-69.0;;;;-69.0;1.2589254117941662e-10;0.00028;3.524991153023665e-14;1.7723785471774532e-11;25;0x00;39;ORANGE;False
1787669614.7091427;76.56260200499855;Simulation RF;Détection RF large bande;868 MHz;868 MHz;;2554;2.058317782066129;-38.33271128264515;-71.33271128264515;7.357476298589051e-11;0.1;7.357476298589051e-12;8.654920377524608e-09;;;;VERT;True
1787669614.7093165;76.56260200499855;Simulation RF;Détection RF large bande;2,45 GHz;2,45 GHz;;2921;2.3542299596026903;-50.16919838410762;-66.86919838410762;2.0562701049921876e-10;0.1;2.0562701049921878e-11;3.154706271191514e-08;;;;ORANGE;True
1787669614.717688;76.57132114699925;Wi-Fi;Wi-Fi;2,4/5 GHz;wlan0;-33.0;;;;-33.0;5.011872336272725e-07;0.1;5.011872336272725e-08;5.52636719205928e-05;;;;ROUGE;False
1787669614.81259;76.66622396599996;BLE Sniffer;iBeacon;2,4 GHz BLE;64:d1:2e:b5:04:2d;-63.0;;;;-63.0;5.011872336272714e-10;0.000368;1.8443690197483588e-13;8.749049746623674e-11;36;0x00;37;ORANGE;False
1787669614.812685;76.66631663099906;BLE Sniffer;iBeacon;2,4 GHz BLE;64:d1:2e:b5:04:2d;-62.0;;;;-62.0;6.309573444801942e-10;0.000368;2.321923027687115e-13;8.772268976900546e-11;36;0x00;38;ORANGE;False
1787669614.8127263;76.66635772299924;BLE Sniffer;iBeacon;2,4 GHz BLE;64:d1:2e:b5:04:2d;-67.0;;;;-67.0;1.9952623149688828e-10;0.000368;7.342565319085489e-14;8.779611542219632e-11;36;0x00;39;ORANGE;False
1787669614.8259153;76.66271624299952;Simulation RF;Détection RF large bande;868 MHz;868 MHz;;2535;2.042834938266423;-37.713397530656906;-70.7133975306569;8.485164121519669e-11;0.1;8.485164121519669e-12;8.663405541646127e-09;;;;VERT;True
1787669614.8260717;76.66271624299952;Simulation RF;Détection RF large bande;2,45 GHz;2,45 GHz;;2941;2.3698662477777557;-50.79464991111023;-67.49464991111023;1.780471428554994e-10;0.1;1.7804714285549943e-11;3.1564867426200694e-08;;;;ORANGE;True
1787669614.8346183;76.68825158599975;Wi-Fi;Wi-Fi;2,4/5 GHz;wlan0;-33.0;;;;-33.0;5.011872336272725e-07;0.1;5.011872336272725e-08;5.531379064395553e-05;;;;ROUGE;False
1787669614.9093401;76.76279688799877;Simulation RF;Détection RF large bande;868 MHz;868 MHz;;2464;1.9855060180157307;-35.420240720629224;-68.42024072062922;1.438718830776887e-10;0.1;1.4387188307768871e-11;8.677792729953896e-09;;;;ORANGE;True
1787669614.9094808;76.76279688799877;Simulation RF;Détection RF large bande;2,45 GHz;2,45 GHz;;3007;2.4229149308848594;-52.91659723539438;-69.61659723539438;1.0922958319790298e-10;0.1;1.0922958319790299e-11;3.157579038452048e-08;;;;ORANGE;True
1787669614.9178014;76.7714337540001;Wi-Fi;Wi-Fi;2,4/5 GHz;wlan0;-33.0;;;;-33.0;5.011872336272725e-07;0.1;5.011872336272725e-08;5.5363909367318255e-05;;;;ROUGE;False
1787669614.936408;76.79004251999868;BLE Sniffer;Appareil BLE;2,4 GHz BLE;7f:c4:af:1a:e1:07;-70.0;;;;-70.0;1e-10;0.00028;2.7999999999999997e-14;1.7751785471774533e-11;25;0x00;37;ORANGE;False
1787669615.0094278;76.86287738600004;Simulation RF;Détection RF large bande;868 MHz;868 MHz;;2556;2.0596517449221823;-38.386069796887284;-71.38606979688728;7.267633536647993e-11;0.1;7.267633536647993e-12;8.685060363490543e-09;;;;VERT;True
1787669615.0095634;76.86287738600004;Simulation RF;Détection RF large bande;2,45 GHz;2,45 GHz;;2957;2.3827046657175472;-51.30818662870189;-68.00818662870189;1.5819084180325823e-10;0.1;1.5819084180325824e-11;3.159160946870081e-08;;;;ORANGE;True
1787669615.0186477;76.87228035099906;Wi-Fi;Wi-Fi;2,4/5 GHz;wlan0;-33.0;;;;-33.0;5.011872336272725e-07;0.1;5.011872336272725e-08;5.541402809068098e-05;;;;ROUGE;False
1787669615.053186;76.90681888699874;BLE Sniffer;iBeacon;2,4 GHz BLE;64:d1:2e:b5:04:2d;-62.0;;;;-62.0;6.309573444801942e-10;0.000368;2.321923027687115e-13;8.802830772496503e-11;36;0x00;38;ORANGE;False
1787669615.0600622;76.91369607599881;BLE Sniffer;iBeacon;2,4 GHz BLE;64:d1:2e:b5:04:2d;-67.0;;;;-67.0;1.9952623149688828e-10;0.000368;7.342565319085489e-14;8.810173337815589e-11;36;0x00;39;ORANGE;False
1787669615.0640352;76.91766825499872;Simulation LoRa;LoRa;868 MHz;LoRa 868.100 MHz;-84.0212349432007;;;;-84.0212349432007;3.961653661669112e-12;0.046335999999999995;1.8356718406709995e-13;7.035568243427101e-12;13;"SNR=6.93;SF=7;BW=125.0;CR=4/5;F=868.100;CRC=OK;PAYLOAD=54454d504f5f4c4f52415f3736";7;VERT;True
1787669615.1094801;76.96295879099853;Simulation RF;Détection RF large bande;868 MHz;868 MHz;;2487;2.0042464878915123;-36.16985951566049;-69.16985951566049;1.2106372942667715e-10;0.1;1.2106372942667715e-11;8.69716673643321e-09;;;;ORANGE;True
1787669615.1096282;76.96295879099853;Simulation RF;Détection RF large bande;2,45 GHz;2,45 GHz;;2874;2.316381767622772;-48.655270704910876;-65.35527070491088;2.9138885002937185e-10;0.1;2.913888500293719e-11;3.162074835370375e-08;;;;ORANGE;True
1787669615.1183743;76.97200687199984;Wi-Fi;Wi-Fi;2,4/5 GHz;wlan0;-33.0;;;;-33.0;5.011872336272725e-07;0.1;5.011872336272725e-08;5.5464146814043706e-05;;;;ROUGE;False
1787669615.1981673;77.05180162999932;BLE Sniffer;Appareil BLE;2,4 GHz BLE;7f:c4:af:1a:e1:07;-74.0;;;;-74.0;3.9810717055349695e-11;0.00028;1.1147000775497913e-14;1.7762932472550032e-11;25;0x00;37;VERT;False
1787669615.1982586;77.05189025799882;BLE Sniffer;Appareil BLE;2,4 GHz BLE;7f:c4:af:1a:e1:07;-72.0;;;;-72.0;6.309573444801942e-11;0.00028;1.7666805645445437e-14;1.7780599278195476e-11;25;0x00;38;VERT;False
1787669615.1982987;77.05193022099957;BLE Sniffer;Appareil BLE;2,4 GHz BLE;7f:c4:af:1a:e1:07;-72.0;;;;-72.0;6.309573444801942e-11;0.00028;1.7666805645445437e-14;1.779826608384092e-11;25;0x00;39;VERT;False
1787669615.2113333;77.06359033499939;Simulation RF;Détection RF large bande;868 MHz;868 MHz;;2573;2.0735270453656174;-38.941081814624695;-71.9410818146247;6.395754992856442e-11;0.1;6.395754992856443e-12;8.703562491426067e-09;;;;VERT;True
1787669615.2116926;77.06359033499939;Simulation RF;Détection RF large bande;2,45 GHz;2,45 GHz;;2941;2.3700861410352565;-50.80344564141026;-67.50344564141027;1.7768691035756756e-10;0.1;1.7768691035756757e-11;3.1638517044739504e-08;;;;ORANGE;True
1787669615.22153;77.07516239599863;Wi-Fi;Wi-Fi;2,4/5 GHz;wlan0;-32.0;;;;-32.0;6.30957344480193e-07;0.1;6.30957344480193e-08;5.552724254849173e-05;;;;ROUGE;False
1787669615.3102171;77.1636708699989;Simulation RF;Détection RF large bande;868 MHz;868 MHz;;2489;2.0057763313247987;-36.23105325299194;-69.23105325299194;1.19369857302543e-10;0.1;1.19369857302543e-11;8.715499477156321e-09;;;;ORANGE;True
1787669615.310365;77.1636708699989;Simulation RF;Détection RF large bande;2,45 GHz;2,45 GHz;;2912;2.3467911543428204;-49.871646173712804;-66.57164617371281;2.2020916119127203e-10;0.1;2.2020916119127205e-11;3.1660537960858634e-08;;;;ORANGE;True
1787669615.3235567;77.17719051199856;BLE Sniffer;iBeacon;2,4 GHz BLE;64:d1:2e:b5:04:2d;-63.0;;;;-63.0;5.011872336272714e-10;0.000368;1.8443690197483588e-13;8.828617028013072e-11;36;0x00;37;ORANGE;False
1787669615.3314168;77.18505068499871;BLE Sniffer;iBeacon;2,4 GHz BLE;64:d1:2e:b5:04:2d;-62.0;;;;-62.0;6.309573444801942e-10;0.000368;2.321923027687115e-13;8.851836258289944e-11;36;0x00;38;ORANGE;False
1787669615.340762;77.19439579899881;Wi-Fi;Wi-Fi;2,4/5 GHz;wlan0;-32.0;;;;-32.0;6.30957344480193e-07;0.1;6.30957344480193e-08;5.559033828293975e-05;;;;ROUGE;False
1787669615.4102886;77.2637523859994;Simulation RF;Détection RF large bande;868 MHz;868 MHz;;2493;2.008771707536341;-36.35086830145363;-69.35086830145363;1.161216424219458e-10;0.1;1.1612164242194581e-11;8.727111641398515e-09;;;;ORANGE;True
1787669615.4104452;77.2637523859994;Simulation RF;Détection RF large bande;2,45 GHz;2,45 GHz;;2915;2.3488408086182595;-49.95363234473038;-66.65363234473038;2.1609104291527162e-10;0.1;2.1609104291527163e-11;3.1682147065150164e-08;;;;ORANGE;True
1787669615.419765;77.27339923599902;Wi-Fi;Wi-Fi;2,4/5 GHz;wlan0;-32.0;;;;-32.0;6.30957344480193e-07;0.1;6.30957344480193e-08;5.565343401738777e-05;;;;ROUGE;False
1787669615.4408138;77.29444775999946;BLE Sniffer;iBeacon;2,4 GHz BLE;64:d1:2e:b5:04:2d;-67.0;;;;-67.0;1.9952623149688828e-10;0.000368;7.342565319085489e-14;8.85917882360903e-11;36;0x00;39;ORANGE;False
1787669615.4560015;77.30963630199949;BLE Sniffer;Appareil BLE;2,4 GHz BLE;7f:c4:af:1a:e1:07;-66.0;;;;-66.0;2.511886431509582e-10;0.00028;7.03328200822683e-14;1.786859890392319e-11;25;0x00;37;ORANGE;False
1787669615.4599798;77.31361361000017;BLE Sniffer;Appareil BLE;2,4 GHz BLE;7f:c4:af:1a:e1:07;-70.0;;;;-70.0;1e-10;0.00028;2.7999999999999997e-14;1.789659890392319e-11;25;0x00;38;ORANGE;False
1787669615.4600725;77.31370401599997;BLE Sniffer;Appareil BLE;2,4 GHz BLE;7f:c4:af:1a:e1:07;-72.0;;;;-72.0;6.309573444801942e-11;0.00028;1.7666805645445437e-14;1.7914265709568634e-11;25;0x00;39;VERT;False
1787669615.5103595;77.36383712499992;Simulation RF;Détection RF large bande;868 MHz;868 MHz;;2541;2.047512250527706;-37.900490021108226;-70.90049002110823;8.127388084272668e-11;0.1;8.127388084272668e-12;8.735239029482789e-09;;;;VERT;True
1787669615.510508;77.36383712499992;Simulation RF;Détection RF large bande;2,45 GHz;2,45 GHz;;2959;2.3842750041642535;-51.37100016657014;-68.07100016657014;1.559193384130645e-10;0.1;1.5591933841306453e-11;3.169773899899147e-08;;;;ORANGE;True
1787669615.519099;77.37273155999901;Wi-Fi;Wi-Fi;2,4/5 GHz;wlan0;-32.0;;;;-32.0;6.30957344480193e-07;0.1;6.30957344480193e-08;5.571652975183579e-05;;;;ROUGE;False
1787669615.5842028;77.43783626899858;BLE Sniffer;Appareil BLE;2,4 GHz BLE;d3:23:2f:4d:3e:b1;-77.0;;;;-77.0;1.9952623149688828e-11;0.000376;7.502186304282999e-15;2.0415023713670126e-13;37;0x00;37;VERT;False
1787669615.5842967;77.43792828599908;BLE Sniffer;iBeacon;2,4 GHz BLE;64:d1:2e:b5:04:2d;-62.0;;;;-62.0;6.309573444801942e-10;0.000368;2.321923027687115e-13;8.882398053885901e-11;36;0x00;38;ORANGE;False
1787669615.62111;77.46427841299919;Simulation RF;Détection RF large bande;868 MHz;868 MHz;;2542;2.0488264635340108;-37.953058541360434;-70.95305854136043;8.029604339742011e-11;0.1;8.029604339742012e-12;8.74326863382253e-09;;;;VERT;True
1787669615.6326177;77.46427841299919;Simulation RF;Détection RF large bande;2,45 GHz;2,45 GHz;;2905;2.3411884800960006;-49.64753920384001;-66.34753920384001;2.3187081024783141e-10;0.1;2.3187081024783143e-11;3.172092608001626e-08;;;;ORANGE;True
1787669615.6438599;77.49749280299875;Wi-Fi;Wi-Fi;2,4/5 GHz;wlan0;-32.0;;;;-32.0;6.30957344480193e-07;0.1;6.30957344480193e-08;5.577962548628381e-05;;;;ROUGE;False
1787669615.69364;77.5472738619992;BLE Sniffer;iBeacon;2,4 GHz BLE;64:d1:2e:b5:04:2d;-67.0;;;;-67.0;1.9952623149688828e-10;0.000368;7.342565319085489e-14;8.889740619204987e-11;36;0x00;39;ORANGE;False
1787669615.706264;77.55989894300001;BLE Sniffer;Appareil BLE;2,4 GHz BLE;7f:c4:af:1a:e1:07;-70.0;;;;-70.0;1e-10;0.00028;2.7999999999999997e-14;1.7942265709568635e-11;25;0x00;37;ORANGE;False
1787669615.7154837;77.56439577999845;Simulation RF;Détection RF large bande;868 MHz;868 MHz;;2539;2.0459451185583912;-37.83780474233565;-70.83780474233565;8.245548029791321e-11;0.1;8.245548029791321e-12;8.751514181852323e-09;;;;VERT;True
1787669615.7156658;77.56439577999845;Simulation RF;Détection RF large bande;2,45 GHz;2,45 GHz;;2957;2.382833922874617;-51.313356914984666;-68.01335691498467;1.5800262728166585e-10;0.1;1.5800262728166585e-11;3.1736726342744424e-08;;;;ORANGE;True
1787669615.724318;77.57795060599892;Wi-Fi;Wi-Fi;2,4/5 GHz;wlan0;-32.0;;;;-32.0;6.30957344480193e-07;0.1;6.30957344480193e-08;5.584272122073183e-05;;;;ROUGE;False
1787669615.8110082;77.66447614800018;Simulation RF;Détection RF large bande;868 MHz;868 MHz;;2491;2.007296691785407;-36.29186767141627;-69.29186767141627;1.1770996562045822e-10;0.1;1.1770996562045823e-11;8.763285178414368e-09;;;;ORANGE;True
1787669615.811147;77.66447614800018;Simulation RF;Détection RF large bande;2,45 GHz;2,45 GHz;;2869;2.3123279969559443;-48.49311987823776;-65.19311987823777;3.0247397393953064e-10;0.1;3.0247397393953066e-11;3.176697374013838e-08;;;;ORANGE;True
1787669615.8356547;77.68928992899964;Wi-Fi;Wi-Fi;2,4/5 GHz;wlan0;-32.0;;;;-32.0;6.30957344480193e-07;0.1;6.30957344480193e-08;5.590581695517985e-05;;;;ROUGE;False
1787669615.911102;77.7645562939997;Simulation RF;Détection RF large bande;868 MHz;868 MHz;;2504;2.0181505114659717;-36.72602045863886;-69.72602045863886;1.0651185641149281e-10;0.1;1.0651185641149282e-11;8.773936364055518e-09;;;;ORANGE;True
1787669615.9112394;77.7645562939997;Simulation RF;Détection RF large bande;2,45 GHz;2,45 GHz;;2892;2.330175999888152;-49.207039995526074;-65.90703999552608;2.566232497981251e-10;0.1;2.566232497981251e-11;3.1792636065118194e-08;;;;ORANGE;True
1787669615.9197865;77.77341948999856;Wi-Fi;Wi-Fi;2,4/5 GHz;wlan0;-32.0;;;;-32.0;6.30957344480193e-07;0.1;6.30957344480193e-08;5.596891268962787e-05;;;;ROUGE;False
1787669615.938742;77.79237565799849;BLE Sniffer;iBeacon;2,4 GHz BLE;64:d1:2e:b5:04:2d;-62.0;;;;-62.0;6.309573444801942e-10;0.000368;2.321923027687115e-13;8.912959849481858e-11;36;0x00;38;ORANGE;False
1787669615.938835;77.79246648899971;BLE Sniffer;iBeacon;2,4 GHz BLE;64:d1:2e:b5:04:2d;-67.0;;;;-67.0;1.9952623149688828e-10;0.000368;7.342565319085489e-14;8.920302414800944e-11;36;0x00;39;ORANGE;False
1787669616.0111756;77.8646357359994;Simulation RF;Détection RF large bande;868 MHz;868 MHz;;2470;1.9905188778794027;-35.62075511517611;-68.62075511517611;1.3738030887739714e-10;0.1;1.3738030887739715e-11;8.787674394943257e-09;;;;ORANGE;True
1787669616.011315;77.8646357359994;Simulation RF;Détection RF large bande;2,45 GHz;2,45 GHz;;2979;2.4006241530764703;-52.0249661230588;-68.7249661230588;1.3412303975705576e-10;0.1;1.3412303975705577e-11;3.18060483690939e-08;;;;ORANGE;True
1787669616.0199406;77.87357307899947;Wi-Fi;Wi-Fi;2,4/5 GHz;wlan0;-31.0;;;;-31.0;7.943282347242822e-07;0.1;7.943282347242822e-08;5.60483455131003e-05;;;;ROUGE;False
1787669616.069375;77.92300795699884;BLE Sniffer;Appareil BLE;2,4 GHz BLE;7f:c4:af:1a:e1:07;-74.0;;;;-74.0;3.9810717055349695e-11;0.00028;1.1147000775497913e-14;1.7953412710344135e-11;25;0x00;37;VERT;False
1787669616.0801537;77.9337877709986;Simulation LoRa;LoRa;868 MHz;LoRa 868.100 MHz;-85.84827089855635;;;;-85.84827089855635;2.6011949976384226e-12;0.046335999999999995;1.2052897141057394e-13;7.156097214837674e-12;13;"SNR=8.96;SF=7;BW=125.0;CR=4/5;F=868.100;CRC=OK;PAYLOAD=54454d504f5f4c4f52415f3737";7;VERT;True
1787669616.1112757;77.96471951199965;Simulation RF;Détection RF large bande;868 MHz;868 MHz;;2499;2.01398564947938;-36.5594259791752;-69.5594259791752;1.1067700596282676e-10;0.1;1.1067700596282677e-11;8.79874209553954e-09;;;;ORANGE;True
1787669616.1114268;77.96471951199965;Simulation RF;Détection RF large bande;2,45 GHz;2,45 GHz;;2933;2.363674705151308;-50.54698820605232;-67.24698820605232;1.8849558365848735e-10;0.1;1.8849558365848735e-11;3.182489792745975e-08;;;;ORANGE;True
1787669616.1199298;77.97356239299916;Wi-Fi;Wi-Fi;2,4/5 GHz;wlan0;-31.0;;;;-31.0;7.943282347242822e-07;0.1;7.943282347242822e-08;5.6127778336572724e-05;;;;ROUGE;False
1787669616.2002926;78.0539268829998;BLE Sniffer;iBeacon;2,4 GHz BLE;64:d1:2e:b5:04:2d;-62.0;;;;-62.0;6.309573444801942e-10;0.000368;2.321923027687115e-13;8.943521645077816e-11;36;0x00;38;ORANGE;False
1787669616.200428;78.05405963999874;BLE Sniffer;iBeacon;2,4 GHz BLE;64:d1:2e:b5:04:2d;-67.0;;;;-67.0;1.9952623149688828e-10;0.000368;7.342565319085489e-14;8.950864210396902e-11;36;0x00;39;ORANGE;False
1787669616.2113295;78.06480397299856;Simulation RF;Détection RF large bande;868 MHz;868 MHz;;2453;1.9765312747891166;-35.06125099156466;-68.06125099156466;1.5626974405353102e-10;0.1;1.5626974405353103e-11;8.814369069944893e-09;;;;ORANGE;True
1787669616.2114868;78.06480397299856;Simulation RF;Détection RF large bande;2,45 GHz;2,45 GHz;;2885;2.3250381755754606;-49.001527023018426;-65.70152702301843;2.690588599613592e-10;0.1;2.690588599613592e-11;3.1851803813455886e-08;;;;ORANGE;True
1787669616.2200603;78.07369287099937;Wi-Fi;Wi-Fi;2,4/5 GHz;wlan0;-31.0;;;;-31.0;7.943282347242822e-07;0.1;7.943282347242822e-08;5.620721116004515e-05;;;;ROUGE;False
1787669616.3207092;78.17434291599966;BLE Sniffer;Appareil BLE;2,4 GHz BLE;7f:c4:af:1a:e1:07;-72.0;;;;-72.0;6.309573444801942e-11;0.00028;1.7666805645445437e-14;1.797107951598958e-11;25;0x00;37;VERT;False
1787669616.3208015;78.17443309999908;BLE Sniffer;Appareil BLE;2,4 GHz BLE;7f:c4:af:1a:e1:07;-76.0;;;;-76.0;2.5118864315095823e-11;0.00028;7.03328200822683e-15;1.7978112797997805e-11;25;0x00;38;VERT;False
1787669616.3208432;78.17447456199989;BLE Sniffer;Appareil BLE;2,4 GHz BLE;7f:c4:af:1a:e1:07;-75.0;;;;-75.0;3.1622776601683794e-11;0.00028;8.854377448471461e-15;1.7986967175446276e-11;25;0x00;39;VERT;False
1787669616.3341112;78.16492465499869;Simulation RF;Détection RF large bande;868 MHz;868 MHz;;2450;1.974217586999937;-34.96870347999747;-67.96870347999747;1.5963556437616757e-10;0.1;1.596355643761676e-11;8.83033262638251e-09;;;;ORANGE;True
1787669616.3342729;78.16492465499869;Simulation RF;Détection RF large bande;2,45 GHz;2,45 GHz;;2957;2.383233858239514;-51.32935432958055;-68.02935432958056;1.574216887638907e-10;0.1;1.574216887638907e-11;3.1867545982332275e-08;;;;ORANGE;True
1787669616.3428755;78.1965080709997;Wi-Fi;Wi-Fi;2,4/5 GHz;wlan0;-31.0;;;;-31.0;7.943282347242822e-07;0.1;7.943282347242822e-08;5.628664398351758e-05;;;;ROUGE;False
1787669616.4115205;78.26500365299944;Simulation RF;Détection RF large bande;868 MHz;868 MHz;;2422;1.952125558209917;-34.085022328396676;-67.08502232839668;1.9565807085341618e-10;0.1;1.956580708534162e-11;8.84989843346785e-09;;;;ORANGE;True
1787669616.411662;78.26500365299944;Simulation RF;Détection RF large bande;2,45 GHz;2,45 GHz;;2932;2.3627727513735346;-50.51091005494138;-67.21091005494138;1.9006799547086283e-10;0.1;1.9006799547086285e-11;3.188655278187936e-08;;;;ORANGE;True
1787669616.420266;78.27389849599967;Wi-Fi;Wi-Fi;2,4/5 GHz;wlan0;-31.0;;;;-31.0;7.943282347242822e-07;0.1;7.943282347242822e-08;5.636607680699e-05;;;;ROUGE;False
1787669616.4530041;78.30663768999875;BLE Sniffer;iBeacon;2,4 GHz BLE;64:d1:2e:b5:04:2d;-63.0;;;;-63.0;5.011872336272714e-10;0.000368;1.8443690197483588e-13;8.969307900594385e-11;36;0x00;37;ORANGE;False
1787669616.4570625;78.31069623799885;BLE Sniffer;iBeacon;2,4 GHz BLE;64:d1:2e:b5:04:2d;-62.0;;;;-62.0;6.309573444801942e-10;0.000368;2.321923027687115e-13;8.992527130871256e-11;36;0x00;38;ORANGE;False
1787669616.511638;78.3650871689988;Simulation RF;Détection RF large bande;868 MHz;868 MHz;;2497;2.0124758095629747;-36.49903238251899;-69.49903238251899;1.1222684702867547e-10;0.1;1.1222684702867547e-11;8.861121118170718e-09;;;;ORANGE;True
1787669616.51179;78.3650871689988;Simulation RF;Détection RF large bande;2,45 GHz;2,45 GHz;;2942;2.371072122638543;-50.84288490554172;-67.54288490554173;1.7608060001068687e-10;0.1;1.7608060001068687e-11;3.190416084188043e-08;;;;ORANGE;True
1787669616.520934;78.37456685500001;Wi-Fi;Wi-Fi;2,4/5 GHz;wlan0;-31.0;;;;-31.0;7.943282347242822e-07;0.1;7.943282347242822e-08;5.644550963046243e-05;;;;ROUGE;False
1787669616.5666244;78.42025732899856;BLE Sniffer;iBeacon;2,4 GHz BLE;64:d1:2e:b5:04:2d;-67.0;;;;-67.0;1.9952623149688828e-10;0.000368;7.342565319085489e-14;8.999869696190342e-11;36;0x00;39;ORANGE;False
1787669616.566699;78.4203305129995;BLE Sniffer;Appareil BLE;2,4 GHz BLE;7f:c4:af:1a:e1:07;-75.0;;;;-75.0;3.1622776601683794e-11;0.00028;8.854377448471461e-15;1.7995821552894747e-11;25;0x00;37;VERT;False
1787669616.5777855;78.43141935899985;BLE Sniffer;Appareil BLE;2,4 GHz BLE;7f:c4:af:1a:e1:07;-73.0;;;;-73.0;5.011872336272715e-11;0.00028;1.40332425415636e-14;1.800985479543631e-11;25;0x00;38;VERT;False
1787669616.5778756;78.43150715399861;BLE Sniffer;Appareil BLE;2,4 GHz BLE;7f:c4:af:1a:e1:07;-81.0;;;;-81.0;7.943282347242821e-12;0.00028;2.22411905722799e-15;1.8012078914493538e-11;25;0x00;39;VERT;False
1787669616.611681;78.46516718499879;Simulation RF;Détection RF large bande;868 MHz;868 MHz;;2441;1.9673550109051512;-34.694200436206046;-67.69420043620605;1.700513000095522e-10;0.1;1.700513000095522e-11;8.878126248171673e-09;;;;ORANGE;True
1787669616.6118267;78.46516718499879;Simulation RF;Détection RF large bande;2,45 GHz;2,45 GHz;;2955;2.381152610748377;-51.24610442993507;-67.94610442993508;1.6046841279853776e-10;0.1;1.6046841279853775e-11;3.192020768316028e-08;;;;ORANGE;True
1787669616.620335;78.47396743699937;Wi-Fi;Wi-Fi;2,4/5 GHz;wlan0;-31.0;;;;-31.0;7.943282347242822e-07;0.1;7.943282347242822e-08;5.6524942453934856e-05;;;;ROUGE;False
1787669616.7077641;78.56139794699993;BLE Sniffer;iBeacon;2,4 GHz BLE;64:d1:2e:b5:04:2d;-63.0;;;;-63.0;5.011872336272714e-10;0.000368;1.8443690197483588e-13;9.018313386387826e-11;36;0x00;37;ORANGE;False
1787669616.7133007;78.56557432599948;Simulation RF;Détection RF large bande;868 MHz;868 MHz;;2499;2.013635161583947;-36.54540646335788;-69.54540646335788;1.1103486111153817e-10;0.1;1.1103486111153818e-11;8.889229734282826e-09;;;;ORANGE;True
1787669616.7311208;78.56557432599948;Simulation RF;Détection RF large bande;2,45 GHz;2,45 GHz;;2972;2.3954107935149245;-51.81643174059697;-68.51643174059697;1.4072032385518773e-10;0.1;1.4072032385518774e-11;3.19342797155458e-08;;;;ORANGE;True
1787669616.7449203;78.59855325699937;Wi-Fi;Wi-Fi;2,4/5 GHz;wlan0;-31.0;;;;-31.0;7.943282347242822e-07;0.1;7.943282347242822e-08;5.660437527740728e-05;;;;ROUGE;False
1787669616.812195;78.66564858299898;Simulation RF;Détection RF large bande;868 MHz;868 MHz;;2448;1.9725095792908314;-34.90038317163325;-67.90038317163325;1.621667013751714e-10;0.1;1.6216670137517142e-11;8.905446404420343e-09;;;;ORANGE;True
1787669616.812333;78.66564858299898;Simulation RF;Détection RF large bande;2,45 GHz;2,45 GHz;;2971;2.3943231093860304;-51.77292437544121;-68.47292437544121;1.421371366878626e-10;0.1;1.421371366878626e-11;3.194849342921459e-08;;;;ORANGE;True
1787669616.8132474;78.66688030499972;BLE Sniffer;iBeacon;2,4 GHz BLE;64:d1:2e:b5:04:2d;-62.0;;;;-62.0;6.309573444801942e-10;0.000368;2.321923027687115e-13;9.041532616664697e-11;36;0x00;38;ORANGE;False
1787669616.8209133;78.67454699999871;BLE Sniffer;iBeacon;2,4 GHz BLE;64:d1:2e:b5:04:2d;-67.0;;;;-67.0;1.9952623149688828e-10;0.000368;7.342565319085489e-14;9.048875181983783e-11;36;0x00;39;ORANGE;False
1787669616.82515;78.67878515699886;BLE Sniffer;Appareil BLE;2,4 GHz BLE;7f:c4:af:1a:e1:07;-74.0;;;;-74.0;3.9810717055349695e-11;0.00028;1.1147000775497913e-14;1.8023225915269037e-11;25;0x00;37;VERT;False
1787669616.825243;78.67887435899866;BLE Sniffer;Appareil BLE;2,4 GHz BLE;7f:c4:af:1a:e1:07;-68.0;;;;-68.0;1.584893192461111e-10;0.00028;4.43770093889111e-14;1.8067602924657948e-11;25;0x00;38;ORANGE;False
1787669616.8493667;78.70300070599842;BLE Sniffer;Appareil BLE;2,4 GHz BLE;7f:c4:af:1a:e1:07;-70.0;;;;-70.0;1e-10;0.00028;2.7999999999999997e-14;1.809560292465795e-11;25;0x00;39;ORANGE;False
1787669616.854809;78.70844195399877;Wi-Fi;Wi-Fi;2,4/5 GHz;wlan0;-31.0;;;;-31.0;7.943282347242822e-07;0.1;7.943282347242822e-08;5.668380810087971e-05;;;;ROUGE;False
1787669616.9122415;78.76573033999921;Simulation RF;Détection RF large bande;868 MHz;868 MHz;;2441;1.9674010441919791;-34.69604176767916;-67.69604176767916;1.699792165605683e-10;0.1;1.6997921656056833e-11;8.9224443260764e-09;;;;ORANGE;True
1787669616.9123993;78.76573033999921;Simulation RF;Détection RF large bande;2,45 GHz;2,45 GHz;;2956;2.382334421019356;-51.29337684077423;-67.99337684077423;1.5873120599907825e-10;0.1;1.5873120599907825e-11;3.19643665498145e-08;;;;ORANGE;True
1787669616.9209037;78.77453609199983;Wi-Fi;Wi-Fi;2,4/5 GHz;wlan0;-31.0;;;;-31.0;7.943282347242822e-07;0.1;7.943282347242822e-08;5.6763240924352136e-05;;;;ROUGE;False
1787669617.0123663;78.86580657899867;Simulation RF;Détection RF large bande;868 MHz;868 MHz;;2445;1.9705703509738688;-34.822814038954746;-67.82281403895475;1.6508917456959375e-10;0.1;1.6508917456959374e-11;8.938953243533359e-09;;;;ORANGE;True
1787669617.0125139;78.86580657899867;Simulation RF;Détection RF large bande;2,45 GHz;2,45 GHz;;2993;2.411870451058167;-52.47481804232669;-69.17481804232669;1.2092558464400043e-10;0.1;1.2092558464400044e-11;3.19764591082789e-08;;;;ORANGE;True
1787669617.0221858;78.87581897899872;Wi-Fi;Wi-Fi;2,4/5 GHz;wlan0;-31.0;;;;-31.0;7.943282347242822e-07;0.1;7.943282347242822e-08;5.684267374782456e-05;;;;ROUGE;False
1787669617.0795057;78.93313890099853;BLE Sniffer;iBeacon;2,4 GHz BLE;64:d1:2e:b5:04:2d;-63.0;;;;-63.0;5.011872336272714e-10;0.000368;1.8443690197483588e-13;9.067318872181267e-11;36;0x00;37;ORANGE;False
1787669617.0906777;78.94431185699978;BLE Sniffer;iBeacon;2,4 GHz BLE;64:d1:2e:b5:04:2d;-62.0;;;;-62.0;6.309573444801942e-10;0.000368;2.321923027687115e-13;9.090538102458138e-11;36;0x00;38;ORANGE;False
1787669617.090835;78.94446674399842;Simulation LoRa;LoRa;868 MHz;LoRa 868.100 MHz;-85.52786664147575;;;;-85.52786664147575;2.800356584057989e-12;0.046335999999999995;1.2975732267891095e-13;7.285854537516586e-12;13;"SNR=5.24;SF=7;BW=125.0;CR=4/5;F=868.100;CRC=OK;PAYLOAD=54454d504f5f4c4f52415f3738";7;VERT;True
1787669617.0910883;78.94472044299982;BLE Sniffer;iBeacon;2,4 GHz BLE;64:d1:2e:b5:04:2d;-67.0;;;;-67.0;1.9952623149688828e-10;0.000368;7.342565319085489e-14;9.097880667777224e-11;36;0x00;39;ORANGE;False
1787669617.0991724;78.95280631700007;BLE Sniffer;Appareil BLE;2,4 GHz BLE;7f:c4:af:1a:e1:07;-67.0;;;;-67.0;1.9952623149688828e-10;0.00028;5.5867344819128714e-14;1.815147026947708e-11;25;0x00;37;ORANGE;False
1787669617.1125424;78.96603327799858;Simulation RF;Détection RF large bande;868 MHz;868 MHz;;2473;1.9929098078143572;-35.716392312574285;-68.71639231257429;1.343880860394495e-10;0.1;1.343880860394495e-11;8.952392052137304e-09;;;;ORANGE;True
1787669617.1127043;78.96603327799858;Simulation RF;Détection RF large bande;2,45 GHz;2,45 GHz;;2954;2.380374863641835;-51.214994545673406;-67.91499454567341;1.6162202559246194e-10;0.1;1.6162202559246195e-11;3.1992621310838145e-08;;;;ORANGE;True
1787669617.1213288;78.97496175000015;Wi-Fi;Wi-Fi;2,4/5 GHz;wlan0;-31.0;;;;-31.0;7.943282347242822e-07;0.1;7.943282347242822e-08;5.692210657129699e-05;;;;ROUGE;False
1787669617.2196739;79.07330729399837;BLE Sniffer;Appareil BLE;2,4 GHz BLE;7f:c4:af:1a:e1:07;-63.0;;;;-63.0;5.011872336272714e-10;0.00028;1.40332425415636e-13;1.8291802694892715e-11;25;0x00;38;ORANGE;False
1787669617.2237701;79.07740332299909;BLE Sniffer;Appareil BLE;2,4 GHz BLE;7f:c4:af:1a:e1:07;-64.0;;;;-64.0;3.9810717055349694e-10;0.00028;1.1147000775497914e-13;1.8403272702647693e-11;25;0x00;39;ORANGE;False
1787669617.2333093;79.06640404899917;Simulation RF;Détection RF large bande;868 MHz;868 MHz;;2497;2.012335856840977;-36.49343427363908;-69.49343427363908;1.1237160207976017e-10;0.1;1.1237160207976018e-11;8.96362921234528e-09;;;;ORANGE;True
1787669617.2334728;79.06640404899917;Simulation RF;Détection RF large bande;2,45 GHz;2,45 GHz;;3016;2.4306402691872115;-53.22561076748845;-69.92561076748845;1.0172762920676817e-10;0.1;1.0172762920676818e-11;3.200279407375882e-08;;;;ORANGE;True
1787669617.2421873;79.09581955499925;Wi-Fi;Wi-Fi;2,4/5 GHz;wlan0;-31.0;;;;-31.0;7.943282347242822e-07;0.1;7.943282347242822e-08;5.7001539394769415e-05;;;;ROUGE;False
1787669617.3130245;79.16648086199893;Simulation RF;Détection RF large bande;868 MHz;868 MHz;;2480;1.9986805360078153;-35.9472214403126;-68.9472214403126;1.2743181124426146e-10;0.1;1.2743181124426146e-11;8.976372393469705e-09;;;;ORANGE;True
1787669617.3131576;79.16648086199893;Simulation RF;Détection RF large bande;2,45 GHz;2,45 GHz;;3021;2.4343761650665354;-53.37504660266141;-70.07504660266142;9.82868326118255e-11;0.1;9.82868326118255e-12;3.201262275702e-08;;;;VERT;True
1787669617.3219914;79.17562373799956;Wi-Fi;Wi-Fi;2,4/5 GHz;wlan0;-31.0;;;;-31.0;7.943282347242822e-07;0.1;7.943282347242822e-08;5.708097221824184e-05;;;;ROUGE;False
1787669617.3441758;79.19780968899977;BLE Sniffer;iBeacon;2,4 GHz BLE;64:d1:2e:b5:04:2d;-63.0;;;;-63.0;5.011872336272714e-10;0.000368;1.8443690197483588e-13;9.116324357974707e-11;36;0x00;37;ORANGE;False
1787669617.3442695;79.19790120699872;BLE Sniffer;iBeacon;2,4 GHz BLE;64:d1:2e:b5:04:2d;-62.0;;;;-62.0;6.309573444801942e-10;0.000368;2.321923027687115e-13;9.139543588251579e-11;36;0x00;38;ORANGE;False
1787669617.3524678;79.20610211599887;BLE Sniffer;iBeacon;2,4 GHz BLE;64:d1:2e:b5:04:2d;-67.0;;;;-67.0;1.9952623149688828e-10;0.000368;7.342565319085489e-14;9.146886153570665e-11;36;0x00;39;ORANGE;False
1787669617.3687932;79.22242699099843;BLE Sniffer;Appareil BLE;2,4 GHz BLE;7f:c4:af:1a:e1:07;-71.0;;;;-71.0;7.943282347242822e-11;0.00028;2.22411905722799e-14;1.8425513893219972e-11;25;0x00;37;VERT;False
1787669617.4130983;79.26655821199893;Simulation RF;Détection RF large bande;868 MHz;868 MHz;;2414;1.9454099858161138;-33.816399432644545;-66.81639943264454;2.08142159801389e-10;0.1;2.08142159801389e-11;8.997186609449845e-09;;;;ORANGE;True
1787669617.4132361;79.26655821199893;Simulation RF;Détection RF large bande;2,45 GHz;2,45 GHz;;2975;2.397822922147387;-51.91291688589547;-68.61291688589547;1.3762847935169784e-10;0.1;1.3762847935169785e-11;3.202638560495517e-08;;;;ORANGE;True
1787669617.4215593;79.27519183699951;Wi-Fi;Wi-Fi;2,4/5 GHz;wlan0;-31.0;;;;-31.0;7.943282347242822e-07;0.1;7.943282347242822e-08;5.716040504171427e-05;;;;ROUGE;False
1787669617.4742308;79.32786420199955;BLE Sniffer;Appareil BLE;2,4 GHz BLE;7f:c4:af:1a:e1:07;-66.0;;;;-66.0;2.511886431509582e-10;0.00028;7.03328200822683e-14;1.849584671330224e-11;25;0x00;38;ORANGE;False
1787669617.4743185;79.32795008999892;BLE Sniffer;Appareil BLE;2,4 GHz BLE;7f:c4:af:1a:e1:07;-63.0;;;;-63.0;5.011872336272714e-10;0.00028;1.40332425415636e-13;1.8636179138717876e-11;25;0x00;39;ORANGE;False
1787669617.5131598;79.36664013599875;Simulation RF;Détection RF large bande;868 MHz;868 MHz;;2414;1.9452965064331953;-33.81186025732781;-66.81186025732781;2.083598203306213e-10;0.1;2.083598203306213e-11;9.018022591482907e-09;;;;ORANGE;True
1787669617.513309;79.36664013599875;Simulation RF;Détection RF large bande;2,45 GHz;2,45 GHz;;3011;2.426210625991205;-53.04842503964818;-69.74842503964818;1.059637931107932e-10;0.1;1.0596379311079321e-11;3.203698198426625e-08;;;;ORANGE;True
1787669617.5218415;79.3754738689986;Wi-Fi;Wi-Fi;2,4/5 GHz;wlan0;-31.0;;;;-31.0;7.943282347242822e-07;0.1;7.943282347242822e-08;5.7239837865186695e-05;;;;ROUGE;False
1787669617.6211638;79.47479754499909;BLE Sniffer;Appareil BLE;2,4 GHz BLE;d3:23:2f:4d:3e:b1;-77.0;;;;-77.0;1.9952623149688828e-11;0.000376;7.502186304282999e-15;2.1165242344098426e-13;37;0x00;37;VERT;False
1787669617.6212537;79.47488513600001;BLE Sniffer;iBeacon;2,4 GHz BLE;64:d1:2e:b5:04:2d;-62.0;;;;-62.0;6.309573444801942e-10;0.000368;2.321923027687115e-13;9.170105383847536e-11;36;0x00;38;ORANGE;False
1787669617.629494;79.48312819300008;BLE Sniffer;iBeacon;2,4 GHz BLE;64:d1:2e:b5:04:2d;-67.0;;;;-67.0;1.9952623149688828e-10;0.000368;7.342565319085489e-14;9.177447949166622e-11;36;0x00;39;ORANGE;False
1787669617.634922;79.46701511099855;Simulation RF;Détection RF large bande;868 MHz;868 MHz;;2409;1.9415175083460445;-33.660700333841774;-66.66070033384177;2.157396484032861e-10;0.1;2.157396484032861e-11;9.039596556323236e-09;;;;ORANGE;True
1787669617.6352525;79.46701511099855;Simulation RF;Détection RF large bande;2,45 GHz;2,45 GHz;;2956;2.3817963135555114;-51.271852542220444;-67.97185254222045;1.5951985484360727e-10;0.1;1.595198548436073e-11;3.205293396975061e-08;;;;ORANGE;True
1787669617.6440632;79.49769563299924;Wi-Fi;Wi-Fi;2,4/5 GHz;wlan0;-31.0;;;;-31.0;7.943282347242822e-07;0.1;7.943282347242822e-08;5.731927068865912e-05;;;;ROUGE;False
1787669617.7137065;79.5671078309988;Simulation RF;Détection RF large bande;868 MHz;868 MHz;;2435;1.9626000089044262;-34.504000356177045;-67.50400035617704;1.7766421624962167e-10;0.1;1.7766421624962168e-11;9.057362977948198e-09;;;;ORANGE;True
1787669617.7138808;79.5671078309988;Simulation RF;Détection RF large bande;2,45 GHz;2,45 GHz;;2969;2.3928361944624;-51.71344777849599;-68.41344777849599;1.440970938827252e-10;0.1;1.440970938827252e-11;3.206734367913888e-08;;;;ORANGE;True
1787669617.7228458;79.5764780369991;Wi-Fi;Wi-Fi;2,4/5 GHz;wlan0;-31.0;;;;-31.0;7.943282347242822e-07;0.1;7.943282347242822e-08;5.739870351213155e-05;;;;ROUGE;False
1787669617.7470949;79.60072856699844;BLE Sniffer;Appareil BLE;2,4 GHz BLE;7f:c4:af:1a:e1:07;-67.0;;;;-67.0;1.9952623149688828e-10;0.00028;5.5867344819128714e-14;1.8692046483537006e-11;25;0x00;37;ORANGE;False
1787669617.8272943;79.66725158699956;Simulation RF;Détection RF large bande;868 MHz;868 MHz;;2374;1.9132675081177153;-32.530700324708604;-65.5307003247086;2.798530004266377e-10;0.1;2.798530004266377e-11;9.085348277990861e-09;;;;ORANGE;True
1787669617.840053;79.66725158699956;Simulation RF;Détection RF large bande;2,45 GHz;2,45 GHz;;3008;2.4238371305356092;-52.95348522142436;-69.65348522142436;1.0830574095604983e-10;0.1;1.0830574095604984e-11;3.207817425323448e-08;;;;ORANGE;True
1787669617.8521924;79.70582480099984;Wi-Fi;Wi-Fi;2,4/5 GHz;wlan0;-31.0;;;;-31.0;7.943282347242822e-07;0.1;7.943282347242822e-08;5.7478136335603974e-05;;;;ROUGE;False
1787669617.8770041;79.7306373219999;BLE Sniffer;iBeacon;2,4 GHz BLE;64:d1:2e:b5:04:2d;-62.0;;;;-62.0;6.309573444801942e-10;0.000368;2.321923027687115e-13;9.200667179443493e-11;36;0x00;38;ORANGE;False
1787669617.8813396;79.73497403299916;BLE Sniffer;iBeacon;2,4 GHz BLE;64:d1:2e:b5:04:2d;-67.0;;;;-67.0;1.9952623149688828e-10;0.000368;7.342565319085489e-14;9.20800974476258e-11;36;0x00;39;ORANGE;False
1787669617.9139297;79.76736328799961;Simulation RF;Détection RF large bande;868 MHz;868 MHz;;2387;1.9238630800976093;-32.95452320390437;-65.95452320390437;2.538327644415097e-10;0.1;2.538327644415097e-11;9.110731554435013e-09;;;;ORANGE;True
1787669617.9140637;79.76736328799961;Simulation RF;Détection RF large bande;2,45 GHz;2,45 GHz;;3035;2.44565165201166;-53.82606608046639;-70.52606608046639;8.859177271098696e-11;0.1;8.859177271098696e-12;3.208703343050558e-08;;;;VERT;True
1787669617.9226136;79.77624572399873;Wi-Fi;Wi-Fi;2,4/5 GHz;wlan0;-31.0;;;;-31.0;7.943282347242822e-07;0.1;7.943282347242822e-08;5.75575691590764e-05;;;;ROUGE;False
1787669617.986798;79.84043187299903;BLE Sniffer;Appareil BLE;2,4 GHz BLE;7f:c4:af:1a:e1:07;-73.0;;;;-73.0;5.011872336272715e-11;0.00028;1.40332425415636e-14;1.870607972607857e-11;25;0x00;37;VERT;False
1787669617.9981961;79.85183017700001;BLE Sniffer;Appareil BLE;2,4 GHz BLE;7f:c4:af:1a:e1:07;-69.0;;;;-69.0;1.2589254117941662e-10;0.00028;3.524991153023665e-14;1.8741329637608807e-11;25;0x00;38;ORANGE;False
1787669617.9982889;79.85192039799949;BLE Sniffer;Appareil BLE;2,4 GHz BLE;7f:c4:af:1a:e1:07;-69.0;;;;-69.0;1.2589254117941662e-10;0.00028;3.524991153023665e-14;1.8776579549139044e-11;25;0x00;39;ORANGE;False
1787669618.0139623;79.86744676699891;Simulation RF;Détection RF large bande;868 MHz;868 MHz;;2463;1.9851548582107954;-35.40619432843181;-68.40619432843181;1.443379614128454e-10;0.1;1.443379614128454e-11;9.125165350576296e-09;;;;ORANGE;True
1787669618.0141203;79.86744676699891;Simulation RF;Détection RF large bande;2,45 GHz;2,45 GHz;;2967;2.391352302989046;-51.65409211956184;-68.35409211956184;1.4608000936887985e-10;0.1;1.4608000936887985e-11;3.210164143144247e-08;;;;ORANGE;True
1787669618.0227304;79.87636235099853;Wi-Fi;Wi-Fi;2,4/5 GHz;wlan0;-31.0;;;;-31.0;7.943282347242822e-07;0.1;7.943282347242822e-08;5.763700198254883e-05;;;;ROUGE;False
1787669618.123093;79.97672641799909;Simulation LoRa;LoRa;868 MHz;LoRa 868.100 MHz;-92.31496285418928;;;;-92.31496285418928;5.868183887365573e-13;0.046335999999999995;2.7190816860497115e-14;7.313045354377083e-12;13;"SNR=7.57;SF=7;BW=125.0;CR=4/5;F=868.100;CRC=OK;PAYLOAD=54454d504f5f4c4f52415f3739";7;VERT;True
1787669618.1286054;79.96878837499935;Simulation RF;Détection RF large bande;868 MHz;868 MHz;;2419;1.9496588632269174;-33.98635452907669;-66.98635452907669;2.0015412598290504e-10;0.1;2.0015412598290506e-11;9.145180763174587e-09;;;;ORANGE;True
1787669618.1287582;79.96878837499935;Simulation RF;Détection RF large bande;2,45 GHz;2,45 GHz;;2964;2.388287094360492;-51.53148377441967;-68.23148377441967;1.502628502820785e-10;0.1;1.502628502820785e-11;3.211666771647068e-08;;;;ORANGE;True
1787669618.137375;79.99100793700018;Wi-Fi;Wi-Fi;2,4/5 GHz;wlan0;-31.0;;;;-31.0;7.943282347242822e-07;0.1;7.943282347242822e-08;5.771643480602125e-05;;;;ROUGE;False
1787669618.215446;80.06887207699947;Simulation RF;Détection RF large bande;868 MHz;868 MHz;;2435;1.9624250565331018;-34.49700226132407;-67.49700226132407;1.7795072997360677e-10;0.1;1.779507299736068e-11;9.162975836171948e-09;;;;ORANGE;True
1787669618.2156157;80.06887207699947;Simulation RF;Détection RF large bande;2,45 GHz;2,45 GHz;;2939;2.368750369428196;-50.75001477712783;-67.45001477712783;1.7988647943740114e-10;0.1;1.7988647943740114e-11;3.213465636441442e-08;;;;ORANGE;True
1787669618.2245746;80.07820689499931;Wi-Fi;Wi-Fi;2,4/5 GHz;wlan0;-31.0;;;;-31.0;7.943282347242822e-07;0.1;7.943282347242822e-08;5.779586762949368e-05;;;;ROUGE;False
1787669618.24056;80.09419371999866;BLE Sniffer;iBeacon;2,4 GHz BLE;64:d1:2e:b5:04:2d;-63.0;;;;-63.0;5.011872336272714e-10;0.000368;1.8443690197483588e-13;9.226453434960063e-11;36;0x00;37;ORANGE;False
1787669618.240672;80.09430393999901;BLE Sniffer;iBeacon;2,4 GHz BLE;64:d1:2e:b5:04:2d;-62.0;;;;-62.0;6.309573444801942e-10;0.000368;2.321923027687115e-13;9.249672665236934e-11;36;0x00;38;ORANGE;False
1787669618.2407157;80.09434712499933;BLE Sniffer;iBeacon;2,4 GHz BLE;64:d1:2e:b5:04:2d;-67.0;;;;-67.0;1.9952623149688828e-10;0.000368;7.342565319085489e-14;9.25701523055602e-11;36;0x00;39;ORANGE;False
1787669618.2495403;80.10317402500004;BLE Sniffer;Appareil BLE;2,4 GHz BLE;7f:c4:af:1a:e1:07;-68.0;;;;-68.0;1.584893192461111e-10;0.00028;4.43770093889111e-14;1.8820956558527955e-11;25;0x00;37;ORANGE;False
1787669618.2712755;80.12490927899853;BLE Sniffer;Appareil BLE;2,4 GHz BLE;7f:c4:af:1a:e1:07;-67.0;;;;-67.0;1.9952623149688828e-10;0.00028;5.5867344819128714e-14;1.8876823903347085e-11;25;0x00;38;ORANGE;False
1787669618.3155124;80.16895842699887;Simulation RF;Détection RF large bande;868 MHz;868 MHz;;2370;1.9098462095949493;-32.39384838379797;-65.39384838379797;2.8881195186654785e-10;0.1;2.8881195186654785e-11;9.191857031358602e-09;;;;ORANGE;True
1787669618.3156664;80.16895842699887;Simulation RF;Détection RF large bande;2,45 GHz;2,45 GHz;;2972;2.3948373410004646;-51.79349364001858;-68.49349364001858;1.4146553162979721e-10;0.1;1.4146553162979722e-11;3.21488029175774e-08;;;;ORANGE;True
1787669618.3249228;80.17855516599957;Wi-Fi;Wi-Fi;2,4/5 GHz;wlan0;-31.0;;;;-31.0;7.943282347242822e-07;0.1;7.943282347242822e-08;5.7875300452966106e-05;;;;ROUGE;False
1787669618.3767805;80.23041358099908;BLE Sniffer;Appareil BLE;2,4 GHz BLE;7f:c4:af:1a:e1:07;-76.0;;;;-76.0;2.5118864315095823e-11;0.00028;7.03328200822683e-15;1.888385718535531e-11;25;0x00;39;VERT;False
1787669618.4155562;80.26903983199918;Simulation RF;Détection RF large bande;868 MHz;868 MHz;;2416;1.9473007973652086;-33.89203189460834;-66.89203189460834;2.0454874089844946e-10;0.1;2.0454874089844946e-11;9.212311905448447e-09;;;;ORANGE;True
1787669618.415708;80.26903983199918;Simulation RF;Détection RF large bande;2,45 GHz;2,45 GHz;;3009;2.424834380698724;-52.993375227948945;-69.69337522794895;1.0731550589281727e-10;0.1;1.0731550589281728e-11;3.215953446816668e-08;;;;ORANGE;True
1787669618.4245186;80.27815211599955;Wi-Fi;Wi-Fi;2,4/5 GHz;wlan0;-31.0;;;;-31.0;7.943282347242822e-07;0.1;7.943282347242822e-08;5.795473327643853e-05;;;;ROUGE;False
1787669618.5008988;80.35453251999934;BLE Sniffer;iBeacon;2,4 GHz BLE;64:d1:2e:b5:04:2d;-64.0;;;;-64.0;3.9810717055349694e-10;0.000368;1.4650343876368688e-13;9.271665574432389e-11;36;0x00;37;ORANGE;False
1787669618.5053084;80.35894239599838;BLE Sniffer;iBeacon;2,4 GHz BLE;64:d1:2e:b5:04:2d;-62.0;;;;-62.0;6.309573444801942e-10;0.000368;2.321923027687115e-13;9.29488480470926e-11;36;0x00;38;ORANGE;False
1787669618.5053968;80.35902824699951;BLE Sniffer;iBeacon;2,4 GHz BLE;64:d1:2e:b5:04:2d;-67.0;;;;-67.0;1.9952623149688828e-10;0.000368;7.342565319085489e-14;9.302227370028346e-11;36;0x00;39;ORANGE;False
1787669618.5095181;80.36315158999969;BLE Sniffer;Appareil BLE;2,4 GHz BLE;7f:c4:af:1a:e1:07;-71.0;;;;-71.0;7.943282347242822e-11;0.00028;2.22411905722799e-14;1.890609837592759e-11;25;0x00;37;VERT;False
1787669618.5230281;80.36915179300013;Simulation RF;Détection RF large bande;868 MHz;868 MHz;;2458;1.981166401674964;-35.246656066998554;-68.24665606699855;1.4973881548456107e-10;0.1;1.4973881548456107e-11;9.227285786996903e-09;;;;ORANGE;True
1787669618.5423918;80.36915179300013;Simulation RF;Détection RF large bande;2,45 GHz;2,45 GHz;;2984;2.4050141414481168;-52.200565657924656;-68.90056565792466;1.2880817712713158e-10;0.1;1.2880817712713159e-11;3.217241528587939e-08;;;;ORANGE;True
1787669618.5522096;80.40584292499989;Wi-Fi;Wi-Fi;2,4/5 GHz;wlan0;-31.0;;;;-31.0;7.943282347242822e-07;0.1;7.943282347242822e-08;5.803416609991096e-05;;;;ROUGE;False
1787669618.6157982;80.46923658699961;Simulation RF;Détection RF large bande;868 MHz;868 MHz;;2420;1.9504008652112543;-34.01603460845017;-67.01603460845017;1.9879091795488885e-10;0.1;1.9879091795488886e-11;9.247164878792392e-09;;;;ORANGE;True
1787669618.6159484;80.46923658699961;Simulation RF;Détection RF large bande;2,45 GHz;2,45 GHz;;3001;2.4183178714004674;-52.73271485601869;-69.43271485601869;1.1395372188397119e-10;0.1;1.139537218839712e-11;3.218381065806779e-08;;;;ORANGE;True
1787669618.623008;80.47664193499986;BLE Sniffer;Appareil BLE;2,4 GHz BLE;7f:c4:af:1a:e1:07;-68.0;;;;-68.0;1.584893192461111e-10;0.00028;4.43770093889111e-14;1.89504753853165e-11;25;0x00;38;ORANGE;False
1787669618.6346483;80.48828323499947;BLE Sniffer;Appareil BLE;2,4 GHz BLE;7f:c4:af:1a:e1:07;-71.0;;;;-71.0;7.943282347242822e-11;0.00028;2.22411905722799e-14;1.897271657588878e-11;25;0x00;39;VERT;False
1787669618.6523755;80.50600947800012;Wi-Fi;Wi-Fi;2,4/5 GHz;wlan0;-31.0;;;;-31.0;7.943282347242822e-07;0.1;7.943282347242822e-08;5.8113598923383386e-05;;;;ROUGE;False
1787669618.715866;80.56931821499893;Simulation RF;Détection RF large bande;868 MHz;868 MHz;;2363;1.9041618473530075;-32.1664738941203;-65.1664738941203;3.043354971086765e-10;0.1;3.0433549710867656e-11;9.27759842850326e-09;;;;ORANGE;True
1787669618.71601;80.56931821499893;Simulation RF;Détection RF large bande;2,45 GHz;2,45 GHz;;3011;2.426617580049068;-53.064703201962715;-69.76470320196272;1.0556736457765933e-10;0.1;1.0556736457765934e-11;3.219436739452556e-08;;;;ORANGE;True
1787669618.725126;80.57875862299989;Wi-Fi;Wi-Fi;2,4/5 GHz;wlan0;-31.0;;;;-31.0;7.943282347242822e-07;0.1;7.943282347242822e-08;5.819303174685581e-05;;;;ROUGE;False
1787669618.7629492;80.6165825349999;BLE Sniffer;Appareil BLE;2,4 GHz BLE;7f:c4:af:1a:e1:07;-90.0;;;;-90.0;1e-12;0.00028;2.7999999999999996e-16;1.897299657588878e-11;25;0x00;37;VERT;False
1787669618.7630439;80.61667529199985;BLE Sniffer;Appareil BLE;2,4 GHz BLE;7f:c4:af:1a:e1:07;-73.0;;;;-73.0;5.011872336272715e-11;0.00028;1.40332425415636e-14;1.8987029818430342e-11;25;0x00;38;VERT;False
1787669618.775475;80.62910963600007;BLE Sniffer;Appareil BLE;2,4 GHz BLE;7f:c4:af:1a:e1:07;-72.0;;;;-72.0;6.309573444801942e-11;0.00028;1.7666805645445437e-14;1.9004696624075786e-11;25;0x00;39;VERT;False
1787669618.7837844;80.63741817299888;BLE Sniffer;iBeacon;2,4 GHz BLE;64:d1:2e:b5:04:2d;-63.0;;;;-63.0;5.011872336272714e-10;0.000368;1.8443690197483588e-13;9.32067106022583e-11;36;0x00;37;ORANGE;False
1787669618.8159628;80.66940778699973;Simulation RF;Détection RF large bande;868 MHz;868 MHz;;2461;1.9836151750908237;-35.344607003632944;-68.34460700363294;1.4639940094838806e-10;0.1;1.4639940094838805e-11;9.2922383685981e-09;;;;ORANGE;True
1787669618.816121;80.66940778699973;Simulation RF;Détection RF large bande;2,45 GHz;2,45 GHz;;2970;2.3931223530282515;-51.72489412113006;-68.42489412113007;1.4371780906280115e-10;0.1;1.4371780906280115e-11;3.220873917543184e-08;;;;ORANGE;True
1787669618.82482;80.67845214599947;Wi-Fi;Wi-Fi;2,4/5 GHz;wlan0;-31.0;;;;-31.0;7.943282347242822e-07;0.1;7.943282347242822e-08;5.827246457032824e-05;;;;ROUGE;False
1787669618.8936927;80.7473257040001;BLE Sniffer;iBeacon;2,4 GHz BLE;64:d1:2e:b5:04:2d;-62.0;;;;-62.0;6.309573444801942e-10;0.000368;2.321923027687115e-13;9.343890290502701e-11;36;0x00;38;ORANGE;False
1787669618.9010417;80.75467560799916;BLE Sniffer;iBeacon;2,4 GHz BLE;64:d1:2e:b5:04:2d;-67.0;;;;-67.0;1.9952623149688828e-10;0.000368;7.342565319085489e-14;9.351232855821787e-11;36;0x00;39;ORANGE;False
1787669618.916012;80.76949683999919;Simulation RF;Détection RF large bande;868 MHz;868 MHz;;2433;1.9605737729768387;-34.42295091907354;-67.42295091907354;1.810109751750238e-10;0.1;1.810109751750238e-11;9.310339466115601e-09;;;;ORANGE;True
1787669618.91617;80.76949683999919;Simulation RF;Détection RF large bande;2,45 GHz;2,45 GHz;;2948;2.3758141185689827;-51.032564742759305;-67.73256474275931;1.685557319053695e-10;0.1;1.685557319053695e-11;3.222559474862238e-08;;;;ORANGE;True
1787669618.9263957;80.78002854599981;Wi-Fi;Wi-Fi;2,4/5 GHz;wlan0;-31.0;;;;-31.0;7.943282347242822e-07;0.1;7.943282347242822e-08;5.8351897393800665e-05;;;;ROUGE;False
1787669619.0263834;80.88001710199933;BLE Sniffer;Appareil BLE;2,4 GHz BLE;7f:c4:af:1a:e1:07;-73.0;;;;-73.0;5.011872336272715e-11;0.00028;1.40332425415636e-14;1.901872986661735e-11;25;0x00;37;VERT;False
1787669619.026477;80.88010867399862;BLE Sniffer;iBeacon;2,4 GHz BLE;64:d1:2e:b5:04:2d;-62.0;;;;-62.0;6.309573444801942e-10;0.000368;2.321923027687115e-13;9.374452086098658e-11;36;0x00;38;ORANGE;False
1787669619.0265183;80.88014985900008;BLE Sniffer;iBeacon;2,4 GHz BLE;64:d1:2e:b5:04:2d;-67.0;;;;-67.0;1.9952623149688828e-10;0.000368;7.342565319085489e-14;9.381794651417744e-11;36;0x00;39;ORANGE;False
1787669619.0402174;80.86963072599974;Simulation RF;Détection RF large bande;868 MHz;868 MHz;;2345;1.8895735322653218;-31.582941290612865;-64.58294129061287;3.4810148095336303e-10;0.1;3.48101480953363e-11;9.345149614210938e-09;;;;ORANGE;True
1787669619.040393;80.86963072599974;Simulation RF;Détection RF large bande;2,45 GHz;2,45 GHz;;3014;2.4288591107627204;-53.15436443050881;-69.85436443050881;1.0341024259220455e-10;0.1;1.0341024259220455e-11;3.22359357728816e-08;;;;ORANGE;True
1787669619.049077;80.9027097299986;Wi-Fi;Wi-Fi;2,4/5 GHz;wlan0;-31.0;;;;-31.0;7.943282347242822e-07;0.1;7.943282347242822e-08;5.843133021727309e-05;;;;ROUGE;False
1787669619.116267;80.96971450199999;Simulation RF;Détection RF large bande;868 MHz;868 MHz;;2415;1.946280229232238;-33.85120916928952;-66.85120916928952;2.0648051895773052e-10;0.1;2.0648051895773053e-11;9.36579766610671e-09;;;;ORANGE;True
1787669619.1164377;80.96971450199999;Simulation RF;Détection RF large bande;2,45 GHz;2,45 GHz;;3024;2.4368456271241588;-53.473825084966336;-70.17382508496634;9.607657031970073e-11;0.1;9.607657031970074e-12;3.224554342991357e-08;;;;VERT;True
1787669619.1249142;80.97854703099983;Wi-Fi;Wi-Fi;2,4/5 GHz;wlan0;-31.0;;;;-31.0;7.943282347242822e-07;0.1;7.943282347242822e-08;5.851076304074552e-05;;;;ROUGE;False
1787669619.1473966;81.00103038499947;Simulation LoRa;LoRa;868 MHz;LoRa 868.100 MHz;-84.32557580844735;;;;-84.32557580844735;3.693536704311797e-12;0.046335999999999995;1.711437167309914e-13;7.484189071108075e-12;13;"SNR=7.97;SF=7;BW=125.0;CR=4/5;F=868.100;CRC=OK;PAYLOAD=54454d504f5f4c4f52415f3830";7;VERT;True
1787669619.2163923;81.06980231499983;Simulation RF;Détection RF large bande;868 MHz;868 MHz;;2468;1.9887967073779826;-35.551868295119306;-68.5518682951193;1.3957677853553812e-10;0.1;1.3957677853553812e-11;9.379755343960264e-09;;;;ORANGE;True
1787669619.21656;81.06980231499983;Simulation RF;Détection RF large bande;2,45 GHz;2,45 GHz;;2995;2.413205316054575;-52.52821264218299;-69.228212642183;1.194479596589291e-10;0.1;1.1944795965892911e-11;3.2257488225879466e-08;;;;ORANGE;True
1787669619.2254875;81.07912026199847;Wi-Fi;Wi-Fi;2,4/5 GHz;wlan0;-31.0;;;;-31.0;7.943282347242822e-07;0.1;7.943282347242822e-08;5.8590195864217945e-05;;;;ROUGE;False
1787669619.2807922;81.13442601299903;BLE Sniffer;Appareil BLE;2,4 GHz BLE;7f:c4:af:1a:e1:07;-77.0;;;;-77.0;1.9952623149688828e-11;0.00028;5.586734481912872e-15;1.902431660109926e-11;25;0x00;37;VERT;False
1787669619.316454;81.16988251699877;Simulation RF;Détection RF large bande;868 MHz;868 MHz;;2387;1.923964620837526;-32.958584833501035;-65.95858483350104;2.5359548472340986e-10;0.1;2.5359548472340988e-11;9.405114892432605e-09;;;;ORANGE;True
1787669619.3166108;81.16988251699877;Simulation RF;Détection RF large bande;2,45 GHz;2,45 GHz;;3013;2.4283167100373855;-53.13266840149541;-69.83266840149541;1.0392814120966898e-10;0.1;1.0392814120966898e-11;3.2267881040000436e-08;;;;ORANGE;True
1787669619.3293633;81.18299738699898;Wi-Fi;Wi-Fi;2,4/5 GHz;wlan0;-31.0;;;;-31.0;7.943282347242822e-07;0.1;7.943282347242822e-08;5.866962868769037e-05;;;;ROUGE;False
1787669619.386479;81.24011140499897;BLE Sniffer;iBeacon;2,4 GHz BLE;64:d1:2e:b5:04:2d;-62.0;;;;-62.0;6.309573444801942e-10;0.000368;2.321923027687115e-13;9.405013881694616e-11;36;0x00;38;ORANGE;False
1787669619.3936872;81.24732218200006;BLE Sniffer;iBeacon;2,4 GHz BLE;64:d1:2e:b5:04:2d;-68.0;;;;-68.0;1.584893192461111e-10;0.000368;5.832406948256888e-14;9.410846288642872e-11;36;0x00;39;ORANGE;False
1787669619.4249458;81.27077990999896;Simulation RF;Détection RF large bande;868 MHz;868 MHz;;2403;1.9365215148725778;-33.46086059490311;-66.46086059490311;2.2589880863693042e-10;0.1;2.258988086369304e-11;9.427704773296297e-09;;;;ORANGE;True
1787669619.4355924;81.27077990999896;Simulation RF;Détection RF large bande;2,45 GHz;2,45 GHz;;3007;2.423034457901981;-52.92137831607924;-69.62137831607924;1.0910940020751479e-10;0.1;1.0910940020751479e-11;3.2278791980021187e-08;;;;ORANGE;True
1787669619.44714;81.30077333199915;Wi-Fi;Wi-Fi;2,4/5 GHz;wlan0;-31.0;;;;-31.0;7.943282347242822e-07;0.1;7.943282347242822e-08;5.87490615111628e-05;;;;ROUGE;False
1787669619.5201585;81.37090248099958;Simulation RF;Détection RF large bande;868 MHz;868 MHz;;2420;1.950514928553043;-34.020597142121716;-67.02059714212172;1.9858218539288447e-10;0.1;1.9858218539288448e-11;9.447562991835586e-09;;;;ORANGE;True
1787669619.5203142;81.37090248099958;Simulation RF;Détection RF large bande;2,45 GHz;2,45 GHz;;3028;2.4399022071270853;-53.5960882850834;-70.2960882850834;9.340952668890042e-11;0.1;9.340952668890042e-12;3.2288132932690074e-08;;;;VERT;True
1787669619.5288854;81.38251781899999;Wi-Fi;Wi-Fi;2,4/5 GHz;wlan0;-31.0;;;;-31.0;7.943282347242822e-07;0.1;7.943282347242822e-08;5.8828494334635224e-05;;;;ROUGE;False
1787669619.6175325;81.47098496099898;Simulation RF;Détection RF large bande;868 MHz;868 MHz;;2422;1.9516040622551332;-34.06416249020532;-67.06416249020532;1.9660010750594747e-10;0.1;1.9660010750594747e-11;9.467223002586181e-09;;;;ORANGE;True
1787669619.6176689;81.47098496099898;Simulation RF;Détection RF large bande;2,45 GHz;2,45 GHz;;2973;2.3957875259292827;-51.83150103717131;-68.53150103717131;1.4023289386356358e-10;0.1;1.402328938635636e-11;3.230215622207643e-08;;;;ORANGE;True
1787669619.6319582;81.48559191899949;BLE Sniffer;Appareil BLE;2,4 GHz BLE;7f:c4:af:1a:e1:07;-72.0;;;;-72.0;6.309573444801942e-11;0.00028;1.7666805645445437e-14;1.9041983406744705e-11;25;0x00;37;VERT;False
1787669619.6320484;81.48568000999876;BLE Sniffer;Appareil BLE;2,4 GHz BLE;7f:c4:af:1a:e1:07;-70.0;;;;-70.0;1e-10;0.00028;2.7999999999999997e-14;1.9069983406744707e-11;25;0x04;38;ORANGE;False
1787669619.63209;81.4857217129993;BLE Sniffer;Appareil BLE;2,4 GHz BLE;7f:c4:af:1a:e1:07;-87.0;;;;-87.0;1.9952623149688827e-12;0.00028;5.586734481912871e-16;1.9070542080192897e-11;25;0x00;39;VERT;False
1787669619.6321292;81.48576063799919;BLE Sniffer;Appareil BLE;2,4 GHz BLE;d3:23:2f:4d:3e:b1;-77.0;;;;-77.0;1.9952623149688828e-11;0.000376;7.502186304282999e-15;2.1915460974526727e-13;37;0x00;37;VERT;False
1787669619.6321661;81.48579756399886;BLE Sniffer;iBeacon;2,4 GHz BLE;64:d1:2e:b5:04:2d;-62.0;;;;-62.0;6.309573444801942e-10;0.000368;2.321923027687115e-13;9.434065518919743e-11;36;0x00;38;ORANGE;False
1787669619.6403754;81.49401012099952;BLE Sniffer;iBeacon;2,4 GHz BLE;64:d1:2e:b5:04:2d;-67.0;;;;-67.0;1.9952623149688828e-10;0.000368;7.342565319085489e-14;9.441408084238829e-11;36;0x00;39;ORANGE;False
1787669619.666782;81.52041672899941;Wi-Fi;Wi-Fi;2,4/5 GHz;wlan0;-31.0;;;;-31.0;7.943282347242822e-07;0.1;7.943282347242822e-08;5.890792715810765e-05;;;;ROUGE;False
1787669619.717644;81.5710725329991;Simulation RF;Détection RF large bande;868 MHz;868 MHz;;2403;1.9368079667710114;-33.47231867084045;-66.47231867084045;2.2530360092782212e-10;0.1;2.2530360092782212e-11;9.489753362678964e-09;;;;ORANGE;True
1787669619.7178102;81.5710725329991;Simulation RF;Détection RF large bande;2,45 GHz;2,45 GHz;;2943;2.371380520167392;-50.855220806695684;-67.55522080669569;1.7558116218656248e-10;0.1;1.755811621865625e-11;3.231971433829509e-08;;;;ORANGE;True
1787669619.7264733;81.58010576299966;Wi-Fi;Wi-Fi;2,4/5 GHz;wlan0;-31.0;;;;-31.0;7.943282347242822e-07;0.1;7.943282347242822e-08;5.898735998158008e-05;;;;ROUGE;False
1787669619.8176918;81.67114849399877;Simulation RF;Détection RF large bande;868 MHz;868 MHz;;2341;1.8864755994432945;-31.459023977731775;-64.45902397773177;3.5817692382035644e-10;0.1;3.5817692382035645e-11;9.525571055061e-09;;;;ORANGE;True
1787669619.8178337;81.67114849399877;Simulation RF;Détection RF large bande;2,45 GHz;2,45 GHz;;3003;2.419620982849577;-52.78483931398307;-69.48483931398307;1.1259421272204024e-10;0.1;1.1259421272204024e-11;3.2330973759567294e-08;;;;ORANGE;True
1787669619.8263965;81.68002968899964;Wi-Fi;Wi-Fi;2,4/5 GHz;wlan0;-31.0;;;;-31.0;7.943282347242822e-07;0.1;7.943282347242822e-08;5.9066792805052503e-05;;;;ROUGE;False
1787669619.8836586;81.73729151999942;BLE Sniffer;Appareil BLE;2,4 GHz BLE;7f:c4:af:1a:e1:07;-80.0;;;;-80.0;1e-11;0.00028;2.7999999999999997e-15;1.9073342080192897e-11;25;0x00;37;VERT;False
1787669619.8953187;81.74895269099943;BLE Sniffer;Appareil BLE;2,4 GHz BLE;7f:c4:af:1a:e1:07;-71.0;;;;-71.0;7.943282347242822e-11;0.00028;2.22411905722799e-14;1.9095583270765176e-11;25;0x00;38;VERT;False
1787669619.8954122;81.74904372599849;BLE Sniffer;Appareil BLE;2,4 GHz BLE;7f:c4:af:1a:e1:07;-74.0;;;;-74.0;3.9810717055349695e-11;0.00028;1.1147000775497913e-14;1.9106730271540675e-11;25;0x00;39;VERT;False
1787669619.9080868;81.76172121399941;BLE Sniffer;iBeacon;2,4 GHz BLE;64:d1:2e:b5:04:2d;-64.0;;;;-64.0;3.9810717055349694e-10;0.000368;1.4650343876368688e-13;9.456058428115198e-11;36;0x00;37;ORANGE;False
1787669619.931838;81.77129147300002;Simulation RF;Détection RF large bande;868 MHz;868 MHz;;2382;1.9198445151066812;-32.79378060426724;-65.79378060426724;2.634037414988742e-10;0.1;2.634037414988742e-11;9.551911429210887e-09;;;;ORANGE;True
1787669619.9321373;81.77129147300002;Simulation RF;Détection RF large bande;2,45 GHz;2,45 GHz;;2996;2.414550699874813;-52.582027994992515;-69.28202799499252;1.1797695981312841e-10;0.1;1.1797695981312841e-11;3.234277145554861e-08;;;;ORANGE;True
1787669619.9409223;81.7945548509997;Wi-Fi;Wi-Fi;2,4/5 GHz;wlan0;-31.0;;;;-31.0;7.943282347242822e-07;0.1;7.943282347242822e-08;5.914622562852493e-05;;;;ROUGE;False
1787669620.0137415;81.867374681;BLE Sniffer;iBeacon;2,4 GHz BLE;64:d1:2e:b5:04:2d;-62.0;;;;-62.0;6.309573444801942e-10;0.000368;2.321923027687115e-13;9.479277658392069e-11;36;0x00;38;ORANGE;False
1787669620.0253;81.87893372399958;BLE Sniffer;iBeacon;2,4 GHz BLE;64:d1:2e:b5:04:2d;-66.0;;;;-66.0;2.511886431509582e-10;0.000368;9.243742067955262e-14;9.488521400460025e-11;36;0x00;39;ORANGE;False
1787669620.0350046;81.87141674799932;Simulation RF;Détection RF large bande;868 MHz;868 MHz;;2349;1.8933364949896807;-31.733459799587223;-64.73345979958722;3.362435947622876e-10;0.1;3.362435947622876e-11;9.585535788687116e-09;;;;ORANGE;True
1787669620.0351639;81.87141674799932;Simulation RF;Détection RF large bande;2,45 GHz;2,45 GHz;;2962;2.3871068857630364;-51.48427543052145;-68.18427543052145;1.5190513568193575e-10;0.1;1.5190513568193575e-11;3.23579619691168e-08;;;;ORANGE;True
1787669620.0437696;81.89740238099876;Wi-Fi;Wi-Fi;2,4/5 GHz;wlan0;-31.0;;;;-31.0;7.943282347242822e-07;0.1;7.943282347242822e-08;5.9225658451997356e-05;;;;ROUGE;False
1787669620.1180532;81.97149893099959;Simulation RF;Détection RF large bande;868 MHz;868 MHz;;2340;1.885322742654263;-31.41290970617051;-64.41290970617051;3.6200038246792554e-10;0.1;3.620003824679256e-11;9.621735826933908e-09;;;;ORANGE;True
1787669620.1182034;81.97149893099959;Simulation RF;Détection RF large bande;2,45 GHz;2,45 GHz;;3037;2.447612976779818;-53.90451907119271;-70.60451907119271;8.700577761454778e-11;0.1;8.700577761454778e-12;3.236666254687825e-08;;;;VERT;True
1787669620.1267982;81.98043086599864;Wi-Fi;Wi-Fi;2,4/5 GHz;wlan0;-31.0;;;;-31.0;7.943282347242822e-07;0.1;7.943282347242822e-08;5.930509127546978e-05;;;;ROUGE;False
1787669620.1614356;82.01506927199989;Simulation LoRa;LoRa;868 MHz;LoRa 868.100 MHz;-92.33232206411661;;;;-92.33232206411661;5.844774950676158e-13;0.046335999999999995;2.7082349211453045e-14;7.511271420319528e-12;13;"SNR=6.22;SF=7;BW=125.0;CR=4/5;F=868.100;CRC=OK;PAYLOAD=54454d504f5f4c4f52415f3831";7;VERT;True
1787669620.161528;82.01515991899942;BLE Sniffer;Appareil BLE;2,4 GHz BLE;7f:c4:af:1a:e1:07;-70.0;;;;-70.0;1e-10;0.00028;2.7999999999999997e-14;1.9134730271540676e-11;25;0x00;37;ORANGE;False
1787669620.1698086;82.02344288199856;BLE Sniffer;iBeacon;2,4 GHz BLE;64:d1:2e:b5:04:2d;-62.0;;;;-62.0;6.309573444801942e-10;0.000368;2.321923027687115e-13;9.511740630736896e-11;36;0x00;38;ORANGE;False
1787669620.1739714;82.02760629899967;BLE Sniffer;iBeacon;2,4 GHz BLE;64:d1:2e:b5:04:2d;-67.0;;;;-67.0;1.9952623149688828e-10;0.000368;7.342565319085489e-14;9.519083196055982e-11;36;0x00;39;ORANGE;False
1787669620.2181492;82.07158259599964;Simulation RF;Détection RF large bande;868 MHz;868 MHz;;2440;1.9663021483052696;-34.65208593221078;-67.65208593221078;1.717083467625507e-10;0.1;1.717083467625507e-11;9.638906661610162e-09;;;;ORANGE;True
1787669620.218311;82.07158259599964;Simulation RF;Détection RF large bande;2,45 GHz;2,45 GHz;;3015;2.429473256010379;-53.17893024041514;-69.87893024041514;1.0282695515728611e-10;0.1;1.028269551572861e-11;3.237694524239398e-08;;;;ORANGE;True
1787669620.2303274;82.08396068099864;Wi-Fi;Wi-Fi;2,4/5 GHz;wlan0;-31.0;;;;-31.0;7.943282347242822e-07;0.1;7.943282347242822e-08;5.938452409894221e-05;;;;ROUGE;False
1787669620.3181734;82.17166250199989;Simulation RF;Détection RF large bande;868 MHz;868 MHz;;2352;1.8956954084595783;-31.82781633838313;-64.82781633838313;3.2901702124521136e-10;0.1;3.290170212452114e-11;9.671808363734684e-09;;;;ORANGE;True
1787669620.3183181;82.17166250199989;Simulation RF;Détection RF large bande;2,45 GHz;2,45 GHz;;3076;2.479160255876451;-55.16641023505804;-71.86641023505804;6.506672927459789e-11;0.1;6.5066729274597894e-12;3.238345191532144e-08;;;;VERT;True
1787669620.326839;82.18047145799937;Wi-Fi;Wi-Fi;2,4/5 GHz;wlan0;-31.0;;;;-31.0;7.943282347242822e-07;0.1;7.943282347242822e-08;5.9463956922414636e-05;;;;ROUGE;False
1787669620.416712;82.2703458369997;BLE Sniffer;Appareil BLE;2,4 GHz BLE;7f:c4:af:1a:e1:07;-85.0;;;;-85.0;3.1622776601683794e-12;0.00028;8.854377448471461e-16;1.9135615709285523e-11;25;0x00;37;VERT;False
1787669620.416807;82.27043861299899;BLE Sniffer;iBeacon;2,4 GHz BLE;64:d1:2e:b5:04:2d;-62.0;;;;-62.0;6.309573444801942e-10;0.000368;2.321923027687115e-13;9.542302426332853e-11;36;0x00;38;ORANGE;False
1787669620.416849;82.27048027899946;BLE Sniffer;iBeacon;2,4 GHz BLE;64:d1:2e:b5:04:2d;-67.0;;;;-67.0;1.9952623149688828e-10;0.000368;7.342565319085489e-14;9.54964499165194e-11;36;0x00;39;ORANGE;False
1787669620.4307005;82.27178507399913;Simulation RF;Détection RF large bande;868 MHz;868 MHz;;2322;1.8714139356692743;-30.85655742677097;-63.85655742677097;4.114757612031918e-10;0.1;4.114757612031918e-11;9.712955939855003e-09;;;;ORANGE;True
1787669620.4308631;82.27178507399913;Simulation RF;Détection RF large bande;2,45 GHz;2,45 GHz;;3011;2.4261114650323896;-53.044458601295574;-69.74445860129558;1.0606061470529153e-10;0.1;1.0606061470529153e-11;3.239405797679197e-08;;;;ORANGE;True
1787669620.4394777;82.2931100199985;Wi-Fi;Wi-Fi;2,4/5 GHz;wlan0;-31.0;;;;-31.0;7.943282347242822e-07;0.1;7.943282347242822e-08;5.954338974588706e-05;;;;ROUGE;False
1787669620.518428;82.37186992399984;Simulation RF;Détection RF large bande;868 MHz;868 MHz;;2366;1.9069549362076903;-32.27819744830761;-65.27819744830761;2.9660622066980835e-10;0.1;2.9660622066980835e-11;9.742616561921983e-09;;;;ORANGE;True
1787669620.518581;82.37186992399984;Simulation RF;Détection RF large bande;2,45 GHz;2,45 GHz;;2988;2.4076434512690823;-52.30573805076328;-69.00573805076328;1.257263173804109e-10;0.1;1.2572631738041092e-11;3.240663060853001e-08;;;;ORANGE;True
1787669620.5271268;82.3807593599995;Wi-Fi;Wi-Fi;2,4/5 GHz;wlan0;-31.0;;;;-31.0;7.943282347242822e-07;0.1;7.943282347242822e-08;5.962282256935949e-05;;;;ROUGE;False
1787669620.6185033;82.47195221799848;Simulation RF;Détection RF large bande;868 MHz;868 MHz;;2305;1.8575889761207995;-30.303559044831978;-63.30355904483198;4.673519891897616e-10;0.1;4.6735198918976165e-11;9.78935176084096e-09;;;;ORANGE;True
1787669620.6186428;82.47195221799848;Simulation RF;Détection RF large bande;2,45 GHz;2,45 GHz;;3017;2.4313500393059457;-53.254001572237826;-69.95400157223783;1.0106478182068549e-10;0.1;1.0106478182068549e-11;3.241673708671208e-08;;;;ORANGE;True
1787669620.627313;82.48094548599875;Wi-Fi;Wi-Fi;2,4/5 GHz;wlan0;-31.0;;;;-31.0;7.943282347242822e-07;0.1;7.943282347242822e-08;5.9702255392831915e-05;;;;ROUGE;False
1787669620.6560197;82.50965253899994;BLE Sniffer;Appareil BLE;2,4 GHz BLE;01:02:7f:c4:af:1a;-90.0;;;;-90.0;1e-12;0.000536;5.36e-16;5.36e-16;57;0x08;37;VERT;False
1787669620.718573;82.57202725399839;Simulation RF;Détection RF large bande;868 MHz;868 MHz;;2363;1.9045285745108183;-32.181142980432725;-65.18114298043272;3.033092826828568e-10;0.1;3.0330928268285685e-11;9.819682689109245e-09;;;;ORANGE;True
1787669620.7187126;82.57202725399839;Simulation RF;Détection RF large bande;2,45 GHz;2,45 GHz;;3023;2.4359307972404967;-53.437231889619866;-70.13723188961987;9.688952148656311e-11;0.1;9.688952148656312e-12;3.242642603886073e-08;;;;VERT;True
1787669620.72418;82.57781279299888;Wi-Fi;Wi-Fi;2,4/5 GHz;wlan0;-32.0;;;;-32.0;6.30957344480193e-07;0.1;6.30957344480193e-08;5.9765351127279936e-05;;;;ROUGE;False
1787669620.7733018;82.62693523300004;BLE Sniffer;iBeacon;2,4 GHz BLE;64:d1:2e:b5:04:2d;-62.0;;;;-62.0;6.309573444801942e-10;0.000368;2.321923027687115e-13;9.572864221928811e-11;36;0x00;38;ORANGE;False
1787669620.773377;82.62700860199948;BLE Sniffer;iBeacon;2,4 GHz BLE;64:d1:2e:b5:04:2d;-67.0;;;;-67.0;1.9952623149688828e-10;0.000368;7.342565319085489e-14;9.580206787247897e-11;36;0x00;39;ORANGE;False
1787669620.818643;82.67210884499946;Simulation RF;Détection RF large bande;868 MHz;868 MHz;;2431;1.9591221155754566;-34.364884623018256;-67.36488462301826;1.8344739020796693e-10;0.1;1.8344739020796694e-11;9.838027428130043e-09;;;;ORANGE;True
1787669620.8187988;82.67210884499946;Simulation RF;Détection RF large bande;2,45 GHz;2,45 GHz;;3027;2.4393943402241725;-53.5757736089669;-70.2757736089669;9.384748512123785e-11;0.1;9.384748512123786e-12;3.2435810787372856e-08;;;;VERT;True
1787669620.827792;82.68142443999932;Wi-Fi;Wi-Fi;2,4/5 GHz;wlan0;-33.0;;;;-33.0;5.011872336272725e-07;0.1;5.011872336272725e-08;5.981546985064266e-05;;;;ROUGE;False
1787669620.9064288;82.76006256899927;BLE Sniffer;Appareil BLE;2,4 GHz BLE;7f:c4:af:1a:e1:07;-73.0;;;;-73.0;5.011872336272715e-11;0.00028;1.40332425415636e-14;1.9149648951827086e-11;25;0x00;37;VERT;False
1787669620.918714;82.7721914169997;Simulation RF;Détection RF large bande;868 MHz;868 MHz;;2320;1.8699417019418565;-30.797668077674253;-63.79766807767425;4.1709327948869525e-10;0.1;4.170932794886953e-11;9.879736756078912e-09;;;;ORANGE;True
1787669620.9188726;82.7721914169997;Simulation RF;Détection RF large bande;2,45 GHz;2,45 GHz;;3021;2.4347312539915005;-53.38925015966001;-70.08925015966001;9.796591159279425e-11;0.1;9.796591159279426e-12;3.244560737853214e-08;;;;VERT;True
1787669620.930477;82.78410915699897;Wi-Fi;Wi-Fi;2,4/5 GHz;wlan0;-33.0;;;;-33.0;5.011872336272725e-07;0.1;5.011872336272725e-08;5.986558857400539e-05;;;;ROUGE;False
1787669621.0238357;82.8774695939992;BLE Sniffer;iBeacon;2,4 GHz BLE;64:d1:2e:b5:04:2d;-62.0;;;;-62.0;6.309573444801942e-10;0.000368;2.321923027687115e-13;9.603426017524768e-11;36;0x00;38;ORANGE;False
1787669621.0281603;82.88179422999929;BLE Sniffer;iBeacon;2,4 GHz BLE;64:d1:2e:b5:04:2d;-66.0;;;;-66.0;2.511886431509582e-10;0.000368;9.243742067955262e-14;9.612669759592724e-11;36;0x00;39;ORANGE;False
1787669621.0338707;82.87342711899873;Simulation RF;Détection RF large bande;868 MHz;868 MHz;;2327;1.875446194185139;-31.017847767405556;-64.01784776740556;3.9647446637780886e-10;0.1;3.9647446637780886e-11;9.919384202716692e-09;;;;ORANGE;True
1787669621.0520177;82.87342711899873;Simulation RF;Détection RF large bande;2,45 GHz;2,45 GHz;;2968;2.3914026274322584;-51.656105097290336;-68.35610509729034;1.4601231620674913e-10;0.1;1.4601231620674914e-11;3.246020861015281e-08;;;;ORANGE;True
1787669621.0616448;82.9152773199985;Wi-Fi;Wi-Fi;2,4/5 GHz;wlan0;-33.0;;;;-33.0;5.011872336272725e-07;0.1;5.011872336272725e-08;5.991570729736811e-05;;;;ROUGE;False
1787669621.1200812;82.97351774699928;Simulation RF;Détection RF large bande;868 MHz;868 MHz;;2297;1.8513339529508197;-30.053358118032783;-63.05335811803278;4.950672393263829e-10;0.1;4.9506723932638296e-11;9.96889092664933e-09;;;;ORANGE;True
1787669621.1202385;82.97351774699928;Simulation RF;Détection RF large bande;2,45 GHz;2,45 GHz;;3043;2.4520607289753946;-54.082429159015774;-70.78242915901578;8.351357672935575e-11;0.1;8.351357672935575e-12;3.246855996782575e-08;;;;VERT;True
1787669621.1285977;82.98223048199907;Wi-Fi;Wi-Fi;2,4/5 GHz;wlan0;-33.0;;;;-33.0;5.011872336272725e-07;0.1;5.011872336272725e-08;5.996582602073084e-05;;;;ROUGE;False
1787669621.1338499;82.98748164099925;Simulation LoRa;LoRa;868 MHz;LoRa 868.100 MHz;-84.9310317047049;;;;-84.9310317047049;3.2128971960126423e-12;0.046335999999999995;1.4887280447444178e-13;7.66014422479397e-12;13;"SNR=6.56;SF=7;BW=125.0;CR=4/5;F=868.100;CRC=OK;PAYLOAD=54454d504f5f4c4f52415f3832";7;VERT;True
1787669621.220157;83.07360122699902;Simulation RF;Détection RF large bande;868 MHz;868 MHz;;2376;1.9151044942548918;-32.60417977019567;-65.60417977019567;2.7515792326337904e-10;0.1;2.7515792326337906e-11;9.996406718975668e-09;;;;ORANGE;True
1787669621.2203026;83.07360122699902;Simulation RF;Détection RF large bande;2,45 GHz;2,45 GHz;;3039;2.449231425845195;-53.96925703380779;-70.6692570338078;8.571844749113538e-11;0.1;8.571844749113538e-12;3.247713181257486e-08;;;;VERT;True
1787669621.2286067;83.08223907399952;Wi-Fi;Wi-Fi;2,4/5 GHz;wlan0;-33.0;;;;-33.0;5.011872336272725e-07;0.1;5.011872336272725e-08;6.0015944744093565e-05;;;;ROUGE;False
1787669621.2702212;83.12385505599923;BLE Sniffer;Appareil BLE;2,4 GHz BLE;7f:c4:af:1a:e1:07;-80.0;;;;-80.0;1e-11;0.00028;2.7999999999999997e-15;1.9152448951827087e-11;25;0x00;37;VERT;False
1787669621.2861533;83.13978754900018;BLE Sniffer;iBeacon;2,4 GHz BLE;64:d1:2e:b5:04:2d;-62.0;;;;-62.0;6.309573444801942e-10;0.000368;2.321923027687115e-13;9.635888989869595e-11;36;0x00;38;ORANGE;False
1787669621.3202348;83.1736815589993;Simulation RF;Détection RF large bande;868 MHz;868 MHz;;2377;1.9151936114375254;-32.60774445750101;-65.60774445750101;2.7493216641737887e-10;0.1;2.7493216641737888e-11;1.0023899935617407e-08;;;;ORANGE;True
1787669621.320411;83.1736815589993;Simulation RF;Détection RF large bande;2,45 GHz;2,45 GHz;;2983;2.403962612807836;-52.15850451231343;-68.85850451231343;1.3006173669156258e-10;0.1;1.3006173669156258e-11;3.249013798624401e-08;;;;ORANGE;True
1787669621.3292542;83.18288665599903;Wi-Fi;Wi-Fi;2,4/5 GHz;wlan0;-33.0;;;;-33.0;5.011872336272725e-07;0.1;5.011872336272725e-08;6.006606346745629e-05;;;;ROUGE;False
1787669621.3917832;83.24541631299871;BLE Sniffer;iBeacon;2,4 GHz BLE;64:d1:2e:b5:04:2d;-67.0;;;;-67.0;1.9952623149688828e-10;0.000368;7.342565319085489e-14;9.643231555188681e-11;36;0x00;39;ORANGE;False
1787669621.4202833;83.27376826099862;Simulation RF;Détection RF large bande;868 MHz;868 MHz;;2344;1.8886899098678471;-31.547596394713878;-64.54759639471388;3.5094605150606294e-10;0.1;3.5094605150606294e-11;1.0058994540768013e-08;;;;ORANGE;True
1787669621.4204614;83.27376826099862;Simulation RF;Détection RF large bande;2,45 GHz;2,45 GHz;;3029;2.440988763113862;-53.639550524554465;-70.33955052455447;9.247938810332138e-11;0.1;9.247938810332138e-12;3.249938592505434e-08;;;;VERT;True
1787669621.4289153;83.28254790199935;Wi-Fi;Wi-Fi;2,4/5 GHz;wlan0;-33.0;;;;-33.0;5.011872336272725e-07;0.1;5.011872336272725e-08;6.0116182190819016e-05;;;;ROUGE;False
1787669621.5207283;83.37436256599904;BLE Sniffer;Appareil BLE;2,4 GHz BLE;7f:c4:af:1a:e1:07;-85.0;;;;-85.0;3.1622776601683794e-12;0.00028;8.854377448471461e-16;1.9153334389571933e-11;25;0x00;37;VERT;False
1787669621.5208359;83.37446754599841;BLE Sniffer;Appareil BLE;2,4 GHz BLE;7f:c4:af:1a:e1:07;-70.0;;;;-70.0;1e-10;0.00028;2.7999999999999997e-14;1.9181334389571934e-11;25;0x00;38;ORANGE;False
1787669621.5208888;83.37452100799965;BLE Sniffer;Appareil BLE;2,4 GHz BLE;7f:c4:af:1a:e1:07;-77.0;;;;-77.0;1.9952623149688828e-11;0.00028;5.586734481912872e-15;1.9186921124053847e-11;25;0x00;39;VERT;False
1787669621.5369456;83.37454317399897;Simulation RF;Détection RF large bande;868 MHz;868 MHz;;2318;1.8683590726216384;-30.734362904865527;-63.73436290486553;4.232175897343367e-10;0.1;4.2321758973433676e-11;1.0101316299741447e-08;;;;ORANGE;True
1787669621.5371552;83.37454317399897;Simulation RF;Détection RF large bande;2,45 GHz;2,45 GHz;;3034;2.4449464670942853;-53.79785868377141;-70.49785868377141;8.91690483359648e-11;0.1;8.91690483359648e-12;3.250830282988794e-08;;;;VERT;True
1787669621.5493193;83.40295200999935;Wi-Fi;Wi-Fi;2,4/5 GHz;wlan0;-33.0;;;;-33.0;5.011872336272725e-07;0.1;5.011872336272725e-08;6.016630091418174e-05;;;;ROUGE;False
1787669621.6211603;83.47462126499886;Simulation RF;Détection RF large bande;868 MHz;868 MHz;;2403;1.9367513537153922;-33.47005414861569;-66.47005414861569;2.2542111060684455e-10;0.1;2.2542111060684455e-11;1.0123858410802131e-08;;;;ORANGE;True
1787669621.6212976;83.47462126499886;Simulation RF;Détection RF large bande;2,45 GHz;2,45 GHz;;3083;2.484711435292519;-55.38845741170074;-72.08845741170074;6.182359548964446e-11;0.1;6.182359548964446e-12;3.251448518943691e-08;;;;VERT;True
1787669621.6333122;83.48694540699944;Wi-Fi;Wi-Fi;2,4/5 GHz;wlan0;-34.0;;;;-34.0;3.981071705534969e-07;0.1;3.9810717055349696e-08;6.020611163123709e-05;;;;ROUGE;False
1787669621.648471;83.5021050790001;BLE Sniffer;iBeacon;2,4 GHz BLE;64:d1:2e:b5:04:2d;-63.0;;;;-63.0;5.011872336272714e-10;0.000368;1.8443690197483588e-13;9.661675245386164e-11;36;0x00;37;ORANGE;False
1787669621.64857;83.50220159599849;BLE Sniffer;iBeacon;2,4 GHz BLE;64:d1:2e:b5:04:2d;-62.0;;;;-62.0;6.309573444801942e-10;0.000368;2.321923027687115e-13;9.684894475663036e-11;36;0x00;38;ORANGE;False
1787669621.6580927;83.51172698399932;BLE Sniffer;iBeacon;2,4 GHz BLE;64:d1:2e:b5:04:2d;-67.0;;;;-67.0;1.9952623149688828e-10;0.000368;7.342565319085489e-14;9.692237040982122e-11;36;0x00;39;ORANGE;False
1787669621.6805809;83.53421563499978;BLE Sniffer;Appareil BLE;2,4 GHz BLE;d3:23:2f:4d:3e:b1;-79.0;;;;-79.0;1.2589254117941662e-11;0.000376;4.7335595483460644e-15;2.2388816929361334e-13;37;0x00;37;VERT;False
1787669621.7213323;83.57471509700008;Simulation RF;Détection RF large bande;868 MHz;868 MHz;;2372;1.9118756806503274;-32.4750272260131;-65.4750272260131;2.8346358630416725e-10;0.1;2.8346358630416726e-11;1.0152204769432548e-08;;;;ORANGE;True
1787669621.7216332;83.57471509700008;Simulation RF;Détection RF large bande;2,45 GHz;2,45 GHz;;3020;2.434014289324425;-53.360571572976994;-70.060571572977;9.861496903815108e-11;0.1;9.861496903815109e-12;3.2524346686340724e-08;;;;VERT;True
1787669621.7336016;83.58723434700005;Wi-Fi;Wi-Fi;2,4/5 GHz;wlan0;-33.0;;;;-33.0;5.011872336272725e-07;0.1;5.011872336272725e-08;6.0256230354599816e-05;;;;ROUGE;False
1787669621.8213115;83.67479676199946;Simulation RF;Détection RF large bande;868 MHz;868 MHz;;2401;1.9348906297163884;-33.39562518865553;-66.39562518865553;2.2931764924456732e-10;0.1;2.2931764924456732e-11;1.0175136534357004e-08;;;;ORANGE;True
1787669621.8214571;83.67479676199946;Simulation RF;Détection RF large bande;2,45 GHz;2,45 GHz;;3047;2.4551257695324047;-54.20503078129617;-70.90503078129618;8.118894945223436e-11;0.1;8.118894945223436e-12;3.2532465581285945e-08;;;;VERT;True
1787669621.8300626;83.68369514199912;Wi-Fi;Wi-Fi;2,4/5 GHz;wlan0;-32.0;;;;-32.0;6.30957344480193e-07;0.1;6.30957344480193e-08;6.0319326089047837e-05;;;;ROUGE;False
1787669621.9134176;83.76705084499918;BLE Sniffer;iBeacon;2,4 GHz BLE;64:d1:2e:b5:04:2d;-63.0;;;;-63.0;5.011872336272714e-10;0.000368;1.8443690197483588e-13;9.710680731179605e-11;36;0x00;38;ORANGE;False
1787669621.913513;83.7671446029999;BLE Sniffer;iBeacon;2,4 GHz BLE;64:d1:2e:b5:04:2d;-67.0;;;;-67.0;1.9952623149688828e-10;0.000368;7.342565319085489e-14;9.718023296498691e-11;36;0x00;39;ORANGE;False
1787669621.9236026;83.77576357999897;Simulation RF;Détection RF large bande;868 MHz;868 MHz;;2335;1.8820725378865344;-31.282901515461376;-64.28290151546138;3.730008731612068e-10;0.1;3.730008731612068e-11;1.0212436621673124e-08;;;;ORANGE;True
1787669621.942467;83.77576357999897;Simulation RF;Détection RF large bande;2,45 GHz;2,45 GHz;;2995;2.413495062453319;-52.53980249813276;-69.23980249813276;1.1912961827591497e-10;0.1;1.1912961827591497e-11;3.2544378543113534e-08;;;;ORANGE;True
1787669621.9515953;83.80522782499975;Wi-Fi;Wi-Fi;2,4/5 GHz;wlan0;-32.0;;;;-32.0;6.30957344480193e-07;0.1;6.30957344480193e-08;6.038242182349586e-05;;;;ROUGE;False
1787669622.0223923;83.87584355999934;Simulation RF;Détection RF large bande;868 MHz;868 MHz;;2360;1.9020958444879075;-32.0838337795163;-65.0838337795163;3.101820215282627e-10;0.1;3.1018202152826273e-11;1.024345482382595e-08;;;;ORANGE;True
1787669622.02254;83.87584355999934;Simulation RF;Détection RF large bande;2,45 GHz;2,45 GHz;;3023;2.435954410370095;-53.43817641480379;-70.1381764148038;9.686845176403296e-11;0.1;9.686845176403297e-12;3.2554065388289934e-08;;;;VERT;True
1787669622.0359917;83.88962558599997;BLE Sniffer;Appareil BLE;2,4 GHz BLE;7f:c4:af:1a:e1:07;-72.0;;;;-72.0;6.309573444801942e-11;0.00028;1.7666805645445437e-14;1.920458792969929e-11;25;0x00;37;VERT;False
1787669622.0505118;83.90414593399873;Wi-Fi;Wi-Fi;2,4/5 GHz;wlan0;-32.0;;;;-32.0;6.30957344480193e-07;0.1;6.30957344480193e-08;6.044551755794388e-05;;;;ROUGE;False
1787669622.122463;83.97592700299901;Simulation RF;Détection RF large bande;868 MHz;868 MHz;;2347;1.8910300750240645;-31.641203000962577;-64.64120300096258;3.4346279511250185e-10;0.1;3.4346279511250184e-11;1.0277801103337201e-08;;;;ORANGE;True
1787669622.1226127;83.97592700299901;Simulation RF;Détection RF large bande;2,45 GHz;2,45 GHz;;3046;2.4546246010680672;-54.184984042722675;-70.88498404272268;8.15645784053678e-11;0.1;8.15645784053678e-12;3.256222184613047e-08;;;;VERT;True
1787669622.1309562;83.98458942399884;Wi-Fi;Wi-Fi;2,4/5 GHz;wlan0;-32.0;;;;-32.0;6.30957344480193e-07;0.1;6.30957344480193e-08;6.05086132923919e-05;;;;ROUGE;False
1787669622.1610045;84.01463780799895;Simulation LoRa;LoRa;868 MHz;LoRa 868.100 MHz;-92.69924812686803;;;;-92.69924812686803;5.371247781486944e-13;0.046335999999999995;2.48882137202979e-14;7.685032438514267e-12;13;"SNR=5.62;SF=7;BW=125.0;CR=4/5;F=868.100;CRC=OK;PAYLOAD=54454d504f5f4c4f52415f3833";7;VERT;True
1787669622.172683;84.02631782999924;BLE Sniffer;iBeacon;2,4 GHz BLE;64:d1:2e:b5:04:2d;-62.0;;;;-62.0;6.309573444801942e-10;0.000368;2.321923027687115e-13;9.741242526775562e-11;36;0x00;38;ORANGE;False
1787669622.1770191;84.03065226299987;BLE Sniffer;iBeacon;2,4 GHz BLE;64:d1:2e:b5:04:2d;-67.0;;;;-67.0;1.9952623149688828e-10;0.000368;7.342565319085489e-14;9.748585092094648e-11;36;0x00;39;ORANGE;False
1787669622.2225761;84.0760129829996;Simulation RF;Détection RF large bande;868 MHz;868 MHz;;2360;1.9015607716952978;-32.06243086781191;-65.06243086781191;3.11714434274473e-10;0.1;3.11714434274473e-11;1.0308972546764649e-08;;;;ORANGE;True
1787669622.2227352;84.0760129829996;Simulation RF;Détection RF large bande;2,45 GHz;2,45 GHz;;3012;2.4272170157053172;-53.088680628212686;-69.78868062821269;1.0498613244909982e-10;0.1;1.0498613244909983e-11;3.257272045937538e-08;;;;ORANGE;True
1787669622.2308419;84.08447451799839;Wi-Fi;Wi-Fi;2,4/5 GHz;wlan0;-33.0;;;;-33.0;5.011872336272725e-07;0.1;5.011872336272725e-08;6.0558732015754624e-05;;;;ROUGE;False
1787669622.3030007;84.15663426599895;BLE Sniffer;Appareil BLE;2,4 GHz BLE;7f:c4:af:1a:e1:07;-80.0;;;;-80.0;1e-11;0.00028;2.7999999999999997e-15;1.9207387929699292e-11;25;0x00;37;VERT;False
1787669622.3226054;84.1760936289993;Simulation RF;Détection RF large bande;868 MHz;868 MHz;;2446;1.9708303635499314;-34.83321454199725;-67.83321454199725;1.6469429132284886e-10;0.1;1.6469429132284887e-11;1.0325441975896933e-08;;;;ORANGE;True
1787669622.3227563;84.1760936289993;Simulation RF;Détection RF large bande;2,45 GHz;2,45 GHz;;3078;2.480432798855889;-55.217311954235555;-71.91731195423556;6.430856290602546e-11;0.1;6.430856290602546e-12;3.257915131566599e-08;;;;VERT;True
1787669622.3308437;84.18447666599968;Wi-Fi;Wi-Fi;2,4/5 GHz;wlan0;-33.0;;;;-33.0;5.011872336272725e-07;0.1;5.011872336272725e-08;6.060885073911735e-05;;;;ROUGE;False
1787669622.420774;84.27440728500005;BLE Sniffer;iBeacon;2,4 GHz BLE;64:d1:2e:b5:04:2d;-62.0;;;;-62.0;6.309573444801942e-10;0.000368;2.321923027687115e-13;9.77180432237152e-11;36;0x00;38;ORANGE;False
1787669622.4266825;84.2761744799991;Simulation RF;Détection RF large bande;868 MHz;868 MHz;;2417;1.9476412123940534;-33.90564849576214;-66.90564849576214;2.0390841574282796e-10;0.1;2.0390841574282798e-11;1.0345832817471216e-08;;;;ORANGE;True
1787669622.4268355;84.2761744799991;Simulation RF;Détection RF large bande;2,45 GHz;2,45 GHz;;3033;2.443920587187918;-53.75682348751671;-70.45682348751671;9.001557318403485e-11;0.1;9.001557318403486e-12;3.258815287298439e-08;;;;VERT;True
1787669622.4396167;84.29324893599915;Wi-Fi;Wi-Fi;2,4/5 GHz;wlan0;-33.0;;;;-33.0;5.011872336272725e-07;0.1;5.011872336272725e-08;6.0658969462480076e-05;;;;ROUGE;False
1787669622.522813;84.3762608119996;Simulation RF;Détection RF large bande;868 MHz;868 MHz;;2384;1.9209455963798527;-32.8378238551941;-65.8378238551941;2.607459757855e-10;0.1;2.607459757855e-11;1.0371907415049766e-08;;;;ORANGE;True
1787669622.5229604;84.3762608119996;Simulation RF;Détection RF large bande;2,45 GHz;2,45 GHz;;3012;2.4270484523344082;-53.08193809337632;-69.78193809337633;1.0514925274298552e-10;0.1;1.0514925274298552e-11;3.259866779825869e-08;;;;ORANGE;True
1787669622.5344167;84.38805090599999;BLE Sniffer;iBeacon;2,4 GHz BLE;64:d1:2e:b5:04:2d;-67.0;;;;-67.0;1.9952623149688828e-10;0.000368;7.342565319085489e-14;9.779146887690606e-11;36;0x00;39;ORANGE;False
1787669622.5530713;84.406704781999;Wi-Fi;Wi-Fi;2,4/5 GHz;wlan0;-33.0;;;;-33.0;5.011872336272725e-07;0.1;5.011872336272725e-08;6.07090881858428e-05;;;;ROUGE;False
1787669622.6230907;84.47637666099945;Simulation RF;Détection RF large bande;868 MHz;868 MHz;;2347;1.8909990274163357;-31.639961096653423;-64.63996109665342;3.4356102544618e-10;0.1;3.4356102544618e-11;1.0406263517594383e-08;;;;ORANGE;True
1787669622.623304;84.47637666099945;Simulation RF;Détection RF large bande;2,45 GHz;2,45 GHz;;3070;2.4742765350384435;-54.97106140153774;-71.67106140153774;6.806030012140527e-11;0.1;6.806030012140528e-12;3.260547382827083e-08;;;;VERT;True
1787669622.6320674;84.4857008129984;Wi-Fi;Wi-Fi;2,4/5 GHz;wlan0;-33.0;;;;-33.0;5.011872336272725e-07;0.1;5.011872336272725e-08;6.075920690920553e-05;;;;ROUGE;False
1787669622.6562777;84.50991171399983;BLE Sniffer;Appareil BLE;2,4 GHz BLE;7f:c4:af:1a:e1:07;-88.0;;;;-88.0;1.584893192461111e-12;0.00028;4.4377009388911103e-16;1.9207831699793182e-11;25;0x00;37;VERT;False
1787669622.6564336;84.51006524799959;BLE Sniffer;Appareil BLE;2,4 GHz BLE;7f:c4:af:1a:e1:07;-73.0;;;;-73.0;5.011872336272715e-11;0.00028;1.40332425415636e-14;1.9221864942334745e-11;25;0x00;38;VERT;False
1787669622.723035;84.57646651199866;Simulation RF;Détection RF large bande;868 MHz;868 MHz;;2374;1.9131233728279875;-32.524934913119495;-65.5249349131195;2.802247618099295e-10;0.1;2.8022476180992952e-11;1.0434285993775376e-08;;;;ORANGE;True
1787669622.7232072;84.57646651199866;Simulation RF;Détection RF large bande;2,45 GHz;2,45 GHz;;3040;2.4499445640094337;-53.997782560377345;-70.69778256037735;8.515727269207243e-11;0.1;8.515727269207243e-12;3.261398955554004e-08;;;;VERT;True
1787669622.7308486;84.58448120199864;Wi-Fi;Wi-Fi;2,4/5 GHz;wlan0;-33.0;;;;-33.0;5.011872336272725e-07;0.1;5.011872336272725e-08;6.080932563256825e-05;;;;ROUGE;False
1787669622.7792673;84.63290115199925;BLE Sniffer;iBeacon;2,4 GHz BLE;64:d1:2e:b5:04:2d;-66.0;;;;-66.0;2.511886431509582e-10;0.000368;9.243742067955262e-14;9.788390629758561e-11;36;0x00;39;ORANGE;False
1787669622.8260953;84.67654780599878;Simulation RF;Détection RF large bande;868 MHz;868 MHz;;2404;1.9369706035483412;-33.47882414193364;-66.47882414193364;2.249663622793799e-10;0.1;2.249663622793799e-11;1.0456782630003314e-08;;;;ORANGE;True
1787669622.8266237;84.67654780599878;Simulation RF;Détection RF large bande;2,45 GHz;2,45 GHz;;3040;2.4499356729435346;-53.99742691774138;-70.69742691774138;8.516424648480195e-11;0.1;8.516424648480195e-12;3.262250598018852e-08;;;;VERT;True
1787669622.8372443;84.69087684299848;Wi-Fi;Wi-Fi;2,4/5 GHz;wlan0;-33.0;;;;-33.0;5.011872336272725e-07;0.1;5.011872336272725e-08;6.085944435593098e-05;;;;ROUGE;False
1787669622.904394;84.75802820499848;BLE Sniffer;Appareil BLE;2,4 GHz BLE;7f:c4:af:1a:e1:07;-82.0;;;;-82.0;6.309573444801943e-12;0.00028;1.7666805645445437e-15;1.922363162289929e-11;25;0x00;37;VERT;False
1787669622.9087365;84.76237035999839;BLE Sniffer;Appareil BLE;2,4 GHz BLE;7f:c4:af:1a:e1:07;-73.0;;;;-73.0;5.011872336272715e-11;0.00028;1.40332425415636e-14;1.9237664865440852e-11;25;0x00;38;VERT;False
1787669622.917495;84.77112890899843;BLE Sniffer;Appareil BLE;2,4 GHz BLE;7f:c4:af:1a:e1:07;-83.0;;;;-83.0;5.011872336272715e-12;0.00028;1.40332425415636e-15;1.9239068189695008e-11;25;0x00;39;VERT;False
1787669622.9232726;84.77667532299893;Simulation RF;Détection RF large bande;868 MHz;868 MHz;;2355;1.89790166702067;-31.916066680826802;-64.9160666808268;3.223987370991323e-10;0.1;3.2239873709913234e-11;1.0489022503713226e-08;;;;ORANGE;True
1787669622.9234157;84.77667532299893;Simulation RF;Détection RF large bande;2,45 GHz;2,45 GHz;;3017;2.4312118266498146;-53.248473065992584;-69.94847306599259;1.0119351775539706e-10;0.1;1.0119351775539707e-11;3.2632625331964065e-08;;;;ORANGE;True
1787669622.9320245;84.7856567939998;Wi-Fi;Wi-Fi;2,4/5 GHz;wlan0;-33.0;;;;-33.0;5.011872336272725e-07;0.1;5.011872336272725e-08;6.0909563079293704e-05;;;;ROUGE;False
1787669623.047488;84.9011215899991;BLE Sniffer;iBeacon;2,4 GHz BLE;64:d1:2e:b5:04:2d;-63.0;;;;-63.0;5.011872336272714e-10;0.000368;1.8443690197483588e-13;9.806834319956045e-11;36;0x00;37;ORANGE;False
1787669623.0475843;84.90121588500006;BLE Sniffer;iBeacon;2,4 GHz BLE;64:d1:2e:b5:04:2d;-62.0;;;;-62.0;6.309573444801942e-10;0.000368;2.321923027687115e-13;9.830053550232916e-11;36;0x00;38;ORANGE;False
1787669623.0566545;84.91028892899885;Simulation LoRa;LoRa;868 MHz;LoRa 868.100 MHz;-92.11296856248012;;;;-92.11296856248012;6.147565203759399e-13;0.046335999999999995;2.848535812813955e-14;7.713517796642408e-12;13;"SNR=7.66;SF=7;BW=125.0;CR=4/5;F=868.100;CRC=OK;PAYLOAD=54454d504f5f4c4f52415f3834";7;VERT;True
1787669623.056747;84.91037840899844;BLE Sniffer;iBeacon;2,4 GHz BLE;64:d1:2e:b5:04:2d;-67.0;;;;-67.0;1.9952623149688828e-10;0.000368;7.342565319085489e-14;9.837396115552002e-11;36;0x00;39;ORANGE;False
1787669623.035034;84.87677237699972;Simulation RF;Détection RF large bande;868 MHz;868 MHz;;2380;1.9181518496563357;-32.726073986253425;-65.72607398625343;2.675423893841599e-10;0.1;2.675423893841599e-11;1.0515776742651642e-08;;;;ORANGE;True
1787669623.0671709;84.87677237699972;Simulation RF;Détection RF large bande;2,45 GHz;2,45 GHz;;3067;2.4715928981994892;-54.863715927979555;-71.56371592797956;6.976352351611354e-11;0.1;6.976352351611354e-12;3.2639601684315676e-08;;;;VERT;True
1787669623.0759802;84.92961260999982;Wi-Fi;Wi-Fi;2,4/5 GHz;wlan0;-33.0;;;;-33.0;5.011872336272725e-07;0.1;5.011872336272725e-08;6.095968180265643e-05;;;;ROUGE;False
1787669623.1233974;84.97684459799893;Simulation RF;Détection RF large bande;868 MHz;868 MHz;;2362;1.9030490381215441;-32.12196152486176;-65.12196152486176;3.0747077853562054e-10;0.1;3.0747077853562055e-11;1.0546523820505204e-08;;;;ORANGE;True
1787669623.1235673;84.97684459799893;Simulation RF;Détection RF large bande;2,45 GHz;2,45 GHz;;3018;2.4321027858517805;-53.28411143407121;-69.98411143407121;1.0036651779030893e-10;0.1;1.0036651779030893e-11;3.264963833609471e-08;;;;ORANGE;True
1787669623.1320064;84.9856389789984;Wi-Fi;Wi-Fi;2,4/5 GHz;wlan0;-33.0;;;;-33.0;5.011872336272725e-07;0.1;5.011872336272725e-08;6.1009800526019156e-05;;;;ROUGE;False
1787669623.178889;85.03252339799838;BLE Sniffer;Appareil BLE;2,4 GHz BLE;7f:c4:af:1a:e1:07;-74.0;;;;-74.0;3.9810717055349695e-11;0.00028;1.1147000775497913e-14;1.9250215190470507e-11;25;0x00;37;VERT;False
1787669623.19232;85.0459538189989;BLE Sniffer;Appareil BLE;2,4 GHz BLE;7f:c4:af:1a:e1:07;-70.0;;;;-70.0;1e-10;0.00028;2.7999999999999997e-14;1.927821519047051e-11;25;0x00;38;ORANGE;False
1787669623.1967554;85.05039013899841;BLE Sniffer;Appareil BLE;2,4 GHz BLE;7f:c4:af:1a:e1:07;-76.0;;;;-76.0;2.5118864315095823e-11;0.00028;7.03328200822683e-15;1.9285248472478734e-11;25;0x00;39;VERT;False
1787669623.2234821;85.07692800399855;Simulation RF;Détection RF large bande;868 MHz;868 MHz;;2346;1.890587351335351;-31.623494053414035;-64.62349405341403;3.4486617060634626e-10;0.1;3.448661706063463e-11;1.0581010437565839e-08;;;;ORANGE;True
1787669623.2244263;85.07692800399855;Simulation RF;Détection RF large bande;2,45 GHz;2,45 GHz;;3074;2.4772974572933992;-55.09189829173596;-71.79189829173596;6.619271135585991e-11;0.1;6.6192711355859915e-12;3.2656257607230294e-08;;;;VERT;True
1787669623.2344432;85.08807588599848;Wi-Fi;Wi-Fi;2,4/5 GHz;wlan0;-33.0;;;;-33.0;5.011872336272725e-07;0.1;5.011872336272725e-08;6.105991924938188e-05;;;;ROUGE;False
1787669623.3187149;85.17234901899974;BLE Sniffer;iBeacon;2,4 GHz BLE;64:d1:2e:b5:04:2d;-63.0;;;;-63.0;5.011872336272714e-10;0.000368;1.8443690197483588e-13;9.855839805749486e-11;36;0x00;37;ORANGE;False
1787669623.3188102;85.17244183299954;BLE Sniffer;iBeacon;2,4 GHz BLE;64:d1:2e:b5:04:2d;-62.0;;;;-62.0;6.309573444801942e-10;0.000368;2.321923027687115e-13;9.879059036026357e-11;36;0x00;38;ORANGE;False
1787669623.3293283;85.1770337429989;Simulation RF;Détection RF large bande;868 MHz;868 MHz;;2416;1.9467878976343755;-33.87151590537502;-66.87151590537502;2.0551731123677325e-10;0.1;2.0551731123677325e-11;1.0601562168689517e-08;;;;ORANGE;True
1787669623.3294752;85.1770337429989;Simulation RF;Détection RF large bande;2,45 GHz;2,45 GHz;;3058;2.464571264658591;-54.582850586343625;-71.28285058634363;7.442433132570434e-11;0.1;7.442433132570435e-12;3.2663700040362864e-08;;;;VERT;True
1787669623.3380277;85.19165982999948;Wi-Fi;Wi-Fi;2,4/5 GHz;wlan0;-33.0;;;;-33.0;5.011872336272725e-07;0.1;5.011872336272725e-08;6.111003797274461e-05;;;;ROUGE;False
1787669623.423631;85.2771091300001;Simulation RF;Détection RF large bande;868 MHz;868 MHz;;2344;1.8890111209531213;-31.56044483812485;-64.56044483812485;3.4990932476320076e-10;0.1;3.499093247632008e-11;1.0636553101165838e-08;;;;ORANGE;True
1787669623.4237666;85.2771091300001;Simulation RF;Détection RF large bande;2,45 GHz;2,45 GHz;;3063;2.467998712899254;-54.719948515970145;-71.41994851597015;7.211160277002264e-11;0.1;7.2111602770022645e-12;3.267091120063987e-08;;;;VERT;True
1787669623.4293313;85.28296550199957;BLE Sniffer;iBeacon;2,4 GHz BLE;64:d1:2e:b5:04:2d;-67.0;;;;-67.0;1.9952623149688828e-10;0.000368;7.342565319085489e-14;9.886401601345443e-11;36;0x00;39;ORANGE;False
1787669623.4415584;85.29519246000018;BLE Sniffer;Appareil BLE;2,4 GHz BLE;7f:c4:af:1a:e1:07;-71.0;;;;-71.0;7.943282347242822e-11;0.00028;2.22411905722799e-14;1.9307489663051013e-11;25;0x00;37;VERT;False
1787669623.460426;85.31406081499881;Wi-Fi;Wi-Fi;2,4/5 GHz;wlan0;-32.0;;;;-32.0;6.30957344480193e-07;0.1;6.30957344480193e-08;6.117313370719262e-05;;;;ROUGE;False
1787669623.5237591;85.37719255499906;Simulation RF;Détection RF large bande;868 MHz;868 MHz;;2356;1.8987616487012962;-31.950465948051843;-64.95046594805184;3.1985519234314697e-10;0.1;3.19855192343147e-11;1.0668538620400153e-08;;;;ORANGE;True
1787669623.5239136;85.37719255499906;Simulation RF;Détection RF large bande;2,45 GHz;2,45 GHz;;3051;2.458812461287988;-54.35249845151951;-71.05249845151951;7.847840265349854e-11;0.1;7.847840265349854e-12;3.2678759040905216e-08;;;;VERT;True
1787669623.5325184;85.38615089699852;Wi-Fi;Wi-Fi;2,4/5 GHz;wlan0;-32.0;;;;-32.0;6.30957344480193e-07;0.1;6.30957344480193e-08;6.123622944164064e-05;;;;ROUGE;False
1787669623.5770867;85.43072003699854;BLE Sniffer;iBeacon;2,4 GHz BLE;64:d1:2e:b5:04:2d;-62.0;;;;-62.0;6.309573444801942e-10;0.000368;2.321923027687115e-13;9.909620831622314e-11;36;0x00;38;ORANGE;False
1787669623.5771787;85.43081003599946;BLE Sniffer;iBeacon;2,4 GHz BLE;64:d1:2e:b5:04:2d;-67.0;;;;-67.0;1.9952623149688828e-10;0.000368;7.342565319085489e-14;9.9169633969414e-11;36;0x00;39;ORANGE;False
1787669623.5859838;85.43961745399974;BLE Sniffer;Appareil BLE;2,4 GHz BLE;d3:23:2f:4d:3e:b1;-77.0;;;;-77.0;1.9952623149688828e-11;0.000376;7.502186304282999e-15;2.313903555978963e-13;37;0x00;37;VERT;False
1787669623.6237938;85.47726751699884;Simulation RF;Détection RF large bande;868 MHz;868 MHz;;2360;1.9018285695696031;-32.07314278278412;-65.07314278278412;3.109465350429248e-10;0.1;3.109465350429248e-11;1.0699633273904446e-08;;;;ORANGE;True
1787669623.6239285;85.47726751699884;Simulation RF;Détection RF large bande;2,45 GHz;2,45 GHz;;3036;2.446432047439746;-53.85728189758983;-70.55728189758983;8.795728395174183e-11;0.1;8.795728395174184e-12;3.268755476930039e-08;;;;VERT;True
1787669623.6324637;85.4860960269998;Wi-Fi;Wi-Fi;2,4/5 GHz;wlan0;-32.0;;;;-32.0;6.30957344480193e-07;0.1;6.30957344480193e-08;6.129932517608865e-05;;;;ROUGE;False
1787669623.6985345;85.55216727699917;BLE Sniffer;Appareil BLE;2,4 GHz BLE;d3:23:2f:5d:3e:b1;-77.0;;;;-77.0;1.9952623149688828e-11;0.000376;7.502186304282999e-15;7.502186304282999e-15;37;0x00;38;VERT;False
1787669623.7122269;85.56586167499881;BLE Sniffer;Appareil BLE;2,4 GHz BLE;d3:23:2f:4d:3e:b1;-85.0;;;;-85.0;3.1622776601683794e-12;0.000376;1.1890164002233105e-15;2.3257937199811965e-13;37;0x00;39;VERT;False
1787669623.7123218;85.56595345200003;BLE Sniffer;Appareil BLE;2,4 GHz BLE;7f:c4:af:1a:e1:07;-70.0;;;;-70.0;1e-10;0.00028;2.7999999999999997e-14;1.9335489663051014e-11;25;0x00;37;ORANGE;False
1787669623.7269645;85.57739484800004;Simulation RF;Détection RF large bande;868 MHz;868 MHz;;2360;1.9020211759704286;-32.08084703881714;-65.08084703881714;3.103954140404832e-10;0.1;3.103954140404832e-11;1.0730672815308494e-08;;;;ORANGE;True
1787669623.7291746;85.57739484800004;Simulation RF;Détection RF large bande;2,45 GHz;2,45 GHz;;3042;2.4512368934537694;-54.04947573815076;-70.74947573815076;8.414967174231268e-11;0.1;8.414967174231269e-12;3.269596973647462e-08;;;;VERT;True
1787669623.7401378;85.59377153700007;Wi-Fi;Wi-Fi;2,4/5 GHz;wlan0;-32.0;;;;-32.0;6.30957344480193e-07;0.1;6.30957344480193e-08;6.136242091053666e-05;;;;ROUGE;False
1787669623.824033;85.67748029099857;Simulation RF;Détection RF large bande;868 MHz;868 MHz;;2383;1.9206783707325419;-32.82713482930167;-65.82713482930167;2.6138852440251117e-10;0.1;2.613885244025112e-11;1.0756811667748745e-08;;;;ORANGE;True
1787669623.8241835;85.67748029099857;Simulation RF;Détection RF large bande;2,45 GHz;2,45 GHz;;3022;2.4356792052656946;-53.427168210627784;-70.12716821062779;9.711429884141532e-11;0.1;9.711429884141532e-12;3.2705681166358756e-08;;;;VERT;True
1787669623.848165;85.70180009799878;BLE Sniffer;iBeacon;2,4 GHz BLE;64:d1:2e:b5:04:2d;-62.0;;;;-62.0;6.309573444801942e-10;0.000368;2.321923027687115e-13;9.940182627218272e-11;36;0x00;38;ORANGE;False
1787669623.8544984;85.70813305499905;Wi-Fi;Wi-Fi;2,4/5 GHz;wlan0;-32.0;;;;-32.0;6.30957344480193e-07;0.1;6.30957344480193e-08;6.142551664498468e-05;;;;ROUGE;False
1787669623.9291148;85.77756302999842;Simulation RF;Détection RF large bande;868 MHz;868 MHz;;2404;1.937377656291329;-33.495106251653155;-66.49510625165316;2.2412452122691411e-10;0.1;2.2412452122691413e-11;1.0779224119871436e-08;;;;ORANGE;True
1787669623.9297056;85.77756302999842;Simulation RF;Détection RF large bande;2,45 GHz;2,45 GHz;;3023;2.43618768773068;-53.447507509227194;-70.1475075092272;9.66605471344624e-11;0.1;9.66605471344624e-12;3.2715347221072205e-08;;;;VERT;True
1787669623.9418278;85.79546080699947;Wi-Fi;Wi-Fi;2,4/5 GHz;wlan0;-32.0;;;;-32.0;6.30957344480193e-07;0.1;6.30957344480193e-08;6.148861237943269e-05;;;;ROUGE;False
1787669623.9545329;85.80816664699887;BLE Sniffer;iBeacon;2,4 GHz BLE;64:d1:2e:b5:04:2d;-67.0;;;;-67.0;1.9952623149688828e-10;0.000368;7.342565319085489e-14;9.947525192537358e-11;36;0x00;39;ORANGE;False
1787669623.9712079;85.8248414239988;BLE Sniffer;Appareil BLE;2,4 GHz BLE;7f:c4:af:1a:e1:07;-69.0;;;;-69.0;1.2589254117941662e-10;0.00028;3.524991153023665e-14;1.937073957458125e-11;25;0x00;37;ORANGE;False
1787669624.0241888;85.87765232499987;Simulation RF;Détection RF large bande;868 MHz;868 MHz;;2352;1.8952706747799297;-31.81082699119719;-64.81082699119719;3.303066374765646e-10;0.1;3.303066374765646e-11;1.0812254783619092e-08;;;;ORANGE;True
1787669624.0243385;85.87765232499987;Simulation RF;Détection RF large bande;2,45 GHz;2,45 GHz;;3031;2.4429007379637695;-53.71602951855077;-70.41602951855077;9.086508729303121e-11;0.1;9.08650872930312e-12;3.272443372980151e-08;;;;VERT;True
1787669624.03316;85.88679258999946;Wi-Fi;Wi-Fi;2,4/5 GHz;wlan0;-32.0;;;;-32.0;6.30957344480193e-07;0.1;6.30957344480193e-08;6.15517081138807e-05;;;;ROUGE;False
1787669624.0936708;85.94730479699865;Simulation LoRa;LoRa;868 MHz;LoRa 868.100 MHz;-87.32262613755329;;;;-87.32262613755329;1.8524111492210895e-12;0.046335999999999995;8.583332301030839e-14;7.799351119652716e-12;13;"SNR=7.82;SF=7;BW=125.0;CR=4/5;F=868.100;CRC=OK;PAYLOAD=54454d504f5f4c4f52415f3835";7;VERT;True
1787669624.1355398;85.97774352699889;Simulation RF;Détection RF large bande;868 MHz;868 MHz;;2390;1.925862539387936;-33.03450157551744;-66.03450157551744;2.4920103540953173e-10;0.1;2.4920103540953174e-11;1.0837174887160045e-08;;;;ORANGE;True
1787669624.136899;85.97774352699889;Simulation RF;Détection RF large bande;2,45 GHz;2,45 GHz;;3036;2.4467374302668756;-53.86949721067502;-70.56949721067502;8.771023587396119e-11;0.1;8.77102358739612e-12;3.273320475338891e-08;;;;VERT;True
1787669624.1456351;85.99926841499837;Wi-Fi;Wi-Fi;2,4/5 GHz;wlan0;-32.0;;;;-32.0;6.30957344480193e-07;0.1;6.30957344480193e-08;6.161480384832872e-05;;;;ROUGE;False
1787669624.1995847;86.05321924199961;BLE Sniffer;iBeacon;2,4 GHz BLE;64:d1:2e:b5:04:2d;-62.0;;;;-62.0;6.309573444801942e-10;0.000368;2.321923027687115e-13;9.970744422814229e-11;36;0x00;38;ORANGE;False
1787669624.211927;86.06556123500013;BLE Sniffer;iBeacon;2,4 GHz BLE;64:d1:2e:b5:04:2d;-67.0;;;;-67.0;1.9952623149688828e-10;0.000368;7.342565319085489e-14;9.978086988133315e-11;36;0x00;39;ORANGE;False
1787669624.2166898;86.07032375400013;BLE Sniffer;Appareil BLE;2,4 GHz BLE;7f:c4:af:1a:e1:07;-75.0;;;;-75.0;3.1622776601683794e-11;0.00028;8.854377448471461e-15;1.9379593952029722e-11;25;0x00;37;VERT;False
1787669624.2270083;86.077851525999;Simulation RF;Détection RF large bande;868 MHz;868 MHz;;2366;1.906862929830097;-32.27451719320388;-65.27451719320388;2.968576742904071e-10;0.1;2.968576742904071e-11;1.0866860654589086e-08;;;;ORANGE;True
1787669624.2271643;86.077851525999;Simulation RF;Détection RF large bande;2,45 GHz;2,45 GHz;;3011;2.4264812240842275;-53.059248963369086;-69.75924896336909;1.0570002831902283e-10;0.1;1.0570002831902284e-11;3.274377475622081e-08;;;;ORANGE;True
1787669624.2359576;86.0895896209986;Wi-Fi;Wi-Fi;2,4/5 GHz;wlan0;-32.0;;;;-32.0;6.30957344480193e-07;0.1;6.30957344480193e-08;6.167789958277673e-05;;;;ROUGE;False
1787669624.324498;86.17793276500015;Simulation RF;Détection RF large bande;868 MHz;868 MHz;;2342;1.8872629734921305;-31.490518939685217;-64.49051893968522;3.5558882662248323e-10;0.1;3.5558882662248326e-11;1.0902419537251333e-08;;;;ORANGE;True
1787669624.324642;86.17793276500015;Simulation RF;Détection RF large bande;2,45 GHz;2,45 GHz;;3115;2.5101102885440003;-56.40441154176;-73.10441154176;4.89281557079279e-11;0.1;4.89281557079279e-12;3.2748667571791603e-08;;;;VERT;True
1787669624.334954;86.18858819199886;BLE Sniffer;Appareil BLE;2,4 GHz BLE;7f:c4:af:1a:e1:07;-72.0;;;;-72.0;6.309573444801942e-11;0.00028;1.7666805645445437e-14;1.9397260757675166e-11;25;0x00;38;VERT;False
1787669624.3393488;86.19298217899996;BLE Sniffer;Appareil BLE;2,4 GHz BLE;7f:c4:af:1a:e1:07;-89.0;;;;-89.0;1.258925411794166e-12;0.000536;6.747840207216731e-16;1.9397935541695886e-11;57;0x00;39;VERT;False
1787669624.3582675;86.21190193999973;Wi-Fi;Wi-Fi;2,4/5 GHz;wlan0;-32.0;;;;-32.0;6.30957344480193e-07;0.1;6.30957344480193e-08;6.174099531722475e-05;;;;ROUGE;False
1787669624.4245708;86.27801206000004;Simulation RF;Détection RF large bande;868 MHz;868 MHz;;2469;1.9897159787955208;-35.58863915182083;-68.58863915182083;1.3839999831010864e-10;0.1;1.3839999831010865e-11;1.0916259537082345e-08;;;;ORANGE;True
1787669624.4248033;86.27801206000004;Simulation RF;Détection RF large bande;2,45 GHz;2,45 GHz;;2969;2.392286446092614;-51.691457843704555;-68.39145784370456;1.4482856100945894e-10;0.1;1.4482856100945894e-11;3.276315042789255e-08;;;;ORANGE;True
1787669624.433598;86.28723100899879;Wi-Fi;Wi-Fi;2,4/5 GHz;wlan0;-31.0;;;;-31.0;7.943282347242822e-07;0.1;7.943282347242822e-08;6.182042814069717e-05;;;;ROUGE;False
1787669624.461688;86.31532175799839;BLE Sniffer;iBeacon;2,4 GHz BLE;64:d1:2e:b5:04:2d;-63.0;;;;-63.0;5.011872336272714e-10;0.000368;1.8443690197483588e-13;9.996530678330798e-11;36;0x00;37;ORANGE;False
1787669624.4753175;86.32895178599938;BLE Sniffer;iBeacon;2,4 GHz BLE;64:d1:2e:b5:04:2d;-62.0;;;;-62.0;6.309573444801942e-10;0.000368;2.321923027687115e-13;1.001974990860767e-10;36;0x00;38;ORANGE;False
1787669624.4802384;86.33387191399925;BLE Sniffer;iBeacon;2,4 GHz BLE;64:d1:2e:b5:04:2d;-67.0;;;;-67.0;1.9952623149688828e-10;0.000368;7.342565319085489e-14;1.0027092473926756e-10;36;0x00;39;ORANGE;False
1787669624.5246294;86.37809394799842;Simulation RF;Détection RF large bande;868 MHz;868 MHz;;2361;1.9024067347246298;-32.09626938898519;-65.09626938898519;3.0929511520032765e-10;0.1;3.0929511520032766e-11;1.0947189048602378e-08;;;;ORANGE;True
1787669624.5247746;86.37809394799842;Simulation RF;Détection RF large bande;2,45 GHz;2,45 GHz;;3072;2.4757417618740263;-55.02967047496105;-71.72967047496105;6.714798001569724e-11;0.1;6.714798001569725e-12;3.276986522589412e-08;;;;VERT;True
1787669624.5332823;86.38691558799837;Wi-Fi;Wi-Fi;2,4/5 GHz;wlan0;-31.0;;;;-31.0;7.943282347242822e-07;0.1;7.943282347242822e-08;6.18998609641696e-05;;;;ROUGE;False
1787669624.5957263;86.44936048699856;BLE Sniffer;Appareil BLE;2,4 GHz BLE;7f:c4:af:1a:e1:07;-74.0;;;;-74.0;3.9810717055349695e-11;0.00028;1.1147000775497913e-14;1.9409082542471386e-11;25;0x00;37;VERT;False
1787669624.624933;86.47819563199846;Simulation RF;Détection RF large bande;868 MHz;868 MHz;;2285;1.8413423887014422;-29.653695548057684;-62.653695548057684;5.42788259358195e-10;0.1;5.4278825935819495e-11;1.1001467874538197e-08;;;;ORANGE;True
1787669624.6251905;86.47819563199846;Simulation RF;Détection RF large bande;2,45 GHz;2,45 GHz;;3012;2.4270020009377173;-53.080080037508694;-69.7800800375087;1.0519424870625595e-10;0.1;1.0519424870625595e-11;3.278038465076474e-08;;;;ORANGE;True
1787669624.635571;86.48920368299878;Wi-Fi;Wi-Fi;2,4/5 GHz;wlan0;-31.0;;;;-31.0;7.943282347242822e-07;0.1;7.943282347242822e-08;6.197929378764202e-05;;;;ROUGE;False
1787669624.7259915;86.57962542399946;BLE Sniffer;iBeacon;2,4 GHz BLE;64:d1:2e:b5:04:2d;-62.0;;;;-62.0;6.309573444801942e-10;0.000368;2.321923027687115e-13;1.0050311704203627e-10;36;0x00;38;ORANGE;False
1787669624.7260818;86.57971321900004;BLE Sniffer;iBeacon;2,4 GHz BLE;64:d1:2e:b5:04:2d;-67.0;;;;-67.0;1.9952623149688828e-10;0.000368;7.342565319085489e-14;1.0057654269522713e-10;36;0x00;39;ORANGE;False
1787669624.7363372;86.57831409299979;Simulation RF;Détection RF large bande;868 MHz;868 MHz;;2293;1.8476112673342608;-29.90445069337043;-62.90445069337043;5.123360677264188e-10;0.1;5.123360677264188e-11;1.1052701481310839e-08;;;;ORANGE;True
1787669624.7365153;86.57831409299979;Simulation RF;Détection RF large bande;2,45 GHz;2,45 GHz;;3008;2.424391608701523;-52.97566434806092;-69.67566434806092;1.0775404077967945e-10;0.1;1.0775404077967946e-11;3.2791160054842714e-08;;;;ORANGE;True
1787669624.7450163;86.59864870199999;Wi-Fi;Wi-Fi;2,4/5 GHz;wlan0;-31.0;;;;-31.0;7.943282347242822e-07;0.1;7.943282347242822e-08;6.205872661111445e-05;;;;ROUGE;False
1787669624.825209;86.67841801699979;Simulation RF;Détection RF large bande;868 MHz;868 MHz;;2302;1.8553358740351813;-30.213434961407245;-63.213434961407245;4.771517311866767e-10;0.1;4.7715173118667676e-11;1.1100416654429507e-08;;;;ORANGE;True
1787669624.825499;86.67841801699979;Simulation RF;Détection RF large bande;2,45 GHz;2,45 GHz;;3090;2.489742228223155;-55.589689128926196;-72.2896891289262;5.902433286962992e-11;0.1;5.902433286962992e-12;3.2797062488129675e-08;;;;VERT;True
1787669624.8359644;86.68959691700002;Wi-Fi;Wi-Fi;2,4/5 GHz;wlan0;-31.0;;;;-31.0;7.943282347242822e-07;0.1;7.943282347242822e-08;6.213815943458688e-05;;;;ROUGE;False
1787669624.92506;86.77853749699898;Simulation RF;Détection RF large bande;868 MHz;868 MHz;;2415;1.946320101331049;-33.852804053241954;-66.85280405324195;2.0640470588165702e-10;0.1;2.0640470588165704e-11;1.1121057125017673e-08;;;;ORANGE;True
1787669624.925211;86.77853749699898;Simulation RF;Détection RF large bande;2,45 GHz;2,45 GHz;;3077;2.479769695108265;-55.19078780433058;-71.89078780433059;6.470252355978458e-11;0.1;6.4702523559784575e-12;3.2803532740485656e-08;;;;VERT;True
1787669624.933701;86.78733358199861;Wi-Fi;Wi-Fi;2,4/5 GHz;wlan0;-31.0;;;;-31.0;7.943282347242822e-07;0.1;7.943282347242822e-08;6.22175922580593e-05;;;;ROUGE;False
1787669625.0326416;86.87864632799938;Simulation RF;Détection RF large bande;868 MHz;868 MHz;;2417;1.947709716176771;-33.908388647070836;-66.90838864707084;2.0377980170188767e-10;0.1;2.0377980170188768e-11;1.1141435105187862e-08;;;;ORANGE;True
1787669625.0435612;86.87864632799938;Simulation RF;Détection RF large bande;2,45 GHz;2,45 GHz;;3054;2.4614290529129135;-54.45716211651653;-71.15716211651653;7.660970470675111e-11;0.1;7.660970470675112e-12;3.281119371095633e-08;;;;VERT;True
1787669625.0559285;86.90956310699949;Wi-Fi;Wi-Fi;2,4/5 GHz;wlan0;-31.0;;;;-31.0;7.943282347242822e-07;0.1;7.943282347242822e-08;6.229702508153173e-05;;;;ROUGE;False
1787669625.0786862;86.93231953099894;BLE Sniffer;iBeacon;2,4 GHz BLE;64:d1:2e:b5:04:2d;-63.0;;;;-63.0;5.011872336272714e-10;0.000368;1.8443690197483588e-13;1.0076097959720196e-10;36;0x00;37;ORANGE;False
1787669625.0787623;86.93239384399931;BLE Sniffer;iBeacon;2,4 GHz BLE;64:d1:2e:b5:04:2d;-62.0;;;;-62.0;6.309573444801942e-10;0.000368;2.321923027687115e-13;1.0099317189997068e-10;36;0x00;38;ORANGE;False
1787669625.0868075;86.94044138599929;BLE Sniffer;iBeacon;2,4 GHz BLE;64:d1:2e:b5:04:2d;-67.0;;;;-67.0;1.9952623149688828e-10;0.000368;7.342565319085489e-14;1.0106659755316154e-10;36;0x00;39;ORANGE;False
1787669625.086955;86.9405865689987;Simulation LoRa;LoRa;868 MHz;LoRa 868.100 MHz;-88.33296852050466;;;;-88.33296852050466;1.4679225697858878e-12;0.046335999999999995;6.801766019359889e-14;7.867368779846315e-12;13;"SNR=6.65;SF=7;BW=125.0;CR=4/5;F=868.100;CRC=OK;PAYLOAD=54454d504f5f4c4f52415f3836";7;VERT;True
1787669625.109287;86.96292147999884;BLE Sniffer;Appareil BLE;2,4 GHz BLE;7f:c4:af:1a:e1:07;-75.0;;;;-75.0;3.1622776601683794e-11;0.00028;8.854377448471461e-15;1.9417936919919857e-11;25;0x00;37;VERT;False
1787669625.1252518;86.97873247499956;Simulation RF;Détection RF large bande;868 MHz;868 MHz;;2403;1.9362461333773695;-33.44984533509478;-66.44984533509478;2.264724959604259e-10;0.1;2.2647249596042593e-11;1.1164082354783904e-08;;;;ORANGE;True
1787669625.1254091;86.97873247499956;Simulation RF;Détection RF large bande;2,45 GHz;2,45 GHz;;2987;2.407454600919049;-52.29818403676197;-68.99818403676197;1.2594519301816284e-10;0.1;1.2594519301816285e-11;3.2823788230258146e-08;;;;ORANGE;True
1787669625.1339424;86.98757450399899;Wi-Fi;Wi-Fi;2,4/5 GHz;wlan0;-31.0;;;;-31.0;7.943282347242822e-07;0.1;7.943282347242822e-08;6.237645790500416e-05;;;;ROUGE;False
1787669625.2291167;87.0788421219986;Simulation RF;Détection RF large bande;868 MHz;868 MHz;;2377;1.9157903167545336;-32.63161267018134;-65.63161267018134;2.734253224703214e-10;0.1;2.734253224703214e-11;1.1191424887030935e-08;;;;ORANGE;True
1787669625.2292686;87.0788421219986;Simulation RF;Détection RF large bande;2,45 GHz;2,45 GHz;;2995;2.4138559187291317;-52.55423674916527;-69.25423674916527;1.1873433523651303e-10;0.1;1.1873433523651304e-11;3.2835661663781794e-08;;;;ORANGE;True
1787669625.2519922;87.10562544599998;Wi-Fi;Wi-Fi;2,4/5 GHz;wlan0;-31.0;;;;-31.0;7.943282347242822e-07;0.1;7.943282347242822e-08;6.245589072847658e-05;;;;ROUGE;False
1787669625.325467;87.17892326899891;Simulation RF;Détection RF large bande;868 MHz;868 MHz;;2334;1.8807234189855078;-31.228936759420307;-64.22893675942031;3.776646395374605e-10;0.1;3.7766463953746054e-11;1.122919135098468e-08;;;;ORANGE;True
1787669625.325611;87.17892326899891;Simulation RF;Détection RF large bande;2,45 GHz;2,45 GHz;;2997;2.4153888450625938;-52.61555380250374;-69.31555380250374;1.170697308127877e-10;0.1;1.170697308127877e-11;3.284736863686307e-08;;;;ORANGE;True
1787669625.3416545;87.19528945899947;BLE Sniffer;iBeacon;2,4 GHz BLE;64:d1:2e:b5:04:2d;-62.0;;;;-62.0;6.309573444801942e-10;0.000368;2.321923027687115e-13;1.0129878985593025e-10;36;0x00;38;ORANGE;False
1787669625.3417509;87.19538229099999;BLE Sniffer;iBeacon;2,4 GHz BLE;64:d1:2e:b5:04:2d;-66.0;;;;-66.0;2.511886431509582e-10;0.000368;9.243742067955262e-14;1.0139122727660981e-10;36;0x00;39;ORANGE;False
1787669625.359676;87.2133098079994;BLE Sniffer;Appareil BLE;2,4 GHz BLE;7f:c4:af:1a:e1:07;-80.0;;;;-80.0;1e-11;0.00028;2.7999999999999997e-15;1.9420736919919858e-11;25;0x00;37;VERT;False
1787669625.3657014;87.21933569599969;Wi-Fi;Wi-Fi;2,4/5 GHz;wlan0;-31.0;;;;-31.0;7.943282347242822e-07;0.1;7.943282347242822e-08;6.253532355194901e-05;;;;ROUGE;False
1787669625.425514;87.27900006399977;Simulation RF;Détection RF large bande;868 MHz;868 MHz;;2439;1.9656560794796734;-34.62624317918693;-67.62624317918693;1.727331456634884e-10;0.1;1.727331456634884e-11;1.1246464665551029e-08;;;;ORANGE;True
1787669625.4256544;87.27900006399977;Simulation RF;Détection RF large bande;2,45 GHz;2,45 GHz;;3010;2.4259767731990927;-53.03907092796369;-69.7390709279637;1.0619227065661843e-10;0.1;1.0619227065661843e-11;3.2857987863928735e-08;;;;ORANGE;True
1787669625.4342551;87.28788798200003;Wi-Fi;Wi-Fi;2,4/5 GHz;wlan0;-31.0;;;;-31.0;7.943282347242822e-07;0.1;7.943282347242822e-08;6.261475637542144e-05;;;;ROUGE;False
1787669625.5256436;87.37908908099962;Simulation RF;Détection RF large bande;868 MHz;868 MHz;;2374;1.9133643017014643;-32.534572068058566;-65.53457206805857;2.796036221355479e-10;0.1;2.796036221355479e-11;1.1274425027764584e-08;;;;ORANGE;True
1787669625.5257957;87.37908908099962;Simulation RF;Détection RF large bande;2,45 GHz;2,45 GHz;;3050;2.457786486246274;-54.31145944985094;-71.01145944985095;7.922350545599206e-11;0.1;7.922350545599207e-12;3.2865910214474336e-08;;;;VERT;True
1787669625.534325;87.3879575359988;Wi-Fi;Wi-Fi;2,4/5 GHz;wlan0;-31.0;;;;-31.0;7.943282347242822e-07;0.1;7.943282347242822e-08;6.269418919889386e-05;;;;ROUGE;False
1787669625.6018243;87.45545804199901;BLE Sniffer;iBeacon;2,4 GHz BLE;64:d1:2e:b5:04:2d;-62.0;;;;-62.0;6.309573444801942e-10;0.000368;2.321923027687115e-13;1.0162341957937852e-10;36;0x00;38;ORANGE;False
1787669625.6019218;87.4555534659994;BLE Sniffer;iBeacon;2,4 GHz BLE;64:d1:2e:b5:04:2d;-67.0;;;;-67.0;1.9952623149688828e-10;0.000368;7.342565319085489e-14;1.0169684523256938e-10;36;0x00;39;ORANGE;False
1787669625.625691;87.47917198799951;Simulation RF;Détection RF large bande;868 MHz;868 MHz;;2257;1.8190921837644252;-28.763687350577;-61.763687350577;6.662408613033106e-10;0.1;6.662408613033106e-11;1.1341049113894915e-08;;;;ORANGE;True
1787669625.6258445;87.47917198799951;Simulation RF;Détection RF large bande;2,45 GHz;2,45 GHz;;3059;2.4654109222334712;-54.61643688933884;-71.31643688933885;7.385098821449386e-11;0.1;7.385098821449387e-12;3.2873295313295786e-08;;;;VERT;True
1787669625.6343977;87.48803007199967;Wi-Fi;Wi-Fi;2,4/5 GHz;wlan0;-31.0;;;;-31.0;7.943282347242822e-07;0.1;7.943282347242822e-08;6.277362202236629e-05;;;;ROUGE;False
1787669625.726911;87.58054504099891;BLE Sniffer;Appareil BLE;2,4 GHz BLE;d3:23:2f:4d:3e:b1;-78.0;;;;-78.0;1.5848931924611107e-11;0.000376;5.959198403653776e-15;2.3853857040177345e-13;37;0x00;37;VERT;False
1787669625.727036;87.58066737199988;BLE Sniffer;Appareil BLE;2,4 GHz BLE;d3:23:2e:cd:3e:b1;-79.0;;;;-79.0;1.2589254117941662e-11;0.000376;4.7335595483460644e-15;4.7335595483460644e-15;37;0x00;38;VERT;False
1787669625.7271218;87.58075359299983;BLE Sniffer;Appareil BLE;2,4 GHz BLE;d3:23:2f:4d:3e:b1;-84.0;;;;-84.0;3.9810717055349695e-12;0.000376;1.4968829612811484e-15;2.400354533630546e-13;37;0x00;39;VERT;False
1787669625.7271636;87.58079512899894;BLE Sniffer;Appareil BLE;2,4 GHz BLE;7f:c4:af:1a:e1:07;-73.0;;;;-73.0;5.011872336272715e-11;0.00028;1.40332425415636e-14;1.943477016246142e-11;25;0x00;37;VERT;False
1787669625.7484605;87.580692223999;Simulation RF;Détection RF large bande;868 MHz;868 MHz;;2363;1.903912915593914;-32.15651662375656;-65.15651662375656;3.050340616821593e-10;0.1;3.0503406168215934e-11;1.137155252006313e-08;;;;ORANGE;True
1787669625.7486165;87.580692223999;Simulation RF;Détection RF large bande;2,45 GHz;2,45 GHz;;3065;2.469806588889351;-54.792263555574024;-71.49226355557403;7.09208030312652e-11;0.1;7.09208030312652e-12;3.2880387393598914e-08;;;;VERT;True
1787669625.7573526;87.61098615999981;Wi-Fi;Wi-Fi;2,4/5 GHz;wlan0;-31.0;;;;-31.0;7.943282347242822e-07;0.1;7.943282347242822e-08;6.285305484583872e-05;;;;ROUGE;False
1787669625.8272867;87.68077179600004;Simulation RF;Détection RF large bande;868 MHz;868 MHz;;2392;1.9277867803639457;-33.111471214557824;-66.11147121455782;2.448233738495886e-10;0.1;2.4482337384958862e-11;1.139603485744809e-08;;;;ORANGE;True
1787669625.8274255;87.68077179600004;Simulation RF;Détection RF large bande;2,45 GHz;2,45 GHz;;3080;2.482297013231978;-55.29188052927911;-71.99188052927911;6.321380713471692e-11;0.1;6.321380713471692e-12;3.2886708774312384e-08;;;;VERT;True
1787669625.8359208;87.68955349299904;Wi-Fi;Wi-Fi;2,4/5 GHz;wlan0;-31.0;;;;-31.0;7.943282347242822e-07;0.1;7.943282347242822e-08;6.293248766931114e-05;;;;ROUGE;False
1787669625.8741422;87.727776583999;BLE Sniffer;iBeacon;2,4 GHz BLE;64:d1:2e:b5:04:2d;-62.0;;;;-62.0;6.309573444801942e-10;0.000368;2.321923027687115e-13;1.0192903753533809e-10;36;0x00;38;ORANGE;False
1787669625.9274082;87.78085525799906;Simulation RF;Détection RF large bande;868 MHz;868 MHz;;2392;1.9276681315970459;-33.10672526388183;-66.10672526388183;2.450910619752025e-10;0.1;2.450910619752025e-11;1.1420543963645611e-08;;;;ORANGE;True
1787669625.9275656;87.78085525799906;Simulation RF;Détection RF large bande;2,45 GHz;2,45 GHz;;3077;2.47935954568627;-55.1743818274508;-71.8743818274508;6.494740708049707e-11;0.1;6.494740708049707e-12;3.2893203515020434e-08;;;;VERT;True
1787669625.93611;87.78974261999974;Wi-Fi;Wi-Fi;2,4/5 GHz;wlan0;-31.0;;;;-31.0;7.943282347242822e-07;0.1;7.943282347242822e-08;6.301192049278357e-05;;;;ROUGE;False
1787669625.9802458;87.83387898899855;BLE Sniffer;iBeacon;2,4 GHz BLE;64:d1:2e:b5:04:2d;-67.0;;;;-67.0;1.9952623149688828e-10;0.000368;7.342565319085489e-14;1.0200246318852895e-10;36;0x00;39;ORANGE;False
1787669626.0274851;87.8809384239994;Simulation RF;Détection RF large bande;868 MHz;868 MHz;;2391;1.9271902284271978;-33.08760913708791;-66.08760913708791;2.461722450082103e-10;0.1;2.461722450082103e-11;1.1445161188146432e-08;;;;ORANGE;True
1787669626.0276372;87.8809384239994;Simulation RF;Détection RF large bande;2,45 GHz;2,45 GHz;;3050;2.457668190832472;-54.30672763329888;-71.00672763329888;7.930986975555518e-11;0.1;7.930986975555519e-12;3.290113450199599e-08;;;;VERT;True
1787669626.0360873;87.88972019499852;Wi-Fi;Wi-Fi;2,4/5 GHz;wlan0;-31.0;;;;-31.0;7.943282347242822e-07;0.1;7.943282347242822e-08;6.3091353316256e-05;;;;ROUGE;False
1787669626.1109588;87.96459230799883;Simulation LoRa;LoRa;868 MHz;LoRa 868.100 MHz;-91.85797792495019;;;;-91.85797792495019;6.519318628744795e-13;0.046335999999999995;3.020791479815188e-14;7.897576694644468e-12;13;"SNR=6.40;SF=7;BW=125.0;CR=4/5;F=868.100;CRC=OK;PAYLOAD=54454d504f5f4c4f52415f3837";7;VERT;True
1787669626.1110563;87.96468802900017;BLE Sniffer;Appareil BLE;2,4 GHz BLE;7f:c4:af:1a:e1:07;-88.0;;;;-88.0;1.584893192461111e-12;0.00028;4.4377009388911103e-16;1.943521393255531e-11;25;0x00;37;VERT;False
1787669626.1110969;87.96472837999863;BLE Sniffer;Appareil BLE;2,4 GHz BLE;7f:c4:ae:5a:e1:07;-73.0;;;;-73.0;5.011872336272715e-11;0.00028;1.40332425415636e-14;5.84102519304747e-14;25;0x00;38;VERT;False
1787669626.1456947;87.98164937599904;Simulation RF;Détection RF large bande;868 MHz;868 MHz;;2363;1.904591826770486;-32.18367307081944;-65.18367307081944;3.031326337863711e-10;0.1;3.031326337863711e-11;1.1475474451525068e-08;;;;ORANGE;True
1787669626.156408;87.98164937599904;Simulation RF;Détection RF large bande;2,45 GHz;2,45 GHz;;3038;2.4478382775905003;-53.91353110362;-70.61353110362;8.68254193683321e-11;0.1;8.68254193683321e-12;3.2909817043932826e-08;;;;VERT;True
1787669626.1696994;88.02333219100001;Wi-Fi;Wi-Fi;2,4/5 GHz;wlan0;-32.0;;;;-32.0;6.30957344480193e-07;0.1;6.30957344480193e-08;6.315444905070401e-05;;;;ROUGE;False
1787669626.2263224;88.07995642099922;BLE Sniffer;Appareil BLE;2,4 GHz BLE;7f:c4:af:1a:e1:07;-76.0;;;;-76.0;2.5118864315095823e-11;0.00028;7.03328200822683e-15;1.9442247214563537e-11;25;0x00;39;VERT;False
1787669626.2264059;88.08003741999892;BLE Sniffer;iBeacon;2,4 GHz BLE;64:d1:2e:b5:04:2d;-64.0;;;;-64.0;3.9810717055349694e-10;0.000368;1.4650343876368688e-13;1.0214896662729264e-10;36;0x00;37;ORANGE;False
1787669626.2344341;88.08806781400017;BLE Sniffer;iBeacon;2,4 GHz BLE;64:d1:2e:b5:04:2d;-62.0;;;;-62.0;6.309573444801942e-10;0.000368;2.321923027687115e-13;1.0238115893006135e-10;36;0x00;38;ORANGE;False
1787669626.238965;88.09259853899857;BLE Sniffer;iBeacon;2,4 GHz BLE;64:d1:2e:b5:04:2d;-67.0;;;;-67.0;1.9952623149688828e-10;0.000368;7.342565319085489e-14;1.0245458458325221e-10;36;0x00;39;ORANGE;False
1787669626.2585118;88.08175968899923;Simulation RF;Détection RF large bande;868 MHz;868 MHz;;2389;1.9252245176516383;-33.00898070606553;-66.00898070606553;2.5066975086646797e-10;0.1;2.5066975086646797e-11;1.1500541426611715e-08;;;;ORANGE;True
1787669626.2586906;88.08175968899923;Simulation RF;Détection RF large bande;2,45 GHz;2,45 GHz;;3017;2.431120751990706;-53.244830079628244;-69.94483007962825;1.0127843738472948e-10;0.1;1.0127843738472948e-11;3.29199448876713e-08;;;;ORANGE;True
1787669626.266855;88.12048754999887;Wi-Fi;Wi-Fi;2,4/5 GHz;wlan0;-32.0;;;;-32.0;6.30957344480193e-07;0.1;6.30957344480193e-08;6.321754478515202e-05;;;;ROUGE;False
1787669626.3283954;88.18183670699909;Simulation RF;Détection RF large bande;868 MHz;868 MHz;;2432;1.9595628724302199;-34.38251489720879;-67.3825148972088;1.8270419127490957e-10;0.1;1.8270419127490958e-11;1.1518811845739205e-08;;;;ORANGE;True
1787669626.3285391;88.18183670699909;Simulation RF;Détection RF large bande;2,45 GHz;2,45 GHz;;3027;2.43933912883842;-53.57356515353679;-70.2735651535368;9.389522017260403e-11;0.1;9.389522017260404e-12;3.292933440968856e-08;;;;VERT;True
1787669626.3368704;88.1905035539985;Wi-Fi;Wi-Fi;2,4/5 GHz;wlan0;-32.0;;;;-32.0;6.30957344480193e-07;0.1;6.30957344480193e-08;6.328064051960004e-05;;;;ROUGE;False
1787669626.37689;88.23052352400009;BLE Sniffer;Appareil BLE;2,4 GHz BLE;7f:c4:af:1a:e1:07;-71.0;;;;-71.0;7.943282347242822e-11;0.00028;2.22411905722799e-14;1.9464488405135815e-11;25;0x00;37;VERT;False
1787669626.4284916;88.28191650199915;Simulation RF;Détection RF large bande;868 MHz;868 MHz;;2379;1.9167683295664073;-32.67073318265629;-65.67073318265629;2.709734131770018e-10;0.1;2.709734131770018e-11;1.1545909187056905e-08;;;;ORANGE;True
1787669626.4286308;88.28191650199915;Simulation RF;Détection RF large bande;2,45 GHz;2,45 GHz;;3094;2.4931097603464583;-55.724390413858316;-72.42439041385832;5.722172668025479e-11;0.1;5.722172668025479e-12;3.2935056582356587e-08;;;;VERT;True
1787669626.4371264;88.29075860599914;Wi-Fi;Wi-Fi;2,4/5 GHz;wlan0;-32.0;;;;-32.0;6.30957344480193e-07;0.1;6.30957344480193e-08;6.334373625404805e-05;;;;ROUGE;False
1787669626.5085406;88.36217490199851;BLE Sniffer;iBeacon;2,4 GHz BLE;64:d1:2e:b5:04:2d;-62.0;;;;-62.0;6.309573444801942e-10;0.000368;2.321923027687115e-13;1.0268677688602093e-10;36;0x00;38;ORANGE;False
1787669626.5344303;88.38806412899976;BLE Sniffer;iBeacon;2,4 GHz BLE;64:d1:2e:b5:04:2d;-67.0;;;;-67.0;1.9952623149688828e-10;0.000368;7.342565319085489e-14;1.0276020253921179e-10;36;0x00;39;ORANGE;False
1787669626.5517945;88.38277058199856;Simulation RF;Détection RF large bande;868 MHz;868 MHz;;2388;1.924432641944315;-32.97730567777259;-65.97730567777259;2.525046802005492e-10;0.1;2.525046802005492e-11;1.157115965507696e-08;;;;ORANGE;True
1787669626.551941;88.38277058199856;Simulation RF;Détection RF large bande;2,45 GHz;2,45 GHz;;3078;2.480625328562909;-55.22501314251636;-71.92501314251636;6.419462788625288e-11;0.1;6.419462788625288e-12;3.294147604514521e-08;;;;VERT;True
1787669626.560362;88.4139955039991;Wi-Fi;Wi-Fi;2,4/5 GHz;wlan0;-33.0;;;;-33.0;5.011872336272725e-07;0.1;5.011872336272725e-08;6.339385497741078e-05;;;;ROUGE;False
1787669626.6294029;88.48285132199999;Simulation RF;Détection RF large bande;868 MHz;868 MHz;;2333;1.8799662159491732;-31.198648637966926;-64.19864863796693;3.803077154516621e-10;0.1;3.803077154516621e-11;1.1609190426622126e-08;;;;ORANGE;True
1787669626.6295416;88.48285132199999;Simulation RF;Détection RF large bande;2,45 GHz;2,45 GHz;;3064;2.4687793601269172;-54.75117440507668;-71.45117440507669;7.159497792123045e-11;0.1;7.159497792123045e-12;3.294863554293733e-08;;;;VERT;True
1787669626.6379523;88.49158494499898;Wi-Fi;Wi-Fi;2,4/5 GHz;wlan0;-33.0;;;;-33.0;5.011872336272725e-07;0.1;5.011872336272725e-08;6.34439737007735e-05;;;;ROUGE;False
1787669626.6779103;88.53154398999868;BLE Sniffer;Appareil BLE;2,4 GHz BLE;7f:c4:af:1a:e1:07;-82.0;;;;-82.0;6.309573444801943e-12;0.00028;1.7666805645445437e-15;1.946625508570036e-11;25;0x00;37;VERT;False
1787669626.6780105;88.53164200699939;BLE Sniffer;Appareil BLE;2,4 GHz BLE;7f:c4:af:1a:e0:e7;-80.0;;;;-80.0;1e-11;0.00028;2.7999999999999997e-15;2.7999999999999997e-15;25;0x00;38;VERT;False
1787669626.704195;88.55782880399966;BLE Sniffer;Appareil BLE;2,4 GHz BLE;7f:c4:af:1a:e1:07;-72.0;;;;-72.0;6.309573444801942e-11;0.00028;1.7666805645445437e-14;1.9483921891345803e-11;25;0x00;39;VERT;False
1787669626.7321649;88.58579988699967;BLE Sniffer;iBeacon;2,4 GHz BLE;64:d1:2e:b5:04:2d;-63.0;;;;-63.0;5.011872336272714e-10;0.000368;1.8443690197483588e-13;1.0294463944118662e-10;36;0x00;37;ORANGE;False
1787669626.7411666;88.58294758000011;Simulation RF;Détection RF large bande;868 MHz;868 MHz;;2390;1.9259711677880014;-33.03884671152005;-66.03884671152005;2.489518333272595e-10;0.1;2.489518333272595e-11;1.1634085609954852e-08;;;;ORANGE;True
1787669626.7413127;88.58294758000011;Simulation RF;Détection RF large bande;2,45 GHz;2,45 GHz;;3042;2.4514274841604116;-54.05709936641645;-70.75709936641645;8.400208453980933e-11;0.1;8.400208453980933e-12;3.295703575139131e-08;;;;VERT;True
1787669626.749696;88.60332848500002;Wi-Fi;Wi-Fi;2,4/5 GHz;wlan0;-33.0;;;;-33.0;5.011872336272725e-07;0.1;5.011872336272725e-08;6.349409242413623e-05;;;;ROUGE;False
1787669626.830342;88.68310787399969;Simulation RF;Détection RF large bande;868 MHz;868 MHz;;2396;1.9308465829398718;-33.23386331759487;-66.23386331759487;2.380201191390859e-10;0.1;2.3802011913908592e-11;1.1657887621868761e-08;;;;ORANGE;True
1787669626.8306928;88.68310787399969;Simulation RF;Détection RF large bande;2,45 GHz;2,45 GHz;;3051;2.4590580614878728;-54.3623224595149;-71.0623224595149;7.83010803178891e-11;0.1;7.83010803178891e-12;3.29648658594231e-08;;;;VERT;True
1787669626.870479;88.72411388399996;BLE Sniffer;iBeacon;2,4 GHz BLE;64:d1:2e:b5:04:2d;-63.0;;;;-63.0;5.011872336272714e-10;0.000368;1.8443690197483588e-13;1.0312907634316145e-10;36;0x00;38;ORANGE;False
1787669626.8705773;88.72420912300004;BLE Sniffer;iBeacon;2,4 GHz BLE;64:d1:2e:b5:04:2d;-67.0;;;;-67.0;1.9952623149688828e-10;0.000368;7.342565319085489e-14;1.0320250199635231e-10;36;0x00;39;ORANGE;False
1787669626.9053435;88.75897747199997;BLE Sniffer;Appareil Apple BLE;2,4 GHz BLE;67:44:af:1a:e1:07;-87.0;;;;-87.0;1.9952623149688827e-12;0.00028;5.586734481912871e-16;5.586734481912871e-16;25;0x00;37;VERT;False
1787669626.914322;88.76795583199964;Wi-Fi;Wi-Fi;2,4/5 GHz;wlan0;-33.0;;;;-33.0;5.011872336272725e-07;0.1;5.011872336272725e-08;6.354421114749895e-05;;;;ROUGE;False
1787669626.9296505;88.78317759499987;Simulation RF;Détection RF large bande;868 MHz;868 MHz;;2348;1.891802014252122;-31.672080570084873;-64.67208057008487;3.410294958333122e-10;0.1;3.410294958333122e-11;1.1691990571452093e-08;;;;ORANGE;True
1787669626.9297733;88.78317759499987;Simulation RF;Détection RF large bande;2,45 GHz;2,45 GHz;;3036;2.4465981089321853;-53.8639243572874;-70.5639243572874;8.782285762040885e-11;0.1;8.782285762040886e-12;3.297364814518514e-08;;;;VERT;True
1787669626.9381497;88.79178246099946;Wi-Fi;Wi-Fi;2,4/5 GHz;wlan0;-33.0;;;;-33.0;5.011872336272725e-07;0.1;5.011872336272725e-08;6.359432987086168e-05;;;;ROUGE;False
1787669627.0659518;88.91958597399935;BLE Sniffer;iBeacon;2,4 GHz BLE;64:d1:2e:b5:04:2d;-62.0;;;;-62.0;6.309573444801942e-10;0.000368;2.321923027687115e-13;1.0343469429912103e-10;36;0x00;38;ORANGE;False
1787669627.06605;88.91968154599999;BLE Sniffer;iBeacon;2,4 GHz BLE;64:d1:2e:b5:04:2d;-67.0;;;;-67.0;1.9952623149688828e-10;0.000368;7.342565319085489e-14;1.0350811995231189e-10;36;0x00;39;ORANGE;False
1787669627.0661435;88.91977498899905;Simulation LoRa;LoRa;868 MHz;LoRa 868.100 MHz;-81.25897186257883;;;;-81.25897186257883;7.483466411730283e-12;0.046335999999999995;3.4675389965393436e-13;8.244330594298402e-12;13;"SNR=8.74;SF=7;BW=125.0;CR=4/5;F=868.100;CRC=OK;PAYLOAD=54454d504f5f4c4f52415f3838";7;VERT;True
1787669627.0313203;88.88334613000006;Simulation RF;Détection RF large bande;868 MHz;868 MHz;;2369;1.9093673558735522;-32.37469423494208;-65.37469423494208;2.900885428360915e-10;0.1;2.900885428360915e-11;1.1720999425735702e-08;;;;ORANGE;True
1787669627.0921886;88.88334613000006;Simulation RF;Détection RF large bande;2,45 GHz;2,45 GHz;;3036;2.4463012867950735;-53.85205147180294;-70.55205147180294;8.806327912543447e-11;0.1;8.806327912543447e-12;3.298245447309768e-08;;;;VERT;True
1787669627.1121705;88.9658027179994;Wi-Fi;Wi-Fi;2,4/5 GHz;wlan0;-33.0;;;;-33.0;5.011872336272725e-07;0.1;5.011872336272725e-08;6.36444485942244e-05;;;;ROUGE;False
1787669627.129982;88.98342927699923;Simulation RF;Détection RF large bande;868 MHz;868 MHz;;2398;1.9328332477425196;-33.313329909700784;-66.31332990970078;2.337044645806718e-10;0.1;2.3370446458067182e-11;1.1744369872193769e-08;;;;ORANGE;True
1787669627.130138;88.98342927699923;Simulation RF;Détection RF large bande;2,45 GHz;2,45 GHz;;3083;2.484537262784556;-55.381490511382225;-72.08149051138223;6.192285175627601e-11;0.1;6.1922851756276016e-12;3.298864675827331e-08;;;;VERT;True
1787669627.1413186;88.99495122799999;Wi-Fi;Wi-Fi;2,4/5 GHz;wlan0;-33.0;;;;-33.0;5.011872336272725e-07;0.1;5.011872336272725e-08;6.369456731758713e-05;;;;ROUGE;False
1787669627.235789;89.08942368399948;BLE Sniffer;Appareil BLE;2,4 GHz BLE;7f:c4:af:1a:e1:07;-78.0;;;;-78.0;1.5848931924611107e-11;0.00028;4.4377009388911094e-15;1.9488359592284694e-11;25;0x00;37;VERT;False
1787669627.253432;89.08397363899894;Simulation RF;Détection RF large bande;868 MHz;868 MHz;;2387;1.9237866761279396;-32.95146704511758;-65.95146704511758;2.540114510887314e-10;0.1;2.540114510887314e-11;1.1769771017302642e-08;;;;ORANGE;True
1787669627.2728848;89.08397363899894;Simulation RF;Détection RF large bande;2,45 GHz;2,45 GHz;;3037;2.4476379037492917;-53.90551614997166;-70.60551614997166;8.69858046099599e-11;0.1;8.69858046099599e-12;3.299734533873431e-08;;;;VERT;True
1787669627.294963;89.14859552300004;Wi-Fi;Wi-Fi;2,4/5 GHz;wlan0;-33.0;;;;-33.0;5.011872336272725e-07;0.1;5.011872336272725e-08;6.374468604094986e-05;;;;ROUGE;False
1787669627.3306172;89.1840603419987;Simulation RF;Détection RF large bande;868 MHz;868 MHz;;2393;1.928474155821747;-33.138966232869876;-66.13896623286988;2.4327830244504305e-10;0.1;2.4327830244504307e-11;1.1794098847547145e-08;;;;ORANGE;True
1787669627.330769;89.1840603419987;Simulation RF;Détection RF large bande;2,45 GHz;2,45 GHz;;3030;2.4419308635899024;-53.677234543596086;-70.37723454359609;9.1680409751564e-11;0.1;9.1680409751564e-12;3.3006513379709464e-08;;;;VERT;True
1787669627.3388658;89.19249848899926;Wi-Fi;Wi-Fi;2,4/5 GHz;wlan0;-33.0;;;;-33.0;5.011872336272725e-07;0.1;5.011872336272725e-08;6.379480476431258e-05;;;;ROUGE;False
1787669627.3707376;89.22437214099955;BLE Sniffer;iBeacon;2,4 GHz BLE;64:d1:2e:b5:04:2d;-63.0;;;;-63.0;5.011872336272714e-10;0.000368;1.8443690197483588e-13;1.0369255685428672e-10;36;0x00;38;ORANGE;False
1787669627.3794396;89.23307393199866;BLE Sniffer;iBeacon;2,4 GHz BLE;64:d1:2e:b5:04:2d;-66.0;;;;-66.0;2.511886431509582e-10;0.000368;9.243742067955262e-14;1.0378499427496628e-10;36;0x00;39;ORANGE;False
1787669627.430653;89.28413974899922;Simulation RF;Détection RF large bande;868 MHz;868 MHz;;2364;1.9054280173708626;-32.217120694834506;-65.2171206948345;3.008069945472597e-10;0.1;3.0080699454725976e-11;1.1824179547001871e-08;;;;ORANGE;True
1787669627.4308972;89.28413974899922;Simulation RF;Détection RF large bande;2,45 GHz;2,45 GHz;;3063;2.4680429275066165;-54.721717100264655;-71.42171710026466;7.208224262645258e-11;0.1;7.208224262645259e-12;3.301372160397211e-08;;;;VERT;True
1787669627.4424167;89.29604919299891;Wi-Fi;Wi-Fi;2,4/5 GHz;wlan0;-33.0;;;;-33.0;5.011872336272725e-07;0.1;5.011872336272725e-08;6.384492348767531e-05;;;;ROUGE;False
1787669627.540239;89.39387298699876;BLE Sniffer;Appareil BLE;2,4 GHz BLE;7f:c4:af:1a:e1:07;-79.0;;;;-79.0;1.2589254117941662e-11;0.00028;3.524991153023665e-15;1.949188458343772e-11;25;0x00;37;VERT;False
1787669627.5579123;89.3842594509988;Simulation RF;Détection RF large bande;868 MHz;868 MHz;;2434;1.961245939475568;-34.44983757902271;-67.44983757902271;1.7989381920221785e-10;0.1;1.7989381920221786e-11;1.1842168928922093e-08;;;;ORANGE;True
1787669627.5580585;89.3842594509988;Simulation RF;Détection RF large bande;2,45 GHz;2,45 GHz;;3060;2.4655594755480545;-54.62237902192217;-71.32237902192217;7.375001242330337e-11;0.1;7.375001242330337e-12;3.3021096605214443e-08;;;;VERT;True
1787669627.5658903;89.41952288399989;Wi-Fi;Wi-Fi;2,4/5 GHz;wlan0;-33.0;;;;-33.0;5.011872336272725e-07;0.1;5.011872336272725e-08;6.389504221103803e-05;;;;ROUGE;False
1787669627.6308906;89.48434335799902;Simulation RF;Détection RF large bande;868 MHz;868 MHz;;2473;1.9926094650788042;-35.704378603152165;-68.70437860315216;1.3476035292400997e-10;0.1;1.3476035292400998e-11;1.1855644964214494e-08;;;;ORANGE;True
1787669627.6310368;89.48434335799902;Simulation RF;Détection RF large bande;2,45 GHz;2,45 GHz;;3056;2.4630652515530933;-54.52261006212373;-71.22261006212374;7.546385618699443e-11;0.1;7.546385618699444e-12;3.3028642990833144e-08;;;;VERT;True
1787669627.6388729;89.49250543400012;Wi-Fi;Wi-Fi;2,4/5 GHz;wlan0;-33.0;;;;-33.0;5.011872336272725e-07;0.1;5.011872336272725e-08;6.394516093440076e-05;;;;ROUGE;False
1787669627.6835659;89.53719972099861;BLE Sniffer;iBeacon;2,4 GHz BLE;64:d1:2e:b5:04:2d;-63.0;;;;-63.0;5.011872336272714e-10;0.000368;1.8443690197483588e-13;1.0396943117694111e-10;36;0x00;38;ORANGE;False
1787669627.6836643;89.53729603399916;BLE Sniffer;iBeacon;2,4 GHz BLE;64:d1:2e:b5:04:2d;-67.0;;;;-67.0;1.9952623149688828e-10;0.000368;7.342565319085489e-14;1.0404285683013197e-10;36;0x00;39;ORANGE;False
1787669627.6837056;89.53733712599933;BLE Sniffer;Appareil BLE;2,4 GHz BLE;d3:23:2f:4d:3e:b1;-78.0;;;;-78.0;1.5848931924611107e-11;0.000376;5.959198403653776e-15;2.4599465176670835e-13;37;0x00;37;VERT;False
1787669627.7377307;89.58447778199843;Simulation RF;Détection RF large bande;868 MHz;868 MHz;;2385;1.9216837334874648;-32.86734933949859;-65.86734933949859;2.589793079777863e-10;0.1;2.589793079777863e-11;1.1881542895012273e-08;;;;ORANGE;True
1787669627.7572136;89.58447778199843;Simulation RF;Détection RF large bande;2,45 GHz;2,45 GHz;;3080;2.4816826901304565;-55.26730760521825;-71.96730760521825;6.357249253504216e-11;0.1;6.357249253504216e-12;3.303500024008665e-08;;;;VERT;True
1787669627.76661;89.6202425219999;Wi-Fi;Wi-Fi;2,4/5 GHz;wlan0;-33.0;;;;-33.0;5.011872336272725e-07;0.1;5.011872336272725e-08;6.399527965776349e-05;;;;ROUGE;False
1787669627.8310878;89.68455026299853;Simulation RF;Détection RF large bande;868 MHz;868 MHz;;2467;1.9880279311628755;-35.52111724651502;-68.52111724651502;1.4056858571694754e-10;0.1;1.4056858571694755e-11;1.1895599753583969e-08;;;;ORANGE;True
1787669627.8312297;89.68455026299853;Simulation RF;Détection RF large bande;2,45 GHz;2,45 GHz;;3054;2.460793025187946;-54.43172100751784;-71.13172100751784;7.705980385605648e-11;0.1;7.705980385605648e-12;3.304270622047225e-08;;;;VERT;True
1787669627.8817177;89.7353520839988;BLE Sniffer;iBeacon;2,4 GHz BLE;64:d1:2e:b5:04:2d;-62.0;;;;-62.0;6.309573444801942e-10;0.000368;2.321923027687115e-13;1.0427504913290068e-10;36;0x00;38;ORANGE;False
1787669627.8818138;89.73544530399886;BLE Sniffer;iBeacon;2,4 GHz BLE;64:d1:2e:b5:04:2d;-67.0;;;;-67.0;1.9952623149688828e-10;0.000368;7.342565319085489e-14;1.0434847478609154e-10;36;0x00;39;ORANGE;False
1787669627.899382;89.75301632699848;Wi-Fi;Wi-Fi;2,4/5 GHz;wlan0;-33.0;;;;-33.0;5.011872336272725e-07;0.1;5.011872336272725e-08;6.404539838112621e-05;;;;ROUGE;False
1787669627.9311237;89.7846244100001;Simulation RF;Détection RF large bande;868 MHz;868 MHz;;2452;1.9757373771772195;-35.029495087088776;-68.02949508708878;1.5741658671297901e-10;0.1;1.5741658671297902e-11;1.1911341412255266e-08;;;;ORANGE;True
1787669627.9312599;89.7846244100001;Simulation RF;Détection RF large bande;2,45 GHz;2,45 GHz;;3035;2.4460590633830703;-53.842362535322806;-70.54236253532281;8.825996410143627e-11;0.1;8.825996410143628e-12;3.3051532216882396e-08;;;;VERT;True
1787669627.9388921;89.79252461999931;Wi-Fi;Wi-Fi;2,4/5 GHz;wlan0;-33.0;;;;-33.0;5.011872336272725e-07;0.1;5.011872336272725e-08;6.409551710448894e-05;;;;ROUGE;False
1787669628.036512;89.89014584299912;BLE Sniffer;Appareil BLE;2,4 GHz BLE;7f:c4:af:1a:e1:07;-75.0;;;;-75.0;3.1622776601683794e-11;0.00028;8.854377448471461e-15;1.950073896088619e-11;25;0x00;37;VERT;False
1787669628.0366042;89.89023582299887;BLE Sniffer;Appareil BLE;2,4 GHz BLE;7f:c4:af:1a:e1:07;-75.0;;;;-75.0;3.1622776601683794e-11;0.00028;8.854377448471461e-15;1.950959333833466e-11;25;0x00;38;VERT;False
1787669628.054195;89.90782897499957;Simulation LoRa;LoRa;868 MHz;LoRa 868.100 MHz;-78.15008298540847;;;;-78.15008298540847;1.5310582057946525e-11;0.046335999999999995;7.094311302370101e-13;8.953761724535412e-12;13;"SNR=6.94;SF=7;BW=125.0;CR=4/5;F=868.100;CRC=OK;PAYLOAD=54454d504f5f4c4f52415f3839";7;VERT;True
1787669628.0632236;89.8848846289984;Simulation RF;Détection RF large bande;868 MHz;868 MHz;;2424;1.9531630701692348;-34.12652280676939;-67.12652280676939;1.9379729874732134e-10;0.1;1.9379729874732134e-11;1.1930721142129998e-08;;;;ORANGE;True
1787669628.063375;89.8848846289984;Simulation RF;Détection RF large bande;2,45 GHz;2,45 GHz;;2974;2.3962834969854447;-51.85133987941779;-68.5513398794178;1.3959376218408526e-10;0.1;1.3959376218408528e-11;3.306549159310081e-08;;;;ORANGE;True
1787669628.0740283;89.92766177799967;Wi-Fi;Wi-Fi;2,4/5 GHz;wlan0;-33.0;;;;-33.0;5.011872336272725e-07;0.1;5.011872336272725e-08;6.414563582785166e-05;;;;ROUGE;False
1787669628.131488;89.98496133199842;Simulation RF;Détection RF large bande;868 MHz;868 MHz;;2402;1.9359705045453908;-33.43882018181563;-66.43882018181563;2.270481574346033e-10;0.1;2.2704815743460332e-11;1.1953425957873458e-08;;;;ORANGE;True
1787669628.131633;89.98496133199842;Simulation RF;Détection RF large bande;2,45 GHz;2,45 GHz;;2991;2.410142076955129;-52.40568307820516;-69.10568307820516;1.228659922133535e-10;0.1;1.2286599221335352e-11;3.307777819232214e-08;;;;ORANGE;True
1787669628.1400895;89.9937224360001;Wi-Fi;Wi-Fi;2,4/5 GHz;wlan0;-33.0;;;;-33.0;5.011872336272725e-07;0.1;5.011872336272725e-08;6.419575455121439e-05;;;;ROUGE;False
1787669628.206172;90.05980650099991;BLE Sniffer;iBeacon;2,4 GHz BLE;64:d1:2e:b5:04:2d;-67.0;;;;-67.0;1.9952623149688828e-10;0.000368;7.342565319085489e-14;1.044219004392824e-10;36;0x00;39;ORANGE;False
1787669628.2438347;90.08508677499958;Simulation RF;Détection RF large bande;868 MHz;868 MHz;;2494;2.0097500340714487;-36.390001362857944;-69.39000136285794;1.1508000278122363e-10;0.1;1.1508000278122364e-11;1.196493395815158e-08;;;;ORANGE;True
1787669628.2440562;90.08508677499958;Simulation RF;Détection RF large bande;2,45 GHz;2,45 GHz;;3048;2.45609129961138;-54.243651984455184;-70.94365198445519;8.04701482735126e-11;0.1;8.04701482735126e-12;3.3085825207149494e-08;;;;VERT;True
1787669628.2666779;90.12031067099997;Wi-Fi;Wi-Fi;2,4/5 GHz;wlan0;-33.0;;;;-33.0;5.011872336272725e-07;0.1;5.011872336272725e-08;6.424587327457711e-05;;;;ROUGE;False
