timestamp_epoch;elapsed_s;source;technology;band;device;rssi_dbm;adc_code;voltage_v;power_detector_dbm;power_antenna_dbm;power_w;duration_s;energy_j;cumulative_energy_j;packet_length_bytes;pdu_type;channel;alert_level;simulated
1785027405.533211;0.005320532000041567;Simulation RF;Détection RF large bande;868 MHz;868 MHz;;2607;2.100554337348672;-40.022173493946866;-73.02217349394687;4.9863487546374204e-11;0.1;4.986348754637421e-12;4.986348754637421e-12;;;;VERT;True
1785027405.5474322;0.005320532000041567;Simulation RF;Détection RF large bande;2,45 GHz;2,45 GHz;;2861;2.305518528182325;-48.220741127292996;-64.920741127293;3.2205191600046227e-10;0.1;3.2205191600046226e-11;3.2205191600046226e-11;;;;ORANGE;True
1785027405.6333606;0.10542339100015852;Simulation RF;Détection RF large bande;868 MHz;868 MHz;;2568;2.0692155388423243;-38.76862155369297;-71.76862155369297;6.654843467448568e-11;0.1;6.6548434674485675e-12;1.1641192222085989e-11;;;;VERT;True
1785027405.6335192;0.10542339100015852;Simulation RF;Détection RF large bande;2,45 GHz;2,45 GHz;;2918;2.351639137393905;-50.0655654957562;-66.7655654957562;2.1059276678542495e-10;0.1;2.1059276678542498e-11;5.3264468278588724e-11;;;;ORANGE;True
1785027405.7333684;0.20549747900008697;Simulation RF;Détection RF large bande;868 MHz;868 MHz;;2527;2.036010715391898;-37.44042861567591;-70.44042861567591;9.035602947817326e-11;0.1;9.035602947817327e-12;2.0676795169903316e-11;;;;VERT;True
1785027405.7335098;0.20549747900008697;Simulation RF;Détection RF large bande;2,45 GHz;2,45 GHz;;2899;2.335856497537899;-49.43425990151596;-66.13425990151596;2.4354207943257207e-10;0.1;2.4354207943257208e-11;7.761867622184593e-11;;;;ORANGE;True
1785027405.8336334;0.30558945100005985;Simulation RF;Détection RF large bande;868 MHz;868 MHz;;2559;2.0622469511101995;-38.48987804440797;-71.48987804440797;7.095976941184377e-11;0.1;7.095976941184378e-12;2.7772772111087693e-11;;;;VERT;True
1785027405.8338327;0.30558945100005985;Simulation RF;Détection RF large bande;2,45 GHz;2,45 GHz;;2907;2.342539995594784;-49.701599823791355;-66.40159982379136;2.2900239142980142e-10;0.1;2.2900239142980142e-11;1.0051891536482608e-10;;;;ORANGE;True
1785027405.9335623;0.40569288400001824;Simulation RF;Détection RF large bande;868 MHz;868 MHz;;2578;2.0777337466135073;-39.10934986454029;-72.10934986454029;6.152689711023354e-11;0.1;6.152689711023355e-12;3.3925461822111045e-11;;;;VERT;True
1785027405.9337022;0.40569288400001824;Simulation RF;Détection RF large bande;2,45 GHz;2,45 GHz;;2845;2.2923438466541106;-47.693753866164414;-64.39375386616442;3.6360061856677185e-10;0.1;3.636006185667719e-11;1.3687897722150327e-10;;;;ORANGE;True
1785027406.0339289;0.505820230000154;Simulation RF;Détection RF large bande;868 MHz;868 MHz;;2513;2.025376441737492;-37.01505766949968;-70.01505766949968;9.965388471141585e-11;0.1;9.965388471141585e-12;4.389085029325263e-11;;;;VERT;True
1785027406.0342135;0.505820230000154;Simulation RF;Détection RF large bande;2,45 GHz;2,45 GHz;;2898;2.3350050284698254;-49.40020113879301;-66.10020113879301;2.4545952311286307e-10;0.1;2.454595231128631e-11;1.6142492953278958e-10;;;;ORANGE;True
1785027406.1337903;0.6059054410000044;Simulation RF;Détection RF large bande;868 MHz;868 MHz;;2647;2.1328767034508966;-41.31506813803587;-74.31506813803587;3.702483963932349e-11;0.1;3.702483963932349e-12;4.759333425718498e-11;;;;VERT;True
1785027406.1339393;0.6059054410000044;Simulation RF;Détection RF large bande;2,45 GHz;2,45 GHz;;2863;2.3069621701025245;-48.27848680410098;-64.97848680410098;3.177981169771694e-10;0.1;3.177981169771694e-11;1.9320474123050652e-10;;;;ORANGE;True
1785027406.2341504;0.7060325120000925;Simulation RF;Détection RF large bande;868 MHz;868 MHz;;2528;2.0370792799285398;-37.48317119714159;-70.48317119714159;8.947112132007423e-11;0.1;8.947112132007423e-12;5.65404463891924e-11;;;;VERT;True
1785027406.234481;0.7060325120000925;Simulation RF;Détection RF large bande;2,45 GHz;2,45 GHz;;2830;2.2804851157983443;-47.21940463193377;-63.919404631933766;4.055641298415532e-10;0.1;4.055641298415532e-11;2.3376115421466186e-10;;;;ORANGE;True
1785027406.333956;0.8060953950000567;Simulation RF;Détection RF large bande;868 MHz;868 MHz;;2546;2.0516192883309308;-38.064771533237234;-71.06477153323723;7.825693721538876e-11;0.1;7.825693721538876e-12;6.436614011073127e-11;;;;VERT;True
1785027406.3340943;0.8060953950000567;Simulation RF;Détection RF large bande;2,45 GHz;2,45 GHz;;2886;2.3253323854350856;-49.01329541740341;-65.71329541740342;2.6833075848161e-10;0.1;2.6833075848161002e-11;2.6059423006282287e-10;;;;ORANGE;True
1785027406.435841;0.9062304090000453;Simulation RF;Détection RF large bande;868 MHz;868 MHz;;2555;2.059349875285747;-38.373995011429884;-71.37399501142988;7.287868014930085e-11;0.1;7.287868014930085e-12;7.165400812566136e-11;;;;VERT;True
1785027406.4360268;0.9062304090000453;Simulation RF;Détection RF large bande;2,45 GHz;2,45 GHz;;2918;2.3517411316372474;-50.069645265489896;-66.7696452654899;2.103950284752899e-10;0.1;2.1039502847528993e-11;2.8163373291035186e-10;;;;ORANGE;True
1785027406.5342398;1.0063209150000603;Simulation RF;Détection RF large bande;868 MHz;868 MHz;;2617;2.1091732781293606;-40.36693112517442;-73.36693112517442;4.605819217122678e-11;0.1;4.6058192171226785e-12;7.625982734278403e-11;;;;VERT;True
1785027406.534395;1.0063209150000603;Simulation RF;Détection RF large bande;2,45 GHz;2,45 GHz;;2883;2.3233647147429495;-48.934588589717976;-65.63458858971798;2.732380271964502e-10;0.1;2.732380271964502e-11;3.089575356299969e-10;;;;ORANGE;True
1785027406.6343212;1.1064031820001219;Simulation RF;Détection RF large bande;868 MHz;868 MHz;;2562;2.0646781465164734;-38.58712586065893;-71.58712586065893;6.938848636600156e-11;0.1;6.938848636600156e-12;8.31986759793842e-11;;;;VERT;True
1785027406.6344824;1.1064031820001219;Simulation RF;Détection RF large bande;2,45 GHz;2,45 GHz;;2863;2.3071954626003013;-48.28781850401205;-64.98781850401205;3.171159962110854e-10;0.1;3.171159962110854e-11;3.4066913525110546e-10;;;;ORANGE;True
1785027406.7343802;1.206486894000136;Simulation RF;Détection RF large bande;868 MHz;868 MHz;;2450;1.9745157409708938;-34.98062963883575;-67.98062963883575;1.5919779058406335e-10;0.1;1.5919779058406335e-11;9.911845503779053e-11;;;;ORANGE;True
1785027406.7345357;1.206486894000136;Simulation RF;Détection RF large bande;2,45 GHz;2,45 GHz;;2866;2.309306486745329;-48.372259469813145;-65.07225946981315;3.1100978499265455e-10;0.1;3.110097849926546e-11;3.717701137503709e-10;;;;ORANGE;True
1785027406.8404021;1.3065711980000287;Simulation RF;Détection RF large bande;868 MHz;868 MHz;;2517;2.027998785529926;-37.119951421197044;-70.11995142119704;9.727581046796618e-11;0.1;9.72758104679662e-12;1.0884603608458716e-10;;;;VERT;True
1785027406.840742;1.3065711980000287;Simulation RF;Détection RF large bande;2,45 GHz;2,45 GHz;;2854;2.3000382996971074;-48.00153198788429;-64.7015319878843;3.3872464884259904e-10;0.1;3.38724648842599e-11;4.056425786346308e-10;;;;ORANGE;True
1785027406.9345298;1.4066454670000894;Simulation RF;Détection RF large bande;868 MHz;868 MHz;;2586;2.0841870458874117;-39.36748183549646;-72.36748183549646;5.797647632965803e-11;0.1;5.797647632965804e-12;1.1464368371755296e-10;;;;VERT;True
1785027406.934681;1.4066454670000894;Simulation RF;Détection RF large bande;2,45 GHz;2,45 GHz;;2908;2.3437973720811516;-49.75189488324607;-66.45189488324607;2.2636564293881633e-10;0.1;2.2636564293881635e-11;4.2827914292851244e-10;;;;ORANGE;True
1785027407.0411544;1.5067310980000457;Simulation RF;Détection RF large bande;868 MHz;868 MHz;;2478;1.9967591910317921;-35.870367641271685;-68.87036764127168;1.2970694661229736e-10;0.1;1.2970694661229736e-11;1.276143783787827e-10;;;;ORANGE;True
1785027407.0414987;1.5067310980000457;Simulation RF;Détection RF large bande;2,45 GHz;2,45 GHz;;2869;2.3118395519023873;-48.4735820760955;-65.1735820760955;3.0383779271320404e-10;0.1;3.0383779271320404e-11;4.5866292219983284e-10;;;;ORANGE;True
1785027407.134677;1.6068078450000485;Simulation RF;Détection RF large bande;868 MHz;868 MHz;;2534;2.041874457366589;-37.67497829466356;-70.67497829466356;8.560559901389132e-11;0.1;8.560559901389133e-12;1.3617493828017184e-10;;;;VERT;True
1785027407.134827;1.6068078450000485;Simulation RF;Détection RF large bande;2,45 GHz;2,45 GHz;;2895;2.3326493894655647;-49.30597557862258;-66.00597557862258;2.508432633706262e-10;0.1;2.508432633706262e-11;4.837472485368955e-10;;;;ORANGE;True
1785027407.2418566;1.7068860550000409;Simulation RF;Détection RF large bande;868 MHz;868 MHz;;2427;1.955834247458201;-34.233369898328036;-67.23336989832804;1.8908758283804543e-10;0.1;1.8908758283804543e-11;1.5508369656397638e-10;;;;ORANGE;True
1785027407.242428;1.7068860550000409;Simulation RF;Détection RF large bande;2,45 GHz;2,45 GHz;;2840;2.288635249954586;-47.545409998183445;-64.24540999818345;3.762348319271696e-10;0.1;3.762348319271696e-11;5.213707317296125e-10;;;;ORANGE;True
1785027407.334839;1.8069682079999438;Simulation RF;Détection RF large bande;868 MHz;868 MHz;;2518;2.0292146548283756;-37.16858619313501;-70.16858619313501;9.619253736251173e-11;0.1;9.619253736251173e-12;1.6470295030022755e-10;;;;VERT;True
1785027407.3349829;1.8069682079999438;Simulation RF;Détection RF large bande;2,45 GHz;2,45 GHz;;2848;2.2950811866611556;-47.80324746644622;-64.50324746644623;3.54548174285606e-10;0.1;3.54548174285606e-11;5.568255491581731e-10;;;;ORANGE;True
1785027407.4349265;1.9070262750001348;Simulation RF;Détection RF large bande;868 MHz;868 MHz;;2491;2.007168215430178;-36.28672861720713;-69.28672861720713;1.1784933555576696e-10;0.1;1.1784933555576697e-11;1.7648788385580424e-10;;;;ORANGE;True
1785027407.4350781;1.9070262750001348;Simulation RF;Détection RF large bande;2,45 GHz;2,45 GHz;;2830;2.280308038651704;-47.212321546068154;-63.91232154606815;4.062261206120852e-10;0.1;4.062261206120852e-11;5.974481612193816e-10;;;;ORANGE;True
1785027407.5350528;2.0071159640001497;Simulation RF;Détection RF large bande;868 MHz;868 MHz;;2531;2.0396696626178215;-37.58678650471285;-70.58678650471285;8.736175491747649e-11;0.1;8.73617549174765e-12;1.8522405934755188e-10;;;;VERT;True
1785027407.5352123;2.0071159640001497;Simulation RF;Détection RF large bande;2,45 GHz;2,45 GHz;;2856;2.3012461964840543;-48.049847859362174;-64.74984785936218;3.3497717376426025e-10;0.1;3.3497717376426026e-11;6.309458785958076e-10;;;;ORANGE;True
1785027407.6351366;2.1072101330000805;Simulation RF;Détection RF large bande;868 MHz;868 MHz;;2446;1.9712986413577314;-34.85194565430925;-67.85194565430925;1.6398549479177234e-10;0.1;1.6398549479177233e-11;2.016226088267291e-10;;;;ORANGE;True
1785027407.635311;2.1072101330000805;Simulation RF;Détection RF large bande;2,45 GHz;2,45 GHz;;2878;2.3195812979608146;-48.78325191843258;-65.48325191843259;2.82927269429391e-10;0.1;2.8292726942939105e-11;6.592386055387466e-10;;;;ORANGE;True
1785027407.7419515;2.2072961930000474;Simulation RF;Détection RF large bande;868 MHz;868 MHz;;2492;2.008249222500717;-36.329968900028675;-69.32996890002867;1.166817972653096e-10;0.1;1.1668179726530961e-11;2.1329078855326007e-10;;;;ORANGE;True
1785027407.742331;2.2072961930000474;Simulation RF;Détection RF large bande;2,45 GHz;2,45 GHz;;2804;2.259238452495764;-46.36953809983055;-63.06953809983055;4.932262589566411e-10;0.1;4.932262589566411e-11;7.085612314344108e-10;;;;ORANGE;True
1785027407.8352537;2.307379661000141;Simulation RF;Détection RF large bande;868 MHz;868 MHz;;2496;2.0114765797119314;-36.459063188477245;-69.45906318847724;1.1326446583343857e-10;0.1;1.1326446583343857e-11;2.2461723513660392e-10;;;;ORANGE;True
1785027407.8354533;2.307379661000141;Simulation RF;Détection RF large bande;2,45 GHz;2,45 GHz;;2865;2.308762886668383;-48.35051546673532;-65.05051546673532;3.12570835290015e-10;0.1;3.12570835290015e-11;7.398183149634122e-10;;;;ORANGE;True
1785027407.9353943;2.4074662390000867;Simulation RF;Détection RF large bande;868 MHz;868 MHz;;2480;1.9988943279965756;-35.955773119863025;-68.95577311986303;1.2718113253525286e-10;0.1;1.2718113253525286e-11;2.373353483901292e-10;;;;ORANGE;True
1785027407.9355495;2.4074662390000867;Simulation RF;Détection RF large bande;2,45 GHz;2,45 GHz;;2863;2.3073804270351377;-48.29521708140551;-64.99521708140551;3.1657622193567224e-10;0.1;3.1657622193567224e-11;7.714759371569794e-10;;;;ORANGE;True
1785027408.0360734;2.507545682;Simulation RF;Détection RF large bande;868 MHz;868 MHz;;2490;2.0069841971628697;-36.27936788651478;-69.27936788651478;1.1804924432434465e-10;0.1;1.1804924432434466e-11;2.491402728225637e-10;;;;ORANGE;True
1785027408.0363445;2.507545682;Simulation RF;Détection RF large bande;2,45 GHz;2,45 GHz;;2936;2.3662320063580355;-50.649280254321425;-67.34928025432143;1.8410770934145743e-10;0.1;1.8410770934145744e-11;7.898867080911252e-10;;;;ORANGE;True
1785027408.1355286;2.6076250190001247;Simulation RF;Détection RF large bande;868 MHz;868 MHz;;2433;1.96091323087825;-34.436529235129996;-67.43652923513;1.8044592401452302e-10;0.1;1.8044592401452304e-11;2.67184865224016e-10;;;;ORANGE;True
1785027408.135687;2.6076250190001247;Simulation RF;Détection RF large bande;2,45 GHz;2,45 GHz;;2862;2.30609902791344;-48.243961116537605;-64.94396111653761;3.20334628107839e-10;0.1;3.20334628107839e-11;8.219201709019091e-10;;;;ORANGE;True
1785027408.2683566;2.707772117000104;Simulation RF;Détection RF large bande;868 MHz;868 MHz;;2541;2.0479669841652153;-37.918679366608615;-70.91867936660861;8.093419721965086e-11;0.1;8.093419721965086e-12;2.752782849459811e-10;;;;VERT;True
1785027408.2741036;2.707772117000104;Simulation RF;Détection RF large bande;2,45 GHz;2,45 GHz;;2810;2.264537599555647;-46.58150398222588;-63.28150398222588;4.697314102376249e-10;0.1;4.6973141023762486e-11;8.688933119256716e-10;;;;ORANGE;True
1785027408.335783;2.807855471000039;Simulation RF;Détection RF large bande;868 MHz;868 MHz;;2499;2.0136486515863035;-36.545946063452135;-69.54594606345213;1.1102106616316474e-10;0.1;1.1102106616316474e-11;2.8638039156229755e-10;;;;ORANGE;True
1785027408.3359463;2.807855471000039;Simulation RF;Détection RF large bande;2,45 GHz;2,45 GHz;;2840;2.288624593053235;-47.5449837221294;-64.2449837221294;3.762717625761698e-10;0.1;3.762717625761698e-11;9.065204881832886e-10;;;;ORANGE;True
1785027408.4357548;2.907917313000098;Simulation RF;Détection RF large bande;868 MHz;868 MHz;;2403;1.9363699642258514;-33.454798569034054;-66.45479856903405;2.2621434582509512e-10;0.1;2.2621434582509514e-11;3.0900182614480704e-10;;;;ORANGE;True
1785027408.4358861;2.907917313000098;Simulation RF;Détection RF large bande;2,45 GHz;2,45 GHz;;2819;2.2718410726285603;-46.873642905142404;-63.57364290514241;4.3917307816395544e-10;0.1;4.3917307816395546e-11;9.50437795999684e-10;;;;ORANGE;True
1785027408.5359144;3.0079991860000064;Simulation RF;Détection RF large bande;868 MHz;868 MHz;;2405;1.9377952700618803;-33.51181080247521;-66.51181080247521;2.2326411230351884e-10;0.1;2.2326411230351885e-11;3.3132823737515894e-10;;;;ORANGE;True
1785027408.5360925;3.0079991860000064;Simulation RF;Détection RF large bande;2,45 GHz;2,45 GHz;;2813;2.2666095324080286;-46.66438129632114;-63.364381296321135;4.608524178728083e-10;0.1;4.608524178728084e-11;9.965230377869648e-10;;;;ORANGE;True
1785027408.635935;3.108061120000002;Simulation RF;Détection RF large bande;868 MHz;868 MHz;;2462;1.9842179167520897;-35.368716670083586;-68.36871667008359;1.455889228846692e-10;0.1;1.455889228846692e-11;3.458871296636259e-10;;;;ORANGE;True
1785027408.636078;3.108061120000002;Simulation RF;Détection RF large bande;2,45 GHz;2,45 GHz;;2795;2.2520628831924117;-46.08251532769647;-62.78251532769647;5.269245911595203e-10;0.1;5.269245911595204e-11;1.049215496902917e-09;;;;ORANGE;True
1785027408.7360299;3.2081401240000105;Simulation RF;Détection RF large bande;868 MHz;868 MHz;;2464;1.9859810589420377;-35.43924235768151;-68.43924235768151;1.432437771390236e-10;0.1;1.4324377713902359e-11;3.6021150737752824e-10;;;;ORANGE;True
1785027408.7361846;3.2081401240000105;Simulation RF;Détection RF large bande;2,45 GHz;2,45 GHz;;2834;2.2841386794776968;-47.365547179107864;-64.06554717910787;3.921437359932544e-10;0.1;3.921437359932544e-11;1.0884298705022423e-09;;;;ORANGE;True
1785027408.8362198;3.308236179000005;Simulation RF;Détection RF large bande;868 MHz;868 MHz;;2393;1.9282231352910086;-33.12892541164034;-66.12892541164034;2.438414088121795e-10;0.1;2.438414088121795e-11;3.845956482587462e-10;;;;ORANGE;True
1785027408.8365166;3.308236179000005;Simulation RF;Détection RF large bande;2,45 GHz;2,45 GHz;;2842;2.2901625161770305;-47.60650064708122;-64.30650064708122;3.7097952028227443e-10;0.1;3.709795202822745e-11;1.1255278225304697e-09;;;;ORANGE;True
1785027408.9363768;3.4083457680001175;Simulation RF;Détection RF large bande;868 MHz;868 MHz;;2452;1.9763691324753592;-35.05476529901436;-68.05476529901436;1.5650328942892844e-10;0.1;1.5650328942892845e-11;4.0024597720163906e-10;;;;ORANGE;True
1785027408.9367535;3.4083457680001175;Simulation RF;Détection RF large bande;2,45 GHz;2,45 GHz;;2811;2.265490653503704;-46.61962614014814;-63.31962614014814;4.656261749533067e-10;0.1;4.656261749533067e-11;1.1720904400258003e-09;;;;ORANGE;True
1785027409.036458;3.5084731040001316;Simulation RF;Détection RF large bande;868 MHz;868 MHz;;2495;2.0105195038563095;-36.42078015425237;-69.42078015425237;1.1426730498159571e-10;0.1;1.142673049815957e-11;4.1167270769979865e-10;;;;ORANGE;True
1785027409.036752;3.5084731040001316;Simulation RF;Détection RF large bande;2,45 GHz;2,45 GHz;;2818;2.270815946016338;-46.83263784065352;-63.532637840653514;4.4333928439217457e-10;0.1;4.4333928439217457e-11;1.2164243684650177e-09;;;;ORANGE;True
1785027409.13723;3.608613701999957;Simulation RF;Détection RF large bande;868 MHz;868 MHz;;2419;1.9491733318540232;-33.96693327416092;-66.96693327416092;2.0105120138633673e-10;0.1;2.0105120138633674e-11;4.3177782783843234e-10;;;;ORANGE;True
1785027409.1374676;3.608613701999957;Simulation RF;Détection RF large bande;2,45 GHz;2,45 GHz;;2771;2.2326997678056175;-45.307990712224694;-62.00799071222469;6.297974948062607e-10;0.1;6.297974948062607e-11;1.279404117945644e-09;;;;ORANGE;True
1785027409.2366083;3.7087076259999776;Simulation RF;Détection RF large bande;868 MHz;868 MHz;;2485;2.0028884641333398;-36.11553856533358;-69.11553856533358;1.225874873426888e-10;0.1;1.225874873426888e-11;4.440365765727012e-10;;;;ORANGE;True
1785027409.2367973;3.7087076259999776;Simulation RF;Détection RF large bande;2,45 GHz;2,45 GHz;;2858;2.3033257370909683;-48.13302948363874;-64.83302948363874;3.2862231568016267e-10;0.1;3.2862231568016266e-11;1.3122663495136601e-09;;;;ORANGE;True
1785027409.3367267;3.8087914980001187;Simulation RF;Détection RF large bande;868 MHz;868 MHz;;2392;1.927943474460399;-33.11773897841596;-66.11773897841596;2.4447029813843094e-10;0.1;2.4447029813843095e-11;4.684836063865443e-10;;;;ORANGE;True
1785027409.3368843;3.8087914980001187;Simulation RF;Détection RF large bande;2,45 GHz;2,45 GHz;;2866;2.309472268610018;-48.37889074440072;-65.07889074440072;3.105352642169111e-10;0.1;3.105352642169111e-11;1.3433198759353513e-09;;;;ORANGE;True
1785027409.4366994;3.908840989000055;Simulation RF;Détection RF large bande;868 MHz;868 MHz;;2488;2.0052372643489984;-36.209490573959926;-69.20949057395993;1.1996400122869093e-10;0.1;1.1996400122869093e-11;4.804800065094133e-10;;;;ORANGE;True
1785027409.4368412;3.908840989000055;Simulation RF;Détection RF large bande;2,45 GHz;2,45 GHz;;2778;2.238850990945363;-45.55403963781451;-62.254039637814515;5.951083394484776e-10;0.1;5.951083394484776e-11;1.402830709880199e-09;;;;ORANGE;True
1785027409.5368555;4.0089288220001436;Simulation RF;Détection RF large bande;868 MHz;868 MHz;;2403;1.9362798784454736;-33.45119513781894;-66.45119513781894;2.264021184390924e-10;0.1;2.264021184390924e-11;5.031202183533226e-10;;;;ORANGE;True
1785027409.5370126;4.0089288220001436;Simulation RF;Détection RF large bande;2,45 GHz;2,45 GHz;;2829;2.279876738665011;-47.19506954660045;-63.89506954660045;4.0784303064444407e-10;0.1;4.078430306444441e-11;1.4436150129446436e-09;;;;ORANGE;True
1785027409.6368551;4.109001714999977;Simulation RF;Détection RF large bande;868 MHz;868 MHz;;2449;1.9734525415794075;-34.9381016631763;-67.9381016631763;1.607643813759361e-10;0.1;1.607643813759361e-11;5.191966564909162e-10;;;;ORANGE;True
1785027409.6369817;4.109001714999977;Simulation RF;Détection RF large bande;2,45 GHz;2,45 GHz;;2823;2.274751835207233;-46.990073408289305;-63.6900734082893;4.275556591671126e-10;0.1;4.2755565916711264e-11;1.4863705788613549e-09;;;;ORANGE;True
1785027409.7370162;4.209087881999949;Simulation RF;Détection RF large bande;868 MHz;868 MHz;;2370;1.9102925092533856;-32.41170037013542;-65.41170037013542;2.8762720627174436e-10;0.1;2.8762720627174437e-11;5.479593771180907e-10;;;;ORANGE;True
1785027409.73717;4.209087881999949;Simulation RF;Détection RF large bande;2,45 GHz;2,45 GHz;;2788;2.24651696342497;-45.860678536998805;-62.5606785369988;5.545390656057275e-10;0.1;5.545390656057275e-11;1.5418244854219276e-09;;;;ORANGE;True
1785027409.8369849;4.309135762000096;Simulation RF;Détection RF large bande;868 MHz;868 MHz;;2508;2.0207166924874964;-36.82866769949986;-69.82866769949986;1.0402392347446801e-10;0.1;1.0402392347446801e-11;5.583617694655376e-10;;;;ORANGE;True
1785027409.8371139;4.309135762000096;Simulation RF;Détection RF large bande;2,45 GHz;2,45 GHz;;2802;2.2582151909232526;-46.3286076369301;-63.0286076369301;4.978966867861016e-10;0.1;4.978966867861016e-11;1.5916141541005377e-09;;;;ORANGE;True
1785027409.9371493;4.409219984999936;Simulation RF;Détection RF large bande;868 MHz;868 MHz;;2451;1.9751613971894013;-35.00645588757605;-68.00645588757605;1.5825389624416919e-10;0.1;1.582538962441692e-11;5.741871590899545e-10;;;;ORANGE;True
1785027409.937304;4.409219984999936;Simulation RF;Détection RF large bande;2,45 GHz;2,45 GHz;;2798;2.2547774196291583;-46.19109678516634;-62.89109678516634;5.139138492732141e-10;0.1;5.139138492732141e-11;1.6430055390278592e-09;;;;ORANGE;True
1785027410.0371795;4.509286854000038;Simulation RF;Détection RF large bande;868 MHz;868 MHz;;2381;1.9185062131505575;-32.7402485260223;-65.7402485260223;2.666706057283779e-10;0.1;2.6667060572837792e-11;6.008542196627923e-10;;;;ORANGE;True
1785027410.03732;4.509286854000038;Simulation RF;Détection RF large bande;2,45 GHz;2,45 GHz;;2848;2.2949069615188953;-47.796278460755815;-64.49627846075582;3.5511756483960525e-10;0.1;3.5511756483960527e-11;1.6785172955118196e-09;;;;ORANGE;True
1785027410.1373053;4.6093747049999365;Simulation RF;Détection RF large bande;868 MHz;868 MHz;;2374;1.9133853520093334;-32.53541408037333;-65.53541408037333;2.7954941770013296e-10;0.1;2.7954941770013298e-11;6.288091614328056e-10;;;;ORANGE;True
1785027410.1374612;4.6093747049999365;Simulation RF;Détection RF large bande;2,45 GHz;2,45 GHz;;2805;2.2604957414507907;-46.41982965803163;-63.119829658031634;4.875476126561177e-10;0.1;4.8754761265611774e-11;1.7272720567774314e-09;;;;ORANGE;True
1785027410.2373383;4.709451781000098;Simulation RF;Détection RF large bande;868 MHz;868 MHz;;2357;1.8995791128497748;-31.983164513990985;-64.98316451399099;3.1745600645856824e-10;0.1;3.1745600645856826e-11;6.605547620786623e-10;;;;ORANGE;True
1785027410.2374842;4.709451781000098;Simulation RF;Détection RF large bande;2,45 GHz;2,45 GHz;;2862;2.3061910533638375;-48.2476421345535;-64.9476421345535;3.200632320830429e-10;0.1;3.200632320830429e-11;1.7592783799857357e-09;;;;ORANGE;True
1785027410.3374724;4.8095408720000705;Simulation RF;Détection RF large bande;868 MHz;868 MHz;;2405;1.9379117245565443;-33.51646898226177;-66.51646898226177;2.2302477082651605e-10;0.1;2.2302477082651607e-11;6.82857239161314e-10;;;;ORANGE;True
1785027410.337627;4.8095408720000705;Simulation RF;Détection RF large bande;2,45 GHz;2,45 GHz;;2870;2.3127848419145782;-48.511393676583126;-65.21139367658313;3.012039287922873e-10;0.1;3.012039287922873e-11;1.7893987728649644e-09;;;;ORANGE;True
1785027410.4374292;4.909588214999985;Simulation RF;Détection RF large bande;868 MHz;868 MHz;;2387;1.923357612241211;-32.93430448964844;-65.93430448964844;2.5501724580181263e-10;0.1;2.5501724580181266e-11;7.083589637414952e-10;;;;ORANGE;True
1785027410.437559;4.909588214999985;Simulation RF;Détection RF large bande;2,45 GHz;2,45 GHz;;2798;2.2548167313596714;-46.19266925438686;-62.89266925438685;5.137278078974551e-10;0.1;5.137278078974551e-11;1.8407715536547099e-09;;;;ORANGE;True
1785027410.5376022;5.0096742509999785;Simulation RF;Détection RF large bande;868 MHz;868 MHz;;2447;1.972248528294755;-34.889941131790195;-67.8899411317902;1.625570790060787e-10;0.1;1.625570790060787e-11;7.246146716421031e-10;;;;ORANGE;True
1785027410.5377605;5.0096742509999785;Simulation RF;Détection RF large bande;2,45 GHz;2,45 GHz;;2721;2.1926968947217085;-43.707875788868336;-60.40787578886834;9.103584361688061e-10;0.1;9.103584361688062e-11;1.9318073972715904e-09;;;;ORANGE;True
1785027410.637562;5.109720815999935;Simulation RF;Détection RF large bande;868 MHz;868 MHz;;2439;1.965108256355946;-34.60433025423784;-67.60433025423784;1.7360689695160463e-10;0.1;1.7360689695160463e-11;7.419753613372636e-10;;;;ORANGE;True
1785027410.6376956;5.109720815999935;Simulation RF;Détection RF large bande;2,45 GHz;2,45 GHz;;2758;2.222681996725324;-44.90727986901297;-61.60727986901297;6.906722594351681e-10;0.1;6.906722594351681e-11;2.0008746232151074e-09;;;;ORANGE;True
1785027410.7377372;5.209806297000114;Simulation RF;Détection RF large bande;868 MHz;868 MHz;;2368;1.90833890199396;-32.333556079758395;-65.3335560797584;2.928494360465307e-10;0.1;2.928494360465307e-11;7.712603049419166e-10;;;;ORANGE;True
1785027410.7378972;5.209806297000114;Simulation RF;Détection RF large bande;2,45 GHz;2,45 GHz;;2813;2.2669541608586328;-46.6781664343453;-63.378166434345296;4.593919244573168e-10;0.1;4.593919244573168e-11;2.046813815660839e-09;;;;ORANGE;True
1785027410.8377037;5.3098538799999915;Simulation RF;Détection RF large bande;868 MHz;868 MHz;;2375;1.9137811546505064;-32.55124618602025;-65.55124618602025;2.785321819961215e-10;0.1;2.7853218199612152e-11;7.991135231415288e-10;;;;ORANGE;True
1785027410.8378382;5.3098538799999915;Simulation RF;Détection RF large bande;2,45 GHz;2,45 GHz;;2823;2.2745534791120408;-46.98213916448162;-63.682139164481626;4.283374861626799e-10;0.1;4.2833748616267994e-11;2.0896475642771073e-09;;;;ORANGE;True
1785027410.9378703;5.409939249999979;Simulation RF;Détection RF large bande;868 MHz;868 MHz;;2378;1.9167291913736109;-32.66916765494443;-65.66916765494443;2.710711102176742e-10;0.1;2.710711102176742e-11;8.262206341632962e-10;;;;ORANGE;True
1785027410.9380708;5.409939249999979;Simulation RF;Détection RF large bande;2,45 GHz;2,45 GHz;;2814;2.2680824836216567;-46.72329934486626;-63.423299344866265;4.546425359702331e-10;0.1;4.546425359702331e-11;2.135111817874131e-09;;;;ORANGE;True
1785027411.037884;5.510007137000002;Simulation RF;Détection RF large bande;868 MHz;868 MHz;;2482;2.000540244334633;-36.02160977338532;-69.02160977338532;1.2526767666709025e-10;0.1;1.2526767666709025e-11;8.387474018300052e-10;;;;ORANGE;True
1785027411.0380256;5.510007137000002;Simulation RF;Détection RF large bande;2,45 GHz;2,45 GHz;;2759;2.2232629736050957;-44.930518944203826;-61.63051894420383;6.869863462050876e-10;0.1;6.869863462050875e-11;2.2038104524946396e-09;;;;ORANGE;True
1785027411.1380258;5.610093358000086;Simulation RF;Détection RF large bande;868 MHz;868 MHz;;2410;1.9423303298563543;-33.69321319425417;-66.69321319425417;2.141305737047036e-10;0.1;2.141305737047036e-11;8.601604592004756e-10;;;;ORANGE;True
1785027411.1381793;5.610093358000086;Simulation RF;Détection RF large bande;2,45 GHz;2,45 GHz;;2847;2.294471390202879;-47.778855608115165;-64.47885560811517;3.5654507280397057e-10;0.1;3.565450728039706e-11;2.239464959775037e-09;;;;ORANGE;True
1785027411.237981;5.71014108899999;Simulation RF;Détection RF large bande;868 MHz;868 MHz;;2287;1.8426592146030591;-29.70636858412236;-62.70636858412236;5.362448589664844e-10;0.1;5.3624485896648445e-11;9.137849450971241e-10;;;;ORANGE;True
1785027411.2381108;5.71014108899999;Simulation RF;Détection RF large bande;2,45 GHz;2,45 GHz;;2778;2.238775407712486;-45.55101630849944;-62.251016308499445;5.955227667473964e-10;0.1;5.955227667473965e-11;2.2990172364497767e-09;;;;ORANGE;True
1785027411.3381567;5.8102291980001155;Simulation RF;Détection RF large bande;868 MHz;868 MHz;;2343;1.8884681090696542;-31.53872436278617;-64.53872436278617;3.5166371825084944e-10;0.1;3.516637182508495e-11;9.48951316922209e-10;;;;ORANGE;True
1785027411.3383121;5.8102291980001155;Simulation RF;Détection RF large bande;2,45 GHz;2,45 GHz;;2769;2.2311487347060055;-45.24594938824022;-61.945949388240216;6.388590644747498e-10;0.1;6.388590644747499e-11;2.3629031428972515e-09;;;;ORANGE;True
1785027411.4381187;5.910277911000094;Simulation RF;Détection RF large bande;868 MHz;868 MHz;;2469;1.9899992005819112;-35.599968023276446;-68.59996802327645;1.3803944282891306e-10;0.1;1.3803944282891306e-11;9.627552612051003e-10;;;;ORANGE;True
1785027411.438247;5.910277911000094;Simulation RF;Détection RF large bande;2,45 GHz;2,45 GHz;;2817;2.270263772176139;-46.81055088704555;-63.51055088704555;4.455997220785874e-10;0.1;4.455997220785874e-11;2.40746311510511e-09;;;;ORANGE;True
1785027411.5383005;6.01036583500013;Simulation RF;Détection RF large bande;868 MHz;868 MHz;;2350;1.8938504580629951;-31.754018322519798;-64.7540183225198;3.346556547325739e-10;0.1;3.346556547325739e-11;9.962208266783577e-10;;;;ORANGE;True
1785027411.538462;6.01036583500013;Simulation RF;Détection RF large bande;2,45 GHz;2,45 GHz;;2766;2.2292832573423773;-45.17133029369509;-61.87133029369509;6.499305786760474e-10;0.1;6.499305786760475e-11;2.4724561729727147e-09;;;;ORANGE;True
1785027411.6382794;6.1104363930001;Simulation RF;Détection RF large bande;868 MHz;868 MHz;;2322;1.8709476126445554;-30.837904505782213;-63.83790450578221;4.132468477187583e-10;0.1;4.1324684771875836e-11;1.0375455114502336e-09;;;;ORANGE;True
1785027411.6384072;6.1104363930001;Simulation RF;Détection RF large bande;2,45 GHz;2,45 GHz;;2800;2.2568095748967263;-46.27238299586905;-62.972382995869054;5.043844633047828e-10;0.1;5.043844633047828e-11;2.522894619303193e-09;;;;ORANGE;True
1785027411.7384508;6.210522467000146;Simulation RF;Détection RF large bande;868 MHz;868 MHz;;2421;1.951243069039533;-34.04972276158132;-67.04972276158132;1.9725486527077137e-10;0.1;1.9725486527077138e-11;1.0572709979773107e-09;;;;ORANGE;True
1785027411.7386055;6.210522467000146;Simulation RF;Détection RF large bande;2,45 GHz;2,45 GHz;;2793;2.2506160317501656;-46.024641270006626;-62.72464127000662;5.339933799440196e-10;0.1;5.339933799440196e-11;2.576293957297595e-09;;;;ORANGE;True
1785027411.8384373;6.310573622999982;Simulation RF;Détection RF large bande;868 MHz;868 MHz;;2389;1.9249236297385897;-32.99694518954358;-65.99694518954358;2.5136539041777064e-10;0.1;2.5136539041777066e-11;1.0824075370190878e-09;;;;ORANGE;True
1785027411.838574;6.310573622999982;Simulation RF;Détection RF large bande;2,45 GHz;2,45 GHz;;2790;2.2484296335509146;-45.937185342036585;-62.63718534203658;5.448556588173265e-10;0.1;5.448556588173266e-11;2.6307795231793276e-09;;;;ORANGE;True
1785027411.9385884;6.410660972999949;Simulation RF;Détection RF large bande;868 MHz;868 MHz;;2351;1.8942895889970939;-31.77158355988375;-64.77158355988375;3.333048582735559e-10;0.1;3.333048582735559e-11;1.1157380228464435e-09;;;;ORANGE;True
1785027411.9387448;6.410660972999949;Simulation RF;Détection RF large bande;2,45 GHz;2,45 GHz;;2730;2.1997788262199003;-43.99115304879601;-60.691153048796004;8.528736466019206e-10;0.1;8.528736466019207e-11;2.7160668878395197e-09;;;;ORANGE;True
1785027412.038607;6.51072987800012;Simulation RF;Détection RF large bande;868 MHz;868 MHz;;2390;1.925771730532011;-33.03086922128044;-66.03086922128044;2.494095494755067e-10;0.1;2.494095494755067e-11;1.1406789777939941e-09;;;;ORANGE;True
1785027412.0387905;6.51072987800012;Simulation RF;Détection RF large bande;2,45 GHz;2,45 GHz;;2808;2.2629884757374312;-46.51953902949725;-63.219539029497255;4.764815590085176e-10;0.1;4.764815590085176e-11;2.7637150437403716e-09;;;;ORANGE;True
1785027412.138744;6.61081715399996;Simulation RF;Détection RF large bande;868 MHz;868 MHz;;2401;1.9348708165129946;-33.39483266051978;-66.39483266051978;2.2935950040322296e-10;0.1;2.2935950040322297e-11;1.1636149278343164e-09;;;;ORANGE;True
1785027412.1389003;6.61081715399996;Simulation RF;Détection RF large bande;2,45 GHz;2,45 GHz;;2806;2.2616389094139215;-46.46555637655686;-63.16555637655686;4.824411703515968e-10;0.1;4.8244117035159685e-11;2.8119591607755313e-09;;;;ORANGE;True
1785027412.2387075;6.710863200999938;Simulation RF;Détection RF large bande;868 MHz;868 MHz;;2407;1.9394382159024603;-33.57752863609841;-66.5775286360984;2.1991109265132675e-10;0.1;2.1991109265132677e-11;1.1856060370994491e-09;;;;ORANGE;True
1785027412.2388582;6.710863200999938;Simulation RF;Détection RF large bande;2,45 GHz;2,45 GHz;;2826;2.2776743099641097;-47.10697239856438;-63.806972398564376;4.1620065575907417e-10;0.1;4.162006557590742e-11;2.8535792263514387e-09;;;;ORANGE;True
1785027412.3388786;6.810950199999979;Simulation RF;Détection RF large bande;868 MHz;868 MHz;;2427;1.9560596285199083;-34.24238514079633;-67.24238514079633;1.8869547508782762e-10;0.1;1.8869547508782764e-11;1.204475584608232e-09;;;;ORANGE;True
1785027412.3390362;6.810950199999979;Simulation RF;Détection RF large bande;2,45 GHz;2,45 GHz;;2798;2.254565328165176;-46.18261312660704;-62.88261312660703;5.149187275164762e-10;0.1;5.149187275164762e-11;2.9050710991030865e-09;;;;ORANGE;True
1785027412.4388514;6.911003337000011;Simulation RF;Détection RF large bande;868 MHz;868 MHz;;2299;1.8525357705610555;-30.10143082244221;-63.10143082244221;4.896174838857006e-10;0.1;4.896174838857006e-11;1.253437332996802e-09;;;;ORANGE;True
1785027412.4389842;6.911003337000011;Simulation RF;Détection RF large bande;2,45 GHz;2,45 GHz;;2790;2.248479508842786;-45.939180353711436;-62.63918035371143;5.446054268160605e-10;0.1;5.4460542681606054e-11;2.9595316417846925e-09;;;;ORANGE;True
1785027412.53902;7.0110907060000045;Simulation RF;Détection RF large bande;868 MHz;868 MHz;;2425;1.9544517244802593;-34.178068979210366;-67.17806897921037;1.9151072574812912e-10;0.1;1.9151072574812914e-11;1.272588405571615e-09;;;;ORANGE;True
1785027412.539181;7.0110907060000045;Simulation RF;Détection RF large bande;2,45 GHz;2,45 GHz;;2740;2.207901933043939;-44.31607732175756;-61.01607732175756;7.913931153168612e-10;0.1;7.913931153168613e-11;3.0386709533163785e-09;;;;ORANGE;True
1785027412.6389802;7.111137641000141;Simulation RF;Détection RF large bande;868 MHz;868 MHz;;2405;1.9377131426710883;-33.50852570684353;-66.50852570684353;2.2343305790537611e-10;0.1;2.2343305790537612e-11;1.2949317113621526e-09;;;;ORANGE;True
1785027412.6391091;7.111137641000141;Simulation RF;Détection RF large bande;2,45 GHz;2,45 GHz;;2787;2.2462590956725155;-45.85036382690062;-62.550363826900615;5.558576887645089e-10;0.1;5.5585768876450894e-11;3.0942567221928292e-09;;;;ORANGE;True
1785027412.739152;7.211222678000013;Simulation RF;Détection RF large bande;868 MHz;868 MHz;;2348;1.8925315798759765;-31.70126319503906;-64.70126319503906;3.3874561378309185e-10;0.1;3.3874561378309183e-11;1.3288062727404618e-09;;;;ORANGE;True
1785027412.7393496;7.211222678000013;Simulation RF;Détection RF large bande;2,45 GHz;2,45 GHz;;2796;2.253233754479128;-46.129350179165115;-62.82935017916511;5.212727016243534e-10;0.1;5.2127270162435343e-11;3.1463839923552647e-09;;;;ORANGE;True
1785027412.8391201;7.311270186999991;Simulation RF;Détection RF large bande;868 MHz;868 MHz;;2394;1.92923788092601;-33.1695152370404;-66.1695152370404;2.415730465154968e-10;0.1;2.4157304651549684e-11;1.3529635773920115e-09;;;;ORANGE;True
1785027412.8392544;7.311270186999991;Simulation RF;Détection RF large bande;2,45 GHz;2,45 GHz;;2793;2.250772141399066;-46.030885655962635;-62.73088565596264;5.332261436867166e-10;0.1;5.332261436867166e-11;3.199706606723936e-09;;;;ORANGE;True
1785027412.9393077;7.411356315000148;Simulation RF;Détection RF large bande;868 MHz;868 MHz;;2409;1.9416226310953015;-33.66490524381206;-66.66490524381206;2.1553086684798508e-10;0.1;2.155308668479851e-11;1.37451666407681e-09;;;;ORANGE;True
1785027412.9394639;7.411356315000148;Simulation RF;Détection RF large bande;2,45 GHz;2,45 GHz;;2791;2.249128943244166;-45.965157729766645;-62.66515772976664;5.413575861646814e-10;0.1;5.4135758616468146e-11;3.2538423653404044e-09;;;;ORANGE;True
1785027413.039314;7.511423628000102;Simulation RF;Détection RF large bande;868 MHz;868 MHz;;2339;1.8846134150535356;-31.384536602141424;-64.38453660214142;3.6437312708073764e-10;0.1;3.643731270807377e-11;1.4109539767848837e-09;;;;ORANGE;True
1785027413.039454;7.511423628000102;Simulation RF;Détection RF large bande;2,45 GHz;2,45 GHz;;2769;2.231622482801464;-45.264899312058546;-61.96489931205855;6.360775516506622e-10;0.1;6.360775516506622e-11;3.3174501205054707e-09;;;;ORANGE;True
1785027413.1394324;7.611511646000054;Simulation RF;Détection RF large bande;868 MHz;868 MHz;;2404;1.9371922083273085;-33.487688333092336;-66.48768833309234;2.2450766173716627e-10;0.1;2.2450766173716627e-11;1.4334047429586003e-09;;;;ORANGE;True
1785027413.1396239;7.611511646000054;Simulation RF;Détection RF large bande;2,45 GHz;2,45 GHz;;2779;2.2396471601061543;-45.58588640424617;-62.28588640424617;5.907603778233544e-10;0.1;5.907603778233544e-11;3.376526158287806e-09;;;;ORANGE;True
1785027413.2394025;7.711565413000017;Simulation RF;Détection RF large bande;868 MHz;868 MHz;;2351;1.8947441517087087;-31.789766068348342;-64.78976606834834;3.319123354472074e-10;0.1;3.319123354472074e-11;1.466595976503321e-09;;;;ORANGE;True
1785027413.2395346;7.711565413000017;Simulation RF;Détection RF large bande;2,45 GHz;2,45 GHz;;2778;2.2384941843101207;-45.539767372404825;-62.23976737240482;5.970672673269753e-10;0.1;5.970672673269753e-11;3.4362328850205035e-09;;;;ORANGE;True
1785027413.3395817;7.811651579999989;Simulation RF;Détection RF large bande;868 MHz;868 MHz;;2379;1.9173621502732043;-32.69448601092817;-65.69448601092817;2.694954262277683e-10;0.1;2.694954262277683e-11;1.4935455191260977e-09;;;;ORANGE;True
1785027413.3397424;7.811651579999989;Simulation RF;Détection RF large bande;2,45 GHz;2,45 GHz;;2740;2.2083862631927875;-44.3354505277115;-61.0354505277115;7.878706952083059e-10;0.1;7.878706952083059e-11;3.515019954541334e-09;;;;ORANGE;True
1785027413.439551;7.911710012999947;Simulation RF;Détection RF large bande;868 MHz;868 MHz;;2390;1.92607083306177;-33.0428333224708;-66.0428333224708;2.4872341257491485e-10;0.1;2.4872341257491487e-11;1.5184178603835893e-09;;;;ORANGE;True
1785027413.4396825;7.911710012999947;Simulation RF;Détection RF large bande;2,45 GHz;2,45 GHz;;2756;2.221008420583329;-44.840336823333146;-61.54033682333314;7.014008981547691e-10;0.1;7.014008981547691e-11;3.585160044356811e-09;;;;ORANGE;True
1785027413.539733;8.01179445799994;Simulation RF;Détection RF large bande;868 MHz;868 MHz;;2448;1.9730921931781233;-34.92368772712493;-67.92368772712493;1.6129883374863228e-10;0.1;1.612988337486323e-11;1.5345477437584526e-09;;;;ORANGE;True
1785027413.539894;8.01179445799994;Simulation RF;Détection RF large bande;2,45 GHz;2,45 GHz;;2815;2.2684258923416603;-46.737035693666414;-63.43703569366641;4.5320681373004187e-10;0.1;4.532068137300419e-11;3.630480725729815e-09;;;;ORANGE;True
1785027413.639701;8.111850614000105;Simulation RF;Détection RF large bande;868 MHz;868 MHz;;2427;1.9562209094839635;-34.248836379358536;-67.24883637935854;1.8841538499034954e-10;0.1;1.8841538499034954e-11;1.5533892822574876e-09;;;;ORANGE;True
1785027413.6398363;8.111850614000105;Simulation RF;Détection RF large bande;2,45 GHz;2,45 GHz;;2786;2.2448684032694355;-45.79473613077742;-62.49473613077742;5.630233246015599e-10;0.1;5.6302332460156e-11;3.686783058189971e-09;;;;ORANGE;True
1785027413.739867;8.211937058000103;Simulation RF;Détection RF large bande;868 MHz;868 MHz;;2347;1.8911368396002137;-31.645473584008542;-64.64547358400854;3.431252210668532e-10;0.1;3.431252210668532e-11;1.587701804364173e-09;;;;ORANGE;True
1785027413.7400258;8.211937058000103;Simulation RF;Détection RF large bande;2,45 GHz;2,45 GHz;;2819;2.271609579002153;-46.86438316008612;-63.56438316008612;4.401104534461352e-10;0.1;4.4011045344613525e-11;3.730794103534585e-09;;;;ORANGE;True
1785027413.8399038;8.31201889199997;Simulation RF;Détection RF large bande;868 MHz;868 MHz;;2311;1.862014888055338;-30.48059552221352;-63.48059552221352;4.4868386036332996e-10;0.1;4.4868386036333e-11;1.632570190400506e-09;;;;ORANGE;True
1785027413.840052;8.31201889199997;Simulation RF;Détection RF large bande;2,45 GHz;2,45 GHz;;2687;2.1652147939877673;-42.60859175951069;-59.30859175951068;1.1725755224936369e-09;0.1;1.172575522493637e-10;3.848051655783949e-09;;;;ORANGE;True
1785027413.9400387;8.412107742999979;Simulation RF;Détection RF large bande;868 MHz;868 MHz;;2422;1.9518691473528484;-34.07476589411394;-67.07476589411394;1.9612068912338331e-10;0.1;1.9612068912338332e-11;1.6521822593128444e-09;;;;ORANGE;True
1785027413.9401958;8.412107742999979;Simulation RF;Détection RF large bande;2,45 GHz;2,45 GHz;;2769;2.2313806850288667;-45.25522740115467;-61.95522740115467;6.374957002161861e-10;0.1;6.374957002161862e-11;3.911801225805567e-09;;;;ORANGE;True
1785027414.040052;8.512176094000097;Simulation RF;Détection RF large bande;868 MHz;868 MHz;;2406;1.9392566089007184;-33.57026435602873;-66.57026435602873;2.2027923745048135e-10;0.1;2.2027923745048137e-11;1.6742101830578925e-09;;;;ORANGE;True
1785027414.0401962;8.512176094000097;Simulation RF;Détection RF large bande;2,45 GHz;2,45 GHz;;2779;2.2397447644662414;-45.589790578649655;-62.28979057864965;5.902295409726289e-10;0.1;5.902295409726289e-11;3.97082417990283e-09;;;;ORANGE;True
1785027414.140196;8.612266020000106;Simulation RF;Détection RF large bande;868 MHz;868 MHz;;2412;1.943373187591169;-33.73492750364676;-66.73492750364676;2.1208367957158727e-10;0.1;2.1208367957158728e-11;1.6954185510150512e-09;;;;ORANGE;True
1785027414.1403527;8.612266020000106;Simulation RF;Détection RF large bande;2,45 GHz;2,45 GHz;;2745;2.211875981286022;-44.47503925144086;-61.175039251440865;7.629499956048968e-10;0.1;7.629499956048969e-11;4.0471191794633195e-09;;;;ORANGE;True
1785027414.240249;8.712356519999958;Simulation RF;Détection RF large bande;868 MHz;868 MHz;;2436;1.963156470230586;-34.526258809223435;-67.52625880922344;1.7675598135516808e-10;0.1;1.7675598135516808e-11;1.713094149150568e-09;;;;ORANGE;True
1785027414.2403846;8.712356519999958;Simulation RF;Détection RF large bande;2,45 GHz;2,45 GHz;;2721;2.1925958699351003;-43.703834797404014;-60.403834797404016;9.112058940212126e-10;0.1;9.112058940212127e-11;4.138239768865441e-09;;;;ORANGE;True
1785027414.3406734;8.812519706000103;Simulation RF;Détection RF large bande;868 MHz;868 MHz;;2322;1.8713626228238243;-30.85450491295297;-63.85450491295297;4.1167027421808004e-10;0.1;4.1167027421808004e-11;1.7542611765723761e-09;;;;ORANGE;True
1785027414.3411388;8.812519706000103;Simulation RF;Détection RF large bande;2,45 GHz;2,45 GHz;;2750;2.21598378118772;-44.6393512475088;-61.3393512475088;7.346235986083881e-10;0.1;7.346235986083882e-11;4.21170212872628e-09;;;;ORANGE;True
1785027414.4407;8.912719381999977;Simulation RF;Détection RF large bande;868 MHz;868 MHz;;2297;1.8512572416543633;-30.05028966617453;-63.05028966617453;4.954171463196697e-10;0.1;4.9541714631966975e-11;1.803802891204343e-09;;;;ORANGE;True
1785027414.4410107;8.912719381999977;Simulation RF;Détection RF large bande;2,45 GHz;2,45 GHz;;2773;2.2347828164650805;-45.39131265860321;-62.09131265860321;6.178296324056774e-10;0.1;6.178296324056774e-11;4.2734850919668475e-09;;;;ORANGE;True
1785027414.5413249;9.012907765000136;Simulation RF;Détection RF large bande;868 MHz;868 MHz;;2334;1.8806286924641495;-31.225147698565976;-64.22514769856598;3.7799428193176394e-10;0.1;3.7799428193176394e-11;1.8416023193975194e-09;;;;ORANGE;True
1785027414.5418255;9.012907765000136;Simulation RF;Détection RF large bande;2,45 GHz;2,45 GHz;;2765;2.228014347479952;-45.12057389919808;-61.820573899198074;6.575709367880477e-10;0.1;6.575709367880478e-11;4.339242185645652e-09;;;;ORANGE;True
1785027414.641029;9.11307454200005;Simulation RF;Détection RF large bande;868 MHz;868 MHz;;2337;1.8831607688845111;-31.326430755380443;-64.32643075538044;3.692809670648839e-10;0.1;3.692809670648839e-11;1.8785304161040078e-09;;;;ORANGE;True
1785027414.6413152;9.11307454200005;Simulation RF;Détection RF large bande;2,45 GHz;2,45 GHz;;2760;2.2244122696540374;-44.97649078616149;-61.67649078616149;6.797526688354947e-10;0.1;6.797526688354947e-11;4.4072174525292015e-09;;;;ORANGE;True
1785027414.7416444;9.213236598000094;Simulation RF;Détection RF large bande;868 MHz;868 MHz;;2383;1.920725312282138;-32.82901249128551;-65.82901249128551;2.6127553811485253e-10;0.1;2.6127553811485255e-11;1.904657969915493e-09;;;;ORANGE;True
1785027414.7421598;9.213236598000094;Simulation RF;Détection RF large bande;2,45 GHz;2,45 GHz;;2811;2.2655437342747087;-46.62174937098834;-63.32174937098834;4.6539858969304024e-10;0.1;4.653985896930403e-11;4.4537573114985055e-09;;;;ORANGE;True
1785027414.842768;9.313381418000063;Simulation RF;Détection RF large bande;868 MHz;868 MHz;;2327;1.8750822315699247;-31.003289262796983;-64.00328926279698;3.9780576600015985e-10;0.1;3.978057660001599e-11;1.944438546515509e-09;;;;ORANGE;True
1785027414.8836422;9.313381418000063;Simulation RF;Détection RF large bande;2,45 GHz;2,45 GHz;;2686;2.164568666982742;-42.58274667930968;-59.28274667930968;1.179574382259994e-09;0.1;1.1795743822599942e-10;4.571714749724505e-09;;;;ORANGE;True
1785027414.941814;9.413520258000062;Simulation RF;Détection RF large bande;868 MHz;868 MHz;;2338;1.884104562166823;-31.364182486672917;-64.36418248667292;3.660848456642252e-10;0.1;3.6608484566422523e-11;1.9810470310819317e-09;;;;ORANGE;True
1785027414.9422257;9.413520258000062;Simulation RF;Détection RF large bande;2,45 GHz;2,45 GHz;;2788;2.2464909117494187;-45.85963646997675;-62.559636469976745;5.546721403350675e-10;0.1;5.546721403350676e-11;4.627181963758011e-09;;;;ORANGE;True
1785027415.0613897;9.513728203000028;Simulation RF;Détection RF large bande;868 MHz;868 MHz;;2305;1.8571360462469029;-30.285441849876108;-63.28544184987611;4.693056848715495e-10;0.1;4.693056848715495e-11;2.027977599569087e-09;;;;ORANGE;True
1785027415.0617292;9.513728203000028;Simulation RF;Détection RF large bande;2,45 GHz;2,45 GHz;;2729;2.1990492229199186;-43.961968916796735;-60.66196891679674;8.586241675324979e-10;0.1;8.58624167532498e-11;4.713044380511261e-09;;;;ORANGE;True
1785027415.1418762;9.613839089000066;Simulation RF;Détection RF large bande;868 MHz;868 MHz;;2375;1.9135204199908307;-32.54081679963322;-65.54081679963322;2.7920186827564134e-10;0.1;2.7920186827564136e-11;2.055897786396651e-09;;;;ORANGE;True
1785027415.1421835;9.613839089000066;Simulation RF;Détection RF large bande;2,45 GHz;2,45 GHz;;2743;2.2106941344207716;-44.42776537683086;-61.127765376830865;7.713002325729231e-10;0.1;7.713002325729231e-11;4.790174403768553e-09;;;;ORANGE;True
1785027415.2419524;9.713935903999982;Simulation RF;Détection RF large bande;868 MHz;868 MHz;;2398;1.9326632763029228;-33.30653105211691;-66.30653105211691;2.3407061423547465e-10;0.1;2.3407061423547467e-11;2.0793048478201983e-09;;;;ORANGE;True
1785027415.2423167;9.713935903999982;Simulation RF;Détection RF large bande;2,45 GHz;2,45 GHz;;2729;2.1993865425264025;-43.97546170105609;-60.67546170105609;8.559607091889807e-10;0.1;8.559607091889808e-11;4.875770474687452e-09;;;;ORANGE;True
1785027415.3419971;9.814043458000015;Simulation RF;Détection RF large bande;868 MHz;868 MHz;;2390;1.9262132926006075;-33.0485317040243;-66.0485317040243;2.48397276384443e-10;0.1;2.48397276384443e-11;2.1041445754586426e-09;;;;ORANGE;True
1785027415.3421602;9.814043458000015;Simulation RF;Détection RF large bande;2,45 GHz;2,45 GHz;;2801;2.257569940381615;-46.302797615264595;-63.00279761526459;5.008644854454436e-10;0.1;5.008644854454436e-11;4.925856923231996e-09;;;;ORANGE;True
1785027415.4419644;9.914106726;Simulation RF;Détection RF large bande;868 MHz;868 MHz;;2442;1.9680797333238063;-34.723189332952245;-67.72318933295224;1.6891999764757746e-10;0.1;1.6891999764757747e-11;2.1210365752234005e-09;;;;ORANGE;True
1785027415.4421039;9.914106726;Simulation RF;Détection RF large bande;2,45 GHz;2,45 GHz;;2809;2.2637143072076156;-46.54857228830461;-63.24857228830461;4.733068295853709e-10;0.1;4.7330682958537093e-11;4.973187606190533e-09;;;;ORANGE;True
1785027415.54212;10.014190655999982;Simulation RF;Détection RF large bande;868 MHz;868 MHz;;2379;1.9171513725036893;-32.68605490014757;-65.68605490014757;2.7001911529455044e-10;0.1;2.7001911529455044e-11;2.1480384867528554e-09;;;;ORANGE;True
1785027415.5422733;10.014190655999982;Simulation RF;Détection RF large bande;2,45 GHz;2,45 GHz;;2696;2.1723558941652654;-42.894235766610606;-59.59423576661061;1.0979344781681151e-09;0.1;1.0979344781681151e-10;5.082981054007345e-09;;;;ORANGE;True
1785027415.642083;10.114242297000146;Simulation RF;Détection RF large bande;868 MHz;868 MHz;;2405;1.9381427495423873;-33.525709981695485;-66.52570998169548;2.225507190635117e-10;0.1;2.225507190635117e-11;2.1702935586592065e-09;;;;ORANGE;True
1785027415.6422138;10.114242297000146;Simulation RF;Détection RF large bande;2,45 GHz;2,45 GHz;;2764;2.2271129266337044;-45.084517065348166;-61.78451706534817;6.630530749493182e-10;0.1;6.630530749493182e-11;5.149286361502276e-09;;;;ORANGE;True
1785027415.7509706;10.214406614000154;Simulation RF;Détection RF large bande;868 MHz;868 MHz;;2349;1.8931910916069974;-31.727643664279896;-64.7276436642799;3.366941987693287e-10;0.1;3.366941987693287e-11;2.2039629785361392e-09;;;;ORANGE;True
1785027415.754047;10.214406614000154;Simulation RF;Détection RF large bande;2,45 GHz;2,45 GHz;;2792;2.249806839414668;-45.99227357658671;-62.69227357658671;5.379880664580888e-10;0.1;5.379880664580889e-11;5.203085168148085e-09;;;;ORANGE;True
1785027415.8423946;10.314497208000148;Simulation RF;Détection RF large bande;868 MHz;868 MHz;;2315;1.8652536171295535;-30.610144685182135;-63.610144685182135;4.354973648516369e-10;0.1;4.354973648516369e-11;2.247512715021303e-09;;;;ORANGE;True
1785027415.8425508;10.314497208000148;Simulation RF;Détection RF large bande;2,45 GHz;2,45 GHz;;2742;2.2097602258005415;-44.39040903202165;-61.090409032021654;7.779632765934035e-10;0.1;7.779632765934035e-11;5.280881495807425e-09;;;;ORANGE;True
1785027415.942386;10.414547072999994;Simulation RF;Détection RF large bande;868 MHz;868 MHz;;2337;1.883058325374361;-31.322333014974433;-64.32233301497443;3.696295627109047e-10;0.1;3.6962956271090475e-11;2.2844756712923935e-09;;;;ORANGE;True
1785027415.9425163;10.414547072999994;Simulation RF;Détection RF large bande;2,45 GHz;2,45 GHz;;2719;2.190975017498397;-43.63900069993588;-60.33900069993587;9.249109690120756e-10;0.1;9.249109690120756e-11;5.373372592708632e-09;;;;ORANGE;True
1785027416.0425785;10.514630089000093;Simulation RF;Détection RF large bande;868 MHz;868 MHz;;2389;1.9250940733839776;-33.003762935359106;-66.0037629353591;2.5097109554246037e-10;0.1;2.5097109554246037e-11;2.3095727808466395e-09;;;;ORANGE;True
1785027416.042739;10.514630089000093;Simulation RF;Détection RF large bande;2,45 GHz;2,45 GHz;;2770;2.2322303841804554;-45.28921536721822;-61.98921536721822;6.325261185194535e-10;0.1;6.325261185194536e-11;5.436625204560577e-09;;;;ORANGE;True
1785027416.1425552;10.614702543000021;Simulation RF;Détection RF large bande;868 MHz;868 MHz;;2368;1.9086625324382904;-32.34650129753162;-65.34650129753162;2.91977825771241e-10;0.1;2.91977825771241e-11;2.3387705634237636e-09;;;;ORANGE;True
1785027416.1426926;10.614702543000021;Simulation RF;Détection RF large bande;2,45 GHz;2,45 GHz;;2709;2.183375690648569;-43.33502762594274;-60.03502762594274;9.919670292092146e-10;0.1;9.919670292092146e-11;5.535821907481499e-09;;;;ORANGE;True
1785027416.2426844;10.71478388300011;Simulation RF;Détection RF large bande;868 MHz;868 MHz;;2385;1.922193805533965;-32.887752221358596;-65.8877522213586;2.577654929084506e-10;0.1;2.5776549290845058e-11;2.3645471127146085e-09;;;;ORANGE;True
1785027416.2428334;10.71478388300011;Simulation RF;Détection RF large bande;2,45 GHz;2,45 GHz;;2739;2.2075884323482327;-44.303537293929296;-61.00353729392929;7.936815241162555e-10;0.1;7.936815241162556e-11;5.615190059893124e-09;;;;ORANGE;True
1785027416.3440747;10.814874682999971;Simulation RF;Détection RF large bande;868 MHz;868 MHz;;2316;1.866426813683903;-30.657072547356115;-63.657072547356115;4.3081691377519783e-10;0.1;4.3081691377519786e-11;2.407628804092128e-09;;;;ORANGE;True
1785027416.3442624;10.814874682999971;Simulation RF;Détection RF large bande;2,45 GHz;2,45 GHz;;2721;2.1925173448355073;-43.700693793420285;-60.40069379342029;9.118651555843275e-10;0.1;9.118651555843275e-11;5.706376575451557e-09;;;;ORANGE;True
1785027416.4428792;10.914962095999954;Simulation RF;Détection RF large bande;868 MHz;868 MHz;;2371;1.9106420869999685;-32.42568347999874;-65.42568347999874;2.8670261358571225e-10;0.1;2.8670261358571226e-11;2.4362990654506995e-09;;;;ORANGE;True
1785027416.4430385;10.914962095999954;Simulation RF;Détection RF large bande;2,45 GHz;2,45 GHz;;2726;2.1968736679212872;-43.87494671685148;-60.574946716851485;8.760024651523842e-10;0.1;8.760024651523843e-11;5.793976821966795e-09;;;;ORANGE;True
1785027416.5429647;11.015048213;Simulation RF;Détection RF large bande;868 MHz;868 MHz;;2335;1.8815994876312498;-31.263979505249992;-64.26397950524999;3.746295662507478e-10;0.1;3.7462956625074785e-11;2.4737620220757744e-09;;;;ORANGE;True
1785027416.5431383;11.015048213;Simulation RF;Détection RF large bande;2,45 GHz;2,45 GHz;;2706;2.180555855078921;-43.22223420315683;-59.922234203156826;1.0180675142958437e-09;0.1;1.0180675142958437e-10;5.895783573396379e-09;;;;ORANGE;True
1785027416.6430762;11.115137569000126;Simulation RF;Détection RF large bande;868 MHz;868 MHz;;2322;1.8711837149804598;-30.847348599218385;-63.847348599218385;4.123491845752154e-10;0.1;4.1234918457521544e-11;2.514996940533296e-09;;;;ORANGE;True
1785027416.6432445;11.115137569000126;Simulation RF;Détection RF large bande;2,45 GHz;2,45 GHz;;2709;2.1833372746734434;-43.33349098693773;-60.03349098693773;9.923180732566068e-10;0.1;9.923180732566069e-11;5.99501538072204e-09;;;;ORANGE;True
1785027416.7431006;11.215217983999992;Simulation RF;Détection RF large bande;868 MHz;868 MHz;;2331;1.878122663723036;-31.12490654892143;-64.12490654892143;3.868203781080526e-10;0.1;3.868203781080526e-11;2.5536789783441013e-09;;;;ORANGE;True
1785027416.7432544;11.215217983999992;Simulation RF;Détection RF large bande;2,45 GHz;2,45 GHz;;2798;2.2547980316066294;-46.191921264265176;-62.89192126426517;5.138162954179047e-10;0.1;5.138162954179047e-11;6.04639701026383e-09;;;;ORANGE;True
1785027416.843202;11.315300823000143;Simulation RF;Détection RF large bande;868 MHz;868 MHz;;2359;1.901383042209534;-32.055321688381355;-65.05532168838135;3.1222511278735175e-10;0.1;3.122251127873518e-11;2.5849014896228365e-09;;;;ORANGE;True
1785027416.8433542;11.315300823000143;Simulation RF;Détection RF large bande;2,45 GHz;2,45 GHz;;2715;2.1877120756510267;-43.50848302604106;-60.20848302604106;9.531290301983827e-10;0.1;9.531290301983828e-11;6.1417099132836685e-09;;;;ORANGE;True
1785027416.9432697;11.415377572000125;Simulation RF;Détection RF large bande;868 MHz;868 MHz;;2375;1.9135328935256284;-32.54131574102513;-65.54131574102513;2.791697938715651e-10;0.1;2.7916979387156512e-11;2.612818469009993e-09;;;;ORANGE;True
1785027416.9434159;11.415377572000125;Simulation RF;Détection RF large bande;2,45 GHz;2,45 GHz;;2690;2.1680835329325876;-42.72334131730349;-59.423341317303496;1.1419993803720221e-09;0.1;1.1419993803720222e-10;6.255909851320871e-09;;;;ORANGE;True
1785027417.0433538;11.515454111000054;Simulation RF;Détection RF large bande;868 MHz;868 MHz;;2375;1.9139524831779067;-32.55809932711627;-65.55809932711627;2.780930064687385e-10;0.1;2.7809300646873852e-11;2.640627769656867e-09;;;;ORANGE;True
1785027417.0435398;11.515454111000054;Simulation RF;Détection RF large bande;2,45 GHz;2,45 GHz;;2707;2.1817207845472493;-43.26883138188997;-59.96883138188996;1.0072026547761607e-09;0.1;1.0072026547761608e-10;6.356630116798487e-09;;;;ORANGE;True
1785027417.14339;11.615520106000076;Simulation RF;Détection RF large bande;868 MHz;868 MHz;;2404;1.9369876150670462;-33.47950460268184;-66.47950460268184;2.2493111688858923e-10;0.1;2.2493111688858925e-11;2.6631208813457257e-09;;;;ORANGE;True
1785027417.1435325;11.615520106000076;Simulation RF;Détection RF large bande;2,45 GHz;2,45 GHz;;2737;2.2055415267133696;-44.22166106853477;-60.921661068534775;8.0878649926378e-10;0.1;8.0878649926378e-11;6.437508766724865e-09;;;;ORANGE;True
1785027417.2435703;11.71565438000016;Simulation RF;Détection RF large bande;868 MHz;868 MHz;;2338;1.8843808001199862;-31.375232004799443;-64.37523200479944;3.651546197798981e-10;0.1;3.651546197798981e-11;2.6996363433237153e-09;;;;ORANGE;True
1785027417.2437263;11.71565438000016;Simulation RF;Détection RF large bande;2,45 GHz;2,45 GHz;;2741;2.2085644076974504;-44.342576307898014;-61.04257630789802;7.865790393533799e-10;0.1;7.8657903935338e-11;6.516166670660203e-09;;;;ORANGE;True
1785027417.3435826;11.815742517999979;Simulation RF;Détection RF large bande;868 MHz;868 MHz;;2422;1.9519499427922984;-34.077997711691935;-67.07799771169194;1.959747995154373e-10;0.1;1.959747995154373e-11;2.7192338232752593e-09;;;;ORANGE;True
1785027417.343711;11.815742517999979;Simulation RF;Détection RF large bande;2,45 GHz;2,45 GHz;;2711;2.184904428300039;-43.396177132001554;-60.09617713200155;9.780978106648075e-10;0.1;9.780978106648076e-11;6.613976451726684e-09;;;;ORANGE;True
1785027417.443779;11.915831859000036;Simulation RF;Détection RF large bande;868 MHz;868 MHz;;2447;1.9719052287281813;-34.87620914912725;-67.87620914912725;1.6307188263780462e-10;0.1;1.630718826378046e-11;2.73554101153904e-09;;;;ORANGE;True
1785027417.4439378;11.915831859000036;Simulation RF;Détection RF large bande;2,45 GHz;2,45 GHz;;2807;2.262428544913497;-46.49714179653988;-63.19714179653988;4.78945194748997e-10;0.1;4.78945194748997e-11;6.6618709712015835e-09;;;;ORANGE;True
1785027417.5438352;12.015913887000124;Simulation RF;Détection RF large bande;868 MHz;868 MHz;;2344;1.8887475366911806;-31.549901467647217;-64.54990146764722;3.5075983187072686e-10;0.1;3.507598318707269e-11;2.7706169947261127e-09;;;;ORANGE;True
1785027417.5439878;12.015913887000124;Simulation RF;Détection RF large bande;2,45 GHz;2,45 GHz;;2697;2.1737507554538094;-42.950030218152364;-59.65003021815237;1.0839193720983703e-09;0.1;1.0839193720983703e-10;6.770262908411421e-09;;;;ORANGE;True
1785027417.6440432;12.11602051900013;Simulation RF;Détection RF large bande;868 MHz;868 MHz;;2379;1.9171945930106198;-32.68778372042479;-65.68778372042479;2.6991164866999016e-10;0.1;2.6991164866999018e-11;2.797608159593112e-09;;;;ORANGE;True
1785027417.6442392;12.11602051900013;Simulation RF;Détection RF large bande;2,45 GHz;2,45 GHz;;2764;2.2273817507425524;-45.09527002970209;-61.79527002970209;6.614134117441526e-10;0.1;6.614134117441527e-11;6.836404249585836e-09;;;;ORANGE;True
1785027417.7440236;12.216109120000056;Simulation RF;Détection RF large bande;868 MHz;868 MHz;;2378;1.9160717834377916;-32.642871337511664;-65.64287133751166;2.727174115745965e-10;0.1;2.7271741157459652e-11;2.8248799007505715e-09;;;;ORANGE;True
1785027417.7441795;12.216109120000056;Simulation RF;Détection RF large bande;2,45 GHz;2,45 GHz;;2722;2.1932235362894263;-43.72894145157704;-60.42894145157704;9.059533908713541e-10;0.1;9.059533908713542e-11;6.926999588672971e-09;;;;ORANGE;True
1785027417.8441164;12.316240321000123;Simulation RF;Détection RF large bande;868 MHz;868 MHz;;2307;1.8590816478344956;-30.36326591337982;-63.36326591337982;4.609707921465506e-10;0.1;4.6097079214655064e-11;2.8709769799652267e-09;;;;ORANGE;True
1785027417.8442655;12.316240321000123;Simulation RF;Détection RF large bande;2,45 GHz;2,45 GHz;;2785;2.2441202302707164;-45.764809210828645;-62.46480921082865;5.669164760875868e-10;0.1;5.669164760875869e-11;6.98369123628173e-09;;;;ORANGE;True
1785027417.9441364;12.416301484000087;Simulation RF;Détection RF large bande;868 MHz;868 MHz;;2388;1.9244041870402453;-32.97616748160981;-65.9761674816098;2.5257086513591897e-10;0.1;2.52570865135919e-11;2.8962340664788185e-09;;;;ORANGE;True
1785027417.944257;12.416301484000087;Simulation RF;Détection RF large bande;2,45 GHz;2,45 GHz;;2670;2.151520219815857;-42.060808792634276;-58.76080879263428;1.330206668677483e-09;0.1;1.330206668677483e-10;7.116711903149478e-09;;;;ORANGE;True
1785027418.0443096;12.516384857000048;Simulation RF;Détection RF large bande;868 MHz;868 MHz;;2359;1.9007697475140248;-32.03078990056099;-65.03078990056099;3.139937545933844e-10;0.1;3.1399375459338445e-11;2.9276334419381567e-09;;;;ORANGE;True
1785027418.0444853;12.516384857000048;Simulation RF;Détection RF large bande;2,45 GHz;2,45 GHz;;2711;2.1846636348586146;-43.38654539434458;-60.08654539434458;9.80269432983463e-10;0.1;9.80269432983463e-11;7.214738846447824e-09;;;;ORANGE;True
1785027418.1443424;12.616466703000015;Simulation RF;Détection RF large bande;868 MHz;868 MHz;;2428;1.9562872366631041;-34.25148946652416;-67.25148946652416;1.8830031795552198e-10;0.1;1.8830031795552198e-11;2.946463473733709e-09;;;;ORANGE;True
1785027418.1445115;12.616466703000015;Simulation RF;Détection RF large bande;2,45 GHz;2,45 GHz;;2705;2.180247309541301;-43.20989238165204;-59.909892381652035;1.0209647829427632e-09;0.1;1.0209647829427632e-10;7.3168353247421e-09;;;;ORANGE;True
1785027418.2690876;12.716670259000011;Simulation RF;Détection RF large bande;868 MHz;868 MHz;;2376;1.9147871762369943;-32.59148704947977;-65.59148704947977;2.7596327801697787e-10;0.1;2.7596327801697788e-11;2.9740598015354068e-09;;;;ORANGE;True
1785027418.2896762;12.716670259000011;Simulation RF;Détection RF large bande;2,45 GHz;2,45 GHz;;2712;2.1854575350695695;-43.418301402782774;-60.11830140278277;9.731277556419436e-10;0.1;9.731277556419436e-11;7.4141481003062945e-09;;;;ORANGE;True
1785027418.3447375;12.816761400000132;Simulation RF;Détection RF large bande;868 MHz;868 MHz;;2424;1.9536219766538137;-34.14487906615254;-67.14487906615254;1.9297990727179945e-10;0.1;1.9297990727179947e-11;2.9933577922625867e-09;;;;ORANGE;True
1785027418.3448992;12.816761400000132;Simulation RF;Détection RF large bande;2,45 GHz;2,45 GHz;;2677;2.1575862751614188;-42.30345100645674;-59.00345100645674;1.2579254373026879e-09;0.1;1.257925437302688e-10;7.539940644036564e-09;;;;ORANGE;True
1785027418.4447753;12.916843764000077;Simulation RF;Détection RF large bande;868 MHz;868 MHz;;2443;1.9688870331394501;-34.755481325578;-67.755481325578;1.676686499442778e-10;0.1;1.676686499442778e-11;3.0101246572570145e-09;;;;ORANGE;True
1785027418.4449337;12.916843764000077;Simulation RF;Détection RF large bande;2,45 GHz;2,45 GHz;;2745;2.2122868337060573;-44.49147334824228;-61.191473348242276;7.600683792617453e-10;0.1;7.600683792617453e-11;7.615947481962738e-09;;;;ORANGE;True
1785027418.5447724;13.016916724000112;Simulation RF;Détection RF large bande;868 MHz;868 MHz;;2470;1.9903962978458036;-35.615851913832145;-68.61585191383215;1.3753549936143739e-10;0.1;1.375354993614374e-11;3.0238782071931584e-09;;;;ORANGE;True
1785027418.544917;13.016916724000112;Simulation RF;Détection RF large bande;2,45 GHz;2,45 GHz;;2716;2.188701905142669;-43.54807620570675;-60.24807620570675;9.444791595747456e-10;0.1;9.444791595747457e-11;7.710395397920213e-09;;;;ORANGE;True
1785027418.6448824;13.11699473800013;Simulation RF;Détection RF large bande;868 MHz;868 MHz;;2364;1.9049113335944896;-32.19645334377958;-65.19645334377958;3.0224189645506064e-10;0.1;3.0224189645506064e-11;3.0541023968386646e-09;;;;ORANGE;True
1785027418.6450372;13.11699473800013;Simulation RF;Détection RF large bande;2,45 GHz;2,45 GHz;;2718;2.1905066500879165;-43.62026600351665;-60.32026600351665;9.289094897276947e-10;0.1;9.289094897276947e-11;7.803286346892982e-09;;;;ORANGE;True
1785027418.7448936;13.21704422200014;Simulation RF;Détection RF large bande;868 MHz;868 MHz;;2405;1.9384723836840103;-33.53889534736041;-66.53889534736041;2.2187607023981525e-10;0.1;2.2187607023981528e-11;3.076290003862646e-09;;;;ORANGE;True
1785027418.7450247;13.21704422200014;Simulation RF;Détection RF large bande;2,45 GHz;2,45 GHz;;2709;2.182677560670806;-43.307102426832245;-60.00710242683224;9.983659423136395e-10;0.1;9.983659423136395e-11;7.903122941124345e-09;;;;ORANGE;True
1785027418.8449652;13.317112385999962;Simulation RF;Détection RF large bande;868 MHz;868 MHz;;2430;1.9578593847834318;-34.314375391337265;-67.31437539133726;1.8559337133353938e-10;0.1;1.855933713335394e-11;3.0948493409959998e-09;;;;ORANGE;True
1785027418.8451052;13.317112385999962;Simulation RF;Détection RF large bande;2,45 GHz;2,45 GHz;;2718;2.19007840270037;-43.603136108014795;-60.3031361080148;9.325806266128025e-10;0.1;9.325806266128026e-11;7.996381003785625e-09;;;;ORANGE;True
1785027418.944995;13.417158407999977;Simulation RF;Détection RF large bande;868 MHz;868 MHz;;2438;1.964909563568595;-34.5963825427438;-67.5963825427438;1.7392489335134877e-10;0.1;1.7392489335134878e-11;3.1122418303311345e-09;;;;ORANGE;True
1785027418.9451244;13.417158407999977;Simulation RF;Détection RF large bande;2,45 GHz;2,45 GHz;;2752;2.2178987303983617;-44.71594921593447;-61.41594921593447;7.217803897317972e-10;0.1;7.217803897317972e-11;8.068559042758805e-09;;;;ORANGE;True
1785027419.0451355;13.517237527000134;Simulation RF;Détection RF large bande;868 MHz;868 MHz;;2428;1.9563741015167846;-34.254964060671384;-67.25496406067138;1.8814972761765147e-10;0.1;1.881497276176515e-11;3.1310568030929e-09;;;;ORANGE;True
1785027419.0452893;13.517237527000134;Simulation RF;Détection RF large bande;2,45 GHz;2,45 GHz;;2724;2.1954415364190343;-43.81766145676137;-60.517661456761374;8.876338471127515e-10;0.1;8.876338471127515e-11;8.15732242747008e-09;;;;ORANGE;True
1785027419.1452093;13.617320265999979;Simulation RF;Détection RF large bande;868 MHz;868 MHz;;2462;1.9839908781072317;-35.35963512428927;-68.35963512428927;1.458936828779679e-10;0.1;1.458936828779679e-11;3.1456461713806967e-09;;;;ORANGE;True
1785027419.1453652;13.617320265999979;Simulation RF;Détection RF large bande;2,45 GHz;2,45 GHz;;2722;2.193570165914924;-43.74280663659695;-60.44280663659695;9.030656771398572e-10;0.1;9.030656771398573e-11;8.247628995184065e-09;;;;ORANGE;True
1785027419.2453249;13.717408169999999;Simulation RF;Détection RF large bande;868 MHz;868 MHz;;2407;1.939322665759052;-33.572906630362084;-66.57290663036208;2.201452589686833e-10;0.1;2.2014525896868332e-11;3.167660697277565e-09;;;;ORANGE;True
1785027419.2454796;13.717408169999999;Simulation RF;Détection RF large bande;2,45 GHz;2,45 GHz;;2739;2.2070670867221227;-44.2826834688849;-60.98268346888489;7.975017653994212e-10;0.1;7.975017653994213e-11;8.327379171724006e-09;;;;ORANGE;True
1785027419.3453631;13.817484465999996;Simulation RF;Détection RF large bande;868 MHz;868 MHz;;2346;1.8905119057490076;-31.620476229960303;-64.6204762299603;3.451058943287234e-10;0.1;3.451058943287234e-11;3.202171286710437e-09;;;;ORANGE;True
1785027419.345513;13.817484465999996;Simulation RF;Détection RF large bande;2,45 GHz;2,45 GHz;;2847;2.2939742932970013;-47.75897173188005;-64.45897173188006;3.5818123273327094e-10;0.1;3.5818123273327094e-11;8.363197294997333e-09;;;;ORANGE;True
1785027419.4455225;13.917573074000074;Simulation RF;Détection RF large bande;868 MHz;868 MHz;;2465;1.9867604026982228;-35.47041610792891;-68.47041610792891;1.4221925169286335e-10;0.1;1.4221925169286335e-11;3.2163932118797236e-09;;;;ORANGE;True
1785027419.4456713;13.917573074000074;Simulation RF;Détection RF large bande;2,45 GHz;2,45 GHz;;2770;2.2325921715970978;-45.30368686388391;-62.003686863883914;6.304219320339183e-10;0.1;6.304219320339184e-11;8.426239488200724e-09;;;;ORANGE;True
1785027419.5455084;14.017649333000008;Simulation RF;Détection RF large bande;868 MHz;868 MHz;;2369;1.9091605614113043;-32.36642245645217;-65.36642245645217;2.9064158572909335e-10;0.1;2.9064158572909335e-11;3.245457370452633e-09;;;;ORANGE;True
1785027419.545648;14.017649333000008;Simulation RF;Détection RF large bande;2,45 GHz;2,45 GHz;;2799;2.2556825310426554;-46.227301241706215;-62.92730124170622;5.096474737640424e-10;0.1;5.096474737640424e-11;8.477204235577128e-09;;;;ORANGE;True
1785027419.6456313;14.117736348000108;Simulation RF;Détection RF large bande;868 MHz;868 MHz;;2460;1.9826006855081708;-35.30402742032683;-68.30402742032683;1.4777373760581108e-10;0.1;1.4777373760581108e-11;3.260234744213214e-09;;;;ORANGE;True
1785027419.645785;14.117736348000108;Simulation RF;Détection RF large bande;2,45 GHz;2,45 GHz;;2743;2.210469132349181;-44.41876529396724;-61.118765293967236;7.729002906293939e-10;0.1;7.729002906293939e-11;8.554494264640067e-09;;;;ORANGE;True
1785027419.7456493;14.217796055999997;Simulation RF;Détection RF large bande;868 MHz;868 MHz;;2409;1.9415971070592573;-33.66388428237029;-66.66388428237029;2.155815408907929e-10;0.1;2.1558154089079292e-11;3.281792898302293e-09;;;;ORANGE;True
1785027419.745808;14.217796055999997;Simulation RF;Détection RF large bande;2,45 GHz;2,45 GHz;;2784;2.2431841269285955;-45.727365077143816;-62.42736507714382;5.718254656259333e-10;0.1;5.7182546562593335e-11;8.61167681120266e-09;;;;ORANGE;True
1785027419.845733;14.317872351999995;Simulation RF;Détection RF large bande;868 MHz;868 MHz;;2388;1.9240552609570631;-32.962210438282526;-65.96221043828253;2.533838648751426e-10;0.1;2.533838648751426e-11;3.3071312847898074e-09;;;;ORANGE;True
1785027419.8458753;14.317872351999995;Simulation RF;Détection RF large bande;2,45 GHz;2,45 GHz;;2739;2.206981417395514;-44.279256695820564;-60.97925669582056;7.981312774328294e-10;0.1;7.981312774328295e-11;8.691489938945943e-09;;;;ORANGE;True
1785027419.989592;14.418099756999936;Simulation RF;Détection RF large bande;868 MHz;868 MHz;;2418;1.9484726590728187;-33.938906362912746;-66.93890636291275;2.0235286779894983e-10;0.1;2.0235286779894984e-11;3.3273665715697023e-09;;;;ORANGE;True
1785027420.0094342;14.418099756999936;Simulation RF;Détection RF large bande;2,45 GHz;2,45 GHz;;2715;2.188005138897933;-43.52020555591733;-60.220205555917325;9.505598016464153e-10;0.1;9.505598016464154e-11;8.786545919110586e-09;;;;ORANGE;True
1785027420.0486004;14.518218851000029;Simulation RF;Détection RF large bande;868 MHz;868 MHz;;2398;1.9324218628926066;-33.29687451570426;-66.29687451570426;2.345916492170704e-10;0.1;2.3459164921707043e-11;3.3508257364914094e-09;;;;ORANGE;True
1785027420.048966;14.518218851000029;Simulation RF;Détection RF large bande;2,45 GHz;2,45 GHz;;2795;2.2523371111317503;-46.09348444527001;-62.79348444527;5.25595399807464e-10;0.1;5.2559539980746405e-11;8.839105459091332e-09;;;;ORANGE;True
1785027420.146263;14.618345768000154;Simulation RF;Détection RF large bande;868 MHz;868 MHz;;2382;1.9195800990147163;-32.78320396058865;-65.78320396058865;2.6404600677290424e-10;0.1;2.6404600677290426e-11;3.3772303371687e-09;;;;ORANGE;True
1785027420.1464238;14.618345768000154;Simulation RF;Détection RF large bande;2,45 GHz;2,45 GHz;;2747;2.2139501477978487;-44.55800591191395;-61.25800591191395;7.48513105717482e-10;0.1;7.485131057174821e-11;8.91395676966308e-09;;;;ORANGE;True
1785027420.246372;14.718436954000026;Simulation RF;Détection RF large bande;868 MHz;868 MHz;;2388;1.9240211279492159;-32.96084511796863;-65.96084511796863;2.5346353536080626e-10;0.1;2.5346353536080626e-11;3.4025766907047806e-09;;;;ORANGE;True
1785027420.2465303;14.718436954000026;Simulation RF;Détection RF large bande;2,45 GHz;2,45 GHz;;2670;2.151323371749331;-42.05293486997323;-58.752934869973224;1.3326205710957804e-09;0.1;1.3326205710957804e-10;9.047218826772659e-09;;;;ORANGE;True
1785027420.3464017;14.81851649400005;Simulation RF;Détection RF large bande;868 MHz;868 MHz;;2479;1.9975590521081867;-35.902362084327464;-68.90236208432746;1.2875490761318466e-10;0.1;1.2875490761318467e-11;3.415452181466099e-09;;;;ORANGE;True
1785027420.346555;14.81851649400005;Simulation RF;Détection RF large bande;2,45 GHz;2,45 GHz;;2765;2.2278437218346716;-45.11374887338687;-61.813748873386864;6.586051352627504e-10;0.1;6.586051352627504e-11;9.113079340298933e-09;;;;ORANGE;True
1785027420.446522;14.91860527300014;Simulation RF;Détection RF large bande;868 MHz;868 MHz;;2380;1.9177251759178136;-32.709007036712535;-65.70900703671253;2.685958488297583e-10;0.1;2.685958488297583e-11;3.442311766349075e-09;;;;ORANGE;True
1785027420.4466794;14.91860527300014;Simulation RF;Détection RF large bande;2,45 GHz;2,45 GHz;;2723;2.1946087191000063;-43.784348764000256;-60.48434876400025;8.944686498035818e-10;0.1;8.944686498035819e-11;9.202526205279291e-09;;;;ORANGE;True
1785027420.5467856;15.018717453000136;Simulation RF;Détection RF large bande;868 MHz;868 MHz;;2361;1.9024329187095335;-32.09731674838133;-65.09731674838133;3.092205335281896e-10;0.1;3.0922053352818966e-11;3.473233819701894e-09;;;;ORANGE;True
1785027420.5470037;15.018717453000136;Simulation RF;Détection RF large bande;2,45 GHz;2,45 GHz;;2731;2.2011278768310563;-44.04511507324224;-60.745115073242246;8.423420719474754e-10;0.1;8.423420719474755e-11;9.286760412474038e-09;;;;ORANGE;True
1785027420.6466815;15.11880208399998;Simulation RF;Détection RF large bande;868 MHz;868 MHz;;2477;1.9957656186949588;-35.83062474779835;-68.83062474779835;1.3089936061472612e-10;0.1;1.3089936061472613e-11;3.486323755763367e-09;;;;ORANGE;True
1785027420.6468337;15.11880208399998;Simulation RF;Détection RF large bande;2,45 GHz;2,45 GHz;;2763;2.2262338596033016;-45.04935438413206;-61.749354384132054;6.684432799898724e-10;0.1;6.684432799898724e-11;9.353604740473025e-09;;;;ORANGE;True
1785027420.7467835;15.218881846000158;Simulation RF;Détection RF large bande;868 MHz;868 MHz;;2436;1.9630418527088302;-34.52167410835321;-67.52167410835321;1.7694267522944146e-10;0.1;1.7694267522944146e-11;3.504018023286311e-09;;;;ORANGE;True
1785027420.746918;15.218881846000158;Simulation RF;Détection RF large bande;2,45 GHz;2,45 GHz;;2752;2.217661126170461;-44.70644504681843;-61.406445046818426;7.233616749737771e-10;0.1;7.233616749737771e-11;9.425940907970402e-09;;;;ORANGE;True
1785027420.8468347;15.318962960000135;Simulation RF;Détection RF large bande;868 MHz;868 MHz;;2529;2.0383051415746505;-37.532205662986016;-70.53220566298602;8.846661979334392e-11;0.1;8.846661979334393e-12;3.5128646852656456e-09;;;;VERT;True
1785027420.8469825;15.318962960000135;Simulation RF;Détection RF large bande;2,45 GHz;2,45 GHz;;2767;2.2299754395017595;-45.199017580070375;-61.89901758007037;6.458002993526509e-10;0.1;6.458002993526509e-11;9.490520937905667e-09;;;;ORANGE;True
1785027433.1864212;0.003688352999915878;Simulation RF;Détection RF large bande;868 MHz;868 MHz;;2519;2.029695780169093;-37.18783120676372;-70.18783120676372;9.576721972092036e-11;0.1;9.576721972092036e-12;3.522441407237738e-09;;;;VERT;True
1785027433.1871636;0.003688352999915878;Simulation RF;Détection RF large bande;2,45 GHz;2,45 GHz;;2860;2.304877980662003;-48.19511922648012;-64.89511922648012;3.2395752873537407e-10;0.1;3.2395752873537407e-11;9.522916690779205e-09;;;;ORANGE;True
1785027433.2768009;0.10379540399981124;Simulation RF;Détection RF large bande;868 MHz;868 MHz;;2526;2.035540576726017;-37.42162306904068;-70.42162306904068;9.074813179250234e-11;0.1;9.074813179250235e-12;3.531516220416988e-09;;;;VERT;True
1785027433.2770293;0.10379540399981124;Simulation RF;Détection RF large bande;2,45 GHz;2,45 GHz;;2914;2.3486049529132664;-49.94419811653066;-66.64419811653066;2.165609701636501e-10;0.1;2.165609701636501e-11;9.544572787795569e-09;;;;ORANGE;True
1785027433.376708;0.20387279599981412;Simulation RF;Détection RF large bande;868 MHz;868 MHz;;2596;2.092215615766765;-39.6886246306706;-72.6886246306706;5.384402744334446e-11;0.1;5.3844027443344464e-12;3.5369006231613225e-09;;;;VERT;True
1785027433.3768554;0.20387279599981412;Simulation RF;Détection RF large bande;2,45 GHz;2,45 GHz;;2867;2.310171856363444;-48.406874254537755;-65.10687425453776;3.085407810295708e-10;0.1;3.085407810295708e-11;9.575426865898526e-09;;;;ORANGE;True
1785027433.4768467;0.3039605550000033;Simulation RF;Détection RF large bande;868 MHz;868 MHz;;2521;2.031558988280754;-37.26235953123016;-70.26235953123016;9.413780048729225e-11;0.1;9.413780048729225e-12;3.546314403210052e-09;;;;VERT;True
1785027433.4770093;0.3039605550000033;Simulation RF;Détection RF large bande;2,45 GHz;2,45 GHz;;2910;2.3452962726622375;-49.8118509064895;-66.5118509064895;2.232620506273567e-10;0.1;2.232620506273567e-11;9.597753070961262e-09;;;;ORANGE;True
1785027433.5768664;0.40403922499990585;Simulation RF;Détection RF large bande;868 MHz;868 MHz;;2601;2.096400311810572;-39.856012472422876;-72.85601247242288;5.180822971988931e-11;0.1;5.180822971988931e-12;3.551495226182041e-09;;;;VERT;True
1785027433.57701;0.40403922499990585;Simulation RF;Détection RF large bande;2,45 GHz;2,45 GHz;;2886;2.325889241246154;-49.03556964984615;-65.73556964984616;2.669580584023186e-10;0.1;2.6695805840231862e-11;9.624448876801495e-09;;;;ORANGE;True
1785027433.6776564;0.5041550139999345;Simulation RF;Détection RF large bande;868 MHz;868 MHz;;2538;2.045085795412027;-37.80343181648108;-70.80343181648108;8.31106766874093e-11;0.1;8.31106766874093e-12;3.559806293850782e-09;;;;VERT;True
1785027433.6781065;0.5041550139999345;Simulation RF;Détection RF large bande;2,45 GHz;2,45 GHz;;2903;2.3393876284872475;-49.57550513948989;-66.2755051394899;2.357487974302645e-10;0.1;2.357487974302645e-11;9.64802375654452e-09;;;;ORANGE;True
1785027433.7770467;0.6042235559998517;Simulation RF;Détection RF large bande;868 MHz;868 MHz;;2553;2.057524649522254;-38.30098598089016;-71.30098598089016;7.411419603767899e-11;0.1;7.411419603767899e-12;3.5672177134545498e-09;;;;VERT;True
1785027433.7771888;0.6042235559998517;Simulation RF;Détection RF large bande;2,45 GHz;2,45 GHz;;2873;2.315023375879514;-48.60093503518054;-65.30093503518054;2.9505739002852906e-10;0.1;2.9505739002852906e-11;9.677529495547374e-09;;;;ORANGE;True
1785027433.877253;0.7043118159999722;Simulation RF;Détection RF large bande;868 MHz;868 MHz;;2532;2.0400614425064396;-37.60245770025759;-70.60245770025759;8.70470845525196e-11;0.1;8.70470845525196e-12;3.575922421909802e-09;;;;VERT;True
1785027433.8776104;0.7043118159999722;Simulation RF;Détection RF large bande;2,45 GHz;2,45 GHz;;2929;2.3604534291851276;-50.41813716740509;-67.1181371674051;1.9417185662754158e-10;0.1;1.941718566275416e-11;9.696946681210128e-09;;;;ORANGE;True
1785027433.977209;0.8043870969997897;Simulation RF;Détection RF large bande;868 MHz;868 MHz;;2530;2.038646571244532;-37.54586284978129;-70.54586284978129;8.818885724274542e-11;0.1;8.818885724274542e-12;3.5847413076340765e-09;;;;VERT;True
1785027433.9773476;0.8043870969997897;Simulation RF;Détection RF large bande;2,45 GHz;2,45 GHz;;2884;2.324059077106781;-48.96236308427123;-65.66236308427123;2.714961601244278e-10;0.1;2.7149616012442783e-11;9.72409629722257e-09;;;;ORANGE;True
1785027434.0775301;0.9045377989998542;Simulation RF;Détection RF large bande;868 MHz;868 MHz;;2567;2.068383922276613;-38.73535689106453;-71.73535689106453;6.706011763078958e-11;0.1;6.706011763078958e-12;3.5914473193971554e-09;;;;VERT;True
1785027434.0779707;0.9045377989998542;Simulation RF;Détection RF large bande;2,45 GHz;2,45 GHz;;2857;2.3023938651284044;-48.095754605136165;-64.79575460513617;3.314549730966439e-10;0.1;3.314549730966439e-11;9.757241794532234e-09;;;;ORANGE;True
1785027434.1774235;1.00460059299985;Simulation RF;Détection RF large bande;868 MHz;868 MHz;;2525;2.0349310696048257;-37.397242784193025;-70.39724278419303;9.125900337055117e-11;0.1;9.125900337055118e-12;3.6005732197342107e-09;;;;VERT;True
1785027434.1775665;1.00460059299985;Simulation RF;Détection RF large bande;2,45 GHz;2,45 GHz;;2908;2.343149408817063;-49.72597635268251;-66.42597635268251;2.277206237572132e-10;0.1;2.2772062375721322e-11;9.780013856907955e-09;;;;ORANGE;True
1785027434.2776508;1.1046932679998918;Simulation RF;Détection RF large bande;868 MHz;868 MHz;;2534;2.0418378224193354;-37.67351289677342;-70.67351289677342;8.563448895743156e-11;0.1;8.563448895743157e-12;3.609136668629954e-09;;;;VERT;True
1785027434.277963;1.1046932679998918;Simulation RF;Détection RF large bande;2,45 GHz;2,45 GHz;;2881;2.3214388700927335;-48.857554803709334;-65.55755480370934;2.7812787627509146e-10;0.1;2.7812787627509147e-11;9.807826644535464e-09;;;;ORANGE;True
1785027434.3775938;1.204768076999926;Simulation RF;Détection RF large bande;868 MHz;868 MHz;;2523;2.033418885438389;-37.33675541753556;-70.33675541753556;9.253892673368914e-11;0.1;9.253892673368916e-12;3.618390561303323e-09;;;;VERT;True
1785027434.3777394;1.204768076999926;Simulation RF;Détection RF large bande;2,45 GHz;2,45 GHz;;2885;2.325164891464463;-49.00659565857852;-65.70659565857852;2.6874502548932277e-10;0.1;2.6874502548932278e-11;9.834701147084397e-09;;;;ORANGE;True
1785027434.4777417;1.304856419999851;Simulation RF;Détection RF large bande;868 MHz;868 MHz;;2572;2.072943961588278;-38.917758463531115;-71.91775846353111;6.430195151760819e-11;0.1;6.430195151760819e-12;3.624820756455084e-09;;;;VERT;True
1785027434.477904;1.304856419999851;Simulation RF;Détection RF large bande;2,45 GHz;2,45 GHz;;2847;2.294681619665974;-47.78726478663896;-64.48726478663896;3.5585536790737347e-10;0.1;3.5585536790737347e-11;9.870286683875133e-09;;;;ORANGE;True
1785027434.5777633;1.4049381539998649;Simulation RF;Détection RF large bande;868 MHz;868 MHz;;2513;2.0252513677917885;-37.01005471167154;-70.01005471167154;9.976874950479925e-11;0.1;9.976874950479926e-12;3.634797631405564e-09;;;;VERT;True
1785027434.5779092;1.4049381539998649;Simulation RF;Détection RF large bande;2,45 GHz;2,45 GHz;;2834;2.284055924200746;-47.36223696802983;-64.06223696802984;3.9244274356055893e-10;0.1;3.92442743560559e-11;9.90953095823119e-09;;;;ORANGE;True
1785027434.6832774;1.504990560999886;Simulation RF;Détection RF large bande;868 MHz;868 MHz;;2577;2.0769444888917326;-39.077779555669295;-72.0777795556693;6.197578615325316e-11;0.1;6.1975786153253165e-12;3.6409952100208893e-09;;;;VERT;True
1785027434.683522;1.504990560999886;Simulation RF;Détection RF large bande;2,45 GHz;2,45 GHz;;2849;2.295944085975389;-47.83776343901556;-64.53776343901556;3.51741536281571e-10;0.1;3.5174153628157105e-11;9.944705111859346e-09;;;;ORANGE;True
1785027434.7778797;1.605061982999814;Simulation RF;Détection RF large bande;868 MHz;868 MHz;;2515;2.0267506426961197;-37.07002570784478;-70.07002570784478;9.840052809738188e-11;0.1;9.840052809738189e-12;3.6508352628306275e-09;;;;VERT;True
1785027434.7780232;1.605061982999814;Simulation RF;Détection RF large bande;2,45 GHz;2,45 GHz;;2873;2.314918388475085;-48.596735539003404;-65.29673553900341;2.9534283958146473e-10;0.1;2.9534283958146475e-11;9.974239395817493e-09;;;;ORANGE;True
1785027434.8843112;1.705130163999911;Simulation RF;Détection RF large bande;868 MHz;868 MHz;;2565;2.0668086623532793;-38.67234649413116;-71.67234649413116;6.80401638194047e-11;0.1;6.8040163819404705e-12;3.6576392792125678e-09;;;;VERT;True
1785027434.8847833;1.705130163999911;Simulation RF;Détection RF large bande;2,45 GHz;2,45 GHz;;2848;2.2952431205823123;-47.809724823292484;-64.50972482329249;3.5401977169515213e-10;0.1;3.5401977169515214e-11;1.0009641372987007e-08;;;;ORANGE;True
1785027434.9780293;1.8052093799999511;Simulation RF;Détection RF large bande;868 MHz;868 MHz;;2496;2.0114220542577077;-36.456882170308305;-69.4568821703083;1.1332136130598303e-10;0.1;1.1332136130598304e-11;3.668971415343166e-09;;;;ORANGE;True
1785027434.978171;1.8052093799999511;Simulation RF;Détection RF large bande;2,45 GHz;2,45 GHz;;2861;2.3058434090048223;-48.23373636019289;-64.9337363601929;3.2108969231355447e-10;0.1;3.210896923135545e-11;1.0041750342218363e-08;;;;ORANGE;True
1785027435.078107;1.905279703999895;Simulation RF;Détection RF large bande;868 MHz;868 MHz;;2487;2.004335436143635;-36.1734174457454;-69.1734174457454;1.2096458934725142e-10;0.1;1.2096458934725142e-11;3.6810678742778913e-09;;;;ORANGE;True
1785027435.0782533;1.905279703999895;Simulation RF;Détection RF large bande;2,45 GHz;2,45 GHz;;2860;2.3050187048804673;-48.200748195218694;-64.9007481952187;3.235379135612593e-10;0.1;3.235379135612593e-11;1.007410413357449e-08;;;;ORANGE;True
1785027435.178169;2.0053497279998282;Simulation RF;Détection RF large bande;868 MHz;868 MHz;;2505;2.018841657249484;-36.75366628997935;-69.75366628997935;1.0583598863851039e-10;0.1;1.058359886385104e-11;3.6916514731417423e-09;;;;ORANGE;True
1785027435.1783109;2.0053497279998282;Simulation RF;Détection RF large bande;2,45 GHz;2,45 GHz;;2842;2.2899804917278836;-47.59921966911534;-64.29921966911535;3.7160199173721976e-10;0.1;3.716019917372198e-11;1.0111264332748211e-08;;;;ORANGE;True
1785027435.2782316;2.105421566999894;Simulation RF;Détection RF large bande;868 MHz;868 MHz;;2457;1.9800429183478307;-35.20171673391323;-68.20171673391323;1.5129630671236894e-10;0.1;1.5129630671236895e-11;3.706781103812979e-09;;;;ORANGE;True
1785027435.2783666;2.105421566999894;Simulation RF;Détection RF large bande;2,45 GHz;2,45 GHz;;2843;2.290787751609478;-47.631510064379114;-64.33151006437912;3.688493254523554e-10;0.1;3.688493254523554e-11;1.0148149265293448e-08;;;;ORANGE;True
1785027435.3786955;2.2055485019998287;Simulation RF;Détection RF large bande;868 MHz;868 MHz;;2484;2.0019264575018445;-36.07705830007377;-69.07705830007377;1.2367848878115387e-10;0.1;1.2367848878115387e-11;3.7191489526910944e-09;;;;ORANGE;True
1785027435.3788269;2.2055485019998287;Simulation RF;Détection RF large bande;2,45 GHz;2,45 GHz;;2784;2.2433389782548314;-45.73355913019326;-62.43355913019325;5.71010490346126e-10;0.1;5.71010490346126e-11;1.020525031432806e-08;;;;ORANGE;True
1785027435.478584;2.3056764369998746;Simulation RF;Détection RF large bande;868 MHz;868 MHz;;2452;1.976112201641247;-35.04448806564987;-68.04448806564987;1.5687408056187998e-10;0.1;1.5687408056188e-11;3.734836360747282e-09;;;;ORANGE;True
1785027435.4797826;2.3056764369998746;Simulation RF;Détection RF large bande;2,45 GHz;2,45 GHz;;2856;2.3011782344221925;-48.047129376887696;-64.7471293768877;3.351869196117558e-10;0.1;3.351869196117558e-11;1.0238769006289235e-08;;;;ORANGE;True
1785027435.5786633;2.405760678999968;Simulation RF;Détection RF large bande;868 MHz;868 MHz;;2484;2.002042112066387;-36.08168448265549;-69.08168448265549;1.2354681438385263e-10;0.1;1.2354681438385264e-11;3.747191042185668e-09;;;;ORANGE;True
1785027435.5788288;2.405760678999968;Simulation RF;Détection RF large bande;2,45 GHz;2,45 GHz;;2881;2.3218165405442774;-48.8726616217711;-65.5726616217711;2.771620965470386e-10;0.1;2.7716209654703863e-11;1.026648521594394e-08;;;;ORANGE;True
1785027435.6881876;2.5058220199998686;Simulation RF;Détection RF large bande;868 MHz;868 MHz;;2476;1.9951854088573169;-35.80741635429267;-68.80741635429267;1.3160075006585138e-10;0.1;1.3160075006585139e-11;3.760351117192253e-09;;;;ORANGE;True
1785027435.6890547;2.5058220199998686;Simulation RF;Détection RF large bande;2,45 GHz;2,45 GHz;;2800;2.256183122106497;-46.24732488425988;-62.947324884259885;5.073030946098367e-10;0.1;5.073030946098368e-11;1.0317215525404923e-08;;;;ORANGE;True
1785027435.778792;2.6058994679999614;Simulation RF;Détection RF large bande;868 MHz;868 MHz;;2456;1.979442150744327;-35.17768602977307;-68.17768602977307;1.5213579105626447e-10;0.1;1.5213579105626447e-11;3.775564696297879e-09;;;;ORANGE;True
1785027435.778924;2.6058994679999614;Simulation RF;Détection RF large bande;2,45 GHz;2,45 GHz;;2838;2.286726863881499;-47.46907455525995;-64.16907455525995;3.8290632871794435e-10;0.1;3.829063287179444e-11;1.0355506158276717e-08;;;;ORANGE;True
1785027435.8892858;2.7059604569999465;Simulation RF;Détection RF large bande;868 MHz;868 MHz;;2460;1.982633409855813;-35.30533639423251;-68.30533639423251;1.4772920496102047e-10;0.1;1.4772920496102047e-11;3.790337616793981e-09;;;;ORANGE;True
1785027435.8896503;2.7059604569999465;Simulation RF;Détection RF large bande;2,45 GHz;2,45 GHz;;2805;2.260755573527442;-46.43022294109768;-63.13022294109768;4.863822370635874e-10;0.1;4.863822370635874e-11;1.0404144381983076e-08;;;;ORANGE;True
1785027435.978925;2.806042237999918;Simulation RF;Détection RF large bande;868 MHz;868 MHz;;2480;1.9984176160959242;-35.93670464383696;-68.93670464383696;1.2774077174478404e-10;0.1;1.2774077174478405e-11;3.80311169396846e-09;;;;ORANGE;True
1785027435.9790833;2.806042237999918;Simulation RF;Détection RF large bande;2,45 GHz;2,45 GHz;;2858;2.303016486966986;-48.12065947867943;-64.82065947867943;3.295596645522445e-10;0.1;3.295596645522445e-11;1.04371003484383e-08;;;;ORANGE;True
1785027436.078939;2.906112867999809;Simulation RF;Détection RF large bande;868 MHz;868 MHz;;2498;2.0132134109115962;-36.52853643646384;-69.52853643646384;1.1146701118552745e-10;0.1;1.1146701118552745e-11;3.814258395087013e-09;;;;ORANGE;True
1785027436.0791028;2.906112867999809;Simulation RF;Détection RF large bande;2,45 GHz;2,45 GHz;;2803;2.258460292715559;-46.338411708622345;-63.03841170862235;4.96773967218277e-10;0.1;4.967739672182771e-11;1.0486777745160128e-08;;;;ORANGE;True
1785027436.1790838;3.006201841999882;Simulation RF;Détection RF large bande;868 MHz;868 MHz;;2442;1.967524160291115;-34.7009664116446;-67.7009664116446;1.6978657936771723e-10;0.1;1.6978657936771723e-11;3.831237053023784e-09;;;;ORANGE;True
1785027436.1792433;3.006201841999882;Simulation RF;Détection RF large bande;2,45 GHz;2,45 GHz;;2821;2.273432856597306;-46.93731426389225;-63.63731426389225;4.327813861884274e-10;0.1;4.3278138618842744e-11;1.053005588377897e-08;;;;ORANGE;True
1785027436.2798085;3.1062836879998486;Simulation RF;Détection RF large bande;868 MHz;868 MHz;;2439;1.9654463021112722;-34.61785208445089;-67.61785208445089;1.7306720961768961e-10;0.1;1.7306720961768963e-11;3.848543773985553e-09;;;;ORANGE;True
1785027436.2800403;3.1062836879998486;Simulation RF;Détection RF large bande;2,45 GHz;2,45 GHz;;2818;2.2710738345318506;-46.84295338127403;-63.54295338127403;4.4228749636388273e-10;0.1;4.422874963638828e-11;1.0574284633415358e-08;;;;ORANGE;True
1785027436.3796175;3.2065415069998835;Simulation RF;Détection RF large bande;868 MHz;868 MHz;;2482;2.0004779869354508;-36.01911947741803;-69.01911947741803;1.2533952723371641e-10;0.1;1.2533952723371642e-11;3.861077726708925e-09;;;;ORANGE;True
1785027436.3799815;3.2065415069998835;Simulation RF;Détection RF large bande;2,45 GHz;2,45 GHz;;2850;2.2965812944289836;-47.863251777159334;-64.56325177715934;3.4968324387769314e-10;0.1;3.496832438776932e-11;1.0609252957803127e-08;;;;ORANGE;True
1785027436.480111;3.306759465999903;Simulation RF;Détection RF large bande;868 MHz;868 MHz;;2494;2.009672490828392;-36.38689963313567;-69.38689963313567;1.1516222223738354e-10;0.1;1.1516222223738355e-11;3.872593948932663e-09;;;;ORANGE;True
1785027436.4867132;3.306759465999903;Simulation RF;Détection RF large bande;2,45 GHz;2,45 GHz;;2848;2.2948959056879255;-47.795836227517015;-64.49583622751702;3.551537275801993e-10;0.1;3.551537275801993e-11;1.0644768330561147e-08;;;;ORANGE;True
1785027436.5799873;3.406955503999825;Simulation RF;Détection RF large bande;868 MHz;868 MHz;;2434;1.961643575208347;-34.465743008333874;-67.46574300833387;1.792361881708381e-10;0.1;1.792361881708381e-11;3.890517567749747e-09;;;;ORANGE;True
1785027436.5803034;3.406955503999825;Simulation RF;Détection RF large bande;2,45 GHz;2,45 GHz;;2833;2.28268728780095;-47.307491512038;-64.007491512038;3.9742103385473155e-10;0.1;3.974210338547316e-11;1.068451043394662e-08;;;;ORANGE;True
1785027436.6800098;3.5071035179998944;Simulation RF;Détection RF large bande;868 MHz;868 MHz;;2402;1.935705217261222;-33.42820869044887;-66.42820869044887;2.2760360207201692e-10;0.1;2.2760360207201695e-11;3.913277927956949e-09;;;;ORANGE;True
1785027436.6802902;3.5071035179998944;Simulation RF;Détection RF large bande;2,45 GHz;2,45 GHz;;2774;2.235286051740161;-45.41144206960644;-62.11144206960643;6.149726378786409e-10;0.1;6.14972637878641e-11;1.0746007697734483e-08;;;;ORANGE;True
1785027436.7803717;3.607297649999964;Simulation RF;Détection RF large bande;868 MHz;868 MHz;;2415;1.946007020607259;-33.84028082429036;-66.84028082429036;2.0700074932611445e-10;0.1;2.0700074932611445e-11;3.9339780028895605e-09;;;;ORANGE;True
1785027436.7807584;3.607297649999964;Simulation RF;Détection RF large bande;2,45 GHz;2,45 GHz;;2760;2.224381074410356;-44.97524297641422;-61.67524297641422;6.799480026251505e-10;0.1;6.799480026251505e-11;1.0814002497996998e-08;;;;ORANGE;True
1785027436.880757;3.7075134619999517;Simulation RF;Détection RF large bande;868 MHz;868 MHz;;2436;1.9632087211909728;-34.52834884763891;-67.52834884763891;1.766709381580554e-10;0.1;1.7667093815805542e-11;3.951645096705366e-09;;;;ORANGE;True
1785027436.881179;3.7075134619999517;Simulation RF;Détection RF large bande;2,45 GHz;2,45 GHz;;2776;2.2371468944808033;-45.48587577923213;-62.18587577923213;6.045224337060301e-10;0.1;6.045224337060301e-11;1.0874454741367602e-08;;;;ORANGE;True
1785027436.9883802;3.807605767999803;Simulation RF;Détection RF large bande;868 MHz;868 MHz;;2421;1.9512683292662107;-34.05073317064843;-67.05073317064843;1.9720897822190038e-10;0.1;1.972089782219004e-11;3.9713659945275555e-09;;;;ORANGE;True
1785027436.9887128;3.807605767999803;Simulation RF;Détection RF large bande;2,45 GHz;2,45 GHz;;2852;2.298397785588912;-47.93591142355649;-64.6359114235565;3.4388153578653473e-10;0.1;3.438815357865348e-11;1.0908842894946256e-08;;;;ORANGE;True
1785027437.0808113;3.9077944679997927;Simulation RF;Détection RF large bande;868 MHz;868 MHz;;2505;2.0188676256317915;-36.75470502527165;-69.75470502527165;1.0581067806350759e-10;0.1;1.058106780635076e-11;3.981947062333907e-09;;;;ORANGE;True
1785027437.0810368;3.9077944679997927;Simulation RF;Détection RF large bande;2,45 GHz;2,45 GHz;;2858;2.3034498452805336;-48.137993811221335;-64.83799381122134;3.2824688913292067e-10;0.1;3.282468891329207e-11;1.0941667583859547e-08;;;;ORANGE;True
1785027437.1807415;4.007879619999812;Simulation RF;Détection RF large bande;868 MHz;868 MHz;;2508;2.0208711320652872;-36.83484528261148;-69.83484528261148;1.0387606076051692e-10;0.1;1.0387606076051693e-11;3.992334668409959e-09;;;;ORANGE;True
1785027437.180898;4.007879619999812;Simulation RF;Détection RF large bande;2,45 GHz;2,45 GHz;;2885;2.324512589452422;-48.98050357809687;-65.68050357809688;2.703644849817789e-10;0.1;2.7036448498177895e-11;1.0968704032357724e-08;;;;ORANGE;True
1785027437.2808466;4.107963437999842;Simulation RF;Détection RF large bande;868 MHz;868 MHz;;2435;1.9619687704046442;-34.478750816185766;-67.47875081618577;1.7870015054768568e-10;0.1;1.787001505476857e-11;4.010204683464727e-09;;;;ORANGE;True
1785027437.2810056;4.107963437999842;Simulation RF;Détection RF large bande;2,45 GHz;2,45 GHz;;2854;2.299779550016902;-47.99118200067606;-64.69118200067606;3.3953285081330605e-10;0.1;3.395328508133061e-11;1.1002657317439054e-08;;;;ORANGE;True
1785027437.3809116;4.208045793999872;Simulation RF;Détection RF large bande;868 MHz;868 MHz;;2420;1.9503316228949978;-34.01326491579991;-67.01326491579991;1.989177363632936e-10;0.1;1.989177363632936e-11;4.0300964571010565e-09;;;;ORANGE;True
1785027437.381068;4.208045793999872;Simulation RF;Détection RF large bande;2,45 GHz;2,45 GHz;;2814;2.267918704190206;-46.71674816760823;-63.41674816760823;4.5532886553104554e-10;0.1;4.5532886553104555e-11;1.1048190203992159e-08;;;;ORANGE;True
1785027437.481018;4.3081271689998175;Simulation RF;Détection RF large bande;868 MHz;868 MHz;;2415;1.945979912639988;-33.83919650559952;-66.83919650559952;2.0705243840194083e-10;0.1;2.0705243840194085e-11;4.05080170094125e-09;;;;ORANGE;True
1785027437.4811745;4.3081271689998175;Simulation RF;Détection RF large bande;2,45 GHz;2,45 GHz;;2819;2.2717304536679452;-46.86921814671781;-63.56921814671781;4.396207525221926e-10;0.1;4.3962075252219264e-11;1.1092152279244379e-08;;;;ORANGE;True
1785027437.5810742;4.408207894999805;Simulation RF;Détection RF large bande;868 MHz;868 MHz;;2467;1.9884030807336424;-35.53612322934569;-68.53612322934569;1.400837235186821e-10;0.1;1.4008372351868211e-11;4.064810073293118e-09;;;;ORANGE;True
1785027437.5812318;4.408207894999805;Simulation RF;Détection RF large bande;2,45 GHz;2,45 GHz;;2739;2.2072427427828134;-44.28970971131254;-60.98970971131254;7.962125686336907e-10;0.1;7.962125686336907e-11;1.1171773536107749e-08;;;;ORANGE;True
1785027437.681121;4.508281289999786;Simulation RF;Détection RF large bande;868 MHz;868 MHz;;2415;1.9458789903238332;-33.83515961295332;-66.83515961295332;2.0724498910056785e-10;0.1;2.0724498910056787e-11;4.085534572203175e-09;;;;ORANGE;True
1785027437.6812685;4.508281289999786;Simulation RF;Détection RF large bande;2,45 GHz;2,45 GHz;;2733;2.202195156979139;-44.08780627916556;-60.78780627916556;8.341024024426743e-10;0.1;8.341024024426743e-11;1.1255183776352016e-08;;;;ORANGE;True
1785027437.7812414;4.6083913609998035;Simulation RF;Détection RF large bande;868 MHz;868 MHz;;2370;1.9100713256207875;-32.4028530248315;-65.4028530248315;2.8821375091353743e-10;0.1;2.8821375091353745e-11;4.1143559472945286e-09;;;;ORANGE;True
1785027437.7813945;4.6083913609998035;Simulation RF;Détection RF large bande;2,45 GHz;2,45 GHz;;2811;2.2648790070637523;-46.5951602825501;-63.29516028255009;4.682566693768942e-10;0.1;4.682566693768942e-11;1.1302009443289705e-08;;;;ORANGE;True
1785027437.8814156;4.7084927309999784;Simulation RF;Détection RF large bande;868 MHz;868 MHz;;2463;1.9844830974264136;-35.37932389705654;-68.37932389705654;1.4523376976796006e-10;0.1;1.4523376976796007e-11;4.128879324271324e-09;;;;ORANGE;True
1785027437.8815737;4.7084927309999784;Simulation RF;Détection RF large bande;2,45 GHz;2,45 GHz;;2796;2.2529010055042735;-46.11604022017093;-62.816040220170926;5.228727129476873e-10;0.1;5.2287271294768735e-11;1.1354296714584474e-08;;;;ORANGE;True
1785027437.9917758;4.8085942109999;Simulation RF;Détection RF large bande;868 MHz;868 MHz;;2420;1.950449105796758;-34.01796423187031;-67.01796423187031;1.9870261234144558e-10;0.1;1.987026123414456e-11;4.148749585505469e-09;;;;ORANGE;True
1785027437.9949493;4.8085942109999;Simulation RF;Détection RF large bande;2,45 GHz;2,45 GHz;;2777;2.2377329935292907;-45.50931974117162;-62.209319741171626;6.012679099375319e-10;0.1;6.012679099375319e-11;1.1414423505578226e-08;;;;ORANGE;True
1785027438.0815423;4.908684854999819;Simulation RF;Détection RF large bande;868 MHz;868 MHz;;2497;2.0122369865136776;-36.4894794605471;-69.4894794605471;1.1247397756663185e-10;0.1;1.1247397756663186e-11;4.159996983262132e-09;;;;ORANGE;True
1785027438.081699;4.908684854999819;Simulation RF;Détection RF large bande;2,45 GHz;2,45 GHz;;2851;2.2975933744646713;-47.90373497858684;-64.60373497858684;3.464387812748498e-10;0.1;3.4643878127484984e-11;1.1449067383705712e-08;;;;ORANGE;True
1785027438.181657;5.008760111999891;Simulation RF;Détection RF large bande;868 MHz;868 MHz;;2410;1.9421141301919815;-33.684565207679256;-66.68456520767926;2.1455739084050625e-10;0.1;2.1455739084050625e-11;4.181452722346183e-09;;;;ORANGE;True
1785027438.1818154;5.008760111999891;Simulation RF;Détection RF large bande;2,45 GHz;2,45 GHz;;2786;2.245289068969757;-45.81156275879029;-62.51156275879029;5.608461256839882e-10;0.1;5.608461256839882e-11;1.150515199627411e-08;;;;ORANGE;True
1785027438.3064804;5.1088730819999455;Simulation RF;Détection RF large bande;868 MHz;868 MHz;;2409;1.941677737950473;-33.66710951801892;-66.66710951801892;2.1542150128974498e-10;0.1;2.15421501289745e-11;4.202994872475158e-09;;;;ORANGE;True
1785027438.3095555;5.1088730819999455;Simulation RF;Détection RF large bande;2,45 GHz;2,45 GHz;;2771;2.2333706465102896;-45.334825860411584;-62.03482586041158;6.259179609271446e-10;0.1;6.259179609271446e-11;1.1567743792366824e-08;;;;ORANGE;True
1785027438.3818474;5.208958687999939;Simulation RF;Détection RF large bande;868 MHz;868 MHz;;2444;1.9693939599527113;-34.77575839810845;-67.77575839810845;1.6688763498619871e-10;0.1;1.668876349861987e-11;4.219683635973778e-09;;;;ORANGE;True
1785027438.3820014;5.208958687999939;Simulation RF;Détection RF large bande;2,45 GHz;2,45 GHz;;2784;2.2432609713787213;-45.73043885514885;-62.43043885514885;5.714208915976065e-10;0.1;5.7142089159760655e-11;1.1624885881526585e-08;;;;ORANGE;True
1785027438.481935;5.309045978999848;Simulation RF;Détection RF large bande;868 MHz;868 MHz;;2361;1.903014356249219;-32.120574249968755;-65.12057424996875;3.0756901018319925e-10;0.1;3.0756901018319925e-11;4.2504405369920975e-09;;;;ORANGE;True
1785027438.4820905;5.309045978999848;Simulation RF;Détection RF large bande;2,45 GHz;2,45 GHz;;2781;2.2412347744902;-45.649390979608;-62.349390979607996;5.821848530673921e-10;0.1;5.821848530673922e-11;1.1683104366833324e-08;;;;ORANGE;True
1785027438.6960766;5.409169482999914;Simulation RF;Détection RF large bande;868 MHz;868 MHz;;2414;1.945082556010932;-33.803302240437276;-66.80330224043728;2.0877080987486542e-10;0.1;2.0877080987486542e-11;4.271317617979584e-09;;;;ORANGE;True
1785027438.6965053;5.409169482999914;Simulation RF;Détection RF large bande;2,45 GHz;2,45 GHz;;2861;2.305834801439381;-48.23339205757523;-64.93339205757523;3.211151488663067e-10;0.1;3.211151488663067e-11;1.1715215881719956e-08;;;;ORANGE;True
1785027438.6969757;5.524176988999898;Simulation RF;Détection RF large bande;868 MHz;868 MHz;;2432;1.9596204879681514;-34.38481951872605;-67.38481951872605;1.8260726342361034e-10;0.1;1.8260726342361037e-11;4.289578344321945e-09;;;;ORANGE;True
1785027438.6971223;5.524176988999898;Simulation RF;Détection RF large bande;2,45 GHz;2,45 GHz;;2804;2.2597204073443495;-46.38881629377397;-63.08881629377397;4.910416954690836e-10;0.1;4.910416954690836e-11;1.1764320051266864e-08;;;;ORANGE;True
1785027438.7983727;5.624260910999965;Simulation RF;Détection RF large bande;868 MHz;868 MHz;;2454;1.9772196905892532;-35.08878762357013;-68.08878762357013;1.5528204347940284e-10;0.1;1.5528204347940284e-11;4.305106548669885e-09;;;;ORANGE;True
1785027438.7985065;5.624260910999965;Simulation RF;Détection RF large bande;2,45 GHz;2,45 GHz;;2791;2.2494396093237463;-45.97758437294985;-62.67758437294985;5.398107918755308e-10;0.1;5.3981079187553084e-11;1.1818301130454417e-08;;;;ORANGE;True
1785027438.8971348;5.724330612999893;Simulation RF;Détection RF large bande;868 MHz;868 MHz;;2374;1.9127186597151;-32.508746388603996;-65.508746388604;2.812712615922276e-10;0.1;2.812712615922276e-11;4.333233674829107e-09;;;;ORANGE;True
1785027438.8972604;5.724330612999893;Simulation RF;Détection RF large bande;2,45 GHz;2,45 GHz;;2765;2.2279817582725943;-45.11927033090376;-61.819270330903755;6.577683413876805e-10;0.1;6.577683413876805e-11;1.1884077964593185e-08;;;;ORANGE;True
1785027438.9972982;5.824408833000007;Simulation RF;Détection RF large bande;868 MHz;868 MHz;;2296;1.8506295256950007;-30.025181027800024;-63.02518102780002;4.982896852333274e-10;0.1;4.982896852333274e-11;4.38306264335244e-09;;;;ORANGE;True
1785027438.9974508;5.824408833000007;Simulation RF;Détection RF large bande;2,45 GHz;2,45 GHz;;2832;2.2823671121961735;-47.294684487846936;-63.99468448784694;3.98594728912719e-10;0.1;3.98594728912719e-11;1.1923937437484457e-08;;;;ORANGE;True
1785027439.0973496;5.924492302999852;Simulation RF;Détection RF large bande;868 MHz;868 MHz;;2349;1.8926843196851413;-31.707372787405646;-64.70737278740565;3.382694063605562e-10;0.1;3.382694063605562e-11;4.416889583988496e-09;;;;ORANGE;True
1785027439.0975058;5.924492302999852;Simulation RF;Détection RF large bande;2,45 GHz;2,45 GHz;;2766;2.2291870084297627;-45.16748033719051;-61.867480337190514;6.505069879961449e-10;0.1;6.50506987996145e-11;1.1988988136284071e-08;;;;ORANGE;True
1785027439.1979187;6.024655825999844;Simulation RF;Détection RF large bande;868 MHz;868 MHz;;2448;1.9727771674483812;-34.91108669793525;-67.91108669793525;1.6176752099656804e-10;0.1;1.6176752099656806e-11;4.4330663360881526e-09;;;;ORANGE;True
1785027439.1981676;6.024655825999844;Simulation RF;Détection RF large bande;2,45 GHz;2,45 GHz;;2824;2.2758361653905914;-47.033446615623646;-63.73344661562365;4.233068910384234e-10;0.1;4.233068910384234e-11;1.2031318825387913e-08;;;;ORANGE;True
1785027439.2976468;6.124739627999816;Simulation RF;Détection RF large bande;868 MHz;868 MHz;;2406;1.938582883481318;-33.543315339252715;-66.54331533925271;2.2165037279318642e-10;0.1;2.2165037279318644e-11;4.455231373367471e-09;;;;ORANGE;True
1785027439.2978024;6.124739627999816;Simulation RF;Détection RF large bande;2,45 GHz;2,45 GHz;;2817;2.270174031131715;-46.806961245268596;-63.50696124526859;4.45968182806219e-10;0.1;4.45968182806219e-11;1.2075915643668535e-08;;;;ORANGE;True
1785027439.3996918;6.224870344999999;Simulation RF;Détection RF large bande;868 MHz;868 MHz;;2384;1.9212383909914976;-32.849535639659905;-65.8495356396599;2.600437594681124e-10;0.1;2.600437594681124e-11;4.481235749314283e-09;;;;ORANGE;True
1785027439.4003825;6.224870344999999;Simulation RF;Détection RF large bande;2,45 GHz;2,45 GHz;;2844;2.2919349590498412;-47.67739836199365;-64.37739836199366;3.649725179790819e-10;0.1;3.649725179790819e-11;1.2112412895466444e-08;;;;ORANGE;True
1785027439.4978194;6.324965180999925;Simulation RF;Détection RF large bande;868 MHz;868 MHz;;2419;1.9494625354256412;-33.97850141702564;-66.97850141702564;2.005163812800418e-10;0.1;2.0051638128004184e-11;4.5012873874422864e-09;;;;ORANGE;True
1785027439.497974;6.324965180999925;Simulation RF;Détection RF large bande;2,45 GHz;2,45 GHz;;2718;2.1905644726875657;-43.62257890750263;-60.32257890750263;9.284149159881366e-10;0.1;9.284149159881366e-11;1.2205254387065257e-08;;;;ORANGE;True
1785027439.6440287;6.425100451999924;Simulation RF;Détection RF large bande;868 MHz;868 MHz;;2320;1.8698870753880856;-30.795483015523423;-63.79548301552342;4.1730318407749765e-10;0.1;4.173031840774977e-11;4.543017705850036e-09;;;;ORANGE;True
1785027439.6878176;6.425100451999924;Simulation RF;Détection RF large bande;2,45 GHz;2,45 GHz;;2790;2.248481921148151;-45.939276845926045;-62.63927684592605;5.445933268235113e-10;0.1;5.445933268235113e-11;1.2259713719747609e-08;;;;ORANGE;True
1785027439.7314057;6.5252254669999274;Simulation RF;Détection RF large bande;868 MHz;868 MHz;;2402;1.9358540046798987;-33.43416018719594;-66.43416018719594;2.2729191163393687e-10;0.1;2.2729191163393688e-11;4.565746897013429e-09;;;;ORANGE;True
1785027439.7350073;6.5252254669999274;Simulation RF;Détection RF large bande;2,45 GHz;2,45 GHz;;2853;2.2990775326794934;-47.96310130717974;-64.66310130717974;3.417353213580937e-10;0.1;3.417353213580937e-11;1.2293887251883418e-08;;;;ORANGE;True
1785027439.7981894;6.625313860999995;Simulation RF;Détection RF large bande;868 MHz;868 MHz;;2423;1.9525865730278626;-34.1034629211145;-67.1034629211145;1.948290477599717e-10;0.1;1.9482904775997174e-11;4.585229801789426e-09;;;;ORANGE;True
1785027439.7983413;6.625313860999995;Simulation RF;Détection RF large bande;2,45 GHz;2,45 GHz;;2758;2.2222501332941937;-44.89000533176774;-61.59000533176774;6.934249547087053e-10;0.1;6.934249547087052e-11;1.2363229747354288e-08;;;;ORANGE;True
1785027439.898222;6.7253919789998236;Simulation RF;Détection RF large bande;868 MHz;868 MHz;;2347;1.8915975017686737;-31.663900070746948;-64.66390007074695;3.416724744569649e-10;0.1;3.416724744569649e-11;4.6193970492351225e-09;;;;ORANGE;True
1785027439.8983648;6.7253919789998236;Simulation RF;Détection RF large bande;2,45 GHz;2,45 GHz;;2757;2.221390285691908;-44.85561142767631;-61.55561142767631;6.989383288060754e-10;0.1;6.989383288060754e-11;1.2433123580234896e-08;;;;ORANGE;True
1785027439.99851;6.82550020199983;Simulation RF;Détection RF large bande;868 MHz;868 MHz;;2384;1.921000323538197;-32.840012941527874;-65.84001294152787;2.606145783941535e-10;0.1;2.6061457839415353e-11;4.645458507074538e-09;;;;ORANGE;True
1785027439.9987097;6.82550020199983;Simulation RF;Détection RF large bande;2,45 GHz;2,45 GHz;;2841;2.2892050239052306;-47.568200956209225;-64.26820095620923;3.7426559386854334e-10;0.1;3.7426559386854334e-11;1.247055013962175e-08;;;;ORANGE;True
1785027440.0984128;6.9255759249999755;Simulation RF;Détection RF large bande;868 MHz;868 MHz;;2352;1.8956560438485714;-31.826241753942853;-64.82624175394285;3.291363317661593e-10;0.1;3.291363317661593e-11;4.678372140251154e-09;;;;ORANGE;True
1785027440.0985558;6.9255759249999755;Simulation RF;Détection RF large bande;2,45 GHz;2,45 GHz;;2827;2.2780035512976013;-47.120142051904054;-63.82014205190405;4.149404702657721e-10;0.1;4.149404702657721e-11;1.2512044186648326e-08;;;;ORANGE;True
1785027440.198666;7.0256817329998285;Simulation RF;Détection RF large bande;868 MHz;868 MHz;;2446;1.9714447852366934;-34.85779140946774;-67.85779140946774;1.6376491308648788e-10;0.1;1.637649130864879e-11;4.6947486315598025e-09;;;;ORANGE;True
1785027440.1989865;7.0256817329998285;Simulation RF;Détection RF large bande;2,45 GHz;2,45 GHz;;2778;2.2390298653800014;-45.56119461520005;-62.261194615200054;5.941287089653151e-10;0.1;5.941287089653151e-11;1.2571457057544858e-08;;;;ORANGE;True
1785027440.2985733;7.125750253999968;Simulation RF;Détection RF large bande;868 MHz;868 MHz;;2341;1.8867678153216667;-31.470712612866663;-64.47071261286666;3.5721421978459713e-10;0.1;3.5721421978459713e-11;4.730470053538262e-09;;;;ORANGE;True
1785027440.2987118;7.125750253999968;Simulation RF;Détection RF large bande;2,45 GHz;2,45 GHz;;2726;2.1967405253528547;-43.86962101411419;-60.56962101411419;8.770773557185521e-10;0.1;8.770773557185522e-11;1.2659164793116713e-08;;;;ORANGE;True
1785027440.3987477;7.225837843999898;Simulation RF;Détection RF large bande;868 MHz;868 MHz;;2371;1.910503624495021;-32.42014497980084;-65.42014497980084;2.87068474883606e-10;0.1;2.8706847488360602e-11;4.759176901026622e-09;;;;ORANGE;True
1785027440.3989668;7.225837843999898;Simulation RF;Détection RF large bande;2,45 GHz;2,45 GHz;;2776;2.2372568083222144;-45.490272332888566;-62.19027233288856;6.039107587782324e-10;0.1;6.039107587782325e-11;1.2719555868994536e-08;;;;ORANGE;True
1785027440.4987512;7.325931432999823;Simulation RF;Détection RF large bande;868 MHz;868 MHz;;2387;1.9237150036154256;-32.94860014461702;-65.94860014461702;2.541791865771283e-10;0.1;2.541791865771283e-11;4.7845948196843345e-09;;;;ORANGE;True
1785027440.4988875;7.325931432999823;Simulation RF;Détection RF large bande;2,45 GHz;2,45 GHz;;2830;2.2806166380869928;-47.2246655234797;-63.9246655234797;4.0507314107452944e-10;0.1;4.0507314107452944e-11;1.2760063183101989e-08;;;;ORANGE;True
1785027440.5989344;7.426019263999933;Simulation RF;Détection RF large bande;868 MHz;868 MHz;;2439;1.9655831936943189;-34.62332774777275;-67.62332774777275;1.728491408532092e-10;0.1;1.728491408532092e-11;4.801879733769655e-09;;;;ORANGE;True
1785027440.5991037;7.426019263999933;Simulation RF;Détection RF large bande;2,45 GHz;2,45 GHz;;2801;2.2571385870596745;-46.285543482386984;-62.98554348238699;5.028583334946931e-10;0.1;5.0285833349469314e-11;1.2810349016451458e-08;;;;ORANGE;True
1785027440.6989057;7.526086229999919;Simulation RF;Détection RF large bande;868 MHz;868 MHz;;2386;1.9229183049616514;-32.91673219846605;-65.91673219846605;2.5605117914650666e-10;0.1;2.5605117914650666e-11;4.827484851684306e-09;;;;ORANGE;True
1785027440.6990423;7.526086229999919;Simulation RF;Détection RF large bande;2,45 GHz;2,45 GHz;;2811;2.265540488238073;-46.62161952952292;-63.32161952952291;4.6541250397027304e-10;0.1;4.6541250397027306e-11;1.2856890266848486e-08;;;;ORANGE;True
1785027440.7990472;7.626176393999913;Simulation RF;Détection RF large bande;868 MHz;868 MHz;;2432;1.9597349929120815;-34.389399716483254;-67.38939971648325;1.8241478193142347e-10;0.1;1.824147819314235e-11;4.845726329877448e-09;;;;ORANGE;True
1785027440.7992105;7.626176393999913;Simulation RF;Détection RF large bande;2,45 GHz;2,45 GHz;;2760;2.2245407669752573;-44.981630679010294;-61.6816306790103;6.789486546593789e-10;0.1;6.78948654659379e-11;1.2924785132314424e-08;;;;ORANGE;True
1785027440.899067;7.72624284199992;Simulation RF;Détection RF large bande;868 MHz;868 MHz;;2389;1.925139193984266;-33.005567759370635;-66.00556775937063;2.508668196255545e-10;0.1;2.508668196255545e-11;4.870813011840004e-09;;;;ORANGE;True
1785027440.899202;7.72624284199992;Simulation RF;Détection RF large bande;2,45 GHz;2,45 GHz;;2818;2.2709239758604367;-46.83695903441746;-63.536959034417464;4.4289838489499773e-10;0.1;4.428983848949977e-11;1.2969074970803923e-08;;;;ORANGE;True
1785027440.9991841;7.826329987999998;Simulation RF;Détection RF large bande;868 MHz;868 MHz;;2350;1.8940670031988962;-31.762680127955846;-64.76268012795585;3.3398886444942415e-10;0.1;3.3398886444942415e-11;4.904211898284946e-09;;;;ORANGE;True
1785027440.9993565;7.826329987999998;Simulation RF;Détection RF large bande;2,45 GHz;2,45 GHz;;2815;2.2688540270382997;-46.75416108153199;-63.45416108153199;4.5142321749169515e-10;0.1;4.514232174916952e-11;1.3014217292553093e-08;;;;ORANGE;True
1785027441.0992086;7.92639720599982;Simulation RF;Détection RF large bande;868 MHz;868 MHz;;2383;1.9199776116116873;-32.79910446446749;-65.79910446446749;2.6308104213802135e-10;0.1;2.6308104213802137e-11;4.9305200024987485e-09;;;;ORANGE;True
1785027441.0993438;7.92639720599982;Simulation RF;Détection RF large bande;2,45 GHz;2,45 GHz;;2797;2.2536323003062906;-46.145292012251616;-62.84529201225161;5.193627512614994e-10;0.1;5.193627512614995e-11;1.3066153567679243e-08;;;;ORANGE;True
1785027441.19946;8.026506579999932;Simulation RF;Détection RF large bande;868 MHz;868 MHz;;2391;1.9266379241936715;-33.06551696774686;-66.06551696774686;2.474276915225309e-10;0.1;2.4742769152253092e-11;4.9552627716510015e-09;;;;ORANGE;True
1785027441.1996393;8.026506579999932;Simulation RF;Détection RF large bande;2,45 GHz;2,45 GHz;;2773;2.234380813882303;-45.37523255529213;-62.07523255529213;6.201214366044068e-10;0.1;6.201214366044068e-11;1.3128165711339683e-08;;;;ORANGE;True
1785027441.2994335;8.12657146499987;Simulation RF;Détection RF large bande;868 MHz;868 MHz;;2362;1.9035541164032983;-32.142164656131925;-65.14216465613192;3.060437638026696e-10;0.1;3.060437638026696e-11;4.9858671480312686e-09;;;;ORANGE;True
1785027441.3007848;8.12657146499987;Simulation RF;Détection RF large bande;2,45 GHz;2,45 GHz;;2787;2.2459195107279633;-45.836780429118534;-62.53678042911853;5.57598962590117e-10;0.1;5.57598962590117e-11;1.3183925607598695e-08;;;;ORANGE;True
1785027441.399659;8.226677857999903;Simulation RF;Détection RF large bande;868 MHz;868 MHz;;2356;1.8984636366756202;-31.93854546702481;-64.93854546702481;3.2073433435659546e-10;0.1;3.2073433435659546e-11;5.017940581466928e-09;;;;ORANGE;True
1785027441.3998568;8.226677857999903;Simulation RF;Détection RF large bande;2,45 GHz;2,45 GHz;;2721;2.1928038241537586;-43.71215296615034;-60.41215296615034;9.094623051301708e-10;0.1;9.09462305130171e-11;1.3274871838111712e-08;;;;ORANGE;True
1785027441.4996529;8.326763460999928;Simulation RF;Détection RF large bande;868 MHz;868 MHz;;2375;1.913954215597958;-32.55816862391832;-65.55816862391832;2.7808856920253296e-10;0.1;2.78088569202533e-11;5.045749438387181e-09;;;;ORANGE;True
1785027441.499808;8.326763460999928;Simulation RF;Détection RF large bande;2,45 GHz;2,45 GHz;;2750;2.216375777008306;-44.655031080332236;-61.35503108033223;7.319760847861843e-10;0.1;7.319760847861843e-11;1.334806944659033e-08;;;;ORANGE;True
1785027441.5998766;8.426874722999855;Simulation RF;Détection RF large bande;868 MHz;868 MHz;;2356;1.8984086106847151;-31.936344427388605;-64.9363444273886;3.208969263149538e-10;0.1;3.2089692631495386e-11;5.077839131018677e-09;;;;ORANGE;True
1785027441.6000776;8.426874722999855;Simulation RF;Détection RF large bande;2,45 GHz;2,45 GHz;;2792;2.2498508412836027;-45.9940336513441;-62.69403365134409;5.377700790313642e-10;0.1;5.3777007903136425e-11;1.3401846454493466e-08;;;;ORANGE;True
1785027441.699843;8.526960287999827;Simulation RF;Détection RF large bande;868 MHz;868 MHz;;2337;1.8832050786049734;-31.328203144198937;-64.32820314419894;3.691302914410386e-10;0.1;3.691302914410386e-11;5.11475216016278e-09;;;;ORANGE;True
1785027441.6999943;8.526960287999827;Simulation RF;Détection RF large bande;2,45 GHz;2,45 GHz;;2770;2.2322250068477514;-45.28900027391005;-61.98900027391005;6.325574464571081e-10;0.1;6.325574464571082e-11;1.3465102199139178e-08;;;;ORANGE;True
1785027441.8000443;8.62706381099997;Simulation RF;Détection RF large bande;868 MHz;868 MHz;;2316;1.866224286305329;-30.64897145221316;-63.64897145221316;4.316212864048117e-10;0.1;4.316212864048117e-11;5.1579142888032615e-09;;;;ORANGE;True
1785027441.8002424;8.62706381099997;Simulation RF;Détection RF large bande;2,45 GHz;2,45 GHz;;2798;2.2544596822806526;-46.1783872912261;-62.8783872912261;5.154200050721935e-10;0.1;5.154200050721935e-11;1.3516644199646397e-08;;;;ORANGE;True
1785027441.899967;8.727128029999903;Simulation RF;Détection RF large bande;868 MHz;868 MHz;;2395;1.9298164908513042;-33.19265963405216;-66.19265963405216;2.4028908108919353e-10;0.1;2.4028908108919353e-11;5.181943196912181e-09;;;;ORANGE;True
1785027441.900111;8.727128029999903;Simulation RF;Détection RF large bande;2,45 GHz;2,45 GHz;;2776;2.2370150625200953;-45.48060250080381;-62.18060250080381;6.052569010722015e-10;0.1;6.052569010722015e-11;1.3577169889753617e-08;;;;ORANGE;True
1785027442.0003934;8.82724258799999;Simulation RF;Détection RF large bande;868 MHz;868 MHz;;2325;1.87347768773362;-30.939107509344794;-63.939107509344794;4.037283520599016e-10;0.1;4.0372835205990164e-11;5.222316032118171e-09;;;;ORANGE;True
1785027442.0008485;8.82724258799999;Simulation RF;Détection RF large bande;2,45 GHz;2,45 GHz;;2715;2.187743599785113;-43.509743991404505;-60.20974399140451;9.528523312575173e-10;0.1;9.528523312575174e-11;1.3672455122879368e-08;;;;ORANGE;True
1785027442.1003602;8.92735474999995;Simulation RF;Détection RF large bande;868 MHz;868 MHz;;2363;1.9042608000766927;-32.1704320030677;-65.1704320030677;3.040582556642138e-10;0.1;3.040582556642138e-11;5.252721857684592e-09;;;;ORANGE;True
1785027442.10067;8.92735474999995;Simulation RF;Détection RF large bande;2,45 GHz;2,45 GHz;;2724;2.1948374393806436;-43.79349757522574;-60.493497575225746;8.925863529399657e-10;0.1;8.925863529399658e-11;1.3761713758173365e-08;;;;ORANGE;True
1785027442.201652;9.027479668999831;Simulation RF;Détection RF large bande;868 MHz;868 MHz;;2353;1.896068311596797;-31.84273246387187;-64.84273246387187;3.278889293203619e-10;0.1;3.2788892932036196e-11;5.285510750616628e-09;;;;ORANGE;True
1785027442.202208;9.027479668999831;Simulation RF;Détection RF large bande;2,45 GHz;2,45 GHz;;2752;2.2177850475159544;-44.71140190063818;-61.41140190063818;7.22536531486086e-10;0.1;7.225365314860861e-11;1.3833967411321973e-08;;;;ORANGE;True
1785027442.3005745;9.127575168999783;Simulation RF;Détection RF large bande;868 MHz;868 MHz;;2316;1.866749061878708;-30.669962475148317;-63.66996247514832;4.295401381545132e-10;0.1;4.295401381545132e-11;5.32846476443208e-09;;;;ORANGE;True
1785027442.3008127;9.127575168999783;Simulation RF;Détection RF large bande;2,45 GHz;2,45 GHz;;2768;2.230503939433184;-45.22015757732734;-61.92015757732734;6.426643987671015e-10;0.1;6.426643987671015e-11;1.3898233851198683e-08;;;;ORANGE;True
1785027442.4014945;9.227705529999866;Simulation RF;Détection RF large bande;868 MHz;868 MHz;;2321;1.870798175155093;-30.83192700620372;-63.83192700620372;4.138160199473265e-10;0.1;4.1381601994732654e-11;5.369846366426813e-09;;;;ORANGE;True
1785027442.4019232;9.227705529999866;Simulation RF;Détection RF large bande;2,45 GHz;2,45 GHz;;2792;2.2503403105039257;-46.01361242015703;-62.713612420157034;5.353511722551164e-10;0.1;5.353511722551164e-11;1.3951768968424194e-08;;;;ORANGE;True
1785027442.5008233;9.327816710999969;Simulation RF;Détection RF large bande;868 MHz;868 MHz;;2357;1.8991702493344276;-31.966809973377096;-64.9668099733771;3.186537272003022e-10;0.1;3.186537272003022e-11;5.401711739146843e-09;;;;ORANGE;True
1785027442.5010984;9.327816710999969;Simulation RF;Détection RF large bande;2,45 GHz;2,45 GHz;;2726;2.196432172733545;-43.857286909341795;-60.5572869093418;8.795718244922363e-10;0.1;8.795718244922363e-11;1.4039726150873418e-08;;;;ORANGE;True
1785027442.6148157;9.428002594999953;Simulation RF;Détection RF large bande;868 MHz;868 MHz;;2381;1.9188176378282877;-32.7527055131315;-65.7527055131315;2.6590680309625985e-10;0.1;2.6590680309625985e-11;5.428302419456469e-09;;;;ORANGE;True
1785027442.615315;9.428002594999953;Simulation RF;Détection RF large bande;2,45 GHz;2,45 GHz;;2764;2.2277919111734468;-45.111676446937864;-61.81167644693787;6.589194925649812e-10;0.1;6.589194925649812e-11;1.4105618100129917e-08;;;;ORANGE;True
1785027442.7010772;9.528105518999837;Simulation RF;Détection RF large bande;868 MHz;868 MHz;;2291;1.8463142220792295;-29.852568883169177;-62.85256888316918;5.184932557070427e-10;0.1;5.184932557070427e-11;5.480151745027173e-09;;;;ORANGE;True
1785027442.701345;9.528105518999837;Simulation RF;Détection RF large bande;2,45 GHz;2,45 GHz;;2693;2.1704619946246395;-42.81847978498557;-59.518479784985566;1.1172542657528017e-09;0.1;1.1172542657528017e-10;1.4217343526705196e-08;;;;ORANGE;True
1785027442.808153;9.628218162999929;Simulation RF;Détection RF large bande;868 MHz;868 MHz;;2380;1.917965230321733;-32.71860921286931;-65.71860921286931;2.68002644060884e-10;0.1;2.6800264406088403e-11;5.506952009433261e-09;;;;ORANGE;True
1785027442.8086255;9.628218162999929;Simulation RF;Détection RF large bande;2,45 GHz;2,45 GHz;;2766;2.2293288881611053;-45.173155526444205;-61.87315552644421;6.496574862513913e-10;0.1;6.496574862513913e-11;1.4282309275330335e-08;;;;ORANGE;True
1785027442.9012585;9.728311051999981;Simulation RF;Détection RF large bande;868 MHz;868 MHz;;2420;1.9501766493972328;-34.007065975889304;-67.0070659758893;1.9920186604677e-10;0.1;1.9920186604677e-11;5.526872196037938e-09;;;;ORANGE;True
1785027442.9015179;9.728311051999981;Simulation RF;Détection RF large bande;2,45 GHz;2,45 GHz;;2687;2.1651434649648627;-42.6057385985945;-59.3057385985945;1.1733461161771875e-09;0.1;1.1733461161771876e-10;1.4399643886948053e-08;;;;ORANGE;True
1785027443.0129964;9.82843758099989;Simulation RF;Détection RF large bande;868 MHz;868 MHz;;2346;1.8907287970127251;-31.629151880509;-64.629151880509;3.4441718430183967e-10;0.1;3.4441718430183965e-11;5.561313914468122e-09;;;;ORANGE;True
1785027443.0133462;9.82843758099989;Simulation RF;Détection RF large bande;2,45 GHz;2,45 GHz;;2773;2.2347684847019345;-45.39073938807738;-62.09073938807738;6.179111915574105e-10;0.1;6.179111915574106e-11;1.4461435006103795e-08;;;;ORANGE;True
1785027443.1015093;9.928540683999927;Simulation RF;Détection RF large bande;868 MHz;868 MHz;;2435;1.9620043785083532;-34.480175140334126;-67.48017514033413;1.7864155316336993e-10;0.1;1.7864155316336993e-11;5.579178069784459e-09;;;;ORANGE;True
1785027443.101776;9.928540683999927;Simulation RF;Détection RF large bande;2,45 GHz;2,45 GHz;;2754;2.219367102340315;-44.77468409361259;-61.47468409361259;7.12084595244151e-10;0.1;7.120845952441511e-11;1.453264346562821e-08;;;;ORANGE;True
1785027443.2247818;10.028688533999912;Simulation RF;Détection RF large bande;868 MHz;868 MHz;;2324;1.8728778890322184;-30.91511556128873;-63.91511556128873;4.059648608010158e-10;0.1;4.059648608010158e-11;5.619774555864561e-09;;;;ORANGE;True
1785027443.2252207;10.028688533999912;Simulation RF;Détection RF large bande;2,45 GHz;2,45 GHz;;2739;2.207515917953791;-44.30063671815164;-61.00063671815163;7.942117869789428e-10;0.1;7.942117869789429e-11;1.4612064644326104e-08;;;;ORANGE;True
1785027443.30202;10.128829940999822;Simulation RF;Détection RF large bande;868 MHz;868 MHz;;2406;1.9389495579886749;-33.557982319546994;-66.557982319547;2.2090307840550145e-10;0.1;2.2090307840550146e-11;5.6418648637051115e-09;;;;ORANGE;True
1785027443.3023822;10.128829940999822;Simulation RF;Détection RF large bande;2,45 GHz;2,45 GHz;;2773;2.2344176172962515;-45.376704691850065;-62.07670469185006;6.199112684423964e-10;0.1;6.199112684423965e-11;1.4674055771170343e-08;;;;ORANGE;True
1785027443.4019568;10.228929840999854;Simulation RF;Détection RF large bande;868 MHz;868 MHz;;2299;1.853048508611246;-30.12194034444984;-63.12194034444984;4.873107203758294e-10;0.1;4.873107203758294e-11;5.690595935742694e-09;;;;ORANGE;True
1785027443.402209;10.228929840999854;Simulation RF;Détection RF large bande;2,45 GHz;2,45 GHz;;2693;2.1698290713858723;-42.793162855434886;-59.49316285543489;1.1237862511431158e-09;0.1;1.1237862511431158e-10;1.4786434396284654e-08;;;;ORANGE;True
1785027443.5018482;10.329007189999857;Simulation RF;Détection RF large bande;868 MHz;868 MHz;;2360;1.9017153124096886;-32.068612496387544;-65.06861249638754;3.112710641109883e-10;0.1;3.112710641109883e-11;5.7217230421537925e-09;;;;ORANGE;True
1785027443.502;10.329007189999857;Simulation RF;Détection RF large bande;2,45 GHz;2,45 GHz;;2797;2.253857094993588;-46.154283799743524;-62.85428379974352;5.182885565495811e-10;0.1;5.182885565495811e-11;1.4838263251939612e-08;;;;ORANGE;True
1785027443.6022654;10.429151373999957;Simulation RF;Détection RF large bande;868 MHz;868 MHz;;2339;1.8848313021940655;-31.39325208776262;-64.39325208776262;3.63642630953558e-10;0.1;3.636426309535581e-11;5.758087305249148e-09;;;;ORANGE;True
1785027443.6060412;10.429151373999957;Simulation RF;Détection RF large bande;2,45 GHz;2,45 GHz;;2711;2.184666956616869;-43.38667826467474;-60.086678264674745;9.802394425653908e-10;0.1;9.802394425653908e-11;1.493628719619615e-08;;;;ORANGE;True
1785027443.7021086;10.529229464999844;Simulation RF;Détection RF large bande;868 MHz;868 MHz;;2322;1.8713896141151691;-30.855584564606765;-63.855584564606765;4.1156794612751837e-10;0.1;4.1156794612751837e-11;5.7992440998619e-09;;;;ORANGE;True
1785027443.7022626;10.529229464999844;Simulation RF;Détection RF large bande;2,45 GHz;2,45 GHz;;2699;2.1746345435817673;-42.98538174327069;-59.685381743270696;1.0751320925191213e-09;0.1;1.0751320925191213e-10;1.5043800405448064e-08;;;;ORANGE;True
1785027443.8023946;10.629349765999905;Simulation RF;Détection RF large bande;868 MHz;868 MHz;;2402;1.9353344399683934;-33.413377598735735;-66.41337759873574;2.283821936574273e-10;0.1;2.283821936574273e-11;5.822082319227643e-09;;;;ORANGE;True
1785027443.802787;10.629349765999905;Simulation RF;Détection RF large bande;2,45 GHz;2,45 GHz;;2710;2.1835153667152407;-43.34061466860962;-60.040614668609614;9.90691719717852e-10;0.1;9.90691719717852e-11;1.514286957741985e-08;;;;ORANGE;True
1785027443.9023135;10.729435983999792;Simulation RF;Détection RF large bande;868 MHz;868 MHz;;2358;1.8998177857891143;-31.992711431564572;-64.99271143156457;3.1675892239881106e-10;0.1;3.1675892239881106e-11;5.853758211467524e-09;;;;ORANGE;True
1785027443.9024723;10.729435983999792;Simulation RF;Détection RF large bande;2,45 GHz;2,45 GHz;;2710;2.1841015879793573;-43.364063519174294;-60.06406351917429;9.853570950874872e-10;0.1;9.853570950874873e-11;1.5241405286928597e-08;;;;ORANGE;True
1785027444.0025244;10.82954093699982;Simulation RF;Détection RF large bande;868 MHz;868 MHz;;2330;1.8772768372192343;-31.091073488769368;-64.09107348876937;3.898456127573361e-10;0.1;3.8984561275733613e-11;5.8927427727432574e-09;;;;ORANGE;True
1785027444.0029504;10.82954093699982;Simulation RF;Détection RF large bande;2,45 GHz;2,45 GHz;;2727;2.1975260396613594;-43.90104158645437;-60.601041586454365;8.707547281958712e-10;0.1;8.707547281958713e-11;1.5328480759748185e-08;;;;ORANGE;True
1785027444.1025224;10.929631073999872;Simulation RF;Détection RF large bande;868 MHz;868 MHz;;2343;1.888179212348797;-31.527168493951876;-64.52716849395188;3.526006841341457e-10;0.1;3.526006841341457e-11;5.928002841156672e-09;;;;ORANGE;True
1785027444.102684;10.929631073999872;Simulation RF;Détection RF large bande;2,45 GHz;2,45 GHz;;2726;2.196836111958049;-43.87344447832196;-60.57344447832195;8.763055296246237e-10;0.1;8.763055296246238e-11;1.5416111312710647e-08;;;;ORANGE;True
1785027444.20324;11.029751738999948;Simulation RF;Détection RF large bande;868 MHz;868 MHz;;2296;1.8504481624999256;-30.017926499997017;-63.01792649999702;4.991227322478196e-10;0.1;4.991227322478196e-11;5.977915114381454e-09;;;;ORANGE;True
1785027444.2036006;11.029751738999948;Simulation RF;Détection RF large bande;2,45 GHz;2,45 GHz;;2734;2.202913713663465;-44.116548546538596;-60.81654854653859;8.286004128436429e-10;0.1;8.28600412843643e-11;1.5498971353995013e-08;;;;ORANGE;True
1785027444.302723;11.129839745999789;Simulation RF;Détection RF large bande;868 MHz;868 MHz;;2402;1.9353192284128653;-33.41276913651461;-66.41276913651461;2.2841419306741232e-10;0.1;2.2841419306741235e-11;6.000756533688196e-09;;;;ORANGE;True
1785027444.3028796;11.129839745999789;Simulation RF;Détection RF large bande;2,45 GHz;2,45 GHz;;2760;2.2240597670504836;-44.96239068201933;-61.66239068201933;6.81963187195325e-10;0.1;6.819631871953249e-11;1.5567167672714546e-08;;;;ORANGE;True
1785027444.4039557;11.229969557000004;Simulation RF;Détection RF large bande;868 MHz;868 MHz;;2436;1.9628033518832624;-34.51213407533049;-67.5121340753305;1.7733178778532688e-10;0.1;1.7733178778532688e-11;6.018489712466728e-09;;;;ORANGE;True
1785027444.4043305;11.229969557000004;Simulation RF;Détection RF large bande;2,45 GHz;2,45 GHz;;2709;2.183077149022013;-43.32308596088052;-60.02308596088052;9.94698364600824e-10;0.1;9.946983646008241e-11;1.566663750917463e-08;;;;ORANGE;True
1785027444.5030067;11.330058507999865;Simulation RF;Détection RF large bande;868 MHz;868 MHz;;2359;1.9011861755520858;-32.04744702208343;-65.04744702208343;3.127917557135966e-10;0.1;3.127917557135966e-11;6.049768888038088e-09;;;;ORANGE;True
1785027444.5031655;11.330058507999865;Simulation RF;Détection RF large bande;2,45 GHz;2,45 GHz;;2758;2.222489432991891;-44.89957731967564;-61.59957731967564;6.918983071578267e-10;0.1;6.918983071578268e-11;1.5735827339890413e-08;;;;ORANGE;True
1785027444.6054723;11.430213867999782;Simulation RF;Détection RF large bande;868 MHz;868 MHz;;2377;1.9154927013391245;-32.61970805356498;-65.61970805356498;2.7417584753768654e-10;0.1;2.7417584753768655e-11;6.077186472791856e-09;;;;ORANGE;True
1785027444.6059012;11.430213867999782;Simulation RF;Détection RF large bande;2,45 GHz;2,45 GHz;;2682;2.1613083409045113;-42.45233363618044;-59.152333636180444;1.2155326713072373e-09;0.1;1.2155326713072374e-10;1.585738060702114e-08;;;;ORANGE;True
1785027444.703176;11.530298597999945;Simulation RF;Détection RF large bande;868 MHz;868 MHz;;2327;1.8748935671065183;-30.995742684260733;-63.99574268426073;3.984976196590097e-10;0.1;3.9849761965900974e-11;6.117036234757757e-09;;;;ORANGE;True
1785027444.7033367;11.530298597999945;Simulation RF;Détection RF large bande;2,45 GHz;2,45 GHz;;2717;2.1896861614587837;-43.58744645835134;-60.28744645835133;9.35955830735293e-10;0.1;9.359558307352931e-11;1.595097619009467e-08;;;;ORANGE;True
1785027444.8079195;11.630428074999827;Simulation RF;Détection RF large bande;868 MHz;868 MHz;;2367;1.907402859071096;-32.29611436284384;-65.29611436284384;2.953850858128487e-10;0.1;2.953850858128487e-11;6.1465747433390426e-09;;;;ORANGE;True
1785027444.8082883;11.630428074999827;Simulation RF;Détection RF large bande;2,45 GHz;2,45 GHz;;2716;2.1889568942120485;-43.558275768481934;-60.25827576848194;9.422636188108782e-10;0.1;9.422636188108782e-11;1.6045202551975757e-08;;;;ORANGE;True
1785027444.9034579;11.730566031999842;Simulation RF;Détection RF large bande;868 MHz;868 MHz;;2347;1.891055632659251;-31.642225306370037;-64.64222530637004;3.433819553679833e-10;0.1;3.4338195536798335e-11;6.180912938875841e-09;;;;ORANGE;True
1785027444.903617;11.730566031999842;Simulation RF;Détection RF large bande;2,45 GHz;2,45 GHz;;2743;2.210874659560865;-44.4349863824346;-61.1349863824346;7.700188587936583e-10;0.1;7.700188587936584e-11;1.6122204437855123e-08;;;;ORANGE;True
1785027445.0104795;11.830660537999847;Simulation RF;Détection RF large bande;868 MHz;868 MHz;;2367;1.9071692784319438;-32.28677113727775;-65.28677113727775;2.960212487027341e-10;0.1;2.960212487027341e-11;6.210515063746114e-09;;;;ORANGE;True
1785027445.0108898;11.830660537999847;Simulation RF;Détection RF large bande;2,45 GHz;2,45 GHz;;2689;2.166873764627249;-42.674950585089945;-59.37495058508994;1.1547951241086582e-09;0.1;1.1547951241086582e-10;1.623768395026599e-08;;;;ORANGE;True
1785027445.1036851;11.930796006999799;Simulation RF;Détection RF large bande;868 MHz;868 MHz;;2366;1.9064803855156338;-32.25921542062535;-65.25921542062535;2.979054565130582e-10;0.1;2.979054565130582e-11;6.24030560939742e-09;;;;ORANGE;True
1785027445.1038473;11.930796006999799;Simulation RF;Détection RF large bande;2,45 GHz;2,45 GHz;;2745;2.2124629934093814;-44.49851973637526;-61.19851973637526;7.588361751783857e-10;0.1;7.588361751783857e-11;1.6313567567783827e-08;;;;ORANGE;True
1785027445.2096815;12.030888117999893;Simulation RF;Détection RF large bande;868 MHz;868 MHz;;2369;1.9092553099509346;-32.37021239803738;-65.37021239803738;2.9038806324827484e-10;0.1;2.9038806324827487e-11;6.269344415722248e-09;;;;ORANGE;True
1785027445.2100658;12.030888117999893;Simulation RF;Détection RF large bande;2,45 GHz;2,45 GHz;;2701;2.1769693242335246;-43.078772969340974;-59.77877296934097;1.052259131073408e-09;0.1;1.052259131073408e-10;1.6418793480891167e-08;;;;ORANGE;True
1785027445.3038516;12.130976303999887;Simulation RF;Détection RF large bande;868 MHz;868 MHz;;2406;1.9391855207970599;-33.56742083188239;-66.56742083188239;2.2042351154508554e-10;0.1;2.2042351154508555e-11;6.291386766876757e-09;;;;ORANGE;True
1785027445.3040087;12.130976303999887;Simulation RF;Détection RF large bande;2,45 GHz;2,45 GHz;;2772;2.233731526387467;-45.34926105549869;-62.04926105549869;6.23840971908165e-10;0.1;6.238409719081651e-11;1.6481177578081984e-08;;;;ORANGE;True
1785027445.4117253;12.231077670999866;Simulation RF;Détection RF large bande;868 MHz;868 MHz;;2348;1.8920074377910077;-31.680297511640305;-64.6802975116403;3.4038487097735267e-10;0.1;3.4038487097735265e-11;6.325425253974492e-09;;;;ORANGE;True
1785027445.41208;12.231077670999866;Simulation RF;Détection RF large bande;2,45 GHz;2,45 GHz;;2731;2.200910711933646;-44.03642847734584;-60.73642847734584;8.440285791567966e-10;0.1;8.440285791567966e-11;1.6565580435997666e-08;;;;ORANGE;True
1785027445.5040653;12.331172539999898;Simulation RF;Détection RF large bande;868 MHz;868 MHz;;2371;1.9103663090394407;-32.41465236157762;-65.41465236157762;2.874317664064586e-10;0.1;2.8743176640645863e-11;6.354168430615138e-09;;;;ORANGE;True
1785027445.5042248;12.331172539999898;Simulation RF;Détection RF large bande;2,45 GHz;2,45 GHz;;2707;2.181416494739918;-43.25665978959671;-59.95665978959671;1.0100294130291575e-09;0.1;1.0100294130291575e-10;1.666658337730058e-08;;;;ORANGE;True
1785027445.6132493;12.431278979999888;Simulation RF;Détection RF large bande;868 MHz;868 MHz;;2408;1.9407627164622856;-33.63050865849142;-66.63050865849142;2.1724467206026908e-10;0.1;2.172446720602691e-11;6.375892897821165e-09;;;;ORANGE;True
1785027445.6136224;12.431278979999888;Simulation RF;Détection RF large bande;2,45 GHz;2,45 GHz;;2752;2.217682938716316;-44.70731754865264;-61.407317548652635;7.232163655072747e-10;0.1;7.232163655072747e-11;1.673890501385131e-08;;;;ORANGE;True
1785027445.7042491;12.53136514799985;Simulation RF;Détection RF large bande;868 MHz;868 MHz;;2369;1.9093235413156524;-32.372941652626096;-65.3729416526261;2.9020563081848503e-10;0.1;2.9020563081848503e-11;6.404913460903014e-09;;;;ORANGE;True
1785027445.7044082;12.53136514799985;Simulation RF;Détection RF large bande;2,45 GHz;2,45 GHz;;2772;2.233793939820854;-45.35175759283416;-62.051757592834164;6.234824606257588e-10;0.1;6.234824606257588e-11;1.6801253259913887e-08;;;;ORANGE;True
1785027445.8146157;12.631497877999891;Simulation RF;Détection RF large bande;868 MHz;868 MHz;;2366;1.9069877548622174;-32.279510194488694;-65.2795101944887;2.965165787659408e-10;0.1;2.9651657876594084e-11;6.434565118779608e-09;;;;ORANGE;True
1785027445.8163674;12.631497877999891;Simulation RF;Détection RF large bande;2,45 GHz;2,45 GHz;;2741;2.2092271193432365;-44.369084773729455;-61.06908477372945;7.817925411238637e-10;0.1;7.817925411238637e-11;1.6879432514026272e-08;;;;ORANGE;True
1785027445.904475;12.731583359999831;Simulation RF;Détection RF large bande;868 MHz;868 MHz;;2366;1.9065676216895473;-32.26270486758189;-65.26270486758189;2.976661931036723e-10;0.1;2.976661931036723e-11;6.464331738089975e-09;;;;ORANGE;True
1785027445.9046364;12.731583359999831;Simulation RF;Détection RF large bande;2,45 GHz;2,45 GHz;;2689;2.167044670286677;-42.68178681146708;-59.38178681146707;1.152978791836845e-09;0.1;1.152978791836845e-10;1.6994730393209957e-08;;;;ORANGE;True
1785027446.0146534;12.831683968999869;Simulation RF;Détection RF large bande;868 MHz;868 MHz;;2417;1.9478969195359097;-33.91587678143638;-66.91587678143638;2.0342874594465244e-10;0.1;2.0342874594465247e-11;6.48467461268444e-09;;;;ORANGE;True
1785027446.0149996;12.831683968999869;Simulation RF;Détection RF large bande;2,45 GHz;2,45 GHz;;2738;2.206653680609664;-44.26614722438656;-60.96614722438655;8.005441302953092e-10;0.1;8.005441302953092e-11;1.7074784806239486e-08;;;;ORANGE;True
1785027446.10467;12.931779589999906;Simulation RF;Détection RF large bande;868 MHz;868 MHz;;2411;1.9425368295065448;-33.701473180261786;-66.70147318026179;2.137236989472141e-10;0.1;2.1372369894721412e-11;6.506046982579162e-09;;;;ORANGE;True
1785027446.104832;12.931779589999906;Simulation RF;Détection RF large bande;2,45 GHz;2,45 GHz;;2737;2.2054212400609035;-44.21684960243614;-60.916849602436145;8.096830350043634e-10;0.1;8.096830350043635e-11;1.7155753109739923e-08;;;;ORANGE;True
1785027446.217897;13.031875952999826;Simulation RF;Détection RF large bande;868 MHz;868 MHz;;2412;1.9441294529619864;-33.765178118479454;-66.76517811847945;2.106115518481642e-10;0.1;2.1061155184816422e-11;6.527108137763978e-09;;;;ORANGE;True
1785027446.218275;13.031875952999826;Simulation RF;Détection RF large bande;2,45 GHz;2,45 GHz;;2709;2.182950656666417;-43.31802626665669;-60.01802626665669;9.9585790096608e-10;0.1;9.9585790096608e-11;1.725533889983653e-08;;;;ORANGE;True
1785027446.3048189;13.131963021999809;Simulation RF;Détection RF large bande;868 MHz;868 MHz;;2422;1.9521030631255305;-34.084122525021215;-67.08412252502121;1.9569861293701325e-10;0.1;1.9569861293701327e-11;6.546677999057679e-09;;;;ORANGE;True
1785027446.3050468;13.131963021999809;Simulation RF;Détection RF large bande;2,45 GHz;2,45 GHz;;2737;2.2059932974972507;-44.23973189989002;-60.93973189989002;8.054281606227476e-10;0.1;8.054281606227477e-11;1.7335881715898806e-08;;;;ORANGE;True
1785027446.4168005;13.232079970999848;Simulation RF;Détection RF large bande;868 MHz;868 MHz;;2424;1.9531498667318197;-34.125994669272785;-67.12599466927279;1.938208675118627e-10;0.1;1.938208675118627e-11;6.5660600858088654e-09;;;;ORANGE;True
1785027446.4172194;13.232079970999848;Simulation RF;Détection RF large bande;2,45 GHz;2,45 GHz;;2743;2.210390974114353;-44.415638964574114;-61.11563896457412;7.734568739903046e-10;0.1;7.734568739903047e-11;1.7413227403297835e-08;;;;ORANGE;True
1785027446.5050642;13.332173538000006;Simulation RF;Détection RF large bande;868 MHz;868 MHz;;2407;1.9398864471779202;-33.59545788711681;-66.59545788711681;2.1900509135609685e-10;0.1;2.1900509135609686e-11;6.5879605949444754e-09;;;;ORANGE;True
1785027446.5052257;13.332173538000006;Simulation RF;Détection RF large bande;2,45 GHz;2,45 GHz;;2695;2.1721961620929187;-42.88784648371674;-59.587846483716746;1.0995509335922043e-09;0.1;1.0995509335922043e-10;1.7523182496657057e-08;;;;ORANGE;True
1785027446.6184459;13.432287877999897;Simulation RF;Détection RF large bande;868 MHz;868 MHz;;2484;2.0015705171851876;-36.062820687407495;-69.0628206874075;1.2408461320440873e-10;0.1;1.2408461320440873e-11;6.600369056264916e-09;;;;ORANGE;True
1785027446.6188085;13.432287877999897;Simulation RF;Détection RF large bande;2,45 GHz;2,45 GHz;;2780;2.2405652072827524;-45.62260829131009;-62.32260829131008;5.857862465996798e-10;0.1;5.857862465996798e-11;1.7581761121317023e-08;;;;ORANGE;True
1785027446.7052832;13.532426600000008;Simulation RF;Détection RF large bande;868 MHz;868 MHz;;2428;1.9569010947272714;-34.27604378909085;-67.27604378909085;1.8723870169676185e-10;0.1;1.8723870169676185e-11;6.619092926434592e-09;;;;ORANGE;True
1785027446.7054327;13.532426600000008;Simulation RF;Détection RF large bande;2,45 GHz;2,45 GHz;;2727;2.197607240495855;-43.90428961983419;-60.60428961983419;8.701037452334659e-10;0.1;8.701037452334659e-11;1.766877149584037e-08;;;;ORANGE;True
1785027446.8197415;13.632537031999846;Simulation RF;Détection RF large bande;868 MHz;868 MHz;;2387;1.9233588223838052;-32.934352895352205;-65.9343528953522;2.5501440344001063e-10;0.1;2.5501440344001065e-11;6.6445943667785934e-09;;;;ORANGE;True
1785027446.82016;13.632537031999846;Simulation RF;Détection RF large bande;2,45 GHz;2,45 GHz;;2766;2.228864961011621;-45.15459844046484;-61.854598440464834;6.52439364384047e-10;0.1;6.52439364384047e-11;1.7734015432278775e-08;;;;ORANGE;True
1785027446.9054804;13.732629247999967;Simulation RF;Détection RF large bande;868 MHz;868 MHz;;2415;1.945973889303575;-33.83895557214299;-66.83895557214299;2.0706392536425084e-10;0.1;2.0706392536425086e-11;6.6653007593150186e-09;;;;ORANGE;True
1785027446.905632;13.732629247999967;Simulation RF;Détection RF large bande;2,45 GHz;2,45 GHz;;2723;2.19438033367754;-43.7752133471016;-60.475213347101594;8.963521515818464e-10;0.1;8.963521515818464e-11;1.782365064743696e-08;;;;ORANGE;True
1785027447.0205076;13.832725944000003;Simulation RF;Détection RF large bande;868 MHz;868 MHz;;2421;1.9505969656159476;-34.0238786246379;-67.0238786246379;1.9843219549641245e-10;0.1;1.9843219549641248e-11;6.68514397886466e-09;;;;ORANGE;True
1785027447.0209653;13.832725944000003;Simulation RF;Détection RF large bande;2,45 GHz;2,45 GHz;;2809;2.26359955988901;-46.54398239556039;-63.243982395560394;4.738073139470037e-10;0.1;4.7380731394700374e-11;1.7871031378831662e-08;;;;ORANGE;True
1785027447.1057143;13.932858771999918;Simulation RF;Détection RF large bande;868 MHz;868 MHz;;2385;1.9223523672173717;-32.894094688694864;-65.89409468869486;2.5738932510505826e-10;0.1;2.5738932510505828e-11;6.710882911375166e-09;;;;ORANGE;True
1785027447.1058686;13.932858771999918;Simulation RF;Détection RF large bande;2,45 GHz;2,45 GHz;;2713;2.1865328572624594;-43.461314290498365;-60.16131429049836;9.6353738748223e-10;0.1;9.635373874822301e-11;1.7967385117579884e-08;;;;ORANGE;True
1785027447.2230873;14.032952610999928;Simulation RF;Détection RF large bande;868 MHz;868 MHz;;2461;1.9834245142013434;-35.33698056805373;-68.33698056805373;1.4665671172289445e-10;0.1;1.4665671172289445e-11;6.725548582547455e-09;;;;ORANGE;True
1785027447.2234125;14.032952610999928;Simulation RF;Détection RF large bande;2,45 GHz;2,45 GHz;;2772;2.234183048690688;-45.36732194762753;-62.067321947627526;6.212520076773863e-10;0.1;6.212520076773863e-11;1.802951031834762e-08;;;;ORANGE;True
1785027447.3060005;14.133101156999828;Simulation RF;Détection RF large bande;868 MHz;868 MHz;;2469;1.9896139518894562;-35.584558075578244;-68.58455807557824;1.3853011426451417e-10;0.1;1.3853011426451418e-11;6.739401593973907e-09;;;;ORANGE;True
1785027447.3061495;14.133101156999828;Simulation RF;Détection RF large bande;2,45 GHz;2,45 GHz;;2758;2.2228400487436195;-44.91360194974477;-61.613601949744776;6.896675703746367e-10;0.1;6.896675703746367e-11;1.8098477075385086e-08;;;;ORANGE;True
1785027447.4233372;14.23323468999979;Simulation RF;Détection RF large bande;868 MHz;868 MHz;;2391;1.9271063732154319;-33.08425492861727;-66.08425492861727;2.463624458994308e-10;0.1;2.4636244589943082e-11;6.76403783856385e-09;;;;ORANGE;True
1785027447.4237444;14.23323468999979;Simulation RF;Détection RF large bande;2,45 GHz;2,45 GHz;;2769;2.2314679449576813;-45.258717798307245;-61.95871779830725;6.369835548046453e-10;0.1;6.369835548046453e-11;1.816217543086555e-08;;;;ORANGE;True
1785027447.5062137;14.33332897199989;Simulation RF;Détection RF large bande;868 MHz;868 MHz;;2448;1.973080072017332;-34.92320288069328;-67.92320288069328;1.613168421583187e-10;0.1;1.6131684215831868e-11;6.780169522779682e-09;;;;ORANGE;True
1785027447.5063705;14.33332897199989;Simulation RF;Détection RF large bande;2,45 GHz;2,45 GHz;;2714;2.186934430236047;-43.47737720944188;-60.177377209441886;9.599802075868936e-10;0.1;9.599802075868937e-11;1.825817345162424e-08;;;;ORANGE;True
1785027447.624158;14.433430141999906;Simulation RF;Détection RF large bande;868 MHz;868 MHz;;2445;1.9707105732407173;-34.82842292962869;-67.82842292962869;1.648761003799297e-10;0.1;1.648761003799297e-11;6.796657132817675e-09;;;;ORANGE;True
1785027447.6246123;14.433430141999906;Simulation RF;Détection RF large bande;2,45 GHz;2,45 GHz;;2758;2.2229109029347924;-44.9164361173917;-61.61643611739169;6.892176461994772e-10;0.1;6.892176461994773e-11;1.8327095216244186e-08;;;;ORANGE;True
1785027447.7063453;14.53350159799993;Simulation RF;Détection RF large bande;868 MHz;868 MHz;;2520;2.030853060069854;-37.234122402794156;-70.23412240279416;9.475186342531717e-11;0.1;9.475186342531718e-12;6.806132319160206e-09;;;;VERT;True
1785027447.7064905;14.53350159799993;Simulation RF;Détection RF large bande;2,45 GHz;2,45 GHz;;2714;2.1871305168246007;-43.48522067298403;-60.18522067298402;9.58248024731355e-10;0.1;9.58248024731355e-11;1.842292001871732e-08;;;;ORANGE;True
1785027447.8254375;14.633637999999792;Simulation RF;Détection RF large bande;868 MHz;868 MHz;;2413;1.9443122983291816;-33.77249193316726;-66.77249193316726;2.1025716614766762e-10;0.1;2.1025716614766764e-11;6.827158035774973e-09;;;;ORANGE;True
1785027447.8258014;14.633637999999792;Simulation RF;Détection RF large bande;2,45 GHz;2,45 GHz;;2692;2.169271010015293;-42.77084040061173;-59.470840400611735;1.1295773097039212e-09;0.1;1.1295773097039212e-10;1.8535877749687714e-08;;;;ORANGE;True
1785027447.9065616;14.733719396999959;Simulation RF;Détection RF large bande;868 MHz;868 MHz;;2466;1.9874148708757577;-35.49659483503031;-68.49659483503031;1.4136455047080786e-10;0.1;1.4136455047080786e-11;6.841294490822053e-09;;;;ORANGE;True
1785027447.9067092;14.733719396999959;Simulation RF;Détection RF large bande;2,45 GHz;2,45 GHz;;2837;2.2863184666504104;-47.452738666016415;-64.15273866601642;3.84349334475513e-10;0.1;3.8434933447551306e-11;1.8574312683135266e-08;;;;ORANGE;True
1785027448.0181339;14.833812438999985;Simulation RF;Détection RF large bande;868 MHz;868 MHz;;2482;2.000021203843947;-36.00084815375787;-69.00084815375787;1.2586795744404684e-10;0.1;1.2586795744404684e-11;6.853881286566458e-09;;;;ORANGE;True
1785027448.0185094;14.833812438999985;Simulation RF;Détection RF large bande;2,45 GHz;2,45 GHz;;2729;2.19934538407613;-43.973815363045205;-60.67381536304521;8.562852511406057e-10;0.1;8.562852511406058e-11;1.8659941208249327e-08;;;;ORANGE;True
1785027448.1067524;14.933900087999973;Simulation RF;Détection RF large bande;868 MHz;868 MHz;;2475;1.9944819600539483;-35.77927840215793;-68.77927840215793;1.3245615981772872e-10;0.1;1.3245615981772872e-11;6.86712690254823e-09;;;;ORANGE;True
1785027448.1069071;14.933900087999973;Simulation RF;Détection RF large bande;2,45 GHz;2,45 GHz;;2758;2.222719684708401;-44.90878738833604;-61.60878738833604;6.904325554714381e-10;0.1;6.904325554714381e-11;1.872898446379647e-08;;;;ORANGE;True
1785027448.2279906;15.03404244599983;Simulation RF;Détection RF large bande;868 MHz;868 MHz;;2403;1.9362874047466336;-33.45149618986534;-66.45149618986534;2.2638642483450407e-10;0.1;2.2638642483450407e-11;6.889765545031681e-09;;;;ORANGE;True
1785027448.2283506;15.03404244599983;Simulation RF;Détection RF large bande;2,45 GHz;2,45 GHz;;2724;2.195400390111938;-43.81601560447753;-60.51601560447752;8.879702987861553e-10;0.1;8.879702987861553e-11;1.8817781493675084e-08;;;;ORANGE;True
1785027448.307107;15.134147182999868;Simulation RF;Détection RF large bande;868 MHz;868 MHz;;2396;1.9312189425520323;-33.24875770208129;-66.24875770208129;2.372052133347557e-10;0.1;2.372052133347557e-11;6.913486066365156e-09;;;;ORANGE;True
1785027448.307407;15.134147182999868;Simulation RF;Détection RF large bande;2,45 GHz;2,45 GHz;;2765;2.2281945854241623;-45.127783416966494;-61.8277834169665;6.564802398616745e-10;0.1;6.564802398616746e-11;1.8883429517661253e-08;;;;ORANGE;True
1785027448.4397912;15.234348376999833;Simulation RF;Détection RF large bande;868 MHz;868 MHz;;2492;2.0083698826341405;-36.33479530536562;-69.33479530536562;1.165521983718912e-10;0.1;1.165521983718912e-11;6.925141286202346e-09;;;;ORANGE;True
1785027448.440535;15.234348376999833;Simulation RF;Détection RF large bande;2,45 GHz;2,45 GHz;;2768;2.2305976849785636;-45.22390739914253;-61.92390739914253;6.421097435725262e-10;0.1;6.421097435725262e-11;1.8947640492018506e-08;;;;ORANGE;True
1785027448.5073183;15.334440709999853;Simulation RF;Détection RF large bande;868 MHz;868 MHz;;2466;1.9875176696338324;-35.50070678535329;-68.50070678535329;1.4123076822470596e-10;0.1;1.4123076822470597e-11;6.9392643630248166e-09;;;;ORANGE;True
1785027448.507531;15.334440709999853;Simulation RF;Détection RF large bande;2,45 GHz;2,45 GHz;;2772;2.233959670229476;-45.35838680917904;-62.05838680917904;6.225314821151511e-10;0.1;6.225314821151511e-11;1.900989364023002e-08;;;;ORANGE;True
1785027448.6510448;15.434576105999895;Simulation RF;Détection RF large bande;868 MHz;868 MHz;;2442;1.967827361277816;-34.71309445111264;-67.71309445111264;1.6931309746052674e-10;0.1;1.6931309746052673e-11;6.956195672770869e-09;;;;ORANGE;True
1785027448.6520889;15.434576105999895;Simulation RF;Détection RF large bande;2,45 GHz;2,45 GHz;;2783;2.2423523334043085;-45.694093336172344;-62.39409333617234;5.762231024075608e-10;0.1;5.7622310240756087e-11;1.9067515950470778e-08;;;;ORANGE;True
1785027448.7076209;15.53471096599992;Simulation RF;Détection RF large bande;868 MHz;868 MHz;;2493;2.0086763066930153;-36.34705226772061;-69.34705226772061;1.1622372035776759e-10;0.1;1.1622372035776759e-11;6.9678180448066464e-09;;;;ORANGE;True
1785027448.7078326;15.53471096599992;Simulation RF;Détection RF large bande;2,45 GHz;2,45 GHz;;2719;2.19105424803842;-43.64216992153679;-60.34216992153679;9.24236270465494e-10;0.1;9.24236270465494e-11;1.9159939577517328e-08;;;;ORANGE;True
1785027448.8635213;15.63478406299987;Simulation RF;Détection RF large bande;868 MHz;868 MHz;;2454;1.9773004259242022;-35.09201703696809;-68.09201703696809;1.5516661868533415e-10;0.1;1.5516661868533417e-11;6.98333470667518e-09;;;;ORANGE;True
1785027448.8640587;15.63478406299987;Simulation RF;Détection RF large bande;2,45 GHz;2,45 GHz;;2715;2.187860830936924;-43.51443323747695;-60.21443323747695;9.518240548497725e-10;0.1;9.518240548497726e-11;1.9255121983002307e-08;;;;ORANGE;True
1785027448.9078026;15.734880042999976;Simulation RF;Détection RF large bande;868 MHz;868 MHz;;2470;1.990154171749049;-35.60616686996195;-68.60616686996195;1.3784255454389842e-10;0.1;1.3784255454389843e-11;6.99711896212957e-09;;;;ORANGE;True
1785027448.9080653;15.734880042999976;Simulation RF;Détection RF large bande;2,45 GHz;2,45 GHz;;2724;2.1953562422583714;-43.81424969033485;-60.51424969033484;8.883314358074948e-10;0.1;8.883314358074949e-11;1.9343955126583055e-08;;;;ORANGE;True
1785027449.0610907;15.835025936999955;Simulation RF;Détection RF large bande;868 MHz;868 MHz;;2492;2.008281939567469;-36.331277582698746;-69.33127758269875;1.166466422154993e-10;0.1;1.1664664221549932e-11;7.00878362635112e-09;;;;ORANGE;True
1785027449.062088;15.835025936999955;Simulation RF;Détection RF large bande;2,45 GHz;2,45 GHz;;2749;2.2155409814551636;-44.62163925820654;-61.321639258206545;7.376257584106261e-10;0.1;7.376257584106262e-11;1.941771770242412e-08;;;;ORANGE;True
1785027449.1079946;15.93512722499986;Simulation RF;Détection RF large bande;868 MHz;868 MHz;;2438;1.964977435550798;-34.59909742203192;-67.59909742203192;1.7381620269237526e-10;0.1;1.738162026923753e-11;7.026165246620358e-09;;;;ORANGE;True
1785027449.1082017;15.93512722499986;Simulation RF;Détection RF large bande;2,45 GHz;2,45 GHz;;2777;2.2374975216017936;-45.49990086407175;-62.19990086407174;6.025733407933739e-10;0.1;6.025733407933739e-11;1.9477975036503457e-08;;;;ORANGE;True
1785027449.244889;16.03527072399993;Simulation RF;Détection RF large bande;868 MHz;868 MHz;;2477;1.996233806774988;-35.84935227099952;-68.84935227099952;1.3033611539048526e-10;0.1;1.3033611539048528e-11;7.039198858159406e-09;;;;ORANGE;True
1785027449.2518;16.03527072399993;Simulation RF;Détection RF large bande;2,45 GHz;2,45 GHz;;2745;2.2119339915999876;-44.47735966399951;-61.17735966399951;7.625424643184745e-10;0.1;7.625424643184745e-11;1.9554229282935303e-08;;;;ORANGE;True
1785027449.3082829;16.13537267899983;Simulation RF;Détection RF large bande;868 MHz;868 MHz;;2478;1.9966220105134707;-35.864880420538825;-68.86488042053882;1.2987093222441235e-10;0.1;1.2987093222441236e-11;7.052185951381847e-09;;;;ORANGE;True
1785027449.3085144;16.13537267899983;Simulation RF;Détection RF large bande;2,45 GHz;2,45 GHz;;2698;2.1743934050391247;-42.975736201564985;-59.67573620156499;1.0775225801667384e-09;0.1;1.0775225801667386e-10;1.966198154095198e-08;;;;ORANGE;True
1785027449.4847286;16.235457378999854;Simulation RF;Détection RF large bande;868 MHz;868 MHz;;2461;1.9832515706286546;-35.330062825146186;-68.33006282514619;1.4689050282740311e-10;0.1;1.4689050282740312e-11;7.066875001664587e-09;;;;ORANGE;True
1785027449.4861562;16.235457378999854;Simulation RF;Détection RF large bande;2,45 GHz;2,45 GHz;;2739;2.207431465353507;-44.297258614140276;-60.99725861414027;7.948297947702678e-10;0.1;7.948297947702679e-11;1.9741464520429004e-08;;;;ORANGE;True
1785027449.5084903;16.33556049999993;Simulation RF;Détection RF large bande;868 MHz;868 MHz;;2508;2.020889707990166;-36.83558831960663;-69.83558831960663;1.0385829006414826e-10;0.1;1.0385829006414826e-11;7.077260830671002e-09;;;;ORANGE;True
1785027449.5086854;16.33556049999993;Simulation RF;Détection RF large bande;2,45 GHz;2,45 GHz;;2797;2.253780151067535;-46.15120604270139;-62.851206042701385;5.186559873334905e-10;0.1;5.186559873334905e-11;1.9793330119162352e-08;;;;ORANGE;True
1785027449.622765;16.435796308999898;Simulation RF;Détection RF large bande;868 MHz;868 MHz;;2436;1.9633923798856256;-34.53569519542502;-67.53569519542502;1.7637234144486268e-10;0.1;1.763723414448627e-11;7.094898064815488e-09;;;;ORANGE;True
1785027449.6283278;16.435796308999898;Simulation RF;Détection RF large bande;2,45 GHz;2,45 GHz;;2773;2.234677282741379;-45.38709130965515;-62.08709130965514;6.184304556982886e-10;0.1;6.184304556982886e-11;1.9855173164732182e-08;;;;ORANGE;True
1785027449.7101145;16.535891838999987;Simulation RF;Détection RF large bande;868 MHz;868 MHz;;2448;1.9725412551152335;-34.90165020460934;-67.90165020460934;1.6211939693147627e-10;0.1;1.6211939693147626e-11;7.111110004508635e-09;;;;ORANGE;True
1785027449.7558637;16.535891838999987;Simulation RF;Détection RF large bande;2,45 GHz;2,45 GHz;;2762;2.2257935296943447;-45.03174118777379;-61.731741187773785;6.711597154090709e-10;0.1;6.71159715409071e-11;1.992228913627309e-08;;;;ORANGE;True
1785027449.8088763;16.635980463999886;Simulation RF;Détection RF large bande;868 MHz;868 MHz;;2477;1.996236437152457;-35.849457486098274;-68.84945748609827;1.303329578184437e-10;0.1;1.303329578184437e-11;7.124143300290479e-09;;;;ORANGE;True
1785027449.8090386;16.635980463999886;Simulation RF;Détection RF large bande;2,45 GHz;2,45 GHz;;2735;2.20410260332696;-44.164104133078396;-60.86410413307839;8.195766688242132e-10;0.1;8.195766688242133e-11;2.000424680315551e-08;;;;ORANGE;True
1785027449.9096515;16.73619233499994;Simulation RF;Détection RF large bande;868 MHz;868 MHz;;2498;2.0126618165169874;-36.50647266067949;-69.50647266067949;1.1203474601261741e-10;0.1;1.1203474601261741e-11;7.135346774891741e-09;;;;ORANGE;True
1785027449.9102519;16.73619233499994;Simulation RF;Détection RF large bande;2,45 GHz;2,45 GHz;;2783;2.2430300237824743;-45.72120095129897;-62.42120095129897;5.726376580240196e-10;0.1;5.7263765802401965e-11;2.006151056895791e-08;;;;ORANGE;True
1785027450.009168;16.836279773999877;Simulation RF;Détection RF large bande;868 MHz;868 MHz;;2434;1.9614614967933837;-34.45845987173534;-67.45845987173534;1.7953702018469497e-10;0.1;1.79537020184695e-11;7.1533004769102105e-09;;;;ORANGE;True
1785027450.0093238;16.836279773999877;Simulation RF;Détection RF large bande;2,45 GHz;2,45 GHz;;2790;2.2484530107762106;-45.93812043104842;-62.63812043104842;5.447383573743625e-10;0.1;5.447383573743626e-11;2.0115984404695346e-08;;;;ORANGE;True
1785027450.1093116;16.936363561999997;Simulation RF;Détection RF large bande;868 MHz;868 MHz;;2513;2.0248035134969298;-36.992140539877184;-69.99214053987718;1.0018113460807854e-10;0.1;1.0018113460807854e-11;7.163318590371018e-09;;;;ORANGE;True
1785027450.109475;16.936363561999997;Simulation RF;Détection RF large bande;2,45 GHz;2,45 GHz;;2795;2.2526819572921792;-46.107278291687166;-62.80727829168717;5.239286779892869e-10;0.1;5.239286779892869e-11;2.0168377272494274e-08;;;;ORANGE;True
1785027450.2160718;17.036462048999965;Simulation RF;Détection RF large bande;868 MHz;868 MHz;;2489;2.005487577852749;-36.21950311410994;-69.21950311410994;1.1968774608625075e-10;0.1;1.1968774608625076e-11;7.175287364979643e-09;;;;ORANGE;True
1785027450.2163486;17.036462048999965;Simulation RF;Détection RF large bande;2,45 GHz;2,45 GHz;;2772;2.234043349084979;-45.361733963399146;-62.06173396339914;6.220518752580181e-10;0.1;6.220518752580182e-11;2.0230582460020077e-08;;;;ORANGE;True
1785027450.3094409;17.136553148999838;Simulation RF;Détection RF large bande;868 MHz;868 MHz;;2529;2.0381021027029935;-37.52408410811974;-70.52408410811974;8.863221221066037e-11;0.1;8.863221221066037e-12;7.184150586200709e-09;;;;VERT;True
1785027450.3096008;17.136553148999838;Simulation RF;Détection RF large bande;2,45 GHz;2,45 GHz;;2755;2.220085910774344;-44.80343643097376;-61.50343643097376;7.073858314775519e-10;0.1;7.07385831477552e-11;2.030132104316783e-08;;;;ORANGE;True
1785027450.409427;17.236602907999895;Simulation RF;Détection RF large bande;868 MHz;868 MHz;;2534;2.042400004654344;-37.69600018617375;-70.69600018617375;8.519222899082639e-11;0.1;8.51922289908264e-12;7.192669809099792e-09;;;;VERT;True
1785027450.4095647;17.236602907999895;Simulation RF;Détection RF large bande;2,45 GHz;2,45 GHz;;2770;2.2319524620880737;-45.27809848352294;-61.978098483522935;6.34147305759392e-10;0.1;6.34147305759392e-11;2.036473577374377e-08;;;;ORANGE;True
1785027450.5323033;17.336771209999824;Simulation RF;Détection RF large bande;868 MHz;868 MHz;;2538;2.0454055080634412;-37.816220322537646;-70.81622032253765;8.286630378207947e-11;0.1;8.286630378207947e-12;7.200956439478e-09;;;;VERT;True
1785027450.5334144;17.336771209999824;Simulation RF;Détection RF large bande;2,45 GHz;2,45 GHz;;2828;2.2792413806890135;-47.16965522756054;-63.869655227560536;4.1023666906539145e-10;0.1;4.1023666906539145e-11;2.040575944065031e-08;;;;ORANGE;True
1785027450.663571;17.490693498999917;Simulation RF;Détection RF large bande;868 MHz;868 MHz;;2512;2.0245969285223433;-36.983877140893725;-69.98387714089372;1.0037193250904417e-10;0.1;1.0037193250904417e-11;7.210993632728904e-09;;;;ORANGE;True
1785027450.6664813;17.490693498999917;Simulation RF;Détection RF large bande;2,45 GHz;2,45 GHz;;2824;2.276133767750571;-47.04535071002283;-63.74535071002283;4.221481875338132e-10;0.1;4.221481875338132e-11;2.0447974259403692e-08;;;;ORANGE;True
1785027450.767107;17.590863540999862;Simulation RF;Détection RF large bande;868 MHz;868 MHz;;2585;2.0830890583399144;-39.32356233359657;-72.32356233359657;5.8565757734571e-11;0.1;5.856575773457099e-12;7.216850208502362e-09;;;;VERT;True
1785027450.7674031;17.590863540999862;Simulation RF;Détection RF large bande;2,45 GHz;2,45 GHz;;2775;2.235955707369028;-45.43822829476112;-62.13822829476112;6.111913096756637e-10;0.1;6.111913096756638e-11;2.050909339037126e-08;;;;ORANGE;True
1785027450.8646412;17.691039822999983;Simulation RF;Détection RF large bande;868 MHz;868 MHz;;2561;2.0634870779793117;-38.53948311917247;-71.53948311917247;7.015387879384586e-11;0.1;7.015387879384586e-12;7.223865596381747e-09;;;;VERT;True
1785027450.866783;17.691039822999983;Simulation RF;Détection RF large bande;2,45 GHz;2,45 GHz;;2757;2.2214756298341016;-44.85902519336406;-61.55902519336406;6.983891451831667e-10;0.1;6.983891451831667e-11;2.0578932304889576e-08;;;;ORANGE;True
1785027450.9639835;17.791125091999902;Simulation RF;Détection RF large bande;868 MHz;868 MHz;;2510;2.022309424954505;-36.8923769981802;-69.8923769981802;1.0250907158734479e-10;0.1;1.025090715873448e-11;7.2341165035404815e-09;;;;ORANGE;True
1785027450.9641387;17.791125091999902;Simulation RF;Détection RF large bande;2,45 GHz;2,45 GHz;;2780;2.2404068525522702;-45.6162741020908;-62.3162741020908;5.866412397595585e-10;0.1;5.866412397595586e-11;2.0637596428865533e-08;;;;ORANGE;True
1785027451.0642505;17.891248587999826;Simulation RF;Détection RF large bande;868 MHz;868 MHz;;2591;2.088133409314932;-39.52533637259728;-72.52533637259728;5.590702244216173e-11;0.1;5.590702244216173e-12;7.239707205784697e-09;;;;VERT;True
1785027451.0645647;17.891248587999826;Simulation RF;Détection RF large bande;2,45 GHz;2,45 GHz;;2831;2.281790495367639;-47.27161981470556;-63.971619814705555;4.0071723179360494e-10;0.1;4.0071723179360496e-11;2.0677668152044894e-08;;;;ORANGE;True
1785027451.1642077;17.99133351699993;Simulation RF;Détection RF large bande;868 MHz;868 MHz;;2567;2.0686507408856634;-38.746029635426524;-71.74602963542652;6.68955203793405e-11;0.1;6.68955203793405e-12;7.246396757822631e-09;;;;VERT;True
1785027451.1643612;17.99133351699993;Simulation RF;Détection RF large bande;2,45 GHz;2,45 GHz;;2811;2.2648865627131944;-46.595462508527774;-63.29546250852777;4.682240844808045e-10;0.1;4.6822408448080455e-11;2.0724490560492976e-08;;;;ORANGE;True
1785027451.2642128;18.091387658999793;Simulation RF;Détection RF large bande;868 MHz;868 MHz;;2551;2.055681506971442;-38.22726027885767;-71.22726027885767;7.538309635867505e-11;0.1;7.538309635867505e-12;7.253935067458499e-09;;;;VERT;True
1785027451.2643497;18.091387658999793;Simulation RF;Détection RF large bande;2,45 GHz;2,45 GHz;;2738;2.206828428068443;-44.27313712273772;-60.973137122737725;7.992567039906028e-10;0.1;7.992567039906028e-11;2.0804416230892035e-08;;;;ORANGE;True
1785027451.3643255;18.19146303499997;Simulation RF;Détection RF large bande;868 MHz;868 MHz;;2566;2.0676764800470973;-38.70705920188388;-71.70705920188388;6.749849348417667e-11;0.1;6.749849348417667e-12;7.260684916806916e-09;;;;VERT;True
1785027451.3645003;18.19146303499997;Simulation RF;Détection RF large bande;2,45 GHz;2,45 GHz;;2715;2.187830092525288;-43.513203701011506;-60.2132037010115;9.520935650810567e-10;0.1;9.520935650810567e-11;2.0899625587400142e-08;;;;ORANGE;True
1785027451.4644966;18.29158860199982;Simulation RF;Détection RF large bande;868 MHz;868 MHz;;2519;2.030113972555528;-37.20455890222112;-70.20455890222112;9.539906314268453e-11;0.1;9.539906314268453e-12;7.270224823121185e-09;;;;VERT;True
1785027451.464681;18.29158860199982;Simulation RF;Détection RF large bande;2,45 GHz;2,45 GHz;;2799;2.255879645164646;-46.23518580658583;-62.93518580658583;5.087230542021556e-10;0.1;5.0872305420215565e-11;2.0950497892820357e-08;;;;ORANGE;True
1785027451.5646093;18.391674790999787;Simulation RF;Détection RF large bande;868 MHz;868 MHz;;2570;2.0714180864723306;-38.85672345889323;-71.85672345889323;6.521202015603421e-11;0.1;6.521202015603421e-12;7.2767460251367885e-09;;;;VERT;True
1785027451.564794;18.391674790999787;Simulation RF;Détection RF large bande;2,45 GHz;2,45 GHz;;2752;2.217443912016655;-44.697756480666186;-61.39775648066619;7.248102927053524e-10;0.1;7.248102927053525e-11;2.102297892209089e-08;;;;ORANGE;True
1785027451.6645405;18.491720767999823;Simulation RF;Détection RF large bande;868 MHz;868 MHz;;2519;2.0298706660581494;-37.194826642325964;-70.19482664232596;9.56130860209742e-11;0.1;9.561308602097421e-12;7.286307333738886e-09;;;;VERT;True
1785027451.6646864;18.491720767999823;Simulation RF;Détection RF large bande;2,45 GHz;2,45 GHz;;2737;2.205575686929872;-44.223027477194876;-60.92302747719487;8.085320730418071e-10;0.1;8.085320730418071e-11;2.1103832129395073e-08;;;;ORANGE;True
1785027451.764672;18.591808251999964;Simulation RF;Détection RF large bande;868 MHz;868 MHz;;2506;2.0193975201750183;-36.775900807000724;-69.77590080700072;1.0529552621008321e-10;0.1;1.0529552621008321e-11;7.296836886359894e-09;;;;ORANGE;True
1785027451.7648277;18.591808251999964;Simulation RF;Détection RF large bande;2,45 GHz;2,45 GHz;;2750;2.215716342977703;-44.628653719108115;-61.32865371910812;7.364353516467671e-10;0.1;7.364353516467671e-11;2.117747566455975e-08;;;;ORANGE;True
1785027451.868979;18.691937003999783;Simulation RF;Détection RF large bande;868 MHz;868 MHz;;2650;2.135896056695867;-41.43584226783467;-74.43584226783467;3.6009390724899436e-11;0.1;3.600939072489944e-12;7.300437825432384e-09;;;;VERT;True
1785027451.8693;18.691937003999783;Simulation RF;Détection RF large bande;2,45 GHz;2,45 GHz;;2769;2.2316969410481127;-45.2678776419245;-61.967877641924495;6.356414882412715e-10;0.1;6.356414882412715e-11;2.124103981338388e-08;;;;ORANGE;True
1785027451.9648988;18.79201810199993;Simulation RF;Détection RF large bande;868 MHz;868 MHz;;2591;2.088285624310615;-39.5314249724246;-72.5314249724246;5.582869840080822e-11;0.1;5.5828698400808224e-12;7.306020695272465e-09;;;;VERT;True
1785027451.9650564;18.79201810199993;Simulation RF;Détection RF large bande;2,45 GHz;2,45 GHz;;2839;2.2875398463885217;-47.50159385554086;-64.20159385554086;3.800498928683707e-10;0.1;3.8004989286837074e-11;2.1279044802670717e-08;;;;ORANGE;True
1785027452.0649405;18.892094216999794;Simulation RF;Détection RF large bande;868 MHz;868 MHz;;2552;2.056563606380578;-38.26254425522312;-71.26254425522312;7.47731323935627e-11;0.1;7.477313239356271e-12;7.3134980085118215e-09;;;;VERT;True
1785027452.0650892;18.892094216999794;Simulation RF;Détection RF large bande;2,45 GHz;2,45 GHz;;2787;2.2456315405963863;-45.825261623855454;-62.52526162385546;5.590798469605247e-10;0.1;5.590798469605247e-11;2.133495278736677e-08;;;;ORANGE;True
1785027452.165028;18.99217038499978;Simulation RF;Détection RF large bande;868 MHz;868 MHz;;2519;2.0300459368071757;-37.201837472287025;-70.20183747228702;9.545886202055959e-11;0.1;9.54588620205596e-12;7.323043894713877e-09;;;;VERT;True
1785027452.165185;18.99217038499978;Simulation RF;Détection RF large bande;2,45 GHz;2,45 GHz;;2769;2.2316973192973713;-45.26789277189485;-61.967892771894846;6.356392737945046e-10;0.1;6.356392737945047e-11;2.139851671474622e-08;;;;ORANGE;True
1785027452.2650373;19.092219503999786;Simulation RF;Détection RF large bande;868 MHz;868 MHz;;2541;2.048032693459356;-37.921307738374225;-70.92130773837422;8.088523026070293e-11;0.1;8.088523026070293e-12;7.3311324177399475e-09;;;;VERT;True
1785027452.265177;19.092219503999786;Simulation RF;Détection RF large bande;2,45 GHz;2,45 GHz;;2787;2.2456013384584015;-45.82405353833606;-62.524053538336055;5.592353889360971e-10;0.1;5.5923538893609716e-11;2.145444025363983e-08;;;;ORANGE;True
1785027452.365154;19.19229574499991;Simulation RF;Détection RF large bande;868 MHz;868 MHz;;2575;2.074699072488085;-38.987962899523396;-71.9879628995234;6.327085598831059e-11;0.1;6.327085598831059e-12;7.337459503338779e-09;;;;VERT;True
1785027452.3653078;19.19229574499991;Simulation RF;Détection RF large bande;2,45 GHz;2,45 GHz;;2760;2.2245108596604264;-44.980434386417045;-61.68043438641705;6.791357012733058e-10;0.1;6.791357012733058e-11;2.152235382376716e-08;;;;ORANGE;True
1785027452.4889739;19.292449373999943;Simulation RF;Détection RF large bande;868 MHz;868 MHz;;2685;2.1639507306155923;-42.55802922462368;-75.55802922462368;2.78097495397583e-11;0.1;2.7809749539758303e-12;7.3402404782927546e-09;;;;VERT;True
1785027452.4912338;19.292449373999943;Simulation RF;Détection RF large bande;2,45 GHz;2,45 GHz;;2793;2.2507285973288353;-46.0291438931534;-62.7291438931534;5.334400399645957e-10;0.1;5.334400399645957e-11;2.157569782776362e-08;;;;ORANGE;True
1785027452.6178465;19.445004201999836;Simulation RF;Détection RF large bande;868 MHz;868 MHz;;2570;2.071302345905313;-38.85209383621252;-71.85209383621252;6.528157388865564e-11;0.1;6.528157388865565e-12;7.3467686356816205e-09;;;;VERT;True
1785027452.6180236;19.445004201999836;Simulation RF;Détection RF large bande;2,45 GHz;2,45 GHz;;2786;2.245490800294941;-45.81963201179764;-62.51963201179764;5.598050331179211e-10;0.1;5.598050331179211e-11;2.1631678331075412e-08;;;;ORANGE;True
1785027452.719131;19.545086256999866;Simulation RF;Détection RF large bande;868 MHz;868 MHz;;2596;2.091769491020417;-39.670779640816676;-72.67077964081668;5.406572560198585e-11;0.1;5.4065725601985855e-12;7.352175208241819e-09;;;;VERT;True
1785027452.719272;19.545086256999866;Simulation RF;Détection RF large bande;2,45 GHz;2,45 GHz;;2784;2.243637291100951;-45.74549164403804;-62.44549164403804;5.694437564713513e-10;0.1;5.694437564713513e-11;2.1688622706722547e-08;;;;ORANGE;True
1785027452.8180404;19.645172532999823;Simulation RF;Détection RF large bande;868 MHz;868 MHz;;2609;2.1026170078910793;-40.104680315643165;-73.10468031564317;4.892512776167661e-11;0.1;4.892512776167662e-12;7.357067721017987e-09;;;;VERT;True
1785027452.8182008;19.645172532999823;Simulation RF;Détection RF large bande;2,45 GHz;2,45 GHz;;2744;2.211330590150307;-44.45322360601227;-61.15322360601227;7.667921168775002e-10;0.1;7.667921168775003e-11;2.1765301918410296e-08;;;;ORANGE;True
1785027452.9182336;19.745270953999807;Simulation RF;Détection RF large bande;868 MHz;868 MHz;;2590;2.087146309570603;-39.48585238282412;-72.48585238282412;5.6417620051868535e-11;0.1;5.641762005186854e-12;7.362709483023174e-09;;;;VERT;True
1785027452.9184563;19.745270953999807;Simulation RF;Détection RF large bande;2,45 GHz;2,45 GHz;;2725;2.196093823653857;-43.84375294615427;-60.54375294615427;8.823171185025232e-10;0.1;8.823171185025232e-11;2.185353363026055e-08;;;;ORANGE;True
1785027453.0182269;19.845353063999937;Simulation RF;Détection RF large bande;868 MHz;868 MHz;;2615;2.107426385028922;-40.29705540115687;-73.29705540115687;4.680523821074332e-11;0.1;4.680523821074332e-12;7.367390006844248e-09;;;;VERT;True
1785027453.0183816;19.845353063999937;Simulation RF;Détection RF large bande;2,45 GHz;2,45 GHz;;2815;2.26844197525541;-46.7376790102164;-63.43767901021639;4.531396855801065e-10;0.1;4.531396855801065e-11;2.189884759881856e-08;;;;ORANGE;True
1785027453.1183043;19.945400029999973;Simulation RF;Détection RF large bande;868 MHz;868 MHz;;2604;2.0984759904740677;-39.93903961896271;-72.93903961896271;5.0827182728497716e-11;0.1;5.082718272849772e-12;7.372472725117098e-09;;;;VERT;True
1785027453.1184711;19.945400029999973;Simulation RF;Détection RF large bande;2,45 GHz;2,45 GHz;;2833;2.2827820109998656;-47.31128043999462;-64.01128043999462;3.970744618707836e-10;0.1;3.970744618707836e-11;2.1938555045005636e-08;;;;ORANGE;True
1785027453.2188053;20.045568372999924;Simulation RF;Détection RF large bande;868 MHz;868 MHz;;2630;2.1190883248659635;-40.76353299463854;-73.76353299463854;4.203845055753083e-11;0.1;4.203845055753083e-12;7.376676570172851e-09;;;;VERT;True
1785027453.2193556;20.045568372999924;Simulation RF;Détection RF large bande;2,45 GHz;2,45 GHz;;2781;2.240803431991722;-45.63213727966888;-62.33213727966888;5.845023640570503e-10;0.1;5.845023640570504e-11;2.199700528141134e-08;;;;ORANGE;True
1785027453.3185415;20.14568889399993;Simulation RF;Détection RF large bande;868 MHz;868 MHz;;2589;2.086318025289442;-39.45272101157768;-72.45272101157768;5.6849663559190246e-11;0.1;5.684966355919025e-12;7.38236153652877e-09;;;;VERT;True
1785027453.3186977;20.14568889399993;Simulation RF;Détection RF large bande;2,45 GHz;2,45 GHz;;2813;2.2668492588227456;-46.67397035290982;-63.373970352909815;4.598359958273152e-10;0.1;4.598359958273152e-11;2.2042988880994072e-08;;;;ORANGE;True
1785027453.4475172;20.245812377999982;Simulation RF;Détection RF large bande;868 MHz;868 MHz;;2681;2.1601605274955644;-42.40642109982258;-75.40642109982258;2.879770576116407e-11;0.1;2.8797705761164073e-12;7.385241307104886e-09;;;;VERT;True
1785027453.448329;20.245812377999982;Simulation RF;Détection RF large bande;2,45 GHz;2,45 GHz;;2799;2.2557944871463524;-46.23177948585409;-62.931779485854086;5.091222196791344e-10;0.1;5.091222196791344e-11;2.2093901102961984e-08;;;;ORANGE;True
1785027453.5188057;20.345908923999787;Simulation RF;Détection RF large bande;868 MHz;868 MHz;;2614;2.1062393262760875;-40.2495730510435;-73.2495730510435;4.731977761001402e-11;0.1;4.7319777610014025e-12;7.389973284865888e-09;;;;VERT;True
1785027453.519003;20.345908923999787;Simulation RF;Détection RF large bande;2,45 GHz;2,45 GHz;;2821;2.2735504445171055;-46.942017780684225;-63.64201778068423;4.323129269516277e-10;0.1;4.323129269516277e-11;2.2137132395657147e-08;;;;ORANGE;True
1785027453.618893;20.445997527999907;Simulation RF;Détection RF large bande;868 MHz;868 MHz;;2640;2.1274417560321957;-41.097670241287815;-74.09767024128782;3.892539029937269e-11;0.1;3.892539029937269e-12;7.393865823895825e-09;;;;VERT;True
1785027453.6190522;20.445997527999907;Simulation RF;Détection RF large bande;2,45 GHz;2,45 GHz;;2852;2.298360229493697;-47.93440917974789;-64.63440917974789;3.440005065047728e-10;0.1;3.4400050650477284e-11;2.2171532446307624e-08;;;;ORANGE;True
1785027453.7189698;20.546079484999836;Simulation RF;Détection RF large bande;868 MHz;868 MHz;;2717;2.1894611193511673;-43.57844477404669;-76.57844477404669;2.198647076159808e-11;0.1;2.1986470761598082e-12;7.396064470971985e-09;;;;VERT;True
1785027453.7191293;20.546079484999836;Simulation RF;Détection RF large bande;2,45 GHz;2,45 GHz;;2760;2.22457277657229;-44.98291106289159;-61.68291106289159;6.787485170069207e-10;0.1;6.787485170069207e-11;2.2239407298008315e-08;;;;ORANGE;True
1785027453.8190577;20.64616007299992;Simulation RF;Détection RF large bande;868 MHz;868 MHz;;2671;2.15247348117533;-42.09893924701319;-75.09893924701319;3.091050321328837e-11;0.1;3.091050321328837e-12;7.3991555212933145e-09;;;;VERT;True
1785027453.8192203;20.64616007299992;Simulation RF;Détection RF large bande;2,45 GHz;2,45 GHz;;2833;2.2833947984585263;-47.335791938341046;-64.03579193834105;3.9483969355195684e-10;0.1;3.9483969355195684e-11;2.227889126736351e-08;;;;ORANGE;True
1785027453.9191256;20.746238160999837;Simulation RF;Détection RF large bande;868 MHz;868 MHz;;2711;2.184693324334495;-43.3877329733798;-76.3877329733798;2.2973475555784933e-11;0.1;2.2973475555784934e-12;7.401452868848893e-09;;;;VERT;True
1785027453.919283;20.746238160999837;Simulation RF;Détection RF large bande;2,45 GHz;2,45 GHz;;2809;2.2637502386189077;-46.55000954475631;-63.2500095447563;4.731502190890698e-10;0.1;4.731502190890699e-11;2.2326206289272416e-08;;;;ORANGE;True
1785027454.0201657;20.846331632999863;Simulation RF;Détection RF large bande;868 MHz;868 MHz;;2665;2.1479391498902394;-41.91756599560958;-74.91756599560958;3.222874545974955e-11;0.1;3.222874545974955e-12;7.404675743394868e-09;;;;VERT;True
1785027454.020571;20.846331632999863;Simulation RF;Détection RF large bande;2,45 GHz;2,45 GHz;;2778;2.239035758763937;-45.56143035055747;-62.26143035055747;5.940964604914544e-10;0.1;5.940964604914544e-11;2.2385615935321563e-08;;;;ORANGE;True
1785027454.1192658;20.946415658999967;Simulation RF;Détection RF large bande;868 MHz;868 MHz;;2668;2.1503502342684984;-42.01400937073993;-75.01400937073993;3.1520932932635516e-11;0.1;3.1520932932635518e-12;7.407827836688131e-09;;;;VERT;True
1785027454.1194205;20.946415658999967;Simulation RF;Détection RF large bande;2,45 GHz;2,45 GHz;;2850;2.2966818501458257;-47.867274005833025;-64.56727400583303;3.493595338352185e-10;0.1;3.493595338352185e-11;2.2420551888705084e-08;;;;ORANGE;True
1785027454.219496;21.04654315499988;Simulation RF;Détection RF large bande;868 MHz;868 MHz;;2706;2.1809790048643785;-43.239160194575135;-76.23916019457513;2.3772999462466342e-11;0.1;2.3772999462466344e-12;7.4102051366343775e-09;;;;VERT;True
1785027454.2196856;21.04654315499988;Simulation RF;Détection RF large bande;2,45 GHz;2,45 GHz;;2827;2.2781897286098522;-47.12758914439408;-63.827589144394075;4.1422955812716045e-10;0.1;4.1422955812716045e-11;2.24619748445178e-08;;;;ORANGE;True
1785027454.3194473;21.146618164999836;Simulation RF;Détection RF large bande;868 MHz;868 MHz;;2673;2.1543703660147164;-42.17481464058865;-75.17481464058865;3.0375157321180285e-11;0.1;3.0375157321180286e-12;7.4132426523664954e-09;;;;VERT;True
1785027454.3196023;21.146618164999836;Simulation RF;Détection RF large bande;2,45 GHz;2,45 GHz;;2838;2.2866312341997688;-47.46524936799075;-64.16524936799075;3.8324373425725633e-10;0.1;3.8324373425725635e-11;2.2500299217943525e-08;;;;ORANGE;True
1785027454.41953;21.24669087899997;Simulation RF;Détection RF large bande;868 MHz;868 MHz;;2606;2.1000972759511276;-40.0038910380451;-73.0038910380451;5.0073839871738183e-11;0.1;5.0073839871738185e-12;7.418250036353669e-09;;;;VERT;True
1785027454.4196844;21.24669087899997;Simulation RF;Détection RF large bande;2,45 GHz;2,45 GHz;;2833;2.2831993307281158;-47.32797322912462;-64.02797322912463;3.9555117331323496e-10;0.1;3.95551173313235e-11;2.253985433527485e-08;;;;ORANGE;True
1785027454.5196986;21.34678790199996;Simulation RF;Détection RF large bande;868 MHz;868 MHz;;2664;2.147071270637665;-41.882850825506594;-74.8828508255066;3.2487397138499205e-11;0.1;3.2487397138499208e-12;7.421498776067519e-09;;;;VERT;True
1785027454.5199509;21.34678790199996;Simulation RF;Détection RF large bande;2,45 GHz;2,45 GHz;;2845;2.292908100009378;-47.71632400037511;-64.41632400037511;3.6171590036120553e-10;0.1;3.617159003612056e-11;2.257602592531097e-08;;;;ORANGE;True
1785027454.6792707;21.446973882999828;Simulation RF;Détection RF large bande;868 MHz;868 MHz;;2652;2.137175087855149;-41.48700351420595;-74.48700351420595;3.558767768817931e-11;0.1;3.558767768817931e-12;7.425057543836337e-09;;;;VERT;True
1785027454.6801455;21.446973882999828;Simulation RF;Détection RF large bande;2,45 GHz;2,45 GHz;;2804;2.259272855316155;-46.3709142126462;-63.070914212646194;4.930699992105371e-10;0.1;4.930699992105371e-11;2.2625332925232024e-08;;;;ORANGE;True
1785027455.925917;22.147477868999886;Simulation RF;Détection RF large bande;868 MHz;868 MHz;;2733;2.202523141792749;-44.10092567170996;-77.10092567170996;1.9494290467818128e-11;0.1;1.949429046781813e-12;7.4270069728831185e-09;;;;VERT;True
1785027455.9262743;22.147477868999886;Simulation RF;Détection RF large bande;2,45 GHz;2,45 GHz;;2854;2.3002781199352076;-48.0111247974083;-64.7111247974083;3.3797729072017615e-10;0.1;3.379772907201762e-11;2.2659130654304043e-08;;;;ORANGE;True
1785027456.535993;23.363106637999863;Simulation RF;Détection RF large bande;868 MHz;868 MHz;;2693;2.170488143449376;-42.81952573797504;-75.81952573797504;2.618468936921339e-11;0.1;2.618468936921339e-12;7.42962544182004e-09;;;;VERT;True
1785027457.1607788;23.363106637999863;Simulation RF;Détection RF large bande;2,45 GHz;2,45 GHz;;2871;2.3139651203575577;-48.5586048143023;-65.2586048143023;2.9794734416098605e-10;0.1;2.979473441609861e-11;2.2688925388720143e-08;;;;ORANGE;True
1785027458.3627005;24.595796213999847;Simulation RF;Détection RF large bande;868 MHz;868 MHz;;2739;2.2072208419816723;-44.28883367926689;-77.28883367926689;1.8668809842522428e-11;0.1;1.866880984252243e-12;7.431492322804292e-09;;;;VERT;True
1785027458.3673024;24.595796213999847;Simulation RF;Détection RF large bande;2,45 GHz;2,45 GHz;;2884;2.324046693917946;-48.96186775671782;-65.66186775671783;2.7152712694615193e-10;0.1;2.7152712694615193e-11;2.271607810141476e-08;;;;ORANGE;True
1785027458.3677108;25.194929329999923;Simulation RF;Détection RF large bande;868 MHz;868 MHz;;2787;2.2460983347328862;-45.84393338931545;-78.84393338931545;1.3049884294676531e-11;0.1;1.3049884294676532e-12;7.43279731123376e-09;;;;VERT;True
1785027458.3678262;25.194929329999923;Simulation RF;Détection RF large bande;2,45 GHz;2,45 GHz;;2863;2.3068882452418573;-48.27552980967428;-64.97552980967428;3.180145708558218e-10;0.1;3.1801457085582184e-11;2.2747879558500343e-08;;;;ORANGE;True
1785027458.9693136;25.295035165999934;Simulation RF;Détection RF large bande;868 MHz;868 MHz;;2753;2.2182711599549;-44.73084639819601;-77.73084639819601;1.6862243644445884e-11;0.1;1.6862243644445885e-12;7.434483535598204e-09;;;;VERT;True
1785027458.9714425;25.295035165999934;Simulation RF;Détection RF large bande;2,45 GHz;2,45 GHz;;2941;2.3702111304763434;-50.80844521905374;-67.50844521905374;1.7748247571700068e-10;0.1;1.774824757170007e-11;2.2765627806072042e-08;;;;ORANGE;True
1785027458.9717908;25.799014661;Simulation RF;Détection RF large bande;868 MHz;868 MHz;;2699;2.1751307112961444;-43.00522845184578;-76.00522845184578;2.508864202257126e-11;0.1;2.508864202257126e-12;7.436992399800461e-09;;;;VERT;True
1785027458.9719048;25.799014661;Simulation RF;Détection RF large bande;2,45 GHz;2,45 GHz;;2933;2.363800815309065;-50.552032612362595;-67.2520326123626;1.8827676984630724e-10;0.1;1.8827676984630724e-11;2.2784455483056673e-08;;;;ORANGE;True
1785027459.0757673;25.899163705999854;Simulation RF;Détection RF large bande;868 MHz;868 MHz;;2718;2.1903870011516235;-43.61548004606493;-76.61548004606493;2.1799774207368086e-11;0.1;2.1799774207368088e-12;7.439172377221198e-09;;;;VERT;True
1785027459.5747924;25.899163705999854;Simulation RF;Détection RF large bande;2,45 GHz;2,45 GHz;;2936;2.3659798585189495;-50.63919434075798;-67.33919434075798;1.845357719547207e-10;0.1;1.8453577195472073e-11;2.2802909060252143e-08;;;;ORANGE;True
1785027459.8069966;26.494121842999903;Simulation RF;Détection RF large bande;868 MHz;868 MHz;;2713;2.186624894785879;-43.46499579143514;-76.46499579143514;2.2568381825029706e-11;0.1;2.256838182502971e-12;7.441429215403701e-09;;;;VERT;True
1785027459.8097467;26.494121842999903;Simulation RF;Détection RF large bande;2,45 GHz;2,45 GHz;;2901;2.3380488671982014;-49.521954687928044;-66.22195468792805;2.386736810205043e-10;0.1;2.3867368102050432e-11;2.2826776428354194e-08;;;;ORANGE;True
1785027459.8103235;26.637504111999988;Simulation RF;Détection RF large bande;868 MHz;868 MHz;;2838;2.2873077528981027;-47.4923101159241;-80.4923101159241;8.928304395969167e-12;0.1;8.928304395969168e-13;7.442322045843298e-09;;;;VERT;True
1785027459.8105013;26.637504111999988;Simulation RF;Détection RF large bande;2,45 GHz;2,45 GHz;;2952;2.379040528088461;-51.161621123538424;-67.86162112353843;1.636205648685781e-10;0.1;1.636205648685781e-11;2.2843138484841053e-08;;;;ORANGE;True
1785027459.9317317;26.737677074999965;Simulation RF;Détection RF large bande;868 MHz;868 MHz;;2791;2.249065353042879;-45.96261412171515;-78.96261412171515;1.2698095465801015e-11;0.1;1.2698095465801017e-12;7.443591855389878e-09;;;;VERT;True
1785027459.9364698;26.737677074999965;Simulation RF;Détection RF large bande;2,45 GHz;2,45 GHz;;2920;2.3529945790430746;-50.11978316172298;-66.81978316172298;2.0798005265774256e-10;0.1;2.0798005265774256e-11;2.2863936490106827e-08;;;;ORANGE;True
1785027460.0108345;26.837765354999874;Simulation RF;Détection RF large bande;868 MHz;868 MHz;;2851;2.2975555694485164;-47.90222277794065;-80.90222277794065;8.124146049477425e-12;0.1;8.124146049477425e-13;7.444404269994826e-09;;;;VERT;True
1785027460.0110257;26.837765354999874;Simulation RF;Détection RF large bande;2,45 GHz;2,45 GHz;;2953;2.3795738837891185;-51.18295535156474;-67.88295535156475;1.6281876822434374e-10;0.1;1.6281876822434374e-11;2.288021836692926e-08;;;;ORANGE;True
1785027460.1111202;26.937876866999886;Simulation RF;Détection RF large bande;868 MHz;868 MHz;;2825;2.276301468080319;-47.05205872321277;-80.05205872321277;9.880845934457686e-12;0.1;9.880845934457686e-13;7.445392354588272e-09;;;;VERT;True
1785027460.1115916;26.937876866999886;Simulation RF;Détection RF large bande;2,45 GHz;2,45 GHz;;2999;2.417043006517231;-52.68172026068923;-69.38172026068924;1.1529964600842055e-10;0.1;1.1529964600842055e-11;2.28917483315301e-08;;;;ORANGE;True
1785027460.2108245;27.03796664299989;Simulation RF;Détection RF large bande;868 MHz;868 MHz;;2739;2.206936151366661;-44.27744605466644;-77.27744605466644;1.871782551533653e-11;0.1;1.871782551533653e-12;7.447264137139805e-09;;;;VERT;True
1785027460.2109766;27.03796664299989;Simulation RF;Détection RF large bande;2,45 GHz;2,45 GHz;;2933;2.363869644630101;-50.55478578520403;-67.25478578520404;1.8815745121776148e-10;0.1;1.881574512177615e-11;2.291056407665188e-08;;;;ORANGE;True
1785027460.3211386;27.138015522999922;Simulation RF;Détection RF large bande;868 MHz;868 MHz;;2771;2.233059897606914;-45.32239590427656;-78.32239590427656;1.471500484983618e-11;0.1;1.4715004849836178e-12;7.448735637624789e-09;;;;VERT;True
1785027460.321389;27.138015522999922;Simulation RF;Détection RF large bande;2,45 GHz;2,45 GHz;;2918;2.3518772474453606;-50.07508989781442;-66.77508989781442;2.101314271944327e-10;0.1;2.1013142719443273e-11;2.2931577219371323e-08;;;;ORANGE;True
1785027460.4110265;27.238153212999805;Simulation RF;Détection RF large bande;868 MHz;868 MHz;;2792;2.2498571020030904;-45.99428408012362;-78.99428408012362;1.2605834237138244e-11;0.1;1.2605834237138244e-12;7.4499962210485025e-09;;;;VERT;True
1785027460.4111848;27.238153212999805;Simulation RF;Détection RF large bande;2,45 GHz;2,45 GHz;;2878;2.318958742923158;-48.75834971692632;-65.45834971692632;2.845542184505099e-10;0.1;2.8455421845050994e-11;2.2960032641216374e-08;;;;ORANGE;True
1785027460.5136654;27.338236953999967;Simulation RF;Détection RF large bande;868 MHz;868 MHz;;2796;2.253151152728899;-46.126046109155965;-79.12604610915596;1.2229125138639518e-11;0.1;1.2229125138639519e-12;7.451219133562366e-09;;;;VERT;True
1785027460.5139134;27.338236953999967;Simulation RF;Détection RF large bande;2,45 GHz;2,45 GHz;;2980;2.401280284930859;-52.05121139723437;-68.75121139723437;1.3331495188730674e-10;0.1;1.3331495188730675e-11;2.2973364136405104e-08;;;;ORANGE;True
1785027460.611922;27.438377031999835;Simulation RF;Détection RF large bande;868 MHz;868 MHz;;2798;2.254989858812903;-46.19959435251613;-79.19959435251613;1.2023767359107027e-11;0.1;1.2023767359107028e-12;7.452421510298276e-09;;;;VERT;True
1785027460.6122963;27.438377031999835;Simulation RF;Détection RF large bande;2,45 GHz;2,45 GHz;;2896;2.3338399635993783;-49.353598543975124;-66.05359854397513;2.481076444885367e-10;0.1;2.481076444885367e-11;2.2998174900853958e-08;;;;ORANGE;True
1785027460.71494;27.538477008999962;Simulation RF;Détection RF large bande;868 MHz;868 MHz;;2841;2.2892542792389414;-47.57017116955765;-80.57017116955765;8.769662563746494e-12;0.1;8.769662563746495e-13;7.45329847655465e-09;;;;VERT;True
1785027460.7152271;27.538477008999962;Simulation RF;Détection RF large bande;2,45 GHz;2,45 GHz;;2920;2.3531257490845188;-50.12502996338074;-66.82502996338074;2.077289393631834e-10;0.1;2.077289393631834e-11;2.3018947794790277e-08;;;;ORANGE;True
1785027460.8114078;27.63856008399989;Simulation RF;Détection RF large bande;868 MHz;868 MHz;;2851;2.2972689039634253;-47.890756158537;-80.890756158537;8.145624466275901e-12;0.1;8.145624466275902e-13;7.454113039001278e-09;;;;VERT;True
1785027460.8115618;27.63856008399989;Simulation RF;Détection RF large bande;2,45 GHz;2,45 GHz;;2933;2.363948092146864;-50.557923685874556;-67.25792368587456;1.8802155123032762e-10;0.1;1.8802155123032762e-11;2.3037749949913308e-08;;;;ORANGE;True
1785027460.9252071;27.738641732999895;Simulation RF;Détection RF large bande;868 MHz;868 MHz;;2825;2.276355649641617;-47.05422598566467;-80.05422598566467;9.875916319887319e-12;0.1;9.87591631988732e-13;7.455100630633266e-09;;;;VERT;True
1785027460.9254613;27.738641732999895;Simulation RF;Détection RF large bande;2,45 GHz;2,45 GHz;;2946;2.373873280983398;-50.95493123933592;-67.65493123933592;1.7159588782161174e-10;0.1;1.7159588782161175e-11;2.305490953869547e-08;;;;ORANGE;True
1785027461.0115697;27.838722325999925;Simulation RF;Détection RF large bande;868 MHz;868 MHz;;2795;2.252500779662125;-46.100031186485;-79.100031186485;1.2302599363412075e-11;0.1;1.2302599363412076e-12;7.456330890569607e-09;;;;VERT;True
1785027461.0117197;27.838722325999925;Simulation RF;Détection RF large bande;2,45 GHz;2,45 GHz;;2936;2.365982158793472;-50.639286351738875;-67.33928635173888;1.8453186236382504e-10;0.1;1.8453186236382504e-11;2.307336272493185e-08;;;;ORANGE;True
1785027461.1263373;27.938840554999842;Simulation RF;Détection RF large bande;868 MHz;868 MHz;;2767;2.230081178127059;-45.203247125082356;-78.20324712508236;1.5124300146672922e-11;0.1;1.5124300146672922e-12;7.457843320584275e-09;;;;VERT;True
1785027461.1265864;27.938840554999842;Simulation RF;Détection RF large bande;2,45 GHz;2,45 GHz;;2989;2.409071332144041;-52.362853285761645;-69.06285328576165;1.2408368182278784e-10;0.1;1.2408368182278785e-11;2.308577109311413e-08;;;;ORANGE;True
1785027461.2118194;28.038977036999995;Simulation RF;Détection RF large bande;868 MHz;868 MHz;;2773;2.2349303210920657;-45.397212843682624;-78.39721284368262;1.4463677032351647e-11;0.1;1.4463677032351647e-12;7.45928968828751e-09;;;;VERT;True
1785027461.211977;28.038977036999995;Simulation RF;Détection RF large bande;2,45 GHz;2,45 GHz;;2930;2.3615336365025525;-50.461345460102095;-67.1613454601021;1.9224960403754308e-10;0.1;1.9224960403754308e-11;2.3104996053517884e-08;;;;ORANGE;True
1785027461.3276477;28.139114297999868;Simulation RF;Détection RF large bande;868 MHz;868 MHz;;2812;2.2659406262162736;-46.637625048650946;-79.63762504865095;1.0870199009412198e-11;0.1;1.0870199009412197e-12;7.46037670818845e-09;;;;VERT;True
1785027461.3279164;28.139114297999868;Simulation RF;Détection RF large bande;2,45 GHz;2,45 GHz;;2917;2.3505513355638894;-50.02205342255557;-66.72205342255558;2.1271330613424975e-10;0.1;2.1271330613424977e-11;2.3126267384131308e-08;;;;ORANGE;True
1785027461.4120226;28.239191609999807;Simulation RF;Détection RF large bande;868 MHz;868 MHz;;2807;2.262190131688669;-46.48760526754674;-79.48760526754674;1.1252252606117112e-11;0.1;1.1252252606117112e-12;7.461501933449062e-09;;;;VERT;True
1785027461.412168;28.239191609999807;Simulation RF;Détection RF large bande;2,45 GHz;2,45 GHz;;3028;2.4399576683473714;-53.598306733894844;-70.29830673389485;9.336182372598064e-11;0.1;9.336182372598064e-12;2.3135603566503906e-08;;;;VERT;True
1785027461.5226407;28.339351419999957;Simulation RF;Détection RF large bande;868 MHz;868 MHz;;2799;2.2559710346801025;-46.238841387204104;-79.2388413872041;1.191559850507771e-11;0.1;1.191559850507771e-12;7.46269349329957e-09;;;;VERT;True
1785027461.5229092;28.339351419999957;Simulation RF;Détection RF large bande;2,45 GHz;2,45 GHz;;3010;2.4257979675076093;-53.031918700304374;-69.73191870030438;1.0636729867917074e-10;0.1;1.0636729867917074e-11;2.3146240296371823e-08;;;;ORANGE;True
1785027461.6122813;28.439434157999813;Simulation RF;Détection RF large bande;868 MHz;868 MHz;;2721;2.1924402489362023;-43.697609957448094;-76.6976099574481;2.1391389929345564e-11;0.1;2.1391389929345564e-12;7.464832632292505e-09;;;;VERT;True
1785027461.6124547;28.439434157999813;Simulation RF;Détection RF large bande;2,45 GHz;2,45 GHz;;2964;2.388454791377761;-51.53819165511044;-68.23819165511044;1.5003094144940926e-10;0.1;1.5003094144940925e-11;2.3161243390516764e-08;;;;ORANGE;True
1785027461.723104;28.53959576399984;Simulation RF;Détection RF large bande;868 MHz;868 MHz;;2857;2.302633244103027;-48.105329764121066;-81.10532976412107;7.752950721983523e-12;0.1;7.752950721983523e-13;7.465607927364703e-09;;;;VERT;True
1785027461.7233891;28.53959576399984;Simulation RF;Détection RF large bande;2,45 GHz;2,45 GHz;;2991;2.410159808397194;-52.406392335887745;-69.10639233588775;1.228459282850522e-10;0.1;1.2284592828505221e-11;2.317352798334527e-08;;;;ORANGE;True
1785027461.8125582;28.63968375899981;Simulation RF;Détection RF large bande;868 MHz;868 MHz;;2753;2.218598458872086;-44.74393835488344;-77.74393835488344;1.6811488370598008e-11;0.1;1.6811488370598009e-12;7.467289076201762e-09;;;;VERT;True
1785027461.8127131;28.63968375899981;Simulation RF;Détection RF large bande;2,45 GHz;2,45 GHz;;2917;2.3507105597072635;-50.02842238829054;-66.72842238829054;2.1240158887472778e-10;0.1;2.124015888747278e-11;2.3194768142232743e-08;;;;ORANGE;True
1785027462.0387416;28.739835201000005;Simulation RF;Détection RF large bande;868 MHz;868 MHz;;2768;2.230322754655272;-45.21291018621089;-78.21291018621089;1.5090685957518293e-11;0.1;1.5090685957518293e-12;7.468798144797514e-09;;;;VERT;True
1785027462.03917;28.739835201000005;Simulation RF;Détection RF large bande;2,45 GHz;2,45 GHz;;2924;2.356626748389241;-50.26506993556964;-66.96506993556964;2.0113748082485968e-10;0.1;2.011374808248597e-11;2.3214881890315227e-08;;;;ORANGE;True
1785027462.0395799;28.866791555999953;Simulation RF;Détection RF large bande;868 MHz;868 MHz;;2772;2.233665769748864;-45.34663078995456;-78.34663078995456;1.463311955956642e-11;0.1;1.463311955956642e-12;7.47026145675347e-09;;;;VERT;True
1785027462.039713;28.866791555999953;Simulation RF;Détection RF large bande;2,45 GHz;2,45 GHz;;3019;2.4328554658847557;-53.31421863539022;-70.01421863539022;9.967313917796208e-11;0.1;9.967313917796209e-12;2.3224849204233023e-08;;;;VERT;True
1785027462.1449292;28.96716612199998;Simulation RF;Détection RF large bande;868 MHz;868 MHz;;2805;2.260371594366404;-46.41486377465614;-79.41486377465614;1.1442307703917077e-11;0.1;1.1442307703917078e-12;7.471405687523861e-09;;;;VERT;True
1785027462.1451128;28.96716612199998;Simulation RF;Détection RF large bande;2,45 GHz;2,45 GHz;;2911;2.345577958715787;-49.82311834863147;-66.52311834863147;2.2268356485194166e-10;0.1;2.2268356485194167e-11;2.324711756071822e-08;;;;ORANGE;True
1785027462.2400842;29.067236413999808;Simulation RF;Détection RF large bande;868 MHz;868 MHz;;2824;2.2755718455468514;-47.02287382187406;-80.02287382187406;9.947469536309332e-12;0.1;9.947469536309332e-13;7.472400434477493e-09;;;;VERT;True
1785027462.2402308;29.067236413999808;Simulation RF;Détection RF large bande;2,45 GHz;2,45 GHz;;2969;2.392973304991751;-51.718932199670036;-68.41893219967004;1.4391523793164956e-10;0.1;1.4391523793164957e-11;2.3261509084511385e-08;;;;ORANGE;True
1785027462.3458686;29.167354953999848;Simulation RF;Détection RF large bande;868 MHz;868 MHz;;2725;2.195875317862767;-43.83501271451067;-76.83501271451067;2.0725199920138543e-11;0.1;2.0725199920138545e-12;7.474472954469507e-09;;;;VERT;True
1785027462.346153;29.167354953999848;Simulation RF;Détection RF large bande;2,45 GHz;2,45 GHz;;2932;2.36315059207142;-50.52602368285679;-67.22602368285679;1.8940770056456575e-10;0.1;1.8940770056456576e-11;2.328044985456784e-08;;;;ORANGE;True
1785027462.4403355;29.26744546299983;Simulation RF;Détection RF large bande;868 MHz;868 MHz;;2791;2.2488998494921897;-45.95599397968758;-78.95599397968758;1.2717466492178699e-11;0.1;1.27174664921787e-12;7.475744701118725e-09;;;;VERT;True
1785027462.4405158;29.26744546299983;Simulation RF;Détection RF large bande;2,45 GHz;2,45 GHz;;2983;2.404112221668199;-52.16448886672795;-68.86448886672795;1.2988264173327544e-10;0.1;1.2988264173327545e-11;2.3293438118741168e-08;;;;ORANGE;True
1785027462.5609078;29.367543840999815;Simulation RF;Détection RF large bande;868 MHz;868 MHz;;2832;2.282403021660068;-47.29612086640272;-80.29612086640272;9.340882592148873e-12;0.1;9.340882592148873e-13;7.47667878937794e-09;;;;VERT;True
1785027462.561339;29.367543840999815;Simulation RF;Détection RF large bande;2,45 GHz;2,45 GHz;;2975;2.39732585100203;-51.893034040081204;-68.5930340400812;1.3826001383109987e-10;0.1;1.3826001383109988e-11;2.3307264120124277e-08;;;;ORANGE;True
1785027462.640574;29.467635256999984;Simulation RF;Détection RF large bande;868 MHz;868 MHz;;2834;2.2841875766312856;-47.36750306525141;-80.36750306525141;9.188607348705193e-12;0.1;9.188607348705193e-13;7.477597650112812e-09;;;;VERT;True
1785027462.6407378;29.467635256999984;Simulation RF;Détection RF large bande;2,45 GHz;2,45 GHz;;3012;2.4269516937682747;-53.07806775073098;-69.77806775073098;1.052430013505901e-10;0.1;1.052430013505901e-11;2.3317788420259337e-08;;;;ORANGE;True
1785027462.7470462;29.56769690399983;Simulation RF;Détection RF large bande;868 MHz;868 MHz;;2806;2.261597844587423;-46.46391378349692;-79.46391378349692;1.1313803241532634e-11;0.1;1.1313803241532635e-12;7.478729030436964e-09;;;;VERT;True
1785027462.7472584;29.56769690399983;Simulation RF;Détection RF large bande;2,45 GHz;2,45 GHz;;2959;2.3847434197105803;-51.38973678842321;-68.08973678842321;1.55248109787126e-10;0.1;1.55248109787126e-11;2.333331323123805e-08;;;;ORANGE;True
1785027462.840592;29.6677408879998;Simulation RF;Détection RF large bande;868 MHz;868 MHz;;2798;2.2549765461432907;-46.19906184573162;-79.19906184573162;1.2025241734331757e-11;0.1;1.2025241734331757e-12;7.479931554610397e-09;;;;VERT;True
1785027462.8407474;29.6677408879998;Simulation RF;Détection RF large bande;2,45 GHz;2,45 GHz;;3007;2.4229785494336618;-52.91914197734647;-69.61914197734647;1.0916559903627724e-10;0.1;1.0916559903627724e-11;2.3344229791141677e-08;;;;ORANGE;True
1785027462.9483976;29.767835192999883;Simulation RF;Détection RF large bande;868 MHz;868 MHz;;2744;2.211113741237225;-44.444549649489005;-77.444549649489;1.8011298965925252e-11;0.1;1.8011298965925254e-12;7.48173268450699e-09;;;;VERT;True
1785027462.9487154;29.767835192999883;Simulation RF;Détection RF large bande;2,45 GHz;2,45 GHz;;2953;2.379703668925978;-51.18814675703911;-67.88814675703911;1.6262425660033184e-10;0.1;1.6262425660033184e-11;2.336049221680171e-08;;;;ORANGE;True
1785027463.0409005;29.86794352899983;Simulation RF;Détection RF large bande;868 MHz;868 MHz;;2772;2.2340768089580783;-45.36307235832312;-78.36307235832312;1.4577826065635604e-11;0.1;1.4577826065635604e-12;7.483190467113553e-09;;;;VERT;True
1785027463.0412097;29.86794352899983;Simulation RF;Détection RF large bande;2,45 GHz;2,45 GHz;;2980;2.4015927832081387;-52.06371132832554;-68.76371132832554;1.3293179439590838e-10;0.1;1.3293179439590839e-11;2.33737853962413e-08;;;;ORANGE;True
1785027463.1410298;29.968060805999812;Simulation RF;Détection RF large bande;868 MHz;868 MHz;;2773;2.234258714903079;-45.37034859612315;-78.37034859612315;1.4553422596109223e-11;0.1;1.4553422596109223e-12;7.484645809373164e-09;;;;VERT;True
1785027463.1413543;29.968060805999812;Simulation RF;Détection RF large bande;2,45 GHz;2,45 GHz;;2929;2.3605916397784337;-50.423665591137336;-67.12366559113734;1.9392483959353954e-10;0.1;1.9392483959353957e-11;2.3393177880200653e-08;;;;ORANGE;True
1785027463.241058;30.06820731599987;Simulation RF;Détection RF large bande;868 MHz;868 MHz;;2806;2.261074876253086;-46.44299505012343;-79.44299505012343;1.136843007810753e-11;0.1;1.136843007810753e-12;7.485782652380974e-09;;;;VERT;True
1785027463.2412121;30.06820731599987;Simulation RF;Détection RF large bande;2,45 GHz;2,45 GHz;;3039;2.4490111920975806;-53.96044768390321;-70.66044768390321;8.589249763541704e-11;0.1;8.589249763541704e-12;2.3401767129964194e-08;;;;VERT;True
1785027463.3494377;30.1682848989999;Simulation RF;Détection RF large bande;868 MHz;868 MHz;;2771;2.233431223398909;-45.33724893595635;-78.33724893595635;1.466476494990457e-11;0.1;1.4664764949904571e-12;7.487249128875965e-09;;;;VERT;True
1785027463.3496401;30.1682848989999;Simulation RF;Détection RF large bande;2,45 GHz;2,45 GHz;;3017;2.431608834952394;-53.264353398095764;-69.96435339809577;1.0082417108526122e-10;0.1;1.0082417108526122e-11;2.341184954707272e-08;;;;ORANGE;True
1785027463.4412706;30.26837347899982;Simulation RF;Détection RF large bande;868 MHz;868 MHz;;2760;2.224004849314196;-44.96019397256785;-77.96019397256785;1.5994865878153183e-11;0.1;1.5994865878153183e-12;7.48884861546378e-09;;;;VERT;True
1785027463.4414306;30.26837347899982;Simulation RF;Détection RF large bande;2,45 GHz;2,45 GHz;;2988;2.4081793205491024;-52.32717282196408;-69.02717282196409;1.2510731910649625e-10;0.1;1.2510731910649625e-11;2.3424360278983368e-08;;;;ORANGE;True
1785027463.565655;30.36845968999978;Simulation RF;Détection RF large bande;868 MHz;868 MHz;;2791;2.249060357872864;-45.962414314914554;-78.96241431491455;1.2698679683261586e-11;0.1;1.2698679683261588e-12;7.490118483432108e-09;;;;VERT;True
1785027463.6055646;30.36845968999978;Simulation RF;Détection RF large bande;2,45 GHz;2,45 GHz;;2988;2.4077894554847385;-52.31157821938953;-69.01157821938953;1.2555736072850996e-10;0.1;1.2555736072850997e-11;2.343691601505622e-08;;;;ORANGE;True
1785027463.6774597;30.504525580999825;Simulation RF;Détection RF large bande;868 MHz;868 MHz;;2771;2.233239033210612;-45.32956132842446;-78.32956132842446;1.4690746582418364e-11;0.1;1.4690746582418366e-12;7.49158755809035e-09;;;;VERT;True
1785027463.6793091;30.504525580999825;Simulation RF;Détection RF large bande;2,45 GHz;2,45 GHz;;3076;2.4789754139172384;-55.15901655668954;-71.85901655668954;6.517759695367179e-11;0.1;6.517759695367179e-12;2.3443433774751585e-08;;;;VERT;True
1785027463.777436;30.60460294199993;Simulation RF;Détection RF large bande;868 MHz;868 MHz;;2632;2.1207097724192887;-40.82839089677154;-73.82839089677154;4.1415309413939464e-11;0.1;4.1415309413939464e-12;7.495729089031743e-09;;;;VERT;True
1785027463.7775881;30.60460294199993;Simulation RF;Détection RF large bande;2,45 GHz;2,45 GHz;;2973;2.3960983749335862;-51.84393499734345;-68.54393499734346;1.398319777541336e-10;0.1;1.3983197775413361e-11;2.3457416972527e-08;;;;ORANGE;True
1785027463.877483;30.70465593799986;Simulation RF;Détection RF large bande;868 MHz;868 MHz;;2765;2.2283971194225733;-45.13588477690293;-78.13588477690293;1.5360718215173207e-11;0.1;1.5360718215173208e-12;7.49726516085326e-09;;;;VERT;True
1785027463.877629;30.70465593799986;Simulation RF;Détection RF large bande;2,45 GHz;2,45 GHz;;2921;2.353742555687294;-50.14970222749176;-66.84970222749176;2.0655217727409023e-10;0.1;2.0655217727409025e-11;2.347807219025441e-08;;;;ORANGE;True
1785027463.9775293;30.804719617999808;Simulation RF;Détection RF large bande;868 MHz;868 MHz;;2792;2.2498184629352616;-45.99273851741046;-78.99273851741046;1.2610321186754798e-11;0.1;1.26103211867548e-12;7.498526192971935e-09;;;;VERT;True
1785027463.9776654;30.804719617999808;Simulation RF;Détection RF large bande;2,45 GHz;2,45 GHz;;2989;2.408463018345957;-52.338520733838266;-69.03852073383827;1.2478084624262853e-10;0.1;1.2478084624262853e-11;2.3490550274878673e-08;;;;ORANGE;True
1785027464.0776398;30.90479471799995;Simulation RF;Détection RF large bande;868 MHz;868 MHz;;2785;2.2441428027315995;-45.76571210926397;-78.76571210926397;1.328705672434451e-11;0.1;1.328705672434451e-12;7.49985489864437e-09;;;;VERT;True
1785027464.077792;30.90479471799995;Simulation RF;Détection RF large bande;2,45 GHz;2,45 GHz;;3026;2.438199159103947;-53.52796636415788;-70.22796636415788;9.48862675582759e-11;0.1;9.48862675582759e-12;2.3500038901634502e-08;;;;VERT;True
1785027464.1776743;31.00485878199993;Simulation RF;Détection RF large bande;868 MHz;868 MHz;;2782;2.24184420389694;-45.67376815587761;-78.67376815587761;1.357135417118605e-11;0.1;1.3571354171186051e-12;7.501212034061488e-09;;;;VERT;True
1785027464.1778145;31.00485878199993;Simulation RF;Détection RF large bande;2,45 GHz;2,45 GHz;;3006;2.4224016898564007;-52.896067594256024;-69.59606759425603;1.097471473752496e-10;0.1;1.0974714737524961e-11;2.3511013616372027e-08;;;;ORANGE;True
1785027464.2777805;31.104934695999873;Simulation RF;Détection RF large bande;868 MHz;868 MHz;;2809;2.263741074337831;-46.549642973513244;-79.54964297351324;1.1092660024825701e-11;0.1;1.1092660024825703e-12;7.50232130006397e-09;;;;VERT;True
1785027464.2779372;31.104934695999873;Simulation RF;Détection RF large bande;2,45 GHz;2,45 GHz;;3049;2.456860088446381;-54.274403537855235;-70.97440353785524;7.990236724301369e-11;0.1;7.99023672430137e-12;2.3519003853096328e-08;;;;VERT;True
1785027464.3778458;31.20500722099996;Simulation RF;Détection RF large bande;868 MHz;868 MHz;;2742;2.2098637152337584;-44.39454860935034;-77.39454860935034;1.8219864342133723e-11;0.1;1.8219864342133723e-12;7.504143286498184e-09;;;;VERT;True
1785027464.3779938;31.20500722099996;Simulation RF;Détection RF large bande;2,45 GHz;2,45 GHz;;3033;2.443968625432836;-53.75874501731343;-70.45874501731343;8.997575473036944e-11;0.1;8.997575473036944e-12;2.3528001428569364e-08;;;;VERT;True
1785027464.4779725;31.305087947999937;Simulation RF;Détection RF large bande;868 MHz;868 MHz;;2848;2.2953149735669323;-47.81259894267728;-80.81259894267728;8.29354309588265e-12;0.1;8.29354309588265e-13;7.504972640807772e-09;;;;VERT;True
1785027464.4781263;31.305087947999937;Simulation RF;Détection RF large bande;2,45 GHz;2,45 GHz;;3025;2.438059511833719;-53.52238047334875;-70.22238047334875;9.500838868955942e-11;0.1;9.500838868955943e-12;2.353750226743832e-08;;;;VERT;True
1785027464.5780022;31.40516412099987;Simulation RF;Détection RF large bande;868 MHz;868 MHz;;2755;2.219841132768916;-44.793645310756645;-77.79364531075665;1.662017027771954e-11;0.1;1.662017027771954e-12;7.506634657835544e-09;;;;VERT;True
1785027464.5781517;31.40516412099987;Simulation RF;Détection RF large bande;2,45 GHz;2,45 GHz;;3035;2.4456511268768417;-53.826045075073665;-70.52604507507367;8.85922012012295e-11;0.1;8.859220120122952e-12;2.3546361487558445e-08;;;;VERT;True
1785027464.6780498;31.50522259399986;Simulation RF;Détection RF large bande;868 MHz;868 MHz;;2765;2.2278239662461345;-45.11295864984538;-78.11295864984538;1.5442020868029602e-11;0.1;1.5442020868029604e-12;7.508178859922346e-09;;;;VERT;True
1785027464.6781933;31.50522259399986;Simulation RF;Détection RF large bande;2,45 GHz;2,45 GHz;;3014;2.4285352640866176;-53.14141056346469;-69.84141056346469;1.0371914872832261e-10;0.1;1.0371914872832262e-11;2.3556733402431277e-08;;;;ORANGE;True
1785027464.7780936;31.60528227099985;Simulation RF;Détection RF large bande;868 MHz;868 MHz;;2779;2.2395050275214885;-45.58020110085954;-78.58020110085954;1.3866916163745763e-11;0.1;1.3866916163745763e-12;7.50956555153872e-09;;;;VERT;True
1785027464.778235;31.60528227099985;Simulation RF;Détection RF large bande;2,45 GHz;2,45 GHz;;2998;2.416345689049137;-52.65382756196547;-69.35382756196547;1.1604254467684495e-10;0.1;1.1604254467684496e-11;2.3568337656898963e-08;;;;ORANGE;True
1785027464.8781483;31.705330302999982;Simulation RF;Détection RF large bande;868 MHz;868 MHz;;2773;2.2348406107130714;-45.393624428522855;-78.39362442852286;1.4475632773955721e-11;0.1;1.4475632773955722e-12;7.511013114816116e-09;;;;VERT;True
1785027464.8782866;31.705330302999982;Simulation RF;Détection RF large bande;2,45 GHz;2,45 GHz;;3036;2.446667193316703;-53.86668773266811;-70.56668773266811;8.776699452769474e-11;0.1;8.776699452769474e-12;2.3577114356351734e-08;;;;VERT;True
1785027464.9783316;31.805416121000007;Simulation RF;Détection RF large bande;868 MHz;868 MHz;;2695;2.171412380979458;-42.856495239178315;-75.85649523917832;2.596273712421798e-11;0.1;2.5962737124217982e-12;7.513609388528538e-09;;;;VERT;True
1785027464.9786057;31.805416121000007;Simulation RF;Détection RF large bande;2,45 GHz;2,45 GHz;;3012;2.4271777468064077;-53.087109872256306;-69.78710987225631;1.0502411069317913e-10;0.1;1.0502411069317915e-11;2.358761676742105e-08;;;;ORANGE;True
1785027465.0785089;31.90551798799993;Simulation RF;Détection RF large bande;868 MHz;868 MHz;;2801;2.2575178782721004;-46.300715130884015;-79.30071513088402;1.174704106394892e-11;0.1;1.174704106394892e-12;7.514784092634933e-09;;;;VERT;True
1785027465.0788512;31.90551798799993;Simulation RF;Détection RF large bande;2,45 GHz;2,45 GHz;;2975;2.3976206991812457;-51.904827967249815;-68.60482796724982;1.3788505709222545e-10;0.1;1.3788505709222545e-11;2.3601405273130274e-08;;;;ORANGE;True
1785027465.1785395;32.005610170999944;Simulation RF;Détection RF large bande;868 MHz;868 MHz;;2716;2.188942644604015;-43.5577057841606;-76.5577057841606;2.209171447741964e-11;0.1;2.209171447741964e-12;7.516993264082675e-09;;;;VERT;True
1785027465.178808;32.005610170999944;Simulation RF;Détection RF large bande;2,45 GHz;2,45 GHz;;3010;2.425652327587089;-53.02609310348355;-69.72609310348355;1.065100747925966e-10;0.1;1.0651007479259661e-11;2.3612056280609533e-08;;;;ORANGE;True
1785027465.2786188;32.105697985999996;Simulation RF;Détection RF large bande;868 MHz;868 MHz;;2720;2.192007365792019;-43.680294631680766;-76.68029463168077;2.147684767135907e-11;0.1;2.147684767135907e-12;7.51914094884981e-09;;;;VERT;True
1785027465.2789006;32.105697985999996;Simulation RF;Détection RF large bande;2,45 GHz;2,45 GHz;;2973;2.3958738889398163;-51.83495555759265;-68.53495555759265;1.4012139238284693e-10;0.1;1.4012139238284694e-11;2.3626068419847816e-08;;;;ORANGE;True
1785027465.3786867;32.20577476599988;Simulation RF;Détection RF large bande;868 MHz;868 MHz;;2785;2.2446553767698645;-45.78621507079457;-78.78621507079457;1.3224476613242043e-11;0.1;1.3224476613242045e-12;7.520463396511135e-09;;;;VERT;True
1785027465.378968;32.20577476599988;Simulation RF;Détection RF large bande;2,45 GHz;2,45 GHz;;2972;2.395197653970765;-51.807906158830605;-68.50790615883061;1.4099684152432633e-10;0.1;1.4099684152432634e-11;2.364016810400025e-08;;;;ORANGE;True
1785027465.4788053;32.30586833799998;Simulation RF;Détection RF large bande;868 MHz;868 MHz;;2727;2.1974564955219655;-43.89825982087862;-76.89825982087862;2.0425562147170186e-11;0.1;2.0425562147170185e-12;7.522505952725852e-09;;;;VERT;True
1785027465.4791012;32.30586833799998;Simulation RF;Détection RF large bande;2,45 GHz;2,45 GHz;;3022;2.43544396152057;-53.417758460822796;-70.1177584608228;9.732494207656873e-11;0.1;9.732494207656874e-12;2.3649900598207908e-08;;;;VERT;True
1785027465.5788872;32.40596011399998;Simulation RF;Détection RF large bande;868 MHz;868 MHz;;2719;2.1913205593461256;-43.65282237384501;-76.65282237384501;2.161313482341748e-11;0.1;2.161313482341748e-12;7.524667266208194e-09;;;;VERT;True
1785027465.579179;32.40596011399998;Simulation RF;Détection RF large bande;2,45 GHz;2,45 GHz;;2992;2.4112935525071744;-52.451742100286964;-69.15174210028697;1.2156982456364547e-10;0.1;1.2156982456364549e-11;2.366205758066427e-08;;;;ORANGE;True
1785027465.6791034;32.50609643499979;Simulation RF;Détection RF large bande;868 MHz;868 MHz;;2761;2.2252442049088272;-45.00976819635309;-78.0097681963531;1.5813324402608593e-11;0.1;1.5813324402608594e-12;7.526248598648455e-09;;;;VERT;True
1785027465.679371;32.50609643499979;Simulation RF;Détection RF large bande;2,45 GHz;2,45 GHz;;2967;2.390754968727483;-51.63019874909931;-68.33019874909931;1.4688590557226576e-10;0.1;1.4688590557226575e-11;2.36767461712215e-08;;;;ORANGE;True
1785027465.782873;32.60652817899995;Simulation RF;Détection RF large bande;868 MHz;868 MHz;;2716;2.1889731551252205;-43.55892620500882;-76.55892620500882;2.208550730643621e-11;0.1;2.2085507306436214e-12;7.528457149379099e-09;;;;VERT;True
1785027465.783154;32.60652817899995;Simulation RF;Détection RF large bande;2,45 GHz;2,45 GHz;;3072;2.4756177017096834;-55.024708068387326;-71.72470806838733;6.722474958933395e-11;0.1;6.722474958933395e-12;2.3683468646180433e-08;;;;VERT;True
1785027465.879532;32.70663643199987;Simulation RF;Détection RF large bande;868 MHz;868 MHz;;2683;2.1617476987265056;-42.46990794906023;-75.46990794906023;2.8379791802263366e-11;0.1;2.8379791802263367e-12;7.531295128559325e-09;;;;VERT;True
1785027465.8798192;32.70663643199987;Simulation RF;Détection RF large bande;2,45 GHz;2,45 GHz;;3043;2.4518483520074987;-54.07393408029995;-70.77393408029995;8.367709451729875e-11;0.1;8.367709451729876e-12;2.369183635563216e-08;;;;VERT;True
1785027465.9797428;32.806816260000005;Simulation RF;Détection RF large bande;868 MHz;868 MHz;;2690;2.1678279729876087;-42.71311891950434;-75.71311891950434;2.6834166370363647e-11;0.1;2.683416637036365e-12;7.53397854519636e-09;;;;VERT;True
1785027465.980064;32.806816260000005;Simulation RF;Détection RF large bande;2,45 GHz;2,45 GHz;;2988;2.4075772810681038;-52.303091242724136;-69.00309124272414;1.2580296464774753e-10;0.1;1.2580296464774754e-11;2.3704416652096936e-08;;;;ORANGE;True
1785027466.080006;32.90698540299991;Simulation RF;Détection RF large bande;868 MHz;868 MHz;;2727;2.1977197895073246;-43.908791580292984;-76.90879158029298;2.037608961328257e-11;0.1;2.037608961328257e-12;7.536016154157689e-09;;;;VERT;True
1785027466.0803177;32.90698540299991;Simulation RF;Détection RF large bande;2,45 GHz;2,45 GHz;;2991;2.409972782113744;-52.398911284549754;-69.09891128454976;1.2305772206257154e-10;0.1;1.2305772206257154e-11;2.3716722424303192e-08;;;;ORANGE;True
1785027466.180006;33.007133679999924;Simulation RF;Détection RF large bande;868 MHz;868 MHz;;2706;2.180838002392113;-43.23352009568451;-76.23352009568451;2.3803893055659222e-11;0.1;2.3803893055659224e-12;7.538396543463256e-09;;;;VERT;True
1785027466.1802335;33.007133679999924;Simulation RF;Détection RF large bande;2,45 GHz;2,45 GHz;;2971;2.39431889955679;-51.772755982271605;-68.47275598227161;1.4214264801439236e-10;0.1;1.4214264801439238e-11;2.3730936689104632e-08;;;;ORANGE;True
1785027466.280203;33.10727490299996;Simulation RF;Détection RF large bande;868 MHz;868 MHz;;2677;2.157593705958587;-42.30374823834347;-75.30374823834347;2.948663243725792e-11;0.1;2.948663243725792e-12;7.541345206706981e-09;;;;VERT;True
1785027466.2805178;33.10727490299996;Simulation RF;Détection RF large bande;2,45 GHz;2,45 GHz;;3038;2.4481264447981608;-53.92505779192642;-70.62505779192642;8.659527999777594e-11;0.1;8.659527999777595e-12;2.373959621710441e-08;;;;VERT;True
1785027466.3805125;33.20746801999985;Simulation RF;Détection RF large bande;868 MHz;868 MHz;;2757;2.2220067127081355;-44.880268508325415;-77.88026850832541;1.629195302364771e-11;0.1;1.6291953023647711e-12;7.542974402009346e-09;;;;VERT;True
1785027466.3808613;33.20746801999985;Simulation RF;Détection RF large bande;2,45 GHz;2,45 GHz;;3046;2.4545374567537728;-54.18149827015091;-70.88149827015091;8.163007076425119e-11;0.1;8.16300707642512e-12;2.3747759224180836e-08;;;;VERT;True
1785027466.4809506;33.30764008699998;Simulation RF;Détection RF large bande;868 MHz;868 MHz;;2674;2.155128271381987;-42.20513085527948;-75.20513085527948;3.0163859864495816e-11;0.1;3.016385986449582e-12;7.545990787995795e-09;;;;VERT;True
1785027466.481362;33.30764008699998;Simulation RF;Détection RF large bande;2,45 GHz;2,45 GHz;;2999;2.41705628669124;-52.68225146764961;-69.38225146764961;1.1528554400357763e-10;0.1;1.1528554400357764e-11;2.3759287778581194e-08;;;;ORANGE;True
1785027466.5807304;33.40780726699995;Simulation RF;Détection RF large bande;868 MHz;868 MHz;;2737;2.2054608884146325;-44.218435536585304;-77.2184355365853;1.897389296586988e-11;0.1;1.897389296586988e-12;7.547888177292382e-09;;;;VERT;True
1785027466.5811803;33.40780726699995;Simulation RF;Détection RF large bande;2,45 GHz;2,45 GHz;;2978;2.3996920105053534;-51.98768042021413;-68.68768042021414;1.352794902068954e-10;0.1;1.3527949020689541e-11;2.3772815727601885e-08;;;;ORANGE;True
1785027466.6808922;33.50796324599992;Simulation RF;Détection RF large bande;868 MHz;868 MHz;;2669;2.150756740179601;-42.03026960718404;-75.03026960718404;3.14031373919458e-11;0.1;3.14031373919458e-12;7.551028491031576e-09;;;;VERT;True
1785027466.6811893;33.50796324599992;Simulation RF;Détection RF large bande;2,45 GHz;2,45 GHz;;2931;2.3621494404643;-50.48597761857201;-67.18597761857201;1.911622960290753e-10;0.1;1.911622960290753e-11;2.3791931957204792e-08;;;;ORANGE;True
1785027466.7811985;33.6081858;Simulation RF;Détection RF large bande;868 MHz;868 MHz;;2773;2.234784033621063;-45.39136134484252;-78.39136134484252;1.4483177909008807e-11;0.1;1.4483177909008808e-12;7.552476808822477e-09;;;;VERT;True
1785027466.781519;33.6081858;Simulation RF;Détection RF large bande;2,45 GHz;2,45 GHz;;3084;2.485223990588783;-55.40895962355131;-72.10895962355131;6.153242593847092e-11;0.1;6.153242593847092e-12;2.379808519979864e-08;;;;VERT;True
1785027466.8812656;33.708344592;Simulation RF;Détection RF large bande;868 MHz;868 MHz;;2725;2.1962845522917496;-43.851382091669976;-76.85138209166998;2.0647229771764582e-11;0.1;2.0647229771764582e-12;7.554541531799653e-09;;;;VERT;True
1785027466.8815515;33.708344592;Simulation RF;Détection RF large bande;2,45 GHz;2,45 GHz;;3021;2.434729286080465;-53.389171443218586;-70.08917144321859;9.796768725381434e-11;0.1;9.796768725381435e-12;2.3807881968524023e-08;;;;VERT;True
1785027466.9836621;33.80850490299986;Simulation RF;Détection RF large bande;868 MHz;868 MHz;;2741;2.208826621321444;-44.35306485285774;-77.35306485285774;1.839473411379439e-11;0.1;1.8394734113794393e-12;7.556381005211033e-09;;;;VERT;True
1785027466.9838572;33.80850490299986;Simulation RF;Détection RF large bande;2,45 GHz;2,45 GHz;;3003;2.420346914527491;-52.813876581099635;-69.51387658109964;1.1184391013724881e-10;0.1;1.1184391013724882e-11;2.3819066359537747e-08;;;;ORANGE;True
1785027467.08158;33.90866932199992;Simulation RF;Détection RF large bande;868 MHz;868 MHz;;2631;2.119867105635055;-40.79468422540221;-73.79468422540221;4.1737994496944174e-11;0.1;4.173799449694418e-12;7.560554804660727e-09;;;;VERT;True
1785027467.0818186;33.90866932199992;Simulation RF;Détection RF large bande;2,45 GHz;2,45 GHz;;3042;2.45132494638605;-54.05299785544199;-70.75299785544199;8.40814542366861e-11;0.1;8.40814542366861e-12;2.3827474504961416e-08;;;;VERT;True
1785027467.1817493;34.00883049999993;Simulation RF;Détection RF large bande;868 MHz;868 MHz;;2712;2.185142645719153;-43.40570582876613;-76.40570582876613;2.287859851329368e-11;0.1;2.287859851329368e-12;7.562842664512057e-09;;;;VERT;True
1785027467.1820388;34.00883049999993;Simulation RF;Détection RF large bande;2,45 GHz;2,45 GHz;;3030;2.4413981804075626;-53.6559272163025;-70.3559272163025;9.213131678870727e-11;0.1;9.213131678870728e-12;2.3836687636640286e-08;;;;VERT;True
1785027467.2820187;34.109034073999965;Simulation RF;Détection RF large bande;868 MHz;868 MHz;;2664;2.1470485291305916;-41.881941165223665;-74.88194116522367;3.249420256461186e-11;0.1;3.2494202564611864e-12;7.566092084768517e-09;;;;VERT;True
1785027467.2823646;34.109034073999965;Simulation RF;Détection RF large bande;2,45 GHz;2,45 GHz;;3045;2.4541861137316676;-54.16744454926669;-70.8674445492667;8.189465262177732e-11;0.1;8.189465262177731e-12;2.3844877101902464e-08;;;;VERT;True
1785027467.3821294;34.20920332399987;Simulation RF;Détection RF large bande;868 MHz;868 MHz;;2656;2.140724205482614;-41.628968219304554;-74.62896821930455;3.44431749859334e-11;0.1;3.4443174985933404e-12;7.56953640226711e-09;;;;VERT;True
1785027467.382418;34.20920332399987;Simulation RF;Détection RF large bande;2,45 GHz;2,45 GHz;;3074;2.4774061137695855;-55.09624455078341;-71.79624455078341;6.61265012667408e-11;0.1;6.6126501266740804e-12;2.385148975202914e-08;;;;VERT;True
1785027467.486839;34.31088862699994;Simulation RF;Détection RF large bande;868 MHz;868 MHz;;2699;2.1749954844250228;-42.999819377000904;-75.9998193770009;2.511990902994824e-11;0.1;2.511990902994824e-12;7.572048393170106e-09;;;;VERT;True
1785027467.4871323;34.31088862699994;Simulation RF;Détection RF large bande;2,45 GHz;2,45 GHz;;3114;2.5091505048218323;-56.36602019287328;-73.06602019287328;4.936259479003331e-11;0.1;4.9362594790033315e-12;2.3856426011508142e-08;;;;VERT;True
1785027467.58409;34.41105658099991;Simulation RF;Détection RF large bande;868 MHz;868 MHz;;2696;2.1729780377433183;-42.91912150973273;-75.91912150973273;2.5591034896475857e-11;0.1;2.5591034896475857e-12;7.574607496659753e-09;;;;VERT;True
1785027467.5844;34.41105658099991;Simulation RF;Détection RF large bande;2,45 GHz;2,45 GHz;;3055;2.461879084470627;-54.47516337882507;-71.17516337882508;7.629281897478514e-11;0.1;7.629281897478514e-12;2.386405529340562e-08;;;;VERT;True
1785027467.6840706;34.511163087999876;Simulation RF;Détection RF large bande;868 MHz;868 MHz;;2707;2.1811402870676604;-43.24561148270641;-76.24561148270641;2.373771174368076e-11;0.1;2.373771174368076e-12;7.57698126783412e-09;;;;VERT;True
1785027467.684346;34.511163087999876;Simulation RF;Détection RF large bande;2,45 GHz;2,45 GHz;;3073;2.4762122029872873;-55.04848811949148;-71.74848811949148;6.685766241965292e-11;0.1;6.685766241965292e-12;2.3870741059647586e-08;;;;VERT;True
1785027467.7843225;34.611347888999944;Simulation RF;Détection RF large bande;868 MHz;868 MHz;;2654;2.1386874884029186;-41.54749953611673;-74.54749953611673;3.5095387857334015e-11;0.1;3.5095387857334016e-12;7.580490806619854e-09;;;;VERT;True
1785027467.784617;34.611347888999944;Simulation RF;Détection RF large bande;2,45 GHz;2,45 GHz;;2998;2.4156184619631857;-52.62473847852742;-69.32473847852742;1.1682240753284418e-10;0.1;1.1682240753284419e-11;2.388242330040087e-08;;;;ORANGE;True
1785027467.8846717;34.711541391999845;Simulation RF;Détection RF large bande;868 MHz;868 MHz;;2670;2.151575670677413;-42.06302682709652;-75.06302682709652;3.116716622905957e-11;0.1;3.1167166229059573e-12;7.58360752324276e-09;;;;VERT;True
1785027467.8850358;34.711541391999845;Simulation RF;Détection RF large bande;2,45 GHz;2,45 GHz;;3056;2.4628853135762;-54.515412543048;-71.215412543048;7.55890253743708e-11;0.1;7.55890253743708e-12;2.388998220293831e-08;;;;VERT;True
1785027467.9846456;34.811693534999904;Simulation RF;Détection RF large bande;868 MHz;868 MHz;;2671;2.1522666393515606;-42.09066557406241;-75.09066557406241;3.0969446434084754e-11;0.1;3.0969446434084754e-12;7.586704467886169e-09;;;;VERT;True
1785027467.984965;34.811693534999904;Simulation RF;Détection RF large bande;2,45 GHz;2,45 GHz;;3072;2.475421810292277;-55.01687241169108;-71.71687241169109;6.734614775472546e-11;0.1;6.734614775472546e-12;2.3896716817713783e-08;;;;VERT;True
1785027468.0847738;34.911779285999955;Simulation RF;Détection RF large bande;868 MHz;868 MHz;;2661;2.144614871863831;-41.78459487455325;-74.78459487455325;3.323077826253846e-11;0.1;3.3230778262538462e-12;7.590027545712424e-09;;;;VERT;True
1785027468.0850987;34.911779285999955;Simulation RF;Détection RF large bande;2,45 GHz;2,45 GHz;;3023;2.435790141320946;-53.43160565283783;-70.13160565283783;9.701512212518225e-11;0.1;9.701512212518225e-12;2.39064183299263e-08;;;;VERT;True
1785027468.184925;35.01191642999993;Simulation RF;Détection RF large bande;868 MHz;868 MHz;;2668;2.1499232543911178;-41.99693017564471;-74.9969301756447;3.164513716376685e-11;0.1;3.1645137163766853e-12;7.5931920594288e-09;;;;VERT;True
1785027468.185228;35.01191642999993;Simulation RF;Détection RF large bande;2,45 GHz;2,45 GHz;;3034;2.4453090012736953;-53.8123600509478;-70.5123600509478;8.887180378442564e-11;0.1;8.887180378442564e-12;2.3915305510304744e-08;;;;VERT;True
1785027468.2850063;35.1120229889998;Simulation RF;Détection RF large bande;868 MHz;868 MHz;;2660;2.143525969111067;-41.74103876444268;-74.74103876444268;3.356573206620885e-11;0.1;3.3565732066208856e-12;7.59654863263542e-09;;;;VERT;True
1785027468.2852898;35.1120229889998;Simulation RF;Détection RF large bande;2,45 GHz;2,45 GHz;;2993;2.412226182279974;-52.48904729119896;-69.18904729119896;1.2053003172695695e-10;0.1;1.2053003172695695e-11;2.392735851347744e-08;;;;ORANGE;True
1785027468.385549;35.21234169699983;Simulation RF;Détection RF large bande;868 MHz;868 MHz;;2683;2.162142104009498;-42.48568416037992;-75.48568416037992;2.8276886195686124e-11;0.1;2.8276886195686126e-12;7.599376321254988e-09;;;;VERT;True
1785027468.3860781;35.21234169699983;Simulation RF;Détection RF large bande;2,45 GHz;2,45 GHz;;3035;2.4454600682001275;-53.8184027280051;-70.5184027280051;8.8748235513592e-11;0.1;8.8748235513592e-12;2.39362333370288e-08;;;;VERT;True
1785027468.4854867;35.312501354000005;Simulation RF;Détection RF large bande;868 MHz;868 MHz;;2671;2.1524190288624516;-42.09676115449807;-75.09676115449807;3.092600947093479e-11;0.1;3.0926009470934793e-12;7.602468922202082e-09;;;;VERT;True
1785027468.4857414;35.312501354000005;Simulation RF;Détection RF large bande;2,45 GHz;2,45 GHz;;2999;2.416994874552994;-52.679794982119745;-69.37979498211975;1.15350771030289e-10;0.1;1.1535077103028901e-11;2.3947768414131828e-08;;;;ORANGE;True
1785027468.5855887;35.41266319499982;Simulation RF;Détection RF large bande;868 MHz;868 MHz;;2608;2.102026433726377;-40.08105734905507;-73.08105734905507;4.91919756537798e-11;0.1;4.91919756537798e-12;7.607388119767459e-09;;;;VERT;True
1785027468.5858583;35.41266319499982;Simulation RF;Détection RF large bande;2,45 GHz;2,45 GHz;;3017;2.430886679263671;-53.23546717054684;-69.93546717054684;1.0149701803643044e-10;0.1;1.0149701803643045e-11;2.395791811593547e-08;;;;ORANGE;True
1785027468.6858044;35.51282768299984;Simulation RF;Détection RF large bande;868 MHz;868 MHz;;2692;2.1696364417662135;-42.78545767064854;-75.78545767064854;2.6390901936269643e-11;0.1;2.6390901936269643e-12;7.610027209961086e-09;;;;VERT;True
1785027468.6861258;35.51282768299984;Simulation RF;Détection RF large bande;2,45 GHz;2,45 GHz;;2936;2.366085301271265;-50.643412050850586;-67.34341205085059;1.8435664451808604e-10;0.1;1.8435664451808604e-11;2.397635378038728e-08;;;;ORANGE;True
1785027468.785981;35.612981914999864;Simulation RF;Détection RF large bande;868 MHz;868 MHz;;2744;2.211368170120249;-44.454726804809965;-77.45472680480997;1.7969141124298933e-11;0.1;1.7969141124298934e-12;7.611824124073516e-09;;;;VERT;True
1785027468.7862754;35.612981914999864;Simulation RF;Détection RF large bande;2,45 GHz;2,45 GHz;;3111;2.507350589838996;-56.29402359355983;-72.99402359355983;5.018774013876722e-11;0.1;5.018774013876723e-12;2.3981372554401157e-08;;;;VERT;True
1785027468.8858626;35.713037764999854;Simulation RF;Détection RF large bande;868 MHz;868 MHz;;2663;2.1458015362535057;-41.83206145014023;-74.83206145014023;3.2869557308491667e-11;0.1;3.286955730849167e-12;7.615111079804365e-09;;;;VERT;True
1785027468.8860075;35.713037764999854;Simulation RF;Détection RF large bande;2,45 GHz;2,45 GHz;;3008;2.4236351523467827;-52.9454060938713;-69.6454060938713;1.0850740833338484e-10;0.1;1.0850740833338485e-11;2.3992223295234494e-08;;;;ORANGE;True
1785027468.986441;35.81320556799983;Simulation RF;Détection RF large bande;868 MHz;868 MHz;;2681;2.1603892496444788;-42.41556998577914;-75.41556998577914;2.8737104113969628e-11;0.1;2.873710411396963e-12;7.617984790215763e-09;;;;VERT;True
1785027468.9867947;35.81320556799983;Simulation RF;Détection RF large bande;2,45 GHz;2,45 GHz;;2977;2.3988115031635515;-51.952460126542064;-68.65246012654207;1.3638103668007833e-10;0.1;1.3638103668007833e-11;2.4005861398902502e-08;;;;ORANGE;True
1785027469.0861392;35.91330031299981;Simulation RF;Détection RF large bande;868 MHz;868 MHz;;2710;2.1837842146322397;-43.35136858528959;-76.35136858528959;2.316664488133676e-11;0.1;2.316664488133676e-12;7.620301454703897e-09;;;;VERT;True
1785027469.0862951;35.91330031299981;Simulation RF;Détection RF large bande;2,45 GHz;2,45 GHz;;3109;2.5057892952614575;-56.23157181045829;-72.9315718104583;5.0914656599043496e-11;0.1;5.09146565990435e-12;2.4010952864562407e-08;;;;VERT;True
1785027469.1861806;36.01336043699985;Simulation RF;Détection RF large bande;868 MHz;868 MHz;;2682;2.1614098808694897;-42.45639523477958;-75.45639523477958;2.846823069542508e-11;0.1;2.8468230695425082e-12;7.62314827777344e-09;;;;VERT;True
1785027469.1863248;36.01336043699985;Simulation RF;Détection RF large bande;2,45 GHz;2,45 GHz;;3091;2.4908838616966222;-55.635354467864886;-72.33535446786489;5.840695338346072e-11;0.1;5.840695338346072e-12;2.4016793559900752e-08;;;;VERT;True
1785027469.2864544;36.1134752869998;Simulation RF;Détection RF large bande;868 MHz;868 MHz;;2646;2.1326502282639237;-41.306009130556944;-74.30600913055694;3.710215085853173e-11;0.1;3.7102150858531726e-12;7.626858492859293e-09;;;;VERT;True
1785027469.2865887;36.1134752869998;Simulation RF;Détection RF large bande;2,45 GHz;2,45 GHz;;3083;2.484633676060797;-55.385347042431874;-72.08534704243188;6.186788872740311e-11;0.1;6.186788872740312e-12;2.4022980348773492e-08;;;;VERT;True
1785027469.3863237;36.21352891299989;Simulation RF;Détection RF large bande;868 MHz;868 MHz;;2579;2.0780627838744707;-39.122511354978826;-72.12251135497883;6.134071932205056e-11;0.1;6.134071932205056e-12;7.632992564791498e-09;;;;VERT;True
1785027469.388411;36.21352891299989;Simulation RF;Détection RF large bande;2,45 GHz;2,45 GHz;;3055;2.4615802786003695;-54.46321114401478;-71.16321114401478;7.650307391853058e-11;0.1;7.650307391853058e-12;2.4030630656165345e-08;;;;VERT;True
1785027469.4865088;36.31360512499987;Simulation RF;Détection RF large bande;868 MHz;868 MHz;;2663;2.1462708136960003;-41.85083254784;-74.85083254784;3.2727794928117837e-11;0.1;3.2727794928117837e-12;7.63626534428431e-09;;;;VERT;True
1785027469.4866688;36.31360512499987;Simulation RF;Détection RF large bande;2,45 GHz;2,45 GHz;;3061;2.4666780970114637;-54.66712388045853;-71.36712388045854;7.299407542156029e-11;0.1;7.29940754215603e-12;2.4037930063707503e-08;;;;VERT;True
1785027469.5865347;36.413683872999854;Simulation RF;Détection RF large bande;868 MHz;868 MHz;;2595;2.091022514076873;-39.64090056307491;-72.64090056307491;5.4438975521965556e-11;0.1;5.443897552196556e-12;7.641709241836507e-09;;;;VERT;True
1785027469.5866883;36.413683872999854;Simulation RF;Détection RF large bande;2,45 GHz;2,45 GHz;;3021;2.4345239191761334;-53.38095676704533;-70.08095676704534;9.815316840852452e-11;0.1;9.815316840852453e-12;2.4047745380548354e-08;;;;VERT;True
1785027469.6866531;36.51376523199997;Simulation RF;Détection RF large bande;868 MHz;868 MHz;;2617;2.10895788898566;-40.3583155594264;-73.3583155594264;4.614965344104725e-11;0.1;4.614965344104725e-12;7.646324207180611e-09;;;;VERT;True
1785027469.6868098;36.51376523199997;Simulation RF;Détection RF large bande;2,45 GHz;2,45 GHz;;3056;2.4626728671809808;-54.50691468723923;-71.20691468723923;7.57370754911179e-11;0.1;7.57370754911179e-12;2.4055319088097467e-08;;;;VERT;True
1785027469.786656;36.613820282999995;Simulation RF;Détection RF large bande;868 MHz;868 MHz;;2629;2.118292046121979;-40.73168184487915;-73.73168184487915;4.2347893822069806e-11;0.1;4.234789382206981e-12;7.650558996562818e-09;;;;VERT;True
1785027469.7868001;36.613820282999995;Simulation RF;Détection RF large bande;2,45 GHz;2,45 GHz;;3054;2.46141878725375;-54.45675149014998;-71.15675149014999;7.66169485132516e-11;0.1;7.66169485132516e-12;2.4062980782948792e-08;;;;VERT;True
1785027469.8866906;36.7138798699998;Simulation RF;Détection RF large bande;868 MHz;868 MHz;;2608;2.101651290921387;-40.06605163685548;-73.06605163685548;4.9362237394073384e-11;0.1;4.936223739407339e-12;7.655495220302225e-09;;;;VERT;True
1785027469.8868296;36.7138798699998;Simulation RF;Détection RF large bande;2,45 GHz;2,45 GHz;;3022;2.435134860099954;-53.40539440399816;-70.10539440399816;9.76024140893299e-11;0.1;9.760241408932991e-12;2.4072741024357726e-08;;;;VERT;True
1785027469.986837;36.81395841499989;Simulation RF;Détection RF large bande;868 MHz;868 MHz;;2600;2.09558338408208;-39.82333536328319;-72.82333536328319;5.219951449515338e-11;0.1;5.219951449515339e-12;7.660715171751741e-09;;;;VERT;True
1785027469.9869907;36.81395841499989;Simulation RF;Détection RF large bande;2,45 GHz;2,45 GHz;;3082;2.4840265980073166;-55.361063920292665;-72.06106392029267;6.221478547702259e-11;0.1;6.221478547702259e-12;2.407896250290543e-08;;;;VERT;True
1785027470.0868814;36.91403623499991;Simulation RF;Détection RF large bande;868 MHz;868 MHz;;2575;2.0754122232982453;-39.0164889319298;-72.0164889319298;6.285663199697963e-11;0.1;6.285663199697963e-12;7.667000834951438e-09;;;;VERT;True
1785027470.087033;36.91403623499991;Simulation RF;Détection RF large bande;2,45 GHz;2,45 GHz;;3061;2.4666873001751184;-54.667492007004725;-71.36749200700473;7.298788839428358e-11;0.1;7.298788839428359e-12;2.4086261291744857e-08;;;;VERT;True
1785027470.1869316;37.01410055899987;Simulation RF;Détection RF large bande;868 MHz;868 MHz;;2577;2.0769999947302282;-39.079999789209126;-72.07999978920913;6.194411051422163e-11;0.1;6.194411051422163e-12;7.67319524600286e-09;;;;VERT;True
1785027470.1870751;37.01410055899987;Simulation RF;Détection RF large bande;2,45 GHz;2,45 GHz;;3006;2.4220416545105325;-52.88166618042129;-69.5816661804213;1.1011167825967399e-10;0.1;1.10111678259674e-11;2.4097272459570823e-08;;;;ORANGE;True
1785027470.28698;37.11416532599992;Simulation RF;Détection RF large bande;868 MHz;868 MHz;;2663;2.1463704821487912;-41.85481928595165;-74.85481928595165;3.269776524011222e-11;0.1;3.269776524011222e-12;7.67646502252687e-09;;;;VERT;True
1785027470.2871177;37.11416532599992;Simulation RF;Détection RF large bande;2,45 GHz;2,45 GHz;;3089;2.489098606114975;-55.563944244598986;-72.26394424459899;5.93752669942383e-11;0.1;5.93752669942383e-12;2.4103209986270246e-08;;;;VERT;True
1785027470.3873081;37.21427336099987;Simulation RF;Détection RF large bande;868 MHz;868 MHz;;2507;2.020613879177177;-36.82455516708707;-69.82455516708707;1.0412247512346906e-10;0.1;1.0412247512346906e-11;7.686877270039217e-09;;;;ORANGE;True
1785027470.387512;37.21427336099987;Simulation RF;Détection RF large bande;2,45 GHz;2,45 GHz;;3122;2.5157355239743477;-56.629420958973895;-73.3294209589739;4.645772127661908e-11;0.1;4.645772127661909e-12;2.4107855758397908e-08;;;;VERT;True
1785027470.4872732;37.314366731999826;Simulation RF;Détection RF large bande;868 MHz;868 MHz;;2583;2.0817856551549934;-39.271426206199735;-72.27142620619973;5.927306421760309e-11;0.1;5.927306421760309e-12;7.692804576460978e-09;;;;VERT;True
1785027470.487436;37.314366731999826;Simulation RF;Détection RF large bande;2,45 GHz;2,45 GHz;;3033;2.444461762096406;-53.778470483856225;-70.47847048385623;8.956801543243758e-11;0.1;8.95680154324376e-12;2.4116812559941152e-08;;;;VERT;True
1785027470.5873382;37.41445197599978;Simulation RF;Détection RF large bande;868 MHz;868 MHz;;2556;2.0599923506502753;-38.399694026011005;-71.399694026011;7.244870006426621e-11;0.1;7.2448700064266214e-12;7.700049446467404e-09;;;;VERT;True
1785027470.5875325;37.41445197599978;Simulation RF;Détection RF large bande;2,45 GHz;2,45 GHz;;3060;2.466019315035396;-54.64077260141583;-71.34077260141584;7.343832111942096e-11;0.1;7.343832111942096e-12;2.4124156392053092e-08;;;;VERT;True
1785027470.6873999;37.51453642399997;Simulation RF;Détection RF large bande;868 MHz;868 MHz;;2563;2.0656181341537283;-38.624725366149136;-71.62472536614914;6.879034117308792e-11;0.1;6.879034117308792e-12;7.706928480584712e-09;;;;VERT;True
1785027470.6875517;37.51453642399997;Simulation RF;Détection RF large bande;2,45 GHz;2,45 GHz;;3047;2.4551099914074976;-54.2043996562999;-70.9043996562999;8.12007488420289e-11;0.1;8.12007488420289e-12;2.4132276466937294e-08;;;;VERT;True
1785027470.7874603;37.614615594999805;Simulation RF;Détection RF large bande;868 MHz;868 MHz;;2508;2.020795637907838;-36.831825516313515;-69.83182551631351;1.0394831369518932e-10;0.1;1.0394831369518932e-11;7.717323311954232e-09;;;;ORANGE;True
1785027470.7876139;37.614615594999805;Simulation RF;Détection RF large bande;2,45 GHz;2,45 GHz;;3051;2.4584364932615483;-54.33745973046193;-71.03745973046193;7.875062821393753e-11;0.1;7.875062821393754e-12;2.414015152975869e-08;;;;VERT;True
1785027470.8875523;37.71469996899987;Simulation RF;Détection RF large bande;868 MHz;868 MHz;;2579;2.0783994108863295;-39.13597643545317;-72.13597643545317;6.115083005138013e-11;0.1;6.115083005138014e-12;7.72343839495937e-09;;;;VERT;True
1785027470.8877058;37.71469996899987;Simulation RF;Détection RF large bande;2,45 GHz;2,45 GHz;;3073;2.4766364061866066;-55.065456247464255;-71.76545624746426;6.659695542843494e-11;0.1;6.659695542843495e-12;2.4146811225301533e-08;;;;VERT;True
1785027470.987876;37.814838180999914;Simulation RF;Détection RF large bande;868 MHz;868 MHz;;2599;2.0944854007635305;-39.77941603054121;-72.77941603054121;5.27300759592241e-11;0.1;5.27300759592241e-12;7.728711402555292e-09;;;;VERT;True
1785027470.9881039;37.814838180999914;Simulation RF;Détection RF large bande;2,45 GHz;2,45 GHz;;3065;2.470300838209353;-54.812033528374116;-71.51203352837412;7.059869075171341e-11;0.1;7.059869075171342e-12;2.4153871094376703e-08;;;;VERT;True
1785027471.1062;37.915363382999885;Simulation RF;Détection RF large bande;868 MHz;868 MHz;;2637;2.1247173372429384;-40.988693489717534;-73.98869348971753;3.991449611205857e-11;0.1;3.9914496112058575e-12;7.732702852166498e-09;;;;VERT;True
1785027471.1064658;37.915363382999885;Simulation RF;Détection RF large bande;2,45 GHz;2,45 GHz;;3070;2.474155520704577;-54.96622082818307;-71.66622082818307;6.813620128005486e-11;0.1;6.813620128005487e-12;2.416068471450471e-08;;;;VERT;True
1785027471.1883;38.015448549999974;Simulation RF;Détection RF large bande;868 MHz;868 MHz;;2568;2.0691133065459466;-38.76453226183786;-71.76453226183786;6.661112580787201e-11;0.1;6.661112580787201e-12;7.739363964747285e-09;;;;VERT;True
1785027471.1884718;38.015448549999974;Simulation RF;Détection RF large bande;2,45 GHz;2,45 GHz;;2991;2.410017057538385;-52.4006823015354;-69.1006823015354;1.230075503715675e-10;0.1;1.2300755037156751e-11;2.4172985469541864e-08;;;;ORANGE;True
1785027471.3086333;38.11563854199994;Simulation RF;Détection RF large bande;868 MHz;868 MHz;;2606;2.100190887018686;-40.00763548074744;-73.00763548074744;5.003068532439273e-11;0.1;5.0030685324392734e-12;7.744367033279725e-09;;;;VERT;True
1785027471.3089411;38.11563854199994;Simulation RF;Détection RF large bande;2,45 GHz;2,45 GHz;;3105;2.502499891705416;-56.099995668216636;-72.79999566821664;5.2480798370872836e-11;0.1;5.248079837087284e-12;2.417823354937895e-08;;;;VERT;True
1785027471.3885725;38.21573146599985;Simulation RF;Détection RF large bande;868 MHz;868 MHz;;2577;2.076893531998497;-39.07574127993988;-72.07574127993988;6.200488009628303e-11;0.1;6.200488009628303e-12;7.750567521289353e-09;;;;VERT;True
1785027471.388725;38.21573146599985;Simulation RF;Détection RF large bande;2,45 GHz;2,45 GHz;;3003;2.4199042725883864;-52.796170903535454;-69.49617090353546;1.1230081540621763e-10;0.1;1.1230081540621764e-11;2.4189463630919573e-08;;;;ORANGE;True
1785027471.488738;38.31581370799995;Simulation RF;Détection RF large bande;868 MHz;868 MHz;;2528;2.0375584262223216;-37.50233704889287;-70.50233704889287;8.907714623919096e-11;0.1;8.907714623919096e-12;7.759475235913272e-09;;;;VERT;True
1785027471.488938;38.31581370799995;Simulation RF;Détection RF large bande;2,45 GHz;2,45 GHz;;3113;2.508475701339074;-56.339028053562956;-73.03902805356296;4.967034707214327e-11;0.1;4.9670347072143276e-12;2.4194430665626786e-08;;;;VERT;True
1785027471.5887368;38.41589278399988;Simulation RF;Détection RF large bande;868 MHz;868 MHz;;2541;2.0475856439305185;-37.90342575722073;-70.90342575722073;8.12189600340706e-11;0.1;8.121896003407061e-12;7.767597131916679e-09;;;;VERT;True
1785027471.5888875;38.41589278399988;Simulation RF;Détection RF large bande;2,45 GHz;2,45 GHz;;3080;2.4821977702116635;-55.287910808466535;-71.98791080846654;6.327161488939264e-11;0.1;6.327161488939264e-12;2.4200757827115727e-08;;;;VERT;True
1785027471.6887708;38.51596112199991;Simulation RF;Détection RF large bande;868 MHz;868 MHz;;2540;2.046657563978151;-37.86630255912604;-70.86630255912604;8.191618989358279e-11;0.1;8.191618989358278e-12;7.775788750906037e-09;;;;VERT;True
1785027471.6889114;38.51596112199991;Simulation RF;Détection RF large bande;2,45 GHz;2,45 GHz;;3089;2.4892202026643373;-55.568808106573485;-72.26880810657349;5.93088071474163e-11;0.1;5.930880714741631e-12;2.4206688707830467e-08;;;;VERT;True
1785027471.7890472;38.61605267699997;Simulation RF;Détection RF large bande;868 MHz;868 MHz;;2563;2.0656835528706616;-38.62734211482646;-71.62734211482646;6.874890550605349e-11;0.1;6.8748905506053495e-12;7.782663641456642e-09;;;;VERT;True
1785027471.7892482;38.61605267699997;Simulation RF;Détection RF large bande;2,45 GHz;2,45 GHz;;3059;2.4652462855556774;-54.609851422227095;-71.3098514222271;7.396305783464263e-11;0.1;7.396305783464264e-12;2.4214085013613932e-08;;;;VERT;True
1785027471.9060833;38.716228097999874;Simulation RF;Détection RF large bande;868 MHz;868 MHz;;2552;2.056750402355673;-38.270016094226904;-71.2700160942269;7.464459922009784e-11;0.1;7.464459922009785e-12;7.790128101378652e-09;;;;VERT;True
1785027471.9327996;38.716228097999874;Simulation RF;Détection RF large bande;2,45 GHz;2,45 GHz;;2986;2.405944703487222;-52.237788139488885;-68.93778813948889;1.2770890642923396e-10;0.1;1.2770890642923397e-11;2.4226855904256855e-08;;;;ORANGE;True
1785027471.9891977;38.816311728999835;Simulation RF;Détection RF large bande;868 MHz;868 MHz;;2481;1.9991693018129277;-35.9667720725171;-68.9667720725171;1.2685944081897958e-10;0.1;1.2685944081897958e-11;7.80281404546055e-09;;;;ORANGE;True
1785027471.9893541;38.816311728999835;Simulation RF;Détection RF large bande;2,45 GHz;2,45 GHz;;3046;2.4546959808024003;-54.187839232095996;-70.887839232096;8.151097289300846e-11;0.1;8.151097289300846e-12;2.4235007001546157e-08;;;;VERT;True
1785027472.089273;38.91639578299987;Simulation RF;Détection RF large bande;868 MHz;868 MHz;;2520;2.0304380143320087;-37.21752057328034;-70.21752057328034;9.511476575320706e-11;0.1;9.511476575320707e-12;7.81232552203587e-09;;;;VERT;True
1785027472.0894616;38.91639578299987;Simulation RF;Détection RF large bande;2,45 GHz;2,45 GHz;;3015;2.42971831308548;-53.18873252341919;-69.8887325234192;1.0259513036481852e-10;0.1;1.0259513036481853e-11;2.424526651458264e-08;;;;ORANGE;True
1785027472.1893342;39.01648244699982;Simulation RF;Détection RF large bande;868 MHz;868 MHz;;2531;2.0394660561365647;-37.57864224546259;-70.57864224546259;8.752573681388855e-11;0.1;8.752573681388855e-12;7.821078095717259e-09;;;;VERT;True
1785027472.1894891;39.01648244699982;Simulation RF;Détection RF large bande;2,45 GHz;2,45 GHz;;3022;2.434915650798077;-53.39662603192308;-70.09662603192308;9.779967167394092e-11;0.1;9.779967167394092e-12;2.4255046481750034e-08;;;;VERT;True
1785027472.2893822;39.11654702399983;Simulation RF;Détection RF large bande;868 MHz;868 MHz;;2475;1.9943419165471363;-35.773676661885446;-68.77367666188545;1.3262711841048297e-10;0.1;1.3262711841048298e-11;7.834340807558307e-09;;;;ORANGE;True
1785027472.2896047;39.11654702399983;Simulation RF;Détection RF large bande;2,45 GHz;2,45 GHz;;3105;2.501883634383473;-56.07534537533891;-72.77534537533892;5.2779523187442526e-11;0.1;5.277952318744253e-12;2.4260324434068778e-08;;;;VERT;True
1785027472.3894784;39.216630632999795;Simulation RF;Détection RF large bande;868 MHz;868 MHz;;2608;2.101757482005291;-40.07029928021163;-73.07029928021163;4.931398196237766e-11;0.1;4.9313981962377664e-12;7.839272205754544e-09;;;;VERT;True
1785027472.389631;39.216630632999795;Simulation RF;Détection RF large bande;2,45 GHz;2,45 GHz;;3027;2.4392075966603195;-53.568303866412776;-70.26830386641278;9.400903904203921e-11;0.1;9.400903904203922e-12;2.4269725337972982e-08;;;;VERT;True
1785027472.5034359;39.3167261279998;Simulation RF;Détection RF large bande;868 MHz;868 MHz;;2526;2.0354164000829225;-37.4166560033169;-70.4166560033169;9.085198063621778e-11;0.1;9.085198063621779e-12;7.848357403818166e-09;;;;VERT;True
1785027472.503668;39.3167261279998;Simulation RF;Détection RF large bande;2,45 GHz;2,45 GHz;;3007;2.42331754664386;-52.93270186575438;-69.63270186575438;1.088252850576205e-10;0.1;1.0882528505762051e-11;2.4280607866478744e-08;;;;ORANGE;True
1785027472.589701;39.41682145599998;Simulation RF;Détection RF large bande;868 MHz;868 MHz;;2452;1.976298900702183;-35.05195602808732;-68.05195602808732;1.5660455766716996e-10;0.1;1.5660455766716998e-11;7.864017859584883e-09;;;;ORANGE;True
1785027472.5898607;39.41682145599998;Simulation RF;Détection RF large bande;2,45 GHz;2,45 GHz;;3024;2.4366267581798744;-53.465070327194965;-70.16507032719497;9.627044233555173e-11;0.1;9.627044233555173e-12;2.4290234910712298e-08;;;;VERT;True
1785027472.6897187;39.516888624999865;Simulation RF;Détection RF large bande;868 MHz;868 MHz;;2525;2.0346326896138294;-37.385307584553175;-70.38530758455317;9.151014458772936e-11;0.1;9.151014458772937e-12;7.873168874043656e-09;;;;VERT;True
1785027472.6898656;39.516888624999865;Simulation RF;Détection RF large bande;2,45 GHz;2,45 GHz;;3038;2.447975888112739;-53.91903552450955;-70.61903552450956;8.671544308951308e-11;0.1;8.671544308951308e-12;2.429890645502125e-08;;;;VERT;True
1785027472.7901583;39.61705652799992;Simulation RF;Détection RF large bande;868 MHz;868 MHz;;2447;1.972162919662242;-34.88651678648968;-67.88651678648968;1.6268530331148928e-10;0.1;1.6268530331148928e-11;7.889437404374805e-09;;;;ORANGE;True
1785027472.7904317;39.61705652799992;Simulation RF;Détection RF large bande;2,45 GHz;2,45 GHz;;3022;2.43556380022575;-53.422552009029985;-70.12255200902999;9.721757842188959e-11;0.1;9.72175784218896e-12;2.430862821286344e-08;;;;VERT;True
1785027472.8899887;39.71713954399979;Simulation RF;Détection RF large bande;868 MHz;868 MHz;;2490;2.00666777829807;-36.266711131922804;-69.2667111319228;1.183937800415821e-10;0.1;1.1839378004158209e-11;7.901276782378963e-09;;;;ORANGE;True
1785027472.8901448;39.71713954399979;Simulation RF;Détection RF large bande;2,45 GHz;2,45 GHz;;3057;2.4635490240739633;-54.54196096295853;-71.24196096295853;7.512835915378565e-11;0.1;7.512835915378566e-12;2.4316141048778817e-08;;;;VERT;True
1785027472.9900281;39.81720043699988;Simulation RF;Détection RF large bande;868 MHz;868 MHz;;2487;2.0042540273045524;-36.170161092182084;-69.17016109218208;1.210553229853511e-10;0.1;1.2105532298535112e-11;7.913382314677498e-09;;;;ORANGE;True
1785027472.9901726;39.81720043699988;Simulation RF;Détection RF large bande;2,45 GHz;2,45 GHz;;3052;2.459773583263718;-54.39094333054871;-71.09094333054871;7.77867572161914e-11;0.1;7.77867572161914e-12;2.4323919724500437e-08;;;;VERT;True
1785027473.090117;39.91727291799998;Simulation RF;Détection RF large bande;868 MHz;868 MHz;;2481;1.9996862544125467;-35.987450176501866;-68.98745017650187;1.2625685944765083e-10;0.1;1.2625685944765083e-11;7.926008000622263e-09;;;;ORANGE;True
1785027473.0902677;39.91727291799998;Simulation RF;Détection RF large bande;2,45 GHz;2,45 GHz;;3016;2.4308501370219937;-53.234005480879745;-69.93400548087975;1.0153118428019136e-10;0.1;1.0153118428019136e-11;2.4334072842928455e-08;;;;ORANGE;True
1785027473.1901944;40.01736791099984;Simulation RF;Détection RF large bande;868 MHz;868 MHz;;2486;2.003685285166069;-36.147411406642746;-69.14741140664275;1.216911119099136e-10;0.1;1.2169111190991362e-11;7.938177111813254e-09;;;;ORANGE;True
1785027473.1903336;40.01736791099984;Simulation RF;Détection RF large bande;2,45 GHz;2,45 GHz;;3048;2.4563031084773446;-54.25212433909378;-70.95212433909379;8.031331757827472e-11;0.1;8.031331757827471e-12;2.4342104174686282e-08;;;;VERT;True
1785027473.2902348;40.117416248999916;Simulation RF;Détection RF large bande;868 MHz;868 MHz;;2516;2.0275688095166102;-37.1027523806644;-70.1027523806644;9.766180842171377e-11;0.1;9.766180842171378e-12;7.947943292655425e-09;;;;VERT;True
1785027473.2903776;40.117416248999916;Simulation RF;Détection RF large bande;2,45 GHz;2,45 GHz;;3016;2.4304064519901134;-53.21625807960453;-69.91625807960453;1.0194693937682918e-10;0.1;1.0194693937682918e-11;2.4352298868623964e-08;;;;ORANGE;True
1785027473.3905134;40.21751505499992;Simulation RF;Détection RF large bande;868 MHz;868 MHz;;2532;2.0403474998477953;-37.613899993911815;-70.61389999391182;8.681804471924396e-11;0.1;8.681804471924397e-12;7.95662509712735e-09;;;;VERT;True
1785027473.3907328;40.21751505499992;Simulation RF;Détection RF large bande;2,45 GHz;2,45 GHz;;3037;2.4477185309788005;-53.90874123915202;-70.60874123915202;8.69212325624704e-11;0.1;8.692123256247041e-12;2.436099099188021e-08;;;;VERT;True
1785027473.4904737;40.31760412299991;Simulation RF;Détection RF large bande;868 MHz;868 MHz;;2486;2.0031439848422994;-36.12575939369198;-69.12575939369198;1.2229932515932339e-10;0.1;1.222993251593234e-11;7.968855029643283e-09;;;;ORANGE;True
1785027473.4906256;40.31760412299991;Simulation RF;Détection RF large bande;2,45 GHz;2,45 GHz;;3040;2.4496173183540786;-53.98469273416313;-70.68469273416314;8.541432764075297e-11;0.1;8.541432764075297e-12;2.4369532424644284e-08;;;;VERT;True
1785027473.5905242;40.41768226799991;Simulation RF;Détection RF large bande;868 MHz;868 MHz;;2479;1.998058533774886;-35.92234135099544;-68.92234135099544;1.2816394440531765e-10;0.1;1.2816394440531766e-11;7.981671424083815e-09;;;;ORANGE;True
1785027473.5906734;40.41768226799991;Simulation RF;Détection RF large bande;2,45 GHz;2,45 GHz;;3047;2.455216741521261;-54.20866966085043;-70.90866966085044;8.11209511044951e-11;0.1;8.11209511044951e-12;2.4377644519754733e-08;;;;VERT;True
1785027473.6906266;40.5177624869998;Simulation RF;Détection RF large bande;868 MHz;868 MHz;;2405;1.9377171665928576;-33.5086866637143;-66.5086866637143;2.2342477725229247e-10;0.1;2.2342477725229247e-11;8.004013901809044e-09;;;;ORANGE;True
1785027473.6908958;40.5177624869998;Simulation RF;Détection RF large bande;2,45 GHz;2,45 GHz;;3042;2.451107187037573;-54.044287481502906;-70.74428748150291;8.425026039815839e-11;0.1;8.42502603981584e-12;2.438606954579455e-08;;;;VERT;True
1785027473.7907796;40.617858237999826;Simulation RF;Détection RF large bande;868 MHz;868 MHz;;2492;2.0079899806414585;-36.31959922565834;-69.31959922565834;1.1696073193945486e-10;0.1;1.1696073193945488e-11;8.01570997500299e-09;;;;ORANGE;True
1785027473.7910779;40.617858237999826;Simulation RF;Détection RF large bande;2,45 GHz;2,45 GHz;;3048;2.4565632847586603;-54.262531390346396;-70.9625313903464;8.012109221093016e-11;0.1;8.012109221093016e-12;2.4394081655015643e-08;;;;VERT;True
1785027473.8909452;40.71802617499998;Simulation RF;Détection RF large bande;868 MHz;868 MHz;;2491;2.007412937573645;-36.29651750294579;-69.29651750294579;1.175840053255562e-10;0.1;1.175840053255562e-11;8.027468375535545e-09;;;;ORANGE;True
1785027473.8912346;40.71802617499998;Simulation RF;Détection RF large bande;2,45 GHz;2,45 GHz;;3047;2.4553906708619024;-54.2156268344761;-70.9156268344761;8.09911035567027e-11;0.1;8.099110355670271e-12;2.4402180765371315e-08;;;;VERT;True
1785027473.9912026;40.81822975;Simulation RF;Détection RF large bande;868 MHz;868 MHz;;2484;2.0014221842153606;-36.056887368614426;-69.05688736861443;1.242542531025332e-10;0.1;1.242542531025332e-11;8.039893800845798e-09;;;;ORANGE;True
1785027473.9915414;40.81822975;Simulation RF;Détection RF large bande;2,45 GHz;2,45 GHz;;3063;2.468520508836197;-54.74082035344787;-71.44082035344788;7.176587174993503e-11;0.1;7.176587174993503e-12;2.4409357352546308e-08;;;;VERT;True
1785027474.0912988;40.91836800799979;Simulation RF;Détection RF large bande;868 MHz;868 MHz;;2428;1.9562777333992933;-34.251109335971734;-67.25110933597173;1.8831680028250073e-10;0.1;1.8831680028250074e-11;8.058725480874047e-09;;;;ORANGE;True
1785027474.0915856;40.91836800799979;Simulation RF;Détection RF large bande;2,45 GHz;2,45 GHz;;3037;2.447533737035481;-53.90134948141923;-70.60134948141923;8.706929978483104e-11;0.1;8.706929978483105e-12;2.441806428252479e-08;;;;VERT;True
1785027474.19154;41.01857648699979;Simulation RF;Détection RF large bande;868 MHz;868 MHz;;2465;1.9864256928599173;-35.45702771439669;-68.45702771439669;1.426583604910135e-10;0.1;1.426583604910135e-11;8.072991316923149e-09;;;;ORANGE;True
1785027474.191883;41.01857648699979;Simulation RF;Détection RF large bande;2,45 GHz;2,45 GHz;;3023;2.436327457962887;-53.45309831851547;-70.15309831851548;9.65361930354294e-11;0.1;9.653619303542941e-12;2.4427717901828334e-08;;;;VERT;True
1785027474.299474;41.11877698699982;Simulation RF;Détection RF large bande;868 MHz;868 MHz;;2540;2.046844969909051;-37.87379879636204;-70.87379879636204;8.177491857550415e-11;0.1;8.177491857550415e-12;8.0811688087807e-09;;;;VERT;True
1785027474.2999992;41.11877698699982;Simulation RF;Détection RF large bande;2,45 GHz;2,45 GHz;;2995;2.413849306640498;-52.553972265619905;-69.25397226561991;1.187415663286614e-10;0.1;1.1874156632866142e-11;2.44395920584612e-08;;;;ORANGE;True
1785027474.3919775;41.21896798899979;Simulation RF;Détection RF large bande;868 MHz;868 MHz;;2411;1.94290871436401;-33.7163485745604;-66.7163485745604;2.129929077631985e-10;0.1;2.1299290776319853e-11;8.102468099557019e-09;;;;ORANGE;True
1785027474.3923354;41.21896798899979;Simulation RF;Détection RF large bande;2,45 GHz;2,45 GHz;;3050;2.458172846327116;-54.32691385308465;-71.02691385308465;7.894208899816821e-11;0.1;7.894208899816821e-12;2.4447486267361016e-08;;;;VERT;True
1785027474.4921043;41.31908369600001;Simulation RF;Détection RF large bande;868 MHz;868 MHz;;2424;1.9534863238041507;-34.139452952166025;-67.13945295216602;1.9322116877465786e-10;0.1;1.9322116877465786e-11;8.121790216434485e-09;;;;ORANGE;True
1785027474.4924507;41.31908369600001;Simulation RF;Détection RF large bande;2,45 GHz;2,45 GHz;;3044;2.4527583916834965;-54.110335667339854;-70.81033566733986;8.297866306103757e-11;0.1;8.297866306103757e-12;2.445578413366712e-08;;;;VERT;True
1785027474.592246;41.419231912999976;Simulation RF;Détection RF large bande;868 MHz;868 MHz;;2384;1.921456383476864;-32.85825533907456;-65.85825533907456;2.5952217130509295e-10;0.1;2.5952217130509295e-11;8.147742433564994e-09;;;;ORANGE;True
1785027474.5925982;41.419231912999976;Simulation RF;Détection RF large bande;2,45 GHz;2,45 GHz;;3022;2.435425386365357;-53.41701545461427;-70.11701545461428;9.734159419289925e-11;0.1;9.734159419289926e-12;2.446551829308641e-08;;;;VERT;True
1785027474.6923444;41.519371503;Simulation RF;Détection RF large bande;868 MHz;868 MHz;;2357;1.8993503110222154;-31.974012440888615;-64.97401244088861;3.1812570044891965e-10;0.1;3.1812570044891966e-11;8.179555003609886e-09;;;;ORANGE;True
1785027474.6926904;41.519371503;Simulation RF;Détection RF large bande;2,45 GHz;2,45 GHz;;3058;2.4644482051632295;-54.577928206529165;-71.27792820652917;7.450873316160186e-11;0.1;7.450873316160187e-12;2.447296916640257e-08;;;;VERT;True
1785027474.792454;41.61950220599988;Simulation RF;Détection RF large bande;868 MHz;868 MHz;;2448;1.9724269445941163;-34.897077783764644;-67.89707778376464;1.6229017240777855e-10;0.1;1.6229017240777855e-11;8.195784020850664e-09;;;;ORANGE;True
1785027474.79274;41.61950220599988;Simulation RF;Détection RF large bande;2,45 GHz;2,45 GHz;;3081;2.4826497735779522;-55.30599094311809;-72.00599094311809;6.300875605648713e-11;0.1;6.300875605648714e-12;2.447927004200822e-08;;;;VERT;True
1785027474.8926635;41.71966506699982;Simulation RF;Détection RF large bande;868 MHz;868 MHz;;2437;1.9642716436947838;-34.570865747791345;-67.57086574779134;1.749497898809922e-10;0.1;1.749497898809922e-11;8.213278999838763e-09;;;;ORANGE;True
1785027474.8929484;41.71966506699982;Simulation RF;Détection RF large bande;2,45 GHz;2,45 GHz;;3024;2.436612190751843;-53.46448763007372;-70.16448763007372;9.62833599007934e-11;0.1;9.628335990079341e-12;2.44888983779983e-08;;;;VERT;True
1785027474.99281;41.81986032699979;Simulation RF;Détection RF large bande;868 MHz;868 MHz;;2366;1.9063954600320205;-32.25581840128082;-65.25581840128082;2.981385671165316e-10;0.1;2.9813856711653164e-11;8.243092856550416e-09;;;;ORANGE;True
1785027474.993139;41.81986032699979;Simulation RF;Détection RF large bande;2,45 GHz;2,45 GHz;;3039;2.4487528852532745;-53.95011541013098;-70.65011541013098;8.609708722988184e-11;0.1;8.609708722988184e-12;2.4497508086721285e-08;;;;VERT;True
1785027475.0930057;41.92003879399999;Simulation RF;Détection RF large bande;868 MHz;868 MHz;;2400;1.9343229790441965;-33.372919161767854;-66.37291916176785;2.30519720227127e-10;0.1;2.30519720227127e-11;8.266144828573129e-09;;;;ORANGE;True
1785027475.0933344;41.92003879399999;Simulation RF;Détection RF large bande;2,45 GHz;2,45 GHz;;3075;2.4779836891473295;-55.11934756589318;-71.81934756589318;6.577566437306128e-11;0.1;6.577566437306129e-12;2.450408565315859e-08;;;;VERT;True
1785027475.1932437;42.020160644999805;Simulation RF;Détection RF large bande;868 MHz;868 MHz;;2469;1.9899643727028136;-35.59857490811254;-68.59857490811254;1.380837297576637e-10;0.1;1.3808372975766372e-11;8.279953201548894e-09;;;;ORANGE;True
1785027475.1936707;42.020160644999805;Simulation RF;Détection RF large bande;2,45 GHz;2,45 GHz;;3028;2.440036312206666;-53.60145248826663;-70.30145248826663;9.329422281539784e-11;0.1;9.329422281539785e-12;2.4513415075440128e-08;;;;VERT;True
1785027475.293227;42.120280959999945;Simulation RF;Détection RF large bande;868 MHz;868 MHz;;2436;1.963340979454216;-34.53363917816864;-67.53363917816864;1.7645585860712493e-10;0.1;1.7645585860712494e-11;8.297598787409607e-09;;;;ORANGE;True
1785027475.2935243;42.120280959999945;Simulation RF;Détection RF large bande;2,45 GHz;2,45 GHz;;3051;2.4586336816029775;-54.3453472641191;-71.0453472641191;7.860773334840116e-11;0.1;7.860773334840117e-12;2.452127584877497e-08;;;;VERT;True
1785027475.3934438;42.220464312999866;Simulation RF;Détection RF large bande;868 MHz;868 MHz;;2445;1.9706024238997317;-34.82409695598926;-67.82409695598926;1.650404140065026e-10;0.1;1.650404140065026e-11;8.314102828810256e-09;;;;ORANGE;True
1785027475.3937519;42.220464312999866;Simulation RF;Détection RF large bande;2,45 GHz;2,45 GHz;;3034;2.4447221503466494;-53.78888601386596;-70.48888601386597;8.935346502556686e-11;0.1;8.935346502556687e-12;2.4530211195277526e-08;;;;VERT;True
1785027475.4937782;42.32066019999979;Simulation RF;Détection RF large bande;868 MHz;868 MHz;;2404;1.9375682734946054;-33.502730939784215;-66.50273093978421;2.237313823709344e-10;0.1;2.2373138237093443e-11;8.33647596704735e-09;;;;ORANGE;True
1785027475.4941607;42.32066019999979;Simulation RF;Détection RF large bande;2,45 GHz;2,45 GHz;;3022;2.4350479429232084;-53.401917716928324;-70.10191771692833;9.768057969486703e-11;0.1;9.768057969486704e-12;2.4539979253247012e-08;;;;VERT;True
1785027475.5937405;42.420798435999814;Simulation RF;Détection RF large bande;868 MHz;868 MHz;;2442;1.9678530837472312;-34.71412334988925;-67.71412334988925;1.6927298978890801e-10;0.1;1.69272989788908e-11;8.353403266026241e-09;;;;ORANGE;True
1785027475.5940378;42.420798435999814;Simulation RF;Détection RF large bande;2,45 GHz;2,45 GHz;;2993;2.4115801950684257;-52.46320780273702;-69.16320780273702;1.212492943398629e-10;0.1;1.2124929433986292e-11;2.4552104182681e-08;;;;ORANGE;True
1785027475.6939008;42.52097003299991;Simulation RF;Détection RF large bande;868 MHz;868 MHz;;2402;1.9354859898925085;-33.41943959570034;-66.41943959570034;2.2806363414439097e-10;0.1;2.2806363414439098e-11;8.37620962944068e-09;;;;ORANGE;True
1785027475.6941807;42.52097003299991;Simulation RF;Détection RF large bande;2,45 GHz;2,45 GHz;;3005;2.4213665867603233;-52.85466347041293;-69.55466347041293;1.1079844184320914e-10;0.1;1.1079844184320915e-11;2.456318402686532e-08;;;;ORANGE;True
1785027475.7941191;42.621173696999904;Simulation RF;Détection RF large bande;868 MHz;868 MHz;;2434;1.961134226996574;-34.44536907986296;-67.44536907986296;1.8007900899917285e-10;0.1;1.8007900899917286e-11;8.394217530340598e-09;;;;ORANGE;True
1785027475.794449;42.621173696999904;Simulation RF;Détection RF large bande;2,45 GHz;2,45 GHz;;3054;2.4614070150110723;-54.45628060044288;-71.15628060044288;7.662525626062785e-11;0.1;7.662525626062786e-12;2.4570846552491384e-08;;;;VERT;True
1785027475.8942535;42.721329908999905;Simulation RF;Détection RF large bande;868 MHz;868 MHz;;2437;1.9640344876070834;-34.56137950428334;-67.56137950428334;1.7533234831504387e-10;0.1;1.7533234831504388e-11;8.411750765172102e-09;;;;ORANGE;True
1785027475.8945415;42.721329908999905;Simulation RF;Détection RF large bande;2,45 GHz;2,45 GHz;;3001;2.418613397086377;-52.74453588345507;-69.44453588345507;1.1364397388380275e-10;0.1;1.1364397388380276e-11;2.4582210949879763e-08;;;;ORANGE;True
1785027475.9944794;42.82152999899995;Simulation RF;Détection RF large bande;868 MHz;868 MHz;;2355;1.8979704733629879;-31.918818934519507;-64.9188189345195;3.2219448812764276e-10;0.1;3.221944881276428e-11;8.443970213984866e-09;;;;ORANGE;True
1785027475.9948106;42.82152999899995;Simulation RF;Détection RF large bande;2,45 GHz;2,45 GHz;;3057;2.463373558538594;-54.53494234154374;-71.23494234154374;7.524987205437937e-11;0.1;7.524987205437937e-12;2.45897359370852e-08;;;;VERT;True
1785027476.094656;42.92165127499993;Simulation RF;Détection RF large bande;868 MHz;868 MHz;;2390;1.926380358676604;-33.05521434706415;-66.05521434706415;2.4801535261108923e-10;0.1;2.4801535261108926e-11;8.468771749245976e-09;;;;ORANGE;True
1785027476.0949771;42.92165127499993;Simulation RF;Détection RF large bande;2,45 GHz;2,45 GHz;;3059;2.465040277635414;-54.60161110541655;-71.30161110541655;7.410352879013896e-11;0.1;7.410352879013897e-12;2.4597146289964215e-08;;;;VERT;True
1785027476.1947894;43.021832070999835;Simulation RF;Détection RF large bande;868 MHz;868 MHz;;2399;1.9334175278880819;-33.33670111552327;-66.33670111552327;2.3245018087157282e-10;0.1;2.3245018087157285e-11;8.492016767333133e-09;;;;ORANGE;True
1785027476.1951466;43.021832070999835;Simulation RF;Détection RF large bande;2,45 GHz;2,45 GHz;;2979;2.4008078980187193;-52.03231592074876;-68.73231592074876;1.3389624812662062e-10;0.1;1.3389624812662062e-11;2.4610535914776877e-08;;;;ORANGE;True
1785027476.294933;43.12200953499996;Simulation RF;Détection RF large bande;868 MHz;868 MHz;;2459;1.9812113908677427;-35.2484556347097;-68.2484556347097;1.4967678169693083e-10;0.1;1.4967678169693083e-11;8.506984445502826e-09;;;;ORANGE;True
1785027476.2952106;43.12200953499996;Simulation RF;Détection RF large bande;2,45 GHz;2,45 GHz;;3005;2.4217586095210866;-52.87034438084345;-69.57034438084345;1.1039910736707975e-10;0.1;1.1039910736707975e-11;2.4621575825513586e-08;;;;ORANGE;True
1785027476.4033606;43.22214758299992;Simulation RF;Détection RF large bande;868 MHz;868 MHz;;2521;2.0313142643309643;-37.25257057323857;-70.25257057323857;9.435022554269177e-11;0.1;9.435022554269177e-12;8.516419468057095e-09;;;;VERT;True
1785027476.4142358;43.22214758299992;Simulation RF;Détection RF large bande;2,45 GHz;2,45 GHz;;2963;2.387616010377406;-51.50464041509623;-68.20464041509624;1.5119448794102701e-10;0.1;1.5119448794102703e-11;2.463669527430769e-08;;;;ORANGE;True
1785027476.4954245;43.322337098999924;Simulation RF;Détection RF large bande;868 MHz;868 MHz;;2387;1.9233844548672003;-32.93537819468801;-65.93537819468801;2.549542057520765e-10;0.1;2.549542057520765e-11;8.541914888632302e-09;;;;ORANGE;True
1785027476.4957848;43.322337098999924;Simulation RF;Détection RF large bande;2,45 GHz;2,45 GHz;;3030;2.441979902722419;-53.67919610889675;-70.37919610889675;9.163901007671856e-11;0.1;9.163901007671857e-12;2.464585917531536e-08;;;;VERT;True
1785027476.595447;43.422493012999894;Simulation RF;Détection RF large bande;868 MHz;868 MHz;;2463;1.9849849872055154;-35.39939948822061;-68.39939948822061;1.4456396497815563e-10;0.1;1.4456396497815563e-11;8.556371285130118e-09;;;;ORANGE;True
1785027476.5957186;43.422493012999894;Simulation RF;Détection RF large bande;2,45 GHz;2,45 GHz;;2990;2.4092756903049897;-52.37102761219958;-69.07102761219959;1.2385035015515424e-10;0.1;1.2385035015515425e-11;2.4658244210330877e-08;;;;ORANGE;True
1785027476.6955478;43.522615954;Simulation RF;Détection RF large bande;868 MHz;868 MHz;;2412;1.9436346761297707;-33.745387045190824;-66.74538704519082;2.1157351215753247e-10;0.1;2.1157351215753248e-11;8.577528636345872e-09;;;;ORANGE;True
1785027476.6958334;43.522615954;Simulation RF;Détection RF large bande;2,45 GHz;2,45 GHz;;3028;2.4400546909301504;-53.602187637206;-70.302187637206;9.327843183778094e-11;0.1;9.327843183778094e-12;2.4667572053514654e-08;;;;VERT;True
1785027476.7957673;43.62280982099992;Simulation RF;Détection RF large bande;868 MHz;868 MHz;;2352;1.8956649339291094;-31.826597357164374;-64.82659735716437;3.291093829668615e-10;0.1;3.2910938296686154e-11;8.610439574642558e-09;;;;ORANGE;True
1785027476.7960541;43.62280982099992;Simulation RF;Détection RF large bande;2,45 GHz;2,45 GHz;;2992;2.411242878392187;-52.449715135687484;-69.14971513568749;1.216265775860155e-10;0.1;1.216265775860155e-11;2.4679734711273254e-08;;;;ORANGE;True
1785027476.8959546;43.722986024999955;Simulation RF;Détection RF large bande;868 MHz;868 MHz;;2429;1.9575592423577828;-34.30236969431131;-67.30236969431131;1.8610713803377738e-10;0.1;1.861071380337774e-11;8.629050288445936e-09;;;;ORANGE;True
1785027476.8962874;43.722986024999955;Simulation RF;Détection RF large bande;2,45 GHz;2,45 GHz;;3066;2.4711362580300475;-54.845450321201895;-71.5454503212019;7.005755362195256e-11;0.1;7.005755362195256e-12;2.4686740466635448e-08;;;;VERT;True
1785027476.9961472;43.82312462899995;Simulation RF;Détection RF large bande;868 MHz;868 MHz;;2343;1.8881222751507967;-31.524891006031865;-64.52489100603187;3.527856402944189e-10;0.1;3.5278564029441896e-11;8.664328852475378e-09;;;;ORANGE;True
1785027476.9964783;43.82312462899995;Simulation RF;Détection RF large bande;2,45 GHz;2,45 GHz;;3059;2.465138998472238;-54.6055599388895;-71.3055599388895;7.403618059356244e-11;0.1;7.403618059356244e-12;2.4694144084694803e-08;;;;VERT;True
1785027477.0963297;43.923309421999875;Simulation RF;Détection RF large bande;868 MHz;868 MHz;;2429;1.957287837345695;-34.29151349382779;-67.2915134938278;1.8657293804781883e-10;0.1;1.8657293804781884e-11;8.68298614628016e-09;;;;ORANGE;True
1785027477.096733;43.923309421999875;Simulation RF;Détection RF large bande;2,45 GHz;2,45 GHz;;2989;2.4084983958755486;-52.33993583502193;-69.03993583502194;1.247401943886981e-10;0.1;1.2474019438869812e-11;2.4706618104133673e-08;;;;ORANGE;True
1785027477.1963801;44.0234307679998;Simulation RF;Détection RF large bande;868 MHz;868 MHz;;2424;1.9531994973900937;-34.127979895603744;-67.12797989560374;1.9373228928324338e-10;0.1;1.9373228928324338e-11;8.702359375208483e-09;;;;ORANGE;True
1785027477.1967285;44.0234307679998;Simulation RF;Détection RF large bande;2,45 GHz;2,45 GHz;;2962;2.3869107969735333;-51.47643187894133;-68.17643187894133;1.521797310069612e-10;0.1;1.521797310069612e-11;2.472183607723437e-08;;;;ORANGE;True
1785027477.2965794;44.12356899899987;Simulation RF;Détection RF large bande;868 MHz;868 MHz;;2473;1.9926090840267792;-35.70436336107116;-68.70436336107116;1.3476082588231534e-10;0.1;1.3476082588231535e-11;8.715835457796715e-09;;;;ORANGE;True
1785027477.2968998;44.12356899899987;Simulation RF;Détection RF large bande;2,45 GHz;2,45 GHz;;3003;2.4202290249949194;-52.809160999796774;-69.50916099979678;1.1196541651327329e-10;0.1;1.119654165132733e-11;2.4733032618885696e-08;;;;ORANGE;True
1785027477.39663;44.2236866799999;Simulation RF;Détection RF large bande;868 MHz;868 MHz;;2356;1.8987515148015899;-31.950060592063593;-64.9500605920636;3.1988504795356255e-10;0.1;3.1988504795356254e-11;8.74782396259207e-09;;;;ORANGE;True
1785027477.3969147;44.2236866799999;Simulation RF;Détection RF large bande;2,45 GHz;2,45 GHz;;3014;2.4289388929818707;-53.157555719274825;-69.85755571927483;1.0333428244557686e-10;0.1;1.0333428244557686e-11;2.4743366047130253e-08;;;;ORANGE;True
1785027477.4968004;44.32380415699981;Simulation RF;Détection RF large bande;868 MHz;868 MHz;;2382;1.919698276704114;-32.78793106816455;-65.78793106816455;2.6375876047212464e-10;0.1;2.6375876047212465e-11;8.774199838639283e-09;;;;ORANGE;True
1785027477.497109;44.32380415699981;Simulation RF;Détection RF large bande;2,45 GHz;2,45 GHz;;3002;2.4190610563099053;-52.7624422523962;-69.4624422523962;1.1317637375949657e-10;0.1;1.1317637375949658e-11;2.47546836845062e-08;;;;ORANGE;True
1785027477.5968645;44.423910006999904;Simulation RF;Détection RF large bande;868 MHz;868 MHz;;2382;1.9194563982586228;-32.77825593034491;-65.77825593034491;2.643470127109388e-10;0.1;2.6434701271093882e-11;8.800634539910377e-09;;;;ORANGE;True
1785027477.5971632;44.423910006999904;Simulation RF;Détection RF large bande;2,45 GHz;2,45 GHz;;3015;2.42960264403375;-53.18410576135;-69.88410576135;1.0270448846617253e-10;0.1;1.0270448846617254e-11;2.476495413335282e-08;;;;ORANGE;True
1785027477.6970906;44.524103463999836;Simulation RF;Détection RF large bande;868 MHz;868 MHz;;2369;1.9092800380906974;-32.37120152362789;-65.37120152362789;2.903219335666923e-10;0.1;2.9032193356669234e-11;8.829666733267047e-09;;;;ORANGE;True
1785027477.6974313;44.524103463999836;Simulation RF;Détection RF large bande;2,45 GHz;2,45 GHz;;3020;2.4336942716014995;-53.34777086405997;-70.04777086405997;9.890606269776668e-11;0.1;9.890606269776669e-12;2.4774844739622597e-08;;;;VERT;True
1785027477.7971358;44.62420655599999;Simulation RF;Détection RF large bande;868 MHz;868 MHz;;2343;1.8884625145868519;-31.538500583474075;-64.53850058347408;3.516818389260449e-10;0.1;3.516818389260449e-11;8.86483491715965e-09;;;;ORANGE;True
1785027477.7974153;44.62420655599999;Simulation RF;Détection RF large bande;2,45 GHz;2,45 GHz;;3006;2.4228167827591314;-52.912671310365255;-69.61267131036526;1.0932836894259295e-10;0.1;1.0932836894259296e-11;2.4785777576516855e-08;;;;ORANGE;True
1785027477.897353;44.724362059999976;Simulation RF;Détection RF large bande;868 MHz;868 MHz;;2398;1.9328024309937248;-33.312097239748994;-66.312097239749;2.3377080697512897e-10;0.1;2.33770806975129e-11;8.888211997857163e-09;;;;ORANGE;True
1785027477.8976684;44.724362059999976;Simulation RF;Détection RF large bande;2,45 GHz;2,45 GHz;;3050;2.4580272463896464;-54.32108985558585;-71.02108985558586;7.904802332607911e-11;0.1;7.904802332607912e-12;2.4793682378849463e-08;;;;VERT;True
1785027478.0362399;44.824723177999886;Simulation RF;Détection RF large bande;868 MHz;868 MHz;;2433;1.9609929473977286;-34.43971789590914;-67.43971789590914;1.8031348630478388e-10;0.1;1.803134863047839e-11;8.906243346487642e-09;;;;ORANGE;True
1785027478.0413814;44.824723177999886;Simulation RF;Détection RF large bande;2,45 GHz;2,45 GHz;;2981;2.4022010466349375;-52.0880418653975;-68.7880418653975;1.321891510525896e-10;0.1;1.321891510525896e-11;2.480690129395472e-08;;;;ORANGE;True
1785027478.0978663;44.92487532899986;Simulation RF;Détection RF large bande;868 MHz;868 MHz;;2394;1.9294838105886443;-33.179352423545765;-66.17935242354577;2.410264796450576e-10;0.1;2.410264796450576e-11;8.930345994452148e-09;;;;ORANGE;True
1785027478.0981295;44.92487532899986;Simulation RF;Détection RF large bande;2,45 GHz;2,45 GHz;;2952;2.379285325237585;-51.1714130095034;-67.8714130095034;1.6325207086834572e-10;0.1;1.6325207086834573e-11;2.4823226501041557e-08;;;;ORANGE;True
1785027478.198265;45.02502838699979;Simulation RF;Détection RF large bande;868 MHz;868 MHz;;2420;1.9505773212740594;-34.02309285096237;-67.02309285096237;1.984681012950323e-10;0.1;1.984681012950323e-11;8.950192804581652e-09;;;;ORANGE;True
1785027478.1987002;45.02502838699979;Simulation RF;Détection RF large bande;2,45 GHz;2,45 GHz;;3073;2.4764490016346463;-55.05796006538584;-71.75796006538584;6.671200501272504e-11;0.1;6.671200501272505e-12;2.482989770154283e-08;;;;VERT;True
