timestamp_epoch;elapsed_s;source;technology;band;device;rssi_dbm;adc_code;voltage_v;power_detector_dbm;power_antenna_dbm;power_w;duration_s;energy_j;cumulative_energy_j;packet_length_bytes;pdu_type;channel;alert_level;simulated
1787670926.6391163;1.9322423600006005;Simulation LoRa;LoRa;868 MHz;LoRa 868.100 MHz;-84.26543860809613;;;;-84.26543860809613;3.745037227793907e-12;0.041216;1.5435545438075368e-13;1.5435545438075368e-13;12;"SNR=8.62;SF=7;BW=125.0;CR=4/5;F=868.100;CRC=OK;PAYLOAD=54454d504f5f4c4f52415f31";7;VERT;True
1787670926.7492082;2.0364655299999868;Simulation RF;Détection RF large bande;868 MHz;868 MHz;;2428;1.9565784471269803;-34.2631378850792;-67.2631378850792;1.8779594543305704e-10;0.1;1.8779594543305704e-11;1.8779594543305704e-11;;;;ORANGE;True
1787670926.7512102;2.0364655299999868;Simulation RF;Détection RF large bande;2,45 GHz;2,45 GHz;;2870;2.3130859147222305;-48.52343658888921;-65.22343658888921;3.003698523819362e-10;0.1;3.003698523819362e-11;3.003698523819362e-11;;;;ORANGE;True
1787670926.7710102;2.0641372830014006;Wi-Fi;Wi-Fi;2,4/5 GHz;wlan0;-37.0;;;;-37.0;1.9952623149688787e-07;0.1;1.995262314968879e-08;1.995262314968879e-08;;;;ROUGE;False
1787670926.8445942;2.1366411070011964;Simulation RF;Détection RF large bande;868 MHz;868 MHz;;2473;1.9932033700619365;-35.728134802477456;-68.72813480247746;1.3402521721259333e-10;0.1;1.3402521721259334e-11;3.218211626456504e-11;;;;ORANGE;True
1787670926.844882;2.1366411070011964;Simulation RF;Détection RF large bande;2,45 GHz;2,45 GHz;;2889;2.327856582042878;-49.11426328171511;-65.81426328171511;2.6216437251648374e-10;0.1;2.6216437251648375e-11;5.6253422489842e-11;;;;ORANGE;True
1787670926.8616383;2.15476485399995;Wi-Fi;Wi-Fi;2,4/5 GHz;wlan0;-37.0;;;;-37.0;1.9952623149688787e-07;0.1;1.995262314968879e-08;3.990524629937758e-08;;;;ROUGE;False
1787670926.9439192;2.2367739800010895;Simulation RF;Détection RF large bande;868 MHz;868 MHz;;2523;2.0329190283979126;-37.316761135916494;-70.3167611359165;9.296594460319428e-11;0.1;9.296594460319429e-12;4.1478710724884466e-11;;;;VERT;True
1787670926.9441385;2.2367739800010895;Simulation RF;Détection RF large bande;2,45 GHz;2,45 GHz;;2850;2.296423495396109;-47.856939815844356;-64.55693981584436;3.501918369916096e-10;0.1;3.5019183699160964e-11;9.127260618900297e-11;;;;ORANGE;True
1787670926.9545455;2.2476715100001456;Wi-Fi;Wi-Fi;2,4/5 GHz;wlan0;-37.0;;;;-37.0;1.9952623149688787e-07;0.1;1.995262314968879e-08;5.985786944906637e-08;;;;ROUGE;False
1787670927.043995;2.336884184000155;Simulation RF;Détection RF large bande;868 MHz;868 MHz;;2489;2.006043510252061;-36.24174041008244;-69.24174041008244;1.190764720306288e-10;0.1;1.190764720306288e-11;5.338635792794735e-11;;;;ORANGE;True
1787670927.0441635;2.336884184000155;Simulation RF;Détection RF large bande;2,45 GHz;2,45 GHz;;2831;2.2814526783846514;-47.258107135386055;-63.95810713538605;4.019659688126897e-10;0.1;4.019659688126897e-11;1.3146920307027194e-10;;;;ORANGE;True
1787670927.0549204;2.3480454920008924;Wi-Fi;Wi-Fi;2,4/5 GHz;wlan0;-38.0;;;;-38.0;1.584893192461114e-07;0.1;1.5848931924611143e-08;7.570680137367752e-08;;;;ROUGE;False
1787670927.1445122;2.4371285140005057;Simulation RF;Détection RF large bande;868 MHz;868 MHz;;2510;2.0223738874905006;-36.894955499620025;-69.89495549962002;1.0244822777076458e-10;0.1;1.0244822777076459e-11;6.363118070502381e-11;;;;ORANGE;True
1787670927.1449943;2.4371285140005057;Simulation RF;Détection RF large bande;2,45 GHz;2,45 GHz;;2795;2.2520619618992748;-46.08247847597099;-62.78247847597099;5.269290623567343e-10;0.1;5.269290623567343e-11;1.8416210930594537e-10;;;;ORANGE;True
1787670927.1652257;2.4583504230013205;Wi-Fi;Wi-Fi;2,4/5 GHz;wlan0;-39.0;;;;-39.0;1.2589254117941662e-07;0.1;1.2589254117941663e-08;8.829605549161918e-08;;;;ROUGE;False
1787670927.2445126;2.5372784190003586;Simulation RF;Détection RF large bande;868 MHz;868 MHz;;2470;1.9907311321621615;-35.62924528648645;-68.62924528648645;1.3711200176142083e-10;0.1;1.3711200176142084e-11;7.734238088116589e-11;;;;ORANGE;True
1787670927.2448392;2.5372784190003586;Simulation RF;Détection RF large bande;2,45 GHz;2,45 GHz;;2898;2.3354845166566505;-49.41938066626601;-66.11938066626601;2.443779027505312e-10;0.1;2.443779027505312e-11;2.085998995809985e-10;;;;ORANGE;True
1787670927.268896;2.56202139800007;Wi-Fi;Wi-Fi;2,4/5 GHz;wlan0;-39.0;;;;-39.0;1.2589254117941662e-07;0.1;1.2589254117941663e-08;1.0088530960956084e-07;;;;ROUGE;False
1787670927.3448265;2.6376226200009114;Simulation RF;Détection RF large bande;868 MHz;868 MHz;;2494;2.009762463231552;-36.390498529262075;-69.39049852926208;1.1506682954535609e-10;0.1;1.150668295453561e-11;8.88490638357015e-11;;;;ORANGE;True
1787670927.3451755;2.6376226200009114;Simulation RF;Détection RF large bande;2,45 GHz;2,45 GHz;;2933;2.363629906757136;-50.545196270285444;-67.24519627028545;1.885733745781752e-10;0.1;1.8857337457817522e-11;2.27457237038816e-10;;;;ORANGE;True
1787670927.4045668;2.697692570000072;Wi-Fi;Wi-Fi;2,4/5 GHz;wlan0;-38.0;;;;-38.0;1.584893192461114e-07;0.1;1.5848931924611143e-08;1.1673424153417199e-07;;;;ROUGE;False
1787670927.4448557;2.737724987000547;Simulation RF;Détection RF large bande;868 MHz;868 MHz;;2522;2.0324918726118746;-37.29967490447498;-70.29967490447498;9.33324163105943e-11;0.1;9.33324163105943e-12;9.818230546676093e-11;;;;VERT;True
1787670927.445108;2.737724987000547;Simulation RF;Détection RF large bande;2,45 GHz;2,45 GHz;;2850;2.2970189363928775;-47.8807574557151;-64.5807574557151;3.4827656660533714e-10;0.1;3.482765666053371e-11;2.622848936993497e-10;;;;ORANGE;True
1787670927.4565287;2.749654114000805;Wi-Fi;Wi-Fi;2,4/5 GHz;wlan0;-38.0;;;;-38.0;1.584893192461114e-07;0.1;1.5848931924611143e-08;1.3258317345878312e-07;;;;ROUGE;False
1787670927.545132;2.837868223999976;Simulation RF;Détection RF large bande;868 MHz;868 MHz;;2451;1.9754931814894192;-35.01972725957677;-68.01972725957677;1.5777103480654143e-10;0.1;1.5777103480654143e-11;1.1395940894741507e-10;;;;ORANGE;True
1787670927.5463781;2.837868223999976;Simulation RF;Détection RF large bande;2,45 GHz;2,45 GHz;;2878;2.3193822712650767;-48.77529085060307;-65.47529085060307;2.8344638007502734e-10;0.1;2.8344638007502736e-11;2.9062953170685244e-10;;;;ORANGE;True
1787670927.5608332;2.853958794999926;Wi-Fi;Wi-Fi;2,4/5 GHz;wlan0;-38.0;;;;-38.0;1.584893192461114e-07;0.1;1.5848931924611143e-08;1.4843210538339427e-07;;;;ROUGE;False
1787670927.644971;2.9379462209999474;Simulation RF;Détection RF large bande;868 MHz;868 MHz;;2520;2.0309629752433027;-37.2385190097321;-70.2385190097321;9.465598933030761e-11;0.1;9.465598933030761e-12;1.2342500788044582e-10;;;;VERT;True
1787670927.6451151;2.9379462209999474;Simulation RF;Détection RF large bande;2,45 GHz;2,45 GHz;;2866;2.3096715782170376;-48.3868631286815;-65.0868631286815;3.099657346434906e-10;0.1;3.099657346434906e-11;3.216261051712015e-10;;;;ORANGE;True
1787670927.6537654;2.946890352999617;Wi-Fi;Wi-Fi;2,4/5 GHz;wlan0;-38.0;;;;-38.0;1.584893192461114e-07;0.1;1.5848931924611143e-08;1.6428103730800542e-07;;;;ROUGE;False
1787670927.7039702;2.9970960000009654;Simulation LoRa;LoRa;868 MHz;LoRa 868.100 MHz;-86.46271342644962;;;;-86.46271342644962;2.258024539316485e-12;0.041216;9.306673941246824e-14;2.4742219379322193e-13;12;"SNR=6.48;SF=7;BW=125.0;CR=4/5;F=868.100;CRC=OK;PAYLOAD=54454d504f5f4c4f52415f32";7;VERT;True
1787670927.7450762;3.0380299400003423;Simulation RF;Détection RF large bande;868 MHz;868 MHz;;2439;1.9657548227996693;-34.63019291198677;-67.63019291198677;1.7257612326182433e-10;0.1;1.7257612326182433e-11;1.4068262020662826e-10;;;;ORANGE;True
1787670927.7452674;3.0380299400003423;Simulation RF;Détection RF large bande;2,45 GHz;2,45 GHz;;2825;2.2764994165505157;-47.05997666202062;-63.75997666202061;4.2072888927795484e-10;0.1;4.2072888927795485e-11;3.63698994098997e-10;;;;ORANGE;True
1787670927.7539396;3.0470644240012916;Wi-Fi;Wi-Fi;2,4/5 GHz;wlan0;-38.0;;;;-38.0;1.584893192461114e-07;0.1;1.5848931924611143e-08;1.8012996923261656e-07;;;;ROUGE;False
1787670927.8450975;3.1381058620008844;Simulation RF;Détection RF large bande;868 MHz;868 MHz;;2470;1.9901970124984487;-35.60788049993795;-68.60788049993795;1.3778817564949388e-10;0.1;1.3778817564949389e-11;1.5446143777157763e-10;;;;ORANGE;True
1787670927.8452277;3.1381058620008844;Simulation RF;Détection RF large bande;2,45 GHz;2,45 GHz;;2799;2.2552100507114705;-46.20840202845882;-62.90840202845882;5.118701417450059e-10;0.1;5.118701417450059e-11;4.1488600827349757e-10;;;;ORANGE;True
1787670927.8535888;3.1467138999996678;Wi-Fi;Wi-Fi;2,4/5 GHz;wlan0;-39.0;;;;-39.0;1.2589254117941662e-07;0.1;1.2589254117941663e-08;1.9271922335055823e-07;;;;ROUGE;False
1787670927.945364;3.238231655001073;Simulation RF;Détection RF large bande;868 MHz;868 MHz;;2511;2.023539994743019;-36.941599789720755;-69.94159978972075;1.0135379648519013e-10;0.1;1.0135379648519014e-11;1.6459681742009665e-10;;;;ORANGE;True
1787670927.9455626;3.238231655001073;Simulation RF;Détection RF large bande;2,45 GHz;2,45 GHz;;2834;2.284024532123706;-47.36098128494824;-64.06098128494824;3.925562276089846e-10;0.1;3.9255622760898464e-11;4.5414163103439604e-10;;;;ORANGE;True
1787670927.9569972;3.2501226519998454;Wi-Fi;Wi-Fi;2,4/5 GHz;wlan0;-39.0;;;;-39.0;1.2589254117941662e-07;0.1;1.2589254117941663e-08;2.053084774684999e-07;;;;ROUGE;False
1787670928.0454462;3.3383523900010914;Simulation RF;Détection RF large bande;868 MHz;868 MHz;;2449;1.9735225014682989;-34.940900058731955;-67.94090005873196;1.606608255081115e-10;0.1;1.6066082550811152e-11;1.806628999709078e-10;;;;ORANGE;True
1787670928.0456352;3.3383523900010914;Simulation RF;Détection RF large bande;2,45 GHz;2,45 GHz;;2753;2.2185811981558494;-44.74324792623398;-61.44324792623398;7.172576804090419e-10;0.1;7.172576804090419e-11;5.258673990753002e-10;;;;ORANGE;True
1787670928.0545535;3.34767822700087;Wi-Fi;Wi-Fi;2,4/5 GHz;wlan0;-39.0;;;;-39.0;1.2589254117941662e-07;0.1;1.2589254117941663e-08;2.1789773158644155e-07;;;;ROUGE;False
1787670928.1456223;3.4384862140013865;Simulation RF;Détection RF large bande;868 MHz;868 MHz;;2441;1.9674031433842214;-34.69612573536885;-67.69612573536885;1.699759301674114e-10;0.1;1.6997593016741143e-11;1.9766049298764894e-10;;;;ORANGE;True
1787670928.145895;3.4384862140013865;Simulation RF;Détection RF large bande;2,45 GHz;2,45 GHz;;2808;2.2632101069979784;-46.52840427991913;-63.22840427991913;4.755099095644812e-10;0.1;4.7550990956448123e-11;5.734183900317484e-10;;;;ORANGE;True
1787670928.1549811;3.448106755000481;Wi-Fi;Wi-Fi;2,4/5 GHz;wlan0;-40.0;;;;-40.0;1e-07;0.1;1e-08;2.2789773158644156e-07;;;;ROUGE;False
1787670928.2457895;3.538613389000602;Simulation RF;Détection RF large bande;868 MHz;868 MHz;;2498;2.0130772186869588;-36.523088747478354;-69.52308874747835;1.1160692054336198e-10;0.1;1.1160692054336198e-11;2.0882118504198514e-10;;;;ORANGE;True
1787670928.2460513;3.538613389000602;Simulation RF;Détection RF large bande;2,45 GHz;2,45 GHz;;2822;2.2743888637375522;-46.97555454950209;-63.675554549502095;4.289874084501156e-10;0.1;4.289874084501156e-11;6.163171308767599e-10;;;;ORANGE;True
1787670928.2576032;3.5507330159998673;Wi-Fi;Wi-Fi;2,4/5 GHz;wlan0;-40.0;;;;-40.0;1e-07;0.1;1e-08;2.3789773158644157e-07;;;;ROUGE;False
1787670928.345834;3.6387445840009605;Simulation RF;Détection RF large bande;868 MHz;868 MHz;;2448;1.973005785041022;-34.920231401640876;-67.92023140164088;1.6142725425475683e-10;0.1;1.6142725425475685e-11;2.2496391046746082e-10;;;;ORANGE;True
1787670928.3460019;3.6387445840009605;Simulation RF;Détection RF large bande;2,45 GHz;2,45 GHz;;2803;2.2587885015656037;-46.35154006262415;-63.051540062624156;4.952745291098385e-10;0.1;4.952745291098385e-11;6.658445837877438e-10;;;;ORANGE;True
1787670928.3549023;3.648026587001368;Wi-Fi;Wi-Fi;2,4/5 GHz;wlan0;-39.0;;;;-39.0;1.2589254117941662e-07;0.1;1.2589254117941663e-08;2.504869857043832e-07;;;;ROUGE;False
1787670928.4460082;3.7388686850008526;Simulation RF;Détection RF large bande;868 MHz;868 MHz;;2486;2.002999823592852;-36.11999294371408;-69.11999294371408;1.2246181889861744e-10;0.1;1.2246181889861744e-11;2.3721009235732256e-10;;;;ORANGE;True
1787670928.4462676;3.7388686850008526;Simulation RF;Détection RF large bande;2,45 GHz;2,45 GHz;;2754;2.2193711653963857;-44.774846615855424;-61.47484661585543;7.120579480209095e-10;0.1;7.120579480209095e-11;7.370503785898347e-10;;;;ORANGE;True
1787670928.4553096;3.748434282000744;Wi-Fi;Wi-Fi;2,4/5 GHz;wlan0;-39.0;;;;-39.0;1.2589254117941662e-07;0.1;1.2589254117941663e-08;2.6307623982232485e-07;;;;ROUGE;False
1787670928.546199;3.839023583001108;Simulation RF;Détection RF large bande;868 MHz;868 MHz;;2441;1.9667377882875074;-34.66951153150029;-67.66951153150029;1.7102076582183172e-10;0.1;1.7102076582183174e-11;2.5431216893950573e-10;;;;ORANGE;True
1787670928.5464747;3.839023583001108;Simulation RF;Détection RF large bande;2,45 GHz;2,45 GHz;;2883;2.3230897740234484;-48.92359096093793;-65.62359096093793;2.739308240129772e-10;0.1;2.739308240129772e-11;7.644434609911324e-10;;;;ORANGE;True
1787670928.5579815;3.851108840000961;Wi-Fi;Wi-Fi;2,4/5 GHz;wlan0;-39.0;;;;-39.0;1.2589254117941662e-07;0.1;1.2589254117941663e-08;2.756654939402665e-07;;;;ROUGE;False
1787670928.6462264;3.939142017999984;Simulation RF;Détection RF large bande;868 MHz;868 MHz;;2379;1.9172933747126324;-32.69173498850529;-65.69173498850529;2.6966619119385706e-10;0.1;2.6966619119385706e-11;2.812787880588914e-10;;;;ORANGE;True
1787670928.6464028;3.939142017999984;Simulation RF;Détection RF large bande;2,45 GHz;2,45 GHz;;2803;2.2584741138772766;-46.33896455509107;-63.03896455509106;4.967107331075001e-10;0.1;4.967107331075001e-11;8.141145343018823e-10;;;;ORANGE;True
1787670928.6557448;3.9488702830003604;Wi-Fi;Wi-Fi;2,4/5 GHz;wlan0;-39.0;;;;-39.0;1.2589254117941662e-07;0.1;1.2589254117941663e-08;2.882547480582081e-07;;;;ROUGE;False
1787670928.721827;4.014952663001168;Simulation LoRa;LoRa;868 MHz;LoRa 868.100 MHz;-87.14004324053896;;;;-87.14004324053896;1.9319490814661907e-12;0.041216;7.962721334171053e-14;3.2704940713493247e-13;12;"SNR=6.63;SF=7;BW=125.0;CR=4/5;F=868.100;CRC=OK;PAYLOAD=54454d504f5f4c4f52415f33";7;VERT;True
1787670928.7463431;4.0392544900005305;Simulation RF;Détection RF large bande;868 MHz;868 MHz;;2456;1.9789904651545964;-35.159618606183855;-68.15961860618386;1.5277002137144391e-10;0.1;1.5277002137144393e-11;2.9655579019603583e-10;;;;ORANGE;True
1787670928.7465038;4.0392544900005305;Simulation RF;Détection RF large bande;2,45 GHz;2,45 GHz;;2806;2.2613382877894455;-46.45353151157781;-63.1535315115778;4.837788177266009e-10;0.1;4.837788177266009e-11;8.624924160745425e-10;;;;ORANGE;True
1787670928.7554805;4.048605383000904;Wi-Fi;Wi-Fi;2,4/5 GHz;wlan0;-41.0;;;;-41.0;7.943282347242822e-08;0.1;7.943282347242822e-09;2.961980304054509e-07;;;;ROUGE;False
1787670928.8463948;4.139338999000756;Simulation RF;Détection RF large bande;868 MHz;868 MHz;;2377;1.9154872025310608;-32.619488101242425;-65.61948810124242;2.7418973377021085e-10;0.1;2.7418973377021087e-11;3.2397476357305693e-10;;;;ORANGE;True
1787670928.8466043;4.139338999000756;Simulation RF;Détection RF large bande;2,45 GHz;2,45 GHz;;2797;2.2541456658929557;-46.16582663571823;-62.865826635718236;5.169128594581454e-10;0.1;5.1691285945814536e-11;9.14183702020357e-10;;;;ORANGE;True
1787670928.8553898;4.148515058001067;Wi-Fi;Wi-Fi;2,4/5 GHz;wlan0;-41.0;;;;-41.0;7.943282347242822e-08;0.1;7.943282347242822e-09;3.041413127526937e-07;;;;ROUGE;False
1787670928.946427;4.239419712001109;Simulation RF;Détection RF large bande;868 MHz;868 MHz;;2419;1.9490813369849667;-33.96325347939866;-66.96325347939866;2.012216250749786e-10;0.1;2.012216250749786e-11;3.440969260805548e-10;;;;ORANGE;True
1787670928.946575;4.239419712001109;Simulation RF;Détection RF large bande;2,45 GHz;2,45 GHz;;2736;2.204846525409772;-44.19386101639087;-60.893861016390865;8.139803078074101e-10;0.1;8.139803078074101e-11;9.95581732801098e-10;;;;ORANGE;True
1787670928.9550421;4.2481668979999085;Wi-Fi;Wi-Fi;2,4/5 GHz;wlan0;-41.0;;;;-41.0;7.943282347242822e-08;0.1;7.943282347242822e-09;3.120845950999365e-07;;;;ROUGE;False
1787670929.0464888;4.339496550999684;Simulation RF;Détection RF large bande;868 MHz;868 MHz;;2455;1.978146273549169;-35.12585094196676;-68.12585094196676;1.5396248276052831e-10;0.1;1.5396248276052833e-11;3.5949317435660764e-10;;;;ORANGE;True
1787670929.0466225;4.339496550999684;Simulation RF;Détection RF large bande;2,45 GHz;2,45 GHz;;2796;2.2534514179789737;-46.13805671915894;-62.838056719158935;5.20228724419907e-10;0.1;5.20228724419907e-11;1.0476046052430889e-09;;;;ORANGE;True
1787670929.0550327;4.348157589000039;Wi-Fi;Wi-Fi;2,4/5 GHz;wlan0;-41.0;;;;-41.0;7.943282347242822e-08;0.1;7.943282347242822e-09;3.200278774471793e-07;;;;ROUGE;False
1787670929.1466675;4.439594405999742;Simulation RF;Détection RF large bande;868 MHz;868 MHz;;2434;1.961152105884753;-34.44608423539012;-67.44608423539012;1.8004935771391717e-10;0.1;1.8004935771391718e-11;3.7749811012799937e-10;;;;ORANGE;True
1787670929.1468368;4.439594405999742;Simulation RF;Détection RF large bande;2,45 GHz;2,45 GHz;;2835;2.284571333852564;-47.38285335410255;-64.08285335410255;3.905841941189016e-10;0.1;3.905841941189016e-11;1.086663024654979e-09;;;;ORANGE;True
1787670929.1553843;4.448508704001142;Wi-Fi;Wi-Fi;2,4/5 GHz;wlan0;-41.0;;;;-41.0;7.943282347242822e-08;0.1;7.943282347242822e-09;3.279711597944221e-07;;;;ROUGE;False
1787670929.2467272;4.5396790570011945;Simulation RF;Détection RF large bande;868 MHz;868 MHz;;2400;1.9340177056660512;-33.360708226642046;-66.36070822664205;2.3116877804637533e-10;0.1;2.3116877804637534e-11;4.0061498793263693e-10;;;;ORANGE;True
1787670929.2468777;4.5396790570011945;Simulation RF;Détection RF large bande;2,45 GHz;2,45 GHz;;2828;2.278609136236574;-47.14436544946295;-63.84436544946295;4.1263252272296573e-10;0.1;4.126325227229657e-11;1.1279262769272755e-09;;;;ORANGE;True
1787670929.255337;4.548462169001141;Wi-Fi;Wi-Fi;2,4/5 GHz;wlan0;-41.0;;;;-41.0;7.943282347242822e-08;0.1;7.943282347242822e-09;3.359144421416649e-07;;;;ROUGE;False
1787670929.3467855;4.6397600780001085;Simulation RF;Détection RF large bande;868 MHz;868 MHz;;2441;1.9668778592894487;-34.67511437157795;-67.67511437157795;1.7080027391656789e-10;0.1;1.708002739165679e-11;4.176950153242937e-10;;;;ORANGE;True
1787670929.3469303;4.6397600780001085;Simulation RF;Détection RF large bande;2,45 GHz;2,45 GHz;;2840;2.2890475561053907;-47.56190224421562;-64.26190224421562;3.748087970658936e-10;0.1;3.748087970658936e-11;1.1654071566338648e-09;;;;ORANGE;True
1787670929.35562;4.648744412999804;Wi-Fi;Wi-Fi;2,4/5 GHz;wlan0;-41.0;;;;-41.0;7.943282347242822e-08;0.1;7.943282347242822e-09;3.438577244889077e-07;;;;ROUGE;False
1787670929.4297206;4.722845416001292;BLE Sniffer;Appareil BLE;2,4 GHz BLE;62:ae:f9:af:07:b9;-73.0;;;;-73.0;5.011872336272715e-11;0.00028;1.40332425415636e-14;1.40332425415636e-14;25;0x00;38;VERT;False
1787670929.4297915;4.722915324000496;BLE Sniffer;Appareil BLE;2,4 GHz BLE;62:ae:f9:af:07:b9;-74.0;;;;-74.0;3.9810717055349695e-11;0.00028;1.1147000775497913e-14;2.5180243317061512e-14;25;0x00;39;VERT;False
1787670929.429832;4.722955842000374;BLE Sniffer;iBeacon;2,4 GHz BLE;7c:5a:b6:04:10:35;-70.0;;;;-70.0;1e-10;0.000368;3.68e-14;3.68e-14;36;0x00;37;ORANGE;False
1787670929.4468753;4.739840452000863;Simulation RF;Détection RF large bande;868 MHz;868 MHz;;2386;1.9224792392388057;-32.89916956955223;-65.89916956955223;2.5708873245910427e-10;0.1;2.5708873245910427e-11;4.4340388857020414e-10;;;;ORANGE;True
1787670929.4470198;4.739840452000863;Simulation RF;Détection RF large bande;2,45 GHz;2,45 GHz;;2905;2.3407993365562922;-49.63197346225169;-66.3319734622517;2.327033598242102e-10;0.1;2.327033598242102e-11;1.188677492616286e-09;;;;ORANGE;True
1787670929.455662;4.7487869530013995;Wi-Fi;Wi-Fi;2,4/5 GHz;wlan0;-41.0;;;;-41.0;7.943282347242822e-08;0.1;7.943282347242822e-09;3.518010068361505e-07;;;;ROUGE;False
1787670929.5469189;4.839919047000876;Simulation RF;Détection RF large bande;868 MHz;868 MHz;;2508;2.0212625105713857;-36.85050042285543;-69.85050042285543;1.0350228976171391e-10;0.1;1.0350228976171392e-11;4.537541175463755e-10;;;;ORANGE;True
1787670929.5470629;4.839919047000876;Simulation RF;Détection RF large bande;2,45 GHz;2,45 GHz;;2830;2.28082715920226;-47.23308636809041;-63.93308636809041;4.0428847691602987e-10;0.1;4.042884769160299e-11;1.229106340307889e-09;;;;ORANGE;True
1787670929.5555162;4.848640881000392;Wi-Fi;Wi-Fi;2,4/5 GHz;wlan0;-41.0;;;;-41.0;7.943282347242822e-08;0.1;7.943282347242822e-09;3.597442891833933e-07;;;;ROUGE;False
1787670929.6322377;4.925362449999739;BLE Sniffer;Appareil BLE;2,4 GHz BLE;42:ae:f9:af:07:b9;-72.0;;;;-72.0;6.309573444801942e-11;0.00028;1.7666805645445437e-14;1.7666805645445437e-14;25;0x00;38;VERT;False
1787670929.6323767;4.925500691000707;Simulation LoRa;LoRa;868 MHz;LoRa 868.100 MHz;-88.51469892055827;;;;-88.51469892055827;1.4077648198289125e-12;0.041216;5.802243481406846e-14;3.850718419490009e-13;12;"SNR=6.59;SF=7;BW=125.0;CR=4/5;F=868.100;CRC=OK;PAYLOAD=54454d504f5f4c4f52415f34";7;VERT;True
1787670929.6470394;4.9399974570005725;Simulation RF;Détection RF large bande;868 MHz;868 MHz;;2405;1.9379646946619915;-33.51858778647966;-66.51858778647966;2.2291598966708469e-10;0.1;2.229159896670847e-11;4.76045716513084e-10;;;;ORANGE;True
1787670929.6471713;4.9399974570005725;Simulation RF;Détection RF large bande;2,45 GHz;2,45 GHz;;2812;2.2656780241899486;-46.627120967597946;-63.32712096759794;4.6482331457461786e-10;0.1;4.648233145746179e-11;1.2755886717653507e-09;;;;ORANGE;True
1787670929.6557152;4.948840069000653;Wi-Fi;Wi-Fi;2,4/5 GHz;wlan0;-41.0;;;;-41.0;7.943282347242822e-08;0.1;7.943282347242822e-09;3.676875715306361e-07;;;;ROUGE;False
1787670929.7331355;5.026261807999617;BLE Sniffer;Appareil Apple BLE;2,4 GHz BLE;62:ae:f9:af:07:b9;-85.0;;;;-85.0;3.1622776601683794e-12;0.00028;8.854377448471461e-16;2.606568106190866e-14;25;0x00;39;VERT;False
1787670929.733865;5.026989367001079;BLE Sniffer;Appareil BLE;2,4 GHz BLE;c5:0e:c7:ab:77:a9;-94.0;;;;-94.0;3.981071705534969e-13;0.000192;7.643657674627141e-17;7.643657674627141e-17;14;0x06;37;VERT;False
1787670929.7339134;5.027037236999604;BLE Sniffer;iBeacon;2,4 GHz BLE;7c:5a:b6:04:10:35;-65.0;;;;-65.0;3.1622776601683795e-10;0.000368;1.1637181789419636e-13;1.5317181789419637e-13;36;0x00;38;ORANGE;False
1787670929.747128;5.040077830000882;Simulation RF;Détection RF large bande;868 MHz;868 MHz;;2337;1.8834142154782822;-31.336568619131285;-64.33656861913128;3.684199489894247e-10;0.1;3.684199489894247e-11;5.128877114120265e-10;;;;ORANGE;True
1787670929.7472718;5.040077830000882;Simulation RF;Détection RF large bande;2,45 GHz;2,45 GHz;;2861;2.30568181172497;-48.227272468998805;-64.92727246899881;3.215679470994725e-10;0.1;3.215679470994725e-11;1.3077454664752978e-09;;;;ORANGE;True
1787670929.7558386;5.048963831000947;Wi-Fi;Wi-Fi;2,4/5 GHz;wlan0;-41.0;;;;-41.0;7.943282347242822e-08;0.1;7.943282347242822e-09;3.756308538778789e-07;;;;ROUGE;False
1787670929.834702;5.1278276320008445;BLE Sniffer;iBeacon;2,4 GHz BLE;7c:5a:b6:04:10:35;-68.0;;;;-68.0;1.584893192461111e-10;0.000368;5.832406948256888e-14;2.1149588737676524e-13;36;0x00;39;ORANGE;False
1787670929.8472028;5.140160758999627;Simulation RF;Détection RF large bande;868 MHz;868 MHz;;2435;1.962621135325745;-34.5048454130298;-67.5048454130298;1.7762964943752755e-10;0.1;1.7762964943752756e-11;5.306506763557792e-10;;;;ORANGE;True
1787670929.847337;5.140160758999627;Simulation RF;Détection RF large bande;2,45 GHz;2,45 GHz;;2768;2.230945723201379;-45.23782892805515;-61.937828928055154;6.400547238608698e-10;0.1;6.400547238608698e-11;1.3717509388613848e-09;;;;ORANGE;True
1787670929.8558383;5.14896320400112;Wi-Fi;Wi-Fi;2,4/5 GHz;wlan0;-41.0;;;;-41.0;7.943282347242822e-08;0.1;7.943282347242822e-09;3.8357413622512167e-07;;;;ROUGE;False
1787670929.935903;5.229028695001034;BLE Sniffer;Appareil BLE;2,4 GHz BLE;37:10:9e:77:69:d1;-91.0;;;;-91.0;7.943282347242822e-13;0.000376;2.9866741625633007e-16;2.9866741625633007e-16;37;0x02;37;VERT;False
1787670929.9472842;5.240241854000487;Simulation RF;Détection RF large bande;868 MHz;868 MHz;;2413;1.9447039235367605;-33.78815694147042;-66.78815694147042;2.0950013437052735e-10;0.1;2.0950013437052735e-11;5.51600689792832e-10;;;;ORANGE;True
1787670929.947432;5.240241854000487;Simulation RF;Détection RF large bande;2,45 GHz;2,45 GHz;;2784;2.243760696175259;-45.75042784701036;-62.45042784701036;5.687968928217407e-10;0.1;5.687968928217407e-11;1.428630628143559e-09;;;;ORANGE;True
1787670929.9560597;5.249184541000432;Wi-Fi;Wi-Fi;2,4/5 GHz;wlan0;-41.0;;;;-41.0;7.943282347242822e-08;0.1;7.943282347242822e-09;3.9151741857236447e-07;;;;ROUGE;False
1787670930.0376694;5.33079518500017;BLE Sniffer;iBeacon;2,4 GHz BLE;7c:5a:b6:04:10:35;-67.0;;;;-67.0;1.9952623149688828e-10;0.000368;7.342565319085489e-14;2.8492154056762014e-13;36;0x00;38;ORANGE;False
1787670930.0379024;5.331026612000642;BLE Sniffer;iBeacon;2,4 GHz BLE;7c:5a:b6:04:10:35;-68.0;;;;-68.0;1.584893192461111e-10;0.000368;5.832406948256888e-14;3.43245610050189e-13;36;0x00;39;ORANGE;False
1787670930.0379488;5.331072834000224;BLE Sniffer;Appareil BLE;2,4 GHz BLE;37:10:9d:67:69:d0;-93.0;;;;-93.0;5.011872336272715e-13;0.000376;1.8844639984385405e-16;1.8844639984385405e-16;37;0x02;37;VERT;False
1787670930.0473597;5.340332224999656;Simulation RF;Détection RF large bande;868 MHz;868 MHz;;2429;1.9570563404711192;-34.28225361884476;-67.28225361884476;1.8697116673188324e-10;0.1;1.8697116673188327e-11;5.702978064660203e-10;;;;ORANGE;True
1787670930.0475514;5.340332224999656;Simulation RF;Détection RF large bande;2,45 GHz;2,45 GHz;;2767;2.230029089698645;-45.2011635879458;-61.9011635879458;6.454812646348718e-10;0.1;6.454812646348719e-11;1.4931787546070461e-09;;;;ORANGE;True
1787670930.0576813;5.350806047001242;Wi-Fi;Wi-Fi;2,4/5 GHz;wlan0;-41.0;;;;-41.0;7.943282347242822e-08;0.1;7.943282347242822e-09;3.9946070091960726e-07;;;;ROUGE;False
1787670930.147416;5.440411129000495;Simulation RF;Détection RF large bande;868 MHz;868 MHz;;2391;1.9266272792384496;-33.06509116953798;-66.06509116953798;2.474519514284457e-10;0.1;2.474519514284457e-11;5.950430016088648e-10;;;;ORANGE;True
1787670930.1475592;5.440411129000495;Simulation RF;Détection RF large bande;2,45 GHz;2,45 GHz;;2843;2.290757793536959;-47.63031174147835;-64.33031174147835;3.6895111389244544e-10;0.1;3.6895111389244544e-11;1.5300738659962907e-09;;;;ORANGE;True
1787670930.1561055;5.449230426000213;Wi-Fi;Wi-Fi;2,4/5 GHz;wlan0;-42.0;;;;-42.0;6.30957344480193e-08;0.1;6.30957344480193e-09;4.057702743644092e-07;;;;ROUGE;False
1787670930.2475107;5.540490569999747;Simulation RF;Détection RF large bande;868 MHz;868 MHz;;2414;1.9457039313186364;-33.828157252745456;-66.82815725274546;2.0757941071565542e-10;0.1;2.0757941071565542e-11;6.158009426804303e-10;;;;ORANGE;True
1787670930.2476578;5.540490569999747;Simulation RF;Détection RF large bande;2,45 GHz;2,45 GHz;;2778;2.238843662163102;-45.553746486524076;-62.25374648652407;5.951485109618219e-10;0.1;5.95148510961822e-11;1.589588717092473e-09;;;;ORANGE;True
1787670930.2569072;5.550031980999847;Wi-Fi;Wi-Fi;2,4/5 GHz;wlan0;-42.0;;;;-42.0;6.30957344480193e-08;0.1;6.30957344480193e-09;4.120798478092111e-07;;;;ROUGE;False
1787670930.3418152;5.634940136000296;BLE Sniffer;iBeacon;2,4 GHz BLE;7c:5a:b6:04:10:35;-68.0;;;;-68.0;1.584893192461111e-10;0.000368;5.832406948256888e-14;4.015696795327579e-13;36;0x00;38;ORANGE;False
1787670930.3420503;5.635174267001275;BLE Sniffer;iBeacon;2,4 GHz BLE;7c:5a:b6:04:10:35;-68.0;;;;-68.0;1.584893192461111e-10;0.000368;5.832406948256888e-14;4.598937490153268e-13;36;0x00;39;ORANGE;False
1787670930.3420968;5.635220730000583;BLE Sniffer;Appareil BLE;2,4 GHz BLE;d3:23:2f:4d:3e:b1;-83.0;;;;-83.0;5.011872336272715e-12;0.000376;1.8844639984385405e-15;1.8844639984385405e-15;37;0x00;37;VERT;False
1787670930.3421347;5.6352586560005875;BLE Sniffer;Appareil BLE;2,4 GHz BLE;d3:23:2f:4d:3e:b1;-72.0;;;;-72.0;6.309573444801942e-11;0.000376;2.3723996152455302e-14;2.560846015089384e-14;37;0x00;38;VERT;False
1787670930.3475661;5.6405669750001834;Simulation RF;Détection RF large bande;868 MHz;868 MHz;;2420;1.950425458353914;-34.01701833415656;-67.01701833415656;1.9874589468191974e-10;0.1;1.9874589468191976e-11;6.356755321486223e-10;;;;ORANGE;True
1787670930.3477044;5.6405669750001834;Simulation RF;Détection RF large bande;2,45 GHz;2,45 GHz;;2766;2.2289030454333765;-45.15612181733506;-61.856121817335065;6.522105480436601e-10;0.1;6.522105480436601e-11;1.6548097718968389e-09;;;;ORANGE;True
1787670930.3562691;5.649393956000495;Wi-Fi;Wi-Fi;2,4/5 GHz;wlan0;-41.0;;;;-41.0;7.943282347242822e-08;0.1;7.943282347242822e-09;4.200231301564539e-07;;;;ROUGE;False
1787670930.4438326;5.736957641000117;BLE Sniffer;Appareil BLE;2,4 GHz BLE;d3:23:2f:4d:3e:b1;-80.0;;;;-80.0;1e-11;0.000376;3.7599999999999996e-15;2.936846015089384e-14;37;0x00;39;VERT;False
1787670930.4439032;5.737027103999935;BLE Sniffer;Appareil BLE;2,4 GHz BLE;44:52:26:0a:24:5f;-87.0;;;;-87.0;1.9952623149688827e-12;0.00019999999999999998;3.9905246299377653e-16;3.9905246299377653e-16;15;0x00;37;VERT;False
1787670930.4476342;5.740647657001318;Simulation RF;Détection RF large bande;868 MHz;868 MHz;;2385;1.9223082859757643;-32.89233143903057;-65.89233143903057;2.574938472215161e-10;0.1;2.574938472215161e-11;6.614249168707739e-10;;;;ORANGE;True
1787670930.4477632;5.740647657001318;Simulation RF;Détection RF large bande;2,45 GHz;2,45 GHz;;2835;2.2847489956487155;-47.38995982594862;-64.08995982594863;3.8994559381928007e-10;0.1;3.899455938192801e-11;1.693804331278767e-09;;;;ORANGE;True
1787670930.4562986;5.749422860000777;Wi-Fi;Wi-Fi;2,4/5 GHz;wlan0;-41.0;;;;-41.0;7.943282347242822e-08;0.1;7.943282347242822e-09;4.279664125036967e-07;;;;ROUGE;False
1787670930.5453818;5.838506774000052;BLE Sniffer;iBeacon;2,4 GHz BLE;7c:5a:b6:04:10:35;-66.0;;;;-66.0;2.511886431509582e-10;0.000368;9.243742067955262e-14;5.523311696948795e-13;36;0x00;38;ORANGE;False
1787670930.5477078;5.840725987000042;Simulation RF;Détection RF large bande;868 MHz;868 MHz;;2377;1.9154510522402906;-32.61804208961162;-65.61804208961162;2.7428104221954193e-10;0.1;2.7428104221954194e-11;6.888530210927281e-10;;;;ORANGE;True
1787670930.547831;5.840725987000042;Simulation RF;Détection RF large bande;2,45 GHz;2,45 GHz;;2735;2.2041682902729636;-44.166731610918546;-60.86673161091854;8.190809756141402e-10;0.1;8.190809756141402e-11;1.775712428840181e-09;;;;ORANGE;True
1787670930.556489;5.849613653999768;Wi-Fi;Wi-Fi;2,4/5 GHz;wlan0;-42.0;;;;-42.0;6.30957344480193e-08;0.1;6.30957344480193e-09;4.3427598594849864e-07;;;;ROUGE;False
1787670930.6464765;5.939601588999722;BLE Sniffer;iBeacon;2,4 GHz BLE;7c:5a:b6:04:10:35;-66.0;;;;-66.0;2.511886431509582e-10;0.000368;9.243742067955262e-14;6.447685903744321e-13;36;0x00;39;ORANGE;False
1787670930.6467512;5.939875330999712;Simulation LoRa;LoRa;868 MHz;LoRa 868.100 MHz;-85.42388607613053;;;;-85.42388607613053;2.8682129504727006e-12;0.041216;1.1821626496668284e-13;5.032881069156838e-13;12;"SNR=6.11;SF=7;BW=125.0;CR=4/5;F=868.100;CRC=OK;PAYLOAD=54454d504f5f4c4f52415f35";7;VERT;True
1787670930.6477847;5.940806391001388;Simulation RF;Détection RF large bande;868 MHz;868 MHz;;2382;1.919404141971419;-32.776165678856756;-65.77616567885676;2.644742730727789e-10;0.1;2.644742730727789e-11;7.15300448400006e-10;;;;ORANGE;True
1787670930.6479063;5.940806391001388;Simulation RF;Détection RF large bande;2,45 GHz;2,45 GHz;;2826;2.2777042610866935;-47.10817044346774;-63.808170443467745;4.1608585846694406e-10;0.1;4.160858584669441e-11;1.8173210146868755e-09;;;;ORANGE;True
1787670930.6564198;5.949544668001181;Wi-Fi;Wi-Fi;2,4/5 GHz;wlan0;-42.0;;;;-42.0;6.30957344480193e-08;0.1;6.30957344480193e-09;4.4058555939330057e-07;;;;ROUGE;False
1787670930.748244;6.041369223001311;BLE Sniffer;Appareil BLE;2,4 GHz BLE;44:52:26:0a:24:5f;-87.0;;;;-87.0;1.9952623149688827e-12;0.00019999999999999998;3.9905246299377653e-16;7.981049259875531e-16;15;0x00;37;VERT;False
1787670930.7488189;6.04103325899996;Simulation RF;Détection RF large bande;868 MHz;868 MHz;;2362;1.9033315459472715;-32.133261837890856;-65.13326183789086;3.066717815937283e-10;0.1;3.066717815937283e-11;7.459676265593788e-10;;;;ORANGE;True
1787670930.7489429;6.04103325899996;Simulation RF;Détection RF large bande;2,45 GHz;2,45 GHz;;2802;2.2580515094914553;-46.32206037965821;-63.02206037965821;4.986478628412274e-10;0.1;4.986478628412274e-11;1.8671858009709983e-09;;;;ORANGE;True
1787670930.7574685;6.0505932989999565;Wi-Fi;Wi-Fi;2,4/5 GHz;wlan0;-43.0;;;;-43.0;5.011872336272725e-08;0.1;5.0118723362727255e-09;4.455974317295733e-07;;;;ROUGE;False
1787670930.8481607;6.141107106999698;Simulation RF;Détection RF large bande;868 MHz;868 MHz;;2375;1.9135491719693374;-32.54196687877349;-65.5419668787735;2.791279410799091e-10;0.1;2.7912794107990908e-11;7.738804206673697e-10;;;;ORANGE;True
1787670930.8482966;6.141107106999698;Simulation RF;Détection RF large bande;2,45 GHz;2,45 GHz;;2818;2.27092969211401;-46.83718768456039;-63.537187684560394;4.4287506751072447e-10;0.1;4.428750675107245e-11;1.9114733077220706e-09;;;;ORANGE;True
1787670930.8502266;6.14335204300005;BLE Sniffer;iBeacon;2,4 GHz BLE;7c:5a:b6:04:10:35;-66.0;;;;-66.0;2.511886431509582e-10;0.000368;9.243742067955262e-14;7.372060110539848e-13;36;0x00;38;ORANGE;False
1787670930.8503077;6.14343135800118;BLE Sniffer;iBeacon;2,4 GHz BLE;7c:5a:b6:04:10:35;-66.0;;;;-66.0;2.511886431509582e-10;0.000368;9.243742067955262e-14;8.296434317335374e-13;36;0x00;39;ORANGE;False
1787670930.8571587;6.150283461000072;Wi-Fi;Wi-Fi;2,4/5 GHz;wlan0;-43.0;;;;-43.0;5.011872336272725e-08;0.1;5.0118723362727255e-09;4.5060930406584606e-07;;;;ROUGE;False
1787670930.9482808;6.2411860480006;Simulation RF;Détection RF large bande;868 MHz;868 MHz;;2317;1.8670130680564174;-30.68052272225669;-63.68052272225669;4.28496942866897e-10;0.1;4.28496942866897e-11;8.167301149540593e-10;;;;ORANGE;True
1787670930.9484615;6.2411860480006;Simulation RF;Détection RF large bande;2,45 GHz;2,45 GHz;;2760;2.223775837202803;-44.95103348811212;-61.65103348811212;6.837489165783716e-10;0.1;6.837489165783716e-11;1.979848199379908e-09;;;;ORANGE;True
1787670930.9520068;6.24513217599997;BLE Sniffer;Appareil BLE;2,4 GHz BLE;44:52:26:0a:24:5f;-85.0;;;;-85.0;3.1622776601683794e-12;0.00019999999999999998;6.324555320336759e-16;1.4305604580212288e-15;15;0x00;37;VERT;False
1787670930.9571466;6.250271179000265;Wi-Fi;Wi-Fi;2,4/5 GHz;wlan0;-43.0;;;;-43.0;5.011872336272725e-08;0.1;5.0118723362727255e-09;4.556211764021188e-07;;;;ROUGE;False
1787670931.0483005;6.341268375999789;Simulation RF;Détection RF large bande;868 MHz;868 MHz;;2413;1.9443783475340801;-33.775133901363205;-66.7751339013632;2.1012929811334835e-10;0.1;2.1012929811334835e-11;8.377430447653942e-10;;;;ORANGE;True
1787670931.0484588;6.341268375999789;Simulation RF;Détection RF large bande;2,45 GHz;2,45 GHz;;2836;2.28508619288743;-47.40344771549721;-64.10344771549721;3.887364179071587e-10;0.1;3.887364179071587e-11;2.0187218411706237e-09;;;;ORANGE;True
1787670931.057076;6.350201024000853;Wi-Fi;Wi-Fi;2,4/5 GHz;wlan0;-43.0;;;;-43.0;5.011872336272725e-08;0.1;5.0118723362727255e-09;4.6063304873839156e-07;;;;ROUGE;False
1787670931.148428;6.441352941001242;Simulation RF;Détection RF large bande;868 MHz;868 MHz;;2373;1.9119070382571868;-32.476281530287466;-65.47628153028747;2.833817298072985e-10;0.1;2.8338172980729853e-11;8.66081217746124e-10;;;;ORANGE;True
1787670931.1485813;6.441352941001242;Simulation RF;Détection RF large bande;2,45 GHz;2,45 GHz;;2798;2.254445106572495;-46.177804262899784;-62.87780426289978;5.154892034265975e-10;0.1;5.154892034265976e-11;2.0702707615132833e-09;;;;ORANGE;True
1787670931.15464;6.447764856000504;BLE Sniffer;iBeacon;2,4 GHz BLE;7c:5a:b6:04:10:35;-66.0;;;;-66.0;2.511886431509582e-10;0.000368;9.243742067955262e-14;9.2208085241309e-13;36;0x00;38;ORANGE;False
1787670931.1547217;6.4478456340002595;BLE Sniffer;iBeacon;2,4 GHz BLE;7c:5a:b6:04:10:35;-66.0;;;;-66.0;2.511886431509582e-10;0.000368;9.243742067955262e-14;1.0145182730926425e-12;36;0x00;39;ORANGE;False
1787670931.157966;6.451090611000836;Wi-Fi;Wi-Fi;2,4/5 GHz;wlan0;-43.0;;;;-43.0;5.011872336272725e-08;0.1;5.0118723362727255e-09;4.656449210746643e-07;;;;ROUGE;False
1787670931.2484887;6.541435987001023;Simulation RF;Détection RF large bande;868 MHz;868 MHz;;2349;1.8926495365212492;-31.70598146084997;-64.70598146084997;3.383777933248075e-10;0.1;3.383777933248075e-11;8.999189970786048e-10;;;;ORANGE;True
1787670931.248637;6.541435987001023;Simulation RF;Détection RF large bande;2,45 GHz;2,45 GHz;;2764;2.2273596447721893;-45.09438579088757;-61.79438579088757;6.615480915473778e-10;0.1;6.615480915473778e-11;2.136425570668021e-09;;;;ORANGE;True
1787670931.2562876;6.5494134279997525;BLE Sniffer;Appareil BLE;2,4 GHz BLE;44:52:26:0a:24:5f;-84.0;;;;-84.0;3.9810717055349695e-12;0.00019999999999999998;7.962143411069938e-16;2.2267747991282227e-15;15;0x00;37;VERT;False
1787670931.2576437;6.550768118000633;Wi-Fi;Wi-Fi;2,4/5 GHz;wlan0;-43.0;;;;-43.0;5.011872336272725e-08;0.1;5.0118723362727255e-09;4.7065679341093705e-07;;;;ROUGE;False
1787670931.3485541;6.641498626000612;Simulation RF;Détection RF large bande;868 MHz;868 MHz;;2303;1.85550447899023;-30.220179159609195;-63.220179159609195;4.76411332991619e-10;0.1;4.76411332991619e-11;9.475601303777667e-10;;;;ORANGE;True
1787670931.3487062;6.641498626000612;Simulation RF;Détection RF large bande;2,45 GHz;2,45 GHz;;2745;2.2123643978468057;-44.494575913872225;-61.19457591387222;7.595255862946527e-10;0.1;7.595255862946528e-11;2.212378129297486e-09;;;;ORANGE;True
1787670931.3574483;6.650573053000699;Wi-Fi;Wi-Fi;2,4/5 GHz;wlan0;-44.0;;;;-44.0;3.981071705534969e-08;0.1;3.981071705534969e-09;4.74637865116472e-07;;;;ROUGE;False
1787670931.3580537;6.6511778330004745;BLE Sniffer;Appareil BLE;2,4 GHz BLE;72:ae:f9:ae:07:b9;-76.0;;;;-76.0;2.5118864315095823e-11;0.00028;7.03328200822683e-15;7.03328200822683e-15;25;0x00;38;VERT;False
1787670931.3581078;6.651231685000312;BLE Sniffer;Appareil BLE;2,4 GHz BLE;62:ae:f9:af:07:b9;-82.0;;;;-82.0;6.309573444801943e-12;0.00028;1.7666805645445437e-15;2.7832361626453205e-14;25;0x00;39;VERT;False
1787670931.448624;6.741577024000435;Simulation RF;Détection RF large bande;868 MHz;868 MHz;;2432;1.9598159683841834;-34.39263873536733;-67.39263873536733;1.8227878558026796e-10;0.1;1.8227878558026796e-11;9.657880089357935e-10;;;;ORANGE;True
1787670931.4487689;6.741577024000435;Simulation RF;Détection RF large bande;2,45 GHz;2,45 GHz;;2811;2.2650946042332594;-46.60378416933037;-63.30378416933037;4.673277637713811e-10;0.1;4.6732776377138114e-11;2.2591109056746244e-09;;;;ORANGE;True
1787670931.4593892;6.752514718000384;BLE Sniffer;iBeacon;2,4 GHz BLE;7c:5a:b6:04:10:35;-71.0;;;;-71.0;7.943282347242822e-11;0.000368;2.923127903785358e-14;1.0437495521304962e-12;36;0x00;37;VERT;False
1787670931.45946;6.752584032999948;BLE Sniffer;iBeacon;2,4 GHz BLE;7c:5a:b6:04:10:35;-66.0;;;;-66.0;2.511886431509582e-10;0.000368;9.243742067955262e-14;1.1361869728100487e-12;36;0x00;38;ORANGE;False
1787670931.4600775;6.753202443000191;BLE Sniffer;iBeacon;2,4 GHz BLE;7c:5a:b6:04:10:35;-66.0;;;;-66.0;2.511886431509582e-10;0.000368;9.243742067955262e-14;1.2286243934896013e-12;36;0x00;39;ORANGE;False
1787670931.4626288;6.755753731000368;Wi-Fi;Wi-Fi;2,4/5 GHz;wlan0;-44.0;;;;-44.0;3.981071705534969e-08;0.1;3.981071705534969e-09;4.78618936822007e-07;;;;ROUGE;False
1787670931.548725;6.841659810999772;Simulation RF;Détection RF large bande;868 MHz;868 MHz;;2385;1.9221066626783703;-32.88426650713481;-65.88426650713481;2.579724624999739e-10;0.1;2.5797246249997392e-11;9.91585255185791e-10;;;;ORANGE;True
1787670931.5488822;6.841659810999772;Simulation RF;Détection RF large bande;2,45 GHz;2,45 GHz;;2769;2.231703936588129;-45.26815746352516;-61.96815746352515;6.356005343502722e-10;0.1;6.356005343502723e-11;2.3226709591096517e-09;;;;ORANGE;True
1787670931.5616374;6.8547619769997254;BLE Sniffer;Appareil BLE;2,4 GHz BLE;44:52:26:0a:24:5f;-85.0;;;;-85.0;3.1622776601683794e-12;0.00019999999999999998;6.324555320336759e-16;2.8592303311618987e-15;15;0x00;37;VERT;False
1787670931.561847;6.854971033000766;BLE Sniffer;Appareil BLE;2,4 GHz BLE;44:52:26:4a:24:5f;-89.0;;;;-89.0;1.258925411794166e-12;0.00019999999999999998;2.517850823588332e-16;2.517850823588332e-16;15;0x00;38;VERT;False
1787670931.5618904;6.855013996000707;BLE Sniffer;Appareil BLE;2,4 GHz BLE;44:52:26:0a:24:6f;-87.0;;;;-87.0;1.9952623149688827e-12;0.000352;7.023323348690467e-16;7.023323348690467e-16;34;0x04;39;VERT;False
1787670931.5624602;6.855584128001283;BLE Sniffer;Appareil BLE;2,4 GHz BLE;7f:d4:bf:26:65:b2;-90.0;;;;-90.0;1e-12;0.00026399999999999997;2.6399999999999995e-16;2.6399999999999995e-16;23;0x00;37;VERT;False
1787670931.563409;6.856533632000719;Wi-Fi;Wi-Fi;2,4/5 GHz;wlan0;-44.0;;;;-44.0;3.981071705534969e-08;0.1;3.981071705534969e-09;4.826000085275419e-07;;;;ROUGE;False
1787670931.648788;6.94173519099968;Simulation RF;Détection RF large bande;868 MHz;868 MHz;;2400;1.9341501191622168;-33.36600476648867;-66.36600476648867;2.3088702260644187e-10;0.1;2.308870226064419e-11;1.0146739574464352e-09;;;;ORANGE;True
1787670931.648967;6.94173519099968;Simulation RF;Détection RF large bande;2,45 GHz;2,45 GHz;;2807;2.262004766283414;-46.48019065133656;-63.18019065133656;4.808182405019811e-10;0.1;4.808182405019811e-11;2.3707527831598497e-09;;;;ORANGE;True
1787670931.6576114;6.950735968999652;Wi-Fi;Wi-Fi;2,4/5 GHz;wlan0;-44.0;;;;-44.0;3.981071705534969e-08;0.1;3.981071705534969e-09;4.865810802330769e-07;;;;ROUGE;False
1787670931.663873;6.956997532000969;Simulation LoRa;LoRa;868 MHz;LoRa 868.100 MHz;-87.67385183539187;;;;-87.67385183539187;1.708499344310297e-12;0.041216;7.04175089750932e-14;5.73705615890777e-13;12;"SNR=7.89;SF=7;BW=125.0;CR=4/5;F=868.100;CRC=OK;PAYLOAD=54454d504f5f4c4f52415f36";7;VERT;True
1787670931.6643956;6.957519720001073;BLE Sniffer;iBeacon;2,4 GHz BLE;7c:5a:b6:04:10:35;-64.0;;;;-64.0;3.9810717055349694e-10;0.000368;1.4650343876368688e-13;1.375127832253288e-12;36;0x00;38;ORANGE;False
1787670931.7488887;7.041822404000413;Simulation RF;Détection RF large bande;868 MHz;868 MHz;;2462;1.9838256639097633;-35.35302655639053;-68.35302655639053;1.461158552250367e-10;0.1;1.461158552250367e-11;1.0292855429689388e-09;;;;ORANGE;True
1787670931.7490408;7.041822404000413;Simulation RF;Détection RF large bande;2,45 GHz;2,45 GHz;;2756;2.2213319424311453;-44.853277697245815;-61.55327769724581;6.993140121378941e-10;0.1;6.993140121378942e-11;2.4406841843736392e-09;;;;ORANGE;True
1787670931.757563;7.050688237000941;Wi-Fi;Wi-Fi;2,4/5 GHz;wlan0;-44.0;;;;-44.0;3.981071705534969e-08;0.1;3.981071705534969e-09;4.905621519386119e-07;;;;ROUGE;False
1787670931.7652643;7.058389084000737;BLE Sniffer;iBeacon;2,4 GHz BLE;7c:5a:b6:04:10:35;-66.0;;;;-66.0;2.511886431509582e-10;0.000368;9.243742067955262e-14;1.4675652529328406e-12;36;0x00;39;ORANGE;False
1787670931.7653136;7.058437399000468;BLE Sniffer;Appareil BLE;2,4 GHz BLE;44:52:26:0a:24:5f;-86.0;;;;-86.0;2.5118864315095823e-12;0.00019999999999999998;5.023772863019164e-16;3.361607617463815e-15;15;0x00;37;VERT;False
1787670931.8489525;7.14190396900085;Simulation RF;Détection RF large bande;868 MHz;868 MHz;;2505;2.018415256958786;-36.736610278351435;-69.73661027835143;1.0625245470671474e-10;0.1;1.0625245470671475e-11;1.0399107884396104e-09;;;;ORANGE;True
1787670931.849101;7.14190396900085;Simulation RF;Détection RF large bande;2,45 GHz;2,45 GHz;;2788;2.2464508939352927;-45.8580357574117;-62.5580357574117;5.548766177913281e-10;0.1;5.548766177913281e-11;2.496171846152772e-09;;;;ORANGE;True
1787670931.8575401;7.150665078999737;Wi-Fi;Wi-Fi;2,4/5 GHz;wlan0;-44.0;;;;-44.0;3.981071705534969e-08;0.1;3.981071705534969e-09;4.945432236441468e-07;;;;ROUGE;False
1787670931.9493372;7.242023255999811;Simulation RF;Détection RF large bande;868 MHz;868 MHz;;2358;1.900559781928607;-32.02239127714428;-65.02239127714428;3.146015603457445e-10;0.1;3.146015603457445e-11;1.0713709444741848e-09;;;;ORANGE;True
1787670931.949631;7.242023255999811;Simulation RF;Détection RF large bande;2,45 GHz;2,45 GHz;;2799;2.255416784414367;-46.21667137657468;-62.91667137657468;5.108964233850613e-10;0.1;5.1089642338506135e-11;2.5472614884912784e-09;;;;ORANGE;True
1787670931.9591422;7.252266984000016;Wi-Fi;Wi-Fi;2,4/5 GHz;wlan0;-44.0;;;;-44.0;3.981071705534969e-08;0.1;3.981071705534969e-09;4.985242953496818e-07;;;;ROUGE;False
1787670931.9685838;7.261708838001141;BLE Sniffer;iBeacon;2,4 GHz BLE;7c:5a:b6:04:10:35;-64.0;;;;-64.0;3.9810717055349694e-10;0.000368;1.4650343876368688e-13;1.6140686916965274e-12;36;0x00;38;ORANGE;False
1787670932.049165;7.3421055960006925;Simulation RF;Détection RF large bande;868 MHz;868 MHz;;2413;1.9446867756384945;-33.78747102553977;-66.78747102553977;2.095332250115616e-10;0.1;2.095332250115616e-11;1.0923242669753409e-09;;;;ORANGE;True
1787670932.049312;7.3421055960006925;Simulation RF;Détection RF large bande;2,45 GHz;2,45 GHz;;2789;2.24792662692231;-45.9170650768924;-62.6170650768924;5.473857563067684e-10;0.1;5.473857563067684e-11;2.6020000641219553e-09;;;;ORANGE;True
1787670932.057871;7.350996818000567;Wi-Fi;Wi-Fi;2,4/5 GHz;wlan0;-44.0;;;;-44.0;3.981071705534969e-08;0.1;3.981071705534969e-09;5.025053670552167e-07;;;;ROUGE;False
1787670932.0693057;7.362430031000258;BLE Sniffer;iBeacon;2,4 GHz BLE;7c:5a:b6:04:10:35;-66.0;;;;-66.0;2.511886431509582e-10;0.000368;9.243742067955262e-14;1.70650611237608e-12;36;0x00;39;ORANGE;False
1787670932.1494992;7.442233359000966;Simulation RF;Détection RF large bande;868 MHz;868 MHz;;2362;1.9034582366353214;-32.13832946541285;-65.13832946541285;3.063141459186472e-10;0.1;3.063141459186472e-11;1.1229556815672056e-09;;;;ORANGE;True
1787670932.1497557;7.442233359000966;Simulation RF;Détection RF large bande;2,45 GHz;2,45 GHz;;2814;2.2677436999012337;-46.709747996049344;-63.40974799604934;4.5606337874177437e-10;0.1;4.560633787417744e-11;2.6476064019961326e-09;;;;ORANGE;True
1787670932.1590664;7.452190826001242;Wi-Fi;Wi-Fi;2,4/5 GHz;wlan0;-44.0;;;;-44.0;3.981071705534969e-08;0.1;3.981071705534969e-09;5.064864387607517e-07;;;;ROUGE;False
1787670932.1706185;7.463743595000778;BLE Sniffer;Appareil BLE;2,4 GHz BLE;7f:d4:bf:26:45:b2;-90.0;;;;-90.0;1e-12;0.00026399999999999997;2.6399999999999995e-16;2.6399999999999995e-16;23;0x00;37;VERT;False
1787670932.2493703;7.54231193600026;Simulation RF;Détection RF large bande;868 MHz;868 MHz;;2303;1.8555423066442582;-30.221692265770322;-63.22169226577032;4.762453775416152e-10;0.1;4.7624537754161517e-11;1.170580219321367e-09;;;;ORANGE;True
1787670932.2495062;7.54231193600026;Simulation RF;Détection RF large bande;2,45 GHz;2,45 GHz;;2757;2.2214664463872955;-44.85865785549181;-61.558657855491816;6.984482193006597e-10;0.1;6.984482193006597e-11;2.7174512239261987e-09;;;;ORANGE;True
1787670932.2581317;7.551256492000903;Wi-Fi;Wi-Fi;2,4/5 GHz;wlan0;-44.0;;;;-44.0;3.981071705534969e-08;0.1;3.981071705534969e-09;5.104675104662867e-07;;;;ROUGE;False
1787670932.2720153;7.565140419001182;BLE Sniffer;iBeacon;2,4 GHz BLE;7c:5a:b6:04:10:35;-64.0;;;;-64.0;3.9810717055349694e-10;0.000368;1.4650343876368688e-13;1.853009551139767e-12;36;0x00;38;ORANGE;False
1787670932.2730072;7.566131812000094;BLE Sniffer;iBeacon;2,4 GHz BLE;7c:5a:b6:04:10:35;-66.0;;;;-66.0;2.511886431509582e-10;0.000368;9.243742067955262e-14;1.9454469718193195e-12;36;0x00;39;ORANGE;False
1787670932.3496337;7.6424263839999185;Simulation RF;Détection RF large bande;868 MHz;868 MHz;;2368;1.9083870857745677;-32.335483430982705;-65.3354834309827;2.9271950151624734e-10;0.1;2.9271950151624734e-11;1.1998521694729918e-09;;;;ORANGE;True
1787670932.3498473;7.6424263839999185;Simulation RF;Détection RF large bande;2,45 GHz;2,45 GHz;;2806;2.2612957313166375;-46.451829252665505;-63.1518292526655;4.839684766451747e-10;0.1;4.8396847664517475e-11;2.765848071590716e-09;;;;ORANGE;True
1787670932.3597534;7.652878390001206;Wi-Fi;Wi-Fi;2,4/5 GHz;wlan0;-44.0;;;;-44.0;3.981071705534969e-08;0.1;3.981071705534969e-09;5.144485821718216e-07;;;;ROUGE;False
1787670932.3737533;7.666879170001266;BLE Sniffer;Appareil BLE;2,4 GHz BLE;7f:d5:bf:26:65:a2;-88.0;;;;-88.0;1.584893192461111e-12;0.00026399999999999997;4.1841180280973327e-16;4.1841180280973327e-16;23;0x00;37;VERT;False
1787670932.449564;7.7425106650007365;Simulation RF;Détection RF large bande;868 MHz;868 MHz;;2415;1.9463555467815778;-33.85422187126311;-66.8542218712631;2.0633733303672725e-10;0.1;2.0633733303672725e-11;1.2204859027766645e-09;;;;ORANGE;True
1787670932.4497135;7.7425106650007365;Simulation RF;Détection RF large bande;2,45 GHz;2,45 GHz;;2782;2.2422860528948063;-45.691442115792256;-62.39144211579225;5.765749744423125e-10;0.1;5.7657497444231255e-11;2.8235055690349472e-09;;;;ORANGE;True
1787670932.4581943;7.751318849999734;Wi-Fi;Wi-Fi;2,4/5 GHz;wlan0;-44.0;;;;-44.0;3.981071705534969e-08;0.1;3.981071705534969e-09;5.184296538773566e-07;;;;ROUGE;False
1787670932.5498548;7.8426290759998665;Simulation RF;Détection RF large bande;868 MHz;868 MHz;;2374;1.9128704447805025;-32.514817791220096;-65.5148177912201;2.808783213138388e-10;0.1;2.808783213138388e-11;1.2485737349080483e-09;;;;ORANGE;True
1787670932.550069;7.8426290759998665;Simulation RF;Détection RF large bande;2,45 GHz;2,45 GHz;;2754;2.219123319616733;-44.76493278466931;-61.464932784669315;7.136852506735729e-10;0.1;7.13685250673573e-11;2.8948740941023044e-09;;;;ORANGE;True
1787670932.558935;7.852059836999615;Wi-Fi;Wi-Fi;2,4/5 GHz;wlan0;-44.0;;;;-44.0;3.981071705534969e-08;0.1;3.981071705534969e-09;5.224107255828916e-07;;;;ROUGE;False
1787670932.5761886;7.869313556000634;BLE Sniffer;iBeacon;2,4 GHz BLE;7c:5a:b6:04:10:35;-64.0;;;;-64.0;3.9810717055349694e-10;0.000368;1.4650343876368688e-13;2.0919504105830065e-12;36;0x00;38;ORANGE;False
1787670932.5762608;7.869384834000812;BLE Sniffer;iBeacon;2,4 GHz BLE;7c:5a:b6:04:10:35;-66.0;;;;-66.0;2.511886431509582e-10;0.000368;9.243742067955262e-14;2.184387831262559e-12;36;0x00;39;ORANGE;False
1787670932.649751;7.942706432000705;Simulation RF;Détection RF large bande;868 MHz;868 MHz;;2396;1.9307575665253052;-33.2303026610122;-66.2303026610122;2.382153450648331e-10;0.1;2.382153450648331e-11;1.2723952694145316e-09;;;;ORANGE;True
1787670932.6498942;7.942706432000705;Simulation RF;Détection RF large bande;2,45 GHz;2,45 GHz;;2729;2.1989741308793724;-43.95896523517489;-60.65896523517488;8.59218217377719e-10;0.1;8.59218217377719e-11;2.9807959158400763e-09;;;;ORANGE;True
1787670932.658544;7.951668783000059;Wi-Fi;Wi-Fi;2,4/5 GHz;wlan0;-43.0;;;;-43.0;5.011872336272725e-08;0.1;5.0118723362727255e-09;5.274225979191643e-07;;;;ROUGE;False
1787670932.677916;7.971040678001373;Simulation LoRa;LoRa;868 MHz;LoRa 868.100 MHz;-84.783254365982;;;;-84.783254365982;3.324103697420488e-12;0.041216;1.3700625799288283e-13;7.107118738836598e-13;12;"SNR=4.11;SF=7;BW=125.0;CR=4/5;F=868.100;CRC=OK;PAYLOAD=54454d504f5f4c4f52415f37";7;VERT;True
1787670932.6788037;7.971927959000823;BLE Sniffer;Appareil BLE;2,4 GHz BLE;62:ae:f9:af:07:b9;-68.0;;;;-68.0;1.584893192461111e-10;0.00028;4.43770093889111e-14;7.22093710153643e-14;25;0x00;37;ORANGE;False
1787670932.7498548;8.042785509000169;Simulation RF;Détection RF large bande;868 MHz;868 MHz;;2415;1.946499542394448;-33.85998169577792;-66.85998169577792;2.0606385982311558e-10;0.1;2.060638598231156e-11;1.2930016553968432e-09;;;;ORANGE;True
1787670932.7500024;8.042785509000169;Simulation RF;Détection RF large bande;2,45 GHz;2,45 GHz;;2773;2.234465571877429;-45.378622875097165;-62.07862287509716;6.196375277209312e-10;0.1;6.196375277209312e-11;3.0427596686121695e-09;;;;ORANGE;True
1787670932.7585175;8.051642508000441;Wi-Fi;Wi-Fi;2,4/5 GHz;wlan0;-43.0;;;;-43.0;5.011872336272725e-08;0.1;5.0118723362727255e-09;5.32434470255437e-07;;;;ROUGE;False
1787670932.7795656;8.072690891000093;BLE Sniffer;Appareil BLE;2,4 GHz BLE;62:ae:f9:af:07:b9;-48.0;;;;-48.0;1.5848931924611143e-08;0.000176;2.789412018731561e-12;2.861621389746925e-12;12;0x03;38;ROUGE;False
1787670932.7796378;8.072761520999848;BLE Sniffer;Appareil BLE;2,4 GHz BLE;62:ae:f9:af:07:b9;-76.0;;;;-76.0;2.5118864315095823e-11;0.00028;7.03328200822683e-15;2.868654671755152e-12;25;0x00;39;VERT;False
1787670932.779678;8.072802077000233;BLE Sniffer;Appareil BLE;2,4 GHz BLE;44:52:26:0a:24:5f;-85.0;;;;-85.0;3.1622776601683794e-12;0.00019999999999999998;6.324555320336759e-16;3.994063149497491e-15;15;0x00;37;VERT;False
1787670932.8499207;8.142862623000838;Simulation RF;Détection RF large bande;868 MHz;868 MHz;;2358;1.899923621317405;-31.996944852696203;-64.9969448526962;3.1645030218700326e-10;0.1;3.1645030218700326e-11;1.3246466856155435e-09;;;;ORANGE;True
1787670932.8500595;8.142862623000838;Simulation RF;Détection RF large bande;2,45 GHz;2,45 GHz;;2797;2.25379252819884;-46.1517011279536;-62.851701127953596;5.185968651697368e-10;0.1;5.185968651697368e-11;3.094619355129143e-09;;;;ORANGE;True
1787670932.8586154;8.151741159999801;Wi-Fi;Wi-Fi;2,4/5 GHz;wlan0;-43.0;;;;-43.0;5.011872336272725e-08;0.1;5.0118723362727255e-09;5.374463425917098e-07;;;;ROUGE;False
1787670932.8815541;8.17468043900044;BLE Sniffer;iBeacon;2,4 GHz BLE;7c:5a:b6:04:10:35;-64.0;;;;-64.0;3.9810717055349694e-10;0.000368;1.4650343876368688e-13;2.330891270026246e-12;36;0x00;38;ORANGE;False
1787670932.881641;8.174764940000387;BLE Sniffer;iBeacon;2,4 GHz BLE;7c:5a:b6:04:10:35;-66.0;;;;-66.0;2.511886431509582e-10;0.000368;9.243742067955262e-14;2.4233286907057986e-12;36;0x00;39;ORANGE;False
1787670932.9515548;8.244240928999716;Simulation RF;Détection RF large bande;868 MHz;868 MHz;;2385;1.9218387282785554;-32.87354913114221;-65.87354913114221;2.5860986459136566e-10;0.1;2.5860986459136566e-11;1.3505076720746801e-09;;;;ORANGE;True
1787670932.9518807;8.244240928999716;Simulation RF;Détection RF large bande;2,45 GHz;2,45 GHz;;2772;2.2339311451312542;-45.35724580525016;-62.05724580525016;6.226950587234732e-10;0.1;6.226950587234732e-11;3.1568888610014905e-09;;;;ORANGE;True
1787670932.9615302;8.254654897000364;Wi-Fi;Wi-Fi;2,4/5 GHz;wlan0;-43.0;;;;-43.0;5.011872336272725e-08;0.1;5.0118723362727255e-09;5.424582149279825e-07;;;;ROUGE;False
1787670932.983273;8.276398857000459;BLE Sniffer;Appareil BLE;2,4 GHz BLE;62:ae:f9:af:07:b9;-68.0;;;;-68.0;1.584893192461111e-10;0.00028;4.43770093889111e-14;2.9130316811440632e-12;25;0x00;37;ORANGE;False
1787670933.0513813;8.344326540000111;Simulation RF;Détection RF large bande;868 MHz;868 MHz;;2411;1.9432240625889454;-33.72896250355781;-66.72896250355781;2.123751749523102e-10;0.1;2.123751749523102e-11;1.3717451895699112e-09;;;;ORANGE;True
1787670933.051528;8.344326540000111;Simulation RF;Détection RF large bande;2,45 GHz;2,45 GHz;;2760;2.224275937213379;-44.97103748853516;-61.67103748853516;6.806067487417785e-10;0.1;6.806067487417785e-11;3.224949535875668e-09;;;;ORANGE;True
1787670933.0600138;8.353138890999617;Wi-Fi;Wi-Fi;2,4/5 GHz;wlan0;-43.0;;;;-43.0;5.011872336272725e-08;0.1;5.0118723362727255e-09;5.474700872642553e-07;;;;ROUGE;False
1787670933.1557224;8.444410703999893;Simulation RF;Détection RF large bande;868 MHz;868 MHz;;2381;1.9185417984944058;-32.741671939776225;-65.74167193977623;2.6658321792450825e-10;0.1;2.6658321792450825e-11;1.398403511362362e-09;;;;ORANGE;True
1787670933.157438;8.444410703999893;Simulation RF;Détection RF large bande;2,45 GHz;2,45 GHz;;2746;2.212693095579716;-44.50772382318863;-61.20772382318862;7.572296619784126e-10;0.1;7.572296619784126e-11;3.3006725020735093e-09;;;;ORANGE;True
1787670933.1685932;8.46171801499986;Wi-Fi;Wi-Fi;2,4/5 GHz;wlan0;-43.0;;;;-43.0;5.011872336272725e-08;0.1;5.0118723362727255e-09;5.52481959600528e-07;;;;ROUGE;False
1787670933.1859522;8.479077530000723;BLE Sniffer;iBeacon;2,4 GHz BLE;7c:5a:b6:04:10:35;-64.0;;;;-64.0;3.9810717055349694e-10;0.000368;1.4650343876368688e-13;2.5698321294694856e-12;36;0x00;38;ORANGE;False
1787670933.1860216;8.479145381999842;BLE Sniffer;iBeacon;2,4 GHz BLE;7c:5a:b6:04:10:35;-66.0;;;;-66.0;2.511886431509582e-10;0.000368;9.243742067955262e-14;2.662269550149038e-12;36;0x00;39;ORANGE;False
1787670933.2515442;8.544490756999949;Simulation RF;Détection RF large bande;868 MHz;868 MHz;;2333;1.8802326960011655;-31.20930784004662;-64.20930784004662;3.793754433898366e-10;0.1;3.793754433898366e-11;1.4363410557013458e-09;;;;ORANGE;True
1787670933.2516868;8.544490756999949;Simulation RF;Détection RF large bande;2,45 GHz;2,45 GHz;;2753;2.218461411311495;-44.7384564524598;-61.438456452459796;7.180494514387359e-10;0.1;7.18049451438736e-11;3.372477447217383e-09;;;;ORANGE;True
1787670933.2602313;8.553356349000751;Wi-Fi;Wi-Fi;2,4/5 GHz;wlan0;-43.0;;;;-43.0;5.011872336272725e-08;0.1;5.0118723362727255e-09;5.574938319368008e-07;;;;ROUGE;False
1787670933.2876647;8.58078975600074;BLE Sniffer;Appareil BLE;2,4 GHz BLE;44:52:26:0a:24:5f;-84.0;;;;-84.0;3.9810717055349695e-12;0.00019999999999999998;7.962143411069938e-16;4.790277490604485e-15;15;0x00;37;VERT;False
1787670933.2891936;8.582319410999844;BLE Sniffer;Appareil BLE;2,4 GHz BLE;62:bf:79:af:07:b9;-80.0;;;;-80.0;1e-11;0.00028;2.7999999999999997e-15;2.7999999999999997e-15;25;0x00;38;VERT;False
1787670933.2894948;8.582618800999626;BLE Sniffer;Appareil BLE;2,4 GHz BLE;62:ae:f9:af:07:b9;-77.0;;;;-77.0;1.9952623149688828e-11;0.00028;5.586734481912872e-15;2.918618415625976e-12;25;0x00;39;VERT;False
1787670933.3594885;8.644579996000175;Simulation RF;Détection RF large bande;868 MHz;868 MHz;;2337;1.8832594974194752;-31.330379896779007;-64.33037989677901;3.6894532386336803e-10;0.1;3.6894532386336806e-11;1.4732355880876827e-09;;;;ORANGE;True
1787670933.361778;8.644579996000175;Simulation RF;Détection RF large bande;2,45 GHz;2,45 GHz;;2773;2.23448708529513;-45.37948341180521;-62.07948341180521;6.195147612488185e-10;0.1;6.195147612488185e-11;3.434428923342265e-09;;;;ORANGE;True
1787670933.3708324;8.663957167000262;Wi-Fi;Wi-Fi;2,4/5 GHz;wlan0;-43.0;;;;-43.0;5.011872336272725e-08;0.1;5.0118723362727255e-09;5.625057042730735e-07;;;;ROUGE;False
1787670933.391212;8.684337212000173;BLE Sniffer;iBeacon;2,4 GHz BLE;7c:5a:b6:04:10:35;-68.0;;;;-68.0;1.584893192461111e-10;0.000368;5.832406948256888e-14;2.720593619631607e-12;36;0x00;37;ORANGE;False
1787670933.4517097;8.744664011999703;Simulation RF;Détection RF large bande;868 MHz;868 MHz;;2319;1.868670046769515;-30.746801870780594;-63.746801870780594;4.220071536104976e-10;0.1;4.220071536104976e-11;1.5154363034487324e-09;;;;ORANGE;True
1787670933.451856;8.744664011999703;Simulation RF;Détection RF large bande;2,45 GHz;2,45 GHz;;2757;2.221445901729345;-44.8578360691738;-61.557836069173796;6.985803944773104e-10;0.1;6.985803944773105e-11;3.504286962789996e-09;;;;ORANGE;True
1787670933.4603913;8.753515862001223;Wi-Fi;Wi-Fi;2,4/5 GHz;wlan0;-43.0;;;;-43.0;5.011872336272725e-08;0.1;5.0118723362727255e-09;5.675175766093463e-07;;;;ROUGE;False
1787670933.552068;8.844758343000649;Simulation RF;Détection RF large bande;868 MHz;868 MHz;;2373;1.9125975078669495;-32.50390031467798;-65.50390031467798;2.8158529323493506e-10;0.1;2.8158529323493507e-11;1.543594832772226e-09;;;;ORANGE;True
1787670933.5522892;8.844758343000649;Simulation RF;Détection RF large bande;2,45 GHz;2,45 GHz;;2774;2.235627436861118;-45.42509747444471;-62.125097474444715;6.130420326836501e-10;0.1;6.130420326836501e-11;3.565591166058361e-09;;;;ORANGE;True
1787670933.5742688;8.867393804999665;Wi-Fi;Wi-Fi;2,4/5 GHz;wlan0;-43.0;;;;-43.0;5.011872336272725e-08;0.1;5.0118723362727255e-09;5.72529448945619e-07;;;;ROUGE;False
1787670933.6518867;8.944838450999669;Simulation RF;Détection RF large bande;868 MHz;868 MHz;;2319;1.8689473324812091;-30.757893299248366;-63.757893299248366;4.2093076639509274e-10;0.1;4.209307663950928e-11;1.5856879094117353e-09;;;;ORANGE;True
1787670933.652033;8.944838450999669;Simulation RF;Détection RF large bande;2,45 GHz;2,45 GHz;;2763;2.2264345812852464;-45.057383251409846;-61.75738325140985;6.672086604457984e-10;0.1;6.672086604457984e-11;3.632312032102941e-09;;;;ORANGE;True
1787670933.6606112;8.9537359320002;Wi-Fi;Wi-Fi;2,4/5 GHz;wlan0;-43.0;;;;-43.0;5.011872336272725e-08;0.1;5.0118723362727255e-09;5.775413212818918e-07;;;;ROUGE;False
1787670933.694343;8.987469327001236;Simulation LoRa;LoRa;868 MHz;LoRa 868.100 MHz;-89.31792687294431;;;;-89.31792687294431;1.1700577908386634e-12;0.041216;4.822510190720635e-14;7.589369757908661e-13;12;"SNR=5.61;SF=7;BW=125.0;CR=4/5;F=868.100;CRC=OK;PAYLOAD=54454d504f5f4c4f52415f38";7;VERT;True
1787670933.6957173;8.988842480999665;BLE Sniffer;iBeacon;2,4 GHz BLE;7c:5a:b6:04:10:35;-65.0;;;;-65.0;3.1622776601683795e-10;0.000368;1.1637181789419636e-13;2.8369654375258033e-12;36;0x00;38;ORANGE;False
1787670933.7519717;9.044918912000867;Simulation RF;Détection RF large bande;868 MHz;868 MHz;;2348;1.8923312126799958;-31.693248507199826;-64.69324850719983;3.3937132908683305e-10;0.1;3.3937132908683306e-11;1.6196250423204186e-09;;;;ORANGE;True
1787670933.7568893;9.044918912000867;Simulation RF;Détection RF large bande;2,45 GHz;2,45 GHz;;2730;2.200161549321843;-44.00646197287372;-60.70646197287372;8.498725509908936e-10;0.1;8.498725509908937e-11;3.71729928720203e-09;;;;ORANGE;True
1787670933.7666485;9.05977423100012;Wi-Fi;Wi-Fi;2,4/5 GHz;wlan0;-43.0;;;;-43.0;5.011872336272725e-08;0.1;5.0118723362727255e-09;5.825531936181645e-07;;;;ROUGE;False
1787670933.7966096;9.089734556000622;BLE Sniffer;iBeacon;2,4 GHz BLE;7c:5a:b6:04:10:35;-66.0;;;;-66.0;2.511886431509582e-10;0.000368;9.243742067955262e-14;2.929402858205356e-12;36;0x00;39;ORANGE;False
1787670933.7966833;9.0898070380008;BLE Sniffer;Appareil BLE;2,4 GHz BLE;44:52:26:0a:24:5f;-86.0;;;;-86.0;2.5118864315095823e-12;0.00019999999999999998;5.023772863019164e-16;5.292654776906401e-15;15;0x00;37;VERT;False
1787670933.8520222;9.145001983000839;Simulation RF;Détection RF large bande;868 MHz;868 MHz;;2314;1.8650335083330198;-30.601340333320792;-63.60134033332079;4.363811341344897e-10;0.1;4.363811341344897e-11;1.6632631557338676e-09;;;;ORANGE;True
1787670933.852166;9.145001983000839;Simulation RF;Détection RF large bande;2,45 GHz;2,45 GHz;;2710;2.1841810908244135;-43.36724363297654;-60.067243632976535;9.84635833169295e-10;0.1;9.84635833169295e-11;3.815762870518959e-09;;;;ORANGE;True
1787670933.860736;9.15386098199997;Wi-Fi;Wi-Fi;2,4/5 GHz;wlan0;-43.0;;;;-43.0;5.011872336272725e-08;0.1;5.0118723362727255e-09;5.875650659544373e-07;;;;ROUGE;False
1787670933.9521449;9.245083183999668;Simulation RF;Détection RF large bande;868 MHz;868 MHz;;2379;1.9171753870129267;-32.68701548051706;-65.68701548051706;2.6995939858389955e-10;0.1;2.6995939858389955e-11;1.6902590955922575e-09;;;;ORANGE;True
1787670933.9523616;9.245083183999668;Simulation RF;Détection RF large bande;2,45 GHz;2,45 GHz;;2790;2.2484500354740704;-45.93800141896281;-62.638001418962816;5.4475328534122e-10;0.1;5.4475328534122005e-11;3.870238199053082e-09;;;;ORANGE;True
1787670933.9637253;9.256849639999928;Wi-Fi;Wi-Fi;2,4/5 GHz;wlan0;-43.0;;;;-43.0;5.011872336272725e-08;0.1;5.0118723362727255e-09;5.9257693829071e-07;;;;ROUGE;False
1787670934.0004058;9.293530750999707;BLE Sniffer;iBeacon;2,4 GHz BLE;7c:5a:b6:04:10:35;-64.0;;;;-64.0;3.9810717055349694e-10;0.000368;1.4650343876368688e-13;3.075906296969043e-12;36;0x00;38;ORANGE;False
1787670934.0007799;9.293903826001042;BLE Sniffer;iBeacon;2,4 GHz BLE;7c:5a:b6:04:10:35;-65.0;;;;-65.0;3.1622776601683795e-10;0.000368;1.1637181789419636e-13;3.192278114863239e-12;36;0x00;39;ORANGE;False
1787670934.052229;9.345173179000994;Simulation RF;Détection RF large bande;868 MHz;868 MHz;;2320;1.8692380721533872;-30.769522886135483;-63.76952288613548;4.1980510104768345e-10;0.1;4.198051010476835e-11;1.7322396056970258e-09;;;;ORANGE;True
1787670934.052394;9.345173179000994;Simulation RF;Détection RF large bande;2,45 GHz;2,45 GHz;;2732;2.2015607557971535;-44.06243023188614;-60.76243023188614;8.389903715872377e-10;0.1;8.389903715872378e-11;3.954137236211805e-09;;;;ORANGE;True
1787670934.060932;9.354057196000213;Wi-Fi;Wi-Fi;2,4/5 GHz;wlan0;-43.0;;;;-43.0;5.011872336272725e-08;0.1;5.0118723362727255e-09;5.975888106269828e-07;;;;ROUGE;False
1787670934.1015966;9.39472171000125;BLE Sniffer;Appareil BLE;2,4 GHz BLE;44:52:26:0a:24:5f;-85.0;;;;-85.0;3.1622776601683794e-12;0.00019999999999999998;6.324555320336759e-16;5.925110308940077e-15;15;0x00;37;VERT;False
1787670934.152287;9.445252171000902;Simulation RF;Détection RF large bande;868 MHz;868 MHz;;2373;1.912058329184998;-32.482333167399915;-65.48233316739991;2.8298712909348585e-10;0.1;2.8298712909348587e-11;1.7605383186063743e-09;;;;ORANGE;True
1787670934.1524608;9.445252171000902;Simulation RF;Détection RF large bande;2,45 GHz;2,45 GHz;;2762;2.225473154936109;-45.018926197444344;-61.71892619744435;6.731430717992614e-10;0.1;6.731430717992614e-11;4.021451543391731e-09;;;;ORANGE;True
1787670934.1609356;9.454060687001402;Wi-Fi;Wi-Fi;2,4/5 GHz;wlan0;-43.0;;;;-43.0;5.011872336272725e-08;0.1;5.0118723362727255e-09;6.026006829632555e-07;;;;ROUGE;False
1787670934.2523968;9.54532705100064;Simulation RF;Détection RF large bande;868 MHz;868 MHz;;2417;1.947745240405562;-33.909809616222475;-66.90980961622247;2.037131378464195e-10;0.1;2.037131378464195e-11;1.7809096323910162e-09;;;;ORANGE;True
1787670934.2525427;9.54532705100064;Simulation RF;Détection RF large bande;2,45 GHz;2,45 GHz;;2778;2.238326963616374;-45.533078544654956;-62.23307854465496;5.979875546675863e-10;0.1;5.979875546675863e-11;4.08125029885849e-09;;;;ORANGE;True
1787670934.2610304;9.554155235000508;Wi-Fi;Wi-Fi;2,4/5 GHz;wlan0;-43.0;;;;-43.0;5.011872336272725e-08;0.1;5.0118723362727255e-09;6.076125552995282e-07;;;;ROUGE;False
1787670934.3044405;9.5975655000002;BLE Sniffer;iBeacon;2,4 GHz BLE;7c:5a:b6:04:10:35;-64.0;;;;-64.0;3.9810717055349694e-10;0.000368;1.4650343876368688e-13;3.338781553626926e-12;36;0x00;38;ORANGE;False
1787670934.3054385;9.598562912000489;BLE Sniffer;iBeacon;2,4 GHz BLE;7c:5a:b6:04:10:35;-66.0;;;;-66.0;2.511886431509582e-10;0.000368;9.243742067955262e-14;3.4312189743064787e-12;36;0x00;39;ORANGE;False
1787670934.3524678;9.645402321000802;Simulation RF;Détection RF large bande;868 MHz;868 MHz;;2291;1.8463686137610082;-29.85474455044033;-62.85474455044033;5.182335733166537e-10;0.1;5.1823357331665376e-11;1.8327329897226815e-09;;;;ORANGE;True
1787670934.352608;9.645402321000802;Simulation RF;Détection RF large bande;2,45 GHz;2,45 GHz;;2738;2.20668963944802;-44.2675855779208;-60.9675855779208;8.002790394711284e-10;0.1;8.002790394711285e-11;4.1612782028056024e-09;;;;ORANGE;True
1787670934.3610826;9.654207503999714;Wi-Fi;Wi-Fi;2,4/5 GHz;wlan0;-43.0;;;;-43.0;5.011872336272725e-08;0.1;5.0118723362727255e-09;6.12624427635801e-07;;;;ROUGE;False
1787670934.4063334;9.699459592000494;BLE Sniffer;Appareil BLE;2,4 GHz BLE;62:ae:f9:af:07:b9;-69.0;;;;-69.0;1.2589254117941662e-10;0.00028;3.524991153023665e-14;2.9538683271562127e-12;25;0x00;37;ORANGE;False
1787670934.452551;9.745494460999907;Simulation RF;Détection RF large bande;868 MHz;868 MHz;;2403;1.9366102498818405;-33.46440999527361;-66.46440999527361;2.2571426156388917e-10;0.1;2.2571426156388917e-11;1.8553044158790704e-09;;;;ORANGE;True
1787670934.4527261;9.745494460999907;Simulation RF;Détection RF large bande;2,45 GHz;2,45 GHz;;2753;2.218149285593235;-44.725971423729405;-61.42597142372941;7.201166585510236e-10;0.1;7.201166585510237e-11;4.2332898686607044e-09;;;;ORANGE;True
1787670934.4612353;9.754360255001302;Wi-Fi;Wi-Fi;2,4/5 GHz;wlan0;-43.0;;;;-43.0;5.011872336272725e-08;0.1;5.0118723362727255e-09;6.176362999720737e-07;;;;ROUGE;False
1787670934.5093586;9.802483520999886;BLE Sniffer;Appareil BLE;2,4 GHz BLE;37:10:9c:67:69:d1;-96.0;;;;-96.0;2.511886431509582e-13;0.000376;9.444692982476028e-17;9.444692982476028e-17;37;0x02;38;VERT;False
1787670934.5094254;9.802549447000274;BLE Sniffer;Appareil BLE;2,4 GHz BLE;44:52:26:0a:24:5f;-89.0;;;;-89.0;1.258925411794166e-12;0.00019999999999999998;2.517850823588332e-16;6.17689539129891e-15;15;0x00;39;VERT;False
1787670934.5526013;9.845572489000915;Simulation RF;Détection RF large bande;868 MHz;868 MHz;;2370;1.9099519725772016;-32.39807890308806;-65.39807890308806;2.8853075335262963e-10;0.1;2.8853075335262965e-11;1.8841574912143334e-09;;;;ORANGE;True
1787670934.5527387;9.845572489000915;Simulation RF;Détection RF large bande;2,45 GHz;2,45 GHz;;2730;2.199856385543867;-43.99425542175467;-60.69425542175467;8.52264615767838e-10;0.1;8.52264615767838e-11;4.318516330237488e-09;;;;ORANGE;True
1787670934.561239;9.85436378400118;Wi-Fi;Wi-Fi;2,4/5 GHz;wlan0;-43.0;;;;-43.0;5.011872336272725e-08;0.1;5.0118723362727255e-09;6.226481723083465e-07;;;;ROUGE;False
1787670934.6103756;9.903501312999651;BLE Sniffer;iBeacon;2,4 GHz BLE;7c:5a:b6:04:10:35;-69.0;;;;-69.0;1.2589254117941662e-10;0.000368;4.6328455154025316e-14;3.477547429460504e-12;36;0x00;37;ORANGE;False
1787670934.6114595;9.904583872999865;BLE Sniffer;iBeacon;2,4 GHz BLE;7c:5a:b6:04:10:35;-65.0;;;;-65.0;3.1622776601683795e-10;0.000368;1.1637181789419636e-13;3.5939192473547003e-12;36;0x00;38;ORANGE;False
1787670934.6115124;9.90463618800095;BLE Sniffer;iBeacon;2,4 GHz BLE;7c:5a:b6:04:10:35;-66.0;;;;-66.0;2.511886431509582e-10;0.000368;9.243742067955262e-14;3.686356668034253e-12;36;0x00;39;ORANGE;False
1787670934.65271;9.94565822200093;Simulation RF;Détection RF large bande;868 MHz;868 MHz;;2402;1.9355176317288034;-33.42070526915214;-66.42070526915214;2.2799717876868628e-10;0.1;2.2799717876868628e-11;1.906957209091202e-09;;;;ORANGE;True
1787670934.6528552;9.94565822200093;Simulation RF;Détection RF large bande;2,45 GHz;2,45 GHz;;2695;2.1718434777592726;-42.873739110370906;-59.57373911037091;1.1031284592720631e-09;0.1;1.1031284592720632e-10;4.428829176164694e-09;;;;ORANGE;True
1787670934.6613128;9.954437349000727;Wi-Fi;Wi-Fi;2,4/5 GHz;wlan0;-43.0;;;;-43.0;5.011872336272725e-08;0.1;5.0118723362727255e-09;6.276600446446192e-07;;;;ROUGE;False
1787670934.712634;10.005759628000305;BLE Sniffer;Appareil BLE;2,4 GHz BLE;62:ae:f9:af:07:b9;-68.0;;;;-68.0;1.584893192461111e-10;0.00028;4.43770093889111e-14;2.998245336545124e-12;25;0x00;37;ORANGE;False
1787670934.7127614;10.00588523999977;Simulation LoRa;LoRa;868 MHz;LoRa 868.100 MHz;-91.72564169788433;;;;-91.72564169788433;6.721029942568486e-13;0.041216;2.7701397011290274e-14;7.866383728021564e-13;12;"SNR=6.44;SF=7;BW=125.0;CR=4/5;F=868.100;CRC=OK;PAYLOAD=54454d504f5f4c4f52415f39";7;VERT;True
1787670934.7527874;10.045740325000224;Simulation RF;Détection RF large bande;868 MHz;868 MHz;;2388;1.924307200838348;-32.972288033533914;-65.97228803353391;2.527965814090287e-10;0.1;2.5279658140902875e-11;1.9322368672321046e-09;;;;ORANGE;True
1787670934.7529385;10.045740325000224;Simulation RF;Détection RF large bande;2,45 GHz;2,45 GHz;;2722;2.1935147073979837;-43.74058829591934;-60.44058829591933;9.035270735271661e-10;0.1;9.035270735271662e-11;4.519181883517411e-09;;;;ORANGE;True
1787670934.761453;10.054578397001023;Wi-Fi;Wi-Fi;2,4/5 GHz;wlan0;-43.0;;;;-43.0;5.011872336272725e-08;0.1;5.0118723362727255e-09;6.32671916980892e-07;;;;ROUGE;False
1787670934.8528712;10.145820705000006;Simulation RF;Détection RF large bande;868 MHz;868 MHz;;2366;1.9069056881425324;-32.27622752570129;-65.27622752570129;2.967407892306431e-10;0.1;2.967407892306431e-11;1.9619109461551688e-09;;;;ORANGE;True
1787670934.8530653;10.145820705000006;Simulation RF;Détection RF large bande;2,45 GHz;2,45 GHz;;2696;2.17259844185786;-42.90393767431439;-59.60393767431439;1.0954844885404052e-09;0.1;1.0954844885404053e-10;4.6287303323714516e-09;;;;ORANGE;True
1787670934.8650503;10.158175143000335;Wi-Fi;Wi-Fi;2,4/5 GHz;wlan0;-43.0;;;;-43.0;5.011872336272725e-08;0.1;5.0118723362727255e-09;6.376837893171647e-07;;;;ROUGE;False
1787670934.9169447;10.210069775999727;BLE Sniffer;iBeacon;2,4 GHz BLE;7c:5a:b6:04:10:35;-65.0;;;;-65.0;3.1622776601683795e-10;0.000368;1.1637181789419636e-13;3.80272848592845e-12;36;0x00;38;ORANGE;False
1787670934.9177666;10.21089155700065;BLE Sniffer;iBeacon;2,4 GHz BLE;7c:5a:b6:04:10:35;-66.0;;;;-66.0;2.511886431509582e-10;0.000368;9.243742067955262e-14;3.895165906608003e-12;36;0x00;39;ORANGE;False
1787670934.9180841;10.211208262000582;BLE Sniffer;Appareil BLE;2,4 GHz BLE;62:ae:f9:af:07:b9;-68.0;;;;-68.0;1.584893192461111e-10;0.00028;4.43770093889111e-14;3.0426223459340353e-12;25;0x00;37;ORANGE;False
1787670934.952941;10.24590243700004;Simulation RF;Détection RF large bande;868 MHz;868 MHz;;2291;1.8461903480412993;-29.84761392165197;-62.84761392165197;5.190851536871186e-10;0.1;5.190851536871186e-11;2.0138194615238806e-09;;;;ORANGE;True
1787670934.9530861;10.24590243700004;Simulation RF;Détection RF large bande;2,45 GHz;2,45 GHz;;2782;2.2418517134353446;-45.674068537413774;-62.37406853741377;5.7888613290469e-10;0.1;5.7888613290469e-11;4.686618945661921e-09;;;;ORANGE;True
1787670934.9615898;10.254714806000266;Wi-Fi;Wi-Fi;2,4/5 GHz;wlan0;-43.0;;;;-43.0;5.011872336272725e-08;0.1;5.0118723362727255e-09;6.426956616534375e-07;;;;ROUGE;False
1787670935.0530488;10.345989260000351;Simulation RF;Détection RF large bande;868 MHz;868 MHz;;2353;1.8963352060685723;-31.853408242742887;-64.85340824274289;3.270839062393325e-10;0.1;3.2708390623933254e-11;2.046527852147814e-09;;;;ORANGE;True
1787670935.0532074;10.345989260000351;Simulation RF;Détection RF large bande;2,45 GHz;2,45 GHz;;2743;2.2107136131296943;-44.428544525187775;-61.12854452518777;7.711618694507482e-10;0.1;7.711618694507482e-11;4.763735132606996e-09;;;;ORANGE;True
1787670935.0618713;10.354995777001022;Wi-Fi;Wi-Fi;2,4/5 GHz;wlan0;-43.0;;;;-43.0;5.011872336272725e-08;0.1;5.0118723362727255e-09;6.477075339897102e-07;;;;ROUGE;False
1787670935.121612;10.414737234001223;BLE Sniffer;iBeacon;2,4 GHz BLE;7c:5a:b6:04:10:35;-64.0;;;;-64.0;3.9810717055349694e-10;0.000368;1.4650343876368688e-13;4.04166934537169e-12;36;0x00;38;ORANGE;False
1787670935.153209;10.446086171999923;Simulation RF;Détection RF large bande;868 MHz;868 MHz;;2418;1.9488129032941939;-33.95251613176775;-66.95251613176775;2.0171973401071198e-10;0.1;2.01719734010712e-11;2.066699825548885e-09;;;;ORANGE;True
1787670935.1534266;10.446086171999923;Simulation RF;Détection RF large bande;2,45 GHz;2,45 GHz;;2718;2.190574063085012;-43.62296252340049;-60.32296252340049;9.28332911954657e-10;0.1;9.283329119546571e-11;4.856568423802462e-09;;;;ORANGE;True
1787670935.1635795;10.456704713000363;Wi-Fi;Wi-Fi;2,4/5 GHz;wlan0;-43.0;;;;-43.0;5.011872336272725e-08;0.1;5.0118723362727255e-09;6.52719406325983e-07;;;;ROUGE;False
1787670935.2223547;10.515480722000575;BLE Sniffer;iBeacon;2,4 GHz BLE;7c:5a:b6:04:10:35;-66.0;;;;-66.0;2.511886431509582e-10;0.000368;9.243742067955262e-14;4.134106766051243e-12;36;0x00;39;ORANGE;False
1787670935.2234359;10.516560318999836;BLE Sniffer;Appareil BLE;2,4 GHz BLE;62:ae:f9:af:07:b9;-72.0;;;;-72.0;6.309573444801942e-11;0.00028;1.7666805645445437e-14;3.0602891515794808e-12;25;0x00;37;VERT;False
1787670935.2238922;10.517016802001308;BLE Sniffer;Appareil BLE;2,4 GHz BLE;62:ae:f9:af:07:b9;-78.0;;;;-78.0;1.5848931924611107e-11;0.00028;4.4377009388911094e-15;3.0647268525183718e-12;25;0x00;38;VERT;False
1787670935.2239583;10.517082247000872;BLE Sniffer;Appareil BLE;2,4 GHz BLE;62:ae:f9:af:07:b9;-80.0;;;;-80.0;1e-11;0.00028;2.7999999999999997e-15;3.0675268525183717e-12;25;0x00;39;VERT;False
1787670935.2532403;10.546175139001207;Simulation RF;Détection RF large bande;868 MHz;868 MHz;;2274;1.832846994809939;-29.313879792397557;-62.31387979239756;5.869647502166068e-10;0.1;5.869647502166068e-11;2.125396300570546e-09;;;;ORANGE;True
1787670935.2534018;10.546175139001207;Simulation RF;Détection RF large bande;2,45 GHz;2,45 GHz;;2753;2.2188218218884663;-44.75287287553864;-61.45287287553864;7.156698351077832e-10;0.1;7.156698351077833e-11;4.92813540731324e-09;;;;ORANGE;True
1787670935.2618794;10.55500406200008;Wi-Fi;Wi-Fi;2,4/5 GHz;wlan0;-43.0;;;;-43.0;5.011872336272725e-08;0.1;5.0118723362727255e-09;6.577312786622557e-07;;;;ROUGE;False
1787670935.3269377;10.620063170001231;BLE Sniffer;Appareil BLE;2,4 GHz BLE;57:1c:1e:67:69:d1;-94.0;;;;-94.0;3.981071705534969e-13;0.0005679999999999999;2.261248728743862e-16;2.261248728743862e-16;61;0x02;37;VERT;False
1787670935.35326;10.646252495000226;Simulation RF;Détection RF large bande;868 MHz;868 MHz;;2327;1.8755446402402836;-31.021785609611342;-64.02178560961134;3.9611513731544274e-10;0.1;3.961151373154428e-11;2.1650078143020904e-09;;;;ORANGE;True
1787670935.3533976;10.646252495000226;Simulation RF;Détection RF large bande;2,45 GHz;2,45 GHz;;2719;2.1909013981450065;-43.63605592580025;-60.336055925800245;9.255383261674154e-10;0.1;9.255383261674154e-11;5.020689239929981e-09;;;;ORANGE;True
1787670935.3619323;10.655056974001127;Wi-Fi;Wi-Fi;2,4/5 GHz;wlan0;-43.0;;;;-43.0;5.011872336272725e-08;0.1;5.0118723362727255e-09;6.627431509985285e-07;;;;ROUGE;False
1787670935.4287076;10.721832885001277;BLE Sniffer;iBeacon;2,4 GHz BLE;7c:5a:b6:04:10:35;-64.0;;;;-64.0;3.9810717055349694e-10;0.000368;1.4650343876368688e-13;4.28061020481493e-12;36;0x00;38;ORANGE;False
1787670935.428778;10.721901754999635;BLE Sniffer;iBeacon;2,4 GHz BLE;7c:5a:b6:04:10:35;-66.0;;;;-66.0;2.511886431509582e-10;0.000368;9.243742067955262e-14;4.373047625494483e-12;36;0x00;39;ORANGE;False
1787670935.4533794;10.746328740000536;Simulation RF;Détection RF large bande;868 MHz;868 MHz;;2312;1.8634967798795716;-30.53987119518286;-63.53987119518286;4.426014990225622e-10;0.1;4.426014990225622e-11;2.2092679642043466e-09;;;;ORANGE;True
1787670935.4535158;10.746328740000536;Simulation RF;Détection RF large bande;2,45 GHz;2,45 GHz;;2742;2.209978646126561;-44.39914584506245;-61.09914584506245;7.763998011644247e-10;0.1;7.763998011644248e-11;5.098329220046424e-09;;;;ORANGE;True
1787670935.4619982;10.755123553000885;Wi-Fi;Wi-Fi;2,4/5 GHz;wlan0;-42.0;;;;-42.0;6.30957344480193e-08;0.1;6.30957344480193e-09;6.690527244433304e-07;;;;ROUGE;False
1787670935.5296757;10.822801448000973;BLE Sniffer;Appareil BLE;2,4 GHz BLE;62:ae:f9:af:07:b9;-68.0;;;;-68.0;1.584893192461111e-10;0.00028;4.43770093889111e-14;3.111903861907283e-12;25;0x00;37;ORANGE;False
1787670935.5534022;10.846409022000444;Simulation RF;Détection RF large bande;868 MHz;868 MHz;;2302;1.8547998640578303;-30.191994562313205;-63.191994562313205;4.795131744667875e-10;0.1;4.795131744667875e-11;2.2572192816510255e-09;;;;ORANGE;True
1787670935.5535355;10.846409022000444;Simulation RF;Détection RF large bande;2,45 GHz;2,45 GHz;;2713;2.1864645229000343;-43.45858091600137;-60.15858091600136;9.641440121599218e-10;0.1;9.64144012159922e-11;5.194743621262416e-09;;;;ORANGE;True
1787670935.5621018;10.85522659399976;Wi-Fi;Wi-Fi;2,4/5 GHz;wlan0;-42.0;;;;-42.0;6.30957344480193e-08;0.1;6.30957344480193e-09;6.753622978881323e-07;;;;ROUGE;False
1787670935.6335638;10.926691856000616;Simulation LoRa;LoRa;868 MHz;LoRa 868.100 MHz;-86.35246431472801;;;;-86.35246431472801;2.3160800650322818e-12;0.046335999999999995;1.073178858933358e-13;8.939562586954923e-13;13;"SNR=10.76;SF=7;BW=125.0;CR=4/5;F=868.100;CRC=OK;PAYLOAD=54454d504f5f4c4f52415f3130";7;VERT;True
1787670935.6535435;10.946493897001346;Simulation RF;Détection RF large bande;868 MHz;868 MHz;;2348;1.8924565964872249;-31.69826385948899;-64.69826385948899;3.3897963993937314e-10;0.1;3.389796399393732e-11;2.291117245644963e-09;;;;ORANGE;True
1787670935.653697;10.946493897001346;Simulation RF;Détection RF large bande;2,45 GHz;2,45 GHz;;2799;2.2554740046123256;-46.21896018449303;-62.918960184493024;5.106272429672079e-10;0.1;5.10627242967208e-11;5.245806345559137e-09;;;;ORANGE;True
1787670935.6623478;10.955472858000576;Wi-Fi;Wi-Fi;2,4/5 GHz;wlan0;-42.0;;;;-42.0;6.30957344480193e-08;0.1;6.30957344480193e-09;6.816718713329342e-07;;;;ROUGE;False
1787670935.7355952;11.028720424001222;BLE Sniffer;iBeacon;2,4 GHz BLE;7c:5a:b6:04:10:35;-64.0;;;;-64.0;3.9810717055349694e-10;0.000368;1.4650343876368688e-13;4.51955106425817e-12;36;0x00;38;ORANGE;False
1787670935.735665;11.028789424000934;BLE Sniffer;iBeacon;2,4 GHz BLE;7c:5a:b6:04:10:35;-66.0;;;;-66.0;2.511886431509582e-10;0.000368;9.243742067955262e-14;4.611988484937723e-12;36;0x00;39;ORANGE;False
1787670935.7367406;11.029865706001146;BLE Sniffer;Appareil BLE;2,4 GHz BLE;62:ae:f9:af:07:b9;-68.0;;;;-68.0;1.584893192461111e-10;0.00028;4.43770093889111e-14;3.1562808712961943e-12;25;0x00;37;ORANGE;False
1787670935.7535865;11.046572327000831;Simulation RF;Détection RF large bande;868 MHz;868 MHz;;2444;1.9698484217895478;-34.793936871581906;-67.7939368715819;1.6619054530661225e-10;0.1;1.6619054530661227e-11;2.3077363001756243e-09;;;;ORANGE;True
1787670935.7537293;11.046572327000831;Simulation RF;Détection RF large bande;2,45 GHz;2,45 GHz;;2754;2.219505784263592;-44.78023137054369;-61.48023137054369;7.111756247367142e-10;0.1;7.111756247367142e-11;5.316923908032808e-09;;;;ORANGE;True
1787670935.762343;11.055467547999797;Wi-Fi;Wi-Fi;2,4/5 GHz;wlan0;-42.0;;;;-42.0;6.30957344480193e-08;0.1;6.30957344480193e-09;6.879814447777362e-07;;;;ROUGE;False
1787670935.8536901;11.146654146999936;Simulation RF;Détection RF large bande;868 MHz;868 MHz;;2439;1.9657730805528972;-34.63092322211588;-67.63092322211588;1.7254710527984432e-10;0.1;1.7254710527984432e-11;2.3249910107036085e-09;;;;ORANGE;True
1787670935.8538373;11.146654146999936;Simulation RF;Détection RF large bande;2,45 GHz;2,45 GHz;;2726;2.197159368721336;-43.88637474885344;-60.58637474885344;8.73700381034878e-10;0.1;8.73700381034878e-11;5.404293946136296e-09;;;;ORANGE;True
1787670935.862394;11.155518884999765;Wi-Fi;Wi-Fi;2,4/5 GHz;wlan0;-43.0;;;;-43.0;5.011872336272725e-08;0.1;5.0118723362727255e-09;6.929933171140089e-07;;;;ROUGE;False
1787670935.9537714;11.246726818000752;Simulation RF;Détection RF large bande;868 MHz;868 MHz;;2349;1.8931151361348055;-31.724605445392214;-64.72460544539221;3.3692982427596435e-10;0.1;3.3692982427596437e-11;2.358683993131205e-09;;;;ORANGE;True
1787670935.9539073;11.246726818000752;Simulation RF;Détection RF large bande;2,45 GHz;2,45 GHz;;2703;2.178025135588967;-43.12100542355867;-59.82100542355867;1.0420761531980699e-09;0.1;1.0420761531980699e-10;5.508501561456103e-09;;;;ORANGE;True
1787670935.9624581;11.255582760000834;Wi-Fi;Wi-Fi;2,4/5 GHz;wlan0;-43.0;;;;-43.0;5.011872336272725e-08;0.1;5.0118723362727255e-09;6.980051894502817e-07;;;;ROUGE;False
1787670936.0405147;11.333640656999705;BLE Sniffer;iBeacon;2,4 GHz BLE;7c:5a:b6:04:10:35;-65.0;;;;-65.0;3.1622776601683795e-10;0.000368;1.1637181789419636e-13;4.7283603028319195e-12;36;0x00;38;ORANGE;False
1787670936.0416687;11.334793013000308;BLE Sniffer;iBeacon;2,4 GHz BLE;7c:5a:b6:04:10:35;-66.0;;;;-66.0;2.511886431509582e-10;0.000368;9.243742067955262e-14;4.8207977235114724e-12;36;0x00;39;ORANGE;False
1787670936.041724;11.334847662001266;BLE Sniffer;Appareil BLE;2,4 GHz BLE;62:ae:f9:af:07:b9;-68.0;;;;-68.0;1.584893192461111e-10;0.00028;4.43770093889111e-14;3.2006578806851055e-12;25;0x00;37;ORANGE;False
1787670936.0538287;11.346809059999941;Simulation RF;Détection RF large bande;868 MHz;868 MHz;;2263;1.8239295981066306;-28.957183924265223;-61.95718392426522;6.372085691997944e-10;0.1;6.372085691997945e-11;2.4224048500511844e-09;;;;ORANGE;True
1787670936.0539849;11.346809059999941;Simulation RF;Détection RF large bande;2,45 GHz;2,45 GHz;;2743;2.2107214219293443;-44.42885687717377;-61.128856877173774;7.711064081705225e-10;0.1;7.711064081705226e-11;5.585612202273155e-09;;;;ORANGE;True
1787670936.0625591;11.355684094000026;Wi-Fi;Wi-Fi;2,4/5 GHz;wlan0;-43.0;;;;-43.0;5.011872336272725e-08;0.1;5.0118723362727255e-09;7.030170617865544e-07;;;;ROUGE;False
1787670936.153907;11.446890799001267;Simulation RF;Détection RF large bande;868 MHz;868 MHz;;2373;1.912587092927172;-32.50348371708688;-65.50348371708688;2.8161230563925935e-10;0.1;2.8161230563925935e-11;2.45056608061511e-09;;;;ORANGE;True
1787670936.1540468;11.446890799001267;Simulation RF;Détection RF large bande;2,45 GHz;2,45 GHz;;2794;2.2512567416166696;-46.05026966466677;-62.750269664666774;5.308514812673319e-10;0.1;5.3085148126733186e-11;5.6386973503998884e-09;;;;ORANGE;True
1787670936.1625528;11.455677777999881;Wi-Fi;Wi-Fi;2,4/5 GHz;wlan0;-43.0;;;;-43.0;5.011872336272725e-08;0.1;5.0118723362727255e-09;7.080289341228272e-07;;;;ROUGE;False
1787670936.2454064;11.538531412999873;BLE Sniffer;iBeacon;2,4 GHz BLE;7c:5a:b6:04:10:35;-65.0;;;;-65.0;3.1622776601683795e-10;0.000368;1.1637181789419636e-13;4.937169541405669e-12;36;0x00;38;ORANGE;False
1787670936.2540364;11.546974038999906;Simulation RF;Détection RF large bande;868 MHz;868 MHz;;2430;1.958023664818585;-34.3209465927434;-67.3209465927434;1.8531276697702798e-10;0.1;1.85312766977028e-11;2.469097357312813e-09;;;;ORANGE;True
1787670936.254192;11.546974038999906;Simulation RF;Détection RF large bande;2,45 GHz;2,45 GHz;;2740;2.2080814706132483;-44.32325882452993;-61.023258824529925;7.900855473778397e-10;0.1;7.900855473778397e-11;5.7177059051376726e-09;;;;ORANGE;True
1787670936.26277;11.555895129000419;Wi-Fi;Wi-Fi;2,4/5 GHz;wlan0;-43.0;;;;-43.0;5.011872336272725e-08;0.1;5.0118723362727255e-09;7.130408064590999e-07;;;;ROUGE;False
1787670936.3461282;11.639253544000894;BLE Sniffer;iBeacon;2,4 GHz BLE;7c:5a:b6:04:10:35;-66.0;;;;-66.0;2.511886431509582e-10;0.000368;9.243742067955262e-14;5.029606962085222e-12;36;0x00;39;ORANGE;False
1787670936.3472872;11.64041138200082;BLE Sniffer;Appareil BLE;2,4 GHz BLE;62:ae:f9:af:07:b9;-68.0;;;;-68.0;1.584893192461111e-10;0.00028;4.43770093889111e-14;3.2450348900740168e-12;25;0x00;37;ORANGE;False
1787670936.3540506;11.647050778001358;Simulation RF;Détection RF large bande;868 MHz;868 MHz;;2395;1.9299217359458993;-33.19686943783597;-66.19686943783597;2.4005627137041476e-10;0.1;2.4005627137041476e-11;2.4931029844498545e-09;;;;ORANGE;True
1787670936.3541858;11.647050778001358;Simulation RF;Détection RF large bande;2,45 GHz;2,45 GHz;;2789;2.2473607422187842;-45.89442968875136;-62.59442968875136;5.502461735536522e-10;0.1;5.502461735536522e-11;5.772730522493038e-09;;;;ORANGE;True
1787670936.3627434;11.655868034000378;Wi-Fi;Wi-Fi;2,4/5 GHz;wlan0;-43.0;;;;-43.0;5.011872336272725e-08;0.1;5.0118723362727255e-09;7.180526787953726e-07;;;;ROUGE;False
1787670936.454146;11.747128166000039;Simulation RF;Détection RF large bande;868 MHz;868 MHz;;2305;1.8577933143868899;-30.311732575475588;-63.31173257547559;4.664732482364455e-10;0.1;4.664732482364455e-11;2.5397503092734992e-09;;;;ORANGE;True
1787670936.4542952;11.747128166000039;Simulation RF;Détection RF large bande;2,45 GHz;2,45 GHz;;2787;2.24595686726694;-45.83827469067759;-62.538274690677596;5.574071445015907e-10;0.1;5.5740714450159074e-11;5.828471236943197e-09;;;;ORANGE;True
1787670936.4627845;11.755909440000323;Wi-Fi;Wi-Fi;2,4/5 GHz;wlan0;-43.0;;;;-43.0;5.011872336272725e-08;0.1;5.0118723362727255e-09;7.230645511316454e-07;;;;ROUGE;False
1787670936.5520234;11.845148952999807;BLE Sniffer;iBeacon;2,4 GHz BLE;7c:5a:b6:04:10:35;-66.0;;;;-66.0;2.511886431509582e-10;0.000368;9.243742067955262e-14;5.122044382764775e-12;36;0x00;38;ORANGE;False
1787670936.554225;11.847210126999926;Simulation RF;Détection RF large bande;868 MHz;868 MHz;;2342;1.887186126870281;-31.487445074811234;-64.48744507481123;3.558405956307496e-10;0.1;3.5584059563074967e-11;2.575334368836574e-09;;;;ORANGE;True
1787670936.554374;11.847210126999926;Simulation RF;Détection RF large bande;2,45 GHz;2,45 GHz;;2795;2.252034171587993;-46.081366863519705;-62.78136686351971;5.270639514469863e-10;0.1;5.270639514469863e-11;5.8811776320878954e-09;;;;ORANGE;True
1787670936.5630484;11.856173273001332;Wi-Fi;Wi-Fi;2,4/5 GHz;wlan0;-43.0;;;;-43.0;5.011872336272725e-08;0.1;5.0118723362727255e-09;7.280764234679181e-07;;;;ROUGE;False
1787670936.6536803;11.94680579099986;BLE Sniffer;iBeacon;2,4 GHz BLE;7c:5a:b6:04:10:35;-66.0;;;;-66.0;2.511886431509582e-10;0.000368;9.243742067955262e-14;5.214481803444328e-12;36;0x00;39;ORANGE;False
1787670936.6540968;11.9472218660012;Simulation LoRa;LoRa;868 MHz;LoRa 868.100 MHz;-89.4679423406612;;;;-89.4679423406612;1.1303313315433596e-12;0.046335999999999995;5.2375032578393104e-14;9.463312912738853e-13;13;"SNR=9.05;SF=7;BW=125.0;CR=4/5;F=868.100;CRC=OK;PAYLOAD=54454d504f5f4c4f52415f3131";7;VERT;True
1787670936.655075;11.94739533000029;Simulation RF;Détection RF large bande;868 MHz;868 MHz;;2369;1.9090114731523156;-32.36045892609262;-65.36045892609262;2.910409554071763e-10;0.1;2.9104095540717633e-11;2.6044384643772917e-09;;;;ORANGE;True
1787670936.655263;11.94739533000029;Simulation RF;Détection RF large bande;2,45 GHz;2,45 GHz;;2747;2.213498423474019;-44.53993693896075;-61.239936938960746;7.516338079180885e-10;0.1;7.516338079180886e-11;5.956341012879704e-09;;;;ORANGE;True
1787670936.6635199;11.956645292000758;Wi-Fi;Wi-Fi;2,4/5 GHz;wlan0;-43.0;;;;-43.0;5.011872336272725e-08;0.1;5.0118723362727255e-09;7.330882958041909e-07;;;;ROUGE;False
1787670936.7545505;12.047481051000432;Simulation RF;Détection RF large bande;868 MHz;868 MHz;;2314;1.8645977838579018;-30.583911354316065;-63.583911354316065;4.38135924908936e-10;0.1;4.38135924908936e-11;2.6482520568681853e-09;;;;ORANGE;True
1787670936.7547033;12.047481051000432;Simulation RF;Détection RF large bande;2,45 GHz;2,45 GHz;;2732;2.201773573210238;-44.07094292840952;-60.770942928409525;8.373474597779934e-10;0.1;8.373474597779934e-11;6.040075758857504e-09;;;;ORANGE;True
1787670936.756298;12.049422965999838;BLE Sniffer;Appareil BLE;2,4 GHz BLE;37:10:9e:67:69:d1;-90.0;;;;-90.0;1e-12;0.000376;3.7599999999999995e-16;3.7599999999999995e-16;37;0x02;37;VERT;False
1787670936.768822;12.06194682900059;Wi-Fi;Wi-Fi;2,4/5 GHz;wlan0;-42.0;;;;-42.0;6.30957344480193e-08;0.1;6.30957344480193e-09;7.393978692489928e-07;;;;ROUGE;False
1787670936.854614;12.147561661000509;Simulation RF;Détection RF large bande;868 MHz;868 MHz;;2315;1.865390658732724;-30.61562634930896;-63.61562634930896;4.3494802692037235e-10;0.1;4.3494802692037236e-11;2.6917468595602224e-09;;;;ORANGE;True
1787670936.8547513;12.147561661000509;Simulation RF;Détection RF large bande;2,45 GHz;2,45 GHz;;2770;2.232064005019757;-45.28256020079027;-61.98256020079027;6.33496150099576e-10;0.1;6.334961500995761e-11;6.103425373867461e-09;;;;ORANGE;True
1787670936.859525;12.152650216999973;BLE Sniffer;iBeacon;2,4 GHz BLE;7c:5a:b6:04:10:35;-65.0;;;;-65.0;3.1622776601683795e-10;0.000368;1.1637181789419636e-13;5.330853621338525e-12;36;0x00;38;ORANGE;False
1787670936.8596;12.152723903000151;BLE Sniffer;iBeacon;2,4 GHz BLE;7c:5a:b6:04:10:35;-67.0;;;;-67.0;1.9952623149688828e-10;0.000368;7.342565319085489e-14;5.40427927452938e-12;36;0x00;39;ORANGE;False
1787670936.8630636;12.156188379000014;Wi-Fi;Wi-Fi;2,4/5 GHz;wlan0;-42.0;;;;-42.0;6.30957344480193e-08;0.1;6.30957344480193e-09;7.457074426937947e-07;;;;ROUGE;False
1787670936.9547105;12.2476430300012;Simulation RF;Détection RF large bande;868 MHz;868 MHz;;2430;1.957875121641532;-34.31500486566128;-67.31500486566128;1.855664730420033e-10;0.1;1.855664730420033e-11;2.7103035068644227e-09;;;;ORANGE;True
1787670936.9548595;12.2476430300012;Simulation RF;Détection RF large bande;2,45 GHz;2,45 GHz;;2765;2.2286032584699895;-45.14413033879957;-61.844130338799566;6.540138811397903e-10;0.1;6.540138811397903e-11;6.1688267619814406e-09;;;;ORANGE;True
1787670936.9619129;12.255038725001214;BLE Sniffer;Appareil BLE;2,4 GHz BLE;37:10:9e:67:69:d1;-89.0;;;;-89.0;1.258925411794166e-12;0.000376;4.733559548346064e-16;8.493559548346064e-16;37;0x02;37;VERT;False
1787670936.9637387;12.256863583999802;Wi-Fi;Wi-Fi;2,4/5 GHz;wlan0;-42.0;;;;-42.0;6.30957344480193e-08;0.1;6.30957344480193e-09;7.520170161385967e-07;;;;ROUGE;False
1787670937.0548458;12.34773474800022;Simulation RF;Détection RF large bande;868 MHz;868 MHz;;2438;1.964911908647936;-34.59647634591744;-67.59647634591744;1.7392113679181108e-10;0.1;1.7392113679181108e-11;2.727695620543604e-09;;;;ORANGE;True
1787670937.0550392;12.34773474800022;Simulation RF;Détection RF large bande;2,45 GHz;2,45 GHz;;2707;2.181565351546856;-43.262614061874245;-59.96261406187425;1.0086455894690152e-09;0.1;1.0086455894690152e-10;6.269691320928342e-09;;;;ORANGE;True
1787670937.0662024;12.35933194000063;Wi-Fi;Wi-Fi;2,4/5 GHz;wlan0;-42.0;;;;-42.0;6.30957344480193e-08;0.1;6.30957344480193e-09;7.583265895833986e-07;;;;ROUGE;False
1787670937.1548786;12.447825481000109;Simulation RF;Détection RF large bande;868 MHz;868 MHz;;2400;1.9339984263519057;-33.35993705407623;-66.35993705407623;2.3120983011030375e-10;0.1;2.3120983011030375e-11;2.7508166035546345e-09;;;;ORANGE;True
1787670937.1550257;12.447825481000109;Simulation RF;Détection RF large bande;2,45 GHz;2,45 GHz;;2680;2.1595007952727117;-42.38003181090846;-59.080031810908466;1.2359383804935024e-09;0.1;1.2359383804935023e-10;6.393285158977692e-09;;;;ORANGE;True
1787670937.1628423;12.455966974999683;Wi-Fi;Wi-Fi;2,4/5 GHz;wlan0;-42.0;;;;-42.0;6.30957344480193e-08;0.1;6.30957344480193e-09;7.646361630282005e-07;;;;ROUGE;False
1787670937.1659112;12.459035969000979;BLE Sniffer;iBeacon;2,4 GHz BLE;7c:5a:b6:04:10:35;-65.0;;;;-65.0;3.1622776601683795e-10;0.000368;1.1637181789419636e-13;5.520651092423577e-12;36;0x00;38;ORANGE;False
1787670937.1659744;12.45909798700086;BLE Sniffer;iBeacon;2,4 GHz BLE;7c:5a:b6:04:10:35;-67.0;;;;-67.0;1.9952623149688828e-10;0.000368;7.342565319085489e-14;5.594076745614432e-12;36;0x00;39;ORANGE;False
1787670937.2549977;12.547916437000822;Simulation RF;Détection RF large bande;868 MHz;868 MHz;;2430;1.958137809853495;-34.32551239413979;-67.32551239413979;1.8511804732896404e-10;0.1;1.8511804732896405e-11;2.769328408287531e-09;;;;ORANGE;True
1787670937.2552056;12.547916437000822;Simulation RF;Détection RF large bande;2,45 GHz;2,45 GHz;;2680;2.159798013706982;-42.39192054827927;-59.091920548279276;1.232559646979153e-09;0.1;1.232559646979153e-10;6.516541123675607e-09;;;;ORANGE;True
1787670937.2658305;12.558954905000064;Wi-Fi;Wi-Fi;2,4/5 GHz;wlan0;-42.0;;;;-42.0;6.30957344480193e-08;0.1;6.30957344480193e-09;7.709457364730025e-07;;;;ROUGE;False
1787670937.355053;12.647997134001344;Simulation RF;Détection RF large bande;868 MHz;868 MHz;;2431;1.9592421406328009;-34.36968562531203;-67.36968562531203;1.8324470637351e-10;0.1;1.8324470637351e-11;2.7876528789248823e-09;;;;ORANGE;True
1787670937.3552012;12.647997134001344;Simulation RF;Détection RF large bande;2,45 GHz;2,45 GHz;;2659;2.142744956690881;-41.70979826763525;-58.40979826763525;1.4421823401947811e-09;0.1;1.4421823401947813e-10;6.660759357695085e-09;;;;ORANGE;True
1787670937.3637812;12.656905982999888;Wi-Fi;Wi-Fi;2,4/5 GHz;wlan0;-39.0;;;;-39.0;1.2589254117941662e-07;0.1;1.2589254117941663e-08;7.835349905909442e-07;;;;ROUGE;False
1787670937.3693993;12.662523986000451;BLE Sniffer;Appareil BLE;2,4 GHz BLE;44:52:26:0a:24:5f;-89.0;;;;-89.0;1.258925411794166e-12;0.00019999999999999998;2.517850823588332e-16;6.428680473657743e-15;15;0x00;37;VERT;False
1787670937.455143;12.748080459999983;Simulation RF;Détection RF large bande;868 MHz;868 MHz;;2387;1.923436016450754;-32.937440658030155;-65.93744065803016;2.548331568127477e-10;0.1;2.548331568127477e-11;2.813136194606157e-09;;;;ORANGE;True
1787670937.4553;12.748080459999983;Simulation RF;Détection RF large bande;2,45 GHz;2,45 GHz;;2783;2.24306593077239;-45.7226372308956;-62.422637230895596;5.724483091300609e-10;0.1;5.724483091300609e-11;6.718004188608092e-09;;;;ORANGE;True
1787670937.4650009;12.758127406001222;Wi-Fi;Wi-Fi;2,4/5 GHz;wlan0;-39.0;;;;-39.0;1.2589254117941662e-07;0.1;1.2589254117941663e-08;7.961242447088858e-07;;;;ROUGE;False
1787670937.4711866;12.764311504000943;BLE Sniffer;iBeacon;2,4 GHz BLE;7c:5a:b6:04:10:35;-64.0;;;;-64.0;3.9810717055349694e-10;0.000368;1.4650343876368688e-13;5.740580184378119e-12;36;0x00;38;ORANGE;False
1787670937.4712453;12.764369078000527;BLE Sniffer;iBeacon;2,4 GHz BLE;7c:5a:b6:04:10:35;-67.0;;;;-67.0;1.9952623149688828e-10;0.000368;7.342565319085489e-14;5.814005837568974e-12;36;0x00;39;ORANGE;False
1787670937.4712853;12.764408947999982;BLE Sniffer;Appareil BLE;2,4 GHz BLE;37:10:9e:67:e9:d1;-91.0;;;;-91.0;7.943282347242822e-13;0.00034399999999999996;2.73248912745153e-16;2.73248912745153e-16;33;0x02;37;VERT;False
1787670937.5552192;12.848166120000315;Simulation RF;Détection RF large bande;868 MHz;868 MHz;;2400;1.934411120846222;-33.37644483384888;-66.37644483384888;2.3033265657137953e-10;0.1;2.3033265657137955e-11;2.836169460263295e-09;;;;ORANGE;True
1787670937.55537;12.848166120000315;Simulation RF;Détection RF large bande;2,45 GHz;2,45 GHz;;2747;2.2135099398839646;-44.540397595358584;-61.24039759535858;7.515540863065043e-10;0.1;7.515540863065044e-11;6.793159597238742e-09;;;;ORANGE;True
1787670937.5638628;12.856987376000689;Wi-Fi;Wi-Fi;2,4/5 GHz;wlan0;-39.0;;;;-39.0;1.2589254117941662e-07;0.1;1.2589254117941663e-08;8.087134988268275e-07;;;;ROUGE;False
1787670937.6559193;12.948336150000614;Simulation RF;Détection RF large bande;868 MHz;868 MHz;;2437;1.96414436102368;-34.565774440947195;-67.5657744409472;1.7515500671164382e-10;0.1;1.7515500671164382e-11;2.8536849609344595e-09;;;;ORANGE;True
1787670937.656421;12.948336150000614;Simulation RF;Détection RF large bande;2,45 GHz;2,45 GHz;;2762;2.2256972677795246;-45.02789071118099;-61.72789071118098;6.71755032835494e-10;0.1;6.71755032835494e-11;6.860335100522291e-09;;;;ORANGE;True
1787670937.6663296;12.959454711000944;Wi-Fi;Wi-Fi;2,4/5 GHz;wlan0;-39.0;;;;-39.0;1.2589254117941662e-07;0.1;1.2589254117941663e-08;8.213027529447692e-07;;;;ROUGE;False
1787670937.6753871;12.968513060000987;Simulation LoRa;LoRa;868 MHz;LoRa 868.100 MHz;-86.20447289031956;;;;-86.20447289031956;2.3963635823125995e-12;0.046335999999999995;1.110379029500366e-13;1.0573691942239219e-12;13;"SNR=6.00;SF=7;BW=125.0;CR=4/5;F=868.100;CRC=OK;PAYLOAD=54454d504f5f4c4f52415f3132";7;VERT;True
1787670937.6760108;12.969135618001019;BLE Sniffer;iBeacon;2,4 GHz BLE;7c:5a:b6:04:10:35;-65.0;;;;-65.0;3.1622776601683795e-10;0.000368;1.1637181789419636e-13;5.930377655463171e-12;36;0x00;38;ORANGE;False
1787670937.676067;12.969190785001047;BLE Sniffer;iBeacon;2,4 GHz BLE;7c:5a:b6:04:10:35;-66.0;;;;-66.0;2.511886431509582e-10;0.000368;9.243742067955262e-14;6.022815076142724e-12;36;0x00;39;ORANGE;False
1787670937.7555585;13.048488403001102;Simulation RF;Détection RF large bande;868 MHz;868 MHz;;2430;1.9580537885939358;-34.32215154375743;-67.32215154375743;1.8526135904017206e-10;0.1;1.8526135904017208e-11;2.8722110968384767e-09;;;;ORANGE;True
1787670937.7557137;13.048488403001102;Simulation RF;Détection RF large bande;2,45 GHz;2,45 GHz;;2775;2.2360010482467447;-45.44004192986978;-62.14004192986978;6.109361264663892e-10;0.1;6.109361264663892e-11;6.92142871316893e-09;;;;ORANGE;True
1787670937.7642298;13.057354935999683;Wi-Fi;Wi-Fi;2,4/5 GHz;wlan0;-40.0;;;;-40.0;1e-07;0.1;1e-08;8.313027529447692e-07;;;;ROUGE;False
1787670937.8556037;13.148565098999825;Simulation RF;Détection RF large bande;868 MHz;868 MHz;;2380;1.9180973413957378;-32.723893655829514;-65.72389365582951;2.6767673998903097e-10;0.1;2.6767673998903097e-11;2.8989787708373797e-09;;;;ORANGE;True
1787670937.8557506;13.148565098999825;Simulation RF;Détection RF large bande;2,45 GHz;2,45 GHz;;2694;2.171139998452172;-42.84559993808688;-59.54559993808687;1.1102991470718562e-09;0.1;1.1102991470718562e-10;7.032458627876116e-09;;;;ORANGE;True
1787670937.8799245;13.173051155999929;BLE Sniffer;Appareil BLE;2,4 GHz BLE;44:52:26:0a:24:5f;-86.0;;;;-86.0;2.5118864315095823e-12;0.00019999999999999998;5.023772863019164e-16;6.931057759959659e-15;15;0x00;37;VERT;False
1787670937.8856113;13.178736288000437;Wi-Fi;Wi-Fi;2,4/5 GHz;wlan0;-40.0;;;;-40.0;1e-07;0.1;1e-08;8.413027529447692e-07;;;;ROUGE;False
1787670937.9556985;13.248643740000261;Simulation RF;Détection RF large bande;868 MHz;868 MHz;;2404;1.9370730916177337;-33.48292366470935;-66.48292366470935;2.2475410547665837e-10;0.1;2.2475410547665837e-11;2.9214541813850454e-09;;;;ORANGE;True
1787670937.9558496;13.248643740000261;Simulation RF;Détection RF large bande;2,45 GHz;2,45 GHz;;2702;2.1772285706242838;-43.08914282497135;-59.78914282497135;1.0497495992212894e-09;0.1;1.0497495992212894e-10;7.137433587798245e-09;;;;ORANGE;True
1787670937.9642632;13.257387792000372;Wi-Fi;Wi-Fi;2,4/5 GHz;wlan0;-38.0;;;;-38.0;1.584893192461114e-07;0.1;1.5848931924611143e-08;8.571516848693804e-07;;;;ROUGE;False
1787670937.9825497;13.275674640000943;BLE Sniffer;Appareil BLE;2,4 GHz BLE;62:ae:f9:af:07:b9;-79.0;;;;-79.0;1.2589254117941662e-11;0.00028;3.524991153023665e-15;3.2485598812270403e-12;25;0x00;38;VERT;False
1787670937.9826224;13.275746381001227;BLE Sniffer;Appareil BLE;2,4 GHz BLE;62:ae:f9:af:07:b9;-74.0;;;;-74.0;3.9810717055349695e-11;0.00028;1.1147000775497913e-14;3.259706882002538e-12;25;0x00;39;VERT;False
1787670937.9836807;13.276805255;BLE Sniffer;iBeacon;2,4 GHz BLE;7c:5a:b6:04:10:35;-71.0;;;;-71.0;7.943282347242822e-11;0.000368;2.923127903785358e-14;6.052046355180577e-12;36;0x00;37;VERT;False
1787670938.0557785;13.348722415001248;Simulation RF;Détection RF large bande;868 MHz;868 MHz;;2418;1.9489402814244927;-33.9576112569797;-66.9576112569797;2.0148321600666933e-10;0.1;2.0148321600666934e-11;2.9416025029857124e-09;;;;ORANGE;True
1787670938.0559242;13.348722415001248;Simulation RF;Détection RF large bande;2,45 GHz;2,45 GHz;;2749;2.214989363103278;-44.59957452413113;-61.29957452413113;7.413828706072808e-10;0.1;7.413828706072809e-11;7.211571874858973e-09;;;;ORANGE;True
1787670938.067607;13.360731683000267;Wi-Fi;Wi-Fi;2,4/5 GHz;wlan0;-38.0;;;;-38.0;1.584893192461114e-07;0.1;1.5848931924611143e-08;8.730006167939916e-07;;;;ROUGE;False
1787670938.0850956;13.37822210000013;BLE Sniffer;iBeacon;2,4 GHz BLE;7c:5a:b6:04:10:35;-65.0;;;;-65.0;3.1622776601683795e-10;0.000368;1.1637181789419636e-13;6.168418173074774e-12;36;0x00;38;ORANGE;False
1787670938.08518;13.378304175001176;BLE Sniffer;iBeacon;2,4 GHz BLE;7c:5a:b6:04:10:35;-67.0;;;;-67.0;1.9952623149688828e-10;0.000368;7.342565319085489e-14;6.241843826265629e-12;36;0x00;39;ORANGE;False
1787670938.0862336;13.379358086000138;BLE Sniffer;Appareil BLE;2,4 GHz BLE;57:83:a4:76:f6:f9;-91.0;;;;-91.0;7.943282347242822e-13;0.00026399999999999997;2.0970265396721046e-16;2.0970265396721046e-16;23;0x00;37;VERT;False
1787670938.1559498;13.448890977000701;Simulation RF;Détection RF large bande;868 MHz;868 MHz;;2362;1.9036393730745964;-32.145574922983855;-65.14557492298385;3.0580353942078613e-10;0.1;3.058035394207861e-11;2.972182856927791e-09;;;;ORANGE;True
1787670938.1561015;13.448890977000701;Simulation RF;Détection RF large bande;2,45 GHz;2,45 GHz;;2776;2.237394276700288;-45.49577106801152;-62.195771068011524;6.031466127719774e-10;0.1;6.031466127719774e-11;7.271886536136171e-09;;;;ORANGE;True
1787670938.1645222;13.457647213999735;Wi-Fi;Wi-Fi;2,4/5 GHz;wlan0;-37.0;;;;-37.0;1.9952623149688787e-07;0.1;1.995262314968879e-08;8.929532399436804e-07;;;;ROUGE;False
1787670938.256027;13.548972261000017;Simulation RF;Détection RF large bande;868 MHz;868 MHz;;2397;1.931373044922615;-33.2549217969046;-66.2549217969046;2.3686877841909084e-10;0.1;2.3686877841909085e-11;2.9958697347697e-09;;;;ORANGE;True
1787670938.256172;13.548972261000017;Simulation RF;Détection RF large bande;2,45 GHz;2,45 GHz;;2699;2.1746937332885734;-42.98774933154293;-59.68774933154293;1.0745461360944845e-09;0.1;1.0745461360944845e-10;7.3793411497456195e-09;;;;ORANGE;True
1787670938.2647173;13.557842442000037;Wi-Fi;Wi-Fi;2,4/5 GHz;wlan0;-37.0;;;;-37.0;1.9952623149688787e-07;0.1;1.995262314968879e-08;9.129058630933693e-07;;;;ROUGE;False
1787670938.2896013;13.582727462000548;BLE Sniffer;iBeacon;2,4 GHz BLE;7c:5a:b6:04:10:35;-64.0;;;;-64.0;3.9810717055349694e-10;0.000368;1.4650343876368688e-13;6.388347265029316e-12;36;0x00;38;ORANGE;False
1787670938.2908127;13.583938059000502;BLE Sniffer;iBeacon;2,4 GHz BLE;7c:5a:b6:04:10:35;-66.0;;;;-66.0;2.511886431509582e-10;0.000368;9.243742067955262e-14;6.480784685708869e-12;36;0x00;39;ORANGE;False
1787670938.3561072;13.64905276600075;Simulation RF;Détection RF large bande;868 MHz;868 MHz;;2454;1.9773886823513795;-35.09554729405518;-68.09554729405518;1.5504053937699082e-10;0.1;1.5504053937699082e-11;3.0113737887073994e-09;;;;ORANGE;True
1787670938.3562512;13.64905276600075;Simulation RF;Détection RF large bande;2,45 GHz;2,45 GHz;;2681;2.1603992313878932;-42.41596925551573;-59.11596925551573;1.2257533093463235e-09;0.1;1.2257533093463237e-10;7.501916480680252e-09;;;;ORANGE;True
1787670938.3647137;13.657840244000909;Wi-Fi;Wi-Fi;2,4/5 GHz;wlan0;-37.0;;;;-37.0;1.9952623149688787e-07;0.1;1.995262314968879e-08;9.328584862430581e-07;;;;ROUGE;False
1787670938.392192;13.68531645800067;BLE Sniffer;Appareil BLE;2,4 GHz BLE;44:52:26:0a:24:df;-84.0;;;;-84.0;3.9810717055349695e-12;0.00019999999999999998;7.962143411069938e-16;7.962143411069938e-16;15;0x00;37;VERT;False
1787670938.4561832;13.749116439001227;Simulation RF;Détection RF large bande;868 MHz;868 MHz;;2447;1.9717061905960378;-34.86824762384151;-67.86824762384151;1.6337110165326838e-10;0.1;1.633711016532684e-11;3.027710898872726e-09;;;;ORANGE;True
1787670938.4564915;13.749116439001227;Simulation RF;Détection RF large bande;2,45 GHz;2,45 GHz;;2737;2.2054587847979445;-44.21835139191778;-60.91835139191778;8.094030951712278e-10;0.1;8.094030951712279e-11;7.582856790197375e-09;;;;ORANGE;True
1787670938.4649572;13.758081695001238;Wi-Fi;Wi-Fi;2,4/5 GHz;wlan0;-38.0;;;;-38.0;1.584893192461114e-07;0.1;1.5848931924611143e-08;9.487074181676693e-07;;;;ROUGE;False
1787670938.5562513;13.849197389001347;Simulation RF;Détection RF large bande;868 MHz;868 MHz;;2321;1.8700619207472213;-30.802476829888846;-63.802476829888846;4.166317059910183e-10;0.1;4.1663170599101833e-11;3.069374069471828e-09;;;;ORANGE;True
1787670938.5564122;13.849197389001347;Simulation RF;Détection RF large bande;2,45 GHz;2,45 GHz;;2807;2.2617313401534567;-46.46925360613827;-63.16925360613826;4.820306339968084e-10;0.1;4.820306339968084e-11;7.631059853597057e-09;;;;ORANGE;True
1787670938.56483;13.857954866;Wi-Fi;Wi-Fi;2,4/5 GHz;wlan0;-37.0;;;;-37.0;1.9952623149688787e-07;0.1;1.995262314968879e-08;9.68660041317358e-07;;;;ROUGE;False
1787670938.5960283;13.889153465001073;BLE Sniffer;iBeacon;2,4 GHz BLE;7c:5a:b6:04:10:35;-64.0;;;;-64.0;3.9810717055349694e-10;0.000368;1.4650343876368688e-13;6.627288124472556e-12;36;0x00;38;ORANGE;False
1787670938.5961013;13.8892252429996;BLE Sniffer;iBeacon;2,4 GHz BLE;7c:5a:b6:04:10:35;-66.0;;;;-66.0;2.511886431509582e-10;0.000368;9.243742067955262e-14;6.719725545152109e-12;36;0x00;39;ORANGE;False
1787670938.5974965;13.890622025999619;BLE Sniffer;Appareil BLE;2,4 GHz BLE;37:10:9e:67:69:d1;-91.0;;;;-91.0;7.943282347242822e-13;0.000376;2.9866741625633007e-16;1.1480233710909365e-15;37;0x02;37;VERT;False
1787670938.6563318;13.949280636001276;Simulation RF;Détection RF large bande;868 MHz;868 MHz;;2440;1.9666828311477855;-34.667313245911416;-67.66731324591142;1.711073539930631e-10;0.1;1.7110735399306313e-11;3.0864848048711344e-09;;;;ORANGE;True
1787670938.6564956;13.949280636001276;Simulation RF;Détection RF large bande;2,45 GHz;2,45 GHz;;2788;2.2466758550265395;-45.86703420106157;-62.56703420106157;5.537281213077678e-10;0.1;5.537281213077678e-11;7.686432665727833e-09;;;;ORANGE;True
1787670938.6649098;13.958034631999908;Wi-Fi;Wi-Fi;2,4/5 GHz;wlan0;-38.0;;;;-38.0;1.584893192461114e-07;0.1;1.5848931924611143e-08;9.84508973241969e-07;;;;ROUGE;False
1787670938.699082;13.992208871000912;BLE Sniffer;Appareil BLE;2,4 GHz BLE;6e:6f:4a:13:cb:60;-87.0;;;;-87.0;1.9952623149688827e-12;0.000176;3.5116616743452336e-16;3.5116616743452336e-16;12;0x03;38;VERT;False
1787670938.6992645;13.992388501001187;Simulation LoRa;LoRa;868 MHz;LoRa 868.100 MHz;-88.89602579842727;;;;-88.89602579842727;1.2894289603327194e-12;0.046335999999999995;5.974698030597688e-14;1.1171161745298987e-12;13;"SNR=8.17;SF=7;BW=125.0;CR=4/5;F=868.100;CRC=OK;PAYLOAD=54454d504f5f4c4f52415f3133";7;VERT;True
1787670938.756441;14.049361975001375;Simulation RF;Détection RF large bande;868 MHz;868 MHz;;2361;1.9022752772210187;-32.091011088840744;-65.09101108884074;3.0966982673611797e-10;0.1;3.09669826736118e-11;3.117451787544746e-09;;;;ORANGE;True
1787670938.7565947;14.049361975001375;Simulation RF;Détection RF large bande;2,45 GHz;2,45 GHz;;2758;2.2228944238809034;-44.915776955236126;-61.61577695523613;6.893222620043674e-10;0.1;6.893222620043674e-11;7.75536489192827e-09;;;;ORANGE;True
1787670938.7649536;14.058078433001356;Wi-Fi;Wi-Fi;2,4/5 GHz;wlan0;-38.0;;;;-38.0;1.584893192461114e-07;0.1;1.5848931924611143e-08;1.0003579051665801e-06;;;;ROUGE;False
1787670938.8018801;14.095005332001165;BLE Sniffer;Appareil BLE;2,4 GHz BLE;62:ae:f9:af:07:b9;-75.0;;;;-75.0;3.1622776601683794e-11;0.00028;8.854377448471461e-15;3.2685612594510097e-12;25;0x00;39;VERT;False
1787670938.8032012;14.096326707000117;BLE Sniffer;Appareil BLE;2,4 GHz BLE;44:52:26:0a:24:5f;-85.0;;;;-85.0;3.1622776601683794e-12;0.00019999999999999998;6.324555320336759e-16;7.563513291993335e-15;15;0x00;37;VERT;False
1787670938.856491;14.149440684001092;Simulation RF;Détection RF large bande;868 MHz;868 MHz;;2401;1.9351991813949352;-33.4079672557974;-66.4079672557974;2.2866688434944628e-10;0.1;2.2866688434944628e-11;3.140318475979691e-09;;;;ORANGE;True
1787670938.8566287;14.149440684001092;Simulation RF;Détection RF large bande;2,45 GHz;2,45 GHz;;2725;2.1956173942710535;-43.82469577084214;-60.524695770842136;8.86197300804573e-10;0.1;8.861973008045731e-11;7.843984622008727e-09;;;;ORANGE;True
1787670938.8650196;14.158144458000606;Wi-Fi;Wi-Fi;2,4/5 GHz;wlan0;-39.0;;;;-39.0;1.2589254117941662e-07;0.1;1.2589254117941663e-08;1.0129471592845217e-06;;;;ROUGE;False
1787670938.904618;14.19774421800139;BLE Sniffer;iBeacon;2,4 GHz BLE;7c:5a:b6:04:10:35;-64.0;;;;-64.0;3.9810717055349694e-10;0.000368;1.4650343876368688e-13;6.866228983915796e-12;36;0x00;38;ORANGE;False
1787670938.9047158;14.197839718000978;BLE Sniffer;iBeacon;2,4 GHz BLE;7c:5a:b6:04:10:35;-66.0;;;;-66.0;2.511886431509582e-10;0.000368;9.243742067955262e-14;6.958666404595349e-12;36;0x00;39;ORANGE;False
1787670938.906569;14.199695168999824;BLE Sniffer;Appareil BLE;2,4 GHz BLE;37:10:9e:67:69:d1;-89.0;;;;-89.0;1.258925411794166e-12;0.000376;4.733559548346064e-16;1.621379325925543e-15;37;0x02;37;VERT;False
1787670938.9565537;14.249492375000045;Simulation RF;Détection RF large bande;868 MHz;868 MHz;;2421;1.9507567376377442;-34.030269505509764;-67.03026950550976;1.98140406410426e-10;0.1;1.9814040641042602e-11;3.1601325166207335e-09;;;;ORANGE;True
1787670938.9567072;14.249492375000045;Simulation RF;Détection RF large bande;2,45 GHz;2,45 GHz;;2768;2.230601698630606;-45.224067945224235;-61.92406794522424;6.420860070752348e-10;0.1;6.420860070752349e-11;7.908193222716251e-09;;;;ORANGE;True
1787670938.9650505;14.258175445000234;Wi-Fi;Wi-Fi;2,4/5 GHz;wlan0;-39.0;;;;-39.0;1.2589254117941662e-07;0.1;1.2589254117941663e-08;1.0255364134024633e-06;;;;ROUGE;False
1787670939.0566063;14.349574063000546;Simulation RF;Détection RF large bande;868 MHz;868 MHz;;2403;1.93666286119978;-33.4665144479912;-66.4665144479912;2.2560491411800156e-10;0.1;2.2560491411800158e-11;3.182693008032534e-09;;;;ORANGE;True
1787670939.0567532;14.349574063000546;Simulation RF;Détection RF large bande;2,45 GHz;2,45 GHz;;2785;2.2446864046623296;-45.78745618649319;-62.48745618649319;5.639678946693212e-10;0.1;5.639678946693212e-11;7.964590012183183e-09;;;;ORANGE;True
1787670939.0650997;14.358224669000265;Wi-Fi;Wi-Fi;2,4/5 GHz;wlan0;-39.0;;;;-39.0;1.2589254117941662e-07;0.1;1.2589254117941663e-08;1.0381256675204049e-06;;;;ROUGE;False
1787670939.1133063;14.40643503300089;BLE Sniffer;iBeacon;2,4 GHz BLE;7c:5a:b6:04:10:35;-64.0;;;;-64.0;3.9810717055349694e-10;0.000368;1.4650343876368688e-13;7.105169843359036e-12;36;0x00;38;ORANGE;False
1787670939.156828;14.44966297100109;Simulation RF;Détection RF large bande;868 MHz;868 MHz;;2478;1.9972354908263512;-35.88941963305405;-68.88941963305405;1.291391836492271e-10;0.1;1.2913918364922712e-11;3.1956069263974564e-09;;;;ORANGE;True
1787670939.1570845;14.44966297100109;Simulation RF;Détection RF large bande;2,45 GHz;2,45 GHz;;2715;2.1882602577392727;-43.53041030957091;-60.230410309570914;9.4832886354616e-10;0.1;9.4832886354616e-11;8.0594228985378e-09;;;;ORANGE;True
1787670939.1659226;14.459047431000727;Wi-Fi;Wi-Fi;2,4/5 GHz;wlan0;-40.0;;;;-40.0;1e-07;0.1;1e-08;1.0481256675204048e-06;;;;ROUGE;False
1787670939.2144015;14.507528222000474;BLE Sniffer;iBeacon;2,4 GHz BLE;7c:5a:b6:04:10:35;-66.0;;;;-66.0;2.511886431509582e-10;0.000368;9.243742067955262e-14;7.197607264038589e-12;36;0x00;39;ORANGE;False
1787670939.2567856;14.549746212000173;Simulation RF;Détection RF large bande;868 MHz;868 MHz;;2419;1.9495744448827748;-33.98297779531099;-66.98297779531099;2.003098106721048e-10;0.1;2.003098106721048e-11;3.215637907464667e-09;;;;ORANGE;True
1787670939.2569373;14.549746212000173;Simulation RF;Détection RF large bande;2,45 GHz;2,45 GHz;;2761;2.225228308630807;-45.00913234523229;-61.70913234523229;6.746628016704829e-10;0.1;6.746628016704828e-11;8.126889178704849e-09;;;;ORANGE;True
1787670939.26536;14.558485281000685;Wi-Fi;Wi-Fi;2,4/5 GHz;wlan0;-40.0;;;;-40.0;1e-07;0.1;1e-08;1.0581256675204047e-06;;;;ROUGE;False
1787670939.3183992;14.611524273999748;BLE Sniffer;Appareil BLE;2,4 GHz BLE;62:ae:f9:af:07:b9;-68.0;;;;-68.0;1.584893192461111e-10;0.00028;4.43770093889111e-14;3.312938268839921e-12;25;0x00;37;ORANGE;False
1787670939.3568747;14.649830952999764;Simulation RF;Détection RF large bande;868 MHz;868 MHz;;2496;2.011130379359131;-36.44521517436523;-69.44521517436523;1.1362619993440369e-10;0.1;1.136261999344037e-11;3.2270005274581073e-09;;;;ORANGE;True
1787670939.357023;14.649830952999764;Simulation RF;Détection RF large bande;2,45 GHz;2,45 GHz;;2795;2.25215021200074;-46.08600848002959;-62.786008480029594;5.265009413307141e-10;0.1;5.265009413307142e-11;8.17953927283792e-09;;;;ORANGE;True
1787670939.365466;14.658591299999898;Wi-Fi;Wi-Fi;2,4/5 GHz;wlan0;-40.0;;;;-40.0;1e-07;0.1;1e-08;1.0681256675204046e-06;;;;ROUGE;False
1787670939.420572;14.713697708000836;BLE Sniffer;iBeacon;2,4 GHz BLE;7c:5a:b6:04:10:35;-64.0;;;;-64.0;3.9810717055349694e-10;0.000368;1.4650343876368688e-13;7.344110702802275e-12;36;0x00;38;ORANGE;False
1787670939.4206457;14.713769597001374;BLE Sniffer;iBeacon;2,4 GHz BLE;7c:5a:b6:04:10:35;-66.0;;;;-66.0;2.511886431509582e-10;0.000368;9.243742067955262e-14;7.436548123481827e-12;36;0x00;39;ORANGE;False
1787670939.4569662;14.749914879001153;Simulation RF;Détection RF large bande;868 MHz;868 MHz;;2449;1.973585453096134;-34.94341812384536;-67.94341812384536;1.6056770041032776e-10;0.1;1.6056770041032776e-11;3.24305729749914e-09;;;;ORANGE;True
1787670939.4571183;14.749914879001153;Simulation RF;Détection RF large bande;2,45 GHz;2,45 GHz;;2726;2.197028673078359;-43.88114692313435;-60.58114692313435;8.747527323116877e-10;0.1;8.747527323116878e-11;8.267014546069088e-09;;;;ORANGE;True
1787670939.4655807;14.758706004000487;Wi-Fi;Wi-Fi;2,4/5 GHz;wlan0;-40.0;;;;-40.0;1e-07;0.1;1e-08;1.0781256675204045e-06;;;;ROUGE;False
1787670939.5244682;14.817594018000818;BLE Sniffer;Appareil BLE;2,4 GHz BLE;37:10:9e:67:69:d1;-89.0;;;;-89.0;1.258925411794166e-12;0.000376;4.733559548346064e-16;2.0947352807601494e-15;37;0x02;37;VERT;False
1787670939.5570579;14.84999562000121;Simulation RF;Détection RF large bande;868 MHz;868 MHz;;2421;1.9512593720516938;-34.05037488206774;-67.05037488206774;1.9722524843543666e-10;0.1;1.9722524843543667e-11;3.2627798223426837e-09;;;;ORANGE;True
1787670939.5572107;14.84999562000121;Simulation RF;Détection RF large bande;2,45 GHz;2,45 GHz;;2724;2.1949805188103597;-43.799220752414385;-60.49922075241439;8.914108681999463e-10;0.1;8.914108681999463e-11;8.356155632889082e-09;;;;ORANGE;True
1787670939.5655923;14.858717410999816;Wi-Fi;Wi-Fi;2,4/5 GHz;wlan0;-40.0;;;;-40.0;1e-07;0.1;1e-08;1.0881256675204044e-06;;;;ROUGE;False
1787670939.6278207;14.920945826999741;Simulation LoRa;LoRa;868 MHz;LoRa 868.100 MHz;-89.35374092467448;;;;-89.35374092467448;1.1604485962958097e-12;0.046335999999999995;5.377054615796263e-14;1.1708867206878612e-12;13;"SNR=9.86;SF=7;BW=125.0;CR=4/5;F=868.100;CRC=OK;PAYLOAD=54454d504f5f4c4f52415f3134";7;VERT;True
1787670939.6571383;14.950078379000843;Simulation RF;Détection RF large bande;868 MHz;868 MHz;;2385;1.9215930699149855;-32.86372279659942;-65.86372279659942;2.5919565698851937e-10;0.1;2.591956569885194e-11;3.2886993880415357e-09;;;;ORANGE;True
1787670939.6572914;14.950078379000843;Simulation RF;Détection RF large bande;2,45 GHz;2,45 GHz;;2731;2.200809790713571;-44.03239162854284;-60.73239162854284;8.448134843139652e-10;0.1;8.448134843139652e-11;8.44063698132048e-09;;;;ORANGE;True
1787670939.6665227;14.959647192001285;Wi-Fi;Wi-Fi;2,4/5 GHz;wlan0;-40.0;;;;-40.0;1e-07;0.1;1e-08;1.0981256675204043e-06;;;;ROUGE;False
1787670939.7297933;15.022918612001376;BLE Sniffer;iBeacon;2,4 GHz BLE;7c:5a:b6:04:10:35;-64.0;;;;-64.0;3.9810717055349694e-10;0.000368;1.4650343876368688e-13;7.583051562245514e-12;36;0x00;38;ORANGE;False
1787670939.7302697;15.023394317000566;BLE Sniffer;iBeacon;2,4 GHz BLE;7c:5a:b6:04:10:35;-66.0;;;;-66.0;2.511886431509582e-10;0.000368;9.243742067955262e-14;7.675488982925066e-12;36;0x00;39;ORANGE;False
1787670939.730324;15.023447854000551;BLE Sniffer;Appareil BLE;2,4 GHz BLE;37:10:9e:67:49:d1;-89.0;;;;-89.0;1.258925411794166e-12;0.000376;4.733559548346064e-16;4.733559548346064e-16;37;0x02;37;VERT;False
1787670939.7572098;15.05016347200035;Simulation RF;Détection RF large bande;868 MHz;868 MHz;;2396;1.931103955704642;-33.24415822818568;-66.24415822818568;2.374565628609149e-10;0.1;2.374565628609149e-11;3.3124450443276273e-09;;;;ORANGE;True
1787670939.7573647;15.05016347200035;Simulation RF;Détection RF large bande;2,45 GHz;2,45 GHz;;2770;2.2319780219449035;-45.27912087779613;-61.97912087779613;6.339980355541982e-10;0.1;6.339980355541982e-11;8.504036784875899e-09;;;;ORANGE;True
1787670939.7657046;15.058829374000197;Wi-Fi;Wi-Fi;2,4/5 GHz;wlan0;-40.0;;;;-40.0;1e-07;0.1;1e-08;1.1081256675204042e-06;;;;ROUGE;False
1787670939.8332846;15.126410550999935;BLE Sniffer;Appareil BLE;2,4 GHz BLE;44:52:26:0a:24:5f;-89.0;;;;-89.0;1.258925411794166e-12;0.00019999999999999998;2.517850823588332e-16;7.815298374352169e-15;15;0x00;38;VERT;False
1787670939.857261;15.150244620001104;Simulation RF;Détection RF large bande;868 MHz;868 MHz;;2403;1.936304523021045;-33.4521809208418;-66.4521809208418;2.2635073440215874e-10;0.1;2.2635073440215875e-11;3.3350801177678433e-09;;;;ORANGE;True
1787670939.857401;15.150244620001104;Simulation RF;Détection RF large bande;2,45 GHz;2,45 GHz;;2737;2.2054417354838103;-44.217669419352404;-60.9176694193524;8.095302057079869e-10;0.1;8.09530205707987e-11;8.584989805446697e-09;;;;ORANGE;True
1787670939.8658094;15.158934338000108;Wi-Fi;Wi-Fi;2,4/5 GHz;wlan0;-40.0;;;;-40.0;1e-07;0.1;1e-08;1.118125667520404e-06;;;;ROUGE;False
1787670939.957398;15.250328157000695;Simulation RF;Détection RF large bande;868 MHz;868 MHz;;2448;1.9727358439110565;-34.909433756442255;-67.90943375644225;1.6182910205516616e-10;0.1;1.6182910205516615e-11;3.35126302797336e-09;;;;ORANGE;True
1787670939.9575572;15.250328157000695;Simulation RF;Détection RF large bande;2,45 GHz;2,45 GHz;;2817;2.269915184442337;-46.796607377693476;-63.49660737769347;4.470326688368176e-10;0.1;4.470326688368176e-11;8.629693072330378e-09;;;;ORANGE;True
1787670939.9660025;15.25912748600058;Wi-Fi;Wi-Fi;2,4/5 GHz;wlan0;-40.0;;;;-40.0;1e-07;0.1;1e-08;1.128125667520404e-06;;;;ROUGE;False
1787670940.0402708;15.333395982001093;BLE Sniffer;iBeacon;2,4 GHz BLE;7c:5a:b6:04:10:35;-66.0;;;;-66.0;2.511886431509582e-10;0.000368;9.243742067955262e-14;7.767926403604618e-12;36;0x00;39;ORANGE;False
1787670940.0574017;15.350401413999862;Simulation RF;Détection RF large bande;868 MHz;868 MHz;;2430;1.9579653246739346;-34.318612986957376;-67.31861298695738;1.8541236832311888e-10;0.1;1.854123683231189e-11;3.3698042648056717e-09;;;;ORANGE;True
1787670940.0575378;15.350401413999862;Simulation RF;Détection RF large bande;2,45 GHz;2,45 GHz;;2768;2.2304285063477973;-45.21714025391189;-61.917140253911896;6.431110542493826e-10;0.1;6.431110542493826e-11;8.694004177755316e-09;;;;ORANGE;True
1787670940.0660145;15.35913922400141;Wi-Fi;Wi-Fi;2,4/5 GHz;wlan0;-40.0;;;;-40.0;1e-07;0.1;1e-08;1.138125667520404e-06;;;;ROUGE;False
1787670940.1466093;15.439737036000224;BLE Sniffer;Appareil BLE;2,4 GHz BLE;44:52:26:0a:24:5f;-85.0;;;;-85.0;3.1622776601683794e-12;0.00019999999999999998;6.324555320336759e-16;8.447753906385845e-15;15;0x00;37;VERT;False
1787670940.1575446;15.450485020000997;Simulation RF;Détection RF large bande;868 MHz;868 MHz;;2452;1.975932453722135;-35.0372981488854;-68.0372981488854;1.5713400690110965e-10;0.1;1.5713400690110967e-11;3.3855176654957826e-09;;;;ORANGE;True
1787670940.1576998;15.450485020000997;Simulation RF;Détection RF large bande;2,45 GHz;2,45 GHz;;2797;2.2535955853437337;-46.143823413749345;-62.84382341374934;5.195384072661762e-10;0.1;5.195384072661763e-11;8.745958018481934e-09;;;;ORANGE;True
1787670940.1630187;15.456144040001163;Wi-Fi;Wi-Fi;2,4/5 GHz;wlan0;-39.0;;;;-39.0;1.2589254117941662e-07;0.1;1.2589254117941663e-08;1.1507149216383455e-06;;;;ROUGE;False
1787670940.249489;15.542614781999873;BLE Sniffer;iBeacon;2,4 GHz BLE;7c:5a:b6:04:10:35;-64.0;;;;-64.0;3.9810717055349694e-10;0.000368;1.4650343876368688e-13;7.914429842368305e-12;36;0x00;38;ORANGE;False
1787670940.2576733;15.550579181001012;Simulation RF;Détection RF large bande;868 MHz;868 MHz;;2490;2.0069545747443516;-36.27818298977405;-69.27818298977405;1.1808145639559945e-10;0.1;1.1808145639559945e-11;3.3973258111353427e-09;;;;ORANGE;True
1787670940.257907;15.550579181001012;Simulation RF;Détection RF large bande;2,45 GHz;2,45 GHz;;2787;2.2461564977110706;-45.84625990844282;-62.54625990844282;5.563832014948785e-10;0.1;5.5638320149487855e-11;8.801596338631421e-09;;;;ORANGE;True
1787670940.2677977;15.560923070999706;Wi-Fi;Wi-Fi;2,4/5 GHz;wlan0;-40.0;;;;-40.0;1e-07;0.1;1e-08;1.1607149216383454e-06;;;;ROUGE;False
1787670940.3519826;15.64510861800045;BLE Sniffer;iBeacon;2,4 GHz BLE;7c:5a:b6:04:10:35;-66.0;;;;-66.0;2.511886431509582e-10;0.000368;9.243742067955262e-14;8.006867263047858e-12;36;0x00;39;ORANGE;False
1787670940.3528428;15.645968603001165;BLE Sniffer;Appareil BLE;2,4 GHz BLE;d3:23:2f:4d:3e:b1;-89.0;;;;-89.0;1.258925411794166e-12;0.000376;4.733559548346064e-16;2.984181610572845e-14;37;0x00;37;VERT;False
1787670940.3529427;15.646066917999633;BLE Sniffer;Appareil Apple BLE;2,4 GHz BLE;d3:23:2f:4d:3e:b1;-73.0;;;;-73.0;5.011872336272715e-11;0.000376;1.8844639984385406e-14;4.868645609011385e-14;37;0x00;38;VERT;False
1787670940.3557918;15.648918206001326;BLE Sniffer;Appareil BLE;2,4 GHz BLE;d3:23:2f:4d:3e:b1;-82.0;;;;-82.0;6.309573444801943e-12;0.000376;2.3723996152455303e-15;5.105885570535938e-14;37;0x00;39;VERT;False
1787670940.3578215;15.650663287000498;Simulation RF;Détection RF large bande;868 MHz;868 MHz;;2410;1.9418384862594504;-33.673539450378016;-66.67353945037802;2.1510279569731277e-10;0.1;2.151027956973128e-11;3.4188360907050738e-09;;;;ORANGE;True
1787670940.3581932;15.650663287000498;Simulation RF;Détection RF large bande;2,45 GHz;2,45 GHz;;2768;2.230506771128854;-45.22027084515416;-61.92027084515416;6.426476377319934e-10;0.1;6.426476377319934e-11;8.865861102404621e-09;;;;ORANGE;True
1787670940.3688192;15.66194390199962;Wi-Fi;Wi-Fi;2,4/5 GHz;wlan0;-40.0;;;;-40.0;1e-07;0.1;1e-08;1.1707149216383453e-06;;;;ROUGE;False
1787670940.4585974;15.751722433000396;BLE Sniffer;Appareil BLE;2,4 GHz BLE;17:10:5e:67:69:d1;-91.0;;;;-91.0;7.943282347242822e-13;0.000376;2.9866741625633007e-16;2.9866741625633007e-16;37;0x02;37;VERT;False
1787670940.4593544;15.750751411000238;Simulation RF;Détection RF large bande;868 MHz;868 MHz;;2407;1.9398459911569734;-33.59383964627894;-66.59383964627894;2.1908671086387607e-10;0.1;2.190867108638761e-11;3.4407447617914614e-09;;;;ORANGE;True
1787670940.4594817;15.750751411000238;Simulation RF;Détection RF large bande;2,45 GHz;2,45 GHz;;2779;2.239368094842697;-45.574723793707875;-62.27472379370788;5.922807540526153e-10;0.1;5.922807540526153e-11;8.925089177809882e-09;;;;ORANGE;True
1787670940.466845;15.759969685001124;Wi-Fi;Wi-Fi;2,4/5 GHz;wlan0;-40.0;;;;-40.0;1e-07;0.1;1e-08;1.1807149216383452e-06;;;;ROUGE;False
1787670940.5578856;15.850828869000907;Simulation RF;Détection RF large bande;868 MHz;868 MHz;;2437;1.9638153056525711;-34.55261222610284;-67.55261222610284;1.7568665631841056e-10;0.1;1.7568665631841057e-11;3.4583134274233026e-09;;;;ORANGE;True
1787670940.5580406;15.850828869000907;Simulation RF;Détection RF large bande;2,45 GHz;2,45 GHz;;2755;2.2200937710517232;-44.80375084206892;-61.50375084206892;7.073346215468128e-10;0.1;7.07334621546813e-11;8.995822639964563e-09;;;;ORANGE;True
1787670940.562776;15.855901738999819;BLE Sniffer;iBeacon;2,4 GHz BLE;7c:5a:b6:04:10:35;-64.0;;;;-64.0;3.9810717055349694e-10;0.000368;1.4650343876368688e-13;8.153370701811545e-12;36;0x00;38;ORANGE;False
1787670940.5628877;15.856011572999705;BLE Sniffer;iBeacon;2,4 GHz BLE;7c:5a:b6:04:10:35;-65.0;;;;-65.0;3.1622776601683795e-10;0.000368;1.1637181789419636e-13;8.26974251970574e-12;36;0x00;39;ORANGE;False
1787670940.5691109;15.862235354999939;Wi-Fi;Wi-Fi;2,4/5 GHz;wlan0;-40.0;;;;-40.0;1e-07;0.1;1e-08;1.1907149216383451e-06;;;;ROUGE;False
1787670940.6579623;15.950907734000793;Simulation RF;Détection RF large bande;868 MHz;868 MHz;;2477;1.9964046799529127;-35.8561871981165;-68.8561871981165;1.3013115372190917e-10;0.1;1.3013115372190917e-11;3.4713265427954934e-09;;;;ORANGE;True
1787670940.6581073;15.950907734000793;Simulation RF;Détection RF large bande;2,45 GHz;2,45 GHz;;2794;2.2513429563926115;-46.05371825570445;-62.753718255704456;5.304301167131592e-10;0.1;5.304301167131592e-11;9.048865651635879e-09;;;;ORANGE;True
1787670940.6659713;15.959096171000056;Wi-Fi;Wi-Fi;2,4/5 GHz;wlan0;-40.0;;;;-40.0;1e-07;0.1;1e-08;1.200714921638345e-06;;;;ROUGE;False
1787670940.6674895;15.96061515800102;BLE Sniffer;Appareil BLE;2,4 GHz BLE;7f:d4:bf:26:65:b2;-88.0;;;;-88.0;1.584893192461111e-12;0.00026399999999999997;4.1841180280973327e-16;6.824118028097333e-16;23;0x00;37;VERT;False
1787670940.6675982;15.960722362000524;Simulation LoRa;LoRa;868 MHz;LoRa 868.100 MHz;-86.08502031703117;;;;-86.08502031703117;2.463190314986869e-12;0.046335999999999995;1.1413438643523155e-13;1.2850211071230927e-12;13;"SNR=7.46;SF=7;BW=125.0;CR=4/5;F=868.100;CRC=OK;PAYLOAD=54454d504f5f4c4f52415f3135";7;VERT;True
1787670940.6676412;15.960764991999895;BLE Sniffer;Appareil BLE;2,4 GHz BLE;37:10:9e:67:69:d1;-93.0;;;;-93.0;5.011872336272715e-13;0.000376;1.8844639984385405e-16;2.2831816806040034e-15;37;0x02;38;VERT;False
1787670940.758135;16.051006413001232;Simulation RF;Détection RF large bande;868 MHz;868 MHz;;2410;1.9419650526629733;-33.67860210651892;-66.67860210651892;2.148521922353559e-10;0.1;2.148521922353559e-11;3.4928117620190292e-09;;;;ORANGE;True
1787670940.7583468;16.051006413001232;Simulation RF;Détection RF large bande;2,45 GHz;2,45 GHz;;2743;2.210688132271197;-44.42752529084787;-61.12752529084787;7.713428726479936e-10;0.1;7.713428726479937e-11;9.125999938900678e-09;;;;ORANGE;True
1787670940.7679346;16.06105996900078;Wi-Fi;Wi-Fi;2,4/5 GHz;wlan0;-40.0;;;;-40.0;1e-07;0.1;1e-08;1.210714921638345e-06;;;;ROUGE;False
1787670940.858142;16.15108111200061;Simulation RF;Détection RF large bande;868 MHz;868 MHz;;2503;2.017236217450324;-36.68944869801295;-69.68944869801295;1.0741257553306352e-10;0.1;1.0741257553306353e-11;3.5035530195723354e-09;;;;ORANGE;True
1787670940.858284;16.15108111200061;Simulation RF;Détection RF large bande;2,45 GHz;2,45 GHz;;2729;2.199037119459008;-43.961484778360315;-60.66148477836032;8.587198897095513e-10;0.1;8.587198897095513e-11;9.211871927871633e-09;;;;ORANGE;True
1787670940.8666399;16.15976456899989;Wi-Fi;Wi-Fi;2,4/5 GHz;wlan0;-40.0;;;;-40.0;1e-07;0.1;1e-08;1.2207149216383448e-06;;;;ROUGE;False
1787670940.872445;16.165569516000687;BLE Sniffer;iBeacon;2,4 GHz BLE;7c:5a:b6:04:10:35;-66.0;;;;-66.0;2.511886431509582e-10;0.000368;9.243742067955262e-14;8.362179940385293e-12;36;0x00;39;ORANGE;False
1787670940.8724992;16.165623034999953;BLE Sniffer;Appareil BLE;2,4 GHz BLE;33:00:9e:57:69:d1;-91.0;;;;-91.0;7.943282347242822e-13;0.000376;2.9866741625633007e-16;2.9866741625633007e-16;37;0x02;37;VERT;False
1787670940.9640753;16.25123808799981;Simulation RF;Détection RF large bande;868 MHz;868 MHz;;2504;2.0176070589556168;-36.70428235822466;-69.70428235822466;1.0704632549914172e-10;0.1;1.0704632549914173e-11;3.5142576521222496e-09;;;;ORANGE;True
1787670940.9752362;16.268361984000876;BLE Sniffer;Appareil BLE;2,4 GHz BLE;62:ae:f9:af:07:b9;-79.0;;;;-79.0;1.2589254117941662e-11;0.00028;3.524991153023665e-15;3.3164632599929445e-12;25;0x00;38;VERT;False
1787670940.9753156;16.268439429000864;BLE Sniffer;Appareil BLE;2,4 GHz BLE;62:ae:f9:af:07:b9;-74.0;;;;-74.0;3.9810717055349695e-11;0.00028;1.1147000775497913e-14;3.3276102607684423e-12;25;0x00;39;VERT;False
1787670940.974868;16.25123808799981;Simulation RF;Détection RF large bande;2,45 GHz;2,45 GHz;;2821;2.2734444127898903;-46.9377765115956;-63.6377765115956;4.327353249179976e-10;0.1;4.327353249179976e-11;9.255145460363433e-09;;;;ORANGE;True
1787670940.9881346;16.281259364001016;Wi-Fi;Wi-Fi;2,4/5 GHz;wlan0;-40.0;;;;-40.0;1e-07;0.1;1e-08;1.2307149216383447e-06;;;;ROUGE;False
1787670941.0584483;16.35138171000108;Simulation RF;Détection RF large bande;868 MHz;868 MHz;;2580;2.0793227553034543;-39.17291021213816;-72.17291021213816;6.063298910940248e-11;0.1;6.063298910940249e-12;3.52032095103319e-09;;;;VERT;True
1787670941.0586078;16.35138171000108;Simulation RF;Détection RF large bande;2,45 GHz;2,45 GHz;;2729;2.199295762742811;-43.97183050971243;-60.671830509712436;8.566766880913941e-10;0.1;8.566766880913941e-11;9.340813129172573e-09;;;;ORANGE;True
1787670941.0669286;16.360053907001202;Wi-Fi;Wi-Fi;2,4/5 GHz;wlan0;-40.0;;;;-40.0;1e-07;0.1;1e-08;1.2407149216383446e-06;;;;ROUGE;False
1787670941.0803862;16.373511789000986;BLE Sniffer;Appareil BLE;2,4 GHz BLE;37:10:9e:07:69:11;-94.0;;;;-94.0;3.981071705534969e-13;0.000376;1.4968829612811484e-16;1.4968829612811484e-16;37;0x02;37;VERT;False
1787670941.158518;16.451462865001304;Simulation RF;Détection RF large bande;868 MHz;868 MHz;;2567;2.068857250958021;-38.75429003832083;-71.75429003832083;6.676840415035392e-11;0.1;6.676840415035392e-12;3.526997791448225e-09;;;;VERT;True
1787670941.1586552;16.451462865001304;Simulation RF;Détection RF large bande;2,45 GHz;2,45 GHz;;2758;2.222803103517606;-44.912124140704236;-61.61212414070423;6.899022890822935e-10;0.1;6.899022890822935e-11;9.409803358080802e-09;;;;ORANGE;True
1787670941.1716774;16.464801912999974;Wi-Fi;Wi-Fi;2,4/5 GHz;wlan0;-39.0;;;;-39.0;1.2589254117941662e-07;0.1;1.2589254117941663e-08;1.2533041757562862e-06;;;;ROUGE;False
1787670941.1832674;16.47639277000053;BLE Sniffer;iBeacon;2,4 GHz BLE;7c:5a:b6:04:10:35;-64.0;;;;-64.0;3.9810717055349694e-10;0.000368;1.4650343876368688e-13;8.50868337914898e-12;36;0x00;38;ORANGE;False
1787670941.18338;16.476503937001326;BLE Sniffer;iBeacon;2,4 GHz BLE;7c:5a:b6:04:10:35;-66.0;;;;-66.0;2.511886431509582e-10;0.000368;9.243742067955262e-14;8.601120799828532e-12;36;0x00;39;ORANGE;False
1787670941.1834285;16.47655230700002;BLE Sniffer;Appareil BLE;2,4 GHz BLE;44:52:26:0a:24:5f;-85.0;;;;-85.0;3.1622776601683794e-12;0.00019999999999999998;6.324555320336759e-16;9.080209438419521e-15;15;0x00;37;VERT;False
1787670941.2586079;16.551551464999648;Simulation RF;Détection RF large bande;868 MHz;868 MHz;;2509;2.0222401650645376;-36.889606602581495;-69.8896066025815;1.0257448371936545e-10;0.1;1.0257448371936546e-11;3.5372552398201616e-09;;;;ORANGE;True
1787670941.2587452;16.551551464999648;Simulation RF;Détection RF large bande;2,45 GHz;2,45 GHz;;2790;2.2479800625260453;-45.91920250104181;-62.619202501041805;5.471164211625354e-10;0.1;5.471164211625354e-11;9.464515000197056e-09;;;;ORANGE;True
1787670941.2671056;16.560230404000322;Wi-Fi;Wi-Fi;2,4/5 GHz;wlan0;-39.0;;;;-39.0;1.2589254117941662e-07;0.1;1.2589254117941663e-08;1.2658934298742278e-06;;;;ROUGE;False
1787670941.2894957;16.582621429000937;BLE Sniffer;Appareil BLE;2,4 GHz BLE;62:ae:f9:af:07:b9;-75.0;;;;-75.0;3.1622776601683794e-11;0.00028;8.854377448471461e-15;3.336464638216914e-12;25;0x00;38;VERT;False
1787670941.289565;16.58268889200008;BLE Sniffer;Appareil BLE;2,4 GHz BLE;62:ae:f9:af:07:b9;-79.0;;;;-79.0;1.2589254117941662e-11;0.00028;3.524991153023665e-15;3.3399896293699374e-12;25;0x00;39;VERT;False
1787670941.2896066;16.582730465999703;BLE Sniffer;Appareil BLE;2,4 GHz BLE;37:10:9a:67:69:d1;-93.0;;;;-93.0;5.011872336272715e-13;0.000376;1.8844639984385405e-16;1.8844639984385405e-16;37;0x02;37;VERT;False
1787670941.3586853;16.651625231999788;Simulation RF;Détection RF large bande;868 MHz;868 MHz;;2528;2.037288669055029;-37.49154676220115;-70.49154676220115;8.929873850265968e-11;0.1;8.92987385026597e-12;3.5461851136704275e-09;;;;VERT;True
1787670941.3588297;16.651625231999788;Simulation RF;Détection RF large bande;2,45 GHz;2,45 GHz;;2777;2.2375523967832742;-45.502095871330965;-62.20209587133097;6.022688656683945e-10;0.1;6.022688656683945e-11;9.524741886763896e-09;;;;ORANGE;True
1787670941.3669596;16.66008537400012;Wi-Fi;Wi-Fi;2,4/5 GHz;wlan0;-39.0;;;;-39.0;1.2589254117941662e-07;0.1;1.2589254117941663e-08;1.2784826839921694e-06;;;;ROUGE;False
1787670941.3950953;16.68822086399996;BLE Sniffer;iBeacon;2,4 GHz BLE;7c:5a:b6:04:10:35;-65.0;;;;-65.0;3.1622776601683795e-10;0.000368;1.1637181789419636e-13;8.717492617722728e-12;36;0x00;38;ORANGE;False
1787670941.3951733;16.688297234000856;BLE Sniffer;iBeacon;2,4 GHz BLE;7c:5a:b6:04:10:35;-66.0;;;;-66.0;2.511886431509582e-10;0.000368;9.243742067955262e-14;8.80993003840228e-12;36;0x00;39;ORANGE;False
1787670941.4587572;16.751703257999907;Simulation RF;Détection RF large bande;868 MHz;868 MHz;;2483;2.000928538239675;-36.037141529587004;-69.037141529587;1.2482047962748762e-10;0.1;1.2482047962748763e-11;3.558667161633176e-09;;;;ORANGE;True
1787670941.4589007;16.751703257999907;Simulation RF;Détection RF large bande;2,45 GHz;2,45 GHz;;2789;2.247619889120087;-45.90479556480348;-62.60479556480348;5.489343949566861e-10;0.1;5.4893439495668607e-11;9.579635326259565e-09;;;;ORANGE;True
1787670941.466858;16.75998306600013;Wi-Fi;Wi-Fi;2,4/5 GHz;wlan0;-39.0;;;;-39.0;1.2589254117941662e-07;0.1;1.2589254117941663e-08;1.291071938110111e-06;;;;ROUGE;False
1787670941.4965346;16.789660338999965;BLE Sniffer;Appareil BLE;2,4 GHz BLE;62:ae:f9:af:07:b9;-70.0;;;;-70.0;1e-10;0.00028;2.7999999999999997e-14;3.3679896293699373e-12;25;0x00;37;ORANGE;False
1787670941.4982066;16.791331586000524;BLE Sniffer;Appareil BLE;2,4 GHz BLE;62:ae:f9:af:07:b9;-73.0;;;;-73.0;5.011872336272715e-11;0.00028;1.40332425415636e-14;3.382022871911501e-12;25;0x00;38;VERT;False
1787670941.5588386;16.851786451001317;Simulation RF;Détection RF large bande;868 MHz;868 MHz;;2430;1.9582849275795207;-34.33139710318082;-67.33139710318082;1.848673814380411e-10;0.1;1.8486738143804112e-11;3.5771538997769803e-09;;;;ORANGE;True
1787670941.5589776;16.851786451001317;Simulation RF;Détection RF large bande;2,45 GHz;2,45 GHz;;2776;2.2367436445149416;-45.46974578059766;-62.16974578059766;6.067718466553884e-10;0.1;6.067718466553884e-11;9.640312510925103e-09;;;;ORANGE;True
1787670941.5668683;16.859993072999714;Wi-Fi;Wi-Fi;2,4/5 GHz;wlan0;-39.0;;;;-39.0;1.2589254117941662e-07;0.1;1.2589254117941663e-08;1.3036611922280526e-06;;;;ROUGE;False
1787670941.599801;16.892929932000698;BLE Sniffer;Appareil BLE;2,4 GHz BLE;62:ae:f9:af:07:b9;-88.0;;;;-88.0;1.584893192461111e-12;0.00028;4.4377009388911103e-16;3.38246664200539e-12;25;0x00;39;VERT;False
1787670941.5999365;16.893060321999656;BLE Sniffer;Appareil Apple BLE;2,4 GHz BLE;57:83:a4:76:f6:f9;-93.0;;;;-93.0;5.011872336272715e-13;0.00026399999999999997;1.3231342967759965e-16;3.4201608364481013e-16;23;0x00;37;VERT;False
1787670941.658919;16.951871051000126;Simulation RF;Détection RF large bande;868 MHz;868 MHz;;2502;2.0164650221738043;-36.65860088695217;-69.65860088695217;1.0817823996805286e-10;0.1;1.0817823996805287e-11;3.5879717237737855e-09;;;;ORANGE;True
1787670941.65907;16.951871051000126;Simulation RF;Détection RF large bande;2,45 GHz;2,45 GHz;;2740;2.207696615599501;-44.30786462398004;-61.00786462398004;7.92891090082535e-10;0.1;7.92891090082535e-11;9.719601619933356e-09;;;;ORANGE;True
1787670941.667008;16.96013271100128;Wi-Fi;Wi-Fi;2,4/5 GHz;wlan0;-39.0;;;;-39.0;1.2589254117941662e-07;0.1;1.2589254117941663e-08;1.3162504463459941e-06;;;;ROUGE;False
1787670941.7036479;16.996773250000842;Simulation LoRa;LoRa;868 MHz;LoRa 868.100 MHz;-83.14926504911193;;;;-83.14926504911193;4.842543103757938e-12;0.046335999999999995;2.243840772557278e-13;1.5094051843788205e-12;13;"SNR=5.82;SF=7;BW=125.0;CR=4/5;F=868.100;CRC=OK;PAYLOAD=54454d504f5f4c4f52415f3136";7;VERT;True
1787670941.7063234;16.999451925999892;BLE Sniffer;iBeacon;2,4 GHz BLE;7c:5a:b6:04:10:35;-65.0;;;;-65.0;3.1622776601683795e-10;0.000368;1.1637181789419636e-13;8.926301856296476e-12;36;0x00;38;ORANGE;False
1787670941.7072072;17.000331799999913;BLE Sniffer;iBeacon;2,4 GHz BLE;7c:5a:b6:04:10:35;-66.0;;;;-66.0;2.511886431509582e-10;0.000368;9.243742067955262e-14;9.018739276976028e-12;36;0x00;39;ORANGE;False
1787670941.7590034;17.05194737400052;Simulation RF;Détection RF large bande;868 MHz;868 MHz;;2555;2.0588496769441162;-38.35398707776464;-71.35398707776464;7.32152066016094e-11;0.1;7.32152066016094e-12;3.5952932444339464e-09;;;;VERT;True
1787670941.759147;17.05194737400052;Simulation RF;Détection RF large bande;2,45 GHz;2,45 GHz;;2752;2.2175286215305112;-44.70114486122044;-61.401144861220445;7.242450137554719e-10;0.1;7.24245013755472e-11;9.792026121308903e-09;;;;ORANGE;True
1787670941.7668974;17.06002197700036;Wi-Fi;Wi-Fi;2,4/5 GHz;wlan0;-39.0;;;;-39.0;1.2589254117941662e-07;0.1;1.2589254117941663e-08;1.3288397004639357e-06;;;;ROUGE;False
1787670941.8093164;17.102442999999766;BLE Sniffer;Appareil BLE;2,4 GHz BLE;c5:0e:c7:ab:77:89;-92.0;;;;-92.0;6.309573444801942e-13;0.000192;1.211438101401973e-16;1.211438101401973e-16;14;0x02;37;VERT;False
1787670941.8094032;17.10252700000092;BLE Sniffer;Appareil BLE;2,4 GHz BLE;62:ae:f9:af:07:b9;-70.0;;;;-70.0;1e-10;0.00028;2.7999999999999997e-14;3.41046664200539e-12;25;0x00;38;ORANGE;False
1787670941.811202;17.104327562001345;BLE Sniffer;Appareil BLE;2,4 GHz BLE;62:ae:f9:af:03:b9;-86.0;;;;-86.0;2.5118864315095823e-12;0.00028;7.03328200822683e-16;7.03328200822683e-16;25;0x00;39;VERT;False
1787670941.8590732;17.152023714999814;Simulation RF;Détection RF large bande;868 MHz;868 MHz;;2515;2.0269559645160617;-37.07823858064246;-70.07823858064246;9.821462028714752e-11;0.1;9.821462028714753e-12;3.6051147064626612e-09;;;;VERT;True
1787670941.8592162;17.152023714999814;Simulation RF;Détection RF large bande;2,45 GHz;2,45 GHz;;2735;2.20417752003687;-44.1671008014748;-60.867100801474805;8.190113491001763e-10;0.1;8.190113491001764e-11;9.873927256218921e-09;;;;ORANGE;True
1787670941.8669307;17.160056317999988;Wi-Fi;Wi-Fi;2,4/5 GHz;wlan0;-39.0;;;;-39.0;1.2589254117941662e-07;0.1;1.2589254117941663e-08;1.3414289545818773e-06;;;;ROUGE;False
1787670941.9130852;17.20621079800003;BLE Sniffer;Appareil BLE;2,4 GHz BLE;57:83:a4:76:f6:fb;-92.0;;;;-92.0;6.309573444801942e-13;0.00026399999999999997;1.6657273894277126e-16;1.6657273894277126e-16;23;0x00;37;VERT;False
1787670941.9591424;17.252098945000398;Simulation RF;Détection RF large bande;868 MHz;868 MHz;;2483;2.0008702389185435;-36.034809556741735;-69.03480955674173;1.2488752080421553e-10;0.1;1.2488752080421553e-11;3.6176034585430828e-09;;;;ORANGE;True
1787670941.9592798;17.252098945000398;Simulation RF;Détection RF large bande;2,45 GHz;2,45 GHz;;2763;2.2264840494800207;-45.05936197920083;-61.75936197920083;6.66904736804145e-10;0.1;6.66904736804145e-11;9.940617729899335e-09;;;;ORANGE;True
1787670941.9670599;17.260184992001086;Wi-Fi;Wi-Fi;2,4/5 GHz;wlan0;-39.0;;;;-39.0;1.2589254117941662e-07;0.1;1.2589254117941663e-08;1.354018208699819e-06;;;;ROUGE;False
1787670942.0157995;17.308928259000822;BLE Sniffer;iBeacon;2,4 GHz BLE;7c:5a:b6:04:10:35;-65.0;;;;-65.0;3.1622776601683795e-10;0.000368;1.1637181789419636e-13;9.135111094870224e-12;36;0x00;38;ORANGE;False
1787670942.0184627;17.31158797200078;BLE Sniffer;iBeacon;2,4 GHz BLE;7c:5a:b6:04:10:35;-66.0;;;;-66.0;2.511886431509582e-10;0.000368;9.243742067955262e-14;9.227548515549776e-12;36;0x00;39;ORANGE;False
1787670942.0185406;17.31166425000083;BLE Sniffer;Appareil BLE;2,4 GHz BLE;7f:d4:bf:26:65:b2;-88.0;;;;-88.0;1.584893192461111e-12;0.00026399999999999997;4.1841180280973327e-16;1.1008236056194666e-15;23;0x00;37;VERT;False
1787670942.0592456;17.352179912000793;Simulation RF;Détection RF large bande;868 MHz;868 MHz;;2540;2.0470821377632853;-37.88328551053141;-70.88328551053141;8.159648467243024e-11;0.1;8.159648467243024e-12;3.6257631070103258e-09;;;;VERT;True
1787670942.059394;17.352179912000793;Simulation RF;Détection RF large bande;2,45 GHz;2,45 GHz;;2752;2.2180772827254973;-44.72309130901989;-61.423091309019895;7.20594377364816e-10;0.1;7.205943773648161e-11;1.0012677167635817e-08;;;;ORANGE;True
1787670942.0704944;17.363618953000696;Wi-Fi;Wi-Fi;2,4/5 GHz;wlan0;-39.0;;;;-39.0;1.2589254117941662e-07;0.1;1.2589254117941663e-08;1.3666074628177605e-06;;;;ROUGE;False
1787670942.1203732;17.41349862900097;BLE Sniffer;Appareil BLE;2,4 GHz BLE;63:4e:f9:af:07:b9;-72.0;;;;-72.0;6.309573444801942e-11;0.00028;1.7666805645445437e-14;1.7666805645445437e-14;25;0x00;38;VERT;False
1787670942.1222594;17.41538483899967;BLE Sniffer;Appareil BLE;2,4 GHz BLE;62:ae:f9:af:07:b9;-87.0;;;;-87.0;1.9952623149688827e-12;0.00028;5.586734481912871e-16;3.4110253154535812e-12;25;0x00;39;VERT;False
1787670942.1223345;17.415458506000505;BLE Sniffer;Appareil BLE;2,4 GHz BLE;47:83:a4:76:f6:fb;-93.0;;;;-93.0;5.011872336272715e-13;0.00026399999999999997;1.3231342967759965e-16;1.3231342967759965e-16;23;0x00;37;VERT;False
1787670942.1593208;17.45226958100102;Simulation RF;Détection RF large bande;868 MHz;868 MHz;;2639;2.126401354831681;-41.05605419326723;-74.05605419326723;3.9300183725318605e-11;0.1;3.930018372531861e-12;3.6296931253828575e-09;;;;VERT;True
1787670942.1594675;17.45226958100102;Simulation RF;Détection RF large bande;2,45 GHz;2,45 GHz;;2718;2.190569378435709;-43.62277513742836;-60.32277513742836;9.283729677981809e-10;0.1;9.28372967798181e-11;1.0105514464415635e-08;;;;ORANGE;True
1787670942.1668923;17.46001707100004;Wi-Fi;Wi-Fi;2,4/5 GHz;wlan0;-39.0;;;;-39.0;1.2589254117941662e-07;0.1;1.2589254117941663e-08;1.379196716935702e-06;;;;ROUGE;False
1787670942.2594197;17.55235241599985;Simulation RF;Détection RF large bande;868 MHz;868 MHz;;2545;2.0512085474924375;-38.048341899697505;-71.0483418996975;7.855354882981723e-11;0.1;7.855354882981723e-12;3.6375484802658393e-09;;;;VERT;True
1787670942.259573;17.55235241599985;Simulation RF;Détection RF large bande;2,45 GHz;2,45 GHz;;2788;2.2467725725499705;-45.87090290199882;-62.57090290199882;5.532350792053956e-10;0.1;5.532350792053956e-11;1.0160837972336174e-08;;;;ORANGE;True
1787670942.2691743;17.56229910000002;Wi-Fi;Wi-Fi;2,4/5 GHz;wlan0;-39.0;;;;-39.0;1.2589254117941662e-07;0.1;1.2589254117941663e-08;1.3917859710536436e-06;;;;ROUGE;False
1787670942.3271987;17.620325194000543;BLE Sniffer;iBeacon;2,4 GHz BLE;7c:5a:b6:04:10:35;-65.0;;;;-65.0;3.1622776601683795e-10;0.000368;1.1637181789419636e-13;9.343920333443972e-12;36;0x00;38;ORANGE;False
1787670942.3285432;17.621667958001126;BLE Sniffer;iBeacon;2,4 GHz BLE;7c:5a:b6:04:10:35;-67.0;;;;-67.0;1.9952623149688828e-10;0.000368;7.342565319085489e-14;9.417345986634827e-12;36;0x00;39;ORANGE;False
1787670942.32915;17.62227464500029;BLE Sniffer;Appareil BLE;2,4 GHz BLE;62:ae:f9:af:07:b9;-70.0;;;;-70.0;1e-10;0.00028;2.7999999999999997e-14;3.439025315453581e-12;25;0x00;37;ORANGE;False
1787670942.3594673;17.6524348260009;Simulation RF;Détection RF large bande;868 MHz;868 MHz;;2509;2.0222704716522166;-36.890818866088665;-69.89081886608867;1.0254585569036747e-10;0.1;1.0254585569036748e-11;3.647803065834876e-09;;;;ORANGE;True
1787670942.3596144;17.6524348260009;Simulation RF;Détection RF large bande;2,45 GHz;2,45 GHz;;2820;2.2729123991605817;-46.91649596642327;-63.61649596642327;4.348609430642031e-10;0.1;4.348609430642031e-11;1.0204324066642594e-08;;;;ORANGE;True
1787670942.3681207;17.66124541300087;Wi-Fi;Wi-Fi;2,4/5 GHz;wlan0;-39.0;;;;-39.0;1.2589254117941662e-07;0.1;1.2589254117941663e-08;1.4043752251715852e-06;;;;ROUGE;False
1787670942.434029;17.727155497999775;BLE Sniffer;Appareil BLE;2,4 GHz BLE;91:04:b7:54:a5:ce;-85.0;;;;-85.0;3.1622776601683794e-12;0.000176;5.565608681896348e-16;5.565608681896348e-16;12;0x03;38;VERT;False
1787670942.4595885;17.75252199500028;Simulation RF;Détection RF large bande;868 MHz;868 MHz;;2473;1.9931712269674666;-35.72684907869866;-68.72684907869866;1.3406490109666482e-10;0.1;1.3406490109666483e-11;3.6612095559445424e-09;;;;ORANGE;True
1787670942.4597442;17.75252199500028;Simulation RF;Détection RF large bande;2,45 GHz;2,45 GHz;;2778;2.23829198242055;-45.53167929682199;-62.231679296821994;5.981802505530485e-10;0.1;5.981802505530485e-11;1.0264142091697898e-08;;;;ORANGE;True
1787670942.4682345;17.761359193000317;Wi-Fi;Wi-Fi;2,4/5 GHz;wlan0;-40.0;;;;-40.0;1e-07;0.1;1e-08;1.4143752251715851e-06;;;;ROUGE;False
1787670942.5368495;17.82997500900092;BLE Sniffer;Appareil BLE;2,4 GHz BLE;37:10:9e:67:69:d1;-94.0;;;;-94.0;3.981071705534969e-13;0.000376;1.4968829612811484e-16;2.432869976732118e-15;37;0x02;39;VERT;False
1787670942.559648;17.85260101499989;Simulation RF;Détection RF large bande;868 MHz;868 MHz;;2509;2.0219907921933413;-36.87963168773365;-69.87963168773365;1.0281034848359804e-10;0.1;1.0281034848359804e-11;3.6714905907929023e-09;;;;ORANGE;True
1787670942.559795;17.85260101499989;Simulation RF;Détection RF large bande;2,45 GHz;2,45 GHz;;2727;2.1973912155429978;-43.8956486217199;-60.595648621719896;8.718366821702639e-10;0.1;8.71836682170264e-11;1.0351325759914924e-08;;;;ORANGE;True
1787670942.568544;17.861668862000442;Wi-Fi;Wi-Fi;2,4/5 GHz;wlan0;-40.0;;;;-40.0;1e-07;0.1;1e-08;1.424375225171585e-06;;;;ROUGE;False
1787670942.6377993;17.93092473700017;BLE Sniffer;Appareil BLE;2,4 GHz BLE;7f:d4:bf:26:65:b2;-89.0;;;;-89.0;1.258925411794166e-12;0.00026399999999999997;3.323563087136598e-16;1.4331799143331263e-15;23;0x00;37;VERT;False
1787670942.6393218;17.93244816799961;BLE Sniffer;iBeacon;2,4 GHz BLE;7c:5a:b6:04:10:35;-65.0;;;;-65.0;3.1622776601683795e-10;0.000368;1.1637181789419636e-13;9.533717804529023e-12;36;0x00;38;ORANGE;False
1787670942.6403294;17.933456986000238;BLE Sniffer;iBeacon;2,4 GHz BLE;7c:5a:b6:04:10:35;-66.0;;;;-66.0;2.511886431509582e-10;0.000368;9.243742067955262e-14;9.626155225208575e-12;36;0x00;39;ORANGE;False
1787670942.6406221;17.933746302000145;BLE Sniffer;Appareil BLE;2,4 GHz BLE;62:ae:f9:af:07:b9;-71.0;;;;-71.0;7.943282347242822e-11;0.00028;2.22411905722799e-14;3.461266506025861e-12;25;0x00;37;VERT;False
1787670942.6409981;17.934123025999725;Simulation LoRa;LoRa;868 MHz;LoRa 868.100 MHz;-89.29985939069542;;;;-89.29985939069542;1.174935594612927e-12;0.046335999999999995;5.444181571198458e-14;1.5638470000908052e-12;13;"SNR=7.08;SF=7;BW=125.0;CR=4/5;F=868.100;CRC=OK;PAYLOAD=54454d504f5f4c4f52415f3137";7;VERT;True
1787670942.6410928;17.934216711000772;BLE Sniffer;Appareil BLE;2,4 GHz BLE;62:ae:f9:af:07:b9;-74.0;;;;-74.0;3.9810717055349695e-11;0.00028;1.1147000775497913e-14;3.472413506801359e-12;25;0x00;38;VERT;False
1787670942.6597629;17.952687814000456;Simulation RF;Détection RF large bande;868 MHz;868 MHz;;2606;2.099800813454497;-39.992032538179885;-72.99203253817988;5.021075435693399e-11;0.1;5.021075435693399e-12;3.6765116662285957e-09;;;;VERT;True
1787670942.659959;17.952687814000456;Simulation RF;Détection RF large bande;2,45 GHz;2,45 GHz;;2778;2.2388733965921532;-45.554935863686126;-62.25493586368612;5.949855434001629e-10;0.1;5.94985543400163e-11;1.041082431425494e-08;;;;ORANGE;True
1787670942.668745;17.96186993900119;Wi-Fi;Wi-Fi;2,4/5 GHz;wlan0;-40.0;;;;-40.0;1e-07;0.1;1e-08;1.434375225171585e-06;;;;ROUGE;False
1787670942.7472107;18.040336124000532;BLE Sniffer;Appareil BLE;2,4 GHz BLE;37:13:de:67:69:d1;-93.0;;;;-93.0;5.011872336272715e-13;0.000376;1.8844639984385405e-16;1.8844639984385405e-16;37;0x02;39;VERT;False
1787670942.748381;18.041506924000714;BLE Sniffer;Appareil BLE;2,4 GHz BLE;44:52:26:0a:24:5f;-87.0;;;;-87.0;1.9952623149688827e-12;0.00019999999999999998;3.9905246299377653e-16;9.479261901413298e-15;15;0x00;37;VERT;False
1787670942.7598064;18.052772074999666;Simulation RF;Détection RF large bande;868 MHz;868 MHz;;2476;1.9950249628038934;-35.80099851215573;-68.80099851215573;1.317953685184647e-10;0.1;1.317953685184647e-11;3.689691203080442e-09;;;;ORANGE;True
1787670942.7599626;18.052772074999666;Simulation RF;Détection RF large bande;2,45 GHz;2,45 GHz;;2783;2.2427788151028323;-45.71115260411328;-62.411152604113276;5.739641136924903e-10;0.1;5.739641136924903e-11;1.046822072562419e-08;;;;ORANGE;True
1787670942.769299;18.06242390599982;Wi-Fi;Wi-Fi;2,4/5 GHz;wlan0;-40.0;;;;-40.0;1e-07;0.1;1e-08;1.4443752251715849e-06;;;;ROUGE;False
1787670942.8524213;18.14554718100044;BLE Sniffer;iBeacon;2,4 GHz BLE;7c:5a:b6:04:10:35;-64.0;;;;-64.0;3.9810717055349694e-10;0.000368;1.4650343876368688e-13;9.772658663972262e-12;36;0x00;38;ORANGE;False
1787670942.8525102;18.14563399600047;BLE Sniffer;iBeacon;2,4 GHz BLE;7c:5a:b6:04:10:35;-66.0;;;;-66.0;2.511886431509582e-10;0.000368;9.243742067955262e-14;9.865096084651814e-12;36;0x00;39;ORANGE;False
1787670942.85986;18.152851688000737;Simulation RF;Détection RF large bande;868 MHz;868 MHz;;2541;2.047903792988464;-37.91615171953856;-70.91615171953856;8.098131562399812e-11;0.1;8.098131562399813e-12;3.697789334642842e-09;;;;VERT;True
1787670942.8600087;18.152851688000737;Simulation RF;Détection RF large bande;2,45 GHz;2,45 GHz;;2758;2.2221829827892474;-44.8873193115699;-61.58731931156989;6.938539561364319e-10;0.1;6.938539561364319e-11;1.0537606121237832e-08;;;;ORANGE;True
1787670942.8686512;18.161776072000066;Wi-Fi;Wi-Fi;2,4/5 GHz;wlan0;-41.0;;;;-41.0;7.943282347242822e-08;0.1;7.943282347242822e-09;1.4523185075188278e-06;;;;ROUGE;False
1787670942.955429;18.24855428600131;BLE Sniffer;Appareil BLE;2,4 GHz BLE;62:ae:f9:af:07:b9;-71.0;;;;-71.0;7.943282347242822e-11;0.00028;2.22411905722799e-14;3.494654697373639e-12;25;0x00;37;VERT;False
1787670942.9560184;18.249143676999665;BLE Sniffer;Appareil BLE;2,4 GHz BLE;62:ae:f9:af:07:b9;-75.0;;;;-75.0;3.1622776601683794e-11;0.00028;8.854377448471461e-15;3.5035090748221107e-12;25;0x00;38;VERT;False
1787670942.9560776;18.24920128800113;BLE Sniffer;Appareil BLE;2,4 GHz BLE;62:ae:f9:af:07:b9;-88.0;;;;-88.0;1.584893192461111e-12;0.00028;4.4377009388911103e-16;3.503952844916e-12;25;0x00;39;VERT;False
1787670942.9599373;18.25293187600073;Simulation RF;Détection RF large bande;868 MHz;868 MHz;;2608;2.1014081450815243;-40.056325803260975;-73.05632580326098;4.947290582235533e-11;0.1;4.947290582235533e-12;3.7027366252250776e-09;;;;VERT;True
1787670942.9600818;18.25293187600073;Simulation RF;Détection RF large bande;2,45 GHz;2,45 GHz;;2800;2.2561359905429907;-46.245439621719626;-62.94543962171963;5.075233615430278e-10;0.1;5.075233615430278e-11;1.0588358457392135e-08;;;;ORANGE;True
1787670942.9685984;18.261722888000804;Wi-Fi;Wi-Fi;2,4/5 GHz;wlan0;-41.0;;;;-41.0;7.943282347242822e-08;0.1;7.943282347242822e-09;1.4602617898660707e-06;;;;ROUGE;False
1787670943.0615828;18.35304804200132;Simulation RF;Détection RF large bande;868 MHz;868 MHz;;2510;2.0224198552230948;-36.896794208923794;-69.8967942089238;1.0240486257811321e-10;0.1;1.0240486257811321e-11;3.712977111482889e-09;;;;ORANGE;True
1787670943.0617275;18.35304804200132;Simulation RF;Détection RF large bande;2,45 GHz;2,45 GHz;;2779;2.2396192283981415;-45.584769135925654;-62.28476913592566;5.909123767067824e-10;0.1;5.909123767067824e-11;1.0647449695062814e-08;;;;ORANGE;True
1787670943.0704298;18.36355476300014;Wi-Fi;Wi-Fi;2,4/5 GHz;wlan0;-41.0;;;;-41.0;7.943282347242822e-08;0.1;7.943282347242822e-09;1.4682050722133136e-06;;;;ROUGE;False
1787670943.1602042;18.453134483001122;Simulation RF;Détection RF large bande;868 MHz;868 MHz;;2625;2.115560833574603;-40.62243334298411;-73.62243334298411;4.3426683718419465e-11;0.1;4.342668371841947e-12;3.717319779854731e-09;;;;VERT;True
1787670943.1603856;18.453134483001122;Simulation RF;Détection RF large bande;2,45 GHz;2,45 GHz;;2739;2.207418218563576;-44.296728742543024;-60.99672874254303;7.949267758381067e-10;0.1;7.949267758381068e-11;1.0726942372646625e-08;;;;ORANGE;True
1787670943.1654267;18.45855207600107;BLE Sniffer;iBeacon;2,4 GHz BLE;7c:5a:b6:04:10:35;-70.0;;;;-70.0;1e-10;0.000368;3.68e-14;9.901896084651814e-12;36;0x00;37;ORANGE;False
1787670943.1655052;18.458629169001142;BLE Sniffer;iBeacon;2,4 GHz BLE;7c:5a:b6:04:10:35;-65.0;;;;-65.0;3.1622776601683795e-10;0.000368;1.1637181789419636e-13;1.001826790254601e-11;36;0x00;38;ORANGE;False
1787670943.1655452;18.458669132000068;BLE Sniffer;iBeacon;2,4 GHz BLE;7c:5a:b6:04:10:35;-66.0;;;;-66.0;2.511886431509582e-10;0.000368;9.243742067955262e-14;1.0110705323225562e-11;36;0x00;39;ORANGE;False
1787670943.1669064;18.46003248800116;BLE Sniffer;Appareil BLE;2,4 GHz BLE;62:ae:f9:af:07:b9;-71.0;;;;-71.0;7.943282347242822e-11;0.00028;2.22411905722799e-14;3.52619403548828e-12;25;0x00;37;VERT;False
1787670943.1703284;18.463454667000406;Wi-Fi;Wi-Fi;2,4/5 GHz;wlan0;-41.0;;;;-41.0;7.943282347242822e-08;0.1;7.943282347242822e-09;1.4761483545605565e-06;;;;ROUGE;False
1787670943.2639365;18.553207128001304;Simulation RF;Détection RF large bande;868 MHz;868 MHz;;2579;2.078450021850266;-39.13800087401064;-72.13800087401064;6.11223315890691e-11;0.1;6.11223315890691e-12;3.723432013013638e-09;;;;VERT;True
1787670943.265436;18.553207128001304;Simulation RF;Détection RF large bande;2,45 GHz;2,45 GHz;;2771;2.2333130096964022;-45.33252038785609;-62.03252038785609;6.262503206116933e-10;0.1;6.262503206116933e-11;1.0789567404707795e-08;;;;ORANGE;True
1787670943.2755237;18.568648070000563;Wi-Fi;Wi-Fi;2,4/5 GHz;wlan0;-41.0;;;;-41.0;7.943282347242822e-08;0.1;7.943282347242822e-09;1.4840916369077994e-06;;;;ROUGE;False
1787670943.3603654;18.653292143000726;Simulation RF;Détection RF large bande;868 MHz;868 MHz;;2537;2.044409554095439;-37.776382163817544;-70.77638216381754;8.362993969504633e-11;0.1;8.362993969504633e-12;3.731795006983143e-09;;;;VERT;True
1787670943.3605146;18.653292143000726;Simulation RF;Détection RF large bande;2,45 GHz;2,45 GHz;;2808;2.2630599582436512;-46.52239832974604;-63.22239832974604;4.761679571768408e-10;0.1;4.761679571768408e-11;1.0837184200425479e-08;;;;ORANGE;True
1787670943.3692288;18.662353748000896;Wi-Fi;Wi-Fi;2,4/5 GHz;wlan0;-41.0;;;;-41.0;7.943282347242822e-08;0.1;7.943282347242822e-09;1.4920349192550423e-06;;;;ROUGE;False
1787670943.3746195;18.667744637001306;BLE Sniffer;iBeacon;2,4 GHz BLE;7c:5a:b6:04:10:35;-65.0;;;;-65.0;3.1622776601683795e-10;0.000368;1.1637181789419636e-13;1.0227077141119758e-11;36;0x00;38;ORANGE;False
1787670943.462062;18.753460640000412;Simulation RF;Détection RF large bande;868 MHz;868 MHz;;2537;2.0447462141791144;-37.78984856716457;-70.78984856716457;8.337102545046903e-11;0.1;8.337102545046902e-12;3.74013210952819e-09;;;;VERT;True
1787670943.46234;18.753460640000412;Simulation RF;Détection RF large bande;2,45 GHz;2,45 GHz;;2727;2.1979085170314105;-43.916340681256415;-60.61634068125642;8.676926763791354e-10;0.1;8.676926763791354e-11;1.0923953468063393e-08;;;;ORANGE;True
1787670943.471128;18.764253325000027;Wi-Fi;Wi-Fi;2,4/5 GHz;wlan0;-41.0;;;;-41.0;7.943282347242822e-08;0.1;7.943282347242822e-09;1.4999782016022852e-06;;;;ROUGE;False
1787670943.4763298;18.769457768999928;BLE Sniffer;iBeacon;2,4 GHz BLE;7c:5a:b6:04:10:35;-66.0;;;;-66.0;2.511886431509582e-10;0.000368;9.243742067955262e-14;1.031951456179931e-11;36;0x00;39;ORANGE;False
1787670943.4765146;18.769638474001113;BLE Sniffer;Appareil BLE;2,4 GHz BLE;62:ae:f9:af:07:b9;-71.0;;;;-71.0;7.943282347242822e-11;0.00028;2.22411905722799e-14;3.54843522606056e-12;25;0x00;37;VERT;False
1787670943.5606081;18.853547284999877;Simulation RF;Détection RF large bande;868 MHz;868 MHz;;2560;2.06275104902961;-38.5100419611844;-71.5100419611844;7.063107299123912e-11;0.1;7.063107299123912e-12;3.7471952168273135e-09;;;;VERT;True
1787670943.5607605;18.853547284999877;Simulation RF;Détection RF large bande;2,45 GHz;2,45 GHz;;2745;2.212254592657494;-44.49018370629976;-61.190183706299756;7.6029411586546e-10;0.1;7.602941158654601e-11;1.099998287964994e-08;;;;ORANGE;True
1787670943.5693488;18.862473852999756;Wi-Fi;Wi-Fi;2,4/5 GHz;wlan0;-41.0;;;;-41.0;7.943282347242822e-08;0.1;7.943282347242822e-09;1.507921483949528e-06;;;;ROUGE;False
1787670943.6607058;18.953635244000907;Simulation RF;Détection RF large bande;868 MHz;868 MHz;;2560;2.0633274295247905;-38.53309718099162;-71.53309718099162;7.025711010011324e-11;0.1;7.025711010011325e-12;3.754220927837324e-09;;;;VERT;True
1787670943.661002;18.953635244000907;Simulation RF;Détection RF large bande;2,45 GHz;2,45 GHz;;2778;2.238696941159777;-45.54787764639107;-62.24787764639107;5.95953308787923e-10;0.1;5.95953308787923e-11;1.1059578210528731e-08;;;;ORANGE;True
1787670943.6717262;18.964850876000128;Wi-Fi;Wi-Fi;2,4/5 GHz;wlan0;-42.0;;;;-42.0;6.30957344480193e-08;0.1;6.30957344480193e-09;1.51423105739433e-06;;;;ROUGE;False
1787670943.682413;18.975538839000365;Simulation LoRa;LoRa;868 MHz;LoRa 868.100 MHz;-83.45459363114253;;;;-83.45459363114253;4.513782587778603e-12;0.046335999999999995;2.091506299873093e-13;1.7729976300781145e-12;13;"SNR=6.01;SF=7;BW=125.0;CR=4/5;F=868.100;CRC=OK;PAYLOAD=54454d504f5f4c4f52415f3138";7;VERT;True
1787670943.6825144;18.97563835800065;BLE Sniffer;Appareil BLE;2,4 GHz BLE;44:52:26:0a:24:5f;-91.0;;;;-91.0;7.943282347242822e-13;0.00019999999999999998;1.5886564694485642e-16;9.638127548358155e-15;15;0x00;38;VERT;False
1787670943.760775;19.05371500000001;Simulation RF;Détection RF large bande;868 MHz;868 MHz;;2605;2.0989138530804152;-39.956554123216605;-72.9565541232166;5.062261640262092e-11;0.1;5.062261640262092e-12;3.759283189477587e-09;;;;VERT;True
1787670943.760922;19.05371500000001;Simulation RF;Détection RF large bande;2,45 GHz;2,45 GHz;;2727;2.197201861219837;-43.888074448793475;-60.58807444879348;8.733585074935491e-10;0.1;8.733585074935491e-11;1.1146914061278085e-08;;;;ORANGE;True
1787670943.7695105;19.062635326999953;Wi-Fi;Wi-Fi;2,4/5 GHz;wlan0;-42.0;;;;-42.0;6.30957344480193e-08;0.1;6.30957344480193e-09;1.520540630839132e-06;;;;ROUGE;False
1787670943.787961;19.081086558000607;BLE Sniffer;iBeacon;2,4 GHz BLE;7c:5a:b6:04:10:35;-65.0;;;;-65.0;3.1622776601683795e-10;0.000368;1.1637181789419636e-13;1.0435886379693506e-11;36;0x00;39;ORANGE;False
1787670943.78803;19.081153855000593;BLE Sniffer;Appareil BLE;2,4 GHz BLE;62:ae:f9:af:07:b9;-71.0;;;;-71.0;7.943282347242822e-11;0.00028;2.22411905722799e-14;3.57067641663284e-12;25;0x00;37;VERT;False
1787670943.788068;19.081191837000006;BLE Sniffer;Appareil BLE;2,4 GHz BLE;62:ae:f9:af:07:b9;-73.0;;;;-73.0;5.011872336272715e-11;0.00028;1.40332425415636e-14;3.5847096591744037e-12;25;0x00;38;VERT;False
1787670943.8608286;19.153798515000744;Simulation RF;Détection RF large bande;868 MHz;868 MHz;;2627;2.117344740832009;-40.69378963328036;-73.69378963328036;4.271899595131128e-11;0.1;4.271899595131128e-12;3.763555089072718e-09;;;;VERT;True
1787670943.8609698;19.153798515000744;Simulation RF;Détection RF large bande;2,45 GHz;2,45 GHz;;2820;2.2724399224891;-46.89759689956401;-63.59759689956401;4.3675743827144194e-10;0.1;4.3675743827144194e-11;1.1190589805105229e-08;;;;ORANGE;True
1787670943.8695235;19.162648342000466;Wi-Fi;Wi-Fi;2,4/5 GHz;wlan0;-42.0;;;;-42.0;6.30957344480193e-08;0.1;6.30957344480193e-09;1.5268502042839339e-06;;;;ROUGE;False
1787670943.960942;19.25387410500116;Simulation RF;Détection RF large bande;868 MHz;868 MHz;;2659;2.142559545995437;-41.70238183981748;-74.70238183981748;3.386583717781036e-11;0.1;3.386583717781036e-12;3.766941672790499e-09;;;;VERT;True
1787670943.961101;19.25387410500116;Simulation RF;Détection RF large bande;2,45 GHz;2,45 GHz;;2789;2.2477211799560983;-45.90884719824393;-62.608847198243936;5.484225201993096e-10;0.1;5.4842252019930965e-11;1.124543205712516e-08;;;;ORANGE;True
1787670943.9697075;19.26283248800064;Wi-Fi;Wi-Fi;2,4/5 GHz;wlan0;-42.0;;;;-42.0;6.30957344480193e-08;0.1;6.30957344480193e-09;1.5331597777287358e-06;;;;ROUGE;False
1787670943.9960175;19.289142190000348;BLE Sniffer;Appareil BLE;2,4 GHz BLE;44:52:26:0a:24:5f;-89.0;;;;-89.0;1.258925411794166e-12;0.00019999999999999998;2.517850823588332e-16;9.889912630716989e-15;15;0x00;39;VERT;False
1787670943.9974241;19.290549195000494;BLE Sniffer;Appareil BLE;2,4 GHz BLE;62:ae:f9:af:07:b9;-72.0;;;;-72.0;6.309573444801942e-11;0.00028;1.7666805645445437e-14;3.6023764648198493e-12;25;0x00;37;VERT;False
1787670943.9996686;19.292794722001418;BLE Sniffer;Appareil BLE;2,4 GHz BLE;62:ae:fd:ab:07:b9;-70.0;;;;-70.0;1e-10;0.00015199999999999998;1.5199999999999998e-14;1.5199999999999998e-14;9;0x00;38;ORANGE;False
1787670944.0609987;19.353953097999693;Simulation RF;Détection RF large bande;868 MHz;868 MHz;;2575;2.0751086519502375;-39.00434607800949;-72.00434607800949;6.303262477641477e-11;0.1;6.3032624776414774e-12;3.77324493526814e-09;;;;VERT;True
1787670944.0611596;19.353953097999693;Simulation RF;Détection RF large bande;2,45 GHz;2,45 GHz;;2806;2.2612974215916686;-46.45189686366673;-63.15189686366673;4.839609422785329e-10;0.1;4.8396094227853294e-11;1.1293828151353013e-08;;;;ORANGE;True
1787670944.0696976;19.36282225800096;Wi-Fi;Wi-Fi;2,4/5 GHz;wlan0;-43.0;;;;-43.0;5.011872336272725e-08;0.1;5.0118723362727255e-09;1.5381716500650085e-06;;;;ROUGE;False
1787670944.1011338;19.39425969900003;BLE Sniffer;Appareil BLE;2,4 GHz BLE;62:b6:f9:bf:07:b9;-89.0;;;;-89.0;1.258925411794166e-12;0.000272;3.424277120080132e-16;3.424277120080132e-16;24;0x00;39;VERT;False
1787670944.1012375;19.394361218000995;BLE Sniffer;iBeacon;2,4 GHz BLE;7c:5a:b6:04:10:35;-70.0;;;;-70.0;1e-10;0.000368;3.68e-14;1.0472686379693506e-11;36;0x00;37;ORANGE;False
1787670944.103692;19.396817597000336;BLE Sniffer;iBeacon;2,4 GHz BLE;7c:5a:b6:04:10:35;-64.0;;;;-64.0;3.9810717055349694e-10;0.000368;1.4650343876368688e-13;1.0619189818457193e-11;36;0x00;38;ORANGE;False
1787670944.1071446;19.40027364600064;BLE Sniffer;iBeacon;2,4 GHz BLE;7c:5a:b6:04:10:35;-65.0;;;;-65.0;3.1622776601683795e-10;0.000368;1.1637181789419636e-13;1.0735561636351389e-11;36;0x00;39;ORANGE;False
1787670944.1611109;19.454038034000405;Simulation RF;Détection RF large bande;868 MHz;868 MHz;;2640;2.1271180671464918;-41.084722685859674;-74.08472268585967;3.904161113189156e-11;0.1;3.904161113189156e-12;3.77714909638133e-09;;;;VERT;True
1787670944.1617305;19.454038034000405;Simulation RF;Détection RF large bande;2,45 GHz;2,45 GHz;;2831;2.281328426566588;-47.25313706266353;-63.95313706266352;4.024262426036808e-10;0.1;4.0242624260368085e-11;1.1334070775613382e-08;;;;ORANGE;True
1787670944.170361;19.463486640001065;Wi-Fi;Wi-Fi;2,4/5 GHz;wlan0;-43.0;;;;-43.0;5.011872336272725e-08;0.1;5.0118723362727255e-09;1.5431835224012813e-06;;;;ROUGE;False
1787670944.2085419;19.50166758600062;BLE Sniffer;Appareil BLE;2,4 GHz BLE;57:83:a4:76:f6:f9;-89.0;;;;-89.0;1.258925411794166e-12;0.00026399999999999997;3.323563087136598e-16;6.7437239235847e-16;23;0x00;37;VERT;False
1787670944.2105567;19.5036817780001;BLE Sniffer;Appareil BLE;2,4 GHz BLE;62:ae:f9:af:07:b9;-73.0;;;;-73.0;5.011872336272715e-11;0.00028;1.40332425415636e-14;3.616409707361413e-12;25;0x00;38;VERT;False
1787670944.2611728;19.554121433000546;Simulation RF;Détection RF large bande;868 MHz;868 MHz;;2602;2.096916805515786;-39.876672220631434;-72.87667222063143;5.1562358957552954e-11;0.1;5.156235895755296e-12;3.782305332277085e-09;;;;VERT;True
1787670944.261317;19.554121433000546;Simulation RF;Détection RF large bande;2,45 GHz;2,45 GHz;;2806;2.2615699523449093;-46.462798093796366;-63.16279809379637;4.827476747827598e-10;0.1;4.827476747827598e-11;1.1382345543091658e-08;;;;ORANGE;True
1787670944.269869;19.562993908000863;Wi-Fi;Wi-Fi;2,4/5 GHz;wlan0;-43.0;;;;-43.0;5.011872336272725e-08;0.1;5.0118723362727255e-09;1.548195394737554e-06;;;;ROUGE;False
1787670944.31292;19.606047944000238;BLE Sniffer;iBeacon;2,4 GHz BLE;7c:5a:b6:04:10:35;-67.0;;;;-67.0;1.9952623149688828e-10;0.000368;7.342565319085489e-14;1.0808987289542244e-11;36;0x00;39;ORANGE;False
1787670944.3153718;19.60849704500106;BLE Sniffer;Appareil BLE;2,4 GHz BLE;d3:23:0f:4d:3e:b1;-93.0;;;;-93.0;5.011872336272715e-13;0.000376;1.8844639984385405e-16;1.8844639984385405e-16;37;0x00;37;VERT;False
1787670944.3612614;19.654204108999693;Simulation RF;Détection RF large bande;868 MHz;868 MHz;;2640;2.127583395321409;-41.10333581285636;-74.10333581285636;3.887464344268252e-11;0.1;3.887464344268252e-12;3.786192796621353e-09;;;;VERT;True
1787670944.3614094;19.654204108999693;Simulation RF;Détection RF large bande;2,45 GHz;2,45 GHz;;2779;2.2396030060128154;-45.584120240512604;-62.28412024051261;5.910006737019735e-10;0.1;5.910006737019736e-11;1.1441445610461856e-08;;;;ORANGE;True
1787670944.369862;19.662987249999787;Wi-Fi;Wi-Fi;2,4/5 GHz;wlan0;-43.0;;;;-43.0;5.011872336272725e-08;0.1;5.0118723362727255e-09;1.5532072670738268e-06;;;;ROUGE;False
1787670944.4613404;19.754284304000976;Simulation RF;Détection RF large bande;868 MHz;868 MHz;;2593;2.0897425393358424;-39.5897015734337;-72.5897015734337;5.508455465978572e-11;0.1;5.508455465978572e-12;3.7917012520873316e-09;;;;VERT;True
1787670944.4614835;19.754284304000976;Simulation RF;Détection RF large bande;2,45 GHz;2,45 GHz;;2795;2.2522296826771218;-46.08918730708487;-62.78918730708487;5.261157089277351e-10;0.1;5.2611570892773516e-11;1.149405718135463e-08;;;;ORANGE;True
1787670944.4700365;19.76316202000089;Wi-Fi;Wi-Fi;2,4/5 GHz;wlan0;-43.0;;;;-43.0;5.011872336272725e-08;0.1;5.0118723362727255e-09;1.5582191394100995e-06;;;;ROUGE;False
1787670944.5195396;19.812665875000675;BLE Sniffer;Appareil BLE;2,4 GHz BLE;44:52:26:0a:24:5f;-91.0;;;;-91.0;7.943282347242822e-13;0.00019999999999999998;1.5886564694485642e-16;1.0048778277661846e-14;15;0x00;38;VERT;False
1787670944.5196354;19.812759596999967;BLE Sniffer;Appareil BLE;2,4 GHz BLE;44:52:26:0a:24:5f;-89.0;;;;-89.0;1.258925411794166e-12;0.00019999999999999998;2.517850823588332e-16;1.030056336002068e-14;15;0x00;39;VERT;False
1787670944.5236166;19.816742629000146;BLE Sniffer;Appareil BLE;2,4 GHz BLE;62:ae:f9:af:07:b9;-71.0;;;;-71.0;7.943282347242822e-11;0.00028;2.22411905722799e-14;3.638650897933693e-12;25;0x00;37;VERT;False
1787670944.5251245;19.818250412001362;BLE Sniffer;Appareil BLE;2,4 GHz BLE;01:02:62:ae:f9:af;-74.0;;;;-74.0;3.9810717055349695e-11;0.00028;1.1147000775497913e-14;1.1147000775497913e-14;25;0x08;38;VERT;False
1787670944.561422;19.85436498099989;Simulation RF;Détection RF large bande;868 MHz;868 MHz;;2604;2.098700289541595;-39.948011581663806;-72.9480115816638;5.072228872406987e-11;0.1;5.072228872406987e-12;3.796773480959739e-09;;;;VERT;True
1787670944.561571;19.85436498099989;Simulation RF;Détection RF large bande;2,45 GHz;2,45 GHz;;2801;2.2568606983460593;-46.274427933842375;-62.97442793384238;5.04147022538144e-10;0.1;5.04147022538144e-11;1.1544471883608444e-08;;;;ORANGE;True
1787670944.5701706;19.86329656700036;Wi-Fi;Wi-Fi;2,4/5 GHz;wlan0;-43.0;;;;-43.0;5.011872336272725e-08;0.1;5.0118723362727255e-09;1.5632310117463723e-06;;;;ROUGE;False
1787670944.6267555;19.919880613000714;BLE Sniffer;Appareil BLE;2,4 GHz BLE;63:ae:f9:af:67:b9;-89.0;;;;-89.0;1.258925411794166e-12;0.00028;3.5249911530236646e-16;3.5249911530236646e-16;25;0x00;39;VERT;False
1787670944.6288967;19.922023046001414;BLE Sniffer;iBeacon;2,4 GHz BLE;7c:5a:b6:04:10:35;-70.0;;;;-70.0;1e-10;0.000368;3.68e-14;1.0845787289542244e-11;36;0x00;37;ORANGE;False
1787670944.6289732;19.922097213000598;BLE Sniffer;iBeacon;2,4 GHz BLE;7c:5a:b6:04:10:35;-64.0;;;;-64.0;3.9810717055349694e-10;0.000368;1.4650343876368688e-13;1.0992290728305931e-11;36;0x00;38;ORANGE;False
1787670944.6296775;19.922802604000026;Simulation LoRa;LoRa;868 MHz;LoRa 868.100 MHz;-89.17600064342483;;;;-89.17600064342483;1.2089266061059218e-12;0.046335999999999995;5.6016823220523985e-14;1.8290144532986386e-12;13;"SNR=7.97;SF=7;BW=125.0;CR=4/5;F=868.100;CRC=OK;PAYLOAD=54454d504f5f4c4f52415f3139";7;VERT;True
1787670944.6614978;19.954445897999904;Simulation RF;Détection RF large bande;868 MHz;868 MHz;;2657;2.141113783330091;-41.64455133320364;-74.64455133320364;3.431980935362616e-11;0.1;3.431980935362616e-12;3.8002054618951015e-09;;;;VERT;True
1787670944.6616433;19.954445897999904;Simulation RF;Détection RF large bande;2,45 GHz;2,45 GHz;;2812;2.265769855314996;-46.630794212599824;-63.33079421259983;4.644303351259968e-10;0.1;4.644303351259968e-11;1.1590914917121044e-08;;;;ORANGE;True
1787670944.6703043;19.96342979899964;Wi-Fi;Wi-Fi;2,4/5 GHz;wlan0;-43.0;;;;-43.0;5.011872336272725e-08;0.1;5.0118723362727255e-09;1.568242884082645e-06;;;;ROUGE;False
1787670944.7318032;20.024928880000516;BLE Sniffer;iBeacon;2,4 GHz BLE;7c:5a:b6:04:10:35;-66.0;;;;-66.0;2.511886431509582e-10;0.000368;9.243742067955262e-14;1.1084728148985483e-11;36;0x00;39;ORANGE;False
1787670944.733984;20.02710992500033;BLE Sniffer;Appareil BLE;2,4 GHz BLE;57:83:a4:76:f6:fb;-89.0;;;;-89.0;1.258925411794166e-12;0.00026399999999999997;3.323563087136598e-16;4.989290476564311e-16;23;0x00;37;VERT;False
1787670944.7615557;20.054531685000256;Simulation RF;Détection RF large bande;868 MHz;868 MHz;;2563;2.065072631317085;-38.6029052526834;-71.6029052526834;6.913683190241528e-11;0.1;6.9136831902415285e-12;3.807119145085343e-09;;;;VERT;True
1787670944.7617047;20.054531685000256;Simulation RF;Détection RF large bande;2,45 GHz;2,45 GHz;;2750;2.216004588048005;-44.64018352192019;-61.340183521920196;7.344828301050548e-10;0.1;7.344828301050548e-11;1.166436320013155e-08;;;;ORANGE;True
1787670944.770374;20.063498735000394;Wi-Fi;Wi-Fi;2,4/5 GHz;wlan0;-43.0;;;;-43.0;5.011872336272725e-08;0.1;5.0118723362727255e-09;1.5732547564189177e-06;;;;ROUGE;False
1787670944.8377562;20.130882020999707;BLE Sniffer;iBeacon;2,4 GHz BLE;7c:5a:b6:04:10:35;-64.0;;;;-64.0;3.9810717055349694e-10;0.000368;1.4650343876368688e-13;1.123123158774917e-11;36;0x00;38;ORANGE;False
1787670944.8378365;20.130960521000816;BLE Sniffer;iBeacon;2,4 GHz BLE;7c:5a:b6:04:10:35;-67.0;;;;-67.0;1.9952623149688828e-10;0.000368;7.342565319085489e-14;1.1304657240940026e-11;36;0x00;39;ORANGE;False
1787670944.861633;20.154612936001286;Simulation RF;Détection RF large bande;868 MHz;868 MHz;;2604;2.098846168256954;-39.95384673027816;-72.95384673027816;5.0654184393678995e-11;0.1;5.0654184393679e-12;3.812184563524711e-09;;;;VERT;True
1787670944.861774;20.154612936001286;Simulation RF;Détection RF large bande;2,45 GHz;2,45 GHz;;2752;2.2174724833831587;-44.698899335326345;-61.39889933532634;7.246195825136595e-10;0.1;7.246195825136595e-11;1.1736825158382916e-08;;;;ORANGE;True
1787670944.8702679;20.16339259600136;Wi-Fi;Wi-Fi;2,4/5 GHz;wlan0;-43.0;;;;-43.0;5.011872336272725e-08;0.1;5.0118723362727255e-09;1.5782666287551905e-06;;;;ROUGE;False
1787670944.9432478;20.236373494000873;BLE Sniffer;Appareil BLE;2,4 GHz BLE;57:83:a4:76:f6:fb;-92.0;;;;-92.0;6.309573444801942e-13;0.00026399999999999997;1.6657273894277126e-16;6.655017865992023e-16;23;0x00;37;VERT;False
1787670944.961749;20.254693427001257;Simulation RF;Détection RF large bande;868 MHz;868 MHz;;2612;2.1050194760268175;-40.20077904107269;-73.20077904107269;4.785442429566004e-11;0.1;4.785442429566004e-12;3.8169700059542776e-09;;;;VERT;True
1787670944.9619024;20.254693427001257;Simulation RF;Détection RF large bande;2,45 GHz;2,45 GHz;;2798;2.2548023854332864;-46.192095417331444;-62.89209541733145;5.137956916817382e-10;0.1;5.137956916817382e-11;1.178820472755109e-08;;;;ORANGE;True
1787670944.9704661;20.263590606000434;Wi-Fi;Wi-Fi;2,4/5 GHz;wlan0;-43.0;;;;-43.0;5.011872336272725e-08;0.1;5.0118723362727255e-09;1.5832785010914632e-06;;;;ROUGE;False
1787670945.0463996;20.339525344999856;BLE Sniffer;Appareil BLE;2,4 GHz BLE;37:10:9e:67:69:d1;-92.0;;;;-92.0;6.309573444801942e-13;0.000376;2.37239961524553e-16;2.670109938256671e-15;37;0x02;38;VERT;False
1787670945.0618052;20.354774082001313;Simulation RF;Détection RF large bande;868 MHz;868 MHz;;2643;2.130271127287944;-41.21084509151777;-74.21084509151777;3.79241181436373e-11;0.1;3.79241181436373e-12;3.820762417768641e-09;;;;VERT;True
1787670945.0619512;20.354774082001313;Simulation RF;Détection RF large bande;2,45 GHz;2,45 GHz;;2804;2.259834953592227;-46.39339814368908;-63.093398143689086;4.905239147835955e-10;0.1;4.9052391478359555e-11;1.183725711902945e-08;;;;ORANGE;True
1787670945.070451;20.363575667000987;Wi-Fi;Wi-Fi;2,4/5 GHz;wlan0;-43.0;;;;-43.0;5.011872336272725e-08;0.1;5.0118723362727255e-09;1.588290373427736e-06;;;;ROUGE;False
1787670945.1618943;20.454855309000777;Simulation RF;Détection RF large bande;868 MHz;868 MHz;;2696;2.17280956524847;-42.91238260993879;-75.91238260993879;2.5630775048562625e-11;0.1;2.5630775048562625e-12;3.8233254952734975e-09;;;;VERT;True
1787670945.162043;20.454855309000777;Simulation RF;Détection RF large bande;2,45 GHz;2,45 GHz;;2823;2.274663452811637;-46.98653811246547;-63.68653811246546;4.27903844830408e-10;0.1;4.279038448304081e-11;1.1880047503512492e-08;;;;ORANGE;True
1787670945.1707506;20.46387637600128;Wi-Fi;Wi-Fi;2,4/5 GHz;wlan0;-43.0;;;;-43.0;5.011872336272725e-08;0.1;5.0118723362727255e-09;1.5933022457640087e-06;;;;ROUGE;False
1787670945.261961;20.554938424000284;Simulation RF;Détection RF large bande;868 MHz;868 MHz;;2630;2.1191574263602293;-40.766297054409165;-73.76629705440916;4.2011703770255173e-11;0.1;4.2011703770255175e-12;3.827526665650523e-09;;;;VERT;True
1787670945.2621107;20.554938424000284;Simulation RF;Détection RF large bande;2,45 GHz;2,45 GHz;;2793;2.250473159798653;-46.01892639194611;-62.71892639194611;5.346965239924366e-10;0.1;5.346965239924366e-11;1.1933517155911734e-08;;;;ORANGE;True
1787670945.2706304;20.563755250001122;Wi-Fi;Wi-Fi;2,4/5 GHz;wlan0;-43.0;;;;-43.0;5.011872336272725e-08;0.1;5.0118723362727255e-09;1.5983141181002815e-06;;;;ROUGE;False
1787670945.3658392;20.658968126999753;BLE Sniffer;Appareil BLE;2,4 GHz BLE;62:ae:f9:af:27:b9;-91.0;;;;-91.0;7.943282347242822e-13;0.00028;2.22411905722799e-16;2.22411905722799e-16;25;0x00;39;VERT;False
1787670945.3680441;20.655099207000603;Simulation RF;Détection RF large bande;868 MHz;868 MHz;;2662;2.1449757121000252;-41.79902848400101;-74.79902848400101;3.312052037425317e-11;0.1;3.3120520374253172e-12;3.830838717687948e-09;;;;VERT;True
1787670945.3682442;20.655099207000603;Simulation RF;Détection RF large bande;2,45 GHz;2,45 GHz;;2829;2.2794991826452033;-47.179967305808134;-63.87996730580813;4.0926374070328054e-10;0.1;4.0926374070328054e-11;1.1974443529982062e-08;;;;ORANGE;True
1787670945.3780856;20.67121131699969;Wi-Fi;Wi-Fi;2,4/5 GHz;wlan0;-43.0;;;;-43.0;5.011872336272725e-08;0.1;5.0118723362727255e-09;1.6033259904365542e-06;;;;ROUGE;False
1787670945.4622424;20.755177211000046;Simulation RF;Détection RF large bande;868 MHz;868 MHz;;2660;2.1436019866904914;-41.744079467619656;-74.74407946761966;3.3542239318550583e-11;0.1;3.3542239318550587e-12;3.8341929416198035e-09;;;;VERT;True
1787670945.4624312;20.755177211000046;Simulation RF;Détection RF large bande;2,45 GHz;2,45 GHz;;2827;2.2781770353744553;-47.12708141497821;-63.82708141497821;4.142779881291001e-10;0.1;4.142779881291001e-11;1.2015871328794973e-08;;;;ORANGE;True
1787670945.4703844;20.763510554001186;BLE Sniffer;iBeacon;2,4 GHz BLE;7c:5a:b6:04:10:35;-69.0;;;;-69.0;1.2589254117941662e-10;0.000368;4.6328455154025316e-14;1.1350985696094052e-11;36;0x00;37;ORANGE;False
1787670945.4705853;20.763709740000195;BLE Sniffer;iBeacon;2,4 GHz BLE;7c:5a:b6:04:10:35;-65.0;;;;-65.0;3.1622776601683795e-10;0.000368;1.1637181789419636e-13;1.1467357513988248e-11;36;0x00;38;ORANGE;False
1787670945.470629;20.763752573000602;BLE Sniffer;iBeacon;2,4 GHz BLE;7c:5a:b6:04:10:35;-66.0;;;;-66.0;2.511886431509582e-10;0.000368;9.243742067955262e-14;1.15597949346678e-11;36;0x00;39;ORANGE;False
1787670945.474644;20.767769328000213;Wi-Fi;Wi-Fi;2,4/5 GHz;wlan0;-43.0;;;;-43.0;5.011872336272725e-08;0.1;5.0118723362727255e-09;1.608337862772827e-06;;;;ROUGE;False
1787670945.56231;20.8552599930008;Simulation RF;Détection RF large bande;868 MHz;868 MHz;;2630;2.119548488603957;-40.78193954415828;-73.78193954415828;4.186065751156487e-11;0.1;4.1860657511564875e-12;3.83837900737096e-09;;;;VERT;True
1787670945.5624697;20.8552599930008;Simulation RF;Détection RF large bande;2,45 GHz;2,45 GHz;;2780;2.2403624126261237;-45.61449650504494;-62.31449650504494;5.868814051824113e-10;0.1;5.868814051824113e-11;1.2074559469313215e-08;;;;ORANGE;True
1787670945.5724826;20.865607564999664;Wi-Fi;Wi-Fi;2,4/5 GHz;wlan0;-43.0;;;;-43.0;5.011872336272725e-08;0.1;5.0118723362727255e-09;1.6133497351090997e-06;;;;ROUGE;False
1787670945.6623967;20.955337794001025;Simulation RF;Détection RF large bande;868 MHz;868 MHz;;2662;2.145354313212779;-41.814172528511165;-74.81417252851116;3.300522875588099e-11;0.1;3.300522875588099e-12;3.841679530246548e-09;;;;VERT;True
1787670945.6625462;20.955337794001025;Simulation RF;Détection RF large bande;2,45 GHz;2,45 GHz;;2804;2.2599806635746846;-46.39922654298738;-63.09922654298738;4.898660543238743e-10;0.1;4.898660543238744e-11;1.2123546074745603e-08;;;;ORANGE;True
1787670945.6709774;20.964101749999827;Wi-Fi;Wi-Fi;2,4/5 GHz;wlan0;-43.0;;;;-43.0;5.011872336272725e-08;0.1;5.0118723362727255e-09;1.6183616074453725e-06;;;;ROUGE;False
1787670945.6779864;20.971111384000324;BLE Sniffer;Appareil BLE;2,4 GHz BLE;62:ae:f9:af:07:b9;-73.0;;;;-73.0;5.011872336272715e-11;0.00028;1.40332425415636e-14;3.652684140475257e-12;25;0x00;37;VERT;False
1787670945.6780949;20.971218737000527;Simulation LoRa;LoRa;868 MHz;LoRa 868.100 MHz;-92.62423337798174;;;;-92.62423337798174;5.464830072279992e-13;0.046335999999999995;2.532183662291657e-14;1.8543362899215553e-12;13;"SNR=7.14;SF=7;BW=125.0;CR=4/5;F=868.100;CRC=OK;PAYLOAD=54454d504f5f4c4f52415f3230";7;VERT;True
1787670945.6781363;20.971260051999707;BLE Sniffer;iBeacon;2,4 GHz BLE;7c:5a:b6:04:10:35;-64.0;;;;-64.0;3.9810717055349694e-10;0.000368;1.4650343876368688e-13;1.1706298373431487e-11;36;0x00;38;ORANGE;False
1787670945.6801178;20.973243169000853;BLE Sniffer;iBeacon;2,4 GHz BLE;7c:5a:b6:04:10:35;-67.0;;;;-67.0;1.9952623149688828e-10;0.000368;7.342565319085489e-14;1.1779724026622342e-11;36;0x00;39;ORANGE;False
1787670945.767123;21.05544283600102;Simulation RF;Détection RF large bande;868 MHz;868 MHz;;2677;2.1574273919069125;-42.2970956762765;-75.2970956762765;2.9531834938890455e-11;0.1;2.953183493889046e-12;3.844632713740437e-09;;;;VERT;True
1787670945.7674394;21.05544283600102;Simulation RF;Détection RF large bande;2,45 GHz;2,45 GHz;;2804;2.2596789856122146;-46.38715942448859;-63.08715942448858;4.912290676676064e-10;0.1;4.9122906766760644e-11;1.2172668981512364e-08;;;;ORANGE;True
1787670945.7802703;21.073395507000896;Wi-Fi;Wi-Fi;2,4/5 GHz;wlan0;-43.0;;;;-43.0;5.011872336272725e-08;0.1;5.0118723362727255e-09;1.6233734797816452e-06;;;;ROUGE;False
1787670945.7830758;21.076200387000426;BLE Sniffer;Appareil BLE;2,4 GHz BLE;44:52:26:0a:24:5f;-85.0;;;;-85.0;3.1622776601683794e-12;0.00019999999999999998;6.324555320336759e-16;1.0933018892054356e-14;15;0x00;37;VERT;False
1787670945.862567;21.155519840000125;Simulation RF;Détection RF large bande;868 MHz;868 MHz;;2584;2.0823790561965336;-39.29516224786134;-72.29516224786134;5.894999535544091e-11;0.1;5.8949995355440914e-12;3.850527713275981e-09;;;;VERT;True
1787670945.862702;21.155519840000125;Simulation RF;Détection RF large bande;2,45 GHz;2,45 GHz;;2817;2.2698693993309966;-46.794775973239865;-63.49477597323987;4.472212206835358e-10;0.1;4.472212206835358e-11;1.2217391103580718e-08;;;;ORANGE;True
1787670945.8708563;21.16398168300111;Wi-Fi;Wi-Fi;2,4/5 GHz;wlan0;-43.0;;;;-43.0;5.011872336272725e-08;0.1;5.0118723362727255e-09;1.628385352117918e-06;;;;ROUGE;False
1787670945.886444;21.17956940300064;BLE Sniffer;Appareil BLE;2,4 GHz BLE;62:ae:f9:af:07:b9;-69.0;;;;-69.0;1.2589254117941662e-10;0.00028;3.524991153023665e-14;3.687934052005493e-12;25;0x00;38;ORANGE;False
1787670945.8886795;21.181805688000168;BLE Sniffer;Appareil BLE;2,4 GHz BLE;62:ae:f9:af:07:b9;-77.0;;;;-77.0;1.9952623149688828e-11;0.00028;5.586734481912872e-15;3.693520786487406e-12;25;0x00;39;VERT;False
1787670945.9626937;21.255606511000224;Simulation RF;Détection RF large bande;868 MHz;868 MHz;;2657;2.141311516697397;-41.652460667895866;-74.65246066789587;3.425736328496424e-11;0.1;3.4257363284964244e-12;3.853953449604477e-09;;;;VERT;True
1787670945.96286;21.255606511000224;Simulation RF;Détection RF large bande;2,45 GHz;2,45 GHz;;2837;2.2865860441379833;-47.46344176551932;-64.16344176551932;3.8340327957439114e-10;0.1;3.834032795743912e-11;1.2255731431538156e-08;;;;ORANGE;True
1787670945.9783633;21.271488768999916;Wi-Fi;Wi-Fi;2,4/5 GHz;wlan0;-43.0;;;;-43.0;5.011872336272725e-08;0.1;5.0118723362727255e-09;1.6333972244541907e-06;;;;ROUGE;False
1787670945.990575;21.283703958000842;BLE Sniffer;iBeacon;2,4 GHz BLE;7c:5a:b6:04:10:35;-70.0;;;;-70.0;1e-10;0.000368;3.68e-14;1.1816524026622342e-11;36;0x00;37;ORANGE;False
1787670945.9943235;21.287452582000697;BLE Sniffer;iBeacon;2,4 GHz BLE;7c:5a:b6:04:10:35;-64.0;;;;-64.0;3.9810717055349694e-10;0.000368;1.4650343876368688e-13;1.1963027465386029e-11;36;0x00;38;ORANGE;False
1787670945.996856;21.28998234900064;BLE Sniffer;iBeacon;2,4 GHz BLE;7c:5a:b6:04:10:35;-66.0;;;;-66.0;2.511886431509582e-10;0.000368;9.243742067955262e-14;1.2055464886065581e-11;36;0x00;39;ORANGE;False
1787670946.062749;21.355691901000682;Simulation RF;Détection RF large bande;868 MHz;868 MHz;;2598;2.0938242301685146;-39.75296920674059;-72.75296920674059;5.3052161048329857e-11;0.1;5.305216104832986e-12;3.85925866570931e-09;;;;VERT;True
1787670946.062898;21.355691901000682;Simulation RF;Détection RF large bande;2,45 GHz;2,45 GHz;;2800;2.256627246120666;-46.26508984482663;-62.965089844826636;5.052321928229409e-10;0.1;5.05232192822941e-11;1.2306254650820451e-08;;;;ORANGE;True
1787670946.0708737;21.363998632999937;Wi-Fi;Wi-Fi;2,4/5 GHz;wlan0;-43.0;;;;-43.0;5.011872336272725e-08;0.1;5.0118723362727255e-09;1.6384090967904634e-06;;;;ROUGE;False
1787670946.0989783;21.392103263000536;BLE Sniffer;Appareil BLE;2,4 GHz BLE;44:52:26:0a:24:5f;-84.0;;;;-84.0;3.9810717055349695e-12;0.00019999999999999998;7.962143411069938e-16;1.1729233233161349e-14;15;0x00;37;VERT;False
1787670946.162819;21.455767585999638;Simulation RF;Détection RF large bande;868 MHz;868 MHz;;2683;2.1619085270468976;-42.4763410818759;-75.4763410818759;2.833778440299869e-11;0.1;2.8337784402998694e-12;3.86209244414961e-09;;;;VERT;True
1787670946.1629584;21.455767585999638;Simulation RF;Détection RF large bande;2,45 GHz;2,45 GHz;;2770;2.232360239012272;-45.29440956049088;-61.99440956049088;6.317700649404186e-10;0.1;6.317700649404185e-11;1.2369431657314493e-08;;;;ORANGE;True
1787670946.173819;21.466944716001308;Wi-Fi;Wi-Fi;2,4/5 GHz;wlan0;-42.0;;;;-42.0;6.30957344480193e-08;0.1;6.30957344480193e-09;1.6447186702352654e-06;;;;ROUGE;False
1787670946.2026916;21.495818052000686;BLE Sniffer;Appareil BLE;2,4 GHz BLE;62:ae:f9:af:07:b9;-67.0;;;;-67.0;1.9952623149688828e-10;0.00028;5.5867344819128714e-14;3.749388131306535e-12;25;0x00;38;ORANGE;False
1787670946.2028558;21.495979960000113;BLE Sniffer;Appareil BLE;2,4 GHz BLE;62:ae:f9:af:07:b9;-70.0;;;;-70.0;1e-10;0.00028;2.7999999999999997e-14;3.777388131306535e-12;25;0x00;39;ORANGE;False
1787670946.2629156;21.55585117800001;Simulation RF;Détection RF large bande;868 MHz;868 MHz;;2635;2.123324623425576;-40.932984937023036;-73.93298493702304;4.042979193317937e-11;0.1;4.042979193317937e-12;3.866135423342928e-09;;;;VERT;True
1787670946.2630675;21.55585117800001;Simulation RF;Détection RF large bande;2,45 GHz;2,45 GHz;;2842;2.2901377108676972;-47.605508434707886;-64.30550843470789;3.710642859278849e-10;0.1;3.710642859278849e-11;1.240653808590728e-08;;;;ORANGE;True
1787670946.268377;21.561501881000368;Wi-Fi;Wi-Fi;2,4/5 GHz;wlan0;-42.0;;;;-42.0;6.30957344480193e-08;0.1;6.30957344480193e-09;1.6510282436800673e-06;;;;ROUGE;False
1787670946.3094895;21.60261516600076;BLE Sniffer;Appareil BLE;2,4 GHz BLE;44:52:26:0a:24:5f;-84.0;;;;-84.0;3.9810717055349695e-12;0.00019999999999999998;7.962143411069938e-16;1.2525447574268342e-14;15;0x00;37;VERT;False
1787670946.3095715;21.60269546299969;BLE Sniffer;Appareil BLE;2,4 GHz BLE;44:52:26:0a:24:5f;-85.0;;;;-85.0;3.1622776601683794e-12;0.000176;5.565608681896348e-16;1.3082008442457978e-14;12;0x03;38;VERT;False
1787670946.3117719;21.60489763700025;BLE Sniffer;Appareil BLE;2,4 GHz BLE;44:52:26:0a:24:5f;-88.0;;;;-88.0;1.584893192461111e-12;0.00019999999999999998;3.1697863849222217e-16;1.33989870809502e-14;15;0x00;39;VERT;False
1787670946.3629808;21.655925899000067;Simulation RF;Détection RF large bande;868 MHz;868 MHz;;2626;2.116144748450459;-40.64578993801837;-73.64578993801837;4.319375953647463e-11;0.1;4.319375953647463e-12;3.870454799296576e-09;;;;VERT;True
1787670946.3631191;21.655925899000067;Simulation RF;Détection RF large bande;2,45 GHz;2,45 GHz;;2842;2.290220462508428;-47.60881850033712;-64.30881850033713;3.7078157932162984e-10;0.1;3.707815793216299e-11;1.2443616243839443e-08;;;;ORANGE;True
1787670946.3683796;21.661504140000034;Wi-Fi;Wi-Fi;2,4/5 GHz;wlan0;-42.0;;;;-42.0;6.30957344480193e-08;0.1;6.30957344480193e-09;1.6573378171248692e-06;;;;ROUGE;False
1787670946.4146664;21.707792238001275;BLE Sniffer;iBeacon;2,4 GHz BLE;7c:5a:b6:04:10:35;-69.0;;;;-69.0;1.2589254117941662e-10;0.000368;4.6328455154025316e-14;1.2101793341219607e-11;36;0x00;37;ORANGE;False
1787670946.4147506;21.707874294001158;BLE Sniffer;iBeacon;2,4 GHz BLE;7c:5a:b6:04:10:35;-64.0;;;;-64.0;3.9810717055349694e-10;0.000368;1.4650343876368688e-13;1.2248296779983294e-11;36;0x00;38;ORANGE;False
1787670946.4171095;21.710235950000424;BLE Sniffer;iBeacon;2,4 GHz BLE;7c:5a:b6:04:10:35;-66.0;;;;-66.0;2.511886431509582e-10;0.000368;9.243742067955262e-14;1.2340734200662846e-11;36;0x00;39;ORANGE;False
1787670946.41719;21.71031404200039;BLE Sniffer;Appareil BLE;2,4 GHz BLE;7f:dc:bf:26:65:a2;-89.0;;;;-89.0;1.258925411794166e-12;0.00026399999999999997;3.323563087136598e-16;3.323563087136598e-16;23;0x00;37;VERT;False
1787670946.46307;21.75600663899968;Simulation RF;Détection RF large bande;868 MHz;868 MHz;;2689;2.1673085861004493;-42.692343444017965;-75.69234344401796;2.6962841305160035e-11;0.1;2.6962841305160037e-12;3.873151083427092e-09;;;;VERT;True
1787670946.4632154;21.75600663899968;Simulation RF;Détection RF large bande;2,45 GHz;2,45 GHz;;2836;2.2851406027048684;-47.40562410819473;-64.10562410819473;3.885416580882302e-10;0.1;3.885416580882302e-11;1.2482470409648266e-08;;;;ORANGE;True
1787670946.4708645;21.76398918400082;Wi-Fi;Wi-Fi;2,4/5 GHz;wlan0;-42.0;;;;-42.0;6.30957344480193e-08;0.1;6.30957344480193e-09;1.6636473905696712e-06;;;;ROUGE;False
1787670946.5205019;21.813627200001065;BLE Sniffer;Appareil BLE;2,4 GHz BLE;62:ae:f9:af:07:b9;-64.0;;;;-64.0;3.9810717055349694e-10;0.00028;1.1147000775497914e-13;3.8888581390615144e-12;25;0x00;38;ORANGE;False
1787670946.5226724;21.815797893001218;BLE Sniffer;Appareil BLE;2,4 GHz BLE;62:ae:f9:af:07:b9;-64.0;;;;-64.0;3.9810717055349694e-10;0.00028;1.1147000775497914e-13;4.000328146816494e-12;25;0x00;39;ORANGE;False
1787670946.563138;21.85608910100018;Simulation RF;Détection RF large bande;868 MHz;868 MHz;;2647;2.1333147342378576;-41.332589369514295;-74.3325893695143;3.687576707056611e-11;0.1;3.687576707056612e-12;3.876838660134148e-09;;;;VERT;True
1787670946.5632687;21.85608910100018;Simulation RF;Détection RF large bande;2,45 GHz;2,45 GHz;;2821;2.27362782042782;-46.9451128171128;-63.6451128171128;4.3200494523662376e-10;0.1;4.320049452366238e-11;1.2525670904171929e-08;;;;ORANGE;True
1787670946.5709202;21.86404560899973;Wi-Fi;Wi-Fi;2,4/5 GHz;wlan0;-41.0;;;;-41.0;7.943282347242822e-08;0.1;7.943282347242822e-09;1.671590672916914e-06;;;;ROUGE;False
1787670946.6245205;21.9176460280014;BLE Sniffer;Appareil BLE;2,4 GHz BLE;37:11:ba:67:64:61;-94.0;;;;-94.0;3.981071705534969e-13;0.000376;1.4968829612811484e-16;1.4968829612811484e-16;37;0x02;37;VERT;False
1787670946.6246026;21.917726620000394;BLE Sniffer;iBeacon;2,4 GHz BLE;7c:5a:b6:04:10:35;-64.0;;;;-64.0;3.9810717055349694e-10;0.000368;1.4650343876368688e-13;1.2487237639426533e-11;36;0x00;38;ORANGE;False
1787670946.626918;21.920044721000522;BLE Sniffer;iBeacon;2,4 GHz BLE;7c:5a:b6:04:10:35;-66.0;;;;-66.0;2.511886431509582e-10;0.000368;9.243742067955262e-14;1.2579675060106086e-11;36;0x00;39;ORANGE;False
1787670946.6291673;21.922294821000833;Simulation LoRa;LoRa;868 MHz;LoRa 868.100 MHz;-86.41146815936112;;;;-86.41146815936112;2.2848262731481166e-12;0.046335999999999995;1.0586971019259112e-13;1.9602060001141464e-12;13;"SNR=6.64;SF=7;BW=125.0;CR=4/5;F=868.100;CRC=OK;PAYLOAD=54454d504f5f4c4f52415f3231";7;VERT;True
1787670946.6632242;21.956168136999622;Simulation RF;Détection RF large bande;868 MHz;868 MHz;;2682;2.161632630725062;-42.46530522900247;-75.46530522900247;2.8409885088193015e-11;0.1;2.8409885088193015e-12;3.8796796486429675e-09;;;;VERT;True
1787670946.663373;21.956168136999622;Simulation RF;Détection RF large bande;2,45 GHz;2,45 GHz;;2818;2.2707710998614106;-46.830843994456416;-63.53084399445642;4.435224427766699e-10;0.1;4.435224427766699e-11;1.2570023148449595e-08;;;;ORANGE;True
1787670946.6709518;21.964077034001093;Wi-Fi;Wi-Fi;2,4/5 GHz;wlan0;-41.0;;;;-41.0;7.943282347242822e-08;0.1;7.943282347242822e-09;1.679533955264157e-06;;;;ROUGE;False
1787670946.730458;22.023584250000567;BLE Sniffer;Appareil BLE;2,4 GHz BLE;77:d4:bf:26:65:b2;-90.0;;;;-90.0;1e-12;0.00026399999999999997;2.6399999999999995e-16;2.6399999999999995e-16;23;0x00;37;VERT;False
1787670946.7328715;22.02599701700092;BLE Sniffer;Appareil BLE;2,4 GHz BLE;62:ae:f9:af:07:b9;-67.0;;;;-67.0;1.9952623149688828e-10;0.00028;5.5867344819128714e-14;4.056195491635623e-12;25;0x00;38;ORANGE;False
1787670946.7329524;22.026076183999976;BLE Sniffer;Appareil BLE;2,4 GHz BLE;62:ae:f9:af:07:b9;-65.0;;;;-65.0;3.1622776601683795e-10;0.00028;8.854377448471462e-14;4.144739266120337e-12;25;0x00;39;ORANGE;False
1787670946.7632837;22.05625089500063;Simulation RF;Détection RF large bande;868 MHz;868 MHz;;2683;2.1623079001944396;-42.49231600777759;-75.49231600777759;2.8233739231244992e-11;0.1;2.8233739231244994e-12;3.882503022566092e-09;;;;VERT;True
1787670946.7634768;22.05625089500063;Simulation RF;Détection RF large bande;2,45 GHz;2,45 GHz;;2850;2.2968290469790253;-47.873161879161;-64.573161879161;3.4888621652731467e-10;0.1;3.4888621652731466e-11;1.2604911770102327e-08;;;;ORANGE;True
1787670946.7708688;22.063993514000686;Wi-Fi;Wi-Fi;2,4/5 GHz;wlan0;-40.0;;;;-40.0;1e-07;0.1;1e-08;1.6895339552641569e-06;;;;ROUGE;False
1787670946.8378942;22.131019681000907;BLE Sniffer;iBeacon;2,4 GHz BLE;7c:5a:b6:04:10:35;-70.0;;;;-70.0;1e-10;0.000368;3.68e-14;1.2616475060106086e-11;36;0x00;37;ORANGE;False
1787670946.8379755;22.131099496000388;BLE Sniffer;iBeacon;2,4 GHz BLE;7c:5a:b6:04:10:35;-64.0;;;;-64.0;3.9810717055349694e-10;0.000368;1.4650343876368688e-13;1.2762978498869773e-11;36;0x00;38;ORANGE;False
1787670946.8633776;22.156333098000687;Simulation RF;Détection RF large bande;868 MHz;868 MHz;;2675;2.155306687868933;-42.212267514757315;-75.21226751475731;3.011433300454634e-11;0.1;3.011433300454634e-12;3.885514455866547e-09;;;;VERT;True
1787670946.863528;22.156333098000687;Simulation RF;Détection RF large bande;2,45 GHz;2,45 GHz;;2793;2.250918970205936;-46.03675880823744;-62.73675880823744;5.325055262613785e-10;0.1;5.325055262613786e-11;1.2658162322728465e-08;;;;ORANGE;True
1787670946.8719761;22.165101182999933;Wi-Fi;Wi-Fi;2,4/5 GHz;wlan0;-40.0;;;;-40.0;1e-07;0.1;1e-08;1.6995339552641568e-06;;;;ROUGE;False
1787670946.9417286;22.234854174001157;BLE Sniffer;iBeacon;2,4 GHz BLE;7c:5a:b6:04:10:35;-66.0;;;;-66.0;2.511886431509582e-10;0.000368;9.243742067955262e-14;1.2855415919549325e-11;36;0x00;39;ORANGE;False
1787670946.9425564;22.235681677000684;BLE Sniffer;Appareil BLE;2,4 GHz BLE;37:10:9e:63:69:d1;-91.0;;;;-91.0;7.943282347242822e-13;0.000376;2.9866741625633007e-16;2.9866741625633007e-16;37;0x02;37;VERT;False
1787670946.9426262;22.235750269001073;BLE Sniffer;Appareil BLE;2,4 GHz BLE;62:ae:f9:af:07:b9;-71.0;;;;-71.0;7.943282347242822e-11;0.00028;2.22411905722799e-14;4.166980456692617e-12;25;0x00;38;VERT;False
1787670946.9634528;22.256416431000616;Simulation RF;Détection RF large bande;868 MHz;868 MHz;;2694;2.1712795965154608;-42.851183860618434;-75.85118386061843;2.5994508719150175e-11;0.1;2.5994508719150177e-12;3.888113906738462e-09;;;;VERT;True
1787670946.9635935;22.256416431000616;Simulation RF;Détection RF large bande;2,45 GHz;2,45 GHz;;2807;2.2623791960530477;-46.4951678421219;-63.195167842121904;4.791629343036654e-10;0.1;4.791629343036654e-11;1.2706078616158831e-08;;;;ORANGE;True
1787670946.9719613;22.265085515000465;Wi-Fi;Wi-Fi;2,4/5 GHz;wlan0;-39.0;;;;-39.0;1.2589254117941662e-07;0.1;1.2589254117941663e-08;1.7121232093820984e-06;;;;ROUGE;False
1787670947.0454483;22.338574442001118;BLE Sniffer;Appareil BLE;2,4 GHz BLE;62:ae:f9:af:07:b9;-66.0;;;;-66.0;2.511886431509582e-10;0.00028;7.03328200822683e-14;4.237313276774885e-12;25;0x00;39;ORANGE;False
1787670947.049421;22.34254802900068;BLE Sniffer;Appareil BLE;2,4 GHz BLE;37:10:9e:63:69:d1;-91.0;;;;-91.0;7.943282347242822e-13;0.000376;2.9866741625633007e-16;5.973348325126601e-16;37;0x02;37;VERT;False
1787670947.0636413;22.35652914900129;Simulation RF;Détection RF large bande;868 MHz;868 MHz;;2683;2.162029165513587;-42.48116662054346;-75.48116662054346;2.8306315172320277e-11;0.1;2.8306315172320277e-12;3.890944538255694e-09;;;;VERT;True
1787670947.063856;22.35652914900129;Simulation RF;Détection RF large bande;2,45 GHz;2,45 GHz;;2851;2.2975188432780453;-47.90075373112181;-64.60075373112181;3.466766784520244e-10;0.1;3.466766784520244e-11;1.2740746284004034e-08;;;;ORANGE;True
1787670947.0722063;22.365331029999652;Wi-Fi;Wi-Fi;2,4/5 GHz;wlan0;-38.0;;;;-38.0;1.584893192461114e-07;0.1;1.5848931924611143e-08;1.7279721413067094e-06;;;;ROUGE;False
1787670947.1549537;22.44807931900141;BLE Sniffer;iBeacon;2,4 GHz BLE;7c:5a:b6:04:10:35;-65.0;;;;-65.0;3.1622776601683795e-10;0.000368;1.1637181789419636e-13;1.297178773744352e-11;36;0x00;38;ORANGE;False
1787670947.1550384;22.448162337001122;BLE Sniffer;iBeacon;2,4 GHz BLE;7c:5a:b6:04:10:35;-66.0;;;;-66.0;2.511886431509582e-10;0.000368;9.243742067955262e-14;1.3064225158123073e-11;36;0x00;39;ORANGE;False
1787670947.1636245;22.456609458000457;Simulation RF;Détection RF large bande;868 MHz;868 MHz;;2746;2.2125994327479925;-44.503977309919705;-77.5039773099197;1.7766515904449555e-11;0.1;1.7766515904449557e-12;3.892721189846139e-09;;;;VERT;True
1787670947.1637733;22.456609458000457;Simulation RF;Détection RF large bande;2,45 GHz;2,45 GHz;;2832;2.2820469245775046;-47.281876983100176;-63.98187698310018;3.997719344548494e-10;0.1;3.9977193445484945e-11;1.278072347744952e-08;;;;ORANGE;True
1787670947.1690807;22.462205550000363;Wi-Fi;Wi-Fi;2,4/5 GHz;wlan0;-42.0;;;;-42.0;6.30957344480193e-08;0.1;6.30957344480193e-09;1.7342817147515114e-06;;;;ROUGE;False
1787670947.259329;22.552454771001067;BLE Sniffer;Appareil Apple BLE;2,4 GHz BLE;7f:d4:bf:26:65:b2;-89.0;;;;-89.0;1.258925411794166e-12;0.00026399999999999997;3.323563087136598e-16;1.765536223046786e-15;23;0x00;37;VERT;False
1787670947.2637115;22.556687914000577;Simulation RF;Détection RF large bande;868 MHz;868 MHz;;2714;2.1873284073508836;-43.49313629403534;-76.49313629403534;2.242262070592591e-11;0.1;2.2422620705925912e-12;3.8949634519167316e-09;;;;VERT;True
1787670947.2638693;22.556687914000577;Simulation RF;Détection RF large bande;2,45 GHz;2,45 GHz;;2866;2.3098795255093267;-48.39518102037307;-65.09518102037308;3.093726361666815e-10;0.1;3.093726361666815e-11;1.2811660741066187e-08;;;;ORANGE;True
1787670947.272371;22.565496721001182;Wi-Fi;Wi-Fi;2,4/5 GHz;wlan0;-43.0;;;;-43.0;5.011872336272725e-08;0.1;5.0118723362727255e-09;1.7392935870877841e-06;;;;ROUGE;False
1787670947.3637779;22.656766575000802;Simulation RF;Détection RF large bande;868 MHz;868 MHz;;2718;2.1900108048117146;-43.60043219246859;-76.60043219246859;2.187543917510716e-11;0.1;2.187543917510716e-12;3.8971509958342426e-09;;;;VERT;True
1787670947.3639283;22.656766575000802;Simulation RF;Détection RF large bande;2,45 GHz;2,45 GHz;;2821;2.273342248208232;-46.93368992832929;-63.63368992832929;4.3314270776136584e-10;0.1;4.331427077613659e-11;1.2854975011842323e-08;;;;ORANGE;True
1787670947.3734362;22.66656107000017;Wi-Fi;Wi-Fi;2,4/5 GHz;wlan0;-43.0;;;;-43.0;5.011872336272725e-08;0.1;5.0118723362727255e-09;1.7443054594240569e-06;;;;ROUGE;False
1787670947.4688475;22.76197464100005;BLE Sniffer;iBeacon;2,4 GHz BLE;7c:5a:b6:04:10:35;-65.0;;;;-65.0;3.1622776601683795e-10;0.000368;1.1637181789419636e-13;1.3180596976017269e-11;36;0x00;38;ORANGE;False
1787670947.470241;22.763367479001317;BLE Sniffer;iBeacon;2,4 GHz BLE;7c:5a:b6:04:10:35;-66.0;;;;-66.0;2.511886431509582e-10;0.000368;9.243742067955262e-14;1.327303439669682e-11;36;0x00;39;ORANGE;False
1787670947.4703376;22.763461257000017;BLE Sniffer;Appareil BLE;2,4 GHz BLE;57:10:9e:67:69:c9;-90.0;;;;-90.0;1e-12;0.000376;3.7599999999999995e-16;3.7599999999999995e-16;37;0x02;37;VERT;False
1787670947.465341;22.756970754000577;Simulation RF;Détection RF large bande;868 MHz;868 MHz;;2695;2.1714326111539575;-42.857304446158295;-75.8573044461583;2.595790002132898e-11;0.1;2.5957900021328983e-12;3.8997467858363755e-09;;;;VERT;True
1787670947.4732788;22.756970754000577;Simulation RF;Détection RF large bande;2,45 GHz;2,45 GHz;;2867;2.3101104342159267;-48.40441736863707;-65.10441736863707;3.0871537775787157e-10;0.1;3.087153777578716e-11;1.2885846549618111e-08;;;;ORANGE;True
1787670947.4786632;22.771788191999804;Wi-Fi;Wi-Fi;2,4/5 GHz;wlan0;-43.0;;;;-43.0;5.011872336272725e-08;0.1;5.0118723362727255e-09;1.7493173317603296e-06;;;;ROUGE;False
1787670947.5641131;22.857054137000887;Simulation RF;Détection RF large bande;868 MHz;868 MHz;;2643;2.1295385045267694;-41.18154018107077;-74.18154018107077;3.818088422168235e-11;0.1;3.8180884221682355e-12;3.903564874258544e-09;;;;VERT;True
1787670947.5642655;22.857054137000887;Simulation RF;Détection RF large bande;2,45 GHz;2,45 GHz;;2865;2.3087971591822725;-48.3518863672909;-65.0518863672909;3.124721842765451e-10;0.1;3.1247218427654514e-11;1.2917093768045766e-08;;;;ORANGE;True
1787670947.5757668;22.86889339800109;BLE Sniffer;Appareil BLE;2,4 GHz BLE;62:ae:f9:af:07:b9;-69.0;;;;-69.0;1.2589254117941662e-10;0.00028;3.524991153023665e-14;4.272563188305122e-12;25;0x00;38;ORANGE;False
1787670947.5758598;22.868983676000425;BLE Sniffer;Appareil BLE;2,4 GHz BLE;62:ae:f9:af:07:b9;-64.0;;;;-64.0;3.9810717055349694e-10;0.00028;1.1147000775497914e-13;4.384033196060101e-12;25;0x00;39;ORANGE;False
1787670947.58536;22.87848502199995;Wi-Fi;Wi-Fi;2,4/5 GHz;wlan0;-43.0;;;;-43.0;5.011872336272725e-08;0.1;5.0118723362727255e-09;1.7543292040966023e-06;;;;ROUGE;False
1787670947.6642177;22.95713955700012;Simulation RF;Détection RF large bande;868 MHz;868 MHz;;2732;2.201785268276151;-44.07141073104604;-77.07141073104604;1.9627226165376616e-11;0.1;1.962722616537662e-12;3.9055275968750815e-09;;;;VERT;True
1787670947.6644711;22.95713955700012;Simulation RF;Détection RF large bande;2,45 GHz;2,45 GHz;;2948;2.375832716578984;-51.03330866315936;-67.73330866315936;1.6852686179214093e-10;0.1;1.6852686179214093e-11;1.293394645422498e-08;;;;ORANGE;True
1787670947.6757789;22.968904077000843;Wi-Fi;Wi-Fi;2,4/5 GHz;wlan0;-42.0;;;;-42.0;6.30957344480193e-08;0.1;6.30957344480193e-09;1.7606387775414043e-06;;;;ROUGE;False
1787670947.6803238;22.973449277000327;Simulation LoRa;LoRa;868 MHz;LoRa 868.100 MHz;-82.68174614741405;;;;-82.68174614741405;5.392937476163798e-12;0.046335999999999995;2.4988715089552573e-13;2.2100931510096722e-12;13;"SNR=6.34;SF=7;BW=125.0;CR=4/5;F=868.100;CRC=OK;PAYLOAD=54454d504f5f4c4f52415f3232";7;VERT;True
1787670947.6823413;22.975467172000208;BLE Sniffer;iBeacon;2,4 GHz BLE;7c:5a:b6:04:10:35;-70.0;;;;-70.0;1e-10;0.000368;3.68e-14;1.330983439669682e-11;36;0x00;37;ORANGE;False
1787670947.7645411;23.05728930999976;Simulation RF;Détection RF large bande;868 MHz;868 MHz;;2745;2.211702653667163;-44.46810614668651;-77.46810614668651;1.7913868642661003e-11;0.1;1.7913868642661004e-12;3.907318983739348e-09;;;;VERT;True
1787670947.7648602;23.05728930999976;Simulation RF;Détection RF large bande;2,45 GHz;2,45 GHz;;2831;2.281702615839508;-47.26810463358032;-63.96810463358032;4.010417037637583e-10;0.1;4.010417037637583e-11;1.2974050624601354e-08;;;;ORANGE;True
1787670947.773939;23.067063841999698;Wi-Fi;Wi-Fi;2,4/5 GHz;wlan0;-41.0;;;;-41.0;7.943282347242822e-08;0.1;7.943282347242822e-09;1.7685820598886472e-06;;;;ROUGE;False
1787670947.7851503;23.0782751200004;BLE Sniffer;iBeacon;2,4 GHz BLE;7c:5a:b6:04:10:35;-64.0;;;;-64.0;3.9810717055349694e-10;0.000368;1.4650343876368688e-13;1.3456337835460508e-11;36;0x00;38;ORANGE;False
1787670947.7852144;23.078338379000343;BLE Sniffer;iBeacon;2,4 GHz BLE;7c:5a:b6:04:10:35;-66.0;;;;-66.0;2.511886431509582e-10;0.000368;9.243742067955262e-14;1.354877525614006e-11;36;0x00;39;ORANGE;False
1787670947.874608;23.157383175001087;Simulation RF;Détection RF large bande;868 MHz;868 MHz;;2742;2.209273353907912;-44.370934156316466;-77.37093415631647;1.8319203386127932e-11;0.1;1.8319203386127933e-12;3.9091509040779605e-09;;;;VERT;True
1787670947.875958;23.157383175001087;Simulation RF;Détection RF large bande;2,45 GHz;2,45 GHz;;2853;2.2990733167477706;-47.96293266991081;-64.66293266991082;3.4174859125503804e-10;0.1;3.417485912550381e-11;1.3008225483726858e-08;;;;ORANGE;True
1787670947.8840604;23.17718544300078;Wi-Fi;Wi-Fi;2,4/5 GHz;wlan0;-40.0;;;;-40.0;1e-07;0.1;1e-08;1.778582059888647e-06;;;;ROUGE;False
1787670947.8899953;23.183121388001382;BLE Sniffer;Appareil BLE;2,4 GHz BLE;7f:d4:bf:26:65:b2;-88.0;;;;-88.0;1.584893192461111e-12;0.00026399999999999997;4.1841180280973327e-16;2.1839480258565194e-15;23;0x00;37;VERT;False
1787670947.8900824;23.183206073999827;BLE Sniffer;Appareil BLE;2,4 GHz BLE;62:ae:f9:af:07:b9;-69.0;;;;-69.0;1.2589254117941662e-10;0.00028;3.524991153023665e-14;4.419283107590338e-12;25;0x00;38;ORANGE;False
1787670947.8901224;23.18324631500036;BLE Sniffer;Appareil BLE;2,4 GHz BLE;62:ae:f9:af:07:b9;-64.0;;;;-64.0;3.9810717055349694e-10;0.00028;1.1147000775497914e-13;4.530753115345317e-12;25;0x00;39;ORANGE;False
1787670947.9645355;23.257476890999897;Simulation RF;Détection RF large bande;868 MHz;868 MHz;;2703;2.178334551290715;-43.13338205162859;-76.13338205162859;2.435913121547578e-11;0.1;2.435913121547578e-12;3.911586817199508e-09;;;;VERT;True
1787670947.9646833;23.257476890999897;Simulation RF;Détection RF large bande;2,45 GHz;2,45 GHz;;2766;2.229049555186632;-45.161982207465286;-61.86198220746529;6.513310456036247e-10;0.1;6.513310456036248e-11;1.3073358588287221e-08;;;;ORANGE;True
1787670947.9731033;23.266228345000854;Wi-Fi;Wi-Fi;2,4/5 GHz;wlan0;-40.0;;;;-40.0;1e-07;0.1;1e-08;1.788582059888647e-06;;;;ROUGE;False
1787670947.9952886;23.288413121001213;BLE Sniffer;Appareil BLE;2,4 GHz BLE;37:11:9f:f7:6d:d1;-91.0;;;;-91.0;7.943282347242822e-13;0.000376;2.9866741625633007e-16;2.9866741625633007e-16;37;0x02;37;VERT;False
1787670948.0646048;23.35755491800046;Simulation RF;Détection RF large bande;868 MHz;868 MHz;;2696;2.172338020593797;-42.893520823751885;-75.89352082375189;2.5742333807914422e-11;0.1;2.5742333807914424e-12;3.9141610505803e-09;;;;VERT;True
1787670948.064745;23.35755491800046;Simulation RF;Détection RF large bande;2,45 GHz;2,45 GHz;;2848;2.2954108413681658;-47.81643365472662;-64.51643365472663;3.53473316337976e-10;0.1;3.53473316337976e-11;1.3108705919921018e-08;;;;ORANGE;True
1787670948.0730805;23.366205483000158;Wi-Fi;Wi-Fi;2,4/5 GHz;wlan0;-39.0;;;;-39.0;1.2589254117941662e-07;0.1;1.2589254117941663e-08;1.8011713140065886e-06;;;;ROUGE;False
1787670948.0991375;23.392265438000322;BLE Sniffer;Appareil BLE;2,4 GHz BLE;62:ae:f9:af:07:b9;-69.0;;;;-69.0;1.2589254117941662e-10;0.00028;3.524991153023665e-14;4.5660030268755535e-12;25;0x00;38;ORANGE;False
1787670948.1041913;23.397316954000416;BLE Sniffer;Appareil BLE;2,4 GHz BLE;62:ae:f9:af:07:b9;-64.0;;;;-64.0;3.9810717055349694e-10;0.00028;1.1147000775497914e-13;4.677473034630533e-12;25;0x00;39;ORANGE;False
1787670948.1646905;23.457641000000876;Simulation RF;Détection RF large bande;868 MHz;868 MHz;;2732;2.201857117169103;-44.0742846867641;-77.0742846867641;1.9614242090899104e-11;0.1;1.9614242090899103e-12;3.91612247478939e-09;;;;VERT;True
1787670948.1648393;23.457641000000876;Simulation RF;Détection RF large bande;2,45 GHz;2,45 GHz;;2847;2.2939198757339385;-47.756795029357534;-64.45679502935754;3.583607996955298e-10;0.1;3.583607996955298e-11;1.3144541999890571e-08;;;;ORANGE;True
1787670948.1732628;23.466388380000353;Wi-Fi;Wi-Fi;2,4/5 GHz;wlan0;-38.0;;;;-38.0;1.584893192461114e-07;0.1;1.5848931924611143e-08;1.8170202459311996e-06;;;;ROUGE;False
1787670948.2647755;23.557720933000383;Simulation RF;Détection RF large bande;868 MHz;868 MHz;;2834;2.2837533559605356;-47.35013423842142;-80.35013423842142;9.22542911338143e-12;0.1;9.22542911338143e-13;3.917045017700728e-09;;;;VERT;True
1787670948.2649193;23.557720933000383;Simulation RF;Détection RF large bande;2,45 GHz;2,45 GHz;;2855;2.300366099720244;-48.01464398880975;-64.71464398880975;3.377035306212613e-10;0.1;3.377035306212613e-11;1.3178312352952697e-08;;;;ORANGE;True
1787670948.2734396;23.566564923999977;Wi-Fi;Wi-Fi;2,4/5 GHz;wlan0;-38.0;;;;-38.0;1.584893192461114e-07;0.1;1.5848931924611143e-08;1.8328691778558107e-06;;;;ROUGE;False
1787670948.3098936;23.603019727001083;BLE Sniffer;iBeacon;2,4 GHz BLE;7c:5a:b6:04:10:35;-70.0;;;;-70.0;1e-10;0.000368;3.68e-14;1.358557525614006e-11;36;0x00;37;ORANGE;False
1787670948.313347;23.60647464500107;BLE Sniffer;iBeacon;2,4 GHz BLE;7c:5a:b6:04:10:35;-65.0;;;;-65.0;3.1622776601683795e-10;0.000368;1.1637181789419636e-13;1.3701947074034256e-11;36;0x00;38;ORANGE;False
1787670948.3147287;23.607855390000623;BLE Sniffer;iBeacon;2,4 GHz BLE;7c:5a:b6:04:10:35;-66.0;;;;-66.0;2.511886431509582e-10;0.000368;9.243742067955262e-14;1.3794384494713808e-11;36;0x00;39;ORANGE;False
1787670948.3648653;23.657802977000756;Simulation RF;Détection RF large bande;868 MHz;868 MHz;;2699;2.1753951985899875;-43.0158079435995;-76.0158079435995;2.502760001889581e-11;0.1;2.502760001889581e-12;3.919547777702617e-09;;;;VERT;True
1787670948.3650064;23.657802977000756;Simulation RF;Détection RF large bande;2,45 GHz;2,45 GHz;;2861;2.305319282682207;-48.21277130728828;-64.91277130728828;3.226434621625691e-10;0.1;3.226434621625691e-11;1.3210576699168954e-08;;;;ORANGE;True
1787670948.373346;23.666470912001387;Wi-Fi;Wi-Fi;2,4/5 GHz;wlan0;-37.0;;;;-37.0;1.9952623149688787e-07;0.1;1.995262314968879e-08;1.8528218010054994e-06;;;;ROUGE;False
1787670948.4179218;23.711047130000225;BLE Sniffer;Appareil BLE;2,4 GHz BLE;7f:d4:bf:26:65:b2;-88.0;;;;-88.0;1.584893192461111e-12;0.00026399999999999997;4.1841180280973327e-16;2.6023598286662527e-15;23;0x00;37;VERT;False
1787670948.417999;23.711123019000297;BLE Sniffer;Appareil BLE;2,4 GHz BLE;62:ae:f9:af:07:b9;-68.0;;;;-68.0;1.584893192461111e-10;0.00028;4.43770093889111e-14;4.721850044019444e-12;25;0x00;38;ORANGE;False
1787670948.4204385;23.713564841000334;BLE Sniffer;Appareil BLE;2,4 GHz BLE;62:ae:f9:af:07:b9;-64.0;;;;-64.0;3.9810717055349694e-10;0.00028;1.1147000775497914e-13;4.8333200517744235e-12;25;0x00;39;ORANGE;False
1787670948.4649818;23.75789881700075;Simulation RF;Détection RF large bande;868 MHz;868 MHz;;2713;2.186406808132565;-43.456272325302606;-76.4562723253026;2.2613759415905645e-11;0.1;2.2613759415905647e-12;3.921809153644208e-09;;;;VERT;True
1787670948.4651418;23.75789881700075;Simulation RF;Détection RF large bande;2,45 GHz;2,45 GHz;;2836;2.2857385016977108;-47.429540067908434;-64.12954006790844;3.864078967500921e-10;0.1;3.8640789675009215e-11;1.3249217488843964e-08;;;;ORANGE;True
1787670948.4735146;23.7666398270012;Wi-Fi;Wi-Fi;2,4/5 GHz;wlan0;-37.0;;;;-37.0;1.9952623149688787e-07;0.1;1.995262314968879e-08;1.8727744241551881e-06;;;;ROUGE;False
1787670948.5650446;23.857986232000258;Simulation RF;Détection RF large bande;868 MHz;868 MHz;;2709;2.1829540472325633;-43.31816188930253;-76.31816188930253;2.3344458855680502e-11;0.1;2.3344458855680503e-12;3.9241435995297755e-09;;;;VERT;True
1787670948.565196;23.857986232000258;Simulation RF;Détection RF large bande;2,45 GHz;2,45 GHz;;2893;2.3311429368700356;-49.245717474801424;-65.94571747480143;2.543479563695903e-10;0.1;2.543479563695903e-11;1.3274652284480923e-08;;;;ORANGE;True
1787670948.5737321;23.86685713100087;Wi-Fi;Wi-Fi;2,4/5 GHz;wlan0;-37.0;;;;-37.0;1.9952623149688787e-07;0.1;1.995262314968879e-08;1.8927270473048769e-06;;;;ROUGE;False
1787670948.6292343;23.922360754000692;BLE Sniffer;Appareil BLE;2,4 GHz BLE;7f:d4:bf:26:65:b2;-89.0;;;;-89.0;1.258925411794166e-12;0.00026399999999999997;3.323563087136598e-16;2.9347161373799125e-15;23;0x00;37;VERT;False
1787670948.6302223;23.923348053000154;BLE Sniffer;Appareil BLE;2,4 GHz BLE;62:ae:f9:af:07:b9;-66.0;;;;-66.0;2.511886431509582e-10;0.00028;7.03328200822683e-14;4.903652871856692e-12;25;0x00;38;ORANGE;False
1787670948.630345;23.923469442999703;Simulation LoRa;LoRa;868 MHz;LoRa 868.100 MHz;-87.15389028061668;;;;-87.15389028061668;1.9257990668802235e-12;0.046335999999999995;8.923382556296203e-14;2.2993269765726343e-12;13;"SNR=5.68;SF=7;BW=125.0;CR=4/5;F=868.100;CRC=OK;PAYLOAD=54454d504f5f4c4f52415f3233";7;VERT;True
1787670948.6650925;23.958066424000208;Simulation RF;Détection RF large bande;868 MHz;868 MHz;;2776;2.2369158940457106;-45.47663576182842;-78.47663576182842;1.4201572126254089e-11;0.1;1.420157212625409e-12;3.925563756742401e-09;;;;VERT;True
1787670948.6652284;23.958066424000208;Simulation RF;Détection RF large bande;2,45 GHz;2,45 GHz;;2800;2.256616229302389;-46.264649172095545;-62.96464917209555;5.052834606505322e-10;0.1;5.0528346065053226e-11;1.3325180630545977e-08;;;;ORANGE;True
1787670948.673905;23.96702967500096;Wi-Fi;Wi-Fi;2,4/5 GHz;wlan0;-37.0;;;;-37.0;1.9952623149688787e-07;0.1;1.995262314968879e-08;1.912679670454566e-06;;;;ROUGE;False
1787670948.7332895;24.0264152740001;BLE Sniffer;Appareil BLE;2,4 GHz BLE;62:ae:f9:af:07:b9;-64.0;;;;-64.0;3.9810717055349694e-10;0.00028;1.1147000775497914e-13;5.0151228796116714e-12;25;0x00;39;ORANGE;False
1787670948.76568;24.058192931999656;Simulation RF;Détection RF large bande;868 MHz;868 MHz;;2878;2.319412424017777;-48.776496960711086;-81.77649696071109;6.642786645961537e-12;0.1;6.642786645961537e-13;3.926228035406997e-09;;;;VERT;True
1787670948.76592;24.058192931999656;Simulation RF;Détection RF large bande;2,45 GHz;2,45 GHz;;2874;2.3164075631153587;-48.65630252461435;-65.35630252461435;2.9131962855502666e-10;0.1;2.9131962855502665e-11;1.335431259340148e-08;;;;ORANGE;True
1787670948.7719789;24.06510302800052;Wi-Fi;Wi-Fi;2,4/5 GHz;wlan0;-37.0;;;;-37.0;1.9952623149688787e-07;0.1;1.995262314968879e-08;1.9326322936042547e-06;;;;ROUGE;False
1787670948.8398197;24.13294589399993;BLE Sniffer;iBeacon;2,4 GHz BLE;7c:5a:b6:04:10:35;-70.0;;;;-70.0;1e-10;0.000368;3.68e-14;1.3831184494713808e-11;36;0x00;37;ORANGE;False
1787670948.8399074;24.133031469000343;BLE Sniffer;iBeacon;2,4 GHz BLE;7c:5a:b6:04:10:35;-65.0;;;;-65.0;3.1622776601683795e-10;0.000368;1.1637181789419636e-13;1.3947556312608004e-11;36;0x00;38;ORANGE;False
1787670948.8653114;24.158270661000643;Simulation RF;Détection RF large bande;868 MHz;868 MHz;;2734;2.2035472076392097;-44.141888305568386;-77.14188830556839;1.9311284828275164e-11;0.1;1.9311284828275164e-12;3.928159163889824e-09;;;;VERT;True
1787670948.8654945;24.158270661000643;Simulation RF;Détection RF large bande;2,45 GHz;2,45 GHz;;2904;2.3399155118347097;-49.596620473388384;-66.29662047338839;2.3460537215195036e-10;0.1;2.346053721519504e-11;1.3377773130616675e-08;;;;ORANGE;True
1787670948.8738322;24.166957114999605;Wi-Fi;Wi-Fi;2,4/5 GHz;wlan0;-37.0;;;;-37.0;1.9952623149688787e-07;0.1;1.995262314968879e-08;1.9525849167539437e-06;;;;ROUGE;False
1787670948.9421015;24.235226983000757;BLE Sniffer;iBeacon;2,4 GHz BLE;7c:5a:b6:04:10:35;-66.0;;;;-66.0;2.511886431509582e-10;0.000368;9.243742067955262e-14;1.4039993733287556e-11;36;0x00;39;ORANGE;False
1787670948.9449031;24.238029842999822;BLE Sniffer;Appareil BLE;2,4 GHz BLE;62:ae:f9:af:07:b9;-67.0;;;;-67.0;1.9952623149688828e-10;0.00028;5.5867344819128714e-14;5.0709902244308e-12;25;0x00;37;ORANGE;False
1787670948.9450395;24.23816349200024;BLE Sniffer;Appareil BLE;2,4 GHz BLE;62:ae:f9:af:07:b9;-68.0;;;;-68.0;1.584893192461111e-10;0.00028;4.43770093889111e-14;5.115367233819711e-12;25;0x00;38;ORANGE;False
1787670948.9450817;24.238205566000033;BLE Sniffer;Appareil BLE;2,4 GHz BLE;62:ae:f9:af:07:b9;-64.0;;;;-64.0;3.9810717055349694e-10;0.00028;1.1147000775497914e-13;5.2268372415746905e-12;25;0x00;39;ORANGE;False
1787670948.9654005;24.258348964000106;Simulation RF;Détection RF large bande;868 MHz;868 MHz;;2677;2.157363459913593;-42.29453839654373;-75.29453839654373;2.954922945004391e-11;0.1;2.954922945004391e-12;3.931114086834829e-09;;;;VERT;True
1787670948.9655452;24.258348964000106;Simulation RF;Détection RF large bande;2,45 GHz;2,45 GHz;;2897;2.334321290319798;-49.37285161279192;-66.07285161279192;2.47010172360125e-10;0.1;2.4701017236012502e-11;1.3402474147852688e-08;;;;ORANGE;True
1787670948.974016;24.267140937001386;Wi-Fi;Wi-Fi;2,4/5 GHz;wlan0;-37.0;;;;-37.0;1.9952623149688787e-07;0.1;1.995262314968879e-08;1.9725375399036326e-06;;;;ROUGE;False
1787670949.0517488;24.3448741480006;BLE Sniffer;Appareil BLE;2,4 GHz BLE;37:10:9e:67:69:d1;-89.0;;;;-89.0;1.258925411794166e-12;0.000376;4.733559548346064e-16;3.1434658930912774e-15;37;0x02;37;VERT;False
1787670949.0654376;24.35842715400031;Simulation RF;Détection RF large bande;868 MHz;868 MHz;;2737;2.205426360239722;-44.21705440958888;-77.21705440958888;1.8979927931590263e-11;0.1;1.897992793159026e-12;3.9330120796279875e-09;;;;VERT;True
1787670949.0655825;24.35842715400031;Simulation RF;Détection RF large bande;2,45 GHz;2,45 GHz;;2897;2.3349384102057122;-49.39753640822849;-66.09753640822849;2.456101776173896e-10;0.1;2.456101776173896e-11;1.3427035165614428e-08;;;;ORANGE;True
1787670949.0740287;24.36715373700099;Wi-Fi;Wi-Fi;2,4/5 GHz;wlan0;-37.0;;;;-37.0;1.9952623149688787e-07;0.1;1.995262314968879e-08;1.9924901630533215e-06;;;;ROUGE;False
1787670949.1605692;24.453695659000005;BLE Sniffer;iBeacon;2,4 GHz BLE;7c:5a:b6:04:10:35;-64.0;;;;-64.0;3.9810717055349694e-10;0.000368;1.4650343876368688e-13;1.4186497172051243e-11;36;0x00;38;ORANGE;False
1787670949.1606643;24.453788214999804;BLE Sniffer;iBeacon;2,4 GHz BLE;7c:5a:b6:04:10:35;-66.0;;;;-66.0;2.511886431509582e-10;0.000368;9.243742067955262e-14;1.4278934592730795e-11;36;0x00;39;ORANGE;False
1787670949.1607044;24.45382812200114;BLE Sniffer;Appareil BLE;2,4 GHz BLE;7f:d4:bf:26:65:b2;-87.0;;;;-87.0;1.9952623149688827e-12;0.00026399999999999997;5.26749251151785e-16;3.4614653885316974e-15;23;0x00;37;VERT;False
1787670949.1655354;24.458508693000113;Simulation RF;Détection RF large bande;868 MHz;868 MHz;;2763;2.226965895225422;-45.07863580901687;-78.07863580901687;1.5564544629822577e-11;0.1;1.5564544629822579e-12;3.93456853409097e-09;;;;VERT;True
1787670949.1657236;24.458508693000113;Simulation RF;Détection RF large bande;2,45 GHz;2,45 GHz;;2837;2.2861131660488985;-47.44452664195593;-64.14452664195593;3.850767837266644e-10;0.1;3.8507678372666446e-11;1.3465542843987094e-08;;;;ORANGE;True
1787670949.1741643;24.46728925699972;Wi-Fi;Wi-Fi;2,4/5 GHz;wlan0;-37.0;;;;-37.0;1.9952623149688787e-07;0.1;1.995262314968879e-08;2.0124427862030105e-06;;;;ROUGE;False
1787670949.265537;24.558662732000812;BLE Sniffer;Appareil BLE;2,4 GHz BLE;62:8e:f9:af:07:b9;-68.0;;;;-68.0;1.584893192461111e-10;0.00028;4.43770093889111e-14;4.43770093889111e-14;25;0x00;38;ORANGE;False
1787670949.2666736;24.559800549999636;BLE Sniffer;Appareil BLE;2,4 GHz BLE;62:ae:f9:af:07:b9;-64.0;;;;-64.0;3.9810717055349694e-10;0.00028;1.1147000775497914e-13;5.33830724932967e-12;25;0x00;39;ORANGE;False
1787670949.2667584;24.559882143001232;BLE Sniffer;Appareil BLE;2,4 GHz BLE;37:11:9e:67:69:d1;-89.0;;;;-89.0;1.258925411794166e-12;0.000376;4.733559548346064e-16;4.733559548346064e-16;37;0x02;37;VERT;False
1787670949.2696326;24.558711212999697;Simulation RF;Détection RF large bande;868 MHz;868 MHz;;2708;2.1822258742060447;-43.28903496824178;-76.28903496824178;2.3501549831895457e-11;0.1;2.3501549831895458e-12;3.93691868907416e-09;;;;VERT;True
1787670949.269776;24.558711212999697;Simulation RF;Détection RF large bande;2,45 GHz;2,45 GHz;;2807;2.261896229823076;-46.47584919292302;-63.17584919292302;4.812991345034882e-10;0.1;4.8129913450348824e-11;1.3513672757437442e-08;;;;ORANGE;True
1787670949.2782083;24.571332753001116;Wi-Fi;Wi-Fi;2,4/5 GHz;wlan0;-37.0;;;;-37.0;1.9952623149688787e-07;0.1;1.995262314968879e-08;2.0323954093526994e-06;;;;ROUGE;False
1787670949.3683;24.65879454900096;Simulation RF;Détection RF large bande;868 MHz;868 MHz;;2763;2.226708354799432;-45.06833419197727;-78.06833419197727;1.5601508096163854e-11;0.1;1.5601508096163854e-12;3.938478839883776e-09;;;;VERT;True
1787670949.3691838;24.65879454900096;Simulation RF;Détection RF large bande;2,45 GHz;2,45 GHz;;2928;2.3596975302670535;-50.387901210682145;-67.08790121068215;1.9552841461220004e-10;0.1;1.9552841461220004e-11;1.3533225598898662e-08;;;;ORANGE;True
1787670949.3755593;24.668685376000212;BLE Sniffer;iBeacon;2,4 GHz BLE;7c:5a:b6:04:10:35;-64.0;;;;-64.0;3.9810717055349694e-10;0.000368;1.4650343876368688e-13;1.4425438031494482e-11;36;0x00;38;ORANGE;False
1787670949.3857472;24.67887196400079;Wi-Fi;Wi-Fi;2,4/5 GHz;wlan0;-37.0;;;;-37.0;1.9952623149688787e-07;0.1;1.995262314968879e-08;2.0523480325023884e-06;;;;ROUGE;False
1787670949.4659324;24.758873384000253;Simulation RF;Détection RF large bande;868 MHz;868 MHz;;2759;2.2237602030991677;-44.950408123966696;-77.9504081239667;1.6030947343607575e-11;0.1;1.6030947343607576e-12;3.940081934618137e-09;;;;VERT;True
1787670949.466078;24.758873384000253;Simulation RF;Détection RF large bande;2,45 GHz;2,45 GHz;;2902;2.3389142986434286;-49.55657194573713;-66.25657194573714;2.367787946623401e-10;0.1;2.3677879466234012e-11;1.3556903478364897e-08;;;;ORANGE;True
1787670949.4754336;24.768558192001365;Wi-Fi;Wi-Fi;2,4/5 GHz;wlan0;-37.0;;;;-37.0;1.9952623149688787e-07;0.1;1.995262314968879e-08;2.0723006556520773e-06;;;;ROUGE;False
1787670949.4778373;24.770963033000953;BLE Sniffer;iBeacon;2,4 GHz BLE;7c:5a:b6:04:10:35;-66.0;;;;-66.0;2.511886431509582e-10;0.000368;9.243742067955262e-14;1.4517875452174034e-11;36;0x00;39;ORANGE;False
1787670949.4779196;24.77104331100054;BLE Sniffer;Appareil BLE;2,4 GHz BLE;01:06:77:d4:af:36;-89.0;;;;-89.0;1.258925411794166e-12;0.00026399999999999997;3.323563087136598e-16;3.323563087136598e-16;23;0x08;37;VERT;False
1787670949.477961;24.771084756001073;BLE Sniffer;Appareil BLE;2,4 GHz BLE;62:ae:f9:af:07:b9;-68.0;;;;-68.0;1.584893192461111e-10;0.00028;4.43770093889111e-14;5.382684258718581e-12;25;0x00;38;ORANGE;False
1787670949.567876;24.858974164000756;Simulation RF;Détection RF large bande;868 MHz;868 MHz;;2734;2.202941265285852;-44.11765061143407;-77.11765061143407;1.941936116284913e-11;0.1;1.941936116284913e-12;3.942023870734422e-09;;;;VERT;True
1787670949.578745;24.858974164000756;Simulation RF;Détection RF large bande;2,45 GHz;2,45 GHz;;2913;2.347621080895118;-49.904843235804705;-66.60484323580471;2.1853232002894219e-10;0.1;2.185323200289422e-11;1.3578756710367791e-08;;;;ORANGE;True
1787670949.5838661;24.876993720999963;BLE Sniffer;Appareil BLE;2,4 GHz BLE;62:ae:f9:af:07:b9;-64.0;;;;-64.0;3.9810717055349694e-10;0.00028;1.1147000775497914e-13;5.49415426647356e-12;25;0x00;39;ORANGE;False
1787670949.589692;24.882817184001397;Wi-Fi;Wi-Fi;2,4/5 GHz;wlan0;-37.0;;;;-37.0;1.9952623149688787e-07;0.1;1.995262314968879e-08;2.0922532788017662e-06;;;;ROUGE;False
1787670949.666108;24.959049906001383;Simulation RF;Détection RF large bande;868 MHz;868 MHz;;2738;2.2062722383212985;-44.25088953285194;-77.25088953285194;1.883263315267201e-11;0.1;1.883263315267201e-12;3.9439071340496895e-09;;;;VERT;True
1787670949.666249;24.959049906001383;Simulation RF;Détection RF large bande;2,45 GHz;2,45 GHz;;2938;2.3675157112229477;-50.70062844891791;-67.40062844891791;1.8194375565545254e-10;0.1;1.8194375565545255e-11;1.3596951085933337e-08;;;;ORANGE;True
1787670949.6748888;24.968013972000335;Wi-Fi;Wi-Fi;2,4/5 GHz;wlan0;-37.0;;;;-37.0;1.9952623149688787e-07;0.1;1.995262314968879e-08;2.112205901951455e-06;;;;ROUGE;False
1787670949.6888564;24.98198197900092;Simulation LoRa;LoRa;868 MHz;LoRa 868.100 MHz;-91.40629103936995;;;;-91.40629103936995;7.233873269370894e-13;0.046335999999999995;3.3518875180956967e-14;2.332845851753591e-12;13;"SNR=7.22;SF=7;BW=125.0;CR=4/5;F=868.100;CRC=OK;PAYLOAD=54454d504f5f4c4f52415f3234";7;VERT;True
1787670949.688944;24.98206814600053;BLE Sniffer;iBeacon;2,4 GHz BLE;7c:5a:b6:04:10:35;-70.0;;;;-70.0;1e-10;0.000368;3.68e-14;1.4554675452174034e-11;36;0x00;37;ORANGE;False
1787670949.6918137;24.9849395250003;BLE Sniffer;iBeacon;2,4 GHz BLE;7c:5a:b6:04:10:35;-65.0;;;;-65.0;3.1622776601683795e-10;0.000368;1.1637181789419636e-13;1.467104727006823e-11;36;0x00;38;ORANGE;False
1787670949.7661955;25.059131519999937;Simulation RF;Détection RF large bande;868 MHz;868 MHz;;2732;2.201327317028226;-44.05309268112903;-77.05309268112903;1.971018642035097e-11;0.1;1.971018642035097e-12;3.9458781526917246e-09;;;;VERT;True
1787670949.7663486;25.059131519999937;Simulation RF;Détection RF large bande;2,45 GHz;2,45 GHz;;2856;2.3015281934573824;-48.0611277382953;-64.7611277382953;3.341082704189422e-10;0.1;3.341082704189422e-11;1.3630361912975231e-08;;;;ORANGE;True
1787670949.7816095;25.074734773001182;Wi-Fi;Wi-Fi;2,4/5 GHz;wlan0;-37.0;;;;-37.0;1.9952623149688787e-07;0.1;1.995262314968879e-08;2.132158525101144e-06;;;;ROUGE;False
1787670949.7958162;25.088945040000908;BLE Sniffer;iBeacon;2,4 GHz BLE;7c:5a:b6:04:10:35;-66.0;;;;-66.0;2.511886431509582e-10;0.000368;9.243742067955262e-14;1.4763484690747782e-11;36;0x00;39;ORANGE;False
1787670949.7959511;25.089076002999718;BLE Sniffer;Appareil BLE;2,4 GHz BLE;7f:d4:bf:26:65:b2;-84.0;;;;-84.0;3.9810717055349695e-12;0.00026399999999999997;1.0510029302612319e-15;4.512468318792929e-15;23;0x00;37;VERT;False
1787670949.798214;25.091340472999946;BLE Sniffer;Appareil BLE;2,4 GHz BLE;62:ae:f9:af:07:b9;-67.0;;;;-67.0;1.9952623149688828e-10;0.00028;5.5867344819128714e-14;5.550021611292689e-12;25;0x00;38;ORANGE;False
1787670949.8662612;25.159211928999866;Simulation RF;Détection RF large bande;868 MHz;868 MHz;;2751;2.217076136008474;-44.68304544033896;-77.68304544033896;1.70488643763064e-11;0.1;1.70488643763064e-12;3.947583039129355e-09;;;;VERT;True
1787670949.8664024;25.159211928999866;Simulation RF;Détection RF large bande;2,45 GHz;2,45 GHz;;2894;2.3320998181182615;-49.28399272473045;-65.98399272473046;2.5211618542358577e-10;0.1;2.5211618542358578e-11;1.365557353151759e-08;;;;ORANGE;True
1787670949.8748608;25.167985715999748;Wi-Fi;Wi-Fi;2,4/5 GHz;wlan0;-37.0;;;;-37.0;1.9952623149688787e-07;0.1;1.995262314968879e-08;2.152111148250833e-06;;;;ROUGE;False
1787670949.902607;25.195732156000304;BLE Sniffer;Appareil BLE;2,4 GHz BLE;62:ae:f9:af:07:b9;-64.0;;;;-64.0;3.9810717055349694e-10;0.00028;1.1147000775497914e-13;5.6614916190476686e-12;25;0x00;39;ORANGE;False
1787670949.9026852;25.19580902600137;BLE Sniffer;Appareil BLE;2,4 GHz BLE;37:11:9a:67:69:d1;-89.0;;;;-89.0;1.258925411794166e-12;0.000376;4.733559548346064e-16;4.733559548346064e-16;37;0x02;37;VERT;False
1787670949.9663413;25.259287689999837;Simulation RF;Détection RF large bande;868 MHz;868 MHz;;2821;2.273074009803354;-46.92296039213416;-79.92296039213416;1.0178972962454384e-11;0.1;1.0178972962454385e-12;3.9486009364256e-09;;;;VERT;True
1787670949.966481;25.259287689999837;Simulation RF;Détection RF large bande;2,45 GHz;2,45 GHz;;2949;2.3763367070983614;-51.05346828393445;-67.75346828393445;1.6774638572618645e-10;0.1;1.6774638572618644e-11;1.3672348170090208e-08;;;;ORANGE;True
1787670949.9750514;25.268176311001298;Wi-Fi;Wi-Fi;2,4/5 GHz;wlan0;-37.0;;;;-37.0;1.9952623149688787e-07;0.1;1.995262314968879e-08;2.172063771400522e-06;;;;ROUGE;False
1787670950.00794;25.301067137001155;BLE Sniffer;iBeacon;2,4 GHz BLE;7c:5a:b6:04:10:35;-64.0;;;;-64.0;3.9810717055349694e-10;0.000368;1.4650343876368688e-13;1.4909988129511468e-11;36;0x00;38;ORANGE;False
1787670950.0080714;25.301195471000028;BLE Sniffer;iBeacon;2,4 GHz BLE;7c:5a:b6:04:10:35;-66.0;;;;-66.0;2.511886431509582e-10;0.000368;9.243742067955262e-14;1.500242555019102e-11;36;0x00;39;ORANGE;False
1787670950.0113974;25.30452323999998;BLE Sniffer;Appareil BLE;2,4 GHz BLE;62:ae:f9:af:07:b9;-68.0;;;;-68.0;1.584893192461111e-10;0.00028;4.43770093889111e-14;5.7058686284365794e-12;25;0x00;37;ORANGE;False
1787670950.0664096;25.359366652000972;Simulation RF;Détection RF large bande;868 MHz;868 MHz;;2783;2.242959524644793;-45.71838098579171;-78.71838098579171;1.3432656262183166e-11;0.1;1.3432656262183168e-12;3.949944202051818e-09;;;;VERT;True
1787670950.0666816;25.359366652000972;Simulation RF;Détection RF large bande;2,45 GHz;2,45 GHz;;2888;2.327174898983852;-49.086995959354084;-65.78699595935409;2.6381555826858364e-10;0.1;2.6381555826858364e-11;1.3698729725917066e-08;;;;ORANGE;True
1787670950.074882;25.368006697000965;Wi-Fi;Wi-Fi;2,4/5 GHz;wlan0;-38.0;;;;-38.0;1.584893192461114e-07;0.1;1.5848931924611143e-08;2.187912703325133e-06;;;;ROUGE;False
1787670950.1148913;25.408017174000634;BLE Sniffer;Appareil BLE;2,4 GHz BLE;62:ae:f9:af:07:b9;-67.0;;;;-67.0;1.9952623149688828e-10;0.00028;5.5867344819128714e-14;5.761735973255708e-12;25;0x00;38;ORANGE;False
1787670950.114971;25.408094952001193;BLE Sniffer;Appareil BLE;2,4 GHz BLE;62:ae:f9:af:07:b9;-64.0;;;;-64.0;3.9810717055349694e-10;0.00028;1.1147000775497914e-13;5.873205981010688e-12;25;0x00;39;ORANGE;False
1787670950.1177824;25.410907997000322;BLE Sniffer;Appareil BLE;2,4 GHz BLE;44:52:26:0a:24:5f;-87.0;;;;-87.0;1.9952623149688827e-12;0.00019999999999999998;3.9905246299377653e-16;1.3798039543943976e-14;15;0x00;37;VERT;False
1787670950.1664987;25.45944979700107;Simulation RF;Détection RF large bande;868 MHz;868 MHz;;2777;2.23813964906404;-45.52558596256161;-78.5255859625616;1.404240206682696e-11;0.1;1.404240206682696e-12;3.951348442258501e-09;;;;VERT;True
1787670950.1666458;25.45944979700107;Simulation RF;Détection RF large bande;2,45 GHz;2,45 GHz;;2863;2.3067821905545136;-48.27128762218054;-64.97128762218054;3.1832535917927665e-10;0.1;3.183253591792767e-11;1.3730562261834993e-08;;;;ORANGE;True
1787670950.1752276;25.46835263899993;Wi-Fi;Wi-Fi;2,4/5 GHz;wlan0;-38.0;;;;-38.0;1.584893192461114e-07;0.1;1.5848931924611143e-08;2.203761635249744e-06;;;;ROUGE;False
1787670950.2214227;25.51456633900125;BLE Sniffer;Appareil BLE;2,4 GHz BLE;52:14:23:dd:a5:ce;-87.0;;;;-87.0;1.9952623149688827e-12;0.000176;3.5116616743452336e-16;3.5116616743452336e-16;12;0x03;38;VERT;False
1787670950.266588;25.55952871900081;Simulation RF;Détection RF large bande;868 MHz;868 MHz;;2798;2.254960119432375;-46.19840477729501;-79.19840477729501;1.202706123811769e-11;0.1;1.2027061238117692e-12;3.952551148382313e-09;;;;VERT;True
1787670950.266738;25.55952871900081;Simulation RF;Détection RF large bande;2,45 GHz;2,45 GHz;;2950;2.377474000702443;-51.09896002809771;-67.79896002809771;1.6599843636541303e-10;0.1;1.6599843636541304e-11;1.3747162105471534e-08;;;;ORANGE;True
1787670950.2750041;25.568129728000713;Wi-Fi;Wi-Fi;2,4/5 GHz;wlan0;-38.0;;;;-38.0;1.584893192461114e-07;0.1;1.5848931924611143e-08;2.219610567174355e-06;;;;ROUGE;False
1787670950.3259923;25.619118294000145;BLE Sniffer;Appareil BLE;2,4 GHz BLE;62:ae:f9:af:07:b9;-64.0;;;;-64.0;3.9810717055349694e-10;0.00028;1.1147000775497914e-13;5.984675988765667e-12;25;0x00;39;ORANGE;False
1787670950.3278973;25.621023133000563;BLE Sniffer;iBeacon;2,4 GHz BLE;7c:5a:b6:04:10:35;-70.0;;;;-70.0;1e-10;0.000368;3.68e-14;1.5039225550191018e-11;36;0x00;37;ORANGE;False
1787670950.3289623;25.622087896001176;BLE Sniffer;iBeacon;2,4 GHz BLE;7c:5a:b6:04:10:3d;-65.0;;;;-65.0;3.1622776601683795e-10;0.000368;1.1637181789419636e-13;1.1637181789419636e-13;36;0x00;38;ORANGE;False
1787670950.3290436;25.622167618001185;BLE Sniffer;iBeacon;2,4 GHz BLE;7c:5a:b6:04:10:35;-66.0;;;;-66.0;2.511886431509582e-10;0.000368;9.243742067955262e-14;1.513166297087057e-11;36;0x00;39;ORANGE;False
1787670950.366662;25.659607642000992;Simulation RF;Détection RF large bande;868 MHz;868 MHz;;2779;2.239581425998645;-45.58325703994579;-78.58325703994579;1.3857162057453734e-11;0.1;1.3857162057453735e-12;3.953936864588059e-09;;;;VERT;True
1787670950.3668354;25.659607642000992;Simulation RF;Détection RF large bande;2,45 GHz;2,45 GHz;;2966;2.3904846140071863;-51.61938456028744;-68.31938456028745;1.4725211589612466e-10;0.1;1.4725211589612468e-11;1.3761887317061148e-08;;;;ORANGE;True
1787670950.3753784;25.66850354000053;Wi-Fi;Wi-Fi;2,4/5 GHz;wlan0;-39.0;;;;-39.0;1.2589254117941662e-07;0.1;1.2589254117941663e-08;2.2321998212922968e-06;;;;ROUGE;False
1787670950.433441;25.72656855400055;BLE Sniffer;Appareil BLE;2,4 GHz BLE;37:10:9a:67:69:d1;-91.0;;;;-91.0;7.943282347242822e-13;0.000376;2.9866741625633007e-16;4.871138161001841e-16;37;0x02;37;VERT;False
1787670950.466777;25.759694972000943;Simulation RF;Détection RF large bande;868 MHz;868 MHz;;2766;2.2288850850638915;-45.15540340255565;-78.15540340255565;1.52918369873257e-11;0.1;1.5291836987325701e-12;3.955466048286792e-09;;;;VERT;True
1787670950.4669387;25.759694972000943;Simulation RF;Détection RF large bande;2,45 GHz;2,45 GHz;;2813;2.2672471934816767;-46.689887739267064;-63.38988773926707;4.581537293721919e-10;0.1;4.5815372937219196e-11;1.3807702689998367e-08;;;;ORANGE;True
1787670950.47547;25.768594963001306;Wi-Fi;Wi-Fi;2,4/5 GHz;wlan0;-39.0;;;;-39.0;1.2589254117941662e-07;0.1;1.2589254117941663e-08;2.2447890754102383e-06;;;;ROUGE;False
1787670950.5408556;25.83398174099966;BLE Sniffer;Appareil BLE;2,4 GHz BLE;65:ae:f9:af:07:b9;-75.0;;;;-75.0;3.1622776601683794e-11;0.000328;1.0372270725352285e-14;1.0372270725352285e-14;31;0x00;38;VERT;False
1787670950.5409405;25.834064815000602;BLE Sniffer;Appareil BLE;2,4 GHz BLE;62:ae:f9:af:07:b9;-66.0;;;;-66.0;2.511886431509582e-10;0.00028;7.03328200822683e-14;6.0550088088479356e-12;25;0x00;39;ORANGE;False
1787670950.5668201;25.85977491400081;Simulation RF;Détection RF large bande;868 MHz;868 MHz;;2802;2.257952927640766;-46.318117105630634;-79.31811710563063;1.170006540276847e-11;0.1;1.1700065402768471e-12;3.956636054827069e-09;;;;VERT;True
1787670950.566957;25.85977491400081;Simulation RF;Détection RF large bande;2,45 GHz;2,45 GHz;;2910;2.3451631662842334;-49.80652665136934;-66.50652665136934;2.2353592771134241e-10;0.1;2.2353592771134242e-11;1.3830056282769502e-08;;;;ORANGE;True
1787670950.5755193;25.868644088999645;Wi-Fi;Wi-Fi;2,4/5 GHz;wlan0;-40.0;;;;-40.0;1e-07;0.1;1e-08;2.2547890754102382e-06;;;;ROUGE;False
1787670950.643695;25.936824394000723;BLE Sniffer;iBeacon;2,4 GHz BLE;7c:5a:b6:04:10:35;-70.0;;;;-70.0;1e-10;0.000368;3.68e-14;1.516846297087057e-11;36;0x00;37;ORANGE;False
1787670950.6489382;25.942064243999994;BLE Sniffer;iBeacon;2,4 GHz BLE;7c:5a:b6:04:10:35;-65.0;;;;-65.0;3.1622776601683795e-10;0.000368;1.1637181789419636e-13;1.5284834788764765e-11;36;0x00;38;ORANGE;False
1787670950.649027;25.9421509849999;BLE Sniffer;iBeacon;2,4 GHz BLE;7c:5a:b6:04:10:35;-66.0;;;;-66.0;2.511886431509582e-10;0.000368;9.243742067955262e-14;1.5377272209444317e-11;36;0x00;39;ORANGE;False
1787670950.6491213;25.942245170001115;Simulation LoRa;LoRa;868 MHz;LoRa 868.100 MHz;-85.0139285609933;;;;-85.0139285609933;3.1521519452245486e-12;0.046335999999999995;1.4605811253392466e-13;2.4789039642875156e-12;13;"SNR=7.34;SF=7;BW=125.0;CR=4/5;F=868.100;CRC=OK;PAYLOAD=54454d504f5f4c4f52415f3235";7;VERT;True
1787670950.6502395;25.943365007000466;BLE Sniffer;Appareil BLE;2,4 GHz BLE;44:52:26:0a:24:5f;-86.0;;;;-86.0;2.5118864315095823e-12;0.00019999999999999998;5.023772863019164e-16;1.4300416830245893e-14;15;0x00;37;VERT;False
1787670950.6670861;25.959882133000065;Simulation RF;Détection RF large bande;868 MHz;868 MHz;;2759;2.223638984470912;-44.94555937883648;-77.94555937883648;1.6048855327395495e-11;0.1;1.6048855327395496e-12;3.9582409403598085e-09;;;;VERT;True
1787670950.6673086;25.959882133000065;Simulation RF;Détection RF large bande;2,45 GHz;2,45 GHz;;2906;2.342101366741812;-49.68405466967248;-66.38405466967248;2.299294142962724e-10;0.1;2.2992941429627242e-11;1.385304922419913e-08;;;;ORANGE;True
1787670950.6762671;25.969392328999675;Wi-Fi;Wi-Fi;2,4/5 GHz;wlan0;-40.0;;;;-40.0;1e-07;0.1;1e-08;2.264789075410238e-06;;;;ROUGE;False
1787670950.7670026;26.059963611000057;Simulation RF;Détection RF large bande;868 MHz;868 MHz;;2760;2.2238754865094426;-44.9550194603777;-77.9550194603777;1.6013934726161436e-11;0.1;1.6013934726161437e-12;3.959842333832425e-09;;;;VERT;True
1787670950.7671592;26.059963611000057;Simulation RF;Détection RF large bande;2,45 GHz;2,45 GHz;;2918;2.3518944734624156;-50.075778938496626;-66.77577893849663;2.1009809091625077e-10;0.1;2.1009809091625077e-11;1.3874059033290755e-08;;;;ORANGE;True
1787670950.775723;26.0688486199997;Wi-Fi;Wi-Fi;2,4/5 GHz;wlan0;-40.0;;;;-40.0;1e-07;0.1;1e-08;2.274789075410238e-06;;;;ROUGE;False
1787670950.861655;26.15478072100086;BLE Sniffer;Appareil BLE;2,4 GHz BLE;62:ae:f9:af:07:b9;-66.0;;;;-66.0;2.511886431509582e-10;0.00028;7.03328200822683e-14;6.125341628930204e-12;25;0x00;38;ORANGE;False
1787670950.8617427;26.15486709200013;BLE Sniffer;Appareil BLE;2,4 GHz BLE;62:ae:f9:af:07:b9;-63.0;;;;-63.0;5.011872336272714e-10;0.00028;1.40332425415636e-13;6.26567405434584e-12;25;0x00;39;ORANGE;False
1787670950.8617842;26.15490801800115;BLE Sniffer;Appareil BLE;2,4 GHz BLE;44:52:06:0a:24:5f;-84.0;;;;-84.0;3.9810717055349695e-12;0.00019999999999999998;7.962143411069938e-16;7.962143411069938e-16;15;0x00;37;VERT;False
1787670950.8670611;26.16004277400134;Simulation RF;Détection RF large bande;868 MHz;868 MHz;;2713;2.1862877019841642;-43.45150807936656;-76.45150807936656;2.2638580506655793e-11;0.1;2.2638580506655796e-12;3.96210619188309e-09;;;;VERT;True
1787670950.8672152;26.16004277400134;Simulation RF;Détection RF large bande;2,45 GHz;2,45 GHz;;2959;2.384403221067126;-51.37612884268505;-68.07612884268505;1.557353186204496e-10;0.1;1.557353186204496e-11;1.38896325651528e-08;;;;ORANGE;True
1787670950.8785567;26.171681588000865;Wi-Fi;Wi-Fi;2,4/5 GHz;wlan0;-40.0;;;;-40.0;1e-07;0.1;1e-08;2.284789075410238e-06;;;;ROUGE;False
1787670950.9669015;26.26002786400022;BLE Sniffer;iBeacon;2,4 GHz BLE;7c:5a:b6:04:10:35;-65.0;;;;-65.0;3.1622776601683795e-10;0.000368;1.1637181789419636e-13;1.5493644027338513e-11;36;0x00;38;ORANGE;False
1787670950.9679604;26.26108660800128;BLE Sniffer;iBeacon;2,4 GHz BLE;7c:5a:b6:04:10:35;-66.0;;;;-66.0;2.511886431509582e-10;0.000368;9.243742067955262e-14;1.5586081448018065e-11;36;0x00;39;ORANGE;False
1787670950.9704537;26.260303809000106;Simulation RF;Détection RF large bande;868 MHz;868 MHz;;2807;2.262051124272759;-46.48204497091035;-79.48204497091035;1.1266668154491994e-11;0.1;1.1266668154491994e-12;3.96323285869854e-09;;;;VERT;True
1787670950.9705973;26.260303809000106;Simulation RF;Détection RF large bande;2,45 GHz;2,45 GHz;;2877;2.3183891044918528;-48.735564179674114;-65.43556417967412;2.8605107356328136e-10;0.1;2.860510735632814e-11;1.391823767250913e-08;;;;ORANGE;True
1787670950.9792945;26.27241931000026;Wi-Fi;Wi-Fi;2,4/5 GHz;wlan0;-41.0;;;;-41.0;7.943282347242822e-08;0.1;7.943282347242822e-09;2.292732357757481e-06;;;;ROUGE;False
1787670951.0675087;26.360417877000145;Simulation RF;Détection RF large bande;868 MHz;868 MHz;;2821;2.273544231862635;-46.941769274505404;-79.9417692745054;1.0134984119864957e-11;0.1;1.0134984119864957e-12;3.964246357110526e-09;;;;VERT;True
1787670951.0677154;26.360417877000145;Simulation RF;Détection RF large bande;2,45 GHz;2,45 GHz;;2851;2.2973933932294583;-47.89573572917833;-64.59573572917833;3.470774732398064e-10;0.1;3.470774732398064e-11;1.395294541983311e-08;;;;ORANGE;True
1787670951.0754898;26.368615642000805;BLE Sniffer;Appareil BLE;2,4 GHz BLE;37:10:9e:67:69:d1;-92.0;;;;-92.0;6.309573444801942e-13;0.000376;2.37239961524553e-16;3.3807058546158303e-15;37;0x02;37;VERT;False
1787670951.0827227;26.37584720199993;Wi-Fi;Wi-Fi;2,4/5 GHz;wlan0;-41.0;;;;-41.0;7.943282347242822e-08;0.1;7.943282347242822e-09;2.3006756401047238e-06;;;;ROUGE;False
1787670951.1675656;26.460504202001175;Simulation RF;Détection RF large bande;868 MHz;868 MHz;;2748;2.214444776802242;-44.57779107208967;-77.57779107208967;1.7467103466083263e-11;0.1;1.7467103466083264e-12;3.965993067457135e-09;;;;VERT;True
1787670951.1677125;26.460504202001175;Simulation RF;Détection RF large bande;2,45 GHz;2,45 GHz;;2927;2.359061752211256;-50.36247008845024;-67.06247008845024;1.966767355128261e-10;0.1;1.9667673551282613e-11;1.3972613093384393e-08;;;;ORANGE;True
1787670951.1777902;26.470914993000406;Wi-Fi;Wi-Fi;2,4/5 GHz;wlan0;-42.0;;;;-42.0;6.30957344480193e-08;0.1;6.30957344480193e-09;2.306985213549526e-06;;;;ROUGE;False
1787670951.1790044;26.472128663001058;BLE Sniffer;Appareil BLE;2,4 GHz BLE;62:ae:f9:af:07:b9;-64.0;;;;-64.0;3.9810717055349694e-10;0.00028;1.1147000775497914e-13;6.3771440621008195e-12;25;0x00;38;ORANGE;False
1787670951.1799953;26.473120870001367;BLE Sniffer;Appareil BLE;2,4 GHz BLE;62:ae:f9:af:07:b9;-62.0;;;;-62.0;6.309573444801942e-10;0.00028;1.7666805645445438e-13;6.553812118555274e-12;25;0x00;39;ORANGE;False
1787670951.1800733;26.473197000001164;BLE Sniffer;Appareil BLE;2,4 GHz BLE;44:52:26:0a:24:5f;-86.0;;;;-86.0;2.5118864315095823e-12;0.00019999999999999998;5.023772863019164e-16;1.4802794116547808e-14;15;0x00;37;VERT;False
1787670951.18219;26.47531572800108;BLE Sniffer;iBeacon;2,4 GHz BLE;7c:5a:b6:04:10:35;-65.0;;;;-65.0;3.1622776601683795e-10;0.000368;1.1637181789419636e-13;1.570245326591226e-11;36;0x00;38;ORANGE;False
1787670951.2705626;26.560659601000225;Simulation RF;Détection RF large bande;868 MHz;868 MHz;;2761;2.2247748515556665;-44.99099406222666;-77.99099406222666;1.5881831856986646e-11;0.1;1.5881831856986646e-12;3.9675812506428335e-09;;;;VERT;True
1787670951.270757;26.560659601000225;Simulation RF;Détection RF large bande;2,45 GHz;2,45 GHz;;2928;2.35980287407031;-50.3921149628124;-67.0921149628124;1.9533879472576197e-10;0.1;1.95338794725762e-11;1.399214697285697e-08;;;;ORANGE;True
1787670951.2797265;26.572851805000028;Wi-Fi;Wi-Fi;2,4/5 GHz;wlan0;-42.0;;;;-42.0;6.30957344480193e-08;0.1;6.30957344480193e-09;2.3132947869943276e-06;;;;ROUGE;False
1787670951.2873657;26.580491273000007;BLE Sniffer;iBeacon;2,4 GHz BLE;7c:5a:b6:04:10:35;-67.0;;;;-67.0;1.9952623149688828e-10;0.000368;7.342565319085489e-14;1.5775878919103114e-11;36;0x00;39;ORANGE;False
1787670951.2874475;26.580571383999995;BLE Sniffer;Appareil BLE;2,4 GHz BLE;17:17:1e:65:69:d1;-91.0;;;;-91.0;7.943282347242822e-13;0.000376;2.9866741625633007e-16;2.9866741625633007e-16;37;0x00;37;VERT;False
1787670951.3677976;26.66073855600007;Simulation RF;Détection RF large bande;868 MHz;868 MHz;;2694;2.170936463286249;-42.837458531449954;-75.83745853144995;2.607679103728988e-11;0.1;2.6076791037289883e-12;3.970188929746563e-09;;;;VERT;True
1787670951.3679442;26.66073855600007;Simulation RF;Détection RF large bande;2,45 GHz;2,45 GHz;;2907;2.3424701644821004;-49.69880657928401;-66.39880657928401;2.2914972588769032e-10;0.1;2.2914972588769032e-11;1.4015061945445738e-08;;;;ORANGE;True
1787670951.3766432;26.669767860999855;Wi-Fi;Wi-Fi;2,4/5 GHz;wlan0;-43.0;;;;-43.0;5.011872336272725e-08;0.1;5.0118723362727255e-09;2.3183066593306004e-06;;;;ROUGE;False
1787670951.3932595;26.68638517100044;BLE Sniffer;Appareil BLE;2,4 GHz BLE;62:ae:f9:af:07:b9;-64.0;;;;-64.0;3.9810717055349694e-10;0.00028;1.1147000775497914e-13;6.665282126310253e-12;25;0x00;38;ORANGE;False
1787670951.3952394;26.68836510300025;BLE Sniffer;Appareil BLE;2,4 GHz BLE;62:ae:f9:af:07:b9;-66.0;;;;-66.0;2.511886431509582e-10;0.00028;7.03328200822683e-14;6.735614946392522e-12;25;0x00;39;ORANGE;False
1787670951.3986185;26.691744243000358;BLE Sniffer;iBeacon;2,4 GHz BLE;7c:5a:b6:04:10:35;-70.0;;;;-70.0;1e-10;0.000368;3.68e-14;1.5812678919103113e-11;36;0x00;37;ORANGE;False
1787670951.4678752;26.76081812099983;Simulation RF;Détection RF large bande;868 MHz;868 MHz;;2783;2.2430133545225486;-45.720534180901936;-78.72053418090194;1.342599811609804e-11;0.1;1.342599811609804e-12;3.971531529558173e-09;;;;VERT;True
1787670951.4680164;26.76081812099983;Simulation RF;Détection RF large bande;2,45 GHz;2,45 GHz;;2959;2.384172099754223;-51.366883990168915;-68.06688399016892;1.5606718642039563e-10;0.1;1.5606718642039562e-11;1.4030668664087777e-08;;;;ORANGE;True
1787670951.4842367;26.777362615999664;Wi-Fi;Wi-Fi;2,4/5 GHz;wlan0;-43.0;;;;-43.0;5.011872336272725e-08;0.1;5.0118723362727255e-09;2.323318531666873e-06;;;;ROUGE;False
1787670951.5001311;26.793256775999907;BLE Sniffer;iBeacon;2,4 GHz BLE;7c:5a:b6:04:10:35;-65.0;;;;-65.0;3.1622776601683795e-10;0.000368;1.1637181789419636e-13;1.592905073699731e-11;36;0x00;38;ORANGE;False
1787670951.5002127;26.79333690600106;BLE Sniffer;iBeacon;2,4 GHz BLE;7c:5a:b6:04:10:35;-66.0;;;;-66.0;2.511886431509582e-10;0.000368;9.243742067955262e-14;1.602148815767686e-11;36;0x00;39;ORANGE;False
1787670951.503259;26.796385453000767;BLE Sniffer;Appareil BLE;2,4 GHz BLE;37:10:9e:67:69:d1;-89.0;;;;-89.0;1.258925411794166e-12;0.000376;4.733559548346064e-16;3.854061809450437e-15;37;0x02;37;VERT;False
1787670951.5679753;26.860912983000162;Simulation RF;Détection RF large bande;868 MHz;868 MHz;;2748;2.2147020943948577;-44.5880837757943;-77.5880837757943;1.742575575062889e-11;0.1;1.742575575062889e-12;3.9732741051332355e-09;;;;VERT;True
1787670951.568127;26.860912983000162;Simulation RF;Détection RF large bande;2,45 GHz;2,45 GHz;;2938;2.367685509840626;-50.70742039362503;-67.40742039362503;1.8165943564101732e-10;0.1;1.8165943564101733e-11;1.4048834607651878e-08;;;;ORANGE;True
1787670951.5766504;26.86977515900071;Wi-Fi;Wi-Fi;2,4/5 GHz;wlan0;-43.0;;;;-43.0;5.011872336272725e-08;0.1;5.0118723362727255e-09;2.328330404003146e-06;;;;ROUGE;False
1787670951.6680443;26.96099195700117;Simulation RF;Détection RF large bande;868 MHz;868 MHz;;2803;2.2590174864553694;-46.36069945821477;-79.36069945821477;1.158590742898736e-11;0.1;1.158590742898736e-12;3.974432695876134e-09;;;;VERT;True
1787670951.6681838;26.96099195700117;Simulation RF;Détection RF large bande;2,45 GHz;2,45 GHz;;2938;2.36766634469687;-50.7066537878748;-67.4066537878748;1.816915045402299e-10;0.1;1.8169150454022992e-11;1.4067003758105902e-08;;;;ORANGE;True
1787670951.676866;26.969990966001205;Wi-Fi;Wi-Fi;2,4/5 GHz;wlan0;-43.0;;;;-43.0;5.011872336272725e-08;0.1;5.0118723362727255e-09;2.3333422763394186e-06;;;;ROUGE;False
1787670951.7102134;27.00333945700004;Simulation LoRa;LoRa;868 MHz;LoRa 868.100 MHz;-86.0923625664658;;;;-86.0923625664658;2.459029525621609e-12;0.046335999999999995;1.1394159209920286e-13;2.5928455563867185e-12;13;"SNR=7.10;SF=7;BW=125.0;CR=4/5;F=868.100;CRC=OK;PAYLOAD=54454d504f5f4c4f52415f3236";7;VERT;True
1787670951.7103007;27.00342447500043;BLE Sniffer;iBeacon;2,4 GHz BLE;7c:5a:b6:04:10:35;-64.0;;;;-64.0;3.9810717055349694e-10;0.000368;1.4650343876368688e-13;1.6167991596440546e-11;36;0x00;38;ORANGE;False
1787670951.7134705;27.006596189001357;BLE Sniffer;iBeacon;2,4 GHz BLE;7c:5a:b6:04:10:35;-66.0;;;;-66.0;2.511886431509582e-10;0.000368;9.243742067955262e-14;1.62604290171201e-11;36;0x00;39;ORANGE;False
1787670951.768133;27.061070374000337;Simulation RF;Détection RF large bande;868 MHz;868 MHz;;2790;2.248207788290681;-45.92831153162723;-78.92831153162723;1.2798788041116048e-11;0.1;1.279878804111605e-12;3.975712574680246e-09;;;;VERT;True
1787670951.768269;27.061070374000337;Simulation RF;Détection RF large bande;2,45 GHz;2,45 GHz;;2962;2.387345587242919;-51.49382348971676;-68.19382348971676;1.5157153576563666e-10;0.1;1.5157153576563667e-11;1.4082160911682465e-08;;;;ORANGE;True
1787670951.7769313;27.0700564760009;Wi-Fi;Wi-Fi;2,4/5 GHz;wlan0;-43.0;;;;-43.0;5.011872336272725e-08;0.1;5.0118723362727255e-09;2.3383541486756913e-06;;;;ROUGE;False
1787670951.8190224;27.112147920001007;BLE Sniffer;Appareil BLE;2,4 GHz BLE;57:83:a6:76:f6:f9;-94.0;;;;-94.0;3.981071705534969e-13;0.00026399999999999997;1.0510029302612317e-16;1.0510029302612317e-16;23;0x00;37;VERT;False
1787670951.8681977;27.161145107000266;Simulation RF;Détection RF large bande;868 MHz;868 MHz;;2792;2.250079302248843;-46.00317208995371;-79.00317208995371;1.2580062275142627e-11;0.1;1.2580062275142628e-12;3.97697058090776e-09;;;;VERT;True
1787670951.868335;27.161145107000266;Simulation RF;Détection RF large bande;2,45 GHz;2,45 GHz;;3004;2.421177152214469;-52.84708608857876;-69.54708608857877;1.1099192690401849e-10;0.1;1.109919269040185e-11;1.4093260104372867e-08;;;;ORANGE;True
1787670951.8768814;27.170006504000412;Wi-Fi;Wi-Fi;2,4/5 GHz;wlan0;-43.0;;;;-43.0;5.011872336272725e-08;0.1;5.0118723362727255e-09;2.343366021011964e-06;;;;ROUGE;False
1787670951.9234521;27.2165793690001;BLE Sniffer;Appareil BLE;2,4 GHz BLE;62:ae:f9:af:07:b9;-72.0;;;;-72.0;6.309573444801942e-11;0.00028;1.7666805645445437e-14;6.753281752037967e-12;25;0x00;38;VERT;False
1787670951.9285376;27.221663735999755;BLE Sniffer;Appareil BLE;2,4 GHz BLE;62:ae:f9:af:07:b9;-72.0;;;;-72.0;6.309573444801942e-11;0.00028;1.7666805645445437e-14;6.770948557683413e-12;25;0x00;39;VERT;False
1787670951.9682822;27.261223506000533;Simulation RF;Détection RF large bande;868 MHz;868 MHz;;2857;2.3025159002337157;-48.10063600934862;-81.10063600934862;7.76133446228772e-12;0.1;7.76133446228772e-13;3.977746714353989e-09;;;;VERT;True
1787670951.9684594;27.261223506000533;Simulation RF;Détection RF large bande;2,45 GHz;2,45 GHz;;2901;2.3375217952193394;-49.50087180877357;-66.20087180877357;2.398351422298091e-10;0.1;2.398351422298091e-11;1.4117243618595847e-08;;;;ORANGE;True
1787670951.9770186;27.270143478001046;Wi-Fi;Wi-Fi;2,4/5 GHz;wlan0;-43.0;;;;-43.0;5.011872336272725e-08;0.1;5.0118723362727255e-09;2.348377893348237e-06;;;;ROUGE;False
1787670952.031136;27.32426106800085;BLE Sniffer;iBeacon;2,4 GHz BLE;7c:5a:b6:04:10:35;-68.0;;;;-68.0;1.584893192461111e-10;0.000368;5.832406948256888e-14;1.631875308660267e-11;36;0x00;37;ORANGE;False
1787670952.0312097;27.324334142000225;BLE Sniffer;iBeacon;2,4 GHz BLE;7c:5a:b6:04:10:35;-65.0;;;;-65.0;3.1622776601683795e-10;0.000368;1.1637181789419636e-13;1.6435124904496864e-11;36;0x00;38;ORANGE;False
1787670952.0341854;27.32731118800075;BLE Sniffer;iBeacon;2,4 GHz BLE;7c:5a:b6:04:10:35;-66.0;;;;-66.0;2.511886431509582e-10;0.000368;9.243742067955262e-14;1.6527562325176416e-11;36;0x00;39;ORANGE;False
1787670952.0683715;27.36130279000099;Simulation RF;Détection RF large bande;868 MHz;868 MHz;;2798;2.254612096955218;-46.18448387820871;-79.18448387820871;1.2065674698856679e-11;0.1;1.206567469885668e-12;3.9789532818238744e-09;;;;VERT;True
1787670952.0685139;27.36130279000099;Simulation RF;Détection RF large bande;2,45 GHz;2,45 GHz;;2908;2.3432927930449714;-49.731711721798845;-66.43171172179885;2.274200903950674e-10;0.1;2.274200903950674e-11;1.4139985627635353e-08;;;;ORANGE;True
1787670952.0769846;27.370109354000306;Wi-Fi;Wi-Fi;2,4/5 GHz;wlan0;-43.0;;;;-43.0;5.011872336272725e-08;0.1;5.0118723362727255e-09;2.3533897656845096e-06;;;;ROUGE;False
1787670952.1379356;27.43106525999974;BLE Sniffer;Appareil BLE;2,4 GHz BLE;44:52:26:0a:24:5f;-83.0;;;;-83.0;5.011872336272715e-12;0.00019999999999999998;1.002374467254543e-15;1.580516858380235e-14;15;0x00;37;VERT;False
1787670952.1684537;27.461376110000856;Simulation RF;Détection RF large bande;868 MHz;868 MHz;;2836;2.2851842010012144;-47.40736804004858;-80.40736804004858;9.104648755693726e-12;0.1;9.104648755693726e-13;3.979863746699444e-09;;;;VERT;True
1787670952.1685953;27.461376110000856;Simulation RF;Détection RF large bande;2,45 GHz;2,45 GHz;;2947;2.37523717407696;-51.00948696307839;-67.70948696307839;1.6945379662865826e-10;0.1;1.6945379662865826e-11;1.415693100729822e-08;;;;ORANGE;True
1787670952.1771255;27.470250174001194;Wi-Fi;Wi-Fi;2,4/5 GHz;wlan0;-43.0;;;;-43.0;5.011872336272725e-08;0.1;5.0118723362727255e-09;2.3584016380207823e-06;;;;ROUGE;False
1787670952.2439117;27.537037060999864;BLE Sniffer;Appareil BLE;2,4 GHz BLE;62:ae:f9:af:07:b9;-66.0;;;;-66.0;2.511886431509582e-10;0.00028;7.03328200822683e-14;6.841281377765681e-12;25;0x00;38;ORANGE;False
1787670952.2469852;27.540111033000358;BLE Sniffer;Appareil BLE;2,4 GHz BLE;62:ae:f9:af:07:b9;-77.0;;;;-77.0;1.9952623149688828e-11;0.00028;5.586734481912872e-15;6.846868112247594e-12;25;0x00;39;VERT;False
1787670952.247076;27.540199940000093;BLE Sniffer;Appareil BLE;2,4 GHz BLE;77:10:9e:67:69:d1;-91.0;;;;-91.0;7.943282347242822e-13;0.000376;2.9866741625633007e-16;2.9866741625633007e-16;37;0x02;37;VERT;False
1787670952.2471173;27.540241052000056;BLE Sniffer;iBeacon;2,4 GHz BLE;7c:5a:b6:04:10:35;-64.0;;;;-64.0;3.9810717055349694e-10;0.000368;1.4650343876368688e-13;1.6674065763940102e-11;36;0x00;38;ORANGE;False
1787670952.2685132;27.561457466999855;Simulation RF;Détection RF large bande;868 MHz;868 MHz;;2787;2.2458486574164795;-45.83394629665918;-78.83394629665918;1.3079928510922997e-11;0.1;1.3079928510922997e-12;3.981171739550536e-09;;;;VERT;True
1787670952.268661;27.561457466999855;Simulation RF;Détection RF large bande;2,45 GHz;2,45 GHz;;2925;2.3567967306458923;-50.27186922583569;-66.97186922583569;2.00822827477049e-10;0.1;2.00822827477049e-11;1.4177013290045925e-08;;;;ORANGE;True
1787670952.2772443;27.57036986500134;Wi-Fi;Wi-Fi;2,4/5 GHz;wlan0;-43.0;;;;-43.0;5.011872336272725e-08;0.1;5.0118723362727255e-09;2.363413510357055e-06;;;;ROUGE;False
1787670952.3548236;27.647949264999625;BLE Sniffer;iBeacon;2,4 GHz BLE;7c:5a:b6:04:10:35;-66.0;;;;-66.0;2.511886431509582e-10;0.000368;9.243742067955262e-14;1.6766503184619654e-11;36;0x00;39;ORANGE;False
1787670952.355984;27.649110342999847;BLE Sniffer;Appareil BLE;2,4 GHz BLE;57:83:a4:76:f6:fb;-94.0;;;;-94.0;3.981071705534969e-13;0.00026399999999999997;1.0510029302612317e-16;7.706020796253255e-16;23;0x00;37;VERT;False
1787670952.3685575;27.661509232000753;Simulation RF;Détection RF large bande;868 MHz;868 MHz;;2753;2.2187641696968754;-44.750566787875016;-77.75056678787502;1.6785849355153388e-11;0.1;1.6785849355153388e-12;3.982850324486052e-09;;;;VERT;True
1787670952.368708;27.661509232000753;Simulation RF;Détection RF large bande;2,45 GHz;2,45 GHz;;3000;2.417952220350043;-52.71808881400172;-69.41808881400172;1.1433813883263464e-10;0.1;1.1433813883263465e-11;1.4188447103929189e-08;;;;ORANGE;True
1787670952.3772223;27.670347388000664;Wi-Fi;Wi-Fi;2,4/5 GHz;wlan0;-43.0;;;;-43.0;5.011872336272725e-08;0.1;5.0118723362727255e-09;2.368425382693328e-06;;;;ROUGE;False
1787670952.4619858;27.75511175400061;BLE Sniffer;Appareil BLE;2,4 GHz BLE;62:ae:f9:af:07:b9;-70.0;;;;-70.0;1e-10;0.00028;2.7999999999999997e-14;6.874868112247594e-12;25;0x00;38;ORANGE;False
1787670952.4620745;27.75519882899971;BLE Sniffer;Appareil BLE;2,4 GHz BLE;62:ae:f9:af:07:b9;-80.0;;;;-80.0;1e-11;0.00028;2.7999999999999997e-15;6.877668112247594e-12;25;0x00;39;VERT;False
1787670952.468603;27.761590218000492;Simulation RF;Détection RF large bande;868 MHz;868 MHz;;2801;2.25720376155724;-46.28815046228959;-79.2881504622896;1.1781075894963074e-11;0.1;1.1781075894963074e-12;3.984028432075548e-09;;;;VERT;True
1787670952.4687545;27.761590218000492;Simulation RF;Détection RF large bande;2,45 GHz;2,45 GHz;;2981;2.4020177688564273;-52.08071075425708;-68.78071075425709;1.3241248148807644e-10;0.1;1.3241248148807644e-11;1.4201688352077996e-08;;;;ORANGE;True
1787670952.478466;27.77159091500107;Wi-Fi;Wi-Fi;2,4/5 GHz;wlan0;-43.0;;;;-43.0;5.011872336272725e-08;0.1;5.0118723362727255e-09;2.3734372550296006e-06;;;;ROUGE;False
1787670952.5701199;27.86324652500116;BLE Sniffer;iBeacon;2,4 GHz BLE;7c:5a:b6:04:10:35;-70.0;;;;-70.0;1e-10;0.000368;3.68e-14;1.6803303184619652e-11;36;0x00;37;ORANGE;False
1787670952.5702116;27.863335321000704;BLE Sniffer;iBeacon;2,4 GHz BLE;7c:5a:b6:04:10:35;-65.0;;;;-65.0;3.1622776601683795e-10;0.000368;1.1637181789419636e-13;1.6919675002513848e-11;36;0x00;38;ORANGE;False
1787670952.572826;27.861682464001206;Simulation RF;Détection RF large bande;868 MHz;868 MHz;;2839;2.287540929422986;-47.501637176919445;-80.50163717691944;8.909150230962107e-12;0.1;8.909150230962108e-13;3.984919347098645e-09;;;;VERT;True
1787670952.5729702;27.861682464001206;Simulation RF;Détection RF large bande;2,45 GHz;2,45 GHz;;3011;2.4265080463475144;-53.060321853900575;-69.76032185390058;1.0567391917935287e-10;0.1;1.0567391917935288e-11;1.421225574399593e-08;;;;ORANGE;True
1787670952.581572;27.874697670000387;Wi-Fi;Wi-Fi;2,4/5 GHz;wlan0;-43.0;;;;-43.0;5.011872336272725e-08;0.1;5.0118723362727255e-09;2.3784491273658733e-06;;;;ROUGE;False
1787670952.6688092;27.961761173000923;Simulation RF;Détection RF large bande;868 MHz;868 MHz;;2789;2.247189453734934;-45.88757814939737;-78.88757814939737;1.2919395250548723e-11;0.1;1.2919395250548724e-12;3.986211286623699e-09;;;;VERT;True
1787670952.6689522;27.961761173000923;Simulation RF;Détection RF large bande;2,45 GHz;2,45 GHz;;3006;2.422092132770035;-52.8836853108014;-69.5836853108014;1.1006049682195405e-10;0.1;1.1006049682195406e-11;1.4223261793678127e-08;;;;ORANGE;True
1787670952.6762784;27.96940469600122;BLE Sniffer;iBeacon;2,4 GHz BLE;7c:5a:b6:04:10:35;-66.0;;;;-66.0;2.511886431509582e-10;0.000368;9.243742067955262e-14;1.70121124231934e-11;36;0x00;39;ORANGE;False
1787670952.6764715;27.96959571499974;Simulation LoRa;LoRa;868 MHz;LoRa 868.100 MHz;-84.78931404966231;;;;-84.78931404966231;3.319468830622356e-12;0.046335999999999995;1.5381090773571748e-13;2.746656464122436e-12;13;"SNR=5.35;SF=7;BW=125.0;CR=4/5;F=868.100;CRC=OK;PAYLOAD=54454d504f5f4c4f52415f3237";7;VERT;True
1787670952.6817272;27.97485317599967;Wi-Fi;Wi-Fi;2,4/5 GHz;wlan0;-43.0;;;;-43.0;5.011872336272725e-08;0.1;5.0118723362727255e-09;2.383460999702146e-06;;;;ROUGE;False
1787670952.7771266;28.06185454899969;Simulation RF;Détection RF large bande;868 MHz;868 MHz;;2776;2.2367647682841114;-45.47059073136445;-78.47059073136445;1.4221353338049973e-11;0.1;1.4221353338049975e-12;3.987633421957504e-09;;;;VERT;True
1787670952.7775283;28.06185454899969;Simulation RF;Détection RF large bande;2,45 GHz;2,45 GHz;;3004;2.42095488073284;-52.8381952293136;-69.5381952293136;1.1121938187591166e-10;0.1;1.1121938187591167e-11;1.4234383731865717e-08;;;;ORANGE;True
1787670952.7840984;28.077224464999745;BLE Sniffer;Appareil BLE;2,4 GHz BLE;7f:d4:bf:26:65:b2;-87.0;;;;-87.0;1.9952623149688827e-12;0.00026399999999999997;5.26749251151785e-16;5.0392175699447146e-15;23;0x00;37;VERT;False
1787670952.7841835;28.077307688001383;BLE Sniffer;Appareil BLE;2,4 GHz BLE;62:ae:f9:af:07:b9;-68.0;;;;-68.0;1.584893192461111e-10;0.00028;4.43770093889111e-14;6.922045121636505e-12;25;0x00;38;ORANGE;False
1787670952.7842238;28.077347632000965;BLE Sniffer;Appareil BLE;2,4 GHz BLE;62:ae:f9:af:07:b9;-72.0;;;;-72.0;6.309573444801942e-11;0.00028;1.7666805645445437e-14;6.939711927281951e-12;25;0x00;39;VERT;False
1787670952.7869155;28.080041863000588;BLE Sniffer;Appareil BLE;2,4 GHz BLE;37:10:9e:67:69:d1;-91.0;;;;-91.0;7.943282347242822e-13;0.000376;2.9866741625633007e-16;4.1527292257067666e-15;37;0x02;37;VERT;False
1787670952.7920692;28.08519460000025;Wi-Fi;Wi-Fi;2,4/5 GHz;wlan0;-43.0;;;;-43.0;5.011872336272725e-08;0.1;5.0118723362727255e-09;2.388472872038419e-06;;;;ROUGE;False
1787670952.8689935;28.161939202000212;Simulation RF;Détection RF large bande;868 MHz;868 MHz;;2752;2.217746809979729;-44.709872399189166;-77.70987239918917;1.694387582809825e-11;0.1;1.694387582809825e-12;3.989327809540314e-09;;;;VERT;True
1787670952.8691258;28.161939202000212;Simulation RF;Détection RF large bande;2,45 GHz;2,45 GHz;;2943;2.3713052599892603;-50.85221039957041;-67.55221039957041;1.7570291229881892e-10;0.1;1.7570291229881894e-11;1.4251954023095598e-08;;;;ORANGE;True
1787670952.8776805;28.17080537699985;Wi-Fi;Wi-Fi;2,4/5 GHz;wlan0;-43.0;;;;-43.0;5.011872336272725e-08;0.1;5.0118723362727255e-09;2.3934847443746916e-06;;;;ROUGE;False
1787670952.8932;28.186325868000495;BLE Sniffer;iBeacon;2,4 GHz BLE;7c:5a:b6:04:10:35;-64.0;;;;-64.0;3.9810717055349694e-10;0.000368;1.4650343876368688e-13;1.7158615861957086e-11;36;0x00;38;ORANGE;False
1787670952.8932867;28.186410553000314;BLE Sniffer;iBeacon;2,4 GHz BLE;7c:5a:b6:04:10:35;-66.0;;;;-66.0;2.511886431509582e-10;0.000368;9.243742067955262e-14;1.7251053282636638e-11;36;0x00;39;ORANGE;False
1787670952.893327;28.186450942001102;BLE Sniffer;Appareil BLE;2,4 GHz BLE;44:52:26:0a:24:5f;-87.0;;;;-87.0;1.9952623149688827e-12;0.00019999999999999998;3.9905246299377653e-16;1.620422104679613e-14;15;0x00;37;VERT;False
1787670952.9808424;28.262044521999997;Simulation RF;Détection RF large bande;868 MHz;868 MHz;;2773;2.234753783374132;-45.39015133496528;-78.39015133496528;1.4487213702834448e-11;0.1;1.448721370283445e-12;3.990776530910597e-09;;;;VERT;True
1787670952.9811296;28.262044521999997;Simulation RF;Détection RF large bande;2,45 GHz;2,45 GHz;;2952;2.3790971815101156;-51.16388726040462;-67.86388726040462;1.635352103709584e-10;0.1;1.635352103709584e-11;1.4268307544132694e-08;;;;ORANGE;True
1787670952.9899383;28.283062882001104;Wi-Fi;Wi-Fi;2,4/5 GHz;wlan0;-43.0;;;;-43.0;5.011872336272725e-08;0.1;5.0118723362727255e-09;2.3984966167109643e-06;;;;ROUGE;False
1787670952.999954;28.29307950400107;BLE Sniffer;Appareil BLE;2,4 GHz BLE;62:ae:f9:af:07:b9;-73.0;;;;-73.0;5.011872336272715e-11;0.00028;1.40332425415636e-14;6.953745169823515e-12;25;0x00;38;VERT;False
1787670953.0691822;28.362128839000434;Simulation RF;Détection RF large bande;868 MHz;868 MHz;;2789;2.2472692489282213;-45.89076995712885;-78.89076995712885;1.290990374697642e-11;0.1;1.2909903746976422e-12;3.992067521285295e-09;;;;VERT;True
1787670953.069327;28.362128839000434;Simulation RF;Détection RF large bande;2,45 GHz;2,45 GHz;;2995;2.4137423043230712;-52.549692172922846;-69.24969217292285;1.1885864712273995e-10;0.1;1.1885864712273995e-11;1.4280193408844968e-08;;;;ORANGE;True
1787670953.0778174;28.37094193899975;Wi-Fi;Wi-Fi;2,4/5 GHz;wlan0;-43.0;;;;-43.0;5.011872336272725e-08;0.1;5.0118723362727255e-09;2.403508489047237e-06;;;;ROUGE;False
1787670953.104845;28.397970186000748;BLE Sniffer;Appareil BLE;2,4 GHz BLE;62:ae:f9:af:07:b9;-77.0;;;;-77.0;1.9952623149688828e-11;0.00028;5.586734481912872e-15;6.959331904305427e-12;25;0x00;39;VERT;False
1787670953.1087627;28.401888975000475;BLE Sniffer;Appareil BLE;2,4 GHz BLE;44:52:26:0a:24:5f;-83.0;;;;-83.0;5.011872336272715e-12;0.00019999999999999998;1.002374467254543e-15;1.720659551405067e-14;15;0x00;37;VERT;False
1787670953.109946;28.40307255300104;BLE Sniffer;iBeacon;2,4 GHz BLE;7c:5a:b6:04:10:35;-65.0;;;;-65.0;3.1622776601683795e-10;0.000368;1.1637181789419636e-13;1.7367425100530834e-11;36;0x00;38;ORANGE;False
1787670953.1692762;28.462215506000575;Simulation RF;Détection RF large bande;868 MHz;868 MHz;;2830;2.2805689765308452;-47.2227590612338;-80.2227590612338;9.500010687647773e-12;0.1;9.500010687647774e-13;3.993017522354059e-09;;;;VERT;True
1787670953.1694617;28.462215506000575;Simulation RF;Détection RF large bande;2,45 GHz;2,45 GHz;;2966;2.3900255598866;-51.601022395463986;-68.30102239546399;1.4787602244722957e-10;0.1;1.4787602244722958e-11;1.429498101108969e-08;;;;ORANGE;True
1787670953.1791956;28.472320980001314;Wi-Fi;Wi-Fi;2,4/5 GHz;wlan0;-43.0;;;;-43.0;5.011872336272725e-08;0.1;5.0118723362727255e-09;2.40852036138351e-06;;;;ROUGE;False
1787670953.212685;28.505811226999867;BLE Sniffer;iBeacon;2,4 GHz BLE;7c:5a:b6:04:10:35;-66.0;;;;-66.0;2.511886431509582e-10;0.000368;9.243742067955262e-14;1.7459862521210386e-11;36;0x00;39;ORANGE;False
1787670953.2693446;28.56229263500063;Simulation RF;Détection RF large bande;868 MHz;868 MHz;;2824;2.2760767048741415;-47.043068194965656;-80.04306819496566;9.90132191132384e-12;0.1;9.901321911323841e-13;3.994007654545192e-09;;;;VERT;True
1787670953.2694883;28.56229263500063;Simulation RF;Détection RF large bande;2,45 GHz;2,45 GHz;;3006;2.4225792009198983;-52.90316803679592;-69.60316803679592;1.0956786426709172e-10;0.1;1.0956786426709172e-11;1.43059377975164e-08;;;;ORANGE;True
1787670953.2779686;28.571093569000368;Wi-Fi;Wi-Fi;2,4/5 GHz;wlan0;-43.0;;;;-43.0;5.011872336272725e-08;0.1;5.0118723362727255e-09;2.4135322337197825e-06;;;;ROUGE;False
1787670953.3180015;28.61112685400076;BLE Sniffer;Appareil BLE;2,4 GHz BLE;4f:d4:bf:26:65:b2;-87.0;;;;-87.0;1.9952623149688827e-12;0.00026399999999999997;5.26749251151785e-16;5.26749251151785e-16;23;0x00;37;VERT;False
1787670953.321302;28.614428623001004;BLE Sniffer;Appareil BLE;2,4 GHz BLE;62:ae:f9:af:07:b9;-75.0;;;;-75.0;3.1622776601683794e-11;0.00028;8.854377448471461e-15;6.9681862817538985e-12;25;0x00;38;VERT;False
1787670953.3213885;28.614512494001247;BLE Sniffer;Appareil BLE;2,4 GHz BLE;62:ae:f9:af:07:b9;-75.0;;;;-75.0;3.1622776601683794e-11;0.00028;8.854377448471461e-15;6.97704065920237e-12;25;0x00;39;VERT;False
1787670953.3694034;28.66236833900075;Simulation RF;Détection RF large bande;868 MHz;868 MHz;;2815;2.2681568722121117;-46.72627488848447;-79.72627488848447;1.0650561663583086e-11;0.1;1.0650561663583086e-12;3.99507271071155e-09;;;;VERT;True
1787670953.3695378;28.66236833900075;Simulation RF;Détection RF large bande;2,45 GHz;2,45 GHz;;3067;2.471522242301406;-54.86088969205622;-71.56088969205622;6.980893794192334e-11;0.1;6.980893794192334e-12;1.4312918691310591e-08;;;;VERT;True
1787670953.377985;28.671110160999888;Wi-Fi;Wi-Fi;2,4/5 GHz;wlan0;-43.0;;;;-43.0;5.011872336272725e-08;0.1;5.0118723362727255e-09;2.4185441060560553e-06;;;;ROUGE;False
1787670953.4252744;28.718399856999895;BLE Sniffer;Appareil BLE;2,4 GHz BLE;44:52:26:0a:24:5f;-84.0;;;;-84.0;3.9810717055349695e-12;0.00019999999999999998;7.962143411069938e-16;1.8002809855157664e-14;15;0x00;37;VERT;False
1787670953.4288538;28.721980034000808;BLE Sniffer;iBeacon;2,4 GHz BLE;7c:5a:b6:04:10:35;-64.0;;;;-64.0;3.9810717055349694e-10;0.000368;1.4650343876368688e-13;1.760636595997407e-11;36;0x00;38;ORANGE;False
1787670953.4694982;28.76245215400013;Simulation RF;Détection RF large bande;868 MHz;868 MHz;;2783;2.243059132247118;-45.722365289884706;-78.7223652898847;1.342033852686751e-11;0.1;1.3420338526867512e-12;3.996414744564237e-09;;;;VERT;True
1787670953.4696414;28.76245215400013;Simulation RF;Détection RF large bande;2,45 GHz;2,45 GHz;;2966;2.390506207507704;-51.62024830030816;-68.32024830030817;1.4722283279352474e-10;0.1;1.4722283279352475e-11;1.4327640974589944e-08;;;;ORANGE;True
1787670953.478202;28.77132710600017;Wi-Fi;Wi-Fi;2,4/5 GHz;wlan0;-43.0;;;;-43.0;5.011872336272725e-08;0.1;5.0118723362727255e-09;2.423555978392328e-06;;;;ROUGE;False
1787670953.5315433;28.82466807899982;BLE Sniffer;iBeacon;2,4 GHz BLE;7c:5a:b6:04:10:35;-66.0;;;;-66.0;2.511886431509582e-10;0.000368;9.243742067955262e-14;1.7698803380653624e-11;36;0x00;39;ORANGE;False
1787670953.5348532;28.82797951500106;BLE Sniffer;Appareil BLE;2,4 GHz BLE;7f:d4:bf:26:65:b2;-89.0;;;;-89.0;1.258925411794166e-12;0.00026399999999999997;3.323563087136598e-16;5.371573878658375e-15;23;0x00;37;VERT;False
1787670953.5695565;28.862532913000905;Simulation RF;Détection RF large bande;868 MHz;868 MHz;;2793;2.250500852548236;-46.02003410192944;-79.02003410192944;1.2531313349904341e-11;0.1;1.253131334990434e-12;3.997667875899227e-09;;;;VERT;True
1787670953.5696993;28.862532913000905;Simulation RF;Détection RF large bande;2,45 GHz;2,45 GHz;;2972;2.394971379873002;-51.798855194920066;-68.49885519492007;1.412909940168831e-10;0.1;1.412909940168831e-11;1.4341770073991631e-08;;;;ORANGE;True
1787670953.5784411;28.871565736000775;Wi-Fi;Wi-Fi;2,4/5 GHz;wlan0;-43.0;;;;-43.0;5.011872336272725e-08;0.1;5.0118723362727255e-09;2.4285678507286008e-06;;;;ROUGE;False
1787670953.6415865;28.934712405000028;Simulation LoRa;LoRa;868 MHz;LoRa 868.100 MHz;-89.36163241153997;;;;-89.36163241153997;1.1583418806546614e-12;0.046335999999999995;5.3672929382014384e-14;2.8003293935044504e-12;13;"SNR=4.59;SF=7;BW=125.0;CR=4/5;F=868.100;CRC=OK;PAYLOAD=54454d504f5f4c4f52415f3238";7;VERT;True
1787670953.6696775;28.96261880200109;Simulation RF;Détection RF large bande;868 MHz;868 MHz;;2753;2.218516027553823;-44.74064110215292;-77.74064110215292;1.682425684360934e-11;0.1;1.6824256843609343e-12;3.9993503015835884e-09;;;;VERT;True
1787670953.6698313;28.96261880200109;Simulation RF;Détection RF large bande;2,45 GHz;2,45 GHz;;2944;2.3724586136660384;-50.898344546641525;-67.59834454664153;1.7384633737987776e-10;0.1;1.7384633737987777e-11;1.435915470772962e-08;;;;ORANGE;True
1787670953.6785011;28.97162601400123;Wi-Fi;Wi-Fi;2,4/5 GHz;wlan0;-43.0;;;;-43.0;5.011872336272725e-08;0.1;5.0118723362727255e-09;2.4335797230648735e-06;;;;ROUGE;False
1787670953.746522;29.039647568000873;BLE Sniffer;iBeacon;2,4 GHz BLE;7c:5a:b6:04:10:35;-64.0;;;;-64.0;3.9810717055349694e-10;0.000368;1.4650343876368688e-13;1.784530681941731e-11;36;0x00;38;ORANGE;False
1787670953.7466137;29.039738086001307;BLE Sniffer;iBeacon;2,4 GHz BLE;7c:5a:b6:04:10:35;-65.0;;;;-65.0;3.1622776601683795e-10;0.000368;1.1637181789419636e-13;1.7961678637311505e-11;36;0x00;39;ORANGE;False
1787670953.746656;29.039779771999747;BLE Sniffer;Appareil BLE;2,4 GHz BLE;57:83:a4:f6:f6:fb;-92.0;;;;-92.0;6.309573444801942e-13;0.00052;3.28097819129701e-16;3.28097819129701e-16;55;0x00;37;VERT;False
1787670953.7697437;29.062698636000277;Simulation RF;Détection RF large bande;868 MHz;868 MHz;;2711;2.184577532084435;-43.3831012833774;-76.3831012833774;2.2997989516226648e-11;0.1;2.2997989516226648e-12;4.001650100535211e-09;;;;VERT;True
1787670953.769897;29.062698636000277;Simulation RF;Détection RF large bande;2,45 GHz;2,45 GHz;;2958;2.3835132450590293;-51.340529802361175;-68.04052980236118;1.5701712451010454e-10;0.1;1.5701712451010456e-11;1.4374856420180631e-08;;;;ORANGE;True
1787670953.7785025;29.07162688400058;Wi-Fi;Wi-Fi;2,4/5 GHz;wlan0;-43.0;;;;-43.0;5.011872336272725e-08;0.1;5.0118723362727255e-09;2.4385915954011463e-06;;;;ROUGE;False
1787670953.855053;29.148178741001175;BLE Sniffer;Appareil BLE;2,4 GHz BLE;62:ae:f9:af:37:b9;-73.0;;;;-73.0;5.011872336272715e-11;0.00028;1.40332425415636e-14;1.40332425415636e-14;25;0x00;38;VERT;False
1787670953.8551419;29.148265777999768;BLE Sniffer;Appareil BLE;2,4 GHz BLE;62:ae:f9:af:07:b9;-82.0;;;;-82.0;6.309573444801943e-12;0.00028;1.7666805645445437e-15;6.978807339766914e-12;25;0x00;39;VERT;False
1787670953.869865;29.162781525001265;Simulation RF;Détection RF large bande;868 MHz;868 MHz;;2735;2.2038385580714377;-44.153542322857504;-77.1535423228575;1.9259533685351435e-11;0.1;1.9259533685351435e-12;4.003576053903746e-09;;;;VERT;True
1787670953.8700254;29.162781525001265;Simulation RF;Détection RF large bande;2,45 GHz;2,45 GHz;;2907;2.3426873973037874;-49.7074958921515;-66.4074958921515;2.286917041687781e-10;0.1;2.2869170416877813e-11;1.4397725590597509e-08;;;;ORANGE;True
1787670953.8796058;29.172730276000948;Wi-Fi;Wi-Fi;2,4/5 GHz;wlan0;-43.0;;;;-43.0;5.011872336272725e-08;0.1;5.0118723362727255e-09;2.443603467737419e-06;;;;ROUGE;False
1787670953.9579816;29.25110756400136;BLE Sniffer;Appareil BLE;2,4 GHz BLE;44:52:26:0a:24:5f;-86.0;;;;-86.0;2.5118864315095823e-12;0.00019999999999999998;5.023772863019164e-16;1.850518714145958e-14;15;0x00;37;VERT;False
1787670953.9698842;29.26286471000094;Simulation RF;Détection RF large bande;868 MHz;868 MHz;;2664;2.1470299132236463;-41.88119652894585;-74.88119652894585;3.2499774460529293e-11;0.1;3.2499774460529296e-12;4.006826031349799e-09;;;;VERT;True
1787670953.9700372;29.26286471000094;Simulation RF;Détection RF large bande;2,45 GHz;2,45 GHz;;2915;2.348952743912081;-49.95810975648324;-66.65810975648324;2.158683760281225e-10;0.1;2.1586837602812252e-11;1.4419312428200321e-08;;;;ORANGE;True
1787670953.97866;29.27178579199972;Wi-Fi;Wi-Fi;2,4/5 GHz;wlan0;-43.0;;;;-43.0;5.011872336272725e-08;0.1;5.0118723362727255e-09;2.4486153400736918e-06;;;;ROUGE;False
1787670954.06861;29.361736389000725;BLE Sniffer;iBeacon;2,4 GHz BLE;7c:5a:b6:04:10:35;-64.0;;;;-64.0;3.9810717055349694e-10;0.000368;1.4650343876368688e-13;1.810818207607519e-11;36;0x00;38;ORANGE;False
1787670954.068703;29.361827148000884;BLE Sniffer;iBeacon;2,4 GHz BLE;7c:5a:b6:04:10:35;-66.0;;;;-66.0;2.511886431509582e-10;0.000368;9.243742067955262e-14;1.8200619496754742e-11;36;0x00;39;ORANGE;False
1787670954.068746;29.36186963;BLE Sniffer;Appareil BLE;2,4 GHz BLE;33:50:9a:67:69:31;-95.0;;;;-95.0;3.162277660168379e-13;0.00034399999999999996;1.0878235150979223e-16;1.0878235150979223e-16;33;0x02;37;VERT;False
1787670954.0728486;29.36336159700113;Simulation RF;Détection RF large bande;868 MHz;868 MHz;;2709;2.1828565008126155;-43.31426003250462;-76.31426003250462;2.3365441776100256e-11;0.1;2.336544177610026e-12;4.009162575527409e-09;;;;VERT;True
1787670954.0729966;29.36336159700113;Simulation RF;Détection RF large bande;2,45 GHz;2,45 GHz;;2900;2.3367353008768044;-49.46941203507217;-66.16941203507217;2.415787871157418e-10;0.1;2.4157878711574183e-11;1.4443470306911895e-08;;;;ORANGE;True
1787670954.0816905;29.374815760000274;Wi-Fi;Wi-Fi;2,4/5 GHz;wlan0;-43.0;;;;-43.0;5.011872336272725e-08;0.1;5.0118723362727255e-09;2.4536272124099645e-06;;;;ROUGE;False
1787670954.1705174;29.463447907000955;Simulation RF;Détection RF large bande;868 MHz;868 MHz;;2772;2.2339553953804336;-45.358215815217335;-78.35821581521733;1.459413698912134e-11;0.1;1.459413698912134e-12;4.010621989226321e-09;;;;VERT;True
1787670954.1706698;29.463447907000955;Simulation RF;Détection RF large bande;2,45 GHz;2,45 GHz;;2998;2.416193524783111;-52.64774099132444;-69.34774099132444;1.1620529054201425e-10;0.1;1.1620529054201426e-11;1.4455090835966096e-08;;;;ORANGE;True
1787670954.180557;29.47368391800046;Wi-Fi;Wi-Fi;2,4/5 GHz;wlan0;-43.0;;;;-43.0;5.011872336272725e-08;0.1;5.0118723362727255e-09;2.4586390847462373e-06;;;;ROUGE;False
1787670954.2708192;29.563773625000977;Simulation RF;Détection RF large bande;868 MHz;868 MHz;;2797;2.2540492241397407;-46.16196896558962;-79.16196896558962;1.2128388597338965e-11;0.1;1.2128388597338966e-12;4.011834828086055e-09;;;;VERT;True
1787670954.2709527;29.563773625000977;Simulation RF;Détection RF large bande;2,45 GHz;2,45 GHz;;2970;2.3935705393807636;-51.742821575230536;-68.44282157523054;1.4312577208706088e-10;0.1;1.4312577208706089e-11;1.4469403413174802e-08;;;;ORANGE;True
1787670954.2828572;29.575983290000295;BLE Sniffer;iBeacon;2,4 GHz BLE;7c:5a:b6:04:10:35;-65.0;;;;-65.0;3.1622776601683795e-10;0.000368;1.1637181789419636e-13;1.8316991314648938e-11;36;0x00;38;ORANGE;False
1787670954.2870698;29.580195542999718;Wi-Fi;Wi-Fi;2,4/5 GHz;wlan0;-43.0;;;;-43.0;5.011872336272725e-08;0.1;5.0118723362727255e-09;2.46365095708251e-06;;;;ROUGE;False
1787670954.3709095;29.663853101999848;Simulation RF;Détection RF large bande;868 MHz;868 MHz;;2784;2.243121601296106;-45.724864051844236;-78.72486405184424;1.3412619205647925e-11;0.1;1.3412619205647926e-12;4.01317609000662e-09;;;;VERT;True
1787670954.3710477;29.663853101999848;Simulation RF;Détection RF large bande;2,45 GHz;2,45 GHz;;2934;2.36473800481564;-50.589520192625585;-67.28952019262559;1.8665858993511715e-10;0.1;1.8665858993511717e-11;1.4488069272168313e-08;;;;ORANGE;True
1787670954.378834;29.67195888400056;Wi-Fi;Wi-Fi;2,4/5 GHz;wlan0;-43.0;;;;-43.0;5.011872336272725e-08;0.1;5.0118723362727255e-09;2.4686628294187827e-06;;;;ROUGE;False
1787670954.3881688;29.681294764000995;BLE Sniffer;iBeacon;2,4 GHz BLE;7c:5a:b6:04:10:35;-66.0;;;;-66.0;2.511886431509582e-10;0.000368;9.243742067955262e-14;1.840942873532849e-11;36;0x00;39;ORANGE;False
1787670954.3882558;29.681379671001196;BLE Sniffer;Appareil BLE;2,4 GHz BLE;44:52:26:0a:24:5f;-86.0;;;;-86.0;2.5118864315095823e-12;0.00019999999999999998;5.023772863019164e-16;1.9007564427761494e-14;15;0x00;37;VERT;False
1787670954.3882973;29.68142100499972;BLE Sniffer;Appareil BLE;2,4 GHz BLE;44:52:26:0a:24:5f;-91.0;;;;-91.0;7.943282347242822e-13;0.00019999999999999998;1.5886564694485642e-16;1.916643007470635e-14;15;0x00;38;VERT;False
1787670954.3918107;29.684936274001302;BLE Sniffer;Appareil BLE;2,4 GHz BLE;44:52:26:0a:24:5f;-87.0;;;;-87.0;1.9952623149688827e-12;0.00019999999999999998;3.9905246299377653e-16;1.9565482537700128e-14;15;0x00;39;VERT;False
1787670954.4809227;29.763946745000794;Simulation RF;Détection RF large bande;868 MHz;868 MHz;;2837;2.28638833397842;-47.45553335913681;-80.45553335913681;9.004231745580358e-12;0.1;9.004231745580358e-13;4.0140765131811785e-09;;;;VERT;True
1787670954.4812381;29.763946745000794;Simulation RF;Détection RF large bande;2,45 GHz;2,45 GHz;;3019;2.4329610213628934;-53.31844085451573;-70.01844085451573;9.957628385358392e-11;0.1;9.957628385358392e-12;1.4498026900553672e-08;;;;VERT;True
1787670954.4899867;29.78311128200039;Wi-Fi;Wi-Fi;2,4/5 GHz;wlan0;-43.0;;;;-43.0;5.011872336272725e-08;0.1;5.0118723362727255e-09;2.4736747017550555e-06;;;;ROUGE;False
1787670954.4969387;29.790064451000944;BLE Sniffer;Appareil BLE;2,4 GHz BLE;7f:d4:bf:26:65:b2;-85.0;;;;-85.0;3.1622776601683794e-12;0.00026399999999999997;8.348413022844521e-16;6.2064151809428265e-15;23;0x00;37;VERT;False
1787670954.5710773;29.86402649900083;Simulation RF;Détection RF large bande;868 MHz;868 MHz;;2811;2.265030905986563;-46.60123623946251;-79.60123623946251;1.0961661229383513e-11;0.1;1.0961661229383514e-12;4.015172679304117e-09;;;;VERT;True
1787670954.5712268;29.86402649900083;Simulation RF;Détection RF large bande;2,45 GHz;2,45 GHz;;2988;2.4076427678932535;-52.30571071573013;-69.00571071573013;1.2572710871993111e-10;0.1;1.2572710871993111e-11;1.4510599611425665e-08;;;;ORANGE;True
1787670954.5789747;29.87209948600139;Wi-Fi;Wi-Fi;2,4/5 GHz;wlan0;-43.0;;;;-43.0;5.011872336272725e-08;0.1;5.0118723362727255e-09;2.4786865740913282e-06;;;;ROUGE;False
1787670954.6025128;29.895639406000555;BLE Sniffer;iBeacon;2,4 GHz BLE;7c:5a:b6:04:10:35;-64.0;;;;-64.0;3.9810717055349694e-10;0.000368;1.4650343876368688e-13;1.8555932174092176e-11;36;0x00;38;ORANGE;False
1787670954.6051478;29.898273820999748;BLE Sniffer;iBeacon;2,4 GHz BLE;7c:5a:b6:04:10:35;-66.0;;;;-66.0;2.511886431509582e-10;0.000368;9.243742067955262e-14;1.8648369594771728e-11;36;0x00;39;ORANGE;False
1787670954.607458;29.900583587001165;BLE Sniffer;Appareil BLE;2,4 GHz BLE;44:52:26:0a:24:5f;-84.0;;;;-84.0;3.9810717055349695e-12;0.00019999999999999998;7.962143411069938e-16;2.036169687880712e-14;15;0x00;37;VERT;False
1787670954.671141;29.964103087000694;Simulation RF;Détection RF large bande;868 MHz;868 MHz;;2824;2.275534147301856;-47.02136589207424;-80.02136589207424;9.950924033382297e-12;0.1;9.950924033382299e-13;4.016167771707455e-09;;;;VERT;True
1787670954.6712818;29.964103087000694;Simulation RF;Détection RF large bande;2,45 GHz;2,45 GHz;;2955;2.38141918156003;-51.2567672624012;-67.9567672624012;1.6007491274225526e-10;0.1;1.6007491274225528e-11;1.4526607102699892e-08;;;;ORANGE;True
1787670954.6798964;29.97302103900074;Wi-Fi;Wi-Fi;2,4/5 GHz;wlan0;-43.0;;;;-43.0;5.011872336272725e-08;0.1;5.0118723362727255e-09;2.483698446427601e-06;;;;ROUGE;False
1787670954.7104993;30.0036257390002;Simulation LoRa;LoRa;868 MHz;LoRa 868.100 MHz;-84.79209969855248;;;;-84.79209969855248;3.3173403417465113e-12;0.046335999999999995;1.5371228207516634e-13;2.954041675579617e-12;13;"SNR=6.28;SF=7;BW=125.0;CR=4/5;F=868.100;CRC=OK;PAYLOAD=54454d504f5f4c4f52415f3239";7;VERT;True
1787670954.7712722;30.064194212000075;Simulation RF;Détection RF large bande;868 MHz;868 MHz;;2802;2.257701756019387;-46.30807024077548;-79.30807024077548;1.1727163386557756e-11;0.1;1.1727163386557757e-12;4.017340488046111e-09;;;;VERT;True
1787670954.7714357;30.064194212000075;Simulation RF;Détection RF large bande;2,45 GHz;2,45 GHz;;2871;2.314011707039139;-48.56046828156556;-65.26046828156557;2.978195285781146e-10;0.1;2.978195285781146e-11;1.4556389055557703e-08;;;;ORANGE;True
1787670954.7768154;30.069940246999977;Wi-Fi;Wi-Fi;2,4/5 GHz;wlan0;-43.0;;;;-43.0;5.011872336272725e-08;0.1;5.0118723362727255e-09;2.4887103187638737e-06;;;;ROUGE;False
1787670954.8713222;30.164270003000638;Simulation RF;Détection RF large bande;868 MHz;868 MHz;;2752;2.2179725710918667;-44.71890284367467;-77.71890284367467;1.6908680409736892e-11;0.1;1.6908680409736894e-12;4.019031356087084e-09;;;;VERT;True
1787670954.8714652;30.164270003000638;Simulation RF;Détection RF large bande;2,45 GHz;2,45 GHz;;2974;2.3966296468970536;-51.86518587588215;-68.56518587588215;1.3914942383076072e-10;0.1;1.3914942383076072e-11;1.4570303997940779e-08;;;;ORANGE;True
1787670954.8800073;30.1731317699996;Wi-Fi;Wi-Fi;2,4/5 GHz;wlan0;-43.0;;;;-43.0;5.011872336272725e-08;0.1;5.0118723362727255e-09;2.4937221911001465e-06;;;;ROUGE;False
1787670954.9208927;30.214022093001404;BLE Sniffer;iBeacon;2,4 GHz BLE;7c:5a:b6:04:10:35;-65.0;;;;-65.0;3.1622776601683795e-10;0.000368;1.1637181789419636e-13;1.8764741412665924e-11;36;0x00;38;ORANGE;False
1787670954.9256475;30.21877479199975;BLE Sniffer;iBeacon;2,4 GHz BLE;7c:5a:b6:04:10:35;-66.0;;;;-66.0;2.511886431509582e-10;0.000368;9.243742067955262e-14;1.8857178833345476e-11;36;0x00;39;ORANGE;False
1787670954.9274764;30.22060355600115;BLE Sniffer;Appareil BLE;2,4 GHz BLE;44:52:26:0a:24:5f;-85.0;;;;-85.0;3.1622776601683794e-12;0.00019999999999999998;6.324555320336759e-16;2.0994152410840796e-14;15;0x00;37;VERT;False
1787670954.927569;30.220692705001056;BLE Sniffer;Appareil BLE;2,4 GHz BLE;44:52:26:0a:24:5f;-91.0;;;;-91.0;7.943282347242822e-13;0.00019999999999999998;1.5886564694485642e-16;2.115301805778565e-14;15;0x00;38;VERT;False
1787670954.9714117;30.264353387001393;Simulation RF;Détection RF large bande;868 MHz;868 MHz;;2815;2.2684881897769666;-46.73952759107867;-79.73952759107867;1.0618110506607497e-11;0.1;1.0618110506607498e-12;4.020093167137745e-09;;;;VERT;True
1787670954.9715652;30.264353387001393;Simulation RF;Détection RF large bande;2,45 GHz;2,45 GHz;;2935;2.3648819028414763;-50.59527611365904;-67.29527611365904;1.864113658762407e-10;0.1;1.8641136587624073e-11;1.4588945134528403e-08;;;;ORANGE;True
1787670954.9802177;30.273343376000412;Wi-Fi;Wi-Fi;2,4/5 GHz;wlan0;-43.0;;;;-43.0;5.011872336272725e-08;0.1;5.0118723362727255e-09;2.4987340634364192e-06;;;;ROUGE;False
1787670955.0341198;30.32724510600019;BLE Sniffer;Appareil BLE;2,4 GHz BLE;44:52:26:0a:24:5f;-87.0;;;;-87.0;1.9952623149688827e-12;0.00019999999999999998;3.9905246299377653e-16;2.155207052077943e-14;15;0x00;39;VERT;False
1787670955.0376554;30.33078217200091;BLE Sniffer;Appareil BLE;2,4 GHz BLE;7f:d4:bf:26:65:b2;-87.0;;;;-87.0;1.9952623149688827e-12;0.00026399999999999997;5.26749251151785e-16;6.733164432094612e-15;23;0x00;37;VERT;False
1787670955.0714736;30.3644352120009;Simulation RF;Détection RF large bande;868 MHz;868 MHz;;2820;2.272164054784578;-46.886562191383106;-79.8865621913831;1.0264641380356085e-11;0.1;1.0264641380356086e-12;4.021119631275781e-09;;;;VERT;True
1787670955.0716195;30.3644352120009;Simulation RF;Détection RF large bande;2,45 GHz;2,45 GHz;;3009;2.4249869815967147;-52.99947926386858;-69.69947926386858;1.0716477923113003e-10;0.1;1.0716477923113004e-11;1.4599661612451516e-08;;;;ORANGE;True
1787670955.0801537;30.373279052000726;Wi-Fi;Wi-Fi;2,4/5 GHz;wlan0;-43.0;;;;-43.0;5.011872336272725e-08;0.1;5.0118723362727255e-09;2.503745935772692e-06;;;;ROUGE;False
1787670955.1440594;30.437185143000534;BLE Sniffer;iBeacon;2,4 GHz BLE;7c:5a:b6:04:10:35;-64.0;;;;-64.0;3.9810717055349694e-10;0.000368;1.4650343876368688e-13;1.900368227210916e-11;36;0x00;38;ORANGE;False
1787670955.144152;30.437276013000883;BLE Sniffer;iBeacon;2,4 GHz BLE;7c:5a:b6:04:10:35;-66.0;;;;-66.0;2.511886431509582e-10;0.000368;9.243742067955262e-14;1.9096119692788714e-11;36;0x00;39;ORANGE;False
1787670955.171592;30.46452757299994;Simulation RF;Détection RF large bande;868 MHz;868 MHz;;2858;2.3029320050748874;-48.11728020299549;-81.11728020299549;7.731646328134262e-12;0.1;7.731646328134262e-13;4.021892795908594e-09;;;;VERT;True
1787670955.1717427;30.46452757299994;Simulation RF;Détection RF large bande;2,45 GHz;2,45 GHz;;3007;2.4232979212216943;-52.93191684886777;-69.63191684886777;1.0884495774780801e-10;0.1;1.0884495774780802e-11;1.4610546108226296e-08;;;;ORANGE;True
1787670955.1854632;30.478588613001193;Wi-Fi;Wi-Fi;2,4/5 GHz;wlan0;-43.0;;;;-43.0;5.011872336272725e-08;0.1;5.0118723362727255e-09;2.5087578081089647e-06;;;;ROUGE;False
1787670955.2495327;30.542658518999815;BLE Sniffer;Appareil BLE;2,4 GHz BLE;7f:d4:bf:26:65:b2;-87.0;;;;-87.0;1.9952623149688827e-12;0.00026399999999999997;5.26749251151785e-16;7.259913683246396e-15;23;0x00;37;VERT;False
1787670955.2716491;30.564608433000103;Simulation RF;Détection RF large bande;868 MHz;868 MHz;;2769;2.231506522708093;-45.2602609083237;-78.2602609083237;1.4927047306159547e-11;0.1;1.4927047306159547e-12;4.023385500639211e-09;;;;VERT;True
1787670955.2718008;30.564608433000103;Simulation RF;Détection RF large bande;2,45 GHz;2,45 GHz;;3024;2.4368232120575843;-53.47292848230336;-70.17292848230336;9.609640741298133e-11;0.1;9.609640741298133e-12;1.4620155748967595e-08;;;;VERT;True
1787670955.280365;30.573490163000315;Wi-Fi;Wi-Fi;2,4/5 GHz;wlan0;-43.0;;;;-43.0;5.011872336272725e-08;0.1;5.0118723362727255e-09;2.5137696804452375e-06;;;;ROUGE;False
1787670955.3717453;30.664690146000794;Simulation RF;Détection RF large bande;868 MHz;868 MHz;;2788;2.2468711249893314;-45.874844999573256;-78.87484499957326;1.2957329416171203e-11;0.1;1.2957329416171203e-12;4.024681233580828e-09;;;;VERT;True
1787670955.3719015;30.664690146000794;Simulation RF;Détection RF large bande;2,45 GHz;2,45 GHz;;2966;2.390242263007256;-51.60969052029024;-68.30969052029025;1.4758116963671526e-10;0.1;1.4758116963671528e-11;1.4634913865931267e-08;;;;ORANGE;True
1787670955.3804128;30.673538189999817;Wi-Fi;Wi-Fi;2,4/5 GHz;wlan0;-43.0;;;;-43.0;5.011872336272725e-08;0.1;5.0118723362727255e-09;2.51878155278151e-06;;;;ROUGE;False
1787670955.46262;30.755746962000558;BLE Sniffer;iBeacon;2,4 GHz BLE;7c:5a:b6:04:10:35;-65.0;;;;-65.0;3.1622776601683795e-10;0.000368;1.1637181789419636e-13;1.921249151068291e-11;36;0x00;38;ORANGE;False
1787670955.4627333;30.755857572999957;BLE Sniffer;iBeacon;2,4 GHz BLE;7c:5a:b6:04:10:35;-66.0;;;;-66.0;2.511886431509582e-10;0.000368;9.243742067955262e-14;1.9304928931362462e-11;36;0x00;39;ORANGE;False
1787670955.4718442;30.764784951001275;Simulation RF;Détection RF large bande;868 MHz;868 MHz;;2785;2.244641502374146;-45.785660094965834;-78.78566009496583;1.3226166649410666e-11;0.1;1.3226166649410667e-12;4.026003850245769e-09;;;;VERT;True
1787670955.472062;30.764784951001275;Simulation RF;Détection RF large bande;2,45 GHz;2,45 GHz;;2979;2.401044741756627;-52.041789670265075;-68.74178967026508;1.3360448366390342e-10;0.1;1.3360448366390343e-11;1.4648274314297658e-08;;;;ORANGE;True
1787670955.4864655;30.779590475000077;Wi-Fi;Wi-Fi;2,4/5 GHz;wlan0;-43.0;;;;-43.0;5.011872336272725e-08;0.1;5.0118723362727255e-09;2.523793425117783e-06;;;;ROUGE;False
1787670955.569368;30.862494193999737;BLE Sniffer;Appareil Apple BLE;2,4 GHz BLE;7f:d4:bf:26:65:b2;-87.0;;;;-87.0;1.9952623149688827e-12;0.00026399999999999997;5.26749251151785e-16;7.786662934398181e-15;23;0x00;37;VERT;False
1787670955.5708902;30.864016809000532;BLE Sniffer;Appareil BLE;2,4 GHz BLE;62:ae:f9:af:07:b9;-71.0;;;;-71.0;7.943282347242822e-11;0.00028;2.22411905722799e-14;7.001048530339194e-12;25;0x00;38;VERT;False
1787670955.5709877;30.864111994000268;BLE Sniffer;Appareil BLE;2,4 GHz BLE;62:ae:f9:af:07:b9;-84.0;;;;-84.0;3.9810717055349695e-12;0.00028;1.1147000775497915e-15;7.002163230416744e-12;25;0x00;39;VERT;False
1787670955.578231;30.864891348999663;Simulation RF;Détection RF large bande;868 MHz;868 MHz;;2729;2.1988709168283784;-43.954836673135134;-76.95483667313513;2.0161197902629337e-11;0.1;2.016119790262934e-12;4.028019970036032e-09;;;;VERT;True
1787670955.5783877;30.864891348999663;Simulation RF;Détection RF large bande;2,45 GHz;2,45 GHz;;3004;2.420723646875762;-52.82894587503047;-69.52894587503047;1.114565029373423e-10;0.1;1.1145650293734231e-11;1.4659419964591391e-08;;;;ORANGE;True
1787670955.5872269;30.880352689000574;Wi-Fi;Wi-Fi;2,4/5 GHz;wlan0;-43.0;;;;-43.0;5.011872336272725e-08;0.1;5.0118723362727255e-09;2.5288052974540557e-06;;;;ROUGE;False
1787670955.6720011;30.96496732000014;Simulation RF;Détection RF large bande;868 MHz;868 MHz;;2712;2.185236924631372;-43.409476985254884;-76.40947698525488;2.2858740714040527e-11;0.1;2.285874071404053e-12;4.030305844107436e-09;;;;VERT;True
1787670955.6721852;30.96496732000014;Simulation RF;Détection RF large bande;2,45 GHz;2,45 GHz;;2958;2.3837550705741646;-51.35020282296658;-68.05020282296658;1.5666779018564184e-10;0.1;1.5666779018564183e-11;1.4675086743609955e-08;;;;ORANGE;True
1787670955.6825154;30.975642073000927;BLE Sniffer;Appareil BLE;2,4 GHz BLE;44:52:26:0e:24:5f;-87.0;;;;-87.0;1.9952623149688827e-12;0.00031999999999999997;6.384839407900424e-16;6.384839407900424e-16;30;0x00;37;VERT;False
1787670955.682658;30.97578211000109;Simulation LoRa;LoRa;868 MHz;LoRa 868.100 MHz;-88.45923202030706;;;;-88.45923202030706;1.4258597115856088e-12;0.046335999999999995;6.606863559603076e-14;3.020110311175648e-12;13;"SNR=5.96;SF=7;BW=125.0;CR=4/5;F=868.100;CRC=OK;PAYLOAD=54454d504f5f4c4f52415f3330";7;VERT;True
1787670955.688063;30.98118840400093;Wi-Fi;Wi-Fi;2,4/5 GHz;wlan0;-43.0;;;;-43.0;5.011872336272725e-08;0.1;5.0118723362727255e-09;2.5338171697903284e-06;;;;ROUGE;False
1787670955.775671;31.065373756000554;Simulation RF;Détection RF large bande;868 MHz;868 MHz;;2782;2.2420553624137214;-45.68221449654885;-78.68221449654885;1.3544985683728343e-11;0.1;1.3544985683728344e-12;4.031660342675809e-09;;;;VERT;True
1787670955.7865603;31.065373756000554;Simulation RF;Détection RF large bande;2,45 GHz;2,45 GHz;;3050;2.457845015887132;-54.313800635485265;-71.01380063548527;7.918080932322417e-11;0.1;7.918080932322418e-12;1.4683004824542276e-08;;;;VERT;True
1787670955.791325;31.084450866001134;BLE Sniffer;iBeacon;2,4 GHz BLE;7c:5a:b6:04:10:35;-64.0;;;;-64.0;3.9810717055349694e-10;0.000368;1.4650343876368688e-13;1.9451432370126147e-11;36;0x00;38;ORANGE;False
1787670955.7914145;31.084538570001314;BLE Sniffer;iBeacon;2,4 GHz BLE;7c:5a:b6:04:10:35;-66.0;;;;-66.0;2.511886431509582e-10;0.000368;9.243742067955262e-14;1.95438697908057e-11;36;0x00;39;ORANGE;False
1787670955.7914572;31.084581237000748;BLE Sniffer;Appareil BLE;2,4 GHz BLE;7f:d4:bf:26:65:b2;-86.0;;;;-86.0;2.5118864315095823e-12;0.00026399999999999997;6.631380179185297e-16;8.44980095231671e-15;23;0x00;37;VERT;False
1787670955.794526;31.087652133999654;BLE Sniffer;Appareil BLE;2,4 GHz BLE;62:ae:f9:af:07:b9;-70.0;;;;-70.0;1e-10;0.00028;2.7999999999999997e-14;7.030163230416744e-12;25;0x00;38;ORANGE;False
1787670955.8101532;31.103277901000183;Wi-Fi;Wi-Fi;2,4/5 GHz;wlan0;-43.0;;;;-43.0;5.011872336272725e-08;0.1;5.0118723362727255e-09;2.538829042126601e-06;;;;ROUGE;False
1787670955.8725162;31.165446838000207;Simulation RF;Détection RF large bande;868 MHz;868 MHz;;2714;2.187278749694116;-43.49114998776464;-76.49114998776464;2.243287834920797e-11;0.1;2.2432878349207973e-12;4.0339036305107296e-09;;;;VERT;True
1787670955.8726587;31.165446838000207;Simulation RF;Détection RF large bande;2,45 GHz;2,45 GHz;;2989;2.4088798458267644;-52.35519383307057;-69.05519383307058;1.2430271561741722e-10;0.1;1.2430271561741723e-11;1.4695435096104019e-08;;;;ORANGE;True
1787670955.8812923;31.17441723400043;Wi-Fi;Wi-Fi;2,4/5 GHz;wlan0;-43.0;;;;-43.0;5.011872336272725e-08;0.1;5.0118723362727255e-09;2.543840914462874e-06;;;;ROUGE;False
1787670955.902507;31.195632832001138;BLE Sniffer;Appareil BLE;2,4 GHz BLE;62:ae:f9:af:07:b1;-84.0;;;;-84.0;3.9810717055349695e-12;0.00028;1.1147000775497915e-15;1.1147000775497915e-15;25;0x00;39;VERT;False
1787670955.902596;31.195720073001212;BLE Sniffer;Appareil BLE;2,4 GHz BLE;dc:84:0b:6d:6e:8e;-89.0;;;;-89.0;1.258925411794166e-12;0.000192;2.417136790644799e-16;2.417136790644799e-16;14;0x02;37;VERT;False
1787670955.97265;31.26557134700124;Simulation RF;Détection RF large bande;868 MHz;868 MHz;;2797;2.2539556285681117;-46.15822514272446;-79.15822514272446;1.2138848346968065e-11;0.1;1.2138848346968065e-12;4.035117515345427e-09;;;;VERT;True
1787670955.9728403;31.26557134700124;Simulation RF;Détection RF large bande;2,45 GHz;2,45 GHz;;3024;2.4371370358231093;-53.48548143292436;-70.18548143292436;9.581904911436922e-11;0.1;9.581904911436922e-12;1.4705017001015456e-08;;;;VERT;True
1787670955.9938202;31.286944778999896;Wi-Fi;Wi-Fi;2,4/5 GHz;wlan0;-43.0;;;;-43.0;5.011872336272725e-08;0.1;5.0118723362727255e-09;2.5488527867991467e-06;;;;ROUGE;False
1787670956.009399;31.302525305000017;BLE Sniffer;Appareil BLE;2,4 GHz BLE;37:10:9e:67:69:d1;-95.0;;;;-95.0;3.162277660168379e-13;0.000376;1.1890164002233104e-16;4.271630865729098e-15;37;0x02;38;VERT;False
1787670956.0135045;31.30663055700097;BLE Sniffer;iBeacon;2,4 GHz BLE;7c:5a:b6:04:10:35;-65.0;;;;-65.0;3.1622776601683795e-10;0.000368;1.1637181789419636e-13;1.9660241608699895e-11;36;0x00;39;ORANGE;False
1787670956.072712;31.365657779000685;Simulation RF;Détection RF large bande;868 MHz;868 MHz;;2854;2.299964543989237;-47.998581759569475;-80.99858175956948;7.94587674442831e-12;0.1;7.945876744428311e-13;4.035912103019869e-09;;;;VERT;True
1787670956.072851;31.365657779000685;Simulation RF;Détection RF large bande;2,45 GHz;2,45 GHz;;2982;2.4031167291314066;-52.124669165256265;-68.82466916525627;1.3107898912794047e-10;0.1;1.3107898912794047e-11;1.471812489992825e-08;;;;ORANGE;True
1787670956.0814724;31.37459773000046;Wi-Fi;Wi-Fi;2,4/5 GHz;wlan0;-43.0;;;;-43.0;5.011872336272725e-08;0.1;5.0118723362727255e-09;2.5538646591354194e-06;;;;ROUGE;False
1787670956.1182432;31.41136914799972;BLE Sniffer;Appareil BLE;2,4 GHz BLE;62:ae:f9:af:07:b9;-71.0;;;;-71.0;7.943282347242822e-11;0.00028;2.22411905722799e-14;7.052404420989024e-12;25;0x00;37;VERT;False
1787670956.118313;31.411436704000153;BLE Sniffer;Appareil BLE;2,4 GHz BLE;62:ae:f9:af:07:b9;-70.0;;;;-70.0;1e-10;0.00028;2.7999999999999997e-14;7.080404420989024e-12;25;0x00;38;ORANGE;False
1787670956.1219664;31.41509239900006;BLE Sniffer;Appareil BLE;2,4 GHz BLE;62:ae:f9:af:07:b9;-87.0;;;;-87.0;1.9952623149688827e-12;0.00028;5.586734481912871e-16;7.080963094437216e-12;25;0x00;39;VERT;False
1787670956.1220567;31.415180473000873;BLE Sniffer;Appareil BLE;2,4 GHz BLE;37:10:9e:a6:49:d1;-94.0;;;;-94.0;3.981071705534969e-13;0.000376;1.4968829612811484e-16;1.4968829612811484e-16;37;0x02;37;VERT;False
1787670956.1728284;31.465750560000743;Simulation RF;Détection RF large bande;868 MHz;868 MHz;;2849;2.2961398163299673;-47.84559265319869;-80.8455926531987;8.230775092672618e-12;0.1;8.230775092672618e-13;4.036735180529136e-09;;;;VERT;True
1787670956.172992;31.465750560000743;Simulation RF;Détection RF large bande;2,45 GHz;2,45 GHz;;3005;2.421632543803924;-52.86530175215695;-69.56530175215696;1.1052736711928873e-10;0.1;1.1052736711928873e-11;1.472917763664018e-08;;;;ORANGE;True
1787670956.1815279;31.474652492999667;Wi-Fi;Wi-Fi;2,4/5 GHz;wlan0;-43.0;;;;-43.0;5.011872336272725e-08;0.1;5.0118723362727255e-09;2.558876531471692e-06;;;;ROUGE;False
1787670956.2728817;31.565832749000037;Simulation RF;Détection RF large bande;868 MHz;868 MHz;;2621;2.111940563202658;-40.47762252810632;-73.47762252810632;4.489911152813359e-11;0.1;4.489911152813359e-12;4.04122509168195e-09;;;;VERT;True
1787670956.273038;31.565832749000037;Simulation RF;Détection RF large bande;2,45 GHz;2,45 GHz;;3067;2.471520264094046;-54.860810563761845;-71.56081056376185;6.981020986978454e-11;0.1;6.981020986978454e-12;1.4736158657627158e-08;;;;VERT;True
1787670956.2818754;31.57500034900113;Wi-Fi;Wi-Fi;2,4/5 GHz;wlan0;-43.0;;;;-43.0;5.011872336272725e-08;0.1;5.0118723362727255e-09;2.563888403807965e-06;;;;ROUGE;False
1787670956.3346725;31.62779860900082;BLE Sniffer;iBeacon;2,4 GHz BLE;7c:5a:b6:04:10:35;-65.0;;;;-65.0;3.1622776601683795e-10;0.000368;1.1637181789419636e-13;1.977661342659409e-11;36;0x00;38;ORANGE;False
1787670956.3360248;31.629150835000473;BLE Sniffer;iBeacon;2,4 GHz BLE;7c:5a:b6:04:10:35;-66.0;;;;-66.0;2.511886431509582e-10;0.000368;9.243742067955262e-14;1.9869050847273643e-11;36;0x00;39;ORANGE;False
1787670956.3361142;31.629238187000738;BLE Sniffer;Appareil BLE;2,4 GHz BLE;62:ae:f9:af:07:b9;-73.0;;;;-73.0;5.011872336272715e-11;0.00028;1.40332425415636e-14;7.09499633697878e-12;25;0x00;37;VERT;False
1787670956.3729513;31.665910308000093;Simulation RF;Détection RF large bande;868 MHz;868 MHz;;2816;2.268918959323981;-46.756758372959226;-79.75675837295923;1.0576066251726547e-11;0.1;1.0576066251726548e-12;4.042282698307123e-09;;;;VERT;True
1787670956.3730938;31.665910308000093;Simulation RF;Détection RF large bande;2,45 GHz;2,45 GHz;;2963;2.3876825779268107;-51.507303117072425;-68.20730311707243;1.5110181753208748e-10;0.1;1.511018175320875e-11;1.4751268839380367e-08;;;;ORANGE;True
1787670956.3817444;31.67486961100076;Wi-Fi;Wi-Fi;2,4/5 GHz;wlan0;-43.0;;;;-43.0;5.011872336272725e-08;0.1;5.0118723362727255e-09;2.5689002761442377e-06;;;;ROUGE;False
1787670956.4406068;31.733733314000347;BLE Sniffer;Appareil BLE;2,4 GHz BLE;62:ae:f9:af:07:b9;-70.0;;;;-70.0;1e-10;0.00028;2.7999999999999997e-14;7.12299633697878e-12;25;0x00;38;ORANGE;False
1787670956.4431536;31.736279340000692;BLE Sniffer;Appareil BLE;2,4 GHz BLE;62:ae:f9:af:07:b9;-89.0;;;;-89.0;1.258925411794166e-12;0.00028;3.5249911530236646e-16;7.123348836094082e-12;25;0x00;39;VERT;False
1787670956.44473;31.737855917999696;BLE Sniffer;Appareil BLE;2,4 GHz BLE;d3:23:1f:4d:3e:b0;-91.0;;;;-91.0;7.943282347242822e-13;0.000376;2.9866741625633007e-16;2.9866741625633007e-16;37;0x02;37;VERT;False
1787670956.473032;31.765992775000996;Simulation RF;Détection RF large bande;868 MHz;868 MHz;;2713;2.1860839417606557;-43.443357670426224;-76.44335767042622;2.2681106245187483e-11;0.1;2.2681106245187486e-12;4.044550808931641e-09;;;;VERT;True
1787670956.4731922;31.765992775000996;Simulation RF;Détection RF large bande;2,45 GHz;2,45 GHz;;3010;2.425696544798348;-53.027861791933915;-69.72786179193392;1.0646670680332955e-10;0.1;1.0646670680332956e-11;1.47619155100607e-08;;;;ORANGE;True
1787670956.4819622;31.775087244999668;Wi-Fi;Wi-Fi;2,4/5 GHz;wlan0;-43.0;;;;-43.0;5.011872336272725e-08;0.1;5.0118723362727255e-09;2.5739121484805104e-06;;;;ROUGE;False
1787670956.5731046;31.866071020000163;Simulation RF;Détection RF large bande;868 MHz;868 MHz;;2789;2.247718286891217;-45.908731475648665;-78.90873147564866;1.2856621322627063e-11;0.1;1.2856621322627064e-12;4.045836471063904e-09;;;;VERT;True
1787670956.5732436;31.866071020000163;Simulation RF;Détection RF large bande;2,45 GHz;2,45 GHz;;3023;2.436056530828569;-53.442261233142744;-70.14226123314275;9.677738360242676e-11;0.1;9.677738360242676e-12;1.4771593248420942e-08;;;;VERT;True
1787670956.5817282;31.87485330399977;Wi-Fi;Wi-Fi;2,4/5 GHz;wlan0;-43.0;;;;-43.0;5.011872336272725e-08;0.1;5.0118723362727255e-09;2.578924020816783e-06;;;;ROUGE;False
1787670956.6534753;31.946601265000936;BLE Sniffer;Appareil BLE;2,4 GHz BLE;62:ae:f9:af:07:b9;-71.0;;;;-71.0;7.943282347242822e-11;0.00028;2.22411905722799e-14;7.145590026666362e-12;25;0x00;38;VERT;False
1787670956.6596656;31.95279194900104;BLE Sniffer;iBeacon;2,4 GHz BLE;7c:5a:b6:04:10:35;-66.0;;;;-66.0;2.511886431509582e-10;0.000368;9.243742067955262e-14;1.9961488267953195e-11;36;0x00;39;ORANGE;False
1787670956.6598036;31.95292769000116;Simulation LoRa;LoRa;868 MHz;LoRa 868.100 MHz;-88.69907337833602;;;;-88.69907337833602;1.3492507314227438e-12;0.046335999999999995;6.251888189120425e-14;3.082629193066852e-12;13;"SNR=7.88;SF=7;BW=125.0;CR=4/5;F=868.100;CRC=OK;PAYLOAD=54454d504f5f4c4f52415f3331";7;VERT;True
1787670956.6598516;31.952975394000532;BLE Sniffer;Appareil BLE;2,4 GHz BLE;35:d0:9e:67:69:d1;-91.0;;;;-91.0;7.943282347242822e-13;0.000376;2.9866741625633007e-16;2.9866741625633007e-16;37;0x02;37;VERT;False
1787670956.673165;31.966148375000557;Simulation RF;Détection RF large bande;868 MHz;868 MHz;;2769;2.231629708133557;-45.26518832534228;-78.26518832534228;1.4910120985289645e-11;0.1;1.4910120985289646e-12;4.0473274831624325e-09;;;;VERT;True
1787670956.673314;31.966148375000557;Simulation RF;Détection RF large bande;2,45 GHz;2,45 GHz;;3022;2.4352785416693066;-53.41114166677225;-70.11114166677226;9.747333675999651e-11;0.1;9.747333675999653e-12;1.4781340582096942e-08;;;;VERT;True
1787670956.681976;31.975100937001116;Wi-Fi;Wi-Fi;2,4/5 GHz;wlan0;-43.0;;;;-43.0;5.011872336272725e-08;0.1;5.0118723362727255e-09;2.583935893153056e-06;;;;ROUGE;False
1787670956.7732584;32.06623152700013;Simulation RF;Détection RF large bande;868 MHz;868 MHz;;2755;2.2202564223833057;-44.810256895332216;-77.81025689533222;1.6556720237046223e-11;0.1;1.6556720237046223e-12;4.048983155186137e-09;;;;VERT;True
1787670956.7734103;32.06623152700013;Simulation RF;Détection RF large bande;2,45 GHz;2,45 GHz;;3039;2.4492154829281683;-53.96861931712672;-70.66861931712673;8.573103528576388e-11;0.1;8.573103528576388e-12;1.478991368562552e-08;;;;VERT;True
1787670956.7820246;32.07514936700136;Wi-Fi;Wi-Fi;2,4/5 GHz;wlan0;-43.0;;;;-43.0;5.011872336272725e-08;0.1;5.0118723362727255e-09;2.5889477654893287e-06;;;;ROUGE;False
1787670956.878662;32.171787639001195;BLE Sniffer;Appareil BLE;2,4 GHz BLE;62:ae:f9:af:07:b9;-71.0;;;;-71.0;7.943282347242822e-11;0.00028;2.22411905722799e-14;7.167831217238642e-12;25;0x00;38;VERT;False
1787670956.878754;32.17187797299994;BLE Sniffer;Appareil BLE;2,4 GHz BLE;62:ae:f9:af:07:b9;-84.0;;;;-84.0;3.9810717055349695e-12;0.00028;1.1147000775497915e-15;7.168945917316192e-12;25;0x00;39;VERT;False
1787670956.8787942;32.1719181389999;BLE Sniffer;iBeacon;2,4 GHz BLE;7c:5a:b6:04:10:35;-69.0;;;;-69.0;1.2589254117941662e-10;0.000368;4.6328455154025316e-14;2.000781672310722e-11;36;0x00;37;ORANGE;False
1787670956.8847983;32.1671622190006;Simulation RF;Détection RF large bande;868 MHz;868 MHz;;2717;2.189742403893733;-43.58969615574932;-76.58969615574932;2.1929583553241862e-11;0.1;2.1929583553241862e-12;4.051176113541461e-09;;;;VERT;True
1787670956.8850229;32.1671622190006;Simulation RF;Détection RF large bande;2,45 GHz;2,45 GHz;;2989;2.408478866020649;-52.33915464082595;-69.03915464082596;1.247626342502678e-10;0.1;1.2476263425026782e-11;1.4802389949050546e-08;;;;ORANGE;True
1787670956.9017248;32.19484981500136;Wi-Fi;Wi-Fi;2,4/5 GHz;wlan0;-43.0;;;;-43.0;5.011872336272725e-08;0.1;5.0118723362727255e-09;2.5939596378256014e-06;;;;ROUGE;False
1787670956.9743001;32.2672414259996;Simulation RF;Détection RF large bande;868 MHz;868 MHz;;2738;2.2066563012470666;-44.26625204988267;-77.26625204988267;1.8766133218815106e-11;0.1;1.876613321881511e-12;4.0530527268633424e-09;;;;VERT;True
1787670956.9744494;32.2672414259996;Simulation RF;Détection RF large bande;2,45 GHz;2,45 GHz;;2961;2.385851610390946;-51.434064415637835;-68.13406441563784;1.5367158066155978e-10;0.1;1.5367158066155978e-11;1.4817757107116702e-08;;;;ORANGE;True
1787670956.9871116;32.28023809200022;BLE Sniffer;iBeacon;2,4 GHz BLE;7c:5a:b6:04:10:35;-64.0;;;;-64.0;3.9810717055349694e-10;0.000368;1.4650343876368688e-13;2.0154320161870905e-11;36;0x00;38;ORANGE;False
1787670956.9885776;32.28170435600077;BLE Sniffer;iBeacon;2,4 GHz BLE;7c:5a:b6:04:10:35;-66.0;;;;-66.0;2.511886431509582e-10;0.000368;9.243742067955262e-14;2.0246757582550457e-11;36;0x00;39;ORANGE;False
1787670956.9886773;32.28180117100055;BLE Sniffer;Appareil BLE;2,4 GHz BLE;44:52:26:0a:24:5f;-84.0;;;;-84.0;3.9810717055349695e-12;0.00019999999999999998;7.962143411069938e-16;2.2348284861886422e-14;15;0x00;37;VERT;False
1787670956.9964077;32.289533859000585;Wi-Fi;Wi-Fi;2,4/5 GHz;wlan0;-43.0;;;;-43.0;5.011872336272725e-08;0.1;5.0118723362727255e-09;2.598971510161874e-06;;;;ROUGE;False
1787670957.0750742;32.36740657500013;Simulation RF;Détection RF large bande;868 MHz;868 MHz;;2732;2.2015944002567855;-44.06377601027141;-77.06377601027141;1.966176037856957e-11;0.1;1.9661760378569573e-12;4.0550189029011995e-09;;;;VERT;True
1787670957.0752068;32.36740657500013;Simulation RF;Détection RF large bande;2,45 GHz;2,45 GHz;;3053;2.4600162823859772;-54.40065129543909;-71.10065129543909;7.761307144360154e-11;0.1;7.761307144360154e-12;1.4825518414261062e-08;;;;VERT;True
1787670957.1029227;32.39604857999984;BLE Sniffer;Appareil BLE;2,4 GHz BLE;62:ae:f9:af:07:b9;-70.0;;;;-70.0;1e-10;0.00028;2.7999999999999997e-14;7.196945917316192e-12;25;0x00;38;ORANGE;False
1787670957.1049356;32.39806254799987;Wi-Fi;Wi-Fi;2,4/5 GHz;wlan0;-43.0;;;;-43.0;5.011872336272725e-08;0.1;5.0118723362727255e-09;2.603983382498147e-06;;;;ROUGE;False
1787670957.1745234;32.4674855000012;Simulation RF;Détection RF large bande;868 MHz;868 MHz;;2758;2.222455920047245;-44.898236801889794;-77.8982368018898;1.6224686719384843e-11;0.1;1.6224686719384843e-12;4.056641371573138e-09;;;;VERT;True
1787670957.174659;32.4674855000012;Simulation RF;Détection RF large bande;2,45 GHz;2,45 GHz;;3090;2.4899356031249638;-55.59742412499854;-72.29742412499854;5.891930122136973e-11;0.1;5.891930122136973e-12;1.4831410344383199e-08;;;;VERT;True
1787670957.183191;32.4763160980001;Wi-Fi;Wi-Fi;2,4/5 GHz;wlan0;-43.0;;;;-43.0;5.011872336272725e-08;0.1;5.0118723362727255e-09;2.6089952548344196e-06;;;;ROUGE;False
1787670957.2062333;32.49935925400132;BLE Sniffer;Appareil BLE;2,4 GHz BLE;62:ae:f9:af:07:b9;-87.0;;;;-87.0;1.9952623149688827e-12;0.00028;5.586734481912871e-16;7.197504590764384e-12;25;0x00;39;VERT;False
1787670957.206323;32.49944666200099;BLE Sniffer;iBeacon;2,4 GHz BLE;7c:5a:b6:04:10:35;-68.0;;;;-68.0;1.584893192461111e-10;0.000368;5.832406948256888e-14;2.0305081652033027e-11;36;0x00;37;ORANGE;False
1787670957.2094848;32.50261137400048;BLE Sniffer;iBeacon;2,4 GHz BLE;7c:5a:b6:04:10:35;-64.0;;;;-64.0;3.9810717055349694e-10;0.000368;1.4650343876368688e-13;2.0451585090796713e-11;36;0x00;38;ORANGE;False
1787670957.2109132;32.50403956400078;BLE Sniffer;iBeacon;2,4 GHz BLE;7c:5a:b6:04:10:35;-67.0;;;;-67.0;1.9952623149688828e-10;0.000368;7.342565319085489e-14;2.0525010743987566e-11;36;0x00;39;ORANGE;False
1787670957.274616;32.56756764700003;Simulation RF;Détection RF large bande;868 MHz;868 MHz;;2680;2.1600641982621127;-42.40256793048451;-75.40256793048451;2.8823267144132974e-11;0.1;2.8823267144132975e-12;4.059523698287551e-09;;;;VERT;True
1787670957.27477;32.56756764700003;Simulation RF;Détection RF large bande;2,45 GHz;2,45 GHz;;3027;2.439352196010514;-53.574087840420546;-70.27408784042055;9.388392027153155e-11;0.1;9.388392027153155e-12;1.4840798736410352e-08;;;;VERT;True
1787670957.2993884;32.59251312299966;Wi-Fi;Wi-Fi;2,4/5 GHz;wlan0;-43.0;;;;-43.0;5.011872336272725e-08;0.1;5.0118723362727255e-09;2.6140071271706924e-06;;;;ROUGE;False
1787670957.3747025;32.6676506090007;Simulation RF;Détection RF large bande;868 MHz;868 MHz;;2726;2.1964997367458765;-43.85998946983506;-76.85998946983506;2.0606349096031497e-11;0.1;2.06063490960315e-12;4.061584333197154e-09;;;;VERT;True
1787670957.3748379;32.6676506090007;Simulation RF;Détection RF large bande;2,45 GHz;2,45 GHz;;3052;2.4597207232760607;-54.388828931042426;-71.08882893104243;7.782463757888756e-11;0.1;7.782463757888755e-12;1.484858120016824e-08;;;;VERT;True
1787670957.3834162;32.676540632999604;Wi-Fi;Wi-Fi;2,4/5 GHz;wlan0;-43.0;;;;-43.0;5.011872336272725e-08;0.1;5.0118723362727255e-09;2.619018999506965e-06;;;;ROUGE;False
1787670957.4215071;32.714632498000356;BLE Sniffer;Appareil BLE;2,4 GHz BLE;62:ae:f9:af:07:b9;-71.0;;;;-71.0;7.943282347242822e-11;0.00028;2.22411905722799e-14;7.219745781336664e-12;25;0x00;37;VERT;False
1787670957.4272838;32.72041021699988;BLE Sniffer;iBeacon;2,4 GHz BLE;7c:5a:b6:04:10:35;-64.0;;;;-64.0;3.9810717055349694e-10;0.000368;1.4650343876368688e-13;2.0671514182751252e-11;36;0x00;38;ORANGE;False
1787670957.4747787;32.767727237000145;Simulation RF;Détection RF large bande;868 MHz;868 MHz;;2734;2.2032315533853266;-44.12926213541306;-77.12926213541306;1.9367509892132728e-11;0.1;1.9367509892132728e-12;4.063521084186368e-09;;;;VERT;True
1787670957.474925;32.767727237000145;Simulation RF;Détection RF large bande;2,45 GHz;2,45 GHz;;3060;2.465987017907761;-54.639480716310445;-71.33948071631045;7.34601698855282e-11;0.1;7.346016988552821e-12;1.4855927217156794e-08;;;;VERT;True
1787670957.4835076;32.776632410001184;Wi-Fi;Wi-Fi;2,4/5 GHz;wlan0;-43.0;;;;-43.0;5.011872336272725e-08;0.1;5.0118723362727255e-09;2.624030871843238e-06;;;;ROUGE;False
1787670957.5293455;32.82247120300053;BLE Sniffer;iBeacon;2,4 GHz BLE;7c:5a:b6:04:10:35;-66.0;;;;-66.0;2.511886431509582e-10;0.000368;9.243742067955262e-14;2.0763951603430804e-11;36;0x00;39;ORANGE;False
1787670957.5748556;32.867816088000836;Simulation RF;Détection RF large bande;868 MHz;868 MHz;;2725;2.1956832686392604;-43.82733074557041;-76.8273307455704;2.0761891897696494e-11;0.1;2.0761891897696493e-12;4.065597273376137e-09;;;;VERT;True
1787670957.5750027;32.867816088000836;Simulation RF;Détection RF large bande;2,45 GHz;2,45 GHz;;2961;2.385928847181864;-51.43715388727456;-68.13715388727456;1.5356230108709748e-10;0.1;1.5356230108709747e-11;1.4871283447265503e-08;;;;ORANGE;True
1787670957.5836442;32.87676946400097;Wi-Fi;Wi-Fi;2,4/5 GHz;wlan0;-43.0;;;;-43.0;5.011872336272725e-08;0.1;5.0118723362727255e-09;2.6290427441795106e-06;;;;ROUGE;False
1787670957.6393278;32.93245400700107;Simulation LoRa;LoRa;868 MHz;LoRa 868.100 MHz;-89.94569097206643;;;;-89.94569097206643;1.0125836317163804e-12;0.046335999999999995;4.69190751592102e-14;3.1295482682260624e-12;13;"SNR=8.78;SF=7;BW=125.0;CR=4/5;F=868.100;CRC=OK;PAYLOAD=54454d504f5f4c4f52415f3332";7;VERT;True
1787670957.6749363;32.967890624000574;Simulation RF;Détection RF large bande;868 MHz;868 MHz;;2667;2.149532634601742;-41.98130538406967;-74.98130538406967;3.175919322710676e-11;0.1;3.1759193227106764e-12;4.068773192698848e-09;;;;VERT;True
1787670957.6750722;32.967890624000574;Simulation RF;Détection RF large bande;2,45 GHz;2,45 GHz;;3003;2.4201551260230265;-52.80620504092106;-69.50620504092106;1.1204164999982579e-10;0.1;1.120416499998258e-11;1.4882487612265486e-08;;;;ORANGE;True
1787670957.6836638;32.97678879600062;Wi-Fi;Wi-Fi;2,4/5 GHz;wlan0;-42.0;;;;-42.0;6.30957344480193e-08;0.1;6.30957344480193e-09;2.6353523176243123e-06;;;;ROUGE;False
1787670957.7413785;33.03450434499973;BLE Sniffer;Appareil BLE;2,4 GHz BLE;7f:d4:bf:26:65:b2;-87.0;;;;-87.0;1.9952623149688827e-12;0.00026399999999999997;5.26749251151785e-16;8.976550203468495e-15;23;0x00;37;VERT;False
1787670957.7455442;33.03867089300002;BLE Sniffer;Appareil BLE;2,4 GHz BLE;62:ae:f9:af:07:b9;-72.0;;;;-72.0;6.309573444801942e-11;0.00028;1.7666805645445437e-14;7.237412586982109e-12;25;0x00;38;VERT;False
1787670957.7456353;33.03875972700007;BLE Sniffer;Appareil BLE;2,4 GHz BLE;62:ae:f9:af:07:b9;-80.0;;;;-80.0;1e-11;0.00028;2.7999999999999997e-15;7.240212586982109e-12;25;0x00;39;VERT;False
1787670957.7750282;33.06797390000065;Simulation RF;Détection RF large bande;868 MHz;868 MHz;;2743;2.210735626639421;-44.42942506557684;-77.42942506557684;1.807413381961373e-11;0.1;1.807413381961373e-12;4.070580606080809e-09;;;;VERT;True
1787670957.7751799;33.06797390000065;Simulation RF;Détection RF large bande;2,45 GHz;2,45 GHz;;3049;2.4574122494223962;-54.29648997689584;-70.99648997689584;7.949704803822648e-11;0.1;7.949704803822649e-12;1.4890437317069309e-08;;;;VERT;True
1787670957.7837284;33.0768532029997;Wi-Fi;Wi-Fi;2,4/5 GHz;wlan0;-42.0;;;;-42.0;6.30957344480193e-08;0.1;6.30957344480193e-09;2.641661891069114e-06;;;;ROUGE;False
1787670957.8501763;33.14330146000066;BLE Sniffer;iBeacon;2,4 GHz BLE;7c:5a:b6:04:10:35;-70.0;;;;-70.0;1e-10;0.000368;3.68e-14;2.0800751603430802e-11;36;0x00;37;ORANGE;False
1787670957.8541567;33.147282971000095;BLE Sniffer;iBeacon;2,4 GHz BLE;7c:5a:b6:04:10:35;-66.0;;;;-66.0;2.511886431509582e-10;0.000368;9.243742067955262e-14;2.0893189024110354e-11;36;0x00;38;ORANGE;False
1787670957.8542526;33.147376324001016;BLE Sniffer;iBeacon;2,4 GHz BLE;7c:5a:b6:04:10:35;-68.0;;;;-68.0;1.584893192461111e-10;0.000368;5.832406948256888e-14;2.0951513093592924e-11;36;0x00;39;ORANGE;False
1787670957.8750913;33.168052918001194;Simulation RF;Détection RF large bande;868 MHz;868 MHz;;2709;2.182768982210912;-43.31075928843647;-76.31075928843647;2.3384283693518486e-11;0.1;2.338428369351849e-12;4.072919034450161e-09;;;;VERT;True
1787670957.8752234;33.168052918001194;Simulation RF;Détection RF large bande;2,45 GHz;2,45 GHz;;3001;2.418026619696521;-52.721064787860826;-69.42106478786083;1.1425981622663452e-10;0.1;1.1425981622663453e-11;1.4901863298691974e-08;;;;ORANGE;True
1787670957.8836865;33.17681159000131;Wi-Fi;Wi-Fi;2,4/5 GHz;wlan0;-42.0;;;;-42.0;6.30957344480193e-08;0.1;6.30957344480193e-09;2.6479714645139158e-06;;;;ROUGE;False
1787670957.958918;33.252043983000476;BLE Sniffer;Appareil BLE;2,4 GHz BLE;c5:0e:c7:ab:77:89;-91.0;;;;-91.0;7.943282347242822e-13;0.000192;1.5251102106706217e-16;2.7365483120725945e-16;14;0x02;37;VERT;False
1787670957.9630134;33.25613962399984;BLE Sniffer;Appareil BLE;2,4 GHz BLE;62:ae:f9:af:07:b9;-73.0;;;;-73.0;5.011872336272715e-11;0.00028;1.40332425415636e-14;7.254245829523673e-12;25;0x00;38;VERT;False
1787670957.9631045;33.25622853200002;BLE Sniffer;Appareil BLE;2,4 GHz BLE;62:ae:f9:af:07:b9;-84.0;;;;-84.0;3.9810717055349695e-12;0.00028;1.1147000775497915e-15;7.255360529601223e-12;25;0x00;39;VERT;False
1787670957.9751577;33.26813402799962;Simulation RF;Détection RF large bande;868 MHz;868 MHz;;2715;2.1875872033137442;-43.50348813254976;-76.50348813254976;2.236923781873812e-11;0.1;2.2369237818738122e-12;4.075155958232035e-09;;;;VERT;True
1787670957.975314;33.26813402799962;Simulation RF;Détection RF large bande;2,45 GHz;2,45 GHz;;2956;2.3822748080845995;-51.290992323383975;-67.99099232338398;1.5881838215808565e-10;0.1;1.5881838215808564e-11;1.491774513690778e-08;;;;ORANGE;True
1787670957.9839647;33.27708975600035;Wi-Fi;Wi-Fi;2,4/5 GHz;wlan0;-42.0;;;;-42.0;6.30957344480193e-08;0.1;6.30957344480193e-09;2.6542810379587175e-06;;;;ROUGE;False
1787670958.073969;33.367095187000814;BLE Sniffer;iBeacon;2,4 GHz BLE;7c:5a:b6:04:10:35;-70.0;;;;-70.0;1e-10;0.000368;3.68e-14;2.0988313093592923e-11;36;0x00;37;ORANGE;False
1787670958.0740619;33.367185761000655;BLE Sniffer;iBeacon;2,4 GHz BLE;7c:5a:b6:04:10:35;-66.0;;;;-66.0;2.511886431509582e-10;0.000368;9.243742067955262e-14;2.1080750514272475e-11;36;0x00;38;ORANGE;False
1787670958.0741022;33.36722592800106;BLE Sniffer;iBeacon;2,4 GHz BLE;7c:5a:b6:04:10:35;-69.0;;;;-69.0;1.2589254117941662e-10;0.000368;4.6328455154025316e-14;2.11270789694265e-11;36;0x00;39;ORANGE;False
1787670958.0787277;33.36825237500125;Simulation RF;Détection RF large bande;868 MHz;868 MHz;;2652;2.136862343334909;-41.47449373339637;-74.47449373339637;3.569033518651619e-11;0.1;3.569033518651619e-12;4.078724991750686e-09;;;;VERT;True
1787670958.0788739;33.36825237500125;Simulation RF;Détection RF large bande;2,45 GHz;2,45 GHz;;3098;2.4965829354748656;-55.86331741899461;-72.56331741899461;5.5420221613626534e-11;0.1;5.542022161362654e-12;1.4923287159069144e-08;;;;VERT;True
1787670958.0874844;33.3806091130009;Wi-Fi;Wi-Fi;2,4/5 GHz;wlan0;-41.0;;;;-41.0;7.943282347242822e-08;0.1;7.943282347242822e-09;2.6622243203059604e-06;;;;ROUGE;False
1787670958.1754148;33.46834235100141;Simulation RF;Détection RF large bande;868 MHz;868 MHz;;2717;2.1896000050829008;-43.58400020331602;-76.58400020331602;2.195836398174573e-11;0.1;2.195836398174573e-12;4.080920828148861e-09;;;;VERT;True
1787670958.1755774;33.46834235100141;Simulation RF;Détection RF large bande;2,45 GHz;2,45 GHz;;2979;2.4004064763578934;-52.016259054315725;-68.71625905431573;1.34392209646314e-10;0.1;1.34392209646314e-11;1.4936726380033775e-08;;;;ORANGE;True
1787670958.185638;33.478763768000135;BLE Sniffer;Appareil BLE;2,4 GHz BLE;57:83:a4:76:f6:fb;-89.0;;;;-89.0;1.258925411794166e-12;0.00026399999999999997;3.323563087136598e-16;1.1029583883389853e-15;23;0x00;37;VERT;False
1787670958.192242;33.485368453000774;Wi-Fi;Wi-Fi;2,4/5 GHz;wlan0;-41.0;;;;-41.0;7.943282347242822e-08;0.1;7.943282347242822e-09;2.6701676026532033e-06;;;;ROUGE;False
1787670958.2754822;33.56842321499971;Simulation RF;Détection RF large bande;868 MHz;868 MHz;;2773;2.234933420913606;-45.39733683654424;-78.39733683654424;1.4463264094315678e-11;0.1;1.4463264094315678e-12;4.082367154558292e-09;;;;VERT;True
1787670958.2756245;33.56842321499971;Simulation RF;Détection RF large bande;2,45 GHz;2,45 GHz;;3084;2.485264958169467;-55.41059832677867;-72.11059832677867;6.150921257333071e-11;0.1;6.150921257333071e-12;1.494287730129111e-08;;;;VERT;True
1787670958.2841961;33.577321147000475;Wi-Fi;Wi-Fi;2,4/5 GHz;wlan0;-41.0;;;;-41.0;7.943282347242822e-08;0.1;7.943282347242822e-09;2.678110885000446e-06;;;;ROUGE;False
1787670958.293597;33.58672337600001;BLE Sniffer;Appareil BLE;2,4 GHz BLE;62:ae:f9:af:07:b9;-72.0;;;;-72.0;6.309573444801942e-11;0.00028;1.7666805645445437e-14;7.273027335246668e-12;25;0x00;38;VERT;False
1787670958.2936919;33.586815894999745;BLE Sniffer;Appareil BLE;2,4 GHz BLE;62:ae:f9:af:07:b9;-82.0;;;;-82.0;6.309573444801943e-12;0.00028;1.7666805645445437e-15;7.274794015811213e-12;25;0x00;39;VERT;False
1787670958.293734;33.58685787600007;BLE Sniffer;Appareil BLE;2,4 GHz BLE;37:10:9c:e7:68:d1;-95.0;;;;-95.0;3.162277660168379e-13;0.000376;1.1890164002233104e-16;1.1890164002233104e-16;37;0x02;37;VERT;False
1787670958.375554;33.66850572800104;Simulation RF;Détection RF large bande;868 MHz;868 MHz;;2696;2.17249304922609;-42.8997219690436;-75.8997219690436;2.5705603421873408e-11;0.1;2.570560342187341e-12;4.08493771490048e-09;;;;VERT;True
1787670958.375708;33.66850572800104;Simulation RF;Détection RF large bande;2,45 GHz;2,45 GHz;;2980;2.401358901637019;-52.05435606548075;-68.75435606548075;1.3321845525422197e-10;0.1;1.3321845525422197e-11;1.495619914681653e-08;;;;ORANGE;True
1787670958.3867855;33.67991159200028;Wi-Fi;Wi-Fi;2,4/5 GHz;wlan0;-41.0;;;;-41.0;7.943282347242822e-08;0.1;7.943282347242822e-09;2.686054167347689e-06;;;;ROUGE;False
1787670958.4031036;33.69622880300085;BLE Sniffer;iBeacon;2,4 GHz BLE;7c:5a:b6:04:10:35;-65.0;;;;-65.0;3.1622776601683795e-10;0.000368;1.1637181789419636e-13;2.1243450787320695e-11;36;0x00;38;ORANGE;False
1787670958.4031758;33.69629993300077;BLE Sniffer;iBeacon;2,4 GHz BLE;7c:5a:b6:04:10:35;-69.0;;;;-69.0;1.2589254117941662e-10;0.000368;4.6328455154025316e-14;2.128977924247472e-11;36;0x00;39;ORANGE;False
1787670958.406033;33.69915960700018;BLE Sniffer;Appareil BLE;2,4 GHz BLE;d3:23:2f:4d:3e:b1;-89.0;;;;-89.0;1.258925411794166e-12;0.000376;4.733559548346064e-16;5.153221166019399e-14;37;0x00;37;VERT;False
1787670958.411881;33.70500673400056;BLE Sniffer;Appareil BLE;2,4 GHz BLE;d3:23:2f:4d:3f:b1;-72.0;;;;-72.0;6.309573444801942e-11;0.000376;2.3723996152455302e-14;2.3723996152455302e-14;37;0x00;38;VERT;False
1787670958.4756403;33.76858723999976;Simulation RF;Détection RF large bande;868 MHz;868 MHz;;2692;2.1694108666631515;-42.77643466652606;-75.77643466652606;2.6445789291640615e-11;0.1;2.6445789291640617e-12;4.087582293829644e-09;;;;VERT;True
1787670958.4757848;33.76858723999976;Simulation RF;Détection RF large bande;2,45 GHz;2,45 GHz;;3040;2.449771108560033;-53.99084434240132;-70.69084434240132;8.529342729550711e-11;0.1;8.529342729550711e-12;1.496472848954608e-08;;;;VERT;True
1787670958.4844508;33.77757608000138;Wi-Fi;Wi-Fi;2,4/5 GHz;wlan0;-40.0;;;;-40.0;1e-07;0.1;1e-08;2.696054167347689e-06;;;;ROUGE;False
1787670958.513972;33.80709716000092;BLE Sniffer;Appareil BLE;2,4 GHz BLE;d3:23:2f:4d:3e:b1;-81.0;;;;-81.0;7.943282347242821e-12;0.000376;2.9866741625633007e-15;5.451888582275729e-14;37;0x00;39;VERT;False
1787670958.516673;33.80980024100063;BLE Sniffer;Appareil BLE;2,4 GHz BLE;44:52:26:0a:24:5f;-85.0;;;;-85.0;3.1622776601683794e-12;0.00015199999999999998;4.806662043455936e-16;2.2828951066232015e-14;9;0x00;37;VERT;False
1787670958.5881104;33.868731938000565;Simulation RF;Détection RF large bande;868 MHz;868 MHz;;2698;2.1743674094549483;-42.97469637819793;-75.97469637819793;2.5265643398693745e-11;0.1;2.5265643398693746e-12;4.090108858169513e-09;;;;VERT;True
1787670958.5884373;33.868731938000565;Simulation RF;Détection RF large bande;2,45 GHz;2,45 GHz;;3054;2.460712609425215;-54.42850437700859;-71.1285043770086;7.711689984586704e-11;0.1;7.711689984586704e-12;1.497244017953067e-08;;;;VERT;True
1787670958.597206;33.890331627000705;Wi-Fi;Wi-Fi;2,4/5 GHz;wlan0;-40.0;;;;-40.0;1e-07;0.1;1e-08;2.706054167347689e-06;;;;ROUGE;False
1787670958.6214423;33.9145686920001;BLE Sniffer;iBeacon;2,4 GHz BLE;7c:5a:b6:04:10:35;-66.0;;;;-66.0;2.511886431509582e-10;0.000368;9.243742067955262e-14;2.1382216663154272e-11;36;0x00;38;ORANGE;False
1787670958.6256914;33.91881749999993;BLE Sniffer;iBeacon;2,4 GHz BLE;7c:5a:b6:04:10:35;-69.0;;;;-69.0;1.2589254117941662e-10;0.000368;4.6328455154025316e-14;2.1428545118308296e-11;36;0x00;39;ORANGE;False
1787670958.6758559;33.96881245100121;Simulation RF;Détection RF large bande;868 MHz;868 MHz;;2733;2.2024976485716223;-44.09990594286489;-77.0999059428649;1.9498868288884072e-11;0.1;1.9498868288884073e-12;4.092058744998402e-09;;;;VERT;True
1787670958.675999;33.96881245100121;Simulation RF;Détection RF large bande;2,45 GHz;2,45 GHz;;3065;2.469735792423124;-54.78943169692495;-71.48943169692495;7.096706269864202e-11;0.1;7.096706269864202e-12;1.4979536885800534e-08;;;;VERT;True
1787670958.6845837;33.97770953100007;Wi-Fi;Wi-Fi;2,4/5 GHz;wlan0;-39.0;;;;-39.0;1.2589254117941662e-07;0.1;1.2589254117941663e-08;2.7186434214656305e-06;;;;ROUGE;False
1787670958.7292387;34.02236448500116;Simulation LoRa;LoRa;868 MHz;LoRa 868.100 MHz;-89.52728634267338;;;;-89.52728634267338;1.114991009957841e-12;0.046335999999999995;5.1664223437406517e-14;3.1812124916634688e-12;13;"SNR=5.92;SF=7;BW=125.0;CR=4/5;F=868.100;CRC=OK;PAYLOAD=54454d504f5f4c4f52415f3333";7;VERT;True
1787670958.7293215;34.02244535600039;BLE Sniffer;Appareil BLE;2,4 GHz BLE;44:52:26:0a:24:5f;-84.0;;;;-84.0;3.9810717055349695e-12;0.00019999999999999998;7.962143411069938e-16;2.362516540733901e-14;15;0x00;37;VERT;False
1787670958.775947;34.06889635200059;Simulation RF;Détection RF large bande;868 MHz;868 MHz;;2682;2.161033842727836;-42.44135370911344;-75.44135370911344;2.8566999625139846e-11;0.1;2.8566999625139846e-12;4.094915444960916e-09;;;;VERT;True
1787670958.7761054;34.06889635200059;Simulation RF;Détection RF large bande;2,45 GHz;2,45 GHz;;3029;2.4412694281678835;-53.65077712671534;-70.35077712671534;9.224063569568729e-11;0.1;9.22406356956873e-12;1.4988760949370104e-08;;;;VERT;True
1787670958.7848098;34.077934507000464;Wi-Fi;Wi-Fi;2,4/5 GHz;wlan0;-39.0;;;;-39.0;1.2589254117941662e-07;0.1;1.2589254117941663e-08;2.731232675583572e-06;;;;ROUGE;False
1787670958.8406096;34.13373565800066;BLE Sniffer;Appareil BLE;2,4 GHz BLE;62:ae:f9:af:07:b9;-71.0;;;;-71.0;7.943282347242822e-11;0.00028;2.22411905722799e-14;7.297035206383493e-12;25;0x00;38;VERT;False
1787670958.8760185;34.16897634599991;Simulation RF;Détection RF large bande;868 MHz;868 MHz;;2729;2.199555167978797;-43.98220671915186;-76.98220671915186;2.003453782047628e-11;0.1;2.003453782047628e-12;4.0969188987429634e-09;;;;VERT;True
1787670958.876165;34.16897634599991;Simulation RF;Détection RF large bande;2,45 GHz;2,45 GHz;;3110;2.5065762207947895;-56.26304883179158;-72.96304883179158;5.0546968785926114e-11;0.1;5.054696878592612e-12;1.4993815646248696e-08;;;;VERT;True
1787670958.8846052;34.17773000000125;Wi-Fi;Wi-Fi;2,4/5 GHz;wlan0;-39.0;;;;-39.0;1.2589254117941662e-07;0.1;1.2589254117941663e-08;2.7438219297015137e-06;;;;ROUGE;False
1787670958.9426806;34.23580584299998;BLE Sniffer;iBeacon;2,4 GHz BLE;7c:5a:b6:04:10:35;-69.0;;;;-69.0;1.2589254117941662e-10;0.000368;4.6328455154025316e-14;2.147487357346232e-11;36;0x00;39;ORANGE;False
1787670958.9467728;34.239898761001314;BLE Sniffer;Appareil BLE;2,4 GHz BLE;44:52:26:0a:24:5f;-85.0;;;;-85.0;3.1622776601683794e-12;0.00019999999999999998;6.324555320336759e-16;2.4257620939372683e-14;15;0x00;37;VERT;False
1787670958.9761019;34.26906043300005;Simulation RF;Détection RF large bande;868 MHz;868 MHz;;2704;2.1793182363173633;-43.172729452694526;-76.17272945269453;2.4139432432610544e-11;0.1;2.4139432432610544e-12;4.099332841986225e-09;;;;VERT;True
1787670958.976253;34.26906043300005;Simulation RF;Détection RF large bande;2,45 GHz;2,45 GHz;;3080;2.4821135679207544;-55.284542716830174;-71.98454271683018;6.332070306846679e-11;0.1;6.332070306846679e-12;1.5000147716555545e-08;;;;VERT;True
1787670958.984906;34.27803095700074;Wi-Fi;Wi-Fi;2,4/5 GHz;wlan0;-39.0;;;;-39.0;1.2589254117941662e-07;0.1;1.2589254117941663e-08;2.7564111838194552e-06;;;;ROUGE;False
1787670959.0761786;34.36914273900038;Simulation RF;Détection RF large bande;868 MHz;868 MHz;;2684;2.16305541502986;-42.5222166011944;-75.5222166011944;2.804002134411939e-11;0.1;2.804002134411939e-12;4.102136844120637e-09;;;;VERT;True
1787670959.076325;34.36914273900038;Simulation RF;Détection RF large bande;2,45 GHz;2,45 GHz;;3016;2.430253575411425;-53.210143016456996;-69.910143016457;1.0209058639520174e-10;0.1;1.0209058639520175e-11;1.5010356775195065e-08;;;;ORANGE;True
1787670959.0854988;34.37862385600056;Wi-Fi;Wi-Fi;2,4/5 GHz;wlan0;-38.0;;;;-38.0;1.584893192461114e-07;0.1;1.5848931924611143e-08;2.7722601157440663e-06;;;;ROUGE;False
1787670959.1601691;34.453295908000655;BLE Sniffer;iBeacon;2,4 GHz BLE;7c:5a:b6:04:10:35;-66.0;;;;-66.0;2.511886431509582e-10;0.000368;9.243742067955262e-14;2.1567310994141873e-11;36;0x00;38;ORANGE;False
1787670959.1762648;34.46921976500016;Simulation RF;Détection RF large bande;868 MHz;868 MHz;;2699;2.1753440675664826;-43.01376270265931;-76.0137627026593;2.5039389145671102e-11;0.1;2.5039389145671103e-12;4.104640783035204e-09;;;;VERT;True
1787670959.176423;34.46921976500016;Simulation RF;Détection RF large bande;2,45 GHz;2,45 GHz;;3072;2.475618396972546;-55.02473587890182;-71.72473587890183;6.722431910979417e-11;0.1;6.7224319109794174e-12;1.5017079207106044e-08;;;;VERT;True
1787670959.1849897;34.47811491799985;Wi-Fi;Wi-Fi;2,4/5 GHz;wlan0;-38.0;;;;-38.0;1.584893192461114e-07;0.1;1.5848931924611143e-08;2.7881090476686774e-06;;;;ROUGE;False
1787670959.2623527;34.55547842099986;BLE Sniffer;iBeacon;2,4 GHz BLE;7c:5a:b6:04:10:35;-69.0;;;;-69.0;1.2589254117941662e-10;0.000368;4.6328455154025316e-14;2.1613639449295897e-11;36;0x00;39;ORANGE;False
1787670959.2682624;34.561391139999614;BLE Sniffer;Appareil BLE;2,4 GHz BLE;44:52:26:0a:24:5f;-86.0;;;;-86.0;2.5118864315095823e-12;0.00019999999999999998;5.023772863019164e-16;2.47599982256746e-14;15;0x00;37;VERT;False
1787670959.2763321;34.56929993900121;Simulation RF;Détection RF large bande;868 MHz;868 MHz;;2677;2.157559200192278;-42.302368007691115;-75.30236800769111;2.949600506884194e-11;0.1;2.9496005068841942e-12;4.107590383542088e-09;;;;VERT;True
1787670959.2765164;34.56929993900121;Simulation RF;Détection RF large bande;2,45 GHz;2,45 GHz;;2999;2.4164889332056934;-52.659557328227734;-69.35955732822774;1.1588954751252751e-10;0.1;1.1588954751252752e-11;1.5028668161857298e-08;;;;ORANGE;True
1787670959.2851753;34.57830046300114;Wi-Fi;Wi-Fi;2,4/5 GHz;wlan0;-38.0;;;;-38.0;1.584893192461114e-07;0.1;1.5848931924611143e-08;2.8039579795932884e-06;;;;ROUGE;False
1787670959.3763995;34.66952555900025;BLE Sniffer;Appareil BLE;2,4 GHz BLE;62:ae:f9:af:07:b9;-70.0;;;;-70.0;1e-10;0.00028;2.7999999999999997e-14;7.325035206383492e-12;25;0x00;38;ORANGE;False
1787670959.3785524;34.6695738920007;Simulation RF;Détection RF large bande;868 MHz;868 MHz;;2708;2.1823996012826563;-43.29598405130625;-76.29598405130625;2.3463975411766696e-11;0.1;2.3463975411766696e-12;4.109936781083265e-09;;;;VERT;True
1787670959.3786976;34.6695738920007;Simulation RF;Détection RF large bande;2,45 GHz;2,45 GHz;;3057;2.4638121592680537;-54.552486370722136;-71.25248637072214;7.494650117576748e-11;0.1;7.494650117576749e-12;1.5036162811974874e-08;;;;VERT;True
1787670959.3874376;34.68056208800044;Wi-Fi;Wi-Fi;2,4/5 GHz;wlan0;-38.0;;;;-38.0;1.584893192461114e-07;0.1;1.5848931924611143e-08;2.8198069115178995e-06;;;;ROUGE;False
1787670959.4767194;34.76965625200137;Simulation RF;Détection RF large bande;868 MHz;868 MHz;;2653;2.1379124011356825;-41.5164960454273;-74.5164960454273;3.53468238380418e-11;0.1;3.53468238380418e-12;4.113471463467069e-09;;;;VERT;True
1787670959.4768794;34.76965625200137;Simulation RF;Détection RF large bande;2,45 GHz;2,45 GHz;;2984;2.4048751569964217;-52.195006279856855;-68.89500627985686;1.2897316929576518e-10;0.1;1.2897316929576519e-11;1.504906012890445e-08;;;;ORANGE;True
1787670959.481841;34.774967192000986;BLE Sniffer;Appareil BLE;2,4 GHz BLE;62:ae:f9:af:07:b9;-91.0;;;;-91.0;7.943282347242822e-13;0.00028;2.22411905722799e-16;7.325257618289215e-12;25;0x00;39;VERT;False
1787670959.4834385;34.776564900001176;BLE Sniffer;Appareil BLE;2,4 GHz BLE;44:52:26:0a:24:5f;-85.0;;;;-85.0;3.1622776601683794e-12;0.00019999999999999998;6.324555320336759e-16;2.5392453757708273e-14;15;0x00;37;VERT;False
1787670959.4835308;34.776654659001;BLE Sniffer;iBeacon;2,4 GHz BLE;7c:5a:b6:04:10:35;-65.0;;;;-65.0;3.1622776601683795e-10;0.000368;1.1637181789419636e-13;2.1730011267190093e-11;36;0x00;38;ORANGE;False
1787670959.4918733;34.78500031099975;BLE Sniffer;iBeacon;2,4 GHz BLE;7c:5a:b6:04:10:35;-68.0;;;;-68.0;1.584893192461111e-10;0.000368;5.832406948256888e-14;2.1788335336672663e-11;36;0x00;39;ORANGE;False
1787670959.4939725;34.787098539;Wi-Fi;Wi-Fi;2,4/5 GHz;wlan0;-38.0;;;;-38.0;1.584893192461114e-07;0.1;1.5848931924611143e-08;2.8356558434425106e-06;;;;ROUGE;False
1787670959.5767791;34.86973907399988;Simulation RF;Détection RF large bande;868 MHz;868 MHz;;2632;2.121155547538224;-40.84622190152895;-73.84622190152895;4.1245617491544385e-11;0.1;4.124561749154439e-12;4.117596025216224e-09;;;;VERT;True
1787670959.5769234;34.86973907399988;Simulation RF;Détection RF large bande;2,45 GHz;2,45 GHz;;3064;2.4688159144552024;-54.7526365782081;-71.4526365782081;7.157087753843334e-11;0.1;7.157087753843335e-12;1.505621721665829e-08;;;;VERT;True
1787670959.585415;34.878540505000274;Wi-Fi;Wi-Fi;2,4/5 GHz;wlan0;-38.0;;;;-38.0;1.584893192461114e-07;0.1;1.5848931924611143e-08;2.8515047753671216e-06;;;;ROUGE;False
1787670959.6768653;34.96982193400072;Simulation RF;Détection RF large bande;868 MHz;868 MHz;;2671;2.1524704745010474;-42.0988189800419;-75.0988189800419;3.0911359214050925e-11;0.1;3.0911359214050926e-12;4.120687161137629e-09;;;;VERT;True
1787670959.6770217;34.96982193400072;Simulation RF;Détection RF large bande;2,45 GHz;2,45 GHz;;3055;2.4622717332206876;-54.4908693288275;-71.1908693288275;7.60174097387103e-11;0.1;7.60174097387103e-12;1.5063818957632163e-08;;;;VERT;True
1787670959.6871457;34.980270924999786;Wi-Fi;Wi-Fi;2,4/5 GHz;wlan0;-38.0;;;;-38.0;1.584893192461114e-07;0.1;1.5848931924611143e-08;2.8673537072917327e-06;;;;ROUGE;False
1787670959.700323;34.99345092300064;BLE Sniffer;Appareil BLE;2,4 GHz BLE;62:ae:f9:af:07:b9;-72.0;;;;-72.0;6.309573444801942e-11;0.00028;1.7666805645445437e-14;7.34292442393466e-12;25;0x00;37;VERT;False
1787670959.7005923;34.99371651600086;Simulation LoRa;LoRa;868 MHz;LoRa 868.100 MHz;-88.85669027936815;;;;-88.85669027936815;1.301160803662052e-12;0.046335999999999995;6.029058699848483e-14;3.2415030786619536e-12;13;"SNR=7.82;SF=7;BW=125.0;CR=4/5;F=868.100;CRC=OK;PAYLOAD=54454d504f5f4c4f52415f3334";7;VERT;True
1787670959.7006373;34.99376127600044;BLE Sniffer;Appareil BLE;2,4 GHz BLE;62:ae:f9:af:07:b9;-71.0;;;;-71.0;7.943282347242822e-11;0.00028;2.22411905722799e-14;7.36516561450694e-12;25;0x00;38;VERT;False
1787670959.7041812;34.99730747000103;BLE Sniffer;Appareil BLE;2,4 GHz BLE;62:ae:f9:2f:07:b9;-89.0;;;;-89.0;1.258925411794166e-12;0.00028;3.5249911530236646e-16;3.5249911530236646e-16;25;0x00;39;VERT;False
1787670959.7769547;35.069900312000755;Simulation RF;Détection RF large bande;868 MHz;868 MHz;;2635;2.1237107694002453;-40.948430776009815;-73.94843077600981;4.0286257322649244e-11;0.1;4.028625732264925e-12;4.124715786869894e-09;;;;VERT;True
1787670959.777093;35.069900312000755;Simulation RF;Détection RF large bande;2,45 GHz;2,45 GHz;;3090;2.4897199286962466;-55.58879714784986;-72.28879714784986;5.903645690002296e-11;0.1;5.903645690002296e-12;1.5069722603322165e-08;;;;VERT;True
1787670959.7855904;35.07871542800058;Wi-Fi;Wi-Fi;2,4/5 GHz;wlan0;-38.0;;;;-38.0;1.584893192461114e-07;0.1;1.5848931924611143e-08;2.8832026392163438e-06;;;;ROUGE;False
1787670959.8120532;35.105179850999775;BLE Sniffer;iBeacon;2,4 GHz BLE;7c:5a:b6:04:10:35;-71.0;;;;-71.0;7.943282347242822e-11;0.000368;2.923127903785358e-14;2.1817566615710518e-11;36;0x00;37;VERT;False
1787670959.812133;35.10525685100038;BLE Sniffer;iBeacon;2,4 GHz BLE;7c:5a:b6:04:10:35;-66.0;;;;-66.0;2.511886431509582e-10;0.000368;9.243742067955262e-14;2.191000403639007e-11;36;0x00;38;ORANGE;False
1787670959.8880646;35.17001654200067;Simulation RF;Détection RF large bande;868 MHz;868 MHz;;2642;2.128842998477938;-41.15371993911751;-74.15371993911751;3.842625019058569e-11;0.1;3.84262501905857e-12;4.128558411888953e-09;;;;VERT;True
1787670959.8883917;35.17001654200067;Simulation RF;Détection RF large bande;2,45 GHz;2,45 GHz;;3056;2.4623189802734;-54.492759210936;-71.192759210936;7.598433708993986e-11;0.1;7.598433708993987e-12;1.507732103703116e-08;;;;VERT;True
1787670959.897209;35.190334873999745;Wi-Fi;Wi-Fi;2,4/5 GHz;wlan0;-38.0;;;;-38.0;1.584893192461114e-07;0.1;1.5848931924611143e-08;2.899051571140955e-06;;;;ROUGE;False
1787670959.9197206;35.2128465450005;BLE Sniffer;Appareil BLE;2,4 GHz BLE;62:ae:f9:af:07:b9;-90.0;;;;-90.0;1e-12;0.00028;2.7999999999999996e-16;7.36544561450694e-12;25;0x00;39;VERT;False
1787670959.9771535;35.270098586999666;Simulation RF;Détection RF large bande;868 MHz;868 MHz;;2795;2.2520363461738664;-46.081453846954645;-79.08145384695464;1.2355337561452232e-11;0.1;1.2355337561452232e-12;4.129793945645098e-09;;;;VERT;True
1787670959.9773014;35.270098586999666;Simulation RF;Détection RF large bande;2,45 GHz;2,45 GHz;;3004;2.4204333440694956;-52.81733376277981;-69.51733376277981;1.1175491272357034e-10;0.1;1.1175491272357035e-11;1.5088496528303517e-08;;;;ORANGE;True
1787670959.985653;35.27877770300074;Wi-Fi;Wi-Fi;2,4/5 GHz;wlan0;-38.0;;;;-38.0;1.584893192461114e-07;0.1;1.5848931924611143e-08;2.914900503065566e-06;;;;ROUGE;False
1787670960.026284;35.31940906900127;BLE Sniffer;Appareil BLE;2,4 GHz BLE;44:52:26:0a:24:5f;-85.0;;;;-85.0;3.1622776601683794e-12;0.00019999999999999998;6.324555320336759e-16;2.6024909289741948e-14;15;0x00;37;VERT;False
1787670960.030808;35.32393369199963;BLE Sniffer;iBeacon;2,4 GHz BLE;7c:5a:b6:04:10:35;-66.0;;;;-66.0;2.511886431509582e-10;0.000368;9.243742067955262e-14;2.2002441457069622e-11;36;0x00;38;ORANGE;False
1787670960.0772326;35.37017981400095;Simulation RF;Détection RF large bande;868 MHz;868 MHz;;2669;2.1512075299163604;-42.04830119665442;-75.04830119665442;3.127302415792682e-11;0.1;3.1273024157926825e-12;4.13292124806089e-09;;;;VERT;True
1787670960.0773764;35.37017981400095;Simulation RF;Détection RF large bande;2,45 GHz;2,45 GHz;;2963;2.38810584704344;-51.5242338817376;-68.2242338817376;1.5051390098066964e-10;0.1;1.5051390098066966e-11;1.5103547918401583e-08;;;;ORANGE;True
1787670960.085681;35.37880592900001;Wi-Fi;Wi-Fi;2,4/5 GHz;wlan0;-37.0;;;;-37.0;1.9952623149688787e-07;0.1;1.995262314968879e-08;2.934853126215255e-06;;;;ROUGE;False
1787670960.1347415;35.42786976100069;BLE Sniffer;iBeacon;2,4 GHz BLE;7c:5a:b6:04:10:35;-69.0;;;;-69.0;1.2589254117941662e-10;0.000368;4.6328455154025316e-14;2.2048769912223647e-11;36;0x00;39;ORANGE;False
1787670960.1773043;35.47025785400001;Simulation RF;Détection RF large bande;868 MHz;868 MHz;;2671;2.152171118967372;-42.08684475869488;-75.08684475869488;3.0996704575350387e-11;0.1;3.0996704575350387e-12;4.1360209185184256e-09;;;;VERT;True
1787670960.1774435;35.47025785400001;Simulation RF;Détection RF large bande;2,45 GHz;2,45 GHz;;2999;2.4168561325889257;-52.674245303557015;-69.37424530355702;1.1549826746867746e-10;0.1;1.1549826746867747e-11;1.511509774514845e-08;;;;ORANGE;True
1787670960.1849961;35.47812078199968;Wi-Fi;Wi-Fi;2,4/5 GHz;wlan0;-37.0;;;;-37.0;1.9952623149688787e-07;0.1;1.995262314968879e-08;2.9548057493649438e-06;;;;ROUGE;False
1787670960.2416184;35.53474359699976;BLE Sniffer;Appareil BLE;2,4 GHz BLE;7f:d4:bf:26:65:b2;-87.0;;;;-87.0;1.9952623149688827e-12;0.00026399999999999997;5.26749251151785e-16;9.503299454620279e-15;23;0x00;37;VERT;False
1787670960.2461479;35.539274053000554;BLE Sniffer;Appareil BLE;2,4 GHz BLE;62:ae:f9:af:07:b9;-71.0;;;;-71.0;7.943282347242822e-11;0.00028;2.22411905722799e-14;7.38768680507922e-12;25;0x00;38;VERT;False
1787670960.2462397;35.53936362700006;BLE Sniffer;Appareil BLE;2,4 GHz BLE;62:ae:f9:af:07:b9;-90.0;;;;-90.0;1e-12;0.00028;2.7999999999999996e-16;7.38796680507922e-12;25;0x00;39;VERT;False
1787670960.2773967;35.570340190000934;Simulation RF;Détection RF large bande;868 MHz;868 MHz;;2629;2.118463296380858;-40.738531855234314;-73.73853185523431;4.2281152273871676e-11;0.1;4.228115227387168e-12;4.140249033745813e-09;;;;VERT;True
1787670960.2775445;35.570340190000934;Simulation RF;Détection RF large bande;2,45 GHz;2,45 GHz;;3015;2.4295141434960614;-53.18056573984245;-69.88056573984245;1.0278823908530423e-10;0.1;1.0278823908530423e-11;1.5125376569056982e-08;;;;ORANGE;True
1787670960.2858946;35.579019787001016;Wi-Fi;Wi-Fi;2,4/5 GHz;wlan0;-37.0;;;;-37.0;1.9952623149688787e-07;0.1;1.995262314968879e-08;2.9747583725146327e-06;;;;ROUGE;False
1787670960.3515494;35.64467740300097;BLE Sniffer;Appareil BLE;2,4 GHz BLE;44:52:26:0a:24:5f;-87.0;;;;-87.0;1.9952623149688827e-12;0.00019999999999999998;3.9905246299377653e-16;2.6423961752735726e-14;15;0x00;37;VERT;False
1787670960.3561654;35.64929115599989;BLE Sniffer;iBeacon;2,4 GHz BLE;7c:5a:b6:04:10:35;-67.0;;;;-67.0;1.9952623149688828e-10;0.000368;7.342565319085489e-14;2.21221955654145e-11;36;0x00;38;ORANGE;False
1787670960.3562515;35.649375471000894;BLE Sniffer;iBeacon;2,4 GHz BLE;7c:5a:b6:04:10:35;-69.0;;;;-69.0;1.2589254117941662e-10;0.000368;4.6328455154025316e-14;2.2168524020568525e-11;36;0x00;39;ORANGE;False
1787670960.3562918;35.6494158229998;BLE Sniffer;Appareil BLE;2,4 GHz BLE;d3:23:2f:4d:3e:b1;-87.0;;;;-87.0;1.9952623149688827e-12;0.000376;7.502186304282998e-16;5.526910445318559e-14;37;0x00;37;VERT;False
1787670960.3774693;35.67041865600004;Simulation RF;Détection RF large bande;868 MHz;868 MHz;;2564;2.0661439382295335;-38.64575752918134;-71.64575752918134;6.845800630600005e-11;0.1;6.845800630600006e-12;4.147094834376412e-09;;;;VERT;True
1787670960.3776088;35.67041865600004;Simulation RF;Détection RF large bande;2,45 GHz;2,45 GHz;;3000;2.4173970907281865;-52.69588362912745;-69.39588362912745;1.1492423911814349e-10;0.1;1.149242391181435e-11;1.5136868992968796e-08;;;;ORANGE;True
1787670960.3864505;35.67957534699963;Wi-Fi;Wi-Fi;2,4/5 GHz;wlan0;-36.0;;;;-36.0;2.5118864315095823e-07;0.1;2.5118864315095824e-08;2.9998772368297284e-06;;;;ROUGE;False
1787670960.462914;35.756039916999725;BLE Sniffer;Appareil BLE;2,4 GHz BLE;d3:23:2f:4d:3e:b1;-72.0;;;;-72.0;6.309573444801942e-11;0.000376;2.3723996152455302e-14;7.899310060564089e-14;37;0x00;38;VERT;False
1787670960.4673278;35.76045374400019;BLE Sniffer;Appareil BLE;2,4 GHz BLE;d3:23:2f:4d:3e:b1;-81.0;;;;-81.0;7.943282347242821e-12;0.000376;2.9866741625633007e-15;8.19797747682042e-14;37;0x00;39;VERT;False
1787670960.467415;35.76053905899971;BLE Sniffer;Appareil BLE;2,4 GHz BLE;7f:d4:bf:26:65:b2;-87.0;;;;-87.0;1.9952623149688827e-12;0.00026399999999999997;5.26749251151785e-16;1.0030048705772064e-14;23;0x00;37;VERT;False
1787670960.467456;35.760579633000816;BLE Sniffer;Appareil BLE;2,4 GHz BLE;62:ae:f9:af:07:b9;-73.0;;;;-73.0;5.011872336272715e-11;0.00028;1.40332425415636e-14;7.402000047620784e-12;25;0x00;38;VERT;False
1787670960.477513;35.7704993260013;Simulation RF;Détection RF large bande;868 MHz;868 MHz;;2675;2.1560795688270633;-42.243182753082536;-75.24318275308254;2.99007254091808e-11;0.1;2.99007254091808e-12;4.150084906917331e-09;;;;VERT;True
1787670960.4776702;35.7704993260013;Simulation RF;Détection RF large bande;2,45 GHz;2,45 GHz;;3062;2.4676715462109327;-54.7068618484373;-71.4068618484373;7.232922557519169e-11;0.1;7.23292255751917e-12;1.5144101915526317e-08;;;;VERT;True
1787670960.4863086;35.77943333000076;Wi-Fi;Wi-Fi;2,4/5 GHz;wlan0;-36.0;;;;-36.0;2.5118864315095823e-07;0.1;2.5118864315095824e-08;3.024996101144824e-06;;;;ROUGE;False
1787670960.578434;35.87156081300054;BLE Sniffer;Appareil BLE;2,4 GHz BLE;44:52:26:0a:24:5f;-87.0;;;;-87.0;1.9952623149688827e-12;0.00019999999999999998;3.9905246299377653e-16;2.6823014215729504e-14;15;0x00;39;VERT;False
1787670960.5805554;35.873682207000456;BLE Sniffer;iBeacon;2,4 GHz BLE;7c:5a:b6:04:10:35;-71.0;;;;-71.0;7.943282347242822e-11;0.000368;2.923127903785358e-14;2.219775529960638e-11;36;0x00;37;VERT;False
1787670960.5855887;35.87061960600113;Simulation RF;Détection RF large bande;868 MHz;868 MHz;;2647;2.133127100000865;-41.32508400003459;-74.3250840000346;3.6939549954385057e-11;0.1;3.693954995438506e-12;4.153778861912769e-09;;;;VERT;True
1787670960.585802;35.87061960600113;Simulation RF;Détection RF large bande;2,45 GHz;2,45 GHz;;3108;2.505014215608345;-56.2005686243338;-72.9005686243338;5.1279423914277955e-11;0.1;5.1279423914277955e-12;1.5149229857917743e-08;;;;VERT;True
1787670960.5953667;35.88849176400072;Wi-Fi;Wi-Fi;2,4/5 GHz;wlan0;-36.0;;;;-36.0;2.5118864315095823e-07;0.1;2.5118864315095824e-08;3.0501149654599196e-06;;;;ROUGE;False
1787670960.67772;35.97069409100004;Simulation RF;Détection RF large bande;868 MHz;868 MHz;;2607;2.1009471694880175;-40.037886779520704;-73.0378867795207;4.968340156148045e-11;0.1;4.968340156148046e-12;4.1587472020689175e-09;;;;VERT;True
1787670960.6778593;35.97069409100004;Simulation RF;Détection RF large bande;2,45 GHz;2,45 GHz;;3010;2.4254329403723665;-53.01731761489465;-69.71731761489465;1.0672550992725135e-10;0.1;1.0672550992725135e-11;1.515990240891047e-08;;;;ORANGE;True
1787670960.6899395;35.98306527200111;Simulation LoRa;LoRa;868 MHz;LoRa 868.100 MHz;-89.79541245727329;;;;-89.79541245727329;1.0482352360695568e-12;0.046335999999999995;4.8571027898518976e-14;3.2900741065604727e-12;13;"SNR=7.13;SF=7;BW=125.0;CR=4/5;F=868.100;CRC=OK;PAYLOAD=54454d504f5f4c4f52415f3335";7;VERT;True
1787670960.6853437;35.97846875899995;Wi-Fi;Wi-Fi;2,4/5 GHz;wlan0;-36.0;;;;-36.0;2.5118864315095823e-07;0.1;2.5118864315095824e-08;3.0752338297750153e-06;;;;ROUGE;False
1787670960.7778568;36.070781983000415;Simulation RF;Détection RF large bande;868 MHz;868 MHz;;2586;2.0838880862101905;-39.355523448407624;-72.35552344840762;5.81363357261156e-11;0.1;5.81363357261156e-12;4.1645608356415295e-09;;;;VERT;True
1787670960.7780163;36.070781983000415;Simulation RF;Détection RF large bande;2,45 GHz;2,45 GHz;;3041;2.450855686416281;-54.03422745665124;-70.73422745665124;8.44456444413521e-11;0.1;8.44456444413521e-12;1.5168346973354605e-08;;;;VERT;True
1787670960.785609;36.078733652000665;Wi-Fi;Wi-Fi;2,4/5 GHz;wlan0;-35.0;;;;-35.0;3.162277660168379e-07;0.1;3.162277660168379e-08;3.106856606376699e-06;;;;ROUGE;False
1787670960.877915;36.17086207900138;Simulation RF;Détection RF large bande;868 MHz;868 MHz;;2643;2.1297037675795782;-41.188150703183126;-74.18815070318313;3.812281219957777e-11;0.1;3.812281219957777e-12;4.168373116861487e-09;;;;VERT;True
1787670960.8780544;36.17086207900138;Simulation RF;Détection RF large bande;2,45 GHz;2,45 GHz;;3081;2.4831264931963983;-55.32505972785593;-72.02505972785593;6.273270683914769e-11;0.1;6.273270683914769e-12;1.517462024403852e-08;;;;VERT;True
1787670960.8862736;36.17939856399971;Wi-Fi;Wi-Fi;2,4/5 GHz;wlan0;-34.0;;;;-34.0;3.981071705534969e-07;0.1;3.9810717055349696e-08;3.1466673234320487e-06;;;;ROUGE;False
1787670960.9021487;36.19527384600042;BLE Sniffer;iBeacon;2,4 GHz BLE;7c:5a:b6:04:10:35;-67.0;;;;-67.0;1.9952623149688828e-10;0.000368;7.342565319085489e-14;2.2271180952797233e-11;36;0x00;38;ORANGE;False
1787670960.9068124;36.19993921000059;BLE Sniffer;iBeacon;2,4 GHz BLE;7c:5a:b6:04:10:35;-69.0;;;;-69.0;1.2589254117941662e-10;0.000368;4.6328455154025316e-14;2.2317509407951258e-11;36;0x00;39;ORANGE;False
1787670960.9780078;36.27094565600055;Simulation RF;Détection RF large bande;868 MHz;868 MHz;;2670;2.151758083074101;-42.07032332296404;-75.07032332296404;3.1114846850953146e-11;0.1;3.1114846850953147e-12;4.1714846015465825e-09;;;;VERT;True
1787670960.978165;36.27094565600055;Simulation RF;Détection RF large bande;2,45 GHz;2,45 GHz;;3043;2.452154523777411;-54.08618095109642;-70.78618095109643;8.344146200314033e-11;0.1;8.344146200314033e-12;1.5182964390238835e-08;;;;VERT;True
1787670960.9903817;36.28350635500101;Wi-Fi;Wi-Fi;2,4/5 GHz;wlan0;-35.0;;;;-35.0;3.162277660168379e-07;0.1;3.162277660168379e-08;3.1782901000337325e-06;;;;ROUGE;False
1787670961.0106628;36.303788056000485;BLE Sniffer;Appareil BLE;2,4 GHz BLE;57:83:a4:76:f6:fb;-91.0;;;;-91.0;7.943282347242822e-13;0.00026399999999999997;2.0970265396721046e-16;1.3126610423061957e-15;23;0x00;37;VERT;False
1787670961.0153303;36.30845686500106;BLE Sniffer;Appareil BLE;2,4 GHz BLE;62:ae:f9:af:07:b9;-72.0;;;;-72.0;6.309573444801942e-11;0.00028;1.7666805645445437e-14;7.41966685326623e-12;25;0x00;38;VERT;False
1787670961.0780892;36.37103115500031;Simulation RF;Détection RF large bande;868 MHz;868 MHz;;2611;2.104461181949542;-40.17844727798166;-73.17844727798166;4.810112924548694e-11;0.1;4.810112924548694e-12;4.176294714471131e-09;;;;VERT;True
1787670961.0782409;36.37103115500031;Simulation RF;Détection RF large bande;2,45 GHz;2,45 GHz;;3035;2.445776418909404;-53.83105675637616;-70.53105675637616;8.849002633748454e-11;0.1;8.849002633748455e-12;1.5191813392872583e-08;;;;VERT;True
1787670961.0866287;36.37975364100021;Wi-Fi;Wi-Fi;2,4/5 GHz;wlan0;-35.0;;;;-35.0;3.162277660168379e-07;0.1;3.162277660168379e-08;3.2099128766354162e-06;;;;ROUGE;False
1787670961.1891818;36.471119449999605;Simulation RF;Détection RF large bande;868 MHz;868 MHz;;2557;2.0604947416640367;-38.41978966656147;-71.41978966656147;7.211424040311001e-11;0.1;7.211424040311001e-12;4.1835061385114425e-09;;;;VERT;True
1787670961.200048;36.471119449999605;Simulation RF;Détection RF large bande;2,45 GHz;2,45 GHz;;2982;2.4026839257906776;-52.1073570316271;-68.8073570316271;1.3160254768496236e-10;0.1;1.3160254768496236e-11;1.5204973647641078e-08;;;;ORANGE;True
1787670961.211801;36.504926110999804;Wi-Fi;Wi-Fi;2,4/5 GHz;wlan0;-35.0;;;;-35.0;3.162277660168379e-07;0.1;3.162277660168379e-08;3.2415356532371e-06;;;;ROUGE;False
1787670961.2242944;36.517420772999685;BLE Sniffer;iBeacon;2,4 GHz BLE;7c:5a:b6:04:10:35;-69.0;;;;-69.0;1.2589254117941662e-10;0.000368;4.6328455154025316e-14;2.2363837863105282e-11;36;0x00;39;ORANGE;False
1787670961.230706;36.523832382001274;BLE Sniffer;Appareil BLE;2,4 GHz BLE;44:52:26:0a:24:5f;-85.0;;;;-85.0;3.1622776601683794e-12;0.00019999999999999998;6.324555320336759e-16;2.745546974776318e-14;15;0x00;37;VERT;False
1787670961.2783298;36.571271708000495;Simulation RF;Détection RF large bande;868 MHz;868 MHz;;2599;2.0946086667319217;-39.78434666927686;-72.78434666927686;5.267024433945365e-11;0.1;5.267024433945366e-12;4.188773162945388e-09;;;;VERT;True
1787670961.2784736;36.571271708000495;Simulation RF;Détection RF large bande;2,45 GHz;2,45 GHz;;3036;2.446973034876672;-53.87892139506688;-70.57892139506689;8.752011114038733e-11;0.1;8.752011114038733e-12;1.5213725658755117e-08;;;;VERT;True
1787670961.2868314;36.579956081999626;Wi-Fi;Wi-Fi;2,4/5 GHz;wlan0;-35.0;;;;-35.0;3.162277660168379e-07;0.1;3.162277660168379e-08;3.273158429838784e-06;;;;ROUGE;False
1787670961.333163;36.62628866399973;BLE Sniffer;Appareil BLE;2,4 GHz BLE;62:ae:f9:af:07:b9;-72.0;;;;-72.0;6.309573444801942e-11;0.00028;1.7666805645445437e-14;7.437333658911675e-12;25;0x00;38;VERT;False
1787670961.337808;36.630933305001236;BLE Sniffer;Appareil BLE;2,4 GHz BLE;62:ae:f9:af:07:b9;-87.0;;;;-87.0;1.9952623149688827e-12;0.000216;4.3097666003327865e-16;7.437764635571708e-12;17;0x00;39;VERT;False
1787670961.378372;36.67135076100021;Simulation RF;Détection RF large bande;868 MHz;868 MHz;;2601;2.0957349977930346;-39.82939991172138;-72.82939991172138;5.2126673238536546e-11;0.1;5.212667323853655e-12;4.193985830269242e-09;;;;VERT;True
1787670961.3785172;36.67135076100021;Simulation RF;Détection RF large bande;2,45 GHz;2,45 GHz;;3080;2.4821265599754243;-55.285062399016965;-71.98506239901697;6.331312648758336e-11;0.1;6.331312648758336e-12;1.5220056971403875e-08;;;;VERT;True
1787670961.3868642;36.67998891299976;Wi-Fi;Wi-Fi;2,4/5 GHz;wlan0;-34.0;;;;-34.0;3.981071705534969e-07;0.1;3.9810717055349696e-08;3.3129691468941335e-06;;;;ROUGE;False
1787670961.446457;36.739583548000155;BLE Sniffer;Appareil BLE;2,4 GHz BLE;Appareil BLE;-88.0;;;;-88.0;1.584893192461111e-12;0.000376;5.9591984036537765e-16;5.9591984036537765e-16;37;0x0a;37;VERT;False
1787670961.478486;36.771431019000374;Simulation RF;Détection RF large bande;868 MHz;868 MHz;;2603;2.0978013449670767;-39.91205379868306;-72.91205379868306;5.114399160416264e-11;0.1;5.114399160416264e-12;4.199100229429658e-09;;;;VERT;True
1787670961.4786363;36.771431019000374;Simulation RF;Détection RF large bande;2,45 GHz;2,45 GHz;;3066;2.471023600287679;-54.84094401150715;-71.54094401150715;7.013028419789789e-11;0.1;7.013028419789789e-12;1.5227069999823665e-08;;;;VERT;True
1787670961.486972;36.78009672600092;Wi-Fi;Wi-Fi;2,4/5 GHz;wlan0;-34.0;;;;-34.0;3.981071705534969e-07;0.1;3.9810717055349696e-08;3.352779863949483e-06;;;;ROUGE;False
1787670961.5489213;36.8420466080006;BLE Sniffer;iBeacon;2,4 GHz BLE;7c:5a:b6:04:10:35;-67.0;;;;-67.0;1.9952623149688828e-10;0.000368;7.342565319085489e-14;2.2437263516296136e-11;36;0x00;38;ORANGE;False
1787670961.5519285;36.84505472700039;BLE Sniffer;iBeacon;2,4 GHz BLE;7c:5a:b6:04:10:35;-69.0;;;;-69.0;1.2589254117941662e-10;0.000368;4.6328455154025316e-14;2.248359197145016e-11;36;0x00;39;ORANGE;False
1787670961.5536108;36.84673689800002;BLE Sniffer;Appareil BLE;2,4 GHz BLE;44:52:26:0a:24:5f;-87.0;;;;-87.0;1.9952623149688827e-12;0.00019999999999999998;3.9905246299377653e-16;2.7854522210756957e-14;15;0x00;37;VERT;False
1787670961.5537055;36.846829250000155;BLE Sniffer;Appareil BLE;2,4 GHz BLE;33:10:9e:67:69:d1;-91.0;;;;-91.0;7.943282347242822e-13;0.000376;2.9866741625633007e-16;2.9866741625633007e-16;37;0x02;38;VERT;False
1787670961.57854;36.871507924999605;Simulation RF;Détection RF large bande;868 MHz;868 MHz;;2566;2.0674836915008847;-38.699347660035386;-71.69934766003539;6.761845352983543e-11;0.1;6.7618453529835436e-12;4.205862074782642e-09;;;;VERT;True
1787670961.5786798;36.871507924999605;Simulation RF;Détection RF large bande;2,45 GHz;2,45 GHz;;3117;2.512220232133047;-56.48880928532188;-73.18880928532188;4.798649962378983e-11;0.1;4.798649962378983e-12;1.5231868649786044e-08;;;;VERT;True
1787670961.5868936;36.88001868700121;Wi-Fi;Wi-Fi;2,4/5 GHz;wlan0;-35.0;;;;-35.0;3.162277660168379e-07;0.1;3.162277660168379e-08;3.384402640551167e-06;;;;ROUGE;False
1787670961.6605375;36.953663840000445;BLE Sniffer;Appareil BLE;2,4 GHz BLE;62:ae:f9:af:07:b9;-84.0;;;;-84.0;3.9810717055349695e-12;0.00028;1.1147000775497915e-15;7.438879335649258e-12;25;0x00;39;VERT;False
1787670961.6651647;36.95829096300076;Simulation LoRa;LoRa;868 MHz;LoRa 868.100 MHz;-86.63920283252811;;;;-86.63920283252811;2.168102033385695e-12;0.046335999999999995;1.0046117581895955e-13;3.3905352823794324e-12;13;"SNR=7.69;SF=7;BW=125.0;CR=4/5;F=868.100;CRC=OK;PAYLOAD=54454d504f5f4c4f52415f3336";7;VERT;True
1787670961.6786125;36.97158949700133;Simulation RF;Détection RF large bande;868 MHz;868 MHz;;2638;2.1260123218105496;-41.04049287242198;-74.04049287242198;3.944125384178179e-11;0.1;3.9441253841781794e-12;4.2098062001668196e-09;;;;VERT;True
1787670961.67877;36.97158949700133;Simulation RF;Détection RF large bande;2,45 GHz;2,45 GHz;;3049;2.4567575200631477;-54.27030080252591;-70.97030080252591;7.997788585324149e-11;0.1;7.997788585324148e-12;1.5239866438371367e-08;;;;VERT;True
1787670961.686899;36.98002394499963;Wi-Fi;Wi-Fi;2,4/5 GHz;wlan0;-35.0;;;;-35.0;3.162277660168379e-07;0.1;3.162277660168379e-08;3.4160254171528507e-06;;;;ROUGE;False
1787670961.7736013;37.06672742699993;BLE Sniffer;Appareil BLE;2,4 GHz BLE;37:10:9e:67:69:d1;-90.0;;;;-90.0;1e-12;0.000376;3.7599999999999995e-16;4.6476308657290976e-15;37;0x02;37;VERT;False
1787670961.7736933;37.06681722400026;BLE Sniffer;iBeacon;2,4 GHz BLE;7c:5a:b6:04:10:35;-66.0;;;;-66.0;2.511886431509582e-10;0.000368;9.243742067955262e-14;2.2576029392129712e-11;36;0x00;38;ORANGE;False
1787670961.778699;37.07166958800008;Simulation RF;Détection RF large bande;868 MHz;868 MHz;;2653;2.1379562521079882;-41.51825008431952;-74.51825008431952;3.5332550761200507e-11;0.1;3.533255076120051e-12;4.21333945524294e-09;;;;VERT;True
1787670961.7788546;37.07166958800008;Simulation RF;Détection RF large bande;2,45 GHz;2,45 GHz;;3028;2.4405393957742327;-53.621575830969306;-70.32157583096931;9.286293738753347e-11;0.1;9.286293738753348e-12;1.524915273211012e-08;;;;VERT;True
1787670961.7868729;37.07999910900071;Wi-Fi;Wi-Fi;2,4/5 GHz;wlan0;-35.0;;;;-35.0;3.162277660168379e-07;0.1;3.162277660168379e-08;3.4476481937545345e-06;;;;ROUGE;False
1787670961.8824315;37.175557595999635;BLE Sniffer;iBeacon;2,4 GHz BLE;7c:5a:b6:04:10:35;-69.0;;;;-69.0;1.2589254117941662e-10;0.000368;4.6328455154025316e-14;2.2622357847283737e-11;36;0x00;39;ORANGE;False
1787670961.8825297;37.17565378099971;BLE Sniffer;Appareil BLE;2,4 GHz BLE;c5:0e:c7:ab:76:29;-90.0;;;;-90.0;1e-12;0.000128;1.2799999999999998e-16;1.2799999999999998e-16;6;0x02;37;VERT;False
1787670961.8825707;37.175694559000476;BLE Sniffer;Appareil BLE;2,4 GHz BLE;62:ae:f9:af:07:b9;-72.0;;;;-72.0;6.309573444801942e-11;0.00028;1.7666805645445437e-14;7.456546141294704e-12;25;0x00;38;VERT;False
1787670961.8826087;37.175732522000544;BLE Sniffer;Appareil BLE;2,4 GHz BLE;62:ae:f9:af:07:b9;-83.0;;;;-83.0;5.011872336272715e-12;0.00028;1.40332425415636e-15;7.45794946554886e-12;25;0x00;39;VERT;False
1787670961.8900816;37.17177538299984;Simulation RF;Détection RF large bande;868 MHz;868 MHz;;2614;2.10619539041638;-40.2478156166552;-73.2478156166552;4.7338930105930175e-11;0.1;4.733893010593018e-12;4.2180733482535326e-09;;;;VERT;True
1787670961.8902576;37.17177538299984;Simulation RF;Détection RF large bande;2,45 GHz;2,45 GHz;;3104;2.501168568884206;-56.04674275536823;-72.74674275536823;5.3128276131885245e-11;0.1;5.312827613188525e-12;1.5254465559723307e-08;;;;VERT;True
1787670961.8986511;37.19177567500083;Wi-Fi;Wi-Fi;2,4/5 GHz;wlan0;-35.0;;;;-35.0;3.162277660168379e-07;0.1;3.162277660168379e-08;3.4792709703562182e-06;;;;ROUGE;False
1787670961.9789207;37.27185804700093;Simulation RF;Détection RF large bande;868 MHz;868 MHz;;2567;2.068923339869506;-38.756933594780236;-71.75693359478024;6.672777449821908e-11;0.1;6.6727774498219085e-12;4.2247461257033545e-09;;;;VERT;True
1787670961.9790702;37.27185804700093;Simulation RF;Détection RF large bande;2,45 GHz;2,45 GHz;;3062;2.4676113959102244;-54.70445583640897;-71.40445583640897;7.236930741095626e-11;0.1;7.2369307410956265e-12;1.52617024904644e-08;;;;VERT;True
1787670961.987557;37.280681551999805;Wi-Fi;Wi-Fi;2,4/5 GHz;wlan0;-34.0;;;;-34.0;3.981071705534969e-07;0.1;3.9810717055349696e-08;3.519081687411568e-06;;;;ROUGE;False
1787670961.9948177;37.28794379300052;BLE Sniffer;Appareil BLE;2,4 GHz BLE;37:10:9e:67:65:d1;-89.0;;;;-89.0;1.258925411794166e-12;0.00034399999999999996;4.330703416571931e-16;4.330703416571931e-16;33;0x02;37;VERT;False
1787670962.0790427;37.37194620900118;Simulation RF;Détection RF large bande;868 MHz;868 MHz;;2538;2.045274095734606;-37.810963829384235;-70.81096382938424;8.296666192370355e-11;0.1;8.296666192370355e-12;4.2330427918957246e-09;;;;VERT;True
1787670962.0792427;37.37194620900118;Simulation RF;Détection RF large bande;2,45 GHz;2,45 GHz;;3039;2.4487188825362276;-53.9487553014491;-70.6487553014491;8.612405504534545e-11;0.1;8.612405504534545e-12;1.5270314895968937e-08;;;;VERT;True
1787670962.0879183;37.38104313900112;Wi-Fi;Wi-Fi;2,4/5 GHz;wlan0;-34.0;;;;-34.0;3.981071705534969e-07;0.1;3.9810717055349696e-08;3.5588924044669175e-06;;;;ROUGE;False
1787670962.1022763;37.39540167599989;BLE Sniffer;iBeacon;2,4 GHz BLE;7c:5a:b6:04:10:35;-67.0;;;;-67.0;1.9952623149688828e-10;0.000368;7.342565319085489e-14;2.269578350047459e-11;36;0x00;38;ORANGE;False
1787670962.1023483;37.395472231000895;BLE Sniffer;iBeacon;2,4 GHz BLE;7c:5a:b6:04:10:35;-69.0;;;;-69.0;1.2589254117941662e-10;0.000368;4.6328455154025316e-14;2.2742111955628615e-11;36;0x00;39;ORANGE;False
1787670962.1106389;37.40376527100125;BLE Sniffer;Appareil BLE;2,4 GHz BLE;77:d4:bf:26:65:b2;-88.0;;;;-88.0;1.584893192461111e-12;0.00026399999999999997;4.1841180280973327e-16;6.824118028097333e-16;23;0x00;37;VERT;False
1787670962.179077;37.472029980001025;Simulation RF;Détection RF large bande;868 MHz;868 MHz;;2566;2.0678849366893437;-38.71539746757374;-71.71539746757374;6.736902363226068e-11;0.1;6.736902363226068e-12;4.239779694258951e-09;;;;VERT;True
1787670962.1792207;37.472029980001025;Simulation RF;Détection RF large bande;2,45 GHz;2,45 GHz;;3007;2.423178018990686;-52.92712075962743;-69.62712075962743;1.0896522602384932e-10;0.1;1.0896522602384933e-11;1.528121141857132e-08;;;;ORANGE;True
1787670962.1877491;37.48087461400064;Wi-Fi;Wi-Fi;2,4/5 GHz;wlan0;-35.0;;;;-35.0;3.162277660168379e-07;0.1;3.162277660168379e-08;3.5905151810686013e-06;;;;ROUGE;False
1787670962.2130907;37.50621634500021;BLE Sniffer;Appareil BLE;2,4 GHz BLE;62:ae:f9:af:07:b9;-73.0;;;;-73.0;5.011872336272715e-11;0.00028;1.40332425415636e-14;7.471982708090423e-12;25;0x00;38;VERT;False
1787670962.2131763;37.5063003080013;BLE Sniffer;Appareil Apple BLE;2,4 GHz BLE;62:ae:f9:af:03:b9;-83.0;;;;-83.0;5.011872336272715e-12;0.00028;1.40332425415636e-15;2.106652454979043e-15;25;0x00;39;VERT;False
1787670962.2879858;37.57212045500091;Simulation RF;Détection RF large bande;868 MHz;868 MHz;;2583;2.0815345527022644;-39.26138210809057;-72.26138210809057;5.941030598932902e-11;0.1;5.941030598932903e-12;4.245720724857884e-09;;;;VERT;True
1787670962.2886984;37.57212045500091;Simulation RF;Détection RF large bande;2,45 GHz;2,45 GHz;;3058;2.464594531260249;-54.583781250409956;-71.28378125040996;7.440838439733441e-11;0.1;7.440838439733441e-12;1.5288652257011055e-08;;;;VERT;True
1787670962.3019862;37.59511190200101;Wi-Fi;Wi-Fi;2,4/5 GHz;wlan0;-35.0;;;;-35.0;3.162277660168379e-07;0.1;3.162277660168379e-08;3.622137957670285e-06;;;;ROUGE;False
1787670962.3219678;37.6150930269996;BLE Sniffer;Appareil BLE;2,4 GHz BLE;37:10:9a:67:69:d1;-94.0;;;;-94.0;3.981071705534969e-13;0.000376;1.4968829612811484e-16;6.36802112228299e-16;37;0x02;37;VERT;False
1787670962.3792722;37.67219844900137;Simulation RF;Détection RF large bande;868 MHz;868 MHz;;2612;2.104796848165695;-40.19187392662779;-73.19187392662779;4.795264942777204e-11;0.1;4.795264942777204e-12;4.250515989800661e-09;;;;VERT;True
1787670962.379473;37.67219844900137;Simulation RF;Détection RF large bande;2,45 GHz;2,45 GHz;;2995;2.413705259354145;-52.54821037416579;-69.2482103741658;1.188992082288328e-10;0.1;1.1889920822883281e-11;1.5300542177833937e-08;;;;ORANGE;True
1787670962.3881428;37.68126791600116;Wi-Fi;Wi-Fi;2,4/5 GHz;wlan0;-36.0;;;;-36.0;2.5118864315095823e-07;0.1;2.5118864315095824e-08;3.6472568219853807e-06;;;;ROUGE;False
1787670962.4290679;37.722193835001235;BLE Sniffer;iBeacon;2,4 GHz BLE;7c:5a:b6:04:10:35;-66.0;;;;-66.0;2.511886431509582e-10;0.000368;9.243742067955262e-14;2.2834549376308167e-11;36;0x00;38;ORANGE;False
1787670962.429138;37.72226163100095;BLE Sniffer;iBeacon;2,4 GHz BLE;7c:5a:b6:04:10:35;-69.0;;;;-69.0;1.2589254117941662e-10;0.000368;4.6328455154025316e-14;2.288087783146219e-11;36;0x00;39;ORANGE;False
1787670962.4305787;37.72370543100078;BLE Sniffer;Appareil BLE;2,4 GHz BLE;d3:23:2f:4d:3e:b1;-87.0;;;;-87.0;1.9952623149688827e-12;0.000376;7.502186304282998e-16;8.272999339863249e-14;37;0x00;37;VERT;False
1787670962.4339528;37.72707940300097;BLE Sniffer;Appareil BLE;2,4 GHz BLE;d3:23:2f:4d:3e:b1;-75.0;;;;-75.0;3.1622776601683794e-11;0.000376;1.1890164002233105e-14;9.46201574008656e-14;37;0x00;38;VERT;False
1787670962.4951665;37.772366036000676;Simulation RF;Détection RF large bande;868 MHz;868 MHz;;2540;2.047133918699421;-37.88535674797684;-70.88535674797684;8.155757895135526e-11;0.1;8.155757895135526e-12;4.2586717476957965e-09;;;;VERT;True
1787670962.5062017;37.772366036000676;Simulation RF;Détection RF large bande;2,45 GHz;2,45 GHz;;3025;2.438094864814168;-53.5237945925667;-70.2237945925667;9.497745776072817e-11;0.1;9.497745776072817e-12;1.5310039923610012e-08;;;;VERT;True
1787670962.5175636;37.81068959500044;Wi-Fi;Wi-Fi;2,4/5 GHz;wlan0;-36.0;;;;-36.0;2.5118864315095823e-07;0.1;2.5118864315095824e-08;3.6723756863004763e-06;;;;ROUGE;False
1787670962.541226;37.83435143300085;BLE Sniffer;Appareil BLE;2,4 GHz BLE;d3:23:2f:49:3e:b1;-80.0;;;;-80.0;1e-11;0.000368;3.68e-15;3.68e-15;36;0x00;39;VERT;False
1787670962.5413032;37.834426859000814;BLE Sniffer;Appareil BLE;2,4 GHz BLE;7f:d4:bf:26:65:b2;-87.0;;;;-87.0;1.9952623149688827e-12;0.00026399999999999997;5.26749251151785e-16;1.0556797956923848e-14;23;0x00;37;VERT;False
1787670962.579478;37.872450770000796;Simulation RF;Détection RF large bande;868 MHz;868 MHz;;2561;2.0638002668971502;-38.55201067588601;-71.55201067588601;6.995180614842882e-11;0.1;6.995180614842882e-12;4.265666928310639e-09;;;;VERT;True
1787670962.579624;37.872450770000796;Simulation RF;Détection RF large bande;2,45 GHz;2,45 GHz;;3007;2.4232801638985006;-52.93120655594002;-69.63120655594003;1.0886276090430356e-10;0.1;1.0886276090430357e-11;1.5320926199700443e-08;;;;ORANGE;True
1787670962.5880888;37.881213440001375;Wi-Fi;Wi-Fi;2,4/5 GHz;wlan0;-36.0;;;;-36.0;2.5118864315095823e-07;0.1;2.5118864315095824e-08;3.697494550615572e-06;;;;ROUGE;False
1787670962.6547716;37.94789807200141;BLE Sniffer;iBeacon;2,4 GHz BLE;7c:5a:b6:04:10:35;-67.0;;;;-67.0;1.9952623149688828e-10;0.000368;7.342565319085489e-14;2.2954303484653045e-11;36;0x00;38;ORANGE;False
1787670962.6548657;37.94798942400121;BLE Sniffer;iBeacon;2,4 GHz BLE;7c:5a:b6:04:10:35;-69.0;;;;-69.0;1.2589254117941662e-10;0.000368;4.6328455154025316e-14;2.300063193980707e-11;36;0x00;39;ORANGE;False
1787670962.6549547;37.94807868300086;Simulation LoRa;LoRa;868 MHz;LoRa 868.100 MHz;-87.73486378786735;;;;-87.73486378786735;1.6846652637911892e-12;0.046335999999999995;7.806064966302853e-14;3.468595932042461e-12;13;"SNR=5.97;SF=7;BW=125.0;CR=4/5;F=868.100;CRC=OK;PAYLOAD=54454d504f5f4c4f52415f3337";7;VERT;True
1787670962.6795647;37.972527893000006;Simulation RF;Détection RF large bande;868 MHz;868 MHz;;2607;2.1012496740240243;-40.049986960960965;-73.04998696096096;4.954516783217513e-11;0.1;4.954516783217513e-12;4.270621445093857e-09;;;;VERT;True
1787670962.6797633;37.972527893000006;Simulation RF;Détection RF large bande;2,45 GHz;2,45 GHz;;3076;2.4790005930164987;-55.160023720659936;-71.86002372065994;6.516248349519946e-11;0.1;6.516248349519946e-12;1.5327442448049963e-08;;;;VERT;True
1787670962.6883633;37.98148854500141;Wi-Fi;Wi-Fi;2,4/5 GHz;wlan0;-36.0;;;;-36.0;2.5118864315095823e-07;0.1;2.5118864315095824e-08;3.7226134149306676e-06;;;;ROUGE;False
1787670962.7605245;38.05364985699998;BLE Sniffer;Appareil BLE;2,4 GHz BLE;7f:d4:bf:26:65:b2;-88.0;;;;-88.0;1.584893192461111e-12;0.00026399999999999997;4.1841180280973327e-16;1.0975209759733582e-14;23;0x00;37;VERT;False
1787670962.765356;38.058481907000896;BLE Sniffer;Appareil BLE;2,4 GHz BLE;62:ae:f9:af:07:b9;-73.0;;;;-73.0;5.011872336272715e-11;0.00028;1.40332425415636e-14;7.486015950631986e-12;25;0x00;38;VERT;False
1787670962.7654428;38.05856672200025;BLE Sniffer;Appareil BLE;2,4 GHz BLE;62:ae:f9:af:07:b9;-89.0;;;;-89.0;1.258925411794166e-12;0.00028;3.5249911530236646e-16;7.486368449747289e-12;25;0x00;39;VERT;False
1787670962.779646;38.07260699800099;Simulation RF;Détection RF large bande;868 MHz;868 MHz;;2535;2.042888199341184;-37.715527973647355;-70.71552797364735;8.481002722744246e-11;0.1;8.481002722744247e-12;4.279102447816601e-09;;;;VERT;True
1787670962.7797928;38.07260699800099;Simulation RF;Détection RF large bande;2,45 GHz;2,45 GHz;;3079;2.4816286794979536;-55.26514717991813;-71.96514717991813;6.360412493975353e-11;0.1;6.360412493975353e-12;1.533380286054394e-08;;;;VERT;True
1787670962.7882924;38.08141722400069;Wi-Fi;Wi-Fi;2,4/5 GHz;wlan0;-36.0;;;;-36.0;2.5118864315095823e-07;0.1;2.5118864315095824e-08;3.7477322792457632e-06;;;;ROUGE;False
1787670962.871287;38.164412471000105;BLE Sniffer;Appareil BLE;2,4 GHz BLE;44:52:26:0a:24:5f;-86.0;;;;-86.0;2.5118864315095823e-12;0.00019999999999999998;5.023772863019164e-16;2.8356899497058872e-14;15;0x00;37;VERT;False
1787670962.8797085;38.17269334299999;Simulation RF;Détection RF large bande;868 MHz;868 MHz;;2579;2.0786047406368633;-39.144189625474525;-72.14418962547452;6.103529352103086e-11;0.1;6.103529352103087e-12;4.285205977168704e-09;;;;VERT;True
1787670962.8798609;38.17269334299999;Simulation RF;Détection RF large bande;2,45 GHz;2,45 GHz;;3032;2.443236132211057;-53.729445288442264;-70.42944528844227;9.058482948456405e-11;0.1;9.058482948456406e-12;1.5342861343492397e-08;;;;VERT;True
1787670962.888644;38.18176881100044;Wi-Fi;Wi-Fi;2,4/5 GHz;wlan0;-36.0;;;;-36.0;2.5118864315095823e-07;0.1;2.5118864315095824e-08;3.772851143560859e-06;;;;ROUGE;False
1787670962.9820473;38.27517328700014;BLE Sniffer;iBeacon;2,4 GHz BLE;7c:5a:b6:04:10:35;-66.0;;;;-66.0;2.511886431509582e-10;0.000368;9.243742067955262e-14;2.3093069360486622e-11;36;0x00;38;ORANGE;False
1787670962.9837656;38.27689219900094;BLE Sniffer;iBeacon;2,4 GHz BLE;7c:5a:b6:04:10:35;-69.0;;;;-69.0;1.2589254117941662e-10;0.000368;4.6328455154025316e-14;2.3139397815640646e-11;36;0x00;39;ORANGE;False
1787670962.9838586;38.27698242200131;BLE Sniffer;Appareil BLE;2,4 GHz BLE;7f:d4:bf:16:65:a2;-86.0;;;;-86.0;2.5118864315095823e-12;0.00026399999999999997;6.631380179185297e-16;6.631380179185297e-16;23;0x00;37;VERT;False
1787670962.9838986;38.27702247700108;BLE Sniffer;Appareil BLE;2,4 GHz BLE;62:ae:f9:af:07:b9;-72.0;;;;-72.0;6.309573444801942e-11;0.00028;1.7666805645445437e-14;7.504035255392734e-12;25;0x00;38;VERT;False
1787670962.9909656;38.2840920510007;BLE Sniffer;Appareil BLE;2,4 GHz BLE;62:ae:f9:af:07:b9;-85.0;;;;-85.0;3.1622776601683794e-12;0.00028;8.854377448471461e-16;7.50492069313758e-12;25;0x00;39;VERT;False
1787670962.9934285;38.272811504000856;Simulation RF;Détection RF large bande;868 MHz;868 MHz;;2595;2.0910201952873164;-39.64080781149265;-72.64080781149265;5.4440138178929045e-11;0.1;5.444013817892905e-12;4.290649990986597e-09;;;;VERT;True
1787670962.9935765;38.272811504000856;Simulation RF;Détection RF large bande;2,45 GHz;2,45 GHz;;3040;2.4500046196216982;-54.000184784867926;-70.70018478486793;8.511018245062248e-11;0.1;8.511018245062248e-12;1.535137236173746e-08;;;;VERT;True
1787670963.002126;38.29525120800099;Wi-Fi;Wi-Fi;2,4/5 GHz;wlan0;-36.0;;;;-36.0;2.5118864315095823e-07;0.1;2.5118864315095824e-08;3.7979700078759545e-06;;;;ROUGE;False
1787670963.0799468;38.37288954900032;Simulation RF;Détection RF large bande;868 MHz;868 MHz;;2615;2.1070068969746485;-40.28027587898593;-73.28027587898593;4.6986426024235005e-11;0.1;4.698642602423501e-12;4.2953486335890204e-09;;;;VERT;True
1787670963.0800877;38.37288954900032;Simulation RF;Détection RF large bande;2,45 GHz;2,45 GHz;;3044;2.452976852612222;-54.119074104488874;-70.81907410448888;8.2811869592425e-11;0.1;8.2811869592425e-12;1.5359653548696702e-08;;;;VERT;True
1787670963.0885563;38.381681016000584;Wi-Fi;Wi-Fi;2,4/5 GHz;wlan0;-36.0;;;;-36.0;2.5118864315095823e-07;0.1;2.5118864315095824e-08;3.82308887219105e-06;;;;ROUGE;False
1787670963.0984654;38.39159140999982;BLE Sniffer;Appareil BLE;2,4 GHz BLE;37:10:9e:67:69:d1;-93.0;;;;-93.0;5.011872336272715e-13;0.000376;1.8844639984385405e-16;4.836077265572951e-15;37;0x02;37;VERT;False
1787670963.1800213;38.472965889999614;Simulation RF;Détection RF large bande;868 MHz;868 MHz;;2598;2.0937371621891345;-39.74948648756538;-72.74948648756538;5.309472200415452e-11;0.1;5.309472200415453e-12;4.3006581057894356e-09;;;;VERT;True
1787670963.1801705;38.472965889999614;Simulation RF;Détection RF large bande;2,45 GHz;2,45 GHz;;3043;2.4523740869651505;-54.094963478606005;-70.79496347860601;8.327289286745866e-11;0.1;8.327289286745866e-12;1.536798083798345e-08;;;;VERT;True
1787670963.1887696;38.481893985999704;Wi-Fi;Wi-Fi;2,4/5 GHz;wlan0;-37.0;;;;-37.0;1.9952623149688787e-07;0.1;1.995262314968879e-08;3.843041495340739e-06;;;;ROUGE;False
1787670963.2059574;38.49908341800074;BLE Sniffer;iBeacon;2,4 GHz BLE;7c:5a:b6:04:10:35;-66.0;;;;-66.0;2.511886431509582e-10;0.000368;9.243742067955262e-14;2.3231835236320198e-11;36;0x00;38;ORANGE;False
1787670963.211237;38.50436267199984;BLE Sniffer;iBeacon;2,4 GHz BLE;7c:5a:b6:04:10:35;-69.0;;;;-69.0;1.2589254117941662e-10;0.000368;4.6328455154025316e-14;2.3278163691474223e-11;36;0x00;39;ORANGE;False
1787670963.280112;38.5730490090009;Simulation RF;Détection RF large bande;868 MHz;868 MHz;;2538;2.0450499292136413;-37.80199716854564;-70.80199716854564;8.313813599482085e-11;0.1;8.313813599482086e-12;4.3089719193889176e-09;;;;VERT;True
1787670963.2802596;38.5730490090009;Simulation RF;Détection RF large bande;2,45 GHz;2,45 GHz;;3025;2.4374991817924307;-53.49996727169723;-70.19996727169723;9.549997828442313e-11;0.1;9.549997828442314e-12;1.537753083581189e-08;;;;VERT;True
1787670963.2887084;38.581833049000124;Wi-Fi;Wi-Fi;2,4/5 GHz;wlan0;-37.0;;;;-37.0;1.9952623149688787e-07;0.1;1.995262314968879e-08;3.862994118490428e-06;;;;ROUGE;False
1787670963.3161347;38.60925915400003;BLE Sniffer;Appareil BLE;2,4 GHz BLE;62:ae:f9:af:07:b9;-72.0;;;;-72.0;6.309573444801942e-11;0.00028;1.7666805645445437e-14;7.522587498783026e-12;25;0x00;37;VERT;False
1787670963.3808503;38.673137146000954;Simulation RF;Détection RF large bande;868 MHz;868 MHz;;2569;2.069860608611435;-38.79442434445738;-71.79442434445738;6.615422188208324e-11;0.1;6.615422188208324e-12;4.315587341577126e-09;;;;VERT;True
1787670963.3812695;38.673137146000954;Simulation RF;Détection RF large bande;2,45 GHz;2,45 GHz;;3081;2.4828245074800925;-55.31298029920369;-72.01298029920369;6.290743391961839e-11;0.1;6.290743391961839e-12;1.5383821579203852e-08;;;;VERT;True
1787670963.3915591;38.684685193000405;Wi-Fi;Wi-Fi;2,4/5 GHz;wlan0;-37.0;;;;-37.0;1.9952623149688787e-07;0.1;1.995262314968879e-08;3.882946741640117e-06;;;;ROUGE;False
1787670963.4282205;38.721346414000436;BLE Sniffer;Appareil BLE;2,4 GHz BLE;37:18:9e:67:69:d1;-89.0;;;;-89.0;1.258925411794166e-12;0.000376;4.733559548346064e-16;4.733559548346064e-16;37;0x02;38;VERT;False
1787670963.4802725;38.77321900500101;Simulation RF;Détection RF large bande;868 MHz;868 MHz;;2560;2.0628368799174788;-38.51347519669915;-71.51347519669915;7.057525895390994e-11;0.1;7.057525895390994e-12;4.322644867472517e-09;;;;VERT;True
1787670963.4804316;38.77321900500101;Simulation RF;Détection RF large bande;2,45 GHz;2,45 GHz;;3097;2.49612224831756;-55.84488993270239;-72.54488993270239;5.565587394662904e-11;0.1;5.565587394662904e-12;1.5389387166598514e-08;;;;VERT;True
1787670963.4889183;38.78204326800005;Wi-Fi;Wi-Fi;2,4/5 GHz;wlan0;-37.0;;;;-37.0;1.9952623149688787e-07;0.1;1.995262314968879e-08;3.902899364789806e-06;;;;ROUGE;False
1787670963.5307434;38.82386809400123;BLE Sniffer;iBeacon;2,4 GHz BLE;7c:5a:b6:04:10:35;-69.0;;;;-69.0;1.2589254117941662e-10;0.000368;4.6328455154025316e-14;2.3324492146628247e-11;36;0x00;39;ORANGE;False
1787670963.5308132;38.823937168001066;BLE Sniffer;Appareil BLE;2,4 GHz BLE;62:ae:f9:af:07:b9;-71.0;;;;-71.0;7.943282347242822e-11;0.00028;2.22411905722799e-14;7.544828689355306e-12;25;0x00;37;VERT;False
1787670963.5867553;38.87332110500029;Simulation RF;Détection RF large bande;868 MHz;868 MHz;;2526;2.03587891436096;-37.43515657443841;-70.43515657443841;9.046578218865011e-11;0.1;9.046578218865012e-12;4.331691445691382e-09;;;;VERT;True
1787670963.5869129;38.87332110500029;Simulation RF;Détection RF large bande;2,45 GHz;2,45 GHz;;3033;2.4441322340751532;-53.76528936300612;-70.46528936300612;8.984027315347692e-11;0.1;8.984027315347693e-12;1.5398371193913862e-08;;;;VERT;True
1787670963.6076837;38.900808395999775;Wi-Fi;Wi-Fi;2,4/5 GHz;wlan0;-38.0;;;;-38.0;1.584893192461114e-07;0.1;1.5848931924611143e-08;3.918748296714417e-06;;;;ROUGE;False
1787670963.6447272;38.937853487999746;Simulation LoRa;LoRa;868 MHz;LoRa 868.100 MHz;-84.2906818819884;;;;-84.2906818819884;3.723332419465228e-12;0.046335999999999995;1.7252433098834078e-13;3.641120263030802e-12;13;"SNR=6.13;SF=7;BW=125.0;CR=4/5;F=868.100;CRC=OK;PAYLOAD=54454d504f5f4c4f52415f3338";7;VERT;True
1787670963.6804326;38.9733960020003;Simulation RF;Détection RF large bande;868 MHz;868 MHz;;2451;1.9752468570794468;-35.009874283177865;-68.00987428317787;1.5812938129018804e-10;0.1;1.5812938129018806e-11;4.3475043838204005e-09;;;;ORANGE;True
1787670963.6805913;38.9733960020003;Simulation RF;Détection RF large bande;2,45 GHz;2,45 GHz;;3044;2.4532963836243384;-54.13185534497353;-70.83185534497353;8.2568513412567e-11;0.1;8.2568513412567e-12;1.5406628045255118e-08;;;;VERT;True
1787670963.689152;38.98227689400119;Wi-Fi;Wi-Fi;2,4/5 GHz;wlan0;-38.0;;;;-38.0;1.584893192461114e-07;0.1;1.5848931924611143e-08;3.934597228639029e-06;;;;ROUGE;False
1787670963.75212;39.04524621699966;BLE Sniffer;iBeacon;2,4 GHz BLE;7c:5a:b6:04:10:35;-66.0;;;;-66.0;2.511886431509582e-10;0.000368;9.243742067955262e-14;2.34169295673078e-11;36;0x00;38;ORANGE;False
1787670963.7805405;39.07348904600076;Simulation RF;Détection RF large bande;868 MHz;868 MHz;;2520;2.0309334320186045;-37.23733728074417;-70.23733728074417;9.468174902814739e-11;0.1;9.46817490281474e-12;4.356972558723215e-09;;;;VERT;True
1787670963.7806845;39.07348904600076;Simulation RF;Détection RF large bande;2,45 GHz;2,45 GHz;;3012;2.4272912590902527;-53.0916503636101;-69.7916503636101;1.0491436675276927e-10;0.1;1.0491436675276928e-11;1.5417119481930397e-08;;;;ORANGE;True
1787670963.8062122;39.099338609999904;Wi-Fi;Wi-Fi;2,4/5 GHz;wlan0;-38.0;;;;-38.0;1.584893192461114e-07;0.1;1.5848931924611143e-08;3.95044616056364e-06;;;;ROUGE;False
1787670963.8547986;39.14792408300127;BLE Sniffer;iBeacon;2,4 GHz BLE;7c:5a:b6:04:10:35;-69.0;;;;-69.0;1.2589254117941662e-10;0.000368;4.6328455154025316e-14;2.3463258022461824e-11;36;0x00;39;ORANGE;False
1787670963.858253;39.151379647000795;BLE Sniffer;Appareil BLE;2,4 GHz BLE;44:52:26:0a:24:5f;-84.0;;;;-84.0;3.9810717055349695e-12;0.00019999999999999998;7.962143411069938e-16;2.915311383816587e-14;15;0x00;37;VERT;False
1787670963.8601367;39.15326389199981;BLE Sniffer;Appareil BLE;2,4 GHz BLE;62:ae:f9:af:07:b9;-71.0;;;;-71.0;7.943282347242822e-11;0.00028;2.22411905722799e-14;7.567069879927586e-12;25;0x00;38;VERT;False
1787670963.8602302;39.15335381800105;BLE Sniffer;Appareil BLE;2,4 GHz BLE;62:ae:f9:af:07:b9;-84.0;;;;-84.0;3.9810717055349695e-12;0.00028;1.1147000775497915e-15;7.568184580005137e-12;25;0x00;39;VERT;False
1787670963.8806486;39.17357738700048;Simulation RF;Détection RF large bande;868 MHz;868 MHz;;2508;2.0211027242102078;-36.84410896840831;-69.8441089684083;1.0365472485339849e-10;0.1;1.036547248533985e-11;4.367338031208555e-09;;;;ORANGE;True
1787670963.8810236;39.17357738700048;Simulation RF;Détection RF large bande;2,45 GHz;2,45 GHz;;3056;2.462837163750752;-54.513486550030066;-71.21348655003007;7.562255474843703e-11;0.1;7.562255474843703e-12;1.542468173740524e-08;;;;VERT;True
1787670963.8894851;39.1826100950002;Wi-Fi;Wi-Fi;2,4/5 GHz;wlan0;-38.0;;;;-38.0;1.584893192461114e-07;0.1;1.5848931924611143e-08;3.966295092488252e-06;;;;ROUGE;False
1787670963.967699;39.26082417700127;BLE Sniffer;Appareil BLE;2,4 GHz BLE;c5:0e:c7:bb:77:89;-91.0;;;;-91.0;7.943282347242822e-13;0.000192;1.5251102106706217e-16;1.5251102106706217e-16;14;0x02;37;VERT;False
1787670963.9806778;39.273656708999624;Simulation RF;Détection RF large bande;868 MHz;868 MHz;;2504;2.0175458715185406;-36.70183486074163;-69.70183486074163;1.0710666922022583e-10;0.1;1.0710666922022583e-11;4.378048698130577e-09;;;;ORANGE;True
1787670963.9808266;39.273656708999624;Simulation RF;Détection RF large bande;2,45 GHz;2,45 GHz;;3106;2.5027502949527047;-56.110011798108175;-72.81001179810818;5.235990141669853e-11;0.1;5.235990141669853e-12;1.542991772754691e-08;;;;VERT;True
1787670963.9893572;39.2824823610008;Wi-Fi;Wi-Fi;2,4/5 GHz;wlan0;-38.0;;;;-38.0;1.584893192461114e-07;0.1;1.5848931924611143e-08;3.982144024412863e-06;;;;ROUGE;False
1787670964.0801678;39.37329450800098;BLE Sniffer;iBeacon;2,4 GHz BLE;7c:5a:b6:04:10:35;-66.0;;;;-66.0;2.511886431509582e-10;0.000368;9.243742067955262e-14;2.3555695443141376e-11;36;0x00;38;ORANGE;False
1787670964.0802622;39.37338611999985;BLE Sniffer;iBeacon;2,4 GHz BLE;7c:5a:b6:04:10:35;-69.0;;;;-69.0;1.2589254117941662e-10;0.000368;4.6328455154025316e-14;2.36020238982954e-11;36;0x00;39;ORANGE;False
1787670964.0839725;39.377098462000504;BLE Sniffer;Appareil BLE;2,4 GHz BLE;62:ae:f9:af:07:b9;-72.0;;;;-72.0;6.309573444801942e-11;0.00028;1.7666805645445437e-14;7.585851385650582e-12;25;0x00;37;VERT;False
1787670964.0865352;39.373744806000104;Simulation RF;Détection RF large bande;868 MHz;868 MHz;;2493;2.0091826856212527;-36.3673074248501;-69.3673074248501;1.1568292405445559e-10;0.1;1.156829240544556e-11;4.3896169905360226e-09;;;;ORANGE;True
1787670964.0866818;39.373744806000104;Simulation RF;Détection RF large bande;2,45 GHz;2,45 GHz;;3064;2.469081960869023;-54.76327843476092;-71.46327843476092;7.139571652580156e-11;0.1;7.139571652580156e-12;1.543705729919949e-08;;;;VERT;True
1787670964.0952837;39.38840854500086;Wi-Fi;Wi-Fi;2,4/5 GHz;wlan0;-37.0;;;;-37.0;1.9952623149688787e-07;0.1;1.995262314968879e-08;4.002096647562552e-06;;;;ROUGE;False
1787670964.1808884;39.47382895700139;Simulation RF;Détection RF large bande;868 MHz;868 MHz;;2563;2.065351518213377;-38.614060728535065;-71.61406072853507;6.895947193126819e-11;0.1;6.895947193126819e-12;4.396512937729149e-09;;;;VERT;True
1787670964.181035;39.47382895700139;Simulation RF;Détection RF large bande;2,45 GHz;2,45 GHz;;3022;2.4349876438519082;-53.399505754076316;-70.09950575407632;9.773484411111615e-11;0.1;9.773484411111616e-12;1.54468307836106e-08;;;;VERT;True
1787670964.1969151;39.490041126000506;Wi-Fi;Wi-Fi;2,4/5 GHz;wlan0;-37.0;;;;-37.0;1.9952623149688787e-07;0.1;1.995262314968879e-08;4.022049270712241e-06;;;;ROUGE;False
1787670964.2809923;39.573914034001064;Simulation RF;Détection RF large bande;868 MHz;868 MHz;;2531;2.0399459915229783;-37.59783966091912;-70.59783966091912;8.713969467726779e-11;0.1;8.71396946772678e-12;4.405226907196876e-09;;;;VERT;True
1787670964.2816074;39.573914034001064;Simulation RF;Détection RF large bande;2,45 GHz;2,45 GHz;;3043;2.451992306726831;-54.079692269073234;-70.77969226907324;8.356622292072866e-11;0.1;8.356622292072866e-12;1.5455187405902673e-08;;;;VERT;True
1787670964.2945187;39.58764325199991;Wi-Fi;Wi-Fi;2,4/5 GHz;wlan0;-37.0;;;;-37.0;1.9952623149688787e-07;0.1;1.995262314968879e-08;4.04200189386193e-06;;;;ROUGE;False
1787670964.3018198;39.59494567799993;BLE Sniffer;iBeacon;2,4 GHz BLE;7c:5a:b6:04:10:35;-66.0;;;;-66.0;2.511886431509582e-10;0.000368;9.243742067955262e-14;2.3694461318974952e-11;36;0x00;38;ORANGE;False
1787670964.3810477;39.67399292600021;Simulation RF;Détection RF large bande;868 MHz;868 MHz;;2566;2.0674795820503187;-38.69918328201274;-71.69918328201274;6.762101289876606e-11;0.1;6.762101289876607e-12;4.411989008486752e-09;;;;VERT;True
1787670964.3811831;39.67399292600021;Simulation RF;Détection RF large bande;2,45 GHz;2,45 GHz;;3041;2.450857750134704;-54.034310005388164;-70.73431000538817;8.44440393518727e-11;0.1;8.444403935187271e-12;1.546363180983786e-08;;;;VERT;True
1787670964.389707;39.682831873000396;Wi-Fi;Wi-Fi;2,4/5 GHz;wlan0;-37.0;;;;-37.0;1.9952623149688787e-07;0.1;1.995262314968879e-08;4.061954517011619e-06;;;;ROUGE;False
1787670964.4060059;39.69913163500132;BLE Sniffer;iBeacon;2,4 GHz BLE;7c:5a:b6:04:10:35;-69.0;;;;-69.0;1.2589254117941662e-10;0.000368;4.6328455154025316e-14;2.3740789774128977e-11;36;0x00;39;ORANGE;False
1787670964.4060743;39.69919839400063;BLE Sniffer;Appareil BLE;2,4 GHz BLE;62:ae:f9:af:07:b9;-72.0;;;;-72.0;6.309573444801942e-11;0.00028;1.7666805645445437e-14;7.603518191296028e-12;25;0x00;37;VERT;False
1787670964.4061146;39.699238320001314;BLE Sniffer;Appareil BLE;2,4 GHz BLE;d3:23:2f:4d:3e:b1;-73.0;;;;-73.0;5.011872336272715e-11;0.000376;1.8844639984385406e-14;1.13464797385251e-13;37;0x00;38;VERT;False
1787670964.4811425;39.77407359500103;Simulation RF;Détection RF large bande;868 MHz;868 MHz;;2549;2.0541904193861735;-38.167616775446945;-71.16761677544694;7.642550594005075e-11;0.1;7.642550594005076e-12;4.419631559080757e-09;;;;VERT;True
1787670964.4813018;39.77407359500103;Simulation RF;Détection RF large bande;2,45 GHz;2,45 GHz;;3037;2.447691844427222;-53.90767377708889;-70.60767377708889;8.694259975131866e-11;0.1;8.694259975131866e-12;1.5472326069812994e-08;;;;VERT;True
1787670964.4914196;39.78454471300029;Wi-Fi;Wi-Fi;2,4/5 GHz;wlan0;-37.0;;;;-37.0;1.9952623149688787e-07;0.1;1.995262314968879e-08;4.081907140161308e-06;;;;ROUGE;False
1787670964.5218978;39.81502380600068;BLE Sniffer;Appareil BLE;2,4 GHz BLE;44:52:26:0a:24:5f;-88.0;;;;-88.0;1.584893192461111e-12;0.00019999999999999998;3.1697863849222217e-16;2.947009247665809e-14;15;0x00;39;VERT;False
1787670964.5811968;39.874157561000175;Simulation RF;Détection RF large bande;868 MHz;868 MHz;;2553;2.057520650445278;-38.30082601781112;-71.30082601781112;7.41169259257694e-11;0.1;7.41169259257694e-12;4.4270432516733345e-09;;;;VERT;True
1787670964.5813735;39.874157561000175;Simulation RF;Détection RF large bande;2,45 GHz;2,45 GHz;;3055;2.461937538255872;-54.477501530234875;-71.17750153023488;7.6251755558342e-11;0.1;7.6251755558342e-12;1.547995124536883e-08;;;;VERT;True
1787670964.589939;39.883064212001045;Wi-Fi;Wi-Fi;2,4/5 GHz;wlan0;-37.0;;;;-37.0;1.9952623149688787e-07;0.1;1.995262314968879e-08;4.101859763310997e-06;;;;ROUGE;False
1787670964.6278846;39.9210106010014;BLE Sniffer;Appareil BLE;2,4 GHz BLE;62:ae:f9:af:07:b9;-84.0;;;;-84.0;3.9810717055349695e-12;0.00028;1.1147000775497915e-15;7.604632891373578e-12;25;0x00;37;VERT;False
1787670964.6299052;39.923031754000476;BLE Sniffer;Appareil BLE;2,4 GHz BLE;62:ae:f9:af:07:b9;-77.0;;;;-77.0;1.9952623149688828e-11;0.00028;5.586734481912872e-15;7.61021962585549e-12;25;0x00;38;VERT;False
1787670964.6299956;39.92311938400053;BLE Sniffer;Appareil BLE;2,4 GHz BLE;62:ae:f9:af:07:b9;-86.0;;;;-86.0;2.5118864315095823e-12;0.00028;7.03328200822683e-16;7.610922954056313e-12;25;0x00;39;VERT;False
1787670964.6353786;39.928505064001;Simulation LoRa;LoRa;868 MHz;LoRa 868.100 MHz;-88.68751780010841;;;;-88.68751780010841;1.3528455579667296e-12;0.046335999999999995;6.268545177394637e-14;3.703805714804748e-12;13;"SNR=8.17;SF=7;BW=125.0;CR=4/5;F=868.100;CRC=OK;PAYLOAD=54454d504f5f4c4f52415f3339";7;VERT;True
1787670964.6916165;39.974241785999766;Simulation RF;Détection RF large bande;868 MHz;868 MHz;;2485;2.0027109790945734;-36.10843916378293;-69.10843916378293;1.227880446968937e-10;0.1;1.227880446968937e-11;4.439322056143024e-09;;;;ORANGE;True
1787670964.6921897;39.974241785999766;Simulation RF;Détection RF large bande;2,45 GHz;2,45 GHz;;3078;2.4808238052186766;-55.232952208747065;-71.93295220874707;6.407738489056391e-11;0.1;6.407738489056391e-12;1.5486358983857887e-08;;;;VERT;True
1787670964.703394;39.99651900699973;Wi-Fi;Wi-Fi;2,4/5 GHz;wlan0;-38.0;;;;-38.0;1.584893192461114e-07;0.1;1.5848931924611143e-08;4.1177086952356084e-06;;;;ROUGE;False
1787670964.7379677;40.03109335000045;BLE Sniffer;iBeacon;2,4 GHz BLE;7c:5a:b6:04:10:35;-70.0;;;;-70.0;1e-10;0.000368;3.68e-14;2.3777589774128975e-11;36;0x00;37;ORANGE;False
1787670964.7380471;40.031171239001196;BLE Sniffer;iBeacon;2,4 GHz BLE;7c:5a:b6:04:10:35;-66.0;;;;-66.0;2.511886431509582e-10;0.000368;9.243742067955262e-14;2.3870027194808527e-11;36;0x00;38;ORANGE;False
1787670964.7434802;40.03660660400055;BLE Sniffer;iBeacon;2,4 GHz BLE;7c:5a:b6:04:10:35;-69.0;;;;-69.0;1.2589254117941662e-10;0.000368;4.6328455154025316e-14;2.3916355649962552e-11;36;0x00;39;ORANGE;False
1787670964.7471719;40.040297928000655;BLE Sniffer;Appareil BLE;2,4 GHz BLE;78:5f:a4:26:84:8e;-85.0;;;;-85.0;3.1622776601683794e-12;0.000176;5.565608681896348e-16;5.565608681896348e-16;12;0x03;37;VERT;False
1787670964.781364;40.07432451100067;Simulation RF;Détection RF large bande;868 MHz;868 MHz;;2490;2.0068468074027037;-36.27387229610815;-69.27387229610815;1.1819871915335203e-10;0.1;1.1819871915335203e-11;4.4511419280583595e-09;;;;ORANGE;True
1787670964.78151;40.07432451100067;Simulation RF;Détection RF large bande;2,45 GHz;2,45 GHz;;3067;2.471353992864726;-54.854159714589045;-71.55415971458905;6.99172001478605e-11;0.1;6.9917200147860506e-12;1.5493350703872674e-08;;;;VERT;True
1787670964.7899184;40.08304432899968;Wi-Fi;Wi-Fi;2,4/5 GHz;wlan0;-38.0;;;;-38.0;1.584893192461114e-07;0.1;1.5848931924611143e-08;4.13355762716022e-06;;;;ROUGE;False
1787670964.8566794;40.14980504699997;BLE Sniffer;Appareil BLE;2,4 GHz BLE;62:ae:f9:af:07:b9;-73.0;;;;-73.0;5.011872336272715e-11;0.000296;1.4835142115367235e-14;7.62575809617168e-12;27;0x00;38;VERT;False
1787670964.8997486;40.17476870000064;Simulation RF;Détection RF large bande;868 MHz;868 MHz;;2499;2.0141159483094864;-36.564637932379455;-69.56463793237945;1.1054426253539886e-10;0.1;1.1054426253539886e-11;4.462196354311899e-09;;;;ORANGE;True
1787670964.900122;40.17476870000064;Simulation RF;Détection RF large bande;2,45 GHz;2,45 GHz;;3009;2.4250938177554087;-53.00375271021633;-69.70375271021634;1.0705938123271928e-10;0.1;1.0705938123271929e-11;1.5504056641995946e-08;;;;ORANGE;True
1787670964.9089913;40.20211626700075;Wi-Fi;Wi-Fi;2,4/5 GHz;wlan0;-38.0;;;;-38.0;1.584893192461114e-07;0.1;1.5848931924611143e-08;4.149406559084831e-06;;;;ROUGE;False
1787670964.9593306;40.25245581499985;BLE Sniffer;Appareil BLE;2,4 GHz BLE;62:af:f9:af:07:b9;-82.0;;;;-82.0;6.309573444801943e-12;0.00028;1.7666805645445437e-15;1.7666805645445437e-15;25;0x00;39;VERT;False
1787670964.9627469;40.25587360099962;BLE Sniffer;iBeacon;2,4 GHz BLE;7c:5a:b6:04:10:35;-71.0;;;;-71.0;7.943282347242822e-11;0.000368;2.923127903785358e-14;2.3945586929000407e-11;36;0x00;37;VERT;False
1787670964.964758;40.257884013000876;BLE Sniffer;iBeacon;2,4 GHz BLE;7c:5a:b6:04:10:35;-67.0;;;;-67.0;1.9952623149688828e-10;0.000368;7.342565319085489e-14;2.401901258219126e-11;36;0x00;38;ORANGE;False
1787670964.9648526;40.2579764029997;BLE Sniffer;iBeacon;2,4 GHz BLE;7c:5a:b6:04:10:35;-70.0;;;;-70.0;1e-10;0.000368;3.68e-14;2.405581258219126e-11;36;0x00;39;ORANGE;False
1787670964.9818852;40.27484894400004;Simulation RF;Détection RF large bande;868 MHz;868 MHz;;2495;2.0106116050149105;-36.42446420059642;-69.42446420059642;1.141704150679546e-10;0.1;1.1417041506795461e-11;4.473613395818695e-09;;;;ORANGE;True
1787670964.9820347;40.27484894400004;Simulation RF;Détection RF large bande;2,45 GHz;2,45 GHz;;3022;2.4350660269699453;-53.402641078797814;-70.10264107879782;9.766431135032883e-11;0.1;9.766431135032883e-12;1.5513823073130977e-08;;;;VERT;True
1787670964.9906032;40.283727669000655;Wi-Fi;Wi-Fi;2,4/5 GHz;wlan0;-38.0;;;;-38.0;1.584893192461114e-07;0.1;1.5848931924611143e-08;4.165255491009443e-06;;;;ROUGE;False
1787670965.0776098;40.37073597000017;BLE Sniffer;Appareil BLE;2,4 GHz BLE;44:52:26:0a:24:5f;-86.0;;;;-86.0;2.5118864315095823e-12;0.00019999999999999998;5.023772863019164e-16;2.997246976296001e-14;15;0x00;37;VERT;False
1787670965.0819488;40.374930220999886;Simulation RF;Détection RF large bande;868 MHz;868 MHz;;2480;1.9989063447238324;-35.95625378895329;-68.95625378895329;1.2716705714195294e-10;0.1;1.2716705714195296e-11;4.48633010153289e-09;;;;ORANGE;True
1787670965.0821004;40.374930220999886;Simulation RF;Détection RF large bande;2,45 GHz;2,45 GHz;;3061;2.4670057888896935;-54.68023155558774;-71.38023155558774;7.27741002066404e-11;0.1;7.27741002066404e-12;1.5521100483151642e-08;;;;VERT;True
1787670965.090654;40.38377877899984;Wi-Fi;Wi-Fi;2,4/5 GHz;wlan0;-37.0;;;;-37.0;1.9952623149688787e-07;0.1;1.995262314968879e-08;4.185208114159132e-06;;;;ROUGE;False
1787670965.185323;40.47844865300067;BLE Sniffer;Appareil BLE;2,4 GHz BLE;62:ae:f9:af:07:b9;-72.0;;;;-72.0;6.309573444801942e-11;0.00028;1.7666805645445437e-14;7.643424901817125e-12;25;0x00;38;VERT;False
1787670965.1854143;40.478538450001;BLE Sniffer;Appareil BLE;2,4 GHz BLE;62:ae:f9:af:07:b9;-83.0;;;;-83.0;5.011872336272715e-12;0.00028;1.40332425415636e-15;7.644828226071281e-12;25;0x00;39;VERT;False
1787670965.1898847;40.475116645000526;Simulation RF;Détection RF large bande;868 MHz;868 MHz;;2523;2.0334842974022025;-37.339371896088096;-70.3393718960881;9.248319192577108e-11;0.1;9.248319192577108e-12;4.4955784207254675e-09;;;;VERT;True
1787670965.1900485;40.475116645000526;Simulation RF;Détection RF large bande;2,45 GHz;2,45 GHz;;3064;2.4688026246732178;-54.7521049869287;-71.4521049869287;7.157963859447848e-11;0.1;7.157963859447849e-12;1.552825844701109e-08;;;;VERT;True
1787670965.199038;40.49216272299964;Wi-Fi;Wi-Fi;2,4/5 GHz;wlan0;-37.0;;;;-37.0;1.9952623149688787e-07;0.1;1.995262314968879e-08;4.205160737308821e-06;;;;ROUGE;False
1787670965.282253;40.575193680000666;Simulation RF;Détection RF large bande;868 MHz;868 MHz;;2451;1.9750714871272086;-35.00285948508834;-68.00285948508834;1.5838500093233496e-10;0.1;1.5838500093233495e-11;4.511416920818701e-09;;;;ORANGE;True
1787670965.2823973;40.575193680000666;Simulation RF;Détection RF large bande;2,45 GHz;2,45 GHz;;3033;2.444172769009283;-53.76691076037132;-70.46691076037132;8.980673839768942e-11;0.1;8.980673839768943e-12;1.553723912085086e-08;;;;VERT;True
1787670965.2951667;40.58829293400049;BLE Sniffer;Appareil BLE;2,4 GHz BLE;44:52:26:0a:24:5f;-87.0;;;;-87.0;1.9952623149688827e-12;0.00019999999999999998;3.9905246299377653e-16;3.037152222595379e-14;15;0x00;37;VERT;False
1787670965.3011818;40.594308208001166;Wi-Fi;Wi-Fi;2,4/5 GHz;wlan0;-37.0;;;;-37.0;1.9952623149688787e-07;0.1;1.995262314968879e-08;4.22511336045851e-06;;;;ROUGE;False
1787670965.3823488;40.675277271000596;Simulation RF;Détection RF large bande;868 MHz;868 MHz;;2434;1.961313541730493;-34.45254166921971;-67.45254166921971;1.7978184501801586e-10;0.1;1.7978184501801587e-11;4.529395105320503e-09;;;;ORANGE;True
1787670965.3825057;40.675277271000596;Simulation RF;Détection RF large bande;2,45 GHz;2,45 GHz;;2995;2.413736935181106;-52.549477407244225;-69.24947740724423;1.1886452502132072e-10;0.1;1.1886452502132072e-11;1.5549125573352995e-08;;;;ORANGE;True
1787670965.3910344;40.684159256001294;Wi-Fi;Wi-Fi;2,4/5 GHz;wlan0;-37.0;;;;-37.0;1.9952623149688787e-07;0.1;1.995262314968879e-08;4.245065983608199e-06;;;;ROUGE;False
1787670965.4084847;40.701610797001194;BLE Sniffer;Appareil BLE;2,4 GHz BLE;62:ae:f9:af:07:b9;-72.0;;;;-72.0;6.309573444801942e-11;0.00028;1.7666805645445437e-14;7.662495031716727e-12;25;0x00;38;VERT;False
1787670965.482412;40.775354084000355;Simulation RF;Détection RF large bande;868 MHz;868 MHz;;2461;1.9830733244804233;-35.32293297921693;-68.32293297921693;1.471318521545643e-10;0.1;1.4713185215456432e-11;4.54410829053596e-09;;;;ORANGE;True
1787670965.482559;40.775354084000355;Simulation RF;Détection RF large bande;2,45 GHz;2,45 GHz;;3073;2.4766162609792612;-55.06465043917045;-71.76465043917045;6.660931325477835e-11;0.1;6.660931325477836e-12;1.5555786504678474e-08;;;;VERT;True
1787670965.4910238;40.78414862400132;Wi-Fi;Wi-Fi;2,4/5 GHz;wlan0;-37.0;;;;-37.0;1.9952623149688787e-07;0.1;1.995262314968879e-08;4.265018606757888e-06;;;;ROUGE;False
1787670965.51112;40.8042464500013;BLE Sniffer;Appareil BLE;2,4 GHz BLE;62:ae:f9:af:07:b9;-82.0;;;;-82.0;6.309573444801943e-12;0.00028;1.7666805645445437e-15;7.66426171228127e-12;25;0x00;39;VERT;False
1787670965.5111952;40.80431909800063;BLE Sniffer;iBeacon;2,4 GHz BLE;7c:5a:b6:04:10:35;-71.0;;;;-71.0;7.943282347242822e-11;0.000368;2.923127903785358e-14;2.4085043861229114e-11;36;0x00;37;VERT;False
1787670965.5165327;40.80965942600051;BLE Sniffer;iBeacon;2,4 GHz BLE;7c:5a:b6:04:10:3d;-67.0;;;;-67.0;1.9952623149688828e-10;0.000368;7.342565319085489e-14;1.8979747108505126e-13;36;0x00;38;ORANGE;False
1787670965.5828154;40.87547928700042;Simulation RF;Détection RF large bande;868 MHz;868 MHz;;2421;1.950790629723856;-34.03162518895424;-67.03162518895424;1.9807856501962152e-10;0.1;1.9807856501962154e-11;4.5639161470379226e-09;;;;ORANGE;True
1787670965.5831141;40.87547928700042;Simulation RF;Détection RF large bande;2,45 GHz;2,45 GHz;;3045;2.453550124906716;-54.142004996268625;-70.84200499626863;8.237577250829567e-11;0.1;8.237577250829568e-12;1.5564024081929302e-08;;;;VERT;True
1787670965.5924518;40.8855769590009;Wi-Fi;Wi-Fi;2,4/5 GHz;wlan0;-37.0;;;;-37.0;1.9952623149688787e-07;0.1;1.995262314968879e-08;4.2849712299075765e-06;;;;ROUGE;False
1787670965.6227365;40.91586203100087;BLE Sniffer;iBeacon;2,4 GHz BLE;7c:5a:b6:04:10:35;-69.0;;;;-69.0;1.2589254117941662e-10;0.000368;4.6328455154025316e-14;2.4131372316383138e-11;36;0x00;39;ORANGE;False
1787670965.622813;40.91593699400073;BLE Sniffer;Appareil BLE;2,4 GHz BLE;44:52:26:0a:24:5f;-86.0;;;;-86.0;2.5118864315095823e-12;0.00019999999999999998;5.023772863019164e-16;3.0873899512255705e-14;15;0x00;37;VERT;False
1787670965.6826012;40.97555576600098;Simulation RF;Détection RF large bande;868 MHz;868 MHz;;2525;2.0348005600302796;-37.39202240121118;-70.39202240121118;9.136876608048522e-11;0.1;9.136876608048522e-12;4.573053023645971e-09;;;;VERT;True
1787670965.6827352;40.97555576600098;Simulation RF;Détection RF large bande;2,45 GHz;2,45 GHz;;3026;2.4388856983417417;-53.55542793366966;-70.25542793366967;9.428816996863605e-11;0.1;9.428816996863605e-12;1.5573452898926164e-08;;;;VERT;True
1787670965.691319;40.984444010000516;Wi-Fi;Wi-Fi;2,4/5 GHz;wlan0;-37.0;;;;-37.0;1.9952623149688787e-07;0.1;1.995262314968879e-08;4.3049238530572654e-06;;;;ROUGE;False
1787670965.7326984;41.025824127000305;Simulation LoRa;LoRa;868 MHz;LoRa 868.100 MHz;-89.78001027542004;;;;-89.78001027542004;1.051959384881324e-12;0.046335999999999995;4.874359005786103e-14;3.752549304862609e-12;13;"SNR=7.57;SF=7;BW=125.0;CR=4/5;F=868.100;CRC=OK;PAYLOAD=54454d504f5f4c4f52415f3430";7;VERT;True
1787670965.7327733;41.025897163999616;BLE Sniffer;Appareil BLE;2,4 GHz BLE;62:ae:f9:af:07:b9;-71.0;;;;-71.0;7.943282347242822e-11;0.00028;2.22411905722799e-14;7.68650290285355e-12;25;0x00;38;VERT;False
1787670965.7380195;41.0311458619999;BLE Sniffer;iBeacon;2,4 GHz BLE;7c:5a:b6:04:10:35;-69.0;;;;-69.0;1.2589254117941662e-10;0.000368;4.6328455154025316e-14;2.4177700771537163e-11;36;0x00;39;ORANGE;False
1787670965.7867186;41.0756402650004;Simulation RF;Détection RF large bande;868 MHz;868 MHz;;2378;1.9166647110407178;-32.666588441628704;-65.6665884416287;2.712321433173174e-10;0.1;2.712321433173174e-11;4.600176237977703e-09;;;;ORANGE;True
1787670965.7872868;41.0756402650004;Simulation RF;Détection RF large bande;2,45 GHz;2,45 GHz;;3066;2.470768730028961;-54.830749201158426;-71.53074920115843;7.029510433797767e-11;0.1;7.029510433797768e-12;1.5580482409359962e-08;;;;VERT;True
1787670965.7981093;41.091233709001244;Wi-Fi;Wi-Fi;2,4/5 GHz;wlan0;-37.0;;;;-37.0;1.9952623149688787e-07;0.1;1.995262314968879e-08;4.324876476206954e-06;;;;ROUGE;False
1787670965.8495588;41.14268464700035;BLE Sniffer;Appareil BLE;2,4 GHz BLE;dc:84:0b:6d:6e:8e;-87.0;;;;-87.0;1.9952623149688827e-12;0.000192;3.8309036447402548e-16;6.248040435385054e-16;14;0x02;37;VERT;False
1787670965.882757;41.17572763300086;Simulation RF;Détection RF large bande;868 MHz;868 MHz;;2485;2.002836067620899;-36.11344270483596;-69.11344270483596;1.2264666108030093e-10;0.1;1.2264666108030094e-11;4.612440904085733e-09;;;;ORANGE;True
1787670965.8829129;41.17572763300086;Simulation RF;Détection RF large bande;2,45 GHz;2,45 GHz;;3076;2.4791616244761214;-55.16646497904485;-71.86646497904485;6.506590909615487e-11;0.1;6.506590909615488e-12;1.5586989000269577e-08;;;;VERT;True
1787670965.8926067;41.18573163899964;Wi-Fi;Wi-Fi;2,4/5 GHz;wlan0;-37.0;;;;-37.0;1.9952623149688787e-07;0.1;1.995262314968879e-08;4.344829099356643e-06;;;;ROUGE;False
1787670965.9955354;41.27585309500137;Simulation RF;Détection RF large bande;868 MHz;868 MHz;;2399;1.933084154906613;-33.323366196264516;-66.32336619626452;2.3316501105831063e-10;0.1;2.3316501105831064e-11;4.635757405191564e-09;;;;ORANGE;True
1787670965.995825;41.27585309500137;Simulation RF;Détection RF large bande;2,45 GHz;2,45 GHz;;3039;2.448992255359523;-53.95969021438091;-70.65969021438092;8.590747977909109e-11;0.1;8.59074797790911e-12;1.5595579748247486e-08;;;;VERT;True
1787670966.0046732;41.29779846200108;Wi-Fi;Wi-Fi;2,4/5 GHz;wlan0;-37.0;;;;-37.0;1.9952623149688787e-07;0.1;1.995262314968879e-08;4.364781722506332e-06;;;;ROUGE;False
1787670966.063245;41.35637098799998;BLE Sniffer;iBeacon;2,4 GHz BLE;7c:5a:b6:04:10:35;-66.0;;;;-66.0;2.511886431509582e-10;0.000368;9.243742067955262e-14;2.4270138192216715e-11;36;0x00;38;ORANGE;False
1787670966.06334;41.356463895999696;BLE Sniffer;iBeacon;2,4 GHz BLE;7c:5a:b6:04:10:35;-69.0;;;;-69.0;1.2589254117941662e-10;0.000368;4.6328455154025316e-14;2.431646664737074e-11;36;0x00;39;ORANGE;False
1787670966.0829763;41.375931775000936;Simulation RF;Détection RF large bande;868 MHz;868 MHz;;2459;1.9817073966924543;-35.26829586769817;-68.26829586769817;1.48994560421311e-10;0.1;1.48994560421311e-11;4.650656861233695e-09;;;;ORANGE;True
1787670966.0831144;41.375931775000936;Simulation RF;Détection RF large bande;2,45 GHz;2,45 GHz;;3027;2.439465411812881;-53.578616472515236;-70.27861647251524;9.378607326744186e-11;0.1;9.378607326744187e-12;1.560495835557423e-08;;;;VERT;True
1787670966.0916529;41.384778184001334;Wi-Fi;Wi-Fi;2,4/5 GHz;wlan0;-37.0;;;;-37.0;1.9952623149688787e-07;0.1;1.995262314968879e-08;4.384734345656021e-06;;;;ROUGE;False
1787670966.1678195;41.460945363000064;BLE Sniffer;Appareil BLE;2,4 GHz BLE;44:52:26:0a:24:5f;-86.0;;;;-86.0;2.5118864315095823e-12;0.00019999999999999998;5.023772863019164e-16;3.1376276798557624e-14;15;0x00;37;VERT;False
1787670966.1830347;41.47601089800082;Simulation RF;Détection RF large bande;868 MHz;868 MHz;;2460;1.9825578535796151;-35.3023141431846;-68.3023141431846;1.4783204534924155e-10;0.1;1.4783204534924155e-11;4.665440065768619e-09;;;;ORANGE;True
1787670966.1831877;41.47601089800082;Simulation RF;Détection RF large bande;2,45 GHz;2,45 GHz;;3045;2.4536379425787813;-54.14551770315124;-70.84551770315124;8.230917139678196e-11;0.1;8.230917139678196e-12;1.5613189272713907e-08;;;;VERT;True
1787670966.1917424;41.48486727100135;Wi-Fi;Wi-Fi;2,4/5 GHz;wlan0;-37.0;;;;-37.0;1.9952623149688787e-07;0.1;1.995262314968879e-08;4.40468696880571e-06;;;;ROUGE;False
1787670966.2831151;41.576095947000795;Simulation RF;Détection RF large bande;868 MHz;868 MHz;;2475;1.9941929130407539;-35.76771652163015;-68.76771652163015;1.3280925724085712e-10;0.1;1.3280925724085712e-11;4.678720991492704e-09;;;;ORANGE;True
1787670966.2832694;41.576095947000795;Simulation RF;Détection RF large bande;2,45 GHz;2,45 GHz;;3007;2.423606204780686;-52.94424819122743;-69.64424819122743;1.08536342103148e-10;0.1;1.0853634210314801e-11;1.5624042906924223e-08;;;;ORANGE;True
1787670966.2919538;41.58507865300089;Wi-Fi;Wi-Fi;2,4/5 GHz;wlan0;-37.0;;;;-37.0;1.9952623149688787e-07;0.1;1.995262314968879e-08;4.424639591955399e-06;;;;ROUGE;False
1787670966.3868327;41.67995863500073;BLE Sniffer;iBeacon;2,4 GHz BLE;7c:5a:b6:04:10:35;-67.0;;;;-67.0;1.9952623149688828e-10;0.000368;7.342565319085489e-14;2.4389892300561593e-11;36;0x00;38;ORANGE;False
1787670966.3869267;41.6800504870007;BLE Sniffer;iBeacon;2,4 GHz BLE;7c:5a:b6:04:10:35;-69.0;;;;-69.0;1.2589254117941662e-10;0.000368;4.6328455154025316e-14;2.4436220755715617e-11;36;0x00;39;ORANGE;False
1787670966.3912642;41.67646734899972;Simulation RF;Détection RF large bande;868 MHz;868 MHz;;2428;1.9567213271358235;-34.26885308543294;-67.26885308543294;1.8754897348278278e-10;0.1;1.875489734827828e-11;4.697475888840983e-09;;;;ORANGE;True
1787670966.391416;41.67646734899972;Simulation RF;Détection RF large bande;2,45 GHz;2,45 GHz;;2988;2.4078301285336714;-52.313205141346856;-69.01320514134686;1.2551033416498703e-10;0.1;1.2551033416498704e-11;1.5636593940340723e-08;;;;ORANGE;True
1787670966.4000232;41.69314840700099;Wi-Fi;Wi-Fi;2,4/5 GHz;wlan0;-37.0;;;;-37.0;1.9952623149688787e-07;0.1;1.995262314968879e-08;4.444592215105088e-06;;;;ROUGE;False
1787670966.4836318;41.77655097200113;Simulation RF;Détection RF large bande;868 MHz;868 MHz;;2430;1.9581734623429305;-34.32693849371722;-67.32693849371722;1.8505726980580913e-10;0.1;1.8505726980580915e-11;4.7159816158215636e-09;;;;ORANGE;True
1787670966.4837945;41.77655097200113;Simulation RF;Détection RF large bande;2,45 GHz;2,45 GHz;;3068;2.4721507976077817;-54.88603190431125;-71.58603190431126;6.940596702472862e-11;0.1;6.940596702472862e-12;1.5643534537043196e-08;;;;VERT;True
1787670966.5015178;41.7946436630009;Wi-Fi;Wi-Fi;2,4/5 GHz;wlan0;-37.0;;;;-37.0;1.9952623149688787e-07;0.1;1.995262314968879e-08;4.464544838254777e-06;;;;ROUGE;False
1787670966.5836954;41.876635669999814;Simulation RF;Détection RF large bande;868 MHz;868 MHz;;2490;2.0066784233870787;-36.26713693548314;-69.26713693548314;1.1838217270510896e-10;0.1;1.1838217270510898e-11;4.727819833092074e-09;;;;ORANGE;True
1787670966.5838945;41.876635669999814;Simulation RF;Détection RF large bande;2,45 GHz;2,45 GHz;;2956;2.382326771651156;-51.29307086604622;-67.99307086604622;1.5874238952788742e-10;0.1;1.5874238952788744e-11;1.5659408775995986e-08;;;;ORANGE;True
1787670966.5944462;41.88757095500114;Wi-Fi;Wi-Fi;2,4/5 GHz;wlan0;-37.0;;;;-37.0;1.9952623149688787e-07;0.1;1.995262314968879e-08;4.484497461404466e-06;;;;ROUGE;False
1787670966.6030607;41.896186511999986;BLE Sniffer;Appareil BLE;2,4 GHz BLE;62:ae:f9:8f:03:b9;-96.0;;;;-96.0;2.511886431509582e-13;0.00028;7.033282008226829e-17;7.033282008226829e-17;25;0x04;37;VERT;False
1787670966.605295;41.89842092500112;BLE Sniffer;iBeacon;2,4 GHz BLE;7c:5a:b6:04:10:35;-66.0;;;;-66.0;2.511886431509582e-10;0.000368;9.243742067955262e-14;2.452865817639517e-11;36;0x00;38;ORANGE;False
1787670966.613074;41.90620055399995;BLE Sniffer;iBeacon;2,4 GHz BLE;7c:5a:b6:04:10:35;-69.0;;;;-69.0;1.2589254117941662e-10;0.000368;4.6328455154025316e-14;2.4574986631549194e-11;36;0x00;39;ORANGE;False
1787670966.683957;41.9767453860004;Simulation RF;Détection RF large bande;868 MHz;868 MHz;;2465;1.9865136813794544;-35.46054725517817;-68.46054725517817;1.4254279638768603e-10;0.1;1.4254279638768603e-11;4.742074112730842e-09;;;;ORANGE;True
1787670966.6841671;41.9767453860004;Simulation RF;Détection RF large bande;2,45 GHz;2,45 GHz;;3012;2.4276320125955193;-53.105280503820765;-69.80528050382077;1.0458561381158135e-10;0.1;1.0458561381158136e-11;1.5669867337377145e-08;;;;ORANGE;True
1787670966.6930358;41.98616083399975;Wi-Fi;Wi-Fi;2,4/5 GHz;wlan0;-37.0;;;;-37.0;1.9952623149688787e-07;0.1;1.995262314968879e-08;4.504450084554155e-06;;;;ROUGE;False
1787670966.715768;42.008893628000806;Simulation LoRa;LoRa;868 MHz;LoRa 868.100 MHz;-84.15453429729321;;;;-84.15453429729321;3.841904544850489e-12;0.046335999999999995;1.7801848899019222e-13;3.930567793852802e-12;13;"SNR=7.17;SF=7;BW=125.0;CR=4/5;F=868.100;CRC=OK;PAYLOAD=54454d504f5f4c4f52415f3431";7;VERT;True
1787670966.7838924;42.07682763900084;Simulation RF;Détection RF large bande;868 MHz;868 MHz;;2513;2.02546615890958;-37.0186463563832;-70.0186463563832;9.957157215932911e-11;0.1;9.957157215932911e-12;4.752031269946775e-09;;;;VERT;True
1787670966.7840447;42.07682763900084;Simulation RF;Détection RF large bande;2,45 GHz;2,45 GHz;;3017;2.4315072593861213;-53.26029037544485;-69.96029037544486;1.0091854082543978e-10;0.1;1.0091854082543978e-11;1.567995919145969e-08;;;;ORANGE;True
1787670966.7936096;42.08673430999988;Wi-Fi;Wi-Fi;2,4/5 GHz;wlan0;-37.0;;;;-37.0;1.9952623149688787e-07;0.1;1.995262314968879e-08;4.524402707703844e-06;;;;ROUGE;False
1787670966.8236446;42.11676925100073;BLE Sniffer;Appareil BLE;2,4 GHz BLE;62:ae:f9:af:07:b9;-74.0;;;;-74.0;3.9810717055349695e-11;0.00028;1.1147000775497913e-14;7.697649903629049e-12;25;0x00;37;VERT;False
1787670966.8846154;42.176916762000474;Simulation RF;Détection RF large bande;868 MHz;868 MHz;;2458;1.9808212599689783;-35.232850398759126;-68.23285039875913;1.5021557347554393e-10;0.1;1.5021557347554395e-11;4.767052827294329e-09;;;;ORANGE;True
1787670966.8869398;42.176916762000474;Simulation RF;Détection RF large bande;2,45 GHz;2,45 GHz;;3017;2.4313822407425008;-53.255289629700016;-69.95528962970002;1.0103481184654698e-10;0.1;1.0103481184654699e-11;1.5690062672644345e-08;;;;ORANGE;True
1787670966.8967369;42.18986181100081;Wi-Fi;Wi-Fi;2,4/5 GHz;wlan0;-38.0;;;;-38.0;1.584893192461114e-07;0.1;1.5848931924611143e-08;4.540251639628455e-06;;;;ROUGE;False
1787670966.9317582;42.22488378200069;BLE Sniffer;iBeacon;2,4 GHz BLE;7c:5a:b6:04:10:35;-66.0;;;;-66.0;2.511886431509582e-10;0.000368;9.243742067955262e-14;2.4667424052228746e-11;36;0x00;38;ORANGE;False
1787670966.9353254;42.22845160500037;BLE Sniffer;iBeacon;2,4 GHz BLE;7c:5a:b6:04:10:35;-70.0;;;;-70.0;1e-10;0.000368;3.68e-14;2.4704224052228744e-11;36;0x00;39;ORANGE;False
1787670966.9840517;42.27699810800004;Simulation RF;Détection RF large bande;868 MHz;868 MHz;;2516;2.027145160712069;-37.085806428482755;-70.08580642848275;9.804362431337872e-11;0.1;9.804362431337872e-12;4.776857189725667e-09;;;;VERT;True
1787670966.9842052;42.27699810800004;Simulation RF;Détection RF large bande;2,45 GHz;2,45 GHz;;3015;2.4294090847413052;-53.176363389652195;-69.8763633896522;1.0288774788538718e-10;0.1;1.0288774788538719e-11;1.5700351447432883e-08;;;;ORANGE;True
1787670966.9928033;42.28592790699986;Wi-Fi;Wi-Fi;2,4/5 GHz;wlan0;-38.0;;;;-38.0;1.584893192461114e-07;0.1;1.5848931924611143e-08;4.556100571553067e-06;;;;ROUGE;False
1787670967.0472121;42.34033871700012;BLE Sniffer;Appareil BLE;2,4 GHz BLE;7f:d4:bf:26:65:b2;-88.0;;;;-88.0;1.584893192461111e-12;0.00026399999999999997;4.1841180280973327e-16;1.1393621562543315e-14;23;0x00;37;VERT;False
1787670967.0934477;42.37717828300083;Simulation RF;Détection RF large bande;868 MHz;868 MHz;;2390;1.9261319341178655;-33.04527736471462;-66.04527736471462;2.485834799862989e-10;0.1;2.4858347998629893e-11;4.8017155377242965e-09;;;;ORANGE;True
1787670967.0937274;42.37717828300083;Simulation RF;Détection RF large bande;2,45 GHz;2,45 GHz;;3036;2.446783152635059;-53.87132610540236;-70.57132610540236;8.76733072407537e-11;0.1;8.76733072407537e-12;1.570911877815696e-08;;;;VERT;True
1787670967.102475;42.395600196001396;Wi-Fi;Wi-Fi;2,4/5 GHz;wlan0;-38.0;;;;-38.0;1.584893192461114e-07;0.1;1.5848931924611143e-08;4.571949503477678e-06;;;;ROUGE;False
1787670967.1552627;42.448388466000324;BLE Sniffer;iBeacon;2,4 GHz BLE;7c:5a:b6:04:10:35;-66.0;;;;-66.0;2.511886431509582e-10;0.000368;9.243742067955262e-14;2.4796661472908296e-11;36;0x00;38;ORANGE;False
1787670967.1843183;42.477254827999786;Simulation RF;Détection RF large bande;868 MHz;868 MHz;;2364;1.9049002742999708;-32.19601097199883;-65.19601097199883;3.0227268434237104e-10;0.1;3.0227268434237104e-11;4.831942806158533e-09;;;;ORANGE;True
1787670967.1844757;42.477254827999786;Simulation RF;Détection RF large bande;2,45 GHz;2,45 GHz;;2972;2.395357065406795;-51.81428261627178;-68.51428261627179;1.4078997712600891e-10;0.1;1.4078997712600893e-11;1.572319777586956e-08;;;;ORANGE;True
1787670967.1929789;42.48610407100023;Wi-Fi;Wi-Fi;2,4/5 GHz;wlan0;-38.0;;;;-38.0;1.584893192461114e-07;0.1;1.5848931924611143e-08;4.58779843540229e-06;;;;ROUGE;False
1787670967.25796;42.5510858130001;BLE Sniffer;iBeacon;2,4 GHz BLE;7c:5a:b6:04:10:35;-69.0;;;;-69.0;1.2589254117941662e-10;0.000368;4.6328455154025316e-14;2.484298992806232e-11;36;0x00;39;ORANGE;False
1787670967.284385;42.57734098400033;Simulation RF;Détection RF large bande;868 MHz;868 MHz;;2346;1.8907368751145974;-31.629475004583895;-64.6294750045839;3.4439155990440647e-10;0.1;3.4439155990440645e-11;4.866381962148974e-09;;;;ORANGE;True
1787670967.2845466;42.57734098400033;Simulation RF;Détection RF large bande;2,45 GHz;2,45 GHz;;2996;2.414081889156374;-52.563275566254944;-69.26327556625495;1.1848747465404716e-10;0.1;1.1848747465404716e-11;1.5735046523334965e-08;;;;ORANGE;True
1787670967.3138356;42.60696171900054;Wi-Fi;Wi-Fi;2,4/5 GHz;wlan0;-38.0;;;;-38.0;1.584893192461114e-07;0.1;1.5848931924611143e-08;4.603647367326901e-06;;;;ROUGE;False
1787670967.3696222;42.66274818000056;BLE Sniffer;Appareil BLE;2,4 GHz BLE;7f:d4:bf:26:65:b2;-87.0;;;;-87.0;1.9952623149688827e-12;0.00026399999999999997;5.26749251151785e-16;1.19203708136951e-14;23;0x00;37;VERT;False
1787670967.371588;42.66471423999974;BLE Sniffer;Appareil BLE;2,4 GHz BLE;44:52:26:0a:24:5f;-83.0;;;;-83.0;5.011872336272715e-12;0.000176;8.820895311839978e-16;3.225836632974162e-14;12;0x03;38;VERT;False
1787670967.3716817;42.66480574100024;BLE Sniffer;Appareil BLE;2,4 GHz BLE;44:52:26:0a:24:5f;-88.0;;;;-88.0;1.584893192461111e-12;0.00019999999999999998;3.1697863849222217e-16;3.2575344968233843e-14;15;0x00;39;VERT;False
1787670967.3844686;42.6774219730014;Simulation RF;Détection RF large bande;868 MHz;868 MHz;;2447;1.9718523698876365;-34.87409479550546;-67.87409479550546;1.631512931724082e-10;0.1;1.6315129317240823e-11;4.882697091466215e-09;;;;ORANGE;True
1787670967.384626;42.6774219730014;Simulation RF;Détection RF large bande;2,45 GHz;2,45 GHz;;3007;2.4232657847461727;-52.93063138984691;-69.63063138984691;1.0887717930423275e-10;0.1;1.0887717930423275e-11;1.5745934241265387e-08;;;;ORANGE;True
1787670967.3933284;42.68645301300057;Wi-Fi;Wi-Fi;2,4/5 GHz;wlan0;-38.0;;;;-38.0;1.584893192461114e-07;0.1;1.5848931924611143e-08;4.619496299251513e-06;;;;ROUGE;False
1787670967.4819076;42.77503371600142;BLE Sniffer;Appareil BLE;2,4 GHz BLE;62:ae:f9:af:07:b9;-75.0;;;;-75.0;3.1622776601683794e-11;0.00028;8.854377448471461e-15;7.70650428107752e-12;25;0x00;37;VERT;False
1787670967.4838037;42.776930795000226;BLE Sniffer;Appareil BLE;2,4 GHz BLE;62:ae:f9:af:07:b9;-72.0;;;;-72.0;6.309573444801942e-11;0.00028;1.7666805645445437e-14;7.724171086722965e-12;25;0x00;38;VERT;False
1787670967.4838982;42.7770219060003;BLE Sniffer;Appareil BLE;2,4 GHz BLE;62:ae:f9:af:07:b9;-78.0;;;;-78.0;1.5848931924611107e-11;0.00028;4.4377009388911094e-15;7.728608787661857e-12;25;0x00;39;VERT;False
1787670967.4901655;42.78329179100001;BLE Sniffer;iBeacon;2,4 GHz BLE;7c:5a:b6:04:10:35;-70.0;;;;-70.0;1e-10;0.000368;3.68e-14;2.487978992806232e-11;36;0x00;37;ORANGE;False
1787670967.4929595;42.77754379600083;Simulation RF;Détection RF large bande;868 MHz;868 MHz;;2428;1.9569947528117861;-34.279790112471446;-67.27979011247145;1.8707725496054562e-10;0.1;1.8707725496054563e-11;4.901404816962269e-09;;;;ORANGE;True
1787670967.493112;42.77754379600083;Simulation RF;Détection RF large bande;2,45 GHz;2,45 GHz;;3001;2.4185223423614226;-52.7408936944569;-69.4408936944569;1.137393208108619e-10;0.1;1.137393208108619e-11;1.5757308173346473e-08;;;;ORANGE;True
1787670967.5017102;42.794835021000836;Wi-Fi;Wi-Fi;2,4/5 GHz;wlan0;-38.0;;;;-38.0;1.584893192461114e-07;0.1;1.5848931924611143e-08;4.635345231176124e-06;;;;ROUGE;False
1787670967.5846765;42.877620766999826;Simulation RF;Détection RF large bande;868 MHz;868 MHz;;2441;1.9668916514618837;-34.67566605847534;-67.67566605847534;1.7077857843287349e-10;0.1;1.707785784328735e-11;4.9184826748055565e-09;;;;ORANGE;True
1787670967.5848193;42.877620766999826;Simulation RF;Détection RF large bande;2,45 GHz;2,45 GHz;;2987;2.4073888750996773;-52.295555003987076;-68.99555500398708;1.260214579249115e-10;0.1;1.260214579249115e-11;1.5769910319138965e-08;;;;ORANGE;True
1787670967.5989666;42.89209259600102;BLE Sniffer;iBeacon;2,4 GHz BLE;7c:5a:b6:04:10:35;-66.0;;;;-66.0;2.511886431509582e-10;0.000368;9.243742067955262e-14;2.497222734874187e-11;36;0x00;38;ORANGE;False
1787670967.5990598;42.89218354100012;BLE Sniffer;iBeacon;2,4 GHz BLE;7c:5a:b6:04:10:35;-69.0;;;;-69.0;1.2589254117941662e-10;0.000368;4.6328455154025316e-14;2.5018555803895896e-11;36;0x00;39;ORANGE;False
1787670967.5991147;42.892238559999896;BLE Sniffer;Appareil BLE;2,4 GHz BLE;44:52:26:8a:24:5f;-87.0;;;;-87.0;1.9952623149688827e-12;0.00019999999999999998;3.9905246299377653e-16;3.9905246299377653e-16;15;0x00;37;VERT;False
1787670967.609696;42.90282228800061;Wi-Fi;Wi-Fi;2,4/5 GHz;wlan0;-38.0;;;;-38.0;1.584893192461114e-07;0.1;1.5848931924611143e-08;4.651194163100736e-06;;;;ROUGE;False
1787670967.684715;42.9776983669999;Simulation RF;Détection RF large bande;868 MHz;868 MHz;;2415;1.9463179315641224;-33.852717262564894;-66.8527172625649;2.0640883077476975e-10;0.1;2.0640883077476976e-11;4.939123557883034e-09;;;;ORANGE;True
1787670967.6848538;42.9776983669999;Simulation RF;Détection RF large bande;2,45 GHz;2,45 GHz;;2975;2.3975857463821497;-51.90342985528598;-68.60342985528598;1.3792945318512516e-10;0.1;1.3792945318512518e-11;1.578370326445748e-08;;;;ORANGE;True
1787670967.6938097;42.986934462000136;Wi-Fi;Wi-Fi;2,4/5 GHz;wlan0;-38.0;;;;-38.0;1.584893192461114e-07;0.1;1.5848931924611143e-08;4.667043095025347e-06;;;;ROUGE;False
1787670967.711442;43.00456779900014;Simulation LoRa;LoRa;868 MHz;LoRa 868.100 MHz;-89.2662278660302;;;;-89.2662278660302;1.1840695517082291e-12;0.046335999999999995;5.4865046747952497e-14;3.985432840600755e-12;13;"SNR=4.72;SF=7;BW=125.0;CR=4/5;F=868.100;CRC=OK;PAYLOAD=54454d504f5f4c4f52415f3432";7;VERT;True
1787670967.784856;43.0777828930004;Simulation RF;Détection RF large bande;868 MHz;868 MHz;;2352;1.8953146557785485;-31.812586231141935;-64.81258623114194;3.301728639710103e-10;0.1;3.301728639710103e-11;4.972140844280135e-09;;;;ORANGE;True
1787670967.7850144;43.0777828930004;Simulation RF;Détection RF large bande;2,45 GHz;2,45 GHz;;3000;2.4172280792460286;-52.68912316984114;-69.38912316984114;1.1510327562435398e-10;0.1;1.1510327562435398e-11;1.5795213592019916e-08;;;;ORANGE;True
1787670967.7977269;43.090851868000755;Wi-Fi;Wi-Fi;2,4/5 GHz;wlan0;-38.0;;;;-38.0;1.584893192461114e-07;0.1;1.5848931924611143e-08;4.682892026949959e-06;;;;ROUGE;False
1787670967.8202014;43.11332658600077;BLE Sniffer;iBeacon;2,4 GHz BLE;7c:5a:b6:04:10:35;-66.0;;;;-66.0;2.511886431509582e-10;0.000368;9.243742067955262e-14;2.5110993224575448e-11;36;0x00;38;ORANGE;False
1787670967.8202636;43.113387549001345;BLE Sniffer;iBeacon;2,4 GHz BLE;7c:5a:b6:04:10:35;-70.0;;;;-70.0;1e-10;0.000368;3.68e-14;2.5147793224575446e-11;36;0x00;39;ORANGE;False
1787670967.8303387;43.123465906001;BLE Sniffer;Appareil BLE;2,4 GHz BLE;44:52:26:0a:24:5f;-84.0;;;;-84.0;3.9810717055349695e-12;0.00019999999999999998;7.962143411069938e-16;3.337155930934084e-14;15;0x00;37;VERT;False
1787670967.8886015;43.17789125300078;Simulation RF;Détection RF large bande;868 MHz;868 MHz;;2386;1.922938771854389;-32.91755087417556;-65.91755087417556;2.560029162435593e-10;0.1;2.560029162435593e-11;4.9977411359044905e-09;;;;ORANGE;True
1787670967.8888135;43.17789125300078;Simulation RF;Détection RF large bande;2,45 GHz;2,45 GHz;;3032;2.4430895267640333;-53.72358107056132;-70.42358107056133;9.070722753533572e-11;0.1;9.070722753533573e-12;1.580428431477345e-08;;;;VERT;True
1787670967.9002945;43.19342086300094;Wi-Fi;Wi-Fi;2,4/5 GHz;wlan0;-38.0;;;;-38.0;1.584893192461114e-07;0.1;1.5848931924611143e-08;4.69874095887457e-06;;;;ROUGE;False
1787670967.9332616;43.226386772001206;BLE Sniffer;Appareil BLE;2,4 GHz BLE;62:ae:f9:af:07:b9;-72.0;;;;-72.0;6.309573444801942e-11;0.00028;1.7666805645445437e-14;7.746275593307302e-12;25;0x00;38;VERT;False
1787670967.9436042;43.23673016599969;BLE Sniffer;Appareil BLE;2,4 GHz BLE;62:ae:f9:af:07:b9;-89.0;;;;-89.0;1.258925411794166e-12;0.00028;3.5249911530236646e-16;7.746628092422605e-12;25;0x00;39;VERT;False
1787670967.943704;43.23682833299972;BLE Sniffer;Appareil BLE;2,4 GHz BLE;37:10:9e:66:e9:d1;-90.0;;;;-90.0;1e-12;0.000376;3.7599999999999995e-16;3.7599999999999995e-16;37;0x02;37;VERT;False
1787670967.9885848;43.278983041000174;Simulation RF;Détection RF large bande;868 MHz;868 MHz;;2307;1.8589169244694566;-30.35667697877826;-63.35667697877826;4.616706885836972e-10;0.1;4.6167068858369724e-11;5.0439082047628605e-09;;;;ORANGE;True
1787670967.9888494;43.278983041000174;Simulation RF;Détection RF large bande;2,45 GHz;2,45 GHz;;3034;2.4453589802569966;-53.81435921027986;-70.51435921027986;8.883090342372845e-11;0.1;8.883090342372847e-12;1.5813167405115822e-08;;;;VERT;True
1787670968.0041935;43.29731919400001;Wi-Fi;Wi-Fi;2,4/5 GHz;wlan0;-38.0;;;;-38.0;1.584893192461114e-07;0.1;1.5848931924611143e-08;4.714589890799182e-06;;;;ROUGE;False
1787670968.0570114;43.35013799800072;BLE Sniffer;iBeacon;2,4 GHz BLE;7c:5a:b6:04:10:35;-67.0;;;;-67.0;1.9952623149688828e-10;0.000368;7.342565319085489e-14;2.52212188777663e-11;36;0x00;38;ORANGE;False
1787670968.0571146;43.350238832001196;BLE Sniffer;iBeacon;2,4 GHz BLE;7c:5a:b6:04:10:35;-69.0;;;;-69.0;1.2589254117941662e-10;0.000368;4.6328455154025316e-14;2.5267547332920324e-11;36;0x00;39;ORANGE;False
1787670968.0860786;43.37906098900021;Simulation RF;Détection RF large bande;868 MHz;868 MHz;;2466;1.98761428938706;-35.5045715754824;-68.5045715754824;1.4110514275451165e-10;0.1;1.4110514275451166e-11;5.058018719038312e-09;;;;ORANGE;True
1787670968.0862174;43.37906098900021;Simulation RF;Détection RF large bande;2,45 GHz;2,45 GHz;;2974;2.396823822101518;-51.87295288406071;-68.57295288406071;1.3890078865476892e-10;0.1;1.3890078865476894e-11;1.58270574839813e-08;;;;ORANGE;True
1787670968.0946662;43.38779165699998;Wi-Fi;Wi-Fi;2,4/5 GHz;wlan0;-38.0;;;;-38.0;1.584893192461114e-07;0.1;1.5848931924611143e-08;4.730438822723793e-06;;;;ROUGE;False
1787670968.1639593;43.45708418400136;BLE Sniffer;Appareil BLE;2,4 GHz BLE;5b:83:a4:76:f6:fb;-91.0;;;;-91.0;7.943282347242822e-13;0.00026399999999999997;2.0970265396721046e-16;2.0970265396721046e-16;23;0x00;37;VERT;False
1787670968.1696744;43.462801752000814;BLE Sniffer;Appareil BLE;2,4 GHz BLE;62:ae:f9:af:07:b9;-73.0;;;;-73.0;5.011872336272715e-11;0.00028;1.40332425415636e-14;7.760661334964168e-12;25;0x00;38;VERT;False
1787670968.198063;43.47916247400099;Simulation RF;Détection RF large bande;868 MHz;868 MHz;;2382;1.919238658546551;-32.76954634186204;-65.76954634186204;2.6487768117968397e-10;0.1;2.6487768117968397e-11;5.08450648715628e-09;;;;ORANGE;True
1787670968.1983314;43.47916247400099;Simulation RF;Détection RF large bande;2,45 GHz;2,45 GHz;;2983;2.4035699955496557;-52.142799821986216;-68.84279982198622;1.305329093552682e-10;0.1;1.3053290935526822e-11;1.5840110774916827e-08;;;;ORANGE;True
1787670968.2069027;43.500028188000215;Wi-Fi;Wi-Fi;2,4/5 GHz;wlan0;-38.0;;;;-38.0;1.584893192461114e-07;0.1;1.5848931924611143e-08;4.746287754648405e-06;;;;ROUGE;False
1787670968.274962;43.56808865600033;BLE Sniffer;Appareil BLE;2,4 GHz BLE;62:ae:f9:af:07:b9;-88.0;;;;-88.0;1.584893192461111e-12;0.00028;4.4377009388911103e-16;7.761105105058057e-12;25;0x00;39;VERT;False
1787670968.2862916;43.57924577400081;Simulation RF;Détection RF large bande;868 MHz;868 MHz;;2334;1.8805065012719475;-31.220260050877897;-64.2202600508779;3.784199246594413e-10;0.1;3.784199246594413e-11;5.122348479622224e-09;;;;ORANGE;True
1787670968.2864282;43.57924577400081;Simulation RF;Détection RF large bande;2,45 GHz;2,45 GHz;;3015;2.4293460348891553;-53.1738413955662;-69.8738413955662;1.0294751324256957e-10;0.1;1.0294751324256959e-11;1.5850405526241086e-08;;;;ORANGE;True
1787670968.2948067;43.587931682001;Wi-Fi;Wi-Fi;2,4/5 GHz;wlan0;-38.0;;;;-38.0;1.584893192461114e-07;0.1;1.5848931924611143e-08;4.762136686573016e-06;;;;ROUGE;False
1787670968.3834164;43.676541437000196;BLE Sniffer;iBeacon;2,4 GHz BLE;7c:5a:b6:04:10:35;-71.0;;;;-71.0;7.943282347242822e-11;0.000368;2.923127903785358e-14;2.529677861195818e-11;36;0x00;37;VERT;False
1787670968.3891323;43.68225885799984;BLE Sniffer;iBeacon;2,4 GHz BLE;7c:5a:b6:04:10:35;-66.0;;;;-66.0;2.511886431509582e-10;0.000368;9.243742067955262e-14;2.538921603263773e-11;36;0x00;38;ORANGE;False
1787670968.3892224;43.68234635800036;BLE Sniffer;iBeacon;2,4 GHz BLE;7c:5a:b6:04:10:35;-69.0;;;;-69.0;1.2589254117941662e-10;0.000368;4.6328455154025316e-14;2.5435544487791756e-11;36;0x00;39;ORANGE;False
1787670968.396338;43.67937616600102;Simulation RF;Détection RF large bande;868 MHz;868 MHz;;2353;1.8963871492400035;-31.85548596960014;-64.85548596960014;3.269274620504761e-10;0.1;3.269274620504761e-11;5.155041225827272e-09;;;;ORANGE;True
1787670968.3965156;43.67937616600102;Simulation RF;Détection RF large bande;2,45 GHz;2,45 GHz;;3013;2.4282099929620924;-53.12839971848369;-69.8283997184837;1.040303424592708e-10;0.1;1.0403034245927082e-11;1.5860808560487012e-08;;;;ORANGE;True
1787670968.4197478;43.71287264900093;Wi-Fi;Wi-Fi;2,4/5 GHz;wlan0;-37.0;;;;-37.0;1.9952623149688787e-07;0.1;1.995262314968879e-08;4.782089309722705e-06;;;;ROUGE;False
1787670968.4865174;43.77946144700036;Simulation RF;Détection RF large bande;868 MHz;868 MHz;;2432;1.9602431691465299;-34.409726765861194;-67.4097267658612;1.8156298886001504e-10;0.1;1.8156298886001504e-11;5.1731975247132735e-09;;;;ORANGE;True
1787670968.4866545;43.77946144700036;Simulation RF;Détection RF large bande;2,45 GHz;2,45 GHz;;3010;2.425319258142733;-53.01277032570931;-69.71277032570931;1.068373156119548e-10;0.1;1.0683731561195482e-11;1.5871492292048207e-08;;;;ORANGE;True
1787670968.4948924;43.788017152000975;Wi-Fi;Wi-Fi;2,4/5 GHz;wlan0;-37.0;;;;-37.0;1.9952623149688787e-07;0.1;1.995262314968879e-08;4.802041932872394e-06;;;;ROUGE;False
1787670968.496282;43.78940669199983;BLE Sniffer;Appareil BLE;2,4 GHz BLE;37:10:8d:67:e9:d1;-91.0;;;;-91.0;7.943282347242822e-13;0.000376;2.9866741625633007e-16;2.9866741625633007e-16;37;0x02;37;VERT;False
1787670968.5019534;43.795079186000294;BLE Sniffer;Appareil BLE;2,4 GHz BLE;d3:23:2f:4d:3e:b1;-72.0;;;;-72.0;6.309573444801942e-11;0.000376;2.3723996152455302e-14;1.371887935377063e-13;37;0x00;38;VERT;False
1787670968.502045;43.79516931600119;BLE Sniffer;Appareil BLE;2,4 GHz BLE;d3:23:2f:4d:3e:b1;-82.0;;;;-82.0;6.309573444801943e-12;0.000376;2.3723996152455303e-15;1.3956119315295184e-13;37;0x00;39;VERT;False
1787670968.5020874;43.795211186001325;BLE Sniffer;Appareil BLE;2,4 GHz BLE;7f:d4:bf:26:65:b2;-87.0;;;;-87.0;1.9952623149688827e-12;0.00026399999999999997;5.26749251151785e-16;1.2447120064846884e-14;23;0x00;37;VERT;False
1787670968.5865881;43.87953711699993;Simulation RF;Détection RF large bande;868 MHz;868 MHz;;2441;1.9672964617252366;-34.69185846900946;-67.69185846900946;1.701430262421474e-10;0.1;1.701430262421474e-11;5.190211827337488e-09;;;;ORANGE;True
1787670968.5867302;43.87953711699993;Simulation RF;Détection RF large bande;2,45 GHz;2,45 GHz;;3006;2.4220555828738903;-52.88222331495561;-69.58222331495561;1.1009755349264063e-10;0.1;1.1009755349264063e-11;1.588250204739747e-08;;;;ORANGE;True
1787670968.5948935;43.88801850700111;Wi-Fi;Wi-Fi;2,4/5 GHz;wlan0;-37.0;;;;-37.0;1.9952623149688787e-07;0.1;1.995262314968879e-08;4.821994556022083e-06;;;;ROUGE;False
1787670968.6166594;43.90978470400114;BLE Sniffer;iBeacon;2,4 GHz BLE;7c:5a:b6:04:10:35;-66.0;;;;-66.0;2.511886431509582e-10;0.000368;9.243742067955262e-14;2.5527981908471308e-11;36;0x00;38;ORANGE;False
1787670968.6222577;43.91538382700128;BLE Sniffer;iBeacon;2,4 GHz BLE;7c:5a:b6:04:10:35;-69.0;;;;-69.0;1.2589254117941662e-10;0.000368;4.6328455154025316e-14;2.5574310363625332e-11;36;0x00;39;ORANGE;False
1787670968.6866887;43.9796239719999;Simulation RF;Détection RF large bande;868 MHz;868 MHz;;2401;1.9350645835378488;-33.402583341513946;-66.40258334151395;2.2895053665870377e-10;0.1;2.2895053665870377e-11;5.213106881003358e-09;;;;ORANGE;True
1787670968.6868393;43.9796239719999;Simulation RF;Détection RF large bande;2,45 GHz;2,45 GHz;;2941;2.369891696148957;-50.79566784595828;-67.49566784595828;1.7800541560354955e-10;0.1;1.7800541560354957e-11;1.5900302588957824e-08;;;;ORANGE;True
1787670968.6968248;43.98995131000083;Wi-Fi;Wi-Fi;2,4/5 GHz;wlan0;-36.0;;;;-36.0;2.5118864315095823e-07;0.1;2.5118864315095824e-08;4.847113420337179e-06;;;;ROUGE;False
1787670968.7270904;44.02021548999983;Simulation LoRa;LoRa;868 MHz;LoRa 868.100 MHz;-79.68164662725437;;;;-79.68164662725437;1.0760571492756197e-11;0.046335999999999995;4.986018406883511e-13;4.4840346812891056e-12;13;"SNR=7.74;SF=7;BW=125.0;CR=4/5;F=868.100;CRC=OK;PAYLOAD=54454d504f5f4c4f52415f3433";7;VERT;True
1787670968.7271733;44.02029706400026;BLE Sniffer;Appareil BLE;2,4 GHz BLE;57:93:a4:76:f6:fb;-91.0;;;;-91.0;7.943282347242822e-13;0.000256;2.0334802808941624e-16;2.0334802808941624e-16;22;0x00;37;VERT;False
1787670968.7272143;44.02033819400094;BLE Sniffer;Appareil BLE;2,4 GHz BLE;57:83:a4:76:f6:fb;-94.0;;;;-94.0;3.981071705534969e-13;0.00026399999999999997;1.0510029302612317e-16;1.4177613353323188e-15;23;0x00;38;VERT;False
1787670968.73304;44.02616609600045;BLE Sniffer;Appareil BLE;2,4 GHz BLE;62:ae:f9:af:07:b9;-91.0;;;;-91.0;7.943282347242822e-13;0.00028;2.22411905722799e-16;7.76132751696378e-12;25;0x00;39;VERT;False
1787670968.7867591;44.07971078999981;Simulation RF;Détection RF large bande;868 MHz;868 MHz;;2398;1.9325333599608763;-33.301334398435046;-66.30133439843505;2.3435086462015013e-10;0.1;2.3435086462015016e-11;5.236541967465373e-09;;;;ORANGE;True
1787670968.786916;44.07971078999981;Simulation RF;Détection RF large bande;2,45 GHz;2,45 GHz;;2965;2.389664665356451;-51.58658661425804;-68.28658661425804;1.483683744731163e-10;0.1;1.483683744731163e-11;1.5915139426405136e-08;;;;ORANGE;True
1787670968.7948604;44.08798590200058;Wi-Fi;Wi-Fi;2,4/5 GHz;wlan0;-36.0;;;;-36.0;2.5118864315095823e-07;0.1;2.5118864315095824e-08;4.872232284652275e-06;;;;ROUGE;False
1787670968.8474617;44.14058772400131;BLE Sniffer;Appareil BLE;2,4 GHz BLE;44:52:26:0a:24:5f;-87.0;;;;-87.0;1.9952623149688827e-12;0.00019999999999999998;3.9905246299377653e-16;3.377061177233462e-14;15;0x00;37;VERT;False
1787670968.8868666;44.179799311999886;Simulation RF;Détection RF large bande;868 MHz;868 MHz;;2386;1.9226415090362545;-32.905660361450174;-65.90566036145017;2.5670478489381867e-10;0.1;2.567047848938187e-11;5.262212445954755e-09;;;;ORANGE;True
1787670968.8870294;44.179799311999886;Simulation RF;Détection RF large bande;2,45 GHz;2,45 GHz;;2965;2.389158219586047;-51.56632878344186;-68.26632878344186;1.490620609885377e-10;0.1;1.490620609885377e-11;1.593004563250399e-08;;;;ORANGE;True
1787670968.8949273;44.188052034000066;Wi-Fi;Wi-Fi;2,4/5 GHz;wlan0;-35.0;;;;-35.0;3.162277660168379e-07;0.1;3.162277660168379e-08;4.903855061253959e-06;;;;ROUGE;False
1787670968.9562824;44.24940889500067;BLE Sniffer;iBeacon;2,4 GHz BLE;7c:5a:b6:04:10:35;-67.0;;;;-67.0;1.9952623149688828e-10;0.000368;7.342565319085489e-14;2.5647736016816186e-11;36;0x00;38;ORANGE;False
1787670968.9566164;44.24974059899978;BLE Sniffer;iBeacon;2,4 GHz BLE;7c:5a:b6:04:10:35;-70.0;;;;-70.0;1e-10;0.000368;3.68e-14;2.5684536016816184e-11;36;0x00;39;ORANGE;False
1787670968.9566588;44.249782674000016;BLE Sniffer;Appareil BLE;2,4 GHz BLE;57:83:a4:96:f6:fb;-91.0;;;;-91.0;7.943282347242822e-13;0.00052;4.130506820566267e-16;4.130506820566267e-16;55;0x00;37;VERT;False
1787670968.9869387;44.279882963999626;Simulation RF;Détection RF large bande;868 MHz;868 MHz;;2450;1.9740887166063332;-34.963548664253324;-67.96354866425332;1.598251547370639e-10;0.1;1.598251547370639e-11;5.278194961428462e-09;;;;ORANGE;True
1787670968.9870908;44.279882963999626;Simulation RF;Détection RF large bande;2,45 GHz;2,45 GHz;;3034;2.445151576629857;-53.806063065194266;-70.50606306519427;8.900075554670904e-11;0.1;8.900075554670904e-12;1.593894570805866e-08;;;;VERT;True
1787670968.9948843;44.2880092230007;Wi-Fi;Wi-Fi;2,4/5 GHz;wlan0;-35.0;;;;-35.0;3.162277660168379e-07;0.1;3.162277660168379e-08;4.935477837855643e-06;;;;ROUGE;False
1787670969.0911963;44.380061630001364;Simulation RF;Détection RF large bande;868 MHz;868 MHz;;2398;1.9326381849581205;-33.30552739832481;-66.30552739832481;2.3412471416470224e-10;0.1;2.3412471416470224e-11;5.3016074328449316e-09;;;;ORANGE;True
1787670969.091392;44.380061630001364;Simulation RF;Détection RF large bande;2,45 GHz;2,45 GHz;;2974;2.396262398790258;-51.85049595161031;-68.55049595161032;1.3962089089732854e-10;0.1;1.3962089089732855e-11;1.5952907797148392e-08;;;;ORANGE;True
1787670969.113295;44.40642015100093;Wi-Fi;Wi-Fi;2,4/5 GHz;wlan0;-34.0;;;;-34.0;3.981071705534969e-07;0.1;3.9810717055349696e-08;4.975288554910993e-06;;;;ROUGE;False
1787670969.1756785;44.46880427100041;BLE Sniffer;iBeacon;2,4 GHz BLE;7c:5a:b6:04:10:35;-66.0;;;;-66.0;2.511886431509582e-10;0.000368;9.243742067955262e-14;2.5776973437495737e-11;36;0x00;38;ORANGE;False
1787670969.1871874;44.480140444000426;Simulation RF;Détection RF large bande;868 MHz;868 MHz;;2427;1.9560759338259552;-34.243037353038204;-67.2430373530382;1.886671394162274e-10;0.1;1.886671394162274e-11;5.320474146786554e-09;;;;ORANGE;True
1787670969.1873362;44.480140444000426;Simulation RF;Détection RF large bande;2,45 GHz;2,45 GHz;;3057;2.4638183568191705;-54.55273427276681;-71.25273427276682;7.494222323501615e-11;0.1;7.494222323501616e-12;1.5960402019471892e-08;;;;VERT;True
1787670969.1949441;44.488069054001244;Wi-Fi;Wi-Fi;2,4/5 GHz;wlan0;-34.0;;;;-34.0;3.981071705534969e-07;0.1;3.9810717055349696e-08;5.015099271966343e-06;;;;ROUGE;False
1787670969.2787247;44.57185010900139;BLE Sniffer;iBeacon;2,4 GHz BLE;7c:5a:b6:04:10:35;-69.0;;;;-69.0;1.2589254117941662e-10;0.000368;4.6328455154025316e-14;2.582330189264976e-11;36;0x00;39;ORANGE;False
1787670969.2847266;44.57785382600014;BLE Sniffer;Appareil BLE;2,4 GHz BLE;57:83:a4:76:f6:fb;-89.0;;;;-89.0;1.258925411794166e-12;0.00026399999999999997;3.323563087136598e-16;1.7501176440459786e-15;23;0x00;37;VERT;False
1787670969.284821;44.57794501200078;BLE Sniffer;Appareil BLE;2,4 GHz BLE;37:10:9e:67:69:d1;-90.0;;;;-90.0;1e-12;0.000376;3.7599999999999995e-16;5.212077265572951e-15;37;0x02;38;VERT;False
1787670969.2918236;44.58028914600072;Simulation RF;Détection RF large bande;868 MHz;868 MHz;;2392;1.9277271195525079;-33.10908478210031;-66.10908478210031;2.4495794037583347e-10;0.1;2.4495794037583347e-11;5.344969940824138e-09;;;;ORANGE;True
1787670969.3125718;44.58028914600072;Simulation RF;Détection RF large bande;2,45 GHz;2,45 GHz;;2991;2.4100046908436443;-52.40018763374577;-69.10018763374578;1.2302156191006224e-10;0.1;1.2302156191006225e-11;1.59727041756629e-08;;;;ORANGE;True
1787670969.3182757;44.61140053000054;Wi-Fi;Wi-Fi;2,4/5 GHz;wlan0;-35.0;;;;-35.0;3.162277660168379e-07;0.1;3.162277660168379e-08;5.046722048568026e-06;;;;ROUGE;False
1787670969.3875692;44.68039175600097;Simulation RF;Détection RF large bande;868 MHz;868 MHz;;2409;1.9414925299511467;-33.659701198045866;-66.65970119804587;2.157892870727215e-10;0.1;2.1578928707272152e-11;5.3665488695314104e-09;;;;ORANGE;True
1787670969.3877723;44.68039175600097;Simulation RF;Détection RF large bande;2,45 GHz;2,45 GHz;;3012;2.42725465815844;-53.0901863263376;-69.7901863263376;1.0494974008635572e-10;0.1;1.0494974008635573e-11;1.5983199149671535e-08;;;;ORANGE;True
1787670969.398108;44.6912343540007;BLE Sniffer;Appareil BLE;2,4 GHz BLE;44:52:26:0a:24:5f;-88.0;;;;-88.0;1.584893192461111e-12;0.00019999999999999998;3.1697863849222217e-16;3.408759041082684e-14;15;0x00;39;VERT;False
1787670969.4050045;44.69813068500116;Wi-Fi;Wi-Fi;2,4/5 GHz;wlan0;-37.0;;;;-37.0;1.9952623149688787e-07;0.1;1.995262314968879e-08;5.066674671717715e-06;;;;ROUGE;False
1787670969.4875233;44.78047179200075;Simulation RF;Détection RF large bande;868 MHz;868 MHz;;2311;1.8625918781094253;-30.50367512437701;-63.50367512437701;4.46305755583705e-10;0.1;4.46305755583705e-11;5.411179445089781e-09;;;;ORANGE;True
1787670969.4876678;44.78047179200075;Simulation RF;Détection RF large bande;2,45 GHz;2,45 GHz;;2993;2.4115910558445224;-52.46364223378089;-69.16364223378089;1.2123716620440645e-10;0.1;1.2123716620440647e-11;1.5995322866291974e-08;;;;ORANGE;True
1787670969.4960916;44.789216867000505;Wi-Fi;Wi-Fi;2,4/5 GHz;wlan0;-37.0;;;;-37.0;1.9952623149688787e-07;0.1;1.995262314968879e-08;5.086627294867404e-06;;;;ROUGE;False
1787670969.5068061;44.799931965000724;BLE Sniffer;iBeacon;2,4 GHz BLE;7c:5a:b6:04:10:35;-70.0;;;;-70.0;1e-10;0.000368;3.68e-14;2.586010189264976e-11;36;0x00;37;ORANGE;False
1787670969.5068974;44.80002133600101;BLE Sniffer;iBeacon;2,4 GHz BLE;7c:5a:b6:04:10:35;-66.0;;;;-66.0;2.511886431509582e-10;0.000368;9.243742067955262e-14;2.595253931332931e-11;36;0x00;38;ORANGE;False
1787670969.5069387;44.80006250200131;BLE Sniffer;iBeacon;2,4 GHz BLE;7c:5a:b6:04:10:35;-70.0;;;;-70.0;1e-10;0.000368;3.68e-14;2.598933931332931e-11;36;0x00;39;ORANGE;False
1787670969.5876112;44.88055156900009;Simulation RF;Détection RF large bande;868 MHz;868 MHz;;2370;1.909944727250699;-32.397789090027956;-65.39778909002796;2.885500082071518e-10;0.1;2.8855000820715178e-11;5.4400344459104964e-09;;;;ORANGE;True
1787670969.5877469;44.88055156900009;Simulation RF;Détection RF large bande;2,45 GHz;2,45 GHz;;3002;2.4188042910156113;-52.752171640624454;-69.45217164062446;1.1344434081768814e-10;0.1;1.1344434081768815e-11;1.6006667300373744e-08;;;;ORANGE;True
1787670969.5960677;44.88919244000135;Wi-Fi;Wi-Fi;2,4/5 GHz;wlan0;-37.0;;;;-37.0;1.9952623149688787e-07;0.1;1.995262314968879e-08;5.106579918017093e-06;;;;ROUGE;False
1787670969.6199596;44.913085382000645;BLE Sniffer;Appareil BLE;2,4 GHz BLE;62:ae:f9:af:07:b9;-74.0;;;;-74.0;3.9810717055349695e-11;0.00028;1.1147000775497913e-14;7.772474517739277e-12;25;0x00;37;VERT;False
1787670969.620033;44.913157011000294;BLE Sniffer;Appareil BLE;2,4 GHz BLE;62:ae:f9:af:07:b9;-72.0;;;;-72.0;6.309573444801942e-11;0.00028;1.7666805645445437e-14;7.790141323384723e-12;25;0x00;38;VERT;False
1787670969.6200747;44.913198547999855;BLE Sniffer;Appareil Apple BLE;2,4 GHz BLE;62:ae:f9:af:07:b9;-93.0;;;;-93.0;5.011872336272715e-13;0.000272;1.3632292754661784e-16;7.790277646312269e-12;24;0x00;39;VERT;False
1787670969.6321685;44.925294964001296;BLE Sniffer;Appareil BLE;2,4 GHz BLE;44:52:26:0a:24:5f;-84.0;;;;-84.0;3.9810717055349695e-12;0.00019999999999999998;7.962143411069938e-16;3.4883804751933836e-14;15;0x00;37;VERT;False
1787670969.6344543;44.92758032100028;Simulation LoRa;LoRa;868 MHz;LoRa 868.100 MHz;-87.98123068089401;;;;-87.98123068089401;1.5917575992263895e-12;0.046335999999999995;7.375568011775398e-14;4.557790361406859e-12;13;"SNR=7.14;SF=7;BW=125.0;CR=4/5;F=868.100;CRC=OK;PAYLOAD=54454d504f5f4c4f52415f3434";7;VERT;True
1787670969.6876624;44.98062814200057;Simulation RF;Détection RF large bande;868 MHz;868 MHz;;2439;1.965436678125748;-34.61746712502992;-67.61746712502992;1.7308255100664132e-10;0.1;1.7308255100664133e-11;5.45734270101116e-09;;;;ORANGE;True
1787670969.6878088;44.98062814200057;Simulation RF;Détection RF large bande;2,45 GHz;2,45 GHz;;2970;2.3935961241524097;-51.74384496609639;-68.44384496609639;1.4309204926592624e-10;0.1;1.4309204926592626e-11;1.6020976505300338e-08;;;;ORANGE;True
1787670969.6970196;44.990144237001005;Wi-Fi;Wi-Fi;2,4/5 GHz;wlan0;-37.0;;;;-37.0;1.9952623149688787e-07;0.1;1.995262314968879e-08;5.126532541166782e-06;;;;ROUGE;False
1787670969.7432735;45.03639959800057;BLE Sniffer;Appareil BLE;2,4 GHz BLE;37:10:9e:67:69:d1;-93.0;;;;-93.0;5.011872336272715e-13;0.000376;1.8844639984385405e-16;5.400523665416805e-15;37;0x02;38;VERT;False
1787670969.7433672;45.036491413000476;BLE Sniffer;iBeacon;2,4 GHz BLE;7c:5a:b6:04:10:35;-69.0;;;;-69.0;1.2589254117941662e-10;0.000368;4.6328455154025316e-14;2.6035667768483334e-11;36;0x00;39;ORANGE;False
1787670969.7880404;45.0807735110011;Simulation RF;Détection RF large bande;868 MHz;868 MHz;;2410;1.9424295912183358;-33.69718364873343;-66.69718364873343;2.139348983710924e-10;0.1;2.1393489837109243e-11;5.47873619084827e-09;;;;ORANGE;True
1787670969.7883008;45.0807735110011;Simulation RF;Détection RF large bande;2,45 GHz;2,45 GHz;;3049;2.4568334914110705;-54.273339656442815;-70.97333965644282;7.992194314361901e-11;0.1;7.992194314361902e-12;1.60289686996147e-08;;;;VERT;True
1787670969.7972486;45.09037410699966;Wi-Fi;Wi-Fi;2,4/5 GHz;wlan0;-37.0;;;;-37.0;1.9952623149688787e-07;0.1;1.995262314968879e-08;5.146485164316471e-06;;;;ROUGE;False
