timestamp_epoch;elapsed_s;source;technology;band;device;rssi_dbm;adc_code;voltage_v;power_detector_dbm;power_antenna_dbm;power_w;duration_s;energy_j;cumulative_energy_j;packet_length_bytes;pdu_type;channel;alert_level;simulated
1787665576.848482;2.318609117000051;Simulation LoRa;LoRa;868 MHz;LoRa 868.100 MHz;-88.32328735422975;;;;-88.32328735422975;1.4711984699977339e-12;0.041216;6.06369161394266e-14;6.06369161394266e-14;12;"SNR=6.12;SF=7;BW=125.0;CR=4/5;F=868.100;CRC=OK;PAYLOAD=54454d504f5f4c4f52415f31";7;VERT;True
1787665577.021363;2.491180025999711;Simulation RF;Détection RF large bande;868 MHz;868 MHz;;2472;1.9921968764026379;-35.68787505610551;-68.68787505610551;1.352734275799791e-10;0.1;1.3527342757997909e-11;1.3527342757997909e-11;;;;ORANGE;True
1787665577.048297;2.491180025999711;Simulation RF;Détection RF large bande;2,45 GHz;2,45 GHz;;2813;2.267140269599134;-46.68561078396536;-63.385610783965355;4.586051438581866e-10;0.1;4.5860514385818664e-11;4.5860514385818664e-11;;;;ORANGE;True
1787665577.0757692;2.54588725099984;Wi-Fi;Wi-Fi;2,4/5 GHz;wlan0;-48.0;;;;-48.0;1.5848931924611143e-08;0.1;1.5848931924611144e-09;1.5848931924611144e-09;;;;ROUGE;False
1787665577.123448;2.591501249999965;Simulation RF;Détection RF large bande;868 MHz;868 MHz;;2490;2.006298558940363;-36.25194235761451;-69.25194235761451;1.1879707953573013e-10;0.1;1.1879707953573014e-11;2.5407050711570925e-11;;;;ORANGE;True
1787665577.1238074;2.591501249999965;Simulation RF;Détection RF large bande;2,45 GHz;2,45 GHz;;2897;2.334704758780118;-49.38819035120473;-66.08819035120473;2.4613930210511683e-10;0.1;2.4613930210511685e-11;7.047444459633035e-11;;;;ORANGE;True
1787665577.1372044;2.60732013300003;Wi-Fi;Wi-Fi;2,4/5 GHz;wlan0;-48.0;;;;-48.0;1.5848931924611143e-08;0.1;1.5848931924611144e-09;3.169786384922229e-09;;;;ROUGE;False
1787665577.221834;2.69164574899969;Simulation RF;Détection RF large bande;868 MHz;868 MHz;;2455;1.9787738385718787;-35.15095354287514;-68.15095354287514;1.5307513309371706e-10;0.1;1.5307513309371707e-11;4.071456402094263e-11;;;;ORANGE;True
1787665577.2220688;2.69164574899969;Simulation RF;Détection RF large bande;2,45 GHz;2,45 GHz;;2840;2.288641777742246;-47.545671109689835;-64.24567110968984;3.762122121853476e-10;0.1;3.762122121853476e-11;1.080956658148651e-10;;;;ORANGE;True
1787665577.231674;2.701789319999989;Wi-Fi;Wi-Fi;2,4/5 GHz;wlan0;-48.0;;;;-48.0;1.5848931924611143e-08;0.1;1.5848931924611144e-09;4.754679577383343e-09;;;;ROUGE;False
1787665577.3220353;2.7917890989992884;Simulation RF;Détection RF large bande;868 MHz;868 MHz;;2458;1.9810502013401305;-35.24200805360522;-68.24200805360522;1.4989915843629451e-10;0.1;1.4989915843629452e-11;5.570447986457208e-11;;;;ORANGE;True
1787665577.3223877;2.7917890989992884;Simulation RF;Détection RF large bande;2,45 GHz;2,45 GHz;;2852;2.2979176476559577;-47.916705906238306;-64.61670590623831;3.454056277949707e-10;0.1;3.4540562779497074e-11;1.4263622859436218e-10;;;;ORANGE;True
1787665577.343332;2.813448074999542;Wi-Fi;Wi-Fi;2,4/5 GHz;wlan0;-49.0;;;;-49.0;1.2589254117941661e-08;0.1;1.2589254117941663e-09;6.01360498917751e-09;;;;ROUGE;False
1787665577.4220562;2.8919055789992854;Simulation RF;Détection RF large bande;868 MHz;868 MHz;;2448;1.9727197472088411;-34.90878988835364;-67.90878988835364;1.6185309598629777e-10;0.1;1.6185309598629777e-11;7.188978946320186e-11;;;;ORANGE;True
1787665577.422265;2.8919055789992854;Simulation RF;Détection RF large bande;2,45 GHz;2,45 GHz;;2863;2.3073626097736812;-48.29450439094724;-64.99450439094724;3.166281773197813e-10;0.1;3.166281773197813e-11;1.7429904632634032e-10;;;;ORANGE;True
1787665577.4316528;2.90176799999972;Wi-Fi;Wi-Fi;2,4/5 GHz;wlan0;-49.0;;;;-49.0;1.2589254117941661e-08;0.1;1.2589254117941663e-09;7.272530400971676e-09;;;;ROUGE;False
1787665577.5238743;2.9922478219996265;Simulation RF;Détection RF large bande;868 MHz;868 MHz;;2453;1.976596992365522;-35.06387969462088;-68.06387969462088;1.5617518552810165e-10;0.1;1.5617518552810166e-11;8.750730801601202e-11;;;;ORANGE;True
1787665577.524733;2.9922478219996265;Simulation RF;Détection RF large bande;2,45 GHz;2,45 GHz;;2847;2.2943819434054804;-47.77527773621921;-64.47527773621921;3.568389283018623e-10;0.1;3.568389283018623e-11;2.0998293915652654e-10;;;;ORANGE;True
1787665577.5425134;3.01262952199977;Wi-Fi;Wi-Fi;2,4/5 GHz;wlan0;-49.0;;;;-49.0;1.2589254117941661e-08;0.1;1.2589254117941663e-09;8.531455812765842e-09;;;;ROUGE;False
1787665577.6226447;3.092414136000116;Simulation RF;Détection RF large bande;868 MHz;868 MHz;;2567;2.0688243051492266;-38.75297220596906;-71.75297220596906;6.678866757021108e-11;0.1;6.678866757021109e-12;9.418617477303313e-11;;;;VERT;True
1787665577.62299;3.092414136000116;Simulation RF;Détection RF large bande;2,45 GHz;2,45 GHz;;2854;2.2995726599903477;-47.98290639961391;-64.68290639961391;3.401804568390671e-10;0.1;3.401804568390671e-11;2.4400098484043327e-10;;;;ORANGE;True
1787665577.6522245;3.122343696999451;Wi-Fi;Wi-Fi;2,4/5 GHz;wlan0;-49.0;;;;-49.0;1.2589254117941661e-08;0.1;1.2589254117941663e-09;9.790381224560008e-09;;;;ROUGE;False
1787665577.7230124;3.192666079999981;Simulation RF;Détection RF large bande;868 MHz;868 MHz;;2472;1.9924815810580752;-35.699263242323;-68.699263242323;1.3491917464403508e-10;0.1;1.3491917464403509e-11;1.0767809223743663e-10;;;;ORANGE;True
1787665577.7237284;3.192666079999981;Simulation RF;Détection RF large bande;2,45 GHz;2,45 GHz;;2884;2.324483167367399;-48.979326694695956;-65.67932669469596;2.7043776028324587e-10;0.1;2.704377602832459e-11;2.7104476086875785e-10;;;;ORANGE;True
1787665577.7393572;3.20947279199936;Wi-Fi;Wi-Fi;2,4/5 GHz;wlan0;-50.0;;;;-50.0;1e-08;0.1;1e-09;1.0790381224560008e-08;;;;ROUGE;False
1787665577.823048;3.292793504999281;Simulation RF;Détection RF large bande;868 MHz;868 MHz;;2467;1.9879563538540257;-35.51825415416103;-68.51825415416103;1.406612863038403e-10;0.1;1.4066128630384031e-11;1.2174422086782066e-10;;;;ORANGE;True
1787665577.8233714;3.292793504999281;Simulation RF;Détection RF large bande;2,45 GHz;2,45 GHz;;2792;2.2502504356055755;-46.01001742422301;-62.710017424223004;5.357945078609507e-10;0.1;5.357945078609508e-11;3.2462421165485293e-10;;;;ORANGE;True
1787665577.8382874;3.3084021639997445;Wi-Fi;Wi-Fi;2,4/5 GHz;wlan0;-50.0;;;;-50.0;1e-08;0.1;1e-09;1.1790381224560009e-08;;;;ROUGE;False
1787665577.8554945;3.3256102879995524;Simulation LoRa;LoRa;868 MHz;LoRa 868.100 MHz;-86.35435371942306;;;;-86.35435371942306;2.3150726700563204e-12;0.041216;9.541803516904131e-14;1.5605495130846791e-13;12;"SNR=6.77;SF=7;BW=125.0;CR=4/5;F=868.100;CRC=OK;PAYLOAD=54454d504f5f4c4f52415f32";7;VERT;True
1787665577.9232447;3.392932114999894;Simulation RF;Détection RF large bande;868 MHz;868 MHz;;2538;2.045104476439384;-37.80417905757537;-70.80417905757537;8.309637800917362e-11;0.1;8.309637800917362e-12;1.3005385866873801e-10;;;;VERT;True
1787665577.9236877;3.392932114999894;Simulation RF;Détection RF large bande;2,45 GHz;2,45 GHz;;2810;2.264845706096446;-46.59382824385784;-63.293828243857845;4.684003119262078e-10;0.1;4.684003119262078e-11;3.714642428474737e-10;;;;ORANGE;True
1787665577.9365144;3.4066310279995378;Wi-Fi;Wi-Fi;2,4/5 GHz;wlan0;-51.0;;;;-51.0;7.943282347242822e-09;0.1;7.943282347242823e-10;1.258470945928429e-08;;;;ORANGE;False
1787665578.0231013;3.4930217249993802;Simulation RF;Détection RF large bande;868 MHz;868 MHz;;2495;2.0107380109129425;-36.42952043651769;-69.42952043651769;1.1403757049683104e-10;0.1;1.1403757049683104e-11;1.4145761571842112e-10;;;;ORANGE;True
1787665578.0232587;3.4930217249993802;Simulation RF;Détection RF large bande;2,45 GHz;2,45 GHz;;2849;2.2962804759565683;-47.85121903826273;-64.55121903826273;3.5065343384592373e-10;0.1;3.5065343384592373e-11;4.065295862320661e-10;;;;ORANGE;True
1787665578.0320508;3.5021672469993064;Wi-Fi;Wi-Fi;2,4/5 GHz;wlan0;-51.0;;;;-51.0;7.943282347242822e-09;0.1;7.943282347242823e-10;1.3379037694008573e-08;;;;ORANGE;False
1787665578.1231823;3.5931063709995215;Simulation RF;Détection RF large bande;868 MHz;868 MHz;;2479;1.9979579290624856;-35.91831716249942;-68.91831716249942;1.2828275662067767e-10;0.1;1.2828275662067768e-11;1.542858913804889e-10;;;;ORANGE;True
1787665578.1233382;3.5931063709995215;Simulation RF;Détection RF large bande;2,45 GHz;2,45 GHz;;2830;2.280531531071567;-47.22126124286268;-63.921261242862684;4.0539078804201204e-10;0.1;4.0539078804201206e-11;4.470686650362673e-10;;;;ORANGE;True
1787665578.1322558;3.602371431999927;Wi-Fi;Wi-Fi;2,4/5 GHz;wlan0;-51.0;;;;-51.0;7.943282347242822e-09;0.1;7.943282347242823e-10;1.4173365928732855e-08;;;;ORANGE;False
1787665578.2232969;3.693196794999494;Simulation RF;Détection RF large bande;868 MHz;868 MHz;;2430;1.958615420508965;-34.344616820358596;-67.3446168203586;1.8430550952355957e-10;0.1;1.8430550952355957e-11;1.7271644233284486e-10;;;;ORANGE;True
1787665578.2234664;3.693196794999494;Simulation RF;Détection RF large bande;2,45 GHz;2,45 GHz;;2872;2.3146990429590857;-48.58796171836343;-65.28796171836343;2.9594010813799477e-10;0.1;2.959401081379948e-11;4.766626758500667e-10;;;;ORANGE;True
1787665578.2324357;3.702551226999276;Wi-Fi;Wi-Fi;2,4/5 GHz;wlan0;-51.0;;;;-51.0;7.943282347242822e-09;0.1;7.943282347242823e-10;1.4967694163457136e-08;;;;ORANGE;False
1787665578.3234193;3.793307756000104;Simulation RF;Détection RF large bande;868 MHz;868 MHz;;2404;1.9370637046646295;-33.48254818658518;-66.48254818658518;2.2477353788982733e-10;0.1;2.2477353788982733e-11;1.951937961218276e-10;;;;ORANGE;True
1787665578.32359;3.793307756000104;Simulation RF;Détection RF large bande;2,45 GHz;2,45 GHz;;2830;2.2809297144622804;-47.237188578491214;-63.93718857849121;4.039067789120301e-10;0.1;4.0390677891203014e-11;5.170533537412698e-10;;;;ORANGE;True
1787665578.3349533;3.8050684780000665;Wi-Fi;Wi-Fi;2,4/5 GHz;wlan0;-50.0;;;;-50.0;1e-08;0.1;1e-09;1.5967694163457135e-08;;;;ROUGE;False
1787665578.4235332;3.8934176069997193;Simulation RF;Détection RF large bande;868 MHz;868 MHz;;2435;1.9625858004897845;-34.50343201959137;-67.50343201959137;1.776874676804929e-10;0.1;1.776874676804929e-11;2.1296254288987688e-10;;;;ORANGE;True
1787665578.4236991;3.8934176069997193;Simulation RF;Détection RF large bande;2,45 GHz;2,45 GHz;;2843;2.2914288012740633;-47.65715205096254;-64.35715205096254;3.666779502069909e-10;0.1;3.66677950206991e-11;5.537211487619689e-10;;;;ORANGE;True
1787665578.4336362;3.903754476999893;Wi-Fi;Wi-Fi;2,4/5 GHz;wlan0;-50.0;;;;-50.0;1e-08;0.1;1e-09;1.6967694163457134e-08;;;;ROUGE;False
1787665578.5236416;3.993533715999547;Simulation RF;Détection RF large bande;868 MHz;868 MHz;;2502;2.016437139235783;-36.657485569431316;-69.65748556943132;1.0820602493546738e-10;0.1;1.0820602493546739e-11;2.2378314538342363e-10;;;;ORANGE;True
1787665578.5238047;3.993533715999547;Simulation RF;Détection RF large bande;2,45 GHz;2,45 GHz;;2812;2.266287193387525;-46.65148773550099;-63.351487735500996;4.622226535457154e-10;0.1;4.6222265354571543e-11;5.999434141165404e-10;;;;ORANGE;True
1787665578.5333128;4.003433895999478;Wi-Fi;Wi-Fi;2,4/5 GHz;wlan0;-50.0;;;;-50.0;1e-08;0.1;1e-09;1.7967694163457133e-08;;;;ROUGE;False
1787665578.623747;4.093640733000029;Simulation RF;Détection RF large bande;868 MHz;868 MHz;;2497;2.011984639707068;-36.479385588282724;-69.47938558828272;1.1273569360550871e-10;0.1;1.1273569360550872e-11;2.350567147439745e-10;;;;ORANGE;True
1787665578.623926;4.093640733000029;Simulation RF;Détection RF large bande;2,45 GHz;2,45 GHz;;2790;2.2486471018022716;-45.94588407209086;-62.645884072090865;5.437654287774464e-10;0.1;5.437654287774464e-11;6.543199569942851e-10;;;;ORANGE;True
1787665578.6367831;4.106898344000001;Wi-Fi;Wi-Fi;2,4/5 GHz;wlan0;-50.0;;;;-50.0;1e-08;0.1;1e-09;1.8967694163457133e-08;;;;ROUGE;False
1787665578.7239454;4.193746564999856;Simulation RF;Détection RF large bande;868 MHz;868 MHz;;2515;2.027124388844622;-37.08497555378487;-70.08497555378487;9.806238341880406e-11;0.1;9.806238341880406e-12;2.448629530858549e-10;;;;VERT;True
1787665578.7241178;4.193746564999856;Simulation RF;Détection RF large bande;2,45 GHz;2,45 GHz;;2832;2.2825208739174747;-47.30083495669898;-64.00083495669898;3.9803063946417414e-10;0.1;3.9803063946417417e-11;6.941230209407025e-10;;;;ORANGE;True
1787665578.7341049;4.204223140999602;Wi-Fi;Wi-Fi;2,4/5 GHz;wlan0;-51.0;;;;-51.0;7.943282347242822e-09;0.1;7.943282347242823e-10;1.9762022398181416e-08;;;;ORANGE;False
1787665578.823977;4.293868396999642;Simulation RF;Détection RF large bande;868 MHz;868 MHz;;2378;1.9160404447669066;-32.641617790676264;-65.64161779067626;2.7279614004226583e-10;0.1;2.7279614004226585e-11;2.7214256709008146e-10;;;;ORANGE;True
1787665578.8241625;4.293868396999642;Simulation RF;Détection RF large bande;2,45 GHz;2,45 GHz;;2791;2.249386723777271;-45.97546895109083;-62.67546895109083;5.400737944589357e-10;0.1;5.400737944589357e-11;7.48130400386596e-10;;;;ORANGE;True
1787665578.8348494;4.3049646290000965;Wi-Fi;Wi-Fi;2,4/5 GHz;wlan0;-51.0;;;;-51.0;7.943282347242822e-09;0.1;7.943282347242823e-10;2.05563506329057e-08;;;;ORANGE;False
1787665578.871305;4.3414205869994476;Simulation LoRa;LoRa;868 MHz;LoRa 868.100 MHz;-83.1069878734164;;;;-83.1069878734164;4.889913904303387e-12;0.041216;2.015426914797684e-13;3.575976427882363e-13;12;"SNR=8.99;SF=7;BW=125.0;CR=4/5;F=868.100;CRC=OK;PAYLOAD=54454d504f5f4c4f52415f33";7;VERT;True
1787665578.9241586;4.3939907849999145;Simulation RF;Détection RF large bande;868 MHz;868 MHz;;2403;1.9361317153026438;-33.44526861210575;-66.44526861210575;2.2671128513731813e-10;0.1;2.2671128513731815e-11;2.9481369560381327e-10;;;;ORANGE;True
1787665578.924428;4.3939907849999145;Simulation RF;Détection RF large bande;2,45 GHz;2,45 GHz;;2846;2.293437754116383;-47.73751016465532;-64.43751016465532;3.5995564065950943e-10;0.1;3.5995564065950945e-11;7.841259644525469e-10;;;;ORANGE;True
1787665578.9386163;4.408733598999788;Wi-Fi;Wi-Fi;2,4/5 GHz;wlan0;-52.0;;;;-52.0;6.309573444801943e-09;0.1;6.309573444801943e-10;2.1187307977385893e-08;;;;ORANGE;False
1787665579.0242212;4.494106264999573;Simulation RF;Détection RF large bande;868 MHz;868 MHz;;2385;1.9223262127601175;-32.8930485104047;-65.8930485104047;2.574513354622951e-10;0.1;2.574513354622951e-11;3.205588291500428e-10;;;;ORANGE;True
1787665579.0244358;4.494106264999573;Simulation RF;Détection RF large bande;2,45 GHz;2,45 GHz;;2789;2.2472088260198677;-45.88835304079471;-62.58835304079471;5.510166168210586e-10;0.1;5.510166168210587e-11;8.392276261346528e-10;;;;ORANGE;True
1787665579.0343974;4.504516728999988;Wi-Fi;Wi-Fi;2,4/5 GHz;wlan0;-52.0;;;;-52.0;6.309573444801943e-09;0.1;6.309573444801943e-10;2.1818265321866087e-08;;;;ORANGE;False
1787665579.1243072;4.594218836999971;Simulation RF;Détection RF large bande;868 MHz;868 MHz;;2463;1.9850687395380726;-35.4027495815229;-68.4027495815229;1.444524931436126e-10;0.1;1.4445249314361261e-11;3.350040784644041e-10;;;;ORANGE;True
1787665579.1245089;4.594218836999971;Simulation RF;Détection RF large bande;2,45 GHz;2,45 GHz;;2745;2.212298650229703;-44.491946009188126;-61.19194600918813;7.599856623253959e-10;0.1;7.59985662325396e-11;9.152261923671924e-10;;;;ORANGE;True
1787665579.134297;4.604413649999515;Wi-Fi;Wi-Fi;2,4/5 GHz;wlan0;-51.0;;;;-51.0;7.943282347242822e-09;0.1;7.943282347242823e-10;2.261259355659037e-08;;;;ORANGE;False
1787665579.2244587;4.694313316999796;Simulation RF;Détection RF large bande;868 MHz;868 MHz;;2395;1.9298700405442955;-33.194801621771816;-66.19480162177182;2.4017059711662095e-10;0.1;2.4017059711662097e-11;3.5902113817606616e-10;;;;ORANGE;True
1787665579.224637;4.694313316999796;Simulation RF;Détection RF large bande;2,45 GHz;2,45 GHz;;2841;2.2895662543102193;-47.582650172408776;-64.28265017240878;3.7302246079239055e-10;0.1;3.7302246079239057e-11;9.525284384464315e-10;;;;ORANGE;True
1787665579.2357128;4.7058282949992645;Wi-Fi;Wi-Fi;2,4/5 GHz;wlan0;-51.0;;;;-51.0;7.943282347242822e-09;0.1;7.943282347242823e-10;2.3406921791314654e-08;;;;ORANGE;False
1787665579.3245027;4.794401815000128;Simulation RF;Détection RF large bande;868 MHz;868 MHz;;2422;1.951535156270775;-34.061406250831;-67.061406250831;1.9672491888779054e-10;0.1;1.9672491888779055e-11;3.786936300648452e-10;;;;ORANGE;True
1787665579.3246727;4.794401815000128;Simulation RF;Détection RF large bande;2,45 GHz;2,45 GHz;;2710;2.1837214660457107;-43.34885864182843;-60.048858641828424;9.888129278978723e-10;0.1;9.888129278978724e-11;1.0514097312362188e-09;;;;ORANGE;True
1787665579.3350513;4.805166190999444;Wi-Fi;Wi-Fi;2,4/5 GHz;wlan0;-52.0;;;;-52.0;6.309573444801943e-09;0.1;6.309573444801943e-10;2.4037879135794847e-08;;;;ORANGE;False
1787665579.4245908;4.894503090999933;Simulation RF;Détection RF large bande;868 MHz;868 MHz;;2441;1.9668128500380302;-34.67251400152121;-67.67251400152121;1.709025724559794e-10;0.1;1.709025724559794e-11;3.9578388731044314e-10;;;;ORANGE;True
1787665579.4247568;4.894503090999933;Simulation RF;Détection RF large bande;2,45 GHz;2,45 GHz;;2831;2.2816663401024067;-47.26665360409626;-63.96665360409626;4.0117571895053467e-10;0.1;4.011757189505347e-11;1.0915273031312722e-09;;;;ORANGE;True
1787665579.434709;4.90482366499964;Wi-Fi;Wi-Fi;2,4/5 GHz;wlan0;-52.0;;;;-52.0;6.309573444801943e-09;0.1;6.309573444801943e-10;2.466883648027504e-08;;;;ORANGE;False
1787665579.5246704;4.994588069999736;Simulation RF;Détection RF large bande;868 MHz;868 MHz;;2382;1.9196598203480673;-32.78639281392269;-65.78639281392269;2.638521993508507e-10;0.1;2.6385219935085068e-11;4.2216910724552823e-10;;;;ORANGE;True
1787665579.5248332;4.994588069999736;Simulation RF;Détection RF large bande;2,45 GHz;2,45 GHz;;2754;2.2192420059720663;-44.76968023888266;-61.46968023888265;7.129055178007963e-10;0.1;7.129055178007964e-11;1.1628178549113519e-09;;;;ORANGE;True
1787665579.534341;5.004459138999664;Wi-Fi;Wi-Fi;2,4/5 GHz;wlan0;-52.0;;;;-52.0;6.309573444801943e-09;0.1;6.309573444801943e-10;2.5299793824755235e-08;;;;ORANGE;False
1787665579.6247752;5.094677179999962;Simulation RF;Détection RF large bande;868 MHz;868 MHz;;2390;1.9263762453916122;-33.05504981566449;-66.05504981566449;2.480247487898985e-10;0.1;2.4802474878989853e-11;4.469715821245181e-10;;;;ORANGE;True
1787665579.6249619;5.094677179999962;Simulation RF;Détection RF large bande;2,45 GHz;2,45 GHz;;2832;2.2823562059563267;-47.29424823825306;-63.994248238253064;3.98634769836476e-10;0.1;3.9863476983647605e-11;1.2026813318949994e-09;;;;ORANGE;True
1787665579.6342547;5.104369300999679;Wi-Fi;Wi-Fi;2,4/5 GHz;wlan0;-51.0;;;;-51.0;7.943282347242822e-09;0.1;7.943282347242823e-10;2.6094122059479518e-08;;;;ORANGE;False
1787665579.7248373;5.194761955000104;Simulation RF;Détection RF large bande;868 MHz;868 MHz;;2399;1.933440826616713;-33.33763306466851;-66.33763306466851;2.3240030491996809e-10;0.1;2.324003049199681e-11;4.702116126165149e-10;;;;ORANGE;True
1787665579.724999;5.194761955000104;Simulation RF;Détection RF large bande;2,45 GHz;2,45 GHz;;2826;2.277210036420632;-47.08840145682528;-63.78840145682528;4.179841891903285e-10;0.1;4.179841891903285e-11;1.2444797508140323e-09;;;;ORANGE;True
1787665579.7360291;5.206144042999767;Wi-Fi;Wi-Fi;2,4/5 GHz;wlan0;-51.0;;;;-51.0;7.943282347242822e-09;0.1;7.943282347242823e-10;2.6888450294203802e-08;;;;ORANGE;False
1787665579.8249483;5.29485167599978;Simulation RF;Détection RF large bande;868 MHz;868 MHz;;2464;1.9855693043492373;-35.42277217396949;-68.42277217396949;1.4378804622290307e-10;0.1;1.4378804622290309e-11;4.845904172388051e-10;;;;ORANGE;True
1787665579.8251126;5.29485167599978;Simulation RF;Détection RF large bande;2,45 GHz;2,45 GHz;;2805;2.2604283581653006;-46.41713432661203;-63.11713432661203;4.878502898300572e-10;0.1;4.8785028983005716e-11;1.293264779797038e-09;;;;ORANGE;True
1787665579.8344936;5.304608353999356;Wi-Fi;Wi-Fi;2,4/5 GHz;wlan0;-52.0;;;;-52.0;6.309573444801943e-09;0.1;6.309573444801943e-10;2.7519407638683995e-08;;;;ORANGE;False
1787665579.8845532;5.35466827899927;Simulation LoRa;LoRa;868 MHz;LoRa 868.100 MHz;-89.2829724147078;;;;-89.2829724147078;1.1795130725303188e-12;0.041216;4.8614810797409626e-14;4.0621245358564594e-13;12;"SNR=3.96;SF=7;BW=125.0;CR=4/5;F=868.100;CRC=OK;PAYLOAD=54454d504f5f4c4f52415f34";7;VERT;True
1787665579.925002;5.394930913999815;Simulation RF;Détection RF large bande;868 MHz;868 MHz;;2424;1.9533892381258267;-34.13556952503306;-67.13556952503306;1.9339402289644256e-10;0.1;1.9339402289644256e-11;5.039298195284494e-10;;;;ORANGE;True
1787665579.925152;5.394930913999815;Simulation RF;Détection RF large bande;2,45 GHz;2,45 GHz;;2805;2.2605756701867254;-46.423026807469014;-63.12302680746902;4.871888263893338e-10;0.1;4.8718882638933384e-11;1.3419836624359713e-09;;;;ORANGE;True
1787665579.9354248;5.405540325999937;Wi-Fi;Wi-Fi;2,4/5 GHz;wlan0;-52.0;;;;-52.0;6.309573444801943e-09;0.1;6.309573444801943e-10;2.815036498316419e-08;;;;ORANGE;False
1787665579.9862316;5.456347815999834;BLE Sniffer;Appareil BLE;2,4 GHz BLE;57:10:3b:9d:cc:43;-77.0;;;;-77.0;1.9952623149688828e-11;0.00028;5.586734481912872e-15;5.586734481912872e-15;25;0x00;37;VERT;False
1787665579.9863315;5.456445408999571;BLE Sniffer;Appareil BLE;2,4 GHz BLE;6a:02:42:35:15:d4;-75.0;;;;-75.0;3.1622776601683794e-11;0.000368;1.1637181789419636e-14;1.1637181789419636e-14;36;0x00;38;VERT;False
1787665579.9872255;5.457340291000037;BLE Sniffer;iBeacon;2,4 GHz BLE;6a:02:42:35:15:d4;-63.0;;;;-63.0;5.011872336272714e-10;0.000368;1.8443690197483588e-13;1.960740837642555e-13;36;0x00;39;ORANGE;False
1787665580.025109;5.4950207639994915;Simulation RF;Détection RF large bande;868 MHz;868 MHz;;2426;1.9550453007320236;-34.201812029280944;-67.20181202928094;1.9046658585869105e-10;0.1;1.9046658585869107e-11;5.229764781143186e-10;;;;ORANGE;True
1787665580.0252738;5.4950207639994915;Simulation RF;Détection RF large bande;2,45 GHz;2,45 GHz;;2790;2.248230577869505;-45.9292231147802;-62.629223114780196;5.458554974091442e-10;0.1;5.458554974091442e-11;1.3965692121768857e-09;;;;ORANGE;True
1787665580.0345871;5.504701978999947;Wi-Fi;Wi-Fi;2,4/5 GHz;wlan0;-52.0;;;;-52.0;6.309573444801943e-09;0.1;6.309573444801943e-10;2.8781322327644383e-08;;;;ORANGE;False
1787665580.1251962;5.595109465999485;Simulation RF;Détection RF large bande;868 MHz;868 MHz;;2439;1.9651120437582201;-34.6044817503288;-67.6044817503288;1.7360084108199814e-10;0.1;1.7360084108199814e-11;5.403365622225184e-10;;;;ORANGE;True
1787665580.12536;5.595109465999485;Simulation RF;Détection RF large bande;2,45 GHz;2,45 GHz;;2780;2.240532765409252;-45.62131061637007;-62.32131061637007;5.859613060912439e-10;0.1;5.859613060912439e-11;1.45516534278601e-09;;;;ORANGE;True
1787665580.135584;5.605701191999287;Wi-Fi;Wi-Fi;2,4/5 GHz;wlan0;-52.0;;;;-52.0;6.309573444801943e-09;0.1;6.309573444801943e-10;2.9412279672124576e-08;;;;ORANGE;False
1787665580.1907995;5.66091618199971;BLE Sniffer;Appareil BLE;2,4 GHz BLE;57:10:3b:9d:cc:43;-76.0;;;;-76.0;2.5118864315095823e-11;0.00028;7.03328200822683e-15;1.2620016490139702e-14;25;0x00;37;VERT;False
1787665580.225286;5.69519837200005;Simulation RF;Détection RF large bande;868 MHz;868 MHz;;2389;1.9251945997050464;-33.00778398820185;-66.00778398820185;2.507388335547336e-10;0.1;2.507388335547336e-11;5.654104455779918e-10;;;;ORANGE;True
1787665580.2255933;5.69519837200005;Simulation RF;Détection RF large bande;2,45 GHz;2,45 GHz;;2876;2.3180043596707374;-48.7201743868295;-65.4201743868295;2.870665310867948e-10;0.1;2.870665310867948e-11;1.4838719958946896e-09;;;;ORANGE;True
1787665580.235224;5.705338961999587;Wi-Fi;Wi-Fi;2,4/5 GHz;wlan0;-54.0;;;;-54.0;3.981071705534969e-09;0.1;3.9810717055349694e-10;2.981038684267807e-08;;;;ORANGE;False
1787665580.3253758;5.795284943999832;Simulation RF;Détection RF large bande;868 MHz;868 MHz;;2376;1.9145249747291126;-32.5809989891645;-65.5809989891645;2.766305250764596e-10;0.1;2.766305250764596e-11;5.930734980856377e-10;;;;ORANGE;True
1787665580.325541;5.795284943999832;Simulation RF;Détection RF large bande;2,45 GHz;2,45 GHz;;2758;2.2223993713784203;-44.895974855136814;-61.59597485513682;6.924724736011147e-10;0.1;6.924724736011148e-11;1.553119243254801e-09;;;;ORANGE;True
1787665580.3364263;5.806541547999586;Wi-Fi;Wi-Fi;2,4/5 GHz;wlan0;-54.0;;;;-54.0;3.981071705534969e-09;0.1;3.9810717055349694e-10;3.020849401323157e-08;;;;ORANGE;False
1787665580.4254513;5.895367479000015;Simulation RF;Détection RF large bande;868 MHz;868 MHz;;2342;1.8874478744197838;-31.49791497679135;-64.49791497679135;3.549837740291556e-10;0.1;3.549837740291556e-11;6.285718754885532e-10;;;;ORANGE;True
1787665580.4256136;5.895367479000015;Simulation RF;Détection RF large bande;2,45 GHz;2,45 GHz;;2800;2.256063399044112;-46.24253596176449;-62.94253596176449;5.078628012726333e-10;0.1;5.078628012726333e-11;1.6039055233820644e-09;;;;ORANGE;True
1787665580.434368;5.904482926999663;Wi-Fi;Wi-Fi;2,4/5 GHz;wlan0;-54.0;;;;-54.0;3.981071705534969e-09;0.1;3.9810717055349694e-10;3.0606601183785066e-08;;;;ORANGE;False
1787665580.493669;5.963785356999324;BLE Sniffer;Appareil BLE;2,4 GHz BLE;d3:23:2f:4d:3e:b1;-74.0;;;;-74.0;3.9810717055349695e-11;0.000376;1.4968829612811484e-14;1.4968829612811484e-14;37;0x00;38;VERT;False
1787665580.4945168;5.964630903999932;BLE Sniffer;Appareil BLE;2,4 GHz BLE;d3:23:2f:4d:3e:b1;-87.0;;;;-87.0;1.9952623149688827e-12;0.000376;7.502186304282998e-16;1.5719048243239785e-14;37;0x00;39;VERT;False
1787665580.4945686;5.964682664000065;BLE Sniffer;Appareil BLE;2,4 GHz BLE;57:10:3b:9d:cc:43;-79.0;;;;-79.0;1.2589254117941662e-11;0.00028;3.524991153023665e-15;1.6145007643163366e-14;25;0x00;37;VERT;False
1787665580.4946077;5.964721590999943;BLE Sniffer;iBeacon;2,4 GHz BLE;6a:02:42:35:15:d4;-71.0;;;;-71.0;7.943282347242822e-11;0.000368;2.923127903785358e-14;2.253053628021091e-13;36;0x00;38;VERT;False
1787665580.5255275;5.995453550999628;Simulation RF;Détection RF large bande;868 MHz;868 MHz;;2387;1.9239883691700452;-32.95953476680181;-65.95953476680181;2.535400217917123e-10;0.1;2.5354002179171232e-11;6.539258776677244e-10;;;;ORANGE;True
1787665580.5256896;5.995453550999628;Simulation RF;Détection RF large bande;2,45 GHz;2,45 GHz;;2829;2.2798809402003903;-47.1952376080156;-63.895237608015606;4.078272484152092e-10;0.1;4.078272484152092e-11;1.6446882482235853e-09;;;;ORANGE;True
1787665580.536425;6.006539764000081;Wi-Fi;Wi-Fi;2,4/5 GHz;wlan0;-54.0;;;;-54.0;3.981071705534969e-09;0.1;3.9810717055349694e-10;3.100470835433856e-08;;;;ORANGE;False
1787665580.5956345;6.065751303999605;BLE Sniffer;iBeacon;2,4 GHz BLE;6a:02:42:35:15:d4;-62.0;;;;-62.0;6.309573444801942e-10;0.000368;2.321923027687115e-13;4.574976655708206e-13;36;0x00;39;ORANGE;False
1787665580.6256251;6.095538548999684;Simulation RF;Détection RF large bande;868 MHz;868 MHz;;2319;1.8688046834454297;-30.752187337817183;-63.75218733781718;4.2148416813450267e-10;0.1;4.214841681345027e-11;6.960742944811747e-10;;;;ORANGE;True
1787665580.6257875;6.095538548999684;Simulation RF;Détection RF large bande;2,45 GHz;2,45 GHz;;2761;2.2252502740598064;-45.01001096239226;-61.71001096239226;6.74526325067147e-10;0.1;6.74526325067147e-11;1.7121408807303e-09;;;;ORANGE;True
1787665580.6349444;6.105059890999655;Wi-Fi;Wi-Fi;2,4/5 GHz;wlan0;-54.0;;;;-54.0;3.981071705534969e-09;0.1;3.9810717055349694e-10;3.140281552489206e-08;;;;ORANGE;False
1787665580.7257068;6.1956228799999735;Simulation RF;Détection RF large bande;868 MHz;868 MHz;;2435;1.9626628757260989;-34.50651502904395;-67.50651502904395;1.7756137403474434e-10;0.1;1.7756137403474435e-11;7.138304318846491e-10;;;;ORANGE;True
1787665580.7258732;6.1956228799999735;Simulation RF;Détection RF large bande;2,45 GHz;2,45 GHz;;2810;2.2644384307813854;-46.577537231255405;-63.27753723125541;4.701606486499085e-10;0.1;4.7016064864990856e-11;1.759156945595291e-09;;;;ORANGE;True
1787665580.7365093;6.206624202999592;Wi-Fi;Wi-Fi;2,4/5 GHz;wlan0;-54.0;;;;-54.0;3.981071705534969e-09;0.1;3.9810717055349694e-10;3.180092269544556e-08;;;;ORANGE;False
1787665580.7990565;6.269171914999788;BLE Sniffer;Appareil BLE;2,4 GHz BLE;57:10:3b:9d:cc:43;-75.0;;;;-75.0;3.1622776601683794e-11;0.00028;8.854377448471461e-15;2.4999385091634825e-14;25;0x00;37;VERT;False
1787665580.8257816;6.2957098219994805;Simulation RF;Détection RF large bande;868 MHz;868 MHz;;2382;1.9198727689713904;-32.79491075885561;-65.79491075885561;2.633352054640835e-10;0.1;2.6333520546408352e-11;7.401639524310574e-10;;;;ORANGE;True
1787665580.8259377;6.2957098219994805;Simulation RF;Détection RF large bande;2,45 GHz;2,45 GHz;;2776;2.23697828169028;-45.479131267611194;-62.17913126761119;6.054619750317669e-10;0.1;6.05461975031767e-11;1.8197031430984676e-09;;;;ORANGE;True
1787665580.8367472;6.306862054999328;Wi-Fi;Wi-Fi;2,4/5 GHz;wlan0;-55.0;;;;-55.0;3.1622776601683795e-09;0.1;3.1622776601683795e-10;3.2117150461462395e-08;;;;ORANGE;False
1787665580.9007483;6.37086350699974;Simulation LoRa;LoRa;868 MHz;LoRa 868.100 MHz;-88.82625466573964;;;;-88.82625466573964;1.3103114420291876e-12;0.041216;5.4005796394675e-14;4.60218249980321e-13;12;"SNR=7.76;SF=7;BW=125.0;CR=4/5;F=868.100;CRC=OK;PAYLOAD=54454d504f5f4c4f52415f35";7;VERT;True
1787665580.9258842;6.395801691000088;Simulation RF;Détection RF large bande;868 MHz;868 MHz;;2387;1.9239216211031103;-32.95686484412441;-65.95686484412441;2.5369593912529845e-10;0.1;2.5369593912529848e-11;7.655335463435873e-10;;;;ORANGE;True
1787665580.926049;6.395801691000088;Simulation RF;Détection RF large bande;2,45 GHz;2,45 GHz;;2764;2.227638642344108;-45.10554569376431;-61.80554569376431;6.598503184444581e-10;0.1;6.598503184444581e-11;1.8856881749429135e-09;;;;ORANGE;True
1787665580.9369085;6.407023886999923;Wi-Fi;Wi-Fi;2,4/5 GHz;wlan0;-55.0;;;;-55.0;3.1622776601683795e-09;0.1;3.1622776601683795e-10;3.243337822747923e-08;;;;ORANGE;False
1787665581.0259495;6.495883669999785;Simulation RF;Détection RF large bande;868 MHz;868 MHz;;2362;1.903192847672074;-32.12771390688296;-65.12771390688296;3.0706379234912154e-10;0.1;3.070637923491215e-11;7.962399255784994e-10;;;;ORANGE;True
1787665581.026105;6.495883669999785;Simulation RF;Détection RF large bande;2,45 GHz;2,45 GHz;;2739;2.2076067408819804;-44.30426963527921;-61.00426963527921;7.93547698608767e-10;0.1;7.93547698608767e-11;1.96504294480379e-09;;;;ORANGE;True
1787665581.035855;6.505970240999886;Wi-Fi;Wi-Fi;2,4/5 GHz;wlan0;-55.0;;;;-55.0;3.1622776601683795e-09;0.1;3.1622776601683795e-10;3.274960599349607e-08;;;;ORANGE;False
1787665581.126115;6.595972445999905;Simulation RF;Détection RF large bande;868 MHz;868 MHz;;2342;1.8873812129253005;-31.495248517012016;-64.49524851701202;3.552017921329363e-10;0.1;3.5520179213293636e-11;8.31760104791793e-10;;;;ORANGE;True
1787665581.12634;6.595972445999905;Simulation RF;Détection RF large bande;2,45 GHz;2,45 GHz;;2807;2.2623818740432853;-46.49527496173141;-63.195274961731414;4.791511157990446e-10;0.1;4.7915111579904464e-11;2.0129580563836947e-09;;;;ORANGE;True
1787665581.1363232;6.606439096000031;Wi-Fi;Wi-Fi;2,4/5 GHz;wlan0;-55.0;;;;-55.0;3.1622776601683795e-09;0.1;3.1622776601683795e-10;3.306583375951291e-08;;;;ORANGE;False
1787665581.2261267;6.696029220999662;Simulation RF;Détection RF large bande;868 MHz;868 MHz;;2400;1.93420214432322;-33.368085772928794;-66.3680857729288;2.3077641510292899e-10;0.1;2.30776415102929e-11;8.548377463020859e-10;;;;ORANGE;True
1787665581.2262967;6.696029220999662;Simulation RF;Détection RF large bande;2,45 GHz;2,45 GHz;;2789;2.247251778085345;-45.89007112341379;-62.590071123413786;5.507986760276267e-10;0.1;5.5079867602762673e-11;2.0680379239864572e-09;;;;ORANGE;True
1787665581.238652;6.708766936999382;Wi-Fi;Wi-Fi;2,4/5 GHz;wlan0;-56.0;;;;-56.0;2.511886431509582e-09;0.1;2.511886431509582e-10;3.3317022402663866e-08;;;;ORANGE;False
1787665581.3262124;6.796114885999486;Simulation RF;Détection RF large bande;868 MHz;868 MHz;;2432;1.9598434757613887;-34.39373903045555;-67.39373903045555;1.8223261067896533e-10;0.1;1.8223261067896534e-11;8.730610073699824e-10;;;;ORANGE;True
1787665581.3263807;6.796114885999486;Simulation RF;Détection RF large bande;2,45 GHz;2,45 GHz;;2763;2.226616906378378;-45.064676255135126;-61.76467625513513;6.660891730718063e-10;0.1;6.660891730718063e-11;2.134646841293638e-09;;;;ORANGE;True
1787665581.336425;6.806539757999417;Wi-Fi;Wi-Fi;2,4/5 GHz;wlan0;-56.0;;;;-56.0;2.511886431509582e-09;0.1;2.511886431509582e-10;3.3568211045814825e-08;;;;ORANGE;False
1787665581.4072995;6.8774151110001185;BLE Sniffer;iBeacon;2,4 GHz BLE;6a:02:42:35:15:d4;-68.0;;;;-68.0;1.584893192461111e-10;0.000368;5.832406948256888e-14;5.158217350533895e-13;36;0x00;38;ORANGE;False
1787665581.407373;6.87748690799981;BLE Sniffer;iBeacon;2,4 GHz BLE;6a:02:42:35:15:d4;-64.0;;;;-64.0;3.9810717055349694e-10;0.000368;1.4650343876368688e-13;6.623251738170764e-13;36;0x00;39;ORANGE;False
1787665581.4263067;6.896207068999502;Simulation RF;Détection RF large bande;868 MHz;868 MHz;;2424;1.953456811190064;-34.13827244760256;-67.13827244760256;1.9327369752756908e-10;0.1;1.932736975275691e-11;8.923883771227393e-10;;;;ORANGE;True
1787665581.4265099;6.896207068999502;Simulation RF;Détection RF large bande;2,45 GHz;2,45 GHz;;2759;2.2235724397025174;-44.94289758810069;-61.642897588100695;6.850310251418746e-10;0.1;6.850310251418747e-11;2.2031499438078254e-09;;;;ORANGE;True
1787665581.4363196;6.9064372719994935;Wi-Fi;Wi-Fi;2,4/5 GHz;wlan0;-57.0;;;;-57.0;1.9952623149688828e-09;0.1;1.9952623149688828e-10;3.376773727731171e-08;;;;ORANGE;False
1787665581.5292716;6.996293547999812;Simulation RF;Détection RF large bande;868 MHz;868 MHz;;2434;1.9616683877996755;-34.46673551198701;-67.46673551198701;1.791952315726349e-10;0.1;1.791952315726349e-11;9.103079002800028e-10;;;;ORANGE;True
1787665581.5298305;6.996293547999812;Simulation RF;Détection RF large bande;2,45 GHz;2,45 GHz;;2744;2.2109495316865653;-44.437981267462604;-61.1379812674626;7.694880385591391e-10;0.1;7.694880385591391e-11;2.2800987476637392e-09;;;;ORANGE;True
1787665581.5398319;7.009946739000043;Wi-Fi;Wi-Fi;2,4/5 GHz;wlan0;-57.0;;;;-57.0;1.9952623149688828e-09;0.1;1.9952623149688828e-10;3.39672635088086e-08;;;;ORANGE;False
1787665581.6101139;7.080229250999764;BLE Sniffer;Appareil BLE;2,4 GHz BLE;57:10:3b:9d:cc:43;-75.0;;;;-75.0;3.1622776601683794e-11;0.00028;8.854377448471461e-15;3.3853762540106285e-14;25;0x00;37;VERT;False
1787665581.6264608;7.096378545999869;Simulation RF;Détection RF large bande;868 MHz;868 MHz;;2374;1.9129745706546573;-32.51898282618629;-65.51898282618629;2.8060907837258947e-10;0.1;2.8060907837258947e-11;9.383688081172617e-10;;;;ORANGE;True
1787665581.626658;7.096378545999869;Simulation RF;Détection RF large bande;2,45 GHz;2,45 GHz;;2813;2.2670371564876373;-46.68148625950549;-63.38148625950549;4.5904089118981053e-10;0.1;4.590408911898106e-11;2.32600283678272e-09;;;;ORANGE;True
1787665581.6364772;7.106594414999563;Wi-Fi;Wi-Fi;2,4/5 GHz;wlan0;-57.0;;;;-57.0;1.9952623149688828e-09;0.1;1.9952623149688828e-10;3.4166789740305485e-08;;;;ORANGE;False
1787665581.7107449;7.180861625999569;BLE Sniffer;iBeacon;2,4 GHz BLE;6a:02:42:35:15:d4;-68.0;;;;-68.0;1.584893192461111e-10;0.000368;5.832406948256888e-14;7.206492432996453e-13;36;0x00;38;ORANGE;False
1787665581.7116585;7.181772803999593;BLE Sniffer;iBeacon;2,4 GHz BLE;6a:02:42:35:15:d4;-62.0;;;;-62.0;6.309573444801942e-10;0.000368;2.321923027687115e-13;9.528415460683567e-13;36;0x00;39;ORANGE;False
1787665581.7265403;7.196468895999715;Simulation RF;Détection RF large bande;868 MHz;868 MHz;;2362;1.903830287888389;-32.15321151553556;-65.15321151553556;3.052662898931976e-10;0.1;3.0526628989319757e-11;9.688954371065813e-10;;;;ORANGE;True
1787665581.7267115;7.196468895999715;Simulation RF;Détection RF large bande;2,45 GHz;2,45 GHz;;2753;2.21833188087291;-44.73327523491639;-61.433275234916394;7.189066095859922e-10;0.1;7.189066095859923e-11;2.3978934977413194e-09;;;;ORANGE;True
1787665581.7379777;7.208092672000021;Wi-Fi;Wi-Fi;2,4/5 GHz;wlan0;-57.0;;;;-57.0;1.9952623149688828e-09;0.1;1.9952623149688828e-10;3.436631597180237e-08;;;;ORANGE;False
1787665581.8266225;7.296554376000131;Simulation RF;Détection RF large bande;868 MHz;868 MHz;;2354;1.8966779686390103;-31.867118745560404;-64.8671187455604;3.260529436601806e-10;0.1;3.260529436601806e-11;1.0015007314725995e-09;;;;ORANGE;True
1787665581.826775;7.296554376000131;Simulation RF;Détection RF large bande;2,45 GHz;2,45 GHz;;2719;2.1908008771829794;-43.63203508731918;-60.332035087319184;9.263956162134905e-10;0.1;9.263956162134906e-11;2.4905330593626686e-09;;;;ORANGE;True
1787665581.836743;7.306858485999328;Wi-Fi;Wi-Fi;2,4/5 GHz;wlan0;-57.0;;;;-57.0;1.9952623149688828e-09;0.1;1.9952623149688828e-10;3.456584220329926e-08;;;;ORANGE;False
1787665581.9148836;7.384999208999943;BLE Sniffer;Appareil BLE;2,4 GHz BLE;57:10:3b:9d:cc:43;-81.0;;;;-81.0;7.943282347242821e-12;0.00028;2.22411905722799e-15;3.6077881597334274e-14;25;0x00;37;VERT;False
1787665581.9152517;7.385366212999543;Simulation LoRa;LoRa;868 MHz;LoRa 868.100 MHz;-86.42118152947332;;;;-86.42118152947332;2.279721772868818e-12;0.041216;9.396101259056121e-14;5.541792625708822e-13;12;"SNR=7.46;SF=7;BW=125.0;CR=4/5;F=868.100;CRC=OK;PAYLOAD=54454d504f5f4c4f52415f36";7;VERT;True
1787665581.9153056;7.385419657999591;BLE Sniffer;Appareil BLE;2,4 GHz BLE;57:10:3b:9d:cc:43;-86.0;;;;-86.0;2.5118864315095823e-12;0.00028;7.03328200822683e-16;3.6781209798156955e-14;25;0x00;38;VERT;False
1787665581.915345;7.385458676999406;BLE Sniffer;Appareil BLE;2,4 GHz BLE;57:10:3b:9d:cc:43;-75.0;;;;-75.0;3.1622776601683794e-11;0.00028;8.854377448471461e-15;4.5635587246628414e-14;25;0x00;39;VERT;False
1787665581.9266868;7.396634706999976;Simulation RF;Détection RF large bande;868 MHz;868 MHz;;2366;1.9069089571250395;-32.27635828500158;-65.27635828500158;2.967318549624304e-10;0.1;2.967318549624304e-11;1.0311739169688425e-09;;;;ORANGE;True
1787665581.9268427;7.396634706999976;Simulation RF;Détection RF large bande;2,45 GHz;2,45 GHz;;2746;2.2127250652142303;-44.509002608569205;-61.20900260856921;7.57006727607328e-10;0.1;7.570067276073281e-11;2.5662337321234016e-09;;;;ORANGE;True
1787665581.9365394;7.4066543509998155;Wi-Fi;Wi-Fi;2,4/5 GHz;wlan0;-57.0;;;;-57.0;1.9952623149688828e-09;0.1;1.9952623149688828e-10;3.4765368434796145e-08;;;;ORANGE;False
1787665582.0175166;7.487633330999415;BLE Sniffer;iBeacon;2,4 GHz BLE;6a:02:42:35:15:d4;-73.0;;;;-73.0;5.011872336272715e-11;0.000368;1.844369019748359e-14;9.712852362658403e-13;36;0x00;37;VERT;False
1787665582.0189703;7.489087015999758;BLE Sniffer;iBeacon;2,4 GHz BLE;6a:02:42:35:15:d4;-69.0;;;;-69.0;1.2589254117941662e-10;0.000368;4.6328455154025316e-14;1.0176136914198656e-12;36;0x00;38;ORANGE;False
1787665582.0190592;7.489173313999345;BLE Sniffer;iBeacon;2,4 GHz BLE;6a:02:42:35:15:d4;-62.0;;;;-62.0;6.309573444801942e-10;0.000368;2.321923027687115e-13;1.2498059941885772e-12;36;0x00;39;ORANGE;False
1787665582.026723;7.496711742000116;Simulation RF;Détection RF large bande;868 MHz;868 MHz;;2379;1.9171123896563937;-32.68449558625575;-65.68449558625575;2.701160817933581e-10;0.1;2.701160817933581e-11;1.0581855251481783e-09;;;;ORANGE;True
1787665582.0268676;7.496711742000116;Simulation RF;Détection RF large bande;2,45 GHz;2,45 GHz;;2756;2.22098039707533;-44.839215883013196;-61.53921588301319;7.015819573332449e-10;0.1;7.015819573332449e-11;2.636391927856726e-09;;;;ORANGE;True
1787665582.0366797;7.506794534999244;Wi-Fi;Wi-Fi;2,4/5 GHz;wlan0;-56.0;;;;-56.0;2.511886431509582e-09;0.1;2.511886431509582e-10;3.5016557077947105e-08;;;;ORANGE;False
1787665582.121383;7.591498413999943;BLE Sniffer;Appareil BLE;2,4 GHz BLE;57:10:3b:9d:cc:43;-80.0;;;;-80.0;1e-11;0.00028;2.7999999999999997e-15;4.843558724662841e-14;25;0x00;37;VERT;False
1787665582.1268322;7.596799312999792;Simulation RF;Détection RF large bande;868 MHz;868 MHz;;2411;1.9426620058375539;-33.70648023350215;-66.70648023350215;2.134774353316406e-10;0.1;2.134774353316406e-11;1.0795332686813424e-09;;;;ORANGE;True
1787665582.1270447;7.596799312999792;Simulation RF;Détection RF large bande;2,45 GHz;2,45 GHz;;2727;2.1979100168361017;-43.91640067344406;-60.61640067344406;8.676806904054483e-10;0.1;8.676806904054483e-11;2.723159996897271e-09;;;;ORANGE;True
1787665582.13593;7.606045040999561;Wi-Fi;Wi-Fi;2,4/5 GHz;wlan0;-56.0;;;;-56.0;2.511886431509582e-09;0.1;2.511886431509582e-10;3.5267745721098064e-08;;;;ORANGE;False
1787665582.2228937;7.693008706999535;BLE Sniffer;iBeacon;2,4 GHz BLE;6a:02:42:35:15:d4;-70.0;;;;-70.0;1e-10;0.000368;3.68e-14;1.2866059941885772e-12;36;0x00;38;ORANGE;False
1787665582.2268817;7.696872310999424;Simulation RF;Détection RF large bande;868 MHz;868 MHz;;2376;1.9149390009772578;-32.59756003909031;-65.59756003909031;2.755776523719585e-10;0.1;2.7557765237195852e-11;1.1070910339185382e-09;;;;ORANGE;True
1787665582.2270167;7.696872310999424;Simulation RF;Détection RF large bande;2,45 GHz;2,45 GHz;;2744;2.211313334874089;-44.45253339496355;-61.152533394963555;7.669139905073375e-10;0.1;7.669139905073375e-11;2.799851395948005e-09;;;;ORANGE;True
1787665582.237099;7.707214293000106;Wi-Fi;Wi-Fi;2,4/5 GHz;wlan0;-55.0;;;;-55.0;3.1622776601683795e-09;0.1;3.1622776601683795e-10;3.55839734871149e-08;;;;ORANGE;False
1787665582.3244026;7.794517629999973;BLE Sniffer;iBeacon;2,4 GHz BLE;6a:02:42:35:15:d4;-62.0;;;;-62.0;6.309573444801942e-10;0.000368;2.321923027687115e-13;1.5187982969572886e-12;36;0x00;39;ORANGE;False
1787665582.3287292;7.796952493999925;Simulation RF;Détection RF large bande;868 MHz;868 MHz;;2277;1.8349483120794075;-29.397932483176298;-62.3979324831763;5.757139484148567e-10;0.1;5.757139484148567e-11;1.1646624287600239e-09;;;;ORANGE;True
1787665582.329032;7.796952493999925;Simulation RF;Détection RF large bande;2,45 GHz;2,45 GHz;;2764;2.2272693604590703;-45.09077441836281;-61.79077441836281;6.620984301545564e-10;0.1;6.620984301545564e-11;2.8660612389634605e-09;;;;ORANGE;True
1787665582.3390393;7.809154294999644;Wi-Fi;Wi-Fi;2,4/5 GHz;wlan0;-55.0;;;;-55.0;3.1622776601683795e-09;0.1;3.1622776601683795e-10;3.590020125313174e-08;;;;ORANGE;False
1787665582.4259367;7.896051775999695;BLE Sniffer;Appareil BLE;2,4 GHz BLE;57:10:3b:9d:cc:43;-76.0;;;;-76.0;2.5118864315095823e-11;0.00028;7.03328200822683e-15;5.5468869254855246e-14;25;0x00;37;VERT;False
1787665582.4260094;7.896123368999724;BLE Sniffer;Appareil BLE;2,4 GHz BLE;d3:23:2f:4d:3e:b1;-72.0;;;;-72.0;6.309573444801942e-11;0.000376;2.3723996152455302e-14;3.9443044395695086e-14;37;0x00;38;VERT;False
1787665582.427026;7.897031620999769;Simulation RF;Détection RF large bande;868 MHz;868 MHz;;2380;1.9176987092084172;-32.70794836833669;-65.70794836833669;2.6866133172300585e-10;0.1;2.6866133172300588e-11;1.1915285619323244e-09;;;;ORANGE;True
1787665582.427161;7.897031620999769;Simulation RF;Détection RF large bande;2,45 GHz;2,45 GHz;;2783;2.2424402442515734;-45.69760977006294;-62.397609770062935;5.757567298342444e-10;0.1;5.757567298342444e-11;2.9236369119468847e-09;;;;ORANGE;True
1787665582.4406133;7.910728478999772;Wi-Fi;Wi-Fi;2,4/5 GHz;wlan0;-55.0;;;;-55.0;3.1622776601683795e-09;0.1;3.1622776601683795e-10;3.6216429019148575e-08;;;;ORANGE;False
1787665582.527663;7.997777793999376;BLE Sniffer;iBeacon;2,4 GHz BLE;6a:02:42:35:15:d4;-62.0;;;;-62.0;6.309573444801942e-10;0.000368;2.321923027687115e-13;1.750990599726e-12;36;0x00;39;ORANGE;False
1787665582.5281932;7.997110266999698;Simulation RF;Détection RF large bande;868 MHz;868 MHz;;2322;1.871058300557381;-30.84233202229524;-63.84233202229524;4.1282576824575427e-10;0.1;4.128257682457543e-11;1.2328111387568999e-09;;;;ORANGE;True
1787665582.5283065;7.997110266999698;Simulation RF;Détection RF large bande;2,45 GHz;2,45 GHz;;2795;2.2524271560955405;-46.09708624382162;-62.79708624382162;5.251596807196179e-10;0.1;5.251596807196179e-11;2.9761528800188464e-09;;;;ORANGE;True
1787665582.544709;8.014828544999546;Wi-Fi;Wi-Fi;2,4/5 GHz;wlan0;-55.0;;;;-55.0;3.1622776601683795e-09;0.1;3.1622776601683795e-10;3.653265678516541e-08;;;;ORANGE;False
1787665582.6273022;8.097209042999566;Simulation RF;Détection RF large bande;868 MHz;868 MHz;;2330;1.8777314820333872;-31.109259281335483;-64.10925928133548;3.8821657331137527e-10;0.1;3.882165733113753e-11;1.2716327960880374e-09;;;;ORANGE;True
1787665582.6274679;8.097209042999566;Simulation RF;Détection RF large bande;2,45 GHz;2,45 GHz;;2804;2.2595766797051047;-46.38306718820418;-63.083067188204176;4.916921573189383e-10;0.1;4.916921573189383e-11;3.0253220957507404e-09;;;;ORANGE;True
1787665582.6370225;8.107137241999226;Wi-Fi;Wi-Fi;2,4/5 GHz;wlan0;-54.0;;;;-54.0;3.981071705534969e-09;0.1;3.9810717055349694e-10;3.693076395571891e-08;;;;ORANGE;False
1787665582.7273667;8.197293670999898;Simulation RF;Détection RF large bande;868 MHz;868 MHz;;2368;1.9085097161230586;-32.34038864492234;-65.34038864492234;2.9238907106629754e-10;0.1;2.9238907106629755e-11;1.3008717031946673e-09;;;;ORANGE;True
1787665582.727519;8.197293670999898;Simulation RF;Détection RF large bande;2,45 GHz;2,45 GHz;;2726;2.196451429464218;-43.85805717856873;-60.55805717856873;8.794158365487119e-10;0.1;8.794158365487119e-11;3.1132636794056115e-09;;;;ORANGE;True
1787665582.7310991;8.201215256999603;BLE Sniffer;Appareil BLE;2,4 GHz BLE;57:10:3b:9d:cc:43;-72.0;;;;-72.0;6.309573444801942e-11;0.00028;1.7666805645445437e-14;7.313567490030069e-14;25;0x00;37;VERT;False
1787665582.7393212;8.209436637999715;Wi-Fi;Wi-Fi;2,4/5 GHz;wlan0;-54.0;;;;-54.0;3.981071705534969e-09;0.1;3.9810717055349694e-10;3.732887112627241e-08;;;;ORANGE;False
1787665582.8274584;8.297379112999806;Simulation RF;Détection RF large bande;868 MHz;868 MHz;;2355;1.8980372764837274;-31.921491059349094;-64.9214910593491;3.219963094444432e-10;0.1;3.2199630944444323e-11;1.3330713341391117e-09;;;;ORANGE;True
1787665582.827615;8.297379112999806;Simulation RF;Détection RF large bande;2,45 GHz;2,45 GHz;;2754;2.219180667046309;-44.76722668185235;-61.467226681852345;7.133083892637288e-10;0.1;7.133083892637289e-11;3.1845945183319844e-09;;;;ORANGE;True
1787665582.8371193;8.307233976999669;Wi-Fi;Wi-Fi;2,4/5 GHz;wlan0;-53.0;;;;-53.0;5.011872336272715e-09;0.1;5.011872336272715e-10;3.783005835989968e-08;;;;ORANGE;False
1787665582.9275575;8.397470240000075;Simulation RF;Détection RF large bande;868 MHz;868 MHz;;2370;1.9097971597915646;-32.39188639166258;-65.39188639166258;2.889424565855259e-10;0.1;2.8894245658552592e-11;1.3619655797976643e-09;;;;ORANGE;True
1787665582.927722;8.397470240000075;Simulation RF;Détection RF large bande;2,45 GHz;2,45 GHz;;2851;2.2978586031614547;-47.91434412645819;-64.61434412645819;3.4559351733039204e-10;0.1;3.455935173303921e-11;3.2191538700650235e-09;;;;ORANGE;True
1787665582.9346774;8.404793276999953;Simulation LoRa;LoRa;868 MHz;LoRa 868.100 MHz;-87.87365001161757;;;;-87.87365001161757;1.6316800321262983e-12;0.041216;6.725132420411751e-14;6.214305867749998e-13;12;"SNR=5.23;SF=7;BW=125.0;CR=4/5;F=868.100;CRC=OK;PAYLOAD=54454d504f5f4c4f52415f37";7;VERT;True
1787665582.938981;8.409095830999831;Wi-Fi;Wi-Fi;2,4/5 GHz;wlan0;-53.0;;;;-53.0;5.011872336272715e-09;0.1;5.011872336272715e-10;3.8331245593526954e-08;;;;ORANGE;False
1787665583.027638;8.497558237999328;Simulation RF;Détection RF large bande;868 MHz;868 MHz;;2384;1.9209183334453401;-32.8367333378136;-65.8367333378136;2.60811457557282e-10;0.1;2.60811457557282e-11;1.3880467255533925e-09;;;;ORANGE;True
1787665583.0278025;8.497558237999328;Simulation RF;Détection RF large bande;2,45 GHz;2,45 GHz;;2708;2.18212351778437;-43.28494071137479;-59.98494071137478;1.0034735481846687e-09;0.1;1.0034735481846688e-10;3.3195012248834903e-09;;;;ORANGE;True
1787665583.0380828;8.508197982999263;Wi-Fi;Wi-Fi;2,4/5 GHz;wlan0;-52.0;;;;-52.0;6.309573444801943e-09;0.1;6.309573444801943e-10;3.896220293800715e-08;;;;ORANGE;False
1787665583.1277387;8.597645587999978;Simulation RF;Détection RF large bande;868 MHz;868 MHz;;2404;1.937432928410894;-33.497317136435754;-66.49731713643575;2.2401045406542477e-10;0.1;2.240104540654248e-11;1.410447770959935e-09;;;;ORANGE;True
1787665583.1279008;8.597645587999978;Simulation RF;Détection RF large bande;2,45 GHz;2,45 GHz;;2761;2.22493864496848;-44.997545798739196;-61.6975457987392;6.764651383408552e-10;0.1;6.764651383408552e-11;3.3871477387175757e-09;;;;ORANGE;True
1787665583.1366472;8.60676223900009;Wi-Fi;Wi-Fi;2,4/5 GHz;wlan0;-52.0;;;;-52.0;6.309573444801943e-09;0.1;6.309573444801943e-10;3.959316028248735e-08;;;;ORANGE;False
1787665583.227812;8.69773117799923;Simulation RF;Détection RF large bande;868 MHz;868 MHz;;2352;1.8953506845171137;-31.81402738068455;-64.81402738068455;3.300633185929962e-10;0.1;3.300633185929962e-11;1.4434541028192347e-09;;;;ORANGE;True
1787665583.2279701;8.69773117799923;Simulation RF;Détection RF large bande;2,45 GHz;2,45 GHz;;2782;2.2417089532168517;-45.66835812867407;-62.368358128674075;5.796477936650755e-10;0.1;5.796477936650755e-11;3.4451125180840834e-09;;;;ORANGE;True
1787665583.2371314;8.707246111999666;Wi-Fi;Wi-Fi;2,4/5 GHz;wlan0;-51.0;;;;-51.0;7.943282347242822e-09;0.1;7.943282347242823e-10;4.038748851721163e-08;;;;ORANGE;False
1787665583.3279088;8.797819323999647;Simulation RF;Détection RF large bande;868 MHz;868 MHz;;2309;1.860638764119539;-30.42555056478156;-63.42555056478156;4.544069273802855e-10;0.1;4.544069273802855e-11;1.4888947955572633e-09;;;;ORANGE;True
1787665583.3280709;8.797819323999647;Simulation RF;Détection RF large bande;2,45 GHz;2,45 GHz;;2756;2.221069636839301;-44.842785473572036;-61.54278547357203;7.010055439744097e-10;0.1;7.010055439744098e-11;3.515213072481524e-09;;;;ORANGE;True
1787665583.3368437;8.806959086999996;Wi-Fi;Wi-Fi;2,4/5 GHz;wlan0;-51.0;;;;-51.0;7.943282347242822e-09;0.1;7.943282347242823e-10;4.1181816751935915e-08;;;;ORANGE;False
1787665583.428044;8.897915451999324;Simulation RF;Détection RF large bande;868 MHz;868 MHz;;2267;1.826942515149064;-29.077700605962555;-62.077700605962555;6.197691281150464e-10;0.1;6.197691281150465e-11;1.550871708368768e-09;;;;ORANGE;True
1787665583.4282696;8.897915451999324;Simulation RF;Détection RF large bande;2,45 GHz;2,45 GHz;;2734;2.2031536307804527;-44.1261452312181;-60.8261452312181;8.267714608195298e-10;0.1;8.267714608195298e-11;3.5978902185634772e-09;;;;ORANGE;True
1787665583.4403994;8.910514424999747;Wi-Fi;Wi-Fi;2,4/5 GHz;wlan0;-51.0;;;;-51.0;7.943282347242822e-09;0.1;7.943282347242823e-10;4.19761449866602e-08;;;;ORANGE;False
1787665583.5280766;8.998001893999572;Simulation RF;Détection RF large bande;868 MHz;868 MHz;;2401;1.934704247965957;-33.38816991863828;-66.38816991863828;2.2971164302320032e-10;0.1;2.2971164302320034e-11;1.573842872671088e-09;;;;ORANGE;True
1787665583.528227;8.998001893999572;Simulation RF;Détection RF large bande;2,45 GHz;2,45 GHz;;2763;2.226326724458917;-45.05306897835668;-61.75306897835668;6.678717935723892e-10;0.1;6.678717935723891e-11;3.6646773979207163e-09;;;;ORANGE;True
1787665583.5368924;9.007007006999629;Wi-Fi;Wi-Fi;2,4/5 GHz;wlan0;-51.0;;;;-51.0;7.943282347242822e-09;0.1;7.943282347242823e-10;4.277047322138448e-08;;;;ORANGE;False
1787665583.628176;9.098090391999904;Simulation RF;Détection RF large bande;868 MHz;868 MHz;;2352;1.8953588540174247;-31.81435416069698;-64.81435416069698;3.300384842830719e-10;0.1;3.3003848428307194e-11;1.6068467210993952e-09;;;;ORANGE;True
1787665583.6283617;9.098090391999904;Simulation RF;Détection RF large bande;2,45 GHz;2,45 GHz;;2751;2.2171017230706425;-44.6840689228257;-61.384068922825705;7.270982639698562e-10;0.1;7.270982639698563e-11;3.737387224317702e-09;;;;ORANGE;True
1787665583.6372437;9.107359507999718;Wi-Fi;Wi-Fi;2,4/5 GHz;wlan0;-50.0;;;;-50.0;1e-08;0.1;1e-09;4.3770473221384484e-08;;;;ROUGE;False
1787665583.7282517;9.198174888999347;Simulation RF;Détection RF large bande;868 MHz;868 MHz;;2326;1.8745682995216715;-30.98273198086686;-63.98273198086686;3.996932388964171e-10;0.1;3.9969323889641714e-11;1.646816044989037e-09;;;;ORANGE;True
1787665583.7284355;9.198174888999347;Simulation RF;Détection RF large bande;2,45 GHz;2,45 GHz;;2787;2.245919358130633;-45.836774325225306;-62.53677432522531;5.575997462811508e-10;0.1;5.575997462811508e-11;3.793147198945817e-09;;;;ORANGE;True
1787665583.737205;9.207319577999442;Wi-Fi;Wi-Fi;2,4/5 GHz;wlan0;-50.0;;;;-50.0;1e-08;0.1;1e-09;4.477047322138449e-08;;;;ROUGE;False
1787665583.8283694;9.298262405999594;Simulation RF;Détection RF large bande;868 MHz;868 MHz;;2403;1.9362489566509513;-33.44995826603805;-66.44995826603805;2.2646660700232547e-10;0.1;2.264666070023255e-11;1.6694627056892694e-09;;;;ORANGE;True
1787665583.8285398;9.298262405999594;Simulation RF;Détection RF large bande;2,45 GHz;2,45 GHz;;2718;2.1905094453080567;-43.62037781232226;-60.32037781232226;9.288855753267599e-10;0.1;9.2888557532676e-11;3.886035756478493e-09;;;;ORANGE;True
1787665583.8425143;9.312629178999487;Wi-Fi;Wi-Fi;2,4/5 GHz;wlan0;-50.0;;;;-50.0;1e-08;0.1;1e-09;4.577047322138449e-08;;;;ROUGE;False
1787665583.8478112;9.31792633799978;Simulation LoRa;LoRa;868 MHz;LoRa 868.100 MHz;-85.43359958409974;;;;-85.43359958409974;2.8618050228608458e-12;0.041216;1.1795215582223264e-13;7.393827425972324e-13;12;"SNR=7.33;SF=7;BW=125.0;CR=4/5;F=868.100;CRC=OK;PAYLOAD=54454d504f5f4c4f52415f38";7;VERT;True
1787665583.928457;9.398350254999968;Simulation RF;Détection RF large bande;868 MHz;868 MHz;;2386;1.9230983793234664;-32.923935172938656;-65.92393517293866;2.5562685842041983e-10;0.1;2.5562685842041984e-11;1.6950253915313115e-09;;;;ORANGE;True
1787665583.928621;9.398350254999968;Simulation RF;Détection RF large bande;2,45 GHz;2,45 GHz;;2707;2.1811750001453656;-43.24700000581463;-59.94700000581463;1.012278468639803e-09;0.1;1.0122784686398031e-10;3.987263603342474e-09;;;;ORANGE;True
1787665583.9372318;9.407346367999708;Wi-Fi;Wi-Fi;2,4/5 GHz;wlan0;-50.0;;;;-50.0;1e-08;0.1;1e-09;4.677047322138449e-08;;;;ROUGE;False
1787665584.0285249;9.498437122999349;Simulation RF;Détection RF large bande;868 MHz;868 MHz;;2332;1.879485906964455;-31.179436278578194;-64.1794362785782;3.8199385105595786e-10;0.1;3.819938510559579e-11;1.7332247766369073e-09;;;;ORANGE;True
1787665584.0286767;9.498437122999349;Simulation RF;Détection RF large bande;2,45 GHz;2,45 GHz;;2831;2.2814577399328972;-47.258309597315886;-63.95830959731589;4.0194723016593766e-10;0.1;4.019472301659377e-11;4.027458326359068e-09;;;;ORANGE;True
1787665584.0374587;9.507573904999845;Wi-Fi;Wi-Fi;2,4/5 GHz;wlan0;-50.0;;;;-50.0;1e-08;0.1;1e-09;4.7770473221384494e-08;;;;ROUGE;False
1787665584.1286132;9.598530010000104;Simulation RF;Détection RF large bande;868 MHz;868 MHz;;2374;1.9131582488510128;-32.526329954040506;-65.5263299540405;2.801347624554964e-10;0.1;2.8013476245549643e-11;1.761238252882457e-09;;;;ORANGE;True
1787665584.128775;9.598530010000104;Simulation RF;Détection RF large bande;2,45 GHz;2,45 GHz;;2758;2.2221661695523083;-44.88664678209233;-61.58664678209232;6.939614116512159e-10;0.1;6.939614116512159e-11;4.0968544675241895e-09;;;;ORANGE;True
1787665584.1374407;9.60755577100008;Wi-Fi;Wi-Fi;2,4/5 GHz;wlan0;-50.0;;;;-50.0;1e-08;0.1;1e-09;4.8770473221384496e-08;;;;ROUGE;False
1787665584.2286942;9.698615692999738;Simulation RF;Détection RF large bande;868 MHz;868 MHz;;2343;1.8879124101086746;-31.51649640434698;-64.51649640434698;3.5346820916827993e-10;0.1;3.5346820916828e-11;1.7965850737992849e-09;;;;ORANGE;True
1787665584.2288492;9.698615692999738;Simulation RF;Détection RF large bande;2,45 GHz;2,45 GHz;;2771;2.2334164846903297;-45.33665938761318;-62.036659387613184;6.256537633765416e-10;0.1;6.256537633765417e-11;4.1594198438618434e-09;;;;ORANGE;True
1787665584.2377617;9.707876456999657;Wi-Fi;Wi-Fi;2,4/5 GHz;wlan0;-50.0;;;;-50.0;1e-08;0.1;1e-09;4.97704732213845e-08;;;;ROUGE;False
1787665584.3287692;9.798696986999857;Simulation RF;Détection RF large bande;868 MHz;868 MHz;;2359;1.9011676737193068;-32.04670694877227;-65.04670694877227;3.1284506252842357e-10;0.1;3.128450625284236e-11;1.8278695800521273e-09;;;;ORANGE;True
1787665584.3289216;9.798696986999857;Simulation RF;Détection RF large bande;2,45 GHz;2,45 GHz;;2697;2.17309943788684;-42.923977515473595;-59.6239775154736;1.0904411910195507e-09;0.1;1.0904411910195508e-10;4.268463962963798e-09;;;;ORANGE;True
1787665584.3377228;9.80783752699972;Wi-Fi;Wi-Fi;2,4/5 GHz;wlan0;-50.0;;;;-50.0;1e-08;0.1;1e-09;5.07704732213845e-08;;;;ROUGE;False
1787665584.3555138;9.825629694999407;BLE Sniffer;Appareil BLE;2,4 GHz BLE;57:18:3b:9d:cc:43;-77.0;;;;-77.0;1.9952623149688828e-11;0.00028;5.586734481912872e-15;5.586734481912872e-15;25;0x00;38;VERT;False
1787665584.3563366;9.826450871999441;BLE Sniffer;Appareil BLE;2,4 GHz BLE;57:10:3b:9d:cc:43;-78.0;;;;-78.0;1.5848931924611107e-11;0.00028;4.4377009388911094e-15;7.757337583919179e-14;25;0x00;39;VERT;False
1787665584.4288962;9.89877724300004;Simulation RF;Détection RF large bande;868 MHz;868 MHz;;2457;1.9798867778428904;-35.19547111371561;-68.19547111371561;1.515140435467621e-10;0.1;1.5151404354676212e-11;1.8430209844068034e-09;;;;ORANGE;True
1787665584.4290612;9.89877724300004;Simulation RF;Détection RF large bande;2,45 GHz;2,45 GHz;;2734;2.2033941366737633;-44.13576546695053;-60.835765466950534;8.249420722691989e-10;0.1;8.249420722691989e-11;4.350958170190718e-09;;;;ORANGE;True
1787665584.4419773;9.912091948000125;Wi-Fi;Wi-Fi;2,4/5 GHz;wlan0;-50.0;;;;-50.0;1e-08;0.1;1e-09;5.17704732213845e-08;;;;ROUGE;False
1787665584.459076;9.92919164399973;BLE Sniffer;Appareil BLE;2,4 GHz BLE;d3:23:2f:4d:3e:b1;-73.0;;;;-73.0;5.011872336272715e-11;0.000376;1.8844639984385406e-14;5.828768438008049e-14;37;0x00;37;VERT;False
1787665584.5289204;9.998853999999483;Simulation RF;Détection RF large bande;868 MHz;868 MHz;;2350;1.8935815268427156;-31.743261073708624;-64.74326107370862;3.3548560686232664e-10;0.1;3.354856068623267e-11;1.876569545093036e-09;;;;ORANGE;True
1787665584.529058;9.998853999999483;Simulation RF;Détection RF large bande;2,45 GHz;2,45 GHz;;2714;2.1868381027775152;-43.4735241111006;-60.1735241111006;9.608322882907398e-10;0.1;9.608322882907399e-11;4.447041399019792e-09;;;;ORANGE;True
1787665584.5375576;10.007672314999581;Wi-Fi;Wi-Fi;2,4/5 GHz;wlan0;-49.0;;;;-49.0;1.2589254117941661e-08;0.1;1.2589254117941663e-09;5.302939863317867e-08;;;;ROUGE;False
1787665584.5634692;10.033584158999474;BLE Sniffer;Appareil BLE;2,4 GHz BLE;d3:23:2f:4d:3e:b1;-73.0;;;;-73.0;5.011872336272715e-11;0.000376;1.8844639984385406e-14;7.71323243644659e-14;37;0x00;38;VERT;False
1787665584.5635343;10.033648158999313;BLE Sniffer;Appareil BLE;2,4 GHz BLE;d3:23:0f:4d:3e:b1;-89.0;;;;-89.0;1.258925411794166e-12;0.000376;4.733559548346064e-16;4.733559548346064e-16;37;0x00;39;VERT;False
1787665584.5635743;10.033688103999339;BLE Sniffer;iBeacon;2,4 GHz BLE;6a:02:42:35:15:d4;-70.0;;;;-70.0;1e-10;0.000368;3.68e-14;1.787790599726e-12;36;0x00;37;ORANGE;False
1787665584.5636108;10.033724733999406;BLE Sniffer;iBeacon;2,4 GHz BLE;6a:02:42:35:15:d4;-73.0;;;;-73.0;5.011872336272715e-11;0.000368;1.844369019748359e-14;1.8062342899234836e-12;36;0x00;38;VERT;False
1787665584.5646138;10.034728468999674;BLE Sniffer;iBeacon;2,4 GHz BLE;6a:02:42:35:15:d4;-62.0;;;;-62.0;6.309573444801942e-10;0.000368;2.321923027687115e-13;2.0384265926921952e-12;36;0x00;39;ORANGE;False
1787665584.6290329;10.098942941999667;Simulation RF;Détection RF large bande;868 MHz;868 MHz;;2326;1.87424963926401;-30.969985570560397;-63.9699855705604;4.008680495096864e-10;0.1;4.008680495096864e-11;1.9166563500440047e-09;;;;ORANGE;True
1787665584.6291978;10.098942941999667;Simulation RF;Détection RF large bande;2,45 GHz;2,45 GHz;;2753;2.2181548208962463;-44.726192835849844;-61.42619283584985;7.200799464815186e-10;0.1;7.200799464815186e-11;4.519049393667944e-09;;;;ORANGE;True
1787665584.6358612;10.105979215999469;Wi-Fi;Wi-Fi;2,4/5 GHz;wlan0;-49.0;;;;-49.0;1.2589254117941661e-08;0.1;1.2589254117941663e-09;5.428832404497283e-08;;;;ROUGE;False
1787665584.7291062;10.199028439999893;Simulation RF;Détection RF large bande;868 MHz;868 MHz;;2415;1.9458956105533898;-33.83582442213559;-66.83582442213559;2.0721326688612626e-10;0.1;2.072132668861263e-11;1.9373776767326173e-09;;;;ORANGE;True
1787665584.7292585;10.199028439999893;Simulation RF;Détection RF large bande;2,45 GHz;2,45 GHz;;2744;2.2108998641494693;-44.435994565978774;-61.13599456597877;7.698401251756069e-10;0.1;7.69840125175607e-11;4.5960334061855046e-09;;;;ORANGE;True
1787665584.7380009;10.208115572999304;Wi-Fi;Wi-Fi;2,4/5 GHz;wlan0;-49.0;;;;-49.0;1.2589254117941661e-08;0.1;1.2589254117941663e-09;5.5547249456766994e-08;;;;ROUGE;False
1787665584.8291855;10.299112697000055;Simulation RF;Détection RF large bande;868 MHz;868 MHz;;2389;1.9253698129210957;-33.014792516843826;-66.01479251684383;2.50334524225013e-10;0.1;2.50334524225013e-11;1.9624111291551185e-09;;;;ORANGE;True
1787665584.8293402;10.299112697000055;Simulation RF;Détection RF large bande;2,45 GHz;2,45 GHz;;2802;2.2576709664799295;-46.30683865919718;-63.006838659197186;5.003986554364214e-10;0.1;5.003986554364214e-11;4.646073271729146e-09;;;;ORANGE;True
1787665584.8382897;10.30840468399947;Wi-Fi;Wi-Fi;2,4/5 GHz;wlan0;-48.0;;;;-48.0;1.5848931924611143e-08;0.1;1.5848931924611144e-09;5.7132142649228106e-08;;;;ROUGE;False
1787665584.8709893;10.341104483999516;Simulation LoRa;LoRa;868 MHz;LoRa 868.100 MHz;-90.19702136209268;;;;-90.19702136209268;9.55647798773549e-13;0.041216;3.93879796742506e-14;7.78770722271483e-13;12;"SNR=4.81;SF=7;BW=125.0;CR=4/5;F=868.100;CRC=OK;PAYLOAD=54454d504f5f4c4f52415f39";7;VERT;True
1787665584.9292867;10.39919869499954;Simulation RF;Détection RF large bande;868 MHz;868 MHz;;2396;1.931220595269553;-33.24882381078211;-66.24882381078211;2.37201602602917e-10;0.1;2.37201602602917e-11;1.98613128941541e-09;;;;ORANGE;True
1787665584.9294496;10.39919869499954;Simulation RF;Détection RF large bande;2,45 GHz;2,45 GHz;;2694;2.1708549526451426;-42.8341981058057;-59.53419810580569;1.1132179216806598e-09;0.1;1.1132179216806599e-10;4.757395063897213e-09;;;;ORANGE;True
1787665584.9381032;10.408218288999706;Wi-Fi;Wi-Fi;2,4/5 GHz;wlan0;-47.0;;;;-47.0;1.9952623149688786e-08;0.1;1.9952623149688786e-09;5.912740496419699e-08;;;;ROUGE;False
1787665585.029362;10.499283210999238;Simulation RF;Détection RF large bande;868 MHz;868 MHz;;2336;1.882145279625075;-31.285811185003;-64.285811185003;3.7275105515974737e-10;0.1;3.727510551597474e-11;2.023406394931385e-09;;;;ORANGE;True
1787665585.0295265;10.499283210999238;Simulation RF;Détection RF large bande;2,45 GHz;2,45 GHz;;2726;2.1970873803985724;-43.8834952159429;-60.5834952159429;8.742798687651663e-10;0.1;8.742798687651664e-11;4.844823050773729e-09;;;;ORANGE;True
1787665585.0383322;10.508447178000097;Wi-Fi;Wi-Fi;2,4/5 GHz;wlan0;-46.0;;;;-46.0;2.511886431509582e-08;0.1;2.5118864315095824e-09;6.163929139570657e-08;;;;ROUGE;False
1787665585.0848417;10.55495674299982;BLE Sniffer;iBeacon;2,4 GHz BLE;6a:02:42:35:15:d4;-75.0;;;;-75.0;3.1622776601683794e-11;0.000368;1.1637181789419636e-14;2.050063774481615e-12;36;0x00;37;VERT;False
1787665585.1294487;10.599367652999717;Simulation RF;Détection RF large bande;868 MHz;868 MHz;;2370;1.9101553322631943;-32.40621329052777;-65.40621329052777;2.8799083760276407e-10;0.1;2.879908376027641e-11;2.0522054786916613e-09;;;;ORANGE;True
1787665585.1296089;10.599367652999717;Simulation RF;Détection RF large bande;2,45 GHz;2,45 GHz;;2703;2.178376720288294;-43.13506881153175;-59.83506881153175;1.0387071445584572e-09;0.1;1.0387071445584573e-10;4.948693765229575e-09;;;;ORANGE;True
1787665585.1382613;10.608376209999733;Wi-Fi;Wi-Fi;2,4/5 GHz;wlan0;-46.0;;;;-46.0;2.511886431509582e-08;0.1;2.5118864315095824e-09;6.415117782721614e-08;;;;ROUGE;False
1787665585.1856115;10.65572756399979;BLE Sniffer;iBeacon;2,4 GHz BLE;6a:02:42:35:15:d4;-67.0;;;;-67.0;1.9952623149688828e-10;0.000368;7.342565319085489e-14;2.12348942767247e-12;36;0x00;38;ORANGE;False
1787665585.186502;10.656616612000107;BLE Sniffer;iBeacon;2,4 GHz BLE;6a:02:42:35:15:d4;-63.0;;;;-63.0;5.011872336272714e-10;0.000368;1.8443690197483588e-13;2.3079263296473056e-12;36;0x00;39;ORANGE;False
1787665585.1868613;10.65699006199975;BLE Sniffer;Appareil BLE;2,4 GHz BLE;57:10:3b:9d:cc:43;-77.0;;;;-77.0;1.9952623149688828e-11;0.00028;5.586734481912872e-15;8.316011032110466e-14;25;0x00;37;VERT;False
1787665585.2295485;10.69945842800007;Simulation RF;Détection RF large bande;868 MHz;868 MHz;;2441;1.9669605495266287;-34.67842198106514;-67.67842198106514;1.7067024105782863e-10;0.1;1.7067024105782865e-11;2.069272502797444e-09;;;;ORANGE;True
1787665585.2297235;10.69945842800007;Simulation RF;Détection RF large bande;2,45 GHz;2,45 GHz;;2763;2.226664653101482;-45.066586124059285;-61.76658612405929;6.657963157168821e-10;0.1;6.657963157168822e-11;5.015273396801263e-09;;;;ORANGE;True
1787665585.2386093;10.708724525999969;Wi-Fi;Wi-Fi;2,4/5 GHz;wlan0;-44.0;;;;-44.0;3.981071705534969e-08;0.1;3.981071705534969e-09;6.813224953275111e-08;;;;ROUGE;False
1787665585.3296263;10.799544610999874;Simulation RF;Détection RF large bande;868 MHz;868 MHz;;2366;1.9065201801227643;-32.26080720491056;-65.26080720491056;2.9779628765368654e-10;0.1;2.9779628765368654e-11;2.0990521315628125e-09;;;;ORANGE;True
1787665585.3297815;10.799544610999874;Simulation RF;Détection RF large bande;2,45 GHz;2,45 GHz;;2708;2.1823497248302925;-43.2939889932117;-59.993988993211694;1.0013850437508135e-09;0.1;1.0013850437508136e-10;5.115411901176344e-09;;;;ORANGE;True
1787665585.3385391;10.808654558999478;Wi-Fi;Wi-Fi;2,4/5 GHz;wlan0;-44.0;;;;-44.0;3.981071705534969e-08;0.1;3.981071705534969e-09;7.211332123828607e-08;;;;ROUGE;False
1787665585.390993;10.861108920999868;BLE Sniffer;iBeacon;2,4 GHz BLE;6a:02:42:35:15:d4;-70.0;;;;-70.0;1e-10;0.000368;3.68e-14;2.3447263296473056e-12;36;0x00;38;ORANGE;False
1787665585.391097;10.861211163000007;BLE Sniffer;iBeacon;2,4 GHz BLE;6a:02:42:35:15:d4;-62.0;;;;-62.0;6.309573444801942e-10;0.000368;2.321923027687115e-13;2.576918632416017e-12;36;0x00;39;ORANGE;False
1787665585.4297342;10.899631478999254;Simulation RF;Détection RF large bande;868 MHz;868 MHz;;2382;1.9193099835025251;-32.772399340101;-65.772399340101;2.647037329889255e-10;0.1;2.647037329889255e-11;2.125522504861705e-09;;;;ORANGE;True
1787665585.4299576;10.899631478999254;Simulation RF;Détection RF large bande;2,45 GHz;2,45 GHz;;2769;2.23138124331432;-45.25524973257281;-61.9552497325728;6.374924222223285e-10;0.1;6.374924222223285e-11;5.1791611433985764e-09;;;;ORANGE;True
1787665585.441041;10.911155734999738;Wi-Fi;Wi-Fi;2,4/5 GHz;wlan0;-45.0;;;;-45.0;3.162277660168379e-08;0.1;3.1622776601683795e-09;7.527559889845445e-08;;;;ROUGE;False
1787665585.4930966;10.963212906999615;BLE Sniffer;Appareil BLE;2,4 GHz BLE;57:10:3b:9d:cc:43;-80.0;;;;-80.0;1e-11;0.00028;2.7999999999999997e-15;8.596011032110466e-14;25;0x00;37;VERT;False
1787665585.529793;10.999716532000093;Simulation RF;Détection RF large bande;868 MHz;868 MHz;;2357;1.8993920179432782;-31.975680717731123;-64.97568071773112;3.180035207206824e-10;0.1;3.180035207206824e-11;2.1573228569337735e-09;;;;ORANGE;True
1787665585.529955;10.999716532000093;Simulation RF;Détection RF large bande;2,45 GHz;2,45 GHz;;2760;2.2240793486190658;-44.96317394476263;-61.66317394476263;6.818402042393677e-10;0.1;6.818402042393677e-11;5.247345163822513e-09;;;;ORANGE;True
1787665585.537718;11.007833003999622;Wi-Fi;Wi-Fi;2,4/5 GHz;wlan0;-45.0;;;;-45.0;3.162277660168379e-08;0.1;3.1622776601683795e-09;7.843787655862284e-08;;;;ROUGE;False
1787665585.6298864;11.099803436999537;Simulation RF;Détection RF large bande;868 MHz;868 MHz;;2384;1.9209363587315058;-32.83745434926023;-65.83745434926023;2.6076816148854625e-10;0.1;2.6076816148854627e-11;2.183399673082628e-09;;;;ORANGE;True
1787665585.6300724;11.099803436999537;Simulation RF;Détection RF large bande;2,45 GHz;2,45 GHz;;2677;2.157661743063801;-42.30646972255205;-59.006469722552055;1.2570513759231269e-09;0.1;1.2570513759231268e-10;5.373050301414825e-09;;;;ORANGE;True
1787665585.6387832;11.108898032999605;Wi-Fi;Wi-Fi;2,4/5 GHz;wlan0;-44.0;;;;-44.0;3.981071705534969e-08;0.1;3.981071705534969e-09;8.24189482641578e-08;;;;ROUGE;False
1787665585.7299633;11.199885952999466;Simulation RF;Détection RF large bande;868 MHz;868 MHz;;2303;1.8558604336236626;-30.2344173449465;-63.2344173449465;4.748519934214711e-10;0.1;4.7485199342147114e-11;2.2308848724247754e-09;;;;ORANGE;True
1787665585.7301202;11.199885952999466;Simulation RF;Détection RF large bande;2,45 GHz;2,45 GHz;;2689;2.167348877737108;-42.69395510948432;-59.39395510948432;1.1497528348509667e-09;0.1;1.1497528348509667e-10;5.488025584899922e-09;;;;ORANGE;True
1787665585.7387033;11.208818047000022;Wi-Fi;Wi-Fi;2,4/5 GHz;wlan0;-45.0;;;;-45.0;3.162277660168379e-08;0.1;3.1622776601683795e-09;8.558122592432619e-08;;;;ROUGE;False
1787665585.8300664;11.299976302999312;Simulation RF;Détection RF large bande;868 MHz;868 MHz;;2366;1.9070516553861578;-32.28206621544631;-65.2820662154463;2.963421165899712e-10;0.1;2.963421165899712e-11;2.2605190840837725e-09;;;;ORANGE;True
1787665585.830234;11.299976302999312;Simulation RF;Détection RF large bande;2,45 GHz;2,45 GHz;;2750;2.2161658183376445;-44.64663273350578;-61.346632733505785;7.333929429321193e-10;0.1;7.333929429321193e-11;5.561364879193134e-09;;;;ORANGE;True
1787665585.8425267;11.31264164699951;Wi-Fi;Wi-Fi;2,4/5 GHz;wlan0;-45.0;;;;-45.0;3.162277660168379e-08;0.1;3.1622776601683795e-09;8.874350358449457e-08;;;;ROUGE;False
1787665585.901064;11.371179881999524;Simulation LoRa;LoRa;868 MHz;LoRa 868.100 MHz;-87.87391347258529;;;;-87.87391347258529;1.6315810506795632e-12;0.046335999999999995;7.560093956428824e-14;8.543716618357712e-13;13;"SNR=5.46;SF=7;BW=125.0;CR=4/5;F=868.100;CRC=OK;PAYLOAD=54454d504f5f4c4f52415f3130";7;VERT;True
1787665585.9301357;11.400059466999664;Simulation RF;Détection RF large bande;868 MHz;868 MHz;;2380;1.9176706849987686;-32.70682739995074;-65.70682739995074;2.68730685523704e-10;0.1;2.6873068552370398e-11;2.287392152636143e-09;;;;ORANGE;True
1787665585.9302943;11.400059466999664;Simulation RF;Détection RF large bande;2,45 GHz;2,45 GHz;;2760;2.224212366010986;-44.968494640439445;-61.66849464043944;6.810053691279923e-10;0.1;6.810053691279922e-11;5.629465416105933e-09;;;;ORANGE;True
1787665585.9389672;11.409082412999851;Wi-Fi;Wi-Fi;2,4/5 GHz;wlan0;-46.0;;;;-46.0;2.511886431509582e-08;0.1;2.5118864315095824e-09;9.125539001600415e-08;;;;ROUGE;False
1787665586.004615;11.47473207099938;BLE Sniffer;iBeacon;2,4 GHz BLE;6a:02:42:35:15:d4;-76.0;;;;-76.0;2.5118864315095823e-11;0.000368;9.243742067955263e-15;2.5861623744839723e-12;36;0x00;38;VERT;False
1787665586.0047581;11.474872368999968;BLE Sniffer;iBeacon;2,4 GHz BLE;6a:02:42:35:15:d4;-62.0;;;;-62.0;6.309573444801942e-10;0.000368;2.321923027687115e-13;2.8183546772526837e-12;36;0x00;39;ORANGE;False
1787665586.0302231;11.500143483000102;Simulation RF;Détection RF large bande;868 MHz;868 MHz;;2384;1.9213696530605784;-32.854786122423135;-65.85478612242314;2.597295647614132e-10;0.1;2.5972956476141322e-11;2.313365109112284e-09;;;;ORANGE;True
1787665586.030389;11.500143483000102;Simulation RF;Détection RF large bande;2,45 GHz;2,45 GHz;;2755;2.2199945787755757;-44.79978315102302;-61.499783151023024;7.079811339357026e-10;0.1;7.079811339357027e-11;5.700263529499503e-09;;;;ORANGE;True
1787665586.0373826;11.50749753799937;Wi-Fi;Wi-Fi;2,4/5 GHz;wlan0;-46.0;;;;-46.0;2.511886431509582e-08;0.1;2.5118864315095824e-09;9.376727644751373e-08;;;;ROUGE;False
1787665586.1063335;11.576449829999547;BLE Sniffer;Appareil BLE;2,4 GHz BLE;57:10:3b:9d:cc:43;-77.0;;;;-77.0;1.9952623149688828e-11;0.00028;5.586734481912872e-15;9.154684480301752e-14;25;0x00;37;VERT;False
1787665586.1303146;11.600229091000074;Simulation RF;Détection RF large bande;868 MHz;868 MHz;;2418;1.9484841403089348;-33.93936561235739;-66.93936561235739;2.023314709052088e-10;0.1;2.023314709052088e-11;2.333598256202805e-09;;;;ORANGE;True
1787665586.1304743;11.600229091000074;Simulation RF;Détection RF large bande;2,45 GHz;2,45 GHz;;2714;2.1871057387531074;-43.4842295501243;-60.1842295501243;9.584667357541302e-10;0.1;9.584667357541302e-11;5.796110203074916e-09;;;;ORANGE;True
1787665586.1389554;11.609070554000027;Wi-Fi;Wi-Fi;2,4/5 GHz;wlan0;-46.0;;;;-46.0;2.511886431509582e-08;0.1;2.5118864315095824e-09;9.627916287902331e-08;;;;ROUGE;False
1787665586.2304862;11.700333422999392;Simulation RF;Détection RF large bande;868 MHz;868 MHz;;2357;1.8992923884218051;-31.971695536872204;-64.9716955368722;3.1829546161017936e-10;0.1;3.1829546161017936e-11;2.365427802363823e-09;;;;ORANGE;True
1787665586.230701;11.700333422999392;Simulation RF;Détection RF large bande;2,45 GHz;2,45 GHz;;2704;2.1792342386241432;-43.16936954496573;-59.869369544965735;1.0305357100167874e-09;0.1;1.0305357100167875e-10;5.899163774076595e-09;;;;ORANGE;True
1787665586.241434;11.711549118999756;Wi-Fi;Wi-Fi;2,4/5 GHz;wlan0;-46.0;;;;-46.0;2.511886431509582e-08;0.1;2.5118864315095824e-09;9.879104931053289e-08;;;;ROUGE;False
1787665586.3107932;11.780908211999304;BLE Sniffer;iBeacon;2,4 GHz BLE;6a:02:42:35:15:d4;-73.0;;;;-73.0;5.011872336272715e-11;0.000368;1.844369019748359e-14;2.836798367450167e-12;36;0x00;38;VERT;False
1787665586.3108666;11.780980769000053;BLE Sniffer;iBeacon;2,4 GHz BLE;6a:02:42:35:15:d4;-63.0;;;;-63.0;5.011872336272714e-10;0.000368;1.8443690197483588e-13;3.021235269425003e-12;36;0x00;39;ORANGE;False
1787665586.3109066;11.781020509999507;BLE Sniffer;Appareil BLE;2,4 GHz BLE;57:10:3b:9d:cc:43;-77.0;;;;-77.0;1.9952623149688828e-11;0.00028;5.586734481912872e-15;9.713357928493039e-14;25;0x00;37;VERT;False
1787665586.3304925;11.800418920000084;Simulation RF;Détection RF large bande;868 MHz;868 MHz;;2404;1.9371360547030403;-33.48544218812161;-66.48544218812161;2.2462380578302875e-10;0.1;2.2462380578302875e-11;2.387890182942126e-09;;;;ORANGE;True
1787665586.33066;11.800418920000084;Simulation RF;Détection RF large bande;2,45 GHz;2,45 GHz;;2729;2.1993968372209687;-43.975873488838744;-60.67587348883874;8.558795528613541e-10;0.1;8.558795528613542e-11;5.98475172936273e-09;;;;ORANGE;True
1787665586.339119;11.809233846000097;Wi-Fi;Wi-Fi;2,4/5 GHz;wlan0;-46.0;;;;-46.0;2.511886431509582e-08;0.1;2.5118864315095824e-09;1.0130293574204247e-07;;;;ROUGE;False
1787665586.4130282;11.883143532999384;BLE Sniffer;Appareil BLE;2,4 GHz BLE;57:10:3b:9d:cc:43;-77.0;;;;-77.0;1.9952623149688828e-11;0.00028;5.586734481912872e-15;1.0272031376684326e-13;25;0x00;38;VERT;False
1787665586.4131038;11.883217848999266;BLE Sniffer;Appareil BLE;2,4 GHz BLE;57:10:3b:9d:cc:43;-75.0;;;;-75.0;3.1622776601683794e-11;0.00028;8.854377448471461e-15;1.1157469121531472e-13;25;0x00;39;VERT;False
1787665586.4306514;11.900520750999931;Simulation RF;Détection RF large bande;868 MHz;868 MHz;;2334;1.8807113984920214;-31.228455939680856;-64.22845593968086;3.777064541755959e-10;0.1;3.777064541755959e-11;2.425660828359686e-09;;;;ORANGE;True
1787665586.430882;11.900520750999931;Simulation RF;Détection RF large bande;2,45 GHz;2,45 GHz;;2733;2.202178456228335;-44.0871382491334;-60.7871382491334;8.342307136081836e-10;0.1;8.342307136081837e-11;6.0681748007235486e-09;;;;ORANGE;True
1787665586.4431179;11.913233113999922;Wi-Fi;Wi-Fi;2,4/5 GHz;wlan0;-46.0;;;;-46.0;2.511886431509582e-08;0.1;2.5118864315095824e-09;1.0381482217355204e-07;;;;ROUGE;False
1787665586.515104;11.985218980999889;BLE Sniffer;Appareil BLE;2,4 GHz BLE;d3:23:2f:4d:3e:b1;-72.0;;;;-72.0;6.309573444801942e-11;0.000376;2.3723996152455302e-14;1.0085632051692121e-13;37;0x00;37;VERT;False
1787665586.5151737;11.985287593000066;BLE Sniffer;Appareil BLE;2,4 GHz BLE;d3:23:2f:4d:3e:b1;-73.0;;;;-73.0;5.011872336272715e-11;0.000376;1.8844639984385406e-14;1.197009605013066e-13;37;0x00;38;VERT;False
1787665586.5155847;11.985701431999587;BLE Sniffer;iBeacon;2,4 GHz BLE;6a:02:42:35:15:d4;-63.0;;;;-63.0;5.011872336272714e-10;0.000368;1.8443690197483588e-13;3.2056721713998386e-12;36;0x00;39;ORANGE;False
1787665586.5306516;12.000601710999945;Simulation RF;Détection RF large bande;868 MHz;868 MHz;;2400;1.9343655995675022;-33.374623982700086;-66.37462398270009;2.3042924757876753e-10;0.1;2.3042924757876755e-11;2.4487037531175627e-09;;;;ORANGE;True
1787665586.530805;12.000601710999945;Simulation RF;Détection RF large bande;2,45 GHz;2,45 GHz;;2697;2.1734327684527677;-42.937310738110696;-59.63731073811069;1.0870985743276766e-09;0.1;1.0870985743276766e-10;6.176884658156316e-09;;;;ORANGE;True
1787665586.5403028;12.010418186999232;Wi-Fi;Wi-Fi;2,4/5 GHz;wlan0;-46.0;;;;-46.0;2.511886431509582e-08;0.1;2.5118864315095824e-09;1.0632670860506162e-07;;;;ROUGE;False
1787665586.61987;12.08998594500008;BLE Sniffer;Appareil BLE;2,4 GHz BLE;57:10:3b:9d:cc:43;-79.0;;;;-79.0;1.2589254117941662e-11;0.00028;3.524991153023665e-15;1.1509968236833837e-13;25;0x00;37;VERT;False
1787665586.6308308;12.100712727999962;Simulation RF;Détection RF large bande;868 MHz;868 MHz;;2274;1.8323988546442393;-29.295954185769567;-62.29595418576957;5.893924677775351e-10;0.1;5.89392467777535e-11;2.507642999895316e-09;;;;ORANGE;True
1787665586.6310368;12.100712727999962;Simulation RF;Détection RF large bande;2,45 GHz;2,45 GHz;;2831;2.2812503622888953;-47.2500144915558;-63.9500144915558;4.027156905398748e-10;0.1;4.027156905398748e-11;6.217156227210304e-09;;;;ORANGE;True
1787665586.646602;12.116716558000007;Wi-Fi;Wi-Fi;2,4/5 GHz;wlan0;-46.0;;;;-46.0;2.511886431509582e-08;0.1;2.5118864315095824e-09;1.088385950365712e-07;;;;ROUGE;False
1787665586.7308154;12.200789928999257;Simulation RF;Détection RF large bande;868 MHz;868 MHz;;2380;1.9182431496651586;-32.72972598660634;-65.72972598660634;2.67317506442445e-10;0.1;2.6731750644244502e-11;2.5343747505395605e-09;;;;ORANGE;True
1787665586.7309616;12.200789928999257;Simulation RF;Détection RF large bande;2,45 GHz;2,45 GHz;;2707;2.181200520721328;-43.248020828853114;-59.94802082885311;1.012040557317473e-09;0.1;1.0120405573174732e-10;6.318360282942051e-09;;;;ORANGE;True
1787665586.7390862;12.209200923000026;Wi-Fi;Wi-Fi;2,4/5 GHz;wlan0;-46.0;;;;-46.0;2.511886431509582e-08;0.1;2.5118864315095824e-09;1.1135048146808078e-07;;;;ROUGE;False
1787665586.8272884;12.297403919999851;BLE Sniffer;iBeacon;2,4 GHz BLE;6a:02:42:35:15:d4;-72.0;;;;-72.0;6.309573444801942e-11;0.000368;2.3219230276871148e-14;3.2288914016767096e-12;36;0x00;38;VERT;False
1787665586.8273964;12.297510346999843;BLE Sniffer;iBeacon;2,4 GHz BLE;6a:02:42:35:15:d4;-62.0;;;;-62.0;6.309573444801942e-10;0.000368;2.321923027687115e-13;3.461083704445421e-12;36;0x00;39;ORANGE;False
1787665586.8309865;12.300894907999464;Simulation RF;Détection RF large bande;868 MHz;868 MHz;;2387;1.9238644878754592;-32.95457951501837;-65.95457951501837;2.53829473238498e-10;0.1;2.53829473238498e-11;2.5597576978634102e-09;;;;ORANGE;True
1787665586.8312082;12.300894907999464;Simulation RF;Détection RF large bande;2,45 GHz;2,45 GHz;;2685;2.164067516140848;-42.562700645633925;-59.26270064563392;1.1850316110747553e-09;0.1;1.1850316110747554e-10;6.436863444049526e-09;;;;ORANGE;True
1787665586.84358;12.313696068999889;Wi-Fi;Wi-Fi;2,4/5 GHz;wlan0;-46.0;;;;-46.0;2.511886431509582e-08;0.1;2.5118864315095824e-09;1.1386236789959036e-07;;;;ROUGE;False
1787665586.92993;12.400045579000107;BLE Sniffer;Appareil BLE;2,4 GHz BLE;57:10:3b:9d:cc:43;-79.0;;;;-79.0;1.2589254117941662e-11;0.00028;3.524991153023665e-15;1.1862467352136202e-13;25;0x00;37;VERT;False
1787665586.9300387;12.400152876999528;Simulation LoRa;LoRa;868 MHz;LoRa 868.100 MHz;-86.69208314105369;;;;-86.69208314105369;2.141862986643661e-12;0.046335999999999995;9.924536334912066e-14;9.536170251848919e-13;13;"SNR=7.70;SF=7;BW=125.0;CR=4/5;F=868.100;CRC=OK;PAYLOAD=54454d504f5f4c4f52415f3131";7;VERT;True
1787665586.9312189;12.400988553999923;Simulation RF;Détection RF large bande;868 MHz;868 MHz;;2414;1.9457191550587796;-33.828766202351176;-66.82876620235118;2.0755030683707287e-10;0.1;2.0755030683707287e-11;2.5805127285471174e-09;;;;ORANGE;True
1787665586.9313378;12.400988553999923;Simulation RF;Détection RF large bande;2,45 GHz;2,45 GHz;;2732;2.2019617913573013;-44.078471654292045;-60.77847165429204;8.358971308850841e-10;0.1;8.358971308850842e-11;6.520453157138035e-09;;;;ORANGE;True
1787665586.939257;12.409371936999378;Wi-Fi;Wi-Fi;2,4/5 GHz;wlan0;-46.0;;;;-46.0;2.511886431509582e-08;0.1;2.5118864315095824e-09;1.1637425433109994e-07;;;;ROUGE;False
1787665587.0311465;12.50107549599943;Simulation RF;Détection RF large bande;868 MHz;868 MHz;;2366;1.906393980532149;-32.255759221285956;-65.25575922128596;2.9814262978824843e-10;0.1;2.9814262978824846e-11;2.6103269915259423e-09;;;;ORANGE;True
1787665587.0332327;12.50107549599943;Simulation RF;Détection RF large bande;2,45 GHz;2,45 GHz;;2759;2.2233467356795007;-44.93386942718003;-61.633869427180024;6.864565562783137e-10;0.1;6.864565562783137e-11;6.589098812765866e-09;;;;ORANGE;True
1787665587.049856;12.519971140000052;Wi-Fi;Wi-Fi;2,4/5 GHz;wlan0;-46.0;;;;-46.0;2.511886431509582e-08;0.1;2.5118864315095824e-09;1.1888614076260952e-07;;;;ROUGE;False
1787665587.131224;12.601159159999952;Simulation RF;Détection RF large bande;868 MHz;868 MHz;;2393;1.9286015922186008;-33.144063688744026;-66.14406368874403;2.429929262832417e-10;0.1;2.429929262832417e-11;2.6346262841542665e-09;;;;ORANGE;True
1787665587.1313634;12.601159159999952;Simulation RF;Détection RF large bande;2,45 GHz;2,45 GHz;;2697;2.1733514279972908;-42.934057119891634;-59.63405711989164;1.0879133046823217e-09;0.1;1.0879133046823218e-10;6.697890143234099e-09;;;;ORANGE;True
1787665587.1351538;12.60527009999987;BLE Sniffer;iBeacon;2,4 GHz BLE;6a:02:42:35:15:d4;-72.0;;;;-72.0;6.309573444801942e-11;0.000368;2.3219230276871148e-14;3.484302934722292e-12;36;0x00;38;VERT;False
1787665587.1352332;12.605347230999541;BLE Sniffer;iBeacon;2,4 GHz BLE;6a:02:42:35:15:d4;-62.0;;;;-62.0;6.309573444801942e-10;0.000368;2.321923027687115e-13;3.716495237491004e-12;36;0x00;39;ORANGE;False
1787665587.140323;12.610437386999365;Wi-Fi;Wi-Fi;2,4/5 GHz;wlan0;-46.0;;;;-46.0;2.511886431509582e-08;0.1;2.5118864315095824e-09;1.213980271941191e-07;;;;ROUGE;False
1787665587.2313223;12.701242119999733;Simulation RF;Détection RF large bande;868 MHz;868 MHz;;2411;1.9428870010358201;-33.7154800414328;-66.7154800414328;2.1303550786594679e-10;0.1;2.130355078659468e-11;2.6559298349408613e-09;;;;ORANGE;True
1787665587.2314763;12.701242119999733;Simulation RF;Détection RF large bande;2,45 GHz;2,45 GHz;;2745;2.2122332405026124;-44.4893296201045;-61.1893296201045;7.604436504765109e-10;0.1;7.604436504765109e-11;6.77393450828175e-09;;;;ORANGE;True
1787665587.2420187;12.712134256999889;Wi-Fi;Wi-Fi;2,4/5 GHz;wlan0;-46.0;;;;-46.0;2.511886431509582e-08;0.1;2.5118864315095824e-09;1.2390991362562868e-07;;;;ROUGE;False
1787665587.3314128;12.801328044000002;Simulation RF;Détection RF large bande;868 MHz;868 MHz;;2418;1.948607370603454;-33.944294824138154;-66.94429482413815;2.0210195638414216e-10;0.1;2.0210195638414216e-11;2.6761400305792756e-09;;;;ORANGE;True
1787665587.3315756;12.801328044000002;Simulation RF;Détection RF large bande;2,45 GHz;2,45 GHz;;2699;2.1748842899463128;-42.99537159785251;-59.695371597852514;1.072661863133059e-09;0.1;1.072661863133059e-10;6.881200694595056e-09;;;;ORANGE;True
1787665587.3419945;12.812109419999615;Wi-Fi;Wi-Fi;2,4/5 GHz;wlan0;-45.0;;;;-45.0;3.162277660168379e-08;0.1;3.1622776601683795e-09;1.2707219128579706e-07;;;;ROUGE;False
1787665587.4315045;12.901415799999995;Simulation RF;Détection RF large bande;868 MHz;868 MHz;;2351;1.894662562349851;-31.786502493994035;-64.78650249399404;3.3216184994360493e-10;0.1;3.3216184994360493e-11;2.709356215573636e-09;;;;ORANGE;True
1787665587.431668;12.901415799999995;Simulation RF;Détection RF large bande;2,45 GHz;2,45 GHz;;2744;2.2112526113639466;-44.45010445455786;-61.15010445455786;7.673430333499381e-10;0.1;7.673430333499381e-11;6.95793499793005e-09;;;;ORANGE;True
1787665587.442003;12.912119861000065;BLE Sniffer;Appareil BLE;2,4 GHz BLE;57:10:3b:9d:cc:43;-76.0;;;;-76.0;2.5118864315095823e-11;0.00028;7.03328200822683e-15;1.2565795552958884e-13;25;0x00;37;VERT;False
1787665587.445445;12.915560218999417;Wi-Fi;Wi-Fi;2,4/5 GHz;wlan0;-45.0;;;;-45.0;3.162277660168379e-08;0.1;3.1622776601683795e-09;1.3023446894596545e-07;;;;ROUGE;False
1787665587.531583;13.001502241999333;Simulation RF;Détection RF large bande;868 MHz;868 MHz;;2381;1.918790360660739;-32.751614426429555;-65.75161442642955;2.6597361578594373e-10;0.1;2.6597361578594375e-11;2.7359535771522306e-09;;;;ORANGE;True
1787665587.5317373;13.001502241999333;Simulation RF;Détection RF large bande;2,45 GHz;2,45 GHz;;2707;2.1810784282729454;-43.243137130917816;-59.94313713091781;1.0131792502047204e-09;0.1;1.0131792502047204e-10;7.059252922950522e-09;;;;ORANGE;True
1787665587.5405166;13.010631430999638;Wi-Fi;Wi-Fi;2,4/5 GHz;wlan0;-45.0;;;;-45.0;3.162277660168379e-08;0.1;3.1622776601683795e-09;1.3339674660613383e-07;;;;ROUGE;False
1787665587.6316664;13.10159038799975;Simulation RF;Détection RF large bande;868 MHz;868 MHz;;2345;1.8895806819493086;-31.58322727797234;-64.58322727797234;3.4807855886943864e-10;0.1;3.4807855886943866e-11;2.7707614330391745e-09;;;;ORANGE;True
1787665587.6318274;13.10159038799975;Simulation RF;Détection RF large bande;2,45 GHz;2,45 GHz;;2695;2.171924225532282;-42.87696902129127;-59.576969021291276;1.1023083516713091e-09;0.1;1.1023083516713091e-10;7.1694837581176535e-09;;;;ORANGE;True
1787665587.64217;13.112284799999543;Wi-Fi;Wi-Fi;2,4/5 GHz;wlan0;-45.0;;;;-45.0;3.162277660168379e-08;0.1;3.1622776601683795e-09;1.3655902426630222e-07;;;;ROUGE;False
1787665587.7317548;13.20167445900006;Simulation RF;Détection RF large bande;868 MHz;868 MHz;;2419;1.9497255590336238;-33.98902236134495;-66.98902236134495;2.0003121084516015e-10;0.1;2.0003121084516017e-11;2.7907645541236904e-09;;;;ORANGE;True
1787665587.7319124;13.20167445900006;Simulation RF;Détection RF large bande;2,45 GHz;2,45 GHz;;2793;2.2506832876686;-46.02733150674399;-62.727331506743994;5.336627002281141e-10;0.1;5.3366270022811416e-11;7.222850028140465e-09;;;;ORANGE;True
1787665587.7406344;13.210749313999258;Wi-Fi;Wi-Fi;2,4/5 GHz;wlan0;-45.0;;;;-45.0;3.162277660168379e-08;0.1;3.1622776601683795e-09;1.397213019264706e-07;;;;ROUGE;False
1787665587.832153;13.301794215999507;Simulation RF;Détection RF large bande;868 MHz;868 MHz;;2364;1.905289929223248;-32.21159716892991;-65.21159716892991;3.0118981595849597e-10;0.1;3.01189815958496e-11;2.82088353571954e-09;;;;ORANGE;True
1787665587.8326879;13.301794215999507;Simulation RF;Détection RF large bande;2,45 GHz;2,45 GHz;;2735;2.204041579705832;-44.16166318823328;-60.86166318823328;8.200374399908209e-10;0.1;8.20037439990821e-11;7.3048537721395474e-09;;;;ORANGE;True
1787665587.842866;13.312980745999994;Wi-Fi;Wi-Fi;2,4/5 GHz;wlan0;-46.0;;;;-46.0;2.511886431509582e-08;0.1;2.5118864315095824e-09;1.4223318835798018e-07;;;;ROUGE;False
1787665587.8521924;13.322310325999752;Simulation LoRa;LoRa;868 MHz;LoRa 868.100 MHz;-86.0256480358166;;;;-86.0256480358166;2.4970957553097332e-12;0.046335999999999995;1.1570542891803178e-13;1.0693224541029236e-12;13;"SNR=6.09;SF=7;BW=125.0;CR=4/5;F=868.100;CRC=OK;PAYLOAD=54454d504f5f4c4f52415f3132";7;VERT;True
1787665587.931961;13.401878435999606;Simulation RF;Détection RF large bande;868 MHz;868 MHz;;2455;1.9785119123818262;-35.14047649527305;-68.14047649527305;1.5344486183241405e-10;0.1;1.5344486183241405e-11;2.8362280219027815e-09;;;;ORANGE;True
1787665587.932125;13.401878435999606;Simulation RF;Détection RF large bande;2,45 GHz;2,45 GHz;;2776;2.2372729458335465;-45.490917833341854;-62.19091783334186;6.038210050014706e-10;0.1;6.038210050014707e-11;7.365235872639694e-09;;;;ORANGE;True
1787665587.945785;13.415900315999352;Wi-Fi;Wi-Fi;2,4/5 GHz;wlan0;-46.0;;;;-46.0;2.511886431509582e-08;0.1;2.5118864315095824e-09;1.4474507478948976e-07;;;;ROUGE;False
1787665588.0356035;13.501960210999641;Simulation RF;Détection RF large bande;868 MHz;868 MHz;;2394;1.9293119492822879;-33.172477971291514;-66.17247797129151;2.4140830284610543e-10;0.1;2.4140830284610545e-11;2.860368852187392e-09;;;;ORANGE;True
1787665588.0361996;13.501960210999641;Simulation RF;Détection RF large bande;2,45 GHz;2,45 GHz;;2744;2.211100630658912;-44.44402522635647;-61.144025226356476;7.684179076676869e-10;0.1;7.68417907667687e-11;7.442077663406463e-09;;;;ORANGE;True
1787665588.044975;13.515090246;Wi-Fi;Wi-Fi;2,4/5 GHz;wlan0;-46.0;;;;-46.0;2.511886431509582e-08;0.1;2.5118864315095824e-09;1.4725696122099934e-07;;;;ROUGE;False
1787665588.0554137;13.525529561999974;BLE Sniffer;Appareil Apple BLE;2,4 GHz BLE;7a:02:40:35:15:94;-77.0;;;;-77.0;1.9952623149688828e-11;0.000368;7.342565319085488e-15;7.342565319085488e-15;36;0x00;38;VERT;False
1787665588.0555096;13.525623618999816;BLE Sniffer;iBeacon;2,4 GHz BLE;6a:02:42:35:15:d4;-62.0;;;;-62.0;6.309573444801942e-10;0.000368;2.321923027687115e-13;3.948687540259716e-12;36;0x00;39;ORANGE;False
1787665588.1321447;13.602048467999339;Simulation RF;Détection RF large bande;868 MHz;868 MHz;;2469;1.9899233104489706;-35.596932417958826;-68.59693241795883;1.3813596253269848e-10;0.1;1.3813596253269848e-11;2.874182448440662e-09;;;;ORANGE;True
1787665588.133024;13.602048467999339;Simulation RF;Détection RF large bande;2,45 GHz;2,45 GHz;;2706;2.1804236783694875;-43.2169471347795;-59.916947134779505;1.0193076567519488e-09;0.1;1.0193076567519489e-10;7.544008429081658e-09;;;;ORANGE;True
1787665588.141641;13.611756774999776;Wi-Fi;Wi-Fi;2,4/5 GHz;wlan0;-46.0;;;;-46.0;2.511886431509582e-08;0.1;2.5118864315095824e-09;1.4976884765250892e-07;;;;ROUGE;False
1787665588.2421076;13.702131501999247;Simulation RF;Détection RF large bande;868 MHz;868 MHz;;2372;1.9113380273205873;-32.45352109282349;-65.4535210928235;2.8487077081984304e-10;0.1;2.8487077081984306e-11;2.9026695255226463e-09;;;;ORANGE;True
1787665588.242626;13.702131501999247;Simulation RF;Détection RF large bande;2,45 GHz;2,45 GHz;;2783;2.242687357026095;-45.70749428104379;-62.40749428104379;5.744478018039421e-10;0.1;5.7444780180394214e-11;7.601453209262052e-09;;;;ORANGE;True
1787665588.253162;13.723279619000095;Wi-Fi;Wi-Fi;2,4/5 GHz;wlan0;-46.0;;;;-46.0;2.511886431509582e-08;0.1;2.5118864315095824e-09;1.522807340840185e-07;;;;ROUGE;False
1787665588.2604654;13.730582006999612;BLE Sniffer;Appareil BLE;2,4 GHz BLE;57:10:3b:9d:cc:43;-74.0;;;;-74.0;3.9810717055349695e-11;0.00028;1.1147000775497913e-14;1.3680495630508677e-13;25;0x00;37;VERT;False
1787665588.2605672;13.730681342000025;BLE Sniffer;Appareil BLE;2,4 GHz BLE;6a:06:42:35:1d:d4;-77.0;;;;-77.0;1.9952623149688828e-11;0.000368;7.342565319085488e-15;7.342565319085488e-15;36;0x00;38;VERT;False
1787665588.2624686;13.732584366000083;BLE Sniffer;iBeacon;2,4 GHz BLE;6a:02:42:35:15:d4;-62.0;;;;-62.0;6.309573444801942e-10;0.000368;2.321923027687115e-13;4.1808798430284275e-12;36;0x00;39;ORANGE;False
1787665588.332933;13.802231536999898;Simulation RF;Détection RF large bande;868 MHz;868 MHz;;2393;1.9282589795984693;-33.130359183938765;-66.13035918393876;2.437609207176361e-10;0.1;2.437609207176361e-11;2.92704561759441e-09;;;;ORANGE;True
1787665588.3332272;13.802231536999898;Simulation RF;Détection RF large bande;2,45 GHz;2,45 GHz;;2763;2.226958014431902;-45.078320577276074;-61.77832057727607;6.63999790392269e-10;0.1;6.63999790392269e-11;7.66785318830128e-09;;;;ORANGE;True
1787665588.3417506;13.811865175999628;Wi-Fi;Wi-Fi;2,4/5 GHz;wlan0;-46.0;;;;-46.0;2.511886431509582e-08;0.1;2.5118864315095824e-09;1.5479262051552807e-07;;;;ROUGE;False
1787665588.433137;13.903023097999721;Simulation RF;Détection RF large bande;868 MHz;868 MHz;;2448;1.9725892208786062;-34.90356883514424;-67.90356883514424;1.6204779147919728e-10;0.1;1.620477914791973e-11;2.9432503967423298e-09;;;;ORANGE;True
1787665588.4337647;13.903023097999721;Simulation RF;Détection RF large bande;2,45 GHz;2,45 GHz;;2808;2.2628514205690093;-46.51405682276037;-63.21405682276037;4.77083413261646e-10;0.1;4.7708341326164606e-11;7.715561529627444e-09;;;;ORANGE;True
1787665588.4429767;13.913091779999377;Wi-Fi;Wi-Fi;2,4/5 GHz;wlan0;-46.0;;;;-46.0;2.511886431509582e-08;0.1;2.5118864315095824e-09;1.5730450694703765e-07;;;;ROUGE;False
1787665588.4668689;13.936988357999326;BLE Sniffer;Appareil BLE;2,4 GHz BLE;d3:23:2f:4d:3e:b1;-72.0;;;;-72.0;6.309573444801942e-11;0.000376;2.3723996152455302e-14;1.434249566537619e-13;37;0x00;37;VERT;False
1787665588.4702508;13.940366251999876;BLE Sniffer;Appareil BLE;2,4 GHz BLE;d3:23:2f:4d:3e:b1;-71.0;;;;-71.0;7.943282347242822e-11;0.000376;2.986674162563301e-14;1.7329169827939491e-13;37;0x00;38;VERT;False
1787665588.4709892;13.941104761999668;BLE Sniffer;Appareil BLE;2,4 GHz BLE;d3:23:2f:4d:7e:b1;-90.0;;;;-90.0;1e-12;0.000376;3.7599999999999995e-16;3.7599999999999995e-16;37;0x00;39;VERT;False
1787665588.5332747;14.003123354999843;Simulation RF;Détection RF large bande;868 MHz;868 MHz;;2421;1.9507395498823232;-34.02958199529293;-67.02958199529293;1.9817177552572898e-10;0.1;1.98171775525729e-11;2.963067574294903e-09;;;;ORANGE;True
1787665588.5339742;14.003123354999843;Simulation RF;Détection RF large bande;2,45 GHz;2,45 GHz;;2708;2.1819263367605144;-43.27705347042057;-59.977053470420564;1.0052976167032479e-09;0.1;1.005297616703248e-10;7.816091291297768e-09;;;;ORANGE;True
1787665588.5432675;14.013382946999627;Wi-Fi;Wi-Fi;2,4/5 GHz;wlan0;-46.0;;;;-46.0;2.511886431509582e-08;0.1;2.5118864315095824e-09;1.5981639337854723e-07;;;;ROUGE;False
1787665588.574735;14.044850878999569;BLE Sniffer;Appareil BLE;2,4 GHz BLE;57:10:3b:9d:cc:43;-72.0;;;;-72.0;6.309573444801942e-11;0.00028;1.7666805645445437e-14;1.544717619505322e-13;25;0x00;37;VERT;False
1787665588.5748422;14.044956232000004;BLE Sniffer;Appareil BLE;2,4 GHz BLE;57:10:3b:9d:cc:43;-75.0;;;;-75.0;3.1622776601683794e-11;0.00028;8.854377448471461e-15;1.6332613939900367e-13;25;0x00;38;VERT;False
1787665588.574901;14.04501519599944;BLE Sniffer;Appareil BLE;2,4 GHz BLE;57:10:3b:9d:cc:43;-79.0;;;;-79.0;1.2589254117941662e-11;0.00028;3.524991153023665e-15;1.6685113055202732e-13;25;0x00;39;VERT;False
1787665588.5769265;14.047042813999724;BLE Sniffer;iBeacon;2,4 GHz BLE;6a:02:42:35:15:d4;-71.0;;;;-71.0;7.943282347242822e-11;0.000368;2.923127903785358e-14;4.210111122066281e-12;36;0x00;37;VERT;False
1787665588.6370568;14.103504207999322;Simulation RF;Détection RF large bande;868 MHz;868 MHz;;2451;1.974880268358517;-34.995210734340674;-67.99521073434067;1.5866419278621727e-10;0.1;1.5866419278621727e-11;2.9789339935735244e-09;;;;ORANGE;True
1787665588.6373594;14.103504207999322;Simulation RF;Détection RF large bande;2,45 GHz;2,45 GHz;;2700;2.175871444275808;-43.03485777103232;-59.73485777103232;1.0629533938235201e-09;0.1;1.0629533938235201e-10;7.922386630680121e-09;;;;ORANGE;True
1787665588.6463058;14.116420869999274;Wi-Fi;Wi-Fi;2,4/5 GHz;wlan0;-46.0;;;;-46.0;2.511886431509582e-08;0.1;2.5118864315095824e-09;1.623282798100568e-07;;;;ROUGE;False
1787665588.7337027;14.203593575999548;Simulation RF;Détection RF large bande;868 MHz;868 MHz;;2448;1.9723592647235575;-34.894370588942294;-67.8943705889423;1.623913682776339e-10;0.1;1.623913682776339e-11;2.995173130401288e-09;;;;ORANGE;True
1787665588.7338705;14.203593575999548;Simulation RF;Détection RF large bande;2,45 GHz;2,45 GHz;;2812;2.2662033075513275;-46.6481323020531;-63.3481323020531;4.6257991266807503e-10;0.1;4.625799126680751e-11;7.968644621946929e-09;;;;ORANGE;True
1787665588.7426214;14.212735893999707;Wi-Fi;Wi-Fi;2,4/5 GHz;wlan0;-46.0;;;;-46.0;2.511886431509582e-08;0.1;2.5118864315095824e-09;1.648401662415664e-07;;;;ROUGE;False
1787665588.7836819;14.253798095000093;BLE Sniffer;Appareil BLE;2,4 GHz BLE;57:10:3b:9d:cc:43;-74.0;;;;-74.0;3.9810717055349695e-11;0.00028;1.1147000775497913e-14;1.7799813132752524e-13;25;0x00;38;VERT;False
1787665588.8338053;14.303686702999585;Simulation RF;Détection RF large bande;868 MHz;868 MHz;;2455;1.9787638753693608;-35.150555014774426;-68.15055501477443;1.530891805992052e-10;0.1;1.530891805992052e-11;3.0104820484612083e-09;;;;ORANGE;True
1787665588.83397;14.303686702999585;Simulation RF;Détection RF large bande;2,45 GHz;2,45 GHz;;2752;2.21740059752036;-44.696023900814396;-61.39602390081439;7.250995071183213e-10;0.1;7.250995071183214e-11;8.041154572658761e-09;;;;ORANGE;True
1787665588.8428597;14.31297467100012;Wi-Fi;Wi-Fi;2,4/5 GHz;wlan0;-46.0;;;;-46.0;2.511886431509582e-08;0.1;2.5118864315095824e-09;1.6735205267307597e-07;;;;ROUGE;False
1787665588.8848014;14.354921271999956;BLE Sniffer;Appareil BLE;2,4 GHz BLE;57:10:3b:9d:cc:43;-80.0;;;;-80.0;1e-11;0.00028;2.7999999999999997e-15;1.8079813132752524e-13;25;0x00;39;VERT;False
1787665588.8849201;14.355033828999694;BLE Sniffer;iBeacon;2,4 GHz BLE;6a:02:42:35:15:d4;-70.0;;;;-70.0;1e-10;0.000368;3.68e-14;4.246911122066281e-12;36;0x00;37;ORANGE;False
1787665588.8868387;14.356954537999627;Simulation LoRa;LoRa;868 MHz;LoRa 868.100 MHz;-89.31647197432531;;;;-89.31647197432531;1.170449829123064e-12;0.046335999999999995;5.423396328224629e-14;1.1235564173851698e-12;13;"SNR=7.85;SF=7;BW=125.0;CR=4/5;F=868.100;CRC=OK;PAYLOAD=54454d504f5f4c4f52415f3133";7;VERT;True
1787665588.933868;14.403782292999495;Simulation RF;Détection RF large bande;868 MHz;868 MHz;;2442;1.9682544757510259;-34.73017903004103;-67.73017903004103;1.6864835017253147e-10;0.1;1.686483501725315e-11;3.0273468834784616e-09;;;;ORANGE;True
1787665588.934034;14.403782292999495;Simulation RF;Détection RF large bande;2,45 GHz;2,45 GHz;;2779;2.239347559739791;-45.57390238959164;-62.27390238959164;5.923927858374662e-10;0.1;5.923927858374662e-11;8.100393851242508e-09;;;;ORANGE;True
1787665588.9438257;14.413939938999647;Wi-Fi;Wi-Fi;2,4/5 GHz;wlan0;-46.0;;;;-46.0;2.511886431509582e-08;0.1;2.5118864315095824e-09;1.6986393910458555e-07;;;;ROUGE;False
1787665589.033928;14.503847844999655;Simulation RF;Détection RF large bande;868 MHz;868 MHz;;2353;1.896051993929964;-31.84207975719856;-64.84207975719856;3.27938211865802e-10;0.1;3.2793821186580196e-11;3.0601407046650418e-09;;;;ORANGE;True
1787665589.0340922;14.503847844999655;Simulation RF;Détection RF large bande;2,45 GHz;2,45 GHz;;2728;2.198206598527927;-43.92826394111708;-60.62826394111708;8.653137521848194e-10;0.1;8.653137521848194e-11;8.18692522646099e-09;;;;ORANGE;True
1787665589.0460572;14.516172648000065;Wi-Fi;Wi-Fi;2,4/5 GHz;wlan0;-46.0;;;;-46.0;2.511886431509582e-08;0.1;2.5118864315095824e-09;1.7237582553609513e-07;;;;ROUGE;False
1787665589.090073;14.56018892299926;BLE Sniffer;Appareil BLE;2,4 GHz BLE;57:10:3b:9d:cc:43;-75.0;;;;-75.0;3.1622776601683794e-11;0.00028;8.854377448471461e-15;1.896525087759967e-13;25;0x00;38;VERT;False
1787665589.0916638;14.561779128000126;BLE Sniffer;Appareil BLE;2,4 GHz BLE;57:10:3b:9d:cc:43;-81.0;;;;-81.0;7.943282347242821e-12;0.00028;2.22411905722799e-15;1.918766278332247e-13;25;0x00;39;VERT;False
1787665589.0920784;14.56219263299954;BLE Sniffer;iBeacon;2,4 GHz BLE;6a:02:42:35:15:d4;-70.0;;;;-70.0;1e-10;0.000368;3.68e-14;4.283711122066281e-12;36;0x00;37;ORANGE;False
1787665589.1340203;14.603936601999521;Simulation RF;Détection RF large bande;868 MHz;868 MHz;;2498;2.0133884346564765;-36.53553738625905;-69.53553738625905;1.1128746796629822e-10;0.1;1.1128746796629822e-11;3.0712694514616717e-09;;;;ORANGE;True
1787665589.134182;14.603936601999521;Simulation RF;Détection RF large bande;2,45 GHz;2,45 GHz;;2847;2.2938855675544736;-47.75542270217893;-64.45542270217894;3.5847405602134924e-10;0.1;3.5847405602134927e-11;8.222772632063126e-09;;;;ORANGE;True
1787665589.1428645;14.612979344999985;Wi-Fi;Wi-Fi;2,4/5 GHz;wlan0;-46.0;;;;-46.0;2.511886431509582e-08;0.1;2.5118864315095824e-09;1.748877119676047e-07;;;;ROUGE;False
1787665589.234106;14.704023413999494;Simulation RF;Détection RF large bande;868 MHz;868 MHz;;2466;1.987072292932698;-35.48289171730792;-68.48289171730792;1.418112967354711e-10;0.1;1.418112967354711e-11;3.085450581135219e-09;;;;ORANGE;True
1787665589.234268;14.704023413999494;Simulation RF;Détection RF large bande;2,45 GHz;2,45 GHz;;2756;2.2212033004887735;-44.84813201955093;-61.54813201955093;7.001430756626777e-10;0.1;7.001430756626777e-11;8.292786939629393e-09;;;;ORANGE;True
1787665589.2429361;14.713051286999871;Wi-Fi;Wi-Fi;2,4/5 GHz;wlan0;-46.0;;;;-46.0;2.511886431509582e-08;0.1;2.5118864315095824e-09;1.7739959839911429e-07;;;;ROUGE;False
1787665589.3342001;14.804112818999783;Simulation RF;Détection RF large bande;868 MHz;868 MHz;;2438;1.9644292467082778;-34.57716986833111;-67.57716986833111;1.7469602094741122e-10;0.1;1.7469602094741124e-11;3.1029201832299602e-09;;;;ORANGE;True
1787665589.3343637;14.804112818999783;Simulation RF;Détection RF large bande;2,45 GHz;2,45 GHz;;2745;2.2120565209509135;-44.48226083803654;-61.182260838036534;7.616823923152211e-10;0.1;7.616823923152212e-11;8.368955178860916e-09;;;;ORANGE;True
1787665589.3429053;14.813020485999914;Wi-Fi;Wi-Fi;2,4/5 GHz;wlan0;-46.0;;;;-46.0;2.511886431509582e-08;0.1;2.5118864315095824e-09;1.7991148483062387e-07;;;;ROUGE;False
1787665589.4342847;14.904201908999312;Simulation RF;Détection RF large bande;868 MHz;868 MHz;;2438;1.96480150602541;-34.5920602410164;-67.5920602410164;1.7409807770292086e-10;0.1;1.7409807770292086e-11;3.1203299910002523e-09;;;;ORANGE;True
1787665589.4344463;14.904201908999312;Simulation RF;Détection RF large bande;2,45 GHz;2,45 GHz;;2806;2.261030397676691;-46.441215907067644;-63.14121590706764;4.851526515275491e-10;0.1;4.851526515275491e-11;8.417470444013671e-09;;;;ORANGE;True
1787665589.4430535;14.913168576999851;Wi-Fi;Wi-Fi;2,4/5 GHz;wlan0;-46.0;;;;-46.0;2.511886431509582e-08;0.1;2.5118864315095824e-09;1.8242337126213344e-07;;;;ROUGE;False
1787665589.534371;15.004287238999495;Simulation RF;Détection RF large bande;868 MHz;868 MHz;;2447;1.9722879999005816;-34.89151999602326;-67.89151999602326;1.6249799262090626e-10;0.1;1.6249799262090625e-11;3.136579790262343e-09;;;;ORANGE;True
1787665589.5345387;15.004287238999495;Simulation RF;Détection RF large bande;2,45 GHz;2,45 GHz;;2662;2.1452130507342826;-41.808522029371304;-58.508522029371306;1.4097684825987842e-09;0.1;1.4097684825987844e-10;8.558447292273549e-09;;;;ORANGE;True
1787665589.5430899;15.0132048509995;Wi-Fi;Wi-Fi;2,4/5 GHz;wlan0;-46.0;;;;-46.0;2.511886431509582e-08;0.1;2.5118864315095824e-09;1.8493525769364302e-07;;;;ROUGE;False
1787665589.6027951;15.072910359999696;BLE Sniffer;Appareil BLE;2,4 GHz BLE;57:10:3b:9d:cc:43;-75.0;;;;-75.0;3.1622776601683794e-11;0.00028;8.854377448471461e-15;2.0073100528169615e-13;25;0x00;38;VERT;False
1787665589.602873;15.072987027999261;BLE Sniffer;Appareil BLE;2,4 GHz BLE;57:10:3b:9d:cc:43;-79.0;;;;-79.0;1.2589254117941662e-11;0.00028;3.524991153023665e-15;2.042559964347198e-13;25;0x00;39;VERT;False
1787665589.6344473;15.104373088000102;Simulation RF;Détection RF large bande;868 MHz;868 MHz;;2464;1.9853038630763153;-35.41215452305261;-68.4121545230526;1.4414000994731893e-10;0.1;1.4414000994731895e-11;3.150993791257075e-09;;;;ORANGE;True
1787665589.6346035;15.104373088000102;Simulation RF;Détection RF large bande;2,45 GHz;2,45 GHz;;2665;2.1478750587825775;-41.9150023513031;-58.615002351303104;1.3756240655018516e-09;0.1;1.3756240655018517e-10;8.696009698823735e-09;;;;ORANGE;True
1787665589.6433551;15.113470072999917;Wi-Fi;Wi-Fi;2,4/5 GHz;wlan0;-46.0;;;;-46.0;2.511886431509582e-08;0.1;2.5118864315095824e-09;1.874471441251526e-07;;;;ROUGE;False
1787665589.705596;15.175711021000097;BLE Sniffer;iBeacon;2,4 GHz BLE;6a:02:42:35:15:d4;-70.0;;;;-70.0;1e-10;0.000368;3.68e-14;4.320511122066281e-12;36;0x00;37;ORANGE;False
1787665589.7056758;15.17578970699924;BLE Sniffer;Appareil BLE;2,4 GHz BLE;4b:ff:5a:f2:01:02;-74.0;;;;-74.0;3.9810717055349695e-11;0.000368;1.4650343876368688e-14;1.4650343876368688e-14;36;0x03;38;VERT;False
1787665589.7345579;15.204461399999673;Simulation RF;Détection RF large bande;868 MHz;868 MHz;;2450;1.9746266807842194;-34.985067231368774;-67.98506723136877;1.5903520640360832e-10;0.1;1.5903520640360832e-11;3.166897311897436e-09;;;;ORANGE;True
1787665589.734742;15.204461399999673;Simulation RF;Détection RF large bande;2,45 GHz;2,45 GHz;;2775;2.23615888087515;-45.446355235005996;-62.14635523500599;6.100486585755494e-10;0.1;6.100486585755494e-11;8.75701456468129e-09;;;;ORANGE;True
1787665589.7434;15.21351519899963;Wi-Fi;Wi-Fi;2,4/5 GHz;wlan0;-46.0;;;;-46.0;2.511886431509582e-08;0.1;2.5118864315095824e-09;1.8995903055666218e-07;;;;ROUGE;False
1787665589.8068619;15.276978088999385;BLE Sniffer;iBeacon;2,4 GHz BLE;6a:02:42:35:15:d4;-62.0;;;;-62.0;6.309573444801942e-10;0.000368;2.321923027687115e-13;4.5527034248349925e-12;36;0x00;39;ORANGE;False
1787665589.834601;15.30451623099998;Simulation RF;Détection RF large bande;868 MHz;868 MHz;;2462;1.9840779943710634;-35.36311977484253;-68.36311977484253;1.4577666904967408e-10;0.1;1.4577666904967407e-11;3.1814749788024034e-09;;;;ORANGE;True
1787665589.834762;15.30451623099998;Simulation RF;Détection RF large bande;2,45 GHz;2,45 GHz;;2751;2.217162727066322;-44.686509082652876;-61.38650908265287;7.266898457885151e-10;0.1;7.266898457885152e-11;8.829683549260141e-09;;;;ORANGE;True
1787665589.843306;15.313420490999306;Wi-Fi;Wi-Fi;2,4/5 GHz;wlan0;-46.0;;;;-46.0;2.511886431509582e-08;0.1;2.5118864315095824e-09;1.9247091698817176e-07;;;;ROUGE;False
1787665589.910634;15.380749242999627;Simulation LoRa;LoRa;868 MHz;LoRa 868.100 MHz;-86.47164250410306;;;;-86.47164250410306;2.253386818848895e-12;0.046335999999999995;1.0441293163818238e-13;1.2279693490233522e-12;13;"SNR=4.62;SF=7;BW=125.0;CR=4/5;F=868.100;CRC=OK;PAYLOAD=54454d504f5f4c4f52415f3134";7;VERT;True
1787665589.910714;15.380827762999616;BLE Sniffer;Appareil BLE;2,4 GHz BLE;57:10:3b:9d:cc:43;-72.0;;;;-72.0;6.309573444801942e-11;0.00028;1.7666805645445437e-14;2.2192280208016525e-13;25;0x00;37;VERT;False
1787665589.910755;15.38086859699979;BLE Sniffer;Appareil BLE;2,4 GHz BLE;57:10:3b:9d:cc:43;-72.0;;;;-72.0;6.309573444801942e-11;0.00028;1.7666805645445437e-14;2.3958960772561066e-13;25;0x00;38;VERT;False
1787665589.910792;15.380906040999434;BLE Sniffer;Appareil BLE;2,4 GHz BLE;57:10:3b:9d:cc:43;-77.0;;;;-77.0;1.9952623149688828e-11;0.00028;5.586734481912872e-15;2.451763422075235e-13;25;0x00;39;VERT;False
1787665589.9346893;15.404602653999973;Simulation RF;Détection RF large bande;868 MHz;868 MHz;;2458;1.9809321702735945;-35.23728681094377;-68.23728681094377;1.500622033629119e-10;0.1;1.500622033629119e-11;3.1964811991386945e-09;;;;ORANGE;True
1787665589.9348545;15.404602653999973;Simulation RF;Détection RF large bande;2,45 GHz;2,45 GHz;;2732;2.201385171829629;-44.05540687318515;-60.755406873185144;8.40348274532485e-10;0.1;8.40348274532485e-11;8.91371837671339e-09;;;;ORANGE;True
1787665589.94373;15.413845195999784;Wi-Fi;Wi-Fi;2,4/5 GHz;wlan0;-46.0;;;;-46.0;2.511886431509582e-08;0.1;2.5118864315095824e-09;1.9498280341968134e-07;;;;ROUGE;False
1787665590.0136647;15.48378061099993;BLE Sniffer;iBeacon;2,4 GHz BLE;6a:02:42:35:15:d4;-70.0;;;;-70.0;1e-10;0.000368;3.68e-14;4.5895034248349926e-12;36;0x00;37;ORANGE;False
1787665590.014137;15.4842514689999;BLE Sniffer;iBeacon;2,4 GHz BLE;6a:02:42:35:15:d4;-75.0;;;;-75.0;3.1622776601683794e-11;0.000368;1.1637181789419636e-14;4.601140606624412e-12;36;0x00;38;VERT;False
1787665590.0141912;15.484305080000013;BLE Sniffer;iBeacon;2,4 GHz BLE;6a:02:42:35:15:d4;-62.0;;;;-62.0;6.309573444801942e-10;0.000368;2.321923027687115e-13;4.833332909393124e-12;36;0x00;39;ORANGE;False
1787665590.034774;15.504690187999586;Simulation RF;Détection RF large bande;868 MHz;868 MHz;;2431;1.9588680337903566;-34.35472135161426;-67.35472135161426;1.8387719278227034e-10;0.1;1.8387719278227035e-11;3.2148689184169217e-09;;;;ORANGE;True
1787665590.0349393;15.504690187999586;Simulation RF;Détection RF large bande;2,45 GHz;2,45 GHz;;2767;2.2300509721326227;-45.2020388853049;-61.902038885304904;6.453511844384865e-10;0.1;6.453511844384865e-11;8.978253495157237e-09;;;;ORANGE;True
1787665590.0435138;15.51362874499955;Wi-Fi;Wi-Fi;2,4/5 GHz;wlan0;-46.0;;;;-46.0;2.511886431509582e-08;0.1;2.5118864315095824e-09;1.9749468985119092e-07;;;;ROUGE;False
1787665590.1210113;15.591127181000047;BLE Sniffer;Appareil BLE;2,4 GHz BLE;57:10:3b:9d:cc:43;-73.0;;;;-73.0;5.011872336272715e-11;0.00028;1.40332425415636e-14;2.592095847490871e-13;25;0x00;37;VERT;False
1787665590.121093;15.591206940999655;BLE Sniffer;Appareil Apple BLE;2,4 GHz BLE;57:10:3b:9d:cc:43;-76.0;;;;-76.0;2.5118864315095823e-11;0.00028;7.03328200822683e-15;2.6624286675731395e-13;25;0x00;38;VERT;False
1787665590.121133;15.5912467929993;BLE Sniffer;Appareil BLE;2,4 GHz BLE;57:10:3b:9d:cc:43;-76.0;;;;-76.0;2.5118864315095823e-11;0.00028;7.03328200822683e-15;2.732761487655408e-13;25;0x00;39;VERT;False
1787665590.1350284;15.60480770399954;Simulation RF;Détection RF large bande;868 MHz;868 MHz;;2448;1.9727623326437422;-34.91049330574968;-67.91049330574968;1.617896253854046e-10;0.1;1.617896253854046e-11;3.2310478809554623e-09;;;;ORANGE;True
1787665590.135248;15.60480770399954;Simulation RF;Détection RF large bande;2,45 GHz;2,45 GHz;;2786;2.2449885712053717;-45.799542848214855;-62.49954284821486;5.624005220906385e-10;0.1;5.624005220906385e-11;9.034493547366301e-09;;;;ORANGE;True
1787665590.143922;15.614036893999582;Wi-Fi;Wi-Fi;2,4/5 GHz;wlan0;-46.0;;;;-46.0;2.511886431509582e-08;0.1;2.5118864315095824e-09;2.000065762827005e-07;;;;ROUGE;False
1787665590.2349741;15.704894294000042;Simulation RF;Détection RF large bande;868 MHz;868 MHz;;2439;1.9655436479840394;-34.62174591936157;-67.62174591936157;1.729121090677907e-10;0.1;1.7291210906779072e-11;3.2483390918622415e-09;;;;ORANGE;True
1787665590.2351367;15.704894294000042;Simulation RF;Détection RF large bande;2,45 GHz;2,45 GHz;;2733;2.2026574217309394;-44.10629686923757;-60.80629686923757;8.30558664244481e-10;0.1;8.30558664244481e-11;9.11754941379075e-09;;;;ORANGE;True
1787665590.2440882;15.714202965999903;Wi-Fi;Wi-Fi;2,4/5 GHz;wlan0;-45.0;;;;-45.0;3.162277660168379e-08;0.1;3.1622776601683795e-09;2.0316885394286888e-07;;;;ROUGE;False
1787665590.3257976;15.79591306599923;BLE Sniffer;iBeacon;2,4 GHz BLE;6a:02:42:35:15:d4;-70.0;;;;-70.0;1e-10;0.000368;3.68e-14;4.870132909393124e-12;36;0x00;37;ORANGE;False
1787665590.3262894;15.796403645999817;BLE Sniffer;iBeacon;2,4 GHz BLE;6a:02:42:35:15:d4;-75.0;;;;-75.0;3.1622776601683794e-11;0.000368;1.1637181789419636e-14;4.881770091182543e-12;36;0x00;38;VERT;False
1787665590.3263454;15.796459405999485;BLE Sniffer;iBeacon;2,4 GHz BLE;6a:02:42:35:15:d4;-62.0;;;;-62.0;6.309573444801942e-10;0.000368;2.321923027687115e-13;5.113962393951255e-12;36;0x00;39;ORANGE;False
1787665590.3352559;15.805010420999679;Simulation RF;Détection RF large bande;868 MHz;868 MHz;;2411;1.942795387472609;-33.71181549890436;-66.71181549890436;2.1321534140486366e-10;0.1;2.132153414048637e-11;3.269660626002728e-09;;;;ORANGE;True
1787665590.3354743;15.805010420999679;Simulation RF;Détection RF large bande;2,45 GHz;2,45 GHz;;2771;2.2333695274289336;-45.33478109715735;-62.03478109715734;6.259244123720441e-10;0.1;6.259244123720441e-11;9.180141855027954e-09;;;;ORANGE;True
1787665590.3440185;15.814133424999454;Wi-Fi;Wi-Fi;2,4/5 GHz;wlan0;-45.0;;;;-45.0;3.162277660168379e-08;0.1;3.1622776601683795e-09;2.0633113160303727e-07;;;;ROUGE;False
1787665590.4293277;15.899444087999655;BLE Sniffer;Appareil BLE;2,4 GHz BLE;57:10:3b:9d:cc:43;-74.0;;;;-74.0;3.9810717055349695e-11;0.00028;1.1147000775497913e-14;2.844231495410387e-13;25;0x00;37;VERT;False
1787665590.4294043;15.899518199999875;BLE Sniffer;Appareil BLE;2,4 GHz BLE;57:91:3a:9d:cc:43;-76.0;;;;-76.0;2.5118864315095823e-11;0.00015199999999999998;3.818067375894565e-15;3.818067375894565e-15;9;0x00;38;VERT;False
1787665590.4352062;15.90510126999925;Simulation RF;Détection RF large bande;868 MHz;868 MHz;;2529;2.037827514938235;-37.5131005975294;-70.5131005975294;8.885665090950556e-11;0.1;8.885665090950556e-12;3.2785462910936786e-09;;;;VERT;True
1787665590.4353726;15.90510126999925;Simulation RF;Détection RF large bande;2,45 GHz;2,45 GHz;;2801;2.2575875333367583;-46.30350133347032;-63.003501333470325;5.007833333892147e-10;0.1;5.007833333892147e-11;9.230220188366876e-09;;;;ORANGE;True
1787665590.4440897;15.91420451399972;Wi-Fi;Wi-Fi;2,4/5 GHz;wlan0;-45.0;;;;-45.0;3.162277660168379e-08;0.1;3.1622776601683795e-09;2.0949340926320565e-07;;;;ROUGE;False
1787665590.5316768;16.001792688000023;BLE Sniffer;Appareil BLE;2,4 GHz BLE;57:10:3b:9d:cc:43;-75.0;;;;-75.0;3.1622776601683794e-11;0.00028;8.854377448471461e-15;2.932775269895102e-13;25;0x00;39;VERT;False
1787665590.5323172;16.002434547999655;BLE Sniffer;Appareil BLE;2,4 GHz BLE;d3:23:2f:4d:3e:b1;-72.0;;;;-72.0;6.309573444801942e-11;0.000376;2.3723996152455302e-14;1.970156944318502e-13;37;0x00;37;VERT;False
1787665590.5324514;16.00256560499929;BLE Sniffer;Appareil BLE;2,4 GHz BLE;d3:23:2f:4d:3e:b1;-74.0;;;;-74.0;3.9810717055349695e-11;0.000376;1.4968829612811484e-14;2.1198452404466168e-13;37;0x00;38;VERT;False
1787665590.5324924;16.002606160999676;BLE Sniffer;Appareil BLE;2,4 GHz BLE;d3:23:2f:4d:3e:b1;-86.0;;;;-86.0;2.5118864315095823e-12;0.000376;9.44469298247603e-16;2.1292899334290928e-13;37;0x00;39;VERT;False
1787665590.5355866;16.005201156000112;Simulation RF;Détection RF large bande;868 MHz;868 MHz;;2456;1.9791465083644209;-35.165860334576834;-68.16586033457683;1.5255061630822704e-10;0.1;1.5255061630822704e-11;3.2938013527245013e-09;;;;ORANGE;True
1787665590.5357192;16.005201156000112;Simulation RF;Détection RF large bande;2,45 GHz;2,45 GHz;;2770;2.2321917957034514;-45.28767182813806;-61.987671828138055;6.327509664842306e-10;0.1;6.327509664842307e-11;9.293495285015299e-09;;;;ORANGE;True
1787665590.5443935;16.014508976999423;Wi-Fi;Wi-Fi;2,4/5 GHz;wlan0;-45.0;;;;-45.0;3.162277660168379e-08;0.1;3.1622776601683795e-09;2.1265568692337404e-07;;;;ROUGE;False
1787665590.635357;16.10526967199985;Simulation RF;Détection RF large bande;868 MHz;868 MHz;;2429;1.9571082078614535;-34.284328314458136;-67.28432831445814;1.8688186888553593e-10;0.1;1.8688186888553593e-11;3.312489539613055e-09;;;;ORANGE;True
1787665590.6355286;16.10526967199985;Simulation RF;Détection RF large bande;2,45 GHz;2,45 GHz;;2784;2.2437215310741587;-45.74886124296634;-62.44886124296634;5.690021084728341e-10;0.1;5.690021084728341e-11;9.350395495862583e-09;;;;ORANGE;True
1787665590.646677;16.11679135399936;Wi-Fi;Wi-Fi;2,4/5 GHz;wlan0;-45.0;;;;-45.0;3.162277660168379e-08;0.1;3.1622776601683795e-09;2.1581796458354242e-07;;;;ROUGE;False
1787665590.7356176;16.205391372999657;Simulation RF;Détection RF large bande;868 MHz;868 MHz;;2450;1.9747567461460305;-34.99026984584121;-67.99026984584121;1.588448048422097e-10;0.1;1.588448048422097e-11;3.328374020097276e-09;;;;ORANGE;True
1787665590.7358367;16.205391372999657;Simulation RF;Détection RF large bande;2,45 GHz;2,45 GHz;;2747;2.2138833993887017;-44.55533597554806;-61.255335975548064;7.48973414765738e-10;0.1;7.489734147657381e-11;9.425292837339157e-09;;;;ORANGE;True
1787665590.7393591;16.209474757999487;BLE Sniffer;Appareil BLE;2,4 GHz BLE;57:10:3b:9d:cc:43;-74.0;;;;-74.0;3.9810717055349695e-11;0.00028;1.1147000775497913e-14;3.0442452776500813e-13;25;0x00;37;VERT;False
1787665590.7466066;16.21672223799942;Wi-Fi;Wi-Fi;2,4/5 GHz;wlan0;-45.0;;;;-45.0;3.162277660168379e-08;0.1;3.1622776601683795e-09;2.189802422437108e-07;;;;ROUGE;False
1787665590.8355699;16.305482777999714;Simulation RF;Détection RF large bande;868 MHz;868 MHz;;2475;1.9941079016931362;-35.764316067725446;-68.76431606772545;1.329132854117432e-10;0.1;1.329132854117432e-11;3.3416653486384502e-09;;;;ORANGE;True
1787665590.8357346;16.305482777999714;Simulation RF;Détection RF large bande;2,45 GHz;2,45 GHz;;2734;2.2029207837234774;-44.1168313489391;-60.8168313489391;8.285464580810943e-10;0.1;8.285464580810944e-11;9.508147483147266e-09;;;;ORANGE;True
1787665590.844477;16.314591688999826;Wi-Fi;Wi-Fi;2,4/5 GHz;wlan0;-45.0;;;;-45.0;3.162277660168379e-08;0.1;3.1622776601683795e-09;2.221425199038792e-07;;;;ROUGE;False
1787665590.935789;16.405593145999774;Simulation RF;Détection RF large bande;868 MHz;868 MHz;;2476;1.995028545352841;-35.801141814113635;-68.80114181411363;1.3179101980496553e-10;0.1;1.3179101980496553e-11;3.3548444506189467e-09;;;;ORANGE;True
1787665590.9359908;16.405593145999774;Simulation RF;Détection RF large bande;2,45 GHz;2,45 GHz;;2801;2.257313856513316;-46.29255426053264;-62.992554260532636;5.020472285053207e-10;0.1;5.0204722850532074e-11;9.558352205997797e-09;;;;ORANGE;True
1787665590.9438684;16.413984492000054;Simulation LoRa;LoRa;868 MHz;LoRa 868.100 MHz;-88.12402188361985;;;;-88.12402188361985;1.5402733867843821e-12;0.046335999999999995;7.137010765004113e-14;1.2993394566733934e-12;13;"SNR=7.25;SF=7;BW=125.0;CR=4/5;F=868.100;CRC=OK;PAYLOAD=54454d504f5f4c4f52415f3135";7;VERT;True
1787665590.9439678;16.41408173399941;BLE Sniffer;Appareil BLE;2,4 GHz BLE;57:10:3b:9d:cc:43;-75.0;;;;-75.0;3.1622776601683794e-11;0.00028;8.854377448471461e-15;3.132789052134796e-13;25;0x00;38;VERT;False
1787665590.9464662;16.41658157999973;Wi-Fi;Wi-Fi;2,4/5 GHz;wlan0;-45.0;;;;-45.0;3.162277660168379e-08;0.1;3.1622776601683795e-09;2.2530479756404757e-07;;;;ROUGE;False
1787665591.03577;16.505682012999387;Simulation RF;Détection RF large bande;868 MHz;868 MHz;;2507;2.0201992424895776;-36.8079696995831;-69.8079696995831;1.0452087337799438e-10;0.1;1.045208733779944e-11;3.3652965379567463e-09;;;;ORANGE;True
1787665591.0359313;16.505682012999387;Simulation RF;Détection RF large bande;2,45 GHz;2,45 GHz;;2769;2.231253003621801;-45.25012014487203;-61.950120144872024;6.382458292717176e-10;0.1;6.382458292717176e-11;9.622176788924968e-09;;;;ORANGE;True
1787665591.044505;16.514619699999457;Wi-Fi;Wi-Fi;2,4/5 GHz;wlan0;-45.0;;;;-45.0;3.162277660168379e-08;0.1;3.1622776601683795e-09;2.2846707522421596e-07;;;;ROUGE;False
1787665591.047084;16.51719999099987;BLE Sniffer;Appareil BLE;2,4 GHz BLE;57:10:3b:9d:cc:43;-75.0;;;;-75.0;3.1622776601683794e-11;0.00028;8.854377448471461e-15;3.221332826619511e-13;25;0x00;39;VERT;False
1787665591.1359348;16.60579991799932;Simulation RF;Détection RF large bande;868 MHz;868 MHz;;2436;1.9627998262502322;-34.51199305000928;-67.51199305000928;1.773375462463294e-10;0.1;1.773375462463294e-11;3.383030292581379e-09;;;;ORANGE;True
1787665591.13612;16.60579991799932;Simulation RF;Détection RF large bande;2,45 GHz;2,45 GHz;;2703;2.178217037045477;-43.12868148181907;-59.828681481819075;1.0402359335545795e-09;0.1;1.0402359335545796e-10;9.726200382280426e-09;;;;ORANGE;True
1787665591.1448004;16.614915346999624;Wi-Fi;Wi-Fi;2,4/5 GHz;wlan0;-45.0;;;;-45.0;3.162277660168379e-08;0.1;3.1622776601683795e-09;2.3162935288438434e-07;;;;ROUGE;False
1787665591.1492424;16.619357828999455;BLE Sniffer;iBeacon;2,4 GHz BLE;6a:02:42:35:15:d4;-69.0;;;;-69.0;1.2589254117941662e-10;0.000368;4.6328455154025316e-14;5.16029084910528e-12;36;0x00;37;ORANGE;False
1787665591.2359867;16.705890600999737;Simulation RF;Détection RF large bande;868 MHz;868 MHz;;2500;2.0143192062913697;-36.57276825165479;-69.5727682516548;1.1033750895290492e-10;0.1;1.1033750895290492e-11;3.3940640434766694e-09;;;;ORANGE;True
1787665591.2361548;16.705890600999737;Simulation RF;Détection RF large bande;2,45 GHz;2,45 GHz;;2782;2.2415622471951315;-45.66248988780525;-62.362489887805246;5.804315503400361e-10;0.1;5.804315503400361e-11;9.78424353731443e-09;;;;ORANGE;True
1787665591.2448494;16.71496473299976;Wi-Fi;Wi-Fi;2,4/5 GHz;wlan0;-45.0;;;;-45.0;3.162277660168379e-08;0.1;3.1622776601683795e-09;2.3479163054455273e-07;;;;ROUGE;False
1787665591.3362231;16.806000245999712;Simulation RF;Détection RF large bande;868 MHz;868 MHz;;2496;2.011704879341457;-36.46819517365827;-69.46819517365827;1.1302655290172969e-10;0.1;1.130265529017297e-11;3.4053666987668424e-09;;;;ORANGE;True
1787665591.3364289;16.806000245999712;Simulation RF;Détection RF large bande;2,45 GHz;2,45 GHz;;2720;2.191675105192783;-43.667004207711315;-60.36700420771131;9.189662869675903e-10;0.1;9.189662869675904e-11;9.876140166011189e-09;;;;ORANGE;True
1787665591.345;16.81511600900012;Wi-Fi;Wi-Fi;2,4/5 GHz;wlan0;-45.0;;;;-45.0;3.162277660168379e-08;0.1;3.1622776601683795e-09;2.379539082047211e-07;;;;ROUGE;False
1787665591.436161;16.90608592799981;Simulation RF;Détection RF large bande;868 MHz;868 MHz;;2500;2.0142590948071306;-36.57036379228522;-69.57036379228522;1.1039861392285143e-10;0.1;1.1039861392285144e-11;3.4164065601591274e-09;;;;ORANGE;True
1787665591.436315;16.90608592799981;Simulation RF;Détection RF large bande;2,45 GHz;2,45 GHz;;2747;2.214008559688839;-44.56034238755356;-61.260342387553564;7.481105189126804e-10;0.1;7.481105189126805e-11;9.950951217902457e-09;;;;ORANGE;True
1787665591.4448879;16.915002984999774;Wi-Fi;Wi-Fi;2,4/5 GHz;wlan0;-45.0;;;;-45.0;3.162277660168379e-08;0.1;3.1622776601683795e-09;2.4111618586488947e-07;;;;ROUGE;False
1787665591.5362635;17.006178685000123;Simulation RF;Détection RF large bande;868 MHz;868 MHz;;2542;2.048545152085985;-37.9418060834394;-70.9418060834394;8.050435812567364e-11;0.1;8.050435812567365e-12;3.4244569959716948e-09;;;;VERT;True
1787665591.5364647;17.006178685000123;Simulation RF;Détection RF large bande;2,45 GHz;2,45 GHz;;2803;2.2592045894969153;-46.3681835798766;-63.0681835798766;4.933801151608161e-10;0.1;4.933801151608161e-11;1.0000289229418538e-08;;;;ORANGE;True
1787665591.5450182;17.015133259999857;Wi-Fi;Wi-Fi;2,4/5 GHz;wlan0;-45.0;;;;-45.0;3.162277660168379e-08;0.1;3.1622776601683795e-09;2.4427846352505783e-07;;;;ROUGE;False
1787665591.6363862;17.10626757099999;Simulation RF;Détection RF large bande;868 MHz;868 MHz;;2520;2.030539511943661;-37.22158047774643;-70.22158047774643;9.502589139731497e-11;0.1;9.502589139731498e-12;3.4339595851114263e-09;;;;VERT;True
1787665591.6365504;17.10626757099999;Simulation RF;Détection RF large bande;2,45 GHz;2,45 GHz;;2765;2.228210213370405;-45.1284085348162;-61.828408534816205;6.563857537468784e-10;0.1;6.563857537468784e-11;1.0065927804793226e-08;;;;ORANGE;True
1787665591.6452894;17.115404778000084;Wi-Fi;Wi-Fi;2,4/5 GHz;wlan0;-45.0;;;;-45.0;3.162277660168379e-08;0.1;3.1622776601683795e-09;2.474407411852262e-07;;;;ROUGE;False
1787665591.7364755;17.206356050000068;Simulation RF;Détection RF large bande;868 MHz;868 MHz;;2505;2.018680687859191;-36.74722751436765;-69.74722751436765;1.0599301563673193e-10;0.1;1.0599301563673194e-11;3.4445588866750993e-09;;;;ORANGE;True
1787665591.736638;17.206356050000068;Simulation RF;Détection RF large bande;2,45 GHz;2,45 GHz;;2811;2.2654986084377216;-46.619944337508855;-63.31994433750886;4.655920608674602e-10;0.1;4.655920608674602e-11;1.0112487010879972e-08;;;;ORANGE;True
1787665591.745519;17.215633739999248;Wi-Fi;Wi-Fi;2,4/5 GHz;wlan0;-45.0;;;;-45.0;3.162277660168379e-08;0.1;3.1622776601683795e-09;2.5060301884539454e-07;;;;ROUGE;False
1787665591.7665658;17.236681874999704;BLE Sniffer;iBeacon;2,4 GHz BLE;6a:02:42:35:15:d4;-75.0;;;;-75.0;3.1622776601683794e-11;0.000368;1.1637181789419636e-14;5.1719280308947e-12;36;0x00;38;VERT;False
1787665591.766658;17.236772004999693;BLE Sniffer;iBeacon;2,4 GHz BLE;6a:02:42:35:15:d4;-63.0;;;;-63.0;5.011872336272714e-10;0.000368;1.8443690197483588e-13;5.3563649328695355e-12;36;0x00;39;ORANGE;False
1787665591.7684534;17.23856880599942;BLE Sniffer;Appareil BLE;2,4 GHz BLE;57:10:3b:9d:cc:43;-75.0;;;;-75.0;3.1622776601683794e-11;0.00028;8.854377448471461e-15;3.309876601104226e-13;25;0x00;37;VERT;False
1787665591.8365686;17.306445249999342;Simulation RF;Détection RF large bande;868 MHz;868 MHz;;2556;2.0595620731864037;-38.38248292745615;-71.38248292745615;7.27363840696442e-11;0.1;7.273638406964421e-12;3.451832525082064e-09;;;;VERT;True
1787665591.836732;17.306445249999342;Simulation RF;Détection RF large bande;2,45 GHz;2,45 GHz;;2816;2.269007788409238;-46.760311536369514;-63.46031153636952;4.507843668609088e-10;0.1;4.507843668609089e-11;1.0157565447566063e-08;;;;ORANGE;True
1787665591.8452697;17.3153848259999;Wi-Fi;Wi-Fi;2,4/5 GHz;wlan0;-45.0;;;;-45.0;3.162277660168379e-08;0.1;3.1622776601683795e-09;2.537652965055629e-07;;;;ROUGE;False
1787665591.8731647;17.343280656999923;Simulation LoRa;LoRa;868 MHz;LoRa 868.100 MHz;-89.21492975734209;;;;-89.21492975734209;1.198138501689143e-12;0.046335999999999995;5.551694561426812e-14;1.3548564022876616e-12;13;"SNR=7.19;SF=7;BW=125.0;CR=4/5;F=868.100;CRC=OK;PAYLOAD=54454d504f5f4c4f52415f3136";7;VERT;True
1787665591.9365914;17.40650943199944;Simulation RF;Détection RF large bande;868 MHz;868 MHz;;2508;2.0211106513574406;-36.844426054297614;-69.84442605429761;1.036471571194866e-10;0.1;1.036471571194866e-11;3.4621972407940123e-09;;;;ORANGE;True
1787665591.936754;17.40650943199944;Simulation RF;Détection RF large bande;2,45 GHz;2,45 GHz;;2781;2.2407678157810675;-45.6307126312427;-62.3307126312427;5.846941341583927e-10;0.1;5.846941341583928e-11;1.0216034860981902e-08;;;;ORANGE;True
1787665591.945311;17.415425636999316;Wi-Fi;Wi-Fi;2,4/5 GHz;wlan0;-45.0;;;;-45.0;3.162277660168379e-08;0.1;3.1622776601683795e-09;2.5692757416573126e-07;;;;ROUGE;False
1787665592.0366871;17.50659785500011;Simulation RF;Détection RF large bande;868 MHz;868 MHz;;2460;1.982165833023418;-35.286633320936716;-68.28663332093672;1.4836677883766183e-10;0.1;1.4836677883766185e-11;3.4770339186777787e-09;;;;ORANGE;True
1787665592.036846;17.50659785500011;Simulation RF;Détection RF large bande;2,45 GHz;2,45 GHz;;2736;2.204524308291461;-44.18097233165844;-60.880972331658434;8.163995691244042e-10;0.1;8.163995691244043e-11;1.0297674817894343e-08;;;;ORANGE;True
1787665592.0454378;17.515553227000055;Wi-Fi;Wi-Fi;2,4/5 GHz;wlan0;-45.0;;;;-45.0;3.162277660168379e-08;0.1;3.1622776601683795e-09;2.600898518258996e-07;;;;ROUGE;False
1787665592.076513;17.546628542999315;BLE Sniffer;Appareil BLE;2,4 GHz BLE;57:10:3b:9d:cc:43;-75.0;;;;-75.0;3.1622776601683794e-11;0.00028;8.854377448471461e-15;3.3984203755889407e-13;25;0x00;38;VERT;False
1787665592.0781863;17.548301490000085;BLE Sniffer;Appareil BLE;2,4 GHz BLE;57:10:3b:9d:cc:43;-75.0;;;;-75.0;3.1622776601683794e-11;0.00028;8.854377448471461e-15;3.4869641500736555e-13;25;0x00;39;VERT;False
1787665592.1367676;17.606685425999785;Simulation RF;Détection RF large bande;868 MHz;868 MHz;;2555;2.0588831071848936;-38.355324287395746;-71.35532428739575;7.319266682445041e-11;0.1;7.319266682445042e-12;3.484353185360224e-09;;;;VERT;True
1787665592.1389174;17.606685425999785;Simulation RF;Détection RF large bande;2,45 GHz;2,45 GHz;;2725;2.1962294126750663;-43.84917650700265;-60.54917650700265;8.812159500487535e-10;0.1;8.812159500487536e-11;1.0385796412899219e-08;;;;ORANGE;True
1787665592.1482017;17.618317071999627;Wi-Fi;Wi-Fi;2,4/5 GHz;wlan0;-45.0;;;;-45.0;3.162277660168379e-08;0.1;3.1622776601683795e-09;2.63252129486068e-07;;;;ROUGE;False
1787665592.2368586;17.706779127000118;Simulation RF;Détection RF large bande;868 MHz;868 MHz;;2496;2.0113965166915686;-36.45586066766275;-69.45586066766275;1.1334801872162465e-10;0.1;1.1334801872162465e-11;3.4956879872323863e-09;;;;ORANGE;True
1787665592.2370212;17.706779127000118;Simulation RF;Détection RF large bande;2,45 GHz;2,45 GHz;;2778;2.2384931884584063;-45.53972753833625;-62.239727538336254;5.970727437326254e-10;0.1;5.970727437326255e-11;1.0445503687272482e-08;;;;ORANGE;True
1787665592.2456887;17.715803258999586;Wi-Fi;Wi-Fi;2,4/5 GHz;wlan0;-45.0;;;;-45.0;3.162277660168379e-08;0.1;3.1622776601683795e-09;2.6641440714623633e-07;;;;ROUGE;False
1787665592.2858949;17.756012967999595;BLE Sniffer;iBeacon;2,4 GHz BLE;6a:02:42:35:15:d4;-69.0;;;;-69.0;1.2589254117941662e-10;0.000368;4.6328455154025316e-14;5.402693388023561e-12;36;0x00;37;ORANGE;False
1787665592.286065;17.75617906199932;BLE Sniffer;iBeacon;2,4 GHz BLE;6a:02:42:35:15:d4;-74.0;;;;-74.0;3.9810717055349695e-11;0.000368;1.4650343876368688e-14;5.417343731899929e-12;36;0x00;38;VERT;False
1787665592.341564;17.80686984699969;Simulation RF;Détection RF large bande;868 MHz;868 MHz;;2573;2.0736961124826148;-38.947844499304594;-71.9478444993046;6.38580349267728e-11;0.1;6.38580349267728e-12;3.5020737907250637e-09;;;;VERT;True
1787665592.3436391;17.80686984699969;Simulation RF;Détection RF large bande;2,45 GHz;2,45 GHz;;2754;2.218981193900072;-44.759247756002864;-61.45924775600287;7.146200951183116e-10;0.1;7.146200951183117e-11;1.0516965696784312e-08;;;;ORANGE;True
1787665592.3538668;17.82398157999978;Wi-Fi;Wi-Fi;2,4/5 GHz;wlan0;-45.0;;;;-45.0;3.162277660168379e-08;0.1;3.1622776601683795e-09;2.695766848064047e-07;;;;ROUGE;False
1787665592.3882353;17.858350825999878;BLE Sniffer;iBeacon;2,4 GHz BLE;6a:02:42:35:15:d4;-63.0;;;;-63.0;5.011872336272714e-10;0.000368;1.8443690197483588e-13;5.601780633874765e-12;36;0x00;39;ORANGE;False
1787665592.388318;17.858431845999803;BLE Sniffer;Appareil BLE;2,4 GHz BLE;57:10:3b:9d:cc:43;-74.0;;;;-74.0;3.9810717055349695e-11;0.00028;1.1147000775497913e-14;3.5984341578286347e-13;25;0x00;37;VERT;False
1787665592.4370353;17.9069548439993;Simulation RF;Détection RF large bande;868 MHz;868 MHz;;2533;2.0408533409931175;-37.634133639724695;-70.6341336397247;8.641450290398348e-11;0.1;8.641450290398348e-12;3.510715241015462e-09;;;;VERT;True
1787665592.4371917;17.9069548439993;Simulation RF;Détection RF large bande;2,45 GHz;2,45 GHz;;2777;2.238035308889714;-45.52141235558855;-62.221412355588555;5.995960517768704e-10;0.1;5.995960517768703e-11;1.0576925301961998e-08;;;;ORANGE;True
1787665592.4457457;17.915860325999347;Wi-Fi;Wi-Fi;2,4/5 GHz;wlan0;-45.0;;;;-45.0;3.162277660168379e-08;0.1;3.1622776601683795e-09;2.7273896246657305e-07;;;;ROUGE;False
1787665592.537122;18.007044358999337;Simulation RF;Détection RF large bande;868 MHz;868 MHz;;2533;2.041019810728525;-37.640792429141;-70.640792429141;8.628210999998878e-11;0.1;8.628210999998879e-12;3.519343452015461e-09;;;;VERT;True
1787665592.5372772;18.007044358999337;Simulation RF;Détection RF large bande;2,45 GHz;2,45 GHz;;2778;2.2389827020747584;-45.55930808299033;-62.25930808299032;5.94386848653867e-10;0.1;5.943868486538671e-11;1.0636363986827386e-08;;;;ORANGE;True
1787665592.5470982;18.017212727999322;Wi-Fi;Wi-Fi;2,4/5 GHz;wlan0;-45.0;;;;-45.0;3.162277660168379e-08;0.1;3.1622776601683795e-09;2.759012401267414e-07;;;;ROUGE;False
1787665592.594941;18.065057216999776;BLE Sniffer;Appareil BLE;2,4 GHz BLE;57:10:3b:9d:cc:43;-75.0;;;;-75.0;3.1622776601683794e-11;0.000272;8.601395235657992e-15;3.684448110185215e-13;24;0x00;38;VERT;False
1787665592.6372142;18.107132653000008;Simulation RF;Détection RF large bande;868 MHz;868 MHz;;2555;2.0591879007853917;-38.36751603141566;-71.36751603141566;7.298748463917127e-11;0.1;7.298748463917128e-12;3.526642200479378e-09;;;;VERT;True
1787665592.6373749;18.107132653000008;Simulation RF;Détection RF large bande;2,45 GHz;2,45 GHz;;2781;2.241187912786995;-45.64751651147979;-62.34751651147979;5.824361854092859e-10;0.1;5.82436185409286e-11;1.0694607605368314e-08;;;;ORANGE;True
1787665592.6462774;18.116392564999842;Wi-Fi;Wi-Fi;2,4/5 GHz;wlan0;-45.0;;;;-45.0;3.162277660168379e-08;0.1;3.1622776601683795e-09;2.7906351778690977e-07;;;;ROUGE;False
1787665592.6958919;18.166008205999788;BLE Sniffer;Appareil BLE;2,4 GHz BLE;57:10:3b:9d:cc:43;-75.0;;;;-75.0;3.1622776601683794e-11;0.00028;8.854377448471461e-15;3.7729918846699297e-13;25;0x00;39;VERT;False
1787665592.7372992;18.207216500999493;Simulation RF;Détection RF large bande;868 MHz;868 MHz;;2551;2.055876895229223;-38.235075809168904;-71.2350758091689;7.524755950660169e-11;0.1;7.52475595066017e-12;3.5341669564300383e-09;;;;VERT;True
1787665592.7374594;18.207216500999493;Simulation RF;Détection RF large bande;2,45 GHz;2,45 GHz;;2766;2.229011661073372;-45.160466442934876;-61.86046644293488;6.51558411329892e-10;0.1;6.515584113298921e-11;1.0759763446501304e-08;;;;ORANGE;True
1787665592.7461655;18.21628022599998;Wi-Fi;Wi-Fi;2,4/5 GHz;wlan0;-45.0;;;;-45.0;3.162277660168379e-08;0.1;3.1622776601683795e-09;2.822257954470781e-07;;;;ROUGE;False
1787665592.837463;18.307320405999235;Simulation RF;Détection RF large bande;868 MHz;868 MHz;;2630;2.1193396533527458;-40.773586134109834;-73.77358613410983;4.194125161569587e-11;0.1;4.1941251615695875e-12;3.538361081591608e-09;;;;VERT;True
1787665592.8376753;18.307320405999235;Simulation RF;Détection RF large bande;2,45 GHz;2,45 GHz;;2694;2.171110570784613;-42.84442283138452;-59.544422831384516;1.1106001220448126e-09;0.1;1.1106001220448127e-10;1.0870823458705786e-08;;;;ORANGE;True
1787665592.8482144;18.318329136999637;Wi-Fi;Wi-Fi;2,4/5 GHz;wlan0;-45.0;;;;-45.0;3.162277660168379e-08;0.1;3.1622776601683795e-09;2.853880731072465e-07;;;;ROUGE;False
1787665592.9013524;18.371468562999326;BLE Sniffer;iBeacon;2,4 GHz BLE;6a:02:42:35:15:d4;-69.0;;;;-69.0;1.2589254117941662e-10;0.000368;4.6328455154025316e-14;5.64810908902879e-12;36;0x00;37;ORANGE;False
1787665592.9031558;18.373271659999773;Simulation LoRa;LoRa;868 MHz;LoRa 868.100 MHz;-89.83427846910145;;;;-89.83427846910145;1.0388961888741986e-12;0.046335999999999995;4.813829380767486e-14;1.4029946960953365e-12;13;"SNR=6.78;SF=7;BW=125.0;CR=4/5;F=868.100;CRC=OK;PAYLOAD=54454d504f5f4c4f52415f3137";7;VERT;True
1787665592.9375892;18.407445069999994;Simulation RF;Détection RF large bande;868 MHz;868 MHz;;2584;2.0823876068914657;-39.29550427565863;-72.29550427565863;5.894535294252205e-11;0.1;5.894535294252206e-12;3.54425561688586e-09;;;;VERT;True
1787665592.9378188;18.407445069999994;Simulation RF;Détection RF large bande;2,45 GHz;2,45 GHz;;2759;2.223318002040704;-44.93272008162815;-61.63272008162815;6.866382487085606e-10;0.1;6.866382487085607e-11;1.0939487283576643e-08;;;;ORANGE;True
1787665592.9476545;18.417769403999955;Wi-Fi;Wi-Fi;2,4/5 GHz;wlan0;-45.0;;;;-45.0;3.162277660168379e-08;0.1;3.1622776601683795e-09;2.8855035076741484e-07;;;;ROUGE;False
1787665593.0376515;18.507542364000074;Simulation RF;Détection RF large bande;868 MHz;868 MHz;;2590;2.0869651707700427;-39.47860683080171;-72.47860683080171;5.651182294856974e-11;0.1;5.651182294856974e-12;3.549906799180717e-09;;;;VERT;True
1787665593.0378768;18.507542364000074;Simulation RF;Détection RF large bande;2,45 GHz;2,45 GHz;;2842;2.2905634251535996;-47.62253700614397;-64.32253700614397;3.696122013583801e-10;0.1;3.696122013583801e-11;1.097644850371248e-08;;;;ORANGE;True
1787665593.0473576;18.51747296999929;Wi-Fi;Wi-Fi;2,4/5 GHz;wlan0;-45.0;;;;-45.0;3.162277660168379e-08;0.1;3.1622776601683795e-09;2.917126284275832e-07;;;;ROUGE;False
1787665593.112066;18.58218217099966;BLE Sniffer;Appareil BLE;2,4 GHz BLE;6a:02:42:35:15:d4;-75.0;;;;-75.0;3.1622776601683794e-11;0.000368;1.1637181789419636e-14;5.65974627081821e-12;36;0x00;38;VERT;False
1787665593.1377852;18.607670934999987;Simulation RF;Détection RF large bande;868 MHz;868 MHz;;2504;2.01793031264557;-36.7172125058228;-69.7172125058228;1.0672809295685628e-10;0.1;1.067280929568563e-11;3.5605796084764026e-09;;;;ORANGE;True
1787665593.1379886;18.607670934999987;Simulation RF;Détection RF large bande;2,45 GHz;2,45 GHz;;2685;2.1639543023561583;-42.55817209424633;-59.258172094246326;1.1862679324318764e-09;0.1;1.1862679324318765e-10;1.1095075296955668e-08;;;;ORANGE;True
1787665593.1488366;18.618952668999555;Wi-Fi;Wi-Fi;2,4/5 GHz;wlan0;-45.0;;;;-45.0;3.162277660168379e-08;0.1;3.1622776601683795e-09;2.9487490608775156e-07;;;;ROUGE;False
1787665593.2141411;18.684256840999296;BLE Sniffer;iBeacon;2,4 GHz BLE;6a:02:42:35:15:d4;-62.0;;;;-62.0;6.309573444801942e-10;0.000368;2.321923027687115e-13;5.8919385735869215e-12;36;0x00;39;ORANGE;False
1787665593.2213712;18.691487375999714;BLE Sniffer;Appareil BLE;2,4 GHz BLE;57:10:3b:9d:cc:43;-76.0;;;;-76.0;2.5118864315095823e-11;0.00028;7.03328200822683e-15;3.843324704752198e-13;25;0x00;37;VERT;False
1787665593.237946;18.70777556199937;Simulation RF;Détection RF large bande;868 MHz;868 MHz;;2544;2.0500547009552617;-38.00218803821046;-71.00218803821046;7.939281415029182e-11;0.1;7.939281415029183e-12;3.568518889891432e-09;;;;VERT;True
1787665593.238204;18.70777556199937;Simulation RF;Détection RF large bande;2,45 GHz;2,45 GHz;;2791;2.2490117945653987;-45.96047178261594;-62.66047178261594;5.419420149795037e-10;0.1;5.419420149795037e-11;1.1149269498453618e-08;;;;ORANGE;True
1787665593.2456946;18.715809477999755;Wi-Fi;Wi-Fi;2,4/5 GHz;wlan0;-45.0;;;;-45.0;3.162277660168379e-08;0.1;3.1622776601683795e-09;2.980371837479199e-07;;;;ROUGE;False
1787665593.337943;18.807862039999236;Simulation RF;Détection RF large bande;868 MHz;868 MHz;;2598;2.093393485369815;-39.73573941479259;-72.73573941479259;5.326305327669518e-11;0.1;5.3263053276695185e-12;3.5738451952191013e-09;;;;VERT;True
1787665593.338108;18.807862039999236;Simulation RF;Détection RF large bande;2,45 GHz;2,45 GHz;;2816;2.269413405367417;-46.77653621469668;-63.47653621469668;4.491034367809864e-10;0.1;4.4910343678098646e-11;1.1194179842131717e-08;;;;ORANGE;True
1787665593.3465111;18.81662655799937;Wi-Fi;Wi-Fi;2,4/5 GHz;wlan0;-46.0;;;;-46.0;2.511886431509582e-08;0.1;2.5118864315095824e-09;3.005490701794295e-07;;;;ROUGE;False
1787665593.4290423;18.89915803799977;BLE Sniffer;iBeacon;2,4 GHz BLE;6a:02:42:35:15:d4;-72.0;;;;-72.0;6.309573444801942e-11;0.000368;2.3219230276871148e-14;5.9151578038637925e-12;36;0x00;38;VERT;False
1787665593.4291232;18.89923709499999;BLE Sniffer;iBeacon;2,4 GHz BLE;6a:02:42:35:15:d4;-63.0;;;;-63.0;5.011872336272714e-10;0.000368;1.8443690197483588e-13;6.099594705838628e-12;36;0x00;39;ORANGE;False
1787665593.4291646;18.89927835399976;BLE Sniffer;Appareil BLE;2,4 GHz BLE;57:10:3b:9d:cc:43;-76.0;;;;-76.0;2.5118864315095823e-11;0.00028;7.03328200822683e-15;3.9136575248344666e-13;25;0x00;37;VERT;False
1787665593.4380379;18.907953573999293;Simulation RF;Détection RF large bande;868 MHz;868 MHz;;2540;2.04659072444155;-37.863628977662;-70.863628977662;8.196663424474435e-11;0.1;8.196663424474435e-12;3.5820418586435758e-09;;;;VERT;True
1787665593.4382062;18.907953573999293;Simulation RF;Détection RF large bande;2,45 GHz;2,45 GHz;;2742;2.209560264680073;-44.382410587202926;-61.08241058720293;7.793973795199806e-10;0.1;7.793973795199807e-11;1.1272119580083714e-08;;;;ORANGE;True
1787665593.4464188;18.91653447799945;Wi-Fi;Wi-Fi;2,4/5 GHz;wlan0;-46.0;;;;-46.0;2.511886431509582e-08;0.1;2.5118864315095824e-09;3.030609566109391e-07;;;;ROUGE;False
1787665593.538111;19.008038867999858;Simulation RF;Détection RF large bande;868 MHz;868 MHz;;2553;2.057321952624659;-38.29287810498636;-71.29287810498636;7.425268961725042e-11;0.1;7.425268961725043e-12;3.589467127605301e-09;;;;VERT;True
1787665593.5382733;19.008038867999858;Simulation RF;Détection RF large bande;2,45 GHz;2,45 GHz;;2759;2.2229709500220523;-44.91883800088209;-61.61883800088209;6.888365769318535e-10;0.1;6.888365769318535e-11;1.13410032377769e-08;;;;ORANGE;True
1787665593.5467095;19.01682466300008;Wi-Fi;Wi-Fi;2,4/5 GHz;wlan0;-46.0;;;;-46.0;2.511886431509582e-08;0.1;2.5118864315095824e-09;3.0557284304244873e-07;;;;ROUGE;False
1787665593.6385548;19.108317403999536;Simulation RF;Détection RF large bande;868 MHz;868 MHz;;2631;2.1203600484419503;-40.814401937678014;-73.81440193767801;4.154892638880076e-11;0.1;4.154892638880076e-12;3.593622020244181e-09;;;;VERT;True
1787665593.6387517;19.108317403999536;Simulation RF;Détection RF large bande;2,45 GHz;2,45 GHz;;2782;2.242194753171479;-45.687790126859156;-62.38779012685916;5.770600211288293e-10;0.1;5.770600211288294e-11;1.1398709239889782e-08;;;;ORANGE;True
1787665593.6455882;19.115703866999866;Wi-Fi;Wi-Fi;2,4/5 GHz;wlan0;-46.0;;;;-46.0;2.511886431509582e-08;0.1;2.5118864315095824e-09;3.0808472947395834e-07;;;;ROUGE;False
1787665593.738487;19.208404807999614;Simulation RF;Détection RF large bande;868 MHz;868 MHz;;2562;2.0644627974170016;-38.578511896680055;-71.57851189668006;6.952625074007699e-11;0.1;6.9526250740077e-12;3.6005746453181887e-09;;;;VERT;True
1787665593.7410376;19.208404807999614;Simulation RF;Détection RF large bande;2,45 GHz;2,45 GHz;;2812;2.266231094977367;-46.64924379909468;-63.34924379909467;4.6246153897533163e-10;0.1;4.624615389753317e-11;1.1444955393787316e-08;;;;ORANGE;True
1787665593.7508905;19.221005540999613;Wi-Fi;Wi-Fi;2,4/5 GHz;wlan0;-46.0;;;;-46.0;2.511886431509582e-08;0.1;2.5118864315095824e-09;3.1059661590546794e-07;;;;ROUGE;False
1787665593.8385801;19.308495045999734;Simulation RF;Détection RF large bande;868 MHz;868 MHz;;2621;2.1121598531219923;-40.486394124879695;-73.4863941248797;4.4808518747708294e-11;0.1;4.48085187477083e-12;3.6050554971929595e-09;;;;VERT;True
1787665593.8387485;19.308495045999734;Simulation RF;Détection RF large bande;2,45 GHz;2,45 GHz;;2793;2.250696254174597;-46.02785016698388;-62.72785016698388;5.335989708674212e-10;0.1;5.3359897086742116e-11;1.1498315290874058e-08;;;;ORANGE;True
1787665593.8502307;19.320353453999815;Wi-Fi;Wi-Fi;2,4/5 GHz;wlan0;-46.0;;;;-46.0;2.511886431509582e-08;0.1;2.5118864315095824e-09;3.1310850233697755e-07;;;;ROUGE;False
1787665593.9395792;19.408591635999983;Simulation RF;Détection RF large bande;868 MHz;868 MHz;;2542;2.048807271761373;-37.95229087045492;-70.95229087045492;8.031023800203623e-11;0.1;8.031023800203624e-12;3.6130865209931633e-09;;;;VERT;True
1787665593.9397857;19.408591635999983;Simulation RF;Détection RF large bande;2,45 GHz;2,45 GHz;;2810;2.264548899615216;-46.58195598460864;-63.281955984608636;4.696825243601679e-10;0.1;4.6968252436016794e-11;1.1545283543310075e-08;;;;ORANGE;True
1787665593.9443808;19.414497709999523;Simulation LoRa;LoRa;868 MHz;LoRa 868.100 MHz;-90.85725904637398;;;;-90.85725904637398;8.20869454490544e-13;0.046335999999999995;3.803580704327385e-14;1.4410305031386103e-12;13;"SNR=5.12;SF=7;BW=125.0;CR=4/5;F=868.100;CRC=OK;PAYLOAD=54454d504f5f4c4f52415f3138";7;VERT;True
1787665593.9502852;19.420400839999274;Wi-Fi;Wi-Fi;2,4/5 GHz;wlan0;-46.0;;;;-46.0;2.511886431509582e-08;0.1;2.5118864315095824e-09;3.1562038876848715e-07;;;;ROUGE;False
1787665594.0388408;19.50870837399998;Simulation RF;Détection RF large bande;868 MHz;868 MHz;;2586;2.0835685836091287;-39.34274334436515;-72.34274334436515;5.830766709910373e-11;0.1;5.830766709910373e-12;3.6189172877030736e-09;;;;VERT;True
1787665594.0390675;19.50870837399998;Simulation RF;Détection RF large bande;2,45 GHz;2,45 GHz;;2750;2.216256687215789;-44.65026748863157;-61.350267488631566;7.327793987420387e-10;0.1;7.327793987420388e-11;1.1618561483184279e-08;;;;ORANGE;True
1787665594.0492854;19.519402785999773;BLE Sniffer;iBeacon;2,4 GHz BLE;7a:02:42:35:15:d4;-76.0;;;;-76.0;2.5118864315095823e-11;0.000368;9.243742067955263e-15;9.243742067955263e-15;36;0x00;38;VERT;False
1787665594.0493834;19.519497268999658;BLE Sniffer;iBeacon;2,4 GHz BLE;6a:02:42:35:15:d4;-62.0;;;;-62.0;6.309573444801942e-10;0.000368;2.321923027687115e-13;6.33178700860734e-12;36;0x00;39;ORANGE;False
1787665594.0483944;19.518509941000048;Wi-Fi;Wi-Fi;2,4/5 GHz;wlan0;-46.0;;;;-46.0;2.511886431509582e-08;0.1;2.5118864315095824e-09;3.1813227519999676e-07;;;;ROUGE;False
1787665594.1389737;19.608819277999828;Simulation RF;Détection RF large bande;868 MHz;868 MHz;;2639;2.1269524885915865;-41.078099543663456;-74.07809954366346;3.910119637266399e-11;0.1;3.910119637266399e-12;3.62282740734034e-09;;;;VERT;True
1787665594.1392493;19.608819277999828;Simulation RF;Détection RF large bande;2,45 GHz;2,45 GHz;;2800;2.256584602884816;-46.26338411539264;-62.963384115392635;5.054306661441625e-10;0.1;5.054306661441625e-11;1.1669104549798695e-08;;;;ORANGE;True
1787665594.1505213;19.62063659299929;Wi-Fi;Wi-Fi;2,4/5 GHz;wlan0;-46.0;;;;-46.0;2.511886431509582e-08;0.1;2.5118864315095824e-09;3.2064416163150636e-07;;;;ROUGE;False
1787665594.2390602;19.70892996099974;Simulation RF;Détection RF large bande;868 MHz;868 MHz;;2581;2.0798798761025625;-39.19519504410249;-72.19519504410249;6.032266160705419e-11;0.1;6.032266160705419e-12;3.6288596735010455e-09;;;;VERT;True
1787665594.2392876;19.70892996099974;Simulation RF;Détection RF large bande;2,45 GHz;2,45 GHz;;2802;2.257906269318227;-46.31625077272908;-63.01625077272907;4.993153561446249e-10;0.1;4.9931535614462494e-11;1.1719036085413158e-08;;;;ORANGE;True
1787665594.2497108;19.719826282999747;Wi-Fi;Wi-Fi;2,4/5 GHz;wlan0;-46.0;;;;-46.0;2.511886431509582e-08;0.1;2.5118864315095824e-09;3.2315604806301597e-07;;;;ROUGE;False
1787665594.2608552;19.730971070999658;BLE Sniffer;Appareil BLE;2,4 GHz BLE;57:10:3b:9d:cc:43;-76.0;;;;-76.0;2.5118864315095823e-11;0.00028;7.03328200822683e-15;3.983990344916735e-13;25;0x00;37;VERT;False
1787665594.2609508;19.731064608999986;BLE Sniffer;Appareil BLE;2,4 GHz BLE;57:10:3b:9d:cc:43;-80.0;;;;-80.0;1e-11;0.00028;2.7999999999999997e-15;4.011990344916735e-13;25;0x00;38;VERT;False
1787665594.2650347;19.735151826999754;BLE Sniffer;Appareil BLE;2,4 GHz BLE;57:10:3b:9d:cc:43;-78.0;;;;-78.0;1.5848931924611107e-11;0.00028;4.4377009388911094e-15;4.056367354305646e-13;25;0x00;39;VERT;False
1787665594.3391087;19.80902012399929;Simulation RF;Détection RF large bande;868 MHz;868 MHz;;2601;2.095833542106337;-39.83334168425348;-72.83334168425348;5.207938314395276e-11;0.1;5.207938314395276e-12;3.6340676118154405e-09;;;;VERT;True
1787665594.3392723;19.80902012399929;Simulation RF;Détection RF large bande;2,45 GHz;2,45 GHz;;2841;2.289254960326931;-47.570198413077236;-64.27019841307724;3.7409349693413563e-10;0.1;3.740934969341357e-11;1.1756445435106572e-08;;;;ORANGE;True
1787665594.3468807;19.816995501999372;Wi-Fi;Wi-Fi;2,4/5 GHz;wlan0;-47.0;;;;-47.0;1.9952623149688786e-08;0.1;1.9952623149688786e-09;3.2515131037798486e-07;;;;ROUGE;False
1787665594.3666553;19.836770973000057;BLE Sniffer;iBeacon;2,4 GHz BLE;6a:02:42:35:15:d4;-69.0;;;;-69.0;1.2589254117941662e-10;0.000368;4.6328455154025316e-14;6.378115463761365e-12;36;0x00;37;ORANGE;False
1787665594.4391854;19.909105157999875;Simulation RF;Détection RF large bande;868 MHz;868 MHz;;2497;2.012130729955894;-36.48522919823576;-69.48522919823576;1.125841051241114e-10;0.1;1.1258410512411141e-11;3.6453260223278516e-09;;;;ORANGE;True
1787665594.4393454;19.909105157999875;Simulation RF;Détection RF large bande;2,45 GHz;2,45 GHz;;2757;2.221439000806883;-44.857560032275316;-61.55756003227532;6.986247975498407e-10;0.1;6.986247975498408e-11;1.1826307914861555e-08;;;;ORANGE;True
1787665594.4468842;19.91699873899961;Wi-Fi;Wi-Fi;2,4/5 GHz;wlan0;-47.0;;;;-47.0;1.9952623149688786e-08;0.1;1.9952623149688786e-09;3.2714657269295376e-07;;;;ROUGE;False
1787665594.4715784;19.94169402999978;BLE Sniffer;Appareil BLE;2,4 GHz BLE;d3:23:2e:cd:3e:b1;-73.0;;;;-73.0;5.011872336272715e-11;0.000376;1.8844639984385406e-14;1.8844639984385406e-14;37;0x00;38;VERT;False
1787665594.539261;20.009187247999762;Simulation RF;Détection RF large bande;868 MHz;868 MHz;;2684;2.162902330681791;-42.51609322727164;-75.51609322727164;2.8079584507873435e-11;0.1;2.807958450787344e-12;3.648133980778639e-09;;;;VERT;True
1787665594.5394063;20.009187247999762;Simulation RF;Détection RF large bande;2,45 GHz;2,45 GHz;;2797;2.253763539559036;-46.15054158236143;-62.85054158236143;5.187353465500775e-10;0.1;5.187353465500775e-11;1.1878181449516564e-08;;;;ORANGE;True
1787665594.546867;20.01698178999959;Wi-Fi;Wi-Fi;2,4/5 GHz;wlan0;-47.0;;;;-47.0;1.9952623149688786e-08;0.1;1.9952623149688786e-09;3.2914183500792265e-07;;;;ROUGE;False
1787665594.5726438;20.042759538999235;BLE Sniffer;Appareil BLE;2,4 GHz BLE;d3:23:2f:4d:3e:b1;-86.0;;;;-86.0;2.5118864315095823e-12;0.000376;9.44469298247603e-16;2.1387346264115688e-13;37;0x00;39;VERT;False
1787665594.5727253;20.04283922600007;BLE Sniffer;Appareil BLE;2,4 GHz BLE;57:10:3b:9d:cc:43;-77.0;;;;-77.0;1.9952623149688828e-11;0.00028;5.586734481912872e-15;4.1122346991247747e-13;25;0x00;37;VERT;False
1787665594.5727656;20.04287954099982;BLE Sniffer;iBeacon;2,4 GHz BLE;6a:02:42:35:15:d4;-73.0;;;;-73.0;5.011872336272715e-11;0.000368;1.844369019748359e-14;6.396559153958849e-12;36;0x00;38;VERT;False
1787665594.574566;20.04468206399997;BLE Sniffer;iBeacon;2,4 GHz BLE;6a:02:42:35:15:d4;-63.0;;;;-63.0;5.011872336272714e-10;0.000368;1.8443690197483588e-13;6.5809960559336845e-12;36;0x00;39;ORANGE;False
1787665594.6393588;20.109275632999925;Simulation RF;Détection RF large bande;868 MHz;868 MHz;;2609;2.10245334898987;-40.098133959594804;-73.0981339595948;4.899893086749775e-11;0.1;4.899893086749775e-12;3.6530338738653888e-09;;;;VERT;True
1787665594.63952;20.109275632999925;Simulation RF;Détection RF large bande;2,45 GHz;2,45 GHz;;2768;2.2304405765919797;-45.217623063679184;-61.91762306367919;6.43039562887484e-10;0.1;6.43039562887484e-11;1.1942485405805312e-08;;;;ORANGE;True
1787665594.6480887;20.118203411999275;Wi-Fi;Wi-Fi;2,4/5 GHz;wlan0;-47.0;;;;-47.0;1.9952623149688786e-08;0.1;1.9952623149688786e-09;3.3113709732289154e-07;;;;ROUGE;False
1787665594.7394373;20.209358852999685;Simulation RF;Détection RF large bande;868 MHz;868 MHz;;2575;2.0751166466982514;-39.00466586793004;-72.00466586793004;6.302798358091343e-11;0.1;6.3027983580913434e-12;3.6593366722234803e-09;;;;VERT;True
1787665594.739592;20.209358852999685;Simulation RF;Détection RF large bande;2,45 GHz;2,45 GHz;;2837;2.2864799157736573;-47.459196630946295;-64.1591966309463;3.8377823120647437e-10;0.1;3.837782312064744e-11;1.198086322892596e-08;;;;ORANGE;True
1787665594.748121;20.218235964000087;Wi-Fi;Wi-Fi;2,4/5 GHz;wlan0;-47.0;;;;-47.0;1.9952623149688786e-08;0.1;1.9952623149688786e-09;3.3313235963786044e-07;;;;ROUGE;False
1787665594.8395243;20.3094438119997;Simulation RF;Détection RF large bande;868 MHz;868 MHz;;2598;2.0938959152760925;-39.755836611043705;-72.7558366110437;5.301714522532696e-11;0.1;5.301714522532696e-12;3.664638386746013e-09;;;;VERT;True
1787665594.839697;20.3094438119997;Simulation RF;Détection RF large bande;2,45 GHz;2,45 GHz;;2761;2.22462455990935;-44.984982396373994;-61.684982396374;6.784248704096651e-10;0.1;6.784248704096651e-11;1.2048705715966926e-08;;;;ORANGE;True
1787665594.8481474;20.318262589999904;Wi-Fi;Wi-Fi;2,4/5 GHz;wlan0;-48.0;;;;-48.0;1.5848931924611143e-08;0.1;1.5848931924611144e-09;3.347172528303216e-07;;;;ROUGE;False
1787665594.8821619;20.3522779799996;BLE Sniffer;Appareil BLE;2,4 GHz BLE;57:10:3b:9d:cc:43;-78.0;;;;-78.0;1.5848931924611107e-11;0.00028;4.4377009388911094e-15;4.1566117085136857e-13;25;0x00;37;VERT;False
1787665594.88226;20.352373961999547;BLE Sniffer;iBeacon;2,4 GHz BLE;6a:02:42:35:15:d4;-74.0;;;;-74.0;3.9810717055349695e-11;0.000368;1.4650343876368688e-14;6.595646399810053e-12;36;0x00;38;VERT;False
1787665594.8841305;20.354246707999664;Simulation LoRa;LoRa;868 MHz;LoRa 868.100 MHz;-90.28508780161891;;;;-90.28508780161891;9.364642871390016e-13;0.046335999999999995;4.3392009208872776e-14;1.484422512347483e-12;13;"SNR=8.64;SF=7;BW=125.0;CR=4/5;F=868.100;CRC=OK;PAYLOAD=54454d504f5f4c4f52415f3139";7;VERT;True
1787665594.88922;20.359337345999847;BLE Sniffer;iBeacon;2,4 GHz BLE;6a:02:42:35:15:d4;-63.0;;;;-63.0;5.011872336272714e-10;0.000368;1.8443690197483588e-13;6.780083301784889e-12;36;0x00;39;ORANGE;False
1787665594.9396188;20.409533975999693;Simulation RF;Détection RF large bande;868 MHz;868 MHz;;2646;2.1320781959774666;-41.28312783909867;-74.28312783909867;3.729814354943189e-11;0.1;3.729814354943189e-12;3.668368201100956e-09;;;;VERT;True
1787665594.9397821;20.409533975999693;Simulation RF;Détection RF large bande;2,45 GHz;2,45 GHz;;2759;2.2233158523555274;-44.9326340942211;-61.632634094221096;6.86651843821913e-10;0.1;6.86651843821913e-11;1.2117370900349118e-08;;;;ORANGE;True
1787665594.9481692;20.41828406700006;Wi-Fi;Wi-Fi;2,4/5 GHz;wlan0;-48.0;;;;-48.0;1.5848931924611143e-08;0.1;1.5848931924611144e-09;3.363021460227827e-07;;;;ROUGE;False
1787665595.0397074;20.509622083999602;Simulation RF;Détection RF large bande;868 MHz;868 MHz;;2668;2.150185449087924;-42.00741796351696;-75.00741796351696;3.156880944512949e-11;0.1;3.1568809445129494e-12;3.671525082045469e-09;;;;VERT;True
1787665595.0398717;20.509622083999602;Simulation RF;Détection RF large bande;2,45 GHz;2,45 GHz;;2837;2.2861554367008075;-47.44621746803229;-64.14621746803229;3.8492689208265827e-10;0.1;3.849268920826583e-11;1.2155863589557383e-08;;;;ORANGE;True
1787665595.0477145;20.517829519999395;Wi-Fi;Wi-Fi;2,4/5 GHz;wlan0;-48.0;;;;-48.0;1.5848931924611143e-08;0.1;1.5848931924611144e-09;3.3788703921524385e-07;;;;ROUGE;False
1787665595.097309;20.567426087000058;BLE Sniffer;Appareil BLE;2,4 GHz BLE;57:10:3b:9d:cc:43;-74.0;;;;-74.0;3.9810717055349695e-11;0.00028;1.1147000775497913e-14;4.268081716268665e-13;25;0x00;37;VERT;False
1787665595.1397953;20.60970704400006;Simulation RF;Détection RF large bande;868 MHz;868 MHz;;2592;2.0890374949819015;-39.56149979927606;-72.56149979927606;5.5443421072573514e-11;0.1;5.544342107257352e-12;3.677069424152726e-09;;;;VERT;True
1787665595.1399937;20.60970704400006;Simulation RF;Détection RF large bande;2,45 GHz;2,45 GHz;;2780;2.2406150543046968;-45.62460217218786;-62.324602172187866;5.855173691515624e-10;0.1;5.855173691515625e-11;1.221441532647254e-08;;;;ORANGE;True
1787665595.1485558;20.618671211999754;Wi-Fi;Wi-Fi;2,4/5 GHz;wlan0;-49.0;;;;-49.0;1.2589254117941661e-08;0.1;1.2589254117941663e-09;3.3914596462703804e-07;;;;ROUGE;False
1787665595.1988022;20.668918341999415;BLE Sniffer;Appareil BLE;2,4 GHz BLE;4c:ff:1a:02:c1:02;-73.0;;;;-73.0;5.011872336272715e-11;0.000368;1.844369019748359e-14;1.844369019748359e-14;36;0x03;38;VERT;False
1787665595.2007887;20.67090473799999;BLE Sniffer;iBeacon;2,4 GHz BLE;6a:02:42:35:15:d4;-63.0;;;;-63.0;5.011872336272714e-10;0.000368;1.8443690197483588e-13;6.9645202037597245e-12;36;0x00;39;ORANGE;False
1787665595.2398732;20.70980094799961;Simulation RF;Détection RF large bande;868 MHz;868 MHz;;2660;2.1436184801785703;-41.744739207142814;-74.74473920714281;3.353714428254282e-11;0.1;3.3537144282542824e-12;3.6804231385809803e-09;;;;VERT;True
1787665595.2403834;20.70980094799961;Simulation RF;Détection RF large bande;2,45 GHz;2,45 GHz;;2902;2.338583819534514;-49.54335278138055;-66.24335278138055;2.37500605871933e-10;0.1;2.3750060587193304e-11;1.2238165387059734e-08;;;;ORANGE;True
1787665595.2507477;20.72086634599964;Wi-Fi;Wi-Fi;2,4/5 GHz;wlan0;-48.0;;;;-48.0;1.5848931924611143e-08;0.1;1.5848931924611144e-09;3.407308578194992e-07;;;;ROUGE;False
1787665595.3399854;20.809896685999774;Simulation RF;Détection RF large bande;868 MHz;868 MHz;;2651;2.136606229148241;-41.46424916592963;-74.46424916592963;3.577462445238853e-11;0.1;3.577462445238853e-12;3.684000601026219e-09;;;;VERT;True
1787665595.3401487;20.809896685999774;Simulation RF;Détection RF large bande;2,45 GHz;2,45 GHz;;2832;2.2824509059849474;-47.29803623939789;-63.998036239397884;3.9828722440809217e-10;0.1;3.982872244080922e-11;1.2277994109500542e-08;;;;ORANGE;True
1787665595.3485284;20.818643498999336;Wi-Fi;Wi-Fi;2,4/5 GHz;wlan0;-48.0;;;;-48.0;1.5848931924611143e-08;0.1;1.5848931924611144e-09;3.423157510119603e-07;;;;ROUGE;False
1787665595.409282;20.879397946999234;BLE Sniffer;iBeacon;2,4 GHz BLE;6a:02:42:35:15:d4;-69.0;;;;-69.0;1.2589254117941662e-10;0.000368;4.6328455154025316e-14;7.01084865891375e-12;36;0x00;37;ORANGE;False
1787665595.4093666;20.879480447999413;BLE Sniffer;Appareil BLE;2,4 GHz BLE;6a:02:42:35:15:d4;-75.0;;;;-75.0;3.1622776601683794e-11;0.000368;1.1637181789419636e-14;7.022485840703169e-12;36;0x01;38;VERT;False
1787665595.4449894;20.90997964500002;Simulation RF;Détection RF large bande;868 MHz;868 MHz;;2622;2.1129217801445312;-40.51687120578124;-73.51687120578124;4.449517092511562e-11;0.1;4.449517092511563e-12;3.688450118118731e-09;;;;VERT;True
1787665595.4459672;20.90997964500002;Simulation RF;Détection RF large bande;2,45 GHz;2,45 GHz;;2822;2.2740684074612223;-46.96273629844889;-63.662736298448884;4.3025544005207094e-10;0.1;4.3025544005207094e-11;1.2321019653505749e-08;;;;ORANGE;True
1787665595.455352;20.92546756199954;Wi-Fi;Wi-Fi;2,4/5 GHz;wlan0;-48.0;;;;-48.0;1.5848931924611143e-08;0.1;1.5848931924611144e-09;3.4390064420442146e-07;;;;ROUGE;False
1787665595.5110471;20.981162594000125;BLE Sniffer;iBeacon;2,4 GHz BLE;6a:02:42:35:15:d4;-62.0;;;;-62.0;6.309573444801942e-10;0.000368;2.321923027687115e-13;7.254678143471881e-12;36;0x00;39;ORANGE;False
1787665595.5401418;21.01006288299959;Simulation RF;Détection RF large bande;868 MHz;868 MHz;;2627;2.117180150774349;-40.687206030973954;-73.68720603097395;4.278380408809387e-11;0.1;4.278380408809387e-12;3.69272849852754e-09;;;;VERT;True
1787665595.5403013;21.01006288299959;Simulation RF;Détection RF large bande;2,45 GHz;2,45 GHz;;2748;2.2143845922049556;-44.575383688198215;-61.27538368819822;7.455240039567044e-10;0.1;7.455240039567044e-11;1.239557205390142e-08;;;;ORANGE;True
1787665595.5487437;21.018858974999603;Wi-Fi;Wi-Fi;2,4/5 GHz;wlan0;-48.0;;;;-48.0;1.5848931924611143e-08;0.1;1.5848931924611144e-09;3.454855373968826e-07;;;;ROUGE;False
1787665595.6161356;21.08625187599955;BLE Sniffer;Appareil BLE;2,4 GHz BLE;57:10:3b:9d:cc:43;-73.0;;;;-73.0;5.011872336272715e-11;0.00028;1.40332425415636e-14;4.408414141684301e-13;25;0x00;37;VERT;False
1787665595.6402128;21.110149342999648;Simulation RF;Détection RF large bande;868 MHz;868 MHz;;2674;2.1545724549079375;-42.182898196317495;-75.1828981963175;3.031867239750205e-11;0.1;3.0318672397502052e-12;3.6957603657672906e-09;;;;VERT;True
1787665595.640467;21.110149342999648;Simulation RF;Détection RF large bande;2,45 GHz;2,45 GHz;;2807;2.262360483540346;-46.494419341613835;-63.19441934161383;4.792455244868767e-10;0.1;4.7924552448687675e-11;1.2443496606350107e-08;;;;ORANGE;True
1787665595.6527514;21.1228659089993;Wi-Fi;Wi-Fi;2,4/5 GHz;wlan0;-48.0;;;;-48.0;1.5848931924611143e-08;0.1;1.5848931924611144e-09;3.4707043058934374e-07;;;;ROUGE;False
1787665595.7210944;21.191209655999955;BLE Sniffer;Appareil BLE;2,4 GHz BLE;01:02:6a:02:42:35;-71.0;;;;-71.0;7.943282347242822e-11;0.000368;2.923127903785358e-14;2.923127903785358e-14;36;0x08;38;VERT;False
1787665595.7223015;21.192417707999994;BLE Sniffer;iBeacon;2,4 GHz BLE;6a:02:42:35:15:d4;-63.0;;;;-63.0;5.011872336272714e-10;0.000368;1.8443690197483588e-13;7.439115045446717e-12;36;0x00;39;ORANGE;False
1787665595.7403147;21.21023476499977;Simulation RF;Détection RF large bande;868 MHz;868 MHz;;2588;2.0854339943676563;-39.417359774706256;-72.41735977470626;5.731443592327063e-11;0.1;5.7314435923270635e-12;3.7014918093596177e-09;;;;VERT;True
1787665595.7405047;21.21023476499977;Simulation RF;Détection RF large bande;2,45 GHz;2,45 GHz;;2807;2.26213838715929;-46.4855354863716;-63.185535486371606;4.802268644756848e-10;0.1;4.802268644756849e-11;1.2491519292797676e-08;;;;ORANGE;True
1787665595.749714;21.219829588999346;Wi-Fi;Wi-Fi;2,4/5 GHz;wlan0;-48.0;;;;-48.0;1.5848931924611143e-08;0.1;1.5848931924611144e-09;3.486553237818049e-07;;;;ROUGE;False
1787665595.844291;21.31037418899996;Simulation RF;Détection RF large bande;868 MHz;868 MHz;;2666;2.1484330044406184;-41.93732017762473;-74.93732017762473;3.208248369625105e-11;0.1;3.2082483696251052e-12;3.704700057729243e-09;;;;VERT;True
1787665595.8446257;21.31037418899996;Simulation RF;Détection RF large bande;2,45 GHz;2,45 GHz;;2774;2.235406137893182;-45.41624551572728;-62.116245515727286;6.142928330340175e-10;0.1;6.142928330340175e-11;1.2552948576101078e-08;;;;ORANGE;True
1787665595.8533542;21.32346913099991;Wi-Fi;Wi-Fi;2,4/5 GHz;wlan0;-48.0;;;;-48.0;1.5848931924611143e-08;0.1;1.5848931924611144e-09;3.50240216974266e-07;;;;ROUGE;False
1787665595.9272962;21.397411928999645;Simulation LoRa;LoRa;868 MHz;LoRa 868.100 MHz;-85.93994098040298;;;;-85.93994098040298;2.5468648636433925e-12;0.046335999999999995;1.1801153032178023e-13;1.6024340426692633e-12;13;"SNR=6.71;SF=7;BW=125.0;CR=4/5;F=868.100;CRC=OK;PAYLOAD=54454d504f5f4c4f52415f3230";7;VERT;True
1787665595.927965;21.39808036299928;BLE Sniffer;Appareil BLE;2,4 GHz BLE;57:10:3b:9d:cc:43;-73.0;;;;-73.0;5.011872336272715e-11;0.00028;1.40332425415636e-14;4.548746567099937e-13;25;0x00;37;VERT;False
1787665595.9405472;21.410472036999636;Simulation RF;Détection RF large bande;868 MHz;868 MHz;;2621;2.1124853001990966;-40.49941200796387;-73.49941200796387;4.4674407281246646e-11;0.1;4.467440728124665e-12;3.7091674984573677e-09;;;;VERT;True
1787665595.9407017;21.410472036999636;Simulation RF;Détection RF large bande;2,45 GHz;2,45 GHz;;2805;2.2600913008301005;-46.40365203320401;-63.103652033204014;4.893671317390488e-10;0.1;4.893671317390488e-11;1.2601885289274982e-08;;;;ORANGE;True
1787665595.9496584;21.419774153999242;Wi-Fi;Wi-Fi;2,4/5 GHz;wlan0;-48.0;;;;-48.0;1.5848931924611143e-08;0.1;1.5848931924611144e-09;3.5182511016672715e-07;;;;ROUGE;False
1787665596.031684;21.501799312999538;BLE Sniffer;iBeacon;2,4 GHz BLE;6a:02:42:35:15:d4;-72.0;;;;-72.0;6.309573444801942e-11;0.000368;2.3219230276871148e-14;7.462334275723588e-12;36;0x00;38;VERT;False
1787665596.0317616;21.50187546199959;BLE Sniffer;iBeacon;2,4 GHz BLE;6a:02:42:35:15:d4;-63.0;;;;-63.0;5.011872336272714e-10;0.000368;1.8443690197483588e-13;7.646771177698424e-12;36;0x00;39;ORANGE;False
1787665596.0405822;21.510551829999713;Simulation RF;Détection RF large bande;868 MHz;868 MHz;;2696;2.172339848063981;-42.89359392255923;-75.89359392255923;2.574190052631822e-11;0.1;2.574190052631822e-12;3.7117416885099997e-09;;;;VERT;True
1787665596.0407417;21.510551829999713;Simulation RF;Détection RF large bande;2,45 GHz;2,45 GHz;;2846;2.2933702784491548;-47.73481113796619;-64.4348111379662;3.6017941320885135e-10;0.1;3.601794132088514e-11;1.2637903230595867e-08;;;;ORANGE;True
1787665596.0509307;21.521045517999482;Wi-Fi;Wi-Fi;2,4/5 GHz;wlan0;-48.0;;;;-48.0;1.5848931924611143e-08;0.1;1.5848931924611144e-09;3.534100033591883e-07;;;;ROUGE;False
1787665596.1406596;21.61063056799958;Simulation RF;Détection RF large bande;868 MHz;868 MHz;;2681;2.160291897301648;-42.411675892065915;-75.41167589206592;2.8762882742487492e-11;0.1;2.8762882742487494e-12;3.7146179767842483e-09;;;;VERT;True
1787665596.1408148;21.61063056799958;Simulation RF;Détection RF large bande;2,45 GHz;2,45 GHz;;2823;2.2748559478030055;-46.99423791212021;-63.694237912120215;4.2714586723369356e-10;0.1;4.271458672336936e-11;1.2680617817319236e-08;;;;ORANGE;True
1787665596.1506023;21.620717564999723;Wi-Fi;Wi-Fi;2,4/5 GHz;wlan0;-48.0;;;;-48.0;1.5848931924611143e-08;0.1;1.5848931924611144e-09;3.5499489655164943e-07;;;;ROUGE;False
1787665596.2400293;21.71014511299927;BLE Sniffer;Appareil BLE;2,4 GHz BLE;57:10:3b:9d:cc:43;-73.0;;;;-73.0;5.011872336272715e-11;0.00028;1.40332425415636e-14;4.689078992515573e-13;25;0x00;37;VERT;False
1787665596.2401104;21.71022437299962;BLE Sniffer;iBeacon;2,4 GHz BLE;6a:02:42:35:15:d4;-73.0;;;;-73.0;5.011872336272715e-11;0.000368;1.844369019748359e-14;7.665214867895907e-12;36;0x00;38;VERT;False
1787665596.2419121;21.710730934999447;Simulation RF;Détection RF large bande;868 MHz;868 MHz;;2615;2.107256452697131;-40.290258107885236;-73.29025810788524;4.687855206733812e-11;0.1;4.687855206733812e-12;3.7193058319909823e-09;;;;VERT;True
1787665596.2420537;21.710730934999447;Simulation RF;Détection RF large bande;2,45 GHz;2,45 GHz;;2840;2.288984410212484;-47.55937640849936;-64.25937640849936;3.750268474531062e-10;0.1;3.750268474531062e-11;1.2718120502064547e-08;;;;ORANGE;True
1787665596.257793;21.72790827999961;Wi-Fi;Wi-Fi;2,4/5 GHz;wlan0;-48.0;;;;-48.0;1.5848931924611143e-08;0.1;1.5848931924611144e-09;3.5657978974411057e-07;;;;ROUGE;False
1787665596.3409069;21.810818838999694;Simulation RF;Détection RF large bande;868 MHz;868 MHz;;2708;2.181880793864907;-43.27523175459629;-76.27523175459629;2.3576363809510686e-11;0.1;2.357636380951069e-12;3.7216634683719333e-09;;;;VERT;True
1787665596.341073;21.810818838999694;Simulation RF;Détection RF large bande;2,45 GHz;2,45 GHz;;2795;2.252246915304855;-46.0898766121942;-62.7898766121942;5.260322113280742e-10;0.1;5.260322113280742e-11;1.2770723723197354e-08;;;;ORANGE;True
1787665596.3438733;21.81398934199933;BLE Sniffer;iBeacon;2,4 GHz BLE;6a:02:42:35:15:d4;-63.0;;;;-63.0;5.011872336272714e-10;0.000368;1.8443690197483588e-13;7.849651769870743e-12;36;0x00;39;ORANGE;False
1787665596.351048;21.82116307999968;Wi-Fi;Wi-Fi;2,4/5 GHz;wlan0;-48.0;;;;-48.0;1.5848931924611143e-08;0.1;1.5848931924611144e-09;3.581646829365717e-07;;;;ROUGE;False
1787665596.4409962;21.910907576999307;Simulation RF;Détection RF large bande;868 MHz;868 MHz;;2705;2.1799974299589167;-43.199897198356666;-76.19989719835667;2.3988897023531785e-11;0.1;2.3988897023531785e-12;3.7240623580742865e-09;;;;VERT;True
1787665596.4411602;21.910907576999307;Simulation RF;Détection RF large bande;2,45 GHz;2,45 GHz;;2779;2.2392841902403267;-45.57136760961306;-62.271367609613065;5.927386395667892e-10;0.1;5.927386395667892e-11;1.2829997587154033e-08;;;;ORANGE;True
1787665596.4479194;21.91803473999971;BLE Sniffer;Appareil BLE;2,4 GHz BLE;57:10:3b:9d:cc:43;-73.0;;;;-73.0;5.011872336272715e-11;0.00028;1.40332425415636e-14;4.829411417931209e-13;25;0x00;37;VERT;False
1787665596.4544325;21.924547487999916;Wi-Fi;Wi-Fi;2,4/5 GHz;wlan0;-48.0;;;;-48.0;1.5848931924611143e-08;0.1;1.5848931924611144e-09;3.5974957612903284e-07;;;;ROUGE;False
1787665596.5410895;22.010994313999618;Simulation RF;Détection RF large bande;868 MHz;868 MHz;;2662;2.145474294910334;-41.818971796413365;-74.81897179641336;3.2968775738041795e-11;0.1;3.2968775738041798e-12;3.727359235648091e-09;;;;VERT;True
1787665596.5412567;22.010994313999618;Simulation RF;Détection RF large bande;2,45 GHz;2,45 GHz;;2867;2.3108028200902533;-48.432112803610124;-65.13211280361013;3.0675292999044066e-10;0.1;3.0675292999044065e-11;1.2860672880153077e-08;;;;ORANGE;True
1787665596.552333;22.022448475999227;BLE Sniffer;Appareil BLE;2,4 GHz BLE;57:10:3b:9d:cc:43;-74.0;;;;-74.0;3.9810717055349695e-11;0.00028;1.1147000775497913e-14;4.940881425686188e-13;25;0x00;38;VERT;False
1787665596.5524685;22.02258244099994;BLE Sniffer;Appareil BLE;2,4 GHz BLE;57:10:3b:9d:cc:43;-75.0;;;;-75.0;3.1622776601683794e-11;0.00028;8.854377448471461e-15;5.029425200170903e-13;25;0x00;39;VERT;False
1787665596.5525095;22.02262323800005;BLE Sniffer;Appareil BLE;2,4 GHz BLE;d3:23:2f:4d:3e:b1;-72.0;;;;-72.0;6.309573444801942e-11;0.000376;2.3723996152455302e-14;2.375974587936122e-13;37;0x00;37;VERT;False
1787665596.5559435;22.026059354999234;Wi-Fi;Wi-Fi;2,4/5 GHz;wlan0;-47.0;;;;-47.0;1.9952623149688786e-08;0.1;1.9952623149688786e-09;3.6174483844400174e-07;;;;ROUGE;False
1787665596.6411743;22.11108147699997;Simulation RF;Détection RF large bande;868 MHz;868 MHz;;2708;2.181890924130207;-43.27563696520828;-76.27563696520828;2.357416416214273e-11;0.1;2.3574164162142734e-12;3.729716652064305e-09;;;;VERT;True
1787665596.6413386;22.11108147699997;Simulation RF;Détection RF large bande;2,45 GHz;2,45 GHz;;2797;2.253814050770311;-46.15256203081243;-62.85256203081243;5.184940737933203e-10;0.1;5.1849407379332034e-11;1.2912522287532409e-08;;;;ORANGE;True
1787665596.651384;22.121499811999456;Wi-Fi;Wi-Fi;2,4/5 GHz;wlan0;-47.0;;;;-47.0;1.9952623149688786e-08;0.1;1.9952623149688786e-09;3.6374010075897063e-07;;;;ROUGE;False
1787665596.7412267;22.211157177999667;Simulation RF;Détection RF large bande;868 MHz;868 MHz;;2664;2.147142702635799;-41.88570810543196;-74.88570810543196;3.2466030286592854e-11;0.1;3.2466030286592855e-12;3.732963255092964e-09;;;;VERT;True
1787665596.7413688;22.211157177999667;Simulation RF;Détection RF large bande;2,45 GHz;2,45 GHz;;2858;2.3030454972047116;-48.121819888188455;-64.82181988818846;3.2947161989630927e-10;0.1;3.2947161989630926e-11;1.294546944952204e-08;;;;ORANGE;True
1787665596.7512183;22.221333638999567;Wi-Fi;Wi-Fi;2,4/5 GHz;wlan0;-47.0;;;;-47.0;1.9952623149688786e-08;0.1;1.9952623149688786e-09;3.657353630739395e-07;;;;ROUGE;False
1787665596.7589834;22.229098680999414;BLE Sniffer;Appareil BLE;2,4 GHz BLE;57:10:3b:9d:cc:43;-74.0;;;;-74.0;3.9810717055349695e-11;0.00028;1.1147000775497913e-14;5.140895207925881e-13;25;0x00;38;VERT;False
1787665596.759074;22.229187959999763;BLE Sniffer;Appareil BLE;2,4 GHz BLE;57:10:3b:9d:cc:43;-74.0;;;;-74.0;3.9810717055349695e-11;0.00028;1.1147000775497913e-14;5.25236521568086e-13;25;0x00;39;VERT;False
1787665596.8413174;22.31124434100002;Simulation RF;Détection RF large bande;868 MHz;868 MHz;;2682;2.1613543114185596;-42.454172456742384;-75.45417245674238;2.8482804851155752e-11;0.1;2.8482804851155755e-12;3.73581153557808e-09;;;;VERT;True
1787665596.8414798;22.31124434100002;Simulation RF;Détection RF large bande;2,45 GHz;2,45 GHz;;2827;2.277935797419008;-47.11743189676032;-63.81743189676032;4.1519948898478715e-10;0.1;4.151994889847872e-11;1.2986989398420517e-08;;;;ORANGE;True
1787665596.8504236;22.320538790999308;Wi-Fi;Wi-Fi;2,4/5 GHz;wlan0;-47.0;;;;-47.0;1.9952623149688786e-08;0.1;1.9952623149688786e-09;3.677306253889084e-07;;;;ROUGE;False
1787665596.863041;22.333156597999732;BLE Sniffer;iBeacon;2,4 GHz BLE;6a:02:42:35:15:d4;-68.0;;;;-68.0;1.584893192461111e-10;0.000368;5.832406948256888e-14;7.907975839353311e-12;36;0x00;37;ORANGE;False
1787665596.864611;22.33472678399994;Simulation LoRa;LoRa;868 MHz;LoRa 868.100 MHz;-88.2484043833;;;;-88.2484043833;1.4967854805400976e-12;0.046335999999999995;6.935505202630595e-14;1.6717890946955692e-12;13;"SNR=7.02;SF=7;BW=125.0;CR=4/5;F=868.100;CRC=OK;PAYLOAD=54454d504f5f4c4f52415f3231";7;VERT;True
1787665596.864693;22.334807137000098;BLE Sniffer;iBeacon;2,4 GHz BLE;6a:02:42:35:15:d4;-69.0;;;;-69.0;1.2589254117941662e-10;0.000368;4.6328455154025316e-14;7.954304294507337e-12;36;0x00;38;ORANGE;False
1787665596.941411;22.411331522999717;Simulation RF;Détection RF large bande;868 MHz;868 MHz;;2714;2.1871274582666134;-43.48509833066453;-76.48509833066453;2.2464159132525445e-11;0.1;2.2464159132525446e-12;3.738057951491333e-09;;;;VERT;True
1787665596.9415722;22.411331522999717;Simulation RF;Détection RF large bande;2,45 GHz;2,45 GHz;;2784;2.2436326213017357;-45.745304852069424;-62.44530485206943;5.69468249024724e-10;0.1;5.6946824902472404e-11;1.304393622332299e-08;;;;ORANGE;True
1787665596.9503849;22.420500730999265;Wi-Fi;Wi-Fi;2,4/5 GHz;wlan0;-47.0;;;;-47.0;1.9952623149688786e-08;0.1;1.9952623149688786e-09;3.697258877038773e-07;;;;ROUGE;False
1787665596.9688036;22.438920146999408;BLE Sniffer;iBeacon;2,4 GHz BLE;6a:02:42:35:15:d4;-63.0;;;;-63.0;5.011872336272714e-10;0.000368;1.8443690197483588e-13;8.138741196482173e-12;36;0x00;39;ORANGE;False
1787665597.0414965;22.511416186000133;Simulation RF;Détection RF large bande;868 MHz;868 MHz;;2758;2.2224522517785803;-44.898090071143216;-77.89809007114322;1.6225234895958907e-11;0.1;1.6225234895958907e-12;3.739680474980929e-09;;;;VERT;True
1787665597.0416493;22.511416186000133;Simulation RF;Détection RF large bande;2,45 GHz;2,45 GHz;;2839;2.287890657849924;-47.51562631399695;-64.21562631399695;3.788238980510577e-10;0.1;3.788238980510577e-11;1.3081818613128095e-08;;;;ORANGE;True
1787665597.051106;22.52122088299984;Wi-Fi;Wi-Fi;2,4/5 GHz;wlan0;-47.0;;;;-47.0;1.9952623149688786e-08;0.1;1.9952623149688786e-09;3.717211500188462e-07;;;;ROUGE;False
1787665597.071916;22.542032532999656;BLE Sniffer;Appareil BLE;2,4 GHz BLE;57:10:3b:9d:cc:43;-72.0;;;;-72.0;6.309573444801942e-11;0.00028;1.7666805645445437e-14;5.429033272135314e-13;25;0x00;37;VERT;False
1787665597.14158;22.61150131299928;Simulation RF;Détection RF large bande;868 MHz;868 MHz;;2664;2.1471408085924915;-41.885632343699655;-74.88563234369965;3.2466596654403726e-11;0.1;3.2466596654403727e-12;3.742927134646369e-09;;;;VERT;True
1787665597.1417406;22.61150131299928;Simulation RF;Détection RF large bande;2,45 GHz;2,45 GHz;;2880;2.3212125048185404;-48.84850019274161;-65.54850019274161;2.787083503299526e-10;0.1;2.787083503299526e-11;1.310968944816109e-08;;;;ORANGE;True
1787665597.15133;22.62144493699998;Wi-Fi;Wi-Fi;2,4/5 GHz;wlan0;-47.0;;;;-47.0;1.9952623149688786e-08;0.1;1.9952623149688786e-09;3.737164123338151e-07;;;;ROUGE;False
1787665597.1752625;22.64537851499972;BLE Sniffer;iBeacon;2,4 GHz BLE;6a:02:42:35:15:d4;-66.0;;;;-66.0;2.511886431509582e-10;0.000368;9.243742067955262e-14;8.231178617161725e-12;36;0x00;38;ORANGE;False
1787665597.176962;22.647077296000134;BLE Sniffer;iBeacon;2,4 GHz BLE;6a:02:42:35:15:d4;-63.0;;;;-63.0;5.011872336272714e-10;0.000368;1.8443690197483588e-13;8.41561551913656e-12;36;0x00;39;ORANGE;False
1787665597.241665;22.711587920000056;Simulation RF;Détection RF large bande;868 MHz;868 MHz;;2725;2.1957422523962733;-43.82969009585092;-76.82969009585092;2.075061584556352e-11;0.1;2.075061584556352e-12;3.7450021962309256e-09;;;;VERT;True
1787665597.241827;22.711587920000056;Simulation RF;Détection RF large bande;2,45 GHz;2,45 GHz;;2821;2.273505817617708;-46.94023270470831;-63.6402327047083;4.3249065659631496e-10;0.1;4.32490656596315e-11;1.3152938513820721e-08;;;;ORANGE;True
1787665597.2517889;22.721904012999403;Wi-Fi;Wi-Fi;2,4/5 GHz;wlan0;-47.0;;;;-47.0;1.9952623149688786e-08;0.1;1.9952623149688786e-09;3.75711674648784e-07;;;;ROUGE;False
1787665597.2814283;22.751544606999232;BLE Sniffer;Appareil BLE;2,4 GHz BLE;57:10:3b:9d:cc:43;-69.0;;;;-69.0;1.2589254117941662e-10;0.00028;3.524991153023665e-14;5.781532387437681e-13;25;0x00;37;ORANGE;False
1787665597.2822502;22.75236626500009;BLE Sniffer;Appareil BLE;2,4 GHz BLE;57:10:3b:9d:cc:43;-73.0;;;;-73.0;5.011872336272715e-11;0.00028;1.40332425415636e-14;5.921864812853317e-13;25;0x00;38;VERT;False
1787665597.341755;22.811673008999605;Simulation RF;Détection RF large bande;868 MHz;868 MHz;;2741;2.2090252245498916;-44.36100898199565;-77.36100898199565;1.8361117160339343e-11;0.1;1.8361117160339342e-12;3.746838307946959e-09;;;;VERT;True
1787665597.3419163;22.811673008999605;Simulation RF;Détection RF large bande;2,45 GHz;2,45 GHz;;2848;2.294704725362894;-47.78818901451575;-64.48818901451575;3.5577964590965135e-10;0.1;3.5577964590965135e-11;1.3188516478411686e-08;;;;ORANGE;True
1787665597.3527768;22.822891447000075;Wi-Fi;Wi-Fi;2,4/5 GHz;wlan0;-47.0;;;;-47.0;1.9952623149688786e-08;0.1;1.9952623149688786e-09;3.777069369637529e-07;;;;ROUGE;False
1787665597.3850992;22.855214962999526;BLE Sniffer;Appareil BLE;2,4 GHz BLE;57:10:3b:9d:cc:43;-74.0;;;;-74.0;3.9810717055349695e-11;0.00028;1.1147000775497913e-14;6.033334820608296e-13;25;0x00;39;VERT;False
1787665597.441827;22.911755432000064;Simulation RF;Détection RF large bande;868 MHz;868 MHz;;2740;2.2082255180977337;-44.32902072390934;-77.32902072390934;1.8496856513850075e-11;0.1;1.8496856513850076e-12;3.748687993598344e-09;;;;VERT;True
1787665597.4419754;22.911755432000064;Simulation RF;Détection RF large bande;2,45 GHz;2,45 GHz;;2824;2.275388843438759;-47.01555373755035;-63.715553737550344;4.2505450771680964e-10;0.1;4.250545077168097e-11;1.3231021929183367e-08;;;;ORANGE;True
1787665597.452525;22.9226400689995;Wi-Fi;Wi-Fi;2,4/5 GHz;wlan0;-47.0;;;;-47.0;1.9952623149688786e-08;0.1;1.9952623149688786e-09;3.797021992787218e-07;;;;ROUGE;False
1787665597.4884923;22.958608167999955;BLE Sniffer;iBeacon;2,4 GHz BLE;6a:02:42:35:15:d4;-68.0;;;;-68.0;1.584893192461111e-10;0.000368;5.832406948256888e-14;8.47393958861913e-12;36;0x00;37;ORANGE;False
1787665597.488589;22.958703020999565;BLE Sniffer;iBeacon;2,4 GHz BLE;6a:02:42:35:15:d4;-66.0;;;;-66.0;2.511886431509582e-10;0.000368;9.243742067955262e-14;8.566377009298681e-12;36;0x00;38;ORANGE;False
1787665597.4905756;22.96069197199995;BLE Sniffer;iBeacon;2,4 GHz BLE;6a:02:42:35:15:d4;-64.0;;;;-64.0;3.9810717055349694e-10;0.000368;1.4650343876368688e-13;8.712880448062368e-12;36;0x00;39;ORANGE;False
1787665597.541926;23.011843076999867;Simulation RF;Détection RF large bande;868 MHz;868 MHz;;2752;2.2176585468479164;-44.70634187391666;-77.70634187391666;1.6957655672436038e-11;0.1;1.6957655672436038e-12;3.7503837591655876e-09;;;;VERT;True
1787665597.5420883;23.011843076999867;Simulation RF;Détection RF large bande;2,45 GHz;2,45 GHz;;2863;2.30750163374474;-48.30006534978959;-65.0000653497896;3.1622300766430157e-10;0.1;3.162230076643016e-11;1.3262644229949796e-08;;;;ORANGE;True
1787665597.5529182;23.023033401999783;Wi-Fi;Wi-Fi;2,4/5 GHz;wlan0;-47.0;;;;-47.0;1.9952623149688786e-08;0.1;1.9952623149688786e-09;3.8169746159369067e-07;;;;ROUGE;False
1787665597.595408;23.065523472999303;BLE Sniffer;Appareil BLE;2,4 GHz BLE;57:10:3b:9d:cc:43;-70.0;;;;-70.0;1e-10;0.00028;2.7999999999999997e-14;6.313334820608295e-13;25;0x00;37;ORANGE;False
1787665597.5971549;23.067270864999955;BLE Sniffer;Appareil BLE;2,4 GHz BLE;57:10:3b:9d:cc:43;-73.0;;;;-73.0;5.011872336272715e-11;0.00028;1.40332425415636e-14;6.453667246023931e-13;25;0x00;38;VERT;False
1787665597.5979755;23.06809165300001;BLE Sniffer;Appareil BLE;2,4 GHz BLE;57:10:3b:9d:cc:43;-75.0;;;;-75.0;3.1622776601683794e-11;0.00028;8.854377448471461e-15;6.542211020508646e-13;25;0x00;39;VERT;False
1787665597.6420164;23.11193246199946;Simulation RF;Détection RF large bande;868 MHz;868 MHz;;2710;2.183679042261462;-43.34716169045848;-76.34716169045848;2.3189096664905307e-11;0.1;2.318909666490531e-12;3.752702668832078e-09;;;;VERT;True
1787665597.6421769;23.11193246199946;Simulation RF;Détection RF large bande;2,45 GHz;2,45 GHz;;2874;2.3159688477055065;-48.63875390822025;-65.33875390822026;2.9249915054819845e-10;0.1;2.924991505481985e-11;1.3291894145004616e-08;;;;ORANGE;True
1787665597.6519456;23.122060237999904;Wi-Fi;Wi-Fi;2,4/5 GHz;wlan0;-47.0;;;;-47.0;1.9952623149688786e-08;0.1;1.9952623149688786e-09;3.8369272390865956e-07;;;;ROUGE;False
1787665597.7046313;23.174747398999898;BLE Sniffer;iBeacon;2,4 GHz BLE;6a:02:42:35:15:d4;-69.0;;;;-69.0;1.2589254117941662e-10;0.000368;4.6328455154025316e-14;8.759208903216394e-12;36;0x00;37;ORANGE;False
1787665597.7047246;23.17483895499936;BLE Sniffer;iBeacon;2,4 GHz BLE;6a:02:42:35:15:d4;-70.0;;;;-70.0;1e-10;0.000368;3.68e-14;8.796008903216394e-12;36;0x00;38;ORANGE;False
1787665597.7421;23.212017107000065;Simulation RF;Détection RF large bande;868 MHz;868 MHz;;2807;2.2622544344817985;-46.49017737927194;-79.49017737927194;1.1245590425664245e-11;0.1;1.1245590425664246e-12;3.7538272278746445e-09;;;;VERT;True
1787665597.7422633;23.212017107000065;Simulation RF;Détection RF large bande;2,45 GHz;2,45 GHz;;2789;2.2478515597073963;-45.91406238829585;-62.61406238829585;5.47764346725473e-10;0.1;5.47764346725473e-11;1.3346670579677163e-08;;;;ORANGE;True
1787665597.753319;23.22343386099965;Wi-Fi;Wi-Fi;2,4/5 GHz;wlan0;-47.0;;;;-47.0;1.9952623149688786e-08;0.1;1.9952623149688786e-09;3.8568798622362846e-07;;;;ROUGE;False
1787665597.8071668;23.277282203999675;BLE Sniffer;iBeacon;2,4 GHz BLE;6a:02:42:35:15:d4;-64.0;;;;-64.0;3.9810717055349694e-10;0.000368;1.4650343876368688e-13;8.942512341980081e-12;36;0x00;39;ORANGE;False
1787665597.8095536;23.279670307999368;BLE Sniffer;Appareil BLE;2,4 GHz BLE;57:10:3b:9d:cc:43;-74.0;;;;-74.0;3.9810717055349695e-11;0.00028;1.1147000775497913e-14;6.653681028263625e-13;25;0x00;37;VERT;False
1787665597.842199;23.31211091899968;Simulation RF;Détection RF large bande;868 MHz;868 MHz;;2760;2.2245604352000563;-44.98241740800225;-77.98241740800225;1.591322704492742e-11;0.1;1.5913227044927423e-12;3.755418550579137e-09;;;;VERT;True
1787665597.8423617;23.31211091899968;Simulation RF;Détection RF large bande;2,45 GHz;2,45 GHz;;2851;2.2978731948249926;-47.914927792999706;-64.61492779299971;3.4554707469120956e-10;0.1;3.455470746912096e-11;1.3381225287146283e-08;;;;ORANGE;True
1787665597.8514452;23.321560278000106;Wi-Fi;Wi-Fi;2,4/5 GHz;wlan0;-47.0;;;;-47.0;1.9952623149688786e-08;0.1;1.9952623149688786e-09;3.8768324853859735e-07;;;;ROUGE;False
1787665597.9130008;23.383116049999444;Simulation LoRa;LoRa;868 MHz;LoRa 868.100 MHz;-87.88090053637646;;;;-87.88090053637646;1.6289582230896606e-12;0.046335999999999995;7.54794082250825e-14;1.7472685029206518e-12;13;"SNR=6.99;SF=7;BW=125.0;CR=4/5;F=868.100;CRC=OK;PAYLOAD=54454d504f5f4c4f52415f3232";7;VERT;True
1787665597.9422731;23.412195099999735;Simulation RF;Détection RF large bande;868 MHz;868 MHz;;2725;2.1959949478931984;-43.83979791572793;-76.83979791572793;2.070237678069503e-11;0.1;2.070237678069503e-12;3.757488788257206e-09;;;;VERT;True
1787665597.942429;23.412195099999735;Simulation RF;Détection RF large bande;2,45 GHz;2,45 GHz;;2829;2.2798316505295273;-47.19326602118109;-63.893266021181084;4.080124336772484e-10;0.1;4.0801243367724845e-11;1.3422026530514007e-08;;;;ORANGE;True
1787665597.9577224;23.42783738899925;Wi-Fi;Wi-Fi;2,4/5 GHz;wlan0;-47.0;;;;-47.0;1.9952623149688786e-08;0.1;1.9952623149688786e-09;3.8967851085356625e-07;;;;ROUGE;False
1787665598.0423696;23.51228439299939;Simulation RF;Détection RF large bande;868 MHz;868 MHz;;2703;2.1782637106059695;-43.13054842423878;-76.13054842423878;2.437502992645253e-11;0.1;2.437502992645253e-12;3.759926291249852e-09;;;;VERT;True
1787665598.0425696;23.51228439299939;Simulation RF;Détection RF large bande;2,45 GHz;2,45 GHz;;2854;2.2996703951933073;-47.986815807732285;-64.68681580773229;3.3987437285649264e-10;0.1;3.3987437285649264e-11;1.3456013967799656e-08;;;;ORANGE;True
1787665598.051737;23.521852531999684;Wi-Fi;Wi-Fi;2,4/5 GHz;wlan0;-47.0;;;;-47.0;1.9952623149688786e-08;0.1;1.9952623149688786e-09;3.9167377316853514e-07;;;;ROUGE;False
1787665598.142452;23.612370834000103;Simulation RF;Détection RF large bande;868 MHz;868 MHz;;2777;2.237793649737165;-45.511745989486585;-78.51174598948658;1.4087223374196055e-11;0.1;1.4087223374196056e-12;3.761335013587271e-09;;;;VERT;True
1787665598.1426156;23.612370834000103;Simulation RF;Détection RF large bande;2,45 GHz;2,45 GHz;;2926;2.3575547098437926;-50.30218839375169;-67.0021883937517;1.9942571629721505e-10;0.1;1.9942571629721507e-11;1.3475956539429377e-08;;;;ORANGE;True
1787665598.152946;23.623061708999558;Wi-Fi;Wi-Fi;2,4/5 GHz;wlan0;-47.0;;;;-47.0;1.9952623149688786e-08;0.1;1.9952623149688786e-09;3.9366903548350403e-07;;;;ROUGE;False
1787665598.2425227;23.712456497999483;Simulation RF;Détection RF large bande;868 MHz;868 MHz;;2737;2.2059148733614307;-44.23659493445723;-77.23659493445723;1.8894722003214706e-11;0.1;1.889472200321471e-12;3.763224485787593e-09;;;;VERT;True
1787665598.242671;23.712456497999483;Simulation RF;Détection RF large bande;2,45 GHz;2,45 GHz;;2853;2.29904812702882;-47.961925081152785;-64.66192508115279;3.4182788813785603e-10;0.1;3.4182788813785604e-11;1.3510139328243163e-08;;;;ORANGE;True
1787665598.2518373;23.721952264999345;Wi-Fi;Wi-Fi;2,4/5 GHz;wlan0;-47.0;;;;-47.0;1.9952623149688786e-08;0.1;1.9952623149688786e-09;3.956642977984729e-07;;;;ROUGE;False
1787665598.3272552;23.79737109999951;BLE Sniffer;iBeacon;2,4 GHz BLE;6a:02:42:35:15:d4;-72.0;;;;-72.0;6.309573444801942e-11;0.000368;2.3219230276871148e-14;8.965731572256952e-12;36;0x00;38;VERT;False
1787665598.3273375;23.79745148999973;BLE Sniffer;iBeacon;2,4 GHz BLE;6a:02:42:35:15:d4;-62.0;;;;-62.0;6.309573444801942e-10;0.000368;2.321923027687115e-13;9.197923875025664e-12;36;0x00;39;ORANGE;False
1787665598.3426125;23.812539697999455;Simulation RF;Détection RF large bande;868 MHz;868 MHz;;2782;2.24175738362481;-45.6702953449924;-78.6702953449924;1.3582210766744278e-11;0.1;1.3582210766744279e-12;3.764582706864267e-09;;;;VERT;True
1787665598.3427758;23.812539697999455;Simulation RF;Détection RF large bande;2,45 GHz;2,45 GHz;;2884;2.3239987660396193;-48.95995064158477;-65.65995064158477;2.7164701418768235e-10;0.1;2.7164701418768237e-11;1.3537304029661932e-08;;;;ORANGE;True
1787665598.3547013;23.82481585200003;Wi-Fi;Wi-Fi;2,4/5 GHz;wlan0;-47.0;;;;-47.0;1.9952623149688786e-08;0.1;1.9952623149688786e-09;3.976595601134418e-07;;;;ROUGE;False
1787665598.4308805;23.90099717799967;BLE Sniffer;Appareil BLE;2,4 GHz BLE;57:10:3b:9d:cc:43;-72.0;;;;-72.0;6.309573444801942e-11;0.00028;1.7666805645445437e-14;6.830349084718079e-13;25;0x00;37;VERT;False
1787665598.4426951;23.912624304999554;Simulation RF;Détection RF large bande;868 MHz;868 MHz;;2611;2.103917775598695;-40.15671102394779;-73.15671102394779;4.834247681408528e-11;0.1;4.834247681408528e-12;3.769416954545675e-09;;;;VERT;True
1787665598.4428537;23.912624304999554;Simulation RF;Détection RF large bande;2,45 GHz;2,45 GHz;;2857;2.302708060905994;-48.10832243623976;-64.80832243623976;3.304971786297011e-10;0.1;3.3049717862970116e-11;1.3570353747524903e-08;;;;ORANGE;True
1787665598.45269;23.922805915000026;Wi-Fi;Wi-Fi;2,4/5 GHz;wlan0;-48.0;;;;-48.0;1.5848931924611143e-08;0.1;1.5848931924611144e-09;3.9924445330590296e-07;;;;ROUGE;False
1787665598.5361762;24.006293424999967;BLE Sniffer;Appareil BLE;2,4 GHz BLE;d3:23:2f:4d:3e:b1;-72.0;;;;-72.0;6.309573444801942e-11;0.000376;2.3723996152455302e-14;2.613214549460675e-13;37;0x00;38;VERT;False
1787665598.5378335;24.007949408999593;BLE Sniffer;Appareil BLE;2,4 GHz BLE;d3:23:2f:4d:3e:b1;-86.0;;;;-86.0;2.5118864315095823e-12;0.000376;9.44469298247603e-16;2.6226592424431515e-13;37;0x00;39;VERT;False
1787665598.5461383;24.012743894999403;Simulation RF;Détection RF large bande;868 MHz;868 MHz;;2817;2.2697473274994304;-46.789893099977206;-79.7898930999772;1.0495682630792076e-11;0.1;1.0495682630792077e-12;3.770466522808755e-09;;;;VERT;True
1787665598.5481644;24.012743894999403;Simulation RF;Détection RF large bande;2,45 GHz;2,45 GHz;;2830;2.2802705123675158;-47.21082049470063;-63.91082049470063;4.063665487520077e-10;0.1;4.063665487520077e-11;1.3610990402400103e-08;;;;ORANGE;True
1787665598.5590148;24.029129840999303;Wi-Fi;Wi-Fi;2,4/5 GHz;wlan0;-49.0;;;;-49.0;1.2589254117941661e-08;0.1;1.2589254117941663e-09;4.0050337871769715e-07;;;;ROUGE;False
1787665598.642745;24.112860669999463;BLE Sniffer;iBeacon;2,4 GHz BLE;6a:02:42:35:15:d4;-71.0;;;;-71.0;7.943282347242822e-11;0.000368;2.923127903785358e-14;9.227155154063518e-12;36;0x00;37;VERT;False
1787665598.6440954;24.112912429999596;Simulation RF;Détection RF large bande;868 MHz;868 MHz;;2830;2.280672876406805;-47.22691505627219;-80.22691505627219;9.490923970284507e-12;0.1;9.490923970284507e-13;3.771415615205784e-09;;;;VERT;True
1787665598.644229;24.112912429999596;Simulation RF;Détection RF large bande;2,45 GHz;2,45 GHz;;2944;2.3723279297577604;-50.893117190310406;-67.59311719031041;1.7405571233608974e-10;0.1;1.7405571233608976e-11;1.3628395973633712e-08;;;;ORANGE;True
1787665598.6529608;24.123075704999792;Wi-Fi;Wi-Fi;2,4/5 GHz;wlan0;-49.0;;;;-49.0;1.2589254117941661e-08;0.1;1.2589254117941663e-09;4.0176230412949134e-07;;;;ROUGE;False
1787665598.7431214;24.21300668599997;Simulation RF;Détection RF large bande;868 MHz;868 MHz;;2762;2.226048385020729;-45.04193540082916;-78.04193540082916;1.569663139823803e-11;0.1;1.569663139823803e-12;3.772985278345607e-09;;;;VERT;True
1787665598.7433298;24.21300668599997;Simulation RF;Détection RF large bande;2,45 GHz;2,45 GHz;;2904;2.3400143985462805;-49.60057594185122;-66.30057594185122;2.3439179548280075e-10;0.1;2.3439179548280077e-11;1.3651835153181992e-08;;;;ORANGE;True
1787665598.7648833;24.235000368999863;Wi-Fi;Wi-Fi;2,4/5 GHz;wlan0;-50.0;;;;-50.0;1e-08;0.1;1e-09;4.0276230412949136e-07;;;;ROUGE;False
1787665598.8431606;24.313086385999668;Simulation RF;Détection RF large bande;868 MHz;868 MHz;;2776;2.237094967535197;-45.48379870140789;-78.48379870140789;1.4178168384214306e-11;0.1;1.4178168384214306e-12;3.774403095184029e-09;;;;VERT;True
1787665598.843296;24.313086385999668;Simulation RF;Détection RF large bande;2,45 GHz;2,45 GHz;;2904;2.3402818037592;-49.611272150367995;-66.311272150368;2.338152238723807e-10;0.1;2.3381522387238074e-11;1.367521667556923e-08;;;;ORANGE;True
1787665598.852159;24.322274260000086;Wi-Fi;Wi-Fi;2,4/5 GHz;wlan0;-50.0;;;;-50.0;1e-08;0.1;1e-09;4.037623041294914e-07;;;;ROUGE;False
1787665598.8559105;24.326026806999835;BLE Sniffer;iBeacon;2,4 GHz BLE;6a:02:42:35:15:d4;-66.0;;;;-66.0;2.511886431509582e-10;0.000368;9.243742067955262e-14;9.31959257474307e-12;36;0x00;38;ORANGE;False
1787665598.8576398;24.32775568099987;Simulation LoRa;LoRa;868 MHz;LoRa 868.100 MHz;-86.47354133835024;;;;-86.47354133835024;2.252401802234072e-12;0.046335999999999995;1.0436728990831795e-13;1.8516357928289697e-12;13;"SNR=6.94;SF=7;BW=125.0;CR=4/5;F=868.100;CRC=OK;PAYLOAD=54454d504f5f4c4f52415f3233";7;VERT;True
1787665598.9432523;24.41317102999983;Simulation RF;Détection RF large bande;868 MHz;868 MHz;;2711;2.184352262867211;-43.37409051468845;-76.37409051468845;2.304575542204219e-11;0.1;2.3045755422042195e-12;3.776707670726233e-09;;;;VERT;True
1787665598.943414;24.41317102999983;Simulation RF;Détection RF large bande;2,45 GHz;2,45 GHz;;2895;2.3328966968188007;-49.31586787275202;-66.01586787275203;2.502725466048747e-10;0.1;2.502725466048747e-11;1.3700243930229718e-08;;;;ORANGE;True
1787665598.9535656;24.423680977000004;Wi-Fi;Wi-Fi;2,4/5 GHz;wlan0;-50.0;;;;-50.0;1e-08;0.1;1e-09;4.047623041294914e-07;;;;ROUGE;False
1787665598.9601355;24.430250355999306;BLE Sniffer;iBeacon;2,4 GHz BLE;6a:02:42:35:15:d4;-63.0;;;;-63.0;5.011872336272714e-10;0.000368;1.8443690197483588e-13;9.504029476717905e-12;36;0x00;39;ORANGE;False
1787665598.9602005;24.43031446799978;BLE Sniffer;Appareil BLE;2,4 GHz BLE;57:10:3b:9d:cc:43;-70.0;;;;-70.0;1e-10;0.00028;2.7999999999999997e-14;7.110349084718079e-13;25;0x00;37;ORANGE;False
1787665599.0433495;24.513263453000036;Simulation RF;Détection RF large bande;868 MHz;868 MHz;;2727;2.19725645052463;-43.890258020985186;-76.89025802098519;2.0463230579346602e-11;0.1;2.0463230579346604e-12;3.7787539937841675e-09;;;;VERT;True
1787665599.0435107;24.513263453000036;Simulation RF;Détection RF large bande;2,45 GHz;2,45 GHz;;2885;2.3252768098053287;-49.01107239221314;-65.71107239221314;2.684681442309704e-10;0.1;2.684681442309704e-11;1.3727090744652814e-08;;;;ORANGE;True
1787665599.052515;24.522630181999375;Wi-Fi;Wi-Fi;2,4/5 GHz;wlan0;-50.0;;;;-50.0;1e-08;0.1;1e-09;4.0576230412949143e-07;;;;ROUGE;False
1787665599.1434233;24.61334778299988;Simulation RF;Détection RF large bande;868 MHz;868 MHz;;2749;2.215133165812217;-44.60532663248868;-77.60532663248868;1.73567071832399e-11;0.1;1.73567071832399e-12;3.7804896645024915e-09;;;;VERT;True
1787665599.143581;24.61334778299988;Simulation RF;Détection RF large bande;2,45 GHz;2,45 GHz;;2895;2.3329287356803237;-49.31714942721294;-66.01714942721294;2.501987048699506e-10;0.1;2.501987048699506e-11;1.3752110615139809e-08;;;;ORANGE;True
1787665599.153781;24.623895933999847;Wi-Fi;Wi-Fi;2,4/5 GHz;wlan0;-49.0;;;;-49.0;1.2589254117941661e-08;0.1;1.2589254117941663e-09;4.070212295412856e-07;;;;ROUGE;False
1787665599.1673448;24.637461121999877;BLE Sniffer;iBeacon;2,4 GHz BLE;6a:02:42:35:15:d4;-69.0;;;;-69.0;1.2589254117941662e-10;0.000368;4.6328455154025316e-14;9.550357931871932e-12;36;0x00;38;ORANGE;False
1787665599.1699355;24.64005120999991;BLE Sniffer;iBeacon;2,4 GHz BLE;6a:02:42:35:15:d4;-63.0;;;;-63.0;5.011872336272714e-10;0.000368;1.8443690197483588e-13;9.734794833846767e-12;36;0x00;39;ORANGE;False
1787665599.2435107;24.713434334999874;Simulation RF;Détection RF large bande;868 MHz;868 MHz;;2781;2.2413213951057545;-45.65285580423017;-78.65285580423017;1.3636861182151245e-11;0.1;1.3636861182151245e-12;3.781853350620706e-09;;;;VERT;True
1787665599.2436628;24.713434334999874;Simulation RF;Détection RF large bande;2,45 GHz;2,45 GHz;;2899;2.3361808543536733;-49.44723417414693;-66.14723417414693;2.4281559859057046e-10;0.1;2.4281559859057046e-11;1.3776392174998866e-08;;;;ORANGE;True
1787665599.2526283;24.722743284999524;Wi-Fi;Wi-Fi;2,4/5 GHz;wlan0;-49.0;;;;-49.0;1.2589254117941661e-08;0.1;1.2589254117941663e-09;4.082801549530798e-07;;;;ROUGE;False
1787665599.271843;24.741959210999994;BLE Sniffer;Appareil BLE;2,4 GHz BLE;57:10:3b:9d:cc:43;-70.0;;;;-70.0;1e-10;0.00028;2.7999999999999997e-14;7.390349084718079e-13;25;0x00;37;ORANGE;False
1787665599.3436928;24.813556127999618;Simulation RF;Détection RF large bande;868 MHz;868 MHz;;2736;2.2046754461211666;-44.187017844846665;-77.18701784484666;1.911165141371504e-11;0.1;1.9111651413715044e-12;3.7837645157620775e-09;;;;VERT;True
1787665599.3438983;24.813556127999618;Simulation RF;Détection RF large bande;2,45 GHz;2,45 GHz;;2954;2.380505823067282;-51.22023292269128;-67.92023292269128;1.6142719771732444e-10;0.1;1.6142719771732445e-11;1.3792534894770598e-08;;;;ORANGE;True
1787665599.3537643;24.823879571999896;Wi-Fi;Wi-Fi;2,4/5 GHz;wlan0;-49.0;;;;-49.0;1.2589254117941661e-08;0.1;1.2589254117941663e-09;4.09539080364874e-07;;;;ROUGE;False
1787665599.443723;24.913642012999844;Simulation RF;Détection RF large bande;868 MHz;868 MHz;;2778;2.238510818320547;-45.540432732821884;-78.54043273282188;1.3994478740591474e-11;0.1;1.3994478740591475e-12;3.785163963636137e-09;;;;VERT;True
1787665599.4438813;24.913642012999844;Simulation RF;Détection RF large bande;2,45 GHz;2,45 GHz;;2901;2.3381224975681043;-49.52489990272417;-66.22489990272418;2.3851187676440837e-10;0.1;2.3851187676440837e-11;1.3816386082447039e-08;;;;ORANGE;True
1787665599.4544592;24.924573816999327;Wi-Fi;Wi-Fi;2,4/5 GHz;wlan0;-49.0;;;;-49.0;1.2589254117941661e-08;0.1;1.2589254117941663e-09;4.107980057766682e-07;;;;ROUGE;False
1787665599.5438213;25.013733064999542;Simulation RF;Détection RF large bande;868 MHz;868 MHz;;2763;2.226551194133481;-45.062047765339244;-78.06204776533924;1.5624107682011875e-11;0.1;1.5624107682011875e-12;3.786726374404338e-09;;;;VERT;True
1787665599.5439832;25.013733064999542;Simulation RF;Détection RF large bande;2,45 GHz;2,45 GHz;;2881;2.3214176189786486;-48.85670475914594;-65.55670475914594;2.781823195705667e-10;0.1;2.7818231957056674e-11;1.3844204314404095e-08;;;;ORANGE;True
1787665599.5537848;25.02390004500012;Wi-Fi;Wi-Fi;2,4/5 GHz;wlan0;-48.0;;;;-48.0;1.5848931924611143e-08;0.1;1.5848931924611144e-09;4.1238289896912933e-07;;;;ROUGE;False
1787665599.6438994;25.113818005999747;Simulation RF;Détection RF large bande;868 MHz;868 MHz;;2810;2.2646847397182066;-46.58738958872826;-79.58738958872826;1.099666616788551e-11;0.1;1.099666616788551e-12;3.787826041021126e-09;;;;VERT;True
1787665599.6440578;25.113818005999747;Simulation RF;Détection RF large bande;2,45 GHz;2,45 GHz;;2841;2.289052844910007;-47.56211379640028;-64.26211379640029;3.747905399403786e-10;0.1;3.747905399403786e-11;1.3881683368398134e-08;;;;ORANGE;True
1787665599.6529;25.123014898999827;Wi-Fi;Wi-Fi;2,4/5 GHz;wlan0;-48.0;;;;-48.0;1.5848931924611143e-08;0.1;1.5848931924611144e-09;4.1396779216159047e-07;;;;ROUGE;False
1787665599.7439818;25.21390294699995;Simulation RF;Détection RF large bande;868 MHz;868 MHz;;2772;2.2338451538109148;-45.35380615243659;-78.35380615243659;1.4608962852303503e-11;0.1;1.4608962852303503e-12;3.7892869373063565e-09;;;;VERT;True
1787665599.7441418;25.21390294699995;Simulation RF;Détection RF large bande;2,45 GHz;2,45 GHz;;2858;2.303168955633498;-48.12675822533991;-64.82675822533992;3.2909719256434233e-10;0.1;3.2909719256434235e-11;1.3914593087654568e-08;;;;ORANGE;True
1787665599.7530246;25.223139303999233;Wi-Fi;Wi-Fi;2,4/5 GHz;wlan0;-48.0;;;;-48.0;1.5848931924611143e-08;0.1;1.5848931924611144e-09;4.155526853540516e-07;;;;ROUGE;False
1787665599.7894452;25.25956194599985;BLE Sniffer;Appareil BLE;2,4 GHz BLE;57:10:3b:9d:cc:43;-76.0;;;;-76.0;2.5118864315095823e-11;0.00028;7.03328200822683e-15;7.460681904800347e-13;25;0x00;38;VERT;False
1787665599.8440785;25.313990259000093;Simulation RF;Détection RF large bande;868 MHz;868 MHz;;2730;2.199690166392331;-43.98760665569324;-76.98760665569324;2.000964273028082e-11;0.1;2.0009642730280822e-12;3.7912879015793845e-09;;;;VERT;True
1787665599.8442426;25.313990259000093;Simulation RF;Détection RF large bande;2,45 GHz;2,45 GHz;;2915;2.349396013923053;-49.97584055692211;-66.67584055692211;2.1498885380680718e-10;0.1;2.1498885380680718e-11;1.3936091973035248e-08;;;;ORANGE;True
1787665599.8542383;25.324353166000037;Wi-Fi;Wi-Fi;2,4/5 GHz;wlan0;-48.0;;;;-48.0;1.5848931924611143e-08;0.1;1.5848931924611144e-09;4.1713757854651274e-07;;;;ROUGE;False
1787665599.8956826;25.36579914899994;Simulation LoRa;LoRa;868 MHz;LoRa 868.100 MHz;-85.1273364372453;;;;-85.1273364372453;3.070904821415291e-12;0.046335999999999995;1.4229344580509892e-13;1.9939292386340688e-12;13;"SNR=8.40;SF=7;BW=125.0;CR=4/5;F=868.100;CRC=OK;PAYLOAD=54454d504f5f4c4f52415f3234";7;VERT;True
1787665599.9441674;25.414076995999494;Simulation RF;Détection RF large bande;868 MHz;868 MHz;;2859;2.3043385630709987;-48.17354252283995;-81.17354252283995;7.63212979806577e-12;0.1;7.632129798065769e-13;3.792051114559191e-09;;;;VERT;True
1787665599.9444017;25.414076995999494;Simulation RF;Détection RF large bande;2,45 GHz;2,45 GHz;;2837;2.2866068234037176;-47.4642729361487;-64.1642729361487;3.833299093000995e-10;0.1;3.8332990930009954e-11;1.3974424963965258e-08;;;;ORANGE;True
1787665599.9541323;25.42424730899984;Wi-Fi;Wi-Fi;2,4/5 GHz;wlan0;-47.0;;;;-47.0;1.9952623149688786e-08;0.1;1.9952623149688786e-09;4.1913284086148164e-07;;;;ROUGE;False
1787665600.0017715;25.471887257999697;BLE Sniffer;iBeacon;2,4 GHz BLE;6a:02:42:35:15:d4;-64.0;;;;-64.0;3.9810717055349694e-10;0.000368;1.4650343876368688e-13;9.881298272610454e-12;36;0x00;39;ORANGE;False
1787665600.0018563;25.471970259000045;BLE Sniffer;Appareil BLE;2,4 GHz BLE;57:10:3b:9d:cc:43;-70.0;;;;-70.0;1e-10;0.00028;2.7999999999999997e-14;7.740681904800347e-13;25;0x00;37;ORANGE;False
1787665600.0442514;25.514164270000038;Simulation RF;Détection RF large bande;868 MHz;868 MHz;;2795;2.252706220572525;-46.10824882290099;-79.10824882290099;1.2279342632108252e-11;0.1;1.2279342632108253e-12;3.793279048822402e-09;;;;VERT;True
1787665600.044437;25.514164270000038;Simulation RF;Détection RF large bande;2,45 GHz;2,45 GHz;;2862;2.3064509683409864;-48.25803873363945;-64.95803873363946;3.1929794735617374e-10;0.1;3.192979473561738e-11;1.4006354758700876e-08;;;;ORANGE;True
1787665600.0530882;25.523203086999274;Wi-Fi;Wi-Fi;2,4/5 GHz;wlan0;-47.0;;;;-47.0;1.9952623149688786e-08;0.1;1.9952623149688786e-09;4.2112810317645053e-07;;;;ROUGE;False
1787665600.1443217;25.61424789600005;Simulation RF;Détection RF large bande;868 MHz;868 MHz;;2748;2.21452191796846;-44.580876718738395;-77.5808767187384;1.7454697559692538e-11;0.1;1.7454697559692539e-12;3.795024518578371e-09;;;;VERT;True
1787665600.1445043;25.61424789600005;Simulation RF;Détection RF large bande;2,45 GHz;2,45 GHz;;2971;2.393992886409818;-51.75971545639271;-68.45971545639271;1.4257010004570257e-10;0.1;1.4257010004570257e-11;1.4020611768705447e-08;;;;ORANGE;True
1787665600.1537905;25.623905368999658;Wi-Fi;Wi-Fi;2,4/5 GHz;wlan0;-47.0;;;;-47.0;1.9952623149688786e-08;0.1;1.9952623149688786e-09;4.231233654914194e-07;;;;ROUGE;False
1787665600.24442;25.714334132999284;Simulation RF;Détection RF large bande;868 MHz;868 MHz;;2774;2.235635242235074;-45.425409689402954;-78.42540968940295;1.4370074876207773e-11;0.1;1.4370074876207774e-12;3.796461526065992e-09;;;;VERT;True
1787665600.2445757;25.714334132999284;Simulation RF;Détection RF large bande;2,45 GHz;2,45 GHz;;2930;2.3610944490835197;-50.44377796334078;-67.14377796334078;1.9302884127094252e-10;0.1;1.9302884127094254e-11;1.4039914652832541e-08;;;;ORANGE;True
1787665600.2577293;25.727844357999857;Wi-Fi;Wi-Fi;2,4/5 GHz;wlan0;-47.0;;;;-47.0;1.9952623149688786e-08;0.1;1.9952623149688786e-09;4.251186278063883e-07;;;;ROUGE;False
1787665600.3131187;25.78323434899994;BLE Sniffer;iBeacon;2,4 GHz BLE;6a:02:42:35:15:d4;-73.0;;;;-73.0;5.011872336272715e-11;0.000368;1.844369019748359e-14;9.899741962807938e-12;36;0x00;38;VERT;False
1787665600.3139827;25.784098804999303;BLE Sniffer;iBeacon;2,4 GHz BLE;6a:02:42:35:15:d4;-63.0;;;;-63.0;5.011872336272714e-10;0.000368;1.8443690197483588e-13;1.0084178864782773e-11;36;0x00;39;ORANGE;False
1787665600.3140588;25.784172693999608;BLE Sniffer;Appareil BLE;2,4 GHz BLE;57:10:3b:9d:cc:43;-71.0;;;;-71.0;7.943282347242822e-11;0.00028;2.22411905722799e-14;7.963093810523145e-13;25;0x00;37;VERT;False
1787665600.3445141;25.814421147999383;Simulation RF;Détection RF large bande;868 MHz;868 MHz;;2771;2.233328565931177;-45.333142637247064;-78.33314263724706;1.4678637192171798e-11;0.1;1.4678637192171798e-12;3.797929389785209e-09;;;;VERT;True
1787665600.344678;25.814421147999383;Simulation RF;Détection RF large bande;2,45 GHz;2,45 GHz;;2888;2.3272018191708033;-49.08807276683213;-65.78807276683213;2.6375015486998774e-10;0.1;2.6375015486998774e-11;1.406628966831954e-08;;;;ORANGE;True
1787665600.3533397;25.823454297999888;Wi-Fi;Wi-Fi;2,4/5 GHz;wlan0;-47.0;;;;-47.0;1.9952623149688786e-08;0.1;1.9952623149688786e-09;4.271138901213572e-07;;;;ROUGE;False
1787665600.4445784;25.914499810999587;Simulation RF;Détection RF large bande;868 MHz;868 MHz;;2774;2.235145645209973;-45.40582580839893;-78.40582580839893;1.443502097119468e-11;0.1;1.443502097119468e-12;3.799372891882329e-09;;;;VERT;True
1787665600.444739;25.914499810999587;Simulation RF;Détection RF large bande;2,45 GHz;2,45 GHz;;2933;2.3638666553411447;-50.55466621364579;-67.25466621364579;1.8816263170940832e-10;0.1;1.8816263170940832e-11;1.408510593149048e-08;;;;ORANGE;True
1787665600.4567556;25.926870521999263;Wi-Fi;Wi-Fi;2,4/5 GHz;wlan0;-47.0;;;;-47.0;1.9952623149688786e-08;0.1;1.9952623149688786e-09;4.291091524363261e-07;;;;ROUGE;False
1787665600.5231647;25.993280576999496;BLE Sniffer;Appareil BLE;2,4 GHz BLE;d3:23:2f:4d:3e:b1;-72.0;;;;-72.0;6.309573444801942e-11;0.000376;2.3723996152455302e-14;2.8598992039677047e-13;37;0x00;38;VERT;False
1787665600.523248;25.9933618189998;BLE Sniffer;Appareil BLE;2,4 GHz BLE;d3:23:2f:4d:3e:b1;-86.0;;;;-86.0;2.5118864315095823e-12;0.000376;9.44469298247603e-16;2.869343896950181e-13;37;0x00;39;VERT;False
1787665600.5446432;26.014573436999854;Simulation RF;Détection RF large bande;868 MHz;868 MHz;;2781;2.241035216512436;-45.64140866049745;-78.64140866049745;1.3672852663937283e-11;0.1;1.3672852663937284e-12;3.800740177148722e-09;;;;VERT;True
1787665600.54478;26.014573436999854;Simulation RF;Détection RF large bande;2,45 GHz;2,45 GHz;;2945;2.373191079911081;-50.92764319644324;-67.62764319644324;1.726774713641e-10;0.1;1.726774713641e-11;1.410237367862689e-08;;;;ORANGE;True
1787665600.5532722;26.023387270000057;Wi-Fi;Wi-Fi;2,4/5 GHz;wlan0;-45.0;;;;-45.0;3.162277660168379e-08;0.1;3.1622776601683795e-09;4.3227143009649446e-07;;;;ROUGE;False
1787665600.625514;26.095630971999526;BLE Sniffer;Appareil BLE;2,4 GHz BLE;57:10:3b:9d:cc:43;-72.0;;;;-72.0;6.309573444801942e-11;0.00028;1.7666805645445437e-14;8.1397618669776e-13;25;0x00;37;VERT;False
1787665600.6469471;26.1146603039997;Simulation RF;Détection RF large bande;868 MHz;868 MHz;;2799;2.2558124338638272;-46.23249735455309;-79.23249735455309;1.1933017143323847e-11;0.1;1.1933017143323847e-12;3.801933478863055e-09;;;;VERT;True
1787665600.6472428;26.1146603039997;Simulation RF;Détection RF large bande;2,45 GHz;2,45 GHz;;2860;2.304575207712423;-48.18300830849692;-64.88300830849693;3.248621910840623e-10;0.1;3.248621910840623e-11;1.4134859897735296e-08;;;;ORANGE;True
1787665600.660832;26.13094726700001;Wi-Fi;Wi-Fi;2,4/5 GHz;wlan0;-45.0;;;;-45.0;3.162277660168379e-08;0.1;3.1622776601683795e-09;4.354337077566628e-07;;;;ROUGE;False
1787665600.7448182;26.214746632999777;Simulation RF;Détection RF large bande;868 MHz;868 MHz;;2723;2.194182360595034;-43.76729442380136;-76.76729442380136;2.1050894640748727e-11;0.1;2.1050894640748727e-12;3.80403856832713e-09;;;;VERT;True
1787665600.7449706;26.214746632999777;Simulation RF;Détection RF large bande;2,45 GHz;2,45 GHz;;2938;2.367535914708654;-50.701436588346155;-67.40143658834616;1.8190990253289493e-10;0.1;1.8190990253289496e-11;1.4153050887988586e-08;;;;ORANGE;True
1787665600.7532132;26.223328260000017;Wi-Fi;Wi-Fi;2,4/5 GHz;wlan0;-45.0;;;;-45.0;3.162277660168379e-08;0.1;3.1622776601683795e-09;4.385959854168312e-07;;;;ROUGE;False
1787665600.8354948;26.30561069899977;BLE Sniffer;iBeacon;2,4 GHz BLE;6a:02:42:35:15:d4;-69.0;;;;-69.0;1.2589254117941662e-10;0.000368;4.6328455154025316e-14;1.01305073199368e-11;36;0x00;38;ORANGE;False
1787665600.8449073;26.314830444999643;Simulation RF;Détection RF large bande;868 MHz;868 MHz;;2807;2.2619073633951827;-46.47629453580731;-79.47629453580731;1.128159607973908e-11;0.1;1.128159607973908e-12;3.805166727935104e-09;;;;VERT;True
1787665600.84505;26.314830444999643;Simulation RF;Détection RF large bande;2,45 GHz;2,45 GHz;;2882;2.3223562223552885;-48.89424889421154;-65.59424889421155;2.7578783820301115e-10;0.1;2.7578783820301118e-11;1.4180629671808886e-08;;;;ORANGE;True
1787665600.854609;26.32472360599968;Wi-Fi;Wi-Fi;2,4/5 GHz;wlan0;-44.0;;;;-44.0;3.981071705534969e-08;0.1;3.981071705534969e-09;4.4257705712236614e-07;;;;ROUGE;False
1787665600.937022;26.40713769499962;BLE Sniffer;iBeacon;2,4 GHz BLE;6a:02:42:35:15:d4;-64.0;;;;-64.0;3.9810717055349694e-10;0.000368;1.4650343876368688e-13;1.0277010758700486e-11;36;0x00;39;ORANGE;False
1787665600.9389787;26.409094145999916;Simulation LoRa;LoRa;868 MHz;LoRa 868.100 MHz;-95.95774118616667;;;;-95.95774118616667;2.536447522009217e-13;0.046335999999999995;1.1752883237981906e-14;2.005682121872051e-12;13;"SNR=6.51;SF=7;BW=125.0;CR=4/5;F=868.100;CRC=OK;PAYLOAD=54454d504f5f4c4f52415f3235";7;VERT;True
1787665600.9449275;26.414907514999868;Simulation RF;Détection RF large bande;868 MHz;868 MHz;;2804;2.2594757824204037;-46.37903129681615;-79.37903129681615;1.1537105667469918e-11;0.1;1.153710566746992e-12;3.806320438501851e-09;;;;VERT;True
1787665600.9450793;26.414907514999868;Simulation RF;Détection RF large bande;2,45 GHz;2,45 GHz;;2925;2.357457157586978;-50.2982863034791;-66.9982863034791;1.9960497872785308e-10;0.1;1.996049787278531e-11;1.4200590169681673e-08;;;;ORANGE;True
1787665600.9532065;26.42332184299994;Wi-Fi;Wi-Fi;2,4/5 GHz;wlan0;-44.0;;;;-44.0;3.981071705534969e-08;0.1;3.981071705534969e-09;4.465581288279011e-07;;;;ROUGE;False
1787665601.0450568;26.51499662199967;Simulation RF;Détection RF large bande;868 MHz;868 MHz;;2811;2.2653217490361;-46.61286996144399;-79.61286996144399;1.0932336825696789e-11;0.1;1.093233682569679e-12;3.807413672184421e-09;;;;VERT;True
1787665601.0524802;26.51499662199967;Simulation RF;Détection RF large bande;2,45 GHz;2,45 GHz;;2864;2.308095533490962;-48.32382133963847;-65.02382133963847;3.144979841212e-10;0.1;3.144979841212e-11;1.4232039968093793e-08;;;;ORANGE;True
1787665601.0612648;26.53137936499934;Wi-Fi;Wi-Fi;2,4/5 GHz;wlan0;-44.0;;;;-44.0;3.981071705534969e-08;0.1;3.981071705534969e-09;4.5053920053343606e-07;;;;ROUGE;False
1787665601.1478498;26.617966006999268;BLE Sniffer;Appareil BLE;2,4 GHz BLE;57:10:3b:9d:cc:43;-70.0;;;;-70.0;1e-10;0.00028;2.7999999999999997e-14;8.419761866977599e-13;25;0x00;37;ORANGE;False
1787665601.1479352;26.61804915599987;BLE Sniffer;Appareil BLE;2,4 GHz BLE;57:10:3b:9d:cc:43;-83.0;;;;-83.0;5.011872336272715e-12;0.00028;1.40332425415636e-15;8.433795109519163e-13;25;0x00;38;VERT;False
1787665601.1479754;26.61808935999943;BLE Sniffer;Appareil BLE;2,4 GHz BLE;57:10:3b:9d:cc:43;-79.0;;;;-79.0;1.2589254117941662e-11;0.00028;3.524991153023665e-15;8.4690450210494e-13;25;0x00;39;VERT;False
1787665601.1517603;26.615077026000108;Simulation RF;Détection RF large bande;868 MHz;868 MHz;;2806;2.260859884312624;-46.43439537250495;-79.43439537250495;1.1390963565445014e-11;0.1;1.1390963565445015e-12;3.808552768540966e-09;;;;VERT;True
1787665601.152017;26.615077026000108;Simulation RF;Détection RF large bande;2,45 GHz;2,45 GHz;;2950;2.37746814543477;-51.0987258173908;-67.7987258173908;1.6600738873784851e-10;0.1;1.6600738873784853e-11;1.4248640706967578e-08;;;;ORANGE;True
1787665601.1624737;26.632588189999296;Wi-Fi;Wi-Fi;2,4/5 GHz;wlan0;-44.0;;;;-44.0;3.981071705534969e-08;0.1;3.981071705534969e-09;4.5452027223897103e-07;;;;ROUGE;False
1787665601.245241;26.71516467099991;Simulation RF;Détection RF large bande;868 MHz;868 MHz;;2887;2.326733509341583;-49.06934037366332;-82.06934037366332;6.209633418224388e-12;0.1;6.209633418224389e-13;3.809173731882788e-09;;;;VERT;True
1787665601.2453907;26.71516467099991;Simulation RF;Détection RF large bande;2,45 GHz;2,45 GHz;;2905;2.340771711888112;-49.63086847552448;-66.33086847552448;2.32762574677064e-10;0.1;2.32762574677064e-11;1.4271916964435284e-08;;;;ORANGE;True
1787665601.255321;26.725437170000077;BLE Sniffer;iBeacon;2,4 GHz BLE;6a:02:42:35:15:d4;-72.0;;;;-72.0;6.309573444801942e-11;0.000368;2.3219230276871148e-14;1.0300229988977358e-11;36;0x00;37;VERT;False
1787665601.2554054;26.725519134000024;BLE Sniffer;iBeacon;2,4 GHz BLE;6a:02:42:35:15:d4;-68.0;;;;-68.0;1.584893192461111e-10;0.000368;5.832406948256888e-14;1.0358554058459926e-11;36;0x00;38;ORANGE;False
1787665601.2554467;26.725560707999648;BLE Sniffer;iBeacon;2,4 GHz BLE;6a:02:42:35:15:d4;-64.0;;;;-64.0;3.9810717055349694e-10;0.000368;1.4650343876368688e-13;1.0505057497223613e-11;36;0x00;39;ORANGE;False
1787665601.2599874;26.730103135999343;Wi-Fi;Wi-Fi;2,4/5 GHz;wlan0;-43.0;;;;-43.0;5.011872336272725e-08;0.1;5.0118723362727255e-09;4.5953214457524377e-07;;;;ROUGE;False
1787665601.3453255;26.815248129999418;Simulation RF;Détection RF large bande;868 MHz;868 MHz;;2814;2.267815218621483;-46.71260874485931;-79.71260874485931;1.0684129060729253e-11;0.1;1.0684129060729253e-12;3.810242144788861e-09;;;;VERT;True
1787665601.34548;26.815248129999418;Simulation RF;Détection RF large bande;2,45 GHz;2,45 GHz;;2886;2.3260676210526516;-49.04270484210606;-65.74270484210606;2.665198227637223e-10;0.1;2.6651982276372232e-11;1.4298568946711656e-08;;;;ORANGE;True
1787665601.3532147;26.823330378999344;Wi-Fi;Wi-Fi;2,4/5 GHz;wlan0;-43.0;;;;-43.0;5.011872336272725e-08;0.1;5.0118723362727255e-09;4.645440169115165e-07;;;;ROUGE;False
1787665601.3638847;26.834001180000087;BLE Sniffer;Appareil BLE;2,4 GHz BLE;57:10:3b:9d:cc:43;-70.0;;;;-70.0;1e-10;0.00028;2.7999999999999997e-14;8.7490450210494e-13;25;0x00;37;ORANGE;False
1787665601.445404;26.915332792999834;Simulation RF;Détection RF large bande;868 MHz;868 MHz;;2824;2.2760440264100636;-47.04176105640255;-80.04176105640255;9.904302457504182e-12;0.1;9.904302457504184e-13;3.811232575034611e-09;;;;VERT;True
1787665601.4455562;26.915332792999834;Simulation RF;Détection RF large bande;2,45 GHz;2,45 GHz;;2944;2.3721714799130433;-50.886859196521726;-67.58685919652173;1.743066998025442e-10;0.1;1.743066998025442e-11;1.4315999616691911e-08;;;;ORANGE;True
1787665601.454326;26.924441684999692;Wi-Fi;Wi-Fi;2,4/5 GHz;wlan0;-43.0;;;;-43.0;5.011872336272725e-08;0.1;5.0118723362727255e-09;4.6955588924778927e-07;;;;ROUGE;False
1787665601.4652805;26.935395229999813;BLE Sniffer;iBeacon;2,4 GHz BLE;6a:02:42:35:15:d4;-63.0;;;;-63.0;5.011872336272714e-10;0.000368;1.8443690197483588e-13;1.0689494399198449e-11;36;0x00;38;ORANGE;False
1787665601.4653382;26.93545198999982;BLE Sniffer;iBeacon;2,4 GHz BLE;6a:02:42:35:15:d4;-63.0;;;;-63.0;5.011872336272714e-10;0.000368;1.8443690197483588e-13;1.0873931301173284e-11;36;0x00;39;ORANGE;False
1787665601.5455081;27.015422955999384;Simulation RF;Détection RF large bande;868 MHz;868 MHz;;2846;2.293373917123958;-47.73495668495832;-80.73495668495832;8.443146627718035e-12;0.1;8.443146627718035e-13;3.812076889697383e-09;;;;VERT;True
1787665601.545672;27.015422955999384;Simulation RF;Détection RF large bande;2,45 GHz;2,45 GHz;;3014;2.4287591548119516;-53.15036619247806;-69.85036619247806;1.035054888274855e-10;0.1;1.0350548882748551e-11;1.432635016557466e-08;;;;ORANGE;True
1787665601.554262;27.02437662400007;Wi-Fi;Wi-Fi;2,4/5 GHz;wlan0;-42.0;;;;-42.0;6.30957344480193e-08;0.1;6.30957344480193e-09;4.758654626925912e-07;;;;ROUGE;False
1787665601.6455932;27.11551065599997;Simulation RF;Détection RF large bande;868 MHz;868 MHz;;2813;2.2667907367397073;-46.67162946958828;-79.67162946958828;1.078541978176011e-11;0.1;1.078541978176011e-12;3.813155431675559e-09;;;;VERT;True
1787665601.6457472;27.11551065599997;Simulation RF;Détection RF large bande;2,45 GHz;2,45 GHz;;2953;2.3797068594578294;-51.18827437831317;-67.88827437831317;1.626194778129544e-10;0.1;1.626194778129544e-11;1.4342612113355955e-08;;;;ORANGE;True
1787665601.655557;27.12567185699936;Wi-Fi;Wi-Fi;2,4/5 GHz;wlan0;-42.0;;;;-42.0;6.30957344480193e-08;0.1;6.30957344480193e-09;4.821750361373931e-07;;;;ROUGE;False
1787665601.6766627;27.146778788999654;BLE Sniffer;iBeacon;2,4 GHz BLE;6a:02:42:35:15:d4;-69.0;;;;-69.0;1.2589254117941662e-10;0.000368;4.6328455154025316e-14;1.092025975632731e-11;36;0x00;37;ORANGE;False
1787665601.7456567;27.215589058999285;Simulation RF;Détection RF large bande;868 MHz;868 MHz;;2816;2.26899409918176;-46.75976396727039;-79.75976396727039;1.0568749472678757e-11;0.1;1.0568749472678757e-12;3.814212306622827e-09;;;;VERT;True
1787665601.7457976;27.215589058999285;Simulation RF;Détection RF large bande;2,45 GHz;2,45 GHz;;2936;2.366253401567988;-50.650136062719525;-67.35013606271953;1.8407143317237476e-10;0.1;1.8407143317237478e-11;1.4361019256673193e-08;;;;ORANGE;True
1787665601.7545114;27.224626505999368;Wi-Fi;Wi-Fi;2,4/5 GHz;wlan0;-42.0;;;;-42.0;6.30957344480193e-08;0.1;6.30957344480193e-09;4.88484609582195e-07;;;;ROUGE;False
1787665601.7781143;27.248230079999303;BLE Sniffer;iBeacon;2,4 GHz BLE;6a:02:42:35:15:d5;-68.0;;;;-68.0;1.584893192461111e-10;0.000368;5.832406948256888e-14;5.832406948256888e-14;36;0x00;38;ORANGE;False
1787665601.7781944;27.248308450999502;BLE Sniffer;iBeacon;2,4 GHz BLE;6a:02:42:35:15:d4;-64.0;;;;-64.0;3.9810717055349694e-10;0.000368;1.4650343876368688e-13;1.1066763195090998e-11;36;0x00;39;ORANGE;False
1787665601.84582;27.315680425999744;Simulation RF;Détection RF large bande;868 MHz;868 MHz;;2770;2.231909427607913;-45.27637710431651;-78.27637710431651;1.4871757307735295e-11;0.1;1.4871757307735295e-12;3.8156994823536e-09;;;;VERT;True
1787665601.8459823;27.315680425999744;Simulation RF;Détection RF large bande;2,45 GHz;2,45 GHz;;2921;2.3535430242541597;-50.14172097016639;-66.84172097016639;2.0693211804811311e-10;0.1;2.0693211804811313e-11;1.4381712468478003e-08;;;;ORANGE;True
1787665601.8545127;27.32462753799973;Wi-Fi;Wi-Fi;2,4/5 GHz;wlan0;-43.0;;;;-43.0;5.011872336272725e-08;0.1;5.0118723362727255e-09;4.934964819184677e-07;;;;ROUGE;False
1787665601.8865738;27.35668999599966;Simulation LoRa;LoRa;868 MHz;LoRa 868.100 MHz;-81.2989988594287;;;;-81.2989988594287;7.414811486776573e-12;0.046335999999999995;3.4357270505127925e-13;2.34925482692333e-12;13;"SNR=8.32;SF=7;BW=125.0;CR=4/5;F=868.100;CRC=OK;PAYLOAD=54454d504f5f4c4f52415f3236";7;VERT;True
1787665601.945838;27.41576640399944;Simulation RF;Détection RF large bande;868 MHz;868 MHz;;2791;2.2491404809581574;-45.9656192383263;-78.9656192383263;1.268931201124907e-11;0.1;1.268931201124907e-12;3.816968413554725e-09;;;;VERT;True
1787665601.9459908;27.41576640399944;Simulation RF;Détection RF large bande;2,45 GHz;2,45 GHz;;2960;2.3852799772126185;-51.411199088504745;-68.11119908850475;1.5448278531682446e-10;0.1;1.5448278531682446e-11;1.4397160747009686e-08;;;;ORANGE;True
1787665601.9545686;27.424683700999594;Wi-Fi;Wi-Fi;2,4/5 GHz;wlan0;-43.0;;;;-43.0;5.011872336272725e-08;0.1;5.0118723362727255e-09;4.985083542547405e-07;;;;ROUGE;False
1787665601.9897861;27.459901586999877;BLE Sniffer;Appareil BLE;2,4 GHz BLE;57:10:3b:9d:cc:43;-70.0;;;;-70.0;1e-10;0.00028;2.7999999999999997e-14;9.0290450210494e-13;25;0x00;37;ORANGE;False
1787665601.9925764;27.46269238199966;BLE Sniffer;iBeacon;2,4 GHz BLE;6a:02:42:35:15:d4;-69.0;;;;-69.0;1.2589254117941662e-10;0.000368;4.6328455154025316e-14;1.1113091650245024e-11;36;0x00;38;ORANGE;False
1787665601.9926627;27.462776734999352;BLE Sniffer;iBeacon;2,4 GHz BLE;6a:02:42:35:15:d4;-62.0;;;;-62.0;6.309573444801942e-10;0.000368;2.321923027687115e-13;1.1345283953013735e-11;36;0x00;39;ORANGE;False
1787665602.0459294;27.51584947399988;Simulation RF;Détection RF large bande;868 MHz;868 MHz;;2777;2.2378754834199297;-45.51501933679718;-78.51501933679718;1.4076609607912449e-11;0.1;1.407660960791245e-12;3.818376074515516e-09;;;;VERT;True
1787665602.046085;27.51584947399988;Simulation RF;Détection RF large bande;2,45 GHz;2,45 GHz;;2940;2.369258152580828;-50.7703261032331;-67.4703261032331;1.7904714059913263e-10;0.1;1.7904714059913265e-11;1.44150654610696e-08;;;;ORANGE;True
1787665602.0545955;27.524710288999813;Wi-Fi;Wi-Fi;2,4/5 GHz;wlan0;-43.0;;;;-43.0;5.011872336272725e-08;0.1;5.0118723362727255e-09;5.035202265910132e-07;;;;ROUGE;False
1787665602.1459932;27.615924136999638;Simulation RF;Détection RF large bande;868 MHz;868 MHz;;2847;2.294615597508659;-47.78462390034635;-80.78462390034635;8.347138314867516e-12;0.1;8.347138314867516e-13;3.819210788347003e-09;;;;VERT;True
1787665602.146135;27.615924136999638;Simulation RF;Détection RF large bande;2,45 GHz;2,45 GHz;;2954;2.3806520308076187;-51.22608123230475;-67.92608123230475;1.6120996243126296e-10;0.1;1.6120996243126297e-11;1.4431186457312726e-08;;;;ORANGE;True
1787665602.1549041;27.625018566000108;Wi-Fi;Wi-Fi;2,4/5 GHz;wlan0;-43.0;;;;-43.0;5.011872336272725e-08;0.1;5.0118723362727255e-09;5.08532098927286e-07;;;;ROUGE;False
1787665602.2005703;27.6706860459999;BLE Sniffer;Appareil BLE;2,4 GHz BLE;5e:60:ac:5d:c8:08;-50.0;;;;-50.0;1e-08;0.000176;1.76e-12;1.76e-12;12;0x03;37;ROUGE;False
1787665602.2460802;27.716009688999293;Simulation RF;Détection RF large bande;868 MHz;868 MHz;;2801;2.2568817741655964;-46.27527096662385;-79.27527096662385;1.1816065870084459e-11;0.1;1.181606587008446e-12;3.8203923949340116e-09;;;;VERT;True
1787665602.2462354;27.716009688999293;Simulation RF;Détection RF large bande;2,45 GHz;2,45 GHz;;2957;2.382632511775722;-51.30530047102887;-68.00530047102887;1.5829600442264295e-10;0.1;1.5829600442264296e-11;1.444701605775499e-08;;;;ORANGE;True
1787665602.2547953;27.724911059999613;Wi-Fi;Wi-Fi;2,4/5 GHz;wlan0;-43.0;;;;-43.0;5.011872336272725e-08;0.1;5.0118723362727255e-09;5.135439712635587e-07;;;;ROUGE;False
1787665602.308613;27.77872888299953;BLE Sniffer;iBeacon;2,4 GHz BLE;6a:02:42:35:15:d4;-68.0;;;;-68.0;1.584893192461111e-10;0.000368;5.832406948256888e-14;1.1403608022496304e-11;36;0x00;38;ORANGE;False
1787665602.3087075;27.7788215139999;BLE Sniffer;iBeacon;2,4 GHz BLE;6a:02:42:35:15:d4;-62.0;;;;-62.0;6.309573444801942e-10;0.000368;2.321923027687115e-13;1.1635800325265016e-11;36;0x00;39;ORANGE;False
1787665602.3461838;27.81609853699956;Simulation RF;Détection RF large bande;868 MHz;868 MHz;;2776;2.237003691427137;-45.48014765708548;-78.48014765708548;1.419009275546313e-11;0.1;1.4190092755463132e-12;3.821811404209558e-09;;;;VERT;True
1787665602.3463461;27.81609853699956;Simulation RF;Détection RF large bande;2,45 GHz;2,45 GHz;;2929;2.360593119449644;-50.423724777985754;-67.12372477798576;1.9392219675041056e-10;0.1;1.9392219675041058e-11;1.4466408277430031e-08;;;;ORANGE;True
1787665602.355029;27.82514385400009;Wi-Fi;Wi-Fi;2,4/5 GHz;wlan0;-43.0;;;;-43.0;5.011872336272725e-08;0.1;5.0118723362727255e-09;5.185558435998315e-07;;;;ROUGE;False
1787665602.4462411;27.91617977399983;Simulation RF;Détection RF large bande;868 MHz;868 MHz;;2859;2.3037923834730667;-48.151695338922664;-81.15169533892266;7.67061995823027e-12;0.1;7.67061995823027e-13;3.8225784662053816e-09;;;;VERT;True
1787665602.4463787;27.91617977399983;Simulation RF;Détection RF large bande;2,45 GHz;2,45 GHz;;2896;2.3337158964412477;-49.34863585764991;-66.04863585764991;2.4839131932816406e-10;0.1;2.4839131932816408e-11;1.4491247409362847e-08;;;;ORANGE;True
1787665602.4550653;27.925180702000034;Wi-Fi;Wi-Fi;2,4/5 GHz;wlan0;-43.0;;;;-43.0;5.011872336272725e-08;0.1;5.0118723362727255e-09;5.235677159361042e-07;;;;ROUGE;False
1787665602.514414;27.984530038999765;BLE Sniffer;Appareil BLE;2,4 GHz BLE;57:10:3b:9d:cc:43;-72.0;;;;-72.0;6.309573444801942e-11;0.00028;1.7666805645445437e-14;9.205713077503854e-13;25;0x00;37;VERT;False
1787665602.5193229;27.989438840999355;BLE Sniffer;Appareil BLE;2,4 GHz BLE;d3:23:2f:4d:3e:b1;-75.0;;;;-75.0;3.1622776601683794e-11;0.000376;1.1890164002233105e-14;2.988245536972512e-13;37;0x00;38;VERT;False
1787665602.5194151;27.98952897199979;BLE Sniffer;Appareil BLE;2,4 GHz BLE;d3:23:2f:4d:3e:b1;-86.0;;;;-86.0;2.5118864315095823e-12;0.000376;9.44469298247603e-16;2.997690229954988e-13;37;0x00;39;VERT;False
1787665602.5463192;28.01625395499923;Simulation RF;Détection RF large bande;868 MHz;868 MHz;;2784;2.243791109701085;-45.75164438804339;-78.75164438804339;1.3330166107339371e-11;0.1;1.3330166107339373e-12;3.823911482816115e-09;;;;VERT;True
1787665602.5464592;28.01625395499923;Simulation RF;Détection RF large bande;2,45 GHz;2,45 GHz;;2940;2.3689044601657643;-50.75617840663057;-67.45617840663057;1.7963136056233228e-10;0.1;1.796313605623323e-11;1.450921054541908e-08;;;;ORANGE;True
1787665602.555142;28.025257104999582;Wi-Fi;Wi-Fi;2,4/5 GHz;wlan0;-43.0;;;;-43.0;5.011872336272725e-08;0.1;5.0118723362727255e-09;5.28579588272377e-07;;;;ROUGE;False
1787665602.6226223;28.092738803999964;BLE Sniffer;iBeacon;2,4 GHz BLE;6a:02:42:35:15:d4;-68.0;;;;-68.0;1.584893192461111e-10;0.000368;5.832406948256888e-14;1.1694124394747584e-11;36;0x00;37;ORANGE;False
1787665602.6257896;28.095905731999665;BLE Sniffer;iBeacon;2,4 GHz BLE;6a:02:42:35:15:d4;-70.0;;;;-70.0;1e-10;0.000368;3.68e-14;1.1730924394747584e-11;36;0x00;38;ORANGE;False
1787665602.6258783;28.095992140999442;BLE Sniffer;iBeacon;2,4 GHz BLE;6a:02:42:35:15:d4;-62.0;;;;-62.0;6.309573444801942e-10;0.000368;2.321923027687115e-13;1.1963116697516296e-11;36;0x00;39;ORANGE;False
1787665602.646422;28.1163386369999;Simulation RF;Détection RF large bande;868 MHz;868 MHz;;2815;2.268285934202088;-46.731437368083505;-79.7314373680835;1.0637908810949942e-11;0.1;1.0637908810949943e-12;3.82497527369721e-09;;;;VERT;True
1787665602.6465816;28.1163386369999;Simulation RF;Détection RF large bande;2,45 GHz;2,45 GHz;;2925;2.3568230491681206;-50.27292196672482;-66.97292196672483;2.0077415341160736e-10;0.1;2.0077415341160738e-11;1.452928796076024e-08;;;;ORANGE;True
1787665602.655447;28.125562122999327;Wi-Fi;Wi-Fi;2,4/5 GHz;wlan0;-43.0;;;;-43.0;5.011872336272725e-08;0.1;5.0118723362727255e-09;5.335914606086497e-07;;;;ROUGE;False
1787665602.7464964;28.2164226699997;Simulation RF;Détection RF large bande;868 MHz;868 MHz;;2787;2.2459235943965443;-45.83694377586177;-78.83694377586177;1.3070903923171343e-11;0.1;1.3070903923171344e-12;3.826282364089527e-09;;;;VERT;True
1787665602.746656;28.2164226699997;Simulation RF;Détection RF large bande;2,45 GHz;2,45 GHz;;2909;2.3443727073620297;-49.77490829448119;-66.4749082944812;2.2516929629373074e-10;0.1;2.2516929629373075e-11;1.4551804890389613e-08;;;;ORANGE;True
1787665602.7563934;28.226508295999338;Wi-Fi;Wi-Fi;2,4/5 GHz;wlan0;-42.0;;;;-42.0;6.30957344480193e-08;0.1;6.30957344480193e-09;5.399010340534516e-07;;;;ROUGE;False
1787665602.8325074;28.302623343999585;BLE Sniffer;Appareil BLE;2,4 GHz BLE;57:10:3b:9d:cc:43;-71.0;;;;-71.0;7.943282347242822e-11;0.00028;2.22411905722799e-14;9.428124983226653e-13;25;0x00;37;VERT;False
1787665602.8357754;28.305891699999847;BLE Sniffer;iBeacon;2,4 GHz BLE;6a:02:42:35:15:d4;-69.0;;;;-69.0;1.2589254117941662e-10;0.000368;4.6328455154025316e-14;1.2009445152670322e-11;36;0x00;38;ORANGE;False
1787665602.8465347;28.316503869999906;Simulation RF;Détection RF large bande;868 MHz;868 MHz;;2790;2.248257921658492;-45.93031686633968;-78.93031686633968;1.2792879624045929e-11;0.1;1.279287962404593e-12;3.827561652051931e-09;;;;VERT;True
1787665602.8466926;28.316503869999906;Simulation RF;Détection RF large bande;2,45 GHz;2,45 GHz;;2877;2.3183402844973204;-48.73361137989281;-65.43361137989281;2.8617972499750683e-10;0.1;2.8617972499750686e-11;1.4580422862889364e-08;;;;ORANGE;True
1787665602.8554688;28.325583723999443;Wi-Fi;Wi-Fi;2,4/5 GHz;wlan0;-42.0;;;;-42.0;6.30957344480193e-08;0.1;6.30957344480193e-09;5.462106074982536e-07;;;;ROUGE;False
1787665602.9410017;28.411117593999734;Simulation LoRa;LoRa;868 MHz;LoRa 868.100 MHz;-88.44886914407043;;;;-88.44886914407043;1.4292660755121871e-12;0.046335999999999995;6.62264728749327e-14;2.415481299798263e-12;13;"SNR=6.16;SF=7;BW=125.0;CR=4/5;F=868.100;CRC=OK;PAYLOAD=54454d504f5f4c4f52415f3237";7;VERT;True
1787665602.9420245;28.412140124999496;BLE Sniffer;iBeacon;2,4 GHz BLE;6a:02:42:35:15:d4;-63.0;;;;-63.0;5.011872336272714e-10;0.000368;1.8443690197483588e-13;1.2193882054645158e-11;36;0x00;39;ORANGE;False
1787665602.9526546;28.416606884999965;Simulation RF;Détection RF large bande;868 MHz;868 MHz;;2888;2.327568907727636;-49.102756309105445;-82.10275630910544;6.162037955972824e-12;0.1;6.162037955972824e-13;3.828177855847528e-09;;;;VERT;True
1787665602.9529588;28.416606884999965;Simulation RF;Détection RF large bande;2,45 GHz;2,45 GHz;;2943;2.371722376346376;-50.86889505385503;-67.56889505385503;1.7502919469496551e-10;0.1;1.750291946949655e-11;1.459792578235886e-08;;;;ORANGE;True
1787665602.9621916;28.432306358999995;Wi-Fi;Wi-Fi;2,4/5 GHz;wlan0;-43.0;;;;-43.0;5.011872336272725e-08;0.1;5.0118723362727255e-09;5.512224798345263e-07;;;;ROUGE;False
1787665603.047314;28.517429204999644;BLE Sniffer;Appareil BLE;2,4 GHz BLE;57:10:3b:9d:cc:43;-71.0;;;;-71.0;7.943282347242822e-11;0.00028;2.22411905722799e-14;9.650536888949451e-13;25;0x00;37;VERT;False
1787665603.048853;28.51671788099975;Simulation RF;Détection RF large bande;868 MHz;868 MHz;;2788;2.2465713769361844;-45.862855077447364;-78.86285507744736;1.2993151198053458e-11;0.1;1.299315119805346e-12;3.8294771709673334e-09;;;;VERT;True
1787665603.0490344;28.51671788099975;Simulation RF;Détection RF large bande;2,45 GHz;2,45 GHz;;2965;2.389371613930058;-51.57486455720232;-68.27486455720232;1.4876937698484276e-10;0.1;1.4876937698484276e-11;1.4612802720057345e-08;;;;ORANGE;True
1787665603.0580096;28.528124709999247;Wi-Fi;Wi-Fi;2,4/5 GHz;wlan0;-43.0;;;;-43.0;5.011872336272725e-08;0.1;5.0118723362727255e-09;5.562343521707991e-07;;;;ROUGE;False
1787665603.1468604;28.616794339999615;Simulation RF;Détection RF large bande;868 MHz;868 MHz;;2792;2.2501453866699825;-46.00581546679929;-79.00581546679929;1.2572407624063878e-11;0.1;1.2572407624063879e-12;3.83073441172974e-09;;;;VERT;True
1787665603.147003;28.616794339999615;Simulation RF;Détection RF large bande;2,45 GHz;2,45 GHz;;2898;2.3352796980892006;-49.41118792356802;-66.11118792356802;2.448393442385543e-10;0.1;2.448393442385543e-11;1.46372866544812e-08;;;;ORANGE;True
1787665603.1526034;28.622719265999876;BLE Sniffer;iBeacon;2,4 GHz BLE;6a:02:42:35:15:d4;-69.0;;;;-69.0;1.2589254117941662e-10;0.000368;4.6328455154025316e-14;1.2240210509799184e-11;36;0x00;38;ORANGE;False
1787665603.152694;28.62280785999974;BLE Sniffer;iBeacon;2,4 GHz BLE;6a:02:42:35:15:d4;-64.0;;;;-64.0;3.9810717055349694e-10;0.000368;1.4650343876368688e-13;1.238671394856287e-11;36;0x00;39;ORANGE;False
1787665603.1577456;28.62786199799939;Wi-Fi;Wi-Fi;2,4/5 GHz;wlan0;-43.0;;;;-43.0;5.011872336272725e-08;0.1;5.0118723362727255e-09;5.612462245070718e-07;;;;ROUGE;False
1787665603.246969;28.716882706999968;Simulation RF;Détection RF large bande;868 MHz;868 MHz;;2818;2.2711743946366325;-46.846975785465304;-79.8469757854653;1.03586324012842e-11;0.1;1.0358632401284202e-12;3.831770274969868e-09;;;;VERT;True
1787665603.2471297;28.716882706999968;Simulation RF;Détection RF large bande;2,45 GHz;2,45 GHz;;2973;2.396189745837197;-51.84758983348787;-68.54758983348788;1.3971435065922476e-10;0.1;1.3971435065922476e-11;1.4651258089547122e-08;;;;ORANGE;True
1787665603.2558744;28.725989468999614;Wi-Fi;Wi-Fi;2,4/5 GHz;wlan0;-43.0;;;;-43.0;5.011872336272725e-08;0.1;5.0118723362727255e-09;5.662580968433446e-07;;;;ROUGE;False
1787665603.3470592;28.81697099899975;Simulation RF;Détection RF large bande;868 MHz;868 MHz;;2797;2.2543124033545077;-46.17249613418031;-79.1724961341803;1.2099025347647413e-11;0.1;1.2099025347647413e-12;3.832980177504633e-09;;;;VERT;True
1787665603.34722;28.81697099899975;Simulation RF;Détection RF large bande;2,45 GHz;2,45 GHz;;2918;2.3513115717778317;-50.05246287111326;-66.75246287111327;2.1122908262606088e-10;0.1;2.1122908262606088e-11;1.4672380997809728e-08;;;;ORANGE;True
1787665603.356099;28.82621485599975;Wi-Fi;Wi-Fi;2,4/5 GHz;wlan0;-44.0;;;;-44.0;3.981071705534969e-08;0.1;3.981071705534969e-09;5.702391685488795e-07;;;;ROUGE;False
1787665603.3620641;28.832178374999785;BLE Sniffer;Appareil BLE;2,4 GHz BLE;57:10:3b:9d:cc:43;-71.0;;;;-71.0;7.943282347242822e-11;0.00028;2.22411905722799e-14;9.87294879467225e-13;25;0x00;37;VERT;False
1787665603.4471188;28.917048661999615;Simulation RF;Détection RF large bande;868 MHz;868 MHz;;2761;2.225225462961994;-45.00901851847976;-78.00901851847976;1.5816054329687086e-11;0.1;1.5816054329687086e-12;3.834561782937602e-09;;;;VERT;True
1787665603.4472618;28.917048661999615;Simulation RF;Détection RF large bande;2,45 GHz;2,45 GHz;;2997;2.4153343945685894;-52.613375782743574;-69.31337578274358;1.171284568951107e-10;0.1;1.171284568951107e-11;1.4684093843499239e-08;;;;ORANGE;True
1787665603.4616425;28.931757198000014;Wi-Fi;Wi-Fi;2,4/5 GHz;wlan0;-44.0;;;;-44.0;3.981071705534969e-08;0.1;3.981071705534969e-09;5.742202402544145e-07;;;;ROUGE;False
1787665603.4671395;28.937255155999992;BLE Sniffer;iBeacon;2,4 GHz BLE;6a:02:42:35:15:d4;-69.0;;;;-69.0;1.2589254117941662e-10;0.000368;4.6328455154025316e-14;1.2433042403716897e-11;36;0x00;38;ORANGE;False
1787665603.4672227;28.93733682399943;BLE Sniffer;iBeacon;2,4 GHz BLE;6a:02:42:35:15:d4;-63.0;;;;-63.0;5.011872336272714e-10;0.000368;1.8443690197483588e-13;1.2617479305691733e-11;36;0x00;39;ORANGE;False
1787665603.547209;29.017132583999228;Simulation RF;Détection RF large bande;868 MHz;868 MHz;;2778;2.2386015154138934;-45.544060616555726;-78.54406061655573;1.3982793318769604e-11;0.1;1.3982793318769605e-12;3.835960062269479e-09;;;;VERT;True
1787665603.5473616;29.017132583999228;Simulation RF;Détection RF large bande;2,45 GHz;2,45 GHz;;2959;2.3843145342523044;-51.37258137009218;-68.07258137009218;1.5586258076545338e-10;0.1;1.558625807654534e-11;1.4699680101575784e-08;;;;ORANGE;True
1787665603.5561707;29.026285513999937;Wi-Fi;Wi-Fi;2,4/5 GHz;wlan0;-44.0;;;;-44.0;3.981071705534969e-08;0.1;3.981071705534969e-09;5.782013119599494e-07;;;;ROUGE;False
1787665603.575355;29.045470957999896;BLE Sniffer;Appareil BLE;2,4 GHz BLE;57:10:3b:9d:cc:43;-69.0;;;;-69.0;1.2589254117941662e-10;0.00028;3.524991153023665e-14;1.0225447909974615e-12;25;0x00;37;ORANGE;False
1787665603.6473026;29.117218153999602;Simulation RF;Détection RF large bande;868 MHz;868 MHz;;2745;2.2122508031017705;-44.49003212407081;-77.49003212407081;1.7823655835251177e-11;0.1;1.7823655835251177e-12;3.837742427853004e-09;;;;VERT;True
1787665603.6474643;29.117218153999602;Simulation RF;Détection RF large bande;2,45 GHz;2,45 GHz;;2956;2.3819395952412523;-51.277583809650096;-67.9775838096501;1.5930947962687992e-10;0.1;1.5930947962687994e-11;1.4715611049538471e-08;;;;ORANGE;True
1787665603.6563003;29.126415232999534;Wi-Fi;Wi-Fi;2,4/5 GHz;wlan0;-44.0;;;;-44.0;3.981071705534969e-08;0.1;3.981071705534969e-09;5.821823836654844e-07;;;;ROUGE;False
1787665603.6798275;29.149943379999968;BLE Sniffer;iBeacon;2,4 GHz BLE;6a:02:42:35:15:d4;-68.0;;;;-68.0;1.584893192461111e-10;0.000368;5.832406948256888e-14;1.2675803375174301e-11;36;0x00;38;ORANGE;False
1787665603.7473855;29.21730472499985;Simulation RF;Détection RF large bande;868 MHz;868 MHz;;2765;2.2282835628395796;-45.13134251358318;-78.13134251358318;1.5376792314627654e-11;0.1;1.5376792314627655e-12;3.839280107084467e-09;;;;VERT;True
1787665603.7475462;29.21730472499985;Simulation RF;Détection RF large bande;2,45 GHz;2,45 GHz;;2966;2.3897864122638177;-51.5914564905527;-68.2914564905527;1.4820209773910592e-10;0.1;1.4820209773910593e-11;1.4730431259312382e-08;;;;ORANGE;True
1787665603.7563376;29.22648007999942;Wi-Fi;Wi-Fi;2,4/5 GHz;wlan0;-45.0;;;;-45.0;3.162277660168379e-08;0.1;3.1622776601683795e-09;5.853446613256528e-07;;;;ROUGE;False
1787665603.7814877;29.251603580999472;BLE Sniffer;iBeacon;2,4 GHz BLE;6a:02:42:35:15:d4;-63.0;;;;-63.0;5.011872336272714e-10;0.000368;1.8443690197483588e-13;1.2860240277149137e-11;36;0x00;39;ORANGE;False
1787665603.8474948;29.317390535999948;Simulation RF;Détection RF large bande;868 MHz;868 MHz;;2794;2.251187217509484;-46.04748870037936;-79.04748870037936;1.2452344580946689e-11;0.1;1.245234458094669e-12;3.840525341542562e-09;;;;VERT;True
1787665603.8476956;29.317390535999948;Simulation RF;Détection RF large bande;2,45 GHz;2,45 GHz;;2961;2.386442070254196;-51.45768281016784;-68.15768281016784;1.528381312668255e-10;0.1;1.528381312668255e-11;1.4745715072439065e-08;;;;ORANGE;True
1787665603.8592606;29.329376370999853;Wi-Fi;Wi-Fi;2,4/5 GHz;wlan0;-45.0;;;;-45.0;3.162277660168379e-08;0.1;3.1622776601683795e-09;5.885069389858211e-07;;;;ROUGE;False
1787665603.8869133;29.35702973699972;BLE Sniffer;Appareil BLE;2,4 GHz BLE;57:10:3b:9d:cc:43;-70.0;;;;-70.0;1e-10;0.00028;2.7999999999999997e-14;1.0505447909974616e-12;25;0x00;37;ORANGE;False
1787665603.888638;29.35875472099997;Simulation LoRa;LoRa;868 MHz;LoRa 868.100 MHz;-87.3880931164089;;;;-87.3880931164089;1.8246967073029727e-12;0.046335999999999995;8.454914662959054e-14;2.5000304464278533e-12;13;"SNR=7.10;SF=7;BW=125.0;CR=4/5;F=868.100;CRC=OK;PAYLOAD=54454d504f5f4c4f52415f3238";7;VERT;True
1787665603.9475424;29.41747495799973;Simulation RF;Détection RF large bande;868 MHz;868 MHz;;2727;2.197884941522616;-43.91539766090463;-76.91539766090463;2.034511897631994e-11;0.1;2.0345118976319942e-12;3.842559853440193e-09;;;;VERT;True
1787665603.9476972;29.41747495799973;Simulation RF;Détection RF large bande;2,45 GHz;2,45 GHz;;2962;2.387084624596469;-51.483384983858755;-68.18338498385876;1.519362844287945e-10;0.1;1.5193628442879452e-11;1.4760908700881945e-08;;;;ORANGE;True
1787665603.9569545;29.427069244999984;Wi-Fi;Wi-Fi;2,4/5 GHz;wlan0;-45.0;;;;-45.0;3.162277660168379e-08;0.1;3.1622776601683795e-09;5.916692166459895e-07;;;;ROUGE;False
1787665603.9982145;29.46833033599978;BLE Sniffer;iBeacon;2,4 GHz BLE;6a:02:42:35:15:d4;-68.0;;;;-68.0;1.584893192461111e-10;0.000368;5.832406948256888e-14;1.2918564346631705e-11;36;0x00;38;ORANGE;False
1787665603.9983058;29.468419781999728;BLE Sniffer;iBeacon;2,4 GHz BLE;6a:02:42:35:15:d4;-62.0;;;;-62.0;6.309573444801942e-10;0.000368;2.321923027687115e-13;1.3150756649400417e-11;36;0x00;39;ORANGE;False
1787665604.0476513;29.5175621949993;Simulation RF;Détection RF large bande;868 MHz;868 MHz;;2730;2.2000544687621244;-44.00217875048497;-77.00217875048497;1.994261591113856e-11;0.1;1.994261591113856e-12;3.844554115031307e-09;;;;VERT;True
1787665604.0478132;29.5175621949993;Simulation RF;Détection RF large bande;2,45 GHz;2,45 GHz;;3018;2.432194225002796;-53.28776900011182;-69.98776900011183;1.0028202612767717e-10;0.1;1.0028202612767718e-11;1.4770936903494712e-08;;;;ORANGE;True
1787665604.0568204;29.52693571999953;Wi-Fi;Wi-Fi;2,4/5 GHz;wlan0;-45.0;;;;-45.0;3.162277660168379e-08;0.1;3.1622776601683795e-09;5.948314943061578e-07;;;;ROUGE;False
1787665604.147728;29.617646838999462;Simulation RF;Détection RF large bande;868 MHz;868 MHz;;2810;2.2647310824591314;-46.58924329836525;-79.58924329836525;1.0991973435854897e-11;0.1;1.0991973435854899e-12;3.845653312374892e-09;;;;VERT;True
1787665604.147882;29.617646838999462;Simulation RF;Détection RF large bande;2,45 GHz;2,45 GHz;;2993;2.4121933188585807;-52.48773275434321;-69.18773275434322;1.2056651967619396e-10;0.1;1.2056651967619396e-11;1.4782993555462331e-08;;;;ORANGE;True
1787665604.156769;29.626884417999463;Wi-Fi;Wi-Fi;2,4/5 GHz;wlan0;-45.0;;;;-45.0;3.162277660168379e-08;0.1;3.1622776601683795e-09;5.979937719663262e-07;;;;ROUGE;False
1787665604.206431;29.67654666999988;BLE Sniffer;Appareil BLE;2,4 GHz BLE;57:10:3b:9d:cc:43;-72.0;;;;-72.0;6.309573444801942e-11;0.00028;1.7666805645445437e-14;1.0682115966429071e-12;25;0x00;37;VERT;False
1787665604.2478034;29.717730149999625;Simulation RF;Détection RF large bande;868 MHz;868 MHz;;2802;2.2583628974555934;-46.33451589822373;-79.33451589822373;1.1655969710042092e-11;0.1;1.1655969710042092e-12;3.846818909345897e-09;;;;VERT;True
1787665604.247956;29.717730149999625;Simulation RF;Détection RF large bande;2,45 GHz;2,45 GHz;;2951;2.378075502961607;-51.12302011846428;-67.82302011846429;1.6508134101647013e-10;0.1;1.6508134101647012e-11;1.4799501689563979e-08;;;;ORANGE;True
1787665604.2579234;29.728038094000112;Wi-Fi;Wi-Fi;2,4/5 GHz;wlan0;-45.0;;;;-45.0;3.162277660168379e-08;0.1;3.1622776601683795e-09;6.011560496264946e-07;;;;ROUGE;False
1787665604.314626;29.7847422119994;BLE Sniffer;iBeacon;2,4 GHz BLE;6a:02:42:35:15:d4;-68.0;;;;-68.0;1.584893192461111e-10;0.000368;5.832406948256888e-14;1.3209080718882985e-11;36;0x00;38;ORANGE;False
1787665604.3147168;29.784830953999517;BLE Sniffer;iBeacon;2,4 GHz BLE;6a:02:42:35:15:d4;-63.0;;;;-63.0;5.011872336272714e-10;0.000368;1.8443690197483588e-13;1.3393517620857821e-11;36;0x00;39;ORANGE;False
1787665604.3479056;29.817816608999237;Simulation RF;Détection RF large bande;868 MHz;868 MHz;;2789;2.2475709970203583;-45.90283988081433;-78.90283988081433;1.2874074320143846e-11;0.1;1.2874074320143848e-12;3.848106316777911e-09;;;;VERT;True
1787665604.3480694;29.817816608999237;Simulation RF;Détection RF large bande;2,45 GHz;2,45 GHz;;2994;2.4123753082098482;-52.495012328393926;-69.19501232839393;1.2036459729753477e-10;0.1;1.2036459729753478e-11;1.4811538149293731e-08;;;;ORANGE;True
1787665604.3579662;29.828080923000016;Wi-Fi;Wi-Fi;2,4/5 GHz;wlan0;-45.0;;;;-45.0;3.162277660168379e-08;0.1;3.1622776601683795e-09;6.043183272866629e-07;;;;ROUGE;False
1787665604.4212499;29.89136579099977;BLE Sniffer;Appareil BLE;2,4 GHz BLE;57:10:3b:9d:cc:43;-81.0;;;;-81.0;7.943282347242821e-12;0.00028;2.22411905722799e-15;1.0704357157001352e-12;25;0x00;37;VERT;False
1787665604.4479809;29.917902548999336;Simulation RF;Détection RF large bande;868 MHz;868 MHz;;2772;2.23388203127251;-45.35528125090039;-78.35528125090039;1.4604001702609063e-11;0.1;1.4604001702609064e-12;3.849566716948172e-09;;;;VERT;True
1787665604.448135;29.917902548999336;Simulation RF;Détection RF large bande;2,45 GHz;2,45 GHz;;2971;2.3941139134521014;-51.76455653808405;-68.46455653808405;1.4241126566183013e-10;0.1;1.4241126566183013e-11;1.4825779275859914e-08;;;;ORANGE;True
1787665604.4584398;29.92855455299923;Wi-Fi;Wi-Fi;2,4/5 GHz;wlan0;-45.0;;;;-45.0;3.162277660168379e-08;0.1;3.1622776601683795e-09;6.074806049468313e-07;;;;ROUGE;False
1787665604.5259855;29.996101288999853;BLE Sniffer;Appareil BLE;2,4 GHz BLE;d3:23:2f:4d:3e:b1;-74.0;;;;-74.0;3.9810717055349695e-11;0.000376;1.4968829612811484e-14;3.147378526083103e-13;37;0x00;38;VERT;False
1787665604.5260763;29.996190382999885;BLE Sniffer;Appareil BLE;2,4 GHz BLE;d3:23:2f:4d:3e:b1;-84.0;;;;-84.0;3.9810717055349695e-12;0.000376;1.4968829612811484e-15;3.1623473556959144e-13;37;0x00;39;VERT;False
1787665604.5261185;29.996232346999932;BLE Sniffer;iBeacon;2,4 GHz BLE;6a:02:42:35:15:d4;-68.0;;;;-68.0;1.584893192461111e-10;0.000368;5.832406948256888e-14;1.345184169034039e-11;36;0x00;37;ORANGE;False
1787665604.5480564;30.01798523099933;Simulation RF;Détection RF large bande;868 MHz;868 MHz;;2749;2.214917211831638;-44.5966884732655;-77.5966884732655;1.739126419731897e-11;0.1;1.739126419731897e-12;3.851305843367904e-09;;;;VERT;True
1787665604.5482206;30.01798523099933;Simulation RF;Détection RF large bande;2,45 GHz;2,45 GHz;;2938;2.367413863886541;-50.69655455546163;-67.39655455546163;1.821145078213597e-10;0.1;1.821145078213597e-11;1.484399072664205e-08;;;;ORANGE;True
1787665604.5579154;30.0280303189993;Wi-Fi;Wi-Fi;2,4/5 GHz;wlan0;-46.0;;;;-46.0;2.511886431509582e-08;0.1;2.5118864315095824e-09;6.099924913783409e-07;;;;ROUGE;False
1787665604.6316118;30.101727835999554;BLE Sniffer;iBeacon;2,4 GHz BLE;6a:02:42:35:15:d4;-70.0;;;;-70.0;1e-10;0.000368;3.68e-14;1.348864169034039e-11;36;0x00;38;ORANGE;False
1787665604.6328964;30.103012390000004;BLE Sniffer;iBeacon;2,4 GHz BLE;6a:02:42:35:15:d4;-63.0;;;;-63.0;5.011872336272714e-10;0.000368;1.8443690197483588e-13;1.3673078592315225e-11;36;0x00;39;ORANGE;False
1787665604.657588;30.118067318999238;Simulation RF;Détection RF large bande;868 MHz;868 MHz;;2749;2.215153616626148;-44.6061446650459;-77.6061446650459;1.7353438199855564e-11;0.1;1.7353438199855565e-12;3.853041187187889e-09;;;;VERT;True
1787665604.658327;30.118067318999238;Simulation RF;Détection RF large bande;2,45 GHz;2,45 GHz;;2929;2.3604458082497937;-50.41783232999174;-67.11783232999174;1.9418548630196308e-10;0.1;1.941854863019631e-11;1.4863409275272246e-08;;;;ORANGE;True
1787665604.6703048;30.140419710999595;Wi-Fi;Wi-Fi;2,4/5 GHz;wlan0;-46.0;;;;-46.0;2.511886431509582e-08;0.1;2.5118864315095824e-09;6.125043778098505e-07;;;;ROUGE;False
1787665604.7385488;30.20866460399975;BLE Sniffer;Appareil BLE;2,4 GHz BLE;57:10:3b:9d:cc:43;-82.0;;;;-82.0;6.309573444801943e-12;0.00028;1.7666805645445437e-15;1.0722023962646797e-12;25;0x00;37;VERT;False
1787665604.7396538;30.209770209999988;BLE Sniffer;Appareil BLE;2,4 GHz BLE;57:10:3b:9d:cc:43;-77.0;;;;-77.0;1.9952623149688828e-11;0.00028;5.586734481912872e-15;1.0777891307465926e-12;25;0x00;38;VERT;False
1787665604.7397356;30.209849525999743;BLE Sniffer;Appareil BLE;2,4 GHz BLE;57:10:3b:9d:cc:43;-82.0;;;;-82.0;6.309573444801943e-12;0.00028;1.7666805645445437e-15;1.0795558113111372e-12;25;0x00;39;VERT;False
1787665604.7481754;30.2181477969998;Simulation RF;Détection RF large bande;868 MHz;868 MHz;;2710;2.1841694483877445;-43.366777935509774;-76.36677793550977;2.308459217379624e-11;0.1;2.308459217379624e-12;3.855349646405269e-09;;;;VERT;True
1787665604.7483263;30.2181477969998;Simulation RF;Détection RF large bande;2,45 GHz;2,45 GHz;;3025;2.4374110744698783;-53.49644297879513;-70.19644297879513;9.557750782015693e-11;0.1;9.557750782015694e-12;1.4872967026054262e-08;;;;VERT;True
1787665604.758322;30.228436869999314;Wi-Fi;Wi-Fi;2,4/5 GHz;wlan0;-46.0;;;;-46.0;2.511886431509582e-08;0.1;2.5118864315095824e-09;6.150162642413601e-07;;;;ROUGE;False
1787665604.8472433;30.31736054099929;BLE Sniffer;iBeacon;2,4 GHz BLE;6a:02:42:35:15:d4;-68.0;;;;-68.0;1.584893192461111e-10;0.000368;5.832406948256888e-14;1.3731402661797794e-11;36;0x00;37;ORANGE;False
1787665604.8473432;30.317457078999723;BLE Sniffer;iBeacon;2,4 GHz BLE;6a:02:42:35:15:d4;-68.0;;;;-68.0;1.584893192461111e-10;0.000368;5.832406948256888e-14;1.3789726731280362e-11;36;0x00;38;ORANGE;False
1787665604.8501334;30.32024955899942;Simulation LoRa;LoRa;868 MHz;LoRa 868.100 MHz;-84.74769089876767;;;;-84.74769089876767;3.3514358435653654e-12;0.046335999999999995;1.5529213124744475e-13;2.655322577675298e-12;13;"SNR=6.10;SF=7;BW=125.0;CR=4/5;F=868.100;CRC=OK;PAYLOAD=54454d504f5f4c4f52415f3239";7;VERT;True
1787665604.8520312;30.31822392199956;Simulation RF;Détection RF large bande;868 MHz;868 MHz;;2784;2.243543485605268;-45.74173942421071;-78.7417394242107;1.3360602942081828e-11;0.1;1.336060294208183e-12;3.856685706699477e-09;;;;VERT;True
1787665604.8595319;30.31822392199956;Simulation RF;Détection RF large bande;2,45 GHz;2,45 GHz;;3049;2.456696855701829;-54.267874228073154;-70.96787422807316;8.002258513695456e-11;0.1;8.002258513695456e-12;1.4880969284567958e-08;;;;VERT;True
1787665604.882696;30.35281094899983;Wi-Fi;Wi-Fi;2,4/5 GHz;wlan0;-46.0;;;;-46.0;2.511886431509582e-08;0.1;2.5118864315095824e-09;6.175281506728697e-07;;;;ROUGE;False
1787665604.9483924;30.41830201099947;Simulation RF;Détection RF large bande;868 MHz;868 MHz;;2739;2.207013124714563;-44.28052498858251;-77.28052498858251;1.8704560201985724e-11;0.1;1.8704560201985726e-12;3.858556162719676e-09;;;;VERT;True
1787665604.9485798;30.41830201099947;Simulation RF;Détection RF large bande;2,45 GHz;2,45 GHz;;3029;2.440911032112537;-53.63644128450147;-70.33644128450148;9.254562048329662e-11;0.1;9.254562048329663e-12;1.4890223846616288e-08;;;;VERT;True
1787665604.955543;30.42565945499973;BLE Sniffer;iBeacon;2,4 GHz BLE;6a:02:42:35:15:d4;-62.0;;;;-62.0;6.309573444801942e-10;0.000368;2.321923027687115e-13;1.4021919034049074e-11;36;0x00;39;ORANGE;False
1787665604.9570026;30.427118713999334;BLE Sniffer;Appareil BLE;2,4 GHz BLE;57:10:3b:9d:cc:43;-84.0;;;;-84.0;3.9810717055349695e-12;0.00028;1.1147000775497915e-15;1.080670511388687e-12;25;0x00;37;VERT;False
1787665604.9619217;30.43203747899952;Wi-Fi;Wi-Fi;2,4/5 GHz;wlan0;-46.0;;;;-46.0;2.511886431509582e-08;0.1;2.5118864315095824e-09;6.200400371043793e-07;;;;ROUGE;False
1787665605.0484977;30.51839152499997;Simulation RF;Détection RF large bande;868 MHz;868 MHz;;2729;2.199560371597717;-43.98241486390867;-76.98241486390867;2.0033577646159604e-11;0.1;2.0033577646159603e-12;3.8605595204842924e-09;;;;VERT;True
1787665605.048658;30.51839152499997;Simulation RF;Détection RF large bande;2,45 GHz;2,45 GHz;;3001;2.41852936386276;-52.741174554510394;-69.4411745545104;1.137319654793674e-10;0.1;1.137319654793674e-11;1.4901597043164224e-08;;;;ORANGE;True
1787665605.0574455;30.52756054800011;Wi-Fi;Wi-Fi;2,4/5 GHz;wlan0;-46.0;;;;-46.0;2.511886431509582e-08;0.1;2.5118864315095824e-09;6.225519235358889e-07;;;;ROUGE;False
1787665605.1485708;30.61849624399929;Simulation RF;Détection RF large bande;868 MHz;868 MHz;;2798;2.2549172588012376;-46.1966903520495;-79.1966903520495;1.2031809990104539e-11;0.1;1.203180999010454e-12;3.8617627014833025e-09;;;;VERT;True
1787665605.1487234;30.61849624399929;Simulation RF;Détection RF large bande;2,45 GHz;2,45 GHz;;3052;2.4597432060647053;-54.389728242588205;-71.08972824258821;7.780852377774032e-11;0.1;7.780852377774032e-12;1.4909377895541997e-08;;;;VERT;True
1787665605.1591256;30.62924023100004;Wi-Fi;Wi-Fi;2,4/5 GHz;wlan0;-46.0;;;;-46.0;2.511886431509582e-08;0.1;2.5118864315095824e-09;6.250638099673985e-07;;;;ROUGE;False
1787665605.1722243;30.642340912999316;BLE Sniffer;iBeacon;2,4 GHz BLE;6a:02:42:35:15:d4;-70.0;;;;-70.0;1e-10;0.000368;3.68e-14;1.4058719034049074e-11;36;0x00;38;ORANGE;False
1787665605.1723115;30.642425413999263;BLE Sniffer;iBeacon;2,4 GHz BLE;6a:02:42:35:15:d4;-63.0;;;;-63.0;5.011872336272714e-10;0.000368;1.8443690197483588e-13;1.424315593602391e-11;36;0x00;39;ORANGE;False
1787665605.2486434;30.718570424999598;Simulation RF;Détection RF large bande;868 MHz;868 MHz;;2801;2.257591686297174;-46.30366745188695;-79.30366745188695;1.173905817396571e-11;0.1;1.1739058173965712e-12;3.8629366073006994e-09;;;;VERT;True
1787665605.2487848;30.718570424999598;Simulation RF;Détection RF large bande;2,45 GHz;2,45 GHz;;2970;2.3936643597082794;-51.74657438833117;-68.44657438833117;1.4300214807326817e-10;0.1;1.4300214807326817e-11;1.4923678110349323e-08;;;;ORANGE;True
1787665605.2584364;30.728551327999412;Wi-Fi;Wi-Fi;2,4/5 GHz;wlan0;-46.0;;;;-46.0;2.511886431509582e-08;0.1;2.5118864315095824e-09;6.275756963989081e-07;;;;ROUGE;False
1787665605.2778955;30.748011293999298;BLE Sniffer;Appareil BLE;2,4 GHz BLE;57:10:3b:9d:cc:43;-84.0;;;;-84.0;3.9810717055349695e-12;0.00028;1.1147000775497915e-15;1.081785211466237e-12;25;0x00;37;VERT;False
1787665605.2779758;30.74808974000007;BLE Sniffer;Appareil BLE;2,4 GHz BLE;57:10:3b:9d:cc:43;-77.0;;;;-77.0;1.9952623149688828e-11;0.00028;5.586734481912872e-15;1.0873719459481498e-12;25;0x00;38;VERT;False
1787665605.280088;30.75020402500013;BLE Sniffer;Appareil BLE;2,4 GHz BLE;57:10:3b:9d:cc:43;-84.0;;;;-84.0;3.9810717055349695e-12;0.00028;1.1147000775497915e-15;1.0884866460256997e-12;25;0x00;39;VERT;False
1787665605.3487375;30.818656458000078;Simulation RF;Détection RF large bande;868 MHz;868 MHz;;2787;2.2461067281602913;-45.844269126411646;-78.84426912641165;1.3048875495096218e-11;0.1;1.304887549509622e-12;3.864241494850209e-09;;;;VERT;True
1787665605.3489141;30.818656458000078;Simulation RF;Détection RF large bande;2,45 GHz;2,45 GHz;;2976;2.398233739820353;-51.929349592814106;-68.62934959281411;1.371087087244988e-10;0.1;1.371087087244988e-11;1.4937388981221774e-08;;;;ORANGE;True
1787665605.3591523;30.829267497999354;Wi-Fi;Wi-Fi;2,4/5 GHz;wlan0;-46.0;;;;-46.0;2.511886431509582e-08;0.1;2.5118864315095824e-09;6.300875828304177e-07;;;;ROUGE;False
1787665605.448804;30.918735008999647;Simulation RF;Détection RF large bande;868 MHz;868 MHz;;2797;2.254205977407413;-46.16823909629652;-79.16823909629652;1.211089085901095e-11;0.1;1.2110890859010951e-12;3.86545258393611e-09;;;;VERT;True
1787665605.4489474;30.918735008999647;Simulation RF;Détection RF large bande;2,45 GHz;2,45 GHz;;2983;2.40400191981553;-52.1600767926212;-68.8600767926212;1.300146588437212e-10;0.1;1.3001465884372122e-11;1.4950390447106146e-08;;;;ORANGE;True
1787665605.4580922;30.928207127999485;Wi-Fi;Wi-Fi;2,4/5 GHz;wlan0;-46.0;;;;-46.0;2.511886431509582e-08;0.1;2.5118864315095824e-09;6.325994692619273e-07;;;;ROUGE;False
1787665605.4921649;30.962280406999525;BLE Sniffer;iBeacon;2,4 GHz BLE;6a:02:42:35:15:d4;-69.0;;;;-69.0;1.2589254117941662e-10;0.000368;4.6328455154025316e-14;1.4289484391177936e-11;36;0x00;37;ORANGE;False
1787665605.4922407;30.962354481999682;BLE Sniffer;iBeacon;2,4 GHz BLE;6a:02:42:35:15:d4;-68.0;;;;-68.0;1.584893192461111e-10;0.000368;5.832406948256888e-14;1.4347808460660504e-11;36;0x00;38;ORANGE;False
1787665605.4922805;30.96239435299958;BLE Sniffer;iBeacon;2,4 GHz BLE;6a:02:42:35:15:d4;-63.0;;;;-63.0;5.011872336272714e-10;0.000368;1.8443690197483588e-13;1.453224536263534e-11;36;0x00;39;ORANGE;False
1787665605.495512;30.965628097999797;BLE Sniffer;Appareil BLE;2,4 GHz BLE;57:10:3b:9d:cc:43;-82.0;;;;-82.0;6.309573444801943e-12;0.00028;1.7666805645445437e-15;1.0902533265902443e-12;25;0x00;37;VERT;False
1787665605.5489051;31.018822930999704;Simulation RF;Détection RF large bande;868 MHz;868 MHz;;2748;2.214582416703197;-44.58329666812787;-77.58329666812787;1.744497426813959e-11;0.1;1.744497426813959e-12;3.867197081362924e-09;;;;VERT;True
1787665605.5512166;31.018822930999704;Simulation RF;Détection RF large bande;2,45 GHz;2,45 GHz;;2985;2.4051813591537003;-52.20725436614801;-68.90725436614801;1.2860994822217593e-10;0.1;1.2860994822217593e-11;1.4963251441928363e-08;;;;ORANGE;True
1787665605.561092;31.031206827999995;Wi-Fi;Wi-Fi;2,4/5 GHz;wlan0;-46.0;;;;-46.0;2.511886431509582e-08;0.1;2.5118864315095824e-09;6.351113556934369e-07;;;;ROUGE;False
1787665605.648996;31.11891161299991;Simulation RF;Détection RF large bande;868 MHz;868 MHz;;2813;2.2672612381767285;-46.690449527069134;-79.69044952706913;1.0738782522073394e-11;0.1;1.0738782522073394e-12;3.8682709596151315e-09;;;;VERT;True
1787665605.6499312;31.11891161299991;Simulation RF;Détection RF large bande;2,45 GHz;2,45 GHz;;2952;2.3786922945708335;-51.147691782833334;-67.84769178283334;1.6414619565085303e-10;0.1;1.6414619565085303e-11;1.497966606149345e-08;;;;ORANGE;True
1787665605.6588101;31.128925237999283;Wi-Fi;Wi-Fi;2,4/5 GHz;wlan0;-46.0;;;;-46.0;2.511886431509582e-08;0.1;2.5118864315095824e-09;6.376232421249465e-07;;;;ROUGE;False
1787665605.7127852;31.18290174899994;BLE Sniffer;iBeacon;2,4 GHz BLE;6a:02:42:35:15:d4;-69.0;;;;-69.0;1.2589254117941662e-10;0.000368;4.6328455154025316e-14;1.4578573817789366e-11;36;0x00;38;ORANGE;False
1787665605.7490728;31.218994682999437;Simulation RF;Détection RF large bande;868 MHz;868 MHz;;2786;2.245394938318049;-45.81579753272196;-78.81579753272196;1.313470268844539e-11;0.1;1.3134702688445391e-12;3.869584429883976e-09;;;;VERT;True
1787665605.7492836;31.218994682999437;Simulation RF;Détection RF large bande;2,45 GHz;2,45 GHz;;2988;2.408284012630763;-52.33136050523052;-69.03136050523052;1.249867425530816e-10;0.1;1.249867425530816e-11;1.4992164735748758e-08;;;;ORANGE;True
1787665605.7596827;31.229797576999772;Wi-Fi;Wi-Fi;2,4/5 GHz;wlan0;-46.0;;;;-46.0;2.511886431509582e-08;0.1;2.5118864315095824e-09;6.401351285564561e-07;;;;ROUGE;False
1787665605.8190749;31.28919041500012;BLE Sniffer;Appareil BLE;2,4 GHz BLE;57:10:3b:9d:cc:43;-79.0;;;;-79.0;1.2589254117941662e-11;0.00028;3.524991153023665e-15;1.093778317743268e-12;25;0x00;39;VERT;False
1787665605.849164;31.31906504899962;Simulation RF;Détection RF large bande;868 MHz;868 MHz;;2721;2.1927675791897925;-43.71070316759169;-76.71070316759169;2.1326995791163498e-11;0.1;2.1326995791163498e-12;3.871717129463092e-09;;;;VERT;True
1787665605.8493347;31.31906504899962;Simulation RF;Détection RF large bande;2,45 GHz;2,45 GHz;;2989;2.408660834999285;-52.3464333999714;-69.0464333999714;1.2455370767455454e-10;0.1;1.2455370767455456e-11;1.5004620106516215e-08;;;;ORANGE;True
1787665605.858191;31.328306016999704;Wi-Fi;Wi-Fi;2,4/5 GHz;wlan0;-46.0;;;;-46.0;2.511886431509582e-08;0.1;2.5118864315095824e-09;6.426470149879658e-07;;;;ROUGE;False
1787665605.9209876;31.391104933999486;Simulation LoRa;LoRa;868 MHz;LoRa 868.100 MHz;-85.38280410587603;;;;-85.38280410587603;2.895473465877161e-12;0.046335999999999995;1.3416465851488412e-13;2.789487236190182e-12;13;"SNR=6.97;SF=7;BW=125.0;CR=4/5;F=868.100;CRC=OK;PAYLOAD=54454d504f5f4c4f52415f3330";7;VERT;True
1787665605.9492872;31.419152877999295;Simulation RF;Détection RF large bande;868 MHz;868 MHz;;2741;2.2090754695096075;-44.363018780384294;-77.3630187803843;1.835262209354122e-11;0.1;1.835262209354122e-12;3.873552391672446e-09;;;;VERT;True
1787665605.9494867;31.419152877999295;Simulation RF;Détection RF large bande;2,45 GHz;2,45 GHz;;3024;2.437142654360727;-53.48570617442908;-70.18570617442909;9.581409073681804e-11;0.1;9.581409073681804e-12;1.5014201515589897e-08;;;;VERT;True
1787665605.9593828;31.429498081999554;Wi-Fi;Wi-Fi;2,4/5 GHz;wlan0;-46.0;;;;-46.0;2.511886431509582e-08;0.1;2.5118864315095824e-09;6.451589014194754e-07;;;;ROUGE;False
1787665606.0307088;31.500824161999844;BLE Sniffer;iBeacon;2,4 GHz BLE;6a:02:42:35:15:d4;-70.0;;;;-70.0;1e-10;0.000368;3.68e-14;1.4615373817789364e-11;36;0x00;37;ORANGE;False
1787665606.0307965;31.500910551999368;BLE Sniffer;iBeacon;2,4 GHz BLE;6a:02:42:35:15:d4;-68.0;;;;-68.0;1.584893192461111e-10;0.000368;5.832406948256888e-14;1.4673697887271934e-11;36;0x00;38;ORANGE;False
1787665606.0341072;31.504222907999974;BLE Sniffer;iBeacon;2,4 GHz BLE;6a:02:42:35:15:d4;-64.0;;;;-64.0;3.9810717055349694e-10;0.000368;1.4650343876368688e-13;1.482020132603562e-11;36;0x00;39;ORANGE;False
1787665606.0493202;31.519243688999268;Simulation RF;Détection RF large bande;868 MHz;868 MHz;;2711;2.1844229210356123;-43.37691684142449;-76.37691684142449;2.3030762451235584e-11;0.1;2.3030762451235584e-12;3.87585546791757e-09;;;;VERT;True
1787665606.04952;31.519243688999268;Simulation RF;Détection RF large bande;2,45 GHz;2,45 GHz;;2986;2.4062709144654977;-52.2508365786199;-68.9508365786199;1.273257790576952e-10;0.1;1.273257790576952e-11;1.5026934093495667e-08;;;;ORANGE;True
1787665606.058624;31.528739029999997;Wi-Fi;Wi-Fi;2,4/5 GHz;wlan0;-46.0;;;;-46.0;2.511886431509582e-08;0.1;2.5118864315095824e-09;6.47670787850985e-07;;;;ROUGE;False
1787665606.1393678;31.609484079999675;BLE Sniffer;Appareil BLE;2,4 GHz BLE;57:10:3b:9d:cc:43;-72.0;;;;-72.0;6.309573444801942e-11;0.00028;1.7666805645445437e-14;1.1114451233887134e-12;25;0x00;37;VERT;False
1787665606.1514828;31.619347408000067;Simulation RF;Détection RF large bande;868 MHz;868 MHz;;2810;2.2642515275962913;-46.57006110385166;-79.57006110385166;1.1040630859764934e-11;0.1;1.1040630859764935e-12;3.876959531003546e-09;;;;VERT;True
1787665606.1520627;31.619347408000067;Simulation RF;Détection RF large bande;2,45 GHz;2,45 GHz;;2993;2.412296275931861;-52.49185103727443;-69.19185103727443;1.2045224429062873e-10;0.1;1.2045224429062874e-11;1.503897931792473e-08;;;;ORANGE;True
1787665606.163216;31.633332360999702;Wi-Fi;Wi-Fi;2,4/5 GHz;wlan0;-46.0;;;;-46.0;2.511886431509582e-08;0.1;2.5118864315095824e-09;6.501826742824946e-07;;;;ROUGE;False
1787665606.246193;31.716309474999434;BLE Sniffer;iBeacon;2,4 GHz BLE;6a:02:42:35:15:d4;-68.0;;;;-68.0;1.584893192461111e-10;0.000368;5.832406948256888e-14;1.487852539551819e-11;36;0x00;38;ORANGE;False
1787665606.2495482;31.719476329999452;Simulation RF;Détection RF large bande;868 MHz;868 MHz;;2774;2.2356974776460614;-45.42789910584246;-78.42789910584246;1.4361840175711803e-11;0.1;1.4361840175711803e-12;3.878395715021117e-09;;;;VERT;True
1787665606.2497756;31.719476329999452;Simulation RF;Détection RF large bande;2,45 GHz;2,45 GHz;;2958;2.38407807387686;-51.36312295507439;-68.06312295507439;1.5620240075673474e-10;0.1;1.5620240075673474e-11;1.5054599558000404e-08;;;;ORANGE;True
1787665606.2600524;31.73016757499954;Wi-Fi;Wi-Fi;2,4/5 GHz;wlan0;-46.0;;;;-46.0;2.511886431509582e-08;0.1;2.5118864315095824e-09;6.526945607140042e-07;;;;ROUGE;False
1787665606.3544147;31.824531091999233;BLE Sniffer;iBeacon;2,4 GHz BLE;6a:02:42:35:15:d4;-63.0;;;;-63.0;5.011872336272714e-10;0.000368;1.8443690197483588e-13;1.5062962297493027e-11;36;0x00;39;ORANGE;False
1787665606.3545265;31.824640481999268;BLE Sniffer;Appareil BLE;2,4 GHz BLE;57:10:3b:9d:cc:43;-73.0;;;;-73.0;5.011872336272715e-11;0.00028;1.40332425415636e-14;1.125478365930277e-12;25;0x00;37;VERT;False
1787665606.358838;31.82013929599998;Simulation RF;Détection RF large bande;868 MHz;868 MHz;;2716;2.1889868355754247;-43.55947342301698;-76.55947342301698;2.208272467242839e-11;0.1;2.2082724672428392e-12;3.88060398748836e-09;;;;VERT;True
1787665606.3590333;31.82013929599998;Simulation RF;Détection RF large bande;2,45 GHz;2,45 GHz;;2953;2.3796193880410037;-51.18477552164015;-67.88477552164015;1.6275054360546453e-10;0.1;1.6275054360546453e-11;1.507087461236095e-08;;;;ORANGE;True
1787665606.3695078;31.839624447999995;Wi-Fi;Wi-Fi;2,4/5 GHz;wlan0;-46.0;;;;-46.0;2.511886431509582e-08;0.1;2.5118864315095824e-09;6.552064471455138e-07;;;;ROUGE;False
1787665606.4503365;31.920238921999953;Simulation RF;Détection RF large bande;868 MHz;868 MHz;;2736;2.205118592879918;-44.20474371519673;-77.20474371519673;1.9033805560926528e-11;0.1;1.9033805560926528e-12;3.882507368044453e-09;;;;VERT;True
1787665606.4505742;31.920238921999953;Simulation RF;Détection RF large bande;2,45 GHz;2,45 GHz;;2986;2.405980895037356;-52.23923580149422;-68.93923580149422;1.2766634348422918e-10;0.1;1.2766634348422918e-11;1.5083641246709373e-08;;;;ORANGE;True
1787665606.4648592;31.934975106999445;Wi-Fi;Wi-Fi;2,4/5 GHz;wlan0;-47.0;;;;-47.0;1.9952623149688786e-08;0.1;1.9952623149688786e-09;6.572017094604827e-07;;;;ROUGE;False
1787665606.551488;32.02042102999985;Simulation RF;Détection RF large bande;868 MHz;868 MHz;;2724;2.195253475574258;-43.810139022970304;-76.8101390229703;2.0844241570650784e-11;0.1;2.0844241570650785e-12;3.884591792201518e-09;;;;VERT;True
1787665606.552025;32.02042102999985;Simulation RF;Détection RF large bande;2,45 GHz;2,45 GHz;;3041;2.4505574671993653;-54.02229868797461;-70.72229868797461;8.467791017076462e-11;0.1;8.467791017076462e-12;1.509210903772645e-08;;;;VERT;True
1787665606.5620785;32.03219375199933;Wi-Fi;Wi-Fi;2,4/5 GHz;wlan0;-47.0;;;;-47.0;1.9952623149688786e-08;0.1;1.9952623149688786e-09;6.591969717754516e-07;;;;ROUGE;False
1787665606.5660107;32.03612726399933;BLE Sniffer;Appareil BLE;2,4 GHz BLE;d3:23:2f:4d:3e:b1;-75.0;;;;-75.0;3.1622776601683794e-11;0.000376;1.1890164002233105e-14;3.2812489957182455e-13;37;0x00;38;VERT;False
1787665606.5661104;32.03622444999928;BLE Sniffer;Appareil BLE;2,4 GHz BLE;d3:23:2f:4d:3e:b1;-84.0;;;;-84.0;3.9810717055349695e-12;0.000376;1.4968829612811484e-15;3.296217825331057e-13;37;0x00;39;VERT;False
1787665606.5661523;32.036266376999265;BLE Sniffer;iBeacon;2,4 GHz BLE;6a:02:42:35:15:d4;-69.0;;;;-69.0;1.2589254117941662e-10;0.000368;4.6328455154025316e-14;1.5109290752647052e-11;36;0x00;37;ORANGE;False
1787665606.571357;32.04147384999942;BLE Sniffer;iBeacon;2,4 GHz BLE;6a:02:42:35:15:d4;-68.0;;;;-68.0;1.584893192461111e-10;0.000368;5.832406948256888e-14;1.5167614822129622e-11;36;0x00;38;ORANGE;False
1787665606.5760624;32.04617927899926;BLE Sniffer;iBeacon;2,4 GHz BLE;6a:02:42:35:15:d4;-62.0;;;;-62.0;6.309573444801942e-10;0.000368;2.321923027687115e-13;1.5399807124898332e-11;36;0x00;39;ORANGE;False
1787665606.6505983;32.12051300799976;Simulation RF;Détection RF large bande;868 MHz;868 MHz;;2792;2.2503087663565786;-46.012350654263145;-79.01235065426314;1.255350311195082e-11;0.1;1.255350311195082e-12;3.885847142512713e-09;;;;VERT;True
1787665606.6507607;32.12051300799976;Simulation RF;Détection RF large bande;2,45 GHz;2,45 GHz;;3078;2.4806967097553483;-55.22786839021393;-71.92786839021393;6.415243731459307e-11;0.1;6.415243731459307e-12;1.509852428145791e-08;;;;VERT;True
1787665606.6590834;32.12919807899925;Wi-Fi;Wi-Fi;2,4/5 GHz;wlan0;-47.0;;;;-47.0;1.9952623149688786e-08;0.1;1.9952623149688786e-09;6.611922340904205e-07;;;;ROUGE;False
1787665606.678913;32.14902936499948;BLE Sniffer;Appareil BLE;2,4 GHz BLE;57:10:3b:9d:cc:43;-72.0;;;;-72.0;6.309573444801942e-11;0.00028;1.7666805645445437e-14;1.1431451715757226e-12;25;0x00;37;VERT;False
1787665606.7514937;32.22075126499931;Simulation RF;Détection RF large bande;868 MHz;868 MHz;;2745;2.2121610397786498;-44.48644159114599;-77.48644159114599;1.783839764930187e-11;0.1;1.783839764930187e-12;3.887630982277643e-09;;;;VERT;True
1787665606.752671;32.22075126499931;Simulation RF;Détection RF large bande;2,45 GHz;2,45 GHz;;3056;2.462578599562355;-54.503143982494194;-71.2031439824942;7.580286176614463e-11;0.1;7.580286176614464e-12;1.5106104567634524e-08;;;;VERT;True
1787665606.7630665;32.233181420999244;Wi-Fi;Wi-Fi;2,4/5 GHz;wlan0;-46.0;;;;-46.0;2.511886431509582e-08;0.1;2.5118864315095824e-09;6.637041205219301e-07;;;;ROUGE;False
1787665606.8509269;32.320842946000084;Simulation RF;Détection RF large bande;868 MHz;868 MHz;;2775;2.235982090863432;-45.439283634537276;-78.43928363453728;1.4324241570689018e-11;0.1;1.4324241570689018e-12;3.889063406434711e-09;;;;VERT;True
1787665606.851089;32.320842946000084;Simulation RF;Détection RF large bande;2,45 GHz;2,45 GHz;;3036;2.4466491414950506;-53.865965659802015;-70.56596565980202;8.778158818168348e-11;0.1;8.778158818168348e-12;1.511488272645269e-08;;;;VERT;True
1787665606.859038;32.32915321699966;Wi-Fi;Wi-Fi;2,4/5 GHz;wlan0;-45.0;;;;-45.0;3.162277660168379e-08;0.1;3.1622776601683795e-09;6.668663981820984e-07;;;;ROUGE;False
1787665606.889898;32.36001419599961;BLE Sniffer;iBeacon;2,4 GHz BLE;6a:02:42:35:15:d4;-69.0;;;;-69.0;1.2589254117941662e-10;0.000368;4.6328455154025316e-14;1.5446135580052356e-11;36;0x00;38;ORANGE;False
1787665606.8900301;32.3601440679995;Simulation LoRa;LoRa;868 MHz;LoRa 868.100 MHz;-92.97448562149337;;;;-92.97448562149337;5.041403259611571e-13;0.046335999999999995;2.3359846143736175e-14;2.8128470823339182e-12;13;"SNR=6.37;SF=7;BW=125.0;CR=4/5;F=868.100;CRC=OK;PAYLOAD=54454d504f5f4c4f52415f3331";7;VERT;True
1787665606.8925195;32.36263567399965;BLE Sniffer;iBeacon;2,4 GHz BLE;6a:02:42:35:15:d4;-63.0;;;;-63.0;5.011872336272714e-10;0.000368;1.8443690197483588e-13;1.5630572482027194e-11;36;0x00;39;ORANGE;False
1787665606.952842;32.422666389999904;Simulation RF;Détection RF large bande;868 MHz;868 MHz;;2744;2.211126551036241;-44.44506204144963;-77.44506204144963;1.800917407123398e-11;0.1;1.800917407123398e-12;3.890864323841835e-09;;;;VERT;True
1787665606.9531927;32.422666389999904;Simulation RF;Détection RF large bande;2,45 GHz;2,45 GHz;;3091;2.490984310184374;-55.63937240737495;-72.33937240737495;5.83529423167524e-11;0.1;5.83529423167524e-12;1.5120718020684366e-08;;;;VERT;True
1787665606.9630425;32.43315765099942;Wi-Fi;Wi-Fi;2,4/5 GHz;wlan0;-45.0;;;;-45.0;3.162277660168379e-08;0.1;3.1622776601683795e-09;6.700286758422668e-07;;;;ROUGE;False
1787665607.0528414;32.52275368199935;Simulation RF;Détection RF large bande;868 MHz;868 MHz;;2725;2.196166627251617;-43.846665090064675;-76.84666509006468;2.066966752539011e-11;0.1;2.066966752539011e-12;3.892931290594373e-09;;;;VERT;True
1787665607.0530045;32.52275368199935;Simulation RF;Détection RF large bande;2,45 GHz;2,45 GHz;;3017;2.431633708700558;-53.265348348022314;-69.96534834802232;1.0080107534819661e-10;0.1;1.0080107534819662e-11;1.5130798128219186e-08;;;;ORANGE;True
1787665607.0609126;32.531027488999825;Wi-Fi;Wi-Fi;2,4/5 GHz;wlan0;-44.0;;;;-44.0;3.981071705534969e-08;0.1;3.981071705534969e-09;6.740097475478017e-07;;;;ROUGE;False
1787665607.107017;32.577132863999395;BLE Sniffer;iBeacon;2,4 GHz BLE;6a:02:42:35:15:d4;-68.0;;;;-68.0;1.584893192461111e-10;0.000368;5.832406948256888e-14;1.5688896551509764e-11;36;0x00;37;ORANGE;False
1787665607.1529737;32.62285840000004;Simulation RF;Détection RF large bande;868 MHz;868 MHz;;2742;2.209667448044627;-44.38669792178507;-77.38669792178507;1.8252829952051187e-11;0.1;1.825282995205119e-12;3.8947565735895785e-09;;;;VERT;True
1787665607.1541338;32.62285840000004;Simulation RF;Détection RF large bande;2,45 GHz;2,45 GHz;;3022;2.4356416206261824;-53.42566482504729;-70.1256648250473;9.714792245760062e-11;0.1;9.714792245760063e-12;1.5140512920464946e-08;;;;VERT;True
1787665607.1649866;32.635101516999384;Wi-Fi;Wi-Fi;2,4/5 GHz;wlan0;-43.0;;;;-43.0;5.011872336272725e-08;0.1;5.0118723362727255e-09;6.790216198840745e-07;;;;ROUGE;False
1787665607.2087748;32.6788909729994;BLE Sniffer;iBeacon;2,4 GHz BLE;6a:02:42:35:15:d4;-67.0;;;;-67.0;1.9952623149688828e-10;0.000368;7.342565319085489e-14;1.5762322204700617e-11;36;0x00;38;ORANGE;False
1787665607.208858;32.67897199299932;BLE Sniffer;iBeacon;2,4 GHz BLE;6a:02:42:35:15:d4;-62.0;;;;-62.0;6.309573444801942e-10;0.000368;2.321923027687115e-13;1.5994514507469327e-11;36;0x00;39;ORANGE;False
1787665607.2124245;32.68254101899947;BLE Sniffer;Appareil BLE;2,4 GHz BLE;57:10:3b:9d:cc:43;-72.0;;;;-72.0;6.309573444801942e-11;0.00028;1.7666805645445437e-14;1.160811977221168e-12;25;0x00;37;VERT;False
1787665607.2530048;32.722917340000095;Simulation RF;Détection RF large bande;868 MHz;868 MHz;;2701;2.176261568390857;-43.05046273563427;-76.05046273563427;2.4828685444944533e-11;0.1;2.4828685444944533e-12;3.897239442134073e-09;;;;VERT;True
1787665607.2531664;32.722917340000095;Simulation RF;Détection RF large bande;2,45 GHz;2,45 GHz;;3043;2.452343485426469;-54.09373941705876;-70.79373941705876;8.329636668910775e-11;0.1;8.329636668910776e-12;1.5148842557133858e-08;;;;VERT;True
1787665607.2618513;32.731967230999544;Wi-Fi;Wi-Fi;2,4/5 GHz;wlan0;-42.0;;;;-42.0;6.30957344480193e-08;0.1;6.30957344480193e-09;6.853311933288764e-07;;;;ROUGE;False
1787665607.3612893;32.823087299999315;Simulation RF;Détection RF large bande;868 MHz;868 MHz;;2798;2.2546392761487195;-46.18557104594878;-79.18557104594878;1.2062654681071515e-11;0.1;1.2062654681071517e-12;3.89844570760218e-09;;;;VERT;True
1787665607.362565;32.823087299999315;Simulation RF;Détection RF large bande;2,45 GHz;2,45 GHz;;3025;2.437375846612553;-53.495033864502105;-70.19503386450211;9.560852398302586e-11;0.1;9.560852398302586e-12;1.515840340953216e-08;;;;VERT;True
1787665607.3712838;32.84139882599993;Wi-Fi;Wi-Fi;2,4/5 GHz;wlan0;-41.0;;;;-41.0;7.943282347242822e-08;0.1;7.943282347242822e-09;6.932744756761192e-07;;;;ROUGE;False
1787665607.424088;32.89420389499992;BLE Sniffer;iBeacon;2,4 GHz BLE;6a:02:42:35:15:d4;-68.0;;;;-68.0;1.584893192461111e-10;0.000368;5.832406948256888e-14;1.6052838576951898e-11;36;0x00;38;ORANGE;False
1787665607.4241776;32.894291693000014;BLE Sniffer;iBeacon;2,4 GHz BLE;6a:02:42:35:15:d4;-62.0;;;;-62.0;6.309573444801942e-10;0.000368;2.321923027687115e-13;1.6285030879720608e-11;36;0x00;39;ORANGE;False
1787665607.4242194;32.8943331749997;BLE Sniffer;Appareil BLE;2,4 GHz BLE;57:10:3b:9d:cc:43;-72.0;;;;-72.0;6.309573444801942e-11;0.00028;1.7666805645445437e-14;1.1784787828666136e-12;25;0x00;37;VERT;False
1787665607.4532688;32.92317570299929;Simulation RF;Détection RF large bande;868 MHz;868 MHz;;2763;2.2265343368067927;-45.06137347227171;-78.06137347227171;1.5626533696119002e-11;0.1;1.5626533696119003e-12;3.900008360971792e-09;;;;VERT;True
1787665607.4534333;32.92317570299929;Simulation RF;Détection RF large bande;2,45 GHz;2,45 GHz;;3070;2.4737650628203767;-54.95060251281507;-71.65060251281507;6.838167722676632e-11;0.1;6.838167722676633e-12;1.5165241577254837e-08;;;;VERT;True
1787665607.4618235;32.93193903499923;Wi-Fi;Wi-Fi;2,4/5 GHz;wlan0;-41.0;;;;-41.0;7.943282347242822e-08;0.1;7.943282347242822e-09;7.01217758023362e-07;;;;ROUGE;False
1787665607.5283382;32.998473313999966;BLE Sniffer;Appareil BLE;2,4 GHz BLE;57:10:3b:9d:cc:43;-79.0;;;;-79.0;1.2589254117941662e-11;0.00028;3.524991153023665e-15;1.1820037740196373e-12;25;0x00;38;VERT;False
1787665607.5317159;33.00183209699935;BLE Sniffer;Appareil BLE;2,4 GHz BLE;57:10:3b:9d:cc:43;-87.0;;;;-87.0;1.9952623149688827e-12;0.00028;5.586734481912871e-16;1.1825624474678285e-12;25;0x00;39;VERT;False
1787665607.5534568;33.02329425500011;Simulation RF;Détection RF large bande;868 MHz;868 MHz;;2723;2.1940799375194184;-43.76319750077673;-76.76319750077673;2.1070762401100727e-11;0.1;2.107076240110073e-12;3.902115437211902e-09;;;;VERT;True
1787665607.554398;33.02329425500011;Simulation RF;Détection RF large bande;2,45 GHz;2,45 GHz;;2991;2.410331156275046;-52.41324625100184;-69.11324625100184;1.2265220914797882e-10;0.1;1.2265220914797884e-11;1.5177506798169635e-08;;;;ORANGE;True
1787665607.5723205;33.04243540300013;Wi-Fi;Wi-Fi;2,4/5 GHz;wlan0;-41.0;;;;-41.0;7.943282347242822e-08;0.1;7.943282347242822e-09;7.091610403706048e-07;;;;ROUGE;False
1787665607.6534612;33.123380657999405;Simulation RF;Détection RF large bande;868 MHz;868 MHz;;2714;2.1869854438481218;-43.479417753924864;-76.47941775392486;2.249356150307604e-11;0.1;2.2493561503076044e-12;3.90436479336221e-09;;;;VERT;True
1787665607.6536195;33.123380657999405;Simulation RF;Détection RF large bande;2,45 GHz;2,45 GHz;;3005;2.4216611986866194;-52.86644794746478;-69.56644794746478;1.1049820045041048e-10;0.1;1.1049820045041048e-11;1.5188556618214675e-08;;;;ORANGE;True
1787665607.6621153;33.132230083999275;Wi-Fi;Wi-Fi;2,4/5 GHz;wlan0;-41.0;;;;-41.0;7.943282347242822e-08;0.1;7.943282347242822e-09;7.171043227178476e-07;;;;ROUGE;False
1787665607.7439978;33.214114278000125;BLE Sniffer;Appareil BLE;2,4 GHz BLE;57:10:3b:9d:cc:43;-72.0;;;;-72.0;6.309573444801942e-11;0.00028;1.7666805645445437e-14;1.200229253113274e-12;25;0x00;37;VERT;False
1787665607.744102;33.214215760000116;BLE Sniffer;Appareil BLE;2,4 GHz BLE;57:10:3b:9b:cc:43;-80.0;;;;-80.0;1e-11;0.00028;2.7999999999999997e-15;2.7999999999999997e-15;25;0x00;38;VERT;False
1787665607.7441444;33.21425840899974;BLE Sniffer;Appareil BLE;2,4 GHz BLE;57:10:3b:9d:cc:43;-86.0;;;;-86.0;2.5118864315095823e-12;0.00028;7.03328200822683e-16;1.2009325813140967e-12;25;0x00;39;VERT;False
1787665607.7542312;33.22348837699974;Simulation RF;Détection RF large bande;868 MHz;868 MHz;;2708;2.1825040041338273;-43.30016016535309;-76.30016016535309;2.344142363078824e-11;0.1;2.3441423630788244e-12;3.9067089357252885e-09;;;;VERT;True
1787665607.7544768;33.22348837699974;Simulation RF;Détection RF large bande;2,45 GHz;2,45 GHz;;3017;2.4313122635069284;-53.25249054027712;-69.95249054027713;1.0109995120258768e-10;0.1;1.010999512025877e-11;1.5198666613334935e-08;;;;ORANGE;True
1787665607.7630916;33.2332066099998;Wi-Fi;Wi-Fi;2,4/5 GHz;wlan0;-41.0;;;;-41.0;7.943282347242822e-08;0.1;7.943282347242822e-09;7.250476050650904e-07;;;;ROUGE;False
1787665607.8536656;33.32378209699982;Simulation LoRa;LoRa;868 MHz;LoRa 868.100 MHz;-86.79712016910625;;;;-86.79712016910625;2.0906820141956262e-12;0.046335999999999995;9.687384180976853e-14;2.9097209241436867e-12;13;"SNR=7.86;SF=7;BW=125.0;CR=4/5;F=868.100;CRC=OK;PAYLOAD=54454d504f5f4c4f52415f3332";7;VERT;True
1787665607.855456;33.32408074900013;Simulation RF;Détection RF large bande;868 MHz;868 MHz;;2728;2.198157368732633;-43.92629474930531;-76.92629474930531;2.0294134066419414e-11;0.1;2.0294134066419415e-12;3.908738349131931e-09;;;;VERT;True
1787665607.855603;33.32408074900013;Simulation RF;Détection RF large bande;2,45 GHz;2,45 GHz;;3029;2.4406910761994878;-53.627643047979504;-70.3276430479795;9.27332958094267e-11;0.1;9.27332958094267e-12;1.5207939942915876e-08;;;;VERT;True
1787665607.8640423;33.334157115999915;Wi-Fi;Wi-Fi;2,4/5 GHz;wlan0;-41.0;;;;-41.0;7.943282347242822e-08;0.1;7.943282347242822e-09;7.329908874123332e-07;;;;ROUGE;False
1787665607.9542997;33.42417494899928;Simulation RF;Détection RF large bande;868 MHz;868 MHz;;2663;2.14615067426434;-41.84602697057359;-74.84602697057359;3.2764029096599255e-11;0.1;3.2764029096599256e-12;3.91201475204159e-09;;;;VERT;True
1787665607.9545174;33.42417494899928;Simulation RF;Détection RF large bande;2,45 GHz;2,45 GHz;;2995;2.4131638114453837;-52.52655245781534;-69.22655245781534;1.194936299475864e-10;0.1;1.1949362994758642e-11;1.5219889305910635e-08;;;;ORANGE;True
1787665607.9603264;33.43044284200005;BLE Sniffer;Appareil BLE;2,4 GHz BLE;57:10:3b:9d:cc:43;-73.0;;;;-73.0;5.011872336272715e-11;0.00028;1.40332425415636e-14;1.2149658238556603e-12;25;0x00;37;VERT;False
1787665607.965377;33.435492294999676;Wi-Fi;Wi-Fi;2,4/5 GHz;wlan0;-41.0;;;;-41.0;7.943282347242822e-08;0.1;7.943282347242822e-09;7.40934169759576e-07;;;;ROUGE;False
1787665608.0543485;33.524261222999485;Simulation RF;Détection RF large bande;868 MHz;868 MHz;;2672;2.153619032934146;-42.144761317365834;-75.14476131736583;3.0586083390526206e-11;0.1;3.0586083390526207e-12;3.915073360380643e-09;;;;VERT;True
1787665608.0545127;33.524261222999485;Simulation RF;Détection RF large bande;2,45 GHz;2,45 GHz;;2946;2.373836529722029;-50.953461188881164;-67.65346118888117;1.716539814242923e-10;0.1;1.716539814242923e-11;1.5237054704053065e-08;;;;ORANGE;True
1787665608.0628905;33.53300557300008;Wi-Fi;Wi-Fi;2,4/5 GHz;wlan0;-41.0;;;;-41.0;7.943282347242822e-08;0.1;7.943282347242822e-09;7.488774521068188e-07;;;;ROUGE;False
1787665608.0664115;33.536527338999804;BLE Sniffer;iBeacon;2,4 GHz BLE;6a:02:42:35:15:d4;-68.0;;;;-68.0;1.584893192461111e-10;0.000368;5.832406948256888e-14;1.6343354949203178e-11;36;0x00;38;ORANGE;False
1787665608.0665257;33.5366394699995;BLE Sniffer;iBeacon;2,4 GHz BLE;6a:02:42:35:15:d4;-62.0;;;;-62.0;6.309573444801942e-10;0.000368;2.321923027687115e-13;1.6575547251971888e-11;36;0x00;39;ORANGE;False
1787665608.1545105;33.62436073699973;Simulation RF;Détection RF large bande;868 MHz;868 MHz;;2710;2.1837984713809573;-43.35193885523829;-76.35193885523829;2.316360308030181e-11;0.1;2.316360308030181e-12;3.917389720688673e-09;;;;VERT;True
1787665608.1548634;33.62436073699973;Simulation RF;Détection RF large bande;2,45 GHz;2,45 GHz;;3066;2.4706417202546653;-54.8256688101866;-71.5256688101866;7.037738389568417e-11;0.1;7.037738389568418e-12;1.5244092442442634e-08;;;;VERT;True
1787665608.162946;33.633061049999924;Wi-Fi;Wi-Fi;2,4/5 GHz;wlan0;-41.0;;;;-41.0;7.943282347242822e-08;0.1;7.943282347242822e-09;7.568207344540616e-07;;;;ROUGE;False
1787665608.2545147;33.724442750999515;Simulation RF;Détection RF large bande;868 MHz;868 MHz;;2675;2.1554422779459457;-42.21769111783783;-75.21769111783783;3.007674877222017e-11;0.1;3.0076748772220174e-12;3.920397395565895e-09;;;;VERT;True
1787665608.2546737;33.724442750999515;Simulation RF;Détection RF large bande;2,45 GHz;2,45 GHz;;3065;2.4697777846577282;-54.791111386309126;-71.49111138630913;7.093962058776797e-11;0.1;7.093962058776798e-12;1.525118640450141e-08;;;;VERT;True
1787665608.2629735;33.7330887119997;Wi-Fi;Wi-Fi;2,4/5 GHz;wlan0;-41.0;;;;-41.0;7.943282347242822e-08;0.1;7.943282347242822e-09;7.647640168013044e-07;;;;ROUGE;False
1787665608.2775881;33.74770420999994;BLE Sniffer;Appareil BLE;2,4 GHz BLE;57:10:3b:9d:cc:43;-71.0;;;;-71.0;7.943282347242822e-11;0.00028;2.22411905722799e-14;1.2372070144279401e-12;25;0x00;37;VERT;False
1787665608.281701;33.75181768699986;BLE Sniffer;iBeacon;2,4 GHz BLE;6a:02:02:35:15:d4;-71.0;;;;-71.0;7.943282347242822e-11;0.000368;2.923127903785358e-14;2.923127903785358e-14;36;0x00;38;VERT;False
1787665608.283279;33.753395039999305;BLE Sniffer;iBeacon;2,4 GHz BLE;6a:02:42:35:15:d4;-62.0;;;;-62.0;6.309573444801942e-10;0.000368;2.321923027687115e-13;1.6807739554740598e-11;36;0x00;39;ORANGE;False
1787665608.355681;33.825549055999545;Simulation RF;Détection RF large bande;868 MHz;868 MHz;;2722;2.193683964663918;-43.747358586556714;-76.74735858655671;2.114774871600409e-11;0.1;2.114774871600409e-12;3.922512170437495e-09;;;;VERT;True
1787665608.355957;33.825549055999545;Simulation RF;Détection RF large bande;2,45 GHz;2,45 GHz;;3011;2.426524734451802;-53.06098937807208;-69.76098937807208;1.05657678016394e-10;0.1;1.0565767801639401e-11;1.526175217230305e-08;;;;ORANGE;True
1787665608.3645797;33.834694485999535;Wi-Fi;Wi-Fi;2,4/5 GHz;wlan0;-41.0;;;;-41.0;7.943282347242822e-08;0.1;7.943282347242822e-09;7.727072991485472e-07;;;;ROUGE;False
1787665608.4557161;33.925636570999814;Simulation RF;Détection RF large bande;868 MHz;868 MHz;;2663;2.146044994243077;-41.84179976972308;-74.84179976972308;3.2795935455945636e-11;0.1;3.279593545594564e-12;3.92579176398309e-09;;;;VERT;True
1787665608.455874;33.925636570999814;Simulation RF;Détection RF large bande;2,45 GHz;2,45 GHz;;3083;2.4843452192313693;-55.373808769254765;-72.07380876925477;6.203247698318146e-11;0.1;6.2032476983181465e-12;1.5267955420001367e-08;;;;VERT;True
1787665608.4643083;33.93442312499974;Wi-Fi;Wi-Fi;2,4/5 GHz;wlan0;-41.0;;;;-41.0;7.943282347242822e-08;0.1;7.943282347242822e-09;7.8065058149579e-07;;;;ROUGE;False
1787665608.4946303;33.96474626500003;BLE Sniffer;Appareil BLE;2,4 GHz BLE;d3:23:2f:4d:3e:b1;-71.0;;;;-71.0;7.943282347242822e-11;0.000376;2.986674162563301e-14;3.594885241587387e-13;37;0x00;37;VERT;False
1787665608.5558562;34.025731454999914;Simulation RF;Détection RF large bande;868 MHz;868 MHz;;2584;2.082472804494216;-39.29891217976862;-72.29891217976862;5.889911673084242e-11;0.1;5.8899116730842425e-12;3.931681675656174e-09;;;;VERT;True
1787665608.5561442;34.025731454999914;Simulation RF;Détection RF large bande;2,45 GHz;2,45 GHz;;3073;2.476652976159185;-55.066119046367405;-71.76611904636741;6.658679250378906e-11;0.1;6.6586792503789065e-12;1.5274614099251746e-08;;;;VERT;True
1787665608.569485;34.03959988799943;Wi-Fi;Wi-Fi;2,4/5 GHz;wlan0;-42.0;;;;-42.0;6.30957344480193e-08;0.1;6.30957344480193e-09;7.869601549405919e-07;;;;ROUGE;False
1787665608.5964403;34.066556040999785;BLE Sniffer;Appareil BLE;2,4 GHz BLE;d3:23:2f:4d:3e:b1;-72.0;;;;-72.0;6.309573444801942e-11;0.000376;2.3723996152455302e-14;3.8321252031119403e-13;37;0x00;38;VERT;False
1787665608.5965233;34.06663726499937;BLE Sniffer;Appareil BLE;2,4 GHz BLE;57:10:3b:9d:cc:43;-75.0;;;;-75.0;3.1622776601683794e-11;0.00028;8.854377448471461e-15;1.2460613918764115e-12;25;0x00;39;VERT;False
1787665608.597699;34.06781464999949;BLE Sniffer;iBeacon;2,4 GHz BLE;6a:02:42:35:15:d4;-71.0;;;;-71.0;7.943282347242822e-11;0.000368;2.923127903785358e-14;1.6836970833778453e-11;36;0x00;37;VERT;False
1787665608.60137;34.0714895659994;BLE Sniffer;iBeacon;2,4 GHz BLE;6a:02:42:35:15:d4;-70.0;;;;-70.0;1e-10;0.000368;3.68e-14;1.687377083377845e-11;36;0x00;38;ORANGE;False
1787665608.6087165;34.07883282500006;BLE Sniffer;iBeacon;2,4 GHz BLE;6a:02:42:35:15:d4;-62.0;;;;-62.0;6.309573444801942e-10;0.000368;2.321923027687115e-13;1.710596313654716e-11;36;0x00;39;ORANGE;False
1787665608.6559014;34.12581843299995;Simulation RF;Détection RF large bande;868 MHz;868 MHz;;2663;2.145758059157012;-41.830322366280484;-74.83032236628048;3.2882722192142955e-11;0.1;3.288272219214296e-12;3.934969947875389e-09;;;;VERT;True
1787665608.6560633;34.12581843299995;Simulation RF;Détection RF large bande;2,45 GHz;2,45 GHz;;3052;2.459754606856638;-54.39018427426552;-71.09018427426552;7.780035390909271e-11;0.1;7.780035390909271e-12;1.5282394134642654e-08;;;;VERT;True
1787665608.66488;34.13499491799939;Wi-Fi;Wi-Fi;2,4/5 GHz;wlan0;-42.0;;;;-42.0;6.30957344480193e-08;0.1;6.30957344480193e-09;7.932697283853938e-07;;;;ROUGE;False
1787665608.7560542;34.225919224999416;Simulation RF;Détection RF large bande;868 MHz;868 MHz;;2717;2.189234476445733;-43.56937905782931;-76.56937905782931;2.2032414538696102e-11;0.1;2.2032414538696105e-12;3.937173189329258e-09;;;;VERT;True
1787665608.7562668;34.225919224999416;Simulation RF;Détection RF large bande;2,45 GHz;2,45 GHz;;3098;2.4962953262709107;-55.85181305083643;-72.55181305083643;5.5567223214245635e-11;0.1;5.556722321424564e-12;1.528795085696408e-08;;;;VERT;True
1787665608.7656834;34.235798144999535;Wi-Fi;Wi-Fi;2,4/5 GHz;wlan0;-42.0;;;;-42.0;6.30957344480193e-08;0.1;6.30957344480193e-09;7.995793018301958e-07;;;;ROUGE;False
1787665608.8173583;34.2874743859993;BLE Sniffer;Appareil BLE;2,4 GHz BLE;57:10:3b:9d:cc:43;-88.0;;;;-88.0;1.584893192461111e-12;0.00028;4.4377009388911103e-16;1.2465051619703006e-12;25;0x00;37;VERT;False
1787665608.8187418;34.28885797699968;BLE Sniffer;Appareil BLE;2,4 GHz BLE;57:10:3b:9d:cc:43;-75.0;;;;-75.0;3.1622776601683794e-11;0.00028;8.854377448471461e-15;1.255359539418772e-12;25;0x00;38;VERT;False
1787665608.8560872;34.32601179499943;Simulation RF;Détection RF large bande;868 MHz;868 MHz;;2671;2.152236261667178;-42.08945046668711;-75.08945046668711;3.097811255102274e-11;0.1;3.097811255102274e-12;3.9402710005843605e-09;;;;VERT;True
1787665608.8562431;34.32601179499943;Simulation RF;Détection RF large bande;2,45 GHz;2,45 GHz;;3064;2.469255218208876;-54.77020872835503;-71.47020872835503;7.12818770178255e-11;0.1;7.1281877017825504e-12;1.529507904466586e-08;;;;VERT;True
1787665608.8649995;34.33511468699999;Wi-Fi;Wi-Fi;2,4/5 GHz;wlan0;-42.0;;;;-42.0;6.30957344480193e-08;0.1;6.30957344480193e-09;8.058888752749977e-07;;;;ROUGE;False
1787665608.9232426;34.39335854699948;BLE Sniffer;Appareil BLE;2,4 GHz BLE;57:10:3b:9d:cc:43;-79.0;;;;-79.0;1.2589254117941662e-11;0.00028;3.524991153023665e-15;1.2588845305717957e-12;25;0x00;39;VERT;False
1787665608.9234087;34.39352304899967;Simulation LoRa;LoRa;868 MHz;LoRa 868.100 MHz;-87.79484137825258;;;;-87.79484137825258;1.6615593634643974e-12;0.046335999999999995;7.699001466548631e-14;2.986710938809173e-12;13;"SNR=7.36;SF=7;BW=125.0;CR=4/5;F=868.100;CRC=OK;PAYLOAD=54454d504f5f4c4f52415f3333";7;VERT;True
1787665608.9282172;34.398333941999226;BLE Sniffer;iBeacon;2,4 GHz BLE;6a:02:42:35:15:d4;-85.0;;;;-85.0;3.1622776601683794e-12;0.000368;1.1637181789419636e-15;1.7107126854726103e-11;36;0x00;37;VERT;False
1787665608.9283319;34.39844585099945;BLE Sniffer;iBeacon;2,4 GHz BLE;6a:02:42:35:15:d4;-67.0;;;;-67.0;1.9952623149688828e-10;0.000368;7.342565319085489e-14;1.7180552507916957e-11;36;0x00;38;ORANGE;False
1787665608.9562724;34.42612651299987;Simulation RF;Détection RF large bande;868 MHz;868 MHz;;2704;2.178660695058615;-43.14642780234459;-76.14642780234459;2.428606873123035e-11;0.1;2.428606873123035e-12;3.9426996074574835e-09;;;;VERT;True
1787665608.9565885;34.42612651299987;Simulation RF;Détection RF large bande;2,45 GHz;2,45 GHz;;2997;2.4151719663831153;-52.60687865532461;-69.30687865532461;1.1730381441370755e-10;0.1;1.1730381441370755e-11;1.530680942610723e-08;;;;ORANGE;True
1787665608.9689336;34.43904919399938;Wi-Fi;Wi-Fi;2,4/5 GHz;wlan0;-42.0;;;;-42.0;6.30957344480193e-08;0.1;6.30957344480193e-09;8.121984487197996e-07;;;;ROUGE;False
1787665609.040891;34.51100653999947;BLE Sniffer;iBeacon;2,4 GHz BLE;6a:02:42:35:15:d4;-63.0;;;;-63.0;5.011872336272714e-10;0.000368;1.8443690197483588e-13;1.7364989409891794e-11;36;0x00;39;ORANGE;False
1787665609.0563033;34.52621595299934;Simulation RF;Détection RF large bande;868 MHz;868 MHz;;2658;2.1423186548891877;-41.69274619556751;-74.69274619556751;3.3941058356327137e-11;0.1;3.3941058356327137e-12;3.946093713293116e-09;;;;VERT;True
1787665609.0565217;34.52621595299934;Simulation RF;Détection RF large bande;2,45 GHz;2,45 GHz;;3052;2.459695022328585;-54.38780089314341;-71.08780089314341;7.784306197762147e-11;0.1;7.784306197762147e-12;1.5314593732304993e-08;;;;VERT;True
1787665609.0658393;34.53595377900001;Wi-Fi;Wi-Fi;2,4/5 GHz;wlan0;-42.0;;;;-42.0;6.30957344480193e-08;0.1;6.30957344480193e-09;8.185080221646015e-07;;;;ROUGE;False
1787665609.15079;34.620906547999766;BLE Sniffer;Appareil BLE;2,4 GHz BLE;57:10:3b:9d:cc:43;-78.0;;;;-78.0;1.5848931924611107e-11;0.00028;4.4377009388911094e-15;1.2633222315106869e-12;25;0x00;37;VERT;False
1787665609.153012;34.62312805700003;BLE Sniffer;iBeacon;2,4 GHz BLE;6a:02:42:35:15:d4;-64.0;;;;-64.0;3.9810717055349694e-10;0.000368;1.4650343876368688e-13;1.751149284865548e-11;36;0x00;38;ORANGE;False
1787665609.1568904;34.62700712500009;BLE Sniffer;iBeacon;2,4 GHz BLE;6a:02:42:35:15:d4;-62.0;;;;-62.0;6.309573444801942e-10;0.000368;2.321923027687115e-13;1.774368515142419e-11;36;0x00;39;ORANGE;False
1787665609.1595159;34.628303103999315;Simulation RF;Détection RF large bande;868 MHz;868 MHz;;2669;2.151082288233446;-42.04329152933785;-75.04329152933785;3.130911898475551e-11;0.1;3.130911898475551e-12;3.949224625191592e-09;;;;VERT;True
1787665609.1596723;34.628303103999315;Simulation RF;Détection RF large bande;2,45 GHz;2,45 GHz;;3007;2.4231078997052498;-52.92431598820998;-69.62431598820999;1.0903562094581891e-10;0.1;1.0903562094581891e-11;1.5325497294399575e-08;;;;ORANGE;True
1787665609.170502;34.64061642499928;Wi-Fi;Wi-Fi;2,4/5 GHz;wlan0;-43.0;;;;-43.0;5.011872336272725e-08;0.1;5.0118723362727255e-09;8.235198945008743e-07;;;;ROUGE;False
1787665609.258483;34.728393117999985;Simulation RF;Détection RF large bande;868 MHz;868 MHz;;2652;2.1370961424865618;-41.483845699462464;-74.48384569946246;3.5613563386511116e-11;0.1;3.561356338651112e-12;3.9527859815302434e-09;;;;VERT;True
1787665609.2586458;34.728393117999985;Simulation RF;Détection RF large bande;2,45 GHz;2,45 GHz;;3053;2.4605933963336053;-54.4237358533442;-71.1237358533442;7.720162017634713e-11;0.1;7.720162017634714e-12;1.533321745641721e-08;;;;VERT;True
1787665609.2704844;34.74060012299924;Wi-Fi;Wi-Fi;2,4/5 GHz;wlan0;-43.0;;;;-43.0;5.011872336272725e-08;0.1;5.0118723362727255e-09;8.28531766837147e-07;;;;ROUGE;False
1787665609.3585858;34.82848509499945;Simulation RF;Détection RF large bande;868 MHz;868 MHz;;2629;2.118635678755172;-40.745427150206865;-73.74542715020687;4.2214075736775926e-11;0.1;4.221407573677593e-12;3.957007389103921e-09;;;;VERT;True
1787665609.3587508;34.82848509499945;Simulation RF;Détection RF large bande;2,45 GHz;2,45 GHz;;2996;2.4141452141826707;-52.56580856730682;-69.26580856730682;1.184183875707195e-10;0.1;1.184183875707195e-11;1.534505929517428e-08;;;;ORANGE;True
1787665609.37216;34.84227667599953;Wi-Fi;Wi-Fi;2,4/5 GHz;wlan0;-44.0;;;;-44.0;3.981071705534969e-08;0.1;3.981071705534969e-09;8.32512838542682e-07;;;;ROUGE;False
1787665609.4586139;34.92859203599983;Simulation RF;Détection RF large bande;868 MHz;868 MHz;;2751;2.216746801840858;-44.66987207363431;-77.66987207363431;1.7100656862728662e-11;0.1;1.7100656862728664e-12;3.958717454790194e-09;;;;VERT;True
1787665609.4612446;34.92859203599983;Simulation RF;Détection RF large bande;2,45 GHz;2,45 GHz;;3102;2.499651295120967;-55.98605180483867;-72.68605180483867;5.387593490535341e-11;0.1;5.387593490535342e-12;1.5350446888664817e-08;;;;VERT;True
1787665609.4706633;34.94077931799984;Wi-Fi;Wi-Fi;2,4/5 GHz;wlan0;-44.0;;;;-44.0;3.981071705534969e-08;0.1;3.981071705534969e-09;8.36493910248217e-07;;;;ROUGE;False
1787665609.4733558;34.94347153699982;BLE Sniffer;iBeacon;2,4 GHz BLE;6a:02:42:35:15:d4;-80.0;;;;-80.0;1e-11;0.000368;3.68e-15;1.774736515142419e-11;36;0x00;37;VERT;False
1787665609.4734468;34.94356068599973;BLE Sniffer;iBeacon;2,4 GHz BLE;6a:02:42:35:15:d4;-64.0;;;;-64.0;3.9810717055349694e-10;0.000368;1.4650343876368688e-13;1.7893868590187877e-11;36;0x00;38;ORANGE;False
1787665609.4760275;34.94614455200008;BLE Sniffer;iBeacon;2,4 GHz BLE;6a:02:42:35:15:d4;-62.0;;;;-62.0;6.309573444801942e-10;0.000368;2.321923027687115e-13;1.8126060892956587e-11;36;0x00;39;ORANGE;False
1787665609.5587869;35.0286829759998;Simulation RF;Détection RF large bande;868 MHz;868 MHz;;2686;2.1646725359666736;-42.58690143866694;-75.58690143866694;2.7625481488056648e-11;0.1;2.762548148805665e-12;3.961480002939e-09;;;;VERT;True
1787665609.558954;35.0286829759998;Simulation RF;Détection RF large bande;2,45 GHz;2,45 GHz;;3096;2.494888769916138;-55.795550796645514;-72.49555079664552;5.629177204810344e-11;0.1;5.629177204810344e-12;1.5356076065869626e-08;;;;VERT;True
1787665609.5703564;35.04047125299985;Wi-Fi;Wi-Fi;2,4/5 GHz;wlan0;-44.0;;;;-44.0;3.981071705534969e-08;0.1;3.981071705534969e-09;8.404749819537519e-07;;;;ROUGE;False
1787665609.6677709;35.12876386099924;Simulation RF;Détection RF large bande;868 MHz;868 MHz;;2690;2.1673837239252696;-42.69534895701078;-75.69534895701078;2.6944188262345207e-11;0.1;2.694418826234521e-12;3.964174421765235e-09;;;;VERT;True
1787665609.6679895;35.12876386099924;Simulation RF;Détection RF large bande;2,45 GHz;2,45 GHz;;3038;2.4482332067434243;-53.929328269736956;-70.62932826973696;8.651017151024186e-11;0.1;8.651017151024187e-12;1.5364727083020652e-08;;;;VERT;True
1787665609.6769814;35.14709658999982;Wi-Fi;Wi-Fi;2,4/5 GHz;wlan0;-44.0;;;;-44.0;3.981071705534969e-08;0.1;3.981071705534969e-09;8.444560536592869e-07;;;;ROUGE;False
1787665609.6886773;35.15879340399988;BLE Sniffer;Appareil BLE;2,4 GHz BLE;57:10:3b:9d:cc:43;-74.0;;;;-74.0;3.9810717055349695e-11;0.00028;1.1147000775497913e-14;1.2744692322861848e-12;25;0x00;37;VERT;False
1787665609.758943;35.22885413399945;Simulation RF;Détection RF large bande;868 MHz;868 MHz;;2603;2.0978173393065997;-39.91269357226399;-72.91269357226399;5.1136457968335863e-11;0.1;5.113645796833587e-12;3.969288067562068e-09;;;;VERT;True
1787665609.759108;35.22885413399945;Simulation RF;Détection RF large bande;2,45 GHz;2,45 GHz;;3032;2.4433984859912363;-53.73593943964944;-70.43593943964945;9.044947617194544e-11;0.1;9.044947617194545e-12;1.5373772030637846e-08;;;;VERT;True
1787665609.7704666;35.24058146599964;Wi-Fi;Wi-Fi;2,4/5 GHz;wlan0;-45.0;;;;-45.0;3.162277660168379e-08;0.1;3.1622776601683795e-09;8.476183313194552e-07;;;;ROUGE;False
1787665609.7946243;35.264740935999725;BLE Sniffer;iBeacon;2,4 GHz BLE;6a:02:42:35:15:d4;-65.0;;;;-65.0;3.1622776601683795e-10;0.000368;1.1637181789419636e-13;1.8242432710850783e-11;36;0x00;38;ORANGE;False
1787665609.7947156;35.264829603999715;BLE Sniffer;iBeacon;2,4 GHz BLE;6a:02:42:35:15:d4;-63.0;;;;-63.0;5.011872336272714e-10;0.000368;1.8443690197483588e-13;1.842686961282562e-11;36;0x00;39;ORANGE;False
1787665609.8590133;35.32893753699955;Simulation RF;Détection RF large bande;868 MHz;868 MHz;;2669;2.150967573707477;-42.03870294829909;-75.03870294829909;3.1342216423814095e-11;0.1;3.1342216423814098e-12;3.97242228920445e-09;;;;VERT;True
1787665609.859169;35.32893753699955;Simulation RF;Détection RF large bande;2,45 GHz;2,45 GHz;;2975;2.3976130395288298;-51.90452158115319;-68.6045215811532;1.3789478495118062e-10;0.1;1.3789478495118062e-11;1.5387561509132963e-08;;;;ORANGE;True
1787665609.8770545;35.34717034000005;Wi-Fi;Wi-Fi;2,4/5 GHz;wlan0;-45.0;;;;-45.0;3.162277660168379e-08;0.1;3.1622776601683795e-09;8.507806089796236e-07;;;;ROUGE;False
1787665609.902691;35.37280869799997;Simulation LoRa;LoRa;868 MHz;LoRa 868.100 MHz;-88.66907880458952;;;;-88.66907880458952;1.3586015931973733e-12;0.046335999999999995;6.295216342239348e-14;3.0496631022315664e-12;13;"SNR=6.13;SF=7;BW=125.0;CR=4/5;F=868.100;CRC=OK;PAYLOAD=54454d504f5f4c4f52415f3334";7;VERT;True
1787665609.906792;35.37690780499997;BLE Sniffer;Appareil BLE;2,4 GHz BLE;57:10:3b:9d:cc:43;-72.0;;;;-72.0;6.309573444801942e-11;0.00028;1.7666805645445437e-14;1.2921360379316303e-12;25;0x00;37;VERT;False
1787665609.9591281;35.42902951399992;Simulation RF;Détection RF large bande;868 MHz;868 MHz;;2659;2.143045352072227;-41.72181408288907;-74.72181408288907;3.371464504652429e-11;0.1;3.371464504652429e-12;3.975793753709103e-09;;;;VERT;True
1787665609.9592986;35.42902951399992;Simulation RF;Détection RF large bande;2,45 GHz;2,45 GHz;;3031;2.4424775947263004;-53.69910378905202;-70.39910378905202;9.121990615124079e-11;0.1;9.12199061512408e-12;1.5396683499748086e-08;;;;VERT;True
1787665609.9693515;35.43946762699943;Wi-Fi;Wi-Fi;2,4/5 GHz;wlan0;-46.0;;;;-46.0;2.511886431509582e-08;0.1;2.5118864315095824e-09;8.532924954111332e-07;;;;ROUGE;False
1787665610.0592113;35.52911976899941;Simulation RF;Détection RF large bande;868 MHz;868 MHz;;2654;2.138743698954148;-41.54974795816592;-74.54974795816592;3.507722303500368e-11;0.1;3.5077223035003683e-12;3.979301476012603e-09;;;;VERT;True
1787665610.0593748;35.52911976899941;Simulation RF;Détection RF large bande;2,45 GHz;2,45 GHz;;3083;2.484519726961515;-55.380789078460595;-72.0807890784606;6.193285377942225e-11;0.1;6.193285377942226e-12;1.5402876785126028e-08;;;;VERT;True
1787665610.070631;35.54074576699986;Wi-Fi;Wi-Fi;2,4/5 GHz;wlan0;-46.0;;;;-46.0;2.511886431509582e-08;0.1;2.5118864315095824e-09;8.558043818426428e-07;;;;ROUGE;False
1787665610.1593034;35.6292142100001;Simulation RF;Détection RF large bande;868 MHz;868 MHz;;2637;2.1252890584909454;-41.01156233963782;-74.01156233963782;3.970486886866827e-11;0.1;3.970486886866827e-12;3.98327196289947e-09;;;;VERT;True
1787665610.1594694;35.6292142100001;Simulation RF;Détection RF large bande;2,45 GHz;2,45 GHz;;3074;2.4772478913463067;-55.08991565385226;-71.78991565385226;6.622293650103394e-11;0.1;6.622293650103394e-12;1.540949907877613e-08;;;;VERT;True
1787665610.1693933;35.63950941299936;Wi-Fi;Wi-Fi;2,4/5 GHz;wlan0;-46.0;;;;-46.0;2.511886431509582e-08;0.1;2.5118864315095824e-09;8.583162682741524e-07;;;;ROUGE;False
1787665610.2593985;35.7293029829998;Simulation RF;Détection RF large bande;868 MHz;868 MHz;;2745;2.212407860707016;-44.49631442828064;-77.49631442828064;1.7797891593742663e-11;0.1;1.7797891593742664e-12;3.985051752058845e-09;;;;VERT;True
1787665610.2602558;35.7293029829998;Simulation RF;Détection RF large bande;2,45 GHz;2,45 GHz;;3005;2.4218331970586995;-52.873327882347965;-69.57332788234797;1.1032329180741236e-10;0.1;1.1032329180741237e-11;1.542053140795687e-08;;;;ORANGE;True
1787665610.2693174;35.73943246199997;Wi-Fi;Wi-Fi;2,4/5 GHz;wlan0;-46.0;;;;-46.0;2.511886431509582e-08;0.1;2.5118864315095824e-09;8.60828154705662e-07;;;;ROUGE;False
1787665610.3282235;35.798339682000005;BLE Sniffer;iBeacon;2,4 GHz BLE;6a:02:42:35:15:d4;-66.0;;;;-66.0;2.511886431509582e-10;0.000368;9.243742067955262e-14;1.8519307033505172e-11;36;0x00;38;ORANGE;False
1787665610.3296673;35.79978377399948;BLE Sniffer;iBeacon;2,4 GHz BLE;6a:02:42:35:15:d4;-64.0;;;;-64.0;3.9810717055349694e-10;0.000368;1.4650343876368688e-13;1.8665810472268858e-11;36;0x00;39;ORANGE;False
1787665610.359487;35.82939601599992;Simulation RF;Détection RF large bande;868 MHz;868 MHz;;2647;2.132970742253408;-41.31882969013631;-74.31882969013631;3.6992785221588294e-11;0.1;3.69927852215883e-12;3.988751030581004e-09;;;;VERT;True
1787665610.359652;35.82939601599992;Simulation RF;Détection RF large bande;2,45 GHz;2,45 GHz;;3047;2.4555385171194546;-54.22154068477818;-70.92154068477818;8.08808918638325e-11;0.1;8.08808918638325e-12;1.5428619497143254e-08;;;;VERT;True
1787665610.3727314;35.84284629600006;Wi-Fi;Wi-Fi;2,4/5 GHz;wlan0;-48.0;;;;-48.0;1.5848931924611143e-08;0.1;1.5848931924611144e-09;8.624130478981231e-07;;;;ROUGE;False
1787665610.4595547;35.92948066000008;Simulation RF;Détection RF large bande;868 MHz;868 MHz;;2537;2.0442209578128767;-37.76883831251507;-70.76883831251507;8.377533414837311e-11;0.1;8.37753341483731e-12;3.997128563995841e-09;;;;VERT;True
1787665610.45971;35.92948066000008;Simulation RF;Détection RF large bande;2,45 GHz;2,45 GHz;;3027;2.4394978588159235;-53.57991435263693;-70.27991435263694;9.375804968005505e-11;0.1;9.375804968005506e-12;1.543799530211126e-08;;;;VERT;True
1787665610.4685187;35.93863344100009;Wi-Fi;Wi-Fi;2,4/5 GHz;wlan0;-48.0;;;;-48.0;1.5848931924611143e-08;0.1;1.5848931924611144e-09;8.639979410905842e-07;;;;ROUGE;False
1787665610.5378594;36.00797756999964;BLE Sniffer;Appareil BLE;2,4 GHz BLE;57:10:3b:9d:cc:43;-77.0;;;;-77.0;1.9952623149688828e-11;0.00028;5.586734481912872e-15;1.2977227724135432e-12;25;0x00;37;VERT;False
1787665610.5430367;36.013152689999515;BLE Sniffer;Appareil BLE;2,4 GHz BLE;d3:23:2f:4d:3e:b1;-73.0;;;;-73.0;5.011872336272715e-11;0.000376;1.8844639984385406e-14;4.0205716029557945e-13;37;0x00;38;VERT;False
1787665610.5431406;36.01325450599961;BLE Sniffer;Appareil BLE;2,4 GHz BLE;d3:23:2f:4d:2e:b1;-94.0;;;;-94.0;3.981071705534969e-13;0.000384;1.5287315349254283e-16;1.5287315349254283e-16;38;0x00;39;VERT;False
1787665610.559649;36.029566266000074;Simulation RF;Détection RF large bande;868 MHz;868 MHz;;2646;2.132004012779536;-41.280160511181435;-74.28016051118144;3.7323636307366304e-11;0.1;3.7323636307366306e-12;4.000860927626578e-09;;;;VERT;True
1787665610.559809;36.029566266000074;Simulation RF;Détection RF large bande;2,45 GHz;2,45 GHz;;3079;2.481383174726198;-55.255326989047916;-71.95532698904792;6.37481081995491e-11;0.1;6.3748108199549096e-12;1.5444370112931215e-08;;;;VERT;True
1787665610.5693257;36.039440687000024;Wi-Fi;Wi-Fi;2,4/5 GHz;wlan0;-48.0;;;;-48.0;1.5848931924611143e-08;0.1;1.5848931924611144e-09;8.655828342830453e-07;;;;ROUGE;False
1787665610.649214;36.11933094699998;BLE Sniffer;iBeacon;2,4 GHz BLE;6a:02:42:35:15:d4;-70.0;;;;-70.0;1e-10;0.000368;3.68e-14;1.8702610472268856e-11;36;0x00;37;ORANGE;False
1787665610.6521719;36.12228815099934;BLE Sniffer;iBeacon;2,4 GHz BLE;6a:02:42:35:15:d4;-67.0;;;;-67.0;1.9952623149688828e-10;0.000368;7.342565319085489e-14;1.877603612545971e-11;36;0x00;38;ORANGE;False
1787665610.6536665;36.12378274399998;BLE Sniffer;iBeacon;2,4 GHz BLE;6a:02:42:35:15:d4;-65.0;;;;-65.0;3.1622776601683795e-10;0.000368;1.1637181789419636e-13;1.8892407943353905e-11;36;0x00;39;ORANGE;False
1787665610.6597297;36.12965933599935;Simulation RF;Détection RF large bande;868 MHz;868 MHz;;2618;2.1097275423020587;-40.38910169208235;-73.38910169208235;4.582366599773105e-11;0.1;4.582366599773105e-12;4.0054432942263505e-09;;;;VERT;True
1787665610.6598897;36.12965933599935;Simulation RF;Détection RF large bande;2,45 GHz;2,45 GHz;;3146;2.535356658569601;-57.41426634278402;-74.11426634278402;3.8776924915371154e-11;0.1;3.8776924915371156e-12;1.544824780542275e-08;;;;VERT;True
1787665610.6689188;36.139033916999324;Wi-Fi;Wi-Fi;2,4/5 GHz;wlan0;-48.0;;;;-48.0;1.5848931924611143e-08;0.1;1.5848931924611144e-09;8.671677274755064e-07;;;;ROUGE;False
1787665610.7637155;36.23015937399941;Simulation RF;Détection RF large bande;868 MHz;868 MHz;;2566;2.0681692647984407;-38.72677059193762;-71.72677059193762;6.719283122145941e-11;0.1;6.719283122145942e-12;4.012162577348496e-09;;;;VERT;True
1787665610.7638679;36.23015937399941;Simulation RF;Détection RF large bande;2,45 GHz;2,45 GHz;;3023;2.435829105075503;-53.43316420302011;-70.13316420302012;9.698031260888394e-11;0.1;9.698031260888394e-12;1.5457945836683638e-08;;;;VERT;True
1787665610.7729683;36.24308327699964;Wi-Fi;Wi-Fi;2,4/5 GHz;wlan0;-48.0;;;;-48.0;1.5848931924611143e-08;0.1;1.5848931924611144e-09;8.687526206679675e-07;;;;ROUGE;False
1787665610.8603048;36.33023898099964;Simulation RF;Détection RF large bande;868 MHz;868 MHz;;2688;2.1660915211712273;-42.64366084684909;-75.64366084684909;2.726678384434447e-11;0.1;2.726678384434447e-12;4.014889255732931e-09;;;;VERT;True
1787665610.860508;36.33023898099964;Simulation RF;Détection RF large bande;2,45 GHz;2,45 GHz;;3007;2.4235799850669046;-52.943199402676186;-69.64319940267619;1.0856255597958224e-10;0.1;1.0856255597958225e-11;1.5468802092281597e-08;;;;ORANGE;True
1787665610.8691766;36.33929242799968;Simulation LoRa;LoRa;868 MHz;LoRa 868.100 MHz;-87.7368050766128;;;;-87.7368050766128;1.6839123896412358e-12;0.046335999999999995;7.802576448641629e-14;3.1276888667179827e-12;13;"SNR=8.90;SF=7;BW=125.0;CR=4/5;F=868.100;CRC=OK;PAYLOAD=54454d504f5f4c4f52415f3335";7;VERT;True
1787665610.8692951;36.33940916999927;BLE Sniffer;iBeacon;2,4 GHz BLE;6a:02:42:35:15:d4;-68.0;;;;-68.0;1.584893192461111e-10;0.000368;5.832406948256888e-14;1.8950732012836475e-11;36;0x00;37;ORANGE;False
1787665610.8761752;36.34629140400011;Wi-Fi;Wi-Fi;2,4/5 GHz;wlan0;-48.0;;;;-48.0;1.5848931924611143e-08;0.1;1.5848931924611144e-09;8.703375138604285e-07;;;;ROUGE;False
1787665610.9604955;36.4303439209998;Simulation RF;Détection RF large bande;868 MHz;868 MHz;;2607;2.100785590111809;-40.03142360447235;-73.03142360447235;4.9757395497219895e-11;0.1;4.9757395497219895e-12;4.019864995282653e-09;;;;VERT;True
1787665610.9607155;36.4303439209998;Simulation RF;Détection RF large bande;2,45 GHz;2,45 GHz;;3042;2.4516147420317207;-54.064589681268814;-70.76458968126882;8.385733027644327e-11;0.1;8.385733027644328e-12;1.5477187825309242e-08;;;;VERT;True
1787665610.9720933;36.442209439999715;Wi-Fi;Wi-Fi;2,4/5 GHz;wlan0;-47.0;;;;-47.0;1.9952623149688786e-08;0.1;1.9952623149688786e-09;8.723327761753974e-07;;;;ROUGE;False
1787665610.9790778;36.44919386099991;BLE Sniffer;iBeacon;2,4 GHz BLE;6a:02:42:35:15:d4;-64.0;;;;-64.0;3.9810717055349694e-10;0.000368;1.4650343876368688e-13;1.909723545160016e-11;36;0x00;38;ORANGE;False
1787665610.9791708;36.449284769999394;BLE Sniffer;iBeacon;2,4 GHz BLE;6a:02:42:35:15:d4;-66.0;;;;-66.0;2.511886431509582e-10;0.000368;9.243742067955262e-14;1.9189672872279713e-11;36;0x00;39;ORANGE;False
1787665611.0605068;36.530428842999754;Simulation RF;Détection RF large bande;868 MHz;868 MHz;;2616;2.108079160513537;-40.32316642054148;-73.32316642054148;4.652467606207111e-11;0.1;4.652467606207112e-12;4.02451746288886e-09;;;;VERT;True
1787665611.0606549;36.530428842999754;Simulation RF;Détection RF large bande;2,45 GHz;2,45 GHz;;2971;2.3938689826291353;-51.75475930516541;-68.45475930516541;1.427328933445248e-10;0.1;1.4273289334452481e-11;1.5491461114643693e-08;;;;ORANGE;True
1787665611.0705981;36.54071260099954;Wi-Fi;Wi-Fi;2,4/5 GHz;wlan0;-47.0;;;;-47.0;1.9952623149688786e-08;0.1;1.9952623149688786e-09;8.743280384903663e-07;;;;ROUGE;False
1787665611.0898645;36.55998052799987;BLE Sniffer;Appareil BLE;2,4 GHz BLE;57:10:3b:9d:cc:43;-77.0;;;;-77.0;1.9952623149688828e-11;0.00028;5.586734481912872e-15;1.303309506895456e-12;25;0x00;37;VERT;False
1787665611.089952;36.56006576999971;BLE Sniffer;Appareil BLE;2,4 GHz BLE;57:10:3b:9d:cc:43;-71.0;;;;-71.0;7.943282347242822e-11;0.00028;2.22411905722799e-14;1.325550697467736e-12;25;0x00;38;VERT;False
1787665611.0899913;36.56010526999944;BLE Sniffer;Appareil BLE;2,4 GHz BLE;57:10:3b:9d:cc:43;-80.0;;;;-80.0;1e-11;0.00028;2.7999999999999997e-15;1.3283506974677359e-12;25;0x00;39;VERT;False
1787665611.1606793;36.63054400500005;Simulation RF;Détection RF large bande;868 MHz;868 MHz;;2632;2.121166972734958;-40.84667890939832;-73.84667890939832;4.124127744560287e-11;0.1;4.1241277445602875e-12;4.02864159063342e-09;;;;VERT;True
1787665611.160892;36.63054400500005;Simulation RF;Détection RF large bande;2,45 GHz;2,45 GHz;;3081;2.4826498403486514;-55.30599361394604;-72.00599361394605;6.300871730731965e-11;0.1;6.300871730731965e-12;1.5497761986374424e-08;;;;VERT;True
1787665611.1709156;36.64103104399965;Wi-Fi;Wi-Fi;2,4/5 GHz;wlan0;-47.0;;;;-47.0;1.9952623149688786e-08;0.1;1.9952623149688786e-09;8.763233008053352e-07;;;;ROUGE;False
1787665611.1986372;36.66875292899931;BLE Sniffer;iBeacon;2,4 GHz BLE;6a:02:42:35:15:d4;-67.0;;;;-67.0;1.9952623149688828e-10;0.000368;7.342565319085489e-14;1.9263098525470567e-11;36;0x00;37;ORANGE;False
1787665611.1987195;36.66883354099991;BLE Sniffer;iBeacon;2,4 GHz BLE;6a:02:42:35:15:d4;-64.0;;;;-64.0;3.9810717055349694e-10;0.000368;1.4650343876368688e-13;1.9409601964234252e-11;36;0x00;38;ORANGE;False
1787665611.2053447;36.67546062399924;BLE Sniffer;iBeacon;2,4 GHz BLE;6a:02:42:35:15:d4;-64.0;;;;-64.0;3.9810717055349694e-10;0.000368;1.4650343876368688e-13;1.9556105402997937e-11;36;0x00;39;ORANGE;False
1787665611.2098024;36.67991851299939;BLE Sniffer;Appareil BLE;2,4 GHz BLE;73:e9:68:c2:03:47;-48.0;;;;-48.0;1.5848931924611143e-08;0.000176;2.789412018731561e-12;2.789412018731561e-12;12;0x03;37;ROUGE;False
1787665611.2607136;36.73063290799928;Simulation RF;Détection RF large bande;868 MHz;868 MHz;;2641;2.1278900842432864;-41.115603369731446;-74.11560336973145;3.876498881766368e-11;0.1;3.8764988817663686e-12;4.032518089515187e-09;;;;VERT;True
1787665611.2608771;36.73063290799928;Simulation RF;Détection RF large bande;2,45 GHz;2,45 GHz;;3022;2.435226128306321;-53.40904513225283;-70.10904513225283;9.752040287703434e-11;0.1;9.752040287703434e-12;1.550751402666213e-08;;;;VERT;True
1787665611.2712028;36.741317226999854;Wi-Fi;Wi-Fi;2,4/5 GHz;wlan0;-47.0;;;;-47.0;1.9952623149688786e-08;0.1;1.9952623149688786e-09;8.783185631203041e-07;;;;ROUGE;False
1787665611.3144968;36.78461297400008;BLE Sniffer;Appareil BLE;2,4 GHz BLE;57:10:3b:9d:cc:43;-72.0;;;;-72.0;6.309573444801942e-11;0.00028;1.7666805645445437e-14;1.3460175031131814e-12;25;0x00;38;VERT;False
1787665611.316069;36.78618473400002;BLE Sniffer;Appareil BLE;2,4 GHz BLE;57:10:3b:9d:cc:43;-80.0;;;;-80.0;1e-11;0.00028;2.7999999999999997e-15;1.3488175031131813e-12;25;0x00;39;VERT;False
1787665611.3608458;36.830722329999844;Simulation RF;Détection RF large bande;868 MHz;868 MHz;;2656;2.1405202098513785;-41.62080839405513;-74.62080839405513;3.450795003936931e-11;0.1;3.450795003936931e-12;4.035968884519124e-09;;;;VERT;True
1787665611.3610628;36.830722329999844;Simulation RF;Détection RF large bande;2,45 GHz;2,45 GHz;;3028;2.4398173747388885;-53.59269498955554;-70.29269498955554;9.348253935727083e-11;0.1;9.348253935727083e-12;1.5516862280597857e-08;;;;VERT;True
1787665611.372562;36.84267647999968;Wi-Fi;Wi-Fi;2,4/5 GHz;wlan0;-47.0;;;;-47.0;1.9952623149688786e-08;0.1;1.9952623149688786e-09;8.80313825435273e-07;;;;ROUGE;False
1787665611.4238038;36.8939199739998;BLE Sniffer;iBeacon;2,4 GHz BLE;6a:02:42:35:15:d4;-71.0;;;;-71.0;7.943282347242822e-11;0.000368;2.923127903785358e-14;1.9585336682035792e-11;36;0x00;37;VERT;False
1787665611.4608912;36.93080926999937;Simulation RF;Détection RF large bande;868 MHz;868 MHz;;2583;2.081651696896983;-39.266067875879315;-72.26606787587932;5.934624052573613e-11;0.1;5.934624052573613e-12;4.041903508571698e-09;;;;VERT;True
1787665611.4610512;36.93080926999937;Simulation RF;Détection RF large bande;2,45 GHz;2,45 GHz;;3069;2.4731341033486043;-54.92536413394416;-71.62536413394416;6.878022411540542e-11;0.1;6.8780224115405416e-12;1.5523740303009398e-08;;;;VERT;True
1787665611.4698727;36.93998749599996;Wi-Fi;Wi-Fi;2,4/5 GHz;wlan0;-47.0;;;;-47.0;1.9952623149688786e-08;0.1;1.9952623149688786e-09;8.823090877502419e-07;;;;ROUGE;False
1787665611.5262268;36.996342553999966;BLE Sniffer;iBeacon;2,4 GHz BLE;6a:02:42:35:15:d4;-68.0;;;;-68.0;1.584893192461111e-10;0.000368;5.832406948256888e-14;1.9643660751518362e-11;36;0x00;38;ORANGE;False
1787665611.528953;36.99906949599972;BLE Sniffer;iBeacon;2,4 GHz BLE;6a:02:42:35:15:d4;-63.0;;;;-63.0;5.011872336272714e-10;0.000368;1.8443690197483588e-13;1.98280976534932e-11;36;0x00;39;ORANGE;False
1787665611.561027;37.03090450599939;Simulation RF;Détection RF large bande;868 MHz;868 MHz;;2523;2.032922043665503;-37.31688174662011;-70.31688174662011;9.296336282222228e-11;0.1;9.296336282222229e-12;4.05119984485392e-09;;;;VERT;True
1787665611.5613194;37.03090450599939;Simulation RF;Détection RF large bande;2,45 GHz;2,45 GHz;;3063;2.4680101755980792;-54.72040702392316;-71.42040702392316;7.210398996363088e-11;0.1;7.210398996363088e-12;1.5530950702005762e-08;;;;VERT;True
1787665611.574006;37.044120949999524;Wi-Fi;Wi-Fi;2,4/5 GHz;wlan0;-47.0;;;;-47.0;1.9952623149688786e-08;0.1;1.9952623149688786e-09;8.843043500652108e-07;;;;ROUGE;False
1787665611.6346886;37.104807765999794;BLE Sniffer;Appareil BLE;2,4 GHz BLE;57:10:3b:9d:cc:43;-74.0;;;;-74.0;3.9810717055349695e-11;0.00028;1.1147000775497913e-14;1.3599645038886792e-12;25;0x00;37;VERT;False
1787665611.6462662;37.11638216999927;BLE Sniffer;Appareil BLE;2,4 GHz BLE;57:10:3b:9d:cc:43;-75.0;;;;-75.0;3.1622776601683794e-11;0.00028;8.854377448471461e-15;1.3688188813371506e-12;25;0x00;38;VERT;False
1787665611.6463697;37.11648383800002;BLE Sniffer;Appareil BLE;2,4 GHz BLE;57:10:3b:9d:cc:47;-89.0;;;;-89.0;1.258925411794166e-12;0.00028;3.5249911530236646e-16;3.5249911530236646e-16;25;0x00;39;VERT;False
1787665611.6620805;37.13195210599952;Simulation RF;Détection RF large bande;868 MHz;868 MHz;;2620;2.111707430326718;-40.46829721306871;-73.46829721306871;4.499562396860573e-11;0.1;4.499562396860573e-12;4.055699407250781e-09;;;;VERT;True
1787665611.662425;37.13195210599952;Simulation RF;Détection RF large bande;2,45 GHz;2,45 GHz;;3049;2.457096482009124;-54.28385928036495;-70.98385928036495;7.972858785200475e-11;0.1;7.972858785200476e-12;1.5538923560790964e-08;;;;VERT;True
1787665611.6754963;37.14561161099937;Wi-Fi;Wi-Fi;2,4/5 GHz;wlan0;-47.0;;;;-47.0;1.9952623149688786e-08;0.1;1.9952623149688786e-09;8.862996123801797e-07;;;;ROUGE;False
1787665611.7711635;37.2412791809993;BLE Sniffer;iBeacon;2,4 GHz BLE;6a:02:42:35:15:d4;-76.0;;;;-76.0;2.5118864315095823e-11;0.000368;9.243742067955263e-15;1.9837341395561155e-11;36;0x00;37;VERT;False
1787665611.7712927;37.241406718999315;BLE Sniffer;iBeacon;2,4 GHz BLE;6a:02:42:35:15:d4;-71.0;;;;-71.0;7.943282347242822e-11;0.000368;2.923127903785358e-14;1.986657267459901e-11;36;0x00;38;VERT;False
1787665611.7713487;37.241462775999935;BLE Sniffer;iBeacon;2,4 GHz BLE;6a:02:42:35:15:d4;-64.0;;;;-64.0;3.9810717055349694e-10;0.000368;1.4650343876368688e-13;2.0013076113362695e-11;36;0x00;39;ORANGE;False
1787665611.7642217;37.232144306999544;Simulation RF;Détection RF large bande;868 MHz;868 MHz;;2584;2.082050273387878;-39.2820109355151;-72.2820109355151;5.912877838319509e-11;0.1;5.9128778383195095e-12;4.061612285089101e-09;;;;VERT;True
1787665611.7787397;37.232144306999544;Simulation RF;Détection RF large bande;2,45 GHz;2,45 GHz;;2985;2.4056293801877824;-52.225175207511285;-68.92517520751129;1.2808034220154311e-10;0.1;1.2808034220154312e-11;1.5551731595011118e-08;;;;ORANGE;True
1787665611.7889068;37.259021365999615;Wi-Fi;Wi-Fi;2,4/5 GHz;wlan0;-47.0;;;;-47.0;1.9952623149688786e-08;0.1;1.9952623149688786e-09;8.882948746951486e-07;;;;ROUGE;False
1787665611.862299;37.33222635799939;Simulation RF;Détection RF large bande;868 MHz;868 MHz;;2580;2.0789120636995357;-39.156482547981426;-72.15648254798143;6.086277434752035e-11;0.1;6.086277434752035e-12;4.067698562523853e-09;;;;VERT;True
1787665611.8624496;37.33222635799939;Simulation RF;Détection RF large bande;2,45 GHz;2,45 GHz;;3047;2.4551711395615277;-54.2068455824611;-70.9068455824611;8.115502983654497e-11;0.1;8.115502983654498e-12;1.5559847097994773e-08;;;;VERT;True
1787665611.8738043;37.34391905999928;Wi-Fi;Wi-Fi;2,4/5 GHz;wlan0;-47.0;;;;-47.0;1.9952623149688786e-08;0.1;1.9952623149688786e-09;8.902901370101175e-07;;;;ROUGE;False
1787665611.8818407;37.3519568089996;BLE Sniffer;Appareil BLE;2,4 GHz BLE;57:10:3b:9d:cc:43;-81.0;;;;-81.0;7.943282347242821e-12;0.00028;2.22411905722799e-15;1.3710430003943787e-12;25;0x00;37;VERT;False
1787665611.8820047;37.35211906999939;Simulation LoRa;LoRa;868 MHz;LoRa 868.100 MHz;-91.43204416643061;;;;-91.43204416643061;7.191104226105924e-13;0.046335999999999995;3.3320700542084404e-14;3.1610095672600672e-12;13;"SNR=7.62;SF=7;BW=125.0;CR=4/5;F=868.100;CRC=OK;PAYLOAD=54454d504f5f4c4f52415f3336";7;VERT;True
1787665611.9624834;37.432337057999575;Simulation RF;Détection RF large bande;868 MHz;868 MHz;;2596;2.0923899397522123;-39.69559759008848;-72.69559759008848;5.375764574031967e-11;0.1;5.375764574031967e-12;4.073074327097885e-09;;;;VERT;True
1787665611.962702;37.432337057999575;Simulation RF;Détection RF large bande;2,45 GHz;2,45 GHz;;3057;2.463686060825012;-54.547442433000484;-71.24744243300049;7.503359532648026e-11;0.1;7.503359532648026e-12;1.556735045752742e-08;;;;VERT;True
1787665611.9815829;37.451697763000084;Wi-Fi;Wi-Fi;2,4/5 GHz;wlan0;-48.0;;;;-48.0;1.5848931924611143e-08;0.1;1.5848931924611144e-09;8.918750302025786e-07;;;;ROUGE;False
1787665611.9940796;37.46419555000011;BLE Sniffer;iBeacon;2,4 GHz BLE;6a:02:42:35:15:d4;-69.0;;;;-69.0;1.2589254117941662e-10;0.000368;4.6328455154025316e-14;2.005940456851672e-11;36;0x00;38;ORANGE;False
1787665612.0625105;37.532429404999675;Simulation RF;Détection RF large bande;868 MHz;868 MHz;;2562;2.0642756162919174;-38.571024651676694;-71.5710246516767;6.964621750834461e-11;0.1;6.964621750834462e-12;4.080038948848719e-09;;;;VERT;True
1787665612.062675;37.532429404999675;Simulation RF;Détection RF large bande;2,45 GHz;2,45 GHz;;3077;2.479248942751953;-55.16995771007811;-71.86995771007811;6.501360210861294e-11;0.1;6.5013602108612944e-12;1.557385181773828e-08;;;;VERT;True
1787665612.0714664;37.54158209399975;Wi-Fi;Wi-Fi;2,4/5 GHz;wlan0;-48.0;;;;-48.0;1.5848931924611143e-08;0.1;1.5848931924611144e-09;8.934599233950396e-07;;;;ROUGE;False
1787665612.097979;37.56809514899942;BLE Sniffer;iBeacon;2,4 GHz BLE;6a:02:42:35:15:d4;-64.0;;;;-64.0;3.9810717055349694e-10;0.000368;1.4650343876368688e-13;2.0205908007280405e-11;36;0x00;39;ORANGE;False
1787665612.1627517;37.63256825299959;Simulation RF;Détection RF large bande;868 MHz;868 MHz;;2554;2.058264652502281;-38.33058610009124;-71.33058610009124;7.361077497133419e-11;0.1;7.36107749713342e-12;4.087400026345853e-09;;;;VERT;True
1787665612.162991;37.63256825299959;Simulation RF;Détection RF large bande;2,45 GHz;2,45 GHz;;3089;2.4892066843951377;-55.568267375805505;-72.26826737580551;5.931619201983488e-11;0.1;5.931619201983489e-12;1.5579783436940263e-08;;;;VERT;True
1787665612.1754603;37.64557530499951;Wi-Fi;Wi-Fi;2,4/5 GHz;wlan0;-46.0;;;;-46.0;2.511886431509582e-08;0.1;2.5118864315095824e-09;8.959718098265492e-07;;;;ROUGE;False
1787665612.2048845;37.675000821999674;BLE Sniffer;Appareil BLE;2,4 GHz BLE;57:10:3b:9d:cc:43;-82.0;;;;-82.0;6.309573444801943e-12;0.00028;1.7666805645445437e-15;1.3728096809589232e-12;25;0x00;37;VERT;False
1787665612.204974;37.67508760100009;BLE Sniffer;Appareil BLE;2,4 GHz BLE;57:10:3b:9d:cc:43;-71.0;;;;-71.0;7.943282347242822e-11;0.00028;2.22411905722799e-14;1.395050871531203e-12;25;0x00;38;VERT;False
1787665612.2083163;37.67843293899932;BLE Sniffer;Appareil BLE;2,4 GHz BLE;57:10:3b:9d:cc:43;-74.0;;;;-74.0;3.9810717055349695e-11;0.00028;1.1147000775497913e-14;1.406197872306701e-12;25;0x00;39;VERT;False
1787665612.2627134;37.73264517400003;Simulation RF;Détection RF large bande;868 MHz;868 MHz;;2547;2.0523493468550833;-38.09397387420333;-71.09397387420333;7.773249589280426e-11;0.1;7.773249589280427e-12;4.095173275935133e-09;;;;VERT;True
1787665612.262848;37.73264517400003;Simulation RF;Détection RF large bande;2,45 GHz;2,45 GHz;;3109;2.5052334445494115;-56.20933778197646;-72.90933778197646;5.1175986341839775e-11;0.1;5.117598634183978e-12;1.5584901035574446e-08;;;;VERT;True
1787665612.2717638;37.741878456999984;Wi-Fi;Wi-Fi;2,4/5 GHz;wlan0;-46.0;;;;-46.0;2.511886431509582e-08;0.1;2.5118864315095824e-09;8.984836962580589e-07;;;;ROUGE;False
1787665612.3145723;37.784688011999606;BLE Sniffer;iBeacon;2,4 GHz BLE;6a:02:42:35:15:d4;-71.0;;;;-71.0;7.943282347242822e-11;0.000368;2.923127903785358e-14;2.023513928631826e-11;36;0x00;37;VERT;False
1787665612.3196144;37.7897304829994;BLE Sniffer;iBeacon;2,4 GHz BLE;6a:02:42:35:15:d4;-71.0;;;;-71.0;7.943282347242822e-11;0.000368;2.923127903785358e-14;2.0264370565356114e-11;36;0x00;38;VERT;False
1787665612.321162;37.791278427999714;BLE Sniffer;iBeacon;2,4 GHz BLE;6a:02:42:35:15:d4;-64.0;;;;-64.0;3.9810717055349694e-10;0.000368;1.4650343876368688e-13;2.04108740041198e-11;36;0x00;39;ORANGE;False
1787665612.3629112;37.83276618899981;Simulation RF;Détection RF large bande;868 MHz;868 MHz;;2535;2.043005424646137;-37.72021698584547;-70.72021698584547;8.471850853125779e-11;0.1;8.47185085312578e-12;4.103645126788259e-09;;;;VERT;True
1787665612.363125;37.83276618899981;Simulation RF;Détection RF large bande;2,45 GHz;2,45 GHz;;3077;2.479895207034155;-55.1958082813662;-71.8958082813662;6.462777016958218e-11;0.1;6.462777016958218e-12;1.5591363812591403e-08;;;;VERT;True
1787665612.374593;37.84470891299952;Wi-Fi;Wi-Fi;2,4/5 GHz;wlan0;-45.0;;;;-45.0;3.162277660168379e-08;0.1;3.1622776601683795e-09;9.016459739182272e-07;;;;ROUGE;False
1787665612.462933;37.93285307299993;Simulation RF;Détection RF large bande;868 MHz;868 MHz;;2585;2.0828859458433913;-39.31543783373564;-72.31543783373564;5.867542130441771e-11;0.1;5.867542130441772e-12;4.109512668918701e-09;;;;VERT;True
1787665612.4630945;37.93285307299993;Simulation RF;Détection RF large bande;2,45 GHz;2,45 GHz;;3021;2.4348204518220897;-53.392818072883586;-70.09281807288359;9.788546149571587e-11;0.1;9.788546149571587e-12;1.5601152358740976e-08;;;;VERT;True
1787665612.471813;37.94192885399934;Wi-Fi;Wi-Fi;2,4/5 GHz;wlan0;-45.0;;;;-45.0;3.162277660168379e-08;0.1;3.1622776601683795e-09;9.048082515783956e-07;;;;ROUGE;False
1787665612.5337007;38.00381761099925;BLE Sniffer;Appareil BLE;2,4 GHz BLE;d3:23:2f:4d:3e:b1;-72.0;;;;-72.0;6.309573444801942e-11;0.000376;2.3723996152455302e-14;4.2578115644803477e-13;37;0x00;37;VERT;False
1787665612.5338156;38.00392977899992;BLE Sniffer;Appareil BLE;2,4 GHz BLE;d3:23:2f:4d:3e:b1;-73.0;;;;-73.0;5.011872336272715e-11;0.000376;1.8844639984385406e-14;4.446257964324202e-13;37;0x00;38;VERT;False
1787665612.5631256;38.03297693999957;Simulation RF;Détection RF large bande;868 MHz;868 MHz;;2481;1.9991546680463275;-35.96618672185309;-68.96618672185309;1.2687654033682024e-10;0.1;1.2687654033682025e-11;4.122200322952383e-09;;;;ORANGE;True
1787665612.5640433;38.03297693999957;Simulation RF;Détection RF large bande;2,45 GHz;2,45 GHz;;3106;2.502900794519007;-56.11603178076027;-72.81603178076027;5.228737290190425e-11;0.1;5.228737290190425e-12;1.5606381096031166e-08;;;;VERT;True
1787665612.5743058;38.04442124999969;Wi-Fi;Wi-Fi;2,4/5 GHz;wlan0;-48.0;;;;-48.0;1.5848931924611143e-08;0.1;1.5848931924611144e-09;9.063931447708567e-07;;;;ROUGE;False
1787665612.6377544;38.1078708039995;BLE Sniffer;Appareil BLE;2,4 GHz BLE;d3:23:2f:4d:3e:b1;-83.0;;;;-83.0;5.011872336272715e-12;0.000376;1.8844639984385405e-15;4.465102604308587e-13;37;0x00;39;VERT;False
1787665612.640759;38.1108754349998;BLE Sniffer;iBeacon;2,4 GHz BLE;6a:02:42:35:15:d4;-68.0;;;;-68.0;1.584893192461111e-10;0.000368;5.832406948256888e-14;2.046919807360237e-11;36;0x00;37;ORANGE;False
1787665612.642217;38.112332804999824;BLE Sniffer;iBeacon;2,4 GHz BLE;6a:02:42:35:15:d4;-64.0;;;;-64.0;3.9810717055349694e-10;0.000368;1.4650343876368688e-13;2.0615701512366055e-11;36;0x00;38;ORANGE;False
1787665612.6423104;38.1124242879996;BLE Sniffer;iBeacon;2,4 GHz BLE;6a:02:42:35:15:d4;-64.0;;;;-64.0;3.9810717055349694e-10;0.000368;1.4650343876368688e-13;2.076220495112974e-11;36;0x00;39;ORANGE;False
1787665612.6631515;38.13306502799969;Simulation RF;Détection RF large bande;868 MHz;868 MHz;;2559;2.0624558103904307;-38.498232415617224;-71.49823241561722;7.082339779141946e-11;0.1;7.082339779141946e-12;4.129282662731525e-09;;;;VERT;True
1787665612.6633108;38.13306502799969;Simulation RF;Détection RF large bande;2,45 GHz;2,45 GHz;;3031;2.4428324961508636;-53.713299846034545;-70.41329984603455;9.092221670773397e-11;0.1;9.092221670773398e-12;1.5615473317701938e-08;;;;VERT;True
1787665612.6733065;38.14342115799991;Wi-Fi;Wi-Fi;2,4/5 GHz;wlan0;-48.0;;;;-48.0;1.5848931924611143e-08;0.1;1.5848931924611144e-09;9.079780379633177e-07;;;;ROUGE;False
1787665612.7519479;38.22206521799944;BLE Sniffer;Appareil BLE;2,4 GHz BLE;57:10:3b:fd:8c:43;-88.0;;;;-88.0;1.584893192461111e-12;0.00028;4.4377009388911103e-16;4.4377009388911103e-16;25;0x00;37;VERT;False
1787665612.7541494;38.224266227000044;BLE Sniffer;Appareil BLE;2,4 GHz BLE;57:10:3b:9d:cc:43;-70.0;;;;-70.0;1e-10;0.00028;2.7999999999999997e-14;1.434197872306701e-12;25;0x00;38;ORANGE;False
1787665612.7542546;38.2243688210001;BLE Sniffer;Appareil BLE;2,4 GHz BLE;57:10:3b:9d:cc:43;-81.0;;;;-81.0;7.943282347242821e-12;0.00028;2.22411905722799e-15;1.436421991363929e-12;25;0x00;39;VERT;False
1787665612.7632895;38.23318520900011;Simulation RF;Détection RF large bande;868 MHz;868 MHz;;2439;1.9656972567581943;-34.62789027032777;-67.62789027032777;1.726676478729382e-10;0.1;1.726676478729382e-11;4.1465494275188185e-09;;;;ORANGE;True
1787665612.7635047;38.23318520900011;Simulation RF;Détection RF large bande;2,45 GHz;2,45 GHz;;3031;2.442396988855366;-53.69587955421464;-70.39587955421464;9.128765363939155e-11;0.1;9.128765363939155e-12;1.5624602083065876e-08;;;;VERT;True
1787665612.7734375;38.24355287599974;Wi-Fi;Wi-Fi;2,4/5 GHz;wlan0;-49.0;;;;-49.0;1.2589254117941661e-08;0.1;1.2589254117941663e-09;9.092369633751119e-07;;;;ROUGE;False
1787665612.865101;38.33521743199981;BLE Sniffer;iBeacon;2,4 GHz BLE;6a:02:42:35:15:d4;-67.0;;;;-67.0;1.9952623149688828e-10;0.000368;7.342565319085489e-14;2.0835630604320594e-11;36;0x00;37;ORANGE;False
1787665612.8652503;38.33536469399951;Simulation LoRa;LoRa;868 MHz;LoRa 868.100 MHz;-91.16012115190246;;;;-91.16012115190246;7.655752499298565e-13;0.046335999999999995;3.547369478074983e-14;3.196483262040817e-12;13;"SNR=4.88;SF=7;BW=125.0;CR=4/5;F=868.100;CRC=OK;PAYLOAD=54454d504f5f4c4f52415f3337";7;VERT;True
1787665612.8689668;38.33908320299997;BLE Sniffer;iBeacon;2,4 GHz BLE;6a:02:42:35:15:d4;-65.0;;;;-65.0;3.1622776601683795e-10;0.000368;1.1637181789419636e-13;2.095200242221479e-11;36;0x00;38;ORANGE;False
1787665612.8712127;38.333689394999965;Simulation RF;Détection RF large bande;868 MHz;868 MHz;;2552;2.0563418814962695;-38.25367525985078;-71.25367525985078;7.492598724127453e-11;0.1;7.492598724127454e-12;4.154042026242946e-09;;;;VERT;True
1787665612.8713849;38.333689394999965;Simulation RF;Détection RF large bande;2,45 GHz;2,45 GHz;;3037;2.447427863508539;-53.89711454034156;-70.59711454034156;8.715424518703841e-11;0.1;8.715424518703841e-12;1.563331750758458e-08;;;;VERT;True
1787665612.880017;38.350132137999935;Wi-Fi;Wi-Fi;2,4/5 GHz;wlan0;-49.0;;;;-49.0;1.2589254117941661e-08;0.1;1.2589254117941663e-09;9.10495888786906e-07;;;;ROUGE;False
1787665612.9639485;38.433812630999455;Simulation RF;Détection RF large bande;868 MHz;868 MHz;;2496;2.0110832064926303;-36.44332825970521;-69.44332825970521;1.1367557876254882e-10;0.1;1.1367557876254883e-11;4.1654095841192e-09;;;;ORANGE;True
1787665612.9641645;38.433812630999455;Simulation RF;Détection RF large bande;2,45 GHz;2,45 GHz;;3041;2.4506150362661607;-54.024601450646415;-70.72460145064642;8.463302324443804e-11;0.1;8.463302324443805e-12;1.5641780809909023e-08;;;;VERT;True
1787665612.9763184;38.44643497499965;BLE Sniffer;iBeacon;2,4 GHz BLE;6a:02:42:35:15:d4;-64.0;;;;-64.0;3.9810717055349694e-10;0.000368;1.4650343876368688e-13;2.1098505860978476e-11;36;0x00;39;ORANGE;False
1787665612.982378;38.452494088000094;Wi-Fi;Wi-Fi;2,4/5 GHz;wlan0;-51.0;;;;-51.0;7.943282347242822e-09;0.1;7.943282347242823e-10;9.112902170216303e-07;;;;ORANGE;False
1787665613.0639737;38.53389914499985;Simulation RF;Détection RF large bande;868 MHz;868 MHz;;2508;2.0211422187758776;-36.8456887510351;-69.8456887510351;1.036170264342682e-10;0.1;1.036170264342682e-11;4.175771286762627e-09;;;;ORANGE;True
1787665613.0641274;38.53389914499985;Simulation RF;Détection RF large bande;2,45 GHz;2,45 GHz;;3032;2.4437678218520746;-53.75071287408298;-70.45071287408298;9.01423161064928e-11;0.1;9.014231610649281e-12;1.5650795041519672e-08;;;;VERT;True
1787665613.0735881;38.54370352799924;Wi-Fi;Wi-Fi;2,4/5 GHz;wlan0;-51.0;;;;-51.0;7.943282347242822e-09;0.1;7.943282347242823e-10;9.120845452563546e-07;;;;ORANGE;False
1787665613.1641512;38.634012788999826;Simulation RF;Détection RF large bande;868 MHz;868 MHz;;2634;2.122663380175332;-40.90653520701326;-73.90653520701326;4.067677182493231e-11;0.1;4.067677182493231e-12;4.17983896394512e-09;;;;VERT;True
1787665613.1644285;38.634012788999826;Simulation RF;Détection RF large bande;2,45 GHz;2,45 GHz;;3039;2.4493522306192705;-53.97408922477082;-70.67408922477082;8.562312563576556e-11;0.1;8.562312563576557e-12;1.565935735408325e-08;;;;VERT;True
1787665613.1755128;38.64562856499924;Wi-Fi;Wi-Fi;2,4/5 GHz;wlan0;-51.0;;;;-51.0;7.943282347242822e-09;0.1;7.943282347242823e-10;9.128788734910789e-07;;;;ORANGE;False
1787665613.19133;38.66144598499977;BLE Sniffer;iBeacon;2,4 GHz BLE;6a:02:42:35:15:d4;-69.0;;;;-69.0;1.2589254117941662e-10;0.000368;4.6328455154025316e-14;2.11448343161325e-11;36;0x00;37;ORANGE;False
1787665613.1914194;38.66153322699938;BLE Sniffer;iBeacon;2,4 GHz BLE;6a:02:42:35:15:d4;-64.0;;;;-64.0;3.9810717055349694e-10;0.000368;1.4650343876368688e-13;2.1291337754896185e-11;36;0x00;38;ORANGE;False
1787665613.1957855;38.66590144800011;BLE Sniffer;iBeacon;2,4 GHz BLE;6a:02:42:35:15:d4;-64.0;;;;-64.0;3.9810717055349694e-10;0.000368;1.4650343876368688e-13;2.143784119365987e-11;36;0x00;39;ORANGE;False
1787665613.2641604;38.73409595099929;Simulation RF;Détection RF large bande;868 MHz;868 MHz;;2515;2.026680262079023;-37.06721048316092;-70.06721048316092;9.846433489500054e-11;0.1;9.846433489500055e-12;4.1896853974346205e-09;;;;VERT;True
1787665613.2643037;38.73409595099929;Simulation RF;Détection RF large bande;2,45 GHz;2,45 GHz;;3019;2.4330995706213616;-53.323982824854454;-70.02398282485446;9.944929700916442e-11;0.1;9.944929700916443e-12;1.5669302283784168e-08;;;;VERT;True
1787665613.2737396;38.74385451799935;Wi-Fi;Wi-Fi;2,4/5 GHz;wlan0;-51.0;;;;-51.0;7.943282347242822e-09;0.1;7.943282347242823e-10;9.136732017258032e-07;;;;ORANGE;False
1787665613.3024232;38.772539284999766;BLE Sniffer;Appareil BLE;2,4 GHz BLE;08:0a:02:1a:19:02;-89.0;;;;-89.0;1.258925411794166e-12;0.00028;3.5249911530236646e-16;3.5249911530236646e-16;25;0x03;37;VERT;False
1787665613.302516;38.77263002699965;BLE Sniffer;Appareil BLE;2,4 GHz BLE;57:10:3b:9d:cc:43;-70.0;;;;-70.0;1e-10;0.00028;2.7999999999999997e-14;1.4644219913639291e-12;25;0x00;38;ORANGE;False
1787665613.3067896;38.776905635999356;BLE Sniffer;Appareil BLE;2,4 GHz BLE;57:10:3b:9d:cc:43;-82.0;;;;-82.0;6.309573444801943e-12;0.00028;1.7666805645445437e-15;1.4661886719284737e-12;25;0x00;39;VERT;False
1787665613.3643112;38.83419231700009;Simulation RF;Détection RF large bande;868 MHz;868 MHz;;2513;2.0252015086120045;-37.008060344480185;-70.00806034448019;9.981457583296907e-11;0.1;9.981457583296907e-12;4.1996668550179175e-09;;;;VERT;True
1787665613.364549;38.83419231700009;Simulation RF;Détection RF large bande;2,45 GHz;2,45 GHz;;3054;2.4609128437086096;-54.43651374834438;-71.13651374834438;7.697480992474885e-11;0.1;7.697480992474886e-12;1.5676999764776643e-08;;;;VERT;True
1787665613.3744502;38.84457702199961;Wi-Fi;Wi-Fi;2,4/5 GHz;wlan0;-52.0;;;;-52.0;6.309573444801943e-09;0.1;6.309573444801943e-10;9.143041590702833e-07;;;;ORANGE;False
1787665613.4161677;38.88628465599959;BLE Sniffer;iBeacon;2,4 GHz BLE;6a:02:42:35:15:d4;-71.0;;;;-71.0;7.943282347242822e-11;0.000368;2.923127903785358e-14;2.1467072472697726e-11;36;0x00;37;VERT;False
1787665613.464322;38.934267904999615;Simulation RF;Détection RF large bande;868 MHz;868 MHz;;2609;2.1023029098220527;-40.092116392882104;-73.0921163928821;4.906687064488517e-11;0.1;4.906687064488517e-12;4.204573542082406e-09;;;;VERT;True
1787665613.4645998;38.934267904999615;Simulation RF;Détection RF large bande;2,45 GHz;2,45 GHz;;3063;2.4681731444627353;-54.7269257785094;-71.4269257785094;7.199584315187322e-11;0.1;7.199584315187323e-12;1.5684199349091832e-08;;;;VERT;True
1787665613.4742641;38.9443789019997;Wi-Fi;Wi-Fi;2,4/5 GHz;wlan0;-52.0;;;;-52.0;6.309573444801943e-09;0.1;6.309573444801943e-10;9.149351164147635e-07;;;;ORANGE;False
1787665613.5204813;38.9905974079993;BLE Sniffer;iBeacon;2,4 GHz BLE;6a:02:42:35:15:d4;-66.0;;;;-66.0;2.511886431509582e-10;0.000368;9.243742067955262e-14;2.1559509893377278e-11;36;0x00;38;ORANGE;False
1787665613.5205805;38.99069438999959;BLE Sniffer;iBeacon;2,4 GHz BLE;6a:02:42:35:15:d4;-63.0;;;;-63.0;5.011872336272714e-10;0.000368;1.8443690197483588e-13;2.1743946795352115e-11;36;0x00;39;ORANGE;False
1787665613.5645044;39.03436175299976;Simulation RF;Détection RF large bande;868 MHz;868 MHz;;2494;2.0100537661972604;-36.40215064789041;-69.40215064789041;1.1475851908653001e-10;0.1;1.1475851908653002e-11;4.2160493939910585e-09;;;;ORANGE;True
1787665613.5646677;39.03436175299976;Simulation RF;Détection RF large bande;2,45 GHz;2,45 GHz;;3023;2.4358851364998504;-53.435405459994016;-70.13540545999402;9.69302770374202e-11;0.1;9.69302770374202e-12;1.5693892376795572e-08;;;;VERT;True
1787665613.580427;39.05056632600008;Wi-Fi;Wi-Fi;2,4/5 GHz;wlan0;-53.0;;;;-53.0;5.011872336272715e-09;0.1;5.011872336272715e-10;9.154363036483907e-07;;;;ORANGE;False
1787665613.6712387;39.134987920999265;Simulation RF;Détection RF large bande;868 MHz;868 MHz;;2439;1.965211399447377;-34.608455977895076;-67.60845597789508;1.7344205166695074e-10;0.1;1.7344205166695074e-11;4.2333935991577534e-09;;;;ORANGE;True
1787665613.6730924;39.134987920999265;Simulation RF;Détection RF large bande;2,45 GHz;2,45 GHz;;3050;2.4577678500814475;-54.3107140032579;-71.0107140032579;7.923710497507552e-11;0.1;7.923710497507551e-12;1.570181608729308e-08;;;;VERT;True
1787665613.6886687;39.15878436799994;Wi-Fi;Wi-Fi;2,4/5 GHz;wlan0;-53.0;;;;-53.0;5.011872336272715e-09;0.1;5.011872336272715e-10;9.15937490882018e-07;;;;ORANGE;False
1787665613.7670925;39.23721133299932;BLE Sniffer;iBeacon;2,4 GHz BLE;6a:02:42:35:15:d4;-72.0;;;;-72.0;6.309573444801942e-11;0.000368;2.3219230276871148e-14;2.1767166025628988e-11;36;0x00;37;VERT;False
1787665613.7672555;39.23736946400004;BLE Sniffer;iBeacon;2,4 GHz BLE;6a:02:42:35:15:d4;-65.0;;;;-65.0;3.1622776601683795e-10;0.000368;1.1637181789419636e-13;2.1883537843523184e-11;36;0x00;38;ORANGE;False
1787665613.767302;39.2374159459996;BLE Sniffer;iBeacon;2,4 GHz BLE;6a:02:42:35:15:d4;-63.0;;;;-63.0;5.011872336272714e-10;0.000368;1.8443690197483588e-13;2.206797474549802e-11;36;0x00;39;ORANGE;False
1787665613.7801793;39.235810240999854;Simulation RF;Détection RF large bande;868 MHz;868 MHz;;2474;1.9940533305504464;-35.76213322201785;-68.76213322201785;1.3298010691904932e-10;0.1;1.3298010691904933e-11;4.246691609849658e-09;;;;ORANGE;True
1787665613.7805808;39.235810240999854;Simulation RF;Détection RF large bande;2,45 GHz;2,45 GHz;;3020;2.4339906550357124;-53.3596262014285;-70.0596262014285;9.863643786575824e-11;0.1;9.863643786575824e-12;1.5711679731079655e-08;;;;VERT;True
1787665613.7986832;39.26880043199981;Wi-Fi;Wi-Fi;2,4/5 GHz;wlan0;-54.0;;;;-54.0;3.981071705534969e-09;0.1;3.9810717055349694e-10;9.163355980525715e-07;;;;ORANGE;False
1787665613.8751712;39.33798485499938;Simulation RF;Détection RF large bande;868 MHz;868 MHz;;2490;2.006916784638461;-36.27667138553842;-69.27667138553842;1.1812256294972214e-10;0.1;1.1812256294972215e-11;4.25850386614463e-09;;;;ORANGE;True
1787665613.927167;39.397286301999884;Simulation LoRa;LoRa;868 MHz;LoRa 868.100 MHz;-93.30983401184284;;;;-93.30983401184284;4.666772164632783e-13;0.046335999999999995;2.162395550204246e-14;3.2181072175428597e-12;13;"SNR=7.03;SF=7;BW=125.0;CR=4/5;F=868.100;CRC=OK;PAYLOAD=54454d504f5f4c4f52415f3338";7;VERT;True
1787665613.9131489;39.33798485499938;Simulation RF;Détection RF large bande;2,45 GHz;2,45 GHz;;3030;2.4413788445958353;-53.65515378383341;-70.35515378383342;9.214772586141268e-11;0.1;9.21477258614127e-12;1.5720894503665797e-08;;;;VERT;True
1787665614.0236683;39.4937863819996;Wi-Fi;Wi-Fi;2,4/5 GHz;wlan0;-55.0;;;;-55.0;3.1622776601683795e-09;0.1;3.1622776601683795e-10;9.166518258185883e-07;;;;ORANGE;False
1787665614.0248914;39.49479369099936;Simulation RF;Détection RF large bande;868 MHz;868 MHz;;2565;2.067148283100005;-38.68593132400021;-71.68593132400021;6.782766516775184e-11;0.1;6.782766516775185e-12;4.265286632661405e-09;;;;VERT;True
1787665614.025151;39.49479369099936;Simulation RF;Détection RF large bande;2,45 GHz;2,45 GHz;;3001;2.418552081772013;-52.742083270880514;-69.44208327088052;1.1370817072916261e-10;0.1;1.1370817072916262e-11;1.5732265320738713e-08;;;;ORANGE;True
1787665614.0427089;39.51282891699975;BLE Sniffer;iBeacon;2,4 GHz BLE;6a:02:42:35:15:d4;-71.0;;;;-71.0;7.943282347242822e-11;0.000368;2.923127903785358e-14;2.2097206024535876e-11;36;0x00;37;VERT;False
1787665614.0429823;39.51309690199923;BLE Sniffer;iBeacon;2,4 GHz BLE;6a:02:42:35:15:d4;-64.0;;;;-64.0;3.9810717055349694e-10;0.000368;1.4650343876368688e-13;2.224370946329956e-11;36;0x00;38;ORANGE;False
1787665614.0430653;39.513179550999666;BLE Sniffer;iBeacon;2,4 GHz BLE;6a:02:42:35:15:d4;-64.0;;;;-64.0;3.9810717055349694e-10;0.000368;1.4650343876368688e-13;2.2390212902063247e-11;36;0x00;39;ORANGE;False
1787665614.0846555;39.55477394299942;BLE Sniffer;Appareil BLE;2,4 GHz BLE;57:10:3b:9d:cc:43;-85.0;;;;-85.0;3.1622776601683794e-12;0.00028;8.854377448471461e-16;1.4670741096733208e-12;25;0x00;37;VERT;False
1787665614.0848105;39.554924777999986;BLE Sniffer;Appareil BLE;2,4 GHz BLE;57:10:3b:9d:cc:43;-70.0;;;;-70.0;1e-10;0.00028;2.7999999999999997e-14;1.4950741096733208e-12;25;0x00;38;ORANGE;False
1787665614.0848706;39.55498483499923;BLE Sniffer;Appareil BLE;2,4 GHz BLE;57:10:3b:9d:cc:43;-77.0;;;;-77.0;1.9952623149688828e-11;0.00028;5.586734481912872e-15;1.5006608441552338e-12;25;0x00;39;VERT;False
1787665614.0925448;39.56266609799968;Wi-Fi;Wi-Fi;2,4/5 GHz;wlan0;-55.0;;;;-55.0;3.1622776601683795e-09;0.1;3.1622776601683795e-10;9.169680535846051e-07;;;;ORANGE;False
1787665614.1266048;39.59487998299937;Simulation RF;Détection RF large bande;868 MHz;868 MHz;;2525;2.034585843683949;-37.38343374735794;-70.38343374735794;9.154963671071523e-11;0.1;9.154963671071524e-12;4.2744415963324765e-09;;;;VERT;True
1787665614.1271322;39.59487998299937;Simulation RF;Détection RF large bande;2,45 GHz;2,45 GHz;;3100;2.4979676988439077;-55.9187079537563;-72.6187079537563;5.471787268925134e-11;0.1;5.471787268925134e-12;1.573773710800764e-08;;;;VERT;True
1787665614.138293;39.60840876399925;Wi-Fi;Wi-Fi;2,4/5 GHz;wlan0;-55.0;;;;-55.0;3.1622776601683795e-09;0.1;3.1622776601683795e-10;9.172842813506219e-07;;;;ORANGE;False
1787665614.2290268;39.69584458200006;Simulation RF;Détection RF large bande;868 MHz;868 MHz;;2430;1.9585603760619668;-34.34241504247866;-67.34241504247866;1.8439897206893455e-10;0.1;1.8439897206893457e-11;4.29288149353937e-09;;;;ORANGE;True
1787665614.2292256;39.69584458200006;Simulation RF;Détection RF large bande;2,45 GHz;2,45 GHz;;3027;2.4390150313608605;-53.56060125443442;-70.26060125443442;9.417592066328976e-11;0.1;9.417592066328976e-12;1.574715470007397e-08;;;;VERT;True
1787665614.2417955;39.711910745999376;Wi-Fi;Wi-Fi;2,4/5 GHz;wlan0;-52.0;;;;-52.0;6.309573444801943e-09;0.1;6.309573444801943e-10;9.179152386951021e-07;;;;ORANGE;False
1787665614.349296;39.797056239000085;Simulation RF;Détection RF large bande;868 MHz;868 MHz;;2491;2.0074370398847594;-36.29748159539038;-69.29748159539038;1.1755790569174372e-10;0.1;1.1755790569174373e-11;4.304637284108544e-09;;;;ORANGE;True
1787665614.3495674;39.797056239000085;Simulation RF;Détection RF large bande;2,45 GHz;2,45 GHz;;3034;2.44478335532507;-53.791334213002784;-70.49133421300279;8.93031090025265e-11;0.1;8.93031090025265e-12;1.575608501097422e-08;;;;VERT;True
1787665614.3589404;39.82905660399956;BLE Sniffer;iBeacon;2,4 GHz BLE;6a:02:42:35:15:d4;-71.0;;;;-71.0;7.943282347242822e-11;0.000368;2.923127903785358e-14;2.2419444181101102e-11;36;0x00;37;VERT;False
1787665614.3590348;39.82914873399932;BLE Sniffer;iBeacon;2,4 GHz BLE;6a:02:42:35:15:d4;-65.0;;;;-65.0;3.1622776601683795e-10;0.000368;1.1637181789419636e-13;2.2535815998995298e-11;36;0x00;38;ORANGE;False
1787665614.3590748;39.829188789999534;BLE Sniffer;iBeacon;2,4 GHz BLE;6a:02:42:35:15:d4;-63.0;;;;-63.0;5.011872336272714e-10;0.000368;1.8443690197483588e-13;2.2720252900970135e-11;36;0x00;39;ORANGE;False
1787665614.3593142;39.829428218999965;BLE Sniffer;Appareil BLE;2,4 GHz BLE;57:10:3b:9d:cc:43;-86.0;;;;-86.0;2.5118864315095823e-12;0.00028;7.03328200822683e-16;1.5013641723560565e-12;25;0x00;37;VERT;False
1787665614.3593833;39.82949722000012;BLE Sniffer;Appareil BLE;2,4 GHz BLE;57:10:3b:9d:cc:43;-70.0;;;;-70.0;1e-10;0.00028;2.7999999999999997e-14;1.5293641723560566e-12;25;0x00;38;ORANGE;False
1787665614.3745747;39.84469087399975;BLE Sniffer;Appareil BLE;2,4 GHz BLE;57:10:3b:9d:cc:43;-77.0;;;;-77.0;1.9952623149688828e-11;0.00028;5.586734481912872e-15;1.5349509068379695e-12;25;0x00;39;VERT;False
1787665614.376957;39.847072810999634;Wi-Fi;Wi-Fi;2,4/5 GHz;wlan0;-51.0;;;;-51.0;7.943282347242822e-09;0.1;7.943282347242823e-10;9.187095669298264e-07;;;;ORANGE;False
1787665614.4287605;39.89720486499937;Simulation RF;Détection RF large bande;868 MHz;868 MHz;;2532;2.0403776583645916;-37.61510633458366;-70.61510633458366;8.67939326021505e-11;0.1;8.67939326021505e-12;4.313316677368759e-09;;;;VERT;True
1787665614.429052;39.89720486499937;Simulation RF;Détection RF large bande;2,45 GHz;2,45 GHz;;3108;2.504729961157788;-56.18919844631151;-72.88919844631151;5.141385345772327e-11;0.1;5.141385345772327e-12;1.5761226396319993e-08;;;;VERT;True
1787665614.444494;39.91461093499947;Wi-Fi;Wi-Fi;2,4/5 GHz;wlan0;-51.0;;;;-51.0;7.943282347242822e-09;0.1;7.943282347242823e-10;9.195038951645506e-07;;;;ORANGE;False
1787665614.5273523;39.99728856399997;Simulation RF;Détection RF large bande;868 MHz;868 MHz;;2558;2.061767480776391;-38.47069923105563;-71.47069923105563;7.127382672470503e-11;0.1;7.127382672470504e-12;4.32044406004123e-09;;;;VERT;True
1787665614.5275097;39.99728856399997;Simulation RF;Détection RF large bande;2,45 GHz;2,45 GHz;;3036;2.4469235366285496;-53.87694146514197;-70.57694146514197;8.756002028037136e-11;0.1;8.756002028037136e-12;1.576998239834803e-08;;;;VERT;True
1787665614.5372698;40.00738441299927;Wi-Fi;Wi-Fi;2,4/5 GHz;wlan0;-51.0;;;;-51.0;7.943282347242822e-09;0.1;7.943282347242823e-10;9.202982233992749e-07;;;;ORANGE;False
1787665614.5846565;40.05477600699942;BLE Sniffer;Appareil BLE;2,4 GHz BLE;d3:23:2f:4d:3e:b1;-74.0;;;;-74.0;3.9810717055349695e-11;0.000376;1.4968829612811484e-14;4.614790900436702e-13;37;0x00;37;VERT;False
1787665614.591051;40.06116693900003;BLE Sniffer;iBeacon;2,4 GHz BLE;6a:02:42:35:15:d4;-66.0;;;;-66.0;2.511886431509582e-10;0.000368;9.243742067955262e-14;2.2812690321649687e-11;36;0x00;38;ORANGE;False
1787665614.5911453;40.06125905099998;BLE Sniffer;iBeacon;2,4 GHz BLE;6a:02:42:35:15:d4;-64.0;;;;-64.0;3.9810717055349694e-10;0.000368;1.4650343876368688e-13;2.2959193760413372e-11;36;0x00;39;ORANGE;False
1787665614.6274548;40.09737496699927;Simulation RF;Détection RF large bande;868 MHz;868 MHz;;2541;2.048016169447361;-37.92064677789443;-70.92064677789443;8.089754126424292e-11;0.1;8.089754126424293e-12;4.328533814167654e-09;;;;VERT;True
1787665614.627613;40.09737496699927;Simulation RF;Détection RF large bande;2,45 GHz;2,45 GHz;;3054;2.4613133583750844;-54.452534335003364;-71.15253433500337;7.669138245071608e-11;0.1;7.669138245071607e-12;1.57776515365931e-08;;;;VERT;True
1787665614.6364455;40.106560470999284;Wi-Fi;Wi-Fi;2,4/5 GHz;wlan0;-51.0;;;;-51.0;7.943282347242822e-09;0.1;7.943282347242823e-10;9.210925516339992e-07;;;;ORANGE;False
