timestamp_epoch;elapsed_s;source;technology;band;device;rssi_dbm;adc_code;voltage_v;power_detector_dbm;power_antenna_dbm;power_w;duration_s;energy_j;cumulative_energy_j;packet_length_bytes;pdu_type;channel;alert_level;simulated
1787663982.716133;1.9749552510002104;Simulation LoRa;LoRa;868 MHz;LoRa 868.100 MHz;-81.07390880427013;;;;-81.07390880427013;7.809246283491211e-12;0.041216;3.218658948203738e-13;3.218658948203738e-13;12;"SNR=6.08;SF=7;BW=125.0;CR=4/5;F=868.100;CRC=OK;PAYLOAD=54454d504f5f4c4f52415f31";7;VERT;True
1787663982.72881;1.987288782000178;Simulation RF;Détection RF large bande;868 MHz;868 MHz;;2474;1.994084463190398;-35.76337852761591;-68.76337852761591;1.3294198137558403e-10;0.1;1.3294198137558404e-11;1.3294198137558404e-11;;;;ORANGE;True
1787663982.7696097;1.987288782000178;Simulation RF;Détection RF large bande;2,45 GHz;2,45 GHz;;2870;2.312882388332008;-48.51529553328032;-65.21529553328033;3.0093343795520026e-10;0.1;3.009334379552003e-11;3.009334379552003e-11;;;;ORANGE;True
1787663982.790311;2.0491314020000573;Wi-Fi;Wi-Fi;2,4/5 GHz;wlan0;-41.0;;;;-41.0;7.943282347242822e-08;0.1;7.943282347242822e-09;7.943282347242822e-09;;;;ROUGE;False
1787663982.8289068;2.0874171700006627;Simulation RF;Détection RF large bande;868 MHz;868 MHz;;2543;2.049397210610976;-37.97588842443905;-70.97588842443905;7.987505267250881e-11;0.1;7.987505267250881e-12;2.1281703404809284e-11;;;;VERT;True
1787663982.8291218;2.0874171700006627;Simulation RF;Détection RF large bande;2,45 GHz;2,45 GHz;;2821;2.2735837278791053;-46.94334911516421;-63.64334911516421;4.321804212623855e-10;0.1;4.3218042126238555e-11;7.331138592175858e-11;;;;ORANGE;True
1787663982.8391457;2.0979657040006714;Wi-Fi;Wi-Fi;2,4/5 GHz;wlan0;-41.0;;;;-41.0;7.943282347242822e-08;0.1;7.943282347242822e-09;1.5886564694485644e-08;;;;ROUGE;False
1787663982.938624;2.187536555999941;Simulation RF;Détection RF large bande;868 MHz;868 MHz;;2492;2.0082547386733616;-36.33018954693446;-69.33018954693446;1.1667586930062136e-10;0.1;1.1667586930062138e-11;3.294929033487142e-11;;;;ORANGE;True
1787663982.9389164;2.187536555999941;Simulation RF;Détection RF large bande;2,45 GHz;2,45 GHz;;2849;2.2960380313994384;-47.84152125597754;-64.54152125597754;3.5143731675237014e-10;0.1;3.514373167523702e-11;1.084551175969956e-10;;;;ORANGE;True
1787663982.9490201;2.2078399160000117;Wi-Fi;Wi-Fi;2,4/5 GHz;wlan0;-41.0;;;;-41.0;7.943282347242822e-08;0.1;7.943282347242822e-09;2.3829847041728466e-08;;;;ROUGE;False
1787663983.0291634;2.2876635630000237;Simulation RF;Détection RF large bande;868 MHz;868 MHz;;2526;2.035346461229817;-37.413858449192674;-70.41385844919267;9.091052275966298e-11;0.1;9.091052275966299e-12;4.204034261083772e-11;;;;VERT;True
1787663983.0294194;2.2876635630000237;Simulation RF;Détection RF large bande;2,45 GHz;2,45 GHz;;2808;2.262470949155305;-46.49883796621219;-63.19883796621219;4.787581756342104e-10;0.1;4.787581756342104e-11;1.5633093516041663e-10;;;;ORANGE;True
1787663983.040145;2.298964888000228;Wi-Fi;Wi-Fi;2,4/5 GHz;wlan0;-41.0;;;;-41.0;7.943282347242822e-08;0.1;7.943282347242822e-09;3.177312938897129e-08;;;;ROUGE;False
1787663983.1305797;2.3877781280007184;Simulation RF;Détection RF large bande;868 MHz;868 MHz;;2481;1.999286042250293;-35.971441690011716;-68.97144169001172;1.2672311242175103e-10;0.1;1.2672311242175104e-11;5.471265385301283e-11;;;;ORANGE;True
1787663983.1309116;2.3877781280007184;Simulation RF;Détection RF large bande;2,45 GHz;2,45 GHz;;2858;2.3030572488307164;-48.12228995322866;-64.82228995322866;3.294359609792494e-10;0.1;3.294359609792494e-11;1.8927453125834158e-10;;;;ORANGE;True
1787663983.1417284;2.4005473550005263;Wi-Fi;Wi-Fi;2,4/5 GHz;wlan0;-41.0;;;;-41.0;7.943282347242822e-08;0.1;7.943282347242822e-09;3.971641173621411e-08;;;;ROUGE;False
1787663983.229704;2.4879122880001887;Simulation RF;Détection RF large bande;868 MHz;868 MHz;;2463;1.984737035376825;-35.38948141507299;-68.38948141507299;1.4489448596812736e-10;0.1;1.4489448596812736e-11;6.920210244982556e-11;;;;ORANGE;True
1787663983.2311697;2.4879122880001887;Simulation RF;Détection RF large bande;2,45 GHz;2,45 GHz;;2855;2.300533777124382;-48.02135108497528;-64.72135108497528;3.371823952977826e-10;0.1;3.371823952977826e-11;2.2299277078811983e-10;;;;ORANGE;True
1787663983.2490292;2.5078487240007235;Wi-Fi;Wi-Fi;2,4/5 GHz;wlan0;-41.0;;;;-41.0;7.943282347242822e-08;0.1;7.943282347242822e-09;4.765969408345693e-08;;;;ROUGE;False
1787663983.3407922;2.5973851819999254;Simulation RF;Détection RF large bande;868 MHz;868 MHz;;2505;2.018818815090064;-36.752752603602545;-69.75275260360254;1.0585825718621324e-10;0.1;1.0585825718621325e-11;7.978792816844689e-11;;;;ORANGE;True
1787663983.3412058;2.5973851819999254;Simulation RF;Détection RF large bande;2,45 GHz;2,45 GHz;;2806;2.2611417345611113;-46.44566938244445;-63.14566938244445;4.846554064429477e-10;0.1;4.846554064429477e-11;2.714583114324146e-10;;;;ORANGE;True
1787663983.363733;2.622555904999899;Wi-Fi;Wi-Fi;2,4/5 GHz;wlan0;-41.0;;;;-41.0;7.943282347242822e-08;0.1;7.943282347242822e-09;5.5602976430699754e-08;;;;ROUGE;False
1787663983.4412403;2.6975499200007107;Simulation RF;Détection RF large bande;868 MHz;868 MHz;;2549;2.053958925301861;-38.15835701207445;-71.15835701207445;7.658862960499162e-11;0.1;7.658862960499163e-12;8.744679112894605e-11;;;;VERT;True
1787663983.4519954;2.6975499200007107;Simulation RF;Détection RF large bande;2,45 GHz;2,45 GHz;;2849;2.295951473830548;-47.83805895322193;-64.53805895322193;3.517176029623786e-10;0.1;3.517176029623786e-11;3.0663007172865244e-10;;;;ORANGE;True
1787663983.4765422;2.735361224999906;Wi-Fi;Wi-Fi;2,4/5 GHz;wlan0;-41.0;;;;-41.0;7.943282347242822e-08;0.1;7.943282347242822e-09;6.354625877794258e-08;;;;ROUGE;False
1787663983.5391822;2.7976798760000747;Simulation RF;Détection RF large bande;868 MHz;868 MHz;;2459;1.9812852076891219;-35.25140830756487;-68.25140830756487;1.4957505432347086e-10;0.1;1.4957505432347086e-11;1.0240429656129314e-10;;;;ORANGE;True
1787663983.5395694;2.7976798760000747;Simulation RF;Détection RF large bande;2,45 GHz;2,45 GHz;;2825;2.2764672947886146;-47.058691791544575;-63.75869179154457;4.208533813276851e-10;0.1;4.2085338132768515e-11;3.4871540986142097e-10;;;;ORANGE;True
1787663983.565631;2.8244496650004294;Wi-Fi;Wi-Fi;2,4/5 GHz;wlan0;-41.0;;;;-41.0;7.943282347242822e-08;0.1;7.943282347242822e-09;7.14895411251854e-08;;;;ROUGE;False
1787663983.6392736;2.897793885000283;Simulation RF;Détection RF large bande;868 MHz;868 MHz;;2487;2.0040086560865027;-36.16034624346011;-69.16034624346011;1.2132921162847055e-10;0.1;1.2132921162847056e-11;1.145372177241402e-10;;;;ORANGE;True
1787663983.6395257;2.897793885000283;Simulation RF;Détection RF large bande;2,45 GHz;2,45 GHz;;2889;2.328213490486824;-49.128539619472946;-65.82853961947295;2.6130398806503606e-10;0.1;2.6130398806503606e-11;3.748458086679246e-10;;;;ORANGE;True
1787663983.650725;2.909542913000223;Wi-Fi;Wi-Fi;2,4/5 GHz;wlan0;-41.0;;;;-41.0;7.943282347242822e-08;0.1;7.943282347242822e-09;7.943282347242822e-08;;;;ROUGE;False
1787663983.739999;2.9984791870001573;Simulation RF;Détection RF large bande;868 MHz;868 MHz;;2495;2.010260104155812;-36.41040416623248;-69.41040416623248;1.1454063418623513e-10;0.1;1.1454063418623514e-11;1.259912811427637e-10;;;;ORANGE;True
1787663983.74023;2.9984791870001573;Simulation RF;Détection RF large bande;2,45 GHz;2,45 GHz;;2851;2.297313763222059;-47.89255052888235;-64.59255052888236;3.473321199869904e-10;0.1;3.473321199869904e-11;4.0957902066662364e-10;;;;ORANGE;True
1787663983.7510679;3.0098868580007547;Wi-Fi;Wi-Fi;2,4/5 GHz;wlan0;-41.0;;;;-41.0;7.943282347242822e-08;0.1;7.943282347242822e-09;8.737610581967104e-08;;;;ROUGE;False
1787663983.767965;3.0267844230002083;Simulation LoRa;LoRa;868 MHz;LoRa 868.100 MHz;-85.55326971114316;;;;-85.55326971114316;2.784024346455155e-12;0.041216;1.1474634746349566e-13;4.366122422838695e-13;12;"SNR=9.52;SF=7;BW=125.0;CR=4/5;F=868.100;CRC=OK;PAYLOAD=54454d504f5f4c4f52415f32";7;VERT;True
1787663983.8399408;3.098567007999918;Simulation RF;Détection RF large bande;868 MHz;868 MHz;;2521;2.031232929792322;-37.24931719169287;-70.24931719169287;9.442093154929745e-11;0.1;9.442093154929746e-12;1.3543337429769345e-10;;;;VERT;True
1787663983.8400898;3.098567007999918;Simulation RF;Détection RF large bande;2,45 GHz;2,45 GHz;;2838;2.287099653629499;-47.483986145179955;-64.18398614517996;3.815938664740091e-10;0.1;3.8159386647400915e-11;4.4773840731402455e-10;;;;ORANGE;True
1787663983.8496127;3.108431195000776;Wi-Fi;Wi-Fi;2,4/5 GHz;wlan0;-41.0;;;;-41.0;7.943282347242822e-08;0.1;7.943282347242822e-09;9.531938816691386e-08;;;;ROUGE;False
1787663983.940052;3.198656385000504;Simulation RF;Détection RF large bande;868 MHz;868 MHz;;2416;1.9471173597409785;-33.88469438963914;-66.88469438963914;2.0489462279728395e-10;0.1;2.0489462279728396e-11;1.5592283657742185e-10;;;;ORANGE;True
1787663983.9402149;3.198656385000504;Simulation RF;Détection RF large bande;2,45 GHz;2,45 GHz;;2802;2.257815771837575;-46.312630873503;-63.01263087350299;4.997317152813404e-10;0.1;4.997317152813405e-11;4.977115788421586e-10;;;;ORANGE;True
1787663983.951521;3.2103396640004576;Wi-Fi;Wi-Fi;2,4/5 GHz;wlan0;-40.0;;;;-40.0;1e-07;0.1;1e-08;1.0531938816691386e-07;;;;ROUGE;False
1787663984.0403259;3.2988021240007583;Simulation RF;Détection RF large bande;868 MHz;868 MHz;;2553;2.0570853042565496;-38.28341217026198;-71.28341217026198;7.441470817662297e-11;0.1;7.441470817662298e-12;1.6336430739508416e-10;;;;VERT;True
1787663984.040677;3.2988021240007583;Simulation RF;Détection RF large bande;2,45 GHz;2,45 GHz;;2835;2.284886970798747;-47.39547883194987;-64.09547883194988;3.894503664352879e-10;0.1;3.894503664352879e-11;5.366566154856874e-10;;;;ORANGE;True
1787663984.0521843;3.311004091000541;Wi-Fi;Wi-Fi;2,4/5 GHz;wlan0;-40.0;;;;-40.0;1e-07;0.1;1e-08;1.1531938816691386e-07;;;;ROUGE;False
1787663984.14031;3.3989069780000136;Simulation RF;Détection RF large bande;868 MHz;868 MHz;;2472;1.9921032409958706;-35.68412963983482;-68.68412963983482;1.3539013959311582e-10;0.1;1.3539013959311582e-11;1.7690332135439574e-10;;;;ORANGE;True
1787663984.1405232;3.3989069780000136;Simulation RF;Détection RF large bande;2,45 GHz;2,45 GHz;;2802;2.2582901329566054;-46.33160531826421;-63.03160531826421;4.975531363428302e-10;0.1;4.9755313634283024e-11;5.864119291199704e-10;;;;ORANGE;True
1787663984.1512525;3.410073392999948;Wi-Fi;Wi-Fi;2,4/5 GHz;wlan0;-40.0;;;;-40.0;1e-07;0.1;1e-08;1.2531938816691387e-07;;;;ROUGE;False
1787663984.2404685;3.499022463000074;Simulation RF;Détection RF large bande;868 MHz;868 MHz;;2459;1.981706052235836;-35.26824208943344;-68.26824208943344;1.4899640541793346e-10;0.1;1.4899640541793346e-11;1.9180296189618908e-10;;;;ORANGE;True
1787663984.2406282;3.499022463000074;Simulation RF;Détection RF large bande;2,45 GHz;2,45 GHz;;2800;2.2563534174599265;-46.25413669839705;-62.95413669839704;5.065080244690314e-10;0.1;5.0650802446903136e-11;6.370627315668735e-10;;;;ORANGE;True
1787663984.2502387;3.5090575180001906;Wi-Fi;Wi-Fi;2,4/5 GHz;wlan0;-40.0;;;;-40.0;1e-07;0.1;1e-08;1.3531938816691388e-07;;;;ROUGE;False
1787663984.3407528;3.59921327200027;Simulation RF;Détection RF large bande;868 MHz;868 MHz;;2470;1.9906840426686838;-35.62736170674735;-68.62736170674735;1.3717148154131066e-10;0.1;1.3717148154131067e-11;2.0552011005032014e-10;;;;ORANGE;True
1787663984.3410883;3.59921327200027;Simulation RF;Détection RF large bande;2,45 GHz;2,45 GHz;;2875;2.3171887858084195;-48.687551432336775;-65.38755143233678;2.892310117439282e-10;0.1;2.892310117439282e-11;6.659858327412662e-10;;;;ORANGE;True
1787663984.355556;3.6143748960002995;Wi-Fi;Wi-Fi;2,4/5 GHz;wlan0;-39.0;;;;-39.0;1.2589254117941662e-07;0.1;1.2589254117941663e-08;1.4790864228485554e-07;;;;ROUGE;False
1787663984.4407322;3.6993226829999912;Simulation RF;Détection RF large bande;868 MHz;868 MHz;;2500;2.014680365703625;-36.58721462814499;-69.58721462814499;1.099710919029596e-10;0.1;1.099710919029596e-11;2.165172192406161e-10;;;;ORANGE;True
1787663984.4408941;3.6993226829999912;Simulation RF;Détection RF large bande;2,45 GHz;2,45 GHz;;2845;2.2928022433591844;-47.71208973436737;-64.41208973436737;3.6206873657834056e-10;0.1;3.620687365783406e-11;7.021927063991003e-10;;;;ORANGE;True
1787663984.4500697;3.7088883470005385;Wi-Fi;Wi-Fi;2,4/5 GHz;wlan0;-39.0;;;;-39.0;1.2589254117941662e-07;0.1;1.2589254117941663e-08;1.604978964027972e-07;;;;ROUGE;False
1787663984.540843;3.7994286110006215;Simulation RF;Détection RF large bande;868 MHz;868 MHz;;2390;1.9262589896869802;-33.05035958747921;-66.0503595874792;2.4829275151610525e-10;0.1;2.4829275151610527e-11;2.413464943922266e-10;;;;ORANGE;True
1787663984.5410829;3.7994286110006215;Simulation RF;Détection RF large bande;2,45 GHz;2,45 GHz;;2820;2.2722425977971157;-46.889703911884624;-63.58970391188463;4.375519350356823e-10;0.1;4.375519350356823e-11;7.459478999026685e-10;;;;ORANGE;True
1787663984.5509143;3.8097326070001145;Wi-Fi;Wi-Fi;2,4/5 GHz;wlan0;-39.0;;;;-39.0;1.2589254117941662e-07;0.1;1.2589254117941663e-08;1.7308715052073887e-07;;;;ROUGE;False
1787663984.6409504;3.89954063300047;Simulation RF;Détection RF large bande;868 MHz;868 MHz;;2516;2.027155750540175;-37.086230021606994;-70.086230021607;9.8034062004492e-11;0.1;9.8034062004492e-12;2.511499005926758e-10;;;;VERT;True
1787663984.6411173;3.89954063300047;Simulation RF;Détection RF large bande;2,45 GHz;2,45 GHz;;2843;2.2910731590176145;-47.64292636070458;-64.34292636070458;3.6788100473121134e-10;0.1;3.6788100473121136e-11;7.827360003757896e-10;;;;ORANGE;True
1787663984.6505363;3.909355902000243;Wi-Fi;Wi-Fi;2,4/5 GHz;wlan0;-39.0;;;;-39.0;1.2589254117941662e-07;0.1;1.2589254117941663e-08;1.8567640463868053e-07;;;;ROUGE;False
1787663984.74108;3.999650377000762;Simulation RF;Détection RF large bande;868 MHz;868 MHz;;2389;1.924848716061501;-32.99394864246004;-65.99394864246004;2.5153888747451705e-10;0.1;2.5153888747451705e-11;2.763037893401275e-10;;;;ORANGE;True
1787663984.7413137;3.999650377000762;Simulation RF;Détection RF large bande;2,45 GHz;2,45 GHz;;2830;2.2808169039367696;-47.23267615747078;-63.93267615747078;4.0432666557973963e-10;0.1;4.043266655797397e-11;8.231686669337635e-10;;;;ORANGE;True
1787663984.7530286;4.011850122000396;Wi-Fi;Wi-Fi;2,4/5 GHz;wlan0;-38.0;;;;-38.0;1.584893192461114e-07;0.1;1.5848931924611143e-08;2.0152533656329168e-07;;;;ROUGE;False
1787663984.7832239;4.042042446000778;Simulation LoRa;LoRa;868 MHz;LoRa 868.100 MHz;-90.84602654008916;;;;-90.84602654008916;8.229952828708414e-13;0.041216;3.39205735788046e-14;4.705328158626741e-13;12;"SNR=7.60;SF=7;BW=125.0;CR=4/5;F=868.100;CRC=OK;PAYLOAD=54454d504f5f4c4f52415f33";7;VERT;True
1787663984.8412633;4.099856132000241;Simulation RF;Détection RF large bande;868 MHz;868 MHz;;2439;1.9653092973869066;-34.61237189547626;-67.61237189547626;1.7328573407639195e-10;0.1;1.7328573407639194e-11;2.9363236274776673e-10;;;;ORANGE;True
1787663984.8414388;4.099856132000241;Simulation RF;Détection RF large bande;2,45 GHz;2,45 GHz;;2825;2.2767315579648897;-47.06926231859559;-63.769262318595594;4.198302892249563e-10;0.1;4.1983028922495636e-11;8.651516958562592e-10;;;;ORANGE;True
1787663984.8509686;4.109787286000028;Wi-Fi;Wi-Fi;2,4/5 GHz;wlan0;-38.0;;;;-38.0;1.584893192461114e-07;0.1;1.5848931924611143e-08;2.1737426848790283e-07;;;;ROUGE;False
1787663984.9437556;4.199981767000281;Simulation RF;Détection RF large bande;868 MHz;868 MHz;;2453;1.976504231790245;-35.060169271609794;-68.0601692716098;1.563086718228508e-10;0.1;1.5630867182285082e-11;3.092632299300518e-10;;;;ORANGE;True
1787663984.9443357;4.199981767000281;Simulation RF;Détection RF large bande;2,45 GHz;2,45 GHz;;2848;2.294922941492616;-47.79691765970463;-64.49691765970464;3.5506530212845813e-10;0.1;3.5506530212845813e-11;9.00658226069105e-10;;;;ORANGE;True
1787663984.9542313;4.213049951000357;Wi-Fi;Wi-Fi;2,4/5 GHz;wlan0;-38.0;;;;-38.0;1.584893192461114e-07;0.1;1.5848931924611143e-08;2.3322320041251397e-07;;;;ROUGE;False
1787663985.0414436;4.300068565999936;Simulation RF;Détection RF large bande;868 MHz;868 MHz;;2399;1.9335322449698833;-33.34128979879533;-66.34128979879533;2.3220470758047551e-10;0.1;2.3220470758047553e-11;3.3248370068809936e-10;;;;ORANGE;True
1787663985.0415983;4.300068565999936;Simulation RF;Détection RF large bande;2,45 GHz;2,45 GHz;;2800;2.2562037327109055;-46.24814930843621;-62.948149308436214;5.072068020574016e-10;0.1;5.072068020574017e-11;9.513789062748452e-10;;;;ORANGE;True
1787663985.050138;4.308956774000762;Wi-Fi;Wi-Fi;2,4/5 GHz;wlan0;-38.0;;;;-38.0;1.584893192461114e-07;0.1;1.5848931924611143e-08;2.490721323371251e-07;;;;ROUGE;False
1787663985.1415734;4.400161302000015;Simulation RF;Détection RF large bande;868 MHz;868 MHz;;2476;1.9957079122534467;-35.828316490137865;-68.82831649013787;1.3096895158912753e-10;0.1;1.3096895158912753e-11;3.455805958470121e-10;;;;ORANGE;True
1787663985.141757;4.400161302000015;Simulation RF;Détection RF large bande;2,45 GHz;2,45 GHz;;2830;2.2802065497426924;-47.208261989707694;-63.9082619897077;4.0660601694639795e-10;0.1;4.06606016946398e-11;9.920395079694851e-10;;;;ORANGE;True
1787663985.1510937;4.409912282000732;Wi-Fi;Wi-Fi;2,4/5 GHz;wlan0;-38.0;;;;-38.0;1.584893192461114e-07;0.1;1.5848931924611143e-08;2.649210642617362e-07;;;;ROUGE;False
1787663985.2416363;4.500254649999988;Simulation RF;Détection RF large bande;868 MHz;868 MHz;;2412;1.9440195904049167;-33.76078361619666;-66.76078361619666;2.1082477154175256e-10;0.1;2.1082477154175256e-11;3.6666307300118733e-10;;;;ORANGE;True
1787663985.2418003;4.500254649999988;Simulation RF;Détection RF large bande;2,45 GHz;2,45 GHz;;2811;2.2655296762378327;-46.62118704951331;-63.321187049513306;4.65458853080137e-10;0.1;4.65458853080137e-11;1.0385853932774988e-09;;;;ORANGE;True
1787663985.250352;4.509170139000162;Wi-Fi;Wi-Fi;2,4/5 GHz;wlan0;-38.0;;;;-38.0;1.584893192461114e-07;0.1;1.5848931924611143e-08;2.8076999618634733e-07;;;;ROUGE;False
1787663985.3417861;4.600378778000049;Simulation RF;Détection RF large bande;868 MHz;868 MHz;;2379;1.917341959418558;-32.69367837674231;-65.69367837674231;2.6954554750893276e-10;0.1;2.6954554750893276e-11;3.936176277520806e-10;;;;ORANGE;True
1787663985.341996;4.600378778000049;Simulation RF;Détection RF large bande;2,45 GHz;2,45 GHz;;2839;2.287554436634136;-47.502177465365435;-64.20217746536544;3.7999882476635903e-10;0.1;3.799988247663591e-11;1.0765852757541348e-09;;;;ORANGE;True
1787663985.3514524;4.610271386000022;Wi-Fi;Wi-Fi;2,4/5 GHz;wlan0;-38.0;;;;-38.0;1.584893192461114e-07;0.1;1.5848931924611143e-08;2.9661892811095845e-07;;;;ROUGE;False
1787663985.4418457;4.700466217000212;Simulation RF;Détection RF large bande;868 MHz;868 MHz;;2406;1.9389682419473215;-33.558729677892856;-66.55872967789286;2.2086506743326145e-10;0.1;2.2086506743326145e-11;4.1570413449540673e-10;;;;ORANGE;True
1787663985.4419994;4.700466217000212;Simulation RF;Détection RF large bande;2,45 GHz;2,45 GHz;;2796;2.2534181709682324;-46.13672683872929;-62.836726838729284;5.203880513203971e-10;0.1;5.203880513203971e-11;1.1286240808861745e-09;;;;ORANGE;True
1787663985.4505813;4.709400061000451;Wi-Fi;Wi-Fi;2,4/5 GHz;wlan0;-38.0;;;;-38.0;1.584893192461114e-07;0.1;1.5848931924611143e-08;3.1246786003556957e-07;;;;ROUGE;False
1787663985.5420156;4.80057928900078;Simulation RF;Détection RF large bande;868 MHz;868 MHz;;2393;1.9284415786881444;-33.13766314752577;-66.13766314752577;2.4335130819751e-10;0.1;2.4335130819751002e-11;4.400392653151577e-10;;;;ORANGE;True
1787663985.5422359;4.80057928900078;Simulation RF;Détection RF large bande;2,45 GHz;2,45 GHz;;2851;2.297768611407784;-47.91074445631136;-64.61074445631137;3.4588008287948405e-10;0.1;3.458800828794841e-11;1.1632120891741228e-09;;;;ORANGE;True
1787663985.551639;4.810458431999905;Wi-Fi;Wi-Fi;2,4/5 GHz;wlan0;-38.0;;;;-38.0;1.584893192461114e-07;0.1;1.5848931924611143e-08;3.283167919601807e-07;;;;ROUGE;False
1787663985.642042;4.900665191000371;Simulation RF;Détection RF large bande;868 MHz;868 MHz;;2416;1.947319126981173;-33.892765079246914;-66.89276507924691;2.045142114852648e-10;0.1;2.045142114852648e-11;4.604906864636842e-10;;;;ORANGE;True
1787663985.6422005;4.900665191000371;Simulation RF;Détection RF large bande;2,45 GHz;2,45 GHz;;2817;2.2703527468231197;-46.81410987292479;-63.51410987292479;4.452347085780571e-10;0.1;4.452347085780571e-11;1.2077355600319284e-09;;;;ORANGE;True
1787663985.6507215;4.90954002700073;Wi-Fi;Wi-Fi;2,4/5 GHz;wlan0;-38.0;;;;-38.0;1.584893192461114e-07;0.1;1.5848931924611143e-08;3.441657238847918e-07;;;;ROUGE;False
1787663985.6947587;4.953578592000667;BLE Sniffer;iBeacon;2,4 GHz BLE;6b:c0:f9:52:88:a7;-62.0;;;;-62.0;6.309573444801942e-10;0.000368;2.321923027687115e-13;2.321923027687115e-13;36;0x00;39;ORANGE;False
1787663985.695533;4.954350814999998;BLE Sniffer;Appareil BLE;2,4 GHz BLE;7f:a1:17:cb:99:7f;-79.0;;;;-79.0;1.2589254117941662e-11;0.00028;3.524991153023665e-15;3.524991153023665e-15;25;0x00;37;VERT;False
1787663985.7422044;5.000787227000728;Simulation RF;Détection RF large bande;868 MHz;868 MHz;;2457;1.9801908499664531;-35.207633998658125;-68.20763399865812;1.5109030577991622e-10;0.1;1.5109030577991622e-11;4.755997170416758e-10;;;;ORANGE;True
1787663985.7424223;5.000787227000728;Simulation RF;Détection RF large bande;2,45 GHz;2,45 GHz;;2828;2.278860473850673;-47.15441895402691;-63.85441895402691;4.116784223954894e-10;0.1;4.1167842239548946e-11;1.2489034022714774e-09;;;;ORANGE;True
1787663985.7524676;5.011287186000118;Wi-Fi;Wi-Fi;2,4/5 GHz;wlan0;-38.0;;;;-38.0;1.584893192461114e-07;0.1;1.5848931924611143e-08;3.6001465580940293e-07;;;;ROUGE;False
1787663985.7963898;5.055209607000506;Simulation LoRa;LoRa;868 MHz;LoRa 868.100 MHz;-88.45179928568736;;;;-88.45179928568736;1.4283020891580198e-12;0.041216;5.886889890673695e-14;5.29401714769411e-13;12;"SNR=9.25;SF=7;BW=125.0;CR=4/5;F=868.100;CRC=OK;PAYLOAD=54454d504f5f4c4f52415f34";7;VERT;True
1787663985.8423755;5.100907374000599;Simulation RF;Détection RF large bande;868 MHz;868 MHz;;2458;1.9804584506041512;-35.218338024166044;-68.21833802416604;1.507183731055997e-10;0.1;1.507183731055997e-11;4.906715543522357e-10;;;;ORANGE;True
1787663985.8426642;5.100907374000599;Simulation RF;Détection RF large bande;2,45 GHz;2,45 GHz;;2831;2.281782748102216;-47.27130992408864;-63.971309924088644;4.0074582597239817e-10;0.1;4.007458259723982e-11;1.2889779848687172e-09;;;;ORANGE;True
1787663985.8556926;5.114511671999935;Wi-Fi;Wi-Fi;2,4/5 GHz;wlan0;-38.0;;;;-38.0;1.584893192461114e-07;0.1;1.5848931924611143e-08;3.7586358773401405e-07;;;;ROUGE;False
1787663985.9424746;5.201022742000532;Simulation RF;Détection RF large bande;868 MHz;868 MHz;;2426;1.955224351227398;-34.208974049095914;-67.20897404909591;1.9015274321590094e-10;0.1;1.9015274321590094e-11;5.096868286738259e-10;;;;ORANGE;True
1787663985.9428592;5.201022742000532;Simulation RF;Détection RF large bande;2,45 GHz;2,45 GHz;;2886;2.325678006909037;-49.02712027636147;-65.72712027636148;2.674779415842782e-10;0.1;2.6747794158427823e-11;1.315725779027145e-09;;;;ORANGE;True
1787663985.9540775;5.212895534000381;Wi-Fi;Wi-Fi;2,4/5 GHz;wlan0;-38.0;;;;-38.0;1.584893192461114e-07;0.1;1.5848931924611143e-08;3.9171251965862517e-07;;;;ROUGE;False
1787663985.9995792;5.2583984250004505;BLE Sniffer;iBeacon;2,4 GHz BLE;6b:c0:f9:52:88:a7;-58.0;;;;-58.0;1.584893192461111e-09;0.000368;5.832406948256889e-13;8.154329975944004e-13;36;0x00;38;ORANGE;False
1787663985.9996748;5.25849241800006;BLE Sniffer;iBeacon;2,4 GHz BLE;6b:c0:f9:52:88:a7;-62.0;;;;-62.0;6.309573444801942e-10;0.000368;2.321923027687115e-13;1.0476253003631119e-12;36;0x00;39;ORANGE;False
1787663986.0425746;5.301141427999937;Simulation RF;Détection RF large bande;868 MHz;868 MHz;;2389;1.925359796600857;-33.01439186403428;-66.01439186403428;2.5035761958108456e-10;0.1;2.5035761958108457e-11;5.347225906319343e-10;;;;ORANGE;True
1787663986.042786;5.301141427999937;Simulation RF;Détection RF large bande;2,45 GHz;2,45 GHz;;2721;2.192446073141253;-43.69784292565011;-60.39784292565011;9.12463933721381e-10;0.1;9.124639337213811e-11;1.4069721723992832e-09;;;;ORANGE;True
1787663986.0555189;5.314338079000663;Wi-Fi;Wi-Fi;2,4/5 GHz;wlan0;-38.0;;;;-38.0;1.584893192461114e-07;0.1;1.5848931924611143e-08;4.075614515832363e-07;;;;ROUGE;False
1787663986.1426754;5.401253661000737;Simulation RF;Détection RF large bande;868 MHz;868 MHz;;2326;1.874747811237228;-30.98991244948912;-63.98991244948912;3.9903294648603633e-10;0.1;3.9903294648603635e-11;5.74625885280538e-10;;;;ORANGE;True
1787663986.1428938;5.401253661000737;Simulation RF;Détection RF large bande;2,45 GHz;2,45 GHz;;2813;2.2670110698451995;-46.680442793807984;-63.38044279380798;4.591511967523713e-10;0.1;4.591511967523713e-11;1.4528872920745202e-09;;;;ORANGE;True
1787663986.1542733;5.413092666000011;Wi-Fi;Wi-Fi;2,4/5 GHz;wlan0;-38.0;;;;-38.0;1.584893192461114e-07;0.1;1.5848931924611143e-08;4.234103835078474e-07;;;;ROUGE;False
1787663986.2114592;5.470279097999992;BLE Sniffer;Appareil BLE;2,4 GHz BLE;7f:a1:17:cb:99:7f;-77.0;;;;-77.0;1.9952623149688828e-11;0.00028;5.586734481912872e-15;9.111725634936537e-15;25;0x00;37;VERT;False
1787663986.212158;5.470976646000054;BLE Sniffer;iBeacon;2,4 GHz BLE;6b:c0:f9:52:88:a7;-57.0;;;;-57.0;1.9952623149688828e-09;0.000368;7.342565319085488e-13;1.7818818322716607e-12;36;0x00;38;ORANGE;False
1787663986.2434893;5.501427345000593;Simulation RF;Détection RF large bande;868 MHz;868 MHz;;2414;1.9454804461846333;-33.81921784738533;-66.81921784738533;2.0800712685812122e-10;0.1;2.0800712685812123e-11;5.954265979663501e-10;;;;ORANGE;True
1787663986.243675;5.501427345000593;Simulation RF;Détection RF large bande;2,45 GHz;2,45 GHz;;2868;2.311326100955504;-48.453044038220156;-65.15304403822016;3.052780621276207e-10;0.1;3.0527806212762076e-11;1.4834150982872823e-09;;;;ORANGE;True
1787663986.249946;5.508764344000156;Wi-Fi;Wi-Fi;2,4/5 GHz;wlan0;-37.0;;;;-37.0;1.9952623149688787e-07;0.1;1.995262314968879e-08;4.433630066575362e-07;;;;ROUGE;False
1787663986.3129163;5.5717356420000215;BLE Sniffer;iBeacon;2,4 GHz BLE;6b:c0:f9:52:88:a7;-63.0;;;;-63.0;5.011872336272714e-10;0.000368;1.8443690197483588e-13;1.9663187342464964e-12;36;0x00;39;ORANGE;False
1787663986.3428802;5.601513352999973;Simulation RF;Détection RF large bande;868 MHz;868 MHz;;2371;1.9110547925002166;-32.442191700008664;-65.44219170000866;2.856148802479095e-10;0.1;2.8561488024790948e-11;6.239880859911411e-10;;;;ORANGE;True
1787663986.3430316;5.601513352999973;Simulation RF;Détection RF large bande;2,45 GHz;2,45 GHz;;2762;2.225495621949022;-45.019824877960886;-61.71982487796088;6.730037934977466e-10;0.1;6.730037934977466e-11;1.550715477637057e-09;;;;ORANGE;True
1787663986.350862;5.609680655000375;Wi-Fi;Wi-Fi;2,4/5 GHz;wlan0;-36.0;;;;-36.0;2.5118864315095823e-07;0.1;2.5118864315095824e-08;4.6848187097263203e-07;;;;ROUGE;False
1787663986.4429789;5.7016001380006855;Simulation RF;Détection RF large bande;868 MHz;868 MHz;;2420;1.9501601359198184;-34.00640543679273;-67.00640543679273;1.9923216590849572e-10;0.1;1.9923216590849573e-11;6.439113025819907e-10;;;;ORANGE;True
1787663986.4431407;5.7016001380006855;Simulation RF;Détection RF large bande;2,45 GHz;2,45 GHz;;2817;2.2702855097865875;-46.8114203914635;-63.5114203914635;4.4551051713590816e-10;0.1;4.455105171359082e-11;1.5952665293506478e-09;;;;ORANGE;True
1787663986.4508903;5.709708655000213;Wi-Fi;Wi-Fi;2,4/5 GHz;wlan0;-36.0;;;;-36.0;2.5118864315095823e-07;0.1;2.5118864315095824e-08;4.936007352877278e-07;;;;ROUGE;False
1787663986.516455;5.775273563000155;BLE Sniffer;Appareil BLE;2,4 GHz BLE;7f:a1:17:cb:99:7f;-75.0;;;;-75.0;3.1622776601683794e-11;0.00028;8.854377448471461e-15;1.7966103083407998e-14;25;0x00;37;VERT;False
1787663986.5165286;5.775346072000502;BLE Sniffer;iBeacon;2,4 GHz BLE;6b:c0:f9:52:88:a7;-59.0;;;;-59.0;1.2589254117941663e-09;0.000368;4.632845515402531e-13;2.4296032857867498e-12;36;0x00;38;ORANGE;False
1787663986.5430949;5.801696868999898;Simulation RF;Détection RF large bande;868 MHz;868 MHz;;2385;1.9222798961710639;-32.89119584684255;-65.89119584684255;2.5756118545542723e-10;0.1;2.5756118545542725e-11;6.696674211275334e-10;;;;ORANGE;True
1787663986.5432918;5.801696868999898;Simulation RF;Détection RF large bande;2,45 GHz;2,45 GHz;;2811;2.2655111788089934;-46.62044715235973;-63.32044715235973;4.6553815895048797e-10;0.1;4.65538158950488e-11;1.6418203452456966e-09;;;;ORANGE;True
1787663986.5504756;5.809294657999999;Wi-Fi;Wi-Fi;2,4/5 GHz;wlan0;-37.0;;;;-37.0;1.9952623149688787e-07;0.1;1.995262314968879e-08;5.135533584374166e-07;;;;ROUGE;False
1787663986.6181154;5.876934520000759;BLE Sniffer;iBeacon;2,4 GHz BLE;6b:c0:f9:52:88:a7;-62.0;;;;-62.0;6.309573444801942e-10;0.000368;2.321923027687115e-13;2.661795588555461e-12;36;0x00;39;ORANGE;False
1787663986.6433926;5.901831956000024;Simulation RF;Détection RF large bande;868 MHz;868 MHz;;2388;1.9240235057888118;-32.96094023155247;-65.96094023155247;2.53457984389694e-10;0.1;2.53457984389694e-11;6.950132195665028e-10;;;;ORANGE;True
1787663986.6438258;5.901831956000024;Simulation RF;Détection RF large bande;2,45 GHz;2,45 GHz;;2780;2.2399050208781217;-45.59620083512486;-62.296200835124864;5.893589952951013e-10;0.1;5.893589952951014e-11;1.7007562447752068e-09;;;;ORANGE;True
1787663986.6516232;5.910443108999971;Wi-Fi;Wi-Fi;2,4/5 GHz;wlan0;-36.0;;;;-36.0;2.5118864315095823e-07;0.1;2.5118864315095824e-08;5.386722227525125e-07;;;;ROUGE;False
1787663986.722061;5.980879902000197;Simulation LoRa;LoRa;868 MHz;LoRa 868.100 MHz;-93.06105062543924;;;;-93.06105062543924;4.941911200589293e-13;0.041216;2.036858120434883e-14;5.497702959737598e-13;12;"SNR=10.47;SF=7;BW=125.0;CR=4/5;F=868.100;CRC=OK;PAYLOAD=54454d504f5f4c4f52415f35";7;VERT;True
1787663986.7434065;6.001957561000381;Simulation RF;Détection RF large bande;868 MHz;868 MHz;;2399;1.9334787002111928;-33.33914800844771;-66.33914800844771;2.3231925116234975e-10;0.1;2.3231925116234977e-11;7.182451446827377e-10;;;;ORANGE;True
1787663986.7436244;6.001957561000381;Simulation RF;Détection RF large bande;2,45 GHz;2,45 GHz;;2809;2.2637140457821165;-46.54856183128466;-63.248561831284654;4.733079692233652e-10;0.1;4.7330796922336524e-11;1.7480870416975433e-09;;;;ORANGE;True
1787663986.7555315;6.014350319000187;Wi-Fi;Wi-Fi;2,4/5 GHz;wlan0;-36.0;;;;-36.0;2.5118864315095823e-07;0.1;2.5118864315095824e-08;5.637910870676083e-07;;;;ROUGE;False
1787663986.8241496;6.0829683370002385;BLE Sniffer;Appareil BLE;2,4 GHz BLE;7f:a1:17:cb:99:7f;-81.0;;;;-81.0;7.943282347242821e-12;0.00028;2.22411905722799e-15;2.0190222140635987e-14;25;0x00;37;VERT;False
1787663986.8246417;6.083460822000234;BLE Sniffer;Appareil BLE;2,4 GHz BLE;7f:a1:17:cb:99:7f;-44.0;;;;-44.0;3.981071705534969e-08;0.000176;7.006686201741545e-12;7.0268764238821805e-12;12;0x03;38;ROUGE;False
1787663986.8247197;6.0835368500002005;BLE Sniffer;iBeacon;2,4 GHz BLE;6b:c0:f9:52:88:a7;-62.0;;;;-62.0;6.309573444801942e-10;0.000368;2.321923027687115e-13;2.8939878913241726e-12;36;0x00;39;ORANGE;False
1787663986.8439395;6.1022986360003415;Simulation RF;Détection RF large bande;868 MHz;868 MHz;;2383;1.9201391595654826;-32.805566382619304;-65.8055663826193;2.6268989186362414e-10;0.1;2.6268989186362417e-11;7.445141338691001e-10;;;;ORANGE;True
1787663986.844121;6.1022986360003415;Simulation RF;Détection RF large bande;2,45 GHz;2,45 GHz;;2737;2.2059704999327794;-44.23881999731117;-60.938819997311164;8.055972968108732e-10;0.1;8.055972968108733e-11;1.8286467713786307e-09;;;;ORANGE;True
1787663986.8534813;6.112300438000602;Wi-Fi;Wi-Fi;2,4/5 GHz;wlan0;-36.0;;;;-36.0;2.5118864315095823e-07;0.1;2.5118864315095824e-08;5.889099513827042e-07;;;;ROUGE;False
1787663986.9259923;6.184812019000674;BLE Sniffer;Appareil BLE;2,4 GHz BLE;d3:23:2f:4d:3e:b1;-81.0;;;;-81.0;7.943282347242821e-12;0.000376;2.9866741625633007e-15;2.9866741625633007e-15;37;0x00;37;VERT;False
1787663986.9270914;6.185909967000043;BLE Sniffer;Appareil BLE;2,4 GHz BLE;d3:23:2f:4d:3e:b1;-70.0;;;;-70.0;1e-10;0.000376;3.76e-14;4.05866741625633e-14;37;0x00;38;ORANGE;False
1787663986.9271674;6.185984995000581;BLE Sniffer;Appareil BLE;2,4 GHz BLE;d3:23:2f:4d:3e:b1;-80.0;;;;-80.0;1e-11;0.000376;3.7599999999999996e-15;4.43466741625633e-14;37;0x00;39;VERT;False
1787663986.9438517;6.202416722000635;Simulation RF;Détection RF large bande;868 MHz;868 MHz;;2347;1.8913266298856415;-31.653065195425654;-64.65306519542565;3.4252595073813525e-10;0.1;3.4252595073813523e-11;7.787667289429136e-10;;;;ORANGE;True
1787663986.944065;6.202416722000635;Simulation RF;Détection RF large bande;2,45 GHz;2,45 GHz;;2762;2.225952202558555;-45.0380881023422;-61.7380881023422;6.701795781125167e-10;0.1;6.701795781125167e-11;1.8956647291898823e-09;;;;ORANGE;True
1787663986.9540195;6.212838741000269;Wi-Fi;Wi-Fi;2,4/5 GHz;wlan0;-35.0;;;;-35.0;3.162277660168379e-07;0.1;3.162277660168379e-08;6.20532727984388e-07;;;;ROUGE;False
1787663987.029047;6.28786561600009;BLE Sniffer;Appareil BLE;2,4 GHz BLE;7f:a1:17:cb:99:7f;-79.0;;;;-79.0;1.2589254117941662e-11;0.00028;3.524991153023665e-15;7.030401415035204e-12;25;0x00;37;VERT;False
1787663987.04387;6.302503879000142;Simulation RF;Détection RF large bande;868 MHz;868 MHz;;2436;1.9627520730570656;-34.51008292228262;-67.51008292228262;1.7741556056181628e-10;0.1;1.774155605618163e-11;7.965082849990953e-10;;;;ORANGE;True
1787663987.0440226;6.302503879000142;Simulation RF;Détection RF large bande;2,45 GHz;2,45 GHz;;2725;2.1961882519381932;-43.84753007752772;-60.54753007752772;8.81550086221986e-10;0.1;8.815500862219861e-11;1.9838197378120808e-09;;;;ORANGE;True
1787663987.0525515;6.311370465999971;Wi-Fi;Wi-Fi;2,4/5 GHz;wlan0;-35.0;;;;-35.0;3.162277660168379e-07;0.1;3.162277660168379e-08;6.521555045860718e-07;;;;ROUGE;False
1787663987.1303515;6.389169987000059;BLE Sniffer;iBeacon;2,4 GHz BLE;6b:c0:f9:52:88:a7;-57.0;;;;-57.0;1.9952623149688828e-09;0.000368;7.342565319085488e-13;3.6282444232327214e-12;36;0x00;38;ORANGE;False
1787663987.130423;6.389240310000787;BLE Sniffer;iBeacon;2,4 GHz BLE;6b:c0:f9:52:88:a7;-63.0;;;;-63.0;5.011872336272714e-10;0.000368;1.8443690197483588e-13;3.812681325207557e-12;36;0x00;39;ORANGE;False
1787663987.14396;6.402592752000601;Simulation RF;Détection RF large bande;868 MHz;868 MHz;;2368;1.9079962224838334;-32.31984889935333;-65.31984889935333;2.9377518610621427e-10;0.1;2.937751861062143e-11;8.258858036097167e-10;;;;ORANGE;True
1787663987.1441061;6.402592752000601;Simulation RF;Détection RF large bande;2,45 GHz;2,45 GHz;;2796;2.2534392252216384;-46.13756900886554;-62.837569008865536;5.202871490974687e-10;0.1;5.2028714909746874e-11;2.0358484527218275e-09;;;;ORANGE;True
1787663987.1549392;6.413757690000239;Wi-Fi;Wi-Fi;2,4/5 GHz;wlan0;-34.0;;;;-34.0;3.981071705534969e-07;0.1;3.9810717055349696e-08;6.919662216414215e-07;;;;ROUGE;False
1787663987.244058;6.502681866000785;Simulation RF;Détection RF large bande;868 MHz;868 MHz;;2360;1.9017424224676258;-32.06969689870503;-65.06969689870503;3.11193351650938e-10;0.1;3.11193351650938e-11;8.570051387748105e-10;;;;ORANGE;True
1787663987.2442093;6.502681866000785;Simulation RF;Détection RF large bande;2,45 GHz;2,45 GHz;;2791;2.248971411311021;-45.95885645244083;-62.65885645244082;5.421436242905012e-10;0.1;5.421436242905012e-11;2.0900628151508777e-09;;;;ORANGE;True
1787663987.2538116;6.512630120000722;Wi-Fi;Wi-Fi;2,4/5 GHz;wlan0;-33.0;;;;-33.0;5.011872336272725e-07;0.1;5.011872336272725e-08;7.420849450041487e-07;;;;ROUGE;False
1787663987.3331313;6.591949675000251;BLE Sniffer;Appareil BLE;2,4 GHz BLE;7f:a1:17:cb:99:7f;-76.0;;;;-76.0;2.5118864315095823e-11;0.00028;7.03328200822683e-15;7.037434697043431e-12;25;0x00;37;VERT;False
1787663987.3332052;6.592022684000767;BLE Sniffer;Appareil BLE;2,4 GHz BLE;7f:a1:17:cb:99:7f;-72.0;;;;-72.0;6.309573444801942e-11;0.00028;1.7666805645445437e-14;7.055101502688876e-12;25;0x00;38;VERT;False
1787663987.3441436;6.602766571000757;Simulation RF;Détection RF large bande;868 MHz;868 MHz;;2441;1.9672452102120002;-34.689808408480005;-67.68980840848;1.7022336017574187e-10;0.1;1.7022336017574186e-11;8.740274747923846e-10;;;;ORANGE;True
1787663987.3442988;6.602766571000757;Simulation RF;Détection RF large bande;2,45 GHz;2,45 GHz;;2792;2.249730174001622;-45.98920696006488;-62.68920696006487;5.383680818103505e-10;0.1;5.3836808181035053e-11;2.143899623331913e-09;;;;ORANGE;True
1787663987.3556035;6.614423624000665;Wi-Fi;Wi-Fi;2,4/5 GHz;wlan0;-33.0;;;;-33.0;5.011872336272725e-07;0.1;5.011872336272725e-08;7.92203668366876e-07;;;;ROUGE;False
1787663987.4348514;6.693670225999995;BLE Sniffer;iBeacon;2,4 GHz BLE;6b:c0:f9:52:88:a7;-62.0;;;;-62.0;6.309573444801942e-10;0.000368;2.321923027687115e-13;4.044873627976269e-12;36;0x00;39;ORANGE;False
1787663987.4442291;6.702858555000603;Simulation RF;Détection RF large bande;868 MHz;868 MHz;;2383;1.9201210666801711;-32.80484266720684;-65.80484266720684;2.6273367058349894e-10;0.1;2.6273367058349894e-11;9.003008418507345e-10;;;;ORANGE;True
1787663987.444412;6.702858555000603;Simulation RF;Détection RF large bande;2,45 GHz;2,45 GHz;;2768;2.2310199113891573;-45.24079645556628;-61.940796455566286;6.396175248388078e-10;0.1;6.396175248388078e-11;2.2078613758157935e-09;;;;ORANGE;True
1787663987.454749;6.7135683639999115;Wi-Fi;Wi-Fi;2,4/5 GHz;wlan0;-32.0;;;;-32.0;6.30957344480193e-07;0.1;6.30957344480193e-08;8.552994028148953e-07;;;;ROUGE;False
1787663987.5442877;6.8029382049999185;Simulation RF;Détection RF large bande;868 MHz;868 MHz;;2302;1.8550078228921714;-30.20031291568685;-63.20031291568685;4.785956075490912e-10;0.1;4.7859560754909126e-11;9.481604026056436e-10;;;;ORANGE;True
1787663987.5444624;6.8029382049999185;Simulation RF;Détection RF large bande;2,45 GHz;2,45 GHz;;2799;2.2553981826121516;-46.21592730448606;-62.915927304486054;5.109839622213439e-10;0.1;5.109839622213439e-11;2.258959772037928e-09;;;;ORANGE;True
1787663987.5557792;6.81459846100006;Wi-Fi;Wi-Fi;2,4/5 GHz;wlan0;-32.0;;;;-32.0;6.30957344480193e-07;0.1;6.30957344480193e-08;9.183951372629146e-07;;;;ROUGE;False
1787663987.6386352;6.897453795000729;BLE Sniffer;Appareil BLE;2,4 GHz BLE;7f:a1:17:cb:99:7f;-79.0;;;;-79.0;1.2589254117941662e-11;0.00028;3.524991153023665e-15;7.0586264938419e-12;25;0x00;37;VERT;False
1787663987.644324;6.90301431700027;Simulation RF;Détection RF large bande;868 MHz;868 MHz;;2410;1.9421383866937612;-33.68553546775044;-66.68553546775044;2.1450946179114078e-10;0.1;2.1450946179114078e-11;9.696113487847577e-10;;;;ORANGE;True
1787663987.6444867;6.90301431700027;Simulation RF;Détection RF large bande;2,45 GHz;2,45 GHz;;2795;2.252678505092722;-46.107140203708866;-62.80714020370886;5.239453370547692e-10;0.1;5.239453370547692e-11;2.311354305743405e-09;;;;ORANGE;True
1787663987.6542585;6.913076825000644;Wi-Fi;Wi-Fi;2,4/5 GHz;wlan0;-32.0;;;;-32.0;6.30957344480193e-07;0.1;6.30957344480193e-08;9.814908717109339e-07;;;;ROUGE;False
1787663987.7407236;6.999543816000369;BLE Sniffer;iBeacon;2,4 GHz BLE;6b:c0:f9:52:88:a7;-57.0;;;;-57.0;1.9952623149688828e-09;0.000368;7.342565319085488e-13;4.779130159884818e-12;36;0x00;38;ORANGE;False
1787663987.741062;6.999879449000218;BLE Sniffer;iBeacon;2,4 GHz BLE;6b:c0:f9:52:88:a7;-62.0;;;;-62.0;6.309573444801942e-10;0.000368;2.321923027687115e-13;5.0113224626535296e-12;36;0x00;39;ORANGE;False
1787663987.7411418;6.999959162000778;Simulation LoRa;LoRa;868 MHz;LoRa 868.100 MHz;-86.06798309093612;;;;-86.06798309093612;2.472872306187404e-12;0.041216;1.0192190497182006e-13;6.516922009455799e-13;12;"SNR=8.19;SF=7;BW=125.0;CR=4/5;F=868.100;CRC=OK;PAYLOAD=54454d504f5f4c4f52415f36";7;VERT;True
1787663987.7444632;7.003099651999946;Simulation RF;Détection RF large bande;868 MHz;868 MHz;;2352;1.8957042674976947;-31.828170699907787;-64.82817069990779;3.289901762767239e-10;0.1;3.289901762767239e-11;1.00251036641243e-09;;;;ORANGE;True
1787663987.7446141;7.003099651999946;Simulation RF;Détection RF large bande;2,45 GHz;2,45 GHz;;2824;2.2754694620139855;-47.01877848055942;-63.71877848055942;4.247390114696284e-10;0.1;4.247390114696284e-11;2.353828206890368e-09;;;;ORANGE;True
1787663987.7555523;7.014371899000253;Wi-Fi;Wi-Fi;2,4/5 GHz;wlan0;-32.0;;;;-32.0;6.30957344480193e-07;0.1;6.30957344480193e-08;1.0445866061589532e-06;;;;ROUGE;False
1787663987.844497;7.103194285000427;Simulation RF;Détection RF large bande;868 MHz;868 MHz;;2355;1.8975750525712485;-31.90300210284994;-64.90300210284994;3.2337004696186974e-10;0.1;3.2337004696186976e-11;1.034847371108617e-09;;;;ORANGE;True
1787663987.8446348;7.103194285000427;Simulation RF;Détection RF large bande;2,45 GHz;2,45 GHz;;2782;2.2416742377826897;-45.666969511307585;-62.36696951130759;5.798331604429614e-10;0.1;5.798331604429614e-11;2.4118115229346643e-09;;;;ORANGE;True
1787663987.8537753;7.112594621000426;Wi-Fi;Wi-Fi;2,4/5 GHz;wlan0;-33.0;;;;-33.0;5.011872336272725e-07;0.1;5.011872336272725e-08;1.0947053295216804e-06;;;;ROUGE;False
1787663987.9439137;7.202732146000017;BLE Sniffer;Appareil BLE;2,4 GHz BLE;7f:a1:17:cb:99:7f;-82.0;;;;-82.0;6.309573444801943e-12;0.00028;1.7666805645445437e-15;7.060393174406445e-12;25;0x00;37;VERT;False
1787663987.9441957;7.203013420999923;BLE Sniffer;iBeacon;2,4 GHz BLE;6b:c0:f9:52:88:a7;-57.0;;;;-57.0;1.9952623149688828e-09;0.000368;7.342565319085488e-13;5.745578994562078e-12;36;0x00;38;ORANGE;False
1787663987.944964;7.203271749000123;Simulation RF;Détection RF large bande;868 MHz;868 MHz;;2332;1.8791389785969006;-31.165559143876024;-64.16555914387602;3.832163990185979e-10;0.1;3.8321639901859796e-11;1.0731690110104769e-09;;;;ORANGE;True
1787663987.9450886;7.203271749000123;Simulation RF;Détection RF large bande;2,45 GHz;2,45 GHz;;2762;2.225678864765304;-45.027154590612156;-61.72715459061216;6.718689036369022e-10;0.1;6.718689036369021e-11;2.4789984132983545e-09;;;;ORANGE;True
1787663987.9587293;7.21754754199992;Wi-Fi;Wi-Fi;2,4/5 GHz;wlan0;-33.0;;;;-33.0;5.011872336272725e-07;0.1;5.011872336272725e-08;1.1448240528844077e-06;;;;ROUGE;False
1787663988.0447543;7.303360991000773;Simulation RF;Détection RF large bande;868 MHz;868 MHz;;2348;1.8922936719241132;-31.69174687696453;-64.69174687696453;3.39488691471657e-10;0.1;3.39488691471657e-11;1.1071178801576425e-09;;;;ORANGE;True
1787663988.0449262;7.303360991000773;Simulation RF;Détection RF large bande;2,45 GHz;2,45 GHz;;2754;2.2189982623850963;-44.75993049540385;-61.45993049540385;7.145077609838653e-10;0.1;7.145077609838653e-11;2.5504491893967412e-09;;;;ORANGE;True
1787663988.055656;7.314474437000172;Wi-Fi;Wi-Fi;2,4/5 GHz;wlan0;-34.0;;;;-34.0;3.981071705534969e-07;0.1;3.9810717055349696e-08;1.1846347699397573e-06;;;;ROUGE;False
1787663988.144848;7.4034486370001105;Simulation RF;Détection RF large bande;868 MHz;868 MHz;;2373;1.9126665223944077;-32.50666089577631;-65.5066608957763;2.8140636118167045e-10;0.1;2.8140636118167046e-11;1.1352585162758096e-09;;;;ORANGE;True
1787663988.1450121;7.4034486370001105;Simulation RF;Détection RF large bande;2,45 GHz;2,45 GHz;;2734;2.202983571600377;-44.11934286401507;-60.81934286401506;8.280674500735363e-10;0.1;8.280674500735363e-11;2.633255934404095e-09;;;;ORANGE;True
1787663988.1471043;7.405922823000765;BLE Sniffer;Appareil BLE;2,4 GHz BLE;7f:a1:17:cb:99:7f;-84.0;;;;-84.0;3.9810717055349695e-12;0.00028;1.1147000775497915e-15;7.061507874483994e-12;25;0x00;39;VERT;False
1787663988.1541543;7.412972910000462;Wi-Fi;Wi-Fi;2,4/5 GHz;wlan0;-34.0;;;;-34.0;3.981071705534969e-07;0.1;3.9810717055349696e-08;1.224445486995107e-06;;;;ROUGE;False
1787663988.2449167;7.5035357630004;Simulation RF;Détection RF large bande;868 MHz;868 MHz;;2358;1.9005855116513612;-32.023420466054446;-65.02342046605445;3.145270150571415e-10;0.1;3.1452701505714155e-11;1.1667112177815238e-09;;;;ORANGE;True
1787663988.2450778;7.5035357630004;Simulation RF;Détection RF large bande;2,45 GHz;2,45 GHz;;2742;2.2099762220856327;-44.39904888342531;-61.09904888342531;7.764171354478019e-10;0.1;7.76417135447802e-11;2.710897647948875e-09;;;;ORANGE;True
1787663988.2488384;7.507656462000341;BLE Sniffer;iBeacon;2,4 GHz BLE;6b:c0:f9:52:88:a7;-58.0;;;;-58.0;1.584893192461111e-09;0.000368;5.832406948256889e-13;6.3288196893877674e-12;36;0x00;37;ORANGE;False
1787663988.2489076;7.507724803000201;BLE Sniffer;iBeacon;2,4 GHz BLE;6b:c0:f9:52:88:a7;-57.0;;;;-57.0;1.9952623149688828e-09;0.000368;7.342565319085488e-13;7.063076221296316e-12;36;0x00;38;ORANGE;False
1787663988.254814;7.51363434599989;Wi-Fi;Wi-Fi;2,4/5 GHz;wlan0;-34.0;;;;-34.0;3.981071705534969e-07;0.1;3.9810717055349696e-08;1.2642562040504565e-06;;;;ROUGE;False
1787663988.345026;7.603628372000458;Simulation RF;Détection RF large bande;868 MHz;868 MHz;;2292;1.8469773379085055;-29.879093516340212;-62.87909351634021;5.153361972015747e-10;0.1;5.1533619720157475e-11;1.2182448375016813e-09;;;;ORANGE;True
1787663988.3451884;7.603628372000458;Simulation RF;Détection RF large bande;2,45 GHz;2,45 GHz;;2794;2.2516153047769456;-46.06461219107781;-62.76461219107781;5.291012418856714e-10;0.1;5.2910124188567144e-11;2.763807772137442e-09;;;;ORANGE;True
1787663988.3505516;7.609370154000317;BLE Sniffer;iBeacon;2,4 GHz BLE;6b:c0:f9:52:88:a7;-62.0;;;;-62.0;6.309573444801942e-10;0.000368;2.321923027687115e-13;7.295268524065027e-12;36;0x00;39;ORANGE;False
1787663988.3552723;7.614091480000752;Wi-Fi;Wi-Fi;2,4/5 GHz;wlan0;-35.0;;;;-35.0;3.162277660168379e-07;0.1;3.162277660168379e-08;1.2958789806521403e-06;;;;ROUGE;False
1787663988.445104;7.7037189060001765;Simulation RF;Détection RF large bande;868 MHz;868 MHz;;2413;1.9443178949204016;-33.77271579681606;-66.77271579681606;2.1024632840386455e-10;0.1;2.1024632840386455e-11;1.2392694703420676e-09;;;;ORANGE;True
1787663988.4452677;7.7037189060001765;Simulation RF;Détection RF large bande;2,45 GHz;2,45 GHz;;2863;2.307172033086033;-48.28688132344132;-64.98688132344132;3.171844352614125e-10;0.1;3.171844352614125e-11;2.7955262156635833e-09;;;;ORANGE;True
1787663988.4532034;7.7120254770006795;BLE Sniffer;Appareil BLE;2,4 GHz BLE;7f:a1:17:cb:99:7f;-82.0;;;;-82.0;6.309573444801943e-12;0.00028;1.7666805645445437e-15;7.063274555048539e-12;25;0x00;37;VERT;False
1787663988.456931;7.715749591000531;Wi-Fi;Wi-Fi;2,4/5 GHz;wlan0;-35.0;;;;-35.0;3.162277660168379e-07;0.1;3.162277660168379e-08;1.3275017572538241e-06;;;;ROUGE;False
1787663988.5451567;7.803794475999894;Simulation RF;Détection RF large bande;868 MHz;868 MHz;;2352;1.895307313205435;-31.812292528217398;-64.8122925282174;3.301951935236258e-10;0.1;3.3019519352362584e-11;1.2722889896944302e-09;;;;ORANGE;True
1787663988.5452917;7.803794475999894;Simulation RF;Détection RF large bande;2,45 GHz;2,45 GHz;;2741;2.2091679837003624;-44.3667193480145;-61.0667193480145;7.822184677613845e-10;0.1;7.822184677613846e-11;2.8737480624397216e-09;;;;ORANGE;True
1787663988.5560858;7.814903772000434;BLE Sniffer;iBeacon;2,4 GHz BLE;6b:c0:f9:52:88:a7;-57.0;;;;-57.0;1.9952623149688828e-09;0.000368;7.342565319085488e-13;8.029525055973576e-12;36;0x00;38;ORANGE;False
1787663988.556154;7.814971409999998;BLE Sniffer;iBeacon;2,4 GHz BLE;6b:c0:f9:52:88:a7;-62.0;;;;-62.0;6.309573444801942e-10;0.000368;2.321923027687115e-13;8.261717358742288e-12;36;0x00;39;ORANGE;False
1787663988.557387;7.816205781000463;Wi-Fi;Wi-Fi;2,4/5 GHz;wlan0;-35.0;;;;-35.0;3.162277660168379e-07;0.1;3.162277660168379e-08;1.359124533855508e-06;;;;ROUGE;False
1787663988.6452677;7.903882491000331;Simulation RF;Détection RF large bande;868 MHz;868 MHz;;2358;1.8999503730905123;-31.998014923620488;-64.99801492362049;3.163723406729671e-10;0.1;3.163723406729671e-11;1.3039262237617269e-09;;;;ORANGE;True
1787663988.645428;7.903882491000331;Simulation RF;Détection RF large bande;2,45 GHz;2,45 GHz;;2755;2.219785907478834;-44.79143629915336;-61.491436299153364;7.093431351326538e-10;0.1;7.093431351326539e-11;2.944682375952987e-09;;;;ORANGE;True
1787663988.6546764;7.913495016000525;Wi-Fi;Wi-Fi;2,4/5 GHz;wlan0;-35.0;;;;-35.0;3.162277660168379e-07;0.1;3.162277660168379e-08;1.3907473104571917e-06;;;;ROUGE;False
1787663988.7453635;8.003970377000769;Simulation RF;Détection RF large bande;868 MHz;868 MHz;;2343;1.8885116261245358;-31.54046504498143;-64.54046504498143;3.515227972534503e-10;0.1;3.515227972534503e-11;1.339078503487072e-09;;;;ORANGE;True
1787663988.7455235;8.003970377000769;Simulation RF;Détection RF large bande;2,45 GHz;2,45 GHz;;2746;2.2130845447867005;-44.52338179146801;-61.22338179146801;7.545044765876138e-10;0.1;7.545044765876138e-11;3.0201328236117486e-09;;;;ORANGE;True
1787663988.7564974;8.015315831999942;Wi-Fi;Wi-Fi;2,4/5 GHz;wlan0;-34.0;;;;-34.0;3.981071705534969e-07;0.1;3.9810717055349696e-08;1.4305580275125413e-06;;;;ROUGE;False
1787663988.758818;8.01763692500026;BLE Sniffer;Appareil BLE;2,4 GHz BLE;7f:a1:17:cb:99:7f;-82.0;;;;-82.0;6.309573444801943e-12;0.00028;1.7666805645445437e-15;7.065041235613083e-12;25;0x00;37;VERT;False
1787663988.758886;8.017704007000248;BLE Sniffer;Appareil BLE;2,4 GHz BLE;7f:a1:17:cb:99:7f;-75.0;;;;-75.0;3.1622776601683794e-11;0.00028;8.854377448471461e-15;7.0738956130615545e-12;25;0x00;38;VERT;False
1787663988.7589846;8.017801908000365;Simulation LoRa;LoRa;868 MHz;LoRa 868.100 MHz;-88.20370250576062;;;;-88.20370250576062;1.5122714367144718e-12;0.041216;6.232977953562367e-14;7.140219804812036e-13;12;"SNR=6.99;SF=7;BW=125.0;CR=4/5;F=868.100;CRC=OK;PAYLOAD=54454d504f5f4c4f52415f37";7;VERT;True
1787663988.7590415;8.017858840999907;BLE Sniffer;Appareil BLE;2,4 GHz BLE;6f:a1:17:cb:99:7f;-86.0;;;;-86.0;2.5118864315095823e-12;0.00028;7.03328200822683e-16;7.03328200822683e-16;25;0x00;39;VERT;False
1787663988.8454294;8.104054263000762;Simulation RF;Détection RF large bande;868 MHz;868 MHz;;2363;1.9040142375100169;-32.16056950040067;-65.16056950040067;3.047495338311461e-10;0.1;3.047495338311461e-11;1.3695534568701866e-09;;;;ORANGE;True
1787663988.84558;8.104054263000762;Simulation RF;Détection RF large bande;2,45 GHz;2,45 GHz;;2728;2.198444254902971;-43.937770196118834;-60.63777019611883;8.634217417450046e-10;0.1;8.634217417450047e-11;3.106474997786249e-09;;;;ORANGE;True
1787663988.8545816;8.113399792000564;Wi-Fi;Wi-Fi;2,4/5 GHz;wlan0;-34.0;;;;-34.0;3.981071705534969e-07;0.1;3.9810717055349696e-08;1.470368744567891e-06;;;;ROUGE;False
1787663988.8620899;8.120908675000464;BLE Sniffer;iBeacon;2,4 GHz BLE;6b:c0:f9:52:88:a7;-59.0;;;;-59.0;1.2589254117941663e-09;0.000368;4.632845515402531e-13;8.72500191028254e-12;36;0x00;37;ORANGE;False
1787663988.8621542;8.120971516000282;BLE Sniffer;iBeacon;2,4 GHz BLE;6b:c0:f9:52:88:a7;-57.0;;;;-57.0;1.9952623149688828e-09;0.000368;7.342565319085488e-13;9.45925844219109e-12;36;0x00;38;ORANGE;False
1787663988.8628998;8.121717457000159;BLE Sniffer;iBeacon;2,4 GHz BLE;6b:c0:f9:52:88:a7;-62.0;;;;-62.0;6.309573444801942e-10;0.000368;2.321923027687115e-13;9.691450744959801e-12;36;0x00;39;ORANGE;False
1787663988.9454978;8.204130740000437;Simulation RF;Détection RF large bande;868 MHz;868 MHz;;2359;1.9010987115276579;-32.04394846110631;-65.04394846110631;3.1304383396291384e-10;0.1;3.130438339629138e-11;1.400857840266478e-09;;;;ORANGE;True
1787663988.9456375;8.204130740000437;Simulation RF;Détection RF large bande;2,45 GHz;2,45 GHz;;2762;2.2254045166627567;-45.016180666510266;-61.71618066651026;6.735687551789952e-10;0.1;6.735687551789953e-11;3.1738318733041484e-09;;;;ORANGE;True
1787663988.9548738;8.213691758000095;Wi-Fi;Wi-Fi;2,4/5 GHz;wlan0;-34.0;;;;-34.0;3.981071705534969e-07;0.1;3.9810717055349696e-08;1.5101794616232406e-06;;;;ROUGE;False
1787663988.9642086;8.223028323000108;BLE Sniffer;Appareil BLE;2,4 GHz BLE;d3:23:2f:4d:3e:b1;-81.0;;;;-81.0;7.943282347242821e-12;0.000376;2.9866741625633007e-15;4.73333483251266e-14;37;0x00;37;VERT;False
1787663988.9642973;8.223114537000583;BLE Sniffer;Appareil BLE;2,4 GHz BLE;d3:23:2f:4d:3e:b1;-75.0;;;;-75.0;3.1622776601683794e-11;0.000376;1.1890164002233105e-14;5.92235123273597e-14;37;0x00;38;VERT;False
1787663988.9643366;8.223153746000207;BLE Sniffer;Appareil BLE;2,4 GHz BLE;d3:23:2f:4d:3e:b1;-77.0;;;;-77.0;1.9952623149688828e-11;0.000376;7.502186304282999e-15;6.672569863164271e-14;37;0x00;39;VERT;False
1787663989.0455918;8.304215699000451;Simulation RF;Détection RF large bande;868 MHz;868 MHz;;2398;1.932150601253887;-33.286024050155476;-66.28602405015548;2.351784885918624e-10;0.1;2.3517848859186245e-11;1.4243756891256643e-09;;;;ORANGE;True
1787663989.0457478;8.304215699000451;Simulation RF;Détection RF large bande;2,45 GHz;2,45 GHz;;2759;2.2235537033562323;-44.94214813424928;-61.642148134249275;6.851492498631712e-10;0.1;6.851492498631712e-11;3.2423467982904657e-09;;;;ORANGE;True
1787663989.055613;8.31443144000059;Wi-Fi;Wi-Fi;2,4/5 GHz;wlan0;-34.0;;;;-34.0;3.981071705534969e-07;0.1;3.9810717055349696e-08;1.5499901786785902e-06;;;;ROUGE;False
1787663989.0661957;8.325013817000581;BLE Sniffer;Appareil BLE;2,4 GHz BLE;7f:a1:17:cb:99:7f;-81.0;;;;-81.0;7.943282347242821e-12;0.00028;2.22411905722799e-15;7.076119732118782e-12;25;0x00;37;VERT;False
1787663989.0662565;8.32507408299989;BLE Sniffer;Appareil BLE;2,4 GHz BLE;7f:a1:17:cb:99:7f;-72.0;;;;-72.0;6.309573444801942e-11;0.00028;1.7666805645445437e-14;7.093786537764228e-12;25;0x00;38;VERT;False
1787663989.1456907;8.404306301999895;Simulation RF;Détection RF large bande;868 MHz;868 MHz;;2378;1.916418527530121;-32.656741101204844;-65.65674110120484;2.7184784204535197e-10;0.1;2.7184784204535198e-11;1.4515604733301995e-09;;;;ORANGE;True
1787663989.1458485;8.404306301999895;Simulation RF;Détection RF large bande;2,45 GHz;2,45 GHz;;2769;2.2317815811484656;-45.27126324593861;-61.971263245938616;6.351461580312758e-10;0.1;6.351461580312759e-11;3.3058614140935935e-09;;;;ORANGE;True
1787663989.1557477;8.414565826000398;Wi-Fi;Wi-Fi;2,4/5 GHz;wlan0;-34.0;;;;-34.0;3.981071705534969e-07;0.1;3.9810717055349696e-08;1.5898008957339398e-06;;;;ROUGE;False
1787663989.1679533;8.426772378999885;BLE Sniffer;iBeacon;2,4 GHz BLE;6b:c0:f9:52:88:a7;-62.0;;;;-62.0;6.309573444801942e-10;0.000368;2.321923027687115e-13;9.923643047728513e-12;36;0x00;39;ORANGE;False
1787663989.2457743;8.504394757000227;Simulation RF;Détection RF large bande;868 MHz;868 MHz;;2325;1.8732938240075114;-30.931752960300457;-63.93175296030046;4.0441262405400256e-10;0.1;4.044126240540026e-11;1.4920017357355997e-09;;;;ORANGE;True
1787663989.2459285;8.504394757000227;Simulation RF;Détection RF large bande;2,45 GHz;2,45 GHz;;2778;2.2388812505535407;-45.55525002214162;-62.25525002214162;5.949425050962833e-10;0.1;5.949425050962833e-11;3.365355664603222e-09;;;;ORANGE;True
1787663989.2560377;8.514856175000205;Wi-Fi;Wi-Fi;2,4/5 GHz;wlan0;-35.0;;;;-35.0;3.162277660168379e-07;0.1;3.162277660168379e-08;1.6214236723356236e-06;;;;ROUGE;False
1787663989.2704172;8.52924013700067;BLE Sniffer;Appareil BLE;2,4 GHz BLE;7f:a1:17:cb:99:7f;-77.0;;;;-77.0;1.9952623149688828e-11;0.00028;5.586734481912872e-15;7.0993732722461406e-12;25;0x00;37;VERT;False
1787663989.2716246;8.530442928999946;BLE Sniffer;Appareil BLE;2,4 GHz BLE;7f:a1:17:cb:99:7f;-73.0;;;;-73.0;5.011872336272715e-11;0.00028;1.40332425415636e-14;7.1134065147877046e-12;25;0x00;38;VERT;False
1787663989.34588;8.604486861000623;Simulation RF;Détection RF large bande;868 MHz;868 MHz;;2362;1.9037129991096595;-32.14851996438638;-65.14851996438638;3.055962379624528e-10;0.1;3.0559623796245283e-11;1.522561359531845e-09;;;;ORANGE;True
1787663989.3460472;8.604486861000623;Simulation RF;Détection RF large bande;2,45 GHz;2,45 GHz;;2760;2.223863292081504;-44.95453168326016;-61.65453168326015;6.831983859635358e-10;0.1;6.831983859635357e-11;3.4336755031995754e-09;;;;ORANGE;True
1787663989.3551617;8.613980404000358;Wi-Fi;Wi-Fi;2,4/5 GHz;wlan0;-35.0;;;;-35.0;3.162277660168379e-07;0.1;3.162277660168379e-08;1.6530464489373074e-06;;;;ROUGE;False
1787663989.3731515;8.631970649000323;BLE Sniffer;Appareil BLE;2,4 GHz BLE;7f:a1:17:cb:99:7f;-89.0;;;;-89.0;1.258925411794166e-12;0.00028;3.5249911530236646e-16;7.1137590139030066e-12;25;0x00;39;VERT;False
1787663989.3741705;8.632988789000592;BLE Sniffer;iBeacon;2,4 GHz BLE;6b:c0:f9:52:88:a7;-59.0;;;;-59.0;1.2589254117941663e-09;0.000368;4.632845515402531e-13;1.0386927599268765e-11;36;0x00;37;ORANGE;False
1787663989.4459636;8.704579946000194;Simulation RF;Détection RF large bande;868 MHz;868 MHz;;2339;1.884684033832734;-31.38736135330936;-64.38736135330936;3.641362074781577e-10;0.1;3.641362074781577e-11;1.5589749802796608e-09;;;;ORANGE;True
1787663989.4461248;8.704579946000194;Simulation RF;Détection RF large bande;2,45 GHz;2,45 GHz;;2768;2.2305221992468307;-45.22088796987322;-61.92088796987322;6.425563251357902e-10;0.1;6.425563251357902e-11;3.4979311357131545e-09;;;;ORANGE;True
1787663989.4557726;8.714591051000752;Wi-Fi;Wi-Fi;2,4/5 GHz;wlan0;-36.0;;;;-36.0;2.5118864315095823e-07;0.1;2.5118864315095824e-08;1.6781653132524033e-06;;;;ROUGE;False
1787663989.4750776;8.733896712000387;BLE Sniffer;iBeacon;2,4 GHz BLE;6b:c0:f9:52:88:a7;-57.0;;;;-57.0;1.9952623149688828e-09;0.000368;7.342565319085488e-13;1.1121184131177314e-11;36;0x00;38;ORANGE;False
1787663989.4751608;8.733978185000524;BLE Sniffer;iBeacon;2,4 GHz BLE;6b:c0:f9:52:88:a7;-61.0;;;;-61.0;7.943282347242822e-10;0.000368;2.9231279037853586e-13;1.141349692155585e-11;36;0x00;39;ORANGE;False
1787663989.5460577;8.804670068000632;Simulation RF;Détection RF large bande;868 MHz;868 MHz;;2354;1.8966659488052426;-31.8666379522097;-64.8666379522097;3.2608904192335495e-10;0.1;3.26089041923355e-11;1.5915838844719962e-09;;;;ORANGE;True
1787663989.5462196;8.804670068000632;Simulation RF;Détection RF large bande;2,45 GHz;2,45 GHz;;2746;2.2129317118247815;-44.51726847299126;-61.21726847299126;7.555672978460215e-10;0.1;7.555672978460215e-11;3.5734878654977565e-09;;;;ORANGE;True
1787663989.5553043;8.814122902000236;Wi-Fi;Wi-Fi;2,4/5 GHz;wlan0;-36.0;;;;-36.0;2.5118864315095823e-07;0.1;2.5118864315095824e-08;1.703284177567499e-06;;;;ROUGE;False
1787663989.5769987;8.835818109000684;BLE Sniffer;Appareil BLE;2,4 GHz BLE;7f:a1:17:cb:99:7f;-79.0;;;;-79.0;1.2589254117941662e-11;0.00028;3.524991153023665e-15;7.1172840050560305e-12;25;0x00;37;VERT;False
1787663989.6461349;8.90475656000035;Simulation RF;Détection RF large bande;868 MHz;868 MHz;;2326;1.8745430096336435;-30.98172038534574;-63.98172038534574;3.9978634967735923e-10;0.1;3.9978634967735925e-11;1.6315625194397321e-09;;;;ORANGE;True
1787663989.6462958;8.90475656000035;Simulation RF;Détection RF large bande;2,45 GHz;2,45 GHz;;2762;2.2261347408216623;-45.04538963286649;-61.74538963286649;6.69053792333785e-10;0.1;6.69053792333785e-11;3.640393244731135e-09;;;;ORANGE;True
1787663989.6605346;8.919352472000355;Wi-Fi;Wi-Fi;2,4/5 GHz;wlan0;-37.0;;;;-37.0;1.9952623149688787e-07;0.1;1.995262314968879e-08;1.7232368007171878e-06;;;;ROUGE;False
1787663989.6793275;8.93814661000033;BLE Sniffer;iBeacon;2,4 GHz BLE;6b:c0:f9:52:88:a7;-58.0;;;;-58.0;1.584893192461111e-09;0.000368;5.832406948256889e-13;1.199673761638154e-11;36;0x00;38;ORANGE;False
1787663989.6796534;8.938470982000581;BLE Sniffer;iBeacon;2,4 GHz BLE;6b:c0:f9:52:88:a7;-61.0;;;;-61.0;7.943282347242822e-10;0.000368;2.9231279037853586e-13;1.2289050406760075e-11;36;0x00;39;ORANGE;False
1787663989.746231;9.00484520000009;Simulation RF;Détection RF large bande;868 MHz;868 MHz;;2429;1.957207400154118;-34.288296006164714;-67.28829600616471;1.86711212553309e-10;0.1;1.86711212553309e-11;1.650233640695063e-09;;;;ORANGE;True
1787663989.7463875;9.00484520000009;Simulation RF;Détection RF large bande;2,45 GHz;2,45 GHz;;2772;2.233922639941999;-45.35690559767997;-62.05690559767997;6.227438398799176e-10;0.1;6.227438398799176e-11;3.7026676287191265e-09;;;;ORANGE;True
1787663989.756682;9.015500697000789;Wi-Fi;Wi-Fi;2,4/5 GHz;wlan0;-37.0;;;;-37.0;1.9952623149688787e-07;0.1;1.995262314968879e-08;1.7431894238668766e-06;;;;ROUGE;False
1787663989.7805502;9.039368830000058;Simulation LoRa;LoRa;868 MHz;LoRa 868.100 MHz;-93.37677777819779;;;;-93.37677777819779;4.595388384632929e-13;0.041216;1.894035276610308e-14;7.329623332473067e-13;12;"SNR=5.03;SF=7;BW=125.0;CR=4/5;F=868.100;CRC=OK;PAYLOAD=54454d504f5f4c4f52415f38";7;VERT;True
1787663989.7815766;9.040395601000455;BLE Sniffer;Appareil BLE;2,4 GHz BLE;7f:a1:17:cb:99:7f;-77.0;;;;-77.0;1.9952623149688828e-11;0.00028;5.586734481912872e-15;7.122870739537943e-12;25;0x00;37;VERT;False
1787663989.846321;9.104934118000529;Simulation RF;Détection RF large bande;868 MHz;868 MHz;;2319;1.8687580662735404;-30.750322650941612;-63.75032265094161;4.2166517544135035e-10;0.1;4.216651754413504e-11;1.692400158239198e-09;;;;ORANGE;True
1787663989.8464835;9.104934118000529;Simulation RF;Détection RF large bande;2,45 GHz;2,45 GHz;;2768;2.2306279018811597;-45.22511607524639;-61.92511607524639;6.419310641861452e-10;0.1;6.419310641861452e-11;3.766860735137741e-09;;;;ORANGE;True
1787663989.8559477;9.114765998000621;Wi-Fi;Wi-Fi;2,4/5 GHz;wlan0;-38.0;;;;-38.0;1.584893192461114e-07;0.1;1.5848931924611143e-08;1.7590383557914876e-06;;;;ROUGE;False
1787663989.9464047;9.205018998000014;Simulation RF;Détection RF large bande;868 MHz;868 MHz;;2350;1.8935469520296644;-31.74187808118657;-64.74187808118657;3.3559245785583993e-10;0.1;3.3559245785583996e-11;1.725959404024782e-09;;;;ORANGE;True
1787663989.9465575;9.205018998000014;Simulation RF;Détection RF large bande;2,45 GHz;2,45 GHz;;2737;2.205888755369653;-44.235550214786116;-60.93555021478611;8.062040555732474e-10;0.1;8.062040555732475e-11;3.847481140695066e-09;;;;ORANGE;True
1787663989.9554436;9.214262104000227;Wi-Fi;Wi-Fi;2,4/5 GHz;wlan0;-38.0;;;;-38.0;1.584893192461114e-07;0.1;1.5848931924611143e-08;1.7748872877160987e-06;;;;ROUGE;False
1787663989.9837728;9.24259156700009;BLE Sniffer;iBeacon;2,4 GHz BLE;6b:c0:f9:52:88:a7;-58.0;;;;-58.0;1.584893192461111e-09;0.000368;5.832406948256889e-13;1.2872291101585764e-11;36;0x00;38;ORANGE;False
1787663990.0464773;9.305105267000727;Simulation RF;Détection RF large bande;868 MHz;868 MHz;;2394;1.9292567707619979;-33.17027083047991;-66.17027083047991;2.415310208533957e-10;0.1;2.4153102085339574e-11;1.7501125061101216e-09;;;;ORANGE;True
1787663990.0466251;9.305105267000727;Simulation RF;Détection RF large bande;2,45 GHz;2,45 GHz;;2745;2.2120803078734106;-44.483212314936424;-61.183212314936426;7.615155369097073e-10;0.1;7.615155369097073e-11;3.9236326943860365e-09;;;;ORANGE;True
1787663990.056461;9.31527944300069;Wi-Fi;Wi-Fi;2,4/5 GHz;wlan0;-39.0;;;;-39.0;1.2589254117941662e-07;0.1;1.2589254117941663e-08;1.7874765418340403e-06;;;;ROUGE;False
1787663990.146593;9.405193791000784;Simulation RF;Détection RF large bande;868 MHz;868 MHz;;2393;1.928813296291778;-33.152531851671114;-66.15253185167111;2.4251958412602063e-10;0.1;2.4251958412602064e-11;1.7743644645227236e-09;;;;ORANGE;True
1787663990.1467605;9.405193791000784;Simulation RF;Détection RF large bande;2,45 GHz;2,45 GHz;;2767;2.2300294426172322;-45.201177704689286;-61.90117770468928;6.454791665012322e-10;0.1;6.454791665012322e-11;3.98818061103616e-09;;;;ORANGE;True
1787663990.1564658;9.415284882999913;Wi-Fi;Wi-Fi;2,4/5 GHz;wlan0;-39.0;;;;-39.0;1.2589254117941662e-07;0.1;1.2589254117941663e-08;1.8000657959519819e-06;;;;ROUGE;False
1787663990.246651;9.50527848100046;Simulation RF;Détection RF large bande;868 MHz;868 MHz;;2449;1.973645936743703;-34.94583746974811;-67.94583746974811;1.604782770717294e-10;0.1;1.604782770717294e-11;1.7904122922298966e-09;;;;ORANGE;True
1787663990.2468023;9.50527848100046;Simulation RF;Détection RF large bande;2,45 GHz;2,45 GHz;;2710;2.1842495600447545;-43.36998240179017;-60.06998240179016;9.840150931175783e-10;0.1;9.840150931175784e-11;4.086582120347917e-09;;;;ORANGE;True
1787663990.2568958;9.515714021999884;Wi-Fi;Wi-Fi;2,4/5 GHz;wlan0;-39.0;;;;-39.0;1.2589254117941662e-07;0.1;1.2589254117941663e-08;1.8126550500699234e-06;;;;ROUGE;False
1787663990.2903028;9.54912187500031;BLE Sniffer;iBeacon;2,4 GHz BLE;6b:c0:f9:52:88:a7;-61.0;;;;-61.0;7.943282347242822e-10;0.000368;2.9231279037853586e-13;1.31646038919643e-11;36;0x00;39;ORANGE;False
1787663990.3467376;9.605367154000305;Simulation RF;Détection RF large bande;868 MHz;868 MHz;;2284;1.8408417002539021;-29.63366801015608;-62.63366801015608;5.45297113757671e-10;0.1;5.4529711375767104e-11;1.8449420036056638e-09;;;;ORANGE;True
1787663990.3468926;9.605367154000305;Simulation RF;Détection RF large bande;2,45 GHz;2,45 GHz;;2722;2.193918484037382;-43.75673936149528;-60.45673936149527;9.001731686849343e-10;0.1;9.001731686849343e-11;4.1765994372164105e-09;;;;ORANGE;True
1787663990.3564255;9.615243646000636;Wi-Fi;Wi-Fi;2,4/5 GHz;wlan0;-39.0;;;;-39.0;1.2589254117941662e-07;0.1;1.2589254117941663e-08;1.825244304187865e-06;;;;ROUGE;False
1787663990.3919818;9.650801200000387;BLE Sniffer;Appareil BLE;2,4 GHz BLE;7f:a1:17:cb:99:7f;-82.0;;;;-82.0;6.309573444801943e-12;0.00028;1.7666805645445437e-15;7.124637420102488e-12;25;0x00;37;VERT;False
1787663990.4468298;9.705455308000637;Simulation RF;Détection RF large bande;868 MHz;868 MHz;;2418;1.948412611721205;-33.9365044688482;-66.9365044688482;2.0246481132994734e-10;0.1;2.0246481132994734e-11;1.8651884847386585e-09;;;;ORANGE;True
1787663990.4469917;9.705455308000637;Simulation RF;Détection RF large bande;2,45 GHz;2,45 GHz;;2690;2.167971976563352;-42.718879062534086;-59.41887906253408;1.143173355919639e-09;0.1;1.143173355919639e-10;4.290916772808375e-09;;;;ORANGE;True
1787663990.4566405;9.715459351999925;Wi-Fi;Wi-Fi;2,4/5 GHz;wlan0;-39.0;;;;-39.0;1.2589254117941662e-07;0.1;1.2589254117941663e-08;1.8378335583058066e-06;;;;ROUGE;False
1787663990.4947774;9.7535962689999;BLE Sniffer;iBeacon;2,4 GHz BLE;6b:c0:f9:52:88:a7;-58.0;;;;-58.0;1.584893192461111e-09;0.000368;5.832406948256889e-13;1.374784458678999e-11;36;0x00;38;ORANGE;False
1787663990.5469453;9.805544239000483;Simulation RF;Détection RF large bande;868 MHz;868 MHz;;2346;1.890929297810351;-31.637171912414033;-64.63717191241403;3.437817426818233e-10;0.1;3.437817426818233e-11;1.899566659006841e-09;;;;ORANGE;True
1787663990.5471094;9.805544239000483;Simulation RF;Détection RF large bande;2,45 GHz;2,45 GHz;;2766;2.228690353526583;-45.147614141063315;-61.84761414106332;6.534894578466387e-10;0.1;6.534894578466387e-11;4.356265718593039e-09;;;;ORANGE;True
1787663990.5568748;9.815693338000528;Wi-Fi;Wi-Fi;2,4/5 GHz;wlan0;-39.0;;;;-39.0;1.2589254117941662e-07;0.1;1.2589254117941663e-08;1.8504228124237482e-06;;;;ROUGE;False
1787663990.595485;9.854303867000453;BLE Sniffer;iBeacon;2,4 GHz BLE;6b:c0:f9:52:88:a7;-62.0;;;;-62.0;6.309573444801942e-10;0.000368;2.321923027687115e-13;1.3980036889558701e-11;36;0x00;39;ORANGE;False
1787663990.5966263;9.85544461400059;BLE Sniffer;Appareil BLE;2,4 GHz BLE;7f:a1:17:cb:99:7f;-83.0;;;;-83.0;5.011872336272715e-12;0.00028;1.40332425415636e-15;7.126040744356644e-12;25;0x00;37;VERT;False
1787663990.6470096;9.905637542000477;Simulation RF;Détection RF large bande;868 MHz;868 MHz;;2410;1.9419879046673891;-33.679516186695565;-66.67951618669557;2.148069760349034e-10;0.1;2.1480697603490342e-11;1.9210473566103312e-09;;;;ORANGE;True
1787663990.6471698;9.905637542000477;Simulation RF;Détection RF large bande;2,45 GHz;2,45 GHz;;2759;2.2234261748527233;-44.937046994108925;-61.63704699410892;6.859544859173384e-10;0.1;6.859544859173383e-11;4.424861167184773e-09;;;;ORANGE;True
1787663990.656473;9.915291267000612;Wi-Fi;Wi-Fi;2,4/5 GHz;wlan0;-39.0;;;;-39.0;1.2589254117941662e-07;0.1;1.2589254117941663e-08;1.8630120665416898e-06;;;;ROUGE;False
1787663990.6975803;9.956399426000644;BLE Sniffer;Appareil BLE;2,4 GHz BLE;7f:a1:17:cb:99:7f;-74.0;;;;-74.0;3.9810717055349695e-11;0.00028;1.1147000775497913e-14;7.1371877451321416e-12;25;0x00;38;VERT;False
1787663990.6976643;9.956481455000358;BLE Sniffer;Appareil BLE;2,4 GHz BLE;7f:a1:17:cb:99:7f;-89.0;;;;-89.0;1.258925411794166e-12;0.00028;3.5249911530236646e-16;7.1375402442474436e-12;25;0x00;39;VERT;False
1787663990.7471087;10.005724268999984;Simulation RF;Détection RF large bande;868 MHz;868 MHz;;2327;1.8748833454917282;-30.995333819669128;-63.99533381966913;3.985351378046707e-10;0.1;3.985351378046707e-11;1.9609008703907982e-09;;;;ORANGE;True
1787663990.7472656;10.005724268999984;Simulation RF;Détection RF large bande;2,45 GHz;2,45 GHz;;2726;2.1965026860847954;-43.86010744339181;-60.56010744339181;8.790007702979772e-10;0.1;8.790007702979772e-11;4.51276124421457e-09;;;;ORANGE;True
1787663990.7573068;10.016125230999933;Wi-Fi;Wi-Fi;2,4/5 GHz;wlan0;-39.0;;;;-39.0;1.2589254117941662e-07;0.1;1.2589254117941663e-08;1.8756013206596314e-06;;;;ROUGE;False
1787663990.7996159;10.058434868000404;Simulation LoRa;LoRa;868 MHz;LoRa 868.100 MHz;-88.31843486309404;;;;-88.31843486309404;1.4728431990020157e-12;0.041216;6.070470529006708e-14;7.936670385373738e-13;12;"SNR=7.72;SF=7;BW=125.0;CR=4/5;F=868.100;CRC=OK;PAYLOAD=54454d504f5f4c4f52415f39";7;VERT;True
1787663990.8007867;10.059604914999909;BLE Sniffer;iBeacon;2,4 GHz BLE;6b:c0:f9:52:88:a7;-59.0;;;;-59.0;1.2589254117941663e-09;0.000368;4.632845515402531e-13;1.4443321441098954e-11;36;0x00;37;ORANGE;False
1787663990.8472528;10.105822776000423;Simulation RF;Détection RF large bande;868 MHz;868 MHz;;2403;1.9361647272750533;-33.446589091002124;-66.44658909100212;2.2664236370886086e-10;0.1;2.2664236370886088e-11;1.983565106761684e-09;;;;ORANGE;True
1787663990.8474796;10.105822776000423;Simulation RF;Détection RF large bande;2,45 GHz;2,45 GHz;;2757;2.2218806335960264;-44.87522534384105;-61.575225343841055;6.957888511334102e-10;0.1;6.957888511334103e-11;4.582340129327911e-09;;;;ORANGE;True
1787663990.8627415;10.12155994800014;Wi-Fi;Wi-Fi;2,4/5 GHz;wlan0;-39.0;;;;-39.0;1.2589254117941662e-07;0.1;1.2589254117941663e-08;1.888190574777573e-06;;;;ROUGE;False
1787663990.9017482;10.160567468999943;BLE Sniffer;iBeacon;2,4 GHz BLE;6b:c0:f9:52:88:a7;-58.0;;;;-58.0;1.584893192461111e-09;0.000368;5.832406948256889e-13;1.5026562135924643e-11;36;0x00;38;ORANGE;False
1787663990.9018228;10.1606399960001;BLE Sniffer;iBeacon;2,4 GHz BLE;6b:c0:f9:52:88:a7;-62.0;;;;-62.0;6.309573444801942e-10;0.000368;2.321923027687115e-13;1.5258754438693353e-11;36;0x00;39;ORANGE;False
1787663990.9028788;10.161698511000395;BLE Sniffer;Appareil BLE;2,4 GHz BLE;7f:a1:17:cb:99:7f;-82.0;;;;-82.0;6.309573444801943e-12;0.00028;1.7666805645445437e-15;7.139306924811988e-12;25;0x00;37;VERT;False
1787663990.9473467;10.205927895000059;Simulation RF;Détection RF large bande;868 MHz;868 MHz;;2323;1.8723257549308425;-30.8930301972337;-63.8930301972337;4.0803458954593266e-10;0.1;4.080345895459327e-11;2.0243685657162774e-09;;;;ORANGE;True
1787663990.9475503;10.205927895000059;Simulation RF;Détection RF large bande;2,45 GHz;2,45 GHz;;2715;2.18785474310383;-43.51418972415321;-60.21418972415321;9.518774260868252e-10;0.1;9.518774260868252e-11;4.677527871936594e-09;;;;ORANGE;True
1787663990.9582846;10.217103153000608;Wi-Fi;Wi-Fi;2,4/5 GHz;wlan0;-39.0;;;;-39.0;1.2589254117941662e-07;0.1;1.2589254117941663e-08;1.9007798288955145e-06;;;;ROUGE;False
1787663991.048852;10.30607257400061;Simulation RF;Détection RF large bande;868 MHz;868 MHz;;2356;1.898597773442515;-31.943910937700593;-64.9439109377006;3.20338329308896e-10;0.1;3.20338329308896e-11;2.056402398647167e-09;;;;ORANGE;True
1787663991.0491157;10.30607257400061;Simulation RF;Détection RF large bande;2,45 GHz;2,45 GHz;;2771;2.2333246618635854;-45.33298647454342;-62.03298647454342;6.261831147669549e-10;0.1;6.261831147669549e-11;4.740146183413289e-09;;;;ORANGE;True
1787663991.0585935;10.31741186599993;Wi-Fi;Wi-Fi;2,4/5 GHz;wlan0;-39.0;;;;-39.0;1.2589254117941662e-07;0.1;1.2589254117941663e-08;1.9133690830134563e-06;;;;ROUGE;False
1787663991.1081417;10.366960178000227;BLE Sniffer;iBeacon;2,4 GHz BLE;6b:c0:f9:52:88:a7;-58.0;;;;-58.0;1.584893192461111e-09;0.000368;5.832406948256889e-13;1.584199513351904e-11;36;0x00;38;ORANGE;False
1787663991.147604;10.406176151000182;Simulation RF;Détection RF large bande;868 MHz;868 MHz;;2389;1.9251988156523092;-33.00795262609236;-66.00795262609236;2.507290974773076e-10;0.1;2.5072909747730758e-11;2.081475308394898e-09;;;;ORANGE;True
1787663991.1478186;10.406176151000182;Simulation RF;Détection RF large bande;2,45 GHz;2,45 GHz;;2711;2.1848606401048776;-43.394425604195106;-60.0944256041951;9.784923611585508e-10;0.1;9.784923611585509e-11;4.837995419529144e-09;;;;ORANGE;True
1787663991.1588757;10.41769472300075;Wi-Fi;Wi-Fi;2,4/5 GHz;wlan0;-39.0;;;;-39.0;1.2589254117941662e-07;0.1;1.2589254117941663e-08;1.925958337131398e-06;;;;ROUGE;False
1787663991.208927;10.46774670600007;BLE Sniffer;iBeacon;2,4 GHz BLE;6b:c0:f9:52:88:a7;-62.0;;;;-62.0;6.309573444801942e-10;0.000368;2.321923027687115e-13;1.607418743628775e-11;36;0x00;39;ORANGE;False
1787663991.2098103;10.468628496000747;BLE Sniffer;Appareil BLE;2,4 GHz BLE;7f:a1:17:cb:99:7f;-82.0;;;;-82.0;6.309573444801943e-12;0.00028;1.7666805645445437e-15;7.141073605376533e-12;25;0x00;37;VERT;False
1787663991.247639;10.506263133000175;Simulation RF;Détection RF large bande;868 MHz;868 MHz;;2394;1.9290596942347358;-33.162387769389426;-66.16238776938943;2.4196983206020965e-10;0.1;2.4196983206020965e-11;2.105672291600919e-09;;;;ORANGE;True
1787663991.2477913;10.506263133000175;Simulation RF;Détection RF large bande;2,45 GHz;2,45 GHz;;2704;2.178750878614936;-43.150035144597425;-59.85003514459742;1.03513378998817e-09;0.1;1.03513378998817e-10;4.941508798527961e-09;;;;ORANGE;True
1787663991.2573204;10.516138658000273;Wi-Fi;Wi-Fi;2,4/5 GHz;wlan0;-39.0;;;;-39.0;1.2589254117941662e-07;0.1;1.2589254117941663e-08;1.9385475912493395e-06;;;;ROUGE;False
1787663991.3478222;10.60638052700051;Simulation RF;Détection RF large bande;868 MHz;868 MHz;;2378;1.9164998216101563;-32.65999286440625;-65.65999286440625;2.7164437320371625e-10;0.1;2.7164437320371625e-11;2.1328367289212907e-09;;;;ORANGE;True
1787663991.3480458;10.60638052700051;Simulation RF;Détection RF large bande;2,45 GHz;2,45 GHz;;2819;2.2715498112809427;-46.8619924512377;-63.5619924512377;4.4035279260857047e-10;0.1;4.403527926085705e-11;4.9855440777888185e-09;;;;ORANGE;True
1787663991.3578024;10.616621058000419;Wi-Fi;Wi-Fi;2,4/5 GHz;wlan0;-39.0;;;;-39.0;1.2589254117941662e-07;0.1;1.2589254117941663e-08;1.951136845367281e-06;;;;ROUGE;False
1787663991.4478476;10.706470583000737;Simulation RF;Détection RF large bande;868 MHz;868 MHz;;2374;1.9128393798454977;-32.513575193819904;-65.5135751938199;2.8095869733092265e-10;0.1;2.8095869733092267e-11;2.160932598654383e-09;;;;ORANGE;True
1787663991.4480057;10.706470583000737;Simulation RF;Détection RF large bande;2,45 GHz;2,45 GHz;;2743;2.2106602309933243;-44.426409239732976;-61.12640923973298;7.715411180160784e-10;0.1;7.715411180160785e-11;5.062698189590427e-09;;;;ORANGE;True
1787663991.45838;10.717199284000344;Wi-Fi;Wi-Fi;2,4/5 GHz;wlan0;-38.0;;;;-38.0;1.584893192461114e-07;0.1;1.5848931924611143e-08;1.966985777291892e-06;;;;ROUGE;False
1787663991.513928;10.772746938000637;BLE Sniffer;Appareil BLE;2,4 GHz BLE;7f:a1:17:cb:99:7f;-73.0;;;;-73.0;5.011872336272715e-11;0.00028;1.40332425415636e-14;7.155106847918097e-12;25;0x00;38;VERT;False
1787663991.5148237;10.773641915000553;BLE Sniffer;Appareil BLE;2,4 GHz BLE;7f:a1:17:cb:99:7f;-89.0;;;;-89.0;1.258925411794166e-12;0.00028;3.5249911530236646e-16;7.155459347033399e-12;25;0x00;39;VERT;False
1787663991.548035;10.806609701000525;Simulation RF;Détection RF large bande;868 MHz;868 MHz;;2363;1.904258764952122;-32.17035059808488;-65.17035059808488;3.040639550433412e-10;0.1;3.040639550433412e-11;2.191338994158717e-09;;;;ORANGE;True
1787663991.5484588;10.806609701000525;Simulation RF;Détection RF large bande;2,45 GHz;2,45 GHz;;2741;2.2092661349282268;-44.37064539712907;-61.07064539712907;7.815116569326516e-10;0.1;7.815116569326517e-11;5.140849355283692e-09;;;;ORANGE;True
1787663991.5580964;10.81691525900078;Wi-Fi;Wi-Fi;2,4/5 GHz;wlan0;-38.0;;;;-38.0;1.584893192461114e-07;0.1;1.5848931924611143e-08;1.9828347092165032e-06;;;;ROUGE;False
1787663991.648072;10.906697313000222;Simulation RF;Détection RF large bande;868 MHz;868 MHz;;2343;1.888489661164185;-31.539586446567398;-64.5395864465674;3.5159391918287466e-10;0.1;3.515939191828747e-11;2.2264983860770043e-09;;;;ORANGE;True
1787663991.6482263;10.906697313000222;Simulation RF;Détection RF large bande;2,45 GHz;2,45 GHz;;2764;2.227797896515908;-45.111915860636316;-61.81191586063631;6.588831692841037e-10;0.1;6.588831692841037e-11;5.206737672212102e-09;;;;ORANGE;True
1787663991.662598;10.921421451000242;Wi-Fi;Wi-Fi;2,4/5 GHz;wlan0;-38.0;;;;-38.0;1.584893192461114e-07;0.1;1.5848931924611143e-08;1.9986836411411143e-06;;;;ROUGE;False
1787663991.718854;10.977674856000704;BLE Sniffer;iBeacon;2,4 GHz BLE;6b:c0:f9:52:88:a7;-58.0;;;;-58.0;1.584893192461111e-09;0.000368;5.832406948256889e-13;1.6657428131113438e-11;36;0x00;37;ORANGE;False
1787663991.718967;10.97778464700059;BLE Sniffer;iBeacon;2,4 GHz BLE;6b:c0:f9:52:88:a7;-58.0;;;;-58.0;1.584893192461111e-09;0.000368;5.832406948256889e-13;1.7240668825939125e-11;36;0x00;38;ORANGE;False
1787663991.719018;10.977835282000342;BLE Sniffer;iBeacon;2,4 GHz BLE;6b:c0:f9:52:88:a7;-61.0;;;;-61.0;7.943282347242822e-10;0.000368;2.9231279037853586e-13;1.753298161631766e-11;36;0x00;39;ORANGE;False
1787663991.719327;10.978144837999935;Simulation LoRa;LoRa;868 MHz;LoRa 868.100 MHz;-90.25041701619284;;;;-90.25041701619284;9.439702304711254e-13;0.046335999999999995;4.3739804599110066e-14;8.374068431364839e-13;13;"SNR=5.99;SF=7;BW=125.0;CR=4/5;F=868.100;CRC=OK;PAYLOAD=54454d504f5f4c4f52415f3130";7;VERT;True
1787663991.7210865;10.979907177000314;BLE Sniffer;Appareil BLE;2,4 GHz BLE;7f:a1:17:cb:99:7f;-77.0;;;;-77.0;1.9952623149688828e-11;0.00028;5.586734481912872e-15;7.161046081515311e-12;25;0x00;37;VERT;False
1787663991.7482617;11.006824893000157;Simulation RF;Détection RF large bande;868 MHz;868 MHz;;2303;1.8559728051317395;-30.23891220526958;-63.23891220526958;4.743607854215209e-10;0.1;4.743607854215209e-11;2.2739344646191563e-09;;;;ORANGE;True
1787663991.7485213;11.006824893000157;Simulation RF;Détection RF large bande;2,45 GHz;2,45 GHz;;2683;2.1621944770268744;-42.487779081074976;-59.18777908107498;1.2056523358501448e-09;0.1;1.2056523358501448e-10;5.327302905797117e-09;;;;ORANGE;True
1787663991.7595506;11.018369357000665;Wi-Fi;Wi-Fi;2,4/5 GHz;wlan0;-38.0;;;;-38.0;1.584893192461114e-07;0.1;1.5848931924611143e-08;2.0145325730657254e-06;;;;ROUGE;False
1787663991.823666;11.08248499199999;BLE Sniffer;Appareil BLE;2,4 GHz BLE;7f:a1:17:cb:99:7f;-75.0;;;;-75.0;3.1622776601683794e-11;0.00028;8.854377448471461e-15;7.1699004589637825e-12;25;0x00;38;VERT;False
1787663991.8240535;11.082871408000756;BLE Sniffer;Appareil BLE;2,4 GHz BLE;7f:a1:17:cb:99:7f;-85.0;;;;-85.0;3.1622776601683794e-12;0.00028;8.854377448471461e-16;7.17078589670863e-12;25;0x00;39;VERT;False
1787663991.8482897;11.106914412000151;Simulation RF;Détection RF large bande;868 MHz;868 MHz;;2382;1.9195067803787058;-32.78027121514823;-65.78027121514823;2.642243745115819e-10;0.1;2.642243745115819e-11;2.3003569020703143e-09;;;;ORANGE;True
1787663991.8484623;11.106914412000151;Simulation RF;Détection RF large bande;2,45 GHz;2,45 GHz;;2762;2.2254928187862544;-45.01971275145017;-61.71971275145017;6.730211693899947e-10;0.1;6.730211693899947e-11;5.394605022736117e-09;;;;ORANGE;True
1787663991.8561952;11.115014226000312;Wi-Fi;Wi-Fi;2,4/5 GHz;wlan0;-38.0;;;;-38.0;1.584893192461114e-07;0.1;1.5848931924611143e-08;2.0303815049903364e-06;;;;ROUGE;False
1787663991.9484649;11.207014784999956;Simulation RF;Détection RF large bande;868 MHz;868 MHz;;2378;1.9161348745784548;-32.64539498313819;-65.64539498313819;2.725589840087885e-10;0.1;2.7255898400878852e-11;2.327612800471193e-09;;;;ORANGE;True
1787663991.9487193;11.207014784999956;Simulation RF;Détection RF large bande;2,45 GHz;2,45 GHz;;2709;2.1833696663754423;-43.33478665501768;-60.03478665501768;9.92022070627941e-10;0.1;9.920220706279409e-11;5.493807229798911e-09;;;;ORANGE;True
1787663991.9633813;11.222199774000728;Wi-Fi;Wi-Fi;2,4/5 GHz;wlan0;-38.0;;;;-38.0;1.584893192461114e-07;0.1;1.5848931924611143e-08;2.0462304369149475e-06;;;;ROUGE;False
1787663992.0271802;11.285998917000143;BLE Sniffer;iBeacon;2,4 GHz BLE;6b:c0:f9:52:88:a7;-59.0;;;;-59.0;1.2589254117941663e-09;0.000368;4.632845515402531e-13;1.7996266167857916e-11;36;0x00;37;ORANGE;False
1787663992.0279725;11.286790307000047;BLE Sniffer;iBeacon;2,4 GHz BLE;6b:c0:f9:52:88:a7;-59.0;;;;-59.0;1.2589254117941663e-09;0.000368;4.632845515402531e-13;1.845955071939817e-11;36;0x00;38;ORANGE;False
1787663992.0280316;11.286848685000223;BLE Sniffer;iBeacon;2,4 GHz BLE;6b:c0:f9:52:88:a7;-62.0;;;;-62.0;6.309573444801942e-10;0.000368;2.321923027687115e-13;1.869174302216688e-11;36;0x00;39;ORANGE;False
1787663992.0485559;11.307098174000203;Simulation RF;Détection RF large bande;868 MHz;868 MHz;;2400;1.9336642650926574;-33.3465706037063;-66.3465706037063;2.3192252979620708e-10;0.1;2.319225297962071e-11;2.350805053450814e-09;;;;ORANGE;True
1787663992.0486999;11.307098174000203;Simulation RF;Détection RF large bande;2,45 GHz;2,45 GHz;;2743;2.2103391121334117;-44.413564485336465;-61.11356448533646;7.738264166778102e-10;0.1;7.738264166778102e-11;5.571189871466692e-09;;;;ORANGE;True
1787663992.0566618;11.315480833000038;Wi-Fi;Wi-Fi;2,4/5 GHz;wlan0;-38.0;;;;-38.0;1.584893192461114e-07;0.1;1.5848931924611143e-08;2.0620793688395586e-06;;;;ROUGE;False
1787663992.1293797;11.388198960000409;BLE Sniffer;Appareil BLE;2,4 GHz BLE;7f:a1:17:cb:99:7f;-76.0;;;;-76.0;2.5118864315095823e-11;0.00028;7.03328200822683e-15;7.177819178716856e-12;25;0x00;37;VERT;False
1787663992.1486826;11.407257105000099;Simulation RF;Détection RF large bande;868 MHz;868 MHz;;2404;1.9376014465333633;-33.50405786133453;-66.50405786133453;2.2366303504969477e-10;0.1;2.236630350496948e-11;2.3731713569557837e-09;;;;ORANGE;True
1787663992.1488853;11.407257105000099;Simulation RF;Détection RF large bande;2,45 GHz;2,45 GHz;;2770;2.232537277316165;-45.301491092646586;-62.00149109264659;6.307407508079253e-10;0.1;6.307407508079253e-11;5.6342639465474846e-09;;;;ORANGE;True
1787663992.160883;11.419702097000481;Wi-Fi;Wi-Fi;2,4/5 GHz;wlan0;-38.0;;;;-38.0;1.584893192461114e-07;0.1;1.5848931924611143e-08;2.0779283007641696e-06;;;;ROUGE;False
1787663992.2332594;11.492080035000072;BLE Sniffer;iBeacon;2,4 GHz BLE;6b:c0:f9:52:88:a7;-58.0;;;;-58.0;1.584893192461111e-09;0.000368;5.832406948256889e-13;1.9274983716992567e-11;36;0x00;38;ORANGE;False
1787663992.2489483;11.50738738400014;Simulation RF;Détection RF large bande;868 MHz;868 MHz;;2391;1.9264706001217728;-33.058824004870914;-66.05882400487091;2.4780929919609876e-10;0.1;2.4780929919609878e-11;2.3979522868753935e-09;;;;ORANGE;True
1787663992.2494733;11.50738738400014;Simulation RF;Détection RF large bande;2,45 GHz;2,45 GHz;;2741;2.2086325696611717;-44.345302786446865;-61.04530278644686;7.86085384028168e-10;0.1;7.86085384028168e-11;5.712872484950301e-09;;;;ORANGE;True
1787663992.2595425;11.518360867999945;Wi-Fi;Wi-Fi;2,4/5 GHz;wlan0;-38.0;;;;-38.0;1.584893192461114e-07;0.1;1.5848931924611143e-08;2.0937772326887807e-06;;;;ROUGE;False
1787663992.3343086;11.593129700000645;BLE Sniffer;iBeacon;2,4 GHz BLE;6b:c0:f9:52:88:a7;-63.0;;;;-63.0;5.011872336272714e-10;0.000368;1.8443690197483588e-13;1.9459420618967405e-11;36;0x00;39;ORANGE;False
1787663992.3361037;11.594923783000013;BLE Sniffer;Appareil BLE;2,4 GHz BLE;7f:a1:17:cb:99:7f;-79.0;;;;-79.0;1.2589254117941662e-11;0.00028;3.524991153023665e-15;7.18134416986988e-12;25;0x00;37;VERT;False
1787663992.336184;11.595001403999959;BLE Sniffer;Appareil BLE;2,4 GHz BLE;7f:a1:17:cb:99:7f;-44.0;;;;-44.0;3.981071705534969e-08;0.000176;7.006686201741545e-12;1.4188030371611425e-11;12;0x03;38;ROUGE;False
1787663992.336224;11.595041316000788;BLE Sniffer;Appareil BLE;2,4 GHz BLE;7f:a1:17:cb:99:7f;-84.0;;;;-84.0;3.9810717055349695e-12;0.00028;1.1147000775497915e-15;1.4189145071688975e-11;25;0x00;39;VERT;False
1787663992.3523786;11.607492623000326;Simulation RF;Détection RF large bande;868 MHz;868 MHz;;2369;1.90898895407827;-32.3595581631308;-65.3595581631308;2.9110132598814853e-10;0.1;2.911013259881485e-11;2.4270624194742086e-09;;;;ORANGE;True
1787663992.3526952;11.607492623000326;Simulation RF;Détection RF large bande;2,45 GHz;2,45 GHz;;2772;2.234148318051472;-45.36593272205887;-62.065932722058875;6.214507661839886e-10;0.1;6.214507661839887e-11;5.7750175615687e-09;;;;ORANGE;True
1787663992.3703969;11.629215972000566;Wi-Fi;Wi-Fi;2,4/5 GHz;wlan0;-38.0;;;;-38.0;1.584893192461114e-07;0.1;1.5848931924611143e-08;2.1096261646133918e-06;;;;ROUGE;False
1787663992.4488955;11.70757526700072;Simulation RF;Détection RF large bande;868 MHz;868 MHz;;2314;1.8649239283063146;-30.596957132252577;-63.59695713225258;4.368217825645095e-10;0.1;4.3682178256450956e-11;2.4707445977306597e-09;;;;ORANGE;True
1787663992.4490411;11.70757526700072;Simulation RF;Détection RF large bande;2,45 GHz;2,45 GHz;;2723;2.193979027198967;-43.75916108795869;-60.459161087958684;8.996713512347239e-10;0.1;8.996713512347239e-11;5.8649846966921726e-09;;;;ORANGE;True
1787663992.4576538;11.716472301000067;Wi-Fi;Wi-Fi;2,4/5 GHz;wlan0;-38.0;;;;-38.0;1.584893192461114e-07;0.1;1.5848931924611143e-08;2.125475096538003e-06;;;;ROUGE;False
1787663992.5435896;11.802408122000088;BLE Sniffer;iBeacon;2,4 GHz BLE;6b:c0:f9:52:88:a7;-59.0;;;;-59.0;1.2589254117941663e-09;0.000368;4.632845515402531e-13;1.992270517050766e-11;36;0x00;37;ORANGE;False
1787663992.543664;11.80248111200035;BLE Sniffer;iBeacon;2,4 GHz BLE;6b:c0:f9:52:88:a7;-58.0;;;;-58.0;1.584893192461111e-09;0.000368;5.832406948256889e-13;2.0505945865333346e-11;36;0x00;38;ORANGE;False
1787663992.5489557;11.80765081700065;Simulation RF;Détection RF large bande;868 MHz;868 MHz;;2349;1.8931552509866556;-31.726210039466224;-64.72621003946622;3.3680536132294274e-10;0.1;3.368053613229428e-11;2.504425133862954e-09;;;;ORANGE;True
1787663992.5490975;11.80765081700065;Simulation RF;Détection RF large bande;2,45 GHz;2,45 GHz;;2668;2.149796433923602;-41.99185735694408;-58.69185735694408;1.351494442922749e-09;0.1;1.351494442922749e-10;6.000134140984447e-09;;;;ORANGE;True
1787663992.5601819;11.819000753000182;Wi-Fi;Wi-Fi;2,4/5 GHz;wlan0;-38.0;;;;-38.0;1.584893192461114e-07;0.1;1.5848931924611143e-08;2.141324028462614e-06;;;;ROUGE;False
1787663992.6458375;11.904655726000783;BLE Sniffer;iBeacon;2,4 GHz BLE;6b:c0:f9:52:88:a7;-63.0;;;;-63.0;5.011872336272714e-10;0.000368;1.8443690197483588e-13;2.0690382767308184e-11;36;0x00;39;ORANGE;False
1787663992.6459103;11.904727586000263;BLE Sniffer;Appareil BLE;2,4 GHz BLE;7f:a1:17:cb:99:7f;-82.0;;;;-82.0;6.309573444801943e-12;0.00028;1.7666805645445437e-15;1.4190911752253519e-11;25;0x00;37;VERT;False
1787663992.6459498;11.90476733200012;BLE Sniffer;Appareil BLE;2,4 GHz BLE;7f:a1:17:cb:99:7f;-72.0;;;;-72.0;6.309573444801942e-11;0.00028;1.7666805645445437e-14;1.4208578557898965e-11;25;0x00;38;VERT;False
1787663992.645986;11.904803428999912;BLE Sniffer;Appareil BLE;2,4 GHz BLE;7f:a1:17:cb:99:7f;-88.0;;;;-88.0;1.584893192461111e-12;0.00028;4.4377009388911103e-16;1.4209022327992853e-11;25;0x00;39;VERT;False
1787663992.6490326;11.90773151600024;Simulation RF;Détection RF large bande;868 MHz;868 MHz;;2349;1.8931549513643995;-31.726198054575974;-64.72619805457597;3.368062907800347e-10;0.1;3.368062907800347e-11;2.5381057629409573e-09;;;;ORANGE;True
1787663992.6491718;11.90773151600024;Simulation RF;Détection RF large bande;2,45 GHz;2,45 GHz;;2751;2.216555189894132;-44.66220759576528;-61.36220759576528;7.3076752698115e-10;0.1;7.307675269811501e-11;6.073210893682562e-09;;;;ORANGE;True
1787663992.6577215;11.916539726000337;Wi-Fi;Wi-Fi;2,4/5 GHz;wlan0;-38.0;;;;-38.0;1.584893192461114e-07;0.1;1.5848931924611143e-08;2.157172960387225e-06;;;;ROUGE;False
1787663992.7489293;12.007747763000225;Simulation LoRa;LoRa;868 MHz;LoRa 868.100 MHz;-89.80024412031098;;;;-89.80024412031098;1.0470696897938604e-12;0.046335999999999995;4.8517021146288314e-14;8.859238642827722e-13;13;"SNR=5.27;SF=7;BW=125.0;CR=4/5;F=868.100;CRC=OK;PAYLOAD=54454d504f5f4c4f52415f3131";7;VERT;True
1787663992.749702;12.007950621000418;Simulation RF;Détection RF large bande;868 MHz;868 MHz;;2373;1.9120736084106218;-32.482944336424865;-65.48294433642486;2.829473080029655e-10;0.1;2.829473080029655e-11;2.566400493741254e-09;;;;ORANGE;True
1787663992.7498336;12.007950621000418;Simulation RF;Détection RF large bande;2,45 GHz;2,45 GHz;;2734;2.203463406338774;-44.13853625355095;-60.838536253550956;8.244159294000462e-10;0.1;8.244159294000463e-11;6.155652486622567e-09;;;;ORANGE;True
1787663992.7608156;12.019633892000456;Wi-Fi;Wi-Fi;2,4/5 GHz;wlan0;-39.0;;;;-39.0;1.2589254117941662e-07;0.1;1.2589254117941663e-08;2.1697622145051665e-06;;;;ROUGE;False
1787663992.850969;12.10978756500026;BLE Sniffer;Appareil BLE;2,4 GHz BLE;7f:a1:17:cb:99:7f;-80.0;;;;-80.0;1e-11;0.00028;2.7999999999999997e-15;1.4211822327992854e-11;25;0x00;37;VERT;False
1787663992.851037;12.109854221000205;BLE Sniffer;Appareil BLE;2,4 GHz BLE;7f:a1:17:c9:99:7f;-75.0;;;;-75.0;3.1622776601683794e-11;0.00028;8.854377448471461e-15;8.854377448471461e-15;25;0x00;38;VERT;False
1787663992.8510756;12.109893040000316;BLE Sniffer;Appareil BLE;2,4 GHz BLE;d3:23:2f:4d:3e:b1;-80.0;;;;-80.0;1e-11;0.000376;3.7599999999999996e-15;7.048569863164271e-14;37;0x00;39;VERT;False
1787663992.8494265;12.10804000600001;Simulation RF;Détection RF large bande;868 MHz;868 MHz;;2352;1.895748283836824;-31.829931353472958;-64.82993135347296;3.28856828892933e-10;0.1;3.28856828892933e-11;2.599286176630547e-09;;;;ORANGE;True
1787663992.8523822;12.10804000600001;Simulation RF;Détection RF large bande;2,45 GHz;2,45 GHz;;2738;2.2066449396895034;-44.265797587580124;-60.96579758758013;8.006085821757737e-10;0.1;8.006085821757737e-11;6.235713344840144e-09;;;;ORANGE;True
1787663992.8611617;12.119980290000058;Wi-Fi;Wi-Fi;2,4/5 GHz;wlan0;-39.0;;;;-39.0;1.2589254117941662e-07;0.1;1.2589254117941663e-08;2.182351468623108e-06;;;;ROUGE;False
1787663992.949511;12.208127613000215;Simulation RF;Détection RF large bande;868 MHz;868 MHz;;2392;1.9272799959472342;-33.09119983788936;-66.09119983788936;2.459687965181639e-10;0.1;2.4596879651816393e-11;2.6238830562823635e-09;;;;ORANGE;True
1787663992.9496737;12.208127613000215;Simulation RF;Détection RF large bande;2,45 GHz;2,45 GHz;;2707;2.181838413406322;-43.27353653625288;-59.97353653625287;1.0061120404706144e-09;0.1;1.0061120404706144e-10;6.336324548887205e-09;;;;ORANGE;True
1787663992.960541;12.219360813000094;Wi-Fi;Wi-Fi;2,4/5 GHz;wlan0;-39.0;;;;-39.0;1.2589254117941662e-07;0.1;1.2589254117941663e-08;2.1949407227410497e-06;;;;ROUGE;False
1787663993.0495465;12.308173770999929;Simulation RF;Détection RF large bande;868 MHz;868 MHz;;2416;1.9471676728761402;-33.88670691504561;-66.88670691504561;2.0479969639988861e-10;0.1;2.0479969639988863e-11;2.6443630259223526e-09;;;;ORANGE;True
1787663993.0496998;12.308173770999929;Simulation RF;Détection RF large bande;2,45 GHz;2,45 GHz;;2766;2.229334793864402;-45.17339175457607;-61.873391754576076;6.496221500435915e-10;0.1;6.496221500435916e-11;6.401286763891565e-09;;;;ORANGE;True
1787663993.0569203;12.315738885999963;BLE Sniffer;Appareil BLE;2,4 GHz BLE;7f:a1:17:cb:99:7f;-76.0;;;;-76.0;2.5118864315095823e-11;0.00028;7.03328200822683e-15;1.4218855610001081e-11;25;0x00;37;VERT;False
1787663993.0598657;12.31868415900044;Wi-Fi;Wi-Fi;2,4/5 GHz;wlan0;-39.0;;;;-39.0;1.2589254117941662e-07;0.1;1.2589254117941663e-08;2.2075299768589913e-06;;;;ROUGE;False
1787663993.1496296;12.40825728100026;Simulation RF;Détection RF large bande;868 MHz;868 MHz;;2350;1.8938944343620787;-31.755777374483145;-64.75577737448315;3.345201343634925e-10;0.1;3.3452013436349254e-11;2.6778150393587018e-09;;;;ORANGE;True
1787663993.149783;12.40825728100026;Simulation RF;Détection RF large bande;2,45 GHz;2,45 GHz;;2759;2.2235688841837353;-44.942755367349406;-61.64275536734941;6.850534585888442e-10;0.1;6.850534585888442e-11;6.469792109750449e-09;;;;ORANGE;True
1787663993.1583974;12.417215725999995;BLE Sniffer;iBeacon;2,4 GHz BLE;6b:c0:f9:52:88:a7;-58.0;;;;-58.0;1.584893192461111e-09;0.000368;5.832406948256889e-13;2.127362346213387e-11;36;0x00;38;ORANGE;False
1787663993.1586328;12.41745047600034;BLE Sniffer;iBeacon;2,4 GHz BLE;6b:c0:f9:52:88:a7;-63.0;;;;-63.0;5.011872336272714e-10;0.000368;1.8443690197483588e-13;2.145806036410871e-11;36;0x00;39;ORANGE;False
1787663993.1625292;12.421348103000128;Wi-Fi;Wi-Fi;2,4/5 GHz;wlan0;-39.0;;;;-39.0;1.2589254117941662e-07;0.1;1.2589254117941663e-08;2.220119230976933e-06;;;;ROUGE;False
1787663993.2497199;12.508342254000127;Simulation RF;Détection RF large bande;868 MHz;868 MHz;;2342;1.88709367524462;-31.483747009784793;-64.48374700978479;3.561437268323759e-10;0.1;3.561437268323759e-11;2.7134294120419395e-09;;;;ORANGE;True
1787663993.2498734;12.508342254000127;Simulation RF;Détection RF large bande;2,45 GHz;2,45 GHz;;2748;2.214584722390443;-44.583388895617716;-61.28338889561771;7.441510697987163e-10;0.1;7.441510697987163e-11;6.544207216730321e-09;;;;ORANGE;True
1787663993.2586403;12.517459089000113;Wi-Fi;Wi-Fi;2,4/5 GHz;wlan0;-39.0;;;;-39.0;1.2589254117941662e-07;0.1;1.2589254117941663e-08;2.2327084850948745e-06;;;;ROUGE;False
1787663993.3498013;12.608425430000352;Simulation RF;Détection RF large bande;868 MHz;868 MHz;;2403;1.9362502254053895;-33.450009016215574;-66.45000901621557;2.2646396060596687e-10;0.1;2.2646396060596687e-11;2.7360758081025363e-09;;;;ORANGE;True
1787663993.3499563;12.608425430000352;Simulation RF;Détection RF large bande;2,45 GHz;2,45 GHz;;2770;2.232045255838785;-45.2818102335514;-61.98181023355139;6.336055556763086e-10;0.1;6.336055556763086e-11;6.607567772297951e-09;;;;ORANGE;True
1787663993.358962;12.61778171900005;Wi-Fi;Wi-Fi;2,4/5 GHz;wlan0;-38.0;;;;-38.0;1.584893192461114e-07;0.1;1.5848931924611143e-08;2.2485574170194855e-06;;;;ROUGE;False
1787663993.363424;12.6222443380002;BLE Sniffer;Appareil BLE;2,4 GHz BLE;7f:a1:17:cb:99:7f;-75.0;;;;-75.0;3.1622776601683794e-11;0.00028;8.854377448471461e-15;1.4227709987449552e-11;25;0x00;37;VERT;False
1787663993.4498947;12.708513051999944;Simulation RF;Détection RF large bande;868 MHz;868 MHz;;2403;1.93609667248524;-33.4438668994096;-66.4438668994096;2.267844694371203e-10;0.1;2.267844694371203e-11;2.7587542550462483e-09;;;;ORANGE;True
1787663993.4500573;12.708513051999944;Simulation RF;Détection RF large bande;2,45 GHz;2,45 GHz;;2779;2.239547505399871;-45.581900215994835;-62.28190021599484;5.913028583809046e-10;0.1;5.913028583809046e-11;6.666698058136042e-09;;;;ORANGE;True
1787663993.4588513;12.717669724000189;Wi-Fi;Wi-Fi;2,4/5 GHz;wlan0;-38.0;;;;-38.0;1.584893192461114e-07;0.1;1.5848931924611143e-08;2.2644063489440966e-06;;;;ROUGE;False
1787663993.4662607;12.725078338999992;BLE Sniffer;iBeacon;2,4 GHz BLE;6b:c0:f9:52:88:a7;-58.0;;;;-58.0;1.584893192461111e-09;0.000368;5.832406948256889e-13;2.2041301058934396e-11;36;0x00;38;ORANGE;False
1787663993.4663124;12.725129864000337;BLE Sniffer;iBeacon;2,4 GHz BLE;6b:c0:f9:52:88:a7;-62.0;;;;-62.0;6.309573444801942e-10;0.000368;2.321923027687115e-13;2.2273493361703106e-11;36;0x00;39;ORANGE;False
1787663993.5499673;12.808599025000149;Simulation RF;Détection RF large bande;868 MHz;868 MHz;;2382;1.9196920158426707;-32.78768063370683;-65.78768063370683;2.637739704712005e-10;0.1;2.6377397047120053e-11;2.7851316520933683e-09;;;;ORANGE;True
1787663993.5501168;12.808599025000149;Simulation RF;Détection RF large bande;2,45 GHz;2,45 GHz;;2719;2.1907498759834563;-43.62999503933824;-60.32999503933824;9.268308820370283e-10;0.1;9.268308820370284e-11;6.759381146339744e-09;;;;ORANGE;True
1787663993.5593717;12.818190656000297;Wi-Fi;Wi-Fi;2,4/5 GHz;wlan0;-38.0;;;;-38.0;1.584893192461114e-07;0.1;1.5848931924611143e-08;2.2802552808687077e-06;;;;ROUGE;False
1787663993.6500423;12.908678608000628;Simulation RF;Détection RF large bande;868 MHz;868 MHz;;2430;1.958236483533449;-34.32945934133795;-67.32945934133795;1.8494988510846716e-10;0.1;1.8494988510846716e-11;2.803626640604215e-09;;;;ORANGE;True
1787663993.6501837;12.908678608000628;Simulation RF;Détection RF large bande;2,45 GHz;2,45 GHz;;2771;2.2328850923053674;-45.31540369221469;-62.01540369221468;6.287234093178535e-10;0.1;6.287234093178535e-11;6.8222534872715296e-09;;;;ORANGE;True
1787663993.6587882;12.917606402000274;Wi-Fi;Wi-Fi;2,4/5 GHz;wlan0;-38.0;;;;-38.0;1.584893192461114e-07;0.1;1.5848931924611143e-08;2.2961042127933187e-06;;;;ROUGE;False
1787663993.6709256;12.92974489000062;BLE Sniffer;Appareil BLE;2,4 GHz BLE;7f:a1:17:cb:99:7f;-75.0;;;;-75.0;3.1622776601683794e-11;0.00028;8.854377448471461e-15;1.4236564364898023e-11;25;0x00;37;VERT;False
1787663993.6710138;12.92983136300063;BLE Sniffer;Appareil BLE;2,4 GHz BLE;7f:a1:17:cb:99:7f;-75.0;;;;-75.0;3.1622776601683794e-11;0.00028;8.854377448471461e-15;1.4245418742346495e-11;25;0x00;38;VERT;False
1787663993.6734066;12.932225477999964;BLE Sniffer;iBeacon;2,4 GHz BLE;6b:c0:f9:52:88:a7;-64.0;;;;-64.0;3.9810717055349694e-10;0.000368;1.4650343876368688e-13;2.241999680046679e-11;36;0x00;39;ORANGE;False
1787663993.7501373;13.008766619000198;Simulation RF;Détection RF large bande;868 MHz;868 MHz;;2359;1.900742342135017;-32.02969368540067;-65.02969368540067;3.140730206611977e-10;0.1;3.1407302066119776e-11;2.8350339426703347e-09;;;;ORANGE;True
1787663993.7502913;13.008766619000198;Simulation RF;Détection RF large bande;2,45 GHz;2,45 GHz;;2724;2.1948524292765508;-43.79409717106202;-60.49409717106202;8.924631291505868e-10;0.1;8.924631291505868e-11;6.911499800186588e-09;;;;ORANGE;True
1787663993.7627;13.021518438000385;Wi-Fi;Wi-Fi;2,4/5 GHz;wlan0;-38.0;;;;-38.0;1.584893192461114e-07;0.1;1.5848931924611143e-08;2.31195314471793e-06;;;;ROUGE;False
1787663993.774303;13.033122935999927;Simulation LoRa;LoRa;868 MHz;LoRa 868.100 MHz;-86.99266765137419;;;;-86.99266765137419;1.9986338328208034e-12;0.046335999999999995;9.260869727758474e-14;9.785325615603569e-13;13;"SNR=7.53;SF=7;BW=125.0;CR=4/5;F=868.100;CRC=OK;PAYLOAD=54454d504f5f4c4f52415f3132";7;VERT;True
1787663993.8502462;13.108858796000277;Simulation RF;Détection RF large bande;868 MHz;868 MHz;;2384;1.9209255193685846;-32.83702077474338;-65.83702077474338;2.607941963746141e-10;0.1;2.607941963746141e-11;2.861113362307796e-09;;;;ORANGE;True
1787663993.8504112;13.108858796000277;Simulation RF;Détection RF large bande;2,45 GHz;2,45 GHz;;2733;2.2025647244798163;-44.102588979192646;-60.80258897919265;8.312680757968087e-10;0.1;8.312680757968087e-11;6.994626607766269e-09;;;;ORANGE;True
1787663993.862368;13.121186732000751;Wi-Fi;Wi-Fi;2,4/5 GHz;wlan0;-38.0;;;;-38.0;1.584893192461114e-07;0.1;1.5848931924611143e-08;2.327802076642541e-06;;;;ROUGE;False
1787663993.9503224;13.208971106000718;Simulation RF;Détection RF large bande;868 MHz;868 MHz;;2411;1.942922118724768;-33.71688474899072;-66.71688474899072;2.129666135535191e-10;0.1;2.129666135535191e-11;2.882410023663148e-09;;;;ORANGE;True
1787663993.950458;13.208971106000718;Simulation RF;Détection RF large bande;2,45 GHz;2,45 GHz;;2787;2.2458417587992594;-45.83367035197037;-62.533670351970365;5.579984143336723e-10;0.1;5.5799841433367234e-11;7.050426449199636e-09;;;;ORANGE;True
1787663993.9616435;13.220463016999929;Wi-Fi;Wi-Fi;2,4/5 GHz;wlan0;-37.0;;;;-37.0;1.9952623149688787e-07;0.1;1.995262314968879e-08;2.34775469979223e-06;;;;ROUGE;False
1787663993.9794052;13.238224760000776;BLE Sniffer;Appareil BLE;2,4 GHz BLE;7f:a1:17:cb:99:7f;-79.0;;;;-79.0;1.2589254117941662e-11;0.00028;3.524991153023665e-15;1.4248943733499518e-11;25;0x00;37;VERT;False
1787663993.9795053;13.238322827000047;BLE Sniffer;iBeacon;2,4 GHz BLE;6b:c0:f9:52:88:a7;-58.0;;;;-58.0;1.584893192461111e-09;0.000368;5.832406948256889e-13;2.300323749529248e-11;36;0x00;38;ORANGE;False
1787663994.0504272;13.309057152000605;Simulation RF;Détection RF large bande;868 MHz;868 MHz;;2399;1.9328755077724187;-33.31502031089674;-66.31502031089674;2.336135176657296e-10;0.1;2.3361351766572962e-11;2.905771375429721e-09;;;;ORANGE;True
1787663994.050576;13.309057152000605;Simulation RF;Détection RF large bande;2,45 GHz;2,45 GHz;;2722;2.1932758365367775;-43.7310334614711;-60.431033461471095;9.055170954238218e-10;0.1;9.055170954238218e-11;7.140978158742018e-09;;;;ORANGE;True
1787663994.059342;13.318160278000505;Wi-Fi;Wi-Fi;2,4/5 GHz;wlan0;-37.0;;;;-37.0;1.9952623149688787e-07;0.1;1.995262314968879e-08;2.3677073229419187e-06;;;;ROUGE;False
1787663994.0825949;13.341414197000631;BLE Sniffer;iBeacon;2,4 GHz BLE;6b:c0:f9:52:88:a7;-63.0;;;;-63.0;5.011872336272714e-10;0.000368;1.8443690197483588e-13;2.3187674397267316e-11;36;0x00;39;ORANGE;False
1787663994.1505175;13.409141787999943;Simulation RF;Détection RF large bande;868 MHz;868 MHz;;2379;1.917210535411995;-32.6884214164798;-65.6884214164798;2.698720191180114e-10;0.1;2.6987201911801142e-11;2.932758577341522e-09;;;;ORANGE;True
1787663994.1506693;13.409141787999943;Simulation RF;Détection RF large bande;2,45 GHz;2,45 GHz;;2799;2.255245111278136;-46.209804451125436;-62.90980445112543;5.117048754507699e-10;0.1;5.117048754507699e-11;7.192148646287095e-09;;;;ORANGE;True
1787663994.161655;13.420473694000066;Wi-Fi;Wi-Fi;2,4/5 GHz;wlan0;-36.0;;;;-36.0;2.5118864315095823e-07;0.1;2.5118864315095824e-08;2.3928261872570144e-06;;;;ROUGE;False
1787663994.1863368;13.445156003000193;BLE Sniffer;Appareil BLE;2,4 GHz BLE;7f:a1:17:cb:99:7f;-79.0;;;;-79.0;1.2589254117941662e-11;0.00028;3.524991153023665e-15;1.425246872465254e-11;25;0x00;37;VERT;False
1787663994.2505887;13.509219922000739;Simulation RF;Détection RF large bande;868 MHz;868 MHz;;2429;1.957813591311223;-34.31254365244891;-67.31254365244891;1.8567166620319569e-10;0.1;1.856716662031957e-11;2.9513257439618415e-09;;;;ORANGE;True
1787663994.2507327;13.509219922000739;Simulation RF;Détection RF large bande;2,45 GHz;2,45 GHz;;2716;2.1884396775785997;-43.53758710314398;-60.23758710314398;9.467630273710817e-10;0.1;9.467630273710817e-11;7.286824949024203e-09;;;;ORANGE;True
1787663994.2589886;13.517806931999985;Wi-Fi;Wi-Fi;2,4/5 GHz;wlan0;-36.0;;;;-36.0;2.5118864315095823e-07;0.1;2.5118864315095824e-08;2.41794505157211e-06;;;;ROUGE;False
1787663994.2878878;13.546708088000742;BLE Sniffer;iBeacon;2,4 GHz BLE;6b:c0:f9:52:88:a7;-58.0;;;;-58.0;1.584893192461111e-09;0.000368;5.832406948256889e-13;2.3770915092093004e-11;36;0x00;38;ORANGE;False
1787663994.2894118;13.548230564000733;BLE Sniffer;iBeacon;2,4 GHz BLE;6b:c0:f9:52:88:a7;-62.0;;;;-62.0;6.309573444801942e-10;0.000368;2.321923027687115e-13;2.4003107394861714e-11;36;0x00;39;ORANGE;False
1787663994.3506744;13.609304391000478;Simulation RF;Détection RF large bande;868 MHz;868 MHz;;2407;1.9400269094611635;-33.601076378446535;-66.60107637844654;2.1872194647096872e-10;0.1;2.1872194647096874e-11;2.9731979386089386e-09;;;;ORANGE;True
1787663994.350825;13.609304391000478;Simulation RF;Détection RF large bande;2,45 GHz;2,45 GHz;;2719;2.191346903189929;-43.653876127597144;-60.35387612759714;9.217483890135066e-10;0.1;9.217483890135066e-11;7.378999787925554e-09;;;;ORANGE;True
1787663994.3619041;13.620723177999935;Wi-Fi;Wi-Fi;2,4/5 GHz;wlan0;-35.0;;;;-35.0;3.162277660168379e-07;0.1;3.162277660168379e-08;2.449567828173794e-06;;;;ROUGE;False
1787663994.4507456;13.709382785000344;Simulation RF;Détection RF large bande;868 MHz;868 MHz;;2373;1.9126042843448308;-32.50417137379323;-65.50417137379323;2.8156771901242397e-10;0.1;2.8156771901242397e-11;3.001354710510181e-09;;;;ORANGE;True
1787663994.450881;13.709382785000344;Simulation RF;Détection RF large bande;2,45 GHz;2,45 GHz;;2733;2.20276705051327;-44.1106820205308;-60.8106820205308;8.297204571268432e-10;0.1;8.297204571268432e-11;7.461971833638238e-09;;;;ORANGE;True
1787663994.4589727;13.717790958000478;Wi-Fi;Wi-Fi;2,4/5 GHz;wlan0;-34.0;;;;-34.0;3.981071705534969e-07;0.1;3.9810717055349696e-08;2.4893785452291434e-06;;;;ROUGE;False
1787663994.4924161;13.75123664900002;BLE Sniffer;Appareil BLE;2,4 GHz BLE;7f:a1:17:cb:99:7f;-78.0;;;;-78.0;1.5848931924611107e-11;0.00028;4.4377009388911094e-15;1.4256906425591432e-11;25;0x00;37;VERT;False
1787663994.5508296;13.80946080800004;Simulation RF;Détection RF large bande;868 MHz;868 MHz;;2484;2.00152207873796;-36.0608831495184;-69.0608831495184;1.2413998399244935e-10;0.1;1.2413998399244936e-11;3.013768708909426e-09;;;;ORANGE;True
1787663994.5509746;13.80946080800004;Simulation RF;Détection RF large bande;2,45 GHz;2,45 GHz;;2771;2.2330490929798987;-45.32196371919595;-62.021963719195945;6.277744382212797e-10;0.1;6.277744382212798e-11;7.524749277460366e-09;;;;ORANGE;True
1787663994.562061;13.820879577000596;Wi-Fi;Wi-Fi;2,4/5 GHz;wlan0;-33.0;;;;-33.0;5.011872336272725e-07;0.1;5.011872336272725e-08;2.539497268591871e-06;;;;ROUGE;False
1787663994.5948377;13.85365689199989;BLE Sniffer;iBeacon;2,4 GHz BLE;6b:c0:f9:52:88:a7;-60.0;;;;-60.0;1e-09;0.000368;3.6800000000000005e-13;2.4371107394861714e-11;36;0x00;38;ORANGE;False
1787663994.594922;13.853739384000619;BLE Sniffer;iBeacon;2,4 GHz BLE;6b:c0:f9:52:88:a7;-64.0;;;;-64.0;3.9810717055349694e-10;0.000368;1.4650343876368688e-13;2.45176108336254e-11;36;0x00;39;ORANGE;False
1787663994.6509392;13.90955213000052;Simulation RF;Détection RF large bande;868 MHz;868 MHz;;2354;1.8969506473796742;-31.878025895186965;-64.87802589518697;3.252351008468828e-10;0.1;3.252351008468828e-11;3.0462922189941143e-09;;;;ORANGE;True
1787663994.651103;13.90955213000052;Simulation RF;Détection RF large bande;2,45 GHz;2,45 GHz;;2739;2.2075802396256794;-44.303209585027176;-61.00320958502718;7.93741415808447e-10;0.1;7.937414158084471e-11;7.60412341904121e-09;;;;ORANGE;True
1787663994.6589003;13.917718571000478;Wi-Fi;Wi-Fi;2,4/5 GHz;wlan0;-32.0;;;;-32.0;6.30957344480193e-07;0.1;6.30957344480193e-08;2.60259300303989e-06;;;;ROUGE;False
1787663994.7510135;14.00963733900062;Simulation RF;Détection RF large bande;868 MHz;868 MHz;;2465;1.9864124173077689;-35.45649669231075;-68.45649669231075;1.4267580473100828e-10;0.1;1.4267580473100828e-11;3.060559799467215e-09;;;;ORANGE;True
1787663994.7511656;14.00963733900062;Simulation RF;Détection RF large bande;2,45 GHz;2,45 GHz;;2719;2.191248675517668;-43.649947020706705;-60.3499470207067;9.225826816105257e-10;0.1;9.225826816105258e-11;7.696381687202263e-09;;;;ORANGE;True
1787663994.761163;14.01998162900054;Wi-Fi;Wi-Fi;2,4/5 GHz;wlan0;-31.0;;;;-31.0;7.943282347242822e-07;0.1;7.943282347242822e-08;2.6820258265123183e-06;;;;ROUGE;False
1787663994.79916;14.057978855000329;Simulation LoRa;LoRa;868 MHz;LoRa 868.100 MHz;-90.06639506532939;;;;-90.06639506532939;9.848282398839722e-13;0.046335999999999995;4.563300132326373e-14;1.0241655628836207e-12;13;"SNR=6.88;SF=7;BW=125.0;CR=4/5;F=868.100;CRC=OK;PAYLOAD=54454d504f5f4c4f52415f3133";7;VERT;True
1787663994.7992427;14.058060272000148;BLE Sniffer;Appareil BLE;2,4 GHz BLE;7f:a1:17:cb:99:7f;-80.0;;;;-80.0;1e-11;0.00028;2.7999999999999997e-15;1.4259706425591433e-11;25;0x00;37;VERT;False
1787663994.8007045;14.059523574000195;BLE Sniffer;iBeacon;2,4 GHz BLE;6b:c0:f9:52:88:a7;-60.0;;;;-60.0;1e-09;0.000368;3.6800000000000005e-13;2.48856108336254e-11;36;0x00;38;ORANGE;False
1787663994.8510983;14.10972929000036;Simulation RF;Détection RF large bande;868 MHz;868 MHz;;2416;1.9466687708695407;-33.86675083478163;-66.86675083478163;2.0574292818082196e-10;0.1;2.0574292818082197e-11;3.0811340922852973e-09;;;;ORANGE;True
1787663994.8512497;14.10972929000036;Simulation RF;Détection RF large bande;2,45 GHz;2,45 GHz;;2726;2.1963869771473443;-43.85547908589376;-60.55547908589376;8.79938037197168e-10;0.1;8.79938037197168e-11;7.78437549092198e-09;;;;ORANGE;True
1787663994.8599594;14.118777520000549;Wi-Fi;Wi-Fi;2,4/5 GHz;wlan0;-31.0;;;;-31.0;7.943282347242822e-07;0.1;7.943282347242822e-08;2.7614586499847465e-06;;;;ROUGE;False
1787663994.902264;14.16108338200047;BLE Sniffer;iBeacon;2,4 GHz BLE;6b:c0:f9:52:88:a7;-64.0;;;;-64.0;3.9810717055349694e-10;0.000368;1.4650343876368688e-13;2.5032114272389085e-11;36;0x00;39;ORANGE;False
1787663994.9511924;14.209815426000205;Simulation RF;Détection RF large bande;868 MHz;868 MHz;;2392;1.9274055275434834;-33.09622110173933;-66.09622110173933;2.4568457450677457e-10;0.1;2.456845745067746e-11;3.105702549735975e-09;;;;ORANGE;True
1787663994.9513454;14.209815426000205;Simulation RF;Détection RF large bande;2,45 GHz;2,45 GHz;;2693;2.1705368835041647;-42.821475340166586;-59.52147534016659;1.1164839030199072e-09;0.1;1.1164839030199073e-10;7.89602388122397e-09;;;;ORANGE;True
1787663994.96098;14.219799043999956;Wi-Fi;Wi-Fi;2,4/5 GHz;wlan0;-30.0;;;;-30.0;1e-06;0.1;1e-07;2.8614586499847464e-06;;;;ROUGE;False
1787663995.0074453;14.266263875000732;BLE Sniffer;Appareil BLE;2,4 GHz BLE;7f:a1:17:cb:99:7f;-79.0;;;;-79.0;1.2589254117941662e-11;0.00028;3.524991153023665e-15;1.4263231416744456e-11;25;0x00;37;VERT;False
1787663995.0512936;14.3099037460006;Simulation RF;Détection RF large bande;868 MHz;868 MHz;;2419;1.9493766276122568;-33.97506510449027;-66.97506510449027;2.0067510068635256e-10;0.1;2.006751006863526e-11;3.12577005980461e-09;;;;ORANGE;True
1787663995.0514452;14.3099037460006;Simulation RF;Détection RF large bande;2,45 GHz;2,45 GHz;;2734;2.2030253875963006;-44.12101550385202;-60.82101550385202;8.277485899506965e-10;0.1;8.277485899506965e-11;7.97879874021904e-09;;;;ORANGE;True
1787663995.0603335;14.319152292000581;Wi-Fi;Wi-Fi;2,4/5 GHz;wlan0;-29.0;;;;-29.0;1.2589254117941661e-06;0.1;1.2589254117941662e-07;2.987351191164163e-06;;;;ROUGE;False
1787663995.109776;14.3685948250004;BLE Sniffer;iBeacon;2,4 GHz BLE;6b:c0:f9:52:88:a7;-60.0;;;;-60.0;1e-09;0.000368;3.6800000000000005e-13;2.5400114272389085e-11;36;0x00;38;ORANGE;False
1787663995.151363;14.409994859000108;Simulation RF;Détection RF large bande;868 MHz;868 MHz;;2510;2.0230349985347638;-36.92139994139055;-69.92139994139055;1.0182630996463665e-10;0.1;1.0182630996463665e-11;3.1359526908010734e-09;;;;ORANGE;True
1787663995.1515138;14.409994859000108;Simulation RF;Détection RF large bande;2,45 GHz;2,45 GHz;;2729;2.199231704838252;-43.96926819353007;-60.66926819353007;8.571822722749413e-10;0.1;8.571822722749414e-11;8.064516967446535e-09;;;;ORANGE;True
1787663995.1628656;14.421685635999893;Wi-Fi;Wi-Fi;2,4/5 GHz;wlan0;-30.0;;;;-30.0;1e-06;0.1;1e-07;3.087351191164163e-06;;;;ROUGE;False
1787663995.210647;14.469466196000212;BLE Sniffer;iBeacon;2,4 GHz BLE;6b:c0:f9:52:88:a7;-64.0;;;;-64.0;3.9810717055349694e-10;0.000368;1.4650343876368688e-13;2.554661771115277e-11;36;0x00;39;ORANGE;False
1787663995.25146;14.510083973000292;Simulation RF;Détection RF large bande;868 MHz;868 MHz;;2481;1.9994215080840272;-35.97686032336108;-68.97686032336108;1.2656510030835303e-10;0.1;1.2656510030835303e-11;3.148609200831909e-09;;;;ORANGE;True
1787663995.2516155;14.510083973000292;Simulation RF;Détection RF large bande;2,45 GHz;2,45 GHz;;2747;2.2138892186178;-44.55556874471199;-61.255568744711994;7.489332730529362e-10;0.1;7.489332730529362e-11;8.139410294751828e-09;;;;ORANGE;True
1787663995.2604413;14.519259807000708;Wi-Fi;Wi-Fi;2,4/5 GHz;wlan0;-30.0;;;;-30.0;1e-06;0.1;1e-07;3.187351191164163e-06;;;;ROUGE;False
1787663995.314617;14.573435708000034;BLE Sniffer;Appareil BLE;2,4 GHz BLE;7f:a1:17:cb:99:7f;-77.0;;;;-77.0;1.9952623149688828e-11;0.00028;5.586734481912872e-15;1.4268818151226369e-11;25;0x00;37;VERT;False
1787663995.314689;14.573506532000465;BLE Sniffer;Appareil BLE;2,4 GHz BLE;7f:a1:17:cb:99:7f;-74.0;;;;-74.0;3.9810717055349695e-11;0.00015199999999999998;6.051228992413153e-15;1.4274869380218781e-11;9;0x00;38;VERT;False
1787663995.3147285;14.573545684000237;BLE Sniffer;Appareil BLE;2,4 GHz BLE;7f:a1:27:cb:99:7f;-89.0;;;;-89.0;1.258925411794166e-12;0.00028;3.5249911530236646e-16;3.5249911530236646e-16;25;0x00;39;VERT;False
1787663995.351539;14.610174142000687;Simulation RF;Détection RF large bande;868 MHz;868 MHz;;2416;1.9468190156095107;-33.87276062438042;-66.87276062438042;2.054584169475937e-10;0.1;2.054584169475937e-11;3.1691550425266683e-09;;;;ORANGE;True
1787663995.351692;14.610174142000687;Simulation RF;Détection RF large bande;2,45 GHz;2,45 GHz;;2722;2.193813428887738;-43.7525371555095;-60.452537155509496;9.010445920832062e-10;0.1;9.010445920832063e-11;8.229514753960149e-09;;;;ORANGE;True
1787663995.3612947;14.620113472999947;Wi-Fi;Wi-Fi;2,4/5 GHz;wlan0;-30.0;;;;-30.0;1e-06;0.1;1e-07;3.2873511911641628e-06;;;;ROUGE;False
1787663995.4173727;14.676191893000578;BLE Sniffer;iBeacon;2,4 GHz BLE;6b:c0:f9:52:88:a7;-60.0;;;;-60.0;1e-09;0.000368;3.6800000000000005e-13;2.591461771115277e-11;36;0x00;37;ORANGE;False
1787663995.4178934;14.676711510000132;BLE Sniffer;iBeacon;2,4 GHz BLE;6b:c0:f9:52:88:a7;-59.0;;;;-59.0;1.2589254117941663e-09;0.000368;4.632845515402531e-13;2.6377902262693025e-11;36;0x00;38;ORANGE;False
1787663995.41795;14.67676733100052;BLE Sniffer;iBeacon;2,4 GHz BLE;6b:c0:f9:52:88:a7;-64.0;;;;-64.0;3.9810717055349694e-10;0.000368;1.4650343876368688e-13;2.652440570145671e-11;36;0x00;39;ORANGE;False
1787663995.4516437;14.710263996000322;Simulation RF;Détection RF large bande;868 MHz;868 MHz;;2503;2.0173145343416303;-36.692581373665206;-69.6925813736652;1.0733512406996797e-10;0.1;1.0733512406996797e-11;3.1798885549336652e-09;;;;ORANGE;True
1787663995.4518056;14.710263996000322;Simulation RF;Détection RF large bande;2,45 GHz;2,45 GHz;;2691;2.1687139084487295;-42.74855633794918;-59.448556337949185;1.1353881735443722e-09;0.1;1.1353881735443722e-10;8.343053571314585e-09;;;;ORANGE;True
1787663995.460455;14.719273624999914;Wi-Fi;Wi-Fi;2,4/5 GHz;wlan0;-30.0;;;;-30.0;1e-06;0.1;1e-07;3.3873511911641626e-06;;;;ROUGE;False
1787663995.5517292;14.81035459100076;Simulation RF;Détection RF large bande;868 MHz;868 MHz;;2470;1.9901365531414001;-35.605462125656004;-68.605462125656;1.3786492453519e-10;0.1;1.3786492453519e-11;3.1936750473871843e-09;;;;ORANGE;True
1787663995.5518873;14.81035459100076;Simulation RF;Détection RF large bande;2,45 GHz;2,45 GHz;;2755;2.2200760127552757;-44.80304051021102;-61.503040510211015;7.074503226272506e-10;0.1;7.074503226272506e-11;8.41379860357731e-09;;;;ORANGE;True
1787663995.5651886;14.82400694900025;Wi-Fi;Wi-Fi;2,4/5 GHz;wlan0;-30.0;;;;-30.0;1e-06;0.1;1e-07;3.4873511911641625e-06;;;;ROUGE;False
1787663995.622106;14.880928191000748;BLE Sniffer;Appareil BLE;2,4 GHz BLE;7f:a1:17:cb:99:7f;-76.0;;;;-76.0;2.5118864315095823e-11;0.00028;7.03328200822683e-15;1.4281902662227008e-11;25;0x00;37;VERT;False
1787663995.6238623;14.882681470000534;BLE Sniffer;Appareil BLE;2,4 GHz BLE;7f:a1:17:cb:99:7f;-75.0;;;;-75.0;3.1622776601683794e-11;0.00028;8.854377448471461e-15;1.429075703967548e-11;25;0x00;38;VERT;False
1787663995.6244547;14.883273039999949;BLE Sniffer;Appareil BLE;2,4 GHz BLE;7f:a1:17:cb:99:7f;-88.0;;;;-88.0;1.584893192461111e-12;0.00028;4.4377009388911103e-16;1.4291200809769368e-11;25;0x00;39;VERT;False
1787663995.6518416;14.910448297000585;Simulation RF;Détection RF large bande;868 MHz;868 MHz;;2395;1.9298125100217598;-33.19250040087039;-66.19250040087039;2.402978914006212e-10;0.1;2.402978914006212e-11;3.2177048365272466e-09;;;;ORANGE;True
1787663995.6521873;14.910448297000585;Simulation RF;Détection RF large bande;2,45 GHz;2,45 GHz;;2758;2.2228931830156995;-44.91572732062798;-61.61572732062798;6.893301401693703e-10;0.1;6.893301401693704e-11;8.482731617594247e-09;;;;ORANGE;True
1787663995.6614745;14.920293302000573;Wi-Fi;Wi-Fi;2,4/5 GHz;wlan0;-31.0;;;;-31.0;7.943282347242822e-07;0.1;7.943282347242822e-08;3.5667840146365907e-06;;;;ROUGE;False
1787663995.7263389;14.98515930800022;BLE Sniffer;iBeacon;2,4 GHz BLE;6b:c0:f9:52:88:a7;-58.0;;;;-58.0;1.584893192461111e-09;0.000368;5.832406948256889e-13;2.7107646396282397e-11;36;0x00;37;ORANGE;False
1787663995.7278488;14.98666742900059;BLE Sniffer;iBeacon;2,4 GHz BLE;6b:c0:f9:52:88:a7;-58.0;;;;-58.0;1.584893192461111e-09;0.000368;5.832406948256889e-13;2.7690887091108085e-11;36;0x00;38;ORANGE;False
1787663995.727911;14.986728269000196;BLE Sniffer;iBeacon;2,4 GHz BLE;6b:c0:f9:52:88:a7;-64.0;;;;-64.0;3.9810717055349694e-10;0.000368;1.4650343876368688e-13;2.783739052987177e-11;36;0x00;39;ORANGE;False
1787663995.7279866;14.986804075000691;Simulation LoRa;LoRa;868 MHz;LoRa 868.100 MHz;-87.51731599580285;;;;-87.51731599580285;1.7712032499702035e-12;0.046335999999999995;8.207047379061934e-14;1.10623603667424e-12;13;"SNR=6.38;SF=7;BW=125.0;CR=4/5;F=868.100;CRC=OK;PAYLOAD=54454d504f5f4c4f52415f3134";7;VERT;True
1787663995.751905;15.010532150000472;Simulation RF;Détection RF large bande;868 MHz;868 MHz;;2413;1.9447315025929068;-33.78926010371627;-66.78926010371627;2.0944692547699904e-10;0.1;2.0944692547699905e-11;3.2386495290749465e-09;;;;ORANGE;True
1787663995.7520647;15.010532150000472;Simulation RF;Détection RF large bande;2,45 GHz;2,45 GHz;;2812;2.266056884280825;-46.642275371232984;-63.34227537123299;4.6320417255919324e-10;0.1;4.6320417255919325e-11;8.529052034850166e-09;;;;ORANGE;True
1787663995.7638972;15.022715392000464;Wi-Fi;Wi-Fi;2,4/5 GHz;wlan0;-31.0;;;;-31.0;7.943282347242822e-07;0.1;7.943282347242822e-08;3.646216838109019e-06;;;;ROUGE;False
1787663995.8315358;15.090355463999913;BLE Sniffer;Appareil BLE;2,4 GHz BLE;7f:a1:17:cb:99:7f;-77.0;;;;-77.0;1.9952623149688828e-11;0.00028;5.586734481912872e-15;1.4296787544251281e-11;25;0x00;37;VERT;False
1787663995.8519652;15.11060509500021;Simulation RF;Détection RF large bande;868 MHz;868 MHz;;2476;1.9954720919620095;-35.818883678480375;-68.81888367848038;1.312537233552612e-10;0.1;1.312537233552612e-11;3.2517749014104725e-09;;;;ORANGE;True
1787663995.8521063;15.11060509500021;Simulation RF;Détection RF large bande;2,45 GHz;2,45 GHz;;2656;2.1407572875775562;-41.63029150310224;-58.330291503102245;1.4688276850495418e-09;0.1;1.468827685049542e-10;8.67593480335512e-09;;;;ORANGE;True
1787663995.862501;15.121319017000133;Wi-Fi;Wi-Fi;2,4/5 GHz;wlan0;-31.0;;;;-31.0;7.943282347242822e-07;0.1;7.943282347242822e-08;3.725649661581447e-06;;;;ROUGE;False
1787663995.9324636;15.191282916000091;BLE Sniffer;Appareil BLE;2,4 GHz BLE;7f:a1:17:cb:99:7f;-73.0;;;;-73.0;5.011872336272715e-11;0.00028;1.40332425415636e-14;1.4310820786792844e-11;25;0x00;38;VERT;False
1787663995.9340584;15.192876992000492;BLE Sniffer;Appareil BLE;2,4 GHz BLE;7f:a1:17:cb:99:7f;-87.0;;;;-87.0;1.9952623149688827e-12;0.00028;5.586734481912871e-16;1.4311379460241036e-11;25;0x00;39;VERT;False
1787663995.9607422;15.210687171000245;Simulation RF;Détection RF large bande;868 MHz;868 MHz;;2402;1.9357697224293369;-33.43078889717347;-66.43078889717347;2.274684196203689e-10;0.1;2.2746841962036893e-11;3.2745217433725095e-09;;;;ORANGE;True
1787663995.9609704;15.210687171000245;Simulation RF;Détection RF large bande;2,45 GHz;2,45 GHz;;2694;2.1706969343431335;-42.82787737372533;-59.52787737372533;1.1148392812350997e-09;0.1;1.1148392812350997e-10;8.78741873147863e-09;;;;ORANGE;True
1787663995.9702008;15.229021670000293;Wi-Fi;Wi-Fi;2,4/5 GHz;wlan0;-31.0;;;;-31.0;7.943282347242822e-07;0.1;7.943282347242822e-08;3.805082485053875e-06;;;;ROUGE;False
1787663996.0354495;15.294268411000303;BLE Sniffer;iBeacon;2,4 GHz BLE;6b:c0:f9:52:88:a7;-59.0;;;;-59.0;1.2589254117941663e-09;0.000368;4.632845515402531e-13;2.8300675081412024e-11;36;0x00;37;ORANGE;False
1787663996.0371382;15.295958164000695;BLE Sniffer;iBeacon;2,4 GHz BLE;6b:c0:f9:52:88:a7;-58.0;;;;-58.0;1.584893192461111e-09;0.000368;5.832406948256889e-13;2.8883915776237712e-11;36;0x00;38;ORANGE;False
1787663996.0379894;15.296807745000478;BLE Sniffer;iBeacon;2,4 GHz BLE;6b:c0:f9:52:88:a7;-64.0;;;;-64.0;3.9810717055349694e-10;0.000368;1.4650343876368688e-13;2.9030419215001397e-11;36;0x00;39;ORANGE;False
1787663996.0380652;15.296882309000466;BLE Sniffer;Appareil BLE;2,4 GHz BLE;53:01:e9:f2:b1:85;-44.0;;;;-44.0;3.981071705534969e-08;0.000176;7.006686201741545e-12;7.006686201741545e-12;12;0x03;37;ROUGE;False
1787663996.052114;15.310776135000197;Simulation RF;Détection RF large bande;868 MHz;868 MHz;;2484;2.001650832321543;-36.06603329286172;-69.06603329286172;1.2399285806657665e-10;0.1;1.2399285806657665e-11;3.286921029179167e-09;;;;ORANGE;True
1787663996.0522606;15.310776135000197;Simulation RF;Détection RF large bande;2,45 GHz;2,45 GHz;;2744;2.211325191032737;-44.45300764130948;-61.153007641309486;7.668302486420146e-10;0.1;7.668302486420147e-11;8.864101756342832e-09;;;;ORANGE;True
1787663996.061089;15.319907904000502;Wi-Fi;Wi-Fi;2,4/5 GHz;wlan0;-32.0;;;;-32.0;6.30957344480193e-07;0.1;6.30957344480193e-08;3.8681782195018945e-06;;;;ROUGE;False
1787663996.1419098;15.400727857000675;BLE Sniffer;Appareil BLE;2,4 GHz BLE;7f:a1:17:cb:99:7f;-77.0;;;;-77.0;1.9952623149688828e-11;0.00028;5.586734481912872e-15;1.4316966194722948e-11;25;0x00;38;VERT;False
1787663996.1522202;15.410862355000063;Simulation RF;Détection RF large bande;868 MHz;868 MHz;;2461;1.9830221122072471;-35.32088448828988;-68.32088448828988;1.4720126803942984e-10;0.1;1.4720126803942983e-11;3.30164115598311e-09;;;;ORANGE;True
1787663996.15242;15.410862355000063;Simulation RF;Détection RF large bande;2,45 GHz;2,45 GHz;;2745;2.211840799808722;-44.47363199234887;-61.17363199234887;7.631972569295915e-10;0.1;7.631972569295915e-11;8.94042148203579e-09;;;;ORANGE;True
1787663996.1612694;15.420088950000718;Wi-Fi;Wi-Fi;2,4/5 GHz;wlan0;-32.0;;;;-32.0;6.30957344480193e-07;0.1;6.30957344480193e-08;3.931273953949913e-06;;;;ROUGE;False
1787663996.2443838;15.503203319000022;BLE Sniffer;iBeacon;2,4 GHz BLE;6b:c0:f9:52:88:a7;-66.0;;;;-66.0;2.511886431509582e-10;0.000368;9.243742067955262e-14;2.912285663568095e-11;36;0x00;39;ORANGE;False
1787663996.2522564;15.510944055999971;Simulation RF;Détection RF large bande;868 MHz;868 MHz;;2402;1.9360769754578406;-33.443079018313625;-66.44307901831363;2.2682561557468775e-10;0.1;2.2682561557468775e-11;3.3243237175405786e-09;;;;ORANGE;True
1787663996.2524407;15.510944055999971;Simulation RF;Détection RF large bande;2,45 GHz;2,45 GHz;;2790;2.2487498837546704;-45.94999535018681;-62.64999535018681;5.432509131286299e-10;0.1;5.4325091312862996e-11;8.994746573348653e-09;;;;ORANGE;True
1787663996.2614496;15.52026744000068;Wi-Fi;Wi-Fi;2,4/5 GHz;wlan0;-32.0;;;;-32.0;6.30957344480193e-07;0.1;6.30957344480193e-08;3.994369688397932e-06;;;;ROUGE;False
1787663996.3468912;15.605710284999986;BLE Sniffer;Appareil BLE;2,4 GHz BLE;7f:a1:17:cb:99:7f;-77.0;;;;-77.0;1.9952623149688828e-11;0.00028;5.586734481912872e-15;1.4322552929204861e-11;25;0x00;37;VERT;False
1787663996.3523672;15.611024238000027;Simulation RF;Détection RF large bande;868 MHz;868 MHz;;2459;1.9813374720040848;-35.25349888016339;-68.25349888016339;1.49503070387879e-10;0.1;1.49503070387879e-11;3.3392740245793665e-09;;;;ORANGE;True
1787663996.3525789;15.611024238000027;Simulation RF;Détection RF large bande;2,45 GHz;2,45 GHz;;2753;2.218139641970884;-44.72558567883536;-61.42558567883536;7.20180622905281e-10;0.1;7.201806229052811e-11;9.066764635639181e-09;;;;ORANGE;True
1787663996.3653774;15.624196813000708;Wi-Fi;Wi-Fi;2,4/5 GHz;wlan0;-32.0;;;;-32.0;6.30957344480193e-07;0.1;6.30957344480193e-08;4.057465422845951e-06;;;;ROUGE;False
1787663996.448966;15.707784996000555;BLE Sniffer;Appareil BLE;2,4 GHz BLE;7f:a1:17:cb:99:7f;-74.0;;;;-74.0;3.9810717055349695e-11;0.00028;1.1147000775497913e-14;1.4333699929980359e-11;25;0x00;38;VERT;False
1787663996.4494953;15.708313261000512;BLE Sniffer;Appareil BLE;2,4 GHz BLE;7f:a1:17:cb:99:7f;-87.0;;;;-87.0;1.9952623149688827e-12;0.00028;5.586734481912871e-16;1.433425860342855e-11;25;0x00;39;VERT;False
1787663996.4524546;15.711103328000718;Simulation RF;Détection RF large bande;868 MHz;868 MHz;;2502;2.016208372812285;-36.64833491249139;-69.64833491249139;1.0843425718918991e-10;0.1;1.0843425718918992e-11;3.3501174502982855e-09;;;;ORANGE;True
1787663996.452644;15.711103328000718;Simulation RF;Détection RF large bande;2,45 GHz;2,45 GHz;;2740;2.20835966195164;-44.334386478065596;-61.03438647806559;7.880637522873516e-10;0.1;7.880637522873517e-11;9.145571010867916e-09;;;;ORANGE;True
1787663996.461445;15.720263711999905;Wi-Fi;Wi-Fi;2,4/5 GHz;wlan0;-32.0;;;;-32.0;6.30957344480193e-07;0.1;6.30957344480193e-08;4.12056115729397e-06;;;;ROUGE;False
1787663996.5522282;15.811047865000546;BLE Sniffer;iBeacon;2,4 GHz BLE;6b:c0:f9:52:88:a7;-59.0;;;;-59.0;1.2589254117941663e-09;0.000368;4.632845515402531e-13;2.9586141187221203e-11;36;0x00;37;ORANGE;False
1787663996.5523005;15.811117965999983;BLE Sniffer;iBeacon;2,4 GHz BLE;6b:c0:f9:52:88:a7;-58.0;;;;-58.0;1.584893192461111e-09;0.000368;5.832406948256889e-13;3.016938188204689e-11;36;0x00;38;ORANGE;False
1787663996.5542758;15.811369717000161;Simulation RF;Détection RF large bande;868 MHz;868 MHz;;2498;2.0131797682450303;-36.527190729801205;-69.5271907298012;1.1150155575104546e-10;0.1;1.1150155575104546e-11;3.36126760587339e-09;;;;ORANGE;True
1787663996.55904;15.811369717000161;Simulation RF;Détection RF large bande;2,45 GHz;2,45 GHz;;2776;2.2374160495624307;-45.49664198249722;-62.196641982497226;6.03025672608581e-10;0.1;6.03025672608581e-11;9.205873578128775e-09;;;;ORANGE;True
1787663996.5670202;15.825838184000531;Wi-Fi;Wi-Fi;2,4/5 GHz;wlan0;-33.0;;;;-33.0;5.011872336272725e-07;0.1;5.011872336272725e-08;4.1706798806566975e-06;;;;ROUGE;False
1787663996.6528313;15.91143871300028;Simulation RF;Détection RF large bande;868 MHz;868 MHz;;2481;1.9992745014633113;-35.97098005853245;-68.97098005853245;1.2673658311720665e-10;0.1;1.2673658311720666e-11;3.3739412641851107e-09;;;;ORANGE;True
1787663996.6530416;15.91143871300028;Simulation RF;Détection RF large bande;2,45 GHz;2,45 GHz;;2763;2.226531787994476;-45.06127151977903;-61.76127151977902;6.666115712716507e-10;0.1;6.666115712716507e-11;9.27253473525594e-09;;;;ORANGE;True
1787663996.656748;15.915567306000412;BLE Sniffer;iBeacon;2,4 GHz BLE;6b:c0:f9:52:88:a7;-64.0;;;;-64.0;3.9810717055349694e-10;0.000368;1.4650343876368688e-13;3.0315885320810576e-11;36;0x00;39;ORANGE;False
1787663996.656833;15.91565033400002;BLE Sniffer;Appareil BLE;2,4 GHz BLE;7f:a1:17:cb:99:7f;-75.0;;;;-75.0;3.1622776601683794e-11;0.00028;8.854377448471461e-15;1.4343112980877022e-11;25;0x00;37;VERT;False
1787663996.662496;15.921313866000673;Wi-Fi;Wi-Fi;2,4/5 GHz;wlan0;-33.0;;;;-33.0;5.011872336272725e-07;0.1;5.011872336272725e-08;4.220798604019425e-06;;;;ROUGE;False
1787663996.7529259;16.011525210999935;Simulation RF;Détection RF large bande;868 MHz;868 MHz;;2530;2.038514702040704;-37.54058808162816;-70.54058808162816;8.829603299593733e-11;0.1;8.829603299593734e-12;3.3827708674847045e-09;;;;VERT;True
1787663996.753149;16.011525210999935;Simulation RF;Détection RF large bande;2,45 GHz;2,45 GHz;;2783;2.2424765485634395;-45.69906194253758;-62.399061942537585;5.755642433209676e-10;0.1;5.7556424332096766e-11;9.330091159588037e-09;;;;ORANGE;True
1787663996.7639112;16.02272874100072;BLE Sniffer;Appareil BLE;2,4 GHz BLE;7f:a1:17:cb:99:5f;-74.0;;;;-74.0;3.9810717055349695e-11;0.00028;1.1147000775497913e-14;1.1147000775497913e-14;25;0x00;38;VERT;False
1787663996.7645612;16.02337979799995;BLE Sniffer;Appareil BLE;2,4 GHz BLE;7f:21:17:cb:99:7f;-91.0;;;;-91.0;7.943282347242822e-13;0.000272;2.1605727984500476e-16;2.1605727984500476e-16;24;0x00;39;VERT;False
1787663996.7646675;16.023484811000344;Simulation LoRa;LoRa;868 MHz;LoRa 868.100 MHz;-84.77073090617118;;;;-84.77073090617118;3.33370302698128e-12;0.046335999999999995;1.544704634582046e-13;1.2607065001324446e-12;13;"SNR=5.71;SF=7;BW=125.0;CR=4/5;F=868.100;CRC=OK;PAYLOAD=54454d504f5f4c4f52415f3135";7;VERT;True
1787663996.763771;16.022589576999962;Wi-Fi;Wi-Fi;2,4/5 GHz;wlan0;-33.0;;;;-33.0;5.011872336272725e-07;0.1;5.011872336272725e-08;4.270917327382152e-06;;;;ROUGE;False
1787663996.8529987;16.111607431000266;Simulation RF;Détection RF large bande;868 MHz;868 MHz;;2462;1.9837210641826617;-35.34884256730646;-68.34884256730646;1.462566909365158e-10;0.1;1.4625669093651582e-11;3.397396536578356e-09;;;;ORANGE;True
1787663996.853246;16.111607431000266;Simulation RF;Détection RF large bande;2,45 GHz;2,45 GHz;;2707;2.181469046235647;-43.25876184942588;-59.958761849425876;1.0095406597504258e-09;0.1;1.0095406597504258e-10;9.43104522556308e-09;;;;ORANGE;True
1787663996.8620298;16.120847972000774;Wi-Fi;Wi-Fi;2,4/5 GHz;wlan0;-34.0;;;;-34.0;3.981071705534969e-07;0.1;3.9810717055349696e-08;4.3107280444375024e-06;;;;ROUGE;False
1787663996.8680408;16.126859896000497;BLE Sniffer;iBeacon;2,4 GHz BLE;6b:c0:f9:52:88:a7;-59.0;;;;-59.0;1.2589254117941663e-09;0.000368;4.632845515402531e-13;3.077916987235083e-11;36;0x00;37;ORANGE;False
1787663996.868119;16.126936424000633;BLE Sniffer;iBeacon;2,4 GHz BLE;6b:c0:f9:52:88:a7;-58.0;;;;-58.0;1.584893192461111e-09;0.000368;5.832406948256889e-13;3.1362410567176515e-11;36;0x00;38;ORANGE;False
1787663996.8681593;16.12697652099996;BLE Sniffer;iBeacon;2,4 GHz BLE;6b:c0:f9:52:88:a7;-64.0;;;;-64.0;3.9810717055349694e-10;0.000368;1.4650343876368688e-13;3.15089140059402e-11;36;0x00;39;ORANGE;False
1787663996.9530861;16.211693391000153;Simulation RF;Détection RF large bande;868 MHz;868 MHz;;2442;1.9680150324930006;-34.720601299720016;-67.72060129972002;1.6902068988987313e-10;0.1;1.6902068988987315e-11;3.4142986055673433e-09;;;;ORANGE;True
1787663996.9533055;16.211693391000153;Simulation RF;Détection RF large bande;2,45 GHz;2,45 GHz;;2768;2.2308516384950776;-45.2340655398031;-61.9340655398031;6.406096050520306e-10;0.1;6.406096050520306e-11;9.495106186068284e-09;;;;ORANGE;True
1787663996.9621565;16.22097497499999;Wi-Fi;Wi-Fi;2,4/5 GHz;wlan0;-34.0;;;;-34.0;3.981071705534969e-07;0.1;3.9810717055349696e-08;4.3505387614928525e-06;;;;ROUGE;False
1787663996.9843667;16.243187846000183;BLE Sniffer;Appareil BLE;2,4 GHz BLE;7f:a1:17:cb:99:7f;-82.0;;;;-82.0;6.309573444801943e-12;0.00028;1.7666805645445437e-15;1.4344879661441565e-11;25;0x00;37;VERT;False
1787663996.9844668;16.24328409700047;BLE Sniffer;Appareil BLE;2,4 GHz BLE;7f:a1:17:cb:99:7f;-75.0;;;;-75.0;3.1622776601683794e-11;0.00015199999999999998;4.806662043455936e-15;1.4349686323485022e-11;9;0x00;38;VERT;False
1787663997.0531886;16.3117861110004;Simulation RF;Détection RF large bande;868 MHz;868 MHz;;2463;1.985230464672897;-35.409218586915884;-68.40921858691588;1.4423748503756026e-10;0.1;1.4423748503756026e-11;3.4287223540710993e-09;;;;ORANGE;True
1787663997.0534036;16.3117861110004;Simulation RF;Détection RF large bande;2,45 GHz;2,45 GHz;;2823;2.2750398200345434;-47.00159280138173;-63.701592801381736;4.2642309685908237e-10;0.1;4.264230968590824e-11;9.537748495754193e-09;;;;ORANGE;True
1787663997.0624852;16.321303792000435;Wi-Fi;Wi-Fi;2,4/5 GHz;wlan0;-34.0;;;;-34.0;3.981071705534969e-07;0.1;3.9810717055349696e-08;4.3903494785482025e-06;;;;ROUGE;False
1787663997.0945656;16.353384487000767;BLE Sniffer;iBeacon;2,4 GHz BLE;6b:c0:f9:52:88:a7;-64.0;;;;-64.0;3.9810717055349694e-10;0.000368;1.4650343876368688e-13;3.1655417444703885e-11;36;0x00;39;ORANGE;False
1787663997.1533458;16.411873846000162;Simulation RF;Détection RF large bande;868 MHz;868 MHz;;2452;1.9762958731647275;-35.051834926589095;-68.0518349265891;1.566089245914053e-10;0.1;1.566089245914053e-11;3.44438324653024e-09;;;;ORANGE;True
1787663997.1537514;16.411873846000162;Simulation RF;Détection RF large bande;2,45 GHz;2,45 GHz;;2724;2.195371594542656;-43.81486378170624;-60.51486378170623;8.882058348325272e-10;0.1;8.882058348325272e-11;9.626569079237445e-09;;;;ORANGE;True
1787663997.162413;16.421231731000262;Wi-Fi;Wi-Fi;2,4/5 GHz;wlan0;-34.0;;;;-34.0;3.981071705534969e-07;0.1;3.9810717055349696e-08;4.4301601956035526e-06;;;;ROUGE;False
1787663997.1979592;16.45677894000073;BLE Sniffer;Appareil BLE;2,4 GHz BLE;7f:a1:17:cb:99:7f;-77.0;;;;-77.0;1.9952623149688828e-11;0.00028;5.586734481912872e-15;1.4355273057966935e-11;25;0x00;37;VERT;False
1787663997.1980596;16.456876822000595;BLE Sniffer;Appareil BLE;2,4 GHz BLE;7f:a1:17:cb:99:7f;-75.0;;;;-75.0;3.1622776601683794e-11;0.00028;8.854377448471461e-15;1.4364127435415406e-11;25;0x00;38;VERT;False
1787663997.2533672;16.511967119000474;Simulation RF;Détection RF large bande;868 MHz;868 MHz;;2496;2.0116339193345287;-36.465356773381146;-69.46535677338115;1.1310044733788355e-10;0.1;1.1310044733788356e-11;3.455693291264028e-09;;;;ORANGE;True
1787663997.2535782;16.511967119000474;Simulation RF;Détection RF large bande;2,45 GHz;2,45 GHz;;2759;2.2230626479015694;-44.922505916062775;-61.62250591606277;6.882550527352676e-10;0.1;6.882550527352677e-11;9.695394584510972e-09;;;;ORANGE;True
1787663997.2626126;16.521430571000565;Wi-Fi;Wi-Fi;2,4/5 GHz;wlan0;-35.0;;;;-35.0;3.162277660168379e-07;0.1;3.162277660168379e-08;4.461782972205236e-06;;;;ROUGE;False
1787663997.3000658;16.55888526200033;BLE Sniffer;Appareil BLE;2,4 GHz BLE;7f:a1:17:cb:99:7f;-84.0;;;;-84.0;3.9810717055349695e-12;0.00028;1.1147000775497915e-15;1.4365242135492956e-11;25;0x00;39;VERT;False
1787663997.3538587;16.612056965000193;Simulation RF;Détection RF large bande;868 MHz;868 MHz;;2540;2.0465076347084206;-37.860305388336826;-70.86030538833683;8.20293860662143e-11;0.1;8.20293860662143e-12;3.4638962298706496e-09;;;;VERT;True
1787663997.354044;16.612056965000193;Simulation RF;Détection RF large bande;2,45 GHz;2,45 GHz;;2858;2.302767951841335;-48.11071807365339;-64.81071807365339;3.303149214037811e-10;0.1;3.303149214037811e-11;9.72842607665135e-09;;;;ORANGE;True
1787663997.3627028;16.621520491999945;Wi-Fi;Wi-Fi;2,4/5 GHz;wlan0;-35.0;;;;-35.0;3.162277660168379e-07;0.1;3.162277660168379e-08;4.493405748806919e-06;;;;ROUGE;False
1787663997.4103029;16.669122233000053;BLE Sniffer;iBeacon;2,4 GHz BLE;6b:c0:f9:52:88:a7;-59.0;;;;-59.0;1.2589254117941663e-09;0.000368;4.632845515402531e-13;3.2118701996244136e-11;36;0x00;37;ORANGE;False
1787663997.4104166;16.669234042000426;BLE Sniffer;iBeacon;2,4 GHz BLE;6b:c0:f9:52:88:a7;-58.0;;;;-58.0;1.584893192461111e-09;0.000368;5.832406948256889e-13;3.2701942691069824e-11;36;0x00;38;ORANGE;False
1787663997.4548287;16.712174926000444;Simulation RF;Détection RF large bande;868 MHz;868 MHz;;2432;1.9597771329626998;-34.39108531850799;-67.39108531850799;1.8234399607612752e-10;0.1;1.8234399607612755e-11;3.4821306294782624e-09;;;;ORANGE;True
1787663997.4556892;16.712174926000444;Simulation RF;Détection RF large bande;2,45 GHz;2,45 GHz;;2813;2.266695308410936;-46.667812336437436;-63.36781233643744;4.604884761770716e-10;0.1;4.6048847617707164e-11;9.774474924269057e-09;;;;ORANGE;True
1787663997.4680917;16.726910325000063;Wi-Fi;Wi-Fi;2,4/5 GHz;wlan0;-36.0;;;;-36.0;2.5118864315095823e-07;0.1;2.5118864315095824e-08;4.518524613122015e-06;;;;ROUGE;False
1787663997.513581;16.77239954200013;BLE Sniffer;iBeacon;2,4 GHz BLE;6b:c0:f9:52:88:a7;-64.0;;;;-64.0;3.9810717055349694e-10;0.000368;1.4650343876368688e-13;3.284844612983351e-11;36;0x00;39;ORANGE;False
1787663997.5147936;16.773612739000782;BLE Sniffer;Appareil BLE;2,4 GHz BLE;7f:a1:17:cb:99:7f;-77.0;;;;-77.0;1.9952623149688828e-11;0.00028;5.586734481912872e-15;1.4370828869974869e-11;25;0x00;37;VERT;False
1787663997.5153372;16.774155210000572;BLE Sniffer;Appareil BLE;2,4 GHz BLE;7f:a1:17:cb:99:7f;-73.0;;;;-73.0;5.011872336272715e-11;0.00028;1.40332425415636e-14;1.4384862112516432e-11;25;0x00;38;VERT;False
1787663997.515393;16.77421043800041;BLE Sniffer;Appareil Apple BLE;2,4 GHz BLE;7f:a1:17:cb:99:7f;-89.0;;;;-89.0;1.258925411794166e-12;0.00028;3.5249911530236646e-16;1.4385214611631735e-11;25;0x00;39;VERT;False
1787663997.5537066;16.812272125000163;Simulation RF;Détection RF large bande;868 MHz;868 MHz;;2549;2.0538794669781795;-38.155178679127175;-71.15517867912718;7.664470060526716e-11;0.1;7.664470060526716e-12;3.489795099538789e-09;;;;VERT;True
1787663997.5540226;16.812272125000163;Simulation RF;Détection RF large bande;2,45 GHz;2,45 GHz;;2771;2.23301022541995;-45.320409016797996;-62.020409016798;6.279992113147359e-10;0.1;6.279992113147359e-11;9.83727484540053e-09;;;;ORANGE;True
1787663997.5625987;16.821417392000512;Wi-Fi;Wi-Fi;2,4/5 GHz;wlan0;-36.0;;;;-36.0;2.5118864315095823e-07;0.1;2.5118864315095824e-08;4.543643477437111e-06;;;;ROUGE;False
1787663997.653967;16.912411754999994;Simulation RF;Détection RF large bande;868 MHz;868 MHz;;2492;2.0084708937710847;-36.33883575084339;-69.33883575084339;1.1644381481428903e-10;0.1;1.1644381481428904e-11;3.501439481020218e-09;;;;ORANGE;True
1787663997.654398;16.912411754999994;Simulation RF;Détection RF large bande;2,45 GHz;2,45 GHz;;2728;2.198111645605075;-43.924465824203;-60.62446582420299;8.660708422432697e-10;0.1;8.660708422432697e-11;9.923881929624857e-09;;;;ORANGE;True
1787663997.6646633;16.923481598000762;Wi-Fi;Wi-Fi;2,4/5 GHz;wlan0;-37.0;;;;-37.0;1.9952623149688787e-07;0.1;1.995262314968879e-08;4.5635961005868e-06;;;;ROUGE;False
1787663997.7230067;16.981827885000712;BLE Sniffer;iBeacon;2,4 GHz BLE;6b:c0:f9:52:88:a7;-59.0;;;;-59.0;1.2589254117941663e-09;0.000368;4.632845515402531e-13;3.331173068137376e-11;36;0x00;37;ORANGE;False
1787663997.7238777;16.982696394000413;BLE Sniffer;iBeacon;2,4 GHz BLE;6b:c0:f9:52:88:a7;-58.0;;;;-58.0;1.584893192461111e-09;0.000368;5.832406948256889e-13;3.389497137619945e-11;36;0x00;38;ORANGE;False
1787663997.7239544;16.982771773000422;BLE Sniffer;iBeacon;2,4 GHz BLE;6b:c0:f9:52:88:a7;-64.0;;;;-64.0;3.9810717055349694e-10;0.000368;1.4650343876368688e-13;3.404147481496313e-11;36;0x00;39;ORANGE;False
1787663997.724041;16.98285832000056;Simulation LoRa;LoRa;868 MHz;LoRa 868.100 MHz;-83.97270800340384;;;;-83.97270800340384;4.0061683877562826e-12;0.046335999999999995;1.856298184150751e-13;1.4463363185475196e-12;13;"SNR=9.60;SF=7;BW=125.0;CR=4/5;F=868.100;CRC=OK;PAYLOAD=54454d504f5f4c4f52415f3136";7;VERT;True
1787663997.7539272;17.012510880000264;Simulation RF;Détection RF large bande;868 MHz;868 MHz;;2560;2.0630729114096433;-38.52291645638573;-71.52291645638573;7.042199990191188e-11;0.1;7.042199990191188e-12;3.5084816810104093e-09;;;;VERT;True
1787663997.754123;17.012510880000264;Simulation RF;Détection RF large bande;2,45 GHz;2,45 GHz;;2683;2.1618930442054807;-42.47572176821923;-59.17572176821923;1.209004237872971e-09;0.1;1.209004237872971e-10;1.0044782353412154e-08;;;;ORANGE;True
1787663997.7629724;17.021790386000248;Wi-Fi;Wi-Fi;2,4/5 GHz;wlan0;-37.0;;;;-37.0;1.9952623149688787e-07;0.1;1.995262314968879e-08;4.583548723736489e-06;;;;ROUGE;False
1787663997.8266845;17.085503278000033;BLE Sniffer;Appareil BLE;2,4 GHz BLE;7f:a1:17:cb:99:7f;-77.0;;;;-77.0;1.9952623149688828e-11;0.00028;5.586734481912872e-15;1.4390801346113647e-11;25;0x00;37;VERT;False
1787663997.8285606;17.087379737000447;BLE Sniffer;Appareil BLE;2,4 GHz BLE;7f:a1:17:cb:99:7f;-73.0;;;;-73.0;5.011872336272715e-11;0.00028;1.40332425415636e-14;1.440483458865521e-11;25;0x00;38;VERT;False
1787663997.8286335;17.087451097000667;BLE Sniffer;Appareil BLE;2,4 GHz BLE;7f:a1:17:cb:99:7f;-87.0;;;;-87.0;1.9952623149688827e-12;0.00028;5.586734481912871e-16;1.4405393262103402e-11;25;0x00;39;VERT;False
1787663997.8542092;17.11263473100007;Simulation RF;Détection RF large bande;868 MHz;868 MHz;;2476;1.995666153211316;-35.82664612845264;-68.82664612845264;1.3101933389962155e-10;0.1;1.3101933389962155e-11;3.5215836144003716e-09;;;;ORANGE;True
1787663997.8545685;17.11263473100007;Simulation RF;Détection RF large bande;2,45 GHz;2,45 GHz;;2766;2.2290006911978004;-45.16002764791202;-61.86002764791201;6.516242456988653e-10;0.1;6.516242456988654e-11;1.010994477798204e-08;;;;ORANGE;True
1787663997.8643157;17.12313389600058;Wi-Fi;Wi-Fi;2,4/5 GHz;wlan0;-37.0;;;;-37.0;1.9952623149688787e-07;0.1;1.995262314968879e-08;4.603501346886178e-06;;;;ROUGE;False
1787663997.9541142;17.212728040000002;Simulation RF;Détection RF large bande;868 MHz;868 MHz;;2547;2.0521426260231457;-38.085705040925816;-71.08570504092582;7.788063715614968e-11;0.1;7.788063715614968e-12;3.5293716781159868e-09;;;;VERT;True
1787663997.954312;17.212728040000002;Simulation RF;Détection RF large bande;2,45 GHz;2,45 GHz;;2793;2.250990627388676;-46.03962509554704;-62.73962509554704;5.3215419546329e-10;0.1;5.321541954632901e-11;1.0163160197528369e-08;;;;ORANGE;True
1787663997.963673;17.222491454000192;Wi-Fi;Wi-Fi;2,4/5 GHz;wlan0;-37.0;;;;-37.0;1.9952623149688787e-07;0.1;1.995262314968879e-08;4.623453970035867e-06;;;;ROUGE;False
1787663998.032876;17.291695696000716;BLE Sniffer;iBeacon;2,4 GHz BLE;6b:c0:f9:52:88:a7;-59.0;;;;-59.0;1.2589254117941663e-09;0.000368;4.632845515402531e-13;3.4504759366503384e-11;36;0x00;37;ORANGE;False
1787663998.0342007;17.293019108999943;BLE Sniffer;iBeacon;2,4 GHz BLE;6b:c0:f9:52:88:a7;-58.0;;;;-58.0;1.584893192461111e-09;0.000368;5.832406948256889e-13;3.508800006132907e-11;36;0x00;38;ORANGE;False
1787663998.034785;17.293603176000033;BLE Sniffer;iBeacon;2,4 GHz BLE;6b:c0:f9:52:88:a7;-64.0;;;;-64.0;3.9810717055349694e-10;0.000368;1.4650343876368688e-13;3.5234503500092757e-11;36;0x00;39;ORANGE;False
1787663998.0544944;17.312849981;Simulation RF;Détection RF large bande;868 MHz;868 MHz;;2474;1.9936812244235522;-35.74724897694209;-68.74724897694209;1.334366414202203e-10;0.1;1.334366414202203e-11;3.542715342258009e-09;;;;ORANGE;True
1787663998.0549202;17.312849981;Simulation RF;Détection RF large bande;2,45 GHz;2,45 GHz;;2767;2.2298209445714194;-45.19283778285677;-61.89283778285677;6.467198955810436e-10;0.1;6.467198955810435e-11;1.0227832187086473e-08;;;;ORANGE;True
1787663998.0646489;17.32346739700006;Wi-Fi;Wi-Fi;2,4/5 GHz;wlan0;-38.0;;;;-38.0;1.584893192461114e-07;0.1;1.5848931924611143e-08;4.639302901960479e-06;;;;ROUGE;False
1787663998.1373794;17.39619864300039;BLE Sniffer;Appareil BLE;2,4 GHz BLE;7f:a1:17:cb:99:7f;-76.0;;;;-76.0;2.5118864315095823e-11;0.00028;7.03328200822683e-15;1.441242654411163e-11;25;0x00;37;VERT;False
1787663998.1392357;17.398054709999997;BLE Sniffer;Appareil BLE;2,4 GHz BLE;7f:a1:17:cb:99:7f;-73.0;;;;-73.0;5.011872336272715e-11;0.00028;1.40332425415636e-14;1.4426459786653193e-11;25;0x00;38;VERT;False
1787663998.13931;17.39812710700062;BLE Sniffer;Appareil BLE;2,4 GHz BLE;7f:a1:17:cb:99:7f;-88.0;;;;-88.0;1.584893192461111e-12;0.00028;4.4377009388911103e-16;1.4426903556747081e-11;25;0x00;39;VERT;False
1787663998.1543438;17.412944825000523;Simulation RF;Détection RF large bande;868 MHz;868 MHz;;2482;1.9999383239347823;-35.997532957391286;-68.99753295739129;1.2596407570429823e-10;0.1;1.2596407570429824e-11;3.555311749828439e-09;;;;ORANGE;True
1787663998.1545124;17.412944825000523;Simulation RF;Détection RF large bande;2,45 GHz;2,45 GHz;;2703;2.178003049281313;-43.12012197125253;-59.820121971252526;1.04228815640402e-09;0.1;1.0422881564040201e-10;1.0332061002726876e-08;;;;ORANGE;True
1787663998.1630745;17.42189278800015;Wi-Fi;Wi-Fi;2,4/5 GHz;wlan0;-38.0;;;;-38.0;1.584893192461114e-07;0.1;1.5848931924611143e-08;4.65515183388509e-06;;;;ROUGE;False
1787663998.2432232;17.50204196699997;BLE Sniffer;iBeacon;2,4 GHz BLE;6b:c0:f9:52:88:a7;-60.0;;;;-60.0;1e-09;0.000368;3.6800000000000005e-13;3.560250350009276e-11;36;0x00;37;ORANGE;False
1787663998.254623;17.513069264000478;Simulation RF;Détection RF large bande;868 MHz;868 MHz;;2565;2.066862839656409;-38.67451358625635;-71.67451358625635;6.800622083198402e-11;0.1;6.8006220831984025e-12;3.5621123719116374e-09;;;;VERT;True
1787663998.2549734;17.513069264000478;Simulation RF;Détection RF large bande;2,45 GHz;2,45 GHz;;2761;2.2252655487096704;-45.01062194838681;-61.710621948386816;6.744314361919315e-10;0.1;6.744314361919316e-11;1.0399504146346069e-08;;;;ORANGE;True
1787663998.2650652;17.52388453599997;Wi-Fi;Wi-Fi;2,4/5 GHz;wlan0;-38.0;;;;-38.0;1.584893192461114e-07;0.1;1.5848931924611143e-08;4.671000765809702e-06;;;;ROUGE;False
1787663998.3454273;17.604246018000595;BLE Sniffer;iBeacon;2,4 GHz BLE;6b:c0:f9:52:88:a7;-58.0;;;;-58.0;1.584893192461111e-09;0.000368;5.832406948256889e-13;3.618574419491845e-11;36;0x00;38;ORANGE;False
1787663998.346028;17.60484640300001;BLE Sniffer;iBeacon;2,4 GHz BLE;6b:c0:f9:52:88:a7;-64.0;;;;-64.0;3.9810717055349694e-10;0.000368;1.4650343876368688e-13;3.633224763368213e-11;36;0x00;39;ORANGE;False
1787663998.3460875;17.604904780000652;BLE Sniffer;Appareil BLE;2,4 GHz BLE;7f:a1:17:cb:99:7f;-77.0;;;;-77.0;1.9952623149688828e-11;0.00028;5.586734481912872e-15;1.4432490291228994e-11;25;0x00;37;VERT;False
1787663998.3461256;17.604942820999895;BLE Sniffer;Appareil BLE;2,4 GHz BLE;7f:a1:17:cb:99:7f;-76.0;;;;-76.0;2.5118864315095823e-11;0.00028;7.03328200822683e-15;1.4439523573237221e-11;25;0x00;38;VERT;False
1787663998.354537;17.61316197799988;Simulation RF;Détection RF large bande;868 MHz;868 MHz;;2584;2.0821810991817142;-39.287243967268566;-72.28724396726857;5.905757406376171e-11;0.1;5.905757406376172e-12;3.5680181293180136e-09;;;;VERT;True
1787663998.3547003;17.61316197799988;Simulation RF;Détection RF large bande;2,45 GHz;2,45 GHz;;2782;2.2417561870327725;-45.670247481310895;-62.37024748131089;5.793956788101104e-10;0.1;5.793956788101104e-11;1.045744371422708e-08;;;;ORANGE;True
1787663998.3632665;17.6220849930005;Wi-Fi;Wi-Fi;2,4/5 GHz;wlan0;-38.0;;;;-38.0;1.584893192461114e-07;0.1;1.5848931924611143e-08;4.686849697734313e-06;;;;ROUGE;False
1787663998.450255;17.70907350300058;BLE Sniffer;Appareil BLE;2,4 GHz BLE;6f:a1:17:cb:99:7f;-87.0;;;;-87.0;1.9952623149688827e-12;0.00028;5.586734481912871e-16;1.2620016490139701e-15;25;0x00;39;VERT;False
1787663998.4550254;17.71327821200066;Simulation RF;Détection RF large bande;868 MHz;868 MHz;;2553;2.0576477123769017;-38.30590849507607;-71.30590849507607;7.403023883415304e-11;0.1;7.403023883415304e-12;3.575421153201429e-09;;;;VERT;True
1787663998.4553661;17.71327821200066;Simulation RF;Détection RF large bande;2,45 GHz;2,45 GHz;;2772;2.234167958648731;-45.36671834594924;-62.06671834594923;6.213383580295366e-10;0.1;6.213383580295366e-11;1.0519577550030033e-08;;;;ORANGE;True
1787663998.4646626;17.723481247000564;Wi-Fi;Wi-Fi;2,4/5 GHz;wlan0;-38.0;;;;-38.0;1.584893192461114e-07;0.1;1.5848931924611143e-08;4.702698629658925e-06;;;;ROUGE;False
1787663998.553296;17.812115058000018;BLE Sniffer;Appareil BLE;2,4 GHz BLE;53:01:e9:f2:b1:85;-44.0;;;;-44.0;3.981071705534969e-08;0.000176;7.006686201741545e-12;1.401337240348309e-11;12;0x03;37;ROUGE;False
1787663998.5533905;17.812207958000727;BLE Sniffer;iBeacon;2,4 GHz BLE;6b:c0:f9:52:88:a7;-58.0;;;;-58.0;1.584893192461111e-09;0.000368;5.832406948256889e-13;3.691548832850782e-11;36;0x00;38;ORANGE;False
1787663998.5534334;17.812250703000245;BLE Sniffer;iBeacon;2,4 GHz BLE;6b:c0:f9:52:88:a7;-64.0;;;;-64.0;3.9810717055349694e-10;0.000368;1.4650343876368688e-13;3.7061991767271506e-11;36;0x00;39;ORANGE;False
1787663998.556135;17.81349056900035;Simulation RF;Détection RF large bande;868 MHz;868 MHz;;2580;2.0790182477551875;-39.16072991020749;-72.1607299102075;6.080328018117213e-11;0.1;6.080328018117213e-12;3.581501481219546e-09;;;;VERT;True
1787663998.5562751;17.81349056900035;Simulation RF;Détection RF large bande;2,45 GHz;2,45 GHz;;2764;2.2272721384151106;-45.09088553660442;-61.790885536604414;6.620814899733657e-10;0.1;6.620814899733658e-11;1.0585785699027369e-08;;;;ORANGE;True
1787663998.5648122;17.823630837000564;Wi-Fi;Wi-Fi;2,4/5 GHz;wlan0;-38.0;;;;-38.0;1.584893192461114e-07;0.1;1.5848931924611143e-08;4.718547561583536e-06;;;;ROUGE;False
1787663998.6552553;17.913710204999916;Simulation RF;Détection RF large bande;868 MHz;868 MHz;;2480;1.9982846913225516;-35.93138765290206;-68.93138765290206;1.278972582965602e-10;0.1;1.278972582965602e-11;3.594291207049202e-09;;;;ORANGE;True
1787663998.6554906;17.913710204999916;Simulation RF;Détection RF large bande;2,45 GHz;2,45 GHz;;2724;2.19538234726476;-43.8152938905904;-60.51529389059039;8.881178746304312e-10;0.1;8.881178746304312e-11;1.0674597486490412e-08;;;;ORANGE;True
1787663998.659591;17.91841008300071;BLE Sniffer;Appareil BLE;2,4 GHz BLE;7f:a1:17:cb:99:7f;-77.0;;;;-77.0;1.9952623149688828e-11;0.00028;5.586734481912872e-15;1.4445110307719134e-11;25;0x00;37;VERT;False
1787663998.6596863;17.918503835000593;BLE Sniffer;Appareil BLE;2,4 GHz BLE;7f:a1:17:cb:99:7f;-72.0;;;;-72.0;6.309573444801942e-11;0.00028;1.7666805645445437e-14;1.446277711336458e-11;25;0x00;38;VERT;False
1787663998.665712;17.924530385000253;Wi-Fi;Wi-Fi;2,4/5 GHz;wlan0;-38.0;;;;-38.0;1.584893192461114e-07;0.1;1.5848931924611143e-08;4.734396493508148e-06;;;;ROUGE;False
1787663998.7551901;18.01380117700046;Simulation RF;Détection RF large bande;868 MHz;868 MHz;;2535;2.0430376438546967;-37.72150575418786;-70.72150575418786;8.46933720540495e-11;0.1;8.46933720540495e-12;3.602760544254607e-09;;;;VERT;True
1787663998.7553499;18.01380117700046;Simulation RF;Détection RF large bande;2,45 GHz;2,45 GHz;;2786;2.2448800992420237;-45.79520396968094;-62.49520396968094;5.629626768063763e-10;0.1;5.629626768063763e-11;1.073089375417105e-08;;;;ORANGE;True
1787663998.7635856;18.022404119000385;Simulation LoRa;LoRa;868 MHz;LoRa 868.100 MHz;-84.29150993075297;;;;-84.29150993075297;3.7226225769420105e-12;0.046335999999999995;1.72491439725185e-13;1.6188277582727046e-12;13;"SNR=7.17;SF=7;BW=125.0;CR=4/5;F=868.100;CRC=OK;PAYLOAD=54454d504f5f4c4f52415f3137";7;VERT;True
1787663998.7671845;18.026002702999904;Wi-Fi;Wi-Fi;2,4/5 GHz;wlan0;-38.0;;;;-38.0;1.584893192461114e-07;0.1;1.5848931924611143e-08;4.750245425432759e-06;;;;ROUGE;False
1787663998.8554425;18.113915023000118;Simulation RF;Détection RF large bande;868 MHz;868 MHz;;2481;1.9991130835359496;-35.96452334143798;-68.96452334143798;1.2692514430992954e-10;0.1;1.2692514430992954e-11;3.6154530586856e-09;;;;ORANGE;True
1787663998.8556497;18.113915023000118;Simulation RF;Détection RF large bande;2,45 GHz;2,45 GHz;;2756;2.2210895500594274;-44.84358200237709;-61.543582002377086;7.008769860649851e-10;0.1;7.008769860649851e-11;1.0800981452777549e-08;;;;ORANGE;True
1787663998.866748;18.12556742900051;BLE Sniffer;iBeacon;2,4 GHz BLE;6b:c0:f9:52:88:a7;-64.0;;;;-64.0;3.9810717055349694e-10;0.000368;1.4650343876368688e-13;3.720849520603519e-11;36;0x00;39;ORANGE;False
1787663998.8689315;18.127751164000074;Wi-Fi;Wi-Fi;2,4/5 GHz;wlan0;-38.0;;;;-38.0;1.584893192461114e-07;0.1;1.5848931924611143e-08;4.7660943573573706e-06;;;;ROUGE;False
1787663998.955388;18.214004106000175;Simulation RF;Détection RF large bande;868 MHz;868 MHz;;2547;2.052538631341904;-38.10154525367615;-71.10154525367615;7.759709709739911e-11;0.1;7.759709709739912e-12;3.62321276839534e-09;;;;VERT;True
1787663998.9555488;18.214004106000175;Simulation RF;Détection RF large bande;2,45 GHz;2,45 GHz;;2803;2.258709485955962;-46.34837943823848;-63.04837943823848;4.956351016171085e-10;0.1;4.956351016171085e-11;1.0850544962939259e-08;;;;ORANGE;True
1787663998.9642613;18.22307971400005;Wi-Fi;Wi-Fi;2,4/5 GHz;wlan0;-38.0;;;;-38.0;1.584893192461114e-07;0.1;1.5848931924611143e-08;4.781943289281982e-06;;;;ROUGE;False
1787663999.0556436;18.314131063000787;Simulation RF;Détection RF large bande;868 MHz;868 MHz;;2589;2.086705573492755;-39.46822293971019;-72.46822293971019;5.664710320821236e-11;0.1;5.664710320821236e-12;3.6288774787161614e-09;;;;VERT;True
1787663999.055862;18.314131063000787;Simulation RF;Détection RF large bande;2,45 GHz;2,45 GHz;;2747;2.2134527177895307;-44.538108711581216;-61.23810871158122;7.519502859856007e-10;0.1;7.519502859856007e-11;1.092573999153782e-08;;;;ORANGE;True
1787663999.065306;18.32412508700054;Wi-Fi;Wi-Fi;2,4/5 GHz;wlan0;-37.0;;;;-37.0;1.9952623149688787e-07;0.1;1.995262314968879e-08;4.801895912431671e-06;;;;ROUGE;False
1787663999.155575;18.414209956000377;Simulation RF;Détection RF large bande;868 MHz;868 MHz;;2591;2.088152198642365;-39.526087945694584;-72.52608794569458;5.589734822795358e-11;0.1;5.589734822795358e-12;3.634467213538957e-09;;;;VERT;True
1787663999.15571;18.414209956000377;Simulation RF;Détection RF large bande;2,45 GHz;2,45 GHz;;2808;2.262923525666135;-46.516941026645384;-63.21694102664538;4.767666813939572e-10;0.1;4.7676668139395727e-11;1.0973416659677215e-08;;;;ORANGE;True
1787663999.1642795;18.423098853000738;Wi-Fi;Wi-Fi;2,4/5 GHz;wlan0;-37.0;;;;-37.0;1.9952623149688787e-07;0.1;1.995262314968879e-08;4.82184853558136e-06;;;;ROUGE;False
1787663999.1752176;18.434037394999905;BLE Sniffer;iBeacon;2,4 GHz BLE;6b:c0:f9:52:88:a7;-59.0;;;;-59.0;1.2589254117941663e-09;0.000368;4.632845515402531e-13;3.767177975757544e-11;36;0x00;37;ORANGE;False
1787663999.1752973;18.434114515000147;BLE Sniffer;iBeacon;2,4 GHz BLE;6b:c0:f9:52:88:a7;-58.0;;;;-58.0;1.584893192461111e-09;0.000368;5.832406948256889e-13;3.825502045240113e-11;36;0x00;38;ORANGE;False
1787663999.1753354;18.434152630000426;BLE Sniffer;iBeacon;2,4 GHz BLE;6b:c0:f9:52:88:a7;-64.0;;;;-64.0;3.9810717055349694e-10;0.000368;1.4650343876368688e-13;3.8401523891164815e-11;36;0x00;39;ORANGE;False
1787663999.2558506;18.514346782000757;Simulation RF;Détection RF large bande;868 MHz;868 MHz;;2538;2.045143129715994;-37.805725188639755;-70.80572518863976;8.306680014674433e-11;0.1;8.306680014674432e-12;3.642773893553631e-09;;;;VERT;True
1787663999.2560458;18.514346782000757;Simulation RF;Détection RF large bande;2,45 GHz;2,45 GHz;;2770;2.232237025555214;-45.28948102220855;-61.98948102220855;6.32487428508931e-10;0.1;6.32487428508931e-11;1.1036665402528108e-08;;;;ORANGE;True
1787663999.2650144;18.523833062999984;Wi-Fi;Wi-Fi;2,4/5 GHz;wlan0;-36.0;;;;-36.0;2.5118864315095823e-07;0.1;2.5118864315095824e-08;4.846967399896456e-06;;;;ROUGE;False
1787663999.2791955;18.538015776000066;BLE Sniffer;Appareil BLE;2,4 GHz BLE;7f:a1:17:cb:99:7f;-78.0;;;;-78.0;1.5848931924611107e-11;0.00028;4.4377009388911094e-15;1.446721481430347e-11;25;0x00;37;VERT;False
1787663999.2792814;18.53809876700052;BLE Sniffer;Appareil BLE;2,4 GHz BLE;7f:a1:17:cb:99:7f;-75.0;;;;-75.0;3.1622776601683794e-11;0.00028;8.854377448471461e-15;1.4476069191751942e-11;25;0x00;38;VERT;False
1787663999.3558187;18.61443684400001;Simulation RF;Détection RF large bande;868 MHz;868 MHz;;2539;2.0461410154887374;-37.8456406195495;-70.8456406195495;8.230684187058638e-11;0.1;8.230684187058638e-12;3.6510045777406898e-09;;;;VERT;True
1787663999.356005;18.61443684400001;Simulation RF;Détection RF large bande;2,45 GHz;2,45 GHz;;2801;2.256819007701441;-46.27276030805763;-62.97276030805763;5.043406446179502e-10;0.1;5.0434064461795026e-11;1.1087099466989902e-08;;;;ORANGE;True
1787663999.3646722;18.623490760000095;Wi-Fi;Wi-Fi;2,4/5 GHz;wlan0;-36.0;;;;-36.0;2.5118864315095823e-07;0.1;2.5118864315095824e-08;4.872086264211552e-06;;;;ROUGE;False
1787663999.456054;18.714548001000367;Simulation RF;Détection RF large bande;868 MHz;868 MHz;;2584;2.082709765588034;-39.30839062352135;-72.30839062352135;5.87707100346778e-11;0.1;5.877071003467781e-12;3.6568816487441574e-09;;;;VERT;True
1787663999.4562585;18.714548001000367;Simulation RF;Détection RF large bande;2,45 GHz;2,45 GHz;;2749;2.2151714989991858;-44.60685995996742;-61.306859959967426;7.401402185216091e-10;0.1;7.401402185216091e-11;1.1161113488842063e-08;;;;ORANGE;True
1787663999.464994;18.723812236999947;Wi-Fi;Wi-Fi;2,4/5 GHz;wlan0;-33.0;;;;-33.0;5.011872336272725e-07;0.1;5.011872336272725e-08;4.9222049875742795e-06;;;;ROUGE;False
1787663999.4851823;18.744001255000512;BLE Sniffer;iBeacon;2,4 GHz BLE;6b:c0:f9:52:88:a7;-64.0;;;;-64.0;3.9810717055349694e-10;0.000368;1.4650343876368688e-13;3.85480273299285e-11;36;0x00;39;ORANGE;False
1787663999.5560343;18.814635413999895;Simulation RF;Détection RF large bande;868 MHz;868 MHz;;2547;2.052331451909384;-38.09325807637535;-71.09325807637535;7.774530870521792e-11;0.1;7.774530870521793e-12;3.6646561796146794e-09;;;;VERT;True
1787663999.5561976;18.814635413999895;Simulation RF;Détection RF large bande;2,45 GHz;2,45 GHz;;2760;2.224485955604969;-44.97943822419876;-61.67943822419876;6.792914957745555e-10;0.1;6.792914957745555e-11;1.1229042638419518e-08;;;;ORANGE;True
1787663999.5646405;18.823458692000713;Wi-Fi;Wi-Fi;2,4/5 GHz;wlan0;-33.0;;;;-33.0;5.011872336272725e-07;0.1;5.011872336272725e-08;4.972323710937007e-06;;;;ROUGE;False
1787663999.656257;18.914755701000104;Simulation RF;Détection RF large bande;868 MHz;868 MHz;;2529;2.037994324722109;-37.519772988884355;-70.51977298888436;8.872023859957472e-11;0.1;8.872023859957472e-12;3.6735282034746368e-09;;;;VERT;True
1787663999.6565044;18.914755701000104;Simulation RF;Détection RF large bande;2,45 GHz;2,45 GHz;;2813;2.266645593220584;-46.66582372882334;-63.36582372882334;4.606993792886395e-10;0.1;4.606993792886395e-11;1.1275112576348381e-08;;;;ORANGE;True
1787663999.6646938;18.923512490000576;Wi-Fi;Wi-Fi;2,4/5 GHz;wlan0;-33.0;;;;-33.0;5.011872336272725e-07;0.1;5.011872336272725e-08;5.022442434299734e-06;;;;ROUGE;False
1787663999.692086;18.95090476600035;BLE Sniffer;Appareil BLE;2,4 GHz BLE;7f:a1:17:cb:99:7f;-76.0;;;;-76.0;2.5118864315095823e-11;0.00028;7.03328200822683e-15;1.4483102473760169e-11;25;0x00;37;VERT;False
1787663999.6937127;18.952531730999908;BLE Sniffer;Appareil BLE;2,4 GHz BLE;7f:a1:17:cb:99:7f;-73.0;;;;-73.0;5.011872336272715e-11;0.00028;1.40332425415636e-14;1.4497135716301732e-11;25;0x00;38;VERT;False
1787663999.6947393;18.953558961000454;BLE Sniffer;Appareil BLE;2,4 GHz BLE;7f:a1:17:cb:99:7f;-87.0;;;;-87.0;1.9952623149688827e-12;0.00028;5.586734481912871e-16;1.4497694389749924e-11;25;0x00;39;VERT;False
1787663999.7562268;19.01484729999993;Simulation RF;Détection RF large bande;868 MHz;868 MHz;;2595;2.0915044203979707;-39.66017681591883;-72.66017681591883;5.4197882416809043e-11;0.1;5.4197882416809045e-12;3.678947991716318e-09;;;;VERT;True
1787663999.7564178;19.01484729999993;Simulation RF;Détection RF large bande;2,45 GHz;2,45 GHz;;2797;2.2543497658481555;-46.17399063392622;-62.873990633926226;5.15942063879168e-10;0.1;5.15942063879168e-11;1.1326706782736298e-08;;;;ORANGE;True
1787663999.771306;19.030124398000225;Wi-Fi;Wi-Fi;2,4/5 GHz;wlan0;-33.0;;;;-33.0;5.011872336272725e-07;0.1;5.011872336272725e-08;5.072561157662462e-06;;;;ROUGE;False
1787663999.7974372;19.056257193999954;BLE Sniffer;iBeacon;2,4 GHz BLE;6b:c0:f9:52:88:a7;-59.0;;;;-59.0;1.2589254117941663e-09;0.000368;4.632845515402531e-13;3.901131188146875e-11;36;0x00;37;ORANGE;False
1787663999.7975852;19.05640317400048;Simulation LoRa;LoRa;868 MHz;LoRa 868.100 MHz;-86.48070338973037;;;;-86.48070338973037;2.2486903751404406e-12;0.046335999999999995;1.0419531722250745e-13;1.723023075495212e-12;13;"SNR=7.38;SF=7;BW=125.0;CR=4/5;F=868.100;CRC=OK;PAYLOAD=54454d504f5f4c4f52415f3138";7;VERT;True
1787663999.7976325;19.05644993900023;BLE Sniffer;iBeacon;2,4 GHz BLE;6b:c0:f9:52:88:a7;-58.0;;;;-58.0;1.584893192461111e-09;0.000368;5.832406948256889e-13;3.959455257629444e-11;36;0x00;38;ORANGE;False
1787663999.8003259;19.059146121000595;BLE Sniffer;iBeacon;2,4 GHz BLE;6b:c0:f9:52:88:a7;-64.0;;;;-64.0;3.9810717055349694e-10;0.000368;1.4650343876368688e-13;3.9741056015058124e-11;36;0x00;39;ORANGE;False
1787663999.8565211;19.114962049000496;Simulation RF;Détection RF large bande;868 MHz;868 MHz;;2581;2.079572203228221;-39.18288812912884;-72.18288812912884;6.049384470257123e-11;0.1;6.049384470257123e-12;3.684997376186575e-09;;;;VERT;True
1787663999.8567798;19.114962049000496;Simulation RF;Détection RF large bande;2,45 GHz;2,45 GHz;;2826;2.277242181309364;-47.08968725237456;-63.78968725237456;4.178604568655206e-10;0.1;4.178604568655206e-11;1.136849282842285e-08;;;;ORANGE;True
1787663999.8654704;19.124289033999958;Wi-Fi;Wi-Fi;2,4/5 GHz;wlan0;-33.0;;;;-33.0;5.011872336272725e-07;0.1;5.011872336272725e-08;5.122679881025189e-06;;;;ROUGE;False
1787663999.9564831;19.215054722000787;Simulation RF;Détection RF large bande;868 MHz;868 MHz;;2649;2.1351125295527402;-41.40450118210961;-74.40450118210961;3.627019427327668e-11;0.1;3.6270194273276678e-12;3.6886243956139027e-09;;;;VERT;True
1787663999.956646;19.215054722000787;Simulation RF;Détection RF large bande;2,45 GHz;2,45 GHz;;2749;2.2152669902344035;-44.610679609376135;-61.31067960937614;7.394895463593173e-10;0.1;7.394895463593174e-11;1.1442441783058781e-08;;;;ORANGE;True
1787663999.965038;19.223856591000185;Wi-Fi;Wi-Fi;2,4/5 GHz;wlan0;-33.0;;;;-33.0;5.011872336272725e-07;0.1;5.011872336272725e-08;5.172798604387917e-06;;;;ROUGE;False
1787664000.0076487;19.266468475000693;BLE Sniffer;Appareil BLE;2,4 GHz BLE;7f:a1:17:cb:99:7f;-77.0;;;;-77.0;1.9952623149688828e-11;0.00028;5.586734481912872e-15;1.4503281124231837e-11;25;0x00;37;VERT;False
1787664000.0077455;19.266562819000683;BLE Sniffer;Appareil BLE;2,4 GHz BLE;7f:a1:17:cb:19:7f;-74.0;;;;-74.0;3.9810717055349695e-11;0.00028;1.1147000775497913e-14;1.1147000775497913e-14;25;0x00;38;VERT;False
1787664000.0104804;19.269300560000374;BLE Sniffer;Appareil BLE;2,4 GHz BLE;7f:a1:17:cb:99:7f;-87.0;;;;-87.0;1.9952623149688827e-12;0.00028;5.586734481912871e-16;1.4503839797680028e-11;25;0x00;39;VERT;False
1787664000.012971;19.271790661000523;BLE Sniffer;iBeacon;2,4 GHz BLE;6b:c0:f9:52:88:a7;-59.0;;;;-59.0;1.2589254117941663e-09;0.000368;4.632845515402531e-13;4.0204340566598375e-11;36;0x00;37;ORANGE;False
1787664000.0567837;19.3152653140005;Simulation RF;Détection RF large bande;868 MHz;868 MHz;;2579;2.078120303540281;-39.124812141611244;-72.12481214161124;6.130823110601476e-11;0.1;6.1308231106014764e-12;3.694755218724504e-09;;;;VERT;True
1787664000.0570576;19.3152653140005;Simulation RF;Détection RF large bande;2,45 GHz;2,45 GHz;;2816;2.26922428655644;-46.76897146225758;-63.468971462257585;4.4988638867639116e-10;0.1;4.498863886763912e-11;1.1487430421926421e-08;;;;ORANGE;True
1787664000.0661044;19.32492277700021;Wi-Fi;Wi-Fi;2,4/5 GHz;wlan0;-33.0;;;;-33.0;5.011872336272725e-07;0.1;5.011872336272725e-08;5.222917327750644e-06;;;;ROUGE;False
1787664000.1141465;19.37296554800014;BLE Sniffer;iBeacon;2,4 GHz BLE;6b:c0:f9:52:88:a7;-58.0;;;;-58.0;1.584893192461111e-09;0.000368;5.832406948256889e-13;4.078758126142406e-11;36;0x00;38;ORANGE;False
1787664000.1163156;19.375135465000312;BLE Sniffer;iBeacon;2,4 GHz BLE;6b:c0:f9:52:88:a7;-64.0;;;;-64.0;3.9810717055349694e-10;0.000368;1.4650343876368688e-13;4.093408470018775e-11;36;0x00;39;ORANGE;False
1787664000.156739;19.41535220500009;Simulation RF;Détection RF large bande;868 MHz;868 MHz;;2541;2.04798743770418;-37.9194975081672;-70.9194975081672;8.091895194336425e-11;0.1;8.091895194336425e-12;3.7028471139188406e-09;;;;VERT;True
1787664000.156902;19.41535220500009;Simulation RF;Détection RF large bande;2,45 GHz;2,45 GHz;;2763;2.2265983304354577;-45.06393321741831;-61.76393321741831;6.662031445221299e-10;0.1;6.6620314452213e-11;1.1554050736378634e-08;;;;ORANGE;True
1787664000.166604;19.42542303100072;Wi-Fi;Wi-Fi;2,4/5 GHz;wlan0;-33.0;;;;-33.0;5.011872336272725e-07;0.1;5.011872336272725e-08;5.273036051113372e-06;;;;ROUGE;False
1787664000.2596903;19.51545215400074;Simulation RF;Détection RF large bande;868 MHz;868 MHz;;2621;2.1120324295743065;-40.481297182972256;-73.48129718297226;4.4861137534673784e-11;0.1;4.486113753467379e-12;3.707333227672308e-09;;;;VERT;True
1787664000.2599733;19.51545215400074;Simulation RF;Détection RF large bande;2,45 GHz;2,45 GHz;;2813;2.2668279452337736;-46.67311780935094;-63.373117809350944;4.5992627298119673e-10;0.1;4.599262729811968e-11;1.1600043363676754e-08;;;;ORANGE;True
1787664000.2695606;19.528379179000694;Wi-Fi;Wi-Fi;2,4/5 GHz;wlan0;-33.0;;;;-33.0;5.011872336272725e-07;0.1;5.011872336272725e-08;5.323154774476099e-06;;;;ROUGE;False
1787664000.3207872;19.57960666800045;BLE Sniffer;iBeacon;2,4 GHz BLE;6b:c0:f9:52:88:a7;-59.0;;;;-59.0;1.2589254117941663e-09;0.000368;4.632845515402531e-13;4.1397369251728e-11;36;0x00;37;ORANGE;False
1787664000.3208783;19.57969573400078;BLE Sniffer;iBeacon;2,4 GHz BLE;6b:c0:f9:52:88:a7;-58.0;;;;-58.0;1.584893192461111e-09;0.000368;5.832406948256889e-13;4.1980609946553686e-11;36;0x00;38;ORANGE;False
1787664000.322348;19.581167162000384;BLE Sniffer;iBeacon;2,4 GHz BLE;6b:c0:f9:52:88:a7;-64.0;;;;-64.0;3.9810717055349694e-10;0.000368;1.4650343876368688e-13;4.212711338531737e-11;36;0x00;39;ORANGE;False
1787664000.356941;19.615551861000313;Simulation RF;Détection RF large bande;868 MHz;868 MHz;;2613;2.105417923008767;-40.21671692035068;-73.21671692035068;4.7679128432484066e-11;0.1;4.767912843248407e-12;3.712101140515556e-09;;;;VERT;True
1787664000.3571029;19.615551861000313;Simulation RF;Détection RF large bande;2,45 GHz;2,45 GHz;;2873;2.3154383454348944;-48.61753381739577;-65.31753381739577;2.9393182980459727e-10;0.1;2.939318298045973e-11;1.1629436546657215e-08;;;;ORANGE;True
1787664000.3654902;19.62430842499998;Wi-Fi;Wi-Fi;2,4/5 GHz;wlan0;-32.0;;;;-32.0;6.30957344480193e-07;0.1;6.30957344480193e-08;5.386250508924118e-06;;;;ROUGE;False
1787664000.45715;19.715650606000054;Simulation RF;Détection RF large bande;868 MHz;868 MHz;;2611;2.1040488634892376;-40.16195453956951;-73.1619545395695;4.8284145064447867e-11;0.1;4.828414506444787e-12;3.716929555022001e-09;;;;VERT;True
1787664000.4573526;19.715650606000054;Simulation RF;Détection RF large bande;2,45 GHz;2,45 GHz;;2780;2.240051451209333;-45.60205804837331;-62.302058048373304;5.885646783755007e-10;0.1;5.885646783755007e-11;1.1688293014494765e-08;;;;ORANGE;True
1787664000.4689608;19.72777864999989;Wi-Fi;Wi-Fi;2,4/5 GHz;wlan0;-32.0;;;;-32.0;6.30957344480193e-07;0.1;6.30957344480193e-08;5.449346243372137e-06;;;;ROUGE;False
1787664000.5293293;19.78814819099989;BLE Sniffer;Appareil BLE;2,4 GHz BLE;7f:a1:17:cb:99:7f;-77.0;;;;-77.0;1.9952623149688828e-11;0.00028;5.586734481912872e-15;1.4509426532161941e-11;25;0x00;37;VERT;False
1787664000.5300028;19.788821843000733;BLE Sniffer;Appareil BLE;2,4 GHz BLE;7f:a1:17:cb:99:7f;-74.0;;;;-74.0;3.9810717055349695e-11;0.00028;1.1147000775497913e-14;1.4520573532937439e-11;25;0x00;38;VERT;False
1787664000.5300663;19.788883461000296;BLE Sniffer;iBeacon;2,4 GHz BLE;6b:c0:f9:52:88:a7;-64.0;;;;-64.0;3.9810717055349694e-10;0.000368;1.4650343876368688e-13;4.227361682408106e-11;36;0x00;39;ORANGE;False
1787664000.5571322;19.815745183000217;Simulation RF;Détection RF large bande;868 MHz;868 MHz;;2594;2.090568137438869;-39.622725497554754;-72.62272549755475;5.466727803275682e-11;0.1;5.4667278032756825e-12;3.7223962828252766e-09;;;;VERT;True
1787664000.557293;19.815745183000217;Simulation RF;Détection RF large bande;2,45 GHz;2,45 GHz;;2768;2.2310016407086373;-45.24006562834549;-61.940065628345494;6.397251682123217e-10;0.1;6.397251682123217e-11;1.1752265531315996e-08;;;;ORANGE;True
1787664000.565706;19.824524805000692;Wi-Fi;Wi-Fi;2,4/5 GHz;wlan0;-33.0;;;;-33.0;5.011872336272725e-07;0.1;5.011872336272725e-08;5.499464966734864e-06;;;;ROUGE;False
1787664000.6573462;19.915855558000658;Simulation RF;Détection RF large bande;868 MHz;868 MHz;;2538;2.0451694215774285;-37.80677686309714;-70.80677686309714;8.30466873755395e-11;0.1;8.30466873755395e-12;3.730700951562831e-09;;;;VERT;True
1787664000.657572;19.915855558000658;Simulation RF;Détection RF large bande;2,45 GHz;2,45 GHz;;2732;2.2019352840784525;-44.0774113631381;-60.77741136313809;8.361012326109063e-10;0.1;8.361012326109064e-11;1.1835875654577087e-08;;;;ORANGE;True
1787664000.6714566;19.930275644000176;Wi-Fi;Wi-Fi;2,4/5 GHz;wlan0;-33.0;;;;-33.0;5.011872336272725e-07;0.1;5.011872336272725e-08;5.549583690097592e-06;;;;ROUGE;False
1787664000.7372994;19.996118890000616;Simulation LoRa;LoRa;868 MHz;LoRa 868.100 MHz;-91.66224421092885;;;;-91.66224421092885;6.819861876202194e-13;0.046335999999999995;3.1600511989570484e-14;1.7546235874847825e-12;13;"SNR=6.34;SF=7;BW=125.0;CR=4/5;F=868.100;CRC=OK;PAYLOAD=54454d504f5f4c4f52415f3139";7;VERT;True
1787664000.737407;19.996224458000142;BLE Sniffer;Appareil BLE;2,4 GHz BLE;7f:a1:17:cb:99:7f;-84.0;;;;-84.0;3.9810717055349695e-12;0.00028;1.1147000775497915e-15;1.4521688233014989e-11;25;0x00;37;VERT;False
1787664000.7573287;20.01594365300025;Simulation RF;Détection RF large bande;868 MHz;868 MHz;;2603;2.0978795890963933;-39.915183563855734;-72.91518356385573;5.110714770513075e-11;0.1;5.1107147705130756e-12;3.735811666333344e-09;;;;VERT;True
1787664000.7574863;20.01594365300025;Simulation RF;Détection RF large bande;2,45 GHz;2,45 GHz;;2771;2.2331989320912466;-45.327957283649866;-62.02795728364987;6.26908663596021e-10;0.1;6.26908663596021e-11;1.189856652093669e-08;;;;ORANGE;True
1787664000.7658548;20.024672677000126;Wi-Fi;Wi-Fi;2,4/5 GHz;wlan0;-33.0;;;;-33.0;5.011872336272725e-07;0.1;5.011872336272725e-08;5.599702413460319e-06;;;;ROUGE;False
1787664000.8404503;20.09927083799994;BLE Sniffer;Appareil BLE;2,4 GHz BLE;7f:a1:17:cb:99:7f;-75.0;;;;-75.0;3.1622776601683794e-11;0.00028;8.854377448471461e-15;1.453054261046346e-11;25;0x00;38;VERT;False
1787664000.8421283;20.100946790000307;BLE Sniffer;Appareil BLE;2,4 GHz BLE;7f:a1:17:cb:99:7f;-89.0;;;;-89.0;1.258925411794166e-12;0.00028;3.5249911530236646e-16;1.4530895109578763e-11;25;0x00;39;VERT;False
1787664000.8428833;20.101702042999932;BLE Sniffer;iBeacon;2,4 GHz BLE;6b:c0:f9:52:88:a7;-59.0;;;;-59.0;1.2589254117941663e-09;0.000368;4.632845515402531e-13;4.273690137562131e-11;36;0x00;37;ORANGE;False
1787664000.8429554;20.101772478000385;BLE Sniffer;iBeacon;2,4 GHz BLE;6b:c0:f9:52:88:a7;-58.0;;;;-58.0;1.584893192461111e-09;0.000368;5.832406948256889e-13;4.3320142070446995e-11;36;0x00;38;ORANGE;False
1787664000.8575122;20.116043194000667;Simulation RF;Détection RF large bande;868 MHz;868 MHz;;2607;2.1005240438268014;-40.02096175307206;-73.02096175307206;4.987740208099333e-11;0.1;4.987740208099334e-12;3.740799406541443e-09;;;;VERT;True
1787664000.8577096;20.116043194000667;Simulation RF;Détection RF large bande;2,45 GHz;2,45 GHz;;2774;2.235435741475379;-45.417429659015156;-62.11742965901516;6.141253633546236e-10;0.1;6.141253633546236e-11;1.1959979057272152e-08;;;;ORANGE;True
1787664000.867499;20.12631800700001;Wi-Fi;Wi-Fi;2,4/5 GHz;wlan0;-33.0;;;;-33.0;5.011872336272725e-07;0.1;5.011872336272725e-08;5.649821136823047e-06;;;;ROUGE;False
1787664000.9481034;20.206922989000304;BLE Sniffer;iBeacon;2,4 GHz BLE;6b:c0:f9:52:88:a7;-64.0;;;;-64.0;3.9810717055349694e-10;0.000368;1.4650343876368688e-13;4.346664550921068e-11;36;0x00;39;ORANGE;False
1787664000.957543;20.216133216000344;Simulation RF;Détection RF large bande;868 MHz;868 MHz;;2638;2.1258936698263904;-41.03574679305561;-74.03574679305561;3.9484379796591134e-11;0.1;3.948437979659114e-12;3.744747844521102e-09;;;;VERT;True
1787664000.95776;20.216133216000344;Simulation RF;Détection RF large bande;2,45 GHz;2,45 GHz;;2799;2.255404991996893;-46.216199679875714;-62.91619967987572;5.109519159722489e-10;0.1;5.109519159722489e-11;1.2011074248869377e-08;;;;ORANGE;True
1787664000.9672678;20.22608643500007;Wi-Fi;Wi-Fi;2,4/5 GHz;wlan0;-33.0;;;;-33.0;5.011872336272725e-07;0.1;5.011872336272725e-08;5.699939860185774e-06;;;;ROUGE;False
1787664001.0528681;20.31168801000058;BLE Sniffer;Appareil BLE;2,4 GHz BLE;7f:a1:17:cb:99:7f;-76.0;;;;-76.0;2.5118864315095823e-11;0.00028;7.03328200822683e-15;1.453792839158699e-11;25;0x00;37;VERT;False
1787664001.0529516;20.311768870999913;BLE Sniffer;Appareil BLE;2,4 GHz BLE;7f:a1:17:cb:99:7d;-73.0;;;;-73.0;5.011872336272715e-11;0.00028;1.40332425415636e-14;1.40332425415636e-14;25;0x00;38;VERT;False
1787664001.0576322;20.31623045700053;Simulation RF;Détection RF large bande;868 MHz;868 MHz;;2625;2.1153416357515162;-40.61366543006065;-73.61366543006065;4.3514445827560955e-11;0.1;4.3514445827560955e-12;3.749099289103858e-09;;;;VERT;True
1787664001.0578253;20.31623045700053;Simulation RF;Détection RF large bande;2,45 GHz;2,45 GHz;;2827;2.277814753275892;-47.11259013103569;-63.812590131035684;4.156626354795164e-10;0.1;4.1566263547951644e-11;1.205264051241733e-08;;;;ORANGE;True
1787664001.066359;20.325177538999924;Wi-Fi;Wi-Fi;2,4/5 GHz;wlan0;-32.0;;;;-32.0;6.30957344480193e-07;0.1;6.30957344480193e-08;5.763035594633793e-06;;;;ROUGE;False
1787664001.1585217;20.417340685000454;BLE Sniffer;Appareil BLE;2,4 GHz BLE;7f:a1:17:cb:99:7f;-87.0;;;;-87.0;1.9952623149688827e-12;0.00028;5.586734481912871e-16;1.4538487065035182e-11;25;0x00;39;VERT;False
1787664001.158602;20.417419453000548;BLE Sniffer;iBeacon;2,4 GHz BLE;6b:c0:f9:52:88:a7;-59.0;;;;-59.0;1.2589254117941663e-09;0.000368;4.632845515402531e-13;4.392993006075093e-11;36;0x00;37;ORANGE;False
1787664001.158643;20.417460143000426;BLE Sniffer;iBeacon;2,4 GHz BLE;6b:c0:f9:52:88:a7;-58.0;;;;-58.0;1.584893192461111e-09;0.000368;5.832406948256889e-13;4.451317075557662e-11;36;0x00;38;ORANGE;False
1787664001.1609955;20.416328624000016;Simulation RF;Détection RF large bande;868 MHz;868 MHz;;2668;2.1503057969233033;-42.012231876932134;-75.01223187693213;3.1533836557413826e-11;0.1;3.153383655741383e-12;3.7522526727596e-09;;;;VERT;True
1787664001.161135;20.416328624000016;Simulation RF;Détection RF large bande;2,45 GHz;2,45 GHz;;2757;2.2217605075152655;-44.87042030061062;-61.570420300610614;6.965590993970227e-10;0.1;6.965590993970227e-11;1.2122296422357032e-08;;;;ORANGE;True
1787664001.1696808;20.428499205000662;Wi-Fi;Wi-Fi;2,4/5 GHz;wlan0;-32.0;;;;-32.0;6.30957344480193e-07;0.1;6.30957344480193e-08;5.826131329081812e-06;;;;ROUGE;False
1787664001.2577953;20.51641740100058;Simulation RF;Détection RF large bande;868 MHz;868 MHz;;2656;2.140002470735234;-41.60009882940935;-74.60009882940935;3.467289600901961e-11;0.1;3.467289600901961e-12;3.755719962360502e-09;;;;VERT;True
1787664001.2579496;20.51641740100058;Simulation RF;Détection RF large bande;2,45 GHz;2,45 GHz;;2790;2.248194850915896;-45.927794036635845;-62.62779403663584;5.460351447571633e-10;0.1;5.4603514475716336e-11;1.2176899936832748e-08;;;;ORANGE;True
1787664001.263609;20.522428869000578;BLE Sniffer;iBeacon;2,4 GHz BLE;6b:c0:f9:52:88:a7;-64.0;;;;-64.0;3.9810717055349694e-10;0.000368;1.4650343876368688e-13;4.4659674194340304e-11;36;0x00;39;ORANGE;False
1787664001.2656438;20.52446306500042;BLE Sniffer;Appareil BLE;2,4 GHz BLE;7f:a1:17:cb:99:7f;-77.0;;;;-77.0;1.9952623149688828e-11;0.00028;5.586734481912872e-15;1.4544073799517095e-11;25;0x00;37;VERT;False
1787664001.267821;20.526640333000614;Wi-Fi;Wi-Fi;2,4/5 GHz;wlan0;-32.0;;;;-32.0;6.30957344480193e-07;0.1;6.30957344480193e-08;5.889227063529831e-06;;;;ROUGE;False
1787664001.3578835;20.61650377100068;Simulation RF;Détection RF large bande;868 MHz;868 MHz;;2639;2.1268979133617;-41.07591653446801;-74.075916534468;3.912085578150522e-11;0.1;3.912085578150522e-12;3.759632047938652e-09;;;;VERT;True
1787664001.3580365;20.61650377100068;Simulation RF;Détection RF large bande;2,45 GHz;2,45 GHz;;2845;2.2923556844906634;-47.694227379626525;-64.39422737962653;3.6356097716920426e-10;0.1;3.635609771692043e-11;1.2213256034549669e-08;;;;ORANGE;True
1787664001.3664305;20.625249366999924;Wi-Fi;Wi-Fi;2,4/5 GHz;wlan0;-32.0;;;;-32.0;6.30957344480193e-07;0.1;6.30957344480193e-08;5.95232279797785e-06;;;;ROUGE;False
1787664001.3686767;20.627495550000276;BLE Sniffer;Appareil BLE;2,4 GHz BLE;7f:a1:17:cb:99:7f;-72.0;;;;-72.0;6.309573444801942e-11;0.00028;1.7666805645445437e-14;1.456174060516254e-11;25;0x00;38;VERT;False
1787664001.3687522;20.62756933700075;BLE Sniffer;Appareil BLE;2,4 GHz BLE;7f:a1:17:cb:99:77;-89.0;;;;-89.0;1.258925411794166e-12;0.00028;3.5249911530236646e-16;3.5249911530236646e-16;25;0x00;39;VERT;False
1787664001.373676;20.63249592000011;BLE Sniffer;iBeacon;2,4 GHz BLE;6b:c0:f9:52:88:a7;-59.0;;;;-59.0;1.2589254117941663e-09;0.000368;4.632845515402531e-13;4.5122958745880555e-11;36;0x00;37;ORANGE;False
1787664001.4579742;20.716591418000462;Simulation RF;Détection RF large bande;868 MHz;868 MHz;;2646;2.1324478755475993;-41.297915021903975;-74.29791502190398;3.7171364001957806e-11;0.1;3.717136400195781e-12;3.763349184338848e-09;;;;VERT;True
1787664001.458136;20.716591418000462;Simulation RF;Détection RF large bande;2,45 GHz;2,45 GHz;;2778;2.239046342308631;-45.56185369234524;-62.261853692345234;5.940385519500353e-10;0.1;5.940385519500353e-11;1.2272659889744672e-08;;;;ORANGE;True
1787664001.466598;20.725416560000667;Wi-Fi;Wi-Fi;2,4/5 GHz;wlan0;-32.0;;;;-32.0;6.30957344480193e-07;0.1;6.30957344480193e-08;6.015418532425869e-06;;;;ROUGE;False
1787664001.4749079;20.733727366000494;BLE Sniffer;iBeacon;2,4 GHz BLE;6b:c0:f9:52:88:a7;-58.0;;;;-58.0;1.584893192461111e-09;0.000368;5.832406948256889e-13;4.570619944070624e-11;36;0x00;38;ORANGE;False
1787664001.4749887;20.73380606000046;BLE Sniffer;iBeacon;2,4 GHz BLE;6b:c0:f9:52:88:a7;-64.0;;;;-64.0;3.9810717055349694e-10;0.000368;1.4650343876368688e-13;4.585270287946993e-11;36;0x00;39;ORANGE;False
1787664001.5580814;20.81668747399999;Simulation RF;Détection RF large bande;868 MHz;868 MHz;;2661;2.144138568807506;-41.765542752300234;-74.76554275230023;3.337687903603834e-11;0.1;3.337687903603834e-12;3.766686872242452e-09;;;;VERT;True
1787664001.5588267;20.81668747399999;Simulation RF;Détection RF large bande;2,45 GHz;2,45 GHz;;2814;2.2673204654319417;-46.692818617277666;-63.39281861727767;4.5784464423515624e-10;0.1;4.578446442351563e-11;1.2318444354168188e-08;;;;ORANGE;True
1787664001.567612;20.82642999900054;Wi-Fi;Wi-Fi;2,4/5 GHz;wlan0;-32.0;;;;-32.0;6.30957344480193e-07;0.1;6.30957344480193e-08;6.0785142668738875e-06;;;;ROUGE;False
1787664001.5806274;20.839446492000206;BLE Sniffer;Appareil BLE;2,4 GHz BLE;7f:a1:17:cb:99:7f;-79.0;;;;-79.0;1.2589254117941662e-11;0.00028;3.524991153023665e-15;1.4565265596315565e-11;25;0x00;37;VERT;False
1787664001.6581602;20.9167750659999;Simulation RF;Détection RF large bande;868 MHz;868 MHz;;2587;2.0844712000365653;-39.3788480014626;-72.3788480014626;5.7824941203797906e-11;0.1;5.782494120379791e-12;3.772469366362832e-09;;;;VERT;True
1787664001.6583188;20.9167750659999;Simulation RF;Détection RF large bande;2,45 GHz;2,45 GHz;;2775;2.236133395722454;-45.44533582889815;-62.14533582889815;6.101918702319521e-10;0.1;6.10191870231952e-11;1.2379463541191383e-08;;;;ORANGE;True
1787664001.666914;20.92573240799993;Wi-Fi;Wi-Fi;2,4/5 GHz;wlan0;-32.0;;;;-32.0;6.30957344480193e-07;0.1;6.30957344480193e-08;6.141610001321906e-06;;;;ROUGE;False
1787664001.682576;20.94139505700059;BLE Sniffer;Appareil BLE;2,4 GHz BLE;7f:a1:17:cb:99:7f;-74.0;;;;-74.0;3.9810717055349695e-11;0.00028;1.1147000775497913e-14;1.4576412597091064e-11;25;0x00;38;VERT;False
1787664001.6826453;20.941462991000662;BLE Sniffer;Appareil BLE;2,4 GHz BLE;7f:a1:17:cb:99:7f;-92.0;;;;-92.0;6.309573444801942e-13;0.00028;1.7666805645445438e-16;1.457658926514752e-11;25;0x00;39;VERT;False
1787664001.6849637;20.943782942000325;BLE Sniffer;iBeacon;2,4 GHz BLE;6b:c0:f9:52:88:a7;-59.0;;;;-59.0;1.2589254117941663e-09;0.000368;4.632845515402531e-13;4.631598743101018e-11;36;0x00;37;ORANGE;False
1787664001.7582304;21.01685956500023;Simulation RF;Détection RF large bande;868 MHz;868 MHz;;2662;2.1453685202651926;-41.8147408106077;-74.8147408106077;3.300091024521992e-11;0.1;3.3000910245219923e-12;3.7757694573873535e-09;;;;VERT;True
1787664001.75838;21.01685956500023;Simulation RF;Détection RF large bande;2,45 GHz;2,45 GHz;;2804;2.2593726370110785;-46.37490548044313;-63.074905480443135;4.926170645173333e-10;0.1;4.926170645173334e-11;1.2428725247643115e-08;;;;ORANGE;True
1787664001.7670279;21.02584587399997;Wi-Fi;Wi-Fi;2,4/5 GHz;wlan0;-33.0;;;;-33.0;5.011872336272725e-07;0.1;5.011872336272725e-08;6.191728724684634e-06;;;;ROUGE;False
1787664001.7880874;21.04690669699994;BLE Sniffer;iBeacon;2,4 GHz BLE;6b:c0:f9:52:88:a7;-58.0;;;;-58.0;1.584893192461111e-09;0.000368;5.832406948256889e-13;4.6899228125835866e-11;36;0x00;38;ORANGE;False
1787664001.7882352;21.047053010000127;Simulation LoRa;LoRa;868 MHz;LoRa 868.100 MHz;-88.83510279830234;;;;-88.83510279830234;1.307644586366116e-12;0.046335999999999995;6.059101955386035e-14;1.8152146070386427e-12;13;"SNR=7.38;SF=7;BW=125.0;CR=4/5;F=868.100;CRC=OK;PAYLOAD=54454d504f5f4c4f52415f3230";7;VERT;True
1787664001.7882822;21.047099460000027;BLE Sniffer;iBeacon;2,4 GHz BLE;6b:c0:f9:52:88:a7;-64.0;;;;-64.0;3.9810717055349694e-10;0.000368;1.4650343876368688e-13;4.704573156459955e-11;36;0x00;39;ORANGE;False
1787664001.8583324;21.116947713000627;Simulation RF;Détection RF large bande;868 MHz;868 MHz;;2582;2.0804066686418254;-39.21626674567301;-72.21626674567301;6.003068864744951e-11;0.1;6.003068864744951e-12;3.7817725262520986e-09;;;;VERT;True
1787664001.8584902;21.116947713000627;Simulation RF;Détection RF large bande;2,45 GHz;2,45 GHz;;2814;2.2673702851670856;-46.694811406683414;-63.39481140668341;4.5763460733649447e-10;0.1;4.576346073364945e-11;1.2474488708376765e-08;;;;ORANGE;True
1787664001.867093;21.12591120400066;Wi-Fi;Wi-Fi;2,4/5 GHz;wlan0;-33.0;;;;-33.0;5.011872336272725e-07;0.1;5.011872336272725e-08;6.241847448047361e-06;;;;ROUGE;False
1787664001.89521;21.154029281000476;BLE Sniffer;Appareil BLE;2,4 GHz BLE;7f:a1:17:cb:99:7f;-80.0;;;;-80.0;1e-11;0.00028;2.7999999999999997e-15;1.457938926514752e-11;25;0x00;37;VERT;False
1787664001.9584079;21.21703276700009;Simulation RF;Détection RF large bande;868 MHz;868 MHz;;2644;2.1305310813509912;-41.22124325403965;-74.22124325403965;3.783342635310686e-11;0.1;3.783342635310686e-12;3.785555868887409e-09;;;;VERT;True
1787664001.958568;21.21703276700009;Simulation RF;Détection RF large bande;2,45 GHz;2,45 GHz;;2837;2.2859544325461707;-47.43817730184682;-64.13817730184682;3.856401737100637e-10;0.1;3.8564017371006376e-11;1.2513052725747771e-08;;;;ORANGE;True
1787664001.9670987;21.225917138000113;Wi-Fi;Wi-Fi;2,4/5 GHz;wlan0;-34.0;;;;-34.0;3.981071705534969e-07;0.1;3.9810717055349696e-08;6.281658165102711e-06;;;;ROUGE;False
1787664001.9987507;21.25757030600016;BLE Sniffer;iBeacon;2,4 GHz BLE;6b:c0:f9:52:88:a7;-58.0;;;;-58.0;1.584893192461111e-09;0.000368;5.832406948256889e-13;4.762897225942524e-11;36;0x00;38;ORANGE;False
1787664002.001876;21.26069557200026;BLE Sniffer;iBeacon;2,4 GHz BLE;6b:c0:f9:52:88:a7;-64.0;;;;-64.0;3.9810717055349694e-10;0.000368;1.4650343876368688e-13;4.7775475698188925e-11;36;0x00;39;ORANGE;False
1787664002.0585053;21.317120727000656;Simulation RF;Détection RF large bande;868 MHz;868 MHz;;2667;2.1489660820081222;-41.95864328032489;-74.95864328032489;3.1925350353077654e-11;0.1;3.1925350353077654e-12;3.788748403922717e-09;;;;VERT;True
1787664002.058667;21.317120727000656;Simulation RF;Détection RF large bande;2,45 GHz;2,45 GHz;;2829;2.280179122007486;-47.20716488029943;-63.907164880299426;4.067087462362005e-10;0.1;4.067087462362005e-11;1.2553723600371392e-08;;;;ORANGE;True
1787664002.067254;21.326072194000517;Wi-Fi;Wi-Fi;2,4/5 GHz;wlan0;-34.0;;;;-34.0;3.981071705534969e-07;0.1;3.9810717055349696e-08;6.321468882158061e-06;;;;ROUGE;False
1787664002.1585913;21.417209093000565;Simulation RF;Détection RF large bande;868 MHz;868 MHz;;2680;2.159651952387191;-42.38607809548765;-75.38607809548765;2.8932914953204076e-11;0.1;2.8932914953204076e-12;3.791641695418037e-09;;;;VERT;True
1787664002.1587534;21.417209093000565;Simulation RF;Détection RF large bande;2,45 GHz;2,45 GHz;;2853;2.299232628439354;-47.96930513757415;-64.66930513757416;3.4124750616813535e-10;0.1;3.4124750616813535e-11;1.2587848350988205e-08;;;;ORANGE;True
1787664002.1673172;21.426135798999894;Wi-Fi;Wi-Fi;2,4/5 GHz;wlan0;-35.0;;;;-35.0;3.162277660168379e-07;0.1;3.162277660168379e-08;6.353091658759745e-06;;;;ROUGE;False
1787664002.2586846;21.517298460000347;Simulation RF;Détection RF large bande;868 MHz;868 MHz;;2616;2.107902939227589;-40.31611756910357;-73.31611756910357;4.66002496244328e-11;0.1;4.66002496244328e-12;3.79630172038048e-09;;;;VERT;True
1787664002.258844;21.517298460000347;Simulation RF;Détection RF large bande;2,45 GHz;2,45 GHz;;2807;2.2621409154690406;-46.48563661876162;-63.18563661876162;4.802156817581719e-10;0.1;4.8021568175817194e-11;1.2635869919164023e-08;;;;ORANGE;True
1787664002.2674549;21.52627320800002;Wi-Fi;Wi-Fi;2,4/5 GHz;wlan0;-35.0;;;;-35.0;3.162277660168379e-07;0.1;3.162277660168379e-08;6.384714435361428e-06;;;;ROUGE;False
1787664002.3106892;21.56950863200018;BLE Sniffer;iBeacon;2,4 GHz BLE;6b:c0:f9:52:88:a7;-59.0;;;;-59.0;1.2589254117941663e-09;0.000368;4.632845515402531e-13;4.8238760249729176e-11;36;0x00;37;ORANGE;False
1787664002.31306;21.571879218000504;BLE Sniffer;iBeacon;2,4 GHz BLE;6b:c0:f9:52:88:a7;-58.0;;;;-58.0;1.584893192461111e-09;0.000368;5.832406948256889e-13;4.882200094455486e-11;36;0x00;38;ORANGE;False
1787664002.3131416;21.571958764000556;BLE Sniffer;iBeacon;2,4 GHz BLE;6b:c0:f9:52:88:a7;-64.0;;;;-64.0;3.9810717055349694e-10;0.000368;1.4650343876368688e-13;4.896850438331855e-11;36;0x00;39;ORANGE;False
1787664002.35878;21.617388901000595;Simulation RF;Détection RF large bande;868 MHz;868 MHz;;2674;2.155058897197955;-42.2023558879182;-75.2023558879182;3.0183139518615324e-11;0.1;3.0183139518615326e-12;3.7993200343323415e-09;;;;VERT;True
1787664002.358941;21.617388901000595;Simulation RF;Détection RF large bande;2,45 GHz;2,45 GHz;;2786;2.245454167741397;-45.81816670965587;-62.518166709655866;5.599939422440742e-10;0.1;5.5999394224407424e-11;1.269186931338843e-08;;;;ORANGE;True
1787664002.3718653;21.63068362500053;Wi-Fi;Wi-Fi;2,4/5 GHz;wlan0;-35.0;;;;-35.0;3.162277660168379e-07;0.1;3.162277660168379e-08;6.4163372119631115e-06;;;;ROUGE;False
1787664002.418228;21.67704716500066;BLE Sniffer;Appareil BLE;2,4 GHz BLE;7f:a1:17:cb:99:7f;-79.0;;;;-79.0;1.2589254117941662e-11;0.00028;3.524991153023665e-15;1.4582914256300544e-11;25;0x00;37;VERT;False
1787664002.4588466;21.717474138000398;Simulation RF;Détection RF large bande;868 MHz;868 MHz;;2623;2.1133991598365203;-40.53596639346081;-73.53596639346081;4.429996271031006e-11;0.1;4.429996271031006e-12;3.8037500306033726e-09;;;;VERT;True
1787664002.4589982;21.717474138000398;Simulation RF;Détection RF large bande;2,45 GHz;2,45 GHz;;2814;2.2673359931206067;-46.69343972482426;-63.39343972482426;4.5777917012902784e-10;0.1;4.5777917012902785e-11;1.2737647230401332e-08;;;;ORANGE;True
1787664002.4675555;21.72637406300055;Wi-Fi;Wi-Fi;2,4/5 GHz;wlan0;-35.0;;;;-35.0;3.162277660168379e-07;0.1;3.162277660168379e-08;6.447959988564795e-06;;;;ROUGE;False
1787664002.558946;21.817561820000265;Simulation RF;Détection RF large bande;868 MHz;868 MHz;;2639;2.126890012966179;-41.075600518647164;-74.07560051864716;3.9123702527128213e-11;0.1;3.912370252712821e-12;3.807662400856086e-09;;;;VERT;True
1787664002.559111;21.817561820000265;Simulation RF;Détection RF large bande;2,45 GHz;2,45 GHz;;2827;2.278524397926654;-47.14097591706616;-63.84097591706615;4.1295469518842873e-10;0.1;4.129546951884288e-11;1.2778942699920175e-08;;;;ORANGE;True
1787664002.5676517;21.826469745000395;Wi-Fi;Wi-Fi;2,4/5 GHz;wlan0;-36.0;;;;-36.0;2.5118864315095823e-07;0.1;2.5118864315095824e-08;6.473078852879891e-06;;;;ROUGE;False
1787664002.6232963;21.882116291000784;BLE Sniffer;iBeacon;2,4 GHz BLE;6b:c0:f9:52:88:a7;-58.0;;;;-58.0;1.584893192461111e-09;0.000368;5.832406948256889e-13;4.9551745078144236e-11;36;0x00;38;ORANGE;False
1787664002.623409;21.88222647100065;BLE Sniffer;iBeacon;2,4 GHz BLE;6b:c0:f9:52:88:a7;-64.0;;;;-64.0;3.9810717055349694e-10;0.000368;1.4650343876368688e-13;4.969824851690792e-11;36;0x00;39;ORANGE;False
1787664002.6590526;21.91767654100022;Simulation RF;Détection RF large bande;868 MHz;868 MHz;;2708;2.181998267815695;-43.2799307126278;-76.2799307126278;2.355086856668569e-11;0.1;2.3550868566685694e-12;3.8100174877127544e-09;;;;VERT;True
1787664002.659243;21.91767654100022;Simulation RF;Détection RF large bande;2,45 GHz;2,45 GHz;;2885;2.3249211785604227;-48.9968471424169;-65.6968471424169;2.6934894930435934e-10;0.1;2.6934894930435936e-11;1.2805877594850612e-08;;;;ORANGE;True
1787664002.668045;21.926864147000742;Wi-Fi;Wi-Fi;2,4/5 GHz;wlan0;-36.0;;;;-36.0;2.5118864315095823e-07;0.1;2.5118864315095824e-08;6.498197717194987e-06;;;;ROUGE;False
1787664002.7301857;21.989005621000615;BLE Sniffer;Appareil BLE;2,4 GHz BLE;7f:a1:17:cb:99:7f;-80.0;;;;-80.0;1e-11;0.00028;2.7999999999999997e-15;1.4585714256300545e-11;25;0x00;37;VERT;False
1787664002.7302752;21.98909237099997;BLE Sniffer;Appareil BLE;2,4 GHz BLE;7f:a1:17:cb:99:7f;-73.0;;;;-73.0;5.011872336272715e-11;0.00028;1.40332425415636e-14;1.4599747498842108e-11;25;0x00;38;VERT;False
1787664002.7303658;21.989182993000213;Simulation LoRa;LoRa;868 MHz;LoRa 868.100 MHz;-87.79879914619463;;;;-87.79879914619463;1.6600458579630107e-12;0.046335999999999995;7.691988487457406e-14;1.8921344919132167e-12;13;"SNR=7.15;SF=7;BW=125.0;CR=4/5;F=868.100;CRC=OK;PAYLOAD=54454d504f5f4c4f52415f3231";7;VERT;True
1787664002.759129;22.01776414899996;Simulation RF;Détection RF large bande;868 MHz;868 MHz;;2663;2.1461666886718076;-41.8466675468723;-74.8466675468723;3.275919681951428e-11;0.1;3.2759196819514286e-12;3.813293407394706e-09;;;;VERT;True
1787664002.7592812;22.01776414899996;Simulation RF;Détection RF large bande;2,45 GHz;2,45 GHz;;2866;2.3095651738944243;-48.382606955776964;-65.08260695577697;3.1026965617180114e-10;0.1;3.1026965617180116e-11;1.2836904560467792e-08;;;;ORANGE;True
1787664002.7677944;22.026612882000336;Wi-Fi;Wi-Fi;2,4/5 GHz;wlan0;-37.0;;;;-37.0;1.9952623149688787e-07;0.1;1.995262314968879e-08;6.518150340344676e-06;;;;ROUGE;False
1787664002.8356872;22.094506254000407;BLE Sniffer;iBeacon;2,4 GHz BLE;6b:c0:f9:52:88:a7;-64.0;;;;-64.0;3.9810717055349694e-10;0.000368;1.4650343876368688e-13;4.9844751955671607e-11;36;0x00;39;ORANGE;False
1787664002.8592415;22.117855534000228;Simulation RF;Détection RF large bande;868 MHz;868 MHz;;2668;2.150086153591989;-42.003446143679554;-75.00344614367955;3.159769375789979e-11;0.1;3.159769375789979e-12;3.816453176770496e-09;;;;VERT;True
1787664002.8594074;22.117855534000228;Simulation RF;Détection RF large bande;2,45 GHz;2,45 GHz;;2793;2.2510620033052198;-46.042480132208794;-62.7424801322088;5.318044741307061e-10;0.1;5.3180447413070614e-11;1.2890085007880863e-08;;;;ORANGE;True
1787664002.8679218;22.126740624000377;Wi-Fi;Wi-Fi;2,4/5 GHz;wlan0;-37.0;;;;-37.0;1.9952623149688787e-07;0.1;1.995262314968879e-08;6.538102963494365e-06;;;;ROUGE;False
1787664002.9636824;22.222302214000592;Simulation RF;Détection RF large bande;868 MHz;868 MHz;;2617;2.1089559032102025;-40.358236128408095;-73.3582361284081;4.615049751059981e-11;0.1;4.6150497510599815e-12;3.8210682265215555e-09;;;;VERT;True
1787664002.9638484;22.222302214000592;Simulation RF;Détection RF large bande;2,45 GHz;2,45 GHz;;2858;2.303436720582452;-48.13746882329808;-64.83746882329808;3.2828657097919344e-10;0.1;3.2828657097919345e-11;1.2922913664978782e-08;;;;ORANGE;True
1787664002.9752953;22.23411337900052;Wi-Fi;Wi-Fi;2,4/5 GHz;wlan0;-37.0;;;;-37.0;1.9952623149688787e-07;0.1;1.995262314968879e-08;6.558055586644054e-06;;;;ROUGE;False
1787664003.040241;22.299062474000493;BLE Sniffer;Appareil BLE;2,4 GHz BLE;7f:a1:17:cb:99:7f;-80.0;;;;-80.0;1e-11;0.00028;2.7999999999999997e-15;1.460254749884211e-11;25;0x00;37;VERT;False
1787664003.0425227;22.30134199300028;BLE Sniffer;Appareil BLE;2,4 GHz BLE;7f:a1:17:cb:99:7f;-72.0;;;;-72.0;6.309573444801942e-11;0.00028;1.7666805645445437e-14;1.4620214304487553e-11;25;0x00;38;VERT;False
1787664003.0637798;22.322389761000522;Simulation RF;Détection RF large bande;868 MHz;868 MHz;;2715;2.18776448017239;-43.510579206895585;-76.51057920689559;2.2332743571605073e-11;0.1;2.2332743571605075e-12;3.823301500878716e-09;;;;VERT;True
1787664003.0639427;22.322389761000522;Simulation RF;Détection RF large bande;2,45 GHz;2,45 GHz;;2862;2.3060513079230414;-48.24205231692166;-64.94205231692166;3.2047545168095184e-10;0.1;3.2047545168095185e-11;1.2954961210146877e-08;;;;ORANGE;True
1787664003.073074;22.331892584000343;Wi-Fi;Wi-Fi;2,4/5 GHz;wlan0;-37.0;;;;-37.0;1.9952623149688787e-07;0.1;1.995262314968879e-08;6.578008209793743e-06;;;;ROUGE;False
1787664003.1477308;22.406550737000543;BLE Sniffer;iBeacon;2,4 GHz BLE;6b:c0:f9:52:88:a7;-64.0;;;;-64.0;3.9810717055349694e-10;0.000368;1.4650343876368688e-13;4.999125539443529e-11;36;0x00;39;ORANGE;False
1787664003.1658895;22.422478643999966;Simulation RF;Détection RF large bande;868 MHz;868 MHz;;2752;2.2178372863280735;-44.71349145312294;-77.71349145312294;1.6929762073432566e-11;0.1;1.6929762073432567e-12;3.82499447708606e-09;;;;VERT;True
1787664003.1661737;22.422478643999966;Simulation RF;Détection RF large bande;2,45 GHz;2,45 GHz;;2838;2.286642808616788;-47.4657123446715;-64.1657123446715;3.832028809970422e-10;0.1;3.832028809970422e-11;1.2993281498246582e-08;;;;ORANGE;True
1787664003.175733;22.434552223000537;Wi-Fi;Wi-Fi;2,4/5 GHz;wlan0;-38.0;;;;-38.0;1.584893192461114e-07;0.1;1.5848931924611143e-08;6.593857141718354e-06;;;;ROUGE;False
1787664003.2512772;22.51009608700042;BLE Sniffer;Appareil BLE;2,4 GHz BLE;7f:a1:17:cb:99:7f;-80.0;;;;-80.0;1e-11;0.00028;2.7999999999999997e-15;1.4623014304487554e-11;25;0x00;37;VERT;False
1787664003.251359;22.510176263000176;BLE Sniffer;Appareil BLE;2,4 GHz BLE;7f:a1:17:cb:99:7f;-72.0;;;;-72.0;6.309573444801942e-11;0.00028;1.7666805645445437e-14;1.4640681110132998e-11;25;0x00;38;VERT;False
1787664003.263939;22.52256202600074;Simulation RF;Détection RF large bande;868 MHz;868 MHz;;2679;2.1588455717126465;-42.35382286850586;-75.35382286850586;2.9148600846299785e-11;0.1;2.9148600846299785e-12;3.82790933717069e-09;;;;VERT;True
1787664003.2640975;22.52256202600074;Simulation RF;Détection RF large bande;2,45 GHz;2,45 GHz;;2820;2.2726231360156084;-46.90492544062434;-63.60492544062434;4.3602104951530156e-10;0.1;4.360210495153016e-11;1.3036883603198112e-08;;;;ORANGE;True
1787664003.272932;22.531750091000504;Wi-Fi;Wi-Fi;2,4/5 GHz;wlan0;-38.0;;;;-38.0;1.584893192461114e-07;0.1;1.5848931924611143e-08;6.609706073642966e-06;;;;ROUGE;False
1787664003.3640063;22.62265613100044;Simulation RF;Détection RF large bande;868 MHz;868 MHz;;2745;2.212314259691024;-44.49257038764095;-77.49257038764095;1.7813241722245153e-11;0.1;1.7813241722245153e-12;3.829690661342914e-09;;;;VERT;True
1787664003.3641634;22.62265613100044;Simulation RF;Détection RF large bande;2,45 GHz;2,45 GHz;;2879;2.3202845381482766;-48.811381525931054;-65.51138152593106;2.811006484221256e-10;0.1;2.8110064842212564e-11;1.3064993668040325e-08;;;;ORANGE;True
1787664003.373318;22.632136766000258;Wi-Fi;Wi-Fi;2,4/5 GHz;wlan0;-38.0;;;;-38.0;1.584893192461114e-07;0.1;1.5848931924611143e-08;6.625555005567577e-06;;;;ROUGE;False
1787664003.459593;22.71841190900068;BLE Sniffer;iBeacon;2,4 GHz BLE;6b:c0:f9:52:88:a7;-64.0;;;;-64.0;3.9810717055349694e-10;0.000368;1.4650343876368688e-13;5.013775883319898e-11;36;0x00;39;ORANGE;False
1787664003.4640446;22.722735994000686;Simulation RF;Détection RF large bande;868 MHz;868 MHz;;2696;2.1727581203394037;-42.91032481357614;-75.91032481357614;2.5642922431340534e-11;0.1;2.5642922431340534e-12;3.832254953586048e-09;;;;VERT;True
1787664003.464191;22.722735994000686;Simulation RF;Détection RF large bande;2,45 GHz;2,45 GHz;;2881;2.3217136455523035;-48.86854582209213;-65.56854582209213;2.7742488698682864e-10;0.1;2.7742488698682865e-11;1.3092736156739007e-08;;;;ORANGE;True
1787664003.4731245;22.731943358000535;Wi-Fi;Wi-Fi;2,4/5 GHz;wlan0;-38.0;;;;-38.0;1.584893192461114e-07;0.1;1.5848931924611143e-08;6.641403937492189e-06;;;;ROUGE;False
1787664003.563354;22.822173432000454;BLE Sniffer;Appareil BLE;2,4 GHz BLE;7f:a1:17:cb:99:7f;-80.0;;;;-80.0;1e-11;0.00028;2.7999999999999997e-15;1.4643481110133e-11;25;0x00;37;VERT;False
1787664003.563436;22.82225333000042;BLE Sniffer;Appareil BLE;2,4 GHz BLE;7f:a1:17:cb:99:7f;-74.0;;;;-74.0;3.9810717055349695e-11;0.00028;1.1147000775497913e-14;1.4654628110908498e-11;25;0x00;38;VERT;False
1787664003.567105;22.822848546000387;Simulation RF;Détection RF large bande;868 MHz;868 MHz;;2662;2.145033906475947;-41.801356259037874;-74.80135625903787;3.310277286287673e-11;0.1;3.310277286287673e-12;3.835565230872336e-09;;;;VERT;True
1787664003.5787244;22.822848546000387;Simulation RF;Détection RF large bande;2,45 GHz;2,45 GHz;;2890;2.328693220322726;-49.14772881290905;-65.84772881290905;2.601519698627916e-10;0.1;2.601519698627916e-11;1.3118751353725286e-08;;;;ORANGE;True
1787664003.5897644;22.848582996000005;Wi-Fi;Wi-Fi;2,4/5 GHz;wlan0;-38.0;;;;-38.0;1.584893192461114e-07;0.1;1.5848931924611143e-08;6.6572528694168e-06;;;;ROUGE;False
1787664003.6643062;22.922932465000486;Simulation RF;Détection RF large bande;868 MHz;868 MHz;;2766;2.2290393290059423;-45.161573160237694;-78.1615731602377;1.5270128227968875e-11;0.1;1.5270128227968876e-12;3.837092243695133e-09;;;;VERT;True
1787664003.6644928;22.922932465000486;Simulation RF;Détection RF large bande;2,45 GHz;2,45 GHz;;2905;2.3412324947184255;-49.649299788737025;-66.34929978873703;2.3177683127065922e-10;0.1;2.3177683127065923e-11;1.3141929036852352e-08;;;;ORANGE;True
1787664003.6697328;22.92855184600012;BLE Sniffer;iBeacon;2,4 GHz BLE;6b:c0:f9:52:88:a7;-64.0;;;;-64.0;3.9810717055349694e-10;0.000368;1.4650343876368688e-13;5.028426227196266e-11;36;0x00;39;ORANGE;False
1787664003.675588;22.93440760500016;Wi-Fi;Wi-Fi;2,4/5 GHz;wlan0;-38.0;;;;-38.0;1.584893192461114e-07;0.1;1.5848931924611143e-08;6.673101801341412e-06;;;;ROUGE;False
1787664003.7644093;23.023019421000754;Simulation RF;Détection RF large bande;868 MHz;868 MHz;;2736;2.2045637148432466;-44.18254859372986;-77.18254859372986;1.9131329014401493e-11;0.1;1.9131329014401493e-12;3.839005376596573e-09;;;;VERT;True
1787664003.7645648;23.023019421000754;Simulation RF;Détection RF large bande;2,45 GHz;2,45 GHz;;2912;2.346323011065145;-49.85292044260581;-66.55292044260581;2.2116069993721007e-10;0.1;2.2116069993721008e-11;1.3164045106846073e-08;;;;ORANGE;True
1787664003.7736988;23.03251813299994;Wi-Fi;Wi-Fi;2,4/5 GHz;wlan0;-38.0;;;;-38.0;1.584893192461114e-07;0.1;1.5848931924611143e-08;6.688950733266023e-06;;;;ROUGE;False
1787664003.7765205;23.03533867600072;Simulation LoRa;LoRa;868 MHz;LoRa 868.100 MHz;-89.14669767898164;;;;-89.14669767898164;1.2171111249789944e-12;0.046335999999999995;5.639606108702668e-14;1.9485305530002433e-12;13;"SNR=7.44;SF=7;BW=125.0;CR=4/5;F=868.100;CRC=OK;PAYLOAD=54454d504f5f4c4f52415f3232";7;VERT;True
1787664003.7801192;23.03893867900024;BLE Sniffer;Appareil BLE;2,4 GHz BLE;7f:a1:17:cb:99:7f;-79.0;;;;-79.0;1.2589254117941662e-11;0.00028;3.524991153023665e-15;1.4658153102061523e-11;25;0x00;37;VERT;False
1787664003.8645108;23.123111563000748;Simulation RF;Détection RF large bande;868 MHz;868 MHz;;2667;2.1492284762364835;-41.96913904945934;-74.96913904945934;3.184828823398817e-11;0.1;3.1848288233988174e-12;3.842190205419972e-09;;;;VERT;True
1787664003.8646703;23.123111563000748;Simulation RF;Détection RF large bande;2,45 GHz;2,45 GHz;;2925;2.3569442238645206;-50.27776895458082;-66.97776895458082;2.00550202364805e-10;0.1;2.00550202364805e-11;1.3184100127082555e-08;;;;ORANGE;True
1787664003.8743374;23.133156096000675;Wi-Fi;Wi-Fi;2,4/5 GHz;wlan0;-38.0;;;;-38.0;1.584893192461114e-07;0.1;1.5848931924611143e-08;6.704799665190635e-06;;;;ROUGE;False
1787664003.9645648;23.223196723;Simulation RF;Détection RF large bande;868 MHz;868 MHz;;2693;2.1704687675180896;-42.818750700723584;-75.81875070072358;2.6189362677640044e-11;0.1;2.6189362677640046e-12;3.844809141687736e-09;;;;VERT;True
1787664003.9647133;23.223196723;Simulation RF;Détection RF large bande;2,45 GHz;2,45 GHz;;2841;2.289616301418617;-47.58465205674467;-64.28465205674468;3.7285055537528254e-10;0.1;3.7285055537528254e-11;1.3221385182620083e-08;;;;ORANGE;True
1787664003.973438;23.232256274000065;Wi-Fi;Wi-Fi;2,4/5 GHz;wlan0;-38.0;;;;-38.0;1.584893192461114e-07;0.1;1.5848931924611143e-08;6.720648597115246e-06;;;;ROUGE;False
1787664003.9842691;23.243087026000467;BLE Sniffer;iBeacon;2,4 GHz BLE;6b:c0:f9:52:88:a7;-58.0;;;;-58.0;1.584893192461111e-09;0.000368;5.832406948256889e-13;5.086750296678835e-11;36;0x00;38;ORANGE;False
1787664003.986003;23.244822853000187;BLE Sniffer;iBeacon;2,4 GHz BLE;6b:c0:f9:52:88:a7;-64.0;;;;-64.0;3.9810717055349694e-10;0.000368;1.4650343876368688e-13;5.1014006405552036e-11;36;0x00;39;ORANGE;False
1787664004.0646641;23.323282952000227;Simulation RF;Détection RF large bande;868 MHz;868 MHz;;2736;2.2044411979254432;-44.17764791701772;-77.17764791701772;1.9152929421690706e-11;0.1;1.9152929421690707e-12;3.846724434629905e-09;;;;VERT;True
1787664004.0648248;23.323282952000227;Simulation RF;Détection RF large bande;2,45 GHz;2,45 GHz;;2787;2.245917824897367;-45.83671299589467;-62.536712995894675;5.57607620537466e-10;0.1;5.5760762053746607e-11;1.327714594467383e-08;;;;ORANGE;True
1787664004.0736392;23.332457401000283;Wi-Fi;Wi-Fi;2,4/5 GHz;wlan0;-38.0;;;;-38.0;1.584893192461114e-07;0.1;1.5848931924611143e-08;6.736497529039858e-06;;;;ROUGE;False
1787664004.0896788;23.348497833000692;BLE Sniffer;Appareil BLE;2,4 GHz BLE;7f:a1:17:cb:99:7f;-80.0;;;;-80.0;1e-11;0.00028;2.7999999999999997e-15;1.4660953102061523e-11;25;0x00;37;VERT;False
1787664004.0922883;23.351107370000136;BLE Sniffer;Appareil BLE;2,4 GHz BLE;7f:a1:1f:cb:99:7f;-75.0;;;;-75.0;3.1622776601683794e-11;0.00028;8.854377448471461e-15;8.854377448471461e-15;25;0x00;38;VERT;False
1787664004.1647472;23.423369054000432;Simulation RF;Détection RF large bande;868 MHz;868 MHz;;2762;2.225881974220077;-45.03527896880307;-78.03527896880307;1.5720708073444423e-11;0.1;1.5720708073444424e-12;3.848296505437249e-09;;;;VERT;True
1787664004.1649075;23.423369054000432;Simulation RF;Détection RF large bande;2,45 GHz;2,45 GHz;;2930;2.361147607597785;-50.44590430391139;-67.1459043039114;1.9293435593636133e-10;0.1;1.9293435593636136e-11;1.3296439380267466e-08;;;;ORANGE;True
1787664004.1736748;23.432493015000546;Wi-Fi;Wi-Fi;2,4/5 GHz;wlan0;-38.0;;;;-38.0;1.584893192461114e-07;0.1;1.5848931924611143e-08;6.752346460964469e-06;;;;ROUGE;False
1787664004.26483;23.523452507000002;Simulation RF;Détection RF large bande;868 MHz;868 MHz;;2710;2.1835957532084858;-43.34383012833942;-76.34383012833942;2.3206892321797763e-11;0.1;2.3206892321797765e-12;3.850617194669429e-09;;;;VERT;True
1787664004.264986;23.523452507000002;Simulation RF;Détection RF large bande;2,45 GHz;2,45 GHz;;2883;2.323190391305017;-48.927615652200686;-65.62761565220069;2.736770845919989e-10;0.1;2.7367708459199895e-11;1.3323807088726665e-08;;;;ORANGE;True
1787664004.2738144;23.532633845999953;Wi-Fi;Wi-Fi;2,4/5 GHz;wlan0;-38.0;;;;-38.0;1.584893192461114e-07;0.1;1.5848931924611143e-08;6.768195392889081e-06;;;;ROUGE;False
1787664004.2976134;23.556432379999933;BLE Sniffer;iBeacon;2,4 GHz BLE;6b:c0:f9:52:88:a7;-64.0;;;;-64.0;3.9810717055349694e-10;0.000368;1.4650343876368688e-13;5.116050984431572e-11;36;0x00;39;ORANGE;False
1787664004.3686953;23.627262216999952;Simulation RF;Détection RF large bande;868 MHz;868 MHz;;2694;2.170876760204783;-42.835070408191314;-75.83507040819131;2.609113423502199e-11;0.1;2.609113423502199e-12;3.853226308092932e-09;;;;VERT;True
1787664004.368881;23.627262216999952;Simulation RF;Détection RF large bande;2,45 GHz;2,45 GHz;;2813;2.266674850136283;-46.666994005451315;-63.36699400545132;4.605752531244031e-10;0.1;4.6057525312440315e-11;1.3369864614039106e-08;;;;ORANGE;True
1787664004.3843102;23.64312925900049;Wi-Fi;Wi-Fi;2,4/5 GHz;wlan0;-38.0;;;;-38.0;1.584893192461114e-07;0.1;1.5848931924611143e-08;6.784044324813692e-06;;;;ROUGE;False
1787664004.4016232;23.66044253900054;BLE Sniffer;Appareil BLE;2,4 GHz BLE;7f:a1:17:cb:99:7f;-79.0;;;;-79.0;1.2589254117941662e-11;0.00028;3.524991153023665e-15;1.4664478093214548e-11;25;0x00;37;VERT;False
1787664004.4688215;23.727372377000393;Simulation RF;Détection RF large bande;868 MHz;868 MHz;;2716;2.1884740135127196;-43.53896054050878;-76.53896054050878;2.21872739621628e-11;0.1;2.2187273962162803e-12;3.855445035489148e-09;;;;VERT;True
1787664004.4690554;23.727372377000393;Simulation RF;Détection RF large bande;2,45 GHz;2,45 GHz;;2947;2.374933745205853;-50.99734980823412;-67.69734980823412;1.6992802865963546e-10;0.1;1.6992802865963547e-11;1.3386857416905069e-08;;;;ORANGE;True
1787664004.4792438;23.73806286800027;Wi-Fi;Wi-Fi;2,4/5 GHz;wlan0;-38.0;;;;-38.0;1.584893192461114e-07;0.1;1.5848931924611143e-08;6.7998932567383036e-06;;;;ROUGE;False
1787664004.513142;23.771961604999888;BLE Sniffer;iBeacon;2,4 GHz BLE;6b:c0:f9:52:88:a7;-58.0;;;;-58.0;1.584893192461111e-09;0.000368;5.832406948256889e-13;5.174375053914141e-11;36;0x00;38;ORANGE;False
1787664004.5132308;23.77204818900009;BLE Sniffer;iBeacon;2,4 GHz BLE;6b:c0:f9:52:88:a7;-64.0;;;;-64.0;3.9810717055349694e-10;0.000368;1.4650343876368688e-13;5.1890253977905094e-11;36;0x00;39;ORANGE;False
1787664004.5688324;23.827459108000767;Simulation RF;Détection RF large bande;868 MHz;868 MHz;;2812;2.2663715161137903;-46.654860644551604;-79.6548606445516;1.0827144564708233e-11;0.1;1.0827144564708234e-12;3.856527749945619e-09;;;;VERT;True
1787664004.568981;23.827459108000767;Simulation RF;Détection RF large bande;2,45 GHz;2,45 GHz;;2835;2.2847773174359034;-47.391092697436136;-64.09109269743614;3.898438884899976e-10;0.1;3.898438884899976e-11;1.3425841805754068e-08;;;;ORANGE;True
1787664004.5776913;23.836509839999962;Wi-Fi;Wi-Fi;2,4/5 GHz;wlan0;-38.0;;;;-38.0;1.584893192461114e-07;0.1;1.5848931924611143e-08;6.815742188662915e-06;;;;ROUGE;False
1787664004.6180217;23.87684086199988;BLE Sniffer;Appareil BLE;2,4 GHz BLE;7f:a1:17:cb:99:7f;-80.0;;;;-80.0;1e-11;0.00028;2.7999999999999997e-15;1.466727809321455e-11;25;0x00;37;VERT;False
1787664004.668937;23.9275486180004;Simulation RF;Détection RF large bande;868 MHz;868 MHz;;2745;2.212202013961561;-44.48808055846243;-77.48808055846243;1.7831666954830288e-11;0.1;1.7831666954830289e-12;3.858310916641102e-09;;;;VERT;True
1787664004.6691127;23.9275486180004;Simulation RF;Détection RF large bande;2,45 GHz;2,45 GHz;;2865;2.3089272412059536;-48.357089648238144;-65.05708964823815;3.1209803562026823e-10;0.1;3.1209803562026824e-11;1.3457051609316094e-08;;;;ORANGE;True
1787664004.6805694;23.939387979999992;Wi-Fi;Wi-Fi;2,4/5 GHz;wlan0;-38.0;;;;-38.0;1.584893192461114e-07;0.1;1.5848931924611143e-08;6.8315911205875265e-06;;;;ROUGE;False
1787664004.7241433;23.98296324200055;Simulation LoRa;LoRa;868 MHz;LoRa 868.100 MHz;-91.967842251927;;;;-91.967842251927;6.356466680082913e-13;0.046335999999999995;2.9453324008832186e-14;1.9779838770090757e-12;13;"SNR=7.52;SF=7;BW=125.0;CR=4/5;F=868.100;CRC=OK;PAYLOAD=54454d504f5f4c4f52415f3233";7;VERT;True
1787664004.7690074;24.0276370900001;Simulation RF;Détection RF large bande;868 MHz;868 MHz;;2733;2.202452426482466;-44.098097059298624;-77.09809705929862;1.9506991470345847e-11;0.1;1.9506991470345846e-12;3.860261615788136e-09;;;;VERT;True
1787664004.7691555;24.0276370900001;Simulation RF;Détection RF large bande;2,45 GHz;2,45 GHz;;2926;2.358285662194051;-50.331426487762045;-67.03142648776205;1.980876278442826e-10;0.1;1.980876278442826e-11;1.3476860372100522e-08;;;;ORANGE;True
1787664004.7780387;24.036857285000224;Wi-Fi;Wi-Fi;2,4/5 GHz;wlan0;-38.0;;;;-38.0;1.584893192461114e-07;0.1;1.5848931924611143e-08;6.847440052512138e-06;;;;ROUGE;False
1787664004.82911;24.08792906400049;BLE Sniffer;iBeacon;2,4 GHz BLE;6b:c0:f9:52:88:a7;-58.0;;;;-58.0;1.584893192461111e-09;0.000368;5.832406948256889e-13;5.247349467273078e-11;36;0x00;38;ORANGE;False
1787664004.8690891;24.127723081000113;Simulation RF;Détection RF large bande;868 MHz;868 MHz;;2737;2.2053748945080325;-44.2149957803213;-77.2149957803213;1.8988926870967432e-11;0.1;1.898892687096743e-12;3.862160508475233e-09;;;;VERT;True
1787664004.86924;24.127723081000113;Simulation RF;Détection RF large bande;2,45 GHz;2,45 GHz;;2892;2.330578294517985;-49.2231317807194;-65.9231317807194;2.5567415066892244e-10;0.1;2.5567415066892244e-11;1.3502427787167414e-08;;;;ORANGE;True
1787664004.8792102;24.13802854700043;Wi-Fi;Wi-Fi;2,4/5 GHz;wlan0;-38.0;;;;-38.0;1.584893192461114e-07;0.1;1.5848931924611143e-08;6.8632889844367495e-06;;;;ROUGE;False
1787664004.9309516;24.189770661000694;BLE Sniffer;iBeacon;2,4 GHz BLE;6b:c0:f9:52:88:a7;-64.0;;;;-64.0;3.9810717055349694e-10;0.000368;1.4650343876368688e-13;5.2619998111494467e-11;36;0x00;39;ORANGE;False
1787664004.9328904;24.191709252000692;BLE Sniffer;Appareil BLE;2,4 GHz BLE;7f:a1:17:cb:99:7f;-80.0;;;;-80.0;1e-11;0.00028;2.7999999999999997e-15;1.467007809321455e-11;25;0x00;37;VERT;False
1787664004.9338095;24.192628745000547;BLE Sniffer;Appareil BLE;2,4 GHz BLE;7f:a1:17:cb:99:7f;-73.0;;;;-73.0;5.011872336272715e-11;0.00028;1.40332425415636e-14;1.4684111335756113e-11;25;0x00;38;VERT;False
1787664004.9369395;24.195759675000772;BLE Sniffer;Appareil BLE;2,4 GHz BLE;d3:23:2f:4d:3e:b1;-77.0;;;;-77.0;1.9952623149688828e-11;0.000376;7.502186304282999e-15;7.798788493592571e-14;37;0x00;39;VERT;False
1787664004.9691803;24.227810090000276;Simulation RF;Détection RF large bande;868 MHz;868 MHz;;2733;2.202807828765937;-44.11231315063749;-77.11231315063749;1.9443242147314218e-11;0.1;1.944324214731422e-12;3.864104832689965e-09;;;;VERT;True
1787664004.9693274;24.227810090000276;Simulation RF;Détection RF large bande;2,45 GHz;2,45 GHz;;2906;2.3422262512812426;-49.68905005124971;-66.38905005124971;2.2966509483258502e-10;0.1;2.29665094832585e-11;1.3525394296650673e-08;;;;ORANGE;True
1787664004.9782846;24.237102812000558;Wi-Fi;Wi-Fi;2,4/5 GHz;wlan0;-39.0;;;;-39.0;1.2589254117941662e-07;0.1;1.2589254117941663e-08;6.875878238554691e-06;;;;ROUGE;False
1787664005.0692616;24.327896241000417;Simulation RF;Détection RF large bande;868 MHz;868 MHz;;2749;2.215190468240811;-44.607618729632435;-77.60761872963243;1.7347549166235e-11;0.1;1.7347549166234999e-12;3.8658395876065885e-09;;;;VERT;True
1787664005.0694323;24.327896241000417;Simulation RF;Détection RF large bande;2,45 GHz;2,45 GHz;;2900;2.3372918544350934;-49.49167417740374;-66.19167417740374;2.403436112179173e-10;0.1;2.403436112179173e-11;1.3549428657772465e-08;;;;ORANGE;True
1787664005.0793195;24.33813780700075;Wi-Fi;Wi-Fi;2,4/5 GHz;wlan0;-39.0;;;;-39.0;1.2589254117941662e-07;0.1;1.2589254117941663e-08;6.888467492672633e-06;;;;ROUGE;False
1787664005.1459823;24.404801218000102;BLE Sniffer;iBeacon;2,4 GHz BLE;6b:c0:f9:52:88:a7;-59.0;;;;-59.0;1.2589254117941663e-09;0.000368;4.632845515402531e-13;5.308328266303472e-11;36;0x00;37;ORANGE;False
1787664005.1460683;24.404885616000684;BLE Sniffer;iBeacon;2,4 GHz BLE;6b:c0:f9:52:88:a7;-58.0;;;;-58.0;1.584893192461111e-09;0.000368;5.832406948256889e-13;5.3666523357860405e-11;36;0x00;38;ORANGE;False
1787664005.1693668;24.427958930000386;Simulation RF;Détection RF large bande;868 MHz;868 MHz;;2662;2.1451890558914704;-41.80756223565881;-74.8075622356588;3.30555034796006e-11;0.1;3.3055503479600603e-12;3.8691451379545485e-09;;;;VERT;True
1787664005.1695526;24.427958930000386;Simulation RF;Détection RF large bande;2,45 GHz;2,45 GHz;;2870;2.312979032759969;-48.519161310398744;-65.21916131039875;3.006656878365254e-10;0.1;3.006656878365254e-11;1.3579495226556117e-08;;;;ORANGE;True
1787664005.1783314;24.437150507000297;Wi-Fi;Wi-Fi;2,4/5 GHz;wlan0;-39.0;;;;-39.0;1.2589254117941662e-07;0.1;1.2589254117941663e-08;6.901056746790574e-06;;;;ROUGE;False
1787664005.2483912;24.5072108760005;BLE Sniffer;iBeacon;2,4 GHz BLE;6b:c0:f9:52:88:a7;-64.0;;;;-64.0;3.9810717055349694e-10;0.000368;1.4650343876368688e-13;5.381302679662409e-11;36;0x00;39;ORANGE;False
1787664005.251133;24.509952168000382;BLE Sniffer;Appareil BLE;2,4 GHz BLE;7f:a1:17:cb:99:7f;-78.0;;;;-78.0;1.5848931924611107e-11;0.00028;4.4377009388911094e-15;1.4688549036695004e-11;25;0x00;37;VERT;False
1787664005.2512152;24.51003262100039;BLE Sniffer;Appareil BLE;2,4 GHz BLE;7f:a1:17:cb:99:7f;-73.0;;;;-73.0;5.011872336272715e-11;0.00028;1.40332425415636e-14;1.4702582279236567e-11;25;0x00;38;VERT;False
1787664005.2694337;24.52804753000055;Simulation RF;Détection RF large bande;868 MHz;868 MHz;;2789;2.24782789726951;-45.91311589078039;-78.91311589078039;1.2843648484270129e-11;0.1;1.284364848427013e-12;3.870429502802976e-09;;;;VERT;True
1787664005.2696903;24.52804753000055;Simulation RF;Détection RF large bande;2,45 GHz;2,45 GHz;;2859;2.3038581015035304;-48.15432406014121;-64.85432406014121;3.270149397746241e-10;0.1;3.2701493977462415e-11;1.3612196720533579e-08;;;;ORANGE;True
1787664005.2806623;24.539481082000748;Wi-Fi;Wi-Fi;2,4/5 GHz;wlan0;-39.0;;;;-39.0;1.2589254117941662e-07;0.1;1.2589254117941663e-08;6.913646000908516e-06;;;;ROUGE;False
1787664005.3695378;24.628196691000085;Simulation RF;Détection RF large bande;868 MHz;868 MHz;;2739;2.2075517913898945;-44.30207165559578;-77.30207165559578;1.861199102512395e-11;0.1;1.861199102512395e-12;3.872290701905488e-09;;;;VERT;True
1787664005.3696916;24.628196691000085;Simulation RF;Détection RF large bande;2,45 GHz;2,45 GHz;;2810;2.26485909104025;-46.59436364160999;-63.29436364160999;4.683425711472899e-10;0.1;4.6834257114729e-11;1.3659030977648308e-08;;;;ORANGE;True
1787664005.3787348;24.63755332400069;Wi-Fi;Wi-Fi;2,4/5 GHz;wlan0;-39.0;;;;-39.0;1.2589254117941662e-07;0.1;1.2589254117941663e-08;6.9262352550264574e-06;;;;ROUGE;False
1787664005.4606056;24.719424769999932;BLE Sniffer;iBeacon;2,4 GHz BLE;6b:c0:f9:52:88:a7;-64.0;;;;-64.0;3.9810717055349694e-10;0.000368;1.4650343876368688e-13;5.3959530235387776e-11;36;0x00;39;ORANGE;False
1787664005.4606946;24.71951181700024;BLE Sniffer;Appareil BLE;2,4 GHz BLE;7f:a1:17:cb:99:7f;-77.0;;;;-77.0;1.9952623149688828e-11;0.00028;5.586734481912872e-15;1.470816901371848e-11;25;0x00;37;VERT;False
1787664005.4607341;24.71955145100037;BLE Sniffer;Appareil BLE;2,4 GHz BLE;7f:a1:17:cb:99:7f;-73.0;;;;-73.0;5.011872336272715e-11;0.00028;1.40332425415636e-14;1.4722202256260043e-11;25;0x00;38;VERT;False
1787664005.4742436;24.72835657700034;Simulation RF;Détection RF large bande;868 MHz;868 MHz;;2802;2.2582231749509147;-46.32892699803659;-79.3289269980366;1.1670979337995002e-11;0.1;1.1670979337995003e-12;3.873457799839288e-09;;;;VERT;True
1787664005.4745874;24.72835657700034;Simulation RF;Détection RF large bande;2,45 GHz;2,45 GHz;;2924;2.3560760888858403;-50.2430435554336;-66.9430435554336;2.021601934322829e-10;0.1;2.0216019343228293e-11;1.3679246996991536e-08;;;;ORANGE;True
1787664005.4840364;24.74285492099989;Wi-Fi;Wi-Fi;2,4/5 GHz;wlan0;-39.0;;;;-39.0;1.2589254117941662e-07;0.1;1.2589254117941663e-08;6.938824509144399e-06;;;;ROUGE;False
1787664005.5698488;24.828525074000027;Simulation RF;Détection RF large bande;868 MHz;868 MHz;;2732;2.201653404145861;-44.066136165834436;-77.06613616583444;1.9651078178334366e-11;0.1;1.9651078178334367e-12;3.875422907657121e-09;;;;VERT;True
1787664005.570001;24.828525074000027;Simulation RF;Détection RF large bande;2,45 GHz;2,45 GHz;;2936;2.3660352382891428;-50.641409531565714;-67.34140953156572;1.844416704343257e-10;0.1;1.844416704343257e-11;1.3697691164034968e-08;;;;ORANGE;True
1787664005.5780985;24.836916746000497;Wi-Fi;Wi-Fi;2,4/5 GHz;wlan0;-38.0;;;;-38.0;1.584893192461114e-07;0.1;1.5848931924611143e-08;6.9546734410690105e-06;;;;ROUGE;False
1787664005.6699224;24.92860926600042;Simulation RF;Détection RF large bande;868 MHz;868 MHz;;2789;2.2478757207141964;-45.915028828567856;-78.91502882856786;1.2837992485551742e-11;0.1;1.2837992485551742e-12;3.876706706905676e-09;;;;VERT;True
1787664005.670069;24.92860926600042;Simulation RF;Détection RF large bande;2,45 GHz;2,45 GHz;;2881;2.3215142833870437;-48.86057133548174;-65.56057133548174;2.779347607032443e-10;0.1;2.7793476070324432e-11;1.3725484640105292e-08;;;;ORANGE;True
1787664005.6819496;24.940767641000093;Wi-Fi;Wi-Fi;2,4/5 GHz;wlan0;-38.0;;;;-38.0;1.584893192461114e-07;0.1;1.5848931924611143e-08;6.970522372993622e-06;;;;ROUGE;False
1787664005.7730892;25.031908895000015;BLE Sniffer;iBeacon;2,4 GHz BLE;6b:c0:f9:52:88:a7;-64.0;;;;-64.0;3.9810717055349694e-10;0.000368;1.4650343876368688e-13;5.410603367415146e-11;36;0x00;39;ORANGE;False
1787664005.7732277;25.032045226000264;Simulation LoRa;LoRa;868 MHz;LoRa 868.100 MHz;-81.55881485535228;;;;-81.55881485535228;6.984229704670911e-12;0.046335999999999995;3.236212675956313e-13;2.301605144604707e-12;13;"SNR=6.20;SF=7;BW=125.0;CR=4/5;F=868.100;CRC=OK;PAYLOAD=54454d504f5f4c4f52415f3234";7;VERT;True
1787664005.7732716;25.03208885999993;BLE Sniffer;Appareil BLE;2,4 GHz BLE;7f:a1:17:cb:99:7f;-77.0;;;;-77.0;1.9952623149688828e-11;0.00028;5.586734481912872e-15;1.4727788990741956e-11;25;0x00;37;VERT;False
1787664005.7764733;25.028782746000616;Simulation RF;Détection RF large bande;868 MHz;868 MHz;;2809;2.263917024203177;-46.55668096812708;-79.55668096812708;1.1074698282191947e-11;0.1;1.1074698282191947e-12;3.877814176733895e-09;;;;VERT;True
1787664005.7766206;25.028782746000616;Simulation RF;Détection RF large bande;2,45 GHz;2,45 GHz;;2890;2.329320248181063;-49.17280992724251;-65.87280992724251;2.586538858023733e-10;0.1;2.5865388580237328e-11;1.375135002868553e-08;;;;ORANGE;True
1787664005.7865033;25.04532246800045;Wi-Fi;Wi-Fi;2,4/5 GHz;wlan0;-38.0;;;;-38.0;1.584893192461114e-07;0.1;1.5848931924611143e-08;6.9863713049182335e-06;;;;ROUGE;False
1787664005.8702695;25.12887097500061;Simulation RF;Détection RF large bande;868 MHz;868 MHz;;2817;2.270044774875935;-46.80179099503739;-79.8017909950374;1.0466968098032111e-11;0.1;1.0466968098032112e-12;3.8788608735436975e-09;;;;VERT;True
1787664005.87052;25.12887097500061;Simulation RF;Détection RF large bande;2,45 GHz;2,45 GHz;;2873;2.3154690530423503;-48.618762121694004;-65.31876212169401;2.9384870955000265e-10;0.1;2.9384870955000264e-11;1.378073489964053e-08;;;;ORANGE;True
1787664005.8828375;25.141657032000694;Wi-Fi;Wi-Fi;2,4/5 GHz;wlan0;-38.0;;;;-38.0;1.584893192461114e-07;0.1;1.5848931924611143e-08;7.002220236842845e-06;;;;ROUGE;False
1787664005.9703126;25.22894998100037;Simulation RF;Détection RF large bande;868 MHz;868 MHz;;2786;2.2453266489610373;-45.813065958441484;-78.81306595844148;1.3142966597635736e-11;0.1;1.3142966597635737e-12;3.880175170203461e-09;;;;VERT;True
1787664005.971412;25.22894998100037;Simulation RF;Détection RF large bande;2,45 GHz;2,45 GHz;;2803;2.258472045870281;-46.33888183481125;-63.03888183481124;4.967201940709379e-10;0.1;4.967201940709379e-11;1.3830406919047623e-08;;;;ORANGE;True
1787664005.9801483;25.2389669840004;Wi-Fi;Wi-Fi;2,4/5 GHz;wlan0;-38.0;;;;-38.0;1.584893192461114e-07;0.1;1.5848931924611143e-08;7.0180691687674565e-06;;;;ROUGE;False
1787664005.983792;25.24261165600001;BLE Sniffer;iBeacon;2,4 GHz BLE;6b:c0:f9:52:88:a7;-58.0;;;;-58.0;1.584893192461111e-09;0.000368;5.832406948256889e-13;5.468927436897715e-11;36;0x00;38;ORANGE;False
1787664006.072697;25.32904486999996;Simulation RF;Détection RF large bande;868 MHz;868 MHz;;2742;2.2094645267954394;-44.378581071817564;-77.37858107181756;1.828697591153975e-11;0.1;1.828697591153975e-12;3.882003867794615e-09;;;;VERT;True
1787664006.0733788;25.32904486999996;Simulation RF;Détection RF large bande;2,45 GHz;2,45 GHz;;2885;2.3248463768087038;-48.993855072348154;-65.69385507234816;2.695345810916885e-10;0.1;2.6953458109168852e-11;1.3857360377156792e-08;;;;ORANGE;True
1787664006.0844986;25.343317349000245;Wi-Fi;Wi-Fi;2,4/5 GHz;wlan0;-38.0;;;;-38.0;1.584893192461114e-07;0.1;1.5848931924611143e-08;7.033918100692068e-06;;;;ROUGE;False
1787664006.0885005;25.347322671000256;BLE Sniffer;iBeacon;2,4 GHz BLE;6b:c0:f9:52:88:a7;-64.0;;;;-64.0;3.9810717055349694e-10;0.000368;1.4650343876368688e-13;5.4835777807740834e-11;36;0x00;39;ORANGE;False
1787664006.0886838;25.34750122800051;BLE Sniffer;Appareil BLE;2,4 GHz BLE;7f:a1:17:cb:99:7f;-77.0;;;;-77.0;1.9952623149688828e-11;0.00028;5.586734481912872e-15;1.473337572522387e-11;25;0x00;37;VERT;False
1787664006.1705744;25.429167693000636;Simulation RF;Détection RF large bande;868 MHz;868 MHz;;2801;2.2575938054083013;-46.30375221633206;-79.30375221633206;1.1738829056377757e-11;0.1;1.1738829056377758e-12;3.8831777507002526e-09;;;;VERT;True
1787664006.170779;25.429167693000636;Simulation RF;Détection RF large bande;2,45 GHz;2,45 GHz;;2926;2.3579290860446487;-50.31716344178594;-67.01716344178594;1.987392542420717e-10;0.1;1.9873925424207172e-11;1.3877234302581e-08;;;;ORANGE;True
1787664006.179639;25.438456796000537;Wi-Fi;Wi-Fi;2,4/5 GHz;wlan0;-38.0;;;;-38.0;1.584893192461114e-07;0.1;1.5848931924611143e-08;7.0497670326166795e-06;;;;ROUGE;False
1787664006.270644;25.529254457000206;Simulation RF;Détection RF large bande;868 MHz;868 MHz;;2769;2.231214140885886;-45.24856563543544;-78.24856563543544;1.4967299064114012e-11;0.1;1.4967299064114014e-12;3.884674480606664e-09;;;;VERT;True
1787664006.2708461;25.529254457000206;Simulation RF;Détection RF large bande;2,45 GHz;2,45 GHz;;2915;2.34883522902122;-49.95340916084879;-66.6534091608488;2.1610214811669198e-10;0.1;2.16102148116692e-11;1.389884451739267e-08;;;;ORANGE;True
1787664006.2809772;25.539795719000722;Wi-Fi;Wi-Fi;2,4/5 GHz;wlan0;-38.0;;;;-38.0;1.584893192461114e-07;0.1;1.5848931924611143e-08;7.065615964541291e-06;;;;ROUGE;False
1787664006.3006825;25.55950149599994;BLE Sniffer;iBeacon;2,4 GHz BLE;6b:c0:f9:52:88:a7;-58.0;;;;-58.0;1.584893192461111e-09;0.000368;5.832406948256889e-13;5.541901850256652e-11;36;0x00;38;ORANGE;False
1787664006.3007643;25.559581801000604;BLE Sniffer;iBeacon;2,4 GHz BLE;6b:c0:f9:52:88:a7;-64.0;;;;-64.0;3.9810717055349694e-10;0.000368;1.4650343876368688e-13;5.556552194133021e-11;36;0x00;39;ORANGE;False
1787664006.3035114;25.562330815000678;BLE Sniffer;Appareil BLE;2,4 GHz BLE;7f:a1:17:cb:99:7f;-77.0;;;;-77.0;1.9952623149688828e-11;0.00028;5.586734481912872e-15;1.473896245970578e-11;25;0x00;37;VERT;False
1787664006.3707364;25.629346165000243;Simulation RF;Détection RF large bande;868 MHz;868 MHz;;2874;2.316132741833346;-48.64530967333383;-81.64530967333383;6.846506623897185e-12;0.1;6.846506623897185e-13;3.8853591312690534e-09;;;;VERT;True
1787664006.3709507;25.629346165000243;Simulation RF;Détection RF large bande;2,45 GHz;2,45 GHz;;2867;2.310566544756376;-48.42266179025505;-65.12266179025505;3.074212053089377e-10;0.1;3.074212053089377e-11;1.3929586637923563e-08;;;;ORANGE;True
1787664006.3801205;25.638939172999926;Wi-Fi;Wi-Fi;2,4/5 GHz;wlan0;-38.0;;;;-38.0;1.584893192461114e-07;0.1;1.5848931924611143e-08;7.0814648964659024e-06;;;;ROUGE;False
1787664006.4708195;25.729437189000237;Simulation RF;Détection RF large bande;868 MHz;868 MHz;;2747;2.2138299456237913;-44.55319782495165;-77.55319782495165;1.7566296848169146e-11;0.1;1.7566296848169147e-12;3.887115760953871e-09;;;;VERT;True
1787664006.4710083;25.729437189000237;Simulation RF;Détection RF large bande;2,45 GHz;2,45 GHz;;2892;2.330910947792726;-49.23643791170903;-65.93643791170904;2.5489200225599735e-10;0.1;2.5489200225599735e-11;1.3955075838149162e-08;;;;ORANGE;True
1787664006.4813113;25.74012961600056;Wi-Fi;Wi-Fi;2,4/5 GHz;wlan0;-38.0;;;;-38.0;1.584893192461114e-07;0.1;1.5848931924611143e-08;7.097313828390514e-06;;;;ROUGE;False
1787664006.5709252;25.82952582300004;Simulation RF;Détection RF large bande;868 MHz;868 MHz;;2778;2.2384837282561145;-45.539349130244574;-78.53934913024457;1.3997970920633474e-11;0.1;1.3997970920633475e-12;3.888515558045934e-09;;;;VERT;True
1787664006.572624;25.82952582300004;Simulation RF;Détection RF large bande;2,45 GHz;2,45 GHz;;2914;2.348434744681428;-49.93738978725712;-66.63738978725712;2.1690073379484845e-10;0.1;2.1690073379484847e-11;1.3976765911528648e-08;;;;ORANGE;True
1787664006.5812068;25.84002521000002;Wi-Fi;Wi-Fi;2,4/5 GHz;wlan0;-38.0;;;;-38.0;1.584893192461114e-07;0.1;1.5848931924611143e-08;7.113162760315125e-06;;;;ROUGE;False
1787664006.6144922;25.873311796000053;BLE Sniffer;iBeacon;2,4 GHz BLE;6b:c0:f9:52:88:a7;-58.0;;;;-58.0;1.584893192461111e-09;0.000368;5.832406948256889e-13;5.6148762636155894e-11;36;0x00;38;ORANGE;False
1787664006.6145747;25.873391731000083;BLE Sniffer;iBeacon;2,4 GHz BLE;6b:c0:f9:52:88:a7;-64.0;;;;-64.0;3.9810717055349694e-10;0.000368;1.4650343876368688e-13;5.629526607491958e-11;36;0x00;39;ORANGE;False
1787664006.6710038;25.929616680000436;Simulation RF;Détection RF large bande;868 MHz;868 MHz;;2798;2.2551559843667013;-46.206239374668044;-79.20623937466804;1.2005384185959472e-11;0.1;1.2005384185959473e-12;3.88971609646453e-09;;;;VERT;True
1787664006.6712043;25.929616680000436;Simulation RF;Détection RF large bande;2,45 GHz;2,45 GHz;;2865;2.3086923277341387;-48.34769310936554;-65.04769310936554;3.127740322804285e-10;0.1;3.127740322804285e-11;1.400804331475669e-08;;;;ORANGE;True
1787664006.6812932;25.940112066999973;Wi-Fi;Wi-Fi;2,4/5 GHz;wlan0;-38.0;;;;-38.0;1.584893192461114e-07;0.1;1.5848931924611143e-08;7.129011692239737e-06;;;;ROUGE;False
1787664006.7245557;25.983375536000494;Simulation LoRa;LoRa;868 MHz;LoRa 868.100 MHz;-90.29411401265503;;;;-90.29411401265503;9.345199966155133e-13;0.046335999999999995;4.330191856317642e-14;2.3449070631678836e-12;13;"SNR=5.54;SF=7;BW=125.0;CR=4/5;F=868.100;CRC=OK;PAYLOAD=54454d504f5f4c4f52415f3235";7;VERT;True
1787664006.7711883;26.02971305600022;Simulation RF;Détection RF large bande;868 MHz;868 MHz;;2818;2.2707101988943696;-46.82840795577478;-79.82840795577478;1.0403014514444526e-11;0.1;1.0403014514444526e-12;3.890756397915975e-09;;;;VERT;True
1787664006.7717516;26.02971305600022;Simulation RF;Détection RF large bande;2,45 GHz;2,45 GHz;;2876;2.3174760370511858;-48.69904148204742;-65.39904148204742;2.884668099070104e-10;0.1;2.8846680990701042e-11;1.4036889995747392e-08;;;;ORANGE;True
1787664006.7773333;26.03615109600014;Wi-Fi;Wi-Fi;2,4/5 GHz;wlan0;-38.0;;;;-38.0;1.584893192461114e-07;0.1;1.5848931924611143e-08;7.144860624164348e-06;;;;ROUGE;False
1787664006.8297427;26.088562504000038;BLE Sniffer;Appareil BLE;2,4 GHz BLE;7f:a1:17:cb:99:7f;-77.0;;;;-77.0;1.9952623149688828e-11;0.00028;5.586734481912872e-15;1.4744549194187694e-11;25;0x00;37;VERT;False
1787664006.829846;26.088663497000198;BLE Sniffer;Appareil BLE;2,4 GHz BLE;7f:a1:17:cb:99:7f;-74.0;;;;-74.0;3.9810717055349695e-11;0.00028;1.1147000775497913e-14;1.4755696194963193e-11;25;0x00;38;VERT;False
1787664006.871198;26.12980178199996;Simulation RF;Détection RF large bande;868 MHz;868 MHz;;2757;2.2218928963516844;-44.87571585406738;-77.87571585406738;1.6309040627238536e-11;0.1;1.6309040627238537e-12;3.892387301978698e-09;;;;VERT;True
1787664006.8715692;26.12980178199996;Simulation RF;Détection RF large bande;2,45 GHz;2,45 GHz;;2906;2.3420104455789716;-49.68041782315886;-66.38041782315887;2.3012204124689212e-10;0.1;2.3012204124689214e-11;1.4059902199872082e-08;;;;ORANGE;True
1787664006.8822656;26.141084277000118;Wi-Fi;Wi-Fi;2,4/5 GHz;wlan0;-38.0;;;;-38.0;1.584893192461114e-07;0.1;1.5848931924611143e-08;7.16070955608896e-06;;;;ROUGE;False
1787664006.9398546;26.198673212999893;BLE Sniffer;iBeacon;2,4 GHz BLE;6b:c0:f9:52:88:a7;-64.0;;;;-64.0;3.9810717055349694e-10;0.000368;1.4650343876368688e-13;5.6441769513683265e-11;36;0x00;39;ORANGE;False
1787664006.9715316;26.22992868000074;Simulation RF;Détection RF large bande;868 MHz;868 MHz;;2811;2.2649705524099777;-46.598822096399104;-79.5988220963991;1.0967756258442744e-11;0.1;1.0967756258442745e-12;3.8934840776045425e-09;;;;VERT;True
1787664006.9718282;26.22992868000074;Simulation RF;Détection RF large bande;2,45 GHz;2,45 GHz;;2917;2.350902072433121;-50.03608289732483;-66.73608289732483;2.1202726449827816e-10;0.1;2.1202726449827818e-11;1.4081104926321909e-08;;;;ORANGE;True
1787664006.9816234;26.240441810000448;Wi-Fi;Wi-Fi;2,4/5 GHz;wlan0;-38.0;;;;-38.0;1.584893192461114e-07;0.1;1.5848931924611143e-08;7.176558488013571e-06;;;;ROUGE;False
1787664007.0716255;26.330028012000184;Simulation RF;Détection RF large bande;868 MHz;868 MHz;;2876;2.317269526048118;-48.69078104192471;-81.69078104192471;6.775196504699049e-12;0.1;6.77519650469905e-13;3.894161597255012e-09;;;;VERT;True
1787664007.0719414;26.330028012000184;Simulation RF;Détection RF large bande;2,45 GHz;2,45 GHz;;2870;2.3130459784081587;-48.52183913632635;-65.22183913632635;3.004803568594079e-10;0.1;3.004803568594079e-11;1.411115296200785e-08;;;;ORANGE;True
1787664007.0819242;26.3407435120007;Wi-Fi;Wi-Fi;2,4/5 GHz;wlan0;-38.0;;;;-38.0;1.584893192461114e-07;0.1;1.5848931924611143e-08;7.192407419938183e-06;;;;ROUGE;False
1787664007.1485808;26.40740018500037;BLE Sniffer;Appareil BLE;2,4 GHz BLE;7f:a1:17:cb:99:7f;-77.0;;;;-77.0;1.9952623149688828e-11;0.00028;5.586734481912872e-15;1.4761282929445106e-11;25;0x00;37;VERT;False
1787664007.1521258;26.410945526999967;BLE Sniffer;Appareil BLE;2,4 GHz BLE;7f:a1:17:cb:99:7f;-72.0;;;;-72.0;6.309573444801942e-11;0.00028;1.7666805645445437e-14;1.477894973509055e-11;25;0x00;38;VERT;False
1787664007.15221;26.411027351000484;BLE Sniffer;iBeacon;2,4 GHz BLE;6b:c0:f9:52:88:a7;-64.0;;;;-64.0;3.9810717055349694e-10;0.000368;1.4650343876368688e-13;5.658827295244695e-11;36;0x00;39;ORANGE;False
1787664007.1718898;26.430154722000225;Simulation RF;Détection RF large bande;868 MHz;868 MHz;;2817;2.270377247536481;-46.81508990145923;-79.81508990145923;1.0434965315258051e-11;0.1;1.0434965315258051e-12;3.895205093786538e-09;;;;VERT;True
1787664007.172617;26.430154722000225;Simulation RF;Détection RF large bande;2,45 GHz;2,45 GHz;;2960;2.385149396885942;-51.405975875437676;-68.10597587543768;1.546686918742429e-10;0.1;1.546686918742429e-11;1.4126619831195275e-08;;;;ORANGE;True
1787664007.1909292;26.449748386000465;Wi-Fi;Wi-Fi;2,4/5 GHz;wlan0;-38.0;;;;-38.0;1.584893192461114e-07;0.1;1.5848931924611143e-08;7.208256351862794e-06;;;;ROUGE;False
1787664007.271796;26.5302763210002;Simulation RF;Détection RF large bande;868 MHz;868 MHz;;2793;2.2504082122572817;-46.01632849029127;-79.01632849029127;1.2542010238528457e-11;0.1;1.2542010238528457e-12;3.896459294810391e-09;;;;VERT;True
1787664007.2721078;26.5302763210002;Simulation RF;Détection RF large bande;2,45 GHz;2,45 GHz;;2908;2.343601140965388;-49.7440456386155;-66.4440456386155;2.2677513603696432e-10;0.1;2.2677513603696433e-11;1.414929734479897e-08;;;;ORANGE;True
1787664007.2818937;26.54071193800064;Wi-Fi;Wi-Fi;2,4/5 GHz;wlan0;-38.0;;;;-38.0;1.584893192461114e-07;0.1;1.5848931924611143e-08;7.224105283787406e-06;;;;ROUGE;False
1787664007.3700666;26.628885972000717;BLE Sniffer;Appareil BLE;2,4 GHz BLE;7f:a1:17:cb:99:7f;-76.0;;;;-76.0;2.5118864315095823e-11;0.00028;7.03328200822683e-15;1.4785983017098776e-11;25;0x00;37;VERT;False
1787664007.3726962;26.630417291999947;Simulation RF;Détection RF large bande;868 MHz;868 MHz;;2766;2.2293543276369245;-45.17417310547698;-78.17417310547698;1.522589005469424e-11;0.1;1.5225890054694241e-12;3.89798188381586e-09;;;;VERT;True
1787664007.3744018;26.630417291999947;Simulation RF;Détection RF large bande;2,45 GHz;2,45 GHz;;2888;2.3275803644822397;-49.103214579289585;-65.80321457928959;2.628321829341588e-10;0.1;2.628321829341588e-11;1.4175580563092387e-08;;;;ORANGE;True
1787664007.3832254;26.642043691000254;Wi-Fi;Wi-Fi;2,4/5 GHz;wlan0;-38.0;;;;-38.0;1.584893192461114e-07;0.1;1.5848931924611143e-08;7.239954215712017e-06;;;;ROUGE;False
1787664007.4759371;26.734757272000024;BLE Sniffer;Appareil BLE;2,4 GHz BLE;7f:a1:17:cb:99:7f;-75.0;;;;-75.0;3.1622776601683794e-11;0.00028;8.854377448471461e-15;1.4794837394547247e-11;25;0x00;38;VERT;False
1787664007.47708;26.73589990000073;BLE Sniffer;iBeacon;2,4 GHz BLE;6b:c0:f9:52:88:a7;-64.0;;;;-64.0;3.9810717055349694e-10;0.000368;1.4650343876368688e-13;5.6734776391210636e-11;36;0x00;39;ORANGE;False
1787664007.4735043;26.73055304100035;Simulation RF;Détection RF large bande;868 MHz;868 MHz;;2744;2.211035829398998;-44.4414331759599;-77.4414331759599;1.8024228414381153e-11;0.1;1.8024228414381153e-12;3.8997843066572985e-09;;;;VERT;True
1787664007.4795372;26.73055304100035;Simulation RF;Détection RF large bande;2,45 GHz;2,45 GHz;;2886;2.325845178814872;-49.033807152594875;-65.73380715259488;2.6706641997511713e-10;0.1;2.6706641997511716e-11;1.4202287205089898e-08;;;;ORANGE;True
1787664007.4895291;26.748347651000586;Wi-Fi;Wi-Fi;2,4/5 GHz;wlan0;-38.0;;;;-38.0;1.584893192461114e-07;0.1;1.5848931924611143e-08;7.255803147636629e-06;;;;ROUGE;False
1787664007.572217;26.83069047400022;Simulation RF;Détection RF large bande;868 MHz;868 MHz;;2729;2.19934663492137;-43.97386539685479;-76.97386539685479;2.0073054341394425e-11;0.1;2.0073054341394427e-12;3.901791612091438e-09;;;;VERT;True
1787664007.5727942;26.83069047400022;Simulation RF;Détection RF large bande;2,45 GHz;2,45 GHz;;2848;2.2949648399560125;-47.7985935982405;-64.4985935982405;3.5492830917917813e-10;0.1;3.549283091791782e-11;1.4237780036007816e-08;;;;ORANGE;True
1787664007.5853915;26.844210512000245;Wi-Fi;Wi-Fi;2,4/5 GHz;wlan0;-38.0;;;;-38.0;1.584893192461114e-07;0.1;1.5848931924611143e-08;7.27165207956124e-06;;;;ROUGE;False
1787664007.6724453;26.93082129600043;Simulation RF;Détection RF large bande;868 MHz;868 MHz;;2767;2.2299720729201633;-45.198882916806525;-78.19888291680653;1.5139506135722387e-11;0.1;1.513950613572239e-12;3.90330556270501e-09;;;;VERT;True
1787664007.6730516;26.93082129600043;Simulation RF;Détection RF large bande;2,45 GHz;2,45 GHz;;2917;2.3505487405218957;-50.021949620875816;-66.72194962087582;2.1271839030254416e-10;0.1;2.1271839030254418e-11;1.425905187503807e-08;;;;ORANGE;True
1787664007.6823359;26.941154346000076;Wi-Fi;Wi-Fi;2,4/5 GHz;wlan0;-38.0;;;;-38.0;1.584893192461114e-07;0.1;1.5848931924611143e-08;7.287501011485852e-06;;;;ROUGE;False
1787664007.6863582;26.945178298000428;BLE Sniffer;Appareil BLE;2,4 GHz BLE;7f:a1:17:cb:99:7f;-77.0;;;;-77.0;1.9952623149688828e-11;0.00028;5.586734481912872e-15;1.480042412902916e-11;25;0x00;37;VERT;False
1787664007.6864543;26.94527154900061;BLE Sniffer;Appareil BLE;2,4 GHz BLE;7f:a1:17:cb:9b:7f;-74.0;;;;-74.0;3.9810717055349695e-11;0.00028;1.1147000775497913e-14;1.1147000775497913e-14;25;0x00;38;VERT;False
1787664007.69323;26.95204945900059;BLE Sniffer;iBeacon;2,4 GHz BLE;6b:c0:f9:52:88:a7;-64.0;;;;-64.0;3.9810717055349694e-10;0.000368;1.4650343876368688e-13;5.688127982997432e-11;36;0x00;39;ORANGE;False
1787664007.7726805;27.031063927000105;Simulation RF;Détection RF large bande;868 MHz;868 MHz;;2817;2.2698470167754237;-46.79388067101695;-79.79388067101695;1.0486050209952306e-11;0.1;1.0486050209952306e-12;3.904354167726006e-09;;;;VERT;True
1787664007.772919;27.031063927000105;Simulation RF;Détection RF large bande;2,45 GHz;2,45 GHz;;2996;2.4142254837517214;-52.56901935006886;-69.26901935006886;1.1833087202094034e-10;0.1;1.1833087202094035e-11;1.4270884962240164e-08;;;;ORANGE;True
1787664007.781715;27.0405330829999;Wi-Fi;Wi-Fi;2,4/5 GHz;wlan0;-38.0;;;;-38.0;1.584893192461114e-07;0.1;1.5848931924611143e-08;7.303349943410463e-06;;;;ROUGE;False
1787664007.795263;27.054082976000245;Simulation LoRa;LoRa;868 MHz;LoRa 868.100 MHz;-88.90347828776665;;;;-88.90347828776665;1.287218198790398e-12;0.046335999999999995;5.964454245915187e-14;2.4045516056270355e-12;13;"SNR=6.01;SF=7;BW=125.0;CR=4/5;F=868.100;CRC=OK;PAYLOAD=54454d504f5f4c4f52415f3236";7;VERT;True
1787664007.8764582;27.13121625200074;Simulation RF;Détection RF large bande;868 MHz;868 MHz;;2825;2.276847272558311;-47.07389090233244;-80.07389090233244;9.831299118500187e-12;0.1;9.831299118500188e-13;3.905337297637856e-09;;;;VERT;True
1787664007.8766754;27.13121625200074;Simulation RF;Détection RF large bande;2,45 GHz;2,45 GHz;;2941;2.3700216359838477;-50.80086543935391;-67.50086543935392;1.7779250791144498e-10;0.1;1.7779250791144498e-11;1.4288664213031308e-08;;;;ORANGE;True
1787664007.8852665;27.144084419000137;Wi-Fi;Wi-Fi;2,4/5 GHz;wlan0;-38.0;;;;-38.0;1.584893192461114e-07;0.1;1.5848931924611143e-08;7.319198875335075e-06;;;;ROUGE;False
1787664007.9752197;27.231341888000316;Simulation RF;Détection RF large bande;868 MHz;868 MHz;;2815;2.268102790556011;-46.72411162224044;-79.72411162224044;1.0655868141254923e-11;0.1;1.0655868141254924e-12;3.906402884451981e-09;;;;VERT;True
1787664007.9755096;27.231341888000316;Simulation RF;Détection RF large bande;2,45 GHz;2,45 GHz;;2945;2.3729251206513005;-50.91700482605202;-67.61700482605202;1.731009763260232e-10;0.1;1.731009763260232e-11;1.430597431066391e-08;;;;ORANGE;True
1787664007.984207;27.24302532999991;Wi-Fi;Wi-Fi;2,4/5 GHz;wlan0;-38.0;;;;-38.0;1.584893192461114e-07;0.1;1.5848931924611143e-08;7.335047807259686e-06;;;;ROUGE;False
1787664008.0029974;27.26181657000052;BLE Sniffer;Appareil BLE;2,4 GHz BLE;7f:a1:17:cb:99:7f;-77.0;;;;-77.0;1.9952623149688828e-11;0.00028;5.586734481912872e-15;1.4806010863511072e-11;25;0x00;37;VERT;False
1787664008.0030801;27.261897654000677;BLE Sniffer;iBeacon;2,4 GHz BLE;6b:c0:f9:52:88:a7;-58.0;;;;-58.0;1.584893192461111e-09;0.000368;5.832406948256889e-13;5.746452052480001e-11;36;0x00;38;ORANGE;False
1787664008.011207;27.27002632299991;BLE Sniffer;iBeacon;2,4 GHz BLE;6b:c0:f9:52:88:a7;-64.0;;;;-64.0;3.9810717055349694e-10;0.000368;1.4650343876368688e-13;5.7611023963563694e-11;36;0x00;39;ORANGE;False
1787664008.072984;27.33146686800046;Simulation RF;Détection RF large bande;868 MHz;868 MHz;;2780;2.240133472292892;-45.605338891715675;-78.60533889171568;1.3786883659938616e-11;0.1;1.3786883659938618e-12;3.907781572817975e-09;;;;VERT;True
1787664008.073189;27.33146686800046;Simulation RF;Détection RF large bande;2,45 GHz;2,45 GHz;;2926;2.358077937040737;-50.32311748162948;-67.02311748162948;1.98466975702128e-10;0.1;1.98466975702128e-11;1.4325821008234124e-08;;;;ORANGE;True
1787664008.0823107;27.341129634000026;Wi-Fi;Wi-Fi;2,4/5 GHz;wlan0;-38.0;;;;-38.0;1.584893192461114e-07;0.1;1.5848931924611143e-08;7.350896739184298e-06;;;;ROUGE;False
1787664008.1729424;27.431558035000307;Simulation RF;Détection RF large bande;868 MHz;868 MHz;;2732;2.2012812400238504;-44.05124960095401;-77.05124960095401;1.9718552900896605e-11;0.1;1.9718552900896607e-12;3.9097534281080645e-09;;;;VERT;True
1787664008.1731005;27.431558035000307;Simulation RF;Détection RF large bande;2,45 GHz;2,45 GHz;;2922;2.354969670446308;-50.19878681785231;-66.89878681785231;2.04230837467258e-10;0.1;2.0423083746725803e-11;1.434624409198085e-08;;;;ORANGE;True
1787664008.196081;27.45490348200019;Wi-Fi;Wi-Fi;2,4/5 GHz;wlan0;-38.0;;;;-38.0;1.584893192461114e-07;0.1;1.5848931924611143e-08;7.366745671108909e-06;;;;ROUGE;False
1787664008.2182853;27.477105115000086;BLE Sniffer;Appareil BLE;2,4 GHz BLE;7f:a1:17:cb:99:7f;-77.0;;;;-77.0;1.9952623149688828e-11;0.00028;5.586734481912872e-15;1.4811597597992985e-11;25;0x00;37;VERT;False
1787664008.219339;27.47815930700017;BLE Sniffer;Appareil BLE;2,4 GHz BLE;7f:a1:17:cb:99:7f;-76.0;;;;-76.0;2.5118864315095823e-11;0.00028;7.03328200822683e-15;1.481863088000121e-11;25;0x00;38;VERT;False
1787664008.2731948;27.531685188000665;Simulation RF;Détection RF large bande;868 MHz;868 MHz;;2851;2.2972480911649447;-47.88992364659778;-80.88992364659778;8.147186074795312e-12;0.1;8.147186074795313e-13;3.910568146715544e-09;;;;VERT;True
1787664008.27341;27.531685188000665;Simulation RF;Détection RF large bande;2,45 GHz;2,45 GHz;;2941;2.370208421005081;-50.808336840203225;-67.50833684020323;1.7748690487452375e-10;0.1;1.7748690487452375e-11;1.4363992782468302e-08;;;;ORANGE;True
1787664008.282592;27.541411184000026;Wi-Fi;Wi-Fi;2,4/5 GHz;wlan0;-38.0;;;;-38.0;1.584893192461114e-07;0.1;1.5848931924611143e-08;7.382594603033521e-06;;;;ROUGE;False
1787664008.3233018;27.58212077799999;BLE Sniffer;iBeacon;2,4 GHz BLE;6b:c0:f9:52:88:a7;-64.0;;;;-64.0;3.9810717055349694e-10;0.000368;1.4650343876368688e-13;5.775752740232738e-11;36;0x00;39;ORANGE;False
1787664008.3731554;27.631771966000088;Simulation RF;Détection RF large bande;868 MHz;868 MHz;;2846;2.293827765372768;-47.753110614910725;-80.75311061491072;8.407927118867956e-12;0.1;8.407927118867957e-13;3.911408939427431e-09;;;;VERT;True
1787664008.3733168;27.631771966000088;Simulation RF;Détection RF large bande;2,45 GHz;2,45 GHz;;2952;2.3792555261602906;-51.17022104641161;-67.87022104641161;1.6329688312300174e-10;0.1;1.6329688312300174e-11;1.4380322470780602e-08;;;;ORANGE;True
1787664008.381863;27.64068213000064;Wi-Fi;Wi-Fi;2,4/5 GHz;wlan0;-38.0;;;;-38.0;1.584893192461114e-07;0.1;1.5848931924611143e-08;7.398443534958132e-06;;;;ROUGE;False
1787664008.4733994;27.73189515500053;Simulation RF;Détection RF large bande;868 MHz;868 MHz;;2851;2.2974524334163426;-47.898097336653706;-80.8980973366537;8.131866988275723e-12;0.1;8.131866988275724e-13;3.912222126126258e-09;;;;VERT;True
1787664008.4736047;27.73189515500053;Simulation RF;Détection RF large bande;2,45 GHz;2,45 GHz;;2948;2.3759719510709423;-51.038878042837695;-67.7388780428377;1.6831088195518663e-10;0.1;1.6831088195518665e-11;1.439715355897612e-08;;;;ORANGE;True
1787664008.4826584;27.741477506000592;Wi-Fi;Wi-Fi;2,4/5 GHz;wlan0;-39.0;;;;-39.0;1.2589254117941662e-07;0.1;1.2589254117941663e-08;7.411032789076074e-06;;;;ROUGE;False
1787664008.5324633;27.791282377000243;BLE Sniffer;Appareil BLE;2,4 GHz BLE;7f:a1:17:cb:99:7f;-77.0;;;;-77.0;1.9952623149688828e-11;0.00028;5.586734481912872e-15;1.4824217614483123e-11;25;0x00;37;VERT;False
1787664008.5733643;27.83198343300046;Simulation RF;Détection RF large bande;868 MHz;868 MHz;;2739;2.206992763413664;-44.279710536546546;-77.27971053654655;1.8708068281482417e-11;0.1;1.8708068281482417e-12;3.914092932954407e-09;;;;VERT;True
1787664008.5735238;27.83198343300046;Simulation RF;Détection RF large bande;2,45 GHz;2,45 GHz;;2998;2.41605891410984;-52.64235656439358;-69.34235656439358;1.1634945238524441e-10;0.1;1.1634945238524442e-11;1.4408788504214645e-08;;;;ORANGE;True
1787664008.5821242;27.840942862000702;Wi-Fi;Wi-Fi;2,4/5 GHz;wlan0;-39.0;;;;-39.0;1.2589254117941662e-07;0.1;1.2589254117941663e-08;7.423622043194015e-06;;;;ROUGE;False
1787664008.6374974;27.8963172090007;BLE Sniffer;iBeacon;2,4 GHz BLE;6b:c0:f9:52:88:a7;-58.0;;;;-58.0;1.584893192461111e-09;0.000368;5.832406948256889e-13;5.834076809715307e-11;36;0x00;38;ORANGE;False
1787664008.637585;27.896402404000582;BLE Sniffer;iBeacon;2,4 GHz BLE;6b:c0:f9:52:88:a7;-63.0;;;;-63.0;5.011872336272714e-10;0.000368;1.8443690197483588e-13;5.85252049991279e-11;36;0x00;39;ORANGE;False
1787664008.6736019;27.932086472000265;Simulation RF;Détection RF large bande;868 MHz;868 MHz;;2825;2.27665879732953;-47.06635189318119;-80.06635189318119;9.84838029868374e-12;0.1;9.84838029868374e-13;3.915077770984275e-09;;;;VERT;True
1787664008.6738112;27.932086472000265;Simulation RF;Détection RF large bande;2,45 GHz;2,45 GHz;;2971;2.394114922267909;-51.76459689071635;-68.46459689071635;1.424099424484393e-10;0.1;1.424099424484393e-11;1.442302949845949e-08;;;;ORANGE;True
1787664008.6827111;27.941530511000565;Wi-Fi;Wi-Fi;2,4/5 GHz;wlan0;-38.0;;;;-38.0;1.584893192461114e-07;0.1;1.5848931924611143e-08;7.439470975118627e-06;;;;ROUGE;False
1787664008.7513382;28.010157378000258;Simulation LoRa;LoRa;868 MHz;LoRa 868.100 MHz;-87.64763116629346;;;;-87.64763116629346;1.7188456657760206e-12;0.046335999999999995;7.964443276939769e-14;2.484196038396433e-12;13;"SNR=9.03;SF=7;BW=125.0;CR=4/5;F=868.100;CRC=OK;PAYLOAD=54454d504f5f4c4f52415f3237";7;VERT;True
1787664008.751432;28.010249352000756;BLE Sniffer;Appareil BLE;2,4 GHz BLE;7f:a1:17:cb:99:7f;-84.0;;;;-84.0;3.9810717055349695e-12;0.00028;1.1147000775497915e-15;1.4825332314560672e-11;25;0x00;37;VERT;False
1787664008.773554;28.032173528000385;Simulation RF;Détection RF large bande;868 MHz;868 MHz;;2784;2.243839025929223;-45.75356103716892;-78.75356103716892;1.3324284472792322e-11;0.1;1.3324284472792322e-12;3.916410199431554e-09;;;;VERT;True
1787664008.7737193;28.032173528000385;Simulation RF;Détection RF large bande;2,45 GHz;2,45 GHz;;2976;2.3979542934378895;-51.91817173751558;-68.61817173751558;1.3746205313467436e-10;0.1;1.3746205313467437e-11;1.4436775703772956e-08;;;;ORANGE;True
1787664008.7822664;28.041084488000706;Wi-Fi;Wi-Fi;2,4/5 GHz;wlan0;-38.0;;;;-38.0;1.584893192461114e-07;0.1;1.5848931924611143e-08;7.455319907043238e-06;;;;ROUGE;False
1787664008.8597138;28.11853314000018;BLE Sniffer;iBeacon;2,4 GHz BLE;6b:c0:f9:52:88:a7;-58.0;;;;-58.0;1.584893192461111e-09;0.000368;5.832406948256889e-13;5.910844569395359e-11;36;0x00;38;ORANGE;False
1787664008.8598018;28.118619296999896;BLE Sniffer;iBeacon;2,4 GHz BLE;6b:c0:f9:52:88:a7;-64.0;;;;-64.0;3.9810717055349694e-10;0.000368;1.4650343876368688e-13;5.925494913271727e-11;36;0x00;39;ORANGE;False
1787664008.873825;28.13228636400072;Simulation RF;Détection RF large bande;868 MHz;868 MHz;;2759;2.223360490697217;-44.93441962788867;-77.93441962788867;1.6090073842170854e-11;0.1;1.6090073842170855e-12;3.918019206815772e-09;;;;VERT;True
1787664008.874032;28.13228636400072;Simulation RF;Détection RF large bande;2,45 GHz;2,45 GHz;;2988;2.408154370561579;-52.326174822463145;-69.02617482246315;1.2513607180639835e-10;0.1;1.2513607180639837e-11;1.4449289310953596e-08;;;;ORANGE;True
1787664008.8830426;28.141860862000613;Wi-Fi;Wi-Fi;2,4/5 GHz;wlan0;-38.0;;;;-38.0;1.584893192461114e-07;0.1;1.5848931924611143e-08;7.47116883896785e-06;;;;ROUGE;False
1787664008.9737587;28.232373365000058;Simulation RF;Détection RF large bande;868 MHz;868 MHz;;2834;2.283577651632417;-47.34310606529668;-80.34310606529668;9.240370681249272e-12;0.1;9.240370681249272e-13;3.918943243883896e-09;;;;VERT;True
1787664008.973915;28.232373365000058;Simulation RF;Détection RF large bande;2,45 GHz;2,45 GHz;;2949;2.3768578191667813;-51.074312766671255;-67.77431276667126;1.6694319594305493e-10;0.1;1.6694319594305493e-11;1.44659836305479e-08;;;;ORANGE;True
1787664008.9825184;28.241337331000068;Wi-Fi;Wi-Fi;2,4/5 GHz;wlan0;-38.0;;;;-38.0;1.584893192461114e-07;0.1;1.5848931924611143e-08;7.487017770892461e-06;;;;ROUGE;False
1787664009.069046;28.32786493599997;BLE Sniffer;Appareil BLE;2,4 GHz BLE;53:01:e9:f2:b1:85;-44.0;;;;-44.0;3.981071705534969e-08;0.000176;7.006686201741545e-12;2.1020058605224635e-11;12;0x03;37;ROUGE;False
1787664009.0691352;28.3279526310007;BLE Sniffer;Appareil BLE;2,4 GHz BLE;7f:a1:17:cb:99:7f;-75.0;;;;-75.0;3.1622776601683794e-11;0.00028;8.854377448471461e-15;1.4834186692009143e-11;25;0x00;38;VERT;False
1787664009.0739665;28.332479303000582;Simulation RF;Détection RF large bande;868 MHz;868 MHz;;2850;2.296788258594667;-47.871530343786674;-80.87153034378667;8.181764326753336e-12;0.1;8.181764326753337e-13;3.919761420316571e-09;;;;VERT;True
1787664009.0741763;28.332479303000582;Simulation RF;Détection RF large bande;2,45 GHz;2,45 GHz;;2974;2.3963413663318267;-51.85365465327307;-68.55365465327307;1.3951937903928486e-10;0.1;1.3951937903928486e-11;1.447993556845183e-08;;;;ORANGE;True
1787664009.0830593;28.341877425000348;Wi-Fi;Wi-Fi;2,4/5 GHz;wlan0;-38.0;;;;-38.0;1.584893192461114e-07;0.1;1.5848931924611143e-08;7.502866702817073e-06;;;;ROUGE;False
1787664009.1753757;28.43419476100007;BLE Sniffer;iBeacon;2,4 GHz BLE;6b:c0:f9:52:88:a7;-64.0;;;;-64.0;3.9810717055349694e-10;0.000368;1.4650343876368688e-13;5.940145257148096e-11;36;0x00;39;ORANGE;False
1787664009.1769814;28.43252653700074;Simulation RF;Détection RF large bande;868 MHz;868 MHz;;2807;2.26166269601533;-46.466507840613204;-79.4665078406132;1.1307047482537535e-11;0.1;1.1307047482537536e-12;3.920892125064825e-09;;;;VERT;True
1787664009.1771262;28.43252653700074;Simulation RF;Détection RF large bande;2,45 GHz;2,45 GHz;;2958;2.383724138208967;-51.348965528358676;-68.04896552835868;1.567124308236437e-10;0.1;1.567124308236437e-11;1.4495606811534195e-08;;;;ORANGE;True
1787664009.1856852;28.444503892000284;Wi-Fi;Wi-Fi;2,4/5 GHz;wlan0;-38.0;;;;-38.0;1.584893192461114e-07;0.1;1.5848931924611143e-08;7.518715634741684e-06;;;;ROUGE;False
1787664009.274099;28.53264965100061;Simulation RF;Détection RF large bande;868 MHz;868 MHz;;2815;2.2682146907795016;-46.72858763118006;-79.72858763118006;1.0644891443892069e-11;0.1;1.064489144389207e-12;3.921956614209215e-09;;;;VERT;True
1787664009.2742686;28.53264965100061;Simulation RF;Détection RF large bande;2,45 GHz;2,45 GHz;;2933;2.36360722055328;-50.54428882213119;-67.2442888221312;1.88612780660154e-10;0.1;1.88612780660154e-11;1.4514468089600211e-08;;;;ORANGE;True
1787664009.2803006;28.53911992800022;BLE Sniffer;Appareil BLE;2,4 GHz BLE;7f:a1:17:cb:99:7f;-77.0;;;;-77.0;1.9952623149688828e-11;0.00028;5.586734481912872e-15;1.4839773426491056e-11;25;0x00;37;VERT;False
1787664009.2853677;28.54418730799989;Wi-Fi;Wi-Fi;2,4/5 GHz;wlan0;-38.0;;;;-38.0;1.584893192461114e-07;0.1;1.5848931924611143e-08;7.534564566666296e-06;;;;ROUGE;False
1787664009.3741255;28.632740261000436;Simulation RF;Détection RF large bande;868 MHz;868 MHz;;2816;2.26919212602026;-46.76768504081039;-79.76768504081039;1.0549490756014694e-11;0.1;1.0549490756014695e-12;3.923011563284816e-09;;;;VERT;True
1787664009.3742826;28.632740261000436;Simulation RF;Détection RF large bande;2,45 GHz;2,45 GHz;;2959;2.3847218197873463;-51.38887279149385;-68.08887279149386;1.552789983291396e-10;0.1;1.552789983291396e-11;1.4529995989433125e-08;;;;ORANGE;True
1787664009.3829162;28.641734486000132;Wi-Fi;Wi-Fi;2,4/5 GHz;wlan0;-38.0;;;;-38.0;1.584893192461114e-07;0.1;1.5848931924611143e-08;7.550413498590907e-06;;;;ROUGE;False
1787664009.3863413;28.64516023900069;BLE Sniffer;Appareil BLE;2,4 GHz BLE;7f:a1:17:cb:98:7f;-75.0;;;;-75.0;3.1622776601683794e-11;0.00028;8.854377448471461e-15;8.854377448471461e-15;25;0x00;38;VERT;False
1787664009.474388;28.732866930000455;Simulation RF;Détection RF large bande;868 MHz;868 MHz;;2825;2.276516353513799;-47.06065414055196;-80.06065414055196;9.861309419935226e-12;0.1;9.861309419935227e-13;3.92399769422681e-09;;;;VERT;True
1787664009.474582;28.732866930000455;Simulation RF;Détection RF large bande;2,45 GHz;2,45 GHz;;3009;2.4252331024991576;-53.00932409996629;-69.7093240999663;1.0692212710350487e-10;0.1;1.0692212710350488e-11;1.4540688202143476e-08;;;;ORANGE;True
1787664009.483405;28.74222358499992;Wi-Fi;Wi-Fi;2,4/5 GHz;wlan0;-38.0;;;;-38.0;1.584893192461114e-07;0.1;1.5848931924611143e-08;7.566262430515519e-06;;;;ROUGE;False
1787664009.4919548;28.750774150000325;BLE Sniffer;iBeacon;2,4 GHz BLE;6b:c0:f9:52:88:a7;-64.0;;;;-64.0;3.9810717055349694e-10;0.000368;1.4650343876368688e-13;5.954795601024464e-11;36;0x00;39;ORANGE;False
1787664009.5743325;28.83295240999996;Simulation RF;Détection RF large bande;868 MHz;868 MHz;;2838;2.287374561106269;-47.49498244425075;-80.49498244425075;8.92281226503056e-12;0.1;8.92281226503056e-13;3.924889975453313e-09;;;;VERT;True
1787664009.5744917;28.83295240999996;Simulation RF;Détection RF large bande;2,45 GHz;2,45 GHz;;3004;2.420568969088669;-52.82275876354676;-69.52275876354676;1.11615400938842e-10;0.1;1.11615400938842e-11;1.455184974223736e-08;;;;ORANGE;True
1787664009.5832696;28.842088021000563;Wi-Fi;Wi-Fi;2,4/5 GHz;wlan0;-38.0;;;;-38.0;1.584893192461114e-07;0.1;1.5848931924611143e-08;7.58211136244013e-06;;;;ROUGE;False
1787664009.5967646;28.85558374900029;BLE Sniffer;Appareil BLE;2,4 GHz BLE;7f:a1:17:cb:99:7f;-77.0;;;;-77.0;1.9952623149688828e-11;0.00028;5.586734481912872e-15;1.484536016097297e-11;25;0x00;37;VERT;False
1787664009.6746755;28.93309106200013;Simulation RF;Détection RF large bande;868 MHz;868 MHz;;2765;2.2280752166504962;-45.12300866601984;-78.12300866601984;1.540632777527941e-11;0.1;1.5406327775279412e-12;3.926430608230841e-09;;;;VERT;True
1787664009.6749396;28.93309106200013;Simulation RF;Détection RF large bande;2,45 GHz;2,45 GHz;;2990;2.4093063821394236;-52.37225528557694;-69.07225528557694;1.238153448084556e-10;0.1;1.2381534480845559e-11;1.4564231276718206e-08;;;;ORANGE;True
1787664009.6857615;28.94457939900076;Wi-Fi;Wi-Fi;2,4/5 GHz;wlan0;-38.0;;;;-38.0;1.584893192461114e-07;0.1;1.5848931924611143e-08;7.597960294364742e-06;;;;ROUGE;False
1787664009.7035458;28.96236516099998;BLE Sniffer;iBeacon;2,4 GHz BLE;6b:c0:f9:52:88:a7;-58.0;;;;-58.0;1.584893192461111e-09;0.000368;5.832406948256889e-13;6.013119670507033e-11;36;0x00;38;ORANGE;False
1787664009.7745621;29.033179357000336;Simulation RF;Détection RF large bande;868 MHz;868 MHz;;2805;2.26019332816221;-46.407733126488395;-79.4077331264884;1.1461110173766512e-11;0.1;1.1461110173766514e-12;3.927576719248217e-09;;;;VERT;True
1787664009.7747233;29.033179357000336;Simulation RF;Détection RF large bande;2,45 GHz;2,45 GHz;;2932;2.3631021426932186;-50.524085707728744;-67.22408570772875;1.8949223982063515e-10;0.1;1.8949223982063517e-11;1.458318050070027e-08;;;;ORANGE;True
1787664009.783283;29.04210129600051;Wi-Fi;Wi-Fi;2,4/5 GHz;wlan0;-38.0;;;;-38.0;1.584893192461114e-07;0.1;1.5848931924611143e-08;7.613809226289353e-06;;;;ROUGE;False
1787664009.8089802;29.067799422000462;BLE Sniffer;iBeacon;2,4 GHz BLE;6b:c0:f9:52:88:a7;-64.0;;;;-64.0;3.9810717055349694e-10;0.000368;1.4650343876368688e-13;6.027770014383402e-11;36;0x00;39;ORANGE;False
1787664009.8091094;29.06792693600073;Simulation LoRa;LoRa;868 MHz;LoRa 868.100 MHz;-91.41668773899707;;;;-91.41668773899707;7.216576605317495e-13;0.046335999999999995;3.3438729358399145e-14;2.5176347677548324e-12;13;"SNR=4.99;SF=7;BW=125.0;CR=4/5;F=868.100;CRC=OK;PAYLOAD=54454d504f5f4c4f52415f3238";7;VERT;True
1787664009.8747478;29.133323454000674;Simulation RF;Détection RF large bande;868 MHz;868 MHz;;2773;2.2349153859729523;-45.39661543891809;-78.39661543891809;1.446566675689427e-11;0.1;1.446566675689427e-12;3.929023285923906e-09;;;;VERT;True
1787664009.8772726;29.133323454000674;Simulation RF;Détection RF large bande;2,45 GHz;2,45 GHz;;3006;2.4227467867458072;-52.90987146983228;-69.60987146983229;1.093988742570146e-10;0.1;1.093988742570146e-11;1.4594120388125971e-08;;;;ORANGE;True
1787664009.8865643;29.145383429000503;Wi-Fi;Wi-Fi;2,4/5 GHz;wlan0;-38.0;;;;-38.0;1.584893192461114e-07;0.1;1.5848931924611143e-08;7.629658158213965e-06;;;;ROUGE;False
1787664009.9149773;29.173796839000715;BLE Sniffer;Appareil BLE;2,4 GHz BLE;7f:a1:17:cb:99:7f;-77.0;;;;-77.0;1.9952623149688828e-11;0.00028;5.586734481912872e-15;1.485094689545488e-11;25;0x00;37;VERT;False
1787664009.9748197;29.233415675000288;Simulation RF;Détection RF large bande;868 MHz;868 MHz;;2787;2.245698193200496;-45.827927728019844;-78.82792772801984;1.3098067590248783e-11;0.1;1.3098067590248783e-12;3.930333092682931e-09;;;;VERT;True
1787664009.974988;29.233415675000288;Simulation RF;Détection RF large bande;2,45 GHz;2,45 GHz;;3000;2.4174349972631877;-52.69739989052749;-69.3973998905275;1.1488412238181248e-10;0.1;1.1488412238181248e-11;1.4605608800364153e-08;;;;ORANGE;True
1787664009.983584;29.24240238099992;Wi-Fi;Wi-Fi;2,4/5 GHz;wlan0;-38.0;;;;-38.0;1.584893192461114e-07;0.1;1.5848931924611143e-08;7.645507090138575e-06;;;;ROUGE;False
1787664010.0198228;29.27864238100028;BLE Sniffer;iBeacon;2,4 GHz BLE;6b:c0:f9:52:88:a7;-58.0;;;;-58.0;1.584893192461111e-09;0.000368;5.832406948256889e-13;6.08609408386597e-11;36;0x00;38;ORANGE;False
1787664010.0238805;29.282699832000617;BLE Sniffer;iBeacon;2,4 GHz BLE;6b:c0:f9:52:88:a7;-62.0;;;;-62.0;6.309573444801942e-10;0.000368;2.321923027687115e-13;6.109313314142842e-11;36;0x00;39;ORANGE;False
1787664010.0748816;29.333471568000277;Simulation RF;Détection RF large bande;868 MHz;868 MHz;;2766;2.2287710663690916;-45.150842654763665;-78.15084265476366;1.530790416004636e-11;0.1;1.5307904160046362e-12;3.931863883098936e-09;;;;VERT;True
1787664010.0751114;29.333471568000277;Simulation RF;Détection RF large bande;2,45 GHz;2,45 GHz;;2933;2.3635084186636237;-50.54033674654494;-67.24033674654494;1.887844962268407e-10;0.1;1.887844962268407e-11;1.4624487249986836e-08;;;;ORANGE;True
1787664010.0849802;29.343798698000683;Wi-Fi;Wi-Fi;2,4/5 GHz;wlan0;-38.0;;;;-38.0;1.584893192461114e-07;0.1;1.5848931924611143e-08;7.661356022063186e-06;;;;ROUGE;False
1787664010.130419;29.38923797100051;BLE Sniffer;Appareil BLE;2,4 GHz BLE;7f:a1:17:cb:99:7f;-77.0;;;;-77.0;1.9952623149688828e-11;0.00028;5.586734481912872e-15;1.4856533629936794e-11;25;0x00;37;VERT;False
1787664010.1305063;29.389323574000628;BLE Sniffer;Appareil BLE;2,4 GHz BLE;7f:a1:17:cb:99:7f;-74.0;;;;-74.0;3.9810717055349695e-11;0.00028;1.1147000775497913e-14;1.4867680630712294e-11;25;0x00;38;VERT;False
1787664010.174949;29.433559343000525;Simulation RF;Détection RF large bande;868 MHz;868 MHz;;2758;2.2225249993056684;-44.90099997222673;-77.90099997222673;1.6214367151427478e-11;0.1;1.6214367151427479e-12;3.933485319814079e-09;;;;VERT;True
1787664010.1751196;29.433559343000525;Simulation RF;Détection RF large bande;2,45 GHz;2,45 GHz;;3029;2.4409662770284513;-53.638651081138036;-70.33865108113804;9.249854298424184e-11;0.1;9.249854298424186e-12;1.463373710428526e-08;;;;VERT;True
1787664010.183726;29.442544193000685;Wi-Fi;Wi-Fi;2,4/5 GHz;wlan0;-38.0;;;;-38.0;1.584893192461114e-07;0.1;1.5848931924611143e-08;7.677204953987797e-06;;;;ROUGE;False
1787664010.2332752;29.492094793999968;BLE Sniffer;Appareil BLE;2,4 GHz BLE;7f:a1:17:cb:99:7f;-91.0;;;;-91.0;7.943282347242822e-13;0.00028;2.22411905722799e-16;1.4867903042618016e-11;25;0x00;39;VERT;False
1787664010.2752795;29.53369340000063;Simulation RF;Détection RF large bande;868 MHz;868 MHz;;2777;2.238272128774143;-45.53088515096573;-78.53088515096573;1.4025278212666751e-11;0.1;1.4025278212666752e-12;3.934887847635345e-09;;;;VERT;True
1787664010.2757275;29.53369340000063;Simulation RF;Détection RF large bande;2,45 GHz;2,45 GHz;;2956;2.381735674042404;-51.269426961696155;-67.96942696169616;1.5960897325085162e-10;0.1;1.5960897325085163e-11;1.4649698001610345e-08;;;;ORANGE;True
1787664010.28597;29.54478817100062;Wi-Fi;Wi-Fi;2,4/5 GHz;wlan0;-38.0;;;;-38.0;1.584893192461114e-07;0.1;1.5848931924611143e-08;7.693053885912407e-06;;;;ROUGE;False
1787664010.3411262;29.599945487000696;BLE Sniffer;iBeacon;2,4 GHz BLE;6b:c0:f9:52:88:a7;-59.0;;;;-59.0;1.2589254117941663e-09;0.000368;4.632845515402531e-13;6.155641769296867e-11;36;0x00;37;ORANGE;False
1787664010.3423352;29.60115464000046;BLE Sniffer;iBeacon;2,4 GHz BLE;6b:c0:f9:52:88:a7;-58.0;;;;-58.0;1.584893192461111e-09;0.000368;5.832406948256889e-13;6.213965838779436e-11;36;0x00;38;ORANGE;False
1787664010.3424215;29.601238853000723;BLE Sniffer;iBeacon;2,4 GHz BLE;6b:c0:f9:52:88:a7;-64.0;;;;-64.0;3.9810717055349694e-10;0.000368;1.4650343876368688e-13;6.228616182655804e-11;36;0x00;39;ORANGE;False
1787664010.375152;29.633779952000623;Simulation RF;Détection RF large bande;868 MHz;868 MHz;;2892;2.330353027959868;-49.214121118394715;-82.21412111839471;6.006035407294239e-12;0.1;6.006035407294239e-13;3.935488451176075e-09;;;;VERT;True
1787664010.3753066;29.633779952000623;Simulation RF;Détection RF large bande;2,45 GHz;2,45 GHz;;3024;2.436756935620881;-53.47027742483523;-70.17027742483523;9.615508531023239e-11;0.1;9.61550853102324e-12;1.4659313510141368e-08;;;;VERT;True
1787664010.383994;29.64281251200009;Wi-Fi;Wi-Fi;2,4/5 GHz;wlan0;-38.0;;;;-38.0;1.584893192461114e-07;0.1;1.5848931924611143e-08;7.708902817837018e-06;;;;ROUGE;False
1787664010.448398;29.707217153000784;BLE Sniffer;Appareil BLE;2,4 GHz BLE;7f:a1:17:cb:99:7f;-77.0;;;;-77.0;1.9952623149688828e-11;0.00028;5.586734481912872e-15;1.487348977709993e-11;25;0x00;37;VERT;False
1787664010.4830399;29.73387782000009;Simulation RF;Détection RF large bande;868 MHz;868 MHz;;2865;2.3085937694868988;-48.343750779475954;-81.34375077947595;7.338797799237845e-12;0.1;7.338797799237845e-13;3.936222330955999e-09;;;;VERT;True
1787664010.4834924;29.73387782000009;Simulation RF;Détection RF large bande;2,45 GHz;2,45 GHz;;2956;2.382060821150016;-51.28243284600063;-67.98243284600063;1.5913170477794527e-10;0.1;1.5913170477794528e-11;1.4675226680619163e-08;;;;ORANGE;True
1787664010.4943357;29.753154777999953;Wi-Fi;Wi-Fi;2,4/5 GHz;wlan0;-38.0;;;;-38.0;1.584893192461114e-07;0.1;1.5848931924611143e-08;7.724751749761629e-06;;;;ROUGE;False
1787664010.575341;29.833963742999913;Simulation RF;Détection RF large bande;868 MHz;868 MHz;;2835;2.2846239625611804;-47.38495850244722;-80.38495850244722;9.151750038873365e-12;0.1;9.151750038873366e-13;3.937137505959886e-09;;;;VERT;True
1787664010.5754983;29.833963742999913;Simulation RF;Détection RF large bande;2,45 GHz;2,45 GHz;;2957;2.3828339802358816;-51.31335920943526;-68.01335920943527;1.5800254380625e-10;0.1;1.5800254380625e-11;1.4691026934999788e-08;;;;ORANGE;True
1787664010.5841067;29.84292496099988;Wi-Fi;Wi-Fi;2,4/5 GHz;wlan0;-38.0;;;;-38.0;1.584893192461114e-07;0.1;1.5848931924611143e-08;7.74060068168624e-06;;;;ROUGE;False
1787664010.6553757;29.914195791000566;BLE Sniffer;iBeacon;2,4 GHz BLE;6b:c0:f9:52:88:a7;-58.0;;;;-58.0;1.584893192461111e-09;0.000368;5.832406948256889e-13;6.286940252138373e-11;36;0x00;38;ORANGE;False
1787664010.6600974;29.918917650000367;BLE Sniffer;iBeacon;2,4 GHz BLE;6b:c0:f9:52:88:a7;-64.0;;;;-64.0;3.9810717055349694e-10;0.000368;1.4650343876368688e-13;6.301590596014742e-11;36;0x00;39;ORANGE;False
1787664010.6633859;29.922205292999934;BLE Sniffer;Appareil BLE;2,4 GHz BLE;7f:a1:17:cb:99:7f;-82.0;;;;-82.0;6.309573444801943e-12;0.00028;1.7666805645445437e-15;1.4875256457664473e-11;25;0x00;37;VERT;False
1787664010.6758966;29.934122895000655;Simulation RF;Détection RF large bande;868 MHz;868 MHz;;2796;2.2531507698407425;-46.126030793629695;-79.1260307936297;1.222916826509527e-11;0.1;1.222916826509527e-12;3.938360422786396e-09;;;;VERT;True
1787664010.6762052;29.934122895000655;Simulation RF;Détection RF large bande;2,45 GHz;2,45 GHz;;3020;2.4339691607361975;-53.3587664294479;-70.0587664294479;9.865596683608384e-11;0.1;9.865596683608384e-12;1.4700892531683396e-08;;;;VERT;True
1787664010.6925979;29.951417633000347;Wi-Fi;Wi-Fi;2,4/5 GHz;wlan0;-38.0;;;;-38.0;1.584893192461114e-07;0.1;1.5848931924611143e-08;7.75644961361085e-06;;;;ROUGE;False
1787664010.768847;30.02766668300046;Simulation LoRa;LoRa;868 MHz;LoRa 868.100 MHz;-85.79208734605665;;;;-85.79208734605665;2.6350645924564825e-12;0.046335999999999995;1.2209835295606357e-13;2.639733120710896e-12;13;"SNR=7.57;SF=7;BW=125.0;CR=4/5;F=868.100;CRC=OK;PAYLOAD=54454d504f5f4c4f52415f3239";7;VERT;True
1787664010.7755983;30.034216484999888;Simulation RF;Détection RF large bande;868 MHz;868 MHz;;2742;2.2094132101371904;-44.37652840548762;-77.37652840548762;1.829562118186283e-11;0.1;1.8295621181862832e-12;3.940189984904582e-09;;;;VERT;True
1787664010.7757585;30.034216484999888;Simulation RF;Détection RF large bande;2,45 GHz;2,45 GHz;;3015;2.429451450845498;-53.17805803381992;-69.87805803381993;1.0284760827603046e-10;0.1;1.0284760827603047e-11;1.4711177292510998e-08;;;;ORANGE;True
1787664010.784315;30.04313306900076;Wi-Fi;Wi-Fi;2,4/5 GHz;wlan0;-38.0;;;;-38.0;1.584893192461114e-07;0.1;1.5848931924611143e-08;7.77229854553546e-06;;;;ROUGE;False
