timestamp_epoch;elapsed_s;source;technology;band;device;rssi_dbm;adc_code;voltage_v;power_detector_dbm;power_antenna_dbm;power_w;duration_s;energy_j;cumulative_energy_j;packet_length_bytes;pdu_type;channel;alert_level;simulated
1787671564.3717866;1.8817140820010536;Simulation LoRa;LoRa;868 MHz;LoRa 868.100 MHz;-89.9943073905339;;;;-89.9943073905339;1.0013116312064686e-12;0.041216;4.127006019180582e-14;4.127006019180582e-14;12;"SNR=7.12;SF=7;BW=125.0;CR=4/5;F=868.100;CRC=OK;PAYLOAD=54454d504f5f4c4f52415f31";7;VERT;True
1787671564.4563146;1.9292789190003532;Simulation RF;Détection RF large bande;868 MHz;868 MHz;;2544;2.0504871432358844;-38.019485729435374;-71.01948572943537;7.907722618905376e-11;0.1;7.907722618905377e-12;7.907722618905377e-12;;;;VERT;True
1787671564.4597826;1.9292789190003532;Simulation RF;Détection RF large bande;2,45 GHz;2,45 GHz;;2876;2.3179499056515556;-48.717996226062226;-65.41799622606223;2.8721054256026085e-10;0.1;2.8721054256026087e-11;2.8721054256026087e-11;;;;ORANGE;True
1787671564.488538;1.9984642050003458;Wi-Fi;Wi-Fi;2,4/5 GHz;wlan0;-39.0;;;;-39.0;1.2589254117941662e-07;0.1;1.2589254117941663e-08;1.2589254117941663e-08;;;;ROUGE;False
1787671564.5198197;2.029419255999528;Simulation RF;Détection RF large bande;868 MHz;868 MHz;;2544;2.0499867928119695;-37.99947171247878;-70.99947171247878;7.944248648302036e-11;0.1;7.944248648302036e-12;1.5851971267207413e-11;;;;VERT;True
1787671564.5200365;2.029419255999528;Simulation RF;Détection RF large bande;2,45 GHz;2,45 GHz;;2894;2.332232627195205;-49.2893050878082;-65.9893050878082;2.5180798120794884e-10;0.1;2.5180798120794884e-11;5.390185237682097e-11;;;;ORANGE;True
1787671564.5298784;2.0398029560001305;Wi-Fi;Wi-Fi;2,4/5 GHz;wlan0;-39.0;;;;-39.0;1.2589254117941662e-07;0.1;1.2589254117941663e-08;2.5178508235883325e-08;;;;ROUGE;False
1787671564.6199226;2.1295667230006075;Simulation RF;Détection RF large bande;868 MHz;868 MHz;;2498;2.012677393022821;-36.50709572091283;-69.50709572091283;1.1201867410958887e-10;0.1;1.1201867410958887e-11;2.70538386781663e-11;;;;ORANGE;True
1787671564.6201231;2.1295667230006075;Simulation RF;Détection RF large bande;2,45 GHz;2,45 GHz;;2876;2.318055593327898;-48.722223733115925;-65.42222373311593;2.869311022538848e-10;0.1;2.869311022538848e-11;8.259496260220945e-11;;;;ORANGE;True
1787671564.6300638;2.1399888880005165;Wi-Fi;Wi-Fi;2,4/5 GHz;wlan0;-38.0;;;;-38.0;1.584893192461114e-07;0.1;1.5848931924611143e-08;4.102744016049447e-08;;;;ROUGE;False
1787671564.7199795;2.2296680390008987;Simulation RF;Détection RF large bande;868 MHz;868 MHz;;2451;1.9748180775797115;-34.99272310318845;-67.99272310318845;1.5875510139038193e-10;0.1;1.5875510139038195e-11;4.292934881720449e-11;;;;ORANGE;True
1787671564.720172;2.2296680390008987;Simulation RF;Détection RF large bande;2,45 GHz;2,45 GHz;;2820;2.2728999144914126;-46.91599657965651;-63.6159965796565;4.349109497521761e-10;0.1;4.349109497521761e-11;1.2608605757742707e-10;;;;ORANGE;True
1787671564.7296538;2.239577858999837;Wi-Fi;Wi-Fi;2,4/5 GHz;wlan0;-38.0;;;;-38.0;1.584893192461114e-07;0.1;1.5848931924611143e-08;5.687637208510561e-08;;;;ROUGE;False
1787671564.820101;2.3297843750005995;Simulation RF;Détection RF large bande;868 MHz;868 MHz;;2484;2.0017857312025167;-36.07142924810067;-69.07142924810067;1.238388969939879e-10;0.1;1.2383889699398791e-11;5.531323851660328e-11;;;;ORANGE;True
1787671564.820325;2.3297843750005995;Simulation RF;Détection RF large bande;2,45 GHz;2,45 GHz;;2905;2.3411815222557975;-49.64726089023189;-66.3472608902319;2.318856699507092e-10;0.1;2.318856699507092e-11;1.4927462457249798e-10;;;;ORANGE;True
1787671564.8300006;2.3399249489993963;Wi-Fi;Wi-Fi;2,4/5 GHz;wlan0;-37.0;;;;-37.0;1.9952623149688787e-07;0.1;1.995262314968879e-08;7.68289952347944e-08;;;;ROUGE;False
1787671564.9205842;2.4299874740008818;Simulation RF;Détection RF large bande;868 MHz;868 MHz;;2471;1.9911212554649087;-35.644850218596346;-68.64485021859635;1.3662021930639917e-10;0.1;1.3662021930639917e-11;6.89752604472432e-11;;;;ORANGE;True
1787671564.9248168;2.4299874740008818;Simulation RF;Détection RF large bande;2,45 GHz;2,45 GHz;;2855;2.3005434662725395;-48.02173865090157;-64.72173865090157;3.3715230636458254e-10;0.1;3.371523063645826e-11;1.8298985520895625e-10;;;;ORANGE;True
1787671564.9453902;2.4553166219993727;Wi-Fi;Wi-Fi;2,4/5 GHz;wlan0;-37.0;;;;-37.0;1.9952623149688787e-07;0.1;1.995262314968879e-08;9.678161838448319e-08;;;;ROUGE;False
1787671565.020593;2.530126547000691;Simulation RF;Détection RF large bande;868 MHz;868 MHz;;2469;1.989574310080257;-35.58297240321028;-68.58297240321028;1.3858070286038734e-10;0.1;1.3858070286038734e-11;8.283333073328194e-11;;;;ORANGE;True
1787671565.021013;2.530126547000691;Simulation RF;Détection RF large bande;2,45 GHz;2,45 GHz;;2816;2.2689899207996693;-46.75959683198677;-63.45959683198677;4.508585570906749e-10;0.1;4.5085855709067494e-11;2.2807571091802373e-10;;;;ORANGE;True
1787671565.0490947;2.5590198570007487;Wi-Fi;Wi-Fi;2,4/5 GHz;wlan0;-37.0;;;;-37.0;1.9952623149688787e-07;0.1;1.995262314968879e-08;1.1673424153417198e-07;;;;ROUGE;False
1787671565.123737;2.63060866700107;Simulation RF;Détection RF large bande;868 MHz;868 MHz;;2520;2.0310629190150027;-37.24251676060011;-70.24251676060011;9.456889705399529e-11;0.1;9.45688970539953e-12;9.229022043868147e-11;;;;VERT;True
1787671565.1250324;2.63060866700107;Simulation RF;Détection RF large bande;2,45 GHz;2,45 GHz;;2865;2.3091453708134178;-48.3658148325367;-65.0658148325367;3.1147164514280006e-10;0.1;3.1147164514280005e-11;2.592228754323037e-10;;;;ORANGE;True
1787671565.1401184;2.65004264900017;Wi-Fi;Wi-Fi;2,4/5 GHz;wlan0;-37.0;;;;-37.0;1.9952623149688787e-07;0.1;1.995262314968879e-08;1.3668686468386078e-07;;;;ROUGE;False
1787671565.221086;2.73071660000096;Simulation RF;Détection RF large bande;868 MHz;868 MHz;;2481;1.999510014754884;-35.98040059019536;-68.98040059019536;1.264619694454308e-10;0.1;1.2646196944543081e-11;1.0493641738322455e-10;;;;ORANGE;True
1787671565.221417;2.73071660000096;Simulation RF;Détection RF large bande;2,45 GHz;2,45 GHz;;2817;2.270226641723965;-46.80906566895861;-63.50906566895861;4.4575213615980874e-10;0.1;4.4575213615980877e-11;3.037980890482846e-10;;;;ORANGE;True
1787671565.2334015;2.7433252400005586;Wi-Fi;Wi-Fi;2,4/5 GHz;wlan0;-37.0;;;;-37.0;1.9952623149688787e-07;0.1;1.995262314968879e-08;1.5663948783354956e-07;;;;ROUGE;False
1787671565.321175;2.830826106001041;Simulation RF;Détection RF large bande;868 MHz;868 MHz;;2544;2.0500698447878682;-38.00279379151472;-71.00279379151472;7.938174122450066e-11;0.1;7.938174122450066e-12;1.1287459150567463e-10;;;;VERT;True
1787671565.321415;2.830826106001041;Simulation RF;Détection RF large bande;2,45 GHz;2,45 GHz;;2795;2.252023418619166;-46.08093674476663;-62.78093674476663;5.271161536566467e-10;0.1;5.271161536566467e-11;3.565097044139493e-10;;;;ORANGE;True
1787671565.3323236;2.842247825999948;Wi-Fi;Wi-Fi;2,4/5 GHz;wlan0;-37.0;;;;-37.0;1.9952623149688787e-07;0.1;1.995262314968879e-08;1.7659211098323833e-07;;;;ROUGE;False
1787671565.4211743;2.930910852001034;Simulation RF;Détection RF large bande;868 MHz;868 MHz;;2514;2.0256829627728137;-37.02731851091255;-70.02731851091255;9.937294230437908e-11;0.1;9.937294230437909e-12;1.2281188573611253e-10;;;;VERT;True
1787671565.4213295;2.930910852001034;Simulation RF;Détection RF large bande;2,45 GHz;2,45 GHz;;2831;2.281778406521906;-47.27113626087623;-63.971136260876236;4.007618510894276e-10;0.1;4.007618510894276e-11;3.9658588952289206e-10;;;;ORANGE;True
1787671565.4272757;2.9371995510009583;Simulation LoRa;LoRa;868 MHz;LoRa 868.100 MHz;-87.63901640937385;;;;-87.63901640937385;1.722258588136021e-12;0.041216;7.098460996861425e-14;1.1225467016042006e-13;12;"SNR=6.23;SF=7;BW=125.0;CR=4/5;F=868.100;CRC=OK;PAYLOAD=54454d504f5f4c4f52415f32";7;VERT;True
1787671565.4319701;2.941894157000206;Wi-Fi;Wi-Fi;2,4/5 GHz;wlan0;-37.0;;;;-37.0;1.9952623149688787e-07;0.1;1.995262314968879e-08;1.965447341329271e-07;;;;ROUGE;False
1787671565.5212572;3.030995430000985;Simulation RF;Détection RF large bande;868 MHz;868 MHz;;2503;2.017226440377656;-36.689057615106236;-69.68905761510624;1.0742224848895942e-10;0.1;1.0742224848895943e-11;1.3355411058500847e-10;;;;ORANGE;True
1787671565.5214097;3.030995430000985;Simulation RF;Détection RF large bande;2,45 GHz;2,45 GHz;;2786;2.244859425639735;-45.7943770255894;-62.494377025589394;5.630698812502232e-10;0.1;5.6306988125022324e-11;4.528928776479144e-10;;;;ORANGE;True
1787671565.530742;3.04066569600036;Wi-Fi;Wi-Fi;2,4/5 GHz;wlan0;-37.0;;;;-37.0;1.9952623149688787e-07;0.1;1.995262314968879e-08;2.1649735728261589e-07;;;;ROUGE;False
1787671565.6213648;3.1310825840009784;Simulation RF;Détection RF large bande;868 MHz;868 MHz;;2489;2.0059765075374543;-36.23906030149817;-69.23906030149817;1.191499789208309e-10;0.1;1.191499789208309e-11;1.4546910847709156e-10;;;;ORANGE;True
1787671565.6215281;3.1310825840009784;Simulation RF;Détection RF large bande;2,45 GHz;2,45 GHz;;2852;2.2984131906010288;-47.93652762404115;-64.63652762404115;3.438327474768057e-10;0.1;3.4383274747680566e-11;4.87276152395595e-10;;;;ORANGE;True
1787671565.6303186;3.140242190000208;Wi-Fi;Wi-Fi;2,4/5 GHz;wlan0;-37.0;;;;-37.0;1.9952623149688787e-07;0.1;1.995262314968879e-08;2.3644998043230466e-07;;;;ROUGE;False
1787671565.721537;3.2312032019999606;Simulation RF;Détection RF large bande;868 MHz;868 MHz;;2485;2.002429710634581;-36.09718842538325;-69.09718842538325;1.231065491123237e-10;0.1;1.231065491123237e-11;1.5777976338832392e-10;;;;ORANGE;True
1787671565.7217429;3.2312032019999606;Simulation RF;Détection RF large bande;2,45 GHz;2,45 GHz;;2900;2.3369325339524436;-49.47730135809773;-66.17730135809774;2.4114033737539983e-10;0.1;2.4114033737539983e-11;5.11390186133135e-10;;;;ORANGE;True
1787671565.732745;3.2426686090002477;Wi-Fi;Wi-Fi;2,4/5 GHz;wlan0;-37.0;;;;-37.0;1.9952623149688787e-07;0.1;1.995262314968879e-08;2.5640260358199344e-07;;;;ROUGE;False
1787671565.821595;3.3313063370005693;Simulation RF;Détection RF large bande;868 MHz;868 MHz;;2400;1.9344077841910996;-33.37631136764398;-66.37631136764398;2.303397352010177e-10;0.1;2.303397352010177e-11;1.8081373690842568e-10;;;;ORANGE;True
1787671565.8217561;3.3313063370005693;Simulation RF;Détection RF large bande;2,45 GHz;2,45 GHz;;2909;2.3444752876795714;-49.779011507182844;-66.47901150718285;2.249566568902825e-10;0.1;2.2495665689028252e-11;5.338858518221632e-10;;;;ORANGE;True
1787671565.831085;3.3410090130000754;Wi-Fi;Wi-Fi;2,4/5 GHz;wlan0;-37.0;;;;-37.0;1.9952623149688787e-07;0.1;1.995262314968879e-08;2.763552267316822e-07;;;;ROUGE;False
1787671565.9217293;3.4314250480001647;Simulation RF;Détection RF large bande;868 MHz;868 MHz;;2457;1.9803182186081196;-35.21272874432478;-68.21272874432478;1.5091316437488546e-10;0.1;1.5091316437488546e-11;1.9590505334591422e-10;;;;ORANGE;True
1787671565.9218946;3.4314250480001647;Simulation RF;Détection RF large bande;2,45 GHz;2,45 GHz;;2832;2.2818214882937258;-47.27285953174902;-63.97285953174902;4.0060286122118934e-10;0.1;4.0060286122118934e-11;5.739461379442821e-10;;;;ORANGE;True
1787671565.9309385;3.440862374000062;Wi-Fi;Wi-Fi;2,4/5 GHz;wlan0;-37.0;;;;-37.0;1.9952623149688787e-07;0.1;1.995262314968879e-08;2.96307849881371e-07;;;;ROUGE;False
1787671566.0218704;3.53154008599995;Simulation RF;Détection RF large bande;868 MHz;868 MHz;;2458;1.9808381803336612;-35.23352721334645;-68.23352721334645;1.5019216535641652e-10;0.1;1.5019216535641652e-11;2.1092426988155588e-10;;;;ORANGE;True
1787671566.022059;3.53154008599995;Simulation RF;Détection RF large bande;2,45 GHz;2,45 GHz;;2841;2.289767731924083;-47.59070927696331;-64.29070927696331;3.7233089330336106e-10;0.1;3.7233089330336106e-11;6.111792272746182e-10;;;;ORANGE;True
1787671566.0318804;3.54180495699984;Wi-Fi;Wi-Fi;2,4/5 GHz;wlan0;-37.0;;;;-37.0;1.9952623149688787e-07;0.1;1.995262314968879e-08;3.1626047303105977e-07;;;;ROUGE;False
1787671566.1220105;3.631657616000666;Simulation RF;Détection RF large bande;868 MHz;868 MHz;;2442;1.9675674556878076;-34.7026982275123;-67.7026982275123;1.6971888786206558e-10;0.1;1.697188878620656e-11;2.2789615866776244e-10;;;;ORANGE;True
1787671566.122185;3.631657616000666;Simulation RF;Détection RF large bande;2,45 GHz;2,45 GHz;;2814;2.268058194529457;-46.72232778117828;-63.42232778117828;4.547442557961039e-10;0.1;4.5474425579610393e-11;6.566536528542286e-10;;;;ORANGE;True
1787671566.1316059;3.6415292420006153;Wi-Fi;Wi-Fi;2,4/5 GHz;wlan0;-37.0;;;;-37.0;1.9952623149688787e-07;0.1;1.995262314968879e-08;3.3621309618074854e-07;;;;ROUGE;False
1787671566.2221167;3.73176227499971;Simulation RF;Détection RF large bande;868 MHz;868 MHz;;2457;1.9802043038550536;-35.208172154202146;-68.20817215420215;1.510715846007316e-10;0.1;1.5107158460073163e-11;2.430033171278356e-10;;;;ORANGE;True
1787671566.2223113;3.73176227499971;Simulation RF;Détection RF large bande;2,45 GHz;2,45 GHz;;2799;2.255512711690277;-46.22050846761107;-62.92050846761107;5.104452340622341e-10;0.1;5.1044523406223416e-11;7.07698176260452e-10;;;;ORANGE;True
1787671566.2313356;3.741259065000122;Wi-Fi;Wi-Fi;2,4/5 GHz;wlan0;-37.0;;;;-37.0;1.9952623149688787e-07;0.1;1.995262314968879e-08;3.561657193304373e-07;;;;ROUGE;False
1787671566.32233;3.831902677000471;Simulation RF;Détection RF large bande;868 MHz;868 MHz;;2484;2.0018240156198766;-36.07296062479506;-69.07296062479506;1.237952375469715e-10;0.1;1.2379523754697151e-11;2.5538284088253273e-10;;;;ORANGE;True
1787671566.3226023;3.831902677000471;Simulation RF;Détection RF large bande;2,45 GHz;2,45 GHz;;2809;2.2640577689969685;-46.56231075987874;-63.262310759878744;4.718119364869288e-10;0.1;4.718119364869288e-11;7.548793699091449e-10;;;;ORANGE;True
1787671566.3331943;3.8431194919994596;Wi-Fi;Wi-Fi;2,4/5 GHz;wlan0;-37.0;;;;-37.0;1.9952623149688787e-07;0.1;1.995262314968879e-08;3.761183424801261e-07;;;;ROUGE;False
1787671566.4223375;3.932014206000531;Simulation RF;Détection RF large bande;868 MHz;868 MHz;;2359;1.9010231553980832;-32.04092621592332;-65.04092621592332;3.132617562547699e-10;0.1;3.132617562547699e-11;2.867090165080097e-10;;;;ORANGE;True
1787671566.4225154;3.932014206000531;Simulation RF;Détection RF large bande;2,45 GHz;2,45 GHz;;2865;2.3088324554925808;-48.353298219703234;-65.05329821970324;3.123706188816394e-10;0.1;3.1237061888163944e-11;7.861164317973089e-10;;;;ORANGE;True
1787671566.4320514;3.941975727000681;Wi-Fi;Wi-Fi;2,4/5 GHz;wlan0;-37.0;;;;-37.0;1.9952623149688787e-07;0.1;1.995262314968879e-08;3.960709656298149e-07;;;;ROUGE;False
1787671566.446011;3.9559366819994466;Simulation LoRa;LoRa;868 MHz;LoRa 868.100 MHz;-86.99361321656815;;;;-86.99361321656815;1.9981987287728784e-12;0.041216;8.235775880510296e-14;1.9461242896552302e-13;12;"SNR=6.76;SF=7;BW=125.0;CR=4/5;F=868.100;CRC=OK;PAYLOAD=54454d504f5f4c4f52415f33";7;VERT;True
1787671566.5224254;4.032126718000654;Simulation RF;Détection RF large bande;868 MHz;868 MHz;;2401;1.9351471447515758;-33.405885790063024;-66.40588579006302;2.2877650498265312e-10;0.1;2.2877650498265312e-11;3.0958666700627503e-10;;;;ORANGE;True
1787671566.522595;4.032126718000654;Simulation RF;Détection RF large bande;2,45 GHz;2,45 GHz;;2758;2.2224366439342877;-44.897465757371506;-61.5974657573715;6.922347934987129e-10;0.1;6.92234793498713e-11;8.553399111471802e-10;;;;ORANGE;True
1787671566.5318403;4.041764349000005;Wi-Fi;Wi-Fi;2,4/5 GHz;wlan0;-37.0;;;;-37.0;1.9952623149688787e-07;0.1;1.995262314968879e-08;4.1602358877950365e-07;;;;ROUGE;False
1787671566.6225007;4.132217227999718;Simulation RF;Détection RF large bande;868 MHz;868 MHz;;2469;1.9895007897645869;-35.580031590583474;-68.58003159058347;1.3867457416457644e-10;0.1;1.3867457416457644e-11;3.2345412442273265e-10;;;;ORANGE;True
1787671566.6226633;4.132217227999718;Simulation RF;Détection RF large bande;2,45 GHz;2,45 GHz;;2896;2.3341315537492213;-49.36526214996884;-66.06526214996885;2.474422095113383e-10;0.1;2.474422095113383e-11;8.80084132098314e-10;;;;ORANGE;True
1787671566.6312547;4.141179098000066;Wi-Fi;Wi-Fi;2,4/5 GHz;wlan0;-37.0;;;;-37.0;1.9952623149688787e-07;0.1;1.995262314968879e-08;4.3597621192919243e-07;;;;ROUGE;False
1787671566.7226098;4.232310442001108;Simulation RF;Détection RF large bande;868 MHz;868 MHz;;2493;2.009404648871239;-36.37618595484956;-69.37618595484956;1.1544666842706301e-10;0.1;1.1544666842706302e-11;3.3499879126543896e-10;;;;ORANGE;True
1787671566.7227705;4.232310442001108;Simulation RF;Détection RF large bande;2,45 GHz;2,45 GHz;;2746;2.213167009965905;-44.52668039863619;-61.22668039863619;7.539316235925898e-10;0.1;7.539316235925899e-11;9.55477294457573e-10;;;;ORANGE;True
1787671566.731412;4.241335815000639;Wi-Fi;Wi-Fi;2,4/5 GHz;wlan0;-37.0;;;;-37.0;1.9952623149688787e-07;0.1;1.995262314968879e-08;4.559288350788812e-07;;;;ROUGE;False
1787671566.8226836;4.332401915000446;Simulation RF;Détection RF large bande;868 MHz;868 MHz;;2330;1.8778040439008006;-31.112161756032023;-64.11216175603202;3.8795720728574853e-10;0.1;3.8795720728574857e-11;3.7379451199401383e-10;;;;ORANGE;True
1787671566.822848;4.332401915000446;Simulation RF;Détection RF large bande;2,45 GHz;2,45 GHz;;2788;2.2465006995447747;-45.86002798179099;-62.56002798179099;5.546221394907278e-10;0.1;5.546221394907278e-11;1.0109395084066457e-09;;;;ORANGE;True
1787671566.8313699;4.341294039999411;Wi-Fi;Wi-Fi;2,4/5 GHz;wlan0;-37.0;;;;-37.0;1.9952623149688787e-07;0.1;1.995262314968879e-08;4.7588145822857e-07;;;;ROUGE;False
1787671566.9227502;4.432487480000418;Simulation RF;Détection RF large bande;868 MHz;868 MHz;;2415;1.9461830513733993;-33.84732205493597;-66.84732205493597;2.0666541025053315e-10;0.1;2.0666541025053315e-11;3.9446105301906714e-10;;;;ORANGE;True
1787671566.9229033;4.432487480000418;Simulation RF;Détection RF large bande;2,45 GHz;2,45 GHz;;2819;2.2715798731126386;-46.863194924505535;-63.56319492450554;4.402308847362097e-10;0.1;4.402308847362097e-11;1.0549625968802667e-09;;;;ORANGE;True
1787671566.9314947;4.441418385000361;Wi-Fi;Wi-Fi;2,4/5 GHz;wlan0;-37.0;;;;-37.0;1.9952623149688787e-07;0.1;1.995262314968879e-08;4.958340813782588e-07;;;;ROUGE;False
1787671567.0228426;4.532572464000623;Simulation RF;Détection RF large bande;868 MHz;868 MHz;;2381;1.9189698695539243;-32.75879478215697;-65.75879478215697;2.6553423482107464e-10;0.1;2.6553423482107466e-11;4.210144765011746e-10;;;;ORANGE;True
1787671567.0230103;4.532572464000623;Simulation RF;Détection RF large bande;2,45 GHz;2,45 GHz;;2864;2.308052404655631;-48.32209618622524;-65.02209618622524;3.1462293736559845e-10;0.1;3.146229373655985e-11;1.0864248906168264e-09;;;;ORANGE;True
1787671567.0315986;4.541522812000039;Wi-Fi;Wi-Fi;2,4/5 GHz;wlan0;-37.0;;;;-37.0;1.9952623149688787e-07;0.1;1.995262314968879e-08;5.157867045279476e-07;;;;ROUGE;False
1787671567.122902;4.632650960000319;Simulation RF;Détection RF large bande;868 MHz;868 MHz;;2408;1.9405672148383748;-33.62268859353499;-66.62268859353499;2.1763620314289152e-10;0.1;2.1763620314289154e-11;4.427780968154638e-10;;;;ORANGE;True
1787671567.123039;4.632650960000319;Simulation RF;Détection RF large bande;2,45 GHz;2,45 GHz;;2814;2.2677856240092953;-46.7114249603718;-63.411424960371804;4.558873105651623e-10;0.1;4.558873105651623e-11;1.1320136216733426e-09;;;;ORANGE;True
1787671567.131581;4.64150496900038;Wi-Fi;Wi-Fi;2,4/5 GHz;wlan0;-37.0;;;;-37.0;1.9952623149688787e-07;0.1;1.995262314968879e-08;5.357393276776365e-07;;;;ROUGE;False
1787671567.1535993;4.663523549999809;BLE Sniffer;Appareil BLE;2,4 GHz BLE;62:ae:f9:af:07:b9;-72.0;;;;-72.0;6.309573444801942e-11;0.00028;1.7666805645445437e-14;1.7666805645445437e-14;25;0x00;37;VERT;False
1787671567.2230232;4.732741159999932;Simulation RF;Détection RF large bande;868 MHz;868 MHz;;2435;1.9622970870392713;-34.49188348157085;-67.49188348157085;1.7816059393684567e-10;0.1;1.781605939368457e-11;4.605941562091484e-10;;;;ORANGE;True
1787671567.2231894;4.732741159999932;Simulation RF;Détection RF large bande;2,45 GHz;2,45 GHz;;2834;2.283718910931936;-47.34875643727743;-64.04875643727743;3.936627810734178e-10;0.1;3.936627810734178e-11;1.1713798997806843e-09;;;;ORANGE;True
1787671567.2316885;4.7416121890000795;Wi-Fi;Wi-Fi;2,4/5 GHz;wlan0;-37.0;;;;-37.0;1.9952623149688787e-07;0.1;1.995262314968879e-08;5.556919508273253e-07;;;;ROUGE;False
1787671567.25484;4.764764298000955;BLE Sniffer;iBeacon;2,4 GHz BLE;5e:ef:5d:3b:83:a3;-62.0;;;;-62.0;6.309573444801942e-10;0.000368;2.321923027687115e-13;2.321923027687115e-13;36;0x00;38;ORANGE;False
1787671567.25492;4.764842931999738;BLE Sniffer;iBeacon;2,4 GHz BLE;5e:ef:5d:3b:83:a3;-69.0;;;;-69.0;1.2589254117941662e-10;0.000368;4.6328455154025316e-14;2.785207579227368e-13;36;0x00;39;ORANGE;False
1787671567.3230612;4.832823897000708;Simulation RF;Détection RF large bande;868 MHz;868 MHz;;2397;1.9316536109639646;-33.266144438558584;-66.26614443855858;2.3625747391792445e-10;0.1;2.3625747391792447e-11;4.842199036009408e-10;;;;ORANGE;True
1787671567.323206;4.832823897000708;Simulation RF;Détection RF large bande;2,45 GHz;2,45 GHz;;2769;2.231031288072602;-45.24125152290408;-61.94125152290408;6.395505072257991e-10;0.1;6.395505072257992e-11;1.2353349505032642e-09;;;;ORANGE;True
1787671567.3316777;4.8416025130009075;Wi-Fi;Wi-Fi;2,4/5 GHz;wlan0;-37.0;;;;-37.0;1.9952623149688787e-07;0.1;1.995262314968879e-08;5.756445739770141e-07;;;;ROUGE;False
1787671567.4233422;4.932929635000619;Simulation RF;Détection RF large bande;868 MHz;868 MHz;;2437;1.9634802624551075;-34.5392104982043;-67.5392104982043;1.762296384283837e-10;0.1;1.762296384283837e-11;5.018428674437792e-10;;;;ORANGE;True
1787671567.423543;4.932929635000619;Simulation RF;Détection RF large bande;2,45 GHz;2,45 GHz;;2746;2.213103130519286;-44.524125220771424;-61.22412522077142;7.543753308687296e-10;0.1;7.543753308687297e-11;1.310772483590137e-09;;;;ORANGE;True
1787671567.4321728;4.94209664400114;Wi-Fi;Wi-Fi;2,4/5 GHz;wlan0;-37.0;;;;-37.0;1.9952623149688787e-07;0.1;1.995262314968879e-08;5.95597197126703e-07;;;;ROUGE;False
1787671567.4572864;4.967211254999711;Simulation LoRa;LoRa;868 MHz;LoRa 868.100 MHz;-87.34605189825503;;;;-87.34605189825503;1.842446178752907e-12;0.041216;7.593826170347982e-14;2.7055069066900283e-13;12;"SNR=6.70;SF=7;BW=125.0;CR=4/5;F=868.100;CRC=OK;PAYLOAD=54454d504f5f4c4f52415f34";7;VERT;True
1787671567.4573689;4.967291999999361;BLE Sniffer;Appareil BLE;2,4 GHz BLE;62:ae:f9:af:07:b9;-72.0;;;;-72.0;6.309573444801942e-11;0.00028;1.7666805645445437e-14;3.5333611290890874e-14;25;0x00;37;VERT;False
1787671567.458235;4.968159235000712;BLE Sniffer;iBeacon;2,4 GHz BLE;5e:ef:5d:3b:83:a3;-62.0;;;;-62.0;6.309573444801942e-10;0.000368;2.321923027687115e-13;5.107130606914483e-13;36;0x00;38;ORANGE;False
1787671567.523284;5.033013260999724;Simulation RF;Détection RF large bande;868 MHz;868 MHz;;2409;1.9411678522415692;-33.646714089662765;-66.64671408966277;2.1643554748161997e-10;0.1;2.1643554748162e-11;5.234864221919412e-10;;;;ORANGE;True
1787671567.5234427;5.033013260999724;Simulation RF;Détection RF large bande;2,45 GHz;2,45 GHz;;2820;2.2721375434765743;-46.885501739062974;-63.58550173906298;4.37975509073173e-10;0.1;4.37975509073173e-11;1.3545700344974543e-09;;;;ORANGE;True
1787671567.5319185;5.041842971999358;Wi-Fi;Wi-Fi;2,4/5 GHz;wlan0;-36.0;;;;-36.0;2.5118864315095823e-07;0.1;2.5118864315095824e-08;6.207160614417988e-07;;;;ROUGE;False
1787671567.559124;5.069047740000315;BLE Sniffer;iBeacon;2,4 GHz BLE;5e:ef:5d:3b:83:a3;-68.0;;;;-68.0;1.584893192461111e-10;0.000368;5.832406948256888e-14;5.690371301740171e-13;36;0x00;39;ORANGE;False
1787671567.6234982;5.133124129000862;Simulation RF;Détection RF large bande;868 MHz;868 MHz;;2449;1.9735073186572754;-34.94029274629101;-67.94029274629101;1.6068329370529585e-10;0.1;1.6068329370529585e-11;5.395547515624708e-10;;;;ORANGE;True
1787671567.6237967;5.133124129000862;Simulation RF;Détection RF large bande;2,45 GHz;2,45 GHz;;2811;2.265672066654912;-46.62688266619648;-63.32688266619648;4.648488205598295e-10;0.1;4.6484882055982955e-11;1.4010549165534372e-09;;;;ORANGE;True
1787671567.6333249;5.143249247999847;Wi-Fi;Wi-Fi;2,4/5 GHz;wlan0;-36.0;;;;-36.0;2.5118864315095823e-07;0.1;2.5118864315095824e-08;6.458349257568946e-07;;;;ROUGE;False
1787671567.7234879;5.233217717999651;Simulation RF;Détection RF large bande;868 MHz;868 MHz;;2359;1.901088415990933;-32.04353663963731;-65.04353663963731;3.130735198763879e-10;0.1;3.130735198763879e-11;5.708621035501096e-10;;;;ORANGE;True
1787671567.7236536;5.233217717999651;Simulation RF;Détection RF large bande;2,45 GHz;2,45 GHz;;2787;2.245931663275005;-45.837266531000196;-62.53726653100019;5.575365545357638e-10;0.1;5.575365545357638e-11;1.4568085720070136e-09;;;;ORANGE;True
1787671567.7344916;5.244415436000054;Wi-Fi;Wi-Fi;2,4/5 GHz;wlan0;-37.0;;;;-37.0;1.9952623149688787e-07;0.1;1.995262314968879e-08;6.657875489065835e-07;;;;ROUGE;False
1787671567.761397;5.271321317000911;BLE Sniffer;Appareil BLE;2,4 GHz BLE;62:ae:f9:af:07:b9;-70.0;;;;-70.0;1e-10;0.00028;2.7999999999999997e-14;6.333361129089087e-14;25;0x00;37;ORANGE;False
1787671567.7620156;5.2719387779998215;BLE Sniffer;iBeacon;2,4 GHz BLE;5e:ef:5d:3b:83:a3;-62.0;;;;-62.0;6.309573444801942e-10;0.000368;2.321923027687115e-13;8.012294329427286e-13;36;0x00;38;ORANGE;False
1787671567.7622333;5.272156568000355;BLE Sniffer;iBeacon;2,4 GHz BLE;5e:ef:5d:3b:83:a3;-68.0;;;;-68.0;1.584893192461111e-10;0.000368;5.832406948256888e-14;8.595535024252975e-13;36;0x00;39;ORANGE;False
1787671567.8242476;5.33334321700022;Simulation RF;Détection RF large bande;868 MHz;868 MHz;;2383;1.920320446880352;-32.81281787521408;-65.81281787521408;2.6225163983602004e-10;0.1;2.6225163983602007e-11;5.970872675337116e-10;;;;ORANGE;True
1787671567.8250184;5.33334321700022;Simulation RF;Détection RF large bande;2,45 GHz;2,45 GHz;;2840;2.28873583615344;-47.549433446137584;-64.24943344613759;3.7588643692215797e-10;0.1;3.75886436922158e-11;1.4943972156992295e-09;;;;ORANGE;True
1787671567.8356478;5.345573845999752;Wi-Fi;Wi-Fi;2,4/5 GHz;wlan0;-37.0;;;;-37.0;1.9952623149688787e-07;0.1;1.995262314968879e-08;6.857401720562723e-07;;;;ROUGE;False
1787671567.9236755;5.4334202490008465;Simulation RF;Détection RF large bande;868 MHz;868 MHz;;2378;1.9160033161156478;-32.64013264462591;-65.64013264462591;2.7288944341300564e-10;0.1;2.7288944341300564e-11;6.243762118750121e-10;;;;ORANGE;True
1787671567.9238207;5.4334202490008465;Simulation RF;Détection RF large bande;2,45 GHz;2,45 GHz;;2806;2.261542805792874;-46.461712231714955;-63.16171223171496;4.828683907841166e-10;0.1;4.828683907841167e-11;1.542684054777641e-09;;;;ORANGE;True
1787671567.9323082;5.44223242299995;Wi-Fi;Wi-Fi;2,4/5 GHz;wlan0;-38.0;;;;-38.0;1.584893192461114e-07;0.1;1.5848931924611143e-08;7.015891039808835e-07;;;;ROUGE;False
1787671567.964053;5.47397821100094;BLE Sniffer;Appareil BLE;2,4 GHz BLE;d3:23:2f:4d:3e:b1;-78.0;;;;-78.0;1.5848931924611107e-11;0.000376;5.959198403653776e-15;5.959198403653776e-15;37;0x00;37;VERT;False
1787671567.9641232;5.474046178000208;BLE Sniffer;Appareil BLE;2,4 GHz BLE;d3:23:2f:4d:3e:b1;-71.0;;;;-71.0;7.943282347242822e-11;0.000376;2.986674162563301e-14;3.5825940029286785e-14;37;0x00;38;VERT;False
1787671567.9647388;5.474662268999964;BLE Sniffer;Appareil BLE;2,4 GHz BLE;d3:23:2f:4d:3e:b1;-80.0;;;;-80.0;1e-11;0.000376;3.7599999999999996e-15;3.9585940029286787e-14;37;0x00;39;VERT;False
1787671568.023754;5.533504422999613;Simulation RF;Détection RF large bande;868 MHz;868 MHz;;2453;1.9771561535353805;-35.08624614141522;-68.08624614141522;1.5537294079784033e-10;0.1;1.5537294079784033e-11;6.399135059547961e-10;;;;ORANGE;True
1787671568.023913;5.533504422999613;Simulation RF;Détection RF large bande;2,45 GHz;2,45 GHz;;2805;2.2607608724788815;-46.43043489915526;-63.13043489915526;4.863584996865727e-10;0.1;4.863584996865727e-11;1.5913199047462985e-09;;;;ORANGE;True
1787671568.0333273;5.543251406999843;Wi-Fi;Wi-Fi;2,4/5 GHz;wlan0;-39.0;;;;-39.0;1.2589254117941662e-07;0.1;1.2589254117941663e-08;7.141783580988252e-07;;;;ROUGE;False
1787671568.0657685;5.575693299000704;BLE Sniffer;Appareil BLE;2,4 GHz BLE;62:ae:f9:af:07:b9;-70.0;;;;-70.0;1e-10;0.00028;2.7999999999999997e-14;9.133361129089087e-14;25;0x00;37;ORANGE;False
1787671568.0658457;5.575768766000692;BLE Sniffer;iBeacon;2,4 GHz BLE;5e:ef:5d:3b:83:a3;-62.0;;;;-62.0;6.309573444801942e-10;0.000368;2.321923027687115e-13;1.091745805194009e-12;36;0x00;38;ORANGE;False
1787671568.0666099;5.576533366000149;BLE Sniffer;iBeacon;2,4 GHz BLE;5e:ef:5d:3b:83:a3;-70.0;;;;-70.0;1e-10;0.000368;3.68e-14;1.128545805194009e-12;36;0x00;39;ORANGE;False
1787671568.123833;5.633593036000093;Simulation RF;Détection RF large bande;868 MHz;868 MHz;;2362;1.9035926893033908;-32.143707572135625;-65.14370757213563;3.0593505508738427e-10;0.1;3.0593505508738425e-11;6.705070114635345e-10;;;;ORANGE;True
1787671568.1239796;5.633593036000093;Simulation RF;Détection RF large bande;2,45 GHz;2,45 GHz;;2813;2.2672104094581127;-46.688416378324504;-63.3884163783245;4.583089751181075e-10;0.1;4.583089751181075e-11;1.6371508022581093e-09;;;;ORANGE;True
1787671568.132366;5.642289997000262;Wi-Fi;Wi-Fi;2,4/5 GHz;wlan0;-39.0;;;;-39.0;1.2589254117941662e-07;0.1;1.2589254117941663e-08;7.267676122167669e-07;;;;ROUGE;False
1787671568.224019;5.733679519000361;Simulation RF;Détection RF large bande;868 MHz;868 MHz;;2427;1.9558970198605838;-34.23588079442335;-67.23588079442335;1.8897829246674372e-10;0.1;1.8897829246674372e-11;6.894048407102089e-10;;;;ORANGE;True
1787671568.2244055;5.733679519000361;Simulation RF;Détection RF large bande;2,45 GHz;2,45 GHz;;2815;2.2688282072636845;-46.75312829054738;-63.453128290547376;4.515305827218378e-10;0.1;4.515305827218378e-11;1.6823038605302932e-09;;;;ORANGE;True
1787671568.240875;5.750800109999545;Wi-Fi;Wi-Fi;2,4/5 GHz;wlan0;-39.0;;;;-39.0;1.2589254117941662e-07;0.1;1.2589254117941663e-08;7.393568663347085e-07;;;;ROUGE;False
1787671568.2695055;5.779429838999931;BLE Sniffer;Appareil BLE;2,4 GHz BLE;62:ae:f9:af:07:b9;-71.0;;;;-71.0;7.943282347242822e-11;0.00028;2.22411905722799e-14;1.1357480186317077e-13;25;0x00;37;VERT;False
1787671568.3241928;5.833785336999426;Simulation RF;Détection RF large bande;868 MHz;868 MHz;;2377;1.915390940973965;-32.61563763895859;-65.61563763895859;2.744329386528279e-10;0.1;2.744329386528279e-11;7.168481345754917e-10;;;;ORANGE;True
1787671568.3244052;5.833785336999426;Simulation RF;Détection RF large bande;2,45 GHz;2,45 GHz;;2772;2.23415932812879;-45.3663731251516;-62.06637312515159;6.213877501949885e-10;0.1;6.213877501949885e-11;1.744442635549792e-09;;;;ORANGE;True
1787671568.334719;5.844642550000572;Wi-Fi;Wi-Fi;2,4/5 GHz;wlan0;-40.0;;;;-40.0;1e-07;0.1;1e-08;7.493568663347086e-07;;;;ROUGE;False
1787671568.3703167;5.880242383000223;BLE Sniffer;iBeacon;2,4 GHz BLE;5e:ef:5d:3b:83:a3;-62.0;;;;-62.0;6.309573444801942e-10;0.000368;2.321923027687115e-13;1.3607381079627203e-12;36;0x00;38;ORANGE;False
1787671568.3703964;5.880319424000845;BLE Sniffer;iBeacon;2,4 GHz BLE;5e:ef:5d:3b:83:a3;-69.0;;;;-69.0;1.2589254117941662e-10;0.000368;4.6328455154025316e-14;1.4070665631167456e-12;36;0x00;39;ORANGE;False
1787671568.371182;5.881105338999987;BLE Sniffer;Appareil BLE;2,4 GHz BLE;44:52:00:58:f1:a9;-94.0;;;;-94.0;3.981071705534969e-13;0.00019999999999999998;7.962143411069938e-17;7.962143411069938e-17;15;0x00;37;VERT;False
1787671568.3712626;5.881185770000229;Simulation LoRa;LoRa;868 MHz;LoRa 868.100 MHz;-89.85156070424786;;;;-89.85156070424786;1.034770239198752e-12;0.041216;4.264909017881577e-14;3.131997808478186e-13;12;"SNR=5.09;SF=7;BW=125.0;CR=4/5;F=868.100;CRC=OK;PAYLOAD=54454d504f5f4c4f52415f35";7;VERT;True
1787671568.4241276;5.933874931000901;Simulation RF;Détection RF large bande;868 MHz;868 MHz;;2478;1.9971963412026028;-35.88785364810411;-68.88785364810411;1.291857572279943e-10;0.1;1.291857572279943e-11;7.297667102982911e-10;;;;ORANGE;True
1787671568.4243016;5.933874931000901;Simulation RF;Détection RF large bande;2,45 GHz;2,45 GHz;;2771;2.233407601385886;-45.336304055435434;-62.03630405543544;6.257049553714842e-10;0.1;6.257049553714842e-11;1.8070131310869406e-09;;;;ORANGE;True
1787671568.4350162;5.9449413969996385;Wi-Fi;Wi-Fi;2,4/5 GHz;wlan0;-40.0;;;;-40.0;1e-07;0.1;1e-08;7.593568663347086e-07;;;;ROUGE;False
1787671568.524198;6.033958877000259;Simulation RF;Détection RF large bande;868 MHz;868 MHz;;2392;1.9278809740110323;-33.11523896044129;-66.11523896044129;2.4461106807954274e-10;0.1;2.4461106807954277e-11;7.542278171062454e-10;;;;ORANGE;True
1787671568.5243692;6.033958877000259;Simulation RF;Détection RF large bande;2,45 GHz;2,45 GHz;;2735;2.2037995344382613;-44.15198137753045;-60.85198137753044;8.218676045349091e-10;0.1;8.218676045349091e-11;1.8891998915404313e-09;;;;ORANGE;True
1787671568.532776;6.04270034000001;Wi-Fi;Wi-Fi;2,4/5 GHz;wlan0;-41.0;;;;-41.0;7.943282347242822e-08;0.1;7.943282347242822e-09;7.673001486819514e-07;;;;ROUGE;False
1787671568.5741317;6.084055687000728;BLE Sniffer;iBeacon;2,4 GHz BLE;5e:ef:5d:3b:83:a3;-62.0;;;;-62.0;6.309573444801942e-10;0.000368;2.321923027687115e-13;1.639258865885457e-12;36;0x00;38;ORANGE;False
1787671568.6347525;6.134049563999724;Simulation RF;Détection RF large bande;868 MHz;868 MHz;;2437;1.9640635670032098;-34.56254268012839;-67.56254268012839;1.752853951410353e-10;0.1;1.7528539514103533e-11;7.717563566203489e-10;;;;ORANGE;True
1787671568.636763;6.134049563999724;Simulation RF;Détection RF large bande;2,45 GHz;2,45 GHz;;2796;2.2532744896645402;-46.1309795865816;-62.8309795865816;5.210771646496119e-10;0.1;5.210771646496119e-11;1.9413076080053926e-09;;;;ORANGE;True
1787671568.645499;6.155423841999436;Wi-Fi;Wi-Fi;2,4/5 GHz;wlan0;-41.0;;;;-41.0;7.943282347242822e-08;0.1;7.943282347242822e-09;7.752434310291942e-07;;;;ROUGE;False
1787671568.6747222;6.184647068999766;BLE Sniffer;iBeacon;2,4 GHz BLE;5e:ef:5d:3b:83:a3;-69.0;;;;-69.0;1.2589254117941662e-10;0.000368;4.6328455154025316e-14;1.6855873210394822e-12;36;0x00;39;ORANGE;False
1787671568.724431;6.234140770000522;Simulation RF;Détection RF large bande;868 MHz;868 MHz;;2454;1.9778373706188965;-35.11349482475586;-68.11349482475586;1.5440114531793208e-10;0.1;1.544011453179321e-11;7.871964711521422e-10;;;;ORANGE;True
1787671568.7245946;6.234140770000522;Simulation RF;Détection RF large bande;2,45 GHz;2,45 GHz;;2764;2.2272019891531527;-45.08807956612611;-61.78807956612611;6.625093981040638e-10;0.1;6.625093981040638e-11;2.007558547815799e-09;;;;ORANGE;True
1787671568.73303;6.24295386599988;Wi-Fi;Wi-Fi;2,4/5 GHz;wlan0;-42.0;;;;-42.0;6.30957344480193e-08;0.1;6.30957344480193e-09;7.815530044739961e-07;;;;ROUGE;False
1787671568.7768624;6.286786705999475;BLE Sniffer;Appareil BLE;2,4 GHz BLE;62:ae:f9:af:07:b9;-71.0;;;;-71.0;7.943282347242822e-11;0.00028;2.22411905722799e-14;1.3581599243545067e-13;25;0x00;37;VERT;False
1787671568.8253593;6.334457155000564;Simulation RF;Détection RF large bande;868 MHz;868 MHz;;2433;1.9602597598301328;-34.410390393205304;-67.4103903932053;1.8153524709405377e-10;0.1;1.815352470940538e-11;8.053499958615476e-10;;;;ORANGE;True
1787671568.8255544;6.334457155000564;Simulation RF;Détection RF large bande;2,45 GHz;2,45 GHz;;2827;2.2779430085860377;-47.117720343441505;-63.81772034344151;4.1517191347035277e-10;0.1;4.151719134703528e-11;2.0490757391628342e-09;;;;ORANGE;True
1787671568.848364;6.3582878510005685;Wi-Fi;Wi-Fi;2,4/5 GHz;wlan0;-43.0;;;;-43.0;5.011872336272725e-08;0.1;5.0118723362727255e-09;7.865648768102688e-07;;;;ROUGE;False
1787671568.8774214;6.3873454940003285;BLE Sniffer;Appareil BLE;2,4 GHz BLE;e3:47:cb:8f:0f:b9;-83.0;;;;-83.0;5.011872336272715e-12;0.00028;1.40332425415636e-15;1.40332425415636e-15;25;0x00;38;VERT;False
1787671568.877878;6.387801279999621;BLE Sniffer;Appareil BLE;2,4 GHz BLE;62:ae:f9:af:07:99;-89.0;;;;-89.0;1.258925411794166e-12;0.00028;3.5249911530236646e-16;3.5249911530236646e-16;25;0x00;39;VERT;False
1787671568.8784046;6.388327773000128;BLE Sniffer;Appareil BLE;2,4 GHz BLE;44:52:00:58:f1:a9;-89.0;;;;-89.0;1.258925411794166e-12;0.00019999999999999998;2.517850823588332e-16;3.314065164695326e-16;15;0x00;37;VERT;False
1787671568.924786;6.434536656001001;Simulation RF;Détection RF large bande;868 MHz;868 MHz;;2436;1.9630226134796342;-34.520904539185366;-67.52090453918537;1.7697403222298792e-10;0.1;1.7697403222298794e-11;8.230473990838464e-10;;;;ORANGE;True
1787671568.9249358;6.434536656001001;Simulation RF;Détection RF large bande;2,45 GHz;2,45 GHz;;2799;2.2554084982271463;-46.21633992908585;-62.91633992908585;5.109354157751386e-10;0.1;5.109354157751386e-11;2.100169280740348e-09;;;;ORANGE;True
1787671568.9332895;6.443213615000786;Wi-Fi;Wi-Fi;2,4/5 GHz;wlan0;-42.0;;;;-42.0;6.30957344480193e-08;0.1;6.30957344480193e-09;7.928744502550708e-07;;;;ROUGE;False
1787671568.9793465;6.489271194001049;BLE Sniffer;iBeacon;2,4 GHz BLE;5e:ef:5d:3b:83:a3;-63.0;;;;-63.0;5.011872336272714e-10;0.000368;1.8443690197483588e-13;1.870024223014318e-12;36;0x00;38;ORANGE;False
1787671568.9801788;6.4901023149996035;BLE Sniffer;iBeacon;2,4 GHz BLE;5e:ef:5d:3b:83:a3;-69.0;;;;-69.0;1.2589254117941662e-10;0.000368;4.6328455154025316e-14;1.9163526781683432e-12;36;0x00;39;ORANGE;False
1787671569.0248332;6.534616483000718;Simulation RF;Détection RF large bande;868 MHz;868 MHz;;2434;1.961460620671658;-34.45842482686632;-67.45842482686632;1.7953846894285492e-10;0.1;1.7953846894285495e-11;8.410012459781318e-10;;;;ORANGE;True
1787671569.0249789;6.534616483000718;Simulation RF;Détection RF large bande;2,45 GHz;2,45 GHz;;2847;2.2942583337241507;-47.77033334896602;-64.47033334896602;3.572454162146139e-10;0.1;3.5724541621461393e-11;2.1358938223618093e-09;;;;ORANGE;True
1787671569.0329764;6.542900139000267;Wi-Fi;Wi-Fi;2,4/5 GHz;wlan0;-41.0;;;;-41.0;7.943282347242822e-08;0.1;7.943282347242822e-09;8.008177326023136e-07;;;;ROUGE;False
1787671569.0817847;6.591709341000751;BLE Sniffer;Appareil BLE;2,4 GHz BLE;62:ae:f9:af:07:b9;-71.0;;;;-71.0;7.943282347242822e-11;0.00028;2.22411905722799e-14;1.5805718300773058e-13;25;0x00;37;VERT;False
1787671569.1249454;6.634699563999675;Simulation RF;Détection RF large bande;868 MHz;868 MHz;;2412;1.9434396718639644;-33.73758687455857;-66.73758687455857;2.119538514149825e-10;0.1;2.1195385141498252e-11;8.621966311196301e-10;;;;ORANGE;True
1787671569.1250937;6.634699563999675;Simulation RF;Détection RF large bande;2,45 GHz;2,45 GHz;;2776;2.2369519082785403;-45.47807633114161;-62.17807633114161;6.05609064512962e-10;0.1;6.05609064512962e-11;2.1964547288131054e-09;;;;ORANGE;True
1787671569.138316;6.648240092999913;Wi-Fi;Wi-Fi;2,4/5 GHz;wlan0;-41.0;;;;-41.0;7.943282347242822e-08;0.1;7.943282347242822e-09;8.087610149495564e-07;;;;ROUGE;False
1787671569.183129;6.693053457000133;BLE Sniffer;iBeacon;2,4 GHz BLE;5e:ef:5d:3b:83:a3;-62.0;;;;-62.0;6.309573444801942e-10;0.000368;2.321923027687115e-13;2.1485449809370546e-12;36;0x00;38;ORANGE;False
1787671569.1831923;6.693115293999654;BLE Sniffer;iBeacon;2,4 GHz BLE;5e:ef:5d:3b:83:a3;-70.0;;;;-70.0;1e-10;0.000368;3.68e-14;2.1853449809370546e-12;36;0x00;39;ORANGE;False
1787671569.2250528;6.734789497000747;Simulation RF;Détection RF large bande;868 MHz;868 MHz;;2350;1.894072856898292;-31.762914275931678;-64.76291427593168;3.339708580708669e-10;0.1;3.339708580708669e-11;8.955937169267168e-10;;;;ORANGE;True
1787671569.2252119;6.734789497000747;Simulation RF;Détection RF large bande;2,45 GHz;2,45 GHz;;2763;2.2262368189986326;-45.0494727599453;-61.749472759945306;6.684250604540988e-10;0.1;6.684250604540989e-11;2.2632972348585153e-09;;;;ORANGE;True
1787671569.2345269;6.744451528000354;Wi-Fi;Wi-Fi;2,4/5 GHz;wlan0;-42.0;;;;-42.0;6.30957344480193e-08;0.1;6.30957344480193e-09;8.150705883943583e-07;;;;ROUGE;False
1787671569.3251286;6.834873652000169;Simulation RF;Détection RF large bande;868 MHz;868 MHz;;2436;1.9628364611252485;-34.51345844500993;-67.51345844500993;1.7727771916426754e-10;0.1;1.7727771916426756e-11;9.133214888431435e-10;;;;ORANGE;True
1787671569.3252668;6.834873652000169;Simulation RF;Détection RF large bande;2,45 GHz;2,45 GHz;;2798;2.2546869639031333;-46.18747855612533;-62.88747855612532;5.143421837075629e-10;0.1;5.143421837075629e-11;2.3147314532292717e-09;;;;ORANGE;True
1787671569.3336346;6.8435584800008655;Wi-Fi;Wi-Fi;2,4/5 GHz;wlan0;-41.0;;;;-41.0;7.943282347242822e-08;0.1;7.943282347242822e-09;8.230138707416011e-07;;;;ROUGE;False
1787671569.3851218;6.895046445000844;BLE Sniffer;Appareil BLE;2,4 GHz BLE;62:ae:f9:af:07:b9;-70.0;;;;-70.0;1e-10;0.00028;2.7999999999999997e-14;1.8605718300773058e-13;25;0x00;37;ORANGE;False
1787671569.38602;6.89594312600093;Simulation LoRa;LoRa;868 MHz;LoRa 868.100 MHz;-90.89592163964572;;;;-90.89592163964572;8.135941852654209e-13;0.041216;3.353309793989959e-14;3.467328787877182e-13;12;"SNR=7.11;SF=7;BW=125.0;CR=4/5;F=868.100;CRC=OK;PAYLOAD=54454d504f5f4c4f52415f36";7;VERT;True
1787671569.4252038;6.934952400000839;Simulation RF;Détection RF large bande;868 MHz;868 MHz;;2414;1.9455146275345485;-33.82058510138194;-66.82058510138194;2.0794165197307838e-10;0.1;2.0794165197307838e-11;9.341156540404513e-10;;;;ORANGE;True
1787671569.4253445;6.934952400000839;Simulation RF;Détection RF large bande;2,45 GHz;2,45 GHz;;2807;2.262073676127553;-46.48294704510212;-63.182947045102125;4.805131701029444e-10;0.1;4.805131701029444e-11;2.362782770239566e-09;;;;ORANGE;True
1787671569.4354346;6.9453581950001535;Wi-Fi;Wi-Fi;2,4/5 GHz;wlan0;-41.0;;;;-41.0;7.943282347242822e-08;0.1;7.943282347242822e-09;8.309571530888439e-07;;;;ROUGE;False
1787671569.4867904;6.996715301000222;BLE Sniffer;iBeacon;2,4 GHz BLE;5e:ef:5d:3b:83:a3;-62.0;;;;-62.0;6.309573444801942e-10;0.000368;2.321923027687115e-13;2.417537283705766e-12;36;0x00;38;ORANGE;False
1787671569.4876573;6.99758059099986;BLE Sniffer;iBeacon;2,4 GHz BLE;5e:ef:5d:3b:83:a3;-70.0;;;;-70.0;1e-10;0.000368;3.68e-14;2.454337283705766e-12;36;0x00;39;ORANGE;False
1787671569.525269;7.035038111000176;Simulation RF;Détection RF large bande;868 MHz;868 MHz;;2366;1.9066426320607854;-32.26570528243141;-65.26570528243141;2.9746061517023395e-10;0.1;2.9746061517023395e-11;9.638617155574748e-10;;;;ORANGE;True
1787671569.525423;7.035038111000176;Simulation RF;Détection RF large bande;2,45 GHz;2,45 GHz;;2750;2.216367402278249;-44.65469609112995;-61.35469609112995;7.320325472907731e-10;0.1;7.320325472907731e-11;2.4359860249686436e-09;;;;ORANGE;True
1787671569.5338485;7.043772441000328;Wi-Fi;Wi-Fi;2,4/5 GHz;wlan0;-42.0;;;;-42.0;6.30957344480193e-08;0.1;6.30957344480193e-09;8.372667265336458e-07;;;;ROUGE;False
1787671569.6253614;7.135116747000211;Simulation RF;Détection RF large bande;868 MHz;868 MHz;;2468;1.9885549772169917;-35.542199088679666;-68.54219908867967;1.3988788084981593e-10;0.1;1.3988788084981594e-11;9.778505036424564e-10;;;;ORANGE;True
1787671569.6255028;7.135116747000211;Simulation RF;Détection RF large bande;2,45 GHz;2,45 GHz;;2795;2.2526279807220875;-46.105119228883495;-62.8051192288835;5.241892100008031e-10;0.1;5.2418921000080316e-11;2.488404945968724e-09;;;;ORANGE;True
1787671569.6339104;7.143834353999409;Wi-Fi;Wi-Fi;2,4/5 GHz;wlan0;-42.0;;;;-42.0;6.30957344480193e-08;0.1;6.30957344480193e-09;8.435762999784477e-07;;;;ROUGE;False
1787671569.6897013;7.199626249001085;BLE Sniffer;Appareil BLE;2,4 GHz BLE;62:ae:f9:af:07:b9;-71.0;;;;-71.0;7.943282347242822e-11;0.00028;2.22411905722799e-14;2.082983735800105e-13;25;0x00;37;VERT;False
1787671569.7254555;7.235195809000288;Simulation RF;Détection RF large bande;868 MHz;868 MHz;;2384;1.920989825675707;-32.83959302702827;-65.83959302702827;2.6063977814584844e-10;0.1;2.6063977814584846e-11;1.0039144814570412e-09;;;;ORANGE;True
1787671569.7256005;7.235195809000288;Simulation RF;Détection RF large bande;2,45 GHz;2,45 GHz;;2807;2.261723995097205;-46.4689598038882;-63.1689598038882;4.82063244697903e-10;0.1;4.82063244697903e-11;2.536611270438514e-09;;;;ORANGE;True
1787671569.734006;7.243930898999679;Wi-Fi;Wi-Fi;2,4/5 GHz;wlan0;-42.0;;;;-42.0;6.30957344480193e-08;0.1;6.30957344480193e-09;8.498858734232497e-07;;;;ROUGE;False
1787671569.7912822;7.301207675000114;BLE Sniffer;iBeacon;2,4 GHz BLE;5e:ef:5d:3b:83:a3;-62.0;;;;-62.0;6.309573444801942e-10;0.000368;2.321923027687115e-13;2.6865295864744774e-12;36;0x00;38;ORANGE;False
1787671569.7922027;7.302126042000964;BLE Sniffer;iBeacon;2,4 GHz BLE;5e:ef:5d:3b:83:a3;-70.0;;;;-70.0;1e-10;0.000368;3.68e-14;2.7233295864744774e-12;36;0x00;39;ORANGE;False
1787671569.8255212;7.335277223999583;Simulation RF;Détection RF large bande;868 MHz;868 MHz;;2402;1.9357090994107478;-33.42836397642991;-66.4283639764299;2.2759546404166042e-10;0.1;2.2759546404166044e-11;1.0266740278612072e-09;;;;ORANGE;True
1787671569.8256712;7.335277223999583;Simulation RF;Détection RF large bande;2,45 GHz;2,45 GHz;;2799;2.255386583934728;-46.21546335738911;-62.91546335738911;5.110385524127895e-10;0.1;5.110385524127895e-11;2.587715125679793e-09;;;;ORANGE;True
1787671569.8383946;7.348318336000375;Wi-Fi;Wi-Fi;2,4/5 GHz;wlan0;-42.0;;;;-42.0;6.30957344480193e-08;0.1;6.30957344480193e-09;8.561954468680516e-07;;;;ROUGE;False
1787671569.8939185;7.403842568000982;BLE Sniffer;Appareil BLE;2,4 GHz BLE;d3:23:2f:4d:3e:b1;-80.0;;;;-80.0;1e-11;0.000376;3.7599999999999996e-15;4.334594002928679e-14;37;0x00;37;VERT;False
1787671569.925603;7.435358360000464;Simulation RF;Détection RF large bande;868 MHz;868 MHz;;2347;1.891308889160885;-31.65235556643539;-64.65235556643539;3.4258192340508505e-10;0.1;3.425819234050851e-11;1.0609322202017156e-09;;;;ORANGE;True
1787671569.9257534;7.435358360000464;Simulation RF;Détection RF large bande;2,45 GHz;2,45 GHz;;2769;2.2313289733504162;-45.25315893401664;-61.95315893401664;6.37799400362849e-10;0.1;6.37799400362849e-11;2.651495065716078e-09;;;;ORANGE;True
1787671569.934419;7.444343815999673;Wi-Fi;Wi-Fi;2,4/5 GHz;wlan0;-42.0;;;;-42.0;6.30957344480193e-08;0.1;6.30957344480193e-09;8.625050203128535e-07;;;;ROUGE;False
1787671569.994549;7.504473532000702;BLE Sniffer;Appareil BLE;2,4 GHz BLE;d3:23:2f:4d:3e:b1;-70.0;;;;-70.0;1e-10;0.000376;3.76e-14;8.094594002928678e-14;37;0x00;38;ORANGE;False
1787671569.995258;7.505181775999517;BLE Sniffer;Appareil BLE;2,4 GHz BLE;d3:23:2f:4d:3e:b1;-80.0;;;;-80.0;1e-11;0.000376;3.7599999999999996e-15;8.470594002928678e-14;37;0x00;39;VERT;False
1787671569.9955144;7.5054374749997805;BLE Sniffer;Appareil BLE;2,4 GHz BLE;62:ae:f9:af:07:b9;-70.0;;;;-70.0;1e-10;0.00028;2.7999999999999997e-14;2.3629837358001047e-13;25;0x00;37;ORANGE;False
1787671569.9955592;7.505482237000251;BLE Sniffer;Appareil BLE;2,4 GHz BLE;62:82:29:3f:d2:02;-93.0;;;;-93.0;5.011872336272715e-13;0.000328;1.6438941262974504e-16;1.6438941262974504e-16;31;0x00;38;VERT;False
1787671570.025691;7.535441228999844;Simulation RF;Détection RF large bande;868 MHz;868 MHz;;2324;1.873066079652116;-30.922643186084635;-63.922643186084635;4.0526181151772386e-10;0.1;4.052618115177239e-11;1.1014584013534879e-09;;;;ORANGE;True
1787671570.0258703;7.535441228999844;Simulation RF;Détection RF large bande;2,45 GHz;2,45 GHz;;2809;2.263802931126341;-46.55211724505364;-63.25211724505364;4.729206474630554e-10;0.1;4.7292064746305543e-11;2.6987871304623834e-09;;;;ORANGE;True
1787671570.0368428;7.546767036999881;Wi-Fi;Wi-Fi;2,4/5 GHz;wlan0;-42.0;;;;-42.0;6.30957344480193e-08;0.1;6.30957344480193e-09;8.688145937576555e-07;;;;ROUGE;False
1787671570.096733;7.606657739001093;BLE Sniffer;Appareil BLE;2,4 GHz BLE;62:82:29:3f:d2:02;-89.0;;;;-89.0;1.258925411794166e-12;0.000328;4.1292753506848647e-16;5.773169476982315e-16;31;0x00;39;VERT;False
1787671570.0975003;7.607423875000677;BLE Sniffer;iBeacon;2,4 GHz BLE;5e:ef:5d:3b:83:a3;-67.0;;;;-67.0;1.9952623149688828e-10;0.000368;7.342565319085489e-14;2.7967552396653322e-12;36;0x00;37;ORANGE;False
1787671570.0977705;7.607693668000138;BLE Sniffer;iBeacon;2,4 GHz BLE;5e:ef:5d:3b:83:a3;-63.0;;;;-63.0;5.011872336272714e-10;0.000368;1.8443690197483588e-13;2.981192141640168e-12;36;0x00;38;ORANGE;False
1787671570.0978138;7.607736670999657;BLE Sniffer;iBeacon;2,4 GHz BLE;5e:ef:5d:3b:83:a3;-70.0;;;;-70.0;1e-10;0.000368;3.68e-14;3.017992141640168e-12;36;0x00;39;ORANGE;False
1787671570.1257172;7.635519446001126;Simulation RF;Détection RF large bande;868 MHz;868 MHz;;2295;1.849841721481027;-29.993668859241076;-62.993668859241076;5.019183967068926e-10;0.1;5.0191839670689264e-11;1.151650241024177e-09;;;;ORANGE;True
1787671570.1258557;7.635519446001126;Simulation RF;Détection RF large bande;2,45 GHz;2,45 GHz;;2832;2.2821247018181015;-47.28498807272405;-63.98498807272404;3.994856584369268e-10;0.1;3.994856584369268e-11;2.738735696306076e-09;;;;ORANGE;True
1787671570.1343248;7.644249328001024;Wi-Fi;Wi-Fi;2,4/5 GHz;wlan0;-42.0;;;;-42.0;6.30957344480193e-08;0.1;6.30957344480193e-09;8.751241672024574e-07;;;;ROUGE;False
1787671570.1998048;7.709728957999687;BLE Sniffer;Appareil BLE;2,4 GHz BLE;55:c3:a4:f6:f6:9b;-89.0;;;;-89.0;1.258925411794166e-12;0.00026399999999999997;3.323563087136598e-16;3.323563087136598e-16;23;0x00;37;VERT;False
1787671570.1998708;7.709793609999906;BLE Sniffer;Appareil BLE;2,4 GHz BLE;62:ae:f9:af:07:b9;-72.0;;;;-72.0;6.309573444801942e-11;0.00028;1.7666805645445437e-14;2.539651792254559e-13;25;0x00;38;VERT;False
1787671570.2258677;7.735603995999554;Simulation RF;Détection RF large bande;868 MHz;868 MHz;;2376;1.914813303456574;-32.59253213826295;-65.59253213826295;2.758968780418184e-10;0.1;2.758968780418184e-11;1.1792399288283589e-09;;;;ORANGE;True
1787671570.2260199;7.735603995999554;Simulation RF;Détection RF large bande;2,45 GHz;2,45 GHz;;2765;2.2283949241653436;-45.13579696661374;-61.83579696661374;6.552700272817229e-10;0.1;6.55270027281723e-11;2.804262699034248e-09;;;;ORANGE;True
1787671570.2345726;7.744496627999979;Wi-Fi;Wi-Fi;2,4/5 GHz;wlan0;-42.0;;;;-42.0;6.30957344480193e-08;0.1;6.30957344480193e-09;8.814337406472593e-07;;;;ROUGE;False
1787671570.3006907;7.810615905000304;BLE Sniffer;Appareil BLE;2,4 GHz BLE;62:ae:f9:af:07:b9;-91.0;;;;-91.0;7.943282347242822e-13;0.00028;2.22411905722799e-16;2.5418759113117867e-13;25;0x00;39;VERT;False
1787671570.3016193;7.811542827999801;BLE Sniffer;iBeacon;2,4 GHz BLE;5e:ef:5d:3b:83:a3;-66.0;;;;-66.0;2.511886431509582e-10;0.000368;9.243742067955262e-14;3.1104295623197205e-12;36;0x00;37;ORANGE;False
1787671570.325973;7.835757308999746;Simulation RF;Détection RF large bande;868 MHz;868 MHz;;2368;1.9080518279808516;-32.32207311923406;-65.32207311923406;2.9362476897176954e-10;0.1;2.9362476897176956e-11;1.2086024057255358e-09;;;;ORANGE;True
1787671570.326118;7.835757308999746;Simulation RF;Détection RF large bande;2,45 GHz;2,45 GHz;;2810;2.264663107104916;-46.58652428419664;-63.28652428419664;4.691887298328392e-10;0.1;4.691887298328393e-11;2.851181572017532e-09;;;;ORANGE;True
1787671570.3345;7.844424651000736;Wi-Fi;Wi-Fi;2,4/5 GHz;wlan0;-42.0;;;;-42.0;6.30957344480193e-08;0.1;6.30957344480193e-09;8.877433140920612e-07;;;;ROUGE;False
1787671570.4033113;7.913235653999436;BLE Sniffer;iBeacon;2,4 GHz BLE;5e:ef:5d:3b:83:a3;-62.0;;;;-62.0;6.309573444801942e-10;0.000368;2.321923027687115e-13;3.342621865088432e-12;36;0x00;38;ORANGE;False
1787671570.403413;7.913336178000463;Simulation LoRa;LoRa;868 MHz;LoRa 868.100 MHz;-89.61296465577288;;;;-89.61296465577288;1.0932098457710089e-12;0.041216;4.50577370032979e-14;3.917906157910161e-13;12;"SNR=6.30;SF=7;BW=125.0;CR=4/5;F=868.100;CRC=OK;PAYLOAD=54454d504f5f4c4f52415f37";7;VERT;True
1787671570.4034543;7.913377402999686;BLE Sniffer;iBeacon;2,4 GHz BLE;5e:ef:5d:3b:83:a3;-71.0;;;;-71.0;7.943282347242822e-11;0.000368;2.923127903785358e-14;3.3718531441262856e-12;36;0x00;39;VERT;False
1787671570.426141;7.935847859000205;Simulation RF;Détection RF large bande;868 MHz;868 MHz;;2426;1.955183909054496;-34.20735636217984;-67.20735636217984;1.9022358567752067e-10;0.1;1.9022358567752067e-11;1.2276247642932879e-09;;;;ORANGE;True
1787671570.4263542;7.935847859000205;Simulation RF;Détection RF large bande;2,45 GHz;2,45 GHz;;2765;2.228216621049293;-45.12866484197173;-61.82866484197173;6.563470170352254e-10;0.1;6.563470170352254e-11;2.916816273721054e-09;;;;ORANGE;True
1787671570.4365675;7.946492479000881;Wi-Fi;Wi-Fi;2,4/5 GHz;wlan0;-41.0;;;;-41.0;7.943282347242822e-08;0.1;7.943282347242822e-09;8.95686596439304e-07;;;;ROUGE;False
1787671570.5054796;8.015404413999931;BLE Sniffer;Appareil BLE;2,4 GHz BLE;62:ae:f9:af:07:b9;-69.0;;;;-69.0;1.2589254117941662e-10;0.00028;3.524991153023665e-14;2.894375026614153e-13;25;0x00;37;ORANGE;False
1787671570.5059116;8.015835087000596;BLE Sniffer;Appareil BLE;2,4 GHz BLE;62:ae:f9:af:07:b9;-70.0;;;;-70.0;1e-10;0.00028;2.7999999999999997e-14;3.174375026614153e-13;25;0x00;38;ORANGE;False
1787671570.5059793;8.015902683000604;BLE Sniffer;Appareil BLE;2,4 GHz BLE;62:ae:f9:af:07:b9;-77.0;;;;-77.0;1.9952623149688828e-11;0.00028;5.586734481912872e-15;3.2302423714332813e-13;25;0x00;39;VERT;False
1787671570.5261552;8.035930038000515;Simulation RF;Détection RF large bande;868 MHz;868 MHz;;2381;1.91913706267882;-32.7654825071528;-65.7654825071528;2.6512565183937785e-10;0.1;2.6512565183937786e-11;1.2541373294772256e-09;;;;ORANGE;True
1787671570.5263007;8.035930038000515;Simulation RF;Détection RF large bande;2,45 GHz;2,45 GHz;;2736;2.2052036069311716;-44.20814427724686;-60.90814427724686;8.113076522772954e-10;0.1;8.113076522772955e-11;2.9979470389487837e-09;;;;ORANGE;True
1787671570.5354211;8.045345423000981;Wi-Fi;Wi-Fi;2,4/5 GHz;wlan0;-41.0;;;;-41.0;7.943282347242822e-08;0.1;7.943282347242822e-09;9.036298787865468e-07;;;;ROUGE;False
1787671570.6082163;8.118140669999775;BLE Sniffer;iBeacon;2,4 GHz BLE;5e:ef:5d:3b:83:a3;-66.0;;;;-66.0;2.511886431509582e-10;0.000368;9.243742067955262e-14;3.464290564805838e-12;36;0x00;37;ORANGE;False
1787671570.608284;8.118206896000629;BLE Sniffer;iBeacon;2,4 GHz BLE;5e:ef:5d:3b:83:a3;-62.0;;;;-62.0;6.309573444801942e-10;0.000368;2.321923027687115e-13;3.6964828675745495e-12;36;0x00;38;ORANGE;False
1787671570.6262124;8.13600651300112;Simulation RF;Détection RF large bande;868 MHz;868 MHz;;2376;1.9145600372598683;-32.58240149039473;-65.58240149039473;2.765412050346903e-10;0.1;2.765412050346903e-11;1.2817914499806947e-09;;;;ORANGE;True
1787671570.6263554;8.13600651300112;Simulation RF;Détection RF large bande;2,45 GHz;2,45 GHz;;2771;2.2332650601435367;-45.33060240574146;-62.030602405741455;6.265269536874983e-10;0.1;6.265269536874984e-11;3.0605997343175335e-09;;;;ORANGE;True
1787671570.6351993;8.145123770000282;Wi-Fi;Wi-Fi;2,4/5 GHz;wlan0;-40.0;;;;-40.0;1e-07;0.1;1e-08;9.136298787865468e-07;;;;ROUGE;False
1787671570.7098901;8.219814291000148;BLE Sniffer;iBeacon;2,4 GHz BLE;5e:ef:5d:3b:83:a3;-70.0;;;;-70.0;1e-10;0.000368;3.68e-14;3.7332828675745496e-12;36;0x00;39;ORANGE;False
1787671570.7102091;8.220132050000757;BLE Sniffer;Appareil BLE;2,4 GHz BLE;44:52:30:d8:f1:a9;-92.0;;;;-92.0;6.309573444801942e-13;0.00019999999999999998;1.2619146889603883e-16;1.2619146889603883e-16;15;0x00;37;VERT;False
1787671570.726319;8.236089508000077;Simulation RF;Détection RF large bande;868 MHz;868 MHz;;2415;1.9464890375782424;-33.8595615031297;-66.8595615031297;2.060837980704232e-10;0.1;2.060837980704232e-11;1.302399829787737e-09;;;;ORANGE;True
1787671570.7264686;8.236089508000077;Simulation RF;Détection RF large bande;2,45 GHz;2,45 GHz;;2775;2.2364891306131742;-45.45956522452697;-62.159565224526965;6.081958851787122e-10;0.1;6.081958851787122e-11;3.1214193228354048e-09;;;;ORANGE;True
1787671570.7350364;8.244960435000394;Wi-Fi;Wi-Fi;2,4/5 GHz;wlan0;-40.0;;;;-40.0;1e-07;0.1;1e-08;9.236298787865469e-07;;;;ROUGE;False
1787671570.8263683;8.336167630999626;Simulation RF;Détection RF large bande;868 MHz;868 MHz;;2429;1.9572061072769769;-34.28824429107907;-67.28824429107907;1.8671343589351757e-10;0.1;1.8671343589351758e-11;1.3210711733770888e-09;;;;ORANGE;True
1787671570.8265114;8.336167630999626;Simulation RF;Détection RF large bande;2,45 GHz;2,45 GHz;;2748;2.2145282787916907;-44.58113115166762;-61.281131151667616;7.445380282876163e-10;0.1;7.445380282876164e-11;3.1958731256641663e-09;;;;ORANGE;True
1787671570.835097;8.34502103900013;Wi-Fi;Wi-Fi;2,4/5 GHz;wlan0;-40.0;;;;-40.0;1e-07;0.1;1e-08;9.336298787865469e-07;;;;ROUGE;False
1787671570.9133086;8.42323303699959;BLE Sniffer;iBeacon;2,4 GHz BLE;5e:ef:5d:3b:83:a3;-62.0;;;;-62.0;6.309573444801942e-10;0.000368;2.321923027687115e-13;3.965475170343261e-12;36;0x00;38;ORANGE;False
1787671570.9265254;8.436251791999894;Simulation RF;Détection RF large bande;868 MHz;868 MHz;;2337;1.8833626492272426;-31.334505969089705;-64.3345059690897;3.6859496892242445e-10;0.1;3.685949689224245e-11;1.3579306702693312e-09;;;;ORANGE;True
1787671570.9266841;8.436251791999894;Simulation RF;Détection RF large bande;2,45 GHz;2,45 GHz;;2767;2.229967702699518;-45.19870810798071;-61.89870810798071;6.458463198059147e-10;0.1;6.458463198059147e-11;3.2604577576447576e-09;;;;ORANGE;True
1787671570.9352822;8.445205964999332;Wi-Fi;Wi-Fi;2,4/5 GHz;wlan0;-40.0;;;;-40.0;1e-07;0.1;1e-08;9.436298787865469e-07;;;;ROUGE;False
1787671571.0139482;8.52387292899948;BLE Sniffer;iBeacon;2,4 GHz BLE;5e:ef:5d:3b:83:a3;-69.0;;;;-69.0;1.2589254117941662e-10;0.000368;4.6328455154025316e-14;4.011803625497287e-12;36;0x00;39;ORANGE;False
1787671571.014996;8.52491985800043;BLE Sniffer;Appareil BLE;2,4 GHz BLE;44:52:00:58:f1:a9;-87.0;;;;-87.0;1.9952623149688827e-12;0.00019999999999999998;3.9905246299377653e-16;7.304589794633092e-16;15;0x00;37;VERT;False
1787671571.0150554;8.524978473000374;BLE Sniffer;Appareil BLE;2,4 GHz BLE;62:ae:f9:af:07:b9;-71.0;;;;-71.0;7.943282347242822e-11;0.00028;2.22411905722799e-14;3.4526542771560804e-13;25;0x00;38;VERT;False
1787671571.0163167;8.526240635999784;BLE Sniffer;Appareil BLE;2,4 GHz BLE;62:ae:f9:af:07:b9;-71.0;;;;-71.0;7.943282347242822e-11;0.00028;2.22411905722799e-14;3.6750661828788794e-13;25;0x00;39;VERT;False
1787671571.0265398;8.536328648000563;Simulation RF;Détection RF large bande;868 MHz;868 MHz;;2417;1.947740168854751;-33.90960675419004;-66.90960675419004;2.0372265365380213e-10;0.1;2.0372265365380216e-11;1.3783029356347114e-09;;;;ORANGE;True
1787671571.026678;8.536328648000563;Simulation RF;Détection RF large bande;2,45 GHz;2,45 GHz;;2710;2.184268260214314;-43.370730408572555;-60.07073040857256;9.83845625944684e-10;0.1;9.83845625944684e-11;3.358842320239226e-09;;;;ORANGE;True
1787671571.0351822;8.545106474999557;Wi-Fi;Wi-Fi;2,4/5 GHz;wlan0;-39.0;;;;-39.0;1.2589254117941662e-07;0.1;1.2589254117941663e-08;9.562191329044885e-07;;;;ROUGE;False
1787671571.1266007;8.636405833000026;Simulation RF;Détection RF large bande;868 MHz;868 MHz;;2319;1.8691446428101077;-30.765785712404302;-63.7657857124043;4.2016650555087453e-10;0.1;4.201665055508745e-11;1.4203195861897988e-09;;;;ORANGE;True
1787671571.1267457;8.636405833000026;Simulation RF;Détection RF large bande;2,45 GHz;2,45 GHz;;2688;2.165850478937558;-42.63401915750231;-59.33401915750231;1.1657302981861713e-09;0.1;1.1657302981861715e-10;3.4754153500578432e-09;;;;ORANGE;True
1787671571.1352518;8.64517577100014;Wi-Fi;Wi-Fi;2,4/5 GHz;wlan0;-39.0;;;;-39.0;1.2589254117941662e-07;0.1;1.2589254117941663e-08;9.6880838702243e-07;;;;ROUGE;False
1787671571.2192614;8.729185866999615;BLE Sniffer;iBeacon;2,4 GHz BLE;5e:ef:5d:3b:83:a3;-66.0;;;;-66.0;2.511886431509582e-10;0.000368;9.243742067955262e-14;4.1042410461768396e-12;36;0x00;37;ORANGE;False
1787671571.2193317;8.729254797000976;BLE Sniffer;iBeacon;2,4 GHz BLE;5e:ef:5d:3b:83:a3;-62.0;;;;-62.0;6.309573444801942e-10;0.000368;2.321923027687115e-13;4.336433348945551e-12;36;0x00;38;ORANGE;False
1787671571.2267373;8.736489482000252;Simulation RF;Détection RF large bande;868 MHz;868 MHz;;2353;1.8961857885116953;-31.84743154046781;-64.84743154046781;3.275343445864183e-10;0.1;3.2753434458641834e-11;1.4530730206484406e-09;;;;ORANGE;True
1787671571.2268865;8.736489482000252;Simulation RF;Détection RF large bande;2,45 GHz;2,45 GHz;;2767;2.2296647123316187;-45.18658849326475;-61.88658849326475;6.476511644014734e-10;0.1;6.476511644014734e-11;3.5401804664979906e-09;;;;ORANGE;True
1787671571.235556;8.745479932000308;Wi-Fi;Wi-Fi;2,4/5 GHz;wlan0;-38.0;;;;-38.0;1.584893192461114e-07;0.1;1.5848931924611143e-08;9.846573189470411e-07;;;;ROUGE;False
1787671571.3201928;8.830117748999328;BLE Sniffer;iBeacon;2,4 GHz BLE;5e:ef:5d:3b:83:a3;-70.0;;;;-70.0;1e-10;0.000368;3.68e-14;4.373233348945551e-12;36;0x00;39;ORANGE;False
1787671571.3214822;8.831406246999904;BLE Sniffer;Appareil BLE;2,4 GHz BLE;57:83:a4:76:f6:fb;-88.0;;;;-88.0;1.584893192461111e-12;0.00026399999999999997;4.1841180280973327e-16;4.1841180280973327e-16;23;0x00;37;VERT;False
1787671571.321544;8.831466879999425;BLE Sniffer;Appareil BLE;2,4 GHz BLE;62:ae:f9:af:07:b9;-76.0;;;;-76.0;2.5118864315095823e-11;0.00028;7.03328200822683e-15;3.745399002961148e-13;25;0x00;38;VERT;False
1787671571.321845;8.831768545000159;BLE Sniffer;Appareil BLE;2,4 GHz BLE;62:ae:f9:af:07:b9;-70.0;;;;-70.0;1e-10;0.00028;2.7999999999999997e-14;4.0253990029611477e-13;25;0x00;39;ORANGE;False
1787671571.3267682;8.836563611001111;Simulation RF;Détection RF large bande;868 MHz;868 MHz;;2276;1.8343505287714403;-29.374021150857608;-62.37402115085761;5.788924492570826e-10;0.1;5.788924492570826e-11;1.510962265574149e-09;;;;ORANGE;True
1787671571.32691;8.836563611001111;Simulation RF;Détection RF large bande;2,45 GHz;2,45 GHz;;2710;2.1842039505432544;-43.36815802173018;-60.068158021730184;9.84428544061312e-10;0.1;9.844285440613121e-11;3.638623320904122e-09;;;;ORANGE;True
1787671571.3354406;8.84536453200053;Wi-Fi;Wi-Fi;2,4/5 GHz;wlan0;-38.0;;;;-38.0;1.584893192461114e-07;0.1;1.5848931924611143e-08;1.0005062508716522e-06;;;;ROUGE;False
1787671571.4240043;8.933928311000273;Simulation LoRa;LoRa;868 MHz;LoRa 868.100 MHz;-90.0449470118432;;;;-90.0449470118432;9.897039391474608e-13;0.041216;4.0791637555901745e-14;4.3258225334691786e-13;12;"SNR=4.99;SF=7;BW=125.0;CR=4/5;F=868.100;CRC=OK;PAYLOAD=54454d504f5f4c4f52415f38";7;VERT;True
1787671571.424078;8.934001277999414;BLE Sniffer;iBeacon;2,4 GHz BLE;5e:ef:5d:3b:83:a3;-66.0;;;;-66.0;2.511886431509582e-10;0.000368;9.243742067955262e-14;4.465670769625104e-12;36;0x00;37;ORANGE;False
1787671571.4268281;8.93664162999994;Simulation RF;Détection RF large bande;868 MHz;868 MHz;;2379;1.917391135551855;-32.69564542207419;-65.6956454220742;2.694234901773684e-10;0.1;2.6942349017736838e-11;1.5379046145918859e-09;;;;ORANGE;True
1787671571.4269593;8.93664162999994;Simulation RF;Détection RF large bande;2,45 GHz;2,45 GHz;;2729;2.1994555326999756;-43.97822130799902;-60.67822130799902;8.554169848493539e-10;0.1;8.554169848493539e-11;3.7241650193890573e-09;;;;ORANGE;True
1787671571.43561;8.945533907999561;Wi-Fi;Wi-Fi;2,4/5 GHz;wlan0;-38.0;;;;-38.0;1.584893192461114e-07;0.1;1.5848931924611143e-08;1.0163551827962632e-06;;;;ROUGE;False
1787671571.5261104;9.036034517001099;BLE Sniffer;iBeacon;2,4 GHz BLE;5e:ef:5d:3b:83:a3;-62.0;;;;-62.0;6.309573444801942e-10;0.000368;2.321923027687115e-13;4.697863072393816e-12;36;0x00;38;ORANGE;False
1787671571.5261776;9.03610048399969;BLE Sniffer;iBeacon;2,4 GHz BLE;5e:ef:5d:3b:83:a3;-70.0;;;;-70.0;1e-10;0.000368;3.68e-14;4.734663072393816e-12;36;0x00;39;ORANGE;False
1787671571.5262172;9.036140227000942;BLE Sniffer;Appareil BLE;2,4 GHz BLE;dc:84:0b:6d:6e:8e;-87.0;;;;-87.0;1.9952623149688827e-12;0.000192;3.8309036447402548e-16;3.8309036447402548e-16;14;0x02;37;VERT;False
1787671571.527238;9.03676428000108;Simulation RF;Détection RF large bande;868 MHz;868 MHz;;2432;1.9597350978269263;-34.38940391307705;-67.38940391307705;1.8241460566384386e-10;0.1;1.8241460566384388e-11;1.5561460751582703e-09;;;;ORANGE;True
1787671571.5273526;9.03676428000108;Simulation RF;Détection RF large bande;2,45 GHz;2,45 GHz;;2798;2.254832105743604;-46.193284229744165;-62.89328422974417;5.136550674901773e-10;0.1;5.1365506749017735e-11;3.7755305261380755e-09;;;;ORANGE;True
1787671571.5359273;9.045850884000174;Wi-Fi;Wi-Fi;2,4/5 GHz;wlan0;-38.0;;;;-38.0;1.584893192461114e-07;0.1;1.5848931924611143e-08;1.0322041147208743e-06;;;;ROUGE;False
1787671571.6282115;9.13813527899947;BLE Sniffer;Appareil BLE;2,4 GHz BLE;62:ae:f9:af:07:b9;-72.0;;;;-72.0;6.309573444801942e-11;0.00028;1.7666805645445437e-14;4.202067059415602e-13;25;0x00;38;VERT;False
1787671571.6282737;9.138196838001022;BLE Sniffer;Appareil BLE;2,4 GHz BLE;62:ae:f9:af:07:b9;-75.0;;;;-75.0;3.1622776601683794e-11;0.00028;8.854377448471461e-15;4.2906108339003167e-13;25;0x00;39;VERT;False
1787671571.627113;9.136852687999635;Simulation RF;Détection RF large bande;868 MHz;868 MHz;;2372;1.9115198259532695;-32.460793038130774;-65.46079303813077;2.8439417455240355e-10;0.1;2.8439417455240356e-11;1.5845854926135106e-09;;;;ORANGE;True
1787671571.6291177;9.136852687999635;Simulation RF;Détection RF large bande;2,45 GHz;2,45 GHz;;2740;2.208191507345742;-44.32766029382968;-61.02766029382968;7.892852204519658e-10;0.1;7.892852204519659e-11;3.854459048183272e-09;;;;ORANGE;True
1787671571.6376362;9.147560161000001;Wi-Fi;Wi-Fi;2,4/5 GHz;wlan0;-37.0;;;;-37.0;1.9952623149688787e-07;0.1;1.995262314968879e-08;1.052156737870563e-06;;;;ROUGE;False
1787671571.7272077;9.236937355000919;Simulation RF;Détection RF large bande;868 MHz;868 MHz;;2399;1.9331442458586583;-33.32576983434633;-66.32576983434633;2.330359996937511e-10;0.1;2.3303599969375108e-11;1.6078890925828857e-09;;;;ORANGE;True
1787671571.7273638;9.236937355000919;Simulation RF;Détection RF large bande;2,45 GHz;2,45 GHz;;2731;2.2005046534063473;-44.02018613625388;-60.72018613625388;8.471911032123634e-10;0.1;8.471911032123635e-11;3.939178158504509e-09;;;;ORANGE;True
1787671571.7368822;9.24680611400072;Wi-Fi;Wi-Fi;2,4/5 GHz;wlan0;-37.0;;;;-37.0;1.9952623149688787e-07;0.1;1.995262314968879e-08;1.0721093610202518e-06;;;;ROUGE;False
1787671571.8272653;9.337015058999896;Simulation RF;Détection RF large bande;868 MHz;868 MHz;;2310;1.861382936956301;-30.45531747825204;-63.45531747825204;4.5130303294958755e-10;0.1;4.5130303294958755e-11;1.6530193958778444e-09;;;;ORANGE;True
1787671571.8274062;9.337015058999896;Simulation RF;Détection RF large bande;2,45 GHz;2,45 GHz;;2765;2.2280421351654294;-45.121685406617175;-61.82168540661717;6.574026635350382e-10;0.1;6.574026635350382e-11;4.004918424858013e-09;;;;ORANGE;True
1787671571.83155;9.341475088000152;BLE Sniffer;iBeacon;2,4 GHz BLE;5e:ef:5d:3b:83:a3;-66.0;;;;-66.0;2.511886431509582e-10;0.000368;9.243742067955262e-14;4.827100493073369e-12;36;0x00;37;ORANGE;False
1787671571.8320873;9.342010729000322;BLE Sniffer;iBeacon;2,4 GHz BLE;5e:ef:5d:3b:83:a3;-62.0;;;;-62.0;6.309573444801942e-10;0.000368;2.321923027687115e-13;5.059292795842081e-12;36;0x00;38;ORANGE;False
1787671571.8321388;9.342061695000666;BLE Sniffer;iBeacon;2,4 GHz BLE;5e:ef:5d:3b:83:a3;-70.0;;;;-70.0;1e-10;0.000368;3.68e-14;5.096092795842081e-12;36;0x00;39;ORANGE;False
1787671571.8321793;9.342102086000523;BLE Sniffer;Appareil BLE;2,4 GHz BLE;77:83:a4:76:f6:fb;-91.0;;;;-91.0;7.943282347242822e-13;0.00026399999999999997;2.0970265396721046e-16;2.0970265396721046e-16;23;0x00;37;VERT;False
1787671571.8361018;9.346025824999742;Wi-Fi;Wi-Fi;2,4/5 GHz;wlan0;-37.0;;;;-37.0;1.9952623149688787e-07;0.1;1.995262314968879e-08;1.0920619841699405e-06;;;;ROUGE;False
1787671571.9273708;9.437101225999868;Simulation RF;Détection RF large bande;868 MHz;868 MHz;;2383;1.920198879152694;-32.80795516610776;-65.80795516610776;2.625454422431112e-10;0.1;2.6254544224311122e-11;1.6792739401021555e-09;;;;ORANGE;True
1787671571.927528;9.437101225999868;Simulation RF;Détection RF large bande;2,45 GHz;2,45 GHz;;2706;2.180705660684231;-43.228226427369236;-59.92822642736923;1.0166637934587366e-09;0.1;1.0166637934587366e-10;4.1065848042038865e-09;;;;ORANGE;True
1787671571.93571;9.44563431700044;BLE Sniffer;Appareil BLE;2,4 GHz BLE;62:ae:f9:af:07:b9;-71.0;;;;-71.0;7.943282347242822e-11;0.00028;2.22411905722799e-14;4.5130227396231157e-13;25;0x00;38;VERT;False
1787671571.9357855;9.445708359000491;BLE Sniffer;Appareil BLE;2,4 GHz BLE;62:ae:f9:af:07:b9;-78.0;;;;-78.0;1.5848931924611107e-11;0.00028;4.4377009388911094e-15;4.557399749012027e-13;25;0x00;39;VERT;False
1787671571.9358237;9.445746490000602;BLE Sniffer;Appareil BLE;2,4 GHz BLE;d3:23:2f:4d:3e:b1;-81.0;;;;-81.0;7.943282347242821e-12;0.000376;2.9866741625633007e-15;8.769261419185009e-14;37;0x00;37;VERT;False
1787671571.938395;9.448318598000697;BLE Sniffer;Appareil BLE;2,4 GHz BLE;d3:23:2f:4d:3e:b1;-73.0;;;;-73.0;5.011872336272715e-11;0.000376;1.8844639984385406e-14;1.065372541762355e-13;37;0x00;38;VERT;False
1787671571.9389668;9.44889083400085;Wi-Fi;Wi-Fi;2,4/5 GHz;wlan0;-37.0;;;;-37.0;1.9952623149688787e-07;0.1;1.995262314968879e-08;1.1120146073196292e-06;;;;ROUGE;False
1787671572.0274348;9.537179217999437;Simulation RF;Détection RF large bande;868 MHz;868 MHz;;2412;1.9439287654199195;-33.75715061679678;-66.75715061679678;2.1100120636870654e-10;0.1;2.1100120636870654e-11;1.7003740607390262e-09;;;;ORANGE;True
1787671572.0275745;9.537179217999437;Simulation RF;Détection RF large bande;2,45 GHz;2,45 GHz;;2682;2.1616589606703003;-42.46635842681201;-59.166358426812;1.2116136496733224e-09;0.1;1.2116136496733224e-10;4.2277461691712185e-09;;;;ORANGE;True
1787671572.0373847;9.54730854400077;Wi-Fi;Wi-Fi;2,4/5 GHz;wlan0;-37.0;;;;-37.0;1.9952623149688787e-07;0.1;1.995262314968879e-08;1.131967230469318e-06;;;;ROUGE;False
1787671572.039465;9.549388494000596;BLE Sniffer;Appareil BLE;2,4 GHz BLE;Appareil BLE;-88.0;;;;-88.0;1.584893192461111e-12;0.000136;2.155454741747111e-16;2.155454741747111e-16;7;0x07;39;VERT;False
1787671572.0395257;9.54944855299982;BLE Sniffer;iBeacon;2,4 GHz BLE;5e:ef:5d:3b:83:a3;-66.0;;;;-66.0;2.511886431509582e-10;0.000368;9.243742067955262e-14;5.188530216521634e-12;36;0x00;37;ORANGE;False
1787671572.1275227;9.637262428001122;Simulation RF;Détection RF large bande;868 MHz;868 MHz;;2307;1.8592822076312685;-30.371288305250737;-63.37128830525074;4.6012006182576506e-10;0.1;4.6012006182576506e-11;1.7463860669216028e-09;;;;ORANGE;True
1787671572.127716;9.637262428001122;Simulation RF;Détection RF large bande;2,45 GHz;2,45 GHz;;2720;2.1921854953503472;-43.68741981401388;-60.387419814013874;9.146564864436099e-10;0.1;9.1465648644361e-11;4.31921181781558e-09;;;;ORANGE;True
1787671572.1362493;9.646173297000132;Wi-Fi;Wi-Fi;2,4/5 GHz;wlan0;-37.0;;;;-37.0;1.9952623149688787e-07;0.1;1.995262314968879e-08;1.1519198536190067e-06;;;;ROUGE;False
1787671572.1413233;9.651246598999933;BLE Sniffer;iBeacon;2,4 GHz BLE;5e:ef:5d:3b:83:a3;-63.0;;;;-63.0;5.011872336272714e-10;0.000368;1.8443690197483588e-13;5.3729671184964696e-12;36;0x00;38;ORANGE;False
1787671572.141385;9.651307955000448;BLE Sniffer;iBeacon;2,4 GHz BLE;5e:ef:5d:3b:83:a3;-71.0;;;;-71.0;7.943282347242822e-11;0.000368;2.923127903785358e-14;5.402198397534323e-12;36;0x00;39;VERT;False
1787671572.1414244;9.651347290000558;BLE Sniffer;Appareil BLE;2,4 GHz BLE;62:ae:f9:af:07:b9;-68.0;;;;-68.0;1.584893192461111e-10;0.00028;4.43770093889111e-14;5.001169842901138e-13;25;0x00;37;ORANGE;False
1787671572.143541;9.653465352999774;BLE Sniffer;Appareil BLE;2,4 GHz BLE;62:ae:f9:af:07:b9;-70.0;;;;-70.0;1e-10;0.00028;2.7999999999999997e-14;5.281169842901138e-13;25;0x00;38;ORANGE;False
1787671572.227619;9.737351268000566;Simulation RF;Détection RF large bande;868 MHz;868 MHz;;2383;1.9202933864193907;-32.81173545677562;-65.81173545677562;2.623170105464641e-10;0.1;2.623170105464641e-11;1.772617767976249e-09;;;;ORANGE;True
1787671572.2277827;9.737351268000566;Simulation RF;Détection RF large bande;2,45 GHz;2,45 GHz;;2761;2.2249453421054985;-44.997813684219935;-61.69781368421994;6.764234132884983e-10;0.1;6.764234132884984e-11;4.386854159144429e-09;;;;ORANGE;True
1787671572.2363913;9.746315177000724;Wi-Fi;Wi-Fi;2,4/5 GHz;wlan0;-37.0;;;;-37.0;1.9952623149688787e-07;0.1;1.995262314968879e-08;1.1718724767686954e-06;;;;ROUGE;False
1787671572.2441874;9.754111927999475;BLE Sniffer;Appareil BLE;2,4 GHz BLE;62:ae:f9:af:07:b9;-75.0;;;;-75.0;3.1622776601683794e-11;0.00028;8.854377448471461e-15;5.369713617385853e-13;25;0x00;39;VERT;False
1787671572.3277025;9.837435422999988;Simulation RF;Détection RF large bande;868 MHz;868 MHz;;2306;1.8580074281710226;-30.3202971268409;-63.3202971268409;4.655542410821066e-10;0.1;4.655542410821066e-11;1.8191731920844598e-09;;;;ORANGE;True
1787671572.3278582;9.837435422999988;Simulation RF;Détection RF large bande;2,45 GHz;2,45 GHz;;2721;2.1928592064984254;-43.71436825993702;-60.414368259937014;9.089985155774601e-10;0.1;9.089985155774602e-11;4.477754010702175e-09;;;;ORANGE;True
1787671572.3364758;9.846400110000104;Wi-Fi;Wi-Fi;2,4/5 GHz;wlan0;-37.0;;;;-37.0;1.9952623149688787e-07;0.1;1.995262314968879e-08;1.191825099918384e-06;;;;ROUGE;False
1787671572.3459554;9.85587963999933;BLE Sniffer;iBeacon;2,4 GHz BLE;5e:ef:5d:3b:83:a3;-66.0;;;;-66.0;2.511886431509582e-10;0.000368;9.243742067955262e-14;5.494635818213876e-12;36;0x00;37;ORANGE;False
1787671572.3470638;9.856987553999716;BLE Sniffer;iBeacon;2,4 GHz BLE;5e:ef:5d:3b:83:a3;-62.0;;;;-62.0;6.309573444801942e-10;0.000368;2.321923027687115e-13;5.726828120982588e-12;36;0x00;38;ORANGE;False
1787671572.427765;9.937512391999917;Simulation RF;Détection RF large bande;868 MHz;868 MHz;;2414;1.9453612259936979;-33.81444903974791;-66.81444903974791;2.082356563060696e-10;0.1;2.082356563060696e-11;1.8399967577150667e-09;;;;ORANGE;True
1787671572.4279034;9.937512391999917;Simulation RF;Détection RF large bande;2,45 GHz;2,45 GHz;;2748;2.214774873020925;-44.590994920837005;-61.290994920837;7.428489398897316e-10;0.1;7.428489398897316e-11;4.552038904691148e-09;;;;ORANGE;True
1787671572.4364243;9.946348146000673;Wi-Fi;Wi-Fi;2,4/5 GHz;wlan0;-37.0;;;;-37.0;1.9952623149688787e-07;0.1;1.995262314968879e-08;1.2117777230680728e-06;;;;ROUGE;False
1787671572.4480667;9.957990908000284;BLE Sniffer;iBeacon;2,4 GHz BLE;5e:ef:5d:3b:83:a3;-70.0;;;;-70.0;1e-10;0.000368;3.68e-14;5.763628120982588e-12;36;0x00;39;ORANGE;False
1787671572.4481792;9.958102210999641;Simulation LoRa;LoRa;868 MHz;LoRa 868.100 MHz;-84.81808584957184;;;;-84.81808584957184;3.297550194880029e-12;0.041216;1.3591182883217527e-13;5.684940821790931e-13;12;"SNR=10.29;SF=7;BW=125.0;CR=4/5;F=868.100;CRC=OK;PAYLOAD=54454d504f5f4c4f52415f39";7;VERT;True
1787671572.4482212;9.95814423199954;BLE Sniffer;Appareil BLE;2,4 GHz BLE;62:ae:f9:af:07:b9;-69.0;;;;-69.0;1.2589254117941662e-10;0.00028;3.524991153023665e-14;5.722212732688219e-13;25;0x00;37;ORANGE;False
1787671572.4482594;9.958182308000687;BLE Sniffer;Appareil BLE;2,4 GHz BLE;62:ae:f9:af:07:b9;-69.0;;;;-69.0;1.2589254117941662e-10;0.00028;3.524991153023665e-14;6.074711847990586e-13;25;0x00;38;ORANGE;False
1787671572.4493651;9.959288944000946;BLE Sniffer;Appareil BLE;2,4 GHz BLE;62:ae:f9:af:07:b9;-77.0;;;;-77.0;1.9952623149688828e-11;0.00028;5.586734481912872e-15;6.130579192809715e-13;25;0x00;39;VERT;False
1787671572.5278633;10.037597843000185;Simulation RF;Détection RF large bande;868 MHz;868 MHz;;2295;1.8496696301955442;-29.986785207821768;-62.98678520782177;5.027145778744752e-10;0.1;5.027145778744752e-11;1.8902682155025142e-09;;;;ORANGE;True
1787671572.52802;10.037597843000185;Simulation RF;Détection RF large bande;2,45 GHz;2,45 GHz;;2719;2.1914631374948095;-43.658525499792376;-60.35852549979238;9.207621323689582e-10;0.1;9.207621323689583e-11;4.644115117928044e-09;;;;ORANGE;True
1787671572.537138;10.047062020999874;Wi-Fi;Wi-Fi;2,4/5 GHz;wlan0;-37.0;;;;-37.0;1.9952623149688787e-07;0.1;1.995262314968879e-08;1.2317303462177615e-06;;;;ROUGE;False
1787671572.627928;10.137675627000135;Simulation RF;Détection RF large bande;868 MHz;868 MHz;;2359;1.9007515902208223;-32.03006360883289;-65.03006360883289;3.1404626968308715e-10;0.1;3.140462696830872e-11;1.921672842470823e-09;;;;ORANGE;True
1787671572.62807;10.137675627000135;Simulation RF;Détection RF large bande;2,45 GHz;2,45 GHz;;2754;2.2191595447024137;-44.76638178809655;-61.466381788096555;7.134471726136995e-10;0.1;7.134471726136996e-11;4.715459835189414e-09;;;;ORANGE;True
1787671572.6419177;10.151841920000152;Wi-Fi;Wi-Fi;2,4/5 GHz;wlan0;-36.0;;;;-36.0;2.5118864315095823e-07;0.1;2.5118864315095824e-08;1.2568492105328574e-06;;;;ROUGE;False
1787671572.6524417;10.162365026999396;BLE Sniffer;iBeacon;2,4 GHz BLE;5e:ef:5d:3b:83:a3;-66.0;;;;-66.0;2.511886431509582e-10;0.000368;9.243742067955262e-14;5.8560655416621406e-12;36;0x00;37;ORANGE;False
1787671572.652497;10.1624202160001;BLE Sniffer;iBeacon;2,4 GHz BLE;5e:ef:5d:3b:83:a3;-63.0;;;;-63.0;5.011872336272714e-10;0.000368;1.8443690197483588e-13;6.040502443636976e-12;36;0x00;38;ORANGE;False
1787671572.6533415;10.16326539200054;BLE Sniffer;iBeacon;2,4 GHz BLE;5e:ef:5d:3b:83:a3;-70.0;;;;-70.0;1e-10;0.000368;3.68e-14;6.077302443636976e-12;36;0x00;39;ORANGE;False
1787671572.7280273;10.237760727000932;Simulation RF;Détection RF large bande;868 MHz;868 MHz;;2336;1.8828757236375584;-31.315028945502334;-64.31502894550233;3.7025173768325227e-10;0.1;3.702517376832523e-11;1.9586980162391482e-09;;;;ORANGE;True
1787671572.7281861;10.237760727000932;Simulation RF;Détection RF large bande;2,45 GHz;2,45 GHz;;2722;2.193239603442286;-43.72958413769143;-60.429584137691435;9.058193342324512e-10;0.1;9.058193342324512e-11;4.806041768612659e-09;;;;ORANGE;True
1787671572.7376254;10.247549608000554;Wi-Fi;Wi-Fi;2,4/5 GHz;wlan0;-36.0;;;;-36.0;2.5118864315095823e-07;0.1;2.5118864315095824e-08;1.2819680748479532e-06;;;;ROUGE;False
1787671572.7547636;10.264687565999338;BLE Sniffer;Appareil BLE;2,4 GHz BLE;62:ae:f9:af:07:b9;-66.0;;;;-66.0;2.511886431509582e-10;0.00028;7.03328200822683e-14;6.833907393632398e-13;25;0x00;37;ORANGE;False
1787671572.7548366;10.26475953299996;BLE Sniffer;Appareil BLE;2,4 GHz BLE;62:ae:f9:af:07:b9;-70.0;;;;-70.0;1e-10;0.00028;2.7999999999999997e-14;7.113907393632398e-13;25;0x00;38;ORANGE;False
1787671572.75573;10.265653435000786;BLE Sniffer;Appareil BLE;2,4 GHz BLE;62:ae:f9:af:07:b9;-75.0;;;;-75.0;3.1622776601683794e-11;0.00028;8.854377448471461e-15;7.202451168117112e-13;25;0x00;39;VERT;False
1787671572.8281043;10.337844567000502;Simulation RF;Détection RF large bande;868 MHz;868 MHz;;2354;1.8972022751550939;-31.88809100620375;-64.88809100620375;3.244822160797673e-10;0.1;3.244822160797673e-11;1.991146237847125e-09;;;;ORANGE;True
1787671572.828249;10.337844567000502;Simulation RF;Détection RF large bande;2,45 GHz;2,45 GHz;;2757;2.221507318356942;-44.86029273427768;-61.560292734277674;6.981853416164448e-10;0.1;6.981853416164449e-11;4.875860302774304e-09;;;;ORANGE;True
1787671572.8367972;10.346721507999973;Wi-Fi;Wi-Fi;2,4/5 GHz;wlan0;-36.0;;;;-36.0;2.5118864315095823e-07;0.1;2.5118864315095824e-08;1.307086939163049e-06;;;;ROUGE;False
1787671572.8576005;10.3675248010004;BLE Sniffer;Appareil BLE;2,4 GHz BLE;44:52:70:58:f1:a9;-91.0;;;;-91.0;7.943282347242822e-13;0.00019999999999999998;1.5886564694485642e-16;1.5886564694485642e-16;15;0x00;37;VERT;False
1787671572.9281795;10.437924277001002;Simulation RF;Détection RF large bande;868 MHz;868 MHz;;2335;1.8818650122583993;-31.27460049033597;-64.27460049033597;3.737145019847104e-10;0.1;3.7371450198471047e-11;2.028517688045596e-09;;;;ORANGE;True
1787671572.9283257;10.437924277001002;Simulation RF;Détection RF large bande;2,45 GHz;2,45 GHz;;2734;2.2036024836353354;-44.14409934541341;-60.844099345413404;8.233605705172614e-10;0.1;8.233605705172614e-11;4.95819635982603e-09;;;;ORANGE;True
1787671572.9372873;10.44721164800103;Wi-Fi;Wi-Fi;2,4/5 GHz;wlan0;-36.0;;;;-36.0;2.5118864315095823e-07;0.1;2.5118864315095824e-08;1.332205803478145e-06;;;;ROUGE;False
1787671572.9593515;10.469276326999534;BLE Sniffer;iBeacon;2,4 GHz BLE;5e:ef:5d:3b:83:a3;-63.0;;;;-63.0;5.011872336272714e-10;0.000368;1.8443690197483588e-13;6.261739345611812e-12;36;0x00;38;ORANGE;False
1787671572.9594262;10.469349016000706;BLE Sniffer;iBeacon;2,4 GHz BLE;5e:ef:5d:3b:83:a3;-70.0;;;;-70.0;1e-10;0.000368;3.68e-14;6.298539345611812e-12;36;0x00;39;ORANGE;False
1787671572.9606247;10.470548286999474;BLE Sniffer;Appareil BLE;2,4 GHz BLE;62:ae:f9:af:07:b9;-68.0;;;;-68.0;1.584893192461111e-10;0.00028;4.43770093889111e-14;7.646221262006223e-13;25;0x00;37;ORANGE;False
1787671573.028246;10.538003091000064;Simulation RF;Détection RF large bande;868 MHz;868 MHz;;2357;1.8990385223167405;-31.961540892669618;-64.96154089266962;3.1904056866841563e-10;0.1;3.190405686684157e-11;2.0604217449124376e-09;;;;ORANGE;True
1787671573.0284002;10.538003091000064;Simulation RF;Détection RF large bande;2,45 GHz;2,45 GHz;;2761;2.2253340667235593;-45.013362668942364;-61.71336266894236;6.740059541624627e-10;0.1;6.740059541624628e-11;5.0255969552422765e-09;;;;ORANGE;True
1787671573.0369503;10.546873825000148;Wi-Fi;Wi-Fi;2,4/5 GHz;wlan0;-36.0;;;;-36.0;2.5118864315095823e-07;0.1;2.5118864315095824e-08;1.3573246677932408e-06;;;;ROUGE;False
1787671573.0618412;10.57176530200013;BLE Sniffer;Appareil BLE;2,4 GHz BLE;62:ae:f9:af:07:b9;-72.0;;;;-72.0;6.309573444801942e-11;0.00028;1.7666805645445437e-14;7.822889318460677e-13;25;0x00;38;VERT;False
1787671573.061907;10.57182995400035;BLE Sniffer;Appareil BLE;2,4 GHz BLE;62:ae:f9:af:07:b9;-76.0;;;;-76.0;2.5118864315095823e-11;0.00028;7.03328200822683e-15;7.893222138542946e-13;25;0x00;39;VERT;False
1787671573.0631206;10.57304430000113;BLE Sniffer;Appareil BLE;2,4 GHz BLE;44:53:80:58:f1:a9;-89.0;;;;-89.0;1.258925411794166e-12;0.00019999999999999998;2.517850823588332e-16;2.517850823588332e-16;15;0x00;37;VERT;False
1787671573.1283755;10.638090493001073;Simulation RF;Détection RF large bande;868 MHz;868 MHz;;2363;1.9039921915391673;-32.15968766156669;-65.1596876615667;3.0481141977963487e-10;0.1;3.048114197796349e-11;2.090902886890401e-09;;;;ORANGE;True
1787671573.128543;10.638090493001073;Simulation RF;Détection RF large bande;2,45 GHz;2,45 GHz;;2718;2.190555638339633;-43.62222553358531;-60.32222553358531;9.284904617243107e-10;0.1;9.284904617243107e-11;5.118446001414708e-09;;;;ORANGE;True
1787671573.1374192;10.647343284999806;Wi-Fi;Wi-Fi;2,4/5 GHz;wlan0;-36.0;;;;-36.0;2.5118864315095823e-07;0.1;2.5118864315095824e-08;1.3824435321083366e-06;;;;ROUGE;False
1787671573.165604;10.675528723999378;BLE Sniffer;iBeacon;2,4 GHz BLE;5e:ef:5d:3b:83:a3;-64.0;;;;-64.0;3.9810717055349694e-10;0.000368;1.4650343876368688e-13;6.445042784375499e-12;36;0x00;38;ORANGE;False
1787671573.22845;10.73816937599986;Simulation RF;Détection RF large bande;868 MHz;868 MHz;;2379;1.9170004884821275;-32.6800195392851;-65.6800195392851;2.7039461987932044e-10;0.1;2.7039461987932046e-11;2.1179423488783333e-09;;;;ORANGE;True
1787671573.228595;10.73816937599986;Simulation RF;Détection RF large bande;2,45 GHz;2,45 GHz;;2760;2.2240752414355636;-44.963009657422546;-61.66300965742254;6.818659977589577e-10;0.1;6.818659977589577e-11;5.186632601190603e-09;;;;ORANGE;True
1787671573.2372165;10.747140560000844;Wi-Fi;Wi-Fi;2,4/5 GHz;wlan0;-36.0;;;;-36.0;2.5118864315095823e-07;0.1;2.5118864315095824e-08;1.4075623964234325e-06;;;;ROUGE;False
1787671573.2663255;10.77625042100044;BLE Sniffer;iBeacon;2,4 GHz BLE;5e:ef:5d:3b:83:a3;-68.0;;;;-68.0;1.584893192461111e-10;0.000368;5.832406948256888e-14;6.503366853858068e-12;36;0x00;39;ORANGE;False
1787671573.2664006;10.7763235729999;BLE Sniffer;Appareil BLE;2,4 GHz BLE;62:ae:f9:af:07:b9;-68.0;;;;-68.0;1.584893192461111e-10;0.00028;4.43770093889111e-14;8.336992232432056e-13;25;0x00;37;ORANGE;False
1787671573.267544;10.77746782199938;BLE Sniffer;Appareil BLE;2,4 GHz BLE;62:ae:f9:af:07:b9;-69.0;;;;-69.0;1.2589254117941662e-10;0.00028;3.524991153023665e-14;8.689491347734423e-13;25;0x00;38;ORANGE;False
1787671573.267601;10.777523935999852;BLE Sniffer;Appareil BLE;2,4 GHz BLE;62:ae:f9:af:07:b9;-78.0;;;;-78.0;1.5848931924611107e-11;0.00028;4.4377009388911094e-15;8.733868357123334e-13;25;0x00;39;VERT;False
1787671573.328544;10.838255074000699;Simulation RF;Détection RF large bande;868 MHz;868 MHz;;2326;1.8746995323418243;-30.987981293672966;-63.987981293672966;3.9921042195055317e-10;0.1;3.992104219505532e-11;2.1578633910733887e-09;;;;ORANGE;True
1787671573.3287055;10.838255074000699;Simulation RF;Détection RF large bande;2,45 GHz;2,45 GHz;;2783;2.2426468474293375;-45.70587389717349;-62.40587389717349;5.746621723892674e-10;0.1;5.746621723892674e-11;5.24409881842953e-09;;;;ORANGE;True
1787671573.3381505;10.848074916999394;Wi-Fi;Wi-Fi;2,4/5 GHz;wlan0;-36.0;;;;-36.0;2.5118864315095823e-07;0.1;2.5118864315095824e-08;1.4326812607385283e-06;;;;ROUGE;False
1787671573.370496;10.880419549999715;BLE Sniffer;Appareil BLE;2,4 GHz BLE;43:82:29:3f:d2:02;-94.0;;;;-94.0;3.981071705534969e-13;0.000328;1.30579151941547e-16;1.30579151941547e-16;31;0x00;37;VERT;False
1787671573.370598;10.88052144500034;Simulation LoRa;LoRa;868 MHz;LoRa 868.100 MHz;-88.7083210657356;;;;-88.7083210657356;1.3463807493140635e-12;0.046335999999999995;6.238589840021644e-14;6.308799805793096e-13;13;"SNR=8.03;SF=7;BW=125.0;CR=4/5;F=868.100;CRC=OK;PAYLOAD=54454d504f5f4c4f52415f3130";7;VERT;True
1787671573.4285388;10.938294065999798;Simulation RF;Détection RF large bande;868 MHz;868 MHz;;2301;1.8543324756651378;-30.173299026605513;-63.17329902660551;4.815818351419157e-10;0.1;4.815818351419157e-11;2.2060215745875804e-09;;;;ORANGE;True
1787671573.4286897;10.938294065999798;Simulation RF;Détection RF large bande;2,45 GHz;2,45 GHz;;2724;2.1948525702400747;-43.79410280960299;-60.494102809602985;8.924619704467923e-10;0.1;8.924619704467924e-11;5.33334501547421e-09;;;;ORANGE;True
1787671573.4372683;10.947192376001112;Wi-Fi;Wi-Fi;2,4/5 GHz;wlan0;-36.0;;;;-36.0;2.5118864315095823e-07;0.1;2.5118864315095824e-08;1.4578001250536241e-06;;;;ROUGE;False
1787671573.4729245;10.982849100999374;BLE Sniffer;iBeacon;2,4 GHz BLE;5e:ef:5d:3b:83:a3;-63.0;;;;-63.0;5.011872336272714e-10;0.000368;1.8443690197483588e-13;6.687803755832904e-12;36;0x00;38;ORANGE;False
1787671573.5301533;11.039621927000553;Simulation RF;Détection RF large bande;868 MHz;868 MHz;;2309;1.8606107373892744;-30.424429495570976;-63.424429495570976;4.545242411828339e-10;0.1;4.5452424118283395e-11;2.251473998705864e-09;;;;ORANGE;True
1787671573.5304174;11.039621927000553;Simulation RF;Détection RF large bande;2,45 GHz;2,45 GHz;;2752;2.217804300435496;-44.712172017419846;-61.41217201741984;7.22408418374142e-10;0.1;7.22408418374142e-11;5.405585857311624e-09;;;;ORANGE;True
1787671573.5402133;11.05013751200022;Wi-Fi;Wi-Fi;2,4/5 GHz;wlan0;-36.0;;;;-36.0;2.5118864315095823e-07;0.1;2.5118864315095824e-08;1.48291898936872e-06;;;;ROUGE;False
1787671573.5736454;11.08357050199993;BLE Sniffer;iBeacon;2,4 GHz BLE;5e:ef:5d:3b:83:a3;-72.0;;;;-72.0;6.309573444801942e-11;0.000368;2.3219230276871148e-14;6.711022986109775e-12;36;0x00;39;VERT;False
1787671573.5737202;11.083643154001038;BLE Sniffer;Appareil BLE;2,4 GHz BLE;62:ae:f9:af:07:b9;-68.0;;;;-68.0;1.584893192461111e-10;0.00028;4.43770093889111e-14;9.177638451012445e-13;25;0x00;37;ORANGE;False
1787671573.574662;11.084585614000389;BLE Sniffer;Appareil BLE;2,4 GHz BLE;62:ae:f9:af:07:b9;-69.0;;;;-69.0;1.2589254117941662e-10;0.00028;3.524991153023665e-14;9.53013756631481e-13;25;0x00;38;ORANGE;False
1787671573.5750356;11.084958764000476;BLE Sniffer;Appareil BLE;2,4 GHz BLE;62:ae:f9:af:07:b9;-77.0;;;;-77.0;1.9952623149688828e-11;0.00028;5.586734481912872e-15;9.58600491113394e-13;25;0x00;39;VERT;False
1787671573.6299505;11.139708828999574;Simulation RF;Détection RF large bande;868 MHz;868 MHz;;2339;1.8851359201567488;-31.405436806269947;-64.40543680626995;3.626238123021285e-10;0.1;3.6262381230212853e-11;2.2877363799360765e-09;;;;ORANGE;True
1787671573.6301;11.139708828999574;Simulation RF;Détection RF large bande;2,45 GHz;2,45 GHz;;2813;2.266699249900085;-46.66796999600339;-63.367969996003396;4.60471759617563e-10;0.1;4.60471759617563e-11;5.45163303327338e-09;;;;ORANGE;True
1787671573.638723;11.148646956000448;Wi-Fi;Wi-Fi;2,4/5 GHz;wlan0;-35.0;;;;-35.0;3.162277660168379e-07;0.1;3.162277660168379e-08;1.5145417659704038e-06;;;;ROUGE;False
1787671573.730068;11.239794675000667;Simulation RF;Détection RF large bande;868 MHz;868 MHz;;2408;1.9406897928863729;-33.62759171545491;-66.62759171545491;2.173906336639294e-10;0.1;2.173906336639294e-11;2.3094754433024695e-09;;;;ORANGE;True
1787671573.7302299;11.239794675000667;Simulation RF;Détection RF large bande;2,45 GHz;2,45 GHz;;2724;2.195198744659562;-43.80794978638248;-60.50794978638248;8.896209902479314e-10;0.1;8.896209902479315e-11;5.540595132298173e-09;;;;ORANGE;True
1787671573.7456923;11.255615926000246;Wi-Fi;Wi-Fi;2,4/5 GHz;wlan0;-35.0;;;;-35.0;3.162277660168379e-07;0.1;3.162277660168379e-08;1.5461645425720876e-06;;;;ROUGE;False
1787671573.779234;11.289158792000308;BLE Sniffer;iBeacon;2,4 GHz BLE;5e:ef:5d:3b:83:a3;-64.0;;;;-64.0;3.9810717055349694e-10;0.000368;1.4650343876368688e-13;6.857526424873462e-12;36;0x00;37;ORANGE;False
1787671573.7796347;11.2895578330008;BLE Sniffer;iBeacon;2,4 GHz BLE;5e:ef:5d:3b:83:a3;-62.0;;;;-62.0;6.309573444801942e-10;0.000368;2.321923027687115e-13;7.089718727642174e-12;36;0x00;38;ORANGE;False
1787671573.830125;11.33987035500104;Simulation RF;Détection RF large bande;868 MHz;868 MHz;;2346;1.890942056309105;-31.6376822523642;-64.6376822523642;3.4374134722279136e-10;0.1;3.437413472227914e-11;2.3438495780247487e-09;;;;ORANGE;True
1787671573.8302667;11.33987035500104;Simulation RF;Détection RF large bande;2,45 GHz;2,45 GHz;;2760;2.2239557298511166;-44.95822919404466;-61.658229194044665;6.826169697916838e-10;0.1;6.826169697916838e-11;5.608856829277342e-09;;;;ORANGE;True
1787671573.8388598;11.34878390599988;Wi-Fi;Wi-Fi;2,4/5 GHz;wlan0;-35.0;;;;-35.0;3.162277660168379e-07;0.1;3.162277660168379e-08;1.5777873191737714e-06;;;;ROUGE;False
1787671573.8806746;11.390599473999828;BLE Sniffer;iBeacon;2,4 GHz BLE;5e:ef:5d:3b:83:a3;-74.0;;;;-74.0;3.9810717055349695e-11;0.000368;1.4650343876368688e-14;7.1043690715185424e-12;36;0x00;39;VERT;False
1787671573.8807485;11.390671532999477;BLE Sniffer;Appareil BLE;2,4 GHz BLE;62:ae:f9:af:07:b9;-69.0;;;;-69.0;1.2589254117941662e-10;0.00028;3.524991153023665e-14;9.938504026436305e-13;25;0x00;37;ORANGE;False
1787671573.8819888;11.391913417000978;BLE Sniffer;Appareil BLE;2,4 GHz BLE;Appareil BLE;-68.0;;;;-68.0;1.584893192461111e-10;0.000168;2.6626205633346663e-14;2.6841751107521375e-14;11;0x0c;38;ORANGE;False
1787671573.8820467;11.391969661000985;BLE Sniffer;Appareil BLE;2,4 GHz BLE;62:ae:f9:af:07:b9;-81.0;;;;-81.0;7.943282347242821e-12;0.00028;2.22411905722799e-15;9.960745217008586e-13;25;0x00;39;VERT;False
1787671573.9301922;11.43995071900099;Simulation RF;Détection RF large bande;868 MHz;868 MHz;;2396;1.9311997081937038;-33.247988327748146;-66.24798832774815;2.3724723914368174e-10;0.1;2.3724723914368175e-11;2.367574301939117e-09;;;;ORANGE;True
1787671573.9303463;11.43995071900099;Simulation RF;Détection RF large bande;2,45 GHz;2,45 GHz;;2718;2.1901410697624897;-43.60564279049959;-60.30564279049958;9.320425104009607e-10;0.1;9.320425104009608e-11;5.702061080317438e-09;;;;ORANGE;True
1787671573.9430544;11.452978073999475;Wi-Fi;Wi-Fi;2,4/5 GHz;wlan0;-35.0;;;;-35.0;3.162277660168379e-07;0.1;3.162277660168379e-08;1.6094100957754552e-06;;;;ROUGE;False
1787671573.9837682;11.493692969001131;BLE Sniffer;Appareil BLE;2,4 GHz BLE;d3:23:2f:4d:3e:b1;-84.0;;;;-84.0;3.9810717055349695e-12;0.000376;1.4968829612811484e-15;1.0803413713751664e-13;37;0x00;37;VERT;False
1787671573.9848313;11.494755064999481;BLE Sniffer;Appareil BLE;2,4 GHz BLE;d3:a3:2f:4d:3e:b1;-72.0;;;;-72.0;6.309573444801942e-11;0.000376;2.3723996152455302e-14;2.3723996152455302e-14;37;0x00;38;VERT;False
1787671573.9853117;11.495235184000194;BLE Sniffer;Appareil BLE;2,4 GHz BLE;d3:23:2f:4d:3e:b1;-82.0;;;;-82.0;6.309573444801943e-12;0.000376;2.3723996152455303e-15;1.1040653675276217e-13;37;0x00;39;VERT;False
1787671573.985375;11.49529796600109;BLE Sniffer;Appareil BLE;2,4 GHz BLE;44:52:00:58:f1:a9;-87.0;;;;-87.0;1.9952623149688827e-12;0.00019999999999999998;3.9905246299377653e-16;1.1295114424570858e-15;15;0x00;37;VERT;False
1787671574.0302835;11.540029317000517;Simulation RF;Détection RF large bande;868 MHz;868 MHz;;2395;1.929945291269476;-33.19781165077903;-66.19781165077903;2.4000419619987136e-10;0.1;2.4000419619987137e-11;2.391574721559104e-09;;;;ORANGE;True
1787671574.0304282;11.540029317000517;Simulation RF;Détection RF large bande;2,45 GHz;2,45 GHz;;2794;2.2511907984512685;-46.04763193805074;-62.747631938050745;5.311739966227582e-10;0.1;5.311739966227582e-11;5.7551784799797145e-09;;;;ORANGE;True
1787671574.0389695;11.548893770999712;Wi-Fi;Wi-Fi;2,4/5 GHz;wlan0;-35.0;;;;-35.0;3.162277660168379e-07;0.1;3.162277660168379e-08;1.641032872377139e-06;;;;ROUGE;False
1787671574.0870807;11.59700615499969;BLE Sniffer;Appareil BLE;2,4 GHz BLE;62:ae:f9:af:07:b9;-67.0;;;;-67.0;1.9952623149688828e-10;0.00028;5.5867344819128714e-14;1.0519418665199872e-12;25;0x00;38;ORANGE;False
1787671574.0883834;11.598307374999422;BLE Sniffer;Appareil BLE;2,4 GHz BLE;62:ae:f9:af:07:b9;-77.0;;;;-77.0;1.9952623149688828e-11;0.00028;5.586734481912872e-15;1.0575286010019001e-12;25;0x00;39;VERT;False
1787671574.0884507;11.598373545999493;BLE Sniffer;iBeacon;2,4 GHz BLE;5e:ef:5d:3b:83:a3;-66.0;;;;-66.0;2.511886431509582e-10;0.000368;9.243742067955262e-14;7.196806492198095e-12;36;0x00;37;ORANGE;False
1787671574.1322432;11.64017172900094;Simulation RF;Détection RF large bande;868 MHz;868 MHz;;2386;1.9224948854037374;-32.89979541614949;-65.89979541614949;2.57051686969827e-10;0.1;2.57051686969827e-11;2.4172798902560867e-09;;;;ORANGE;True
1787671574.1453362;11.64017172900094;Simulation RF;Détection RF large bande;2,45 GHz;2,45 GHz;;2754;2.2194590730501584;-44.77836292200634;-61.47836292200634;7.114816569322485e-10;0.1;7.114816569322485e-11;5.826326645672939e-09;;;;ORANGE;True
1787671574.1585686;11.668493000001035;Wi-Fi;Wi-Fi;2,4/5 GHz;wlan0;-35.0;;;;-35.0;3.162277660168379e-07;0.1;3.162277660168379e-08;1.6726556489788227e-06;;;;ROUGE;False
1787671574.189904;11.699828586000876;BLE Sniffer;iBeacon;2,4 GHz BLE;5e:ef:5d:3b:83:a3;-63.0;;;;-63.0;5.011872336272714e-10;0.000368;1.8443690197483588e-13;7.381243394172931e-12;36;0x00;38;ORANGE;False
1787671574.1899822;11.699905183000737;BLE Sniffer;iBeacon;2,4 GHz BLE;5e:ef:5d:3b:83:a3;-72.0;;;;-72.0;6.309573444801942e-11;0.000368;2.3219230276871148e-14;7.404462624449802e-12;36;0x00;39;VERT;False
1787671574.2305067;11.740250860000742;Simulation RF;Détection RF large bande;868 MHz;868 MHz;;2340;1.885535556976536;-31.42142227906143;-64.42142227906143;3.612915232313971e-10;0.1;3.612915232313971e-11;2.4534090425792265e-09;;;;ORANGE;True
1787671574.2306533;11.740250860000742;Simulation RF;Détection RF large bande;2,45 GHz;2,45 GHz;;2737;2.2057799671106144;-44.23119868442457;-60.93119868442457;8.070122582415405e-10;0.1;8.070122582415406e-11;5.907027871497093e-09;;;;ORANGE;True
1787671574.2420378;11.751962471000297;Wi-Fi;Wi-Fi;2,4/5 GHz;wlan0;-35.0;;;;-35.0;3.162277660168379e-07;0.1;3.162277660168379e-08;1.7042784255805065e-06;;;;ROUGE;False
1787671574.292389;11.802313367999886;BLE Sniffer;Appareil BLE;2,4 GHz BLE;44:52:00:58:f1:a9;-86.0;;;;-86.0;2.5118864315095823e-12;0.00019999999999999998;5.023772863019164e-16;1.6318887287590023e-15;15;0x00;37;VERT;False
1787671574.2936914;11.803615254999386;BLE Sniffer;Appareil BLE;2,4 GHz BLE;44:52:00:58:f1:a9;-87.0;;;;-87.0;1.9952623149688827e-12;0.00019999999999999998;3.9905246299377653e-16;2.0309411917527787e-15;15;0x00;38;VERT;False
1787671574.293751;11.803674165999837;BLE Sniffer;Appareil BLE;2,4 GHz BLE;44:52:00:58:f1:a9;-87.0;;;;-87.0;1.9952623149688827e-12;0.00019999999999999998;3.9905246299377653e-16;2.429993654746555e-15;15;0x00;39;VERT;False
1787671574.330587;11.84033312000065;Simulation RF;Détection RF large bande;868 MHz;868 MHz;;2335;1.8814275657312725;-31.257102629250895;-64.2571026292509;3.752232468005058e-10;0.1;3.752232468005058e-11;2.490931367259277e-09;;;;ORANGE;True
1787671574.3307228;11.84033312000065;Simulation RF;Détection RF large bande;2,45 GHz;2,45 GHz;;2751;2.2170996174652564;-44.68398469861026;-61.38398469861026;7.271123649721034e-10;0.1;7.271123649721035e-11;5.9797391079943036e-09;;;;ORANGE;True
1787671574.3504128;11.860339413000474;Wi-Fi;Wi-Fi;2,4/5 GHz;wlan0;-35.0;;;;-35.0;3.162277660168379e-07;0.1;3.162277660168379e-08;1.7359012021821903e-06;;;;ROUGE;False
1787671574.395093;11.905017532999409;BLE Sniffer;Appareil BLE;2,4 GHz BLE;62:ae:f9:af:07:b9;-67.0;;;;-67.0;1.9952623149688828e-10;0.00028;5.5867344819128714e-14;1.1133959458210288e-12;25;0x00;37;ORANGE;False
1787671574.3951666;11.905089648000285;BLE Sniffer;Appareil BLE;2,4 GHz BLE;62:ae:f9:af:07:b9;-67.0;;;;-67.0;1.9952623149688828e-10;0.00028;5.5867344819128714e-14;1.1692632906401574e-12;25;0x00;38;ORANGE;False
1787671574.3961773;11.906101444999877;BLE Sniffer;Appareil BLE;2,4 GHz BLE;62:ae:f9:af:07:b9;-76.0;;;;-76.0;2.5118864315095823e-11;0.00028;7.03328200822683e-15;1.1762965726483843e-12;25;0x00;39;VERT;False
1787671574.396698;11.906622010999854;Simulation LoRa;LoRa;868 MHz;LoRa 868.100 MHz;-86.63524712672938;;;;-86.63524712672938;2.170077716052576e-12;0.046335999999999995;1.0055272105101215e-13;7.314327016303218e-13;13;"SNR=5.59;SF=7;BW=125.0;CR=4/5;F=868.100;CRC=OK;PAYLOAD=54454d504f5f4c4f52415f3131";7;VERT;True
1787671574.3967557;11.906678625000495;BLE Sniffer;iBeacon;2,4 GHz BLE;5e:ef:5d:3b:83:a3;-65.0;;;;-65.0;3.1622776601683795e-10;0.000368;1.1637181789419636e-13;7.520834442343998e-12;36;0x00;37;ORANGE;False
1787671574.4306643;11.940416751000157;Simulation RF;Détection RF large bande;868 MHz;868 MHz;;2387;1.9236577667879293;-32.94631067151717;-65.94631067151717;2.5431321771298767e-10;0.1;2.5431321771298768e-11;2.5163626890305757e-09;;;;ORANGE;True
1787671574.4308074;11.940416751000157;Simulation RF;Détection RF large bande;2,45 GHz;2,45 GHz;;2738;2.206376779042161;-44.255071161686445;-60.95507116168644;8.025884098852056e-10;0.1;8.025884098852057e-11;6.059997948982824e-09;;;;ORANGE;True
1787671574.4391468;11.949070934000702;Wi-Fi;Wi-Fi;2,4/5 GHz;wlan0;-34.0;;;;-34.0;3.981071705534969e-07;0.1;3.9810717055349696e-08;1.77571191923754e-06;;;;ROUGE;False
1787671574.4987767;12.008702567;BLE Sniffer;iBeacon;2,4 GHz BLE;5e:ef:5d:3b:83:a3;-62.0;;;;-62.0;6.309573444801942e-10;0.000368;2.321923027687115e-13;7.75302674511271e-12;36;0x00;38;ORANGE;False
1787671574.4998114;12.009735327999806;BLE Sniffer;iBeacon;2,4 GHz BLE;5e:ef:5d:3b:83:a3;-70.0;;;;-70.0;1e-10;0.000368;3.68e-14;7.78982674511271e-12;36;0x00;39;ORANGE;False
1787671574.5002177;12.010140758000489;BLE Sniffer;Appareil BLE;2,4 GHz BLE;44:52:00:58:f1:a9;-85.0;;;;-85.0;3.1622776601683794e-12;0.00019999999999999998;6.324555320336759e-16;3.062449186780231e-15;15;0x00;37;VERT;False
1787671574.5307333;12.040498714999558;Simulation RF;Détection RF large bande;868 MHz;868 MHz;;2326;1.8744931523283113;-30.97972609313245;-63.97972609313245;3.999699748267575e-10;0.1;3.9996997482675755e-11;2.5563596865132514e-09;;;;ORANGE;True
1787671574.530883;12.040498714999558;Simulation RF;Détection RF large bande;2,45 GHz;2,45 GHz;;2685;2.1633631735259704;-42.53452694103882;-59.23452694103882;1.192744179455241e-09;0.1;1.192744179455241e-10;6.179272366928348e-09;;;;ORANGE;True
1787671574.5433643;12.053288868000891;Wi-Fi;Wi-Fi;2,4/5 GHz;wlan0;-34.0;;;;-34.0;3.981071705534969e-07;0.1;3.9810717055349696e-08;1.8155226362928896e-06;;;;ROUGE;False
1787671574.603025;12.112949651000235;BLE Sniffer;Appareil BLE;2,4 GHz BLE;62:ae:f9:af:07:b9;-70.0;;;;-70.0;1e-10;0.00028;2.7999999999999997e-14;1.2042965726483844e-12;25;0x00;38;ORANGE;False
1787671574.6308215;12.140583976000926;Simulation RF;Détection RF large bande;868 MHz;868 MHz;;2341;1.8862543062964034;-31.45017225185613;-64.45017225185613;3.5890769920201126e-10;0.1;3.589076992020113e-11;2.5922504564334524e-09;;;;ORANGE;True
1787671574.630958;12.140583976000926;Simulation RF;Détection RF large bande;2,45 GHz;2,45 GHz;;2774;2.235596287150688;-45.423851486027516;-62.12385148602752;6.132179393293452e-10;0.1;6.132179393293453e-11;6.2405941608612826e-09;;;;ORANGE;True
1787671574.638928;12.148852100001022;Wi-Fi;Wi-Fi;2,4/5 GHz;wlan0;-34.0;;;;-34.0;3.981071705534969e-07;0.1;3.9810717055349696e-08;1.8553333533482392e-06;;;;ROUGE;False
1787671574.7038093;12.213734782999381;BLE Sniffer;Appareil BLE;2,4 GHz BLE;62:ae:f9:af:07:b9;-75.0;;;;-75.0;3.1622776601683794e-11;0.00028;8.854377448471461e-15;1.2131509500968557e-12;25;0x00;39;VERT;False
1787671574.7058296;12.215757080000913;BLE Sniffer;iBeacon;2,4 GHz BLE;5e:ef:5d:3b:83:a3;-65.0;;;;-65.0;3.1622776601683795e-10;0.000368;1.1637181789419636e-13;7.906198563006906e-12;36;0x00;37;ORANGE;False
1787671574.706001;12.215924571000869;BLE Sniffer;iBeacon;2,4 GHz BLE;5e:ef:5d:3b:83:a3;-62.0;;;;-62.0;6.309573444801942e-10;0.000368;2.321923027687115e-13;8.138390865775618e-12;36;0x00;38;ORANGE;False
1787671574.706047;12.215969869999753;BLE Sniffer;iBeacon;2,4 GHz BLE;5e:ef:5d:3b:83:a3;-70.0;;;;-70.0;1e-10;0.000368;3.68e-14;8.175190865775618e-12;36;0x00;39;ORANGE;False
1787671574.730917;12.240668422000454;Simulation RF;Détection RF large bande;868 MHz;868 MHz;;2407;1.9395397243154222;-33.581588972616885;-66.58158897261688;2.1970558790666993e-10;0.1;2.1970558790666994e-11;2.6142210152241194e-09;;;;ORANGE;True
1787671574.7310944;12.240668422000454;Simulation RF;Détection RF large bande;2,45 GHz;2,45 GHz;;2764;2.227014679560374;-45.080587182414945;-61.78058718241495;6.636533359177343e-10;0.1;6.636533359177344e-11;6.306959494453056e-09;;;;ORANGE;True
1787671574.7398143;12.249738645999969;Wi-Fi;Wi-Fi;2,4/5 GHz;wlan0;-34.0;;;;-34.0;3.981071705534969e-07;0.1;3.9810717055349696e-08;1.8951440704035888e-06;;;;ROUGE;False
1787671574.8096285;12.319553121000354;BLE Sniffer;Appareil BLE;2,4 GHz BLE;44:52:00:58:f1:a9;-87.0;;;;-87.0;1.9952623149688827e-12;0.00019999999999999998;3.9905246299377653e-16;3.4615016497740076e-15;15;0x00;37;VERT;False
1787671574.8101077;12.32003157300096;BLE Sniffer;Appareil BLE;2,4 GHz BLE;44:52:00:58:f1:a9;-84.0;;;;-84.0;3.9810717055349695e-12;0.00019999999999999998;7.962143411069938e-16;4.2577159908810015e-15;15;0x00;38;VERT;False
1787671574.8101718;12.320095299000968;BLE Sniffer;Appareil BLE;2,4 GHz BLE;62:82:29:3f:d2:02;-90.0;;;;-90.0;1e-12;0.000328;3.28e-16;9.053169476982315e-16;31;0x00;39;VERT;False
1787671574.8309865;12.340752201000214;Simulation RF;Détection RF large bande;868 MHz;868 MHz;;2352;1.895447598697717;-31.817903947908675;-64.81790394790868;3.297688313703033e-10;0.1;3.2976883137030336e-11;2.6471978983611495e-09;;;;ORANGE;True
1787671574.8311517;12.340752201000214;Simulation RF;Détection RF large bande;2,45 GHz;2,45 GHz;;2705;2.1798295244152786;-43.19318097661113;-59.893180976611134;1.0249009656970627e-09;0.1;1.0249009656970628e-10;6.4094495910227626e-09;;;;ORANGE;True
1787671574.8398182;12.349742717000481;Wi-Fi;Wi-Fi;2,4/5 GHz;wlan0;-34.0;;;;-34.0;3.981071705534969e-07;0.1;3.9810717055349696e-08;1.9349547874589386e-06;;;;ROUGE;False
1787671574.9128683;12.422793277999517;BLE Sniffer;Appareil BLE;2,4 GHz BLE;62:ae:f9:af:07:b9;-69.0;;;;-69.0;1.2589254117941662e-10;0.00028;3.524991153023665e-14;1.2484008616270923e-12;25;0x00;37;ORANGE;False
1787671574.913378;12.423301232000085;BLE Sniffer;Appareil BLE;2,4 GHz BLE;62:ae:f9:af:07:b9;-71.0;;;;-71.0;7.943282347242822e-11;0.00028;2.22411905722799e-14;1.2706420521993722e-12;25;0x00;38;VERT;False
1787671574.9134316;12.423354439000832;BLE Sniffer;Appareil BLE;2,4 GHz BLE;62:ae:f9:af:07:b9;-75.0;;;;-75.0;3.1622776601683794e-11;0.00028;8.854377448471461e-15;1.2794964296478436e-12;25;0x00;39;VERT;False
1787671574.9310863;12.440832258000228;Simulation RF;Détection RF large bande;868 MHz;868 MHz;;2393;1.9285692596638135;-33.14277038655254;-66.14277038655254;2.430652988540782e-10;0.1;2.4306529885407818e-11;2.6715044282465572e-09;;;;ORANGE;True
1787671574.9312303;12.440832258000228;Simulation RF;Détection RF large bande;2,45 GHz;2,45 GHz;;2729;2.1992678551142304;-43.970714204569205;-60.6707142045692;8.568969155057591e-10;0.1;8.568969155057591e-11;6.495139282573339e-09;;;;ORANGE;True
1787671574.9397566;12.449680470001113;Wi-Fi;Wi-Fi;2,4/5 GHz;wlan0;-34.0;;;;-34.0;3.981071705534969e-07;0.1;3.9810717055349696e-08;1.9747655045142883e-06;;;;ROUGE;False
1787671575.0149033;12.524828142999468;BLE Sniffer;iBeacon;2,4 GHz BLE;5e:ef:5d:3b:83:a3;-66.0;;;;-66.0;2.511886431509582e-10;0.000368;9.243742067955262e-14;8.26762828645517e-12;36;0x00;37;ORANGE;False
1787671575.0164156;12.52633974499986;BLE Sniffer;iBeacon;2,4 GHz BLE;5e:ef:5d:3b:83:a3;-63.0;;;;-63.0;5.011872336272714e-10;0.000368;1.8443690197483588e-13;8.452065188430005e-12;36;0x00;38;ORANGE;False
1787671575.016506;12.526428786999531;BLE Sniffer;iBeacon;2,4 GHz BLE;5e:ef:5d:3b:83:a3;-70.0;;;;-70.0;1e-10;0.000368;3.68e-14;8.488865188430005e-12;36;0x00;39;ORANGE;False
1787671575.0165484;12.526471233999473;BLE Sniffer;Appareil BLE;2,4 GHz BLE;44:52:00:58:f1:a9;-87.0;;;;-87.0;1.9952623149688827e-12;0.00019999999999999998;3.9905246299377653e-16;4.656768453874778e-15;15;0x00;37;VERT;False
1787671575.031118;12.540910862000601;Simulation RF;Détection RF large bande;868 MHz;868 MHz;;2307;1.8591131237884353;-30.364524951537412;-63.36452495153741;4.608371741242482e-10;0.1;4.608371741242482e-11;2.717588145658982e-09;;;;ORANGE;True
1787671575.031265;12.540910862000601;Simulation RF;Détection RF large bande;2,45 GHz;2,45 GHz;;2687;2.165005528482573;-42.60022113930292;-59.30022113930291;1.1748377316117123e-09;0.1;1.1748377316117122e-10;6.61262305573451e-09;;;;ORANGE;True
1787671575.039871;12.54979511000056;Wi-Fi;Wi-Fi;2,4/5 GHz;wlan0;-34.0;;;;-34.0;3.981071705534969e-07;0.1;3.9810717055349696e-08;2.014576221569638e-06;;;;ROUGE;False
1787671575.119741;12.62966546899952;BLE Sniffer;Appareil BLE;2,4 GHz BLE;63:ae:f9:af:07:b9;-71.0;;;;-71.0;7.943282347242822e-11;0.00028;2.22411905722799e-14;2.22411905722799e-14;25;0x00;38;VERT;False
1787671575.1311903;12.640989944000466;Simulation RF;Détection RF large bande;868 MHz;868 MHz;;2363;1.9045809487066352;-32.1832379482654;-65.1832379482654;3.0316300636974726e-10;0.1;3.031630063697473e-11;2.7479044462959565e-09;;;;ORANGE;True
1787671575.1313336;12.640989944000466;Simulation RF;Détection RF large bande;2,45 GHz;2,45 GHz;;2807;2.2617590914770207;-46.47036365908082;-63.17036365908082;4.819074431277413e-10;0.1;4.8190744312774134e-11;6.660813800047284e-09;;;;ORANGE;True
1787671575.1399684;12.649893396999687;Wi-Fi;Wi-Fi;2,4/5 GHz;wlan0;-34.0;;;;-34.0;3.981071705534969e-07;0.1;3.9810717055349696e-08;2.0543869386249875e-06;;;;ROUGE;False
1787671575.221567;12.731491110000206;BLE Sniffer;Appareil BLE;2,4 GHz BLE;62:ae:f9:af:07:b9;-75.0;;;;-75.0;3.1622776601683794e-11;0.00028;8.854377448471461e-15;1.288350807096315e-12;25;0x00;39;VERT;False
1787671575.222027;12.731951321000452;BLE Sniffer;iBeacon;2,4 GHz BLE;5e:ef:5d:3b:83:a3;-67.0;;;;-67.0;1.9952623149688828e-10;0.000368;7.342565319085489e-14;8.56229084162086e-12;36;0x00;37;ORANGE;False
1787671575.231319;12.741065693000564;Simulation RF;Détection RF large bande;868 MHz;868 MHz;;2381;1.9185900472364352;-32.74360188945741;-65.74360188945741;2.6646477803685124e-10;0.1;2.6646477803685124e-11;2.7745509240996416e-09;;;;ORANGE;True
1787671575.2314625;12.741065693000564;Simulation RF;Détection RF large bande;2,45 GHz;2,45 GHz;;2751;2.216676037148278;-44.66704148593111;-61.36704148593111;7.299546028129316e-10;0.1;7.299546028129316e-11;6.733809260328577e-09;;;;ORANGE;True
1787671575.239954;12.749877844000366;Wi-Fi;Wi-Fi;2,4/5 GHz;wlan0;-34.0;;;;-34.0;3.981071705534969e-07;0.1;3.9810717055349696e-08;2.094197655680337e-06;;;;ROUGE;False
1787671575.3231523;12.833077237999532;BLE Sniffer;iBeacon;2,4 GHz BLE;5e:ef:5d:3b:83:a3;-63.0;;;;-63.0;5.011872336272714e-10;0.000368;1.8443690197483588e-13;8.746727743595696e-12;36;0x00;38;ORANGE;False
1787671575.3246188;12.834542856000553;BLE Sniffer;iBeacon;2,4 GHz BLE;5e:ef:5d:3b:83:a3;-69.0;;;;-69.0;1.2589254117941662e-10;0.000368;4.6328455154025316e-14;8.793056198749722e-12;36;0x00;39;ORANGE;False
1787671575.3246863;12.83460939699944;BLE Sniffer;Appareil BLE;2,4 GHz BLE;4c:52:10:58:f1:a9;-89.0;;;;-89.0;1.258925411794166e-12;0.00019999999999999998;2.517850823588332e-16;2.517850823588332e-16;15;0x00;37;VERT;False
1787671575.3313553;12.841146331000346;Simulation RF;Détection RF large bande;868 MHz;868 MHz;;2406;1.93872740630334;-33.549096252133594;-66.5490962521336;2.213555292878889e-10;0.1;2.2135552928788893e-11;2.7966864770284304e-09;;;;ORANGE;True
1787671575.3315003;12.841146331000346;Simulation RF;Détection RF large bande;2,45 GHz;2,45 GHz;;2735;2.203932099256401;-44.15728397025603;-60.85728397025603;8.208647435868613e-10;0.1;8.208647435868613e-11;6.815895734687263e-09;;;;ORANGE;True
1787671575.3400016;12.849925758000609;Wi-Fi;Wi-Fi;2,4/5 GHz;wlan0;-34.0;;;;-34.0;3.981071705534969e-07;0.1;3.9810717055349696e-08;2.1340083727356868e-06;;;;ROUGE;False
1787671575.4279933;12.937917712000853;Simulation LoRa;LoRa;868 MHz;LoRa 868.100 MHz;-90.04680243482623;;;;-90.04680243482623;9.892812012806716e-13;0.046335999999999995;4.583933374254119e-14;7.77272035372863e-13;13;"SNR=6.18;SF=7;BW=125.0;CR=4/5;F=868.100;CRC=OK;PAYLOAD=54454d504f5f4c4f52415f3132";7;VERT;True
1787671575.4314587;12.941229912999916;Simulation RF;Détection RF large bande;868 MHz;868 MHz;;2390;1.9258110426925552;-33.032441707702205;-66.0324417077022;2.4931926001695e-10;0.1;2.4931926001695e-11;2.8216184030301255e-09;;;;ORANGE;True
1787671575.4316175;12.941229912999916;Simulation RF;Détection RF large bande;2,45 GHz;2,45 GHz;;2776;2.2372011259466276;-45.488045037865106;-62.18804503786511;6.042205560377299e-10;0.1;6.0422055603773e-11;6.8763177902910364e-09;;;;ORANGE;True
1787671575.4400885;12.950013267000031;Wi-Fi;Wi-Fi;2,4/5 GHz;wlan0;-34.0;;;;-34.0;3.981071705534969e-07;0.1;3.9810717055349696e-08;2.1738190897910364e-06;;;;ROUGE;False
1787671575.5303824;13.04030638400036;BLE Sniffer;iBeacon;2,4 GHz BLE;5e:ef:5d:3b:83:a3;-63.0;;;;-63.0;5.011872336272714e-10;0.000368;1.8443690197483588e-13;8.977493100724558e-12;36;0x00;38;ORANGE;False
1787671575.5304546;13.040377666000495;BLE Sniffer;iBeacon;2,4 GHz BLE;5e:ef:5d:3b:83:a3;-69.0;;;;-69.0;1.2589254117941662e-10;0.000368;4.6328455154025316e-14;9.023821555878584e-12;36;0x00;39;ORANGE;False
1787671575.530495;13.04041785300069;BLE Sniffer;Appareil BLE;2,4 GHz BLE;46:52:00:58:f1:a9;-88.0;;;;-88.0;1.584893192461111e-12;0.00019999999999999998;3.1697863849222217e-16;3.1697863849222217e-16;15;0x00;37;VERT;False
1787671575.5319417;13.04132451499936;Simulation RF;Détection RF large bande;868 MHz;868 MHz;;2382;1.91928640221505;-32.771456088601994;-65.771456088602;2.6476123068225353e-10;0.1;2.6476123068225353e-11;2.8480945260983507e-09;;;;ORANGE;True
1787671575.5320635;13.04132451499936;Simulation RF;Détection RF large bande;2,45 GHz;2,45 GHz;;2745;2.2119712588928633;-44.47885035571453;-61.17885035571453;7.622807707630888e-10;0.1;7.622807707630888e-11;6.9525458673673454e-09;;;;ORANGE;True
1787671575.5406811;13.05060561800019;Wi-Fi;Wi-Fi;2,4/5 GHz;wlan0;-33.0;;;;-33.0;5.011872336272725e-07;0.1;5.011872336272725e-08;2.2239378131537634e-06;;;;ROUGE;False
1787671575.6316805;13.141412893000961;Simulation RF;Détection RF large bande;868 MHz;868 MHz;;2367;1.907182015108889;-32.28728060435556;-65.28728060435556;2.959865247443835e-10;0.1;2.9598652474438356e-11;2.877693178572789e-09;;;;ORANGE;True
1787671575.6318405;13.141412893000961;Simulation RF;Détection RF large bande;2,45 GHz;2,45 GHz;;2727;2.197533694838851;-43.90134779355404;-60.601347793554034;8.706933362391406e-10;0.1;8.706933362391407e-11;7.03961520099126e-09;;;;ORANGE;True
1787671575.6424165;13.152340476000973;Wi-Fi;Wi-Fi;2,4/5 GHz;wlan0;-33.0;;;;-33.0;5.011872336272725e-07;0.1;5.011872336272725e-08;2.274056536516491e-06;;;;ROUGE;False
1787671575.7317536;13.241492068000298;Simulation RF;Détection RF large bande;868 MHz;868 MHz;;2446;1.971208050358321;-34.84832201433284;-67.84832201433284;1.641223771126134e-10;0.1;1.641223771126134e-11;2.8941054162840502e-09;;;;ORANGE;True
1787671575.7319016;13.241492068000298;Simulation RF;Détection RF large bande;2,45 GHz;2,45 GHz;;2712;2.1851533384973414;-43.406133539893645;-60.10613353989365;9.758580432058224e-10;0.1;9.758580432058224e-11;7.137201005311842e-09;;;;ORANGE;True
1787671575.7353873;13.245312259999992;BLE Sniffer;Appareil BLE;2,4 GHz BLE;62:ae:f9:af:07:b9;-71.0;;;;-71.0;7.943282347242822e-11;0.00028;2.22411905722799e-14;1.3105919976685948e-12;25;0x00;38;VERT;False
1787671575.7354648;13.24538772699998;BLE Sniffer;Appareil BLE;2,4 GHz BLE;62:ae:f9:af:07:b9;-75.0;;;;-75.0;3.1622776601683794e-11;0.00028;8.854377448471461e-15;1.3194463751170662e-12;25;0x00;39;VERT;False
1787671575.7406647;13.250588975999563;Wi-Fi;Wi-Fi;2,4/5 GHz;wlan0;-33.0;;;;-33.0;5.011872336272725e-07;0.1;5.011872336272725e-08;2.3241752598792184e-06;;;;ROUGE;False
1787671575.831855;13.341577798999424;Simulation RF;Détection RF large bande;868 MHz;868 MHz;;2404;1.9369613031713735;-33.47845212685493;-66.47845212685493;2.2498563364179152e-10;0.1;2.2498563364179155e-11;2.9166039796482294e-09;;;;ORANGE;True
1787671575.8322308;13.341577798999424;Simulation RF;Détection RF large bande;2,45 GHz;2,45 GHz;;2753;2.2184545073989175;-44.738180295956695;-61.4381802959567;7.18095111777161e-10;0.1;7.18095111777161e-11;7.209010516489558e-09;;;;ORANGE;True
1787671575.8382344;13.348159123999721;BLE Sniffer;iBeacon;2,4 GHz BLE;5e:ef:5d:3b:83:a3;-66.0;;;;-66.0;2.511886431509582e-10;0.000368;9.243742067955262e-14;9.116258976558136e-12;36;0x00;37;ORANGE;False
1787671575.8383157;13.348238739999942;BLE Sniffer;iBeacon;2,4 GHz BLE;5e:ef:5d:3b:83:a3;-62.0;;;;-62.0;6.309573444801942e-10;0.000368;2.321923027687115e-13;9.348451279326848e-12;36;0x00;38;ORANGE;False
1787671575.8383567;13.348279630999969;BLE Sniffer;iBeacon;2,4 GHz BLE;5e:ef:5d:3b:83:a3;-68.0;;;;-68.0;1.584893192461111e-10;0.000368;5.832406948256888e-14;9.406775348809417e-12;36;0x00;39;ORANGE;False
1787671575.838396;13.348319132999677;BLE Sniffer;Appareil BLE;2,4 GHz BLE;44:52:00:58:f1:a9;-87.0;;;;-87.0;1.9952623149688827e-12;0.00019999999999999998;3.9905246299377653e-16;5.055820916868554e-15;15;0x00;37;VERT;False
1787671575.8425968;13.352521049000643;Wi-Fi;Wi-Fi;2,4/5 GHz;wlan0;-33.0;;;;-33.0;5.011872336272725e-07;0.1;5.011872336272725e-08;2.374293983241946e-06;;;;ROUGE;False
1787671575.931918;13.441660807000517;Simulation RF;Détection RF large bande;868 MHz;868 MHz;;2449;1.9738737994088351;-34.9549519763534;-67.9549519763534;1.6014183564956685e-10;0.1;1.6014183564956687e-11;2.9326181632131862e-09;;;;ORANGE;True
1787671575.9320567;13.441660807000517;Simulation RF;Détection RF large bande;2,45 GHz;2,45 GHz;;2772;2.2340618631987232;-45.36247452794892;-62.06247452794892;6.219458112136017e-10;0.1;6.219458112136017e-11;7.271205097610918e-09;;;;ORANGE;True
1787671575.9406607;13.450584817001072;Wi-Fi;Wi-Fi;2,4/5 GHz;wlan0;-33.0;;;;-33.0;5.011872336272725e-07;0.1;5.011872336272725e-08;2.4244127066046733e-06;;;;ROUGE;False
1787671575.9423447;13.452269317000173;BLE Sniffer;Appareil BLE;2,4 GHz BLE;62:ae:f9:af:07:b9;-71.0;;;;-71.0;7.943282347242822e-11;0.00028;2.22411905722799e-14;1.341687565689346e-12;25;0x00;38;VERT;False
1787671576.032011;13.541746344000785;Simulation RF;Détection RF large bande;868 MHz;868 MHz;;2348;1.8919657900030449;-31.67863160012179;-64.67863160012179;3.405154643586817e-10;0.1;3.405154643586817e-11;2.9666697096490544e-09;;;;ORANGE;True
1787671576.0321648;13.541746344000785;Simulation RF;Détection RF large bande;2,45 GHz;2,45 GHz;;2686;2.1645676312730333;-42.58270525092132;-59.28270525092132;1.1795856345555519e-09;0.1;1.179585634555552e-10;7.389163661066473e-09;;;;ORANGE;True
1787671576.0408397;13.550763671000823;Wi-Fi;Wi-Fi;2,4/5 GHz;wlan0;-33.0;;;;-33.0;5.011872336272725e-07;0.1;5.011872336272725e-08;2.4745314299674007e-06;;;;ROUGE;False
1787671576.0443048;13.55422813900077;BLE Sniffer;Appareil BLE;2,4 GHz BLE;62:ae:f9:af:07:b9;-75.0;;;;-75.0;3.1622776601683794e-11;0.00028;8.854377448471461e-15;1.3505419431378174e-12;25;0x00;39;VERT;False
1787671576.0443742;13.554297291000694;BLE Sniffer;Appareil BLE;2,4 GHz BLE;44:52:00:58:f1:a9;-87.0;;;;-87.0;1.9952623149688827e-12;0.00019999999999999998;3.9905246299377653e-16;5.454873379862331e-15;15;0x00;37;VERT;False
1787671576.1320803;13.641830174999996;Simulation RF;Détection RF large bande;868 MHz;868 MHz;;2395;1.9296622726444157;-33.18649090577662;-66.18649090577662;2.40630630734587e-10;0.1;2.40630630734587e-11;2.990732772722513e-09;;;;ORANGE;True
1787671576.132222;13.641830174999996;Simulation RF;Détection RF large bande;2,45 GHz;2,45 GHz;;2760;2.2245193285131966;-44.98077314052786;-61.68077314052786;6.790827300641461e-10;0.1;6.790827300641461e-11;7.457071934072888e-09;;;;ORANGE;True
1787671576.1407158;13.650639935000072;Wi-Fi;Wi-Fi;2,4/5 GHz;wlan0;-33.0;;;;-33.0;5.011872336272725e-07;0.1;5.011872336272725e-08;2.524650153330128e-06;;;;ROUGE;False
1787671576.146873;13.656796235000002;BLE Sniffer;iBeacon;2,4 GHz BLE;5e:ef:5d:3b:83:a3;-62.0;;;;-62.0;6.309573444801942e-10;0.000368;2.321923027687115e-13;9.638967651578128e-12;36;0x00;38;ORANGE;False
1787671576.1469233;13.65684625600079;BLE Sniffer;iBeacon;2,4 GHz BLE;5e:ef:5d:3b:83:a3;-70.0;;;;-70.0;1e-10;0.000368;3.68e-14;9.675767651578128e-12;36;0x00;39;ORANGE;False
1787671576.2321718;13.741913875999671;Simulation RF;Détection RF large bande;868 MHz;868 MHz;;2440;1.965978006876116;-34.63912027504463;-67.63912027504463;1.7222173991704906e-10;0.1;1.7222173991704908e-11;3.007954946714218e-09;;;;ORANGE;True
1787671576.2323146;13.741913875999671;Simulation RF;Détection RF large bande;2,45 GHz;2,45 GHz;;2752;2.217578684104322;-44.70314736417288;-61.403147364172874;7.239111461776775e-10;0.1;7.239111461776775e-11;7.529463048690656e-09;;;;ORANGE;True
1787671576.2409859;13.750910201000806;Wi-Fi;Wi-Fi;2,4/5 GHz;wlan0;-33.0;;;;-33.0;5.011872336272725e-07;0.1;5.011872336272725e-08;2.5747688766928557e-06;;;;ROUGE;False
1787671576.2494893;13.759413093001058;BLE Sniffer;Appareil BLE;2,4 GHz BLE;62:ae:f9:af:07:b9;-70.0;;;;-70.0;1e-10;0.00028;2.7999999999999997e-14;1.3785419431378175e-12;25;0x00;37;ORANGE;False
1787671576.3322418;13.841989927999748;Simulation RF;Détection RF large bande;868 MHz;868 MHz;;2489;2.005572338500373;-36.22289354001491;-69.22289354001491;1.1959434538763146e-10;0.1;1.1959434538763147e-11;3.0199143812529808e-09;;;;ORANGE;True
1787671576.3323932;13.841989927999748;Simulation RF;Détection RF large bande;2,45 GHz;2,45 GHz;;2674;2.154596086646335;-42.1838434658534;-58.883843465853396;1.2930509968062589e-09;0.1;1.2930509968062588e-10;7.658768148371282e-09;;;;ORANGE;True
1787671576.3409061;13.85083078200114;Wi-Fi;Wi-Fi;2,4/5 GHz;wlan0;-33.0;;;;-33.0;5.011872336272725e-07;0.1;5.011872336272725e-08;2.624887600055583e-06;;;;ROUGE;False
1787671576.3518863;13.861811568000121;BLE Sniffer;Appareil BLE;2,4 GHz BLE;62:4e:69:af:37:b9;-71.0;;;;-71.0;7.943282347242822e-11;0.000296;2.351211574783875e-14;2.351211574783875e-14;27;0x00;38;VERT;False
1787671576.351952;13.861875108999811;BLE Sniffer;Appareil BLE;2,4 GHz BLE;62:ae:f9:af:07:b9;-76.0;;;;-76.0;2.5118864315095823e-11;0.00028;7.03328200822683e-15;1.3855752251460443e-12;25;0x00;39;VERT;False
1787671576.351991;13.861914147999414;BLE Sniffer;Appareil BLE;2,4 GHz BLE;44:52:00:58:f1:a9;-86.0;;;;-86.0;2.5118864315095823e-12;0.00019999999999999998;5.023772863019164e-16;5.957250666164247e-15;15;0x00;37;VERT;False
1787671576.3535368;13.863460955000846;BLE Sniffer;iBeacon;2,4 GHz BLE;5e:ef:5d:3b:83:a3;-63.0;;;;-63.0;5.011872336272714e-10;0.000368;1.8443690197483588e-13;9.860204553552964e-12;36;0x00;38;ORANGE;False
1787671576.432369;13.942075795001074;Simulation RF;Détection RF large bande;868 MHz;868 MHz;;2442;1.9676215726010935;-34.704862904043736;-67.70486290404374;1.6963431507451362e-10;0.1;1.696343150745136e-11;3.0368778127604323e-09;;;;ORANGE;True
1787671576.4325268;13.942075795001074;Simulation RF;Détection RF large bande;2,45 GHz;2,45 GHz;;2799;2.2557548127597697;-46.23019251039078;-62.930192510390775;5.093082943688025e-10;0.1;5.0930829436880254e-11;7.709698977808163e-09;;;;ORANGE;True
1787671576.441116;13.951040285999625;Wi-Fi;Wi-Fi;2,4/5 GHz;wlan0;-33.0;;;;-33.0;5.011872336272725e-07;0.1;5.011872336272725e-08;2.6750063234183106e-06;;;;ROUGE;False
1787671576.4554799;13.965403849999348;Simulation LoRa;LoRa;868 MHz;LoRa 868.100 MHz;-88.84604282052909;;;;-88.84604282052909;1.304354731593035e-12;0.046335999999999995;6.043858084309486e-14;8.377106162159579e-13;13;"SNR=7.70;SF=7;BW=125.0;CR=4/5;F=868.100;CRC=OK;PAYLOAD=54454d504f5f4c4f52415f3133";7;VERT;True
1787671576.455544;13.965467260999503;BLE Sniffer;iBeacon;2,4 GHz BLE;5e:ef:5d:3b:83:a3;-70.0;;;;-70.0;1e-10;0.000368;3.68e-14;9.897004553552964e-12;36;0x00;39;ORANGE;False
1787671576.5324204;14.042152866000833;Simulation RF;Détection RF large bande;868 MHz;868 MHz;;2437;1.963722538359881;-34.54890153439524;-67.54890153439524;1.75836830366443e-10;0.1;1.75836830366443e-11;3.0544614957970766e-09;;;;ORANGE;True
1787671576.5325358;14.042152866000833;Simulation RF;Détection RF large bande;2,45 GHz;2,45 GHz;;2721;2.1930631973457424;-43.72252789382969;-60.422527893829695;9.072922696880547e-10;0.1;9.072922696880547e-11;7.800428204776968e-09;;;;ORANGE;True
1787671576.5424597;14.05238400000053;Wi-Fi;Wi-Fi;2,4/5 GHz;wlan0;-33.0;;;;-33.0;5.011872336272725e-07;0.1;5.011872336272725e-08;2.725125046781038e-06;;;;ROUGE;False
1787671576.558211;14.068135602999973;BLE Sniffer;Appareil BLE;2,4 GHz BLE;62:ae:f9:af:07:b9;-70.0;;;;-70.0;1e-10;0.00028;2.7999999999999997e-14;1.4135752251460444e-12;25;0x00;37;ORANGE;False
1787671576.5582838;14.068206570000257;BLE Sniffer;Appareil BLE;2,4 GHz BLE;62:ae:f9:af:07:b9;-70.0;;;;-70.0;1e-10;0.00028;2.7999999999999997e-14;1.4415752251460445e-12;25;0x00;38;ORANGE;False
1787671576.5597863;14.069710449000922;BLE Sniffer;Appareil BLE;2,4 GHz BLE;62:ae:f9:af:07:b9;-73.0;;;;-73.0;5.011872336272715e-11;0.00028;1.40332425415636e-14;1.455608467687608e-12;25;0x00;39;VERT;False
1787671576.6325197;14.142238825999812;Simulation RF;Détection RF large bande;868 MHz;868 MHz;;2399;1.9332849322214827;-33.33139728885931;-66.3313972888593;2.32734234353863e-10;0.1;2.32734234353863e-11;3.0777349192324627e-09;;;;ORANGE;True
1787671576.6326828;14.142238825999812;Simulation RF;Détection RF large bande;2,45 GHz;2,45 GHz;;2731;2.2007024841547356;-44.02809936618942;-60.728099366189426;8.456488515078443e-10;0.1;8.456488515078444e-11;7.884993089927753e-09;;;;ORANGE;True
1787671576.6423278;14.152251985000476;Wi-Fi;Wi-Fi;2,4/5 GHz;wlan0;-33.0;;;;-33.0;5.011872336272725e-07;0.1;5.011872336272725e-08;2.7752437701437655e-06;;;;ROUGE;False
1787671576.6615114;14.171435721000307;BLE Sniffer;iBeacon;2,4 GHz BLE;5e:ef:5d:3b:83:a3;-66.0;;;;-66.0;2.511886431509582e-10;0.000368;9.243742067955262e-14;9.989441974232516e-12;36;0x00;37;ORANGE;False
1787671576.6627958;14.172719772999699;BLE Sniffer;iBeacon;2,4 GHz BLE;5e:ef:5d:3b:83:a3;-64.0;;;;-64.0;3.9810717055349694e-10;0.000368;1.4650343876368688e-13;1.0135945412996203e-11;36;0x00;38;ORANGE;False
1787671576.7325647;14.242299174000436;Simulation RF;Détection RF large bande;868 MHz;868 MHz;;2413;1.9449087621011836;-33.79635048404734;-66.79635048404734;2.091052571358623e-10;0.1;2.0910525713586233e-11;3.098645444946049e-09;;;;ORANGE;True
1787671576.732717;14.242299174000436;Simulation RF;Détection RF large bande;2,45 GHz;2,45 GHz;;2768;2.2306335043391576;-45.225340173566295;-61.9253401735663;6.418979410479248e-10;0.1;6.418979410479248e-11;7.949182884032545e-09;;;;ORANGE;True
1787671576.7412565;14.251180974999443;Wi-Fi;Wi-Fi;2,4/5 GHz;wlan0;-33.0;;;;-33.0;5.011872336272725e-07;0.1;5.011872336272725e-08;2.825362493506493e-06;;;;ROUGE;False
1787671576.7647288;14.274653129999933;BLE Sniffer;iBeacon;2,4 GHz BLE;5e:ef:5d:3b:83:a3;-68.0;;;;-68.0;1.584893192461111e-10;0.000368;5.832406948256888e-14;1.0194269482478772e-11;36;0x00;39;ORANGE;False
1787671576.7663465;14.27627053300057;BLE Sniffer;Appareil BLE;2,4 GHz BLE;44:52:00:58:f1:a9;-89.0;;;;-89.0;1.258925411794166e-12;0.00019999999999999998;2.517850823588332e-16;6.20903574852308e-15;15;0x00;37;VERT;False
1787671576.8326476;14.342384190000303;Simulation RF;Détection RF large bande;868 MHz;868 MHz;;2468;1.9892446439414329;-35.569785757657314;-68.56978575765731;1.3900212008281042e-10;0.1;1.3900212008281042e-11;3.11254565695433e-09;;;;ORANGE;True
1787671576.832798;14.342384190000303;Simulation RF;Détection RF large bande;2,45 GHz;2,45 GHz;;2851;2.2971620872761296;-47.88648349104518;-64.58648349104519;3.478176775538056e-10;0.1;3.478176775538056e-11;7.983964651787926e-09;;;;ORANGE;True
1787671576.8424902;14.352413997999975;Wi-Fi;Wi-Fi;2,4/5 GHz;wlan0;-33.0;;;;-33.0;5.011872336272725e-07;0.1;5.011872336272725e-08;2.8754812168692204e-06;;;;ROUGE;False
1787671576.8676696;14.377594208999653;BLE Sniffer;Appareil BLE;2,4 GHz BLE;62:ae:f9:af:07:b9;-70.0;;;;-70.0;1e-10;0.00028;2.7999999999999997e-14;1.4836084676876082e-12;25;0x00;38;ORANGE;False
1787671576.867745;14.377668139000889;BLE Sniffer;Appareil BLE;2,4 GHz BLE;62:ae:f9:af:07:b9;-73.0;;;;-73.0;5.011872336272715e-11;0.00028;1.40332425415636e-14;1.4976417102291718e-12;25;0x00;39;VERT;False
1787671576.9327154;14.442461279000781;Simulation RF;Détection RF large bande;868 MHz;868 MHz;;2427;1.9559897463373765;-34.23958985349506;-67.23958985349506;1.8881696588956213e-10;0.1;1.8881696588956215e-11;3.1314273535432863e-09;;;;ORANGE;True
1787671576.9328537;14.442461279000781;Simulation RF;Détection RF large bande;2,45 GHz;2,45 GHz;;2700;2.175606567555151;-43.024262702206045;-59.72426270220605;1.0655497457247245e-09;0.1;1.0655497457247246e-10;8.090519626360398e-09;;;;ORANGE;True
1787671576.941345;14.451269020000836;Wi-Fi;Wi-Fi;2,4/5 GHz;wlan0;-33.0;;;;-33.0;5.011872336272725e-07;0.1;5.011872336272725e-08;2.925599940231948e-06;;;;ROUGE;False
1787671576.9707754;14.480699650001043;BLE Sniffer;iBeacon;2,4 GHz BLE;5e:ef:5d:3b:83:a3;-65.0;;;;-65.0;3.1622776601683795e-10;0.000368;1.1637181789419636e-13;1.0310641300372968e-11;36;0x00;37;ORANGE;False
1787671576.9708502;14.480773395000142;BLE Sniffer;iBeacon;2,4 GHz BLE;5e:ef:5d:3b:83:a3;-63.0;;;;-63.0;5.011872336272714e-10;0.000368;1.8443690197483588e-13;1.0495078202347803e-11;36;0x00;38;ORANGE;False
1787671576.9724343;14.482358129000204;BLE Sniffer;iBeacon;2,4 GHz BLE;5e:ef:5d:3b:83:a3;-69.0;;;;-69.0;1.2589254117941662e-10;0.000368;4.6328455154025316e-14;1.054140665750183e-11;36;0x00;39;ORANGE;False
1787671577.0328197;14.542548731000352;Simulation RF;Détection RF large bande;868 MHz;868 MHz;;2476;1.9949914251893064;-35.79965700757225;-68.79965700757225;1.3183608545314556e-10;0.1;1.3183608545314556e-11;3.144610962088601e-09;;;;ORANGE;True
1787671577.0329847;14.542548731000352;Simulation RF;Détection RF large bande;2,45 GHz;2,45 GHz;;2763;2.22659178269823;-45.06367130792921;-61.763671307929215;6.662433223723917e-10;0.1;6.662433223723918e-11;8.157143958597638e-09;;;;ORANGE;True
1787671577.043192;14.553115991000595;Wi-Fi;Wi-Fi;2,4/5 GHz;wlan0;-33.0;;;;-33.0;5.011872336272725e-07;0.1;5.011872336272725e-08;2.9757186635946754e-06;;;;ROUGE;False
1787671577.0757642;14.585689393999928;BLE Sniffer;Appareil BLE;2,4 GHz BLE;62:ae:f9:af:07:b9;-71.0;;;;-71.0;7.943282347242822e-11;0.00028;2.22411905722799e-14;1.5198829008014516e-12;25;0x00;37;VERT;False
1787671577.1328778;14.642627031000302;Simulation RF;Détection RF large bande;868 MHz;868 MHz;;2427;1.955701690150903;-34.22806760603612;-67.22806760603612;1.8931858045800547e-10;0.1;1.8931858045800547e-11;3.1635428201344013e-09;;;;ORANGE;True
1787671577.133023;14.642627031000302;Simulation RF;Détection RF large bande;2,45 GHz;2,45 GHz;;2740;2.208256656753793;-44.330266270151725;-61.03026627015173;7.888117533236101e-10;0.1;7.888117533236102e-11;8.236025133929999e-09;;;;ORANGE;True
1787671577.1415002;14.651424825000504;Wi-Fi;Wi-Fi;2,4/5 GHz;wlan0;-33.0;;;;-33.0;5.011872336272725e-07;0.1;5.011872336272725e-08;3.025837386957403e-06;;;;ROUGE;False
1787671577.176727;14.68665166900064;BLE Sniffer;Appareil BLE;2,4 GHz BLE;62:ae:f9:af:07:b9;-71.0;;;;-71.0;7.943282347242822e-11;0.00028;2.22411905722799e-14;1.5421240913737315e-12;25;0x00;38;VERT;False
1787671577.1768045;14.68672757999957;BLE Sniffer;Appareil BLE;2,4 GHz BLE;62:ae:f9:af:07:b9;-76.0;;;;-76.0;2.5118864315095823e-11;0.00028;7.03328200822683e-15;1.5491573733819583e-12;25;0x00;39;VERT;False
1787671577.2336643;14.743240286999935;Simulation RF;Détection RF large bande;868 MHz;868 MHz;;2454;1.9774200764664531;-35.096803058658125;-68.09680305865812;1.5499571581044706e-10;0.1;1.5499571581044707e-11;3.179042391715446e-09;;;;ORANGE;True
1787671577.2352881;14.743240286999935;Simulation RF;Détection RF large bande;2,45 GHz;2,45 GHz;;2748;2.214526008672267;-44.581040346890674;-61.28104034689068;7.445535956777587e-10;0.1;7.445535956777588e-11;8.310480493497775e-09;;;;ORANGE;True
1787671577.2458148;14.755739022999478;Wi-Fi;Wi-Fi;2,4/5 GHz;wlan0;-33.0;;;;-33.0;5.011872336272725e-07;0.1;5.011872336272725e-08;3.0759561103201303e-06;;;;ROUGE;False
1787671577.2796717;14.78959690299962;BLE Sniffer;iBeacon;2,4 GHz BLE;5e:ef:5d:3b:83:a3;-66.0;;;;-66.0;2.511886431509582e-10;0.000368;9.243742067955262e-14;1.0633844078181382e-11;36;0x00;37;ORANGE;False
1787671577.2797494;14.78967240699967;BLE Sniffer;iBeacon;2,4 GHz BLE;5e:ef:5d:3b:83:a3;-64.0;;;;-64.0;3.9810717055349694e-10;0.000368;1.4650343876368688e-13;1.0780347516945069e-11;36;0x00;38;ORANGE;False
1787671577.2810307;14.790954829000839;BLE Sniffer;iBeacon;2,4 GHz BLE;5e:ef:5d:3b:83:a3;-70.0;;;;-70.0;1e-10;0.000368;3.68e-14;1.0817147516945069e-11;36;0x00;39;ORANGE;False
1787671577.33357;14.843320809999568;Simulation RF;Détection RF large bande;868 MHz;868 MHz;;2482;1.9997808325642492;-35.99123330256997;-68.99123330256997;1.2614692536865235e-10;0.1;1.2614692536865236e-11;3.1916570842523113e-09;;;;ORANGE;True
1787671577.3337083;14.843320809999568;Simulation RF;Détection RF large bande;2,45 GHz;2,45 GHz;;2762;2.225624670018913;-45.02498680075652;-61.724986800756525;6.722043520975589e-10;0.1;6.722043520975589e-11;8.377700928707531e-09;;;;ORANGE;True
1787671577.3422358;14.852160032000029;Wi-Fi;Wi-Fi;2,4/5 GHz;wlan0;-33.0;;;;-33.0;5.011872336272725e-07;0.1;5.011872336272725e-08;3.1260748336828577e-06;;;;ROUGE;False
1787671577.3830755;14.893000051000854;BLE Sniffer;Appareil BLE;2,4 GHz BLE;44:52:00:58:f1:a9;-89.0;;;;-89.0;1.258925411794166e-12;0.00019999999999999998;2.517850823588332e-16;6.460820830881913e-15;15;0x00;37;VERT;False
1787671577.383151;14.893074055000397;BLE Sniffer;Appareil BLE;2,4 GHz BLE;62:ae:f9:af:07:b9;-71.0;;;;-71.0;7.943282347242822e-11;0.00028;2.22411905722799e-14;1.5713985639542382e-12;25;0x00;38;VERT;False
1787671577.3849607;14.89488533900112;BLE Sniffer;Appareil BLE;2,4 GHz BLE;62:ae:f9:af:07:b9;-74.0;;;;-74.0;3.9810717055349695e-11;0.00028;1.1147000775497913e-14;1.582545564729736e-12;25;0x00;39;VERT;False
1787671577.3850698;14.894993011999759;Simulation LoRa;LoRa;868 MHz;LoRa 868.100 MHz;-89.73990983532346;;;;-89.73990983532346;1.0617175994843632e-12;0.046335999999999995;4.919574668970745e-14;8.869063629056653e-13;13;"SNR=6.07;SF=7;BW=125.0;CR=4/5;F=868.100;CRC=OK;PAYLOAD=54454d504f5f4c4f52415f3134";7;VERT;True
1787671577.4390156;14.943407388000196;Simulation RF;Détection RF large bande;868 MHz;868 MHz;;2452;1.9759726820613335;-35.03890728245334;-68.03890728245334;1.570757969124987e-10;0.1;1.5707579691249872e-11;3.2073646639435613e-09;;;;ORANGE;True
1787671577.4409397;14.943407388000196;Simulation RF;Détection RF large bande;2,45 GHz;2,45 GHz;;2727;2.1979439495115094;-43.91775798046038;-60.617757980460375;8.674095552375719e-10;0.1;8.67409555237572e-11;8.464441884231288e-09;;;;ORANGE;True
1787671577.4503882;14.960313346000476;Wi-Fi;Wi-Fi;2,4/5 GHz;wlan0;-33.0;;;;-33.0;5.011872336272725e-07;0.1;5.011872336272725e-08;3.176193557045585e-06;;;;ROUGE;False
1787671577.4889894;14.998914021000019;BLE Sniffer;iBeacon;2,4 GHz BLE;5e:ef:5d:3b:83:a3;-66.0;;;;-66.0;2.511886431509582e-10;0.000368;9.243742067955262e-14;1.0909584937624621e-11;36;0x00;37;ORANGE;False
1787671577.5337536;15.04349804100093;Simulation RF;Détection RF large bande;868 MHz;868 MHz;;2446;1.9713910261444125;-34.855641045776494;-67.8556410457765;1.6384601964776968e-10;0.1;1.638460196477697e-11;3.2237492659083383e-09;;;;ORANGE;True
1787671577.5339031;15.04349804100093;Simulation RF;Détection RF large bande;2,45 GHz;2,45 GHz;;2731;2.201091117016744;-44.04364468066976;-60.74364468066975;8.426273123255019e-10;0.1;8.426273123255019e-11;8.548704615463838e-09;;;;ORANGE;True
1787671577.5425818;15.052506105999782;Wi-Fi;Wi-Fi;2,4/5 GHz;wlan0;-33.0;;;;-33.0;5.011872336272725e-07;0.1;5.011872336272725e-08;3.2263122804083127e-06;;;;ROUGE;False
1787671577.5899289;15.09985364699969;BLE Sniffer;iBeacon;2,4 GHz BLE;5e:ef:5d:3b:83:a3;-64.0;;;;-64.0;3.9810717055349694e-10;0.000368;1.4650343876368688e-13;1.1056088376388308e-11;36;0x00;38;ORANGE;False
1787671577.59117;15.101094862000537;BLE Sniffer;iBeacon;2,4 GHz BLE;5e:ef:5d:3b:83:a3;-69.0;;;;-69.0;1.2589254117941662e-10;0.000368;4.6328455154025316e-14;1.1102416831542334e-11;36;0x00;39;ORANGE;False
1787671577.5917213;15.10164530000111;BLE Sniffer;Appareil BLE;2,4 GHz BLE;Appareil BLE;-95.0;;;;-95.0;3.162277660168379e-13;0.000136;4.300697617828996e-17;2.6884758083699666e-14;7;0x07;37;VERT;False
1787671577.6339025;15.143588250000903;Simulation RF;Détection RF large bande;868 MHz;868 MHz;;2509;2.0215469332090654;-36.86187732836261;-69.86187732836261;1.0323150696070909e-10;0.1;1.0323150696070909e-11;3.2340724166044093e-09;;;;ORANGE;True
1787671577.6475525;15.143588250000903;Simulation RF;Détection RF large bande;2,45 GHz;2,45 GHz;;2758;2.222427875588879;-44.897115023555145;-61.59711502355514;6.922907002544092e-10;0.1;6.922907002544093e-11;8.617933685489279e-09;;;;ORANGE;True
1787671577.6568568;15.166780772000493;Wi-Fi;Wi-Fi;2,4/5 GHz;wlan0;-33.0;;;;-33.0;5.011872336272725e-07;0.1;5.011872336272725e-08;3.27643100377104e-06;;;;ROUGE;False
1787671577.693686;15.203611185001137;BLE Sniffer;Appareil BLE;2,4 GHz BLE;62:ae:f9:af:07:b9;-71.0;;;;-71.0;7.943282347242822e-11;0.00028;2.22411905722799e-14;1.6047867553020159e-12;25;0x00;38;VERT;False
1787671577.6937728;15.203696021999349;BLE Sniffer;Appareil BLE;2,4 GHz BLE;62:ae:f9:af:07:b9;-75.0;;;;-75.0;3.1622776601683794e-11;0.00028;8.854377448471461e-15;1.6136411327504873e-12;25;0x00;39;VERT;False
1787671577.7339067;15.24367012500079;Simulation RF;Détection RF large bande;868 MHz;868 MHz;;2485;2.002739404937526;-36.10957619750103;-69.10957619750103;1.227559015594367e-10;0.1;1.2275590155943671e-11;3.246348006760353e-09;;;;ORANGE;True
1787671577.7340677;15.24367012500079;Simulation RF;Détection RF large bande;2,45 GHz;2,45 GHz;;2726;2.1971511093356217;-43.886044373424866;-60.58604437342486;8.737668474831439e-10;0.1;8.73766847483144e-11;8.705310370237594e-09;;;;ORANGE;True
1787671577.7426245;15.252548164000473;Wi-Fi;Wi-Fi;2,4/5 GHz;wlan0;-33.0;;;;-33.0;5.011872336272725e-07;0.1;5.011872336272725e-08;3.3265497271337676e-06;;;;ROUGE;False
1787671577.8005373;15.310461668999778;BLE Sniffer;iBeacon;2,4 GHz BLE;5e:ef:5d:3b:83:a3;-66.0;;;;-66.0;2.511886431509582e-10;0.000368;9.243742067955262e-14;1.1194854252221886e-11;36;0x00;37;ORANGE;False
1787671577.8006108;15.31053376499949;BLE Sniffer;iBeacon;2,4 GHz BLE;5e:ef:5d:3b:83:a3;-63.0;;;;-63.0;5.011872336272714e-10;0.000368;1.8443690197483588e-13;1.1379291154196722e-11;36;0x00;38;ORANGE;False
1787671577.833956;15.343753129000106;Simulation RF;Détection RF large bande;868 MHz;868 MHz;;2421;1.9513159297202671;-34.05263718881068;-67.05263718881068;1.9712253752472512e-10;0.1;1.9712253752472513e-11;3.2660602605128256e-09;;;;ORANGE;True
1787671577.8408914;15.343753129000106;Simulation RF;Détection RF large bande;2,45 GHz;2,45 GHz;;2708;2.1825777766086176;-43.303111064344705;-60.0031110643447;9.992839074783715e-10;0.1;9.992839074783715e-11;8.805238760985431e-09;;;;ORANGE;True
1787671577.8497686;15.359692534000715;Wi-Fi;Wi-Fi;2,4/5 GHz;wlan0;-33.0;;;;-33.0;5.011872336272725e-07;0.1;5.011872336272725e-08;3.376668450496495e-06;;;;ROUGE;False
1787671577.9019597;15.411884319999444;BLE Sniffer;iBeacon;2,4 GHz BLE;5e:ef:5d:3b:83:a3;-69.0;;;;-69.0;1.2589254117941662e-10;0.000368;4.6328455154025316e-14;1.1425619609350748e-11;36;0x00;39;ORANGE;False
1787671577.9020348;15.411957787000574;BLE Sniffer;Appareil BLE;2,4 GHz BLE;44:52:00:58:f1:a9;-84.0;;;;-84.0;3.9810717055349695e-12;0.00019999999999999998;7.962143411069938e-16;7.257035171988907e-15;15;0x00;37;VERT;False
1787671577.903866;15.413790608999989;BLE Sniffer;Appareil BLE;2,4 GHz BLE;62:a6:f9:af:07:b9;-70.0;;;;-70.0;1e-10;0.00028;2.7999999999999997e-14;2.7999999999999997e-14;25;0x00;38;ORANGE;False
1787671577.9340806;15.44383374500103;Simulation RF;Détection RF large bande;868 MHz;868 MHz;;2445;1.9703088949637804;-34.81235579855121;-67.81235579855121;1.6548720467580553e-10;0.1;1.6548720467580554e-11;3.282608980980406e-09;;;;ORANGE;True
1787671577.934238;15.44383374500103;Simulation RF;Détection RF large bande;2,45 GHz;2,45 GHz;;2758;2.222685850309193;-44.907434012367716;-61.60743401236771;6.906477459646459e-10;0.1;6.906477459646459e-11;8.874303535581895e-09;;;;ORANGE;True
1787671577.9429991;15.452922739999849;Wi-Fi;Wi-Fi;2,4/5 GHz;wlan0;-33.0;;;;-33.0;5.011872336272725e-07;0.1;5.011872336272725e-08;3.4267871738592225e-06;;;;ROUGE;False
1787671578.005802;15.515726992000054;BLE Sniffer;Appareil BLE;2,4 GHz BLE;62:ae:f9:af:07:b9;-82.0;;;;-82.0;6.309573444801943e-12;0.00028;1.7666805645445437e-15;1.6154078133150318e-12;25;0x00;39;VERT;False
1787671578.0070415;15.516965503000392;BLE Sniffer;Appareil BLE;2,4 GHz BLE;d3:23:2f:4d:3e:b1;-79.0;;;;-79.0;1.2589254117941662e-11;0.000376;4.7335595483460644e-15;1.1514009630110824e-13;37;0x00;37;VERT;False
1787671578.0341558;15.543918166000367;Simulation RF;Détection RF large bande;868 MHz;868 MHz;;2483;2.001321303637417;-36.05285214549667;-69.05285214549667;1.243697569049573e-10;0.1;1.243697569049573e-11;3.295045956670902e-09;;;;ORANGE;True
1787671578.0343027;15.543918166000367;Simulation RF;Détection RF large bande;2,45 GHz;2,45 GHz;;2722;2.1938999973558095;-43.755999894232374;-60.45599989423237;9.003264529861783e-10;0.1;9.003264529861783e-11;8.964336180880512e-09;;;;ORANGE;True
1787671578.0481544;15.558078191999812;Wi-Fi;Wi-Fi;2,4/5 GHz;wlan0;-33.0;;;;-33.0;5.011872336272725e-07;0.1;5.011872336272725e-08;3.47690589722195e-06;;;;ROUGE;False
1787671578.1102383;15.620162777000587;BLE Sniffer;iBeacon;2,4 GHz BLE;5e:ef:5d:3b:83:a3;-63.0;;;;-63.0;5.011872336272714e-10;0.000368;1.8443690197483588e-13;1.1610056511325584e-11;36;0x00;38;ORANGE;False
1787671578.110832;15.620756124000764;BLE Sniffer;iBeacon;2,4 GHz BLE;5e:ef:5d:3b:83:a3;-68.0;;;;-68.0;1.584893192461111e-10;0.000368;5.832406948256888e-14;1.1668380580808152e-11;36;0x00;39;ORANGE;False
1787671578.1342134;15.643986918999872;Simulation RF;Détection RF large bande;868 MHz;868 MHz;;2419;1.949635520440814;-33.98542081763256;-66.98542081763256;2.0019716274644928e-10;0.1;2.001971627464493e-11;3.315065672945547e-09;;;;ORANGE;True
1787671578.1343591;15.643986918999872;Simulation RF;Détection RF large bande;2,45 GHz;2,45 GHz;;2806;2.261267532099883;-46.450701283995315;-63.15070128399531;4.840941913847897e-10;0.1;4.840941913847897e-11;9.012745600018991e-09;;;;ORANGE;True
1787671578.142894;15.652818323000247;Wi-Fi;Wi-Fi;2,4/5 GHz;wlan0;-33.0;;;;-33.0;5.011872336272725e-07;0.1;5.011872336272725e-08;3.5270246205846774e-06;;;;ROUGE;False
1787671578.2139313;15.723855651000122;BLE Sniffer;Appareil BLE;2,4 GHz BLE;62:ae:f9:af:07:b9;-68.0;;;;-68.0;1.584893192461111e-10;0.00028;4.43770093889111e-14;1.6597848227039429e-12;25;0x00;37;ORANGE;False
1787671578.2140062;15.723929210000279;BLE Sniffer;Appareil BLE;2,4 GHz BLE;62:ae:f9:af:07:b9;-68.0;;;;-68.0;1.584893192461111e-10;0.00028;4.43770093889111e-14;1.704161832092854e-12;25;0x00;38;ORANGE;False
1787671578.2140443;15.723967361000177;BLE Sniffer;Appareil BLE;2,4 GHz BLE;62:ae:f9:af:07:b9;-73.0;;;;-73.0;5.011872336272715e-11;0.00028;1.40332425415636e-14;1.7181950746344175e-12;25;0x00;39;VERT;False
1787671578.2342825;15.744066653000118;Simulation RF;Détection RF large bande;868 MHz;868 MHz;;2410;1.9423501589255399;-33.69400635702159;-66.69400635702159;2.1409147007864768e-10;0.1;2.1409147007864768e-11;3.3364748199534117e-09;;;;ORANGE;True
1787671578.2344282;15.744066653000118;Simulation RF;Détection RF large bande;2,45 GHz;2,45 GHz;;2724;2.1950907755092306;-43.803631020369224;-60.50363102036923;8.905060984011012e-10;0.1;8.905060984011012e-11;9.101796209859102e-09;;;;ORANGE;True
1787671578.2429743;15.752898279000874;Wi-Fi;Wi-Fi;2,4/5 GHz;wlan0;-33.0;;;;-33.0;5.011872336272725e-07;0.1;5.011872336272725e-08;3.577143343947405e-06;;;;ROUGE;False
1787671578.3177161;15.827640604000408;BLE Sniffer;Appareil BLE;2,4 GHz BLE;62:92:29:37:d2:02;-93.0;;;;-93.0;5.011872336272715e-13;0.000328;1.6438941262974504e-16;1.6438941262974504e-16;31;0x00;37;VERT;False
1787671578.3343892;15.84414866500083;Simulation RF;Détection RF large bande;868 MHz;868 MHz;;2439;1.965887052364363;-34.63548209457451;-67.63548209457451;1.723660743070631e-10;0.1;1.723660743070631e-11;3.3537114273841178e-09;;;;ORANGE;True
1787671578.3345377;15.84414866500083;Simulation RF;Détection RF large bande;2,45 GHz;2,45 GHz;;2683;2.162437514752714;-42.49750059010856;-59.19750059010856;1.202956549438489e-09;0.1;1.202956549438489e-10;9.222091864802951e-09;;;;ORANGE;True
1787671578.3432865;15.853210155999477;Wi-Fi;Wi-Fi;2,4/5 GHz;wlan0;-33.0;;;;-33.0;5.011872336272725e-07;0.1;5.011872336272725e-08;3.6272620673101323e-06;;;;ROUGE;False
1787671578.4198203;15.929744893001043;BLE Sniffer;iBeacon;2,4 GHz BLE;5e:ef:5d:3b:83:a3;-64.0;;;;-64.0;3.9810717055349694e-10;0.000368;1.4650343876368688e-13;1.1814884019571839e-11;36;0x00;38;ORANGE;False
1787671578.4205072;15.930431893000787;Simulation LoRa;LoRa;868 MHz;LoRa 868.100 MHz;-86.50285549274118;;;;-86.50285549274118;2.2372496598601385e-12;0.046335999999999995;1.0366520023927937e-13;9.905715631449446e-13;13;"SNR=7.16;SF=7;BW=125.0;CR=4/5;F=868.100;CRC=OK;PAYLOAD=54454d504f5f4c4f52415f3135";7;VERT;True
1787671578.4205778;15.930500710999695;BLE Sniffer;iBeacon;2,4 GHz BLE;5e:ef:5d:3b:83:a3;-70.0;;;;-70.0;1e-10;0.000368;3.68e-14;1.1851684019571839e-11;36;0x00;39;ORANGE;False
1787671578.4206188;15.930541732001075;BLE Sniffer;Appareil BLE;2,4 GHz BLE;2c:dd:7c:d9:ae:b4;-91.0;;;;-91.0;7.943282347242822e-13;0.000376;2.9866741625633007e-16;2.9866741625633007e-16;37;0x02;37;VERT;False
1787671578.434438;15.944227768999554;Simulation RF;Détection RF large bande;868 MHz;868 MHz;;2520;2.031070414829636;-37.24281659318544;-70.24281659318544;9.456236833689118e-11;0.1;9.456236833689119e-12;3.3631676642178068e-09;;;;VERT;True
1787671578.434582;15.944227768999554;Simulation RF;Détection RF large bande;2,45 GHz;2,45 GHz;;2729;2.199127465410723;-43.96509861642892;-60.66509861642892;8.580056315342184e-10;0.1;8.580056315342184e-11;9.307892427956374e-09;;;;ORANGE;True
1787671578.443206;15.953130343999874;Wi-Fi;Wi-Fi;2,4/5 GHz;wlan0;-33.0;;;;-33.0;5.011872336272725e-07;0.1;5.011872336272725e-08;3.67738079067286e-06;;;;ROUGE;False
1787671578.5247364;16.03466105500047;BLE Sniffer;Appareil BLE;2,4 GHz BLE;62:ae:f9:af:07:b9;-68.0;;;;-68.0;1.584893192461111e-10;0.00028;4.43770093889111e-14;1.7625720840233286e-12;25;0x00;38;ORANGE;False
1787671578.5253973;16.035322294999787;BLE Sniffer;Appareil BLE;2,4 GHz BLE;62:ae:f9:af:07:b9;-72.0;;;;-72.0;6.309573444801942e-11;0.00028;1.7666805645445437e-14;1.7802388896687741e-12;25;0x00;39;VERT;False
1787671578.534519;16.044306818001132;Simulation RF;Détection RF large bande;868 MHz;868 MHz;;2510;2.0227475546258296;-36.909902185033175;-69.90990218503318;1.020962478309385e-10;0.1;1.020962478309385e-11;3.3733772890009006e-09;;;;ORANGE;True
1787671578.5346727;16.044306818001132;Simulation RF;Détection RF large bande;2,45 GHz;2,45 GHz;;2777;2.2375096735895443;-45.50038694358177;-62.200386943581776;6.025059021829644e-10;0.1;6.025059021829644e-11;9.368143018174671e-09;;;;ORANGE;True
1787671578.54339;16.05331463999937;Wi-Fi;Wi-Fi;2,4/5 GHz;wlan0;-33.0;;;;-33.0;5.011872336272725e-07;0.1;5.011872336272725e-08;3.7274995140355873e-06;;;;ROUGE;False
1787671578.6289206;16.138845327001036;BLE Sniffer;iBeacon;2,4 GHz BLE;5e:ef:5d:3b:83:a3;-66.0;;;;-66.0;2.511886431509582e-10;0.000368;9.243742067955262e-14;1.1944121440251391e-11;36;0x00;37;ORANGE;False
1787671578.6345892;16.14438603400049;Simulation RF;Détection RF large bande;868 MHz;868 MHz;;2552;2.0568782951246973;-38.27513180498789;-71.2751318049879;7.455672443000708e-11;0.1;7.455672443000708e-12;3.3808329614439014e-09;;;;VERT;True
1787671578.6347322;16.14438603400049;Simulation RF;Détection RF large bande;2,45 GHz;2,45 GHz;;2793;2.2505521921772957;-46.022087687091826;-62.72208768709182;5.343074519374768e-10;0.1;5.3430745193747685e-11;9.421573763368419e-09;;;;ORANGE;True
1787671578.6434398;16.153363724000883;Wi-Fi;Wi-Fi;2,4/5 GHz;wlan0;-33.0;;;;-33.0;5.011872336272725e-07;0.1;5.011872336272725e-08;3.7776182373983147e-06;;;;ROUGE;False
1787671578.7312238;16.24114799600102;BLE Sniffer;iBeacon;2,4 GHz BLE;5e:ef:5d:3b:83:a3;-63.0;;;;-63.0;5.011872336272714e-10;0.000368;1.8443690197483588e-13;1.2128558342226227e-11;36;0x00;38;ORANGE;False
1787671578.731816;16.241739584000243;BLE Sniffer;iBeacon;2,4 GHz BLE;5e:ef:5d:3b:83:a3;-70.0;;;;-70.0;1e-10;0.000368;3.68e-14;1.2165358342226227e-11;36;0x00;39;ORANGE;False
1787671578.731879;16.241801993999616;BLE Sniffer;Appareil BLE;2,4 GHz BLE;62:ae:f9:af:07:b9;-68.0;;;;-68.0;1.584893192461111e-10;0.00028;4.43770093889111e-14;1.8246158990576854e-12;25;0x00;37;ORANGE;False
1787671578.7346718;16.244469860999743;Simulation RF;Détection RF large bande;868 MHz;868 MHz;;2416;1.9473428188939321;-33.89371275575728;-66.89371275575728;2.0446958918914716e-10;0.1;2.0446958918914716e-11;3.401279920362816e-09;;;;ORANGE;True
1787671578.7348168;16.244469860999743;Simulation RF;Détection RF large bande;2,45 GHz;2,45 GHz;;2763;2.2263905294997466;-45.055621179989856;-61.75562117998986;6.674794232337905e-10;0.1;6.674794232337905e-11;9.488321705691799e-09;;;;ORANGE;True
1787671578.74341;16.253334451999763;Wi-Fi;Wi-Fi;2,4/5 GHz;wlan0;-33.0;;;;-33.0;5.011872336272725e-07;0.1;5.011872336272725e-08;3.827736960761042e-06;;;;ROUGE;False
1787671578.8357584;16.345682453000336;BLE Sniffer;Appareil BLE;2,4 GHz BLE;62:ae:f9:af:07:b9;-68.0;;;;-68.0;1.584893192461111e-10;0.00028;4.43770093889111e-14;1.8689929084465967e-12;25;0x00;38;ORANGE;False
1787671578.8358314;16.345754289999604;BLE Sniffer;Appareil BLE;2,4 GHz BLE;62:ae:f9:af:07:b9;-72.0;;;;-72.0;6.309573444801942e-11;0.00028;1.7666805645445437e-14;1.886659714092042e-12;25;0x00;39;VERT;False
1787671578.8358707;16.34579373700035;BLE Sniffer;Appareil BLE;2,4 GHz BLE;44:52:00:58:f1:a9;-86.0;;;;-86.0;2.5118864315095823e-12;0.00019999999999999998;5.023772863019164e-16;7.759412458290824e-15;15;0x00;37;VERT;False
1787671578.8377976;16.34473745700052;Simulation RF;Détection RF large bande;868 MHz;868 MHz;;2531;2.039750043978354;-37.590001759134154;-70.59000175913415;8.729710147862363e-11;0.1;8.729710147862364e-12;3.4100096305106783e-09;;;;VERT;True
1787671578.837937;16.34473745700052;Simulation RF;Détection RF large bande;2,45 GHz;2,45 GHz;;2729;2.199476260436523;-43.97905041746091;-60.679050417460914;8.552536932004687e-10;0.1;8.552536932004688e-11;9.573847075011846e-09;;;;ORANGE;True
1787671578.846514;16.35643777599944;Wi-Fi;Wi-Fi;2,4/5 GHz;wlan0;-33.0;;;;-33.0;5.011872336272725e-07;0.1;5.011872336272725e-08;3.87785568412377e-06;;;;ROUGE;False
1787671578.9350796;16.444821359000343;Simulation RF;Détection RF large bande;868 MHz;868 MHz;;2478;1.9967338316437955;-35.86935326575181;-68.86935326575181;1.2973724561990005e-10;0.1;1.2973724561990005e-11;3.422983355072668e-09;;;;ORANGE;True
1787671578.9352279;16.444821359000343;Simulation RF;Détection RF large bande;2,45 GHz;2,45 GHz;;2760;2.223999208658281;-44.95996834633124;-61.65996834633124;6.823436674035051e-10;0.1;6.823436674035051e-11;9.642081441752197e-09;;;;ORANGE;True
1787671578.9398348;16.449760347999472;BLE Sniffer;iBeacon;2,4 GHz BLE;5e:ef:5d:3b:83:a3;-64.0;;;;-64.0;3.9810717055349694e-10;0.000368;1.4650343876368688e-13;1.2311861780989914e-11;36;0x00;38;ORANGE;False
1787671578.9421673;16.45209182600047;BLE Sniffer;iBeacon;2,4 GHz BLE;5e:ef:5d:3b:83:a3;-69.0;;;;-69.0;1.2589254117941662e-10;0.000368;4.6328455154025316e-14;1.235819023614394e-11;36;0x00;39;ORANGE;False
1787671578.9461977;16.45612163700025;Wi-Fi;Wi-Fi;2,4/5 GHz;wlan0;-33.0;;;;-33.0;5.011872336272725e-07;0.1;5.011872336272725e-08;3.927974407486497e-06;;;;ROUGE;False
1787671579.0351794;16.544904194999617;Simulation RF;Détection RF large bande;868 MHz;868 MHz;;2522;2.032357378282077;-37.29429513128308;-70.29429513128308;9.344810241078288e-11;0.1;9.344810241078288e-12;3.432328165313746e-09;;;;VERT;True
1787671579.0355136;16.544904194999617;Simulation RF;Détection RF large bande;2,45 GHz;2,45 GHz;;2812;2.2659996226638466;-46.63998490655386;-63.339984906553866;4.6344853039992043e-10;0.1;4.6344853039992045e-11;9.688426294792189e-09;;;;ORANGE;True
1787671579.0439413;16.553865769999902;BLE Sniffer;Appareil BLE;2,4 GHz BLE;62:ae:f9:af:07:b9;-71.0;;;;-71.0;7.943282347242822e-11;0.00028;2.22411905722799e-14;1.9089009046643222e-12;25;0x00;37;VERT;False
1787671579.0441577;16.554080855999928;BLE Sniffer;Appareil BLE;2,4 GHz BLE;62:ae:f9:af:07:b9;-73.0;;;;-73.0;5.011872336272715e-11;0.00028;1.40332425415636e-14;1.922934147205886e-12;25;0x00;38;VERT;False
1787671579.0442452;16.554168063999896;BLE Sniffer;Appareil BLE;2,4 GHz BLE;62:ae:f9:af:07:b9;-76.0;;;;-76.0;2.5118864315095823e-11;0.00028;7.03328200822683e-15;1.9299674292141127e-12;25;0x00;39;VERT;False
1787671579.0474973;16.557421405999776;Wi-Fi;Wi-Fi;2,4/5 GHz;wlan0;-33.0;;;;-33.0;5.011872336272725e-07;0.1;5.011872336272725e-08;3.978093130849225e-06;;;;ROUGE;False
1787671579.1352568;16.64499091899961;Simulation RF;Détection RF large bande;868 MHz;868 MHz;;2559;2.062180779209712;-38.487231168388476;-71.48723116838848;7.100303014089068e-11;0.1;7.100303014089068e-12;3.4394284683278354e-09;;;;VERT;True
1787671579.1354067;16.64499091899961;Simulation RF;Détection RF large bande;2,45 GHz;2,45 GHz;;2759;2.2232587552007184;-44.93035020802873;-61.63035020802873;6.870130381630023e-10;0.1;6.870130381630024e-11;9.757127598608489e-09;;;;ORANGE;True
1787671579.1428635;16.65278759800094;Wi-Fi;Wi-Fi;2,4/5 GHz;wlan0;-33.0;;;;-33.0;5.011872336272725e-07;0.1;5.011872336272725e-08;4.028211854211952e-06;;;;ROUGE;False
1787671579.148206;16.658129756000562;BLE Sniffer;Appareil BLE;2,4 GHz BLE;Appareil BLE;-92.0;;;;-92.0;6.309573444801942e-13;0.000136;8.581019884930642e-17;2.6970568282548973e-14;7;0x07;37;VERT;False
1787671579.235337;16.745072846999392;Simulation RF;Détection RF large bande;868 MHz;868 MHz;;2503;2.0171765880880024;-36.687063523520095;-69.6870635235201;1.0747158344398376e-10;0.1;1.0747158344398376e-11;3.4501756266722337e-09;;;;ORANGE;True
1787671579.235499;16.745072846999392;Simulation RF;Détection RF large bande;2,45 GHz;2,45 GHz;;2781;2.241363078325006;-45.654523133000225;-62.35452313300023;5.814972787653656e-10;0.1;5.8149727876536565e-11;9.815277326485026e-09;;;;ORANGE;True
1787671579.2441218;16.75404631099991;Wi-Fi;Wi-Fi;2,4/5 GHz;wlan0;-33.0;;;;-33.0;5.011872336272725e-07;0.1;5.011872336272725e-08;4.0783305775746795e-06;;;;ROUGE;False
1787671579.2507493;16.760673501999918;BLE Sniffer;iBeacon;2,4 GHz BLE;5e:ef:5d:3b:83:a3;-63.0;;;;-63.0;5.011872336272714e-10;0.000368;1.8443690197483588e-13;1.2542627138118776e-11;36;0x00;38;ORANGE;False
1787671579.250813;16.760735875001046;BLE Sniffer;iBeacon;2,4 GHz BLE;5e:ef:5d:3b:83:a3;-68.0;;;;-68.0;1.584893192461111e-10;0.000368;5.832406948256888e-14;1.2600951207601344e-11;36;0x00;39;ORANGE;False
1787671579.3354135;16.8451589590004;Simulation RF;Détection RF large bande;868 MHz;868 MHz;;2477;1.9960507021097875;-35.8420280843915;-68.8420280843915;1.3055610700310365e-10;0.1;1.3055610700310366e-11;3.463231237372544e-09;;;;ORANGE;True
1787671579.3355656;16.8451589590004;Simulation RF;Détection RF large bande;2,45 GHz;2,45 GHz;;2756;2.2206175245682234;-44.82470098272893;-61.52470098272893;7.039306927909632e-10;0.1;7.039306927909632e-11;9.885670395764121e-09;;;;ORANGE;True
1787671579.3442507;16.85417472300105;Wi-Fi;Wi-Fi;2,4/5 GHz;wlan0;-33.0;;;;-33.0;5.011872336272725e-07;0.1;5.011872336272725e-08;4.128449300937407e-06;;;;ROUGE;False
1787671579.354299;16.86422285700064;BLE Sniffer;Appareil BLE;2,4 GHz BLE;62:ae:f9:af:07:b9;-69.0;;;;-69.0;1.2589254117941662e-10;0.00028;3.524991153023665e-14;1.9652173407443494e-12;25;0x00;37;ORANGE;False
1787671579.4355004;16.945242850000795;Simulation RF;Détection RF large bande;868 MHz;868 MHz;;2555;2.0593771376343812;-38.37508550537524;-71.37508550537524;7.286038293719202e-11;0.1;7.286038293719202e-12;3.470517275666263e-09;;;;VERT;True
1787671579.4356496;16.945242850000795;Simulation RF;Détection RF large bande;2,45 GHz;2,45 GHz;;2810;2.2647295760619284;-46.58918304247713;-63.289183042477134;4.689015795921545e-10;0.1;4.689015795921545e-11;9.932560553723337e-09;;;;ORANGE;True
1787671579.4442203;16.95414458900086;Wi-Fi;Wi-Fi;2,4/5 GHz;wlan0;-33.0;;;;-33.0;5.011872336272725e-07;0.1;5.011872336272725e-08;4.1785680243001344e-06;;;;ROUGE;False
1787671579.4572086;16.9671323069997;Simulation LoRa;LoRa;868 MHz;LoRa 868.100 MHz;-87.53888782183577;;;;-87.53888782183577;1.7624273259713096e-12;0.046335999999999995;8.166383257620659e-14;1.0722353957211513e-12;13;"SNR=4.84;SF=7;BW=125.0;CR=4/5;F=868.100;CRC=OK;PAYLOAD=54454d504f5f4c4f52415f3136";7;VERT;True
1787671579.5355964;17.045327722000366;Simulation RF;Détection RF large bande;868 MHz;868 MHz;;2475;1.9942195196791943;-35.76878078716777;-68.76878078716777;1.327767154968996e-10;0.1;1.327767154968996e-11;3.483794947215953e-09;;;;ORANGE;True
1787671579.535757;17.045327722000366;Simulation RF;Détection RF large bande;2,45 GHz;2,45 GHz;;2761;2.2248354315173913;-44.99341726069565;-61.69341726069565;6.77108512839689e-10;0.1;6.771085128396889e-11;1.0000271405007305e-08;;;;ORANGE;True
1787671579.5451512;17.055075136000596;Wi-Fi;Wi-Fi;2,4/5 GHz;wlan0;-33.0;;;;-33.0;5.011872336272725e-07;0.1;5.011872336272725e-08;4.228686747662862e-06;;;;ROUGE;False
1787671579.5599763;17.06990008200046;BLE Sniffer;iBeacon;2,4 GHz BLE;5e:ef:5d:3b:83:a3;-63.0;;;;-63.0;5.011872336272714e-10;0.000368;1.8443690197483588e-13;1.278538810957618e-11;36;0x00;38;ORANGE;False
1787671579.560038;17.069961233999493;BLE Sniffer;iBeacon;2,4 GHz BLE;5e:ef:5d:3b:83:a3;-69.0;;;;-69.0;1.2589254117941662e-10;0.000368;4.6328455154025316e-14;1.2831716564730206e-11;36;0x00;39;ORANGE;False
1787671579.5616581;17.071582783999474;BLE Sniffer;Appareil BLE;2,4 GHz BLE;62:ae:f9:af:07:b9;-75.0;;;;-75.0;3.1622776601683794e-11;0.00028;8.854377448471461e-15;1.974071718192821e-12;25;0x00;37;VERT;False
1787671579.635665;17.145408759999555;Simulation RF;Détection RF large bande;868 MHz;868 MHz;;2536;2.0432760247195527;-37.7310409887821;-70.7310409887821;8.450762590388762e-11;0.1;8.450762590388762e-12;3.492245709806342e-09;;;;VERT;True
1787671579.6358013;17.145408759999555;Simulation RF;Détection RF large bande;2,45 GHz;2,45 GHz;;2805;2.260736480570354;-46.429459222814145;-63.12945922281414;4.86467776181777e-10;0.1;4.8646777618177703e-11;1.0048918182625483e-08;;;;ORANGE;True
1787671579.644392;17.154317074000573;Wi-Fi;Wi-Fi;2,4/5 GHz;wlan0;-33.0;;;;-33.0;5.011872336272725e-07;0.1;5.011872336272725e-08;4.278805471025589e-06;;;;ROUGE;False
1787671579.6642823;17.174206719000722;BLE Sniffer;Appareil BLE;2,4 GHz BLE;62:ae:f9:af:07:b9;-69.0;;;;-69.0;1.2589254117941662e-10;0.00028;3.524991153023665e-14;2.009321629723058e-12;25;0x00;38;ORANGE;False
1787671579.6643684;17.174291538000034;BLE Sniffer;Appareil BLE;2,4 GHz BLE;62:ae:f9:af:07:b9;-73.0;;;;-73.0;5.011872336272715e-11;0.00028;1.40332425415636e-14;2.0233548722646214e-12;25;0x00;39;VERT;False
1787671579.6663308;17.17625618100101;BLE Sniffer;Appareil BLE;2,4 GHz BLE;44:52:00:58:f1:a9;-87.0;;;;-87.0;1.9952623149688827e-12;0.00019999999999999998;3.9905246299377653e-16;8.1584649212846e-15;15;0x00;37;VERT;False
1787671579.7359428;17.245518986001116;Simulation RF;Détection RF large bande;868 MHz;868 MHz;;2575;2.0749156772676542;-38.99662709070617;-71.99662709070617;6.314475622017765e-11;0.1;6.314475622017765e-12;3.49856018542836e-09;;;;VERT;True
1787671579.7361581;17.245518986001116;Simulation RF;Détection RF large bande;2,45 GHz;2,45 GHz;;2775;2.236163420238594;-45.44653680954376;-62.14653680954376;6.100231535340939e-10;0.1;6.10023153534094e-11;1.0109920497978892e-08;;;;ORANGE;True
1787671579.745082;17.255006145000152;Wi-Fi;Wi-Fi;2,4/5 GHz;wlan0;-33.0;;;;-33.0;5.011872336272725e-07;0.1;5.011872336272725e-08;4.328924194388317e-06;;;;ROUGE;False
1787671579.770545;17.28046923799957;BLE Sniffer;iBeacon;2,4 GHz BLE;5e:ef:5d:3b:83:a3;-63.0;;;;-63.0;5.011872336272714e-10;0.000368;1.8443690197483588e-13;1.3016153466705042e-11;36;0x00;38;ORANGE;False
1787671579.8358724;17.345596671999374;Simulation RF;Détection RF large bande;868 MHz;868 MHz;;2550;2.0551091670332386;-38.204366681329546;-71.20436668132955;7.578152347406521e-11;0.1;7.578152347406522e-12;3.5061383377757664e-09;;;;VERT;True
1787671579.836037;17.345596671999374;Simulation RF;Détection RF large bande;2,45 GHz;2,45 GHz;;2770;2.232219252962857;-45.28877011851428;-61.988770118514275;6.325909698780285e-10;0.1;6.325909698780285e-11;1.0173179594966694e-08;;;;ORANGE;True
1787671579.8447795;17.354703532999338;Wi-Fi;Wi-Fi;2,4/5 GHz;wlan0;-33.0;;;;-33.0;5.011872336272725e-07;0.1;5.011872336272725e-08;4.379042917751044e-06;;;;ROUGE;False
1787671579.8716784;17.381602982000913;BLE Sniffer;iBeacon;2,4 GHz BLE;5e:ef:5d:3b:83:a3;-70.0;;;;-70.0;1e-10;0.000368;3.68e-14;1.3052953466705042e-11;36;0x00;39;ORANGE;False
1787671579.8717575;17.38168039300035;BLE Sniffer;Appareil BLE;2,4 GHz BLE;28:dd:3c:d9:ae:b4;-93.0;;;;-93.0;5.011872336272715e-13;0.000376;1.8844639984385405e-16;1.8844639984385405e-16;37;0x02;37;VERT;False
1787671579.8717976;17.381720544000927;BLE Sniffer;Appareil BLE;2,4 GHz BLE;62:ae:f9:af:07:b9;-69.0;;;;-69.0;1.2589254117941662e-10;0.00028;3.524991153023665e-14;2.058604783794858e-12;25;0x00;38;ORANGE;False
1787671579.8737316;17.383655629000714;BLE Sniffer;Appareil BLE;2,4 GHz BLE;62:ae:f9:af:07:b9;-76.0;;;;-76.0;2.5118864315095823e-11;0.00028;7.03328200822683e-15;2.065638065803085e-12;25;0x00;39;VERT;False
1787671579.9359388;17.445675896000466;Simulation RF;Détection RF large bande;868 MHz;868 MHz;;2533;2.041593144906876;-37.663725796275045;-70.66372579627505;8.582768930074808e-11;0.1;8.582768930074809e-12;3.514721106705841e-09;;;;VERT;True
1787671579.9360895;17.445675896000466;Simulation RF;Détection RF large bande;2,45 GHz;2,45 GHz;;2795;2.2520014523783165;-46.08005809513266;-62.78005809513265;5.272228087695764e-10;0.1;5.272228087695764e-11;1.0225901875843651e-08;;;;ORANGE;True
1787671579.9447305;17.454654971999844;Wi-Fi;Wi-Fi;2,4/5 GHz;wlan0;-33.0;;;;-33.0;5.011872336272725e-07;0.1;5.011872336272725e-08;4.429161641113772e-06;;;;ROUGE;False
1787671579.976437;17.486361512999792;BLE Sniffer;Appareil BLE;2,4 GHz BLE;44:52:00:58:f1:a9;-84.0;;;;-84.0;3.9810717055349695e-12;0.00019999999999999998;7.962143411069938e-16;8.954679262391593e-15;15;0x00;37;VERT;False
1787671579.9765124;17.4864355360005;BLE Sniffer;Appareil BLE;2,4 GHz BLE;d3:23:2f:4d:3e:b1;-71.0;;;;-71.0;7.943282347242822e-11;0.000376;2.986674162563301e-14;1.4500683792674126e-13;37;0x00;38;VERT;False
1787671579.9784887;17.48841277199972;BLE Sniffer;Appareil BLE;2,4 GHz BLE;d3:23:2f:4d:3e:b1;-80.0;;;;-80.0;1e-11;0.000376;3.7599999999999996e-15;1.4876683792674126e-13;37;0x00;39;VERT;False
1787671580.0360265;17.54576068499955;Simulation RF;Détection RF large bande;868 MHz;868 MHz;;2543;2.049187880085298;-37.96751520341191;-70.9675152034119;8.002920075614557e-11;0.1;8.002920075614558e-12;3.5227240267814555e-09;;;;VERT;True
1787671580.0362139;17.54576068499955;Simulation RF;Détection RF large bande;2,45 GHz;2,45 GHz;;2788;2.246504437597086;-45.860177503883435;-62.56017750388344;5.546030448812588e-10;0.1;5.546030448812588e-11;1.0281362180331777e-08;;;;ORANGE;True
1787671580.0449235;17.554847782999786;Wi-Fi;Wi-Fi;2,4/5 GHz;wlan0;-33.0;;;;-33.0;5.011872336272725e-07;0.1;5.011872336272725e-08;4.479280364476499e-06;;;;ROUGE;False
1787671580.081835;17.59175916700042;BLE Sniffer;iBeacon;2,4 GHz BLE;5e:ef:5d:3b:83:a3;-66.0;;;;-66.0;2.511886431509582e-10;0.000368;9.243742067955262e-14;1.3145390887384594e-11;36;0x00;37;ORANGE;False
1787671580.0824878;17.592411517000073;BLE Sniffer;iBeacon;2,4 GHz BLE;5e:ef:5d:3b:83:a3;-64.0;;;;-64.0;3.9810717055349694e-10;0.000368;1.4650343876368688e-13;1.3291894326148281e-11;36;0x00;38;ORANGE;False
1787671580.1360958;17.645841731000473;Simulation RF;Détection RF large bande;868 MHz;868 MHz;;2529;2.038002882072533;-37.520115282901315;-70.52011528290132;8.871324629103896e-11;0.1;8.871324629103897e-12;3.5315953514105595e-09;;;;VERT;True
1787671580.136235;17.645841731000473;Simulation RF;Détection RF large bande;2,45 GHz;2,45 GHz;;2822;2.2741376044836765;-46.96550417934705;-63.665504179347046;4.2998131352079754e-10;0.1;4.2998131352079754e-11;1.0324360311683856e-08;;;;ORANGE;True
1787671580.1448917;17.65481563799949;Wi-Fi;Wi-Fi;2,4/5 GHz;wlan0;-33.0;;;;-33.0;5.011872336272725e-07;0.1;5.011872336272725e-08;4.529399087839227e-06;;;;ROUGE;False
1787671580.1840968;17.694020794000608;BLE Sniffer;iBeacon;2,4 GHz BLE;5e:ef:5d:3b:83:a3;-70.0;;;;-70.0;1e-10;0.000368;3.68e-14;1.3328694326148281e-11;36;0x00;39;ORANGE;False
1787671580.184168;17.694091223000214;BLE Sniffer;Appareil BLE;2,4 GHz BLE;44:52:00:58:f1:a9;-87.0;;;;-87.0;1.9952623149688827e-12;0.00019999999999999998;3.9905246299377653e-16;9.35373172538537e-15;15;0x00;37;VERT;False
1787671580.1861916;17.696115849999842;BLE Sniffer;Appareil BLE;2,4 GHz BLE;62:ae:c9:af:07:b9;-73.0;;;;-73.0;5.011872336272715e-11;0.00028;1.40332425415636e-14;1.40332425415636e-14;25;0x00;38;VERT;False
1787671580.2362053;17.74593137100055;Simulation RF;Détection RF large bande;868 MHz;868 MHz;;2517;2.028739515972671;-37.14958063890684;-70.14958063890684;9.661441667772146e-11;0.1;9.661441667772147e-12;3.5412567930783318e-09;;;;VERT;True
1787671580.236419;17.74593137100055;Simulation RF;Détection RF large bande;2,45 GHz;2,45 GHz;;2784;2.2433371408106537;-45.73348563242615;-62.43348563242615;5.710201539161018e-10;0.1;5.710201539161019e-11;1.0381462327075467e-08;;;;ORANGE;True
1787671580.2450328;17.754957114000717;Wi-Fi;Wi-Fi;2,4/5 GHz;wlan0;-32.0;;;;-32.0;6.30957344480193e-07;0.1;6.30957344480193e-08;4.592494822287246e-06;;;;ROUGE;False
1787671580.2883706;17.798295231999873;BLE Sniffer;Appareil BLE;2,4 GHz BLE;66:ae:f9:af:07:b9;-81.0;;;;-81.0;7.943282347242821e-12;0.00028;2.22411905722799e-15;2.22411905722799e-15;25;0x00;39;VERT;False
1787671580.2903855;17.80030972900022;BLE Sniffer;Appareil BLE;2,4 GHz BLE;62:82:29:3f:d2:02;-96.0;;;;-96.0;2.511886431509582e-13;0.000328;8.238987495351429e-17;9.877068226517459e-16;31;0x00;37;VERT;False
1787671580.3387477;17.846017566000228;Simulation RF;Détection RF large bande;868 MHz;868 MHz;;2553;2.057323361339623;-38.292934453584905;-71.2929344535849;7.425172621383874e-11;0.1;7.425172621383875e-12;3.5486819656997156e-09;;;;VERT;True
1787671580.3391855;17.846017566000228;Simulation RF;Détection RF large bande;2,45 GHz;2,45 GHz;;2755;2.219972240048046;-44.79888960192184;-61.49888960192184;7.081268141172899e-10;0.1;7.0812681411729e-11;1.0452275008487196e-08;;;;ORANGE;True
1787671580.349816;17.85974015300053;Wi-Fi;Wi-Fi;2,4/5 GHz;wlan0;-32.0;;;;-32.0;6.30957344480193e-07;0.1;6.30957344480193e-08;4.655590556735265e-06;;;;ROUGE;False
1787671580.3934798;17.903404676999344;BLE Sniffer;iBeacon;2,4 GHz BLE;5e:ef:5d:3b:83:a3;-63.0;;;;-63.0;5.011872336272714e-10;0.000368;1.8443690197483588e-13;1.3513131228123117e-11;36;0x00;38;ORANGE;False
1787671580.394222;17.904146236000088;Simulation LoRa;LoRa;868 MHz;LoRa 868.100 MHz;-84.65511343826327;;;;-84.65511343826327;3.4236444490742786e-12;0.046335999999999995;1.5863798919230576e-13;1.230873384913457e-12;13;"SNR=7.48;SF=7;BW=125.0;CR=4/5;F=868.100;CRC=OK;PAYLOAD=54454d504f5f4c4f52415f3137";7;VERT;True
1787671580.3942907;17.904213609999715;BLE Sniffer;iBeacon;2,4 GHz BLE;5e:ef:5d:3b:83:a3;-69.0;;;;-69.0;1.2589254117941662e-10;0.000368;4.6328455154025316e-14;1.3559459683277143e-11;36;0x00;39;ORANGE;False
1787671580.436365;17.946098075999544;Simulation RF;Détection RF large bande;868 MHz;868 MHz;;2608;2.1018522268524893;-40.07408907409956;-73.07408907409956;4.927096775983085e-11;0.1;4.927096775983085e-12;3.5536090624756987e-09;;;;VERT;True
1787671580.4365077;17.946098075999544;Simulation RF;Détection RF large bande;2,45 GHz;2,45 GHz;;2780;2.2405264070081663;-45.621056280326655;-62.32105628032665;5.859956227704429e-10;0.1;5.85995622770443e-11;1.051087457076424e-08;;;;ORANGE;True
1787671580.4450946;17.955018386999654;Wi-Fi;Wi-Fi;2,4/5 GHz;wlan0;-32.0;;;;-32.0;6.30957344480193e-07;0.1;6.30957344480193e-08;4.718686291183284e-06;;;;ROUGE;False
1787671580.4967508;18.00667522799995;BLE Sniffer;Appareil BLE;2,4 GHz BLE;62:ae:f9:af:07:b9;-71.0;;;;-71.0;7.943282347242822e-11;0.00028;2.22411905722799e-14;2.087879256375365e-12;25;0x00;37;VERT;False
1787671580.4968255;18.0067484909996;BLE Sniffer;Appareil BLE;2,4 GHz BLE;62:ae:f9:af:07:b9;-66.0;;;;-66.0;2.511886431509582e-10;0.00028;7.03328200822683e-14;2.1582120764576335e-12;25;0x00;38;ORANGE;False
1787671580.4988058;18.008730264000405;BLE Sniffer;Appareil BLE;2,4 GHz BLE;62:ae:f9:af:07:b9;-72.0;;;;-72.0;6.309573444801942e-11;0.00028;1.7666805645445437e-14;2.175878882103079e-12;25;0x00;39;VERT;False
1787671580.5378747;18.04629623999972;Simulation RF;Détection RF large bande;868 MHz;868 MHz;;2541;2.0476784423253007;-37.90713769301202;-70.90713769301202;8.114957145652208e-11;0.1;8.114957145652208e-12;3.5617240196213507e-09;;;;VERT;True
1787671580.5524201;18.04629623999972;Simulation RF;Détection RF large bande;2,45 GHz;2,45 GHz;;2818;2.271267633697512;-46.85070534790049;-63.55070534790049;4.4149873668007995e-10;0.1;4.4149873668008e-11;1.0555024444432247e-08;;;;ORANGE;True
1787671580.5666013;18.076525415001015;Wi-Fi;Wi-Fi;2,4/5 GHz;wlan0;-32.0;;;;-32.0;6.30957344480193e-07;0.1;6.30957344480193e-08;4.781782025631303e-06;;;;ROUGE;False
1787671580.603962;18.113887101000728;BLE Sniffer;Appareil BLE;2,4 GHz BLE;44:52:00:58:f1:a9;-85.0;;;;-85.0;3.1622776601683794e-12;0.00019999999999999998;6.324555320336759e-16;9.986187257419046e-15;15;0x00;37;VERT;False
1787671580.6366217;18.14637878599933;Simulation RF;Détection RF large bande;868 MHz;868 MHz;;2580;2.0787429158446042;-39.149716633784166;-72.14971663378417;6.095766692856685e-11;0.1;6.095766692856685e-12;3.5678197863142076e-09;;;;VERT;True
1787671580.6367798;18.14637878599933;Simulation RF;Détection RF large bande;2,45 GHz;2,45 GHz;;2771;2.2330678760878295;-45.322715043513185;-62.02271504351319;6.276658433796029e-10;0.1;6.276658433796029e-11;1.0617791028770208e-08;;;;ORANGE;True
1787671580.6454022;18.15532574700046;Wi-Fi;Wi-Fi;2,4/5 GHz;wlan0;-32.0;;;;-32.0;6.30957344480193e-07;0.1;6.30957344480193e-08;4.844877760079322e-06;;;;ROUGE;False
1787671580.7069669;18.216892952999842;BLE Sniffer;iBeacon;2,4 GHz BLE;5e:ef:5d:3b:83:a3;-64.0;;;;-64.0;3.9810717055349694e-10;0.000368;1.4650343876368688e-13;1.370596312204083e-11;36;0x00;38;ORANGE;False
1787671580.7088528;18.21877983200102;BLE Sniffer;iBeacon;2,4 GHz BLE;5e:ef:5d:3b:83:a3;-69.0;;;;-69.0;1.2589254117941662e-10;0.000368;4.6328455154025316e-14;1.3752291577194856e-11;36;0x00;39;ORANGE;False
1787671580.7089815;18.21890437500042;BLE Sniffer;Appareil BLE;2,4 GHz BLE;62:ae:f9:af:07:b9;-73.0;;;;-73.0;5.011872336272715e-11;0.00028;1.40332425415636e-14;2.1899121246446426e-12;25;0x00;37;VERT;False
1787671580.7367191;18.246462944000086;Simulation RF;Détection RF large bande;868 MHz;868 MHz;;2497;2.012048924230934;-36.48195696923736;-69.48195696923736;1.1266896454812005e-10;0.1;1.1266896454812006e-11;3.5790866827690198e-09;;;;ORANGE;True
1787671580.736865;18.246462944000086;Simulation RF;Détection RF large bande;2,45 GHz;2,45 GHz;;2795;2.2523426201095256;-46.09370480438102;-62.79370480438102;5.25568732004483e-10;0.1;5.25568732004483e-11;1.0670347901970656e-08;;;;ORANGE;True
1787671580.7463784;18.25630154600003;Wi-Fi;Wi-Fi;2,4/5 GHz;wlan0;-32.0;;;;-32.0;6.30957344480193e-07;0.1;6.30957344480193e-08;4.907973494527341e-06;;;;ROUGE;False
1787671580.81183;18.32175455200013;BLE Sniffer;Appareil BLE;2,4 GHz BLE;62:ae:f9:af:07:b9;-71.0;;;;-71.0;7.943282347242822e-11;0.00028;2.22411905722799e-14;2.2121533152169227e-12;25;0x00;38;VERT;False
1787671580.8141174;18.32404182299979;BLE Sniffer;Appareil BLE;2,4 GHz BLE;62:ae:f9:af:07:b9;-76.0;;;;-76.0;2.5118864315095823e-11;0.00028;7.03328200822683e-15;2.2191865972251495e-12;25;0x00;39;VERT;False
1787671580.8368046;18.346560992000377;Simulation RF;Détection RF large bande;868 MHz;868 MHz;;2523;2.033118694675176;-37.32474778700704;-70.32474778700704;9.27951378585166e-11;0.1;9.27951378585166e-12;3.5883661965548714e-09;;;;VERT;True
1787671580.8369534;18.346560992000377;Simulation RF;Détection RF large bande;2,45 GHz;2,45 GHz;;2798;2.2548804316031044;-46.19521726412417;-62.89521726412417;5.134264917178661e-10;0.1;5.134264917178661e-11;1.0721690551142442e-08;;;;ORANGE;True
1787671580.8456194;18.355543491999924;Wi-Fi;Wi-Fi;2,4/5 GHz;wlan0;-33.0;;;;-33.0;5.011872336272725e-07;0.1;5.011872336272725e-08;4.958092217890068e-06;;;;ROUGE;False
1787671580.917408;18.427333225999973;BLE Sniffer;Appareil BLE;2,4 GHz BLE;44:52:00:58:f1:a9;-86.0;;;;-86.0;2.5118864315095823e-12;0.00019999999999999998;5.023772863019164e-16;1.0488564543720963e-14;15;0x00;37;VERT;False
1787671580.9182086;18.42813295400083;BLE Sniffer;iBeacon;2,4 GHz BLE;5e:ef:5d:3b:83:a3;-64.0;;;;-64.0;3.9810717055349694e-10;0.000368;1.4650343876368688e-13;1.3898795015958543e-11;36;0x00;38;ORANGE;False
1787671580.9368596;18.446645260999503;Simulation RF;Détection RF large bande;868 MHz;868 MHz;;2590;2.0872487846696766;-39.489951386787055;-72.48995138678706;5.636439649990815e-11;0.1;5.636439649990815e-12;3.5940026362048622e-09;;;;VERT;True
1787671580.9370089;18.446645260999503;Simulation RF;Détection RF large bande;2,45 GHz;2,45 GHz;;2719;2.190820890742133;-43.63283562968532;-60.33283562968532;9.262248678798757e-10;0.1;9.262248678798758e-11;1.081431303793043e-08;;;;ORANGE;True
1787671580.9457498;18.455673578000642;Wi-Fi;Wi-Fi;2,4/5 GHz;wlan0;-33.0;;;;-33.0;5.011872336272725e-07;0.1;5.011872336272725e-08;5.008210941252796e-06;;;;ROUGE;False
1787671581.0216026;18.53152737700111;BLE Sniffer;iBeacon;2,4 GHz BLE;5e:ef:5d:3b:83:a3;-70.0;;;;-70.0;1e-10;0.000368;3.68e-14;1.3935595015958543e-11;36;0x00;39;ORANGE;False
1787671581.0223472;18.532271973001116;BLE Sniffer;Appareil BLE;2,4 GHz BLE;62:ae:f9:af:07:b9;-72.0;;;;-72.0;6.309573444801942e-11;0.00028;1.7666805645445437e-14;2.236853402870595e-12;25;0x00;37;VERT;False
1787671581.0224135;18.53233649499998;BLE Sniffer;Appareil BLE;2,4 GHz BLE;62:ae:f9:af:07:b9;-73.0;;;;-73.0;5.011872336272715e-11;0.00028;1.40332425415636e-14;2.2508866454121587e-12;25;0x00;38;VERT;False
1787671581.0369737;18.546728928000448;Simulation RF;Détection RF large bande;868 MHz;868 MHz;;2539;2.045824730722514;-37.83298922890056;-70.83298922890056;8.254695870871072e-11;0.1;8.254695870871073e-12;3.6022573320757335e-09;;;;VERT;True
1787671581.0371299;18.546728928000448;Simulation RF;Détection RF large bande;2,45 GHz;2,45 GHz;;2701;2.17667155030319;-43.0668620121276;-59.766862012127596;1.0551490172679072e-09;0.1;1.0551490172679073e-10;1.0919827939657222e-08;;;;ORANGE;True
1787671581.045701;18.555625217000852;Wi-Fi;Wi-Fi;2,4/5 GHz;wlan0;-33.0;;;;-33.0;5.011872336272725e-07;0.1;5.011872336272725e-08;5.058329664615523e-06;;;;ROUGE;False
1787671581.1264966;18.636421430001064;BLE Sniffer;Appareil BLE;2,4 GHz BLE;62:ae:f9:af:07:b9;-75.0;;;;-75.0;3.1622776601683794e-11;0.00028;8.854377448471461e-15;2.2597410228606302e-12;25;0x00;39;VERT;False
1787671581.1272225;18.63714587600043;BLE Sniffer;Appareil BLE;2,4 GHz BLE;44:52:00:58:f1:a9;-87.0;;;;-87.0;1.9952623149688827e-12;0.00019999999999999998;3.9905246299377653e-16;1.088761700671474e-14;15;0x00;37;VERT;False
1787671581.1370153;18.64681196499987;Simulation RF;Détection RF large bande;868 MHz;868 MHz;;2615;2.106982139520189;-40.27928558080757;-73.27928558080757;4.699714130603085e-11;0.1;4.699714130603085e-12;3.6069570462063367e-09;;;;VERT;True
1787671581.1371605;18.64681196499987;Simulation RF;Détection RF large bande;2,45 GHz;2,45 GHz;;2811;2.2652345485320473;-46.60938194128188;-63.309381941281885;4.667257968667868e-10;0.1;4.667257968667868e-11;1.0966500519343901e-08;;;;ORANGE;True
1787671581.1455052;18.655429239001023;Wi-Fi;Wi-Fi;2,4/5 GHz;wlan0;-33.0;;;;-33.0;5.011872336272725e-07;0.1;5.011872336272725e-08;5.108448387978251e-06;;;;ROUGE;False
1787671581.2312274;18.74115236199941;BLE Sniffer;iBeacon;2,4 GHz BLE;5e:ef:5d:3b:83:a3;-63.0;;;;-63.0;5.011872336272714e-10;0.000368;1.8443690197483588e-13;1.4120031917933379e-11;36;0x00;38;ORANGE;False
1787671581.2313073;18.74123073699957;BLE Sniffer;iBeacon;2,4 GHz BLE;5e:ef:5d:3b:83:a3;-70.0;;;;-70.0;1e-10;0.000368;3.68e-14;1.4156831917933379e-11;36;0x00;39;ORANGE;False
1787671581.2371097;18.746891148999566;Simulation RF;Détection RF large bande;868 MHz;868 MHz;;2565;2.0669669110936173;-38.67867644374469;-71.67867644374469;6.794106583225909e-11;0.1;6.794106583225909e-12;3.6137511527895626e-09;;;;VERT;True
1787671581.2372653;18.746891148999566;Simulation RF;Détection RF large bande;2,45 GHz;2,45 GHz;;2784;2.2437644007745132;-45.750576030980525;-62.45057603098053;5.687774854501606e-10;0.1;5.6877748545016065e-11;1.1023378267888917e-08;;;;ORANGE;True
1787671581.2468488;18.756773397999496;Wi-Fi;Wi-Fi;2,4/5 GHz;wlan0;-33.0;;;;-33.0;5.011872336272725e-07;0.1;5.011872336272725e-08;5.158567111340978e-06;;;;ROUGE;False
1787671581.3352115;18.845136125000863;BLE Sniffer;Appareil BLE;2,4 GHz BLE;62:ae:f9:af:07:b9;-72.0;;;;-72.0;6.309573444801942e-11;0.00028;1.7666805645445437e-14;2.2774078285060758e-12;25;0x00;37;VERT;False
1787671581.3371775;18.846975501000998;Simulation RF;Détection RF large bande;868 MHz;868 MHz;;2549;2.0545034668348783;-38.18013867339512;-71.18013867339512;7.62054676675377e-11;0.1;7.62054676675377e-12;3.6213716995563165e-09;;;;VERT;True
1787671581.337323;18.846975501000998;Simulation RF;Détection RF large bande;2,45 GHz;2,45 GHz;;2831;2.281706165088569;-47.26824660354275;-63.968246603542745;4.010285940081916e-10;0.1;4.010285940081916e-11;1.1063481127289736e-08;;;;ORANGE;True
1787671581.3456798;18.85560386799989;Wi-Fi;Wi-Fi;2,4/5 GHz;wlan0;-34.0;;;;-34.0;3.981071705534969e-07;0.1;3.9810717055349696e-08;5.198377828396328e-06;;;;ROUGE;False
1787671581.4387434;18.948667549000675;Simulation LoRa;LoRa;868 MHz;LoRa 868.100 MHz;-89.21911776967536;;;;-89.21911776967536;1.1969836631168628e-12;0.046335999999999995;5.546343501418295e-14;1.28633681992764e-12;13;"SNR=8.59;SF=7;BW=125.0;CR=4/5;F=868.100;CRC=OK;PAYLOAD=54454d504f5f4c4f52415f3138";7;VERT;True
1787671581.4398587;18.947402036999847;Simulation RF;Détection RF large bande;868 MHz;868 MHz;;2460;1.9820480505087819;-35.281922020351274;-68.28192202035127;1.4852781698161821e-10;0.1;1.4852781698161823e-11;3.6362244812544783e-09;;;;ORANGE;True
1787671581.4399993;18.947402036999847;Simulation RF;Détection RF large bande;2,45 GHz;2,45 GHz;;2809;2.263642462024197;-46.54569848096787;-63.245698480967874;4.736201291615226e-10;0.1;4.7362012916152266e-11;1.1110843140205889e-08;;;;ORANGE;True
1787671581.448452;18.95837627000037;Wi-Fi;Wi-Fi;2,4/5 GHz;wlan0;-34.0;;;;-34.0;3.981071705534969e-07;0.1;3.9810717055349696e-08;5.238188545451678e-06;;;;ROUGE;False
1787671581.5377407;19.04748142599965;Simulation RF;Détection RF large bande;868 MHz;868 MHz;;2554;2.0580147892706497;-38.32059157082598;-71.32059157082598;7.378037239278588e-11;0.1;7.378037239278588e-12;3.643602518493757e-09;;;;VERT;True
1787671581.5378838;19.04748142599965;Simulation RF;Détection RF large bande;2,45 GHz;2,45 GHz;;2811;2.2655641872075907;-46.622567488303616;-63.32256748830362;4.6531092687432205e-10;0.1;4.6531092687432206e-11;1.115737423289332e-08;;;;ORANGE;True
1787671581.5424473;19.05237294499966;BLE Sniffer;iBeacon;2,4 GHz BLE;5e:ef:5d:3b:83:a3;-64.0;;;;-64.0;3.9810717055349694e-10;0.000368;1.4650343876368688e-13;1.4303335356697066e-11;36;0x00;38;ORANGE;False
1787671581.5425267;19.052449635000812;BLE Sniffer;iBeacon;2,4 GHz BLE;5e:ef:5d:3b:83:a3;-70.0;;;;-70.0;1e-10;0.000368;3.68e-14;1.4340135356697066e-11;36;0x00;39;ORANGE;False
1787671581.5425684;19.052491415000986;BLE Sniffer;Appareil BLE;2,4 GHz BLE;57:83:a4:16:f6:fb;-96.0;;;;-96.0;2.511886431509582e-13;0.00026399999999999997;6.631380179185296e-17;6.631380179185296e-17;23;0x00;37;VERT;False
1787671581.5486445;19.05856881299951;Wi-Fi;Wi-Fi;2,4/5 GHz;wlan0;-34.0;;;;-34.0;3.981071705534969e-07;0.1;3.9810717055349696e-08;5.277999262507028e-06;;;;ROUGE;False
1787671581.637849;19.147570832999918;Simulation RF;Détection RF large bande;868 MHz;868 MHz;;2579;2.078218191798817;-39.128727671952674;-72.12872767195267;6.125298148460908e-11;0.1;6.125298148460908e-12;3.6497278166422177e-09;;;;VERT;True
1787671581.6380084;19.147570832999918;Simulation RF;Détection RF large bande;2,45 GHz;2,45 GHz;;2781;2.241439615471453;-45.657584618858124;-62.35758461885812;5.810875064933717e-10;0.1;5.810875064933717e-11;1.1215482983542658e-08;;;;ORANGE;True
1787671581.6464446;19.15636839400031;Wi-Fi;Wi-Fi;2,4/5 GHz;wlan0;-34.0;;;;-34.0;3.981071705534969e-07;0.1;3.9810717055349696e-08;5.317809979562378e-06;;;;ROUGE;False
1787671581.7379262;19.247657481000715;Simulation RF;Détection RF large bande;868 MHz;868 MHz;;2607;2.101210546087051;-40.048421843482046;-73.04842184348205;4.956302621762499e-11;0.1;4.9563026217624996e-12;3.6546841192639803e-09;;;;VERT;True
1787671581.7380784;19.247657481000715;Simulation RF;Détection RF large bande;2,45 GHz;2,45 GHz;;2791;2.249363490512584;-45.974539620503364;-62.67453962050336;5.401893752047303e-10;0.1;5.401893752047303e-11;1.1269501921063131e-08;;;;ORANGE;True
1787671581.7466567;19.25658086400108;Wi-Fi;Wi-Fi;2,4/5 GHz;wlan0;-34.0;;;;-34.0;3.981071705534969e-07;0.1;3.9810717055349696e-08;5.357620696617728e-06;;;;ROUGE;False
1787671581.7512922;19.261216500000955;BLE Sniffer;Appareil BLE;2,4 GHz BLE;62:ae:f9:af:07:b9;-75.0;;;;-75.0;3.1622776601683794e-11;0.00028;8.854377448471461e-15;2.2862622059545473e-12;25;0x00;38;VERT;False
1787671581.838006;19.347737017000327;Simulation RF;Détection RF large bande;868 MHz;868 MHz;;2539;2.04574182940051;-37.82967317602039;-70.82967317602039;8.261001145780294e-11;0.1;8.261001145780295e-12;3.6629451204097607e-09;;;;VERT;True
1787671581.8381608;19.347737017000327;Simulation RF;Détection RF large bande;2,45 GHz;2,45 GHz;;2794;2.2512000090085853;-46.04800036034341;-62.748000360343404;5.311289377861089e-10;0.1;5.3112893778610894e-11;1.1322614814841742e-08;;;;ORANGE;True
1787671581.8466442;19.35656820999975;Wi-Fi;Wi-Fi;2,4/5 GHz;wlan0;-34.0;;;;-34.0;3.981071705534969e-07;0.1;3.9810717055349696e-08;5.397431413673078e-06;;;;ROUGE;False
1787671581.853166;19.36309070599964;BLE Sniffer;Appareil BLE;2,4 GHz BLE;62:ae:f9:af:07:b9;-82.0;;;;-82.0;6.309573444801943e-12;0.00028;1.7666805645445437e-15;2.288028886519092e-12;25;0x00;39;VERT;False
1787671581.8532352;19.36315835700043;BLE Sniffer;iBeacon;2,4 GHz BLE;5e:ef:5d:3b:83:a3;-66.0;;;;-66.0;2.511886431509582e-10;0.000368;9.243742067955262e-14;1.4432572777376618e-11;36;0x00;37;ORANGE;False
1787671581.8532746;19.363197619000857;BLE Sniffer;iBeacon;2,4 GHz BLE;5e:ef:5d:3b:83:a3;-64.0;;;;-64.0;3.9810717055349694e-10;0.000368;1.4650343876368688e-13;1.4579076216140303e-11;36;0x00;38;ORANGE;False
1787671581.8554237;19.36534825200033;BLE Sniffer;iBeacon;2,4 GHz BLE;5e:ef:5d:3b:83:a3;-70.0;;;;-70.0;1e-10;0.000368;3.68e-14;1.46158762161403e-11;36;0x00;39;ORANGE;False
1787671581.9380667;19.447812831000192;Simulation RF;Détection RF large bande;868 MHz;868 MHz;;2568;2.069075560994243;-38.76302243976971;-71.76302243976971;6.663428715015452e-11;0.1;6.663428715015452e-12;3.669608549124776e-09;;;;VERT;True
1787671581.938211;19.447812831000192;Simulation RF;Détection RF large bande;2,45 GHz;2,45 GHz;;2824;2.275921735553431;-47.03686942213723;-63.736869422137225;4.22973401474511e-10;0.1;4.2297340147451104e-11;1.1364912154989193e-08;;;;ORANGE;True
1787671581.946618;19.45654220399956;Wi-Fi;Wi-Fi;2,4/5 GHz;wlan0;-34.0;;;;-34.0;3.981071705534969e-07;0.1;3.9810717055349696e-08;5.437242130728428e-06;;;;ROUGE;False
1787671581.9587436;19.468667683000604;BLE Sniffer;Appareil BLE;2,4 GHz BLE;44:50:00:48:f1:aa;-85.0;;;;-85.0;3.1622776601683794e-12;0.00019999999999999998;6.324555320336759e-16;6.324555320336759e-16;15;0x00;37;VERT;False
1787671581.958804;19.46872707500006;BLE Sniffer;Appareil BLE;2,4 GHz BLE;d3:23:2f:4d:3e:b1;-71.0;;;;-71.0;7.943282347242822e-11;0.000376;2.986674162563301e-14;1.7863357955237427e-13;37;0x00;38;VERT;False
1787671581.958842;19.468765096000425;BLE Sniffer;Appareil BLE;2,4 GHz BLE;d3:23:2f:4d:3e:b1;-79.0;;;;-79.0;1.2589254117941662e-11;0.000376;4.7335595483460644e-15;1.8336713910072034e-13;37;0x00;39;VERT;False
1787671582.0381556;19.54789254299976;Simulation RF;Détection RF large bande;868 MHz;868 MHz;;2641;2.1286266040754906;-41.145064163019626;-74.14506416301963;3.8502912618499924e-11;0.1;3.8502912618499924e-12;3.673458840386626e-09;;;;VERT;True
1787671582.0383034;19.54789254299976;Simulation RF;Détection RF large bande;2,45 GHz;2,45 GHz;;2769;2.2313434152544933;-45.25373661017973;-61.95373661017973;6.377145692119228e-10;0.1;6.377145692119228e-11;1.1428683611910386e-08;;;;ORANGE;True
1787671582.0467713;19.556695843000853;Wi-Fi;Wi-Fi;2,4/5 GHz;wlan0;-34.0;;;;-34.0;3.981071705534969e-07;0.1;3.9810717055349696e-08;5.477052847783778e-06;;;;ROUGE;False
1787671582.063878;19.57380182400084;BLE Sniffer;Appareil BLE;2,4 GHz BLE;62:ae:f9:af:07:b9;-74.0;;;;-74.0;3.9810717055349695e-11;0.00028;1.1147000775497913e-14;2.2991758872945898e-12;25;0x00;37;VERT;False
1787671582.0659142;19.575839598999664;BLE Sniffer;Appareil BLE;2,4 GHz BLE;62:ae:f9:af:07:b9;-74.0;;;;-74.0;3.9810717055349695e-11;0.00028;1.1147000775497913e-14;2.3103228880700876e-12;25;0x00;38;VERT;False
1787671582.0675075;19.57743196100091;BLE Sniffer;Appareil BLE;2,4 GHz BLE;62:ae:f9:af:07:b9;-82.0;;;;-82.0;6.309573444801943e-12;0.00028;1.7666805645445437e-15;2.312089568634632e-12;25;0x00;39;VERT;False
1787671582.138219;19.647968717999902;Simulation RF;Détection RF large bande;868 MHz;868 MHz;;2641;2.127899806661507;-41.11599226646028;-74.11599226646028;3.876151769311373e-11;0.1;3.8761517693113735e-12;3.6773349921559373e-09;;;;VERT;True
1787671582.1383598;19.647968717999902;Simulation RF;Détection RF large bande;2,45 GHz;2,45 GHz;;2743;2.2107490494661604;-44.4299619786464;-61.129961978646406;7.709102181535635e-10;0.1;7.709102181535635e-11;1.1505774633725742e-08;;;;ORANGE;True
1787671582.146756;19.65667995700096;Wi-Fi;Wi-Fi;2,4/5 GHz;wlan0;-34.0;;;;-34.0;3.981071705534969e-07;0.1;3.9810717055349696e-08;5.5168635648391285e-06;;;;ROUGE;False
1787671582.1695757;19.679500370000824;BLE Sniffer;iBeacon;2,4 GHz BLE;5e:ef:5d:3b:83:a3;-66.0;;;;-66.0;2.511886431509582e-10;0.000368;9.243742067955262e-14;1.4708313636819854e-11;36;0x00;37;ORANGE;False
1787671582.169659;19.679581708000114;BLE Sniffer;iBeacon;2,4 GHz BLE;5e:ef:5d:3b:83:a3;-63.0;;;;-63.0;5.011872336272714e-10;0.000368;1.8443690197483588e-13;1.489275053879469e-11;36;0x00;38;ORANGE;False
1787671582.1736004;19.683524916999886;BLE Sniffer;iBeacon;2,4 GHz BLE;5e:ef:5d:3b:83:a3;-70.0;;;;-70.0;1e-10;0.000368;3.68e-14;1.492955053879469e-11;36;0x00;39;ORANGE;False
1787671582.2383206;19.74805815199943;Simulation RF;Détection RF large bande;868 MHz;868 MHz;;2579;2.078706846135313;-39.14827384541252;-72.14827384541252;6.097792130140622e-11;0.1;6.0977921301406226e-12;3.683432784286078e-09;;;;VERT;True
1787671582.2384753;19.74805815199943;Simulation RF;Détection RF large bande;2,45 GHz;2,45 GHz;;2810;2.264548267832048;-46.58193071328192;-63.28193071328192;4.696852574216154e-10;0.1;4.6968525742161544e-11;1.1552743159467904e-08;;;;ORANGE;True
1787671582.2468498;19.756773781000447;Wi-Fi;Wi-Fi;2,4/5 GHz;wlan0;-34.0;;;;-34.0;3.981071705534969e-07;0.1;3.9810717055349696e-08;5.5566742818944785e-06;;;;ROUGE;False
1787671582.2748406;19.784764134999932;BLE Sniffer;Appareil BLE;2,4 GHz BLE;44:52:00:58:f1:a9;-87.0;;;;-87.0;1.9952623149688827e-12;0.00019999999999999998;3.9905246299377653e-16;1.1286669469708516e-14;15;0x00;37;VERT;False
1787671582.3383825;19.848133770999993;Simulation RF;Détection RF large bande;868 MHz;868 MHz;;2611;2.104265894586815;-40.170635783472605;-73.1706357834726;4.81877248256082e-11;0.1;4.818772482560821e-12;3.688251556768639e-09;;;;VERT;True
1787671582.3385224;19.848133770999993;Simulation RF;Détection RF large bande;2,45 GHz;2,45 GHz;;2790;2.2481709385037187;-45.92683754014874;-62.626837540148735;5.461554175761172e-10;0.1;5.461554175761172e-11;1.1607358701225516e-08;;;;ORANGE;True
1787671582.346998;19.85692155200013;Wi-Fi;Wi-Fi;2,4/5 GHz;wlan0;-34.0;;;;-34.0;3.981071705534969e-07;0.1;3.9810717055349696e-08;5.5964849989498286e-06;;;;ROUGE;False
1787671582.3785722;19.88849683599983;BLE Sniffer;Appareil BLE;2,4 GHz BLE;62:ae:f9:af:07:b9;-70.0;;;;-70.0;1e-10;0.00028;2.7999999999999997e-14;2.340089568634632e-12;25;0x00;38;ORANGE;False
1787671582.3786433;19.888566191999416;BLE Sniffer;Appareil BLE;2,4 GHz BLE;62:ae:f9:af:07:b9;-81.0;;;;-81.0;7.943282347242821e-12;0.00028;2.22411905722799e-15;2.34231368769186e-12;25;0x00;39;VERT;False
1787671582.3810284;19.89095335499951;BLE Sniffer;iBeacon;2,4 GHz BLE;5e:ef:5d:3b:83:a3;-66.0;;;;-66.0;2.511886431509582e-10;0.000368;9.243742067955262e-14;1.502198795947424e-11;36;0x00;37;ORANGE;False
1787671582.3811533;19.891076305999377;Simulation LoRa;LoRa;868 MHz;LoRa 868.100 MHz;-89.0037185829472;;;;-89.0037185829472;1.2578479366852454e-12;0.046335999999999995;5.828364199424753e-14;1.3446204619218874e-12;13;"SNR=5.94;SF=7;BW=125.0;CR=4/5;F=868.100;CRC=OK;PAYLOAD=54454d504f5f4c4f52415f3139";7;VERT;True
1787671582.3811965;19.89111940099974;BLE Sniffer;iBeacon;2,4 GHz BLE;5e:ef:5d:3b:83:a3;-64.0;;;;-64.0;3.9810717055349694e-10;0.000368;1.4650343876368688e-13;1.5168491398237927e-11;36;0x00;38;ORANGE;False
1787671582.4384892;19.948219391000748;Simulation RF;Détection RF large bande;868 MHz;868 MHz;;2681;2.160733458623746;-42.42933834494984;-75.42933834494984;2.8646143655471704e-11;0.1;2.8646143655471705e-12;3.6911161711341863e-09;;;;VERT;True
1787671582.438648;19.948219391000748;Simulation RF;Détection RF large bande;2,45 GHz;2,45 GHz;;2816;2.2693888245662444;-46.77555298264977;-63.475552982649766;4.4920512420717126e-10;0.1;4.492051242071713e-11;1.1652279213646232e-08;;;;ORANGE;True
1787671582.4469182;19.956842199000675;Wi-Fi;Wi-Fi;2,4/5 GHz;wlan0;-34.0;;;;-34.0;3.981071705534969e-07;0.1;3.9810717055349696e-08;5.636295716005179e-06;;;;ROUGE;False
1787671582.4851785;19.99510267200094;BLE Sniffer;iBeacon;2,4 GHz BLE;5e:ef:5d:3b:83:a3;-70.0;;;;-70.0;1e-10;0.000368;3.68e-14;1.5205291398237925e-11;36;0x00;39;ORANGE;False
1787671582.485247;19.995170026999403;BLE Sniffer;Appareil BLE;2,4 GHz BLE;44:52:00:58:f1:a9;-86.0;;;;-86.0;2.5118864315095823e-12;0.00019999999999999998;5.023772863019164e-16;1.1789046756010433e-14;15;0x00;37;VERT;False
1787671582.4875557;19.997480464000546;BLE Sniffer;Appareil BLE;2,4 GHz BLE;62:82:29:3f:d2:02;-89.0;;;;-89.0;1.258925411794166e-12;0.000328;4.1292753506848647e-16;1.4006343577202323e-15;31;0x00;38;VERT;False
1787671582.5385725;20.048306787999536;Simulation RF;Détection RF large bande;868 MHz;868 MHz;;2597;2.0924236226752972;-39.69694490701188;-72.69694490701188;5.3740971028748577e-11;0.1;5.374097102874858e-12;3.696490268237061e-09;;;;VERT;True
1787671582.5387285;20.048306787999536;Simulation RF;Détection RF large bande;2,45 GHz;2,45 GHz;;2795;2.2520300839608813;-46.081203358435246;-62.78120335843525;5.270837949544989e-10;0.1;5.2708379495449896e-11;1.1704987593141682e-08;;;;ORANGE;True
1787671582.5470436;20.056967579999764;Wi-Fi;Wi-Fi;2,4/5 GHz;wlan0;-34.0;;;;-34.0;3.981071705534969e-07;0.1;3.9810717055349696e-08;5.676106433060529e-06;;;;ROUGE;False
1787671582.5902615;20.10018574100104;BLE Sniffer;Appareil BLE;2,4 GHz BLE;62:82:29:3f:d2:02;-87.0;;;;-87.0;1.9952623149688827e-12;0.000328;6.544460393097936e-16;2.0550803970300256e-15;31;0x00;39;VERT;False
1787671582.5927384;20.102662909999708;BLE Sniffer;Appareil BLE;2,4 GHz BLE;62:ae:f9:af:07:b9;-71.0;;;;-71.0;7.943282347242822e-11;0.00028;2.22411905722799e-14;2.36455487826414e-12;25;0x00;37;VERT;False
1787671582.638651;20.14838768499976;Simulation RF;Détection RF large bande;868 MHz;868 MHz;;2597;2.0924956167902855;-39.699824671611424;-72.69982467161142;5.3705347723980516e-11;0.1;5.370534772398052e-12;3.701860803009459e-09;;;;VERT;True
1787671582.6387944;20.14838768499976;Simulation RF;Détection RF large bande;2,45 GHz;2,45 GHz;;2835;2.284823040578214;-47.39292162312856;-64.09292162312856;3.8967974977212236e-10;0.1;3.896797497721224e-11;1.1743955568118894e-08;;;;ORANGE;True
1787671582.6469204;20.156844688999627;Wi-Fi;Wi-Fi;2,4/5 GHz;wlan0;-34.0;;;;-34.0;3.981071705534969e-07;0.1;3.9810717055349696e-08;5.715917150115879e-06;;;;ROUGE;False
1787671582.6947055;20.204630184000052;BLE Sniffer;Appareil BLE;2,4 GHz BLE;62:a6:fd:af:07:b9;-68.0;;;;-68.0;1.584893192461111e-10;0.00028;4.43770093889111e-14;4.43770093889111e-14;25;0x00;38;ORANGE;False
1787671582.6947935;20.20471643000019;BLE Sniffer;Appareil BLE;2,4 GHz BLE;62:ae:f9:af:07:b9;-73.0;;;;-73.0;5.011872336272715e-11;0.00028;1.40332425415636e-14;2.3785881208057036e-12;25;0x00;39;VERT;False
1787671582.6990662;20.208991266999874;BLE Sniffer;iBeacon;2,4 GHz BLE;5e:ef:5d:3b:83:a3;-66.0;;;;-66.0;2.511886431509582e-10;0.000368;9.243742067955262e-14;1.5297728818917477e-11;36;0x00;37;ORANGE;False
1787671582.69915;20.209073104999334;BLE Sniffer;iBeacon;2,4 GHz BLE;5e:ef:5d:3b:83:a3;-64.0;;;;-64.0;3.9810717055349694e-10;0.000368;1.4650343876368688e-13;1.5444232257681163e-11;36;0x00;38;ORANGE;False
1787671582.7387161;20.24846400699971;Simulation RF;Détection RF large bande;868 MHz;868 MHz;;2536;2.0439347879666583;-37.757391518666324;-70.75739151866632;8.399643386415589e-11;0.1;8.39964338641559e-12;3.7102604463958745e-09;;;;VERT;True
1787671582.738861;20.24846400699971;Simulation RF;Détection RF large bande;2,45 GHz;2,45 GHz;;2799;2.2555638242869143;-46.222552971476574;-62.92255297147657;5.102049911649364e-10;0.1;5.102049911649364e-11;1.1794976067235387e-08;;;;ORANGE;True
1787671582.7476664;20.257590306000566;Wi-Fi;Wi-Fi;2,4/5 GHz;wlan0;-34.0;;;;-34.0;3.981071705534969e-07;0.1;3.9810717055349696e-08;5.755727867171229e-06;;;;ROUGE;False
1787671582.8029585;20.312882939999326;BLE Sniffer;iBeacon;2,4 GHz BLE;5e:ef:5d:3b:83:a3;-70.0;;;;-70.0;1e-10;0.000368;3.68e-14;1.548103225768116e-11;36;0x00;39;ORANGE;False
1787671582.8047173;20.3146419220011;BLE Sniffer;Appareil BLE;2,4 GHz BLE;44:52:00:58:f1:a9;-87.0;;;;-87.0;1.9952623149688827e-12;0.00019999999999999998;3.9905246299377653e-16;1.218809921900421e-14;15;0x00;37;VERT;False
1787671582.805572;20.31549656000061;BLE Sniffer;Appareil BLE;2,4 GHz BLE;62:82:29:3f:d2:02;-46.0;;;;-46.0;2.511886431509582e-08;0.000176;4.4209201194568646e-12;4.422975199853895e-12;12;0x03;38;ROUGE;False
1787671582.8056412;20.315564063999773;BLE Sniffer;Appareil BLE;2,4 GHz BLE;62:82:29:3f:d2:02;-87.0;;;;-87.0;1.9952623149688827e-12;0.000328;6.544460393097936e-16;4.423629645893204e-12;31;0x00;39;VERT;False
1787671582.8413446;20.34854327500034;Simulation RF;Détection RF large bande;868 MHz;868 MHz;;2596;2.091635689200714;-39.66542756802855;-72.66542756802855;5.413239512790982e-11;0.1;5.413239512790982e-12;3.7156736859086654e-09;;;;VERT;True
1787671582.841857;20.34854327500034;Simulation RF;Détection RF large bande;2,45 GHz;2,45 GHz;;2757;2.2215095950110855;-44.860383800443415;-61.56038380044342;6.981707016893721e-10;0.1;6.98170701689372e-11;1.1864793137404324e-08;;;;ORANGE;True
1787671582.8519337;20.36186012899998;Wi-Fi;Wi-Fi;2,4/5 GHz;wlan0;-34.0;;;;-34.0;3.981071705534969e-07;0.1;3.9810717055349696e-08;5.795538584226579e-06;;;;ROUGE;False
1787671582.909434;20.419358213001033;BLE Sniffer;Appareil BLE;2,4 GHz BLE;62:ae:f9:af:07:b9;-71.0;;;;-71.0;7.943282347242822e-11;0.00028;2.22411905722799e-14;2.4008293113779836e-12;25;0x00;37;VERT;False
1787671582.911908;20.421832566000376;BLE Sniffer;Appareil BLE;2,4 GHz BLE;62:ae:f9:af:07:b9;-71.0;;;;-71.0;7.943282347242822e-11;0.00028;2.22411905722799e-14;2.4230705019502637e-12;25;0x00;38;VERT;False
1787671582.9119902;20.42191331200047;BLE Sniffer;Appareil BLE;2,4 GHz BLE;62:ae:f9:af:07:b9;-72.0;;;;-72.0;6.309573444801942e-11;0.00028;1.7666805645445437e-14;2.440737307595709e-12;25;0x00;39;VERT;False
1787671582.9388785;20.448625838000225;Simulation RF;Détection RF large bande;868 MHz;868 MHz;;2654;2.1390772156708016;-41.563088626832055;-74.56308862683206;3.4969638058784884e-11;0.1;3.4969638058784885e-12;3.719170649714544e-09;;;;VERT;True
1787671582.9390244;20.448625838000225;Simulation RF;Détection RF large bande;2,45 GHz;2,45 GHz;;2751;2.2168441134814265;-44.67376453925705;-61.37376453925705;7.288254779076416e-10;0.1;7.288254779076416e-11;1.1937675685195088e-08;;;;ORANGE;True
1787671582.946976;20.456899888000407;Wi-Fi;Wi-Fi;2,4/5 GHz;wlan0;-34.0;;;;-34.0;3.981071705534969e-07;0.1;3.9810717055349696e-08;5.835349301281929e-06;;;;ROUGE;False
1787671583.0148277;20.524752630000876;BLE Sniffer;iBeacon;2,4 GHz BLE;5e:ef:5d:3b:83:a3;-66.0;;;;-66.0;2.511886431509582e-10;0.000368;9.243742067955262e-14;1.5573469678360713e-11;36;0x00;37;ORANGE;False
1787671583.017524;20.527449031000288;BLE Sniffer;iBeacon;2,4 GHz BLE;5e:ef:5d:3b:83:a3;-64.0;;;;-64.0;3.9810717055349694e-10;0.000368;1.4650343876368688e-13;1.57199731171244e-11;36;0x00;38;ORANGE;False
1787671583.017607;20.527529850000064;BLE Sniffer;iBeacon;2,4 GHz BLE;5e:ef:5d:3b:83:a3;-70.0;;;;-70.0;1e-10;0.000368;3.68e-14;1.5756773117124397e-11;36;0x00;39;ORANGE;False
1787671583.0389795;20.548720208000304;Simulation RF;Détection RF large bande;868 MHz;868 MHz;;2655;2.1396677176148606;-41.58670870459443;-74.58670870459443;3.477996411232554e-11;0.1;3.477996411232554e-12;3.7226486461257765e-09;;;;VERT;True
1787671583.0391395;20.548720208000304;Simulation RF;Détection RF large bande;2,45 GHz;2,45 GHz;;2772;2.2339100595126418;-45.35640238050567;-62.056402380505666;6.228160014119182e-10;0.1;6.228160014119182e-11;1.199995728533628e-08;;;;ORANGE;True
1787671583.0477555;20.557679773000928;Wi-Fi;Wi-Fi;2,4/5 GHz;wlan0;-34.0;;;;-34.0;3.981071705534969e-07;0.1;3.9810717055349696e-08;5.875160018337279e-06;;;;ROUGE;False
1787671583.122686;20.63261066800078;BLE Sniffer;Appareil BLE;2,4 GHz BLE;62:ae:f9:af:07:b9;-74.0;;;;-74.0;3.9810717055349695e-11;0.00028;1.1147000775497913e-14;2.451884308371207e-12;25;0x00;37;VERT;False
1787671583.139014;20.648803410000255;Simulation RF;Détection RF large bande;868 MHz;868 MHz;;2657;2.1409744965578024;-41.638979862312084;-74.63897986231208;3.43638657554524e-11;0.1;3.43638657554524e-12;3.726085032701322e-09;;;;VERT;True
1787671583.1391652;20.648803410000255;Simulation RF;Détection RF large bande;2,45 GHz;2,45 GHz;;2775;2.235946915558862;-45.437876622354466;-62.13787662235446;6.11240803240605e-10;0.1;6.11240803240605e-11;1.206108136566034e-08;;;;ORANGE;True
1787671583.147927;20.657851887001016;Wi-Fi;Wi-Fi;2,4/5 GHz;wlan0;-34.0;;;;-34.0;3.981071705534969e-07;0.1;3.9810717055349696e-08;5.914970735392629e-06;;;;ROUGE;False
1787671583.2257216;20.735647007000807;BLE Sniffer;Appareil BLE;2,4 GHz BLE;62:ae:f9:af:07:b9;-70.0;;;;-70.0;1e-10;0.00028;2.7999999999999997e-14;2.479884308371207e-12;25;0x00;38;ORANGE;False
1787671583.22659;20.736514292999345;BLE Sniffer;Appareil BLE;2,4 GHz BLE;62:ae:f9:af:07:b9;-71.0;;;;-71.0;7.943282347242822e-11;0.00028;2.22411905722799e-14;2.502125498943487e-12;25;0x00;39;VERT;False
1787671583.2266603;20.736583408001025;BLE Sniffer;Appareil BLE;2,4 GHz BLE;44:52:00:58:f1:a9;-87.0;;;;-87.0;1.9952623149688827e-12;0.00019999999999999998;3.9905246299377653e-16;1.2587151681997986e-14;15;0x00;37;VERT;False
1787671583.226699;20.73662192899974;BLE Sniffer;iBeacon;2,4 GHz BLE;5e:ef:5d:3b:83:a3;-64.0;;;;-64.0;3.9810717055349694e-10;0.000368;1.4650343876368688e-13;1.5903276555888083e-11;36;0x00;38;ORANGE;False
1787671583.2467387;20.749030786999356;Simulation RF;Détection RF large bande;868 MHz;868 MHz;;2687;2.1655322134747554;-42.621288538990214;-75.62128853899021;2.7407608755692256e-11;0.1;2.7407608755692257e-12;3.728825793576891e-09;;;;VERT;True
1787671583.2470503;20.749030786999356;Simulation RF;Détection RF large bande;2,45 GHz;2,45 GHz;;2814;2.2673247086957162;-46.692988347828646;-63.39298834782864;4.5782675114453487e-10;0.1;4.578267511445349e-11;1.2106864040774793e-08;;;;ORANGE;True
1787671583.2559943;20.765918418001093;Wi-Fi;Wi-Fi;2,4/5 GHz;wlan0;-34.0;;;;-34.0;3.981071705534969e-07;0.1;3.9810717055349696e-08;5.954781452447979e-06;;;;ROUGE;False
1787671583.330063;20.839988322000863;BLE Sniffer;iBeacon;2,4 GHz BLE;5e:ef:5d:3b:83:a3;-70.0;;;;-70.0;1e-10;0.000368;3.68e-14;1.594007655588808e-11;36;0x00;39;ORANGE;False
1787671583.339323;20.84911647000081;Simulation RF;Détection RF large bande;868 MHz;868 MHz;;2637;2.1250554285350884;-41.002217141403534;-74.00221714140353;3.979039824725678e-11;0.1;3.9790398247256784e-12;3.732804833401617e-09;;;;VERT;True
1787671583.3394732;20.84911647000081;Simulation RF;Détection RF large bande;2,45 GHz;2,45 GHz;;2828;2.279119775959868;-47.164791038394725;-63.86479103839473;4.1069640013382586e-10;0.1;4.1069640013382586e-11;1.2147933680788175e-08;;;;ORANGE;True
1787671583.3480518;20.857975992999854;Wi-Fi;Wi-Fi;2,4/5 GHz;wlan0;-34.0;;;;-34.0;3.981071705534969e-07;0.1;3.9810717055349696e-08;5.994592169503329e-06;;;;ROUGE;False
1787671583.436154;20.946078156001022;Simulation LoRa;LoRa;868 MHz;LoRa 868.100 MHz;-85.19236419926396;;;;-85.19236419926396;3.025266094481426e-12;0.046335999999999995;1.4017872975389135e-13;1.4847991916757788e-12;13;"SNR=8.16;SF=7;BW=125.0;CR=4/5;F=868.100;CRC=OK;PAYLOAD=54454d504f5f4c4f52415f3230";7;VERT;True
1787671583.436244;20.946166902000186;BLE Sniffer;Appareil BLE;2,4 GHz BLE;44:52:00:58:f1:a9;-89.0;;;;-89.0;1.258925411794166e-12;0.00019999999999999998;2.517850823588332e-16;1.283893676435682e-14;15;0x00;37;VERT;False
1787671583.4383547;20.948279346001073;BLE Sniffer;Appareil BLE;2,4 GHz BLE;62:ae:f9:af:07:b9;-71.0;;;;-71.0;7.943282347242822e-11;0.00028;2.22411905722799e-14;2.524366689515767e-12;25;0x00;38;VERT;False
1787671583.4396026;20.949221507000402;Simulation RF;Détection RF large bande;868 MHz;868 MHz;;2578;2.077739292760341;-39.10957171041365;-72.10957171041365;6.152375427969394e-11;0.1;6.152375427969394e-12;3.7389572088295864e-09;;;;VERT;True
1787671583.4397326;20.949221507000402;Simulation RF;Détection RF large bande;2,45 GHz;2,45 GHz;;2866;2.309395925288577;-48.375837011543084;-65.07583701154309;3.1075369324426196e-10;0.1;3.1075369324426194e-11;1.2179009050112602e-08;;;;ORANGE;True
1787671583.4562607;20.96618443800071;Wi-Fi;Wi-Fi;2,4/5 GHz;wlan0;-34.0;;;;-34.0;3.981071705534969e-07;0.1;3.9810717055349696e-08;6.034402886558679e-06;;;;ROUGE;False
1787671583.5422626;21.052187156999935;BLE Sniffer;Appareil BLE;2,4 GHz BLE;62:ae:f9:af:07:b9;-72.0;;;;-72.0;6.309573444801942e-11;0.00028;1.7666805645445437e-14;2.5420334951612126e-12;25;0x00;39;VERT;False
1787671583.5423462;21.05226934700113;BLE Sniffer;iBeacon;2,4 GHz BLE;5e:ef:5d:3b:83:a3;-66.0;;;;-66.0;2.511886431509582e-10;0.000368;9.243742067955262e-14;1.6032513976567633e-11;36;0x00;37;ORANGE;False
1787671583.542387;21.052309848999357;BLE Sniffer;iBeacon;2,4 GHz BLE;5e:ef:5d:3b:83:a3;-64.0;;;;-64.0;3.9810717055349694e-10;0.000368;1.4650343876368688e-13;1.617901741533132e-11;36;0x00;38;ORANGE;False
1787671583.5395875;21.04931285800012;Simulation RF;Détection RF large bande;868 MHz;868 MHz;;2677;2.1574008943687017;-42.29603577474806;-75.29603577474806;2.953904310250073e-11;0.1;2.9539043102500734e-12;3.741911113139836e-09;;;;VERT;True
1787671583.5454912;21.04931285800012;Simulation RF;Détection RF large bande;2,45 GHz;2,45 GHz;;2820;2.272154987477927;-46.88619949911707;-63.58619949911707;4.3790514730732915e-10;0.1;4.3790514730732915e-11;1.2222799564843335e-08;;;;ORANGE;True
1787671583.5540595;21.063983705000282;Wi-Fi;Wi-Fi;2,4/5 GHz;wlan0;-34.0;;;;-34.0;3.981071705534969e-07;0.1;3.9810717055349696e-08;6.074213603614029e-06;;;;ROUGE;False
1787671583.6396487;21.149392301000262;Simulation RF;Détection RF large bande;868 MHz;868 MHz;;2722;2.1935810132193487;-43.74324052877394;-76.74324052877394;2.1167810898901798e-11;0.1;2.11678108989018e-12;3.744027894229726e-09;;;;VERT;True
1787671583.6397932;21.149392301000262;Simulation RF;Détection RF large bande;2,45 GHz;2,45 GHz;;2859;2.3038824665716238;-48.15529866286495;-64.85529866286495;3.2694156239912144e-10;0.1;3.2694156239912144e-11;1.2255493721083247e-08;;;;ORANGE;True
1787671583.6479523;21.157878006999454;BLE Sniffer;iBeacon;2,4 GHz BLE;5e:ef:5d:3b:83:a3;-70.0;;;;-70.0;1e-10;0.000368;3.68e-14;1.6215817415331317e-11;36;0x00;39;ORANGE;False
1787671583.6480362;21.157959362999463;BLE Sniffer;Appareil BLE;2,4 GHz BLE;44:52:00:58:f1:a9;-88.0;;;;-88.0;1.584893192461111e-12;0.00019999999999999998;3.1697863849222217e-16;1.3155915402849042e-14;15;0x00;37;VERT;False
1787671583.6533248;21.16324949400041;Wi-Fi;Wi-Fi;2,4/5 GHz;wlan0;-34.0;;;;-34.0;3.981071705534969e-07;0.1;3.9810717055349696e-08;6.114024320669379e-06;;;;ROUGE;False
1787671583.7397382;21.249474188000022;Simulation RF;Détection RF large bande;868 MHz;868 MHz;;2687;2.164964929340524;-42.59859717362096;-75.59859717362096;2.7551184979176562e-11;0.1;2.7551184979176564e-12;3.746783012727644e-09;;;;VERT;True
1787671583.739887;21.249474188000022;Simulation RF;Détection RF large bande;2,45 GHz;2,45 GHz;;2829;2.2799827802713284;-47.199311210853125;-63.89931121085313;4.0744489326166927e-10;0.1;4.074448932616693e-11;1.2296238210409414e-08;;;;ORANGE;True
1787671583.7485113;21.258435196999926;Wi-Fi;Wi-Fi;2,4/5 GHz;wlan0;-34.0;;;;-34.0;3.981071705534969e-07;0.1;3.9810717055349696e-08;6.153835037724729e-06;;;;ROUGE;False
1787671583.7543125;21.26423726199937;BLE Sniffer;Appareil BLE;2,4 GHz BLE;62:ae:f9:af:07:b9;-72.0;;;;-72.0;6.309573444801942e-11;0.00028;1.7666805645445437e-14;2.559700300806658e-12;25;0x00;38;VERT;False
1787671583.7543983;21.26432141499936;BLE Sniffer;Appareil BLE;2,4 GHz BLE;62:ae:f9:af:07:b9;-73.0;;;;-73.0;5.011872336272715e-11;0.00028;1.40332425415636e-14;2.5737335433482217e-12;25;0x00;39;VERT;False
1787671583.759126;21.269050535000133;BLE Sniffer;iBeacon;2,4 GHz BLE;5e:ef:5d:3b:83:a3;-65.0;;;;-65.0;3.1622776601683795e-10;0.000368;1.1637181789419636e-13;1.6332189233225513e-11;36;0x00;37;ORANGE;False
1787671583.8398216;21.349559242000396;Simulation RF;Détection RF large bande;868 MHz;868 MHz;;2593;2.0892266908305075;-39.5690676332203;-72.5690676332203;5.5346891814968464e-11;0.1;5.534689181496847e-12;3.752317701909141e-09;;;;VERT;True
1787671583.8399765;21.349559242000396;Simulation RF;Détection RF large bande;2,45 GHz;2,45 GHz;;2828;2.2788020221048293;-47.15208088419317;-63.85208088419317;4.119001134558321e-10;0.1;4.1190011345583215e-11;1.2337428221754998e-08;;;;ORANGE;True
1787671583.848594;21.358518066001125;Wi-Fi;Wi-Fi;2,4/5 GHz;wlan0;-34.0;;;;-34.0;3.981071705534969e-07;0.1;3.9810717055349696e-08;6.193645754780079e-06;;;;ROUGE;False
1787671583.8604705;21.370394765999663;BLE Sniffer;iBeacon;2,4 GHz BLE;5e:ef:5d:3b:83:a3;-63.0;;;;-63.0;5.011872336272714e-10;0.000368;1.8443690197483588e-13;1.651662613520035e-11;36;0x00;38;ORANGE;False
1787671583.8605356;21.370458473000326;BLE Sniffer;iBeacon;2,4 GHz BLE;5e:ef:5d:3b:83:a3;-70.0;;;;-70.0;1e-10;0.000368;3.68e-14;1.655342613520035e-11;36;0x00;39;ORANGE;False
1787671583.9399076;21.44964285199967;Simulation RF;Détection RF large bande;868 MHz;868 MHz;;2737;2.2059223627463123;-44.23689450985249;-77.23689450985249;1.8893418694324886e-11;0.1;1.889341869432489e-12;3.7542070437785735e-09;;;;VERT;True
1787671583.9400592;21.44964285199967;Simulation RF;Détection RF large bande;2,45 GHz;2,45 GHz;;2869;2.3121154219769307;-48.48461687907722;-65.18461687907723;3.0306676419565907e-10;0.1;3.030667641956591e-11;1.2367734898174565e-08;;;;ORANGE;True
1787671583.9486454;21.458569321999676;Wi-Fi;Wi-Fi;2,4/5 GHz;wlan0;-34.0;;;;-34.0;3.981071705534969e-07;0.1;3.9810717055349696e-08;6.233456471835429e-06;;;;ROUGE;False
1787671583.9651132;21.475037394000537;BLE Sniffer;Appareil BLE;2,4 GHz BLE;44:52:00:58:f1:a9;-85.0;;;;-85.0;3.1622776601683794e-12;0.00019999999999999998;6.324555320336759e-16;1.3788370934882718e-14;15;0x00;37;VERT;False
1787671583.965184;21.475107100999594;BLE Sniffer;Appareil BLE;2,4 GHz BLE;d3:23:2f:4d:3e:b1;-70.0;;;;-70.0;1e-10;0.000376;3.76e-14;2.2096713910072033e-13;37;0x00;38;ORANGE;False
1787671583.9677353;21.47765969899956;BLE Sniffer;Appareil BLE;2,4 GHz BLE;d3:23:2f:4d:3e:b1;-78.0;;;;-78.0;1.5848931924611107e-11;0.000376;5.959198403653776e-15;2.269263375043741e-13;37;0x00;39;VERT;False
1787671584.0399854;21.549726266001016;Simulation RF;Détection RF large bande;868 MHz;868 MHz;;2660;2.1437929914292253;-41.751719657169005;-74.751719657169;3.3483283059044985e-11;0.1;3.3483283059044988e-12;3.757555372084478e-09;;;;VERT;True
1787671584.040132;21.549726266001016;Simulation RF;Détection RF large bande;2,45 GHz;2,45 GHz;;2812;2.2664126324541463;-46.656505298165854;-63.35650529816585;4.616889392123578e-10;0.1;4.6168893921235786e-11;1.24139037920958e-08;;;;ORANGE;True
1787671584.0487916;21.558715700999528;Wi-Fi;Wi-Fi;2,4/5 GHz;wlan0;-34.0;;;;-34.0;3.981071705534969e-07;0.1;3.9810717055349696e-08;6.273267188890779e-06;;;;ROUGE;False
1787671584.070749;21.5806727220006;BLE Sniffer;Appareil BLE;2,4 GHz BLE;62:ae:f9:af:07:b9;-77.0;;;;-77.0;1.9952623149688828e-11;0.00028;5.586734481912872e-15;2.5793202778301344e-12;25;0x00;37;VERT;False
1787671584.0727065;21.582630621000135;BLE Sniffer;Appareil BLE;2,4 GHz BLE;Appareil BLE;-90.0;;;;-90.0;1e-12;0.000136;1.36e-16;2.7106568282548974e-14;7;0x0f;38;VERT;False
1787671584.0759695;21.585894236999593;BLE Sniffer;Appareil BLE;2,4 GHz BLE;62:82:29:3f:d2:02;-87.0;;;;-87.0;1.9952623149688827e-12;0.000328;6.544460393097936e-16;4.424284091932514e-12;31;0x00;39;VERT;False
1787671584.1400754;21.64981088500099;Simulation RF;Détection RF large bande;868 MHz;868 MHz;;2763;2.2268992795124887;-45.075971180499536;-78.07597118049954;1.557409723916598e-11;0.1;1.557409723916598e-12;3.7591127818083945e-09;;;;VERT;True
1787671584.1402252;21.64981088500099;Simulation RF;Détection RF large bande;2,45 GHz;2,45 GHz;;2831;2.281356230436542;-47.25424921746168;-63.95424921746168;4.0232320123570707e-10;0.1;4.023232012357071e-11;1.245413611221937e-08;;;;ORANGE;True
1787671584.1490612;21.658986144000664;Wi-Fi;Wi-Fi;2,4/5 GHz;wlan0;-33.0;;;;-33.0;5.011872336272725e-07;0.1;5.011872336272725e-08;6.323385912253507e-06;;;;ROUGE;False
1787671584.177514;21.687438394999845;BLE Sniffer;iBeacon;2,4 GHz BLE;5e:ef:5d:3b:83:a3;-66.0;;;;-66.0;2.511886431509582e-10;0.000368;9.243742067955262e-14;1.66458635558799e-11;36;0x00;37;ORANGE;False
1787671584.1775873;21.68751030600106;BLE Sniffer;iBeacon;2,4 GHz BLE;5e:ef:5d:3b:83:a3;-63.0;;;;-63.0;5.011872336272714e-10;0.000368;1.8443690197483588e-13;1.6830300457854738e-11;36;0x00;38;ORANGE;False
1787671584.1803093;21.690233838000495;BLE Sniffer;iBeacon;2,4 GHz BLE;5e:ef:5d:3b:83:a3;-70.0;;;;-70.0;1e-10;0.000368;3.68e-14;1.6867100457854736e-11;36;0x00;39;ORANGE;False
1787671584.2401538;21.749895262999416;Simulation RF;Détection RF large bande;868 MHz;868 MHz;;2706;2.1805885201590236;-43.223540806360944;-76.22354080636094;2.385865291869182e-11;0.1;2.385865291869182e-12;3.761498647100264e-09;;;;VERT;True
1787671584.240301;21.749895262999416;Simulation RF;Détection RF large bande;2,45 GHz;2,45 GHz;;2840;2.288933739488248;-47.55734957952993;-64.25734957952993;3.7520191131158496e-10;0.1;3.75201911311585e-11;1.249165630335053e-08;;;;ORANGE;True
1787671584.2488618;21.758785543999693;Wi-Fi;Wi-Fi;2,4/5 GHz;wlan0;-33.0;;;;-33.0;5.011872336272725e-07;0.1;5.011872336272725e-08;6.373504635616234e-06;;;;ROUGE;False
1787671584.2832425;21.793166625000595;BLE Sniffer;Appareil BLE;2,4 GHz BLE;44:52:00:58:f1:a9;-86.0;;;;-86.0;2.5118864315095823e-12;0.00019999999999999998;5.023772863019164e-16;1.4290748221184635e-14;15;0x00;37;VERT;False
1787671584.3402288;21.849969733000762;Simulation RF;Détection RF large bande;868 MHz;868 MHz;;2656;2.1405223168166208;-41.62089267266482;-74.62089267266482;3.4507280389176845e-11;0.1;3.450728038917685e-12;3.7649493751391815e-09;;;;VERT;True
1787671584.3403883;21.849969733000762;Simulation RF;Détection RF large bande;2,45 GHz;2,45 GHz;;2880;2.3205032563675654;-48.820130254702605;-65.52013025470261;2.80534949793622e-10;0.1;2.80534949793622e-11;1.2519709798329892e-08;;;;ORANGE;True
1787671584.3488705;21.858794288000354;Wi-Fi;Wi-Fi;2,4/5 GHz;wlan0;-33.0;;;;-33.0;5.011872336272725e-07;0.1;5.011872336272725e-08;6.423623358978962e-06;;;;ROUGE;False
1787671584.3870375;21.896961992999422;BLE Sniffer;iBeacon;2,4 GHz BLE;5e:ef:5d:3b:83:a3;-63.0;;;;-63.0;5.011872336272714e-10;0.000368;1.8443690197483588e-13;1.7051537359829574e-11;36;0x00;38;ORANGE;False
1787671584.3897805;21.89970545200049;BLE Sniffer;iBeacon;2,4 GHz BLE;5e:ef:5d:3b:83:a3;-70.0;;;;-70.0;1e-10;0.000368;3.68e-14;1.7088337359829572e-11;36;0x00;39;ORANGE;False
1787671584.38991;21.899833366000166;Simulation LoRa;LoRa;868 MHz;LoRa 868.100 MHz;-89.65911501749316;;;;-89.65911501749316;1.0816543426883505e-12;0.046335999999999995;5.01195356228074e-14;1.5349187272985862e-12;13;"SNR=6.91;SF=7;BW=125.0;CR=4/5;F=868.100;CRC=OK;PAYLOAD=54454d504f5f4c4f52415f3231";7;VERT;True
1787671584.3899546;21.899877424000806;BLE Sniffer;Appareil BLE;2,4 GHz BLE;26:db:3c:d9:ae:b4;-97.0;;;;-97.0;1.9952623149688827e-13;0.000368;7.342565319085488e-17;7.342565319085488e-17;36;0x02;37;VERT;False
1787671584.4402905;21.950053054999444;Simulation RF;Détection RF large bande;868 MHz;868 MHz;;2624;2.114473118082954;-40.57892472331815;-73.57892472331815;4.3863928773708695e-11;0.1;4.38639287737087e-12;3.769335768016552e-09;;;;VERT;True
1787671584.4404652;21.950053054999444;Simulation RF;Détection RF large bande;2,45 GHz;2,45 GHz;;2831;2.2815338478639506;-47.26135391455803;-63.961353914558025;4.0166557194654373e-10;0.1;4.0166557194654376e-11;1.2559876355524547e-08;;;;ORANGE;True
1787671584.4504793;21.96040317200095;Wi-Fi;Wi-Fi;2,4/5 GHz;wlan0;-33.0;;;;-33.0;5.011872336272725e-07;0.1;5.011872336272725e-08;6.473742082341689e-06;;;;ROUGE;False
1787671584.5404348;22.050139285000114;Simulation RF;Détection RF large bande;868 MHz;868 MHz;;2693;2.1701572011426147;-42.80628804570458;-75.80628804570458;2.6264624455610137e-11;0.1;2.626462445561014e-12;3.771962230462113e-09;;;;VERT;True
1787671584.5406063;22.050139285000114;Simulation RF;Détection RF large bande;2,45 GHz;2,45 GHz;;2931;2.3617858284160973;-50.471433136643896;-67.1714331366439;1.9180356999680773e-10;0.1;1.9180356999680774e-11;1.2579056712524227e-08;;;;ORANGE;True
1787671584.554144;22.064068163999764;Wi-Fi;Wi-Fi;2,4/5 GHz;wlan0;-33.0;;;;-33.0;5.011872336272725e-07;0.1;5.011872336272725e-08;6.523860805704417e-06;;;;ROUGE;False
1787671584.5968058;22.10673060500085;BLE Sniffer;Appareil BLE;2,4 GHz BLE;62:ae:f9:af:07:b9;-72.0;;;;-72.0;6.309573444801942e-11;0.00028;1.7666805645445437e-14;2.59698708347558e-12;25;0x00;38;VERT;False
1787671584.5968757;22.1067986270009;BLE Sniffer;Appareil BLE;2,4 GHz BLE;62:ae:f9:af:07:b9;-78.0;;;;-78.0;1.5848931924611107e-11;0.00028;4.4377009388911094e-15;2.601424784414471e-12;25;0x00;39;VERT;False
1787671584.6404896;22.15022103299998;Simulation RF;Détection RF large bande;868 MHz;868 MHz;;2668;2.150408286486845;-42.01633145947379;-75.01633145947379;3.1504083803308994e-11;0.1;3.1504083803308995e-12;3.775112638842444e-09;;;;VERT;True
1787671584.6406298;22.15022103299998;Simulation RF;Détection RF large bande;2,45 GHz;2,45 GHz;;2848;2.2950230802682583;-47.80092321073033;-64.50092321073033;3.547379720391055e-10;0.1;3.547379720391055e-11;1.2614530509728137e-08;;;;ORANGE;True
1787671584.6492524;22.159176077000666;Wi-Fi;Wi-Fi;2,4/5 GHz;wlan0;-33.0;;;;-33.0;5.011872336272725e-07;0.1;5.011872336272725e-08;6.573979529067144e-06;;;;ROUGE;False
1787671584.7020097;22.21193512100035;BLE Sniffer;iBeacon;2,4 GHz BLE;5e:ef:5d:3b:83:a3;-65.0;;;;-65.0;3.1622776601683795e-10;0.000368;1.1637181789419636e-13;1.7204709177723768e-11;36;0x00;37;ORANGE;False
1787671584.70612;22.216046262999953;BLE Sniffer;iBeacon;2,4 GHz BLE;5e:ef:5d:3b:83:a3;-64.0;;;;-64.0;3.9810717055349694e-10;0.000368;1.4650343876368688e-13;1.7351212616487453e-11;36;0x00;38;ORANGE;False
1787671584.706266;22.21618882599978;BLE Sniffer;iBeacon;2,4 GHz BLE;5e:ef:5d:3b:83:a3;-70.0;;;;-70.0;1e-10;0.000368;3.68e-14;1.7388012616487452e-11;36;0x00;39;ORANGE;False
1787671584.740589;22.250321338000504;Simulation RF;Détection RF large bande;868 MHz;868 MHz;;2716;2.189045756505599;-43.56183026022396;-76.56183026022396;2.2070744030302128e-11;0.1;2.207074403030213e-12;3.777319713245474e-09;;;;VERT;True
1787671584.7407472;22.250321338000504;Simulation RF;Détection RF large bande;2,45 GHz;2,45 GHz;;2870;2.3126570877554964;-48.50628351021986;-65.20628351021986;3.0155855178731184e-10;0.1;3.0155855178731184e-11;1.2644686364906868e-08;;;;ORANGE;True
1787671584.7493;22.259224916000676;Wi-Fi;Wi-Fi;2,4/5 GHz;wlan0;-33.0;;;;-33.0;5.011872336272725e-07;0.1;5.011872336272725e-08;6.624098252429872e-06;;;;ROUGE;False
1787671584.8097482;22.319673252999564;BLE Sniffer;Appareil BLE;2,4 GHz BLE;44:52:00:58:f1:a9;-89.0;;;;-89.0;1.258925411794166e-12;0.000168;2.114994691814199e-16;1.4502247690366056e-14;11;0x00;37;VERT;False
1787671584.8124564;22.3223816539994;BLE Sniffer;Appareil BLE;2,4 GHz BLE;62:ae:c9:af:37:b9;-72.0;;;;-72.0;6.309573444801942e-11;0.00028;1.7666805645445437e-14;1.7666805645445437e-14;25;0x00;38;VERT;False
1787671584.812543;22.322465991999707;BLE Sniffer;Appareil BLE;2,4 GHz BLE;62:ae:f9:af:07:b9;-76.0;;;;-76.0;2.5118864315095823e-11;0.00028;7.03328200822683e-15;2.6084580664226977e-12;25;0x00;39;VERT;False
1787671584.8406422;22.35040460500022;Simulation RF;Détection RF large bande;868 MHz;868 MHz;;2701;2.176897244637031;-43.07588978548124;-76.07588978548124;2.4683743308885947e-11;0.1;2.468374330888595e-12;3.779788087576363e-09;;;;VERT;True
1787671584.8407934;22.35040460500022;Simulation RF;Détection RF large bande;2,45 GHz;2,45 GHz;;2869;2.3123660788379445;-48.49464315351777;-65.19464315351777;3.023679006753214e-10;0.1;3.023679006753214e-11;1.26749231549744e-08;;;;ORANGE;True
1787671584.8492982;22.359222215000045;Wi-Fi;Wi-Fi;2,4/5 GHz;wlan0;-33.0;;;;-33.0;5.011872336272725e-07;0.1;5.011872336272725e-08;6.674216975792599e-06;;;;ROUGE;False
1787671584.9183383;22.428262835999703;BLE Sniffer;Appareil BLE;2,4 GHz BLE;28:fd:3c:d9:ae:b4;-93.0;;;;-93.0;5.011872336272715e-13;0.000376;1.8844639984385405e-16;1.8844639984385405e-16;37;0x02;37;VERT;False
1787671584.9410048;22.45054328200058;Simulation RF;Détection RF large bande;868 MHz;868 MHz;;2736;2.20445185170591;-44.1780740682364;-77.1780740682364;1.9151050133761065e-11;0.1;1.9151050133761065e-12;3.781703192589739e-09;;;;VERT;True
1787671584.9421377;22.45054328200058;Simulation RF;Détection RF large bande;2,45 GHz;2,45 GHz;;2854;2.2999947893217327;-47.9997915728693;-64.6997915728693;3.388604183789712e-10;0.1;3.3886041837897126e-11;1.2708809196812298e-08;;;;ORANGE;True
1787671584.9536538;22.46357918800095;Wi-Fi;Wi-Fi;2,4/5 GHz;wlan0;-33.0;;;;-33.0;5.011872336272725e-07;0.1;5.011872336272725e-08;6.7243356991553265e-06;;;;ROUGE;False
1787671585.0408645;22.550633501999982;Simulation RF;Détection RF large bande;868 MHz;868 MHz;;2691;2.1688930052137585;-42.75572020855034;-75.75572020855034;2.6572228547281966e-11;0.1;2.6572228547281966e-12;3.784360415444467e-09;;;;VERT;True
1787671585.0410128;22.550633501999982;Simulation RF;Détection RF large bande;2,45 GHz;2,45 GHz;;2824;2.2753860065683553;-47.01544026273422;-63.71544026273422;4.250656139164619e-10;0.1;4.2506561391646196e-11;1.2751315758203944e-08;;;;ORANGE;True
1787671585.0495327;22.55945659200006;Wi-Fi;Wi-Fi;2,4/5 GHz;wlan0;-33.0;;;;-33.0;5.011872336272725e-07;0.1;5.011872336272725e-08;6.774454422518054e-06;;;;ROUGE;False
1787671585.1409738;22.650722518999828;Simulation RF;Détection RF large bande;868 MHz;868 MHz;;2720;2.1918006018188847;-43.67202407275539;-76.67202407275539;2.1517786430906982e-11;0.1;2.1517786430906984e-12;3.786512194087558e-09;;;;VERT;True
1787671585.1411312;22.650722518999828;Simulation RF;Détection RF large bande;2,45 GHz;2,45 GHz;;2859;2.303851588910433;-48.15406355641733;-64.85406355641733;3.270345557651841e-10;0.1;3.270345557651841e-11;1.2784019213780463e-08;;;;ORANGE;True
1787671585.1524;22.662326753999878;Wi-Fi;Wi-Fi;2,4/5 GHz;wlan0;-33.0;;;;-33.0;5.011872336272725e-07;0.1;5.011872336272725e-08;6.8245731458807814e-06;;;;ROUGE;False
1787671585.228598;22.738523803000135;BLE Sniffer;iBeacon;2,4 GHz BLE;5e:ef:5d:3b:83:a3;-63.0;;;;-63.0;5.011872336272714e-10;0.000368;1.8443690197483588e-13;1.757244951846229e-11;36;0x00;38;ORANGE;False
1787671585.2286832;22.738606159000483;BLE Sniffer;iBeacon;2,4 GHz BLE;5e:ef:5d:3b:83:a3;-70.0;;;;-70.0;1e-10;0.000368;3.68e-14;1.7609249518462288e-11;36;0x00;39;ORANGE;False
1787671585.2410235;22.75080522099961;Simulation RF;Détection RF large bande;868 MHz;868 MHz;;2690;2.167544581836413;-42.70178327345653;-75.70178327345653;2.6904298492273938e-11;0.1;2.690429849227394e-12;3.7892026239367856e-09;;;;VERT;True
1787671585.2411778;22.75080522099961;Simulation RF;Détection RF large bande;2,45 GHz;2,45 GHz;;2894;2.3322654983020925;-49.2906199320837;-65.9906199320837;2.517317568527476e-10;0.1;2.517317568527476e-11;1.2809192389465738e-08;;;;ORANGE;True
1787671585.2498174;22.75974133499949;Wi-Fi;Wi-Fi;2,4/5 GHz;wlan0;-33.0;;;;-33.0;5.011872336272725e-07;0.1;5.011872336272725e-08;6.874691869243509e-06;;;;ROUGE;False
1787671585.3334813;22.843406088000847;BLE Sniffer;Appareil BLE;2,4 GHz BLE;62:ae:f9:af:07:b9;-76.0;;;;-76.0;2.5118864315095823e-11;0.00028;7.03328200822683e-15;2.6154913484309246e-12;25;0x00;37;VERT;False
1787671585.347217;22.85095583400107;Simulation RF;Détection RF large bande;868 MHz;868 MHz;;2638;2.125915181910623;-41.03660727642492;-74.03660727642492;3.94765573885382e-11;0.1;3.94765573885382e-12;3.793150279675639e-09;;;;VERT;True
1787671585.3475204;22.85095583400107;Simulation RF;Détection RF large bande;2,45 GHz;2,45 GHz;;2848;2.294821944504459;-47.792877780178344;-64.49287778017835;3.553957434470654e-10;0.1;3.5539574344706544e-11;1.2844731963810445e-08;;;;ORANGE;True
1787671585.3564363;22.86636028599969;Wi-Fi;Wi-Fi;2,4/5 GHz;wlan0;-33.0;;;;-33.0;5.011872336272725e-07;0.1;5.011872336272725e-08;6.924810592606236e-06;;;;ROUGE;False
1787671585.4369206;22.946846410000944;BLE Sniffer;Appareil BLE;2,4 GHz BLE;62:ae:f9:af:07:b9;-72.0;;;;-72.0;6.309573444801942e-11;0.00028;1.7666805645445437e-14;2.63315815407637e-12;25;0x00;38;VERT;False
1787671585.437943;22.947868389001087;Simulation LoRa;LoRa;868 MHz;LoRa 868.100 MHz;-86.84556857025747;;;;-86.84556857025747;2.0674886924268317e-12;0.046335999999999995;9.579915605228966e-14;1.630717883350876e-12;13;"SNR=8.04;SF=7;BW=125.0;CR=4/5;F=868.100;CRC=OK;PAYLOAD=54454d504f5f4c4f52415f3232";7;VERT;True
1787671585.4380257;22.94794885600095;BLE Sniffer;Appareil BLE;2,4 GHz BLE;62:ae:f9:af:07:b9;-89.0;;;;-89.0;1.258925411794166e-12;0.00028;3.5249911530236646e-16;2.6335106531916725e-12;25;0x00;39;VERT;False
1787671585.4380648;22.947987858000488;BLE Sniffer;Appareil BLE;2,4 GHz BLE;44:52:00:58:f1:a9;-89.0;;;;-89.0;1.258925411794166e-12;0.00019999999999999998;2.517850823588332e-16;1.4754032772724888e-14;15;0x00;37;VERT;False
1787671585.4422143;22.95106207400022;Simulation RF;Détection RF large bande;868 MHz;868 MHz;;2707;2.181231504657097;-43.24926018628388;-76.24926018628388;2.3717776997952585e-11;0.1;2.3717776997952588e-12;3.795522057375435e-09;;;;VERT;True
1787671585.4423645;22.95106207400022;Simulation RF;Détection RF large bande;2,45 GHz;2,45 GHz;;2859;2.303938161586662;-48.15752646346647;-64.85752646346647;3.26773894179038e-10;0.1;3.2677389417903803e-11;1.287740935322835e-08;;;;ORANGE;True
1787671585.4522412;22.962165393999385;Wi-Fi;Wi-Fi;2,4/5 GHz;wlan0;-33.0;;;;-33.0;5.011872336272725e-07;0.1;5.011872336272725e-08;6.974929315968964e-06;;;;ROUGE;False
1787671585.5414128;23.051147221000065;Simulation RF;Détection RF large bande;868 MHz;868 MHz;;2689;2.16709414099309;-42.6837656397236;-75.6837656397236;2.7016148574762484e-11;0.1;2.7016148574762484e-12;3.798223672232911e-09;;;;VERT;True
1787671585.5415766;23.051147221000065;Simulation RF;Détection RF large bande;2,45 GHz;2,45 GHz;;2851;2.2977054854791166;-47.908219419164666;-64.60821941916467;3.4608123993624774e-10;0.1;3.460812399362478e-11;1.2912017477221974e-08;;;;ORANGE;True
1787671585.5450618;23.05498701400029;BLE Sniffer;Appareil BLE;2,4 GHz BLE;44:52:00:58:f1:a9;-87.0;;;;-87.0;1.9952623149688827e-12;0.00019999999999999998;3.9905246299377653e-16;1.5153085235718666e-14;15;0x00;38;VERT;False
1787671585.5461652;23.056089886000336;BLE Sniffer;Appareil BLE;2,4 GHz BLE;28:dd:3c:d9:ae:b4;-87.0;;;;-87.0;1.9952623149688827e-12;0.000376;7.502186304282998e-16;9.386650302721539e-16;37;0x02;39;VERT;False
1787671585.5462434;23.056166186001064;BLE Sniffer;iBeacon;2,4 GHz BLE;5e:ef:5d:3b:83:a3;-65.0;;;;-65.0;3.1622776601683795e-10;0.000368;1.1637181789419636e-13;1.7725621336356484e-11;36;0x00;37;ORANGE;False
1787671585.5616763;23.071600454000873;Wi-Fi;Wi-Fi;2,4/5 GHz;wlan0;-33.0;;;;-33.0;5.011872336272725e-07;0.1;5.011872336272725e-08;7.025048039331691e-06;;;;ROUGE;False
1787671585.6416337;23.151322891000746;Simulation RF;Détection RF large bande;868 MHz;868 MHz;;2739;2.207572019417006;-44.30288077668024;-77.30288077668024;1.860852380363136e-11;0.1;1.860852380363136e-12;3.800084524613274e-09;;;;VERT;True
1787671585.6418355;23.151322891000746;Simulation RF;Détection RF large bande;2,45 GHz;2,45 GHz;;2890;2.3291123311805606;-49.164493247222424;-65.86449324722243;2.591496790285572e-10;0.1;2.5914967902855718e-11;1.293793244512483e-08;;;;ORANGE;True
1787671585.6520362;23.161959778999517;BLE Sniffer;iBeacon;2,4 GHz BLE;5e:ef:5d:3b:83:a3;-63.0;;;;-63.0;5.011872336272714e-10;0.000368;1.8443690197483588e-13;1.791005823833132e-11;36;0x00;38;ORANGE;False
1787671585.6533751;23.16330120100065;BLE Sniffer;iBeacon;2,4 GHz BLE;5e:ef:5d:3b:83:a3;-71.0;;;;-71.0;7.943282347242822e-11;0.000368;2.923127903785358e-14;1.7939289517369176e-11;36;0x00;39;VERT;False
1787671585.6534853;23.163408595000874;BLE Sniffer;Appareil BLE;2,4 GHz BLE;dc:84:0b:6d:6e:8e;-92.0;;;;-92.0;6.309573444801942e-13;0.000192;1.211438101401973e-16;5.042341746142228e-16;14;0x02;37;VERT;False
1787671585.6535442;23.163467413000035;BLE Sniffer;Appareil BLE;2,4 GHz BLE;62:82:29:3f:d2:02;-89.0;;;;-89.0;1.258925411794166e-12;0.000328;4.1292753506848647e-16;4.4246970194675824e-12;31;0x00;38;VERT;False
1787671585.651959;23.16188320100082;Wi-Fi;Wi-Fi;2,4/5 GHz;wlan0;-33.0;;;;-33.0;5.011872336272725e-07;0.1;5.011872336272725e-08;7.075166762694419e-06;;;;ROUGE;False
1787671585.7416732;23.25140574100078;Simulation RF;Détection RF large bande;868 MHz;868 MHz;;2736;2.204804840365404;-44.19219361461616;-77.19219361461616;1.9088888382650504e-11;0.1;1.9088888382650505e-12;3.8019934134515394e-09;;;;VERT;True
1787671585.7418587;23.25140574100078;Simulation RF;Détection RF large bande;2,45 GHz;2,45 GHz;;2887;2.3264928061973373;-49.059712247893486;-65.75971224789349;2.654781454988404e-10;0.1;2.6547814549884044e-11;1.2964480259674714e-08;;;;ORANGE;True
1787671585.7504413;23.26036517099965;Wi-Fi;Wi-Fi;2,4/5 GHz;wlan0;-33.0;;;;-33.0;5.011872336272725e-07;0.1;5.011872336272725e-08;7.125285486057146e-06;;;;ROUGE;False
1787671585.7719123;23.2818373099999;BLE Sniffer;Appareil BLE;2,4 GHz BLE;62:ae:f9:af:07:b9;-84.0;;;;-84.0;3.9810717055349695e-12;0.00028;1.1147000775497915e-15;2.6346253532692223e-12;25;0x00;39;VERT;False
1787671585.771999;23.281921961999615;BLE Sniffer;Appareil BLE;2,4 GHz BLE;44:52:00:58:f1:a9;-90.0;;;;-90.0;1e-12;0.00019999999999999998;1.9999999999999997e-16;1.5353085235718665e-14;15;0x00;37;VERT;False
1787671585.8417454;23.351485627999864;Simulation RF;Détection RF large bande;868 MHz;868 MHz;;2716;2.189058038412791;-43.56232153651163;-76.56232153651163;2.2068247516900512e-11;0.1;2.2068247516900516e-12;3.80420023820323e-09;;;;VERT;True
1787671585.8418953;23.351485627999864;Simulation RF;Détection RF large bande;2,45 GHz;2,45 GHz;;2892;2.3307341287078356;-49.22936514831342;-65.92936514831342;2.5530744838204194e-10;0.1;2.5530744838204194e-11;1.2990011004512918e-08;;;;ORANGE;True
1787671585.8504958;23.36041979699985;Wi-Fi;Wi-Fi;2,4/5 GHz;wlan0;-33.0;;;;-33.0;5.011872336272725e-07;0.1;5.011872336272725e-08;7.175404209419874e-06;;;;ROUGE;False
1787671585.8771274;23.38705213100002;BLE Sniffer;iBeacon;2,4 GHz BLE;5e:ef:5d:3b:83:a3;-63.0;;;;-63.0;5.011872336272714e-10;0.000368;1.8443690197483588e-13;1.8123726419344013e-11;36;0x00;38;ORANGE;False
1787671585.8772068;23.38712976500028;BLE Sniffer;iBeacon;2,4 GHz BLE;5e:ef:5d:3b:83:a3;-70.0;;;;-70.0;1e-10;0.000368;3.68e-14;1.816052641934401e-11;36;0x00;39;ORANGE;False
1787671585.880076;23.390000691999376;BLE Sniffer;Appareil BLE;2,4 GHz BLE;62:ae:f9:af:07:b9;-84.0;;;;-84.0;3.9810717055349695e-12;0.00028;1.1147000775497915e-15;2.6357400533467722e-12;25;0x00;37;VERT;False
1787671585.941844;23.451560884999708;Simulation RF;Détection RF large bande;868 MHz;868 MHz;;2756;2.221025724179433;-44.84102896717731;-77.84102896717731;1.64398217092385e-11;0.1;1.6439821709238501e-12;3.8058442203741536e-09;;;;VERT;True
1787671585.9419842;23.451560884999708;Simulation RF;Détection RF large bande;2,45 GHz;2,45 GHz;;2916;2.3502056795725514;-50.00822718290206;-66.70822718290206;2.1339158130937134e-10;0.1;2.1339158130937136e-11;1.3011350162643856e-08;;;;ORANGE;True
1787671585.9505222;23.46044620000066;Wi-Fi;Wi-Fi;2,4/5 GHz;wlan0;-33.0;;;;-33.0;5.011872336272725e-07;0.1;5.011872336272725e-08;7.225522932782601e-06;;;;ROUGE;False
1787671585.9926913;23.502616158999444;BLE Sniffer;Appareil BLE;2,4 GHz BLE;62:ae:f9:ab:07:b9;-73.0;;;;-73.0;5.011872336272715e-11;0.00028;1.40332425415636e-14;1.40332425415636e-14;25;0x00;38;VERT;False
1787671585.9927955;23.50271857200096;BLE Sniffer;Appareil BLE;2,4 GHz BLE;62:ae:f9:af:07:b9;-75.0;;;;-75.0;3.1622776601683794e-11;0.00028;8.854377448471461e-15;2.644594430795244e-12;25;0x00;39;VERT;False
1787671585.9987051;23.50863082500109;BLE Sniffer;Appareil BLE;2,4 GHz BLE;d3:23:2f:4d:3e:b1;-79.0;;;;-79.0;1.2589254117941662e-11;0.000376;4.7335595483460644e-15;2.3165989705272017e-13;37;0x00;37;VERT;False
1787671586.001023;23.510948315999485;BLE Sniffer;Appareil BLE;2,4 GHz BLE;d3:23:2f:4d:3e:b1;-71.0;;;;-71.0;7.943282347242822e-11;0.000376;2.986674162563301e-14;2.615266386783532e-13;37;0x00;38;VERT;False
1787671586.0419028;23.551644002000103;Simulation RF;Détection RF large bande;868 MHz;868 MHz;;2731;2.20061057306672;-44.024422922668805;-77.0244229226688;1.9840732769590232e-11;0.1;1.9840732769590233e-12;3.8078282936511125e-09;;;;VERT;True
1787671586.0420573;23.551644002000103;Simulation RF;Détection RF large bande;2,45 GHz;2,45 GHz;;2871;2.3140228627847987;-48.56091451139194;-65.26091451139195;2.977889297252872e-10;0.1;2.9778892972528725e-11;1.3041129055616384e-08;;;;ORANGE;True
1787671586.0506601;23.56058398499954;Wi-Fi;Wi-Fi;2,4/5 GHz;wlan0;-33.0;;;;-33.0;5.011872336272725e-07;0.1;5.011872336272725e-08;7.275641656145329e-06;;;;ROUGE;False
1787671586.1051505;23.61507516399979;BLE Sniffer;Appareil BLE;2,4 GHz BLE;d3:23:2f:4d:3e:b1;-79.0;;;;-79.0;1.2589254117941662e-11;0.000376;4.7335595483460644e-15;2.6626019822669923e-13;37;0x00;39;VERT;False
1787671586.1079135;23.617838084999676;BLE Sniffer;iBeacon;2,4 GHz BLE;5e:ef:5d:3b:83:a3;-65.0;;;;-65.0;3.1622776601683795e-10;0.000368;1.1637181789419636e-13;1.8276898237238207e-11;36;0x00;37;ORANGE;False
1787671586.107998;23.6179209969996;BLE Sniffer;iBeacon;2,4 GHz BLE;5e:ef:5d:3b:83:a3;-64.0;;;;-64.0;3.9810717055349694e-10;0.000368;1.4650343876368688e-13;1.8423401676001893e-11;36;0x00;38;ORANGE;False
1787671586.1419694;23.65172037999946;Simulation RF;Détection RF large bande;868 MHz;868 MHz;;2718;2.1904168487273052;-43.6166739490922;-76.6166739490922;2.1793782135084464e-11;0.1;2.1793782135084464e-12;3.810007671864621e-09;;;;VERT;True
1787671586.1421092;23.65172037999946;Simulation RF;Détection RF large bande;2,45 GHz;2,45 GHz;;2879;2.320467938229871;-48.81871752919483;-65.51871752919483;2.806262204320016e-10;0.1;2.806262204320016e-11;1.3069191677659585e-08;;;;ORANGE;True
1787671586.150644;23.660568006000176;Wi-Fi;Wi-Fi;2,4/5 GHz;wlan0;-33.0;;;;-33.0;5.011872336272725e-07;0.1;5.011872336272725e-08;7.325760379508056e-06;;;;ROUGE;False
1787671586.2117863;23.72171136399993;BLE Sniffer;iBeacon;2,4 GHz BLE;5e:ef:5d:3b:83:a3;-70.0;;;;-70.0;1e-10;0.000368;3.68e-14;1.846020167600189e-11;36;0x00;39;ORANGE;False
1787671586.2147539;23.724679629000093;BLE Sniffer;Appareil BLE;2,4 GHz BLE;62:ae:f9:af:07:b9;-86.0;;;;-86.0;2.5118864315095823e-12;0.00028;7.03328200822683e-16;2.6452977589960665e-12;25;0x00;37;VERT;False
1787671586.242039;23.751804370000173;Simulation RF;Détection RF large bande;868 MHz;868 MHz;;2737;2.205491935787973;-44.21967743151893;-77.21967743151893;1.8968468026395793e-11;0.1;1.8968468026395795e-12;3.81190451866726e-09;;;;VERT;True
1787671586.2421854;23.751804370000173;Simulation RF;Détection RF large bande;2,45 GHz;2,45 GHz;;2833;2.282622005816831;-47.30488023267323;-64.00488023267323;3.9766006277231036e-10;0.1;3.976600627723104e-11;1.3108957683936816e-08;;;;ORANGE;True
1787671586.2507164;23.760640476000845;Wi-Fi;Wi-Fi;2,4/5 GHz;wlan0;-33.0;;;;-33.0;5.011872336272725e-07;0.1;5.011872336272725e-08;7.3758791028707835e-06;;;;ROUGE;False
1787671586.342206;23.85192461999941;Simulation RF;Détection RF large bande;868 MHz;868 MHz;;2693;2.1699374063206744;-42.797496252826974;-75.79749625282697;2.6317848024919134e-11;0.1;2.6317848024919134e-12;3.814536303469752e-09;;;;VERT;True
1787671586.3423903;23.85192461999941;Simulation RF;Détection RF large bande;2,45 GHz;2,45 GHz;;2824;2.275572732452972;-47.022909298118876;-63.72290929811888;4.243352105249671e-10;0.1;4.243352105249671e-11;1.3151391204989312e-08;;;;ORANGE;True
1787671586.3515198;23.86144428099942;Wi-Fi;Wi-Fi;2,4/5 GHz;wlan0;-33.0;;;;-33.0;5.011872336272725e-07;0.1;5.011872336272725e-08;7.425997826233511e-06;;;;ROUGE;False
1787671586.4240503;23.93397572899994;Simulation LoRa;LoRa;868 MHz;LoRa 868.100 MHz;-87.70164864074326;;;;-87.70164864074326;1.6975990984916865e-12;0.046335999999999995;7.865995182771078e-14;1.7093778351785868e-12;13;"SNR=7.36;SF=7;BW=125.0;CR=4/5;F=868.100;CRC=OK;PAYLOAD=54454d504f5f4c4f52415f3233";7;VERT;True
1787671586.442231;23.952007387000776;Simulation RF;Détection RF large bande;868 MHz;868 MHz;;2690;2.167535917358919;-42.70143669435676;-75.70143669435676;2.690644561594439e-11;0.1;2.6906445615944393e-12;3.8172269480313465e-09;;;;VERT;True
1787671586.4423907;23.952007387000776;Simulation RF;Détection RF large bande;2,45 GHz;2,45 GHz;;2851;2.297231241014488;-47.88924964057952;-64.58924964057952;3.475962127615963e-10;0.1;3.475962127615963e-11;1.3186150826265472e-08;;;;ORANGE;True
1787671586.4509845;23.960908904000462;Wi-Fi;Wi-Fi;2,4/5 GHz;wlan0;-33.0;;;;-33.0;5.011872336272725e-07;0.1;5.011872336272725e-08;7.4761165495962384e-06;;;;ROUGE;False
1787671586.5423625;24.0520951540002;Simulation RF;Détection RF large bande;868 MHz;868 MHz;;2778;2.23832511373634;-45.533004549453594;-78.5330045494536;1.4018435412959513e-11;0.1;1.4018435412959515e-12;3.818628791572643e-09;;;;VERT;True
1787671586.542517;24.0520951540002;Simulation RF;Détection RF large bande;2,45 GHz;2,45 GHz;;2863;2.3069052009028197;-48.27620803611278;-64.97620803611278;3.17964911222073e-10;0.1;3.17964911222073e-11;1.321794731738768e-08;;;;ORANGE;True
1787671586.5511487;24.061072546001014;Wi-Fi;Wi-Fi;2,4/5 GHz;wlan0;-33.0;;;;-33.0;5.011872336272725e-07;0.1;5.011872336272725e-08;7.526235272958966e-06;;;;ROUGE;False
1787671586.6424396;24.152176458001122;Simulation RF;Détection RF large bande;868 MHz;868 MHz;;2698;2.174184344002949;-42.967373760117965;-75.96737376011797;2.5308279611068313e-11;0.1;2.5308279611068316e-12;3.82115961953375e-09;;;;VERT;True
1787671586.6425967;24.152176458001122;Simulation RF;Détection RF large bande;2,45 GHz;2,45 GHz;;2985;2.4058453611181854;-52.233814444727415;-68.93381444472742;1.2782581061959114e-10;0.1;1.2782581061959114e-11;1.323072989844964e-08;;;;ORANGE;True
1787671586.6512585;24.161182203000863;Wi-Fi;Wi-Fi;2,4/5 GHz;wlan0;-33.0;;;;-33.0;5.011872336272725e-07;0.1;5.011872336272725e-08;7.576353996321693e-06;;;;ROUGE;False
1787671586.732388;24.242312690999825;BLE Sniffer;iBeacon;2,4 GHz BLE;5e:ef:5d:3b:83:a3;-63.0;;;;-63.0;5.011872336272714e-10;0.000368;1.8443690197483588e-13;1.864463857797673e-11;36;0x00;38;ORANGE;False
1787671586.735274;24.245199303000845;BLE Sniffer;iBeacon;2,4 GHz BLE;5e:ef:5d:3b:83:a3;-70.0;;;;-70.0;1e-10;0.000368;3.68e-14;1.8681438577976727e-11;36;0x00;39;ORANGE;False
1787671586.735358;24.245281048000834;BLE Sniffer;Appareil BLE;2,4 GHz BLE;44:52:00:58:f1:a9;-91.0;;;;-91.0;7.943282347242822e-13;0.00019999999999999998;1.5886564694485642e-16;1.551195088266352e-14;15;0x00;37;VERT;False
1787671586.7424788;24.252259151000544;Simulation RF;Détection RF large bande;868 MHz;868 MHz;;2722;2.193462920084288;-43.738516803371525;-76.73851680337152;2.119084718623907e-11;0.1;2.119084718623907e-12;3.8232787042523735e-09;;;;VERT;True
1787671586.742636;24.252259151000544;Simulation RF;Détection RF large bande;2,45 GHz;2,45 GHz;;2869;2.3120457630842592;-48.48183052337036;-65.18183052337037;3.032612687988036e-10;0.1;3.032612687988036e-11;1.326105602532952e-08;;;;ORANGE;True
1787671586.7527792;24.262703323000096;Wi-Fi;Wi-Fi;2,4/5 GHz;wlan0;-33.0;;;;-33.0;5.011872336272725e-07;0.1;5.011872336272725e-08;7.626472719684421e-06;;;;ROUGE;False
1787671586.8425543;24.352344659000664;Simulation RF;Détection RF large bande;868 MHz;868 MHz;;2793;2.2503797200415807;-46.01518880166323;-79.01518880166323;1.254530198243422e-11;0.1;1.2545301982434222e-12;3.824533234450617e-09;;;;VERT;True
1787671586.8427055;24.352344659000664;Simulation RF;Détection RF large bande;2,45 GHz;2,45 GHz;;2868;2.311605240424371;-48.46420961697484;-65.16420961697484;3.0449420959715936e-10;0.1;3.044942095971594e-11;1.3291505446289236e-08;;;;ORANGE;True
1787671586.852278;24.36220698500074;Wi-Fi;Wi-Fi;2,4/5 GHz;wlan0;-33.0;;;;-33.0;5.011872336272725e-07;0.1;5.011872336272725e-08;7.676591443047148e-06;;;;ROUGE;False
1787671586.9454775;24.455401969000377;BLE Sniffer;iBeacon;2,4 GHz BLE;5e:ef:5d:3b:83:a3;-64.0;;;;-64.0;3.9810717055349694e-10;0.000368;1.4650343876368688e-13;1.8827942016740412e-11;36;0x00;38;ORANGE;False
1787671586.9455655;24.455488640000112;BLE Sniffer;iBeacon;2,4 GHz BLE;5e:ef:5d:3b:83:a3;-70.0;;;;-70.0;1e-10;0.000368;3.68e-14;1.886474201674041e-11;36;0x00;39;ORANGE;False
1787671586.9479303;24.45247407699935;Simulation RF;Détection RF large bande;868 MHz;868 MHz;;2773;2.2345632328969365;-45.38252931587746;-78.38252931587746;1.4512661590789162e-11;0.1;1.4512661590789162e-12;3.825984500609696e-09;;;;VERT;True
1787671586.9480784;24.45247407699935;Simulation RF;Détection RF large bande;2,45 GHz;2,45 GHz;;2940;2.3691902350876317;-50.76760940350526;-67.46760940350526;1.7915917736397075e-10;0.1;1.7915917736397078e-11;1.3309421364025633e-08;;;;ORANGE;True
1787671586.9568264;24.466750558000058;Wi-Fi;Wi-Fi;2,4/5 GHz;wlan0;-33.0;;;;-33.0;5.011872336272725e-07;0.1;5.011872336272725e-08;7.726710166409876e-06;;;;ROUGE;False
1787671587.0430279;24.55260079800064;Simulation RF;Détection RF large bande;868 MHz;868 MHz;;2774;2.235852291543437;-45.43409166173747;-78.43409166173747;1.4341376383262346e-11;0.1;1.4341376383262347e-12;3.827418638248022e-09;;;;VERT;True
1787671587.0432482;24.55260079800064;Simulation RF;Détection RF large bande;2,45 GHz;2,45 GHz;;2850;2.2965889127492702;-47.863556509970806;-64.56355650997081;3.4965870840141076e-10;0.1;3.4965870840141076e-11;1.3344387234865773e-08;;;;ORANGE;True
1787671587.0531976;24.56312715599961;BLE Sniffer;Appareil BLE;2,4 GHz BLE;44:52:00:58:f1:a9;-89.0;;;;-89.0;1.258925411794166e-12;0.00019999999999999998;2.517850823588332e-16;1.5763735965022352e-14;15;0x00;37;VERT;False
1787671587.0533729;24.563295943000412;BLE Sniffer;Appareil BLE;2,4 GHz BLE;62:ae:f9:af:07:b9;-79.0;;;;-79.0;1.2589254117941662e-11;0.00028;3.524991153023665e-15;2.64882275014909e-12;25;0x00;38;VERT;False
1787671587.053441;24.56336526099949;BLE Sniffer;Appareil BLE;2,4 GHz BLE;62:ae:f9:af:07:b9;-82.0;;;;-82.0;6.309573444801943e-12;0.00028;1.7666805645445437e-15;2.6505894307136346e-12;25;0x00;39;VERT;False
1787671587.0598028;24.56972816400048;Wi-Fi;Wi-Fi;2,4/5 GHz;wlan0;-33.0;;;;-33.0;5.011872336272725e-07;0.1;5.011872336272725e-08;7.776828889772603e-06;;;;ROUGE;False
1787671587.142951;24.652687649000654;Simulation RF;Détection RF large bande;868 MHz;868 MHz;;2763;2.2264867996963256;-45.059471987853016;-78.05947198785302;1.56333770057461e-11;0.1;1.5633377005746102e-12;3.828981975948597e-09;;;;VERT;True
1787671587.1431098;24.652687649000654;Simulation RF;Détection RF large bande;2,45 GHz;2,45 GHz;;2868;2.3113630088119748;-48.45452035247898;-65.15452035247898;3.0517430539533633e-10;0.1;3.051743053953363e-11;1.3374904665405307e-08;;;;ORANGE;True
1787671587.151661;24.661585015999663;Wi-Fi;Wi-Fi;2,4/5 GHz;wlan0;-33.0;;;;-33.0;5.011872336272725e-07;0.1;5.011872336272725e-08;7.82694761313533e-06;;;;ROUGE;False
1787671587.2430236;24.752773629999865;Simulation RF;Détection RF large bande;868 MHz;868 MHz;;2777;2.2376990693013217;-45.50796277205286;-78.50796277205286;1.4099500354713938e-11;0.1;1.409950035471394e-12;3.8303919259840685e-09;;;;VERT;True
1787671587.2431812;24.752773629999865;Simulation RF;Détection RF large bande;2,45 GHz;2,45 GHz;;2941;2.3698044961541602;-50.792179846166405;-67.49217984616641;1.7814843658899975e-10;0.1;1.7814843658899976e-11;1.3392719509064207e-08;;;;ORANGE;True
1787671587.2541544;24.76408076900043;Wi-Fi;Wi-Fi;2,4/5 GHz;wlan0;-33.0;;;;-33.0;5.011872336272725e-07;0.1;5.011872336272725e-08;7.877066336498058e-06;;;;ROUGE;False
1787671587.2642434;24.774167956000383;BLE Sniffer;iBeacon;2,4 GHz BLE;5e:ef:5d:3b:83:a3;-66.0;;;;-66.0;2.511886431509582e-10;0.000368;9.243742067955262e-14;1.8957179437419963e-11;36;0x00;37;ORANGE;False
1787671587.2643065;24.77422955200018;BLE Sniffer;iBeacon;2,4 GHz BLE;5e:ef:5d:3b:83:a3;-64.0;;;;-64.0;3.9810717055349694e-10;0.000368;1.4650343876368688e-13;1.9103682876183648e-11;36;0x00;38;ORANGE;False
1787671587.2663856;24.776310363000448;BLE Sniffer;iBeacon;2,4 GHz BLE;5e:ef:5d:3b:83:a3;-70.0;;;;-70.0;1e-10;0.000368;3.68e-14;1.9140482876183647e-11;36;0x00;39;ORANGE;False
1787671587.3431246;24.852863461999732;Simulation RF;Détection RF large bande;868 MHz;868 MHz;;2713;2.186455928939724;-43.458237157588954;-76.45823715758895;2.2603530827475674e-11;0.1;2.2603530827475674e-12;3.832652279066816e-09;;;;VERT;True
1787671587.343275;24.852863461999732;Simulation RF;Détection RF large bande;2,45 GHz;2,45 GHz;;2916;2.350201495955417;-50.00805983821668;-66.70805983821668;2.1339980398696252e-10;0.1;2.1339980398696253e-11;1.3414059489462903e-08;;;;ORANGE;True
1787671587.3517873;24.86171164100051;Wi-Fi;Wi-Fi;2,4/5 GHz;wlan0;-33.0;;;;-33.0;5.011872336272725e-07;0.1;5.011872336272725e-08;7.927185059860786e-06;;;;ROUGE;False
1787671587.371042;24.880965839000055;BLE Sniffer;Appareil BLE;2,4 GHz BLE;62:ae:f9:af:07:b9;-75.0;;;;-75.0;3.1622776601683794e-11;0.00028;8.854377448471461e-15;2.659443808162106e-12;25;0x00;37;VERT;False
1787671587.3742979;24.884223081000528;Simulation LoRa;LoRa;868 MHz;LoRa 868.100 MHz;-88.40977071326641;;;;-88.40977071326641;1.4421914903341146e-12;0.046335999999999995;6.682538489612153e-14;1.7762032200747082e-12;13;"SNR=8.10;SF=7;BW=125.0;CR=4/5;F=868.100;CRC=OK;PAYLOAD=54454d504f5f4c4f52415f3234";7;VERT;True
1787671587.4490652;24.95294718399964;Simulation RF;Détection RF large bande;868 MHz;868 MHz;;2756;2.2212711657872592;-44.85084663149037;-77.85084663149037;1.640269981066504e-11;0.1;1.640269981066504e-12;3.8342925490478824e-09;;;;VERT;True
1787671587.4504178;24.95294718399964;Simulation RF;Détection RF large bande;2,45 GHz;2,45 GHz;;2867;2.310805149596546;-48.432205983861834;-65.13220598386184;3.0674634850949e-10;0.1;3.0674634850949003e-11;1.3444734124313851e-08;;;;ORANGE;True
1787671587.4592578;24.969183410999904;Wi-Fi;Wi-Fi;2,4/5 GHz;wlan0;-33.0;;;;-33.0;5.011872336272725e-07;0.1;5.011872336272725e-08;7.977303783223513e-06;;;;ROUGE;False
1787671587.480071;24.989996243999485;BLE Sniffer;iBeacon;2,4 GHz BLE;5e:ef:5d:3b:83:a3;-63.0;;;;-63.0;5.011872336272714e-10;0.000368;1.8443690197483588e-13;1.9324919778158484e-11;36;0x00;38;ORANGE;False
1787671587.5433228;25.053040924000015;Simulation RF;Détection RF large bande;868 MHz;868 MHz;;2731;2.200822397744042;-44.03289590976168;-77.03289590976168;1.9802061684279852e-11;0.1;1.9802061684279853e-12;3.836272755216311e-09;;;;VERT;True
1787671587.543525;25.053040924000015;Simulation RF;Détection RF large bande;2,45 GHz;2,45 GHz;;2916;2.3498094559295164;-49.992378237180645;-66.69237823718065;2.1417174554372804e-10;0.1;2.1417174554372804e-11;1.3466151298868223e-08;;;;ORANGE;True
1787671587.55221;25.062134189000062;Wi-Fi;Wi-Fi;2,4/5 GHz;wlan0;-33.0;;;;-33.0;5.011872336272725e-07;0.1;5.011872336272725e-08;8.02742250658624e-06;;;;ROUGE;False
1787671587.5817358;25.091659990999688;BLE Sniffer;iBeacon;2,4 GHz BLE;5e:ef:5d:3b:83:a3;-70.0;;;;-70.0;1e-10;0.000368;3.68e-14;1.9361719778158482e-11;36;0x00;39;ORANGE;False
1787671587.5828016;25.09272641700045;BLE Sniffer;Appareil BLE;2,4 GHz BLE;62:ae:f9:af:07:b9;-72.0;;;;-72.0;6.309573444801942e-11;0.00028;1.7666805645445437e-14;2.6771106138075517e-12;25;0x00;37;VERT;False
1787671587.5850167;25.094941142000607;BLE Sniffer;Appareil BLE;2,4 GHz BLE;62:ae:f9:af:07:b9;-68.0;;;;-68.0;1.584893192461111e-10;0.00028;4.43770093889111e-14;2.721487623196463e-12;25;0x00;38;ORANGE;False
1787671587.6433682;25.153116515000875;Simulation RF;Détection RF large bande;868 MHz;868 MHz;;2824;2.2755859836105947;-47.02343934442378;-80.02343934442378;9.946174297175899e-12;0.1;9.9461742971759e-13;3.837267372646028e-09;;;;VERT;True
1787671587.6435113;25.153116515000875;Simulation RF;Détection RF large bande;2,45 GHz;2,45 GHz;;2886;2.3257519520955783;-49.03007808382313;-65.73007808382313;2.6729583498709443e-10;0.1;2.6729583498709446e-11;1.3492880882366932e-08;;;;ORANGE;True
1787671587.660509;25.170432815999447;Wi-Fi;Wi-Fi;2,4/5 GHz;wlan0;-33.0;;;;-33.0;5.011872336272725e-07;0.1;5.011872336272725e-08;8.077541229948968e-06;;;;ROUGE;False
1787671587.6885586;25.19848354200076;BLE Sniffer;Appareil BLE;2,4 GHz BLE;62:ae:f9:af:07:b9;-81.0;;;;-81.0;7.943282347242821e-12;0.00028;2.22411905722799e-15;2.7237117422536908e-12;25;0x00;39;VERT;False
1787671587.6886473;25.198570028000177;BLE Sniffer;Appareil BLE;2,4 GHz BLE;dc:84:09:15:ee:8e;-94.0;;;;-94.0;3.981071705534969e-13;0.000192;7.643657674627141e-17;7.643657674627141e-17;14;0x02;37;VERT;False
1787671587.6908526;25.20077771599972;BLE Sniffer;Appareil BLE;2,4 GHz BLE;62:ae:f9:af:07:b9;-66.0;;;;-66.0;2.511886431509582e-10;0.00028;7.03328200822683e-14;2.7940445623359592e-12;25;0x00;38;ORANGE;False
1787671587.6959782;25.205903591000606;BLE Sniffer;Appareil BLE;2,4 GHz BLE;62:ae:f9:af:07:b9;-75.0;;;;-75.0;3.1622776601683794e-11;0.00028;8.854377448471461e-15;2.802898939784431e-12;25;0x00;39;VERT;False
1787671587.7434747;25.253216884999347;Simulation RF;Détection RF large bande;868 MHz;868 MHz;;2776;2.236919013425368;-45.47676053701471;-78.47676053701471;1.4201164113160112e-11;0.1;1.4201164113160113e-12;3.838687489057344e-09;;;;VERT;True
1787671587.7436237;25.253216884999347;Simulation RF;Détection RF large bande;2,45 GHz;2,45 GHz;;2857;2.302337540566347;-48.093501622653875;-64.79350162265388;3.3162696606708356e-10;0.1;3.3162696606708355e-11;1.352604357897364e-08;;;;ORANGE;True
1787671587.7521322;25.26205621200097;Wi-Fi;Wi-Fi;2,4/5 GHz;wlan0;-33.0;;;;-33.0;5.011872336272725e-07;0.1;5.011872336272725e-08;8.127659953311695e-06;;;;ROUGE;False
1787671587.7997305;25.309655428000042;BLE Sniffer;iBeacon;2,4 GHz BLE;5e:ef:5d:3b:83:a3;-65.0;;;;-65.0;3.1622776601683795e-10;0.000368;1.1637181789419636e-13;1.9478091596052678e-11;36;0x00;37;ORANGE;False
1787671587.8009024;25.310827450999568;BLE Sniffer;iBeacon;2,4 GHz BLE;5e:ef:5d:3b:83:a3;-64.0;;;;-64.0;3.9810717055349694e-10;0.000368;1.4650343876368688e-13;1.9624595034816364e-11;36;0x00;38;ORANGE;False
1787671587.8035104;25.31343582699992;BLE Sniffer;iBeacon;2,4 GHz BLE;5e:ef:5d:3b:83:a3;-69.0;;;;-69.0;1.2589254117941662e-10;0.000368;4.6328455154025316e-14;1.9670923489970388e-11;36;0x00;39;ORANGE;False
1787671587.8435402;25.353298031999657;Simulation RF;Détection RF large bande;868 MHz;868 MHz;;2754;2.219727551592753;-44.78910206371012;-77.78910206371012;1.6637566089206832e-11;0.1;1.6637566089206833e-12;3.8403512456662646e-09;;;;VERT;True
1787671587.8436913;25.353298031999657;Simulation RF;Détection RF large bande;2,45 GHz;2,45 GHz;;2899;2.336587032269607;-49.46348129078429;-66.16348129078429;2.419089135152987e-10;0.1;2.4190891351529872e-11;1.355023447032517e-08;;;;ORANGE;True
1787671587.8520603;25.36198496200086;Wi-Fi;Wi-Fi;2,4/5 GHz;wlan0;-36.0;;;;-36.0;2.5118864315095823e-07;0.1;2.5118864315095824e-08;8.152778817626791e-06;;;;ROUGE;False
1787671587.9091227;25.41904866600089;BLE Sniffer;Appareil BLE;2,4 GHz BLE;d3:23:2f:4d:3e:b1;-80.0;;;;-80.0;1e-11;0.000376;3.7599999999999996e-15;2.700201982266992e-13;37;0x00;37;VERT;False
1787671587.9436336;25.45337606800058;Simulation RF;Détection RF large bande;868 MHz;868 MHz;;2777;2.2377967749555894;-45.51187099822357;-78.51187099822357;1.4086817888809881e-11;0.1;1.4086817888809882e-12;3.8417599274551454e-09;;;;VERT;True
1787671587.9437795;25.45337606800058;Simulation RF;Détection RF large bande;2,45 GHz;2,45 GHz;;2868;2.3115785686960533;-48.46314274784213;-65.16314274784213;3.0456901952254746e-10;0.1;3.0456901952254746e-11;1.3580691372277424e-08;;;;ORANGE;True
1787671587.9521477;25.462072756999987;Wi-Fi;Wi-Fi;2,4/5 GHz;wlan0;-36.0;;;;-36.0;2.5118864315095823e-07;0.1;2.5118864315095824e-08;8.177897681941888e-06;;;;ROUGE;False
1787671588.0107388;25.520663354000135;BLE Sniffer;Appareil BLE;2,4 GHz BLE;d3:23:2f:4d:3e:b1;-71.0;;;;-71.0;7.943282347242822e-11;0.000376;2.986674162563301e-14;2.998869398523322e-13;37;0x00;38;VERT;False
1787671588.0138276;25.523752920000334;BLE Sniffer;Appareil BLE;2,4 GHz BLE;d3:23:2f:4d:3e:b1;-79.0;;;;-79.0;1.2589254117941662e-11;0.000376;4.7335595483460644e-15;3.0462049940067827e-13;37;0x00;39;VERT;False
1787671588.0139132;25.523836108999603;BLE Sniffer;Appareil BLE;2,4 GHz BLE;62:ae:f9:af:07:b9;-74.0;;;;-74.0;3.9810717055349695e-11;0.00028;1.1147000775497913e-14;2.8140459405599287e-12;25;0x00;37;VERT;False
1787671588.0437045;25.553455814999325;Simulation RF;Détection RF large bande;868 MHz;868 MHz;;2811;2.265411662610532;-46.61646650442128;-79.61646650442128;1.0923287126745522e-11;0.1;1.0923287126745522e-12;3.84285225616782e-09;;;;VERT;True
1787671588.0438416;25.553455814999325;Simulation RF;Détection RF large bande;2,45 GHz;2,45 GHz;;2929;2.360376841845285;-50.41507367381139;-67.1150736738114;1.9430887289489136e-10;0.1;1.9430887289489138e-11;1.3600122259566914e-08;;;;ORANGE;True
1787671588.0522015;25.5621253900008;Wi-Fi;Wi-Fi;2,4/5 GHz;wlan0;-36.0;;;;-36.0;2.5118864315095823e-07;0.1;2.5118864315095824e-08;8.203016546256984e-06;;;;ROUGE;False
1787671588.117522;25.62744716999987;BLE Sniffer;iBeacon;2,4 GHz BLE;5e:ef:5d:3b:83:a3;-63.0;;;;-63.0;5.011872336272714e-10;0.000368;1.8443690197483588e-13;1.9855360391945226e-11;36;0x00;38;ORANGE;False
1787671588.1208127;25.63073772700045;BLE Sniffer;iBeacon;2,4 GHz BLE;5e:ef:5d:3b:83:a3;-69.0;;;;-69.0;1.2589254117941662e-10;0.000368;4.6328455154025316e-14;1.990168884709925e-11;36;0x00;39;ORANGE;False
1787671588.1437917;25.65354336100063;Simulation RF;Détection RF large bande;868 MHz;868 MHz;;2761;2.2250806550918796;-45.00322620367518;-78.00322620367518;1.583716274555915e-11;0.1;1.5837162745559152e-12;3.8444359724423765e-09;;;;VERT;True
1787671588.1439483;25.65354336100063;Simulation RF;Détection RF large bande;2,45 GHz;2,45 GHz;;2910;2.3450585703724665;-49.80234281489865;-66.50234281489865;2.2375137792720488e-10;0.1;2.237513779272049e-11;1.3622497397359634e-08;;;;ORANGE;True
1787671588.152395;25.662319570999898;Wi-Fi;Wi-Fi;2,4/5 GHz;wlan0;-36.0;;;;-36.0;2.5118864315095823e-07;0.1;2.5118864315095824e-08;8.22813541057208e-06;;;;ROUGE;False
1787671588.2265525;25.73647769300078;BLE Sniffer;Appareil BLE;2,4 GHz BLE;62:ae:f9:af:07:b9;-73.0;;;;-73.0;5.011872336272715e-11;0.00028;1.40332425415636e-14;2.8280791831014923e-12;25;0x00;37;VERT;False
1787671588.2438343;25.753624203000072;Simulation RF;Détection RF large bande;868 MHz;868 MHz;;2729;2.199158398381962;-43.966335935278465;-76.96633593527847;2.01078856345002e-11;0.1;2.0107885634500203e-12;3.846446761005827e-09;;;;VERT;True
1787671588.2439795;25.753624203000072;Simulation RF;Détection RF large bande;2,45 GHz;2,45 GHz;;2840;2.28842037209931;-47.5368148839724;-64.2368148839724;3.769801749105475e-10;0.1;3.769801749105475e-11;1.3660195414850689e-08;;;;ORANGE;True
1787671588.2524326;25.762356762999843;Wi-Fi;Wi-Fi;2,4/5 GHz;wlan0;-36.0;;;;-36.0;2.5118864315095823e-07;0.1;2.5118864315095824e-08;8.253254274887176e-06;;;;ROUGE;False
1787671588.3439434;25.853709212000467;Simulation RF;Détection RF large bande;868 MHz;868 MHz;;2702;2.17748288524102;-43.099315409640795;-76.0993154096408;2.4550958887145917e-11;0.1;2.455095888714592e-12;3.848901856894542e-09;;;;VERT;True
1787671588.3440769;25.853709212000467;Simulation RF;Détection RF large bande;2,45 GHz;2,45 GHz;;2902;2.3389419930816078;-49.557679723264314;-66.25767972326432;2.367184059656086e-10;0.1;2.3671840596560858e-11;1.368386725544725e-08;;;;ORANGE;True
1787671588.352538;25.86246269900039;Wi-Fi;Wi-Fi;2,4/5 GHz;wlan0;-36.0;;;;-36.0;2.5118864315095823e-07;0.1;2.5118864315095824e-08;8.278373139202272e-06;;;;ROUGE;False
1787671588.4317906;25.94171552700027;BLE Sniffer;iBeacon;2,4 GHz BLE;5e:ef:5d:3b:83:a3;-63.0;;;;-63.0;5.011872336272714e-10;0.000368;1.8443690197483588e-13;2.0086125749074087e-11;36;0x00;38;ORANGE;False
1787671588.4349525;25.944877318999715;Simulation LoRa;LoRa;868 MHz;LoRa 868.100 MHz;-87.9204906149959;;;;-87.9204906149959;1.6141761958215982e-12;0.046335999999999995;7.479446820958957e-14;1.8509976882842976e-12;13;"SNR=7.92;SF=7;BW=125.0;CR=4/5;F=868.100;CRC=OK;PAYLOAD=54454d504f5f4c4f52415f3235";7;VERT;True
1787671588.4350438;25.94496700899981;BLE Sniffer;iBeacon;2,4 GHz BLE;5e:ef:5d:3b:83:a3;-70.0;;;;-70.0;1e-10;0.000368;3.68e-14;2.0122925749074086e-11;36;0x00;39;ORANGE;False
1787671588.4440005;25.953790166000545;Simulation RF;Détection RF large bande;868 MHz;868 MHz;;2716;2.1889586003446797;-43.55834401378718;-76.55834401378718;2.208846816614991e-11;0.1;2.2088468166149913e-12;3.851110703711156e-09;;;;VERT;True
1787671588.444147;25.953790166000545;Simulation RF;Détection RF large bande;2,45 GHz;2,45 GHz;;2978;2.399681244954325;-51.987249798172996;-68.687249798173;1.3529290442715517e-10;0.1;1.3529290442715518e-11;1.3697396545889965e-08;;;;ORANGE;True
1787671588.4526212;25.962545411000974;Wi-Fi;Wi-Fi;2,4/5 GHz;wlan0;-36.0;;;;-36.0;2.5118864315095823e-07;0.1;2.5118864315095824e-08;8.303492003517368e-06;;;;ROUGE;False
1787671588.5419707;26.051896110000598;BLE Sniffer;Appareil BLE;2,4 GHz BLE;44:52:00:58:f1:a9;-88.0;;;;-88.0;1.584893192461111e-12;0.00019999999999999998;3.1697863849222217e-16;1.6080714603514574e-14;15;0x00;37;VERT;False
1787671588.5440743;26.05386897000062;Simulation RF;Détection RF large bande;868 MHz;868 MHz;;2795;2.252209752969445;-46.08839011877781;-79.08839011877781;1.233562016173e-11;0.1;1.2335620161730002e-12;3.852344265727329e-09;;;;VERT;True
1787671588.54423;26.05386897000062;Simulation RF;Détection RF large bande;2,45 GHz;2,45 GHz;;2896;2.3334578257627423;-49.33831303050968;-66.03831303050968;2.4898242755193687e-10;0.1;2.4898242755193687e-11;1.3722294788645158e-08;;;;ORANGE;True
1787671588.5527747;26.062698739000552;Wi-Fi;Wi-Fi;2,4/5 GHz;wlan0;-37.0;;;;-37.0;1.9952623149688787e-07;0.1;1.995262314968879e-08;8.323444626667056e-06;;;;ROUGE;False
1787671588.646803;26.156727880999824;BLE Sniffer;iBeacon;2,4 GHz BLE;5e:ef:5d:3b:83:a3;-64.0;;;;-64.0;3.9810717055349694e-10;0.000368;1.4650343876368688e-13;2.026942918783777e-11;36;0x00;38;ORANGE;False
1787671588.6484456;26.153957997999896;Simulation RF;Détection RF large bande;868 MHz;868 MHz;;2776;2.2370502587550773;-45.4820103502031;-78.4820103502031;1.4184007916323792e-11;0.1;1.4184007916323792e-12;3.853762666518961e-09;;;;VERT;True
1787671588.648594;26.153957997999896;Simulation RF;Détection RF large bande;2,45 GHz;2,45 GHz;;2913;2.3478620975506277;-49.9144839020251;-66.6144839020251;2.1804775009062637e-10;0.1;2.1804775009062638e-11;1.374409956365422e-08;;;;ORANGE;True
1787671588.657019;26.166942719999497;Wi-Fi;Wi-Fi;2,4/5 GHz;wlan0;-37.0;;;;-37.0;1.9952623149688787e-07;0.1;1.995262314968879e-08;8.343397249816744e-06;;;;ROUGE;False
1787671588.744307;26.254045081001095;Simulation RF;Détection RF large bande;868 MHz;868 MHz;;2733;2.202473100411969;-44.09892401647875;-77.09892401647875;1.9503277421099887e-11;0.1;1.9503277421099888e-12;3.855712994261071e-09;;;;VERT;True
1787671588.7444959;26.254045081001095;Simulation RF;Détection RF large bande;2,45 GHz;2,45 GHz;;2890;2.329140174303954;-49.16560697215816;-65.86560697215816;2.5908323000212504e-10;0.1;2.5908323000212507e-11;1.3770007886654433e-08;;;;ORANGE;True
1787671588.7517936;26.261718883000867;BLE Sniffer;iBeacon;2,4 GHz BLE;5e:ef:5d:3b:83:a3;-69.0;;;;-69.0;1.2589254117941662e-10;0.000368;4.6328455154025316e-14;2.0315757642991796e-11;36;0x00;39;ORANGE;False
1787671588.7518833;26.26180644300075;BLE Sniffer;Appareil BLE;2,4 GHz BLE;57:83:a4:76:f6:fb;-46.0;;;;-46.0;2.511886431509582e-08;0.000176;4.4209201194568646e-12;4.4213385312596745e-12;12;0x03;37;ROUGE;False
1787671588.7586775;26.26860210599989;Wi-Fi;Wi-Fi;2,4/5 GHz;wlan0;-37.0;;;;-37.0;1.9952623149688787e-07;0.1;1.995262314968879e-08;8.363349872966432e-06;;;;ROUGE;False
1787671588.8443756;26.354121442000178;Simulation RF;Détection RF large bande;868 MHz;868 MHz;;2805;2.26041444977546;-46.416577991018386;-79.41657799101839;1.1437792168641307e-11;0.1;1.1437792168641307e-12;3.856856773477935e-09;;;;VERT;True
1787671588.8445268;26.354121442000178;Simulation RF;Détection RF large bande;2,45 GHz;2,45 GHz;;2946;2.37376183505793;-50.950473402317186;-67.65047340231719;1.7177211369110536e-10;0.1;1.7177211369110538e-11;1.3787185098023544e-08;;;;ORANGE;True
1787671588.8528998;26.362823814000876;Wi-Fi;Wi-Fi;2,4/5 GHz;wlan0;-36.0;;;;-36.0;2.5118864315095823e-07;0.1;2.5118864315095824e-08;8.388468737281528e-06;;;;ROUGE;False
1787671588.9444945;26.454206468999473;Simulation RF;Détection RF large bande;868 MHz;868 MHz;;2806;2.260853938332004;-46.43415753328016;-79.43415753328016;1.1391587403012105e-11;0.1;1.1391587403012106e-12;3.8579959322182366e-09;;;;VERT;True
1787671588.9446507;26.454206468999473;Simulation RF;Détection RF large bande;2,45 GHz;2,45 GHz;;2950;2.3775970183888218;-51.10388073555286;-67.80388073555287;1.6581046087784457e-10;0.1;1.6581046087784457e-11;1.3803766144111327e-08;;;;ORANGE;True
1787671588.954591;26.46451492400047;Wi-Fi;Wi-Fi;2,4/5 GHz;wlan0;-34.0;;;;-34.0;3.981071705534969e-07;0.1;3.9810717055349696e-08;8.428279454336878e-06;;;;ROUGE;False
1787671588.9612923;26.471216231000653;BLE Sniffer;iBeacon;2,4 GHz BLE;5e:ef:5d:3b:83:a3;-64.0;;;;-64.0;3.9810717055349694e-10;0.000368;1.4650343876368688e-13;2.046226108175548e-11;36;0x00;38;ORANGE;False
1787671588.961346;26.47126882700104;BLE Sniffer;iBeacon;2,4 GHz BLE;5e:ef:5d:3b:83:a3;-70.0;;;;-70.0;1e-10;0.000368;3.68e-14;2.049906108175548e-11;36;0x00;39;ORANGE;False
1787671589.0445518;26.55429619000097;Simulation RF;Détection RF large bande;868 MHz;868 MHz;;2754;2.2197190289640907;-44.78876115856362;-77.78876115856362;1.6638872128025275e-11;0.1;1.6638872128025277e-12;3.8596598194310394e-09;;;;VERT;True
1787671589.0447009;26.55429619000097;Simulation RF;Détection RF large bande;2,45 GHz;2,45 GHz;;2945;2.373224904678089;-50.928996187123545;-67.62899618712355;1.726236842149319e-10;0.1;1.726236842149319e-11;1.3821028512532821e-08;;;;ORANGE;True
1787671589.0531561;26.56308002700098;Wi-Fi;Wi-Fi;2,4/5 GHz;wlan0;-34.0;;;;-34.0;3.981071705534969e-07;0.1;3.9810717055349696e-08;8.468090171392228e-06;;;;ROUGE;False
1787671589.0692382;26.57916308899985;BLE Sniffer;Appareil BLE;2,4 GHz BLE;62:ae:f9:af:07:b9;-81.0;;;;-81.0;7.943282347242821e-12;0.00028;2.22411905722799e-15;2.83030330215872e-12;25;0x00;37;VERT;False
1787671589.144834;26.654408988000796;Simulation RF;Détection RF large bande;868 MHz;868 MHz;;2828;2.2791688043322877;-47.1667521732915;-80.1667521732915;9.623316792211529e-12;0.1;9.62331679221153e-13;3.860622151110261e-09;;;;VERT;True
1787671589.1453292;26.654408988000796;Simulation RF;Détection RF large bande;2,45 GHz;2,45 GHz;;2890;2.3285938806388957;-49.14375522555582;-65.84375522555582;2.603901054308344e-10;0.1;2.6039010543083443e-11;1.3847067523075905e-08;;;;ORANGE;True
1787671589.1549177;26.66484183600005;Wi-Fi;Wi-Fi;2,4/5 GHz;wlan0;-34.0;;;;-34.0;3.981071705534969e-07;0.1;3.9810717055349696e-08;8.507900888447578e-06;;;;ROUGE;False
1787671589.2447429;26.75449024699992;Simulation RF;Détection RF large bande;868 MHz;868 MHz;;2790;2.2484534675516423;-45.938138702065686;-78.93813870206569;1.276985981802656e-11;0.1;1.2769859818026561e-12;3.8618991370920635e-09;;;;VERT;True
1787671589.2448883;26.75449024699992;Simulation RF;Détection RF large bande;2,45 GHz;2,45 GHz;;2953;2.3800112186302824;-51.20044874521129;-67.90044874521129;1.621642528590122e-10;0.1;1.6216425285901218e-11;1.3863283948361807e-08;;;;ORANGE;True
1787671589.2533548;26.763279251999847;Wi-Fi;Wi-Fi;2,4/5 GHz;wlan0;-34.0;;;;-34.0;3.981071705534969e-07;0.1;3.9810717055349696e-08;8.547711605502928e-06;;;;ROUGE;False
1787671589.2758334;26.785756917999606;BLE Sniffer;iBeacon;2,4 GHz BLE;5e:ef:5d:3b:83:a3;-64.0;;;;-64.0;3.9810717055349694e-10;0.000368;1.4650343876368688e-13;2.0645564520519165e-11;36;0x00;38;ORANGE;False
1787671589.27802;26.787944974999846;BLE Sniffer;iBeacon;2,4 GHz BLE;5e:ef:5d:3b:83:a3;-70.0;;;;-70.0;1e-10;0.000368;3.68e-14;2.0682364520519163e-11;36;0x00;39;ORANGE;False
1787671589.344841;26.854587693000212;Simulation RF;Détection RF large bande;868 MHz;868 MHz;;2808;2.2627118499537393;-46.50847399814957;-79.50847399814957;1.1198312949675413e-11;0.1;1.1198312949675414e-12;3.863018968387031e-09;;;;VERT;True
1787671589.3450005;26.854587693000212;Simulation RF;Détection RF large bande;2,45 GHz;2,45 GHz;;2903;2.339231367214603;-49.56925468858411;-66.26925468858411;2.36088335975157e-10;0.1;2.36088335975157e-11;1.3886892781959323e-08;;;;ORANGE;True
1787671589.3559074;26.865832990000854;Wi-Fi;Wi-Fi;2,4/5 GHz;wlan0;-34.0;;;;-34.0;3.981071705534969e-07;0.1;3.9810717055349696e-08;8.587522322558278e-06;;;;ROUGE;False
1787671589.381867;26.891791629999716;BLE Sniffer;Appareil BLE;2,4 GHz BLE;62:ae:f9:af:07:b8;-87.0;;;;-87.0;1.9952623149688827e-12;0.00028;5.586734481912871e-16;5.586734481912871e-16;25;0x00;37;VERT;False
1787671589.3853676;26.89529264200064;Simulation LoRa;LoRa;868 MHz;LoRa 868.100 MHz;-82.49061265817228;;;;-82.49061265817228;5.635581492066726e-12;0.046335999999999995;2.611303040164038e-13;2.1121279923007013e-12;13;"SNR=7.42;SF=7;BW=125.0;CR=4/5;F=868.100;CRC=OK;PAYLOAD=54454d504f5f4c4f52415f3236";7;VERT;True
1787671589.4449303;26.95467904600082;Simulation RF;Détection RF large bande;868 MHz;868 MHz;;2756;2.22132653653008;-44.8530614612032;-77.8530614612032;1.6394336838912405e-11;0.1;1.6394336838912405e-12;3.8646584020709224e-09;;;;VERT;True
1787671589.4450827;26.95467904600082;Simulation RF;Détection RF large bande;2,45 GHz;2,45 GHz;;2945;2.3729470118613682;-50.91788047445472;-67.61788047445472;1.7306607827412181e-10;0.1;1.7306607827412183e-11;1.3904199389786735e-08;;;;ORANGE;True
1787671589.4534721;26.963396343000568;Wi-Fi;Wi-Fi;2,4/5 GHz;wlan0;-34.0;;;;-34.0;3.981071705534969e-07;0.1;3.9810717055349696e-08;8.627333039613628e-06;;;;ROUGE;False
1787671589.4913678;27.001293741001064;BLE Sniffer;iBeacon;2,4 GHz BLE;5e:ef:5d:3b:83:a3;-64.0;;;;-64.0;3.9810717055349694e-10;0.000368;1.4650343876368688e-13;2.082886795928285e-11;36;0x00;38;ORANGE;False
1787671589.553419;27.054829253000207;Simulation RF;Détection RF large bande;868 MHz;868 MHz;;2809;2.2633679705062457;-46.53471882024982;-79.53471882024982;1.1130844560424851e-11;0.1;1.1130844560424852e-12;3.8657714865269645e-09;;;;VERT;True
1787671589.5537028;27.054829253000207;Simulation RF;Détection RF large bande;2,45 GHz;2,45 GHz;;2928;2.3592241347838985;-50.36896539135593;-67.06896539135593;1.9638280588536717e-10;0.1;1.9638280588536717e-11;1.3923837670375272e-08;;;;ORANGE;True
1787671589.561574;27.071498031000374;Wi-Fi;Wi-Fi;2,4/5 GHz;wlan0;-34.0;;;;-34.0;3.981071705534969e-07;0.1;3.9810717055349696e-08;8.667143756668978e-06;;;;ROUGE;False
1787671589.5931678;27.10309258900088;BLE Sniffer;iBeacon;2,4 GHz BLE;5e:ef:5d:3b:83:a3;-70.0;;;;-70.0;1e-10;0.000368;3.68e-14;2.0865667959282847e-11;36;0x00;39;ORANGE;False
1787671589.5966818;27.10660730500058;BLE Sniffer;Appareil BLE;2,4 GHz BLE;62:ae:f9:af:07:b9;-75.0;;;;-75.0;3.1622776601683794e-11;0.00028;8.854377448471461e-15;2.8391576796071917e-12;25;0x00;37;VERT;False
1787671589.6451626;27.154907439000453;Simulation RF;Détection RF large bande;868 MHz;868 MHz;;2817;2.269735624233426;-46.789424969337034;-79.78942496933703;1.0496814032559978e-11;0.1;1.0496814032559978e-12;3.86682116793022e-09;;;;VERT;True
1787671589.6452997;27.154907439000453;Simulation RF;Détection RF large bande;2,45 GHz;2,45 GHz;;2948;2.3756076429088764;-51.02430571635506;-67.72430571635506;1.6887658119770405e-10;0.1;1.6887658119770406e-11;1.3940725328495043e-08;;;;ORANGE;True
1787671589.6537266;27.163650552000036;Wi-Fi;Wi-Fi;2,4/5 GHz;wlan0;-34.0;;;;-34.0;3.981071705534969e-07;0.1;3.9810717055349696e-08;8.706954473724329e-06;;;;ROUGE;False
1787671589.699444;27.209369350000998;BLE Sniffer;Appareil BLE;2,4 GHz BLE;62:ae:f9:af:07:b9;-75.0;;;;-75.0;3.1622776601683794e-11;0.00028;8.854377448471461e-15;2.8480120570556633e-12;25;0x00;38;VERT;False
1787671589.6995287;27.209451668999463;BLE Sniffer;Appareil BLE;2,4 GHz BLE;62:ae:f9:af:07:b9;-75.0;;;;-75.0;3.1622776601683794e-11;0.00028;8.854377448471461e-15;2.856866434504135e-12;25;0x00;39;VERT;False
1787671589.7452462;27.254994606000764;Simulation RF;Détection RF large bande;868 MHz;868 MHz;;2844;2.2918522613712287;-47.674090454849136;-80.67409045484914;8.562310138421746e-12;0.1;8.562310138421746e-13;3.867677398944063e-09;;;;VERT;True
1787671589.7453952;27.254994606000764;Simulation RF;Détection RF large bande;2,45 GHz;2,45 GHz;;2883;2.323038640919328;-48.92154563677313;-65.62154563677313;2.740598630199478e-10;0.1;2.740598630199478e-11;1.3968131314797037e-08;;;;ORANGE;True
1787671589.7641737;27.274097841000184;Wi-Fi;Wi-Fi;2,4/5 GHz;wlan0;-34.0;;;;-34.0;3.981071705534969e-07;0.1;3.9810717055349696e-08;8.746765190779679e-06;;;;ROUGE;False
1787671589.8107781;27.320702962000723;BLE Sniffer;iBeacon;2,4 GHz BLE;5e:ef:5d:3b:83:a3;-65.0;;;;-65.0;3.1622776601683795e-10;0.000368;1.1637181789419636e-13;2.0982039777177043e-11;36;0x00;37;ORANGE;False
1787671589.8108642;27.320787003000078;BLE Sniffer;iBeacon;2,4 GHz BLE;5e:ef:5d:3b:83:a3;-63.0;;;;-63.0;5.011872336272714e-10;0.000368;1.8443690197483588e-13;2.116647667915188e-11;36;0x00;38;ORANGE;False
1787671589.8453336;27.3550844399997;Simulation RF;Détection RF large bande;868 MHz;868 MHz;;2687;2.1650720403792723;-42.60288161517089;-75.60288161517089;2.7524018335327002e-11;0.1;2.7524018335327005e-12;3.870429800777595e-09;;;;VERT;True
1787671589.8454762;27.3550844399997;Simulation RF;Détection RF large bande;2,45 GHz;2,45 GHz;;2977;2.399000196125503;-51.960007845020115;-68.66000784502012;1.3614422231781355e-10;0.1;1.3614422231781356e-11;1.3981745737028819e-08;;;;ORANGE;True
1787671589.8550262;27.364950314000453;Wi-Fi;Wi-Fi;2,4/5 GHz;wlan0;-35.0;;;;-35.0;3.162277660168379e-07;0.1;3.162277660168379e-08;8.778387967381362e-06;;;;ROUGE;False
1787671589.9136884;27.423613274000672;BLE Sniffer;iBeacon;2,4 GHz BLE;5e:ef:5d:3b:83:a3;-70.0;;;;-70.0;1e-10;0.000368;3.68e-14;2.120327667915188e-11;36;0x00;39;ORANGE;False
1787671589.917063;27.42698831599955;BLE Sniffer;Appareil BLE;2,4 GHz BLE;62:ae:f9:af:07:b9;-80.0;;;;-80.0;1e-11;0.00028;2.7999999999999997e-15;2.859666434504135e-12;25;0x00;37;VERT;False
1787671589.9454303;27.455169422000836;Simulation RF;Détection RF large bande;868 MHz;868 MHz;;2794;2.251688166634127;-46.06752666536508;-79.06752666536508;1.2395022899800657e-11;0.1;1.2395022899800658e-12;3.871669303067575e-09;;;;VERT;True
1787671589.945587;27.455169422000836;Simulation RF;Détection RF large bande;2,45 GHz;2,45 GHz;;2962;2.386985850425628;-51.47943401702511;-68.17943401702512;1.52074570404293e-10;0.1;1.52074570404293e-11;1.3996953194069249e-08;;;;ORANGE;True
1787671589.9542072;27.46413154699985;Wi-Fi;Wi-Fi;2,4/5 GHz;wlan0;-35.0;;;;-35.0;3.162277660168379e-07;0.1;3.162277660168379e-08;8.810010743983045e-06;;;;ROUGE;False
1787671590.0198362;27.529761134999717;BLE Sniffer;Appareil BLE;2,4 GHz BLE;d3:23:2f:4d:3e:b1;-71.0;;;;-71.0;7.943282347242822e-11;0.000376;2.986674162563301e-14;3.344872410263113e-13;37;0x00;38;VERT;False
1787671590.0221612;27.532086216000607;BLE Sniffer;Appareil BLE;2,4 GHz BLE;d3:23:2f:4d:3e:b1;-80.0;;;;-80.0;1e-11;0.000376;3.7599999999999996e-15;3.3824724102631126e-13;37;0x00;39;VERT;False
1787671590.0260842;27.536009044999446;BLE Sniffer;Appareil BLE;2,4 GHz BLE;46:52:00:58:f1:a9;-93.0;;;;-93.0;5.011872336272715e-13;0.00019999999999999998;1.0023744672545429e-16;4.1721608521767647e-16;15;0x00;37;VERT;False
1787671590.0454812;27.555251355999644;Simulation RF;Détection RF large bande;868 MHz;868 MHz;;2838;2.2870682417263914;-47.48272966905566;-80.48272966905566;8.948021791760345e-12;0.1;8.948021791760345e-13;3.8725641052467506e-09;;;;VERT;True
1787671590.0456314;27.555251355999644;Simulation RF;Détection RF large bande;2,45 GHz;2,45 GHz;;2961;2.386312168115173;-51.45248672460693;-68.15248672460693;1.5302110280186124e-10;0.1;1.5302110280186124e-11;1.4012255304349435e-08;;;;ORANGE;True
1787671590.0541744;27.56409838000036;Wi-Fi;Wi-Fi;2,4/5 GHz;wlan0;-35.0;;;;-35.0;3.162277660168379e-07;0.1;3.162277660168379e-08;8.841633520584729e-06;;;;ROUGE;False
1787671590.1311631;27.641088846999992;BLE Sniffer;iBeacon;2,4 GHz BLE;5e:ef:5d:3b:83:a3;-63.0;;;;-63.0;5.011872336272714e-10;0.000368;1.8443690197483588e-13;2.1387713581126716e-11;36;0x00;38;ORANGE;False
1787671590.1312523;27.64117516599981;BLE Sniffer;iBeacon;2,4 GHz BLE;5e:ef:5d:3b:83:a3;-69.0;;;;-69.0;1.2589254117941662e-10;0.000368;4.6328455154025316e-14;2.143404203628074e-11;36;0x00;39;ORANGE;False
1787671590.1455493;27.655331866999404;Simulation RF;Détection RF large bande;868 MHz;868 MHz;;2811;2.265172495896905;-46.606899835876206;-79.6068998358762;1.0947375539643271e-11;0.1;1.0947375539643271e-12;3.873658842800715e-09;;;;VERT;True
1787671590.1456983;27.655331866999404;Simulation RF;Détection RF large bande;2,45 GHz;2,45 GHz;;2928;2.3593480546006544;-50.37392218402617;-67.07392218402617;1.9615879347071438e-10;0.1;1.9615879347071438e-11;1.4031871183696507e-08;;;;ORANGE;True
1787671590.1543748;27.664299137000853;Wi-Fi;Wi-Fi;2,4/5 GHz;wlan0;-35.0;;;;-35.0;3.162277660168379e-07;0.1;3.162277660168379e-08;8.873256297186412e-06;;;;ROUGE;False
1787671590.2377856;27.74771070799943;BLE Sniffer;Appareil BLE;2,4 GHz BLE;62:ae:f9:af:07:b9;-71.0;;;;-71.0;7.943282347242822e-11;0.00028;2.22411905722799e-14;2.881907625076415e-12;25;0x00;37;VERT;False
1787671590.2456317;27.75541206300113;Simulation RF;Détection RF large bande;868 MHz;868 MHz;;2786;2.245414963710109;-45.81659854840434;-78.81659854840434;1.3132280338386777e-11;0.1;1.3132280338386778e-12;3.874972070834553e-09;;;;VERT;True
1787671590.2457824;27.75541206300113;Simulation RF;Détection RF large bande;2,45 GHz;2,45 GHz;;2964;2.388833969217442;-51.55335876869766;-68.25335876869767;1.495078937123959e-10;0.1;1.495078937123959e-11;1.4046821973067747e-08;;;;ORANGE;True
1787671590.2544804;27.76440451900089;Wi-Fi;Wi-Fi;2,4/5 GHz;wlan0;-34.0;;;;-34.0;3.981071705534969e-07;0.1;3.9810717055349696e-08;8.913067014241762e-06;;;;ROUGE;False
1787671590.3429985;27.85292355400088;BLE Sniffer;iBeacon;2,4 GHz BLE;5e:ef:5d:3b:83:a3;-63.0;;;;-63.0;5.011872336272714e-10;0.000368;1.8443690197483588e-13;2.1618478938255578e-11;36;0x00;38;ORANGE;False
1787671590.3456948;27.855490592000933;Simulation RF;Détection RF large bande;868 MHz;868 MHz;;2790;2.2479501474068058;-45.918005896272234;-78.91800589627223;1.2829195119309202e-11;0.1;1.2829195119309202e-12;3.876254990346484e-09;;;;VERT;True
1787671590.345848;27.855490592000933;Simulation RF;Détection RF large bande;2,45 GHz;2,45 GHz;;2981;2.4019553669278695;-52.07821467711477;-68.77821467711478;1.3248860650923998e-10;0.1;1.3248860650923999e-11;1.406007083371867e-08;;;;ORANGE;True
1787671590.3544512;27.864375450000807;Wi-Fi;Wi-Fi;2,4/5 GHz;wlan0;-34.0;;;;-34.0;3.981071705534969e-07;0.1;3.9810717055349696e-08;8.952877731297112e-06;;;;ROUGE;False
1787671590.4484065;27.958332631000303;BLE Sniffer;iBeacon;2,4 GHz BLE;5e:ef:5d:3b:83:a3;-69.0;;;;-69.0;1.2589254117941662e-10;0.000368;4.6328455154025316e-14;2.1664807393409602e-11;36;0x00;39;ORANGE;False
1787671590.448554;27.958477064999897;Simulation LoRa;LoRa;868 MHz;LoRa 868.100 MHz;-88.45175779291202;;;;-88.45175779291202;1.4283157353136339e-12;0.046335999999999995;6.618243791149254e-14;2.178310430212194e-12;13;"SNR=8.64;SF=7;BW=125.0;CR=4/5;F=868.100;CRC=OK;PAYLOAD=54454d504f5f4c4f52415f3237";7;VERT;True
1787671590.4485986;27.958521456001108;BLE Sniffer;Appareil BLE;2,4 GHz BLE;62:ae:f9:af:07:b9;-75.0;;;;-75.0;3.1622776601683794e-11;0.00028;8.854377448471461e-15;2.8907620025248865e-12;25;0x00;37;VERT;False
1787671590.4527614;27.955605196999386;Simulation RF;Détection RF large bande;868 MHz;868 MHz;;2848;2.295341445770549;-47.81365783082195;-80.81365783082195;8.291521227238779e-12;0.1;8.291521227238779e-13;3.877084142469208e-09;;;;VERT;True
1787671590.4529126;27.955605196999386;Simulation RF;Détection RF large bande;2,45 GHz;2,45 GHz;;2961;2.3860392686087257;-51.44157074434902;-68.14157074434902;1.534062047105485e-10;0.1;1.5340620471054852e-11;1.4075411454189724e-08;;;;ORANGE;True
1787671590.46146;27.971383943000546;Wi-Fi;Wi-Fi;2,4/5 GHz;wlan0;-34.0;;;;-34.0;3.981071705534969e-07;0.1;3.9810717055349696e-08;8.992688448352462e-06;;;;ROUGE;False
1787671590.5459785;28.05569609700069;Simulation RF;Détection RF large bande;868 MHz;868 MHz;;2767;2.230177595295054;-45.207103811802156;-78.20710381180216;1.5110875201568546e-11;0.1;1.5110875201568546e-12;3.878595229989365e-09;;;;VERT;True
1787671590.5461426;28.05569609700069;Simulation RF;Détection RF large bande;2,45 GHz;2,45 GHz;;2966;2.3899085613995315;-51.59634245598126;-68.29634245598126;1.4803545892970718e-10;0.1;1.4803545892970718e-11;1.4090215000082695e-08;;;;ORANGE;True
1787671590.5603309;28.070255503000226;Wi-Fi;Wi-Fi;2,4/5 GHz;wlan0;-34.0;;;;-34.0;3.981071705534969e-07;0.1;3.9810717055349696e-08;9.032499165407812e-06;;;;ROUGE;False
1787671590.646044;28.155778700000155;Simulation RF;Détection RF large bande;868 MHz;868 MHz;;2733;2.2020330619891033;-44.08132247956412;-77.08132247956412;1.958248272268193e-11;0.1;1.958248272268193e-12;3.880553478261633e-09;;;;VERT;True
1787671590.6461954;28.155778700000155;Simulation RF;Détection RF large bande;2,45 GHz;2,45 GHz;;2921;2.3541518955312855;-50.16607582125141;-66.86607582125141;2.0577490879753463e-10;0.1;2.0577490879753466e-11;1.4110792490962448e-08;;;;ORANGE;True
1787671590.654863;28.164787323999917;Wi-Fi;Wi-Fi;2,4/5 GHz;wlan0;-34.0;;;;-34.0;3.981071705534969e-07;0.1;3.9810717055349696e-08;9.072309882463162e-06;;;;ROUGE;False
1787671590.661483;28.171407624000494;BLE Sniffer;Appareil BLE;2,4 GHz BLE;28:dd:3c:d9:ae:bc;-95.0;;;;-95.0;3.162277660168379e-13;0.000376;1.1890164002233104e-16;1.1890164002233104e-16;37;0x02;38;VERT;False
1787671590.661569;28.171492035000483;BLE Sniffer;iBeacon;2,4 GHz BLE;5e:ef:5d:3b:83:a3;-69.0;;;;-69.0;1.2589254117941662e-10;0.000368;4.6328455154025316e-14;2.1711135848563627e-11;36;0x00;39;ORANGE;False
1787671590.746126;28.25586261799981;Simulation RF;Détection RF large bande;868 MHz;868 MHz;;2845;2.292424758071524;-47.69699032286094;-80.69699032286094;8.5172808450147e-12;0.1;8.5172808450147e-13;3.881405206346135e-09;;;;VERT;True
1787671590.746279;28.25586261799981;Simulation RF;Détection RF large bande;2,45 GHz;2,45 GHz;;2947;2.374805137277281;-50.99220549109123;-67.69220549109123;1.7012943154298268e-10;0.1;1.701294315429827e-11;1.4127805434116747e-08;;;;ORANGE;True
1787671590.7549791;28.26490261500112;Wi-Fi;Wi-Fi;2,4/5 GHz;wlan0;-34.0;;;;-34.0;3.981071705534969e-07;0.1;3.9810717055349696e-08;9.112120599518512e-06;;;;ROUGE;False
1787671590.7678714;28.27779589900092;BLE Sniffer;Appareil BLE;2,4 GHz BLE;62:ae:f9:af:07:b9;-71.0;;;;-71.0;7.943282347242822e-11;0.00028;2.22411905722799e-14;2.9130031930971665e-12;25;0x00;37;VERT;False
1787671590.7702641;28.28018905799945;BLE Sniffer;Appareil BLE;2,4 GHz BLE;62:ae:f9:af:07:b9;-66.0;;;;-66.0;2.511886431509582e-10;0.00028;7.03328200822683e-14;2.983336013179435e-12;25;0x00;38;ORANGE;False
1787671590.8462322;28.355947350999486;Simulation RF;Détection RF large bande;868 MHz;868 MHz;;2821;2.273385448893433;-46.93541795573731;-79.93541795573731;1.0149816822021656e-11;0.1;1.0149816822021656e-12;3.882420188028337e-09;;;;VERT;True
1787671590.8463967;28.355947350999486;Simulation RF;Détection RF large bande;2,45 GHz;2,45 GHz;;2954;2.380377895906452;-51.215115836258065;-67.91511583625807;1.616175118449801e-10;0.1;1.616175118449801e-11;1.4143967185301244e-08;;;;ORANGE;True
1787671590.8549657;28.36489006500051;Wi-Fi;Wi-Fi;2,4/5 GHz;wlan0;-34.0;;;;-34.0;3.981071705534969e-07;0.1;3.9810717055349696e-08;9.151931316573862e-06;;;;ROUGE;False
1787671590.874971;28.384895229000904;BLE Sniffer;Appareil BLE;2,4 GHz BLE;62:ae:f9:af:07:b9;-72.0;;;;-72.0;6.309573444801942e-11;0.00028;1.7666805645445437e-14;3.0010028188248805e-12;25;0x00;39;VERT;False
1787671590.9462812;28.456026269001086;Simulation RF;Détection RF large bande;868 MHz;868 MHz;;2792;2.2500167321579356;-46.00066928631742;-79.00066928631742;1.2587314151705508e-11;0.1;1.2587314151705508e-12;3.883678919443508e-09;;;;VERT;True
1787671590.9464264;28.456026269001086;Simulation RF;Détection RF large bande;2,45 GHz;2,45 GHz;;2865;2.308574796112492;-48.34299184449968;-65.04299184449968;3.131127954455699e-10;0.1;3.131127954455699e-11;1.41752784648458e-08;;;;ORANGE;True
1787671590.9563081;28.466232306000165;Wi-Fi;Wi-Fi;2,4/5 GHz;wlan0;-34.0;;;;-34.0;3.981071705534969e-07;0.1;3.9810717055349696e-08;9.191742033629212e-06;;;;ROUGE;False
1787671590.980224;28.49014824400001;BLE Sniffer;iBeacon;2,4 GHz BLE;5e:ef:5d:3b:83:a3;-65.0;;;;-65.0;3.1622776601683795e-10;0.000368;1.1637181789419636e-13;2.1827507666457823e-11;36;0x00;37;ORANGE;False
1787671590.9826307;28.492555662000086;BLE Sniffer;iBeacon;2,4 GHz BLE;5e:ef:5d:3b:83:a3;-64.0;;;;-64.0;3.9810717055349694e-10;0.000368;1.4650343876368688e-13;2.1974011105221508e-11;36;0x00;38;ORANGE;False
1787671590.9838698;28.493794502999663;BLE Sniffer;iBeacon;2,4 GHz BLE;5e:ef:5d:3b:83:a3;-69.0;;;;-69.0;1.2589254117941662e-10;0.000368;4.6328455154025316e-14;2.2020339560375532e-11;36;0x00;39;ORANGE;False
1787671591.0464013;28.556117177000488;Simulation RF;Détection RF large bande;868 MHz;868 MHz;;2736;2.2051476293708387;-44.205905174833546;-77.20590517483355;1.9028715917383798e-11;0.1;1.90287159173838e-12;3.885581791035246e-09;;;;VERT;True
1787671591.046564;28.556117177000488;Simulation RF;Détection RF large bande;2,45 GHz;2,45 GHz;;2926;2.3581984483415064;-50.32793793366025;-67.02793793366025;1.982468094722159e-10;0.1;1.9824680947221592e-11;1.4195103145793022e-08;;;;ORANGE;True
1787671591.0553582;28.56528278800033;Wi-Fi;Wi-Fi;2,4/5 GHz;wlan0;-33.0;;;;-33.0;5.011872336272725e-07;0.1;5.011872336272725e-08;9.24186075699194e-06;;;;ROUGE;False
1787671591.0880675;28.597992496999723;BLE Sniffer;Appareil BLE;2,4 GHz BLE;62:ae:f9:af:07:b9;-67.0;;;;-67.0;1.9952623149688828e-10;0.00028;5.5867344819128714e-14;3.056870163644009e-12;25;0x00;37;ORANGE;False
1787671591.146433;28.656200272000206;Simulation RF;Détection RF large bande;868 MHz;868 MHz;;2818;2.271036266671245;-46.84145066684981;-79.84145066684981;1.0371819097501614e-11;0.1;1.0371819097501616e-12;3.886618972944996e-09;;;;VERT;True
1787671591.146583;28.656200272000206;Simulation RF;Détection RF large bande;2,45 GHz;2,45 GHz;;3013;2.427924426572929;-53.11697706291716;-69.81697706291716;1.0430431942796392e-10;0.1;1.0430431942796393e-11;1.4205533577735819e-08;;;;ORANGE;True
1787671591.1576114;28.667535140999462;Wi-Fi;Wi-Fi;2,4/5 GHz;wlan0;-33.0;;;;-33.0;5.011872336272725e-07;0.1;5.011872336272725e-08;9.291979480354667e-06;;;;ROUGE;False
1787671591.2494354;28.75628612699984;Simulation RF;Détection RF large bande;868 MHz;868 MHz;;2800;2.256651635945048;-46.26606543780191;-79.26606543780191;1.1841138373079923e-11;0.1;1.1841138373079924e-12;3.887803086782305e-09;;;;VERT;True
1787671591.2498271;28.75628612699984;Simulation RF;Détection RF large bande;2,45 GHz;2,45 GHz;;2960;2.3852880985977474;-51.411523943909884;-68.11152394390989;1.544712303252168e-10;0.1;1.544712303252168e-11;1.4220980700768341e-08;;;;ORANGE;True
1787671591.2656353;28.77556030500091;Wi-Fi;Wi-Fi;2,4/5 GHz;wlan0;-33.0;;;;-33.0;5.011872336272725e-07;0.1;5.011872336272725e-08;9.342098203717395e-06;;;;ROUGE;False
1787671591.297633;28.807557866000934;BLE Sniffer;iBeacon;2,4 GHz BLE;5e:ef:5d:3b:83:a3;-63.0;;;;-63.0;5.011872336272714e-10;0.000368;1.8443690197483588e-13;2.220477646235037e-11;36;0x00;38;ORANGE;False
1787671591.297716;28.807639000000563;BLE Sniffer;iBeacon;2,4 GHz BLE;5e:ef:5d:3b:83:a3;-69.0;;;;-69.0;1.2589254117941662e-10;0.000368;4.6328455154025316e-14;2.2251104917504394e-11;36;0x00;39;ORANGE;False
1787671591.3012807;28.811206031999973;BLE Sniffer;Appareil BLE;2,4 GHz BLE;62:ae:f9:af:07:b9;-64.0;;;;-64.0;3.9810717055349694e-10;0.00028;1.1147000775497914e-13;3.1683401713989883e-12;25;0x00;37;ORANGE;False
1787671591.3013728;28.811295592000533;BLE Sniffer;Appareil BLE;2,4 GHz BLE;62:ae:f9:af:07:b9;-64.0;;;;-64.0;3.9810717055349694e-10;0.00028;1.1147000775497914e-13;3.2798101791539674e-12;25;0x00;38;ORANGE;False
1787671591.3466156;28.8563643890011;Simulation RF;Détection RF large bande;868 MHz;868 MHz;;2836;2.2850626130795697;-47.402504523182785;-80.40250452318278;9.114850454785952e-12;0.1;9.114850454785952e-13;3.8887145718277836e-09;;;;VERT;True
1787671591.346757;28.8563643890011;Simulation RF;Détection RF large bande;2,45 GHz;2,45 GHz;;2967;2.3910420058063173;-51.641680232252696;-68.3416802322527;1.4649809480833807e-10;0.1;1.4649809480833807e-11;1.4235630510249175e-08;;;;ORANGE;True
1787671591.3553288;28.86525330100085;Wi-Fi;Wi-Fi;2,4/5 GHz;wlan0;-33.0;;;;-33.0;5.011872336272725e-07;0.1;5.011872336272725e-08;9.392216927080122e-06;;;;ROUGE;False
1787671591.4066417;28.916566375999537;BLE Sniffer;Appareil BLE;2,4 GHz BLE;62:ae:f9:af:07:b9;-66.0;;;;-66.0;2.511886431509582e-10;0.00028;7.03328200822683e-14;3.350142999236236e-12;25;0x00;39;ORANGE;False
1787671591.4067192;28.916642194000815;BLE Sniffer;Appareil BLE;2,4 GHz BLE;44:52:00:5c:f1:a9;-91.0;;;;-91.0;7.943282347242822e-13;0.00019999999999999998;1.5886564694485642e-16;1.5886564694485642e-16;15;0x00;37;VERT;False
1787671591.4102905;28.92021533800107;Simulation LoRa;LoRa;868 MHz;LoRa 868.100 MHz;-87.72578532272283;;;;-87.72578532272283;1.6881905610455837e-12;0.046335999999999995;7.822399783660816e-14;2.256534428048802e-12;13;"SNR=8.59;SF=7;BW=125.0;CR=4/5;F=868.100;CRC=OK;PAYLOAD=54454d504f5f4c4f52415f3238";7;VERT;True
1787671591.450135;28.956449188000988;Simulation RF;Détection RF large bande;868 MHz;868 MHz;;2786;2.24544570905454;-45.8178283621816;-78.8178283621816;1.3128562130235336e-11;0.1;1.3128562130235338e-12;3.890027428040807e-09;;;;VERT;True
1787671591.4515207;28.956449188000988;Simulation RF;Détection RF large bande;2,45 GHz;2,45 GHz;;2977;2.39900469711934;-51.9601878847736;-68.6601878847736;1.361385784827695e-10;0.1;1.361385784827695e-11;1.4249244368097453e-08;;;;ORANGE;True
1787671591.4603174;28.97024171799967;Wi-Fi;Wi-Fi;2,4/5 GHz;wlan0;-33.0;;;;-33.0;5.011872336272725e-07;0.1;5.011872336272725e-08;9.44233565044285e-06;;;;ROUGE;False
1787671591.5179658;29.027891002000615;BLE Sniffer;iBeacon;2,4 GHz BLE;5e:ef:5d:3b:83:a3;-64.0;;;;-64.0;3.9810717055349694e-10;0.000368;1.4650343876368688e-13;2.239760835626808e-11;36;0x00;38;ORANGE;False
1787671591.5468185;29.056541432000813;Simulation RF;Détection RF large bande;868 MHz;868 MHz;;2776;2.237286444003437;-45.491457760137465;-78.49145776013746;1.4153186319927366e-11;0.1;1.4153186319927366e-12;3.8914427466728e-09;;;;VERT;True
1787671591.5469842;29.056541432000813;Simulation RF;Détection RF large bande;2,45 GHz;2,45 GHz;;2980;2.401148145577082;-52.045925823083266;-68.74592582308327;1.3347730141308415e-10;0.1;1.3347730141308415e-11;1.4262592098238761e-08;;;;ORANGE;True
1787671591.5607424;29.070666683001036;Wi-Fi;Wi-Fi;2,4/5 GHz;wlan0;-33.0;;;;-33.0;5.011872336272725e-07;0.1;5.011872336272725e-08;9.492454373805577e-06;;;;ROUGE;False
1787671591.6197796;29.129704278000645;BLE Sniffer;iBeacon;2,4 GHz BLE;5e:ef:5d:3b:83:a3;-69.0;;;;-69.0;1.2589254117941662e-10;0.000368;4.6328455154025316e-14;2.2443936811422104e-11;36;0x00;39;ORANGE;False
1787671591.6222084;29.132133659999454;BLE Sniffer;Appareil BLE;2,4 GHz BLE;62:ae:f9:af:07:b9;-68.0;;;;-68.0;1.584893192461111e-10;0.00028;4.43770093889111e-14;3.394520008625147e-12;25;0x00;37;ORANGE;False
1787671591.6468441;29.156623879000108;Simulation RF;Détection RF large bande;868 MHz;868 MHz;;2758;2.2226839130462728;-44.9073565218509;-77.9073565218509;1.6190652358079304e-11;0.1;1.6190652358079305e-12;3.893061811908609e-09;;;;VERT;True
1787671591.6469977;29.156623879000108;Simulation RF;Détection RF large bande;2,45 GHz;2,45 GHz;;2952;2.378586214176963;-51.14344856707852;-67.84344856707853;1.643066508535101e-10;0.1;1.643066508535101e-11;1.4279022763324113e-08;;;;ORANGE;True
1787671591.662026;29.17195080199963;Wi-Fi;Wi-Fi;2,4/5 GHz;wlan0;-33.0;;;;-33.0;5.011872336272725e-07;0.1;5.011872336272725e-08;9.542573097168305e-06;;;;ROUGE;False
1787671591.7469306;29.256714641000144;Simulation RF;Détection RF large bande;868 MHz;868 MHz;;2716;2.1889551993769487;-43.55820797507795;-76.55820797507795;2.2089160077718295e-11;0.1;2.2089160077718295e-12;3.89527072791638e-09;;;;VERT;True
1787671591.7470796;29.256714641000144;Simulation RF;Détection RF large bande;2,45 GHz;2,45 GHz;;2954;2.380236615532031;-51.20946462128124;-67.90946462128124;1.6182795195733217e-10;0.1;1.618279519573322e-11;1.4295205558519846e-08;;;;ORANGE;True
1787671591.755667;29.265590683000482;Wi-Fi;Wi-Fi;2,4/5 GHz;wlan0;-33.0;;;;-33.0;5.011872336272725e-07;0.1;5.011872336272725e-08;9.592691820531032e-06;;;;ROUGE;False
1787671591.8341014;29.344026610000583;BLE Sniffer;iBeacon;2,4 GHz BLE;5e:ef:5d:3b:83:a3;-63.0;;;;-63.0;5.011872336272714e-10;0.000368;1.8443690197483588e-13;2.262837371339694e-11;36;0x00;38;ORANGE;False
1787671591.8341894;29.344112206999853;BLE Sniffer;iBeacon;2,4 GHz BLE;5e:ef:5d:3b:83:a3;-70.0;;;;-70.0;1e-10;0.000368;3.68e-14;2.266517371339694e-11;36;0x00;39;ORANGE;False
1787671591.8470335;29.356793717999608;Simulation RF;Détection RF large bande;868 MHz;868 MHz;;2826;2.2771430202888947;-47.08572081155579;-80.08572081155579;9.804555716698722e-12;0.1;9.804555716698723e-13;3.89625118348805e-09;;;;VERT;True
1787671591.8472052;29.356793717999608;Simulation RF;Détection RF large bande;2,45 GHz;2,45 GHz;;2998;2.4157022593093376;-52.62809037237349;-69.3280903723735;1.1673227854102725e-10;0.1;1.1673227854102726e-11;1.430687878637395e-08;;;;ORANGE;True
1787671591.8557146;29.365638665000006;Wi-Fi;Wi-Fi;2,4/5 GHz;wlan0;-33.0;;;;-33.0;5.011872336272725e-07;0.1;5.011872336272725e-08;9.64281054389376e-06;;;;ROUGE;False
1787671591.9372337;29.447158488999776;BLE Sniffer;Appareil BLE;2,4 GHz BLE;62:ae:f9:af:07:b9;-74.0;;;;-74.0;3.9810717055349695e-11;0.00028;1.1147000775497913e-14;3.405667009400645e-12;25;0x00;37;VERT;False
1787671591.9409318;29.45085702799952;BLE Sniffer;Appareil BLE;2,4 GHz BLE;62:ae:f9:af:07:b9;-69.0;;;;-69.0;1.2589254117941662e-10;0.00028;3.524991153023665e-14;3.4409169209308818e-12;25;0x00;38;ORANGE;False
1787671591.9410186;29.450942032000967;BLE Sniffer;Appareil BLE;2,4 GHz BLE;62:ae:f9:af:07:b9;-77.0;;;;-77.0;1.9952623149688828e-11;0.00028;5.586734481912872e-15;3.4465036554127945e-12;25;0x00;39;VERT;False
1787671591.9471204;29.45688036899992;Simulation RF;Détection RF large bande;868 MHz;868 MHz;;2864;2.3076589299858083;-48.30635719943233;-81.30635719943233;7.402259057332782e-12;0.1;7.402259057332782e-13;3.896991409393784e-09;;;;VERT;True
1787671591.9473214;29.45688036899992;Simulation RF;Détection RF large bande;2,45 GHz;2,45 GHz;;2989;2.408434255986174;-52.337370239446955;-69.03737023944696;1.2481390645561377e-10;0.1;1.2481390645561378e-11;1.4319360177019511e-08;;;;ORANGE;True
1787671591.95604;29.465964087999964;Wi-Fi;Wi-Fi;2,4/5 GHz;wlan0;-33.0;;;;-33.0;5.011872336272725e-07;0.1;5.011872336272725e-08;9.692929267256487e-06;;;;ROUGE;False
1787671592.0463119;29.55623754699991;BLE Sniffer;Appareil BLE;2,4 GHz BLE;d3:23:2f:4d:3e:b1;-80.0;;;;-80.0;1e-11;0.000376;3.7599999999999996e-15;3.4200724102631123e-13;37;0x00;37;VERT;False
1787671592.0494156;29.559340740001062;BLE Sniffer;Appareil BLE;2,4 GHz BLE;d3:23:2f:4d:3e:b1;-71.0;;;;-71.0;7.943282347242822e-11;0.000376;2.986674162563301e-14;3.7187398265194425e-13;37;0x00;38;VERT;False
1787671592.0495045;29.55942733700067;BLE Sniffer;Appareil BLE;2,4 GHz BLE;d3:23:2f:4d:3e:b1;-77.0;;;;-77.0;1.9952623149688828e-11;0.000376;7.502186304282999e-15;3.7937616895622723e-13;37;0x00;39;VERT;False
1787671592.0507724;29.560697623001033;BLE Sniffer;iBeacon;2,4 GHz BLE;5e:ef:5d:3b:83:a3;-65.0;;;;-65.0;3.1622776601683795e-10;0.000368;1.1637181789419636e-13;2.2781545531291136e-11;36;0x00;37;ORANGE;False
1787671592.05511;29.55697134299953;Simulation RF;Détection RF large bande;868 MHz;868 MHz;;2771;2.2332937517566527;-45.33175007026611;-78.33175007026611;1.468334465770184e-11;0.1;1.4683344657701843e-12;3.898459743859554e-09;;;;VERT;True
1787671592.0552626;29.55697134299953;Simulation RF;Détection RF large bande;2,45 GHz;2,45 GHz;;2956;2.3821418560057426;-51.285674240229696;-67.9856742402297;1.590129797722628e-10;0.1;1.590129797722628e-11;1.4335261474996737e-08;;;;ORANGE;True
1787671592.0639427;29.573868118000973;Wi-Fi;Wi-Fi;2,4/5 GHz;wlan0;-33.0;;;;-33.0;5.011872336272725e-07;0.1;5.011872336272725e-08;9.743047990619214e-06;;;;ROUGE;False
1787671592.147327;29.65705257800073;Simulation RF;Détection RF large bande;868 MHz;868 MHz;;2803;2.259008020165789;-46.36032080663156;-79.36032080663156;1.1586917622214848e-11;0.1;1.1586917622214849e-12;3.8996184356217755e-09;;;;VERT;True
1787671592.1485589;29.65705257800073;Simulation RF;Détection RF large bande;2,45 GHz;2,45 GHz;;2990;2.409432566825751;-52.37730267303003;-69.07730267303003;1.2367152971791946e-10;0.1;1.2367152971791947e-11;1.434762862796853e-08;;;;ORANGE;True
1787671592.1593974;29.66932349200033;BLE Sniffer;iBeacon;2,4 GHz BLE;5e:ef:5d:3b:83:a3;-64.0;;;;-64.0;3.9810717055349694e-10;0.000368;1.4650343876368688e-13;2.292804897005482e-11;36;0x00;38;ORANGE;False
1787671592.1594872;29.669410292000975;BLE Sniffer;iBeacon;2,4 GHz BLE;5e:ef:5d:3b:83:a3;-69.0;;;;-69.0;1.2589254117941662e-10;0.000368;4.6328455154025316e-14;2.2974377425208846e-11;36;0x00;39;ORANGE;False
1787671592.1595302;29.66945305400077;BLE Sniffer;Appareil BLE;2,4 GHz BLE;44:52:00:58:f1:a9;-89.0;;;;-89.0;1.258925411794166e-12;0.00019999999999999998;2.517850823588332e-16;1.6332499685873407e-14;15;0x00;37;VERT;False
1787671592.1595676;29.66949066699999;BLE Sniffer;Appareil BLE;2,4 GHz BLE;62:ae:f9:af:07:b9;-64.0;;;;-64.0;3.9810717055349694e-10;0.00028;1.1147000775497914e-13;3.5579736631677736e-12;25;0x00;38;ORANGE;False
1787671592.1675212;29.677445974000875;Wi-Fi;Wi-Fi;2,4/5 GHz;wlan0;-33.0;;;;-33.0;5.011872336272725e-07;0.1;5.011872336272725e-08;9.793166713981942e-06;;;;ROUGE;False
1787671592.2473955;29.757139314000597;Simulation RF;Détection RF large bande;868 MHz;868 MHz;;2771;2.2327888298368186;-45.31155319347275;-78.31155319347275;1.4751788618367393e-11;0.1;1.4751788618367394e-12;3.901093614483612e-09;;;;VERT;True
1787671592.2475467;29.757139314000597;Simulation RF;Détection RF large bande;2,45 GHz;2,45 GHz;;2971;2.393810731623211;-51.75242926492844;-68.45242926492844;1.428094917424295e-10;0.1;1.428094917424295e-11;1.4361909577142772e-08;;;;ORANGE;True
1787671592.2558842;29.765808509000635;Wi-Fi;Wi-Fi;2,4/5 GHz;wlan0;-32.0;;;;-32.0;6.30957344480193e-07;0.1;6.30957344480193e-08;9.85626244842996e-06;;;;ROUGE;False
1787671592.2686722;29.7785973379996;BLE Sniffer;Appareil BLE;2,4 GHz BLE;62:ae:f9:af:07:b9;-74.0;;;;-74.0;3.9810717055349695e-11;0.00028;1.1147000775497913e-14;3.5691206639432715e-12;25;0x00;39;VERT;False
1787671592.3474767;29.857218068000293;Simulation RF;Détection RF large bande;868 MHz;868 MHz;;2760;2.224064618975123;-44.96258475900491;-77.96258475900491;1.598606314491481e-11;0.1;1.598606314491481e-12;3.902692220798104e-09;;;;VERT;True
1787671592.3476243;29.857218068000293;Simulation RF;Détection RF large bande;2,45 GHz;2,45 GHz;;3020;2.4339787723579;-53.35915089431599;-70.05915089431599;9.864723357420358e-11;0.1;9.86472335742036e-12;1.4371774300500192e-08;;;;VERT;True
1787671592.3584576;29.86838153700046;Wi-Fi;Wi-Fi;2,4/5 GHz;wlan0;-32.0;;;;-32.0;6.30957344480193e-07;0.1;6.30957344480193e-08;9.91935818287798e-06;;;;ROUGE;False
1787671592.3742006;29.884125032000156;BLE Sniffer;Appareil BLE;2,4 GHz BLE;44:52:00:58:31:a9;-88.0;;;;-88.0;1.584893192461111e-12;0.00019999999999999998;3.1697863849222217e-16;3.1697863849222217e-16;15;0x00;37;VERT;False
1787671592.376803;29.886728534000213;BLE Sniffer;iBeacon;2,4 GHz BLE;5e:ef:5d:3b:83:a3;-64.0;;;;-64.0;3.9810717055349694e-10;0.000368;1.4650343876368688e-13;2.312088086397253e-11;36;0x00;38;ORANGE;False
1787671592.3782425;29.8881670690007;Simulation LoRa;LoRa;868 MHz;LoRa 868.100 MHz;-84.32210147242323;;;;-84.32210147242323;3.696492699043015e-12;0.046335999999999995;1.7128068570285712e-13;2.4278151137516592e-12;13;"SNR=7.80;SF=7;BW=125.0;CR=4/5;F=868.100;CRC=OK;PAYLOAD=54454d504f5f4c4f52415f3239";7;VERT;True
1787671592.378331;29.888254092000352;BLE Sniffer;iBeacon;2,4 GHz BLE;5e:ef:5d:3b:83:a3;-69.0;;;;-69.0;1.2589254117941662e-10;0.000368;4.6328455154025316e-14;2.3167209319126555e-11;36;0x00;39;ORANGE;False
1787671592.4475422;29.957294526000624;Simulation RF;Détection RF large bande;868 MHz;868 MHz;;2823;2.2750452812301676;-47.001811249206696;-80.0018112492067;9.995830314132718e-12;0.1;9.995830314132718e-13;3.903691803829517e-09;;;;VERT;True
1787671592.4476857;29.957294526000624;Simulation RF;Détection RF large bande;2,45 GHz;2,45 GHz;;2986;2.4063314494887376;-52.2532579795495;-68.9532579795495;1.27254808589349e-10;0.1;1.2725480858934901e-11;1.4384499781359126e-08;;;;ORANGE;True
1787671592.4561758;29.96610006099945;Wi-Fi;Wi-Fi;2,4/5 GHz;wlan0;-32.0;;;;-32.0;6.30957344480193e-07;0.1;6.30957344480193e-08;9.982453917325999e-06;;;;ROUGE;False
1787671592.4841175;29.994041374000517;BLE Sniffer;Appareil BLE;2,4 GHz BLE;62:ae:f9:af:07:b9;-77.0;;;;-77.0;1.9952623149688828e-11;0.00028;5.586734481912872e-15;3.574707398425184e-12;25;0x00;37;VERT;False
1787671592.484185;29.99410802500097;BLE Sniffer;Appareil BLE;2,4 GHz BLE;62:ae:f9:af:07:b9;-71.0;;;;-71.0;7.943282347242822e-11;0.00028;2.22411905722799e-14;3.5969485889974642e-12;25;0x00;38;VERT;False
1787671592.4866266;29.996551741000076;BLE Sniffer;Appareil BLE;2,4 GHz BLE;62:ae:f9:af:07:b9;-68.0;;;;-68.0;1.584893192461111e-10;0.00028;4.43770093889111e-14;3.641325598386375e-12;25;0x00;39;ORANGE;False
1787671592.5476665;30.057388003000597;Simulation RF;Détection RF large bande;868 MHz;868 MHz;;2869;2.31218921192204;-48.48756847688159;-81.48756847688159;7.0997515680990474e-12;0.1;7.099751568099047e-13;3.9044017789863265e-09;;;;VERT;True
1787671592.5478325;30.057388003000597;Simulation RF;Détection RF large bande;2,45 GHz;2,45 GHz;;2926;2.3576385268544797;-50.30554107417919;-67.00554107417919;1.9927182240449861e-10;0.1;1.9927182240449863e-11;1.4404426963599576e-08;;;;ORANGE;True
1787671592.5564585;30.066382826000336;Wi-Fi;Wi-Fi;2,4/5 GHz;wlan0;-32.0;;;;-32.0;6.30957344480193e-07;0.1;6.30957344480193e-08;1.0045549651774017e-05;;;;ROUGE;False
1787671592.5960422;30.105968130999827;BLE Sniffer;Appareil BLE;2,4 GHz BLE;44:52:00:58:f1:29;-89.0;;;;-89.0;1.258925411794166e-12;0.00019999999999999998;2.517850823588332e-16;2.517850823588332e-16;15;0x00;37;VERT;False
1787671592.6477146;30.15746401599972;Simulation RF;Détection RF large bande;868 MHz;868 MHz;;2823;2.2746097853208784;-46.98439141283514;-79.98439141283514;1.0036004762110429e-11;0.1;1.0036004762110429e-12;3.9054053794625375e-09;;;;VERT;True
1787671592.647857;30.15746401599972;Simulation RF;Détection RF large bande;2,45 GHz;2,45 GHz;;2993;2.411539162571272;-52.46156650285087;-69.16156650285087;1.2129512592893715e-10;0.1;1.2129512592893715e-11;1.441655647619247e-08;;;;ORANGE;True
1787671592.6564038;30.16632797999955;Wi-Fi;Wi-Fi;2,4/5 GHz;wlan0;-32.0;;;;-32.0;6.30957344480193e-07;0.1;6.30957344480193e-08;1.0108645386222036e-05;;;;ROUGE;False
1787671592.69801;30.207935091000763;BLE Sniffer;iBeacon;2,4 GHz BLE;5e:ef:5d:3b:83:a3;-63.0;;;;-63.0;5.011872336272714e-10;0.000368;1.8443690197483588e-13;2.3351646221101393e-11;36;0x00;38;ORANGE;False
1787671592.702291;30.212216121000893;BLE Sniffer;iBeacon;2,4 GHz BLE;5e:ef:5d:3b:83:a3;-69.0;;;;-69.0;1.2589254117941662e-10;0.000368;4.6328455154025316e-14;2.3397974676255417e-11;36;0x00;39;ORANGE;False
1787671592.7036355;30.213560502999826;BLE Sniffer;Appareil BLE;2,4 GHz BLE;62:ae:f9:af:07:b9;-80.0;;;;-80.0;1e-11;0.00028;2.7999999999999997e-15;3.644125598386375e-12;25;0x00;37;VERT;False
1787671592.7478132;30.257550825999715;Simulation RF;Détection RF large bande;868 MHz;868 MHz;;2761;2.224709934634698;-44.98839738538791;-77.98839738538791;1.5891330553827814e-11;0.1;1.5891330553827816e-12;3.90699451251792e-09;;;;VERT;True
1787671592.7479663;30.257550825999715;Simulation RF;Détection RF large bande;2,45 GHz;2,45 GHz;;2959;2.384611959846431;-51.384478393857236;-68.08447839385724;1.5543619650436775e-10;0.1;1.5543619650436777e-11;1.4432100095842906e-08;;;;ORANGE;True
1787671592.7565548;30.266479645999425;Wi-Fi;Wi-Fi;2,4/5 GHz;wlan0;-33.0;;;;-33.0;5.011872336272725e-07;0.1;5.011872336272725e-08;1.0158764109584764e-05;;;;ROUGE;False
1787671592.8478577;30.35763956200026;Simulation RF;Détection RF large bande;868 MHz;868 MHz;;2774;2.2356527487181346;-45.42610994872538;-78.42610994872538;1.4367758022530257e-11;0.1;1.4367758022530258e-12;3.908431288320173e-09;;;;VERT;True
1787671592.8480098;30.35763956200026;Simulation RF;Détection RF large bande;2,45 GHz;2,45 GHz;;3007;2.4230977929293385;-52.923911717173524;-69.62391171717353;1.0904577120031715e-10;0.1;1.0904577120031715e-11;1.4443004672962939e-08;;;;ORANGE;True
1787671592.8565838;30.36650784199992;Wi-Fi;Wi-Fi;2,4/5 GHz;wlan0;-33.0;;;;-33.0;5.011872336272725e-07;0.1;5.011872336272725e-08;1.0208882832947491e-05;;;;ROUGE;False
1787671592.915993;30.425918050999826;BLE Sniffer;Appareil BLE;2,4 GHz BLE;62:ae:f9:af:07:b9;-70.0;;;;-70.0;1e-10;0.00028;2.7999999999999997e-14;3.672125598386375e-12;25;0x00;38;ORANGE;False
1787671592.9479957;30.457726668999385;Simulation RF;Détection RF large bande;868 MHz;868 MHz;;2744;2.2116080487147314;-44.46432194858926;-77.46432194858926;1.792948458370425e-11;0.1;1.792948458370425e-12;3.910224236778543e-09;;;;VERT;True
1787671592.948162;30.457726668999385;Simulation RF;Détection RF large bande;2,45 GHz;2,45 GHz;;2981;2.402284363320175;-52.091374532806995;-68.791374532807;1.320877513096654e-10;0.1;1.3208775130966541e-11;1.4456213448093906e-08;;;;ORANGE;True
1787671592.9571562;30.467080194001028;Wi-Fi;Wi-Fi;2,4/5 GHz;wlan0;-33.0;;;;-33.0;5.011872336272725e-07;0.1;5.011872336272725e-08;1.0259001556310219e-05;;;;ROUGE;False
1787671593.0179708;30.527895526000066;BLE Sniffer;Appareil BLE;2,4 GHz BLE;62:ae:f9:af:07:b9;-75.0;;;;-75.0;3.1622776601683794e-11;0.00028;8.854377448471461e-15;3.6809799758348465e-12;25;0x00;39;VERT;False
1787671593.0480494;30.55781276400012;Simulation RF;Détection RF large bande;868 MHz;868 MHz;;2802;2.2579033371936914;-46.31613348774765;-79.31613348774765;1.1705410568528598e-11;0.1;1.17054105685286e-12;3.9113947778353956e-09;;;;VERT;True
1787671593.0482032;30.55781276400012;Simulation RF;Détection RF large bande;2,45 GHz;2,45 GHz;;2991;2.4102034257878815;-52.40813703151525;-69.10813703151526;1.2279658717726111e-10;0.1;1.2279658717726112e-11;1.4468493106811631e-08;;;;ORANGE;True
1787671593.0568113;30.566735264999807;Wi-Fi;Wi-Fi;2,4/5 GHz;wlan0;-33.0;;;;-33.0;5.011872336272725e-07;0.1;5.011872336272725e-08;1.0309120279672946e-05;;;;ROUGE;False
1787671593.1274202;30.637345056000413;BLE Sniffer;Appareil BLE;2,4 GHz BLE;57:81:e4:56:f6:fb;-94.0;;;;-94.0;3.981071705534969e-13;0.00026399999999999997;1.0510029302612317e-16;1.0510029302612317e-16;23;0x00;37;VERT;False
1787671593.153485;30.657895918000577;Simulation RF;Détection RF large bande;868 MHz;868 MHz;;2750;2.215883751127991;-44.63535004511964;-77.63535004511964;1.723713152652448e-11;0.1;1.7237131526524479e-12;3.913118490988048e-09;;;;VERT;True
1787671593.1557417;30.657895918000577;Simulation RF;Détection RF large bande;2,45 GHz;2,45 GHz;;3001;2.4185533182836476;-52.742132731345905;-69.44213273134591;1.1370687574908561e-10;0.1;1.1370687574908562e-11;1.447986379438654e-08;;;;ORANGE;True
1787671593.1651285;30.675052294000125;Wi-Fi;Wi-Fi;2,4/5 GHz;wlan0;-33.0;;;;-33.0;5.011872336272725e-07;0.1;5.011872336272725e-08;1.0359239003035674e-05;;;;ROUGE;False
1787671593.2333763;30.74330115200064;BLE Sniffer;iBeacon;2,4 GHz BLE;5e:ef:5d:3b:83:a3;-63.0;;;;-63.0;5.011872336272714e-10;0.000368;1.8443690197483588e-13;2.3582411578230255e-11;36;0x00;38;ORANGE;False
1787671593.2482297;30.757974923000802;Simulation RF;Détection RF large bande;868 MHz;868 MHz;;2787;2.245846738493171;-45.833869539726834;-78.83386953972683;1.3080159686796007e-11;0.1;1.3080159686796008e-12;3.914426506956728e-09;;;;VERT;True
1787671593.248383;30.757974923000802;Simulation RF;Détection RF large bande;2,45 GHz;2,45 GHz;;3047;2.455130755846122;-54.20523023384487;-70.90523023384488;8.118522088285805e-11;0.1;8.118522088285806e-12;1.4487982316474825e-08;;;;VERT;True
1787671593.2568064;30.766730547000407;Wi-Fi;Wi-Fi;2,4/5 GHz;wlan0;-33.0;;;;-33.0;5.011872336272725e-07;0.1;5.011872336272725e-08;1.0409357726398401e-05;;;;ROUGE;False
1787671593.3352358;30.84516134000114;BLE Sniffer;iBeacon;2,4 GHz BLE;5e:ef:5d:3b:83:a3;-69.0;;;;-69.0;1.2589254117941662e-10;0.000368;4.6328455154025316e-14;2.362874003338428e-11;36;0x00;39;ORANGE;False
1787671593.3391075;30.84903247799957;BLE Sniffer;Appareil BLE;2,4 GHz BLE;2a:dd:38:d5:3e:b4;-97.0;;;;-97.0;1.9952623149688827e-13;0.000536;1.0694606008233212e-16;1.0694606008233212e-16;57;0x02;37;VERT;False
1787671593.3543775;30.8581045610008;Simulation RF;Détection RF large bande;868 MHz;868 MHz;;2802;2.258204179092791;-46.328167163711626;-79.32816716371163;1.1673021451558022e-11;0.1;1.1673021451558022e-12;3.915593809101883e-09;;;;VERT;True
1787671593.3651772;30.8581045610008;Simulation RF;Détection RF large bande;2,45 GHz;2,45 GHz;;3006;2.422221422303596;-52.888856892143835;-69.58885689214384;1.0992951471739502e-10;0.1;1.0992951471739504e-11;1.4498975267946564e-08;;;;ORANGE;True
1787671593.3768206;30.88674436400106;Wi-Fi;Wi-Fi;2,4/5 GHz;wlan0;-33.0;;;;-33.0;5.011872336272725e-07;0.1;5.011872336272725e-08;1.0459476449761129e-05;;;;ROUGE;False
1787671593.4424067;30.952331477999905;Simulation LoRa;LoRa;868 MHz;LoRa 868.100 MHz;-91.0834843023684;;;;-91.0834843023684;7.792047113232718e-13;0.046335999999999995;3.610522950387512e-14;2.4639203432555345e-12;13;"SNR=6.65;SF=7;BW=125.0;CR=4/5;F=868.100;CRC=OK;PAYLOAD=54454d504f5f4c4f52415f3330";7;VERT;True
1787671593.4484153;30.958183992999693;Simulation RF;Détection RF large bande;868 MHz;868 MHz;;2788;2.246795301142924;-45.87181204571695;-78.87181204571695;1.2966381501689091e-11;0.1;1.2966381501689092e-12;3.9168904472520525e-09;;;;VERT;True
1787671593.4485936;30.958183992999693;Simulation RF;Détection RF large bande;2,45 GHz;2,45 GHz;;3043;2.4524309838501765;-54.09723935400706;-70.79723935400706;8.322926599966452e-11;0.1;8.322926599966452e-12;1.450729819454653e-08;;;;VERT;True
1787671593.4570756;30.966999971000405;Wi-Fi;Wi-Fi;2,4/5 GHz;wlan0;-33.0;;;;-33.0;5.011872336272725e-07;0.1;5.011872336272725e-08;1.0509595173123856e-05;;;;ROUGE;False
1787671593.5506961;31.060621172000538;BLE Sniffer;Appareil BLE;2,4 GHz BLE;62:ae:f9:af:07:b9;-73.0;;;;-73.0;5.011872336272715e-11;0.00028;1.40332425415636e-14;3.6950132183764105e-12;25;0x00;38;VERT;False
1787671593.5520205;31.061945757001013;BLE Sniffer;iBeacon;2,4 GHz BLE;5e:ef:5d:3b:83:a3;-70.0;;;;-70.0;1e-10;0.000368;3.68e-14;2.3665540033384277e-11;36;0x00;39;ORANGE;False
1787671593.5552113;31.058356577999803;Simulation RF;Détection RF large bande;868 MHz;868 MHz;;2744;2.2111049921604966;-44.444199686419864;-77.44419968641986;1.8012750410440553e-11;0.1;1.8012750410440555e-12;3.918691722293097e-09;;;;VERT;True
1787671593.5673785;31.058356577999803;Simulation RF;Détection RF large bande;2,45 GHz;2,45 GHz;;2990;2.409407643569333;-52.37630574277331;-69.07630574277331;1.2369992198331141e-10;0.1;1.2369992198331142e-11;1.4519668186744861e-08;;;;ORANGE;True
1787671593.576074;31.085997516000134;Wi-Fi;Wi-Fi;2,4/5 GHz;wlan0;-33.0;;;;-33.0;5.011872336272725e-07;0.1;5.011872336272725e-08;1.0559713896486583e-05;;;;ROUGE;False
1787671593.6487052;31.15844254700096;Simulation RF;Détection RF large bande;868 MHz;868 MHz;;2786;2.2448327261937218;-45.79330904774886;-78.79330904774886;1.3202892743850497e-11;0.1;1.3202892743850498e-12;3.920012011567482e-09;;;;VERT;True
1787671593.6488583;31.15844254700096;Simulation RF;Détection RF large bande;2,45 GHz;2,45 GHz;;3013;2.428374704826678;-53.134988193067116;-69.83498819306712;1.0387264263490206e-10;0.1;1.0387264263490207e-11;1.4530055451008352e-08;;;;ORANGE;True
1787671593.6633284;31.17325234300006;Wi-Fi;Wi-Fi;2,4/5 GHz;wlan0;-33.0;;;;-33.0;5.011872336272725e-07;0.1;5.011872336272725e-08;1.0609832619849311e-05;;;;ROUGE;False
1787671593.7487872;31.25852977500108;Simulation RF;Détection RF large bande;868 MHz;868 MHz;;2835;2.2847608083563062;-47.39043233425225;-80.39043233425225;9.140222472691006e-12;0.1;9.140222472691006e-13;3.920926033814751e-09;;;;VERT;True
1787671593.7489846;31.25852977500108;Simulation RF;Détection RF large bande;2,45 GHz;2,45 GHz;;2941;2.3702022646328924;-50.808090585315696;-67.5080905853157;1.77496969072617e-10;0.1;1.7749696907261702e-11;1.4547805147915613e-08;;;;ORANGE;True
1787671593.757315;31.267238933000044;Wi-Fi;Wi-Fi;2,4/5 GHz;wlan0;-33.0;;;;-33.0;5.011872336272725e-07;0.1;5.011872336272725e-08;1.0659951343212038e-05;;;;ROUGE;False
1787671593.764687;31.274611615999675;BLE Sniffer;Appareil BLE;2,4 GHz BLE;c5:0a:cf:ab:77:ed;-93.0;;;;-93.0;5.011872336272715e-13;0.000576;2.8868384656930835e-16;2.8868384656930835e-16;62;0x02;37;VERT;False
1787671593.8488758;31.358613300000798;Simulation RF;Détection RF large bande;868 MHz;868 MHz;;2727;2.1975672084986804;-43.902688339947204;-76.9026883399472;2.040474473128606e-11;0.1;2.040474473128606e-12;3.92296650828788e-09;;;;VERT;True
1787671593.8490217;31.358613300000798;Simulation RF;Détection RF large bande;2,45 GHz;2,45 GHz;;3042;2.4517053065626033;-54.06821226250412;-70.76821226250412;8.378741151326544e-11;0.1;8.378741151326544e-12;1.455618388906694e-08;;;;VERT;True
1787671593.8574362;31.367359903999386;Wi-Fi;Wi-Fi;2,4/5 GHz;wlan0;-34.0;;;;-34.0;3.981071705534969e-07;0.1;3.9810717055349696e-08;1.0699762060267388e-05;;;;ROUGE;False
1787671593.8704407;31.380364425000153;BLE Sniffer;iBeacon;2,4 GHz BLE;5e:ef:5d:3b:83:a3;-63.0;;;;-63.0;5.011872336272714e-10;0.000368;1.8443690197483588e-13;2.3849976935359115e-11;36;0x00;38;ORANGE;False
1787671593.8705;31.38042305700037;BLE Sniffer;iBeacon;2,4 GHz BLE;5e:ef:5d:3b:83:a3;-69.0;;;;-69.0;1.2589254117941662e-10;0.000368;4.6328455154025316e-14;2.389630539051314e-11;36;0x00;39;ORANGE;False
1787671593.9489346;31.458694750001087;Simulation RF;Détection RF large bande;868 MHz;868 MHz;;2813;2.2666322854487624;-46.6652914179505;-79.6652914179505;1.0801171410099378e-11;0.1;1.0801171410099378e-12;3.9240466254288895e-09;;;;VERT;True
1787671593.9490716;31.458694750001087;Simulation RF;Détection RF large bande;2,45 GHz;2,45 GHz;;3045;2.453606954053579;-54.14427816214315;-70.84427816214315;8.233266701064219e-11;0.1;8.23326670106422e-12;1.4564417155768004e-08;;;;VERT;True
1787671593.9575336;31.46745807700063;Wi-Fi;Wi-Fi;2,4/5 GHz;wlan0;-34.0;;;;-34.0;3.981071705534969e-07;0.1;3.9810717055349696e-08;1.0739572777322738e-05;;;;ROUGE;False
1787671593.9776852;31.487609826001062;BLE Sniffer;Appareil BLE;2,4 GHz BLE;d3:23:2f:4d:3e:b1;-79.0;;;;-79.0;1.2589254117941662e-11;0.000376;4.7335595483460644e-15;3.8410972850457327e-13;37;0x00;37;VERT;False
1787671593.9777546;31.487677477000034;BLE Sniffer;Appareil BLE;2,4 GHz BLE;d3:23:2f:4d:3e:b1;-72.0;;;;-72.0;6.309573444801942e-11;0.000376;2.3723996152455302e-14;4.078337246570286e-13;37;0x00;38;VERT;False
1787671593.9817102;31.49163528600002;BLE Sniffer;Appareil BLE;2,4 GHz BLE;d3:23:2f:4d:3e:b1;-79.0;;;;-79.0;1.2589254117941662e-11;0.000376;4.7335595483460644e-15;4.1256728420537464e-13;37;0x00;39;VERT;False
1787671594.0490282;31.558773707;Simulation RF;Détection RF large bande;868 MHz;868 MHz;;2778;2.2388162405675818;-45.55264962270327;-78.55264962270327;1.39551669909394e-11;0.1;1.39551669909394e-12;3.925442142127983e-09;;;;VERT;True
1787671594.0491714;31.558773707;Simulation RF;Détection RF large bande;2,45 GHz;2,45 GHz;;2995;2.4139204640191227;-52.55681856076491;-69.25681856076491;1.1866377054012433e-10;0.1;1.1866377054012434e-11;1.4576283532822016e-08;;;;ORANGE;True
1787671594.0604131;31.57033831999979;Wi-Fi;Wi-Fi;2,4/5 GHz;wlan0;-34.0;;;;-34.0;3.981071705534969e-07;0.1;3.9810717055349696e-08;1.0779383494378089e-05;;;;ROUGE;False
1787671594.08638;31.59630464899965;BLE Sniffer;Appareil BLE;2,4 GHz BLE;62:ae:f9:af:07:b9;-70.0;;;;-70.0;1e-10;0.00028;2.7999999999999997e-14;3.723013218376411e-12;25;0x00;37;ORANGE;False
1787671594.0864482;31.59637118899991;BLE Sniffer;Appareil BLE;2,4 GHz BLE;62:ae:f9:af:07:b9;-69.0;;;;-69.0;1.2589254117941662e-10;0.00028;3.524991153023665e-14;3.758263129906647e-12;25;0x00;38;ORANGE;False
1787671594.0892181;31.59914329000094;BLE Sniffer;Appareil BLE;2,4 GHz BLE;62:ae:f9:af:07:b9;-77.0;;;;-77.0;1.9952623149688828e-11;0.00028;5.586734481912872e-15;3.76384986438856e-12;25;0x00;39;VERT;False
1787671594.0907965;31.60072205399956;BLE Sniffer;iBeacon;2,4 GHz BLE;5e:ef:5d:3b:83:a3;-65.0;;;;-65.0;3.1622776601683795e-10;0.000368;1.1637181789419636e-13;2.4012677208407335e-11;36;0x00;37;ORANGE;False
1787671594.1490963;31.65885331699974;Simulation RF;Détection RF large bande;868 MHz;868 MHz;;2741;2.2087501430859944;-44.35000572343978;-77.35000572343978;1.840769575571047e-11;0.1;1.8407695755710472e-12;3.9272829117035545e-09;;;;VERT;True
1787671594.1492395;31.65885331699974;Simulation RF;Détection RF large bande;2,45 GHz;2,45 GHz;;3042;2.4512474437424183;-54.049897749696726;-70.74989774969673;8.414149516876379e-11;0.1;8.414149516876379e-12;1.4584697682338892e-08;;;;VERT;True
1787671594.157762;31.66768586699982;Wi-Fi;Wi-Fi;2,4/5 GHz;wlan0;-34.0;;;;-34.0;3.981071705534969e-07;0.1;3.9810717055349696e-08;1.0819194211433439e-05;;;;ROUGE;False
1787671594.196817;31.706741088000854;BLE Sniffer;iBeacon;2,4 GHz BLE;5e:ef:5d:3b:83:a3;-63.0;;;;-63.0;5.011872336272714e-10;0.000368;1.8443690197483588e-13;2.4197114110382172e-11;36;0x00;38;ORANGE;False
1787671594.1993554;31.70927999200103;BLE Sniffer;iBeacon;2,4 GHz BLE;5e:ef:5d:3b:83:a3;-70.0;;;;-70.0;1e-10;0.000368;3.68e-14;2.423391411038217e-11;36;0x00;39;ORANGE;False
1787671594.2491996;31.75893835200077;Simulation RF;Détection RF large bande;868 MHz;868 MHz;;2797;2.2538803420806577;-46.15521368322631;-79.15521368322631;1.2147268515473019e-11;0.1;1.214726851547302e-12;3.928497638555102e-09;;;;VERT;True
1787671594.249352;31.75893835200077;Simulation RF;Détection RF large bande;2,45 GHz;2,45 GHz;;3067;2.471240054883861;-54.849602195354436;-71.54960219535444;6.999061029987035e-11;0.1;6.999061029987036e-12;1.459169674336888e-08;;;;VERT;True
1787671594.2578084;31.767732104999595;Wi-Fi;Wi-Fi;2,4/5 GHz;wlan0;-34.0;;;;-34.0;3.981071705534969e-07;0.1;3.9810717055349696e-08;1.0859004928488789e-05;;;;ROUGE;False
1787671594.307797;31.817722240000876;BLE Sniffer;Appareil BLE;2,4 GHz BLE;62:ae:f9:af:07:b9;-68.0;;;;-68.0;1.584893192461111e-10;0.00028;4.43770093889111e-14;3.808226873777471e-12;25;0x00;37;ORANGE;False
1787671594.349267;31.85901657300019;Simulation RF;Détection RF large bande;868 MHz;868 MHz;;2776;2.236956995234685;-45.4782798093874;-78.4782798093874;1.4196197054213169e-11;0.1;1.4196197054213169e-12;3.929917258260524e-09;;;;VERT;True
1787671594.3494098;31.85901657300019;Simulation RF;Détection RF large bande;2,45 GHz;2,45 GHz;;3020;2.4334990986722826;-53.3399639468913;-70.0399639468913;9.908401703530431e-11;0.1;9.908401703530432e-12;1.460160514507241e-08;;;;VERT;True
1787671594.3578022;31.867726136000783;Wi-Fi;Wi-Fi;2,4/5 GHz;wlan0;-34.0;;;;-34.0;3.981071705534969e-07;0.1;3.9810717055349696e-08;1.0898815645544139e-05;;;;ROUGE;False
1787671594.4098008;31.919725334999384;BLE Sniffer;iBeacon;2,4 GHz BLE;5e:ef:5d:3b:83:a3;-64.0;;;;-64.0;3.9810717055349694e-10;0.000368;1.4650343876368688e-13;2.4380417549145856e-11;36;0x00;38;ORANGE;False
1787671594.4138782;31.923803260000568;Simulation LoRa;LoRa;868 MHz;LoRa 868.100 MHz;-90.0390029513024;;;;-90.0390029513024;9.910594451607766e-13;0.046335999999999995;4.592173045096974e-14;2.509842073706504e-12;13;"SNR=5.92;SF=7;BW=125.0;CR=4/5;F=868.100;CRC=OK;PAYLOAD=54454d504f5f4c4f52415f3331";7;VERT;True
1787671594.4139738;31.9238967830006;BLE Sniffer;iBeacon;2,4 GHz BLE;5e:ef:5d:3b:83:a3;-70.0;;;;-70.0;1e-10;0.000368;3.68e-14;2.4417217549145855e-11;36;0x00;39;ORANGE;False
1787671594.4140158;31.923938691999865;BLE Sniffer;Appareil BLE;2,4 GHz BLE;44:52:20:58:f1:a9;-90.0;;;;-90.0;1e-12;0.00019999999999999998;1.9999999999999997e-16;1.9999999999999997e-16;15;0x00;37;VERT;False
1787671594.4493794;31.95910429400101;Simulation RF;Détection RF large bande;868 MHz;868 MHz;;2794;2.251193139964579;-46.047725598583156;-79.04772559858316;1.245166535113092e-11;0.1;1.245166535113092e-12;3.931162424795637e-09;;;;VERT;True
1787671594.4495468;31.95910429400101;Simulation RF;Détection RF large bande;2,45 GHz;2,45 GHz;;2992;2.4110780241896714;-52.44312096758685;-69.14312096758685;1.2181139119137785e-10;0.1;1.2181139119137785e-11;1.4613786284191549e-08;;;;ORANGE;True
1787671594.4613223;31.971246508999684;Wi-Fi;Wi-Fi;2,4/5 GHz;wlan0;-34.0;;;;-34.0;3.981071705534969e-07;0.1;3.9810717055349696e-08;1.0938626362599489e-05;;;;ROUGE;False
1787671594.5494764;32.059198367000135;Simulation RF;Détection RF large bande;868 MHz;868 MHz;;2764;2.227481255229167;-45.099250209166684;-78.09925020916668;1.5490840385558906e-11;0.1;1.5490840385558908e-12;3.932711508834192e-09;;;;VERT;True
1787671594.5496435;32.059198367000135;Simulation RF;Détection RF large bande;2,45 GHz;2,45 GHz;;3054;2.460884686148922;-54.43538744595688;-71.13538744595688;7.699477521530623e-11;0.1;7.699477521530623e-12;1.4621485761713079e-08;;;;VERT;True
1787671594.5580268;32.0679504510008;Wi-Fi;Wi-Fi;2,4/5 GHz;wlan0;-34.0;;;;-34.0;3.981071705534969e-07;0.1;3.9810717055349696e-08;1.0978437079654839e-05;;;;ROUGE;False
1787671594.6495254;32.159280829000636;Simulation RF;Détection RF large bande;868 MHz;868 MHz;;2722;2.193772671087401;-43.750906843496026;-76.75090684349603;2.113047771576987e-11;0.1;2.113047771576987e-12;3.93482455660577e-09;;;;VERT;True
1787671594.6496787;32.159280829000636;Simulation RF;Détection RF large bande;2,45 GHz;2,45 GHz;;3088;2.4884161195343086;-55.536644781372345;-72.23664478137235;5.974967149452972e-11;0.1;5.974967149452972e-12;1.462746072886253e-08;;;;VERT;True
1787671594.6593661;32.16929184500077;Wi-Fi;Wi-Fi;2,4/5 GHz;wlan0;-34.0;;;;-34.0;3.981071705534969e-07;0.1;3.9810717055349696e-08;1.1018247796710189e-05;;;;ROUGE;False
1787671594.7290146;32.23893997800042;BLE Sniffer;iBeacon;2,4 GHz BLE;5e:ef:5d:3b:83:a3;-63.0;;;;-63.0;5.011872336272714e-10;0.000368;1.8443690197483588e-13;2.4601654451120692e-11;36;0x00;38;ORANGE;False
1787671594.7331226;32.24304781200044;BLE Sniffer;iBeacon;2,4 GHz BLE;5e:ef:5d:3b:83:a3;-69.0;;;;-69.0;1.2589254117941662e-10;0.000368;4.6328455154025316e-14;2.4647982906274716e-11;36;0x00;39;ORANGE;False
1787671594.7496002;32.25936243800061;Simulation RF;Détection RF large bande;868 MHz;868 MHz;;2725;2.1959028139131966;-43.836112556527866;-76.83611255652787;2.0719951969598866e-11;0.1;2.0719951969598868e-12;3.936896551802729e-09;;;;VERT;True
1787671594.7497525;32.25936243800061;Simulation RF;Détection RF large bande;2,45 GHz;2,45 GHz;;3021;2.434614982821008;-53.38459931284031;-70.08459931284031;9.807087919379222e-11;0.1;9.807087919379223e-12;1.463726781678191e-08;;;;VERT;True
1787671594.7581425;32.268066685999656;Wi-Fi;Wi-Fi;2,4/5 GHz;wlan0;-34.0;;;;-34.0;3.981071705534969e-07;0.1;3.9810717055349696e-08;1.1058058513765539e-05;;;;ROUGE;False
1787671594.8402987;32.350223515000835;BLE Sniffer;Appareil BLE;2,4 GHz BLE;62:ae:f9:af:07:b9;-68.0;;;;-68.0;1.584893192461111e-10;0.00028;4.43770093889111e-14;3.8526038831663816e-12;25;0x00;37;ORANGE;False
1787671594.8579671;32.35944858500079;Simulation RF;Détection RF large bande;868 MHz;868 MHz;;2709;2.182836474578113;-43.313458983124505;-76.3134589831245;2.336975189278057e-11;0.1;2.336975189278057e-12;3.939233526992007e-09;;;;VERT;True
1787671594.8582556;32.35944858500079;Simulation RF;Détection RF large bande;2,45 GHz;2,45 GHz;;3006;2.4226780083127273;-52.90712033250908;-69.60712033250908;1.0946819742075101e-10;0.1;1.0946819742075102e-11;1.4648214636523985e-08;;;;ORANGE;True
1787671594.8669403;32.3768642670002;Wi-Fi;Wi-Fi;2,4/5 GHz;wlan0;-33.0;;;;-33.0;5.011872336272725e-07;0.1;5.011872336272725e-08;1.1108177237128266e-05;;;;ROUGE;False
1787671594.9424295;32.4523543560008;BLE Sniffer;Appareil BLE;2,4 GHz BLE;62:ae:f9:af:07:b9;-69.0;;;;-69.0;1.2589254117941662e-10;0.00028;3.524991153023665e-14;3.887853794696618e-12;25;0x00;38;ORANGE;False
1787671594.9467218;32.456647680999595;BLE Sniffer;Appareil BLE;2,4 GHz BLE;62:ae:f9:af:07:b9;-69.0;;;;-69.0;1.2589254117941662e-10;0.00028;3.524991153023665e-14;3.923103706226854e-12;25;0x00;39;ORANGE;False
1787671594.9468112;32.456734204000895;BLE Sniffer;Appareil BLE;2,4 GHz BLE;44:52:00:58:f1:a9;-89.0;;;;-89.0;1.258925411794166e-12;0.00019999999999999998;2.517850823588332e-16;1.658428476823224e-14;15;0x00;37;VERT;False
1787671594.94685;32.45677305800018;BLE Sniffer;iBeacon;2,4 GHz BLE;5e:ef:5d:3b:83:a3;-64.0;;;;-64.0;3.9810717055349694e-10;0.000368;1.4650343876368688e-13;2.4794486345038402e-11;36;0x00;38;ORANGE;False
1787671594.9531329;32.459849951999786;Simulation RF;Détection RF large bande;868 MHz;868 MHz;;2747;2.213327326450421;-44.53309305801683;-77.53309305801683;1.764780491169111e-11;0.1;1.764780491169111e-12;3.940998307483177e-09;;;;VERT;True
1787671594.9532866;32.459849951999786;Simulation RF;Détection RF large bande;2,45 GHz;2,45 GHz;;2985;2.4051119506623326;-52.204478026493305;-68.90447802649331;1.2869219173894324e-10;0.1;1.2869219173894325e-11;1.4661083855697879e-08;;;;ORANGE;True
1787671594.961664;32.471588349999365;Wi-Fi;Wi-Fi;2,4/5 GHz;wlan0;-33.0;;;;-33.0;5.011872336272725e-07;0.1;5.011872336272725e-08;1.1158295960490994e-05;;;;ROUGE;False
1787671595.0501995;32.559938513000816;Simulation RF;Détection RF large bande;868 MHz;868 MHz;;2747;2.213381427126024;-44.53525708504095;-77.53525708504095;1.7639013454495336e-11;0.1;1.7639013454495338e-12;3.9427622088286265e-09;;;;VERT;True
1787671595.050351;32.559938513000816;Simulation RF;Détection RF large bande;2,45 GHz;2,45 GHz;;3019;2.433037403743402;-53.32149614973606;-70.02149614973607;9.95062558043996e-11;0.1;9.95062558043996e-12;1.467103448127832e-08;;;;VERT;True
1787671595.0573802;32.56730611800049;BLE Sniffer;iBeacon;2,4 GHz BLE;5e:ef:5d:3b:83:a3;-69.0;;;;-69.0;1.2589254117941662e-10;0.000368;4.6328455154025316e-14;2.4840814800192426e-11;36;0x00;39;ORANGE;False
1787671595.062795;32.57272040499993;Wi-Fi;Wi-Fi;2,4/5 GHz;wlan0;-33.0;;;;-33.0;5.011872336272725e-07;0.1;5.011872336272725e-08;1.1208414683853721e-05;;;;ROUGE;False
1787671595.1502798;32.66001789300026;Simulation RF;Détection RF large bande;868 MHz;868 MHz;;2723;2.194045929607678;-43.76183718430711;-76.76183718430711;2.1077363312635675e-11;0.1;2.1077363312635675e-12;3.94486994515989e-09;;;;VERT;True
1787671595.1504266;32.66001789300026;Simulation RF;Détection RF large bande;2,45 GHz;2,45 GHz;;3014;2.428943339863158;-53.157733594526306;-69.85773359452631;1.0333005024004851e-10;0.1;1.0333005024004852e-11;1.4681367486302325e-08;;;;ORANGE;True
1787671595.1590402;32.66896454000016;Wi-Fi;Wi-Fi;2,4/5 GHz;wlan0;-33.0;;;;-33.0;5.011872336272725e-07;0.1;5.011872336272725e-08;1.1258533407216449e-05;;;;ROUGE;False
1787671595.1640902;32.67401447500015;BLE Sniffer;Appareil BLE;2,4 GHz BLE;62:ae:f9:af:07:b9;-68.0;;;;-68.0;1.584893192461111e-10;0.00028;4.43770093889111e-14;3.967480715615765e-12;25;0x00;37;ORANGE;False
1787671595.1641822;32.674105238000266;BLE Sniffer;Appareil BLE;2,4 GHz BLE;62:ae:f9:af:07:b9;-72.0;;;;-72.0;6.309573444801942e-11;0.00028;1.7666805645445437e-14;3.985147521261211e-12;25;0x00;38;VERT;False
1787671595.171718;32.68164372300089;BLE Sniffer;Appareil BLE;2,4 GHz BLE;62:ae:f9:af:07:b9;-75.0;;;;-75.0;3.1622776601683794e-11;0.00028;8.854377448471461e-15;3.994001898709682e-12;25;0x00;39;VERT;False
1787671595.2503521;32.76009575500029;Simulation RF;Détection RF large bande;868 MHz;868 MHz;;2773;2.234693580694935;-45.38774322779739;-78.38774322779739;1.4495248904416302e-11;0.1;1.4495248904416302e-12;3.9463194700503315e-09;;;;VERT;True
1787671595.2504923;32.76009575500029;Simulation RF;Détection RF large bande;2,45 GHz;2,45 GHz;;3032;2.443745861251921;-53.74983445007685;-70.44983445007685;9.016055055022932e-11;0.1;9.016055055022932e-12;1.4690383541357347e-08;;;;VERT;True
1787671595.2591214;32.769045568000365;Wi-Fi;Wi-Fi;2,4/5 GHz;wlan0;-33.0;;;;-33.0;5.011872336272725e-07;0.1;5.011872336272725e-08;1.1308652130579176e-05;;;;ROUGE;False
1787671595.2738297;32.783753407000404;BLE Sniffer;iBeacon;2,4 GHz BLE;5e:ef:5d:3b:83:a3;-66.0;;;;-66.0;2.511886431509582e-10;0.000368;9.243742067955262e-14;2.493325222087198e-11;36;0x00;37;ORANGE;False
1787671595.2738929;32.78381579900088;BLE Sniffer;iBeacon;2,4 GHz BLE;5e:ef:5d:3b:83:a3;-64.0;;;;-64.0;3.9810717055349694e-10;0.000368;1.4650343876368688e-13;2.5079755659635664e-11;36;0x00;38;ORANGE;False
1787671595.2812388;32.79116405199966;BLE Sniffer;iBeacon;2,4 GHz BLE;5e:ef:5d:3b:83:a3;-69.0;;;;-69.0;1.2589254117941662e-10;0.000368;4.6328455154025316e-14;2.5126084114789688e-11;36;0x00;39;ORANGE;False
1787671595.350464;32.86018643200077;Simulation RF;Détection RF large bande;868 MHz;868 MHz;;2719;2.190925210278744;-43.637008411149765;-76.63700841114976;2.169197817895054e-11;0.1;2.169197817895054e-12;3.9484886678682265e-09;;;;VERT;True
1787671595.3506253;32.86018643200077;Simulation RF;Détection RF large bande;2,45 GHz;2,45 GHz;;3032;2.443765357390113;-53.75061429560451;-70.45061429560451;9.014436222809663e-11;0.1;9.014436222809664e-12;1.4699397977580157e-08;;;;VERT;True
1787671595.3592155;32.869139763999556;Wi-Fi;Wi-Fi;2,4/5 GHz;wlan0;-33.0;;;;-33.0;5.011872336272725e-07;0.1;5.011872336272725e-08;1.1358770853941904e-05;;;;ROUGE;False
1787671595.3879604;32.89788589000091;Simulation LoRa;LoRa;868 MHz;LoRa 868.100 MHz;-92.36638059417245;;;;-92.36638059417245;5.799117929956271e-13;0.046335999999999995;2.6870792840245373e-14;2.5367128665467493e-12;13;"SNR=7.44;SF=7;BW=125.0;CR=4/5;F=868.100;CRC=OK;PAYLOAD=54454d504f5f4c4f52415f3332";7;VERT;True
1787671595.388053;32.89797607999935;BLE Sniffer;Appareil BLE;2,4 GHz BLE;62:ae:f9:af:07:b9;-69.0;;;;-69.0;1.2589254117941662e-10;0.00028;3.524991153023665e-14;4.029251810239918e-12;25;0x00;37;ORANGE;False
1787671595.4505153;32.96027099700041;Simulation RF;Détection RF large bande;868 MHz;868 MHz;;2778;2.2389757234158387;-45.55902893663355;-78.55902893663355;1.3934683415090293e-11;0.1;1.3934683415090294e-12;3.949882136209736e-09;;;;VERT;True
1787671595.4506657;32.96027099700041;Simulation RF;Détection RF large bande;2,45 GHz;2,45 GHz;;3072;2.475612240167571;-55.02448960670284;-71.72448960670285;6.72281312582306e-11;0.1;6.72281312582306e-12;1.470612079070598e-08;;;;VERT;True
1787671595.459145;32.969069321999996;Wi-Fi;Wi-Fi;2,4/5 GHz;wlan0;-33.0;;;;-33.0;5.011872336272725e-07;0.1;5.011872336272725e-08;1.1408889577304631e-05;;;;ROUGE;False
1787671595.5506248;33.06035626599987;Simulation RF;Détection RF large bande;868 MHz;868 MHz;;2723;2.194243380218864;-43.76973520875457;-76.76973520875457;2.1039067119686094e-11;0.1;2.1039067119686093e-12;3.951986042921704e-09;;;;VERT;True
1787671595.550785;33.06035626599987;Simulation RF;Détection RF large bande;2,45 GHz;2,45 GHz;;3033;2.4441772741131738;-53.76709096452694;-70.46709096452695;8.980301207548506e-11;0.1;8.980301207548506e-12;1.471510109191353e-08;;;;VERT;True
1787671595.559478;33.06940234400099;Wi-Fi;Wi-Fi;2,4/5 GHz;wlan0;-33.0;;;;-33.0;5.011872336272725e-07;0.1;5.011872336272725e-08;1.1459008300667359e-05;;;;ROUGE;False
1787671595.5969715;33.1068963480011;BLE Sniffer;iBeacon;2,4 GHz BLE;5e:ef:5d:3b:83:a3;-64.0;;;;-64.0;3.9810717055349694e-10;0.000368;1.4650343876368688e-13;2.5272587553553374e-11;36;0x00;38;ORANGE;False
1787671595.5970552;33.1069781669994;BLE Sniffer;iBeacon;2,4 GHz BLE;5e:ef:5d:3b:83:a3;-69.0;;;;-69.0;1.2589254117941662e-10;0.000368;4.6328455154025316e-14;2.5318916008707398e-11;36;0x00;39;ORANGE;False
1787671595.6013186;33.11124402600035;BLE Sniffer;Appareil BLE;2,4 GHz BLE;dc:84:0b:6d:6e:8e;-89.0;;;;-89.0;1.258925411794166e-12;0.000192;2.417136790644799e-16;7.459478536787028e-16;14;0x02;37;VERT;False
1787671595.6506937;33.16043899900069;Simulation RF;Détection RF large bande;868 MHz;868 MHz;;2664;2.146634052342728;-41.86536209370912;-74.86536209370912;3.261848535469111e-11;0.1;3.261848535469111e-12;3.955247891457173e-09;;;;VERT;True
1787671595.6508975;33.16043899900069;Simulation RF;Détection RF large bande;2,45 GHz;2,45 GHz;;3007;2.4228760388153523;-52.915041552614085;-69.61504155261409;1.0926871724796055e-10;0.1;1.0926871724796056e-11;1.4726027963638324e-08;;;;ORANGE;True
1787671595.6596444;33.16956809899966;Wi-Fi;Wi-Fi;2,4/5 GHz;wlan0;-33.0;;;;-33.0;5.011872336272725e-07;0.1;5.011872336272725e-08;1.1509127024030086e-05;;;;ROUGE;False
1787671595.7076604;33.21758555000088;BLE Sniffer;Appareil BLE;2,4 GHz BLE;62:ae:f9:af:07:b9;-74.0;;;;-74.0;3.9810717055349695e-11;0.00028;1.1147000775497913e-14;4.040398811015416e-12;25;0x00;38;VERT;False
1787671595.7106993;33.22062481099965;BLE Sniffer;Appareil BLE;2,4 GHz BLE;62:ae:f9:af:07:b9;-68.0;;;;-68.0;1.584893192461111e-10;0.00028;4.43770093889111e-14;4.084775820404327e-12;25;0x00;39;ORANGE;False
1787671595.750841;33.2605308050006;Simulation RF;Détection RF large bande;868 MHz;868 MHz;;2738;2.2064162594399646;-44.256650377598575;-77.25665037759858;1.880766853632449e-11;0.1;1.880766853632449e-12;3.957128658310806e-09;;;;VERT;True
1787671595.7511294;33.2605308050006;Simulation RF;Détection RF large bande;2,45 GHz;2,45 GHz;;3008;2.4242084218423536;-52.96833687369414;-69.66833687369414;1.079359982904685e-10;0.1;1.079359982904685e-11;1.473682156346737e-08;;;;ORANGE;True
1787671595.76119;33.27111436599989;Wi-Fi;Wi-Fi;2,4/5 GHz;wlan0;-33.0;;;;-33.0;5.011872336272725e-07;0.1;5.011872336272725e-08;1.1559245747392813e-05;;;;ROUGE;False
1787671595.8199477;33.32987321899964;BLE Sniffer;iBeacon;2,4 GHz BLE;5e:ef:5d:3b:83:a3;-66.0;;;;-66.0;2.511886431509582e-10;0.000368;9.243742067955262e-14;2.541135342938695e-11;36;0x00;37;ORANGE;False
1787671595.8200624;33.32998587300062;BLE Sniffer;iBeacon;2,4 GHz BLE;5e:ef:5d:3b:83:a3;-63.0;;;;-63.0;5.011872336272714e-10;0.000368;1.8443690197483588e-13;2.5595790331361788e-11;36;0x00;38;ORANGE;False
1787671595.8236675;33.33359264399951;BLE Sniffer;iBeacon;2,4 GHz BLE;5e:ef:5d:3b:83:a3;-69.0;;;;-69.0;1.2589254117941662e-10;0.000368;4.6328455154025316e-14;2.5642118786515812e-11;36;0x00;39;ORANGE;False
1787671595.8508308;33.360613371;Simulation RF;Détection RF large bande;868 MHz;868 MHz;;2748;2.214463875781714;-44.578555031268564;-77.57855503126856;1.7464031131302554e-11;0.1;1.7464031131302556e-12;3.958875061423937e-09;;;;VERT;True
1787671595.8509881;33.360613371;Simulation RF;Détection RF large bande;2,45 GHz;2,45 GHz;;3023;2.436130634005297;-53.44522536021188;-70.14522536021188;9.671135407562438e-11;0.1;9.671135407562439e-12;1.4746492698874934e-08;;;;VERT;True
1787671595.8595722;33.36949610699958;Wi-Fi;Wi-Fi;2,4/5 GHz;wlan0;-33.0;;;;-33.0;5.011872336272725e-07;0.1;5.011872336272725e-08;1.1609364470755541e-05;;;;ROUGE;False
1787671595.9300976;33.440022913000575;BLE Sniffer;Appareil BLE;2,4 GHz BLE;44:52:00:58:f1:a9;-88.0;;;;-88.0;1.584893192461111e-12;0.00019999999999999998;3.1697863849222217e-16;1.690126340672446e-14;15;0x00;37;VERT;False
1787671595.9509487;33.46069475100012;Simulation RF;Détection RF large bande;868 MHz;868 MHz;;2619;2.1101572452260657;-40.40628980904263;-73.40628980904263;4.5642667613746745e-11;0.1;4.5642667613746745e-12;3.9634393281853116e-09;;;;VERT;True
1787671595.9511163;33.46069475100012;Simulation RF;Détection RF large bande;2,45 GHz;2,45 GHz;;3011;2.4266077073577605;-53.06430829431041;-69.76430829431041;1.0557696434402163e-10;0.1;1.0557696434402164e-11;1.4757050395309336e-08;;;;ORANGE;True
1787671595.9601765;33.47010221700111;Wi-Fi;Wi-Fi;2,4/5 GHz;wlan0;-33.0;;;;-33.0;5.011872336272725e-07;0.1;5.011872336272725e-08;1.1659483194118268e-05;;;;ROUGE;False
1787671596.0510275;33.56077784199988;Simulation RF;Détection RF large bande;868 MHz;868 MHz;;2751;2.216617475870676;-44.66469903482704;-77.66469903482704;1.7121038210306076e-11;0.1;1.7121038210306076e-12;3.965151432006342e-09;;;;VERT;True
1787671596.0511882;33.56077784199988;Simulation RF;Détection RF large bande;2,45 GHz;2,45 GHz;;3012;2.4274351211888923;-53.09740484755568;-69.79740484755568;1.0477544529156027e-10;0.1;1.0477544529156028e-11;1.4767527939838491e-08;;;;ORANGE;True
1787671596.0597515;33.569675205999374;Wi-Fi;Wi-Fi;2,4/5 GHz;wlan0;-33.0;;;;-33.0;5.011872336272725e-07;0.1;5.011872336272725e-08;1.1709601917480996e-05;;;;ROUGE;False
1787671596.1413438;33.65126918699934;BLE Sniffer;iBeacon;2,4 GHz BLE;5e:ef:5d:3b:83:a3;-63.0;;;;-63.0;5.011872336272714e-10;0.000368;1.8443690197483588e-13;2.582655568849065e-11;36;0x00;38;ORANGE;False
1787671596.1414337;33.651356653999756;BLE Sniffer;iBeacon;2,4 GHz BLE;5e:ef:5d:3b:83:a3;-69.0;;;;-69.0;1.2589254117941662e-10;0.000368;4.6328455154025316e-14;2.5872884143644674e-11;36;0x00;39;ORANGE;False
1787671596.1576915;33.660857752000084;Simulation RF;Détection RF large bande;868 MHz;868 MHz;;2696;2.172871649717105;-42.914865988684184;-75.91486598868418;2.5616123071690492e-11;0.1;2.5616123071690493e-12;3.967713044313511e-09;;;;VERT;True
1787671596.1699204;33.660857752000084;Simulation RF;Détection RF large bande;2,45 GHz;2,45 GHz;;3025;2.437538086999871;-53.50152347999483;-70.20152347999483;9.546576388823221e-11;0.1;9.546576388823223e-12;1.4777074516227314e-08;;;;VERT;True
1787671596.180514;33.690438319999885;Wi-Fi;Wi-Fi;2,4/5 GHz;wlan0;-33.0;;;;-33.0;5.011872336272725e-07;0.1;5.011872336272725e-08;1.1759720640843723e-05;;;;ROUGE;False
1787671596.2449827;33.75490718000037;BLE Sniffer;Appareil BLE;2,4 GHz BLE;44:52:00:58:f1:a9;-86.0;;;;-86.0;2.5118864315095823e-12;0.00019999999999999998;5.023772863019164e-16;1.7403640693026376e-14;15;0x00;37;VERT;False
1787671596.249311;33.75923619000059;BLE Sniffer;Appareil BLE;2,4 GHz BLE;62:ae:f9:af:07:b9;-66.0;;;;-66.0;2.511886431509582e-10;0.00028;7.03328200822683e-14;4.1551086404865955e-12;25;0x00;38;ORANGE;False
1787671596.2528796;33.76097294200008;Simulation RF;Détection RF large bande;868 MHz;868 MHz;;2758;2.2224729578512856;-44.898918314051414;-77.89891831405141;1.622214087681847e-11;0.1;1.622214087681847e-12;3.969335258401193e-09;;;;VERT;True
1787671596.2536511;33.76097294200008;Simulation RF;Détection RF large bande;2,45 GHz;2,45 GHz;;3059;2.46541698824628;-54.6166795298512;-71.3166795298512;7.384686227189038e-11;0.1;7.38468622718904e-12;1.4784459202454504e-08;;;;VERT;True
1787671596.2622602;33.77218440100114;Wi-Fi;Wi-Fi;2,4/5 GHz;wlan0;-33.0;;;;-33.0;5.011872336272725e-07;0.1;5.011872336272725e-08;1.180983936420645e-05;;;;ROUGE;False
1787671596.3512986;33.86105292600041;Simulation RF;Détection RF large bande;868 MHz;868 MHz;;2698;2.17418302835166;-42.967321134066395;-75.9673211340664;2.5308586288438864e-11;0.1;2.5308586288438865e-12;3.971866117030037e-09;;;;VERT;True
1787671596.351433;33.86105292600041;Simulation RF;Détection RF large bande;2,45 GHz;2,45 GHz;;3043;2.452020450232846;-54.080818009313845;-70.78081800931385;8.354456442116965e-11;0.1;8.354456442116965e-12;1.479281365889662e-08;;;;VERT;True
1787671596.3528857;33.862809346001086;BLE Sniffer;Appareil BLE;2,4 GHz BLE;62:ae:f9:af:07:b9;-72.0;;;;-72.0;6.309573444801942e-11;0.00028;1.7666805645445437e-14;4.172775446132041e-12;25;0x00;39;VERT;False
1787671596.357608;33.86753444900023;BLE Sniffer;iBeacon;2,4 GHz BLE;5e:ef:5d:3b:83:a3;-66.0;;;;-66.0;2.511886431509582e-10;0.000368;9.243742067955262e-14;2.5965321564324226e-11;36;0x00;37;ORANGE;False
1787671596.364399;33.87432415399962;Simulation LoRa;LoRa;868 MHz;LoRa 868.100 MHz;-85.48394552167389;;;;-85.48394552167389;2.8288208727542702e-12;0.046335999999999995;1.3107624395994185e-13;2.667789110506691e-12;13;"SNR=5.88;SF=7;BW=125.0;CR=4/5;F=868.100;CRC=OK;PAYLOAD=54454d504f5f4c4f52415f3333";7;VERT;True
1787671596.3664958;33.87642144200072;Wi-Fi;Wi-Fi;2,4/5 GHz;wlan0;-33.0;;;;-33.0;5.011872336272725e-07;0.1;5.011872336272725e-08;1.1859958087569178e-05;;;;ROUGE;False
1787671596.4513776;33.961130873;Simulation RF;Détection RF large bande;868 MHz;868 MHz;;2742;2.2099766129727993;-44.39906451891197;-77.39906451891197;1.820092868907732e-11;0.1;1.8200928689077322e-12;3.973686209898945e-09;;;;VERT;True
1787671596.4515145;33.961130873;Simulation RF;Détection RF large bande;2,45 GHz;2,45 GHz;;3048;2.456540412637943;-54.26161650551771;-70.96161650551771;8.013797229948168e-11;0.1;8.013797229948169e-12;1.4800827456126568e-08;;;;VERT;True
1787671596.460947;33.97087146400008;Wi-Fi;Wi-Fi;2,4/5 GHz;wlan0;-33.0;;;;-33.0;5.011872336272725e-07;0.1;5.011872336272725e-08;1.1910076810931906e-05;;;;ROUGE;False
1787671596.4664862;33.97640962600053;BLE Sniffer;iBeacon;2,4 GHz BLE;5e:ef:5d:3b:83:a3;-64.0;;;;-64.0;3.9810717055349694e-10;0.000368;1.4650343876368688e-13;2.611182500308791e-11;36;0x00;38;ORANGE;False
1787671596.4678783;33.977803564999704;BLE Sniffer;iBeacon;2,4 GHz BLE;5e:ef:5d:3b:83:a3;-69.0;;;;-69.0;1.2589254117941662e-10;0.000368;4.6328455154025316e-14;2.6158153458241936e-11;36;0x00;39;ORANGE;False
1787671596.4679642;33.97788714300077;BLE Sniffer;Appareil BLE;2,4 GHz BLE;42:52:00:58:f1:a9;-87.0;;;;-87.0;1.9952623149688827e-12;0.00019999999999999998;3.9905246299377653e-16;3.9905246299377653e-16;15;0x00;37;VERT;False
1787671596.5514612;34.06121182100105;Simulation RF;Détection RF large bande;868 MHz;868 MHz;;2727;2.197349226725778;-43.893969069031115;-76.89396906903112;2.0445752209515994e-11;0.1;2.0445752209515994e-12;3.9757307851198965e-09;;;;VERT;True
1787671596.5516043;34.06121182100105;Simulation RF;Détection RF large bande;2,45 GHz;2,45 GHz;;3041;2.4508038578466644;-54.03215431386657;-70.73215431386657;8.448596493297914e-11;0.1;8.448596493297914e-12;1.4809276052619866e-08;;;;VERT;True
1787671596.5600586;34.06998240100074;Wi-Fi;Wi-Fi;2,4/5 GHz;wlan0;-33.0;;;;-33.0;5.011872336272725e-07;0.1;5.011872336272725e-08;1.1960195534294633e-05;;;;ROUGE;False
1787671596.5775573;34.08748124399972;BLE Sniffer;Appareil BLE;2,4 GHz BLE;62:ae:f9:af:07:b9;-70.0;;;;-70.0;1e-10;0.00028;2.7999999999999997e-14;4.200775446132041e-12;25;0x00;38;ORANGE;False
1787671596.577617;34.08753982100097;BLE Sniffer;Appareil Apple BLE;2,4 GHz BLE;62:ae:f9:af:07:b9;-90.0;;;;-90.0;1e-12;0.00028;2.7999999999999996e-16;4.201055446132041e-12;25;0x00;39;VERT;False
1787671596.6515405;34.161288657000114;Simulation RF;Détection RF large bande;868 MHz;868 MHz;;2661;2.144178113407062;-41.76712453628248;-74.76712453628248;3.336472474867708e-11;0.1;3.3364724748677077e-12;3.979067257594764e-09;;;;VERT;True
1787671596.6516838;34.161288657000114;Simulation RF;Détection RF large bande;2,45 GHz;2,45 GHz;;3012;2.427407308771503;-53.09629235086011;-69.79629235086011;1.0480228819935822e-10;0.1;1.0480228819935824e-11;1.4819756281439802e-08;;;;ORANGE;True
1787671596.6625922;34.17251674699946;Wi-Fi;Wi-Fi;2,4/5 GHz;wlan0;-33.0;;;;-33.0;5.011872336272725e-07;0.1;5.011872336272725e-08;1.201031425765736e-05;;;;ROUGE;False
1787671596.6862876;34.196211968999705;BLE Sniffer;iBeacon;2,4 GHz BLE;5e:ef:5d:3b:83:a3;-66.0;;;;-66.0;2.511886431509582e-10;0.000368;9.243742067955262e-14;2.6250590878921488e-11;36;0x00;37;ORANGE;False
1787671596.690786;34.200711430999945;BLE Sniffer;iBeacon;2,4 GHz BLE;5e:ef:5d:3b:83:a3;-64.0;;;;-64.0;3.9810717055349694e-10;0.000368;1.4650343876368688e-13;2.6397094317685173e-11;36;0x00;38;ORANGE;False
1787671596.7516243;34.26137021500108;Simulation RF;Détection RF large bande;868 MHz;868 MHz;;2670;2.1516159445547607;-42.06463778219043;-75.06463778219043;3.115560734533107e-11;0.1;3.115560734533107e-12;3.9821828183292976e-09;;;;VERT;True
1787671596.7517972;34.26137021500108;Simulation RF;Détection RF large bande;2,45 GHz;2,45 GHz;;3117;2.512102516570465;-56.484100662818605;-73.18410066281861;4.8038554819835535e-11;0.1;4.803855481983554e-12;1.4824560136921786e-08;;;;VERT;True
1787671596.7598643;34.26978801900077;Wi-Fi;Wi-Fi;2,4/5 GHz;wlan0;-33.0;;;;-33.0;5.011872336272725e-07;0.1;5.011872336272725e-08;1.2060432981020088e-05;;;;ROUGE;False
1787671596.7952492;34.30517366899949;BLE Sniffer;iBeacon;2,4 GHz BLE;5e:ef:5d:3b:83:a3;-70.0;;;;-70.0;1e-10;0.000368;3.68e-14;2.6433894317685172e-11;36;0x00;39;ORANGE;False
1787671596.7953231;34.305246134999834;BLE Sniffer;Appareil BLE;2,4 GHz BLE;44:52:00:58:f1:a9;-84.0;;;;-84.0;3.9810717055349695e-12;0.00019999999999999998;7.962143411069938e-16;1.819985503413337e-14;15;0x00;37;VERT;False
1787671596.7983007;34.30822576299943;BLE Sniffer;Appareil BLE;2,4 GHz BLE;62:ae:c9:af:07:b9;-73.0;;;;-73.0;5.011872336272715e-11;0.00028;1.40332425415636e-14;2.80664850831272e-14;25;0x00;38;VERT;False
1787671596.8000286;34.3099552929998;BLE Sniffer;Appareil BLE;2,4 GHz BLE;62:ae:f9:af:07:b9;-80.0;;;;-80.0;1e-11;0.00028;2.7999999999999997e-15;4.203855446132041e-12;25;0x00;39;VERT;False
1787671596.8517303;34.3614587739994;Simulation RF;Détection RF large bande;868 MHz;868 MHz;;2710;2.184028448124724;-43.36113792498897;-76.36113792498897;2.3114590694577303e-11;0.1;2.3114590694577306e-12;3.984494277398755e-09;;;;VERT;True
1787671596.851892;34.3614587739994;Simulation RF;Détection RF large bande;2,45 GHz;2,45 GHz;;3026;2.4388699231395274;-53.55479692558109;-70.25479692558109;9.430187056186809e-11;0.1;9.43018705618681e-12;1.4833990323977973e-08;;;;VERT;True
1787671596.8605454;34.37046918099986;Wi-Fi;Wi-Fi;2,4/5 GHz;wlan0;-33.0;;;;-33.0;5.011872336272725e-07;0.1;5.011872336272725e-08;1.2110551704382816e-05;;;;ROUGE;False
1787671596.9113832;34.42130920300042;BLE Sniffer;Appareil BLE;2,4 GHz BLE;44:52:00:58:f1:a9;-86.0;;;;-86.0;2.5118864315095823e-12;0.00019999999999999998;5.023772863019164e-16;1.8702232320435285e-14;15;0x00;37;VERT;False
1787671596.9517987;34.461542814000495;Simulation RF;Détection RF large bande;868 MHz;868 MHz;;2728;2.1982456380750577;-43.92982552300231;-76.92982552300231;2.0277641829325406e-11;0.1;2.0277641829325407e-12;3.986522041581688e-09;;;;VERT;True
1787671596.9519506;34.461542814000495;Simulation RF;Détection RF large bande;2,45 GHz;2,45 GHz;;3062;2.467859571522676;-54.71438286090704;-71.41438286090704;7.220407587422654e-11;0.1;7.220407587422654e-12;1.4841210731565395e-08;;;;VERT;True
1787671596.9604228;34.47034758100017;Wi-Fi;Wi-Fi;2,4/5 GHz;wlan0;-33.0;;;;-33.0;5.011872336272725e-07;0.1;5.011872336272725e-08;1.2160670427745543e-05;;;;ROUGE;False
1787671597.0136952;34.52361990600002;BLE Sniffer;iBeacon;2,4 GHz BLE;5e:ef:5d:3b:83:a3;-64.0;;;;-64.0;3.9810717055349694e-10;0.000368;1.4650343876368688e-13;2.6580397756448857e-11;36;0x00;38;ORANGE;False
1787671597.0182793;34.52820470500046;BLE Sniffer;iBeacon;2,4 GHz BLE;5e:ef:5d:3b:83:a3;-70.0;;;;-70.0;1e-10;0.000368;3.68e-14;2.6617197756448856e-11;36;0x00;39;ORANGE;False
1787671597.0519128;34.56163213900072;Simulation RF;Détection RF large bande;868 MHz;868 MHz;;2656;2.140183570060987;-41.60734280243946;-74.60734280243946;3.4615110295232774e-11;0.1;3.4615110295232777e-12;3.989983552611212e-09;;;;VERT;True
1787671597.0520768;34.56163213900072;Simulation RF;Détection RF large bande;2,45 GHz;2,45 GHz;;3036;2.446600637372751;-53.86402549491004;-70.56402549491004;8.782081244323529e-11;0.1;8.78208124432353e-12;1.4849992812809719e-08;;;;VERT;True
1787671597.0607243;34.57064882099985;Wi-Fi;Wi-Fi;2,4/5 GHz;wlan0;-33.0;;;;-33.0;5.011872336272725e-07;0.1;5.011872336272725e-08;1.221078915110827e-05;;;;ROUGE;False
1787671597.1220348;34.631959325000935;BLE Sniffer;Appareil BLE;2,4 GHz BLE;62:ae:f9:af:07:b9;-72.0;;;;-72.0;6.309573444801942e-11;0.00028;1.7666805645445437e-14;4.221522251777487e-12;25;0x00;37;VERT;False
1787671597.122113;34.63203647699993;BLE Sniffer;Appareil BLE;2,4 GHz BLE;62:ae:f9:af:07:b9;-68.0;;;;-68.0;1.584893192461111e-10;0.00028;4.43770093889111e-14;4.265899261166398e-12;25;0x00;38;ORANGE;False
1787671597.1221535;34.63207634900027;BLE Sniffer;Appareil BLE;2,4 GHz BLE;62:ae:f9:af:07:b9;-79.0;;;;-79.0;1.2589254117941662e-11;0.00028;3.524991153023665e-15;4.2694242523194215e-12;25;0x00;39;VERT;False
1787671597.1519415;34.66171613500046;Simulation RF;Détection RF large bande;868 MHz;868 MHz;;2666;2.1485750469222658;-41.943001876890634;-74.94300187689063;3.2040538922168373e-11;0.1;3.2040538922168376e-12;3.993187606503429e-09;;;;VERT;True
1787671597.1520958;34.66171613500046;Simulation RF;Détection RF large bande;2,45 GHz;2,45 GHz;;3019;2.433220768842833;-53.328830753713305;-70.02883075371331;9.933834599649948e-11;0.1;9.93383459964995e-12;1.4859926647409369e-08;;;;VERT;True
1787671597.160658;34.67058175500097;Wi-Fi;Wi-Fi;2,4/5 GHz;wlan0;-33.0;;;;-33.0;5.011872336272725e-07;0.1;5.011872336272725e-08;1.2260907874470998e-05;;;;ROUGE;False
1787671597.2358677;34.745793383999626;BLE Sniffer;Appareil BLE;2,4 GHz BLE;44:52:00:58:f1:a9;-86.0;;;;-86.0;2.5118864315095823e-12;0.00019999999999999998;5.023772863019164e-16;1.92046096067372e-14;15;0x00;37;VERT;False
1787671597.2359614;34.74588425900038;BLE Sniffer;Appareil BLE;2,4 GHz BLE;62:82:29:3f:d2:02;-91.0;;;;-91.0;7.943282347242822e-13;0.000328;2.6053966098956457e-16;4.424957559128572e-12;31;0x00;38;VERT;False
1787671597.2529747;34.76180529799967;Simulation RF;Détection RF large bande;868 MHz;868 MHz;;2675;2.1557797152587663;-42.23118861035064;-75.23118861035064;2.9983417975692113e-11;0.1;2.9983417975692116e-12;3.996185948300998e-09;;;;VERT;True
1787671597.2639108;34.76180529799967;Simulation RF;Détection RF large bande;2,45 GHz;2,45 GHz;;3042;2.451688027783424;-54.067521111336944;-70.76752111133695;8.380074679103194e-11;0.1;8.380074679103195e-12;1.4868306722088472e-08;;;;VERT;True
1787671597.2750561;34.784980136999366;Wi-Fi;Wi-Fi;2,4/5 GHz;wlan0;-33.0;;;;-33.0;5.011872336272725e-07;0.1;5.011872336272725e-08;1.2311026597833725e-05;;;;ROUGE;False
1787671597.339723;34.84964752800079;BLE Sniffer;Appareil BLE;2,4 GHz BLE;62:82:29:3f:d2:02;-87.0;;;;-87.0;1.9952623149688827e-12;0.000328;6.544460393097936e-16;4.425612005167882e-12;31;0x00;39;VERT;False
1787671597.3443935;34.85431920100018;BLE Sniffer;iBeacon;2,4 GHz BLE;5e:ef:5d:3b:83:a3;-65.0;;;;-65.0;3.1622776601683795e-10;0.000368;1.1637181789419636e-13;2.673356957434305e-11;36;0x00;37;ORANGE;False
1787671597.3444912;34.85441450200051;BLE Sniffer;iBeacon;2,4 GHz BLE;5e:ef:5d:3b:83:a3;-63.0;;;;-63.0;5.011872336272714e-10;0.000368;1.8443690197483588e-13;2.691800647631789e-11;36;0x00;38;ORANGE;False
1787671597.3445296;34.85445268900003;BLE Sniffer;iBeacon;2,4 GHz BLE;5e:ef:5d:3b:83:a3;-69.0;;;;-69.0;1.2589254117941662e-10;0.000368;4.6328455154025316e-14;2.6964334931471913e-11;36;0x00;39;ORANGE;False
1787671597.3521137;34.86188764600047;Simulation RF;Détection RF large bande;868 MHz;868 MHz;;2688;2.166054351200211;-42.64217404800844;-75.64217404800844;2.7276120173614888e-11;0.1;2.727612017361489e-12;3.998913560318359e-09;;;;VERT;True
1787671597.3522704;34.86188764600047;Simulation RF;Détection RF large bande;2,45 GHz;2,45 GHz;;3046;2.454991810439315;-54.199672417572586;-70.89967241757259;8.128918291779777e-11;0.1;8.128918291779777e-12;1.4876435640380251e-08;;;;VERT;True
1787671597.3651145;34.87503840200043;Wi-Fi;Wi-Fi;2,4/5 GHz;wlan0;-33.0;;;;-33.0;5.011872336272725e-07;0.1;5.011872336272725e-08;1.2361145321196453e-05;;;;ROUGE;False
1787671597.454228;34.96415287899981;Simulation LoRa;LoRa;868 MHz;LoRa 868.100 MHz;-87.44251627053244;;;;-87.44251627053244;1.8019733881137082e-12;0.046335999999999995;8.349623891163677e-14;2.751285349418328e-12;13;"SNR=6.97;SF=7;BW=125.0;CR=4/5;F=868.100;CRC=OK;PAYLOAD=54454d504f5f4c4f52415f3334";7;VERT;True
1787671597.4543245;34.96424753199972;BLE Sniffer;Appareil BLE;2,4 GHz BLE;62:ae:f9:af:07:b9;-70.0;;;;-70.0;1e-10;0.00028;2.7999999999999997e-14;4.297424252319422e-12;25;0x00;37;ORANGE;False
1787671597.4559667;34.96589207500074;BLE Sniffer;Appareil BLE;2,4 GHz BLE;62:ae:f9:af:07:b9;-70.0;;;;-70.0;1e-10;0.00028;2.7999999999999997e-14;4.325424252319422e-12;25;0x00;38;ORANGE;False
1787671597.4560547;34.96597776499948;BLE Sniffer;Appareil BLE;2,4 GHz BLE;62:ae:f9:af:07:b9;-80.0;;;;-80.0;1e-11;0.00028;2.7999999999999997e-15;4.328224252319422e-12;25;0x00;39;VERT;False
1787671597.456095;34.966017951999675;BLE Sniffer;Appareil BLE;2,4 GHz BLE;44:52:00:58:f1:a9;-87.0;;;;-87.0;1.9952623149688827e-12;0.00019999999999999998;3.9905246299377653e-16;1.9603662069730978e-14;15;0x00;37;VERT;False
1787671597.4642656;34.96200481100095;Simulation RF;Détection RF large bande;868 MHz;868 MHz;;2675;2.1556401881110823;-42.22560752444329;-75.22560752444329;3.0021974210754084e-11;0.1;3.0021974210754085e-12;4.001915757739435e-09;;;;VERT;True
1787671597.4773867;34.96200481100095;Simulation RF;Détection RF large bande;2,45 GHz;2,45 GHz;;3108;2.50486500058231;-56.19460002329238;-72.89460002329238;5.134994676200089e-11;0.1;5.134994676200089e-12;1.4881570635056451e-08;;;;VERT;True
1787671597.4992044;35.009129379001024;Wi-Fi;Wi-Fi;2,4/5 GHz;wlan0;-33.0;;;;-33.0;5.011872336272725e-07;0.1;5.011872336272725e-08;1.241126404455918e-05;;;;ROUGE;False
1787671597.5523386;35.06208177000008;Simulation RF;Détection RF large bande;868 MHz;868 MHz;;2699;2.17506851527186;-43.00274061087438;-76.00274061087438;2.51030180819295e-11;0.1;2.5103018081929503e-12;4.004426059547628e-09;;;;VERT;True
1787671597.552505;35.06208177000008;Simulation RF;Détection RF large bande;2,45 GHz;2,45 GHz;;3006;2.4220193973720736;-52.88077589488293;-69.58077589488293;1.1013425300733635e-10;0.1;1.1013425300733636e-11;1.4892584060357185e-08;;;;ORANGE;True
1787671597.5610507;35.07097453899951;Wi-Fi;Wi-Fi;2,4/5 GHz;wlan0;-33.0;;;;-33.0;5.011872336272725e-07;0.1;5.011872336272725e-08;1.2461382767921908e-05;;;;ROUGE;False
1787671597.5689003;35.07882559000063;BLE Sniffer;iBeacon;2,4 GHz BLE;5e:ef:5d:3b:83:a3;-63.0;;;;-63.0;5.011872336272714e-10;0.000368;1.8443690197483588e-13;2.714877183344675e-11;36;0x00;38;ORANGE;False
1787671597.5689905;35.078913446001025;BLE Sniffer;Appareil BLE;2,4 GHz BLE;62:82:29:3f:d2:02;-87.0;;;;-87.0;1.9952623149688827e-12;0.000328;6.544460393097936e-16;4.426266451207191e-12;31;0x00;39;VERT;False
1787671597.5721948;35.08211995500096;BLE Sniffer;Appareil BLE;2,4 GHz BLE;62:ae:f9:af:07:b9;-75.0;;;;-75.0;3.1622776601683794e-11;0.00028;8.854377448471461e-15;4.337078629767893e-12;25;0x00;37;VERT;False
1787671597.6524565;35.16216763600096;Simulation RF;Détection RF large bande;868 MHz;868 MHz;;2607;2.1012440683379126;-40.0497627335165;-73.0497627335165;4.95477259289565e-11;0.1;4.9547725928956504e-12;4.009380832140523e-09;;;;VERT;True
1787671597.6526103;35.16216763600096;Simulation RF;Détection RF large bande;2,45 GHz;2,45 GHz;;3053;2.460617436208684;-54.424697448347345;-71.12469744834735;7.71845284385238e-11;0.1;7.718452843852381e-12;1.4900302513201038e-08;;;;VERT;True
1787671597.6612453;35.171169373999874;Wi-Fi;Wi-Fi;2,4/5 GHz;wlan0;-33.0;;;;-33.0;5.011872336272725e-07;0.1;5.011872336272725e-08;1.2511501491284635e-05;;;;ROUGE;False
1787671597.7525594;35.26225555900055;Simulation RF;Détection RF large bande;868 MHz;868 MHz;;2707;2.1811463663674897;-43.245854654699585;-76.24585465469958;2.3736382648949375e-11;0.1;2.3736382648949377e-12;4.011754470405418e-09;;;;VERT;True
1787671597.752762;35.26225555900055;Simulation RF;Détection RF large bande;2,45 GHz;2,45 GHz;;3043;2.45218789889951;-54.08751595598039;-70.7875159559804;8.341581635381044e-11;0.1;8.341581635381044e-12;1.490864409483642e-08;;;;VERT;True
1787671597.7613206;35.271244499001114;Wi-Fi;Wi-Fi;2,4/5 GHz;wlan0;-33.0;;;;-33.0;5.011872336272725e-07;0.1;5.011872336272725e-08;1.2561620214647363e-05;;;;ROUGE;False
1787671597.8009007;35.31082604999938;BLE Sniffer;iBeacon;2,4 GHz BLE;5e:ef:5d:3b:83:a3;-63.0;;;;-63.0;5.011872336272714e-10;0.000368;1.8443690197483588e-13;2.7333208735421588e-11;36;0x00;38;ORANGE;False
1787671597.800992;35.31091505400036;BLE Sniffer;iBeacon;2,4 GHz BLE;5e:ef:5d:3b:83:a3;-68.0;;;;-68.0;1.584893192461111e-10;0.000368;5.832406948256888e-14;2.7391532804904158e-11;36;0x00;39;ORANGE;False
1787671597.8525767;35.3623325919998;Simulation RF;Détection RF large bande;868 MHz;868 MHz;;2701;2.1764112912705835;-43.056451650823334;-76.05645165082333;2.4794470317126857e-11;0.1;2.479447031712686e-12;4.014233917437131e-09;;;;VERT;True
1787671597.8527176;35.3623325919998;Simulation RF;Détection RF large bande;2,45 GHz;2,45 GHz;;3010;2.425613481178431;-53.02453924713724;-69.72453924713724;1.0654818970617358e-10;0.1;1.0654818970617359e-11;1.4919298913807038e-08;;;;ORANGE;True
1787671597.86129;35.37121413800014;Wi-Fi;Wi-Fi;2,4/5 GHz;wlan0;-33.0;;;;-33.0;5.011872336272725e-07;0.1;5.011872336272725e-08;1.261173893801009e-05;;;;ROUGE;False
1787671597.9047732;35.41469852800037;BLE Sniffer;Appareil BLE;2,4 GHz BLE;62:ae:f9:af:07:b9;-75.0;;;;-75.0;3.1622776601683794e-11;0.00028;8.854377448471461e-15;4.3459330072163644e-12;25;0x00;37;VERT;False
1787671597.9096837;35.41960980600015;BLE Sniffer;Appareil BLE;2,4 GHz BLE;Appareil BLE;-75.0;;;;-75.0;3.1622776601683794e-11;0.00028;8.854377448471461e-15;3.5960945731020436e-14;25;0x0c;38;VERT;False
1787671597.911362;35.42128775799938;BLE Sniffer;Appareil BLE;2,4 GHz BLE;62:ae:f9:af:07:b9;-75.0;;;;-75.0;3.1622776601683794e-11;0.00028;8.854377448471461e-15;4.3547873846648356e-12;25;0x00;39;VERT;False
1787671597.9526744;35.46241908800039;Simulation RF;Détection RF large bande;868 MHz;868 MHz;;2682;2.1612531780336353;-42.4501271213454;-75.4501271213454;2.8509348172210175e-11;0.1;2.8509348172210176e-12;4.017084852254352e-09;;;;VERT;True
1787671597.9528298;35.46241908800039;Simulation RF;Détection RF large bande;2,45 GHz;2,45 GHz;;3112;2.5076592067265726;-56.3063682690629;-73.0063682690629;5.004528572161586e-11;0.1;5.004528572161586e-12;1.49243034423792e-08;;;;VERT;True
1787671597.9613438;35.47126798499994;Wi-Fi;Wi-Fi;2,4/5 GHz;wlan0;-33.0;;;;-33.0;5.011872336272725e-07;0.1;5.011872336272725e-08;1.2661857661372818e-05;;;;ROUGE;False
1787671598.0528517;35.56261039200035;Simulation RF;Détection RF large bande;868 MHz;868 MHz;;2641;2.12846990671423;-41.138796268569195;-74.1387962685692;3.8558521528089655e-11;0.1;3.855852152808966e-12;4.020940704407161e-09;;;;VERT;True
1787671598.052993;35.56261039200035;Simulation RF;Détection RF large bande;2,45 GHz;2,45 GHz;;3060;2.4656012199337427;-54.6240487973497;-71.3240487973497;7.372166246881185e-11;0.1;7.372166246881185e-12;1.493167560862608e-08;;;;VERT;True
1787671598.061557;35.57148138000048;Wi-Fi;Wi-Fi;2,4/5 GHz;wlan0;-33.0;;;;-33.0;5.011872336272725e-07;0.1;5.011872336272725e-08;1.2711976384735545e-05;;;;ROUGE;False
1787671598.1210968;35.63102163499934;BLE Sniffer;iBeacon;2,4 GHz BLE;5e:ef:5d:3b:83:a3;-65.0;;;;-65.0;3.1622776601683795e-10;0.000368;1.1637181789419636e-13;2.7507904622798354e-11;36;0x00;37;ORANGE;False
1787671598.1257563;35.63568137999937;BLE Sniffer;iBeacon;2,4 GHz BLE;5e:ef:5d:3b:83:a3;-64.0;;;;-64.0;3.9810717055349694e-10;0.000368;1.4650343876368688e-13;2.765440806156204e-11;36;0x00;38;ORANGE;False
1787671598.1258473;35.6357704029997;BLE Sniffer;iBeacon;2,4 GHz BLE;5e:ef:5d:3b:83:a3;-69.0;;;;-69.0;1.2589254117941662e-10;0.000368;4.6328455154025316e-14;2.7700736516716064e-11;36;0x00;39;ORANGE;False
1787671598.15293;35.662688714999604;Simulation RF;Détection RF large bande;868 MHz;868 MHz;;2651;2.1361387088782084;-41.44554835512834;-74.44554835512834;3.5929002869831096e-11;0.1;3.5929002869831098e-12;4.024533604694144e-09;;;;VERT;True
1787671598.1530788;35.662688714999604;Simulation RF;Détection RF large bande;2,45 GHz;2,45 GHz;;3013;2.427724895508941;-53.10899582035765;-69.80899582035765;1.0449618083071378e-10;0.1;1.0449618083071378e-11;1.4942125226709152e-08;;;;ORANGE;True
1787671598.161623;35.671547703001124;Wi-Fi;Wi-Fi;2,4/5 GHz;wlan0;-33.0;;;;-33.0;5.011872336272725e-07;0.1;5.011872336272725e-08;1.2762095108098273e-05;;;;ROUGE;False
1787671598.2341044;35.74402932799967;BLE Sniffer;Appareil BLE;2,4 GHz BLE;62:ae:f9:af:07:b9;-71.0;;;;-71.0;7.943282347242822e-11;0.00028;2.22411905722799e-14;4.377028575237116e-12;25;0x00;37;VERT;False
1787671598.2386873;35.74861203299952;BLE Sniffer;Appareil BLE;2,4 GHz BLE;44:52:00:58:f1:a9;-87.0;;;;-87.0;1.9952623149688827e-12;0.00019999999999999998;3.9905246299377653e-16;2.0002714532724756e-14;15;0x00;38;VERT;False
1787671598.252992;35.76276426000004;Simulation RF;Détection RF large bande;868 MHz;868 MHz;;2632;2.121245274660196;-40.84981098640783;-73.84981098640783;4.121154547908952e-11;0.1;4.121154547908952e-12;4.028654759242053e-09;;;;VERT;True
1787671598.2531266;35.76276426000004;Simulation RF;Détection RF large bande;2,45 GHz;2,45 GHz;;3017;2.4313095213298817;-53.25238085319526;-69.95238085319527;1.0110250465401903e-10;0.1;1.0110250465401903e-11;1.4952235477174554e-08;;;;ORANGE;True
1787671598.2616382;35.77156146699963;Wi-Fi;Wi-Fi;2,4/5 GHz;wlan0;-33.0;;;;-33.0;5.011872336272725e-07;0.1;5.011872336272725e-08;1.2812213831461e-05;;;;ROUGE;False
1787671598.342874;35.852802815999894;BLE Sniffer;Appareil BLE;2,4 GHz BLE;Appareil BLE;-87.0;;;;-87.0;1.9952623149688827e-12;0.000136;2.7135567483576806e-16;3.6232301405856203e-14;7;0x07;39;VERT;False
1787671598.3532667;35.8628721770001;Simulation RF;Détection RF large bande;868 MHz;868 MHz;;2657;2.141384840899702;-41.65539363598806;-74.65539363598806;3.423423569813815e-11;0.1;3.4234235698138155e-12;4.032078182811866e-09;;;;VERT;True
1787671598.3534803;35.8628721770001;Simulation RF;Détection RF large bande;2,45 GHz;2,45 GHz;;3021;2.434672872574727;-53.386914902989076;-70.08691490298908;9.801860327479668e-11;0.1;9.801860327479669e-12;1.4962037337502035e-08;;;;VERT;True
1787671598.3630881;35.87301213399951;Wi-Fi;Wi-Fi;2,4/5 GHz;wlan0;-33.0;;;;-33.0;5.011872336272725e-07;0.1;5.011872336272725e-08;1.2862332554823727e-05;;;;ROUGE;False
1787671598.4543447;35.96426976800103;BLE Sniffer;iBeacon;2,4 GHz BLE;5e:ef:5d:3b:83:a3;-66.0;;;;-66.0;2.511886431509582e-10;0.000368;9.243742067955262e-14;2.7793173937395616e-11;36;0x00;37;ORANGE;False
1787671598.456107;35.96603155699995;Simulation LoRa;LoRa;868 MHz;LoRa 868.100 MHz;-86.08886211997012;;;;-86.08886211997012;2.4610123210548933e-12;0.046335999999999995;1.1403346690839952e-13;2.8653188163267272e-12;13;"SNR=6.09;SF=7;BW=125.0;CR=4/5;F=868.100;CRC=OK;PAYLOAD=54454d504f5f4c4f52415f3335";7;VERT;True
1787671598.4599438;35.96298194600058;Simulation RF;Détection RF large bande;868 MHz;868 MHz;;2648;2.133635932157085;-41.345437286283385;-74.34543728628338;3.676683713950192e-11;0.1;3.676683713950192e-12;4.0357548665258164e-09;;;;VERT;True
1787671598.4600966;35.96298194600058;Simulation RF;Détection RF large bande;2,45 GHz;2,45 GHz;;2998;2.4157314482037666;-52.629257928150665;-69.32925792815067;1.1670090049381752e-10;0.1;1.1670090049381752e-11;1.4973707427551416e-08;;;;ORANGE;True
1787671598.4686377;35.97856157500064;Wi-Fi;Wi-Fi;2,4/5 GHz;wlan0;-33.0;;;;-33.0;5.011872336272725e-07;0.1;5.011872336272725e-08;1.2912451278186455e-05;;;;ROUGE;False
1787671598.5534725;36.06307739899967;Simulation RF;Détection RF large bande;868 MHz;868 MHz;;2679;2.158684348843852;-42.34737395375409;-75.34737395375409;2.919191626567244e-11;0.1;2.9191916265672443e-12;4.038674058152384e-09;;;;VERT;True
1787671598.5557241;36.06307739899967;Simulation RF;Détection RF large bande;2,45 GHz;2,45 GHz;;3070;2.4743725142782163;-54.97490057112864;-71.67490057112865;6.800016130157565e-11;0.1;6.800016130157565e-12;1.4980507443681574e-08;;;;VERT;True
1787671598.5703588;36.080285960000765;Wi-Fi;Wi-Fi;2,4/5 GHz;wlan0;-33.0;;;;-33.0;5.011872336272725e-07;0.1;5.011872336272725e-08;1.2962570001549182e-05;;;;ROUGE;False
1787671598.6534193;36.16316372199981;Simulation RF;Détection RF large bande;868 MHz;868 MHz;;2577;2.076665709234358;-39.06662836937433;-72.06662836937433;6.21351230971462e-11;0.1;6.21351230971462e-12;4.044887570462098e-09;;;;VERT;True
1787671598.6535535;36.16316372199981;Simulation RF;Détection RF large bande;2,45 GHz;2,45 GHz;;3069;2.4728110678590327;-54.912442714361305;-71.61244271436131;6.898516836420831e-11;0.1;6.898516836420831e-12;1.4987405960517995e-08;;;;VERT;True
1787671598.662153;36.17207693400087;Wi-Fi;Wi-Fi;2,4/5 GHz;wlan0;-33.0;;;;-33.0;5.011872336272725e-07;0.1;5.011872336272725e-08;1.301268872491191e-05;;;;ROUGE;False
1787671598.671585;36.181510061000154;BLE Sniffer;iBeacon;2,4 GHz BLE;5e:ef:5d:3b:83:a3;-63.0;;;;-63.0;5.011872336272714e-10;0.000368;1.8443690197483588e-13;2.7977610839370453e-11;36;0x00;38;ORANGE;False
1787671598.671675;36.18159775000095;BLE Sniffer;iBeacon;2,4 GHz BLE;5e:ef:5d:3b:83:a3;-68.0;;;;-68.0;1.584893192461111e-10;0.000368;5.832406948256888e-14;2.8035934908853023e-11;36;0x00;39;ORANGE;False
1787671598.7560844;36.26329684399934;Simulation RF;Détection RF large bande;868 MHz;868 MHz;;2605;2.0993909886279165;-39.97563954511665;-72.97563954511665;5.040063933006345e-11;0.1;5.040063933006346e-12;4.0499276343951045e-09;;;;VERT;True
1787671598.7582576;36.26329684399934;Simulation RF;Détection RF large bande;2,45 GHz;2,45 GHz;;3100;2.4981420656368183;-55.92568262547272;-72.62568262547272;5.463006754161106e-11;0.1;5.4630067541611065e-12;1.4992868967272158e-08;;;;VERT;True
1787671598.7711482;36.281074746999366;Wi-Fi;Wi-Fi;2,4/5 GHz;wlan0;-33.0;;;;-33.0;5.011872336272725e-07;0.1;5.011872336272725e-08;1.3062807448274637e-05;;;;ROUGE;False
1787671598.7805123;36.290437888999804;BLE Sniffer;Appareil BLE;2,4 GHz BLE;62:ae:f9:af:07:b9;-72.0;;;;-72.0;6.309573444801942e-11;0.00028;1.7666805645445437e-14;4.394695380882561e-12;25;0x00;37;VERT;False
1787671598.780799;36.29072242099937;BLE Sniffer;Appareil BLE;2,4 GHz BLE;44:52:00:58:f1:a9;-87.0;;;;-87.0;1.9952623149688827e-12;0.00019999999999999998;3.9905246299377653e-16;2.0401766995718534e-14;15;0x00;38;VERT;False
1787671598.7856317;36.295556823999505;BLE Sniffer;Appareil BLE;2,4 GHz BLE;28:d9:3c:c9:ae:b4;-87.0;;;;-87.0;1.9952623149688827e-12;0.000376;7.502186304282998e-16;7.502186304282998e-16;37;0x02;39;VERT;False
1787671598.8536189;36.36338342599993;Simulation RF;Détection RF large bande;868 MHz;868 MHz;;2598;2.0934433488679556;-39.73773395471822;-72.73773395471822;5.323859731428178e-11;0.1;5.323859731428178e-12;4.055251494126533e-09;;;;VERT;True
1787671598.8537707;36.36338342599993;Simulation RF;Détection RF large bande;2,45 GHz;2,45 GHz;;2995;2.413572882599201;-52.54291530396803;-69.24291530396803;1.190442627112346e-10;0.1;1.190442627112346e-11;1.500477339354328e-08;;;;ORANGE;True
1787671598.862307;36.372231469000326;Wi-Fi;Wi-Fi;2,4/5 GHz;wlan0;-33.0;;;;-33.0;5.011872336272725e-07;0.1;5.011872336272725e-08;1.3112926171637365e-05;;;;ROUGE;False
1787671598.9537122;36.46346008200089;Simulation RF;Détection RF large bande;868 MHz;868 MHz;;2633;2.1216399563142283;-40.86559825256913;-73.86559825256913;4.106200719367567e-11;0.1;4.106200719367567e-12;4.0593576948459005e-09;;;;VERT;True
1787671598.953862;36.46346008200089;Simulation RF;Détection RF large bande;2,45 GHz;2,45 GHz;;3046;2.454912968076423;-54.19651872305691;-70.89651872305691;8.134823371486214e-11;0.1;8.134823371486215e-12;1.501290821691477e-08;;;;VERT;True
1787671598.9706447;36.48056899000039;Wi-Fi;Wi-Fi;2,4/5 GHz;wlan0;-33.0;;;;-33.0;5.011872336272725e-07;0.1;5.011872336272725e-08;1.3163044895000092e-05;;;;ROUGE;False
1787671598.9968672;36.506791805999455;BLE Sniffer;iBeacon;2,4 GHz BLE;5e:ef:5d:3b:83:a3;-65.0;;;;-65.0;3.1622776601683795e-10;0.000368;1.1637181789419636e-13;2.815230672674722e-11;36;0x00;37;ORANGE;False
1787671598.996956;36.506879365000714;BLE Sniffer;iBeacon;2,4 GHz BLE;5e:ef:5d:3b:83:a3;-63.0;;;;-63.0;5.011872336272714e-10;0.000368;1.8443690197483588e-13;2.8336743628722057e-11;36;0x00;38;ORANGE;False
1787671599.0002007;36.510126227;BLE Sniffer;iBeacon;2,4 GHz BLE;5e:ef:5d:3b:83:a3;-68.0;;;;-68.0;1.584893192461111e-10;0.000368;5.832406948256888e-14;2.8395067698204627e-11;36;0x00;39;ORANGE;False
1787671599.00379;36.51371464300064;BLE Sniffer;Appareil BLE;2,4 GHz BLE;62:ae:f9:af:07:b9;-72.0;;;;-72.0;6.309573444801942e-11;0.00028;1.7666805645445437e-14;4.412362186528007e-12;25;0x00;37;VERT;False
1787671599.053778;36.563538226000674;Simulation RF;Détection RF large bande;868 MHz;868 MHz;;2584;2.08274606222129;-39.3098424888516;-72.3098424888516;5.875106601458125e-11;0.1;5.875106601458126e-12;4.0652328014473585e-09;;;;VERT;True
1787671599.053935;36.563538226000674;Simulation RF;Détection RF large bande;2,45 GHz;2,45 GHz;;3086;2.4872382530172015;-55.489530120688045;-72.18953012068805;6.040139763541948e-11;0.1;6.040139763541949e-12;1.5018948356678312e-08;;;;VERT;True
1787671599.0625608;36.57248458600043;Wi-Fi;Wi-Fi;2,4/5 GHz;wlan0;-33.0;;;;-33.0;5.011872336272725e-07;0.1;5.011872336272725e-08;1.321316361836282e-05;;;;ROUGE;False
1787671599.1095443;36.61946840100063;BLE Sniffer;Appareil BLE;2,4 GHz BLE;44:52:00:58:f1:a9;-87.0;;;;-87.0;1.9952623149688827e-12;0.00019999999999999998;3.9905246299377653e-16;2.0800819458712312e-14;15;0x00;38;VERT;False
1787671599.1127963;36.622721633000765;BLE Sniffer;Appareil BLE;2,4 GHz BLE;44:52:00:58:f1:b9;-87.0;;;;-87.0;1.9952623149688827e-12;0.00019999999999999998;3.9905246299377653e-16;3.9905246299377653e-16;15;0x00;39;VERT;False
1787671599.153845;36.663617116999376;Simulation RF;Détection RF large bande;868 MHz;868 MHz;;2558;2.061108269209157;-38.444330768366285;-71.44433076836629;7.170788662516766e-11;0.1;7.170788662516766e-12;4.072403590109875e-09;;;;VERT;True
1787671599.1539965;36.663617116999376;Simulation RF;Détection RF large bande;2,45 GHz;2,45 GHz;;2977;2.3992818953271575;-51.971275813086294;-68.6712758130863;1.3579144777709777e-10;0.1;1.3579144777709777e-11;1.5032527501456023e-08;;;;ORANGE;True
1787671599.1625307;36.67245497099975;Wi-Fi;Wi-Fi;2,4/5 GHz;wlan0;-33.0;;;;-33.0;5.011872336272725e-07;0.1;5.011872336272725e-08;1.3263282341725547e-05;;;;ROUGE;False
1787671599.223138;36.73306344699995;BLE Sniffer;iBeacon;2,4 GHz BLE;5e:ef:5d:3b:83:a3;-65.0;;;;-65.0;3.1622776601683795e-10;0.000368;1.1637181789419636e-13;2.8511439516098823e-11;36;0x00;37;ORANGE;False
1787671599.2539318;36.76369587699992;Simulation RF;Détection RF large bande;868 MHz;868 MHz;;2568;2.0692269193568973;-38.76907677427589;-71.76907677427589;6.654145953875454e-11;0.1;6.654145953875454e-12;4.07905773606375e-09;;;;VERT;True
1787671599.2540717;36.76369587699992;Simulation RF;Détection RF large bande;2,45 GHz;2,45 GHz;;3021;2.434812529444335;-53.3925011777734;-70.0925011777734;9.789260424266204e-11;0.1;9.789260424266205e-12;1.504231676188029e-08;;;;VERT;True
1787671599.2626092;36.7725343430011;Wi-Fi;Wi-Fi;2,4/5 GHz;wlan0;-33.0;;;;-33.0;5.011872336272725e-07;0.1;5.011872336272725e-08;1.3313401065088275e-05;;;;ROUGE;False
1787671599.3255382;36.835462339000514;BLE Sniffer;iBeacon;2,4 GHz BLE;5e:ef:5d:3b:83:a3;-63.0;;;;-63.0;5.011872336272714e-10;0.000368;1.8443690197483588e-13;2.869587641807366e-11;36;0x00;38;ORANGE;False
1787671599.3304434;36.840368485;BLE Sniffer;iBeacon;2,4 GHz BLE;5e:ef:5d:3b:83:a3;-68.0;;;;-68.0;1.584893192461111e-10;0.000368;5.832406948256888e-14;2.875420048755623e-11;36;0x00;39;ORANGE;False
1787671599.3305352;36.84045815600075;BLE Sniffer;Appareil BLE;2,4 GHz BLE;62:ae:f9:af:07:b9;-72.0;;;;-72.0;6.309573444801942e-11;0.00028;1.7666805645445437e-14;4.430028992173452e-12;25;0x00;37;VERT;False
1787671599.354003;36.863778767999975;Simulation RF;Détection RF large bande;868 MHz;868 MHz;;2671;2.152369571597337;-42.094782863893485;-75.09478286389349;3.0940100041523845e-11;0.1;3.0940100041523845e-12;4.082151746067903e-09;;;;VERT;True
1787671599.3541534;36.863778767999975;Simulation RF;Détection RF large bande;2,45 GHz;2,45 GHz;;3071;2.4747854094394244;-54.99141637757697;-71.69141637757697;6.774205423939853e-11;0.1;6.774205423939853e-12;1.504909096730423e-08;;;;VERT;True
1787671599.3627667;36.87269086699962;Wi-Fi;Wi-Fi;2,4/5 GHz;wlan0;-33.0;;;;-33.0;5.011872336272725e-07;0.1;5.011872336272725e-08;1.3363519788451002e-05;;;;ROUGE;False
1787671599.440942;36.950868436000746;Simulation LoRa;LoRa;868 MHz;LoRa 868.100 MHz;-89.97716902406783;;;;-89.97716902406783;1.0052708688937274e-12;0.046335999999999995;4.6580230981059745e-14;2.911899047307787e-12;13;"SNR=7.40;SF=7;BW=125.0;CR=4/5;F=868.100;CRC=OK;PAYLOAD=54454d504f5f4c4f52415f3336";7;VERT;True
1787671599.4540987;36.963863250999566;Simulation RF;Détection RF large bande;868 MHz;868 MHz;;2531;2.039340207370899;-37.57360829483595;-70.57360829483595;8.762724758752341e-11;0.1;8.762724758752341e-12;4.090914470826655e-09;;;;VERT;True
1787671599.4542477;36.963863250999566;Simulation RF;Détection RF large bande;2,45 GHz;2,45 GHz;;3068;2.472419686337776;-54.896787453511024;-71.59678745351103;6.923429187967081e-11;0.1;6.923429187967081e-12;1.50560143964922e-08;;;;VERT;True
1787671599.462778;36.97270205099994;Wi-Fi;Wi-Fi;2,4/5 GHz;wlan0;-33.0;;;;-33.0;5.011872336272725e-07;0.1;5.011872336272725e-08;1.341363851181373e-05;;;;ROUGE;False
1787671599.548021;37.05794640699969;BLE Sniffer;iBeacon;2,4 GHz BLE;5e:ef:5d:3b:83:a3;-64.0;;;;-64.0;3.9810717055349694e-10;0.000368;1.4650343876368688e-13;2.8900703926319915e-11;36;0x00;38;ORANGE;False
1787671599.5481153;37.05803820800065;BLE Sniffer;iBeacon;2,4 GHz BLE;5e:ef:5d:3b:83:a3;-69.0;;;;-69.0;1.2589254117941662e-10;0.000368;4.6328455154025316e-14;2.894703238147394e-11;36;0x00;39;ORANGE;False
1787671599.5541697;37.063948494000215;Simulation RF;Détection RF large bande;868 MHz;868 MHz;;2536;2.0436981945552946;-37.747927782211775;-70.74792778221178;8.417967055800357e-11;0.1;8.417967055800358e-12;4.099332437882455e-09;;;;VERT;True
1787671599.5543246;37.063948494000215;Simulation RF;Détection RF large bande;2,45 GHz;2,45 GHz;;3001;2.4181954608526772;-52.72781843410708;-69.42781843410708;1.1408227064048132e-10;0.1;1.1408227064048133e-11;1.506742262355625e-08;;;;ORANGE;True
1787671599.5629194;37.07284344400068;Wi-Fi;Wi-Fi;2,4/5 GHz;wlan0;-33.0;;;;-33.0;5.011872336272725e-07;0.1;5.011872336272725e-08;1.3463757235176457e-05;;;;ROUGE;False
1787671599.657555;37.16406262700002;Simulation RF;Détection RF large bande;868 MHz;868 MHz;;2561;2.0640192594183477;-38.5607703767339;-71.5607703767339;6.98108558549287e-11;0.1;6.98108558549287e-12;4.106313523467948e-09;;;;VERT;True
1787671599.6577036;37.16406262700002;Simulation RF;Détection RF large bande;2,45 GHz;2,45 GHz;;3077;2.479369810105117;-55.174792404204666;-71.87479240420467;6.494126732136087e-11;0.1;6.494126732136087e-12;1.5073916750288384e-08;;;;VERT;True
1787671599.666305;37.176228939000794;Wi-Fi;Wi-Fi;2,4/5 GHz;wlan0;-33.0;;;;-33.0;5.011872336272725e-07;0.1;5.011872336272725e-08;1.3513875958539184e-05;;;;ROUGE;False
1787671599.7544026;37.264143055001114;Simulation RF;Détection RF large bande;868 MHz;868 MHz;;2603;2.0978446959895356;-39.91378783958142;-72.91378783958142;5.112357502645485e-11;0.1;5.112357502645485e-12;4.111425880970594e-09;;;;VERT;True
1787671599.7545445;37.264143055001114;Simulation RF;Détection RF large bande;2,45 GHz;2,45 GHz;;3045;2.454204406837327;-54.168176273493074;-70.86817627349308;8.188085570380573e-11;0.1;8.188085570380573e-12;1.5082104835858765e-08;;;;VERT;True
1787671599.763847;37.273772002999976;BLE Sniffer;Appareil BLE;2,4 GHz BLE;44:54:00:5a:f1:a9;-87.0;;;;-87.0;1.9952623149688827e-12;0.00019999999999999998;3.9905246299377653e-16;3.9905246299377653e-16;15;0x00;37;VERT;False
1787671599.7639313;37.27385452599992;BLE Sniffer;Appareil BLE;2,4 GHz BLE;62:82:29:3f:d2:02;-94.0;;;;-94.0;3.981071705534969e-13;0.000328;1.30579151941547e-16;4.4263970303591324e-12;31;0x00;38;VERT;False
1787671599.7714689;37.28139418799947;Wi-Fi;Wi-Fi;2,4/5 GHz;wlan0;-33.0;;;;-33.0;5.011872336272725e-07;0.1;5.011872336272725e-08;1.3563994681901912e-05;;;;ROUGE;False
1787671599.8546681;37.3642488910009;Simulation RF;Détection RF large bande;868 MHz;868 MHz;;2571;2.0716400912789013;-38.86560365115605;-71.86560365115605;6.507881477243579e-11;0.1;6.50788147724358e-12;4.117933762447838e-09;;;;VERT;True
1787671599.8548987;37.3642488910009;Simulation RF;Détection RF large bande;2,45 GHz;2,45 GHz;;3033;2.444425793323698;-53.77703173294792;-70.47703173294792;8.959769285569782e-11;0.1;8.959769285569782e-12;1.5091064605144336e-08;;;;VERT;True
1787671599.8634593;37.37338355599968;Wi-Fi;Wi-Fi;2,4/5 GHz;wlan0;-33.0;;;;-33.0;5.011872336272725e-07;0.1;5.011872336272725e-08;1.361411340526464e-05;;;;ROUGE;False
1787671599.8730333;37.38295857599951;BLE Sniffer;Appareil BLE;2,4 GHz BLE;62:ae:f9:af:07:b9;-77.0;;;;-77.0;1.9952623149688828e-11;0.00028;5.586734481912872e-15;4.435615726655365e-12;25;0x00;39;VERT;False
1787671599.873124;37.383046969000134;BLE Sniffer;iBeacon;2,4 GHz BLE;5e:ef:5d:3b:83:a3;-65.0;;;;-65.0;3.1622776601683795e-10;0.000368;1.1637181789419636e-13;2.9063404199368136e-11;36;0x00;37;ORANGE;False
1787671599.8731656;37.383088434000456;BLE Sniffer;iBeacon;2,4 GHz BLE;5e:ef:5d:3b:83:a3;-63.0;;;;-63.0;5.011872336272714e-10;0.000368;1.8443690197483588e-13;2.924784110134297e-11;36;0x00;38;ORANGE;False
1787671599.8732023;37.38312543600114;BLE Sniffer;iBeacon;2,4 GHz BLE;5e:ef:5d:3b:83:a3;-69.0;;;;-69.0;1.2589254117941662e-10;0.000368;4.6328455154025316e-14;2.9294169556497e-11;36;0x00;39;ORANGE;False
1787671599.9545894;37.46433072599939;Simulation RF;Détection RF large bande;868 MHz;868 MHz;;2603;2.097884353662008;-39.91537414648032;-72.91537414648032;5.1104905005525086e-11;0.1;5.110490500552509e-12;4.12304425294839e-09;;;;VERT;True
1787671599.954735;37.46433072599939;Simulation RF;Détection RF large bande;2,45 GHz;2,45 GHz;;3046;2.454773495341307;-54.19093981365228;-70.89093981365228;8.145280010144891e-11;0.1;8.145280010144892e-12;1.509920988515448e-08;;;;VERT;True
1787671599.9632165;37.473140801001136;Wi-Fi;Wi-Fi;2,4/5 GHz;wlan0;-33.0;;;;-33.0;5.011872336272725e-07;0.1;5.011872336272725e-08;1.3664232128627367e-05;;;;ROUGE;False
1787671599.985778;37.49570219199995;BLE Sniffer;Appareil BLE;2,4 GHz BLE;d3:23:2f:4d:3e:b1;-80.0;;;;-80.0;1e-11;0.000376;3.7599999999999996e-15;4.163272842053746e-13;37;0x00;37;VERT;False
1787671600.0548935;37.564451457999894;Simulation RF;Détection RF large bande;868 MHz;868 MHz;;2565;2.0667561302092867;-38.67024520837147;-71.67024520837147;6.807309226462472e-11;0.1;6.807309226462473e-12;4.129851562174852e-09;;;;VERT;True
1787671600.0551186;37.564451457999894;Simulation RF;Détection RF large bande;2,45 GHz;2,45 GHz;;3058;2.46447348273637;-54.57893930945478;-71.27893930945478;7.449138842612263e-11;0.1;7.449138842612264e-12;1.5106659023997093e-08;;;;VERT;True
1787671600.0639114;37.573835762999806;Wi-Fi;Wi-Fi;2,4/5 GHz;wlan0;-33.0;;;;-33.0;5.011872336272725e-07;0.1;5.011872336272725e-08;1.3714350851990094e-05;;;;ROUGE;False
1787671600.0980835;37.60800889299935;BLE Sniffer;iBeacon;2,4 GHz BLE;5e:ef:5d:3b:83:a3;-63.0;;;;-63.0;5.011872336272714e-10;0.000368;1.8443690197483588e-13;2.9478606458471835e-11;36;0x00;38;ORANGE;False
1787671600.0983953;37.60831909300032;BLE Sniffer;iBeacon;2,4 GHz BLE;5e:ef:5d:3b:83:a3;-69.0;;;;-69.0;1.2589254117941662e-10;0.000368;4.6328455154025316e-14;2.952493491362586e-11;36;0x00;39;ORANGE;False
1787671600.154791;37.66453775000082;Simulation RF;Détection RF large bande;868 MHz;868 MHz;;2635;2.1231943032192206;-40.92777212876882;-73.92777212876882;4.0478348683285186e-11;0.1;4.047834868328519e-12;4.133899397043181e-09;;;;VERT;True
1787671600.1549418;37.66453775000082;Simulation RF;Détection RF large bande;2,45 GHz;2,45 GHz;;3038;2.448422900692556;-53.93691602770224;-70.63691602770224;8.6359157584233e-11;0.1;8.6359157584233e-12;1.5115294939755518e-08;;;;VERT;True
1787671600.1635997;37.67352362800011;Wi-Fi;Wi-Fi;2,4/5 GHz;wlan0;-33.0;;;;-33.0;5.011872336272725e-07;0.1;5.011872336272725e-08;1.3764469575352822e-05;;;;ROUGE;False
1787671600.2548478;37.76462013499986;Simulation RF;Détection RF large bande;868 MHz;868 MHz;;2538;2.045517923832718;-37.82071695330872;-70.82071695330872;8.278054944926331e-11;0.1;8.27805494492633e-12;4.142177451988107e-09;;;;VERT;True
1787671600.2550774;37.76462013499986;Simulation RF;Détection RF large bande;2,45 GHz;2,45 GHz;;3062;2.4675517892554026;-54.70207157021609;-71.4020715702161;7.240904889353432e-11;0.1;7.240904889353432e-12;1.512253584464487e-08;;;;VERT;True
1787671600.2638566;37.773780743000316;Wi-Fi;Wi-Fi;2,4/5 GHz;wlan0;-33.0;;;;-33.0;5.011872336272725e-07;0.1;5.011872336272725e-08;1.381458829871555e-05;;;;ROUGE;False
1787671600.3549645;37.86470485300015;Simulation RF;Détection RF large bande;868 MHz;868 MHz;;2566;2.0681930956666514;-38.72772382666605;-71.72772382666605;6.717808465797218e-11;0.1;6.717808465797219e-12;4.148895260453905e-09;;;;VERT;True
1787671600.3551037;37.86470485300015;Simulation RF;Détection RF large bande;2,45 GHz;2,45 GHz;;3061;2.4670084025886183;-54.68033610354473;-71.38033610354474;7.277234833268439e-11;0.1;7.27723483326844e-12;1.5129813079478138e-08;;;;VERT;True
1787671600.3636618;37.873585559000276;Wi-Fi;Wi-Fi;2,4/5 GHz;wlan0;-33.0;;;;-33.0;5.011872336272725e-07;0.1;5.011872336272725e-08;1.3864707022078277e-05;;;;ROUGE;False
1787671600.4133575;37.923282678999385;BLE Sniffer;Appareil BLE;2,4 GHz BLE;62:ae:f9:af:07:b9;-73.0;;;;-73.0;5.011872336272715e-11;0.00028;1.40332425415636e-14;4.449648969196929e-12;25;0x00;37;VERT;False
1787671600.4134338;37.923356885999965;BLE Sniffer;Appareil BLE;2,4 GHz BLE;62:ae:f9:af:07:b9;-70.0;;;;-70.0;1e-10;0.00028;2.7999999999999997e-14;4.477648969196929e-12;25;0x00;38;ORANGE;False
1787671600.418305;37.928230325000186;Simulation LoRa;LoRa;868 MHz;LoRa 868.100 MHz;-90.01275231578987;;;;-90.01275231578987;9.970679775743415e-13;0.046335999999999995;4.620014180888468e-14;2.9580991891166716e-12;13;"SNR=5.60;SF=7;BW=125.0;CR=4/5;F=868.100;CRC=OK;PAYLOAD=54454d504f5f4c4f52415f3337";7;VERT;True
1787671600.4183946;37.9283177920006;BLE Sniffer;Appareil BLE;2,4 GHz BLE;62:ae:f9:af:07:b9;-82.0;;;;-82.0;6.309573444801943e-12;0.000216;1.3628678640772195e-15;4.479011837061007e-12;17;0x00;39;VERT;False
1787671600.4259832;37.9359096219996;BLE Sniffer;iBeacon;2,4 GHz BLE;5e:ef:5d:3b:83:a3;-65.0;;;;-65.0;3.1622776601683795e-10;0.000368;1.1637181789419636e-13;2.964130673152006e-11;36;0x00;37;ORANGE;False
1787671600.4686227;37.965357930999744;Simulation RF;Détection RF large bande;868 MHz;868 MHz;;2528;2.037076318045743;-37.48305272182971;-70.48305272182971;8.947356212096669e-11;0.1;8.94735621209667e-12;4.157842616666001e-09;;;;VERT;True
1787671600.4798646;37.965357930999744;Simulation RF;Détection RF large bande;2,45 GHz;2,45 GHz;;3047;2.455123230439259;-54.20492921757035;-70.90492921757036;8.119084815207159e-11;0.1;8.11908481520716e-12;1.5137932164293344e-08;;;;VERT;True
1787671600.4918578;38.00178196700108;Wi-Fi;Wi-Fi;2,4/5 GHz;wlan0;-33.0;;;;-33.0;5.011872336272725e-07;0.1;5.011872336272725e-08;1.3914825745441004e-05;;;;ROUGE;False
1787671600.5284977;38.03842240099948;BLE Sniffer;iBeacon;2,4 GHz BLE;5e:ef:5d:3b:83:a3;-63.0;;;;-63.0;5.011872336272714e-10;0.000368;1.8443690197483588e-13;2.9825743633494896e-11;36;0x00;38;ORANGE;False
1787671600.5285757;38.038498867999806;BLE Sniffer;iBeacon;2,4 GHz BLE;5e:ef:5d:3b:83:a3;-69.0;;;;-69.0;1.2589254117941662e-10;0.000368;4.6328455154025316e-14;2.9872072088648924e-11;36;0x00;39;ORANGE;False
1787671600.5336874;38.04361283700018;BLE Sniffer;Appareil BLE;2,4 GHz BLE;44:52:00:58:f1:a9;-87.0;;;;-87.0;1.9952623149688827e-12;0.00019999999999999998;3.9905246299377653e-16;2.119987192170609e-14;15;0x00;37;VERT;False
1787671600.555671;38.06543768600022;Simulation RF;Détection RF large bande;868 MHz;868 MHz;;2656;2.1404153419584233;-41.61661367833693;-74.61661367833693;3.4541296299625785e-11;0.1;3.4541296299625785e-12;4.161296746295964e-09;;;;VERT;True
1787671600.555821;38.06543768600022;Simulation RF;Détection RF large bande;2,45 GHz;2,45 GHz;;3005;2.4215100405975365;-52.86040162390145;-69.56040162390146;1.106521451106745e-10;0.1;1.1065214511067451e-11;1.514899737880441e-08;;;;ORANGE;True
1787671600.5643008;38.074225035999916;Wi-Fi;Wi-Fi;2,4/5 GHz;wlan0;-33.0;;;;-33.0;5.011872336272725e-07;0.1;5.011872336272725e-08;1.3964944468803732e-05;;;;ROUGE;False
1787671600.6447308;38.15465565700106;BLE Sniffer;Appareil BLE;2,4 GHz BLE;62:ae:f9:af:07:b9;-70.0;;;;-70.0;1e-10;0.00028;2.7999999999999997e-14;4.507011837061007e-12;25;0x00;38;ORANGE;False
1787671600.6557655;38.16551695899943;Simulation RF;Détection RF large bande;868 MHz;868 MHz;;2549;2.0541344059166127;-38.1653762366645;-71.1653762366645;7.646494426932235e-11;0.1;7.646494426932236e-12;4.1689432407228965e-09;;;;VERT;True
1787671600.655909;38.16551695899943;Simulation RF;Détection RF large bande;2,45 GHz;2,45 GHz;;3065;2.470061867577529;-54.80247470310117;-71.50247470310117;7.075424966047846e-11;0.1;7.075424966047846e-12;1.5156072803770458e-08;;;;VERT;True
1787671600.6644492;38.174373424000805;Wi-Fi;Wi-Fi;2,4/5 GHz;wlan0;-33.0;;;;-33.0;5.011872336272725e-07;0.1;5.011872336272725e-08;1.4015063192166459e-05;;;;ROUGE;False
1787671600.7471876;38.257112470999346;BLE Sniffer;iBeacon;2,4 GHz BLE;5e:ef:5d:3b:83:a3;-68.0;;;;-68.0;1.584893192461111e-10;0.000368;5.832406948256888e-14;2.9930396158131494e-11;36;0x00;39;ORANGE;False
1787671600.75223;38.262155696000264;BLE Sniffer;Appareil BLE;2,4 GHz BLE;44:52:00:58:f1:a9;-87.0;;;;-87.0;1.9952623149688827e-12;0.000184;3.671282659542744e-16;2.1567000187660364e-14;13;0x00;37;VERT;False
1787671600.756552;38.265791408999576;Simulation RF;Détection RF large bande;868 MHz;868 MHz;;2594;2.0907067939964876;-39.6282717598595;-72.6282717598595;5.459750842834384e-11;0.1;5.4597508428343845e-12;4.174402991565731e-09;;;;VERT;True
1787671600.7566943;38.265791408999576;Simulation RF;Détection RF large bande;2,45 GHz;2,45 GHz;;3062;2.4677767035024707;-54.71106814009882;-71.41106814009882;7.225920614223946e-11;0.1;7.225920614223946e-12;1.516329872438468e-08;;;;VERT;True
1787671600.765235;38.275159324000924;Wi-Fi;Wi-Fi;2,4/5 GHz;wlan0;-33.0;;;;-33.0;5.011872336272725e-07;0.1;5.011872336272725e-08;1.4065181915529187e-05;;;;ROUGE;False
1787671600.8561635;38.36587594100092;Simulation RF;Détection RF large bande;868 MHz;868 MHz;;2547;2.052803549350054;-38.11214197400216;-71.11214197400216;7.74079921428903e-11;0.1;7.740799214289031e-12;4.18214379078002e-09;;;;VERT;True
1787671600.856403;38.36587594100092;Simulation RF;Détection RF large bande;2,45 GHz;2,45 GHz;;3077;2.4799320057861536;-55.19728023144614;-71.89728023144615;6.460586965362191e-11;0.1;6.4605869653621914e-12;1.5169759311350044e-08;;;;VERT;True
1787671600.8761227;38.3860470260006;Wi-Fi;Wi-Fi;2,4/5 GHz;wlan0;-33.0;;;;-33.0;5.011872336272725e-07;0.1;5.011872336272725e-08;1.4115300638891914e-05;;;;ROUGE;False
1787671600.9562361;38.46596373400098;Simulation RF;Détection RF large bande;868 MHz;868 MHz;;2521;2.0314151451341544;-37.25660580536618;-70.25660580536618;9.426260107190147e-11;0.1;9.426260107190147e-12;4.191570050887211e-09;;;;VERT;True
1787671600.956419;38.46596373400098;Simulation RF;Détection RF large bande;2,45 GHz;2,45 GHz;;3031;2.4422642802467736;-53.69057120987094;-70.39057120987094;9.139930197792599e-11;0.1;9.1399301977926e-12;1.5178899241547837e-08;;;;VERT;True
1787671600.9650285;38.47495263000019;Wi-Fi;Wi-Fi;2,4/5 GHz;wlan0;-33.0;;;;-33.0;5.011872336272725e-07;0.1;5.011872336272725e-08;1.4165419362254641e-05;;;;ROUGE;False
1787671600.9695284;38.47945340300066;BLE Sniffer;iBeacon;2,4 GHz BLE;5e:ef:5d:3b:83:a3;-63.0;;;;-63.0;5.011872336272714e-10;0.000368;1.8443690197483588e-13;3.011483306010633e-11;36;0x00;38;ORANGE;False
1787671600.973201;38.48312617299962;BLE Sniffer;iBeacon;2,4 GHz BLE;5e:ef:5d:3b:83:a3;-69.0;;;;-69.0;1.2589254117941662e-10;0.000368;4.6328455154025316e-14;3.0161161515260355e-11;36;0x00;39;ORANGE;False
1787671601.0563054;38.56604564200097;Simulation RF;Détection RF large bande;868 MHz;868 MHz;;2516;2.027606077699601;-37.10424310798403;-70.10424310798403;9.762829149984634e-11;0.1;9.762829149984634e-12;4.2013328800371954e-09;;;;VERT;True
1787671601.0564826;38.56604564200097;Simulation RF;Détection RF large bande;2,45 GHz;2,45 GHz;;3001;2.4186924594630916;-52.74769837852365;-69.44769837852365;1.1356124944260923e-10;0.1;1.1356124944260925e-11;1.51902553664921e-08;;;;ORANGE;True
1787671601.06483;38.57475491200057;Wi-Fi;Wi-Fi;2,4/5 GHz;wlan0;-33.0;;;;-33.0;5.011872336272725e-07;0.1;5.011872336272725e-08;1.4215538085617369e-05;;;;ROUGE;False
1787671601.1564105;38.666127206000965;Simulation RF;Détection RF large bande;868 MHz;868 MHz;;2539;2.045729051877903;-37.829162075116116;-70.82916207511612;8.261973401654418e-11;0.1;8.261973401654419e-12;4.2095948534388496e-09;;;;VERT;True
1787671601.1565568;38.666127206000965;Simulation RF;Détection RF large bande;2,45 GHz;2,45 GHz;;3031;2.4423896410287966;-53.69558564115185;-70.39558564115185;9.129383183020635e-11;0.1;9.129383183020636e-12;1.519938474967512e-08;;;;VERT;True
1787671601.1650527;38.67497681600071;Wi-Fi;Wi-Fi;2,4/5 GHz;wlan0;-33.0;;;;-33.0;5.011872336272725e-07;0.1;5.011872336272725e-08;1.4265656808980096e-05;;;;ROUGE;False
1787671601.1848505;38.694774785000845;BLE Sniffer;Appareil BLE;2,4 GHz BLE;62:ae:f9:af:07:b9;-74.0;;;;-74.0;3.9810717055349695e-11;0.00028;1.1147000775497913e-14;4.518158837836505e-12;25;0x00;37;VERT;False
1787671601.2564857;38.766209048000746;Simulation RF;Détection RF large bande;868 MHz;868 MHz;;2499;2.0136915903717263;-36.54766361486905;-69.54766361486905;1.1097716814087806e-10;0.1;1.1097716814087806e-11;4.220692570252937e-09;;;;ORANGE;True
1787671601.2566388;38.766209048000746;Simulation RF;Détection RF large bande;2,45 GHz;2,45 GHz;;3070;2.4735944671588967;-54.943778686355856;-71.64377868635586;6.848920598906336e-11;0.1;6.848920598906336e-12;1.5206233670274025e-08;;;;VERT;True
1787671601.2663245;38.77624834400012;Wi-Fi;Wi-Fi;2,4/5 GHz;wlan0;-33.0;;;;-33.0;5.011872336272725e-07;0.1;5.011872336272725e-08;1.4315775532342824e-05;;;;ROUGE;False
1787671601.2926056;38.80252995800038;BLE Sniffer;iBeacon;2,4 GHz BLE;5e:ef:5d:3b:83:a3;-63.0;;;;-63.0;5.011872336272714e-10;0.000368;1.8443690197483588e-13;3.034559841723519e-11;36;0x00;38;ORANGE;False
1787671601.292671;38.802593923999666;BLE Sniffer;iBeacon;2,4 GHz BLE;5e:ef:5d:3b:83:a3;-69.0;;;;-69.0;1.2589254117941662e-10;0.000368;4.6328455154025316e-14;3.039192687238922e-11;36;0x00;39;ORANGE;False
1787671601.3565664;38.86629429700042;Simulation RF;Détection RF large bande;868 MHz;868 MHz;;2475;1.9942070383959178;-35.76828153583671;-68.7682815358367;1.32791979969519e-10;0.1;1.3279197996951902e-11;4.233971768249889e-09;;;;ORANGE;True
1787671601.356728;38.86629429700042;Simulation RF;Détection RF large bande;2,45 GHz;2,45 GHz;;3056;2.462714487953889;-54.50857951815556;-71.20857951815556;7.57080478922243e-11;0.1;7.57080478922243e-12;1.5213804475063246e-08;;;;VERT;True
1787671601.3654635;38.875387399999454;Wi-Fi;Wi-Fi;2,4/5 GHz;wlan0;-33.0;;;;-33.0;5.011872336272725e-07;0.1;5.011872336272725e-08;1.4365894255705551e-05;;;;ROUGE;False
1787671601.4055054;38.91543035900031;Simulation LoRa;LoRa;868 MHz;LoRa 868.100 MHz;-83.46099047380224;;;;-83.46099047380224;4.507139007435998e-12;0.046335999999999995;2.0884279304855437e-13;3.166941982165226e-12;13;"SNR=5.81;SF=7;BW=125.0;CR=4/5;F=868.100;CRC=OK;PAYLOAD=54454d504f5f4c4f52415f3338";7;VERT;True
1787671601.4566398;38.966379731000416;Simulation RF;Détection RF large bande;868 MHz;868 MHz;;2486;2.003096689171135;-36.123867566845405;-69.1238675668454;1.2235261147929366e-10;0.1;1.2235261147929367e-11;4.246207029397819e-09;;;;ORANGE;True
1787671601.4567971;38.966379731000416;Simulation RF;Détection RF large bande;2,45 GHz;2,45 GHz;;3050;2.4577254289196917;-54.30901715678766;-71.00901715678766;7.926807001774654e-11;0.1;7.926807001774654e-12;1.522173128206502e-08;;;;VERT;True
1787671601.4652848;38.975208988000304;Wi-Fi;Wi-Fi;2,4/5 GHz;wlan0;-33.0;;;;-33.0;5.011872336272725e-07;0.1;5.011872336272725e-08;1.4416012979068279e-05;;;;ROUGE;False
1787671601.509707;39.01963150899974;BLE Sniffer;Appareil BLE;2,4 GHz BLE;62:ae:f9:af:07:b9;-73.0;;;;-73.0;5.011872336272715e-11;0.00028;1.40332425415636e-14;4.532192080378069e-12;25;0x00;37;VERT;False
1787671601.514806;39.02473192099933;BLE Sniffer;Appareil BLE;2,4 GHz BLE;62:2e:f9:af:07:b9;-70.0;;;;-70.0;1e-10;0.00028;2.7999999999999997e-14;2.7999999999999997e-14;25;0x00;38;ORANGE;False
1787671601.5148997;39.02482259200042;BLE Sniffer;Appareil BLE;2,4 GHz BLE;62:ae:f9:af:07:b9;-88.0;;;;-88.0;1.584893192461111e-12;0.00028;4.4377009388911103e-16;4.532635850471958e-12;25;0x00;39;VERT;False
1787671601.558282;39.06650877799984;Simulation RF;Détection RF large bande;868 MHz;868 MHz;;2524;2.0336249261199266;-37.34499704479707;-70.34499704479707;9.236348169165383e-11;0.1;9.236348169165384e-12;4.255443377566984e-09;;;;VERT;True
1787671601.5585935;39.06650877799984;Simulation RF;Détection RF large bande;2,45 GHz;2,45 GHz;;3043;2.4524302516722725;-54.097210066890895;-70.7972100668909;8.322982726707685e-11;0.1;8.322982726707686e-12;1.523005426479173e-08;;;;VERT;True
1787671601.5682504;39.078174857000704;Wi-Fi;Wi-Fi;2,4/5 GHz;wlan0;-33.0;;;;-33.0;5.011872336272725e-07;0.1;5.011872336272725e-08;1.4466131702431006e-05;;;;ROUGE;False
1787671601.6210284;39.130953445999694;BLE Sniffer;iBeacon;2,4 GHz BLE;5e:ef:5d:3b:83:a3;-66.0;;;;-66.0;2.511886431509582e-10;0.000368;9.243742067955262e-14;3.048436429306877e-11;36;0x00;37;ORANGE;False
1787671601.62464;39.13456532300006;BLE Sniffer;iBeacon;2,4 GHz BLE;5e:ef:5d:3b:83:a3;-63.0;;;;-63.0;5.011872336272714e-10;0.000368;1.8443690197483588e-13;3.0668801195043607e-11;36;0x00;38;ORANGE;False
1787671601.626496;39.13642122700003;BLE Sniffer;Appareil BLE;2,4 GHz BLE;44:52:00:58:f1:a9;-87.0;;;;-87.0;1.9952623149688827e-12;0.00019999999999999998;3.9905246299377653e-16;2.196605265065414e-14;15;0x00;39;VERT;False
1787671601.6568558;39.1666023050002;Simulation RF;Détection RF large bande;868 MHz;868 MHz;;2494;2.0102187853054745;-36.408751412218976;-69.40875141221898;1.1458423214264817e-10;0.1;1.1458423214264818e-11;4.2669018007812485e-09;;;;ORANGE;True
1787671601.6570048;39.1666023050002;Simulation RF;Détection RF large bande;2,45 GHz;2,45 GHz;;3042;2.4510579639529064;-54.04231855811625;-70.74231855811625;8.428846487068605e-11;0.1;8.428846487068606e-12;1.5238483111278797e-08;;;;VERT;True
1787671601.6655304;39.175454693000574;Wi-Fi;Wi-Fi;2,4/5 GHz;wlan0;-33.0;;;;-33.0;5.011872336272725e-07;0.1;5.011872336272725e-08;1.4516250425793734e-05;;;;ROUGE;False
1787671601.7328703;39.24279505599952;BLE Sniffer;Appareil BLE;2,4 GHz BLE;dc:84:0b:6d:6e:8e;-86.0;;;;-86.0;2.5118864315095823e-12;0.000192;4.822821948498399e-16;1.2282300485285427e-15;14;0x02;37;VERT;False
1787671601.7379727;39.24789837500066;BLE Sniffer;Appareil BLE;2,4 GHz BLE;62:ae:f9:af:07:b9;-71.0;;;;-71.0;7.943282347242822e-11;0.00028;2.22411905722799e-14;4.554877041044238e-12;25;0x00;38;VERT;False
1787671601.7380726;39.24799554600031;BLE Sniffer;Appareil BLE;2,4 GHz BLE;62:ae:f9:af:07:b9;-86.0;;;;-86.0;2.5118864315095823e-12;0.00028;7.03328200822683e-16;4.555580369245061e-12;25;0x00;39;VERT;False
1787671601.75934;39.26675655799954;Simulation RF;Détection RF large bande;868 MHz;868 MHz;;2509;2.021963412138147;-36.878536485525885;-69.87853648552588;1.0283627842837116e-10;0.1;1.0283627842837116e-11;4.277185428624086e-09;;;;ORANGE;True
1787671601.7615683;39.26675655799954;Simulation RF;Détection RF large bande;2,45 GHz;2,45 GHz;;3053;2.460198236580069;-54.40792946320275;-71.10792946320275;7.748311172462634e-11;0.1;7.748311172462634e-12;1.524623142245126e-08;;;;VERT;True
1787671601.7734003;39.28332422300082;Wi-Fi;Wi-Fi;2,4/5 GHz;wlan0;-33.0;;;;-33.0;5.011872336272725e-07;0.1;5.011872336272725e-08;1.4566369149156461e-05;;;;ROUGE;False
1787671601.8494692;39.35939450499973;BLE Sniffer;iBeacon;2,4 GHz BLE;5e:ef:5d:3b:83:a3;-65.0;;;;-65.0;3.1622776601683795e-10;0.000368;1.1637181789419636e-13;3.0785173012937806e-11;36;0x00;37;ORANGE;False
1787671601.8495643;39.35948732399993;BLE Sniffer;iBeacon;2,4 GHz BLE;5e:ef:5d:3b:83:a3;-63.0;;;;-63.0;5.011872336272714e-10;0.000368;1.8443690197483588e-13;3.096960991491264e-11;36;0x00;38;ORANGE;False
1787671601.853428;39.363353083999755;BLE Sniffer;iBeacon;2,4 GHz BLE;5e:ef:5d:3b:83:a3;-69.0;;;;-69.0;1.2589254117941662e-10;0.000368;4.6328455154025316e-14;3.101593837006667e-11;36;0x00;39;ORANGE;False
1787671601.8570595;39.36684175099981;Simulation RF;Détection RF large bande;868 MHz;868 MHz;;2527;2.036325631691991;-37.453025267679635;-70.45302526767964;9.009433275875993e-11;0.1;9.009433275875994e-12;4.286194861899962e-09;;;;VERT;True
1787671601.857215;39.36684175099981;Simulation RF;Détection RF large bande;2,45 GHz;2,45 GHz;;3077;2.4797619752242124;-55.190479008968495;-71.8904790089685;6.470712425133181e-11;0.1;6.470712425133181e-12;1.5252702134876393e-08;;;;VERT;True
1787671601.8658366;39.37576082799933;Wi-Fi;Wi-Fi;2,4/5 GHz;wlan0;-33.0;;;;-33.0;5.011872336272725e-07;0.1;5.011872336272725e-08;1.4616487872519189e-05;;;;ROUGE;False
1787671601.961257;39.47118313000101;BLE Sniffer;Appareil BLE;2,4 GHz BLE;d3:23:2f:4d:3e:b1;-79.0;;;;-79.0;1.2589254117941662e-11;0.000376;4.7335595483460644e-15;4.2106084375372065e-13;37;0x00;37;VERT;False
1787671601.9637825;39.46695152000029;Simulation RF;Détection RF large bande;868 MHz;868 MHz;;2466;1.9870642104432272;-35.482568417729084;-68.48256841772908;1.4182185391290815e-10;0.1;1.4182185391290815e-11;4.300377047291253e-09;;;;ORANGE;True
1787671601.9783652;39.46695152000029;Simulation RF;Détection RF large bande;2,45 GHz;2,45 GHz;;2993;2.411950252309285;-52.47801009237139;-69.1780100923714;1.2083673739538325e-10;0.1;1.2083673739538325e-11;1.5264785808615932e-08;;;;ORANGE;True
1787671602.0052776;39.515201854001134;Wi-Fi;Wi-Fi;2,4/5 GHz;wlan0;-33.0;;;;-33.0;5.011872336272725e-07;0.1;5.011872336272725e-08;1.4666606595881916e-05;;;;ROUGE;False
1787671602.0572946;39.56703594099963;Simulation RF;Détection RF large bande;868 MHz;868 MHz;;2497;2.0125606435410144;-36.50242574164058;-69.50242574164058;1.1213919285149931e-10;0.1;1.1213919285149932e-11;4.311590966576403e-09;;;;ORANGE;True
1787671602.0575106;39.56703594099963;Simulation RF;Détection RF large bande;2,45 GHz;2,45 GHz;;3009;2.4249307920796235;-52.997231683184935;-69.69723168318494;1.0722025399178882e-10;0.1;1.0722025399178883e-11;1.5275507834015112e-08;;;;ORANGE;True
1787671602.0637727;39.57369720399947;BLE Sniffer;Appareil BLE;2,4 GHz BLE;d3:23:2f:4d:3e:b9;-70.0;;;;-70.0;1e-10;0.000376;3.76e-14;3.76e-14;37;0x00;38;ORANGE;False
1787671602.0675924;39.57751827500033;BLE Sniffer;Appareil BLE;2,4 GHz BLE;d3:23:2f:4d:3e:b1;-77.0;;;;-77.0;1.9952623149688828e-11;0.000376;7.502186304282999e-15;4.2856303005800363e-13;37;0x00;39;VERT;False
1787671602.0676894;39.577612428000066;BLE Sniffer;Appareil BLE;2,4 GHz BLE;62:ae:f9:af:07:b9;-72.0;;;;-72.0;6.309573444801942e-11;0.00028;1.7666805645445437e-14;4.5732471748905065e-12;25;0x00;37;VERT;False
1787671602.0696442;39.579569855000955;BLE Sniffer;Appareil BLE;2,4 GHz BLE;62:ae:f9:af:07:b9;-71.0;;;;-71.0;7.943282347242822e-11;0.00028;2.22411905722799e-14;4.5954883654627866e-12;25;0x00;38;VERT;False
1787671602.0697348;39.579657989001134;BLE Sniffer;Appareil BLE;2,4 GHz BLE;62:ae:f9:af:07:b9;-87.0;;;;-87.0;1.9952623149688827e-12;0.000536;1.0694606008233212e-15;4.5965578260636096e-12;57;0x00;39;VERT;False
1787671602.083136;39.59306164699956;BLE Sniffer;iBeacon;2,4 GHz BLE;5e:ef:5d:3b:83:a3;-65.0;;;;-65.0;3.1622776601683795e-10;0.000368;1.1637181789419636e-13;3.113231018796087e-11;36;0x00;37;ORANGE;False
1787671602.0857317;39.595657068000946;Wi-Fi;Wi-Fi;2,4/5 GHz;wlan0;-33.0;;;;-33.0;5.011872336272725e-07;0.1;5.011872336272725e-08;1.4716725319244644e-05;;;;ROUGE;False
1787671602.157345;39.66707864499949;Simulation RF;Détection RF large bande;868 MHz;868 MHz;;2487;2.004352662354233;-36.17410649416932;-69.17410649416932;1.2094539871709076e-10;0.1;1.2094539871709076e-11;4.323685506448112e-09;;;;ORANGE;True
1787671602.1575046;39.66707864499949;Simulation RF;Détection RF large bande;2,45 GHz;2,45 GHz;;3035;2.4459446746542692;-53.83778698617077;-70.53778698617077;8.83530001930679e-11;0.1;8.83530001930679e-12;1.5284343134034417e-08;;;;VERT;True
1787671602.1660204;39.6759447910008;Wi-Fi;Wi-Fi;2,4/5 GHz;wlan0;-33.0;;;;-33.0;5.011872336272725e-07;0.1;5.011872336272725e-08;1.4766844042607371e-05;;;;ROUGE;False
1787671602.194381;39.704307424000945;BLE Sniffer;iBeacon;2,4 GHz BLE;5e:ef:5d:3b:83:a3;-63.0;;;;-63.0;5.011872336272714e-10;0.000368;1.8443690197483588e-13;3.13167470899357e-11;36;0x00;38;ORANGE;False
1787671602.1944747;39.704397613000765;BLE Sniffer;iBeacon;2,4 GHz BLE;5e:ef:5d:3b:83:a3;-68.0;;;;-68.0;1.584893192461111e-10;0.000368;5.832406948256888e-14;3.137507115941827e-11;36;0x00;39;ORANGE;False
1787671602.2574167;39.76715829600107;Simulation RF;Détection RF large bande;868 MHz;868 MHz;;2435;1.9620407981019032;-34.481631924076126;-67.48163192407613;1.7858164025205722e-10;0.1;1.7858164025205722e-11;4.341543670473318e-09;;;;ORANGE;True
1787671602.2575567;39.76715829600107;Simulation RF;Détection RF large bande;2,45 GHz;2,45 GHz;;3056;2.462397611893468;-54.49590447573871;-71.19590447573871;7.592932733264537e-11;0.1;7.592932733264536e-12;1.529193606676768e-08;;;;VERT;True
1787671602.2661486;39.776072814000145;Wi-Fi;Wi-Fi;2,4/5 GHz;wlan0;-33.0;;;;-33.0;5.011872336272725e-07;0.1;5.011872336272725e-08;1.4816962765970098e-05;;;;ROUGE;False
1787671602.3039892;39.81391419600004;BLE Sniffer;Appareil BLE;2,4 GHz BLE;62:ae:f9:af:07:b9;-72.0;;;;-72.0;6.309573444801942e-11;0.00028;1.7666805645445437e-14;4.614224631709055e-12;25;0x00;37;VERT;False
1787671602.3574843;39.86723601999984;Simulation RF;Détection RF large bande;868 MHz;868 MHz;;2549;2.054120374105802;-38.16481496423208;-71.16481496423208;7.647482706555007e-11;0.1;7.647482706555007e-12;4.349191153179873e-09;;;;VERT;True
1787671602.3576329;39.86723601999984;Simulation RF;Détection RF large bande;2,45 GHz;2,45 GHz;;3025;2.437509454227797;-53.50037816911187;-70.20037816911187;9.549094320810106e-11;0.1;9.549094320810106e-12;1.5301485161088493e-08;;;;VERT;True
1787671602.3700974;39.88002140900062;Wi-Fi;Wi-Fi;2,4/5 GHz;wlan0;-33.0;;;;-33.0;5.011872336272725e-07;0.1;5.011872336272725e-08;1.4867081489332826e-05;;;;ROUGE;False
1787671602.411689;39.9216139880009;BLE Sniffer;iBeacon;2,4 GHz BLE;5e:ef:5d:3b:83:a3;-62.0;;;;-62.0;6.309573444801942e-10;0.000368;2.321923027687115e-13;3.1607263462186984e-11;36;0x00;38;ORANGE;False
1787671602.4152236;39.92514869400111;BLE Sniffer;iBeacon;2,4 GHz BLE;5e:ef:5d:3b:83:a3;-68.0;;;;-68.0;1.584893192461111e-10;0.000368;5.832406948256888e-14;3.1665587531669554e-11;36;0x00;39;ORANGE;False
1787671602.4153657;39.92528858900005;Simulation LoRa;LoRa;868 MHz;LoRa 868.100 MHz;-86.96144236665094;;;;-86.96144236665094;2.0130555684596422e-12;0.046335999999999995;9.327694282014597e-14;3.260218924985372e-12;13;"SNR=5.78;SF=7;BW=125.0;CR=4/5;F=868.100;CRC=OK;PAYLOAD=54454d504f5f4c4f52415f3339";7;VERT;True
1787671602.457578;39.96732289300053;Simulation RF;Détection RF large bande;868 MHz;868 MHz;;2466;1.9871700180739769;-35.486800722959075;-68.48680072295907;1.4168371239303548e-10;0.1;1.416837123930355e-11;4.363359524419176e-09;;;;ORANGE;True
1787671602.4577305;39.96732289300053;Simulation RF;Détection RF large bande;2,45 GHz;2,45 GHz;;3025;2.437727440081996;-53.50909760327983;-70.20909760327983;9.529941608902946e-11;0.1;9.529941608902947e-12;1.5311015102697397e-08;;;;VERT;True
1787671602.4662292;39.97615344500082;Wi-Fi;Wi-Fi;2,4/5 GHz;wlan0;-33.0;;;;-33.0;5.011872336272725e-07;0.1;5.011872336272725e-08;1.4917200212695553e-05;;;;ROUGE;False
1787671602.5323062;40.04223217500112;BLE Sniffer;Appareil BLE;2,4 GHz BLE;62:ae:f9:af:07:b9;-72.0;;;;-72.0;6.309573444801942e-11;0.00028;1.7666805645445437e-14;4.631891437354501e-12;25;0x00;37;VERT;False
1787671602.5576487;40.06740028400054;Simulation RF;Détection RF large bande;868 MHz;868 MHz;;2518;2.0290458720716105;-37.16183488286441;-70.16183488286441;9.634218943856755e-11;0.1;9.634218943856755e-12;4.372993743363033e-09;;;;VERT;True
1787671602.5577903;40.06740028400054;Simulation RF;Détection RF large bande;2,45 GHz;2,45 GHz;;3073;2.476413991616495;-55.0565596646598;-71.7565596646598;6.673352004645776e-11;0.1;6.673352004645777e-12;1.531768845470204e-08;;;;VERT;True
1787671602.567529;40.077452745999835;Wi-Fi;Wi-Fi;2,4/5 GHz;wlan0;-33.0;;;;-33.0;5.011872336272725e-07;0.1;5.011872336272725e-08;1.4967318936058281e-05;;;;ROUGE;False
1787671602.6353729;40.1452978010002;BLE Sniffer;Appareil BLE;2,4 GHz BLE;62:ae:f9:af:07:b9;-72.0;;;;-72.0;6.309573444801942e-11;0.00028;1.7666805645445437e-14;4.649558242999946e-12;25;0x00;38;VERT;False
1787671602.639135;40.149060646999715;BLE Sniffer;Appareil BLE;2,4 GHz BLE;62:ae:f9:af:07:b9;-84.0;;;;-84.0;3.9810717055349695e-12;0.00028;1.1147000775497915e-15;4.6506729430774956e-12;25;0x00;39;VERT;False
1787671602.6469574;40.15688257700094;BLE Sniffer;iBeacon;2,4 GHz BLE;5e:ef:5d:3b:83:a3;-65.0;;;;-65.0;3.1622776601683795e-10;0.000368;1.1637181789419636e-13;3.1781959349563754e-11;36;0x00;37;ORANGE;False
1787671602.6577413;40.167479601001105;Simulation RF;Détection RF large bande;868 MHz;868 MHz;;2543;2.0496276397235276;-37.985105588941096;-70.9851055889411;7.970571117026959e-11;0.1;7.970571117026958e-12;4.38096431448006e-09;;;;VERT;True
1787671602.6578963;40.167479601001105;Simulation RF;Détection RF large bande;2,45 GHz;2,45 GHz;;2993;2.411819751650444;-52.47279006601775;-69.17279006601775;1.2098206509610712e-10;0.1;1.2098206509610712e-11;1.5329786661211654e-08;;;;ORANGE;True
1787671602.6689498;40.17887392299963;Wi-Fi;Wi-Fi;2,4/5 GHz;wlan0;-33.0;;;;-33.0;5.011872336272725e-07;0.1;5.011872336272725e-08;1.5017437659421008e-05;;;;ROUGE;False
1787671602.7530773;40.26300234900009;BLE Sniffer;iBeacon;2,4 GHz BLE;5e:ef:5d:3b:83:a3;-63.0;;;;-63.0;5.011872336272714e-10;0.000368;1.8443690197483588e-13;3.196639625153859e-11;36;0x00;38;ORANGE;False
1787671602.7549758;40.26490127299985;BLE Sniffer;iBeacon;2,4 GHz BLE;5e:ef:5d:3b:83:a3;-68.0;;;;-68.0;1.584893192461111e-10;0.000368;5.832406948256888e-14;3.202472032102116e-11;36;0x00;39;ORANGE;False
1787671602.7595644;40.26758706799956;Simulation RF;Détection RF large bande;868 MHz;868 MHz;;2511;2.0233267381237305;-36.93306952494922;-69.93306952494922;1.0155306780822612e-10;0.1;1.0155306780822613e-11;4.391119621260883e-09;;;;ORANGE;True
1787671602.7597399;40.26758706799956;Simulation RF;Détection RF large bande;2,45 GHz;2,45 GHz;;3058;2.4642999350285937;-54.57199740114375;-71.27199740114375;7.461055316690212e-11;0.1;7.461055316690213e-12;1.5337247716528344e-08;;;;VERT;True
1787671602.7653654;40.27528934300062;Wi-Fi;Wi-Fi;2,4/5 GHz;wlan0;-33.0;;;;-33.0;5.011872336272725e-07;0.1;5.011872336272725e-08;1.5067556382783736e-05;;;;ROUGE;False
1787671602.857928;40.36767036600031;Simulation RF;Détection RF large bande;868 MHz;868 MHz;;2500;2.014351074190484;-36.57404296761935;-69.57404296761935;1.1030512807983526e-10;0.1;1.1030512807983526e-11;4.402150134068866e-09;;;;ORANGE;True
1787671602.858068;40.36767036600031;Simulation RF;Détection RF large bande;2,45 GHz;2,45 GHz;;3086;2.4867818909345445;-55.471275637381765;-72.17127563738177;6.065581413043413e-11;0.1;6.065581413043414e-12;1.534331329794139e-08;;;;VERT;True
1787671602.865455;40.37537993800106;BLE Sniffer;Appareil BLE;2,4 GHz BLE;44:52:00:58:f1:a9;-85.0;;;;-85.0;3.1622776601683794e-12;0.00019999999999999998;6.324555320336759e-16;2.2598508182687816e-14;15;0x00;37;VERT;False
1787671602.865551;40.37547433200052;BLE Sniffer;Appareil BLE;2,4 GHz BLE;62:ae:f9:af:07:b9;-70.0;;;;-70.0;1e-10;0.00028;2.7999999999999997e-14;4.678672943077496e-12;25;0x00;38;ORANGE;False
1787671602.8655932;40.37551620399972;BLE Sniffer;Appareil BLE;2,4 GHz BLE;62:ae:f9:af:07:b9;-85.0;;;;-85.0;3.1622776601683794e-12;0.00028;8.854377448471461e-16;4.679558380822343e-12;25;0x00;39;VERT;False
1787671602.8779216;40.38784614500037;Wi-Fi;Wi-Fi;2,4/5 GHz;wlan0;-33.0;;;;-33.0;5.011872336272725e-07;0.1;5.011872336272725e-08;1.5117675106146463e-05;;;;ROUGE;False
1787671602.958001;40.467751369000325;Simulation RF;Détection RF large bande;868 MHz;868 MHz;;2498;2.013104784899343;-36.524191395973716;-69.52419139597372;1.1157858779060065e-10;0.1;1.1157858779060067e-11;4.413307992847926e-09;;;;ORANGE;True
1787671602.9581394;40.467751369000325;Simulation RF;Détection RF large bande;2,45 GHz;2,45 GHz;;3037;2.4476978325062873;-53.90791330025148;-70.60791330025148;8.693780480386499e-11;0.1;8.693780480386498e-12;1.5352007078421774e-08;;;;VERT;True
1787671602.966653;40.476576994000425;Wi-Fi;Wi-Fi;2,4/5 GHz;wlan0;-33.0;;;;-33.0;5.011872336272725e-07;0.1;5.011872336272725e-08;1.516779382950919e-05;;;;ROUGE;False
1787671602.9794753;40.48940012499952;BLE Sniffer;iBeacon;2,4 GHz BLE;5e:ef:5d:3b:83:a3;-65.0;;;;-65.0;3.1622776601683795e-10;0.000368;1.1637181789419636e-13;3.214109213891536e-11;36;0x00;37;ORANGE;False
1787671602.9795666;40.48948948100042;BLE Sniffer;iBeacon;2,4 GHz BLE;5e:ef:5d:3b:83:a3;-63.0;;;;-63.0;5.011872336272714e-10;0.000368;1.8443690197483588e-13;3.232552904089019e-11;36;0x00;38;ORANGE;False
1787671602.9852815;40.49520675399981;BLE Sniffer;iBeacon;2,4 GHz BLE;5e:ef:5d:3b:83:a3;-68.0;;;;-68.0;1.584893192461111e-10;0.000368;5.832406948256888e-14;3.238385311037276e-11;36;0x00;39;ORANGE;False
1787671603.0630088;40.56783157999962;Simulation RF;Détection RF large bande;868 MHz;868 MHz;;2528;2.03715276371277;-37.48611054851081;-70.48611054851081;8.941058679850824e-11;0.1;8.941058679850825e-12;4.422249051527777e-09;;;;VERT;True
1787671603.0649083;40.56783157999962;Simulation RF;Détection RF large bande;2,45 GHz;2,45 GHz;;3057;2.4633619460968794;-54.534477843875166;-71.23447784387517;7.525792080030296e-11;0.1;7.525792080030297e-12;1.5359532870501805e-08;;;;VERT;True
1787671603.075854;40.58577852599956;Wi-Fi;Wi-Fi;2,4/5 GHz;wlan0;-33.0;;;;-33.0;5.011872336272725e-07;0.1;5.011872336272725e-08;1.5217912552871918e-05;;;;ROUGE;False
1787671603.0951073;40.60503233000054;BLE Sniffer;Appareil BLE;2,4 GHz BLE;62:ae:f9:af:07:b9;-73.0;;;;-73.0;5.011872336272715e-11;0.00028;1.40332425415636e-14;4.693591623363907e-12;25;0x00;37;VERT;False
1787671603.1581812;40.667917095999655;Simulation RF;Détection RF large bande;868 MHz;868 MHz;;2428;1.9565933369156707;-34.263733476626825;-67.26373347662683;1.877701928588804e-10;0.1;1.877701928588804e-11;4.441026070813665e-09;;;;ORANGE;True
1787671603.1583428;40.667917095999655;Simulation RF;Détection RF large bande;2,45 GHz;2,45 GHz;;3030;2.441475041313425;-53.659001652537;-70.359001652537;9.206611871804648e-11;0.1;9.20661187180465e-12;1.536873948237361e-08;;;;VERT;True
1787671603.1669831;40.67690713400043;Wi-Fi;Wi-Fi;2,4/5 GHz;wlan0;-33.0;;;;-33.0;5.011872336272725e-07;0.1;5.011872336272725e-08;1.5268031276234644e-05;;;;ROUGE;False
1787671603.1996212;40.70954542599975;BLE Sniffer;Appareil BLE;2,4 GHz BLE;62:ae:f9:af:07:b9;-70.0;;;;-70.0;1e-10;0.00028;2.7999999999999997e-14;4.7215916233639074e-12;25;0x00;38;ORANGE;False
1787671603.1996918;40.70961467000052;BLE Sniffer;Appareil BLE;2,4 GHz BLE;62:ae:f9:af:07:b9;-84.0;;;;-84.0;3.9810717055349695e-12;0.00028;1.1147000775497915e-15;4.722706323441457e-12;25;0x00;39;VERT;False
1787671603.2671642;40.768005703999734;Simulation RF;Détection RF large bande;868 MHz;868 MHz;;2449;1.9738427358126835;-34.95370943250734;-67.95370943250734;1.6018765979161106e-10;0.1;1.6018765979161106e-11;4.457044836792826e-09;;;;ORANGE;True
1787671603.2674518;40.768005703999734;Simulation RF;Détection RF large bande;2,45 GHz;2,45 GHz;;3021;2.4343645504368836;-53.37458201747533;-70.07458201747534;9.829734737790682e-11;0.1;9.829734737790682e-12;1.53785692171114e-08;;;;VERT;True
1787671603.2762322;40.78615564000029;Wi-Fi;Wi-Fi;2,4/5 GHz;wlan0;-33.0;;;;-33.0;5.011872336272725e-07;0.1;5.011872336272725e-08;1.531814999959737e-05;;;;ROUGE;False
1787671603.3098679;40.81979255400074;BLE Sniffer;iBeacon;2,4 GHz BLE;5e:ef:5d:3b:83:a3;-65.0;;;;-65.0;3.1622776601683795e-10;0.000368;1.1637181789419636e-13;3.250022492826696e-11;36;0x00;37;ORANGE;False
1787671603.309942;40.81986500200037;BLE Sniffer;iBeacon;2,4 GHz BLE;5e:ef:5d:3b:83:a3;-63.0;;;;-63.0;5.011872336272714e-10;0.000368;1.8443690197483588e-13;3.2684661830241794e-11;36;0x00;38;ORANGE;False
1787671603.3099847;40.819907744000375;BLE Sniffer;iBeacon;2,4 GHz BLE;5e:ef:5d:3b:83:a3;-68.0;;;;-68.0;1.584893192461111e-10;0.000368;5.832406948256888e-14;3.2742985899724364e-11;36;0x00;39;ORANGE;False
1787671603.315436;40.82536117000018;BLE Sniffer;Appareil BLE;2,4 GHz BLE;44:52:00:58:f1:a9;-87.0;;;;-87.0;1.9952623149688827e-12;0.00019999999999999998;3.9905246299377653e-16;2.2997560645681594e-14;15;0x00;37;VERT;False
1787671603.3583353;40.8680875150003;Simulation RF;Détection RF large bande;868 MHz;868 MHz;;2539;2.04575024434407;-37.83000977376278;-70.83000977376278;8.26036090587434e-11;0.1;8.26036090587434e-12;4.4653051976987e-09;;;;VERT;True
1787671603.3584783;40.8680875150003;Simulation RF;Détection RF large bande;2,45 GHz;2,45 GHz;;3004;2.4206435576793166;-52.82574230717266;-69.52574230717266;1.1153874901908964e-10;0.1;1.1153874901908964e-11;1.5389723092013307e-08;;;;ORANGE;True
1787671603.367091;40.877014866000536;Wi-Fi;Wi-Fi;2,4/5 GHz;wlan0;-33.0;;;;-33.0;5.011872336272725e-07;0.1;5.011872336272725e-08;1.5368268722960095e-05;;;;ROUGE;False
1787671603.4236586;40.933583017000274;BLE Sniffer;Appareil BLE;2,4 GHz BLE;62:ae:f9:af:07:b9;-70.0;;;;-70.0;1e-10;0.00028;2.7999999999999997e-14;4.750706323441457e-12;25;0x00;38;ORANGE;False
1787671603.4273107;40.93723569000031;Simulation LoRa;LoRa;868 MHz;LoRa 868.100 MHz;-85.34667835118783;;;;-85.34667835118783;2.9196592262948204e-12;0.046335999999999995;1.3528532990959678e-13;3.3955042548949688e-12;13;"SNR=7.34;SF=7;BW=125.0;CR=4/5;F=868.100;CRC=OK;PAYLOAD=54454d504f5f4c4f52415f3430";7;VERT;True
1787671603.4293258;40.939251138001055;BLE Sniffer;Appareil BLE;2,4 GHz BLE;62:ae:f9:af:07:b9;-86.0;;;;-86.0;2.5118864315095823e-12;0.00028;7.03328200822683e-16;4.75140965164228e-12;25;0x00;39;VERT;False
1787671603.4583905;40.96817097500025;Simulation RF;Détection RF large bande;868 MHz;868 MHz;;2372;1.9118525089382947;-32.47410035753178;-65.47410035753178;2.8352408937590674e-10;0.1;2.8352408937590676e-11;4.493657606636291e-09;;;;ORANGE;True
1787671603.45854;40.96817097500025;Simulation RF;Détection RF large bande;2,45 GHz;2,45 GHz;;2976;2.3980423992195496;-51.921695968781975;-68.62169596878198;1.3735055009285515e-10;0.1;1.3735055009285515e-11;1.5403458147022592e-08;;;;ORANGE;True
1787671603.4671063;40.97703041500063;Wi-Fi;Wi-Fi;2,4/5 GHz;wlan0;-33.0;;;;-33.0;5.011872336272725e-07;0.1;5.011872336272725e-08;1.541838744632282e-05;;;;ROUGE;False
1787671603.5416648;41.05158979100088;BLE Sniffer;iBeacon;2,4 GHz BLE;5e:ef:5d:3b:83:a3;-66.0;;;;-66.0;2.511886431509582e-10;0.000368;9.243742067955262e-14;3.283542332040392e-11;36;0x00;37;ORANGE;False
1787671603.5417593;41.05168227700051;BLE Sniffer;iBeacon;2,4 GHz BLE;5e:ef:5d:3b:83:a3;-63.0;;;;-63.0;5.011872336272714e-10;0.000368;1.8443690197483588e-13;3.3019860222378754e-11;36;0x00;38;ORANGE;False
1787671603.5418005;41.051723501001106;BLE Sniffer;iBeacon;2,4 GHz BLE;5e:ef:5d:3b:83:a3;-68.0;;;;-68.0;1.584893192461111e-10;0.000368;5.832406948256888e-14;3.3078184291861324e-11;36;0x00;39;ORANGE;False
1787671603.5584722;41.06825313899935;Simulation RF;Détection RF large bande;868 MHz;868 MHz;;2403;1.9367880171836687;-33.47152068734674;-66.47152068734674;2.2534500257590152e-10;0.1;2.2534500257590155e-11;4.516192106893881e-09;;;;ORANGE;True
1787671603.5586317;41.06825313899935;Simulation RF;Détection RF large bande;2,45 GHz;2,45 GHz;;3022;2.4356477633661675;-53.42591053464669;-70.12591053464669;9.714242630168127e-11;0.1;9.714242630168128e-12;1.541317238965276e-08;;;;VERT;True
1787671603.567227;41.07715111700054;Wi-Fi;Wi-Fi;2,4/5 GHz;wlan0;-33.0;;;;-33.0;5.011872336272725e-07;0.1;5.011872336272725e-08;1.5468506169685547e-05;;;;ROUGE;False
1787671603.653631;41.16355540800032;BLE Sniffer;Appareil BLE;2,4 GHz BLE;44:52:00:58:f1:a9;-85.0;;;;-85.0;3.1622776601683794e-12;0.00019999999999999998;6.324555320336759e-16;2.363001617771527e-14;15;0x00;37;VERT;False
1787671603.653721;41.16364452400012;BLE Sniffer;Appareil BLE;2,4 GHz BLE;62:82:29:3f:d2:02;-91.0;;;;-91.0;7.943282347242822e-13;0.000328;2.6053966098956457e-16;4.426657570020122e-12;31;0x00;38;VERT;False
1787671603.6537614;41.16368426600093;BLE Sniffer;Appareil BLE;2,4 GHz BLE;62:82:29:3f:d2:02;-87.0;;;;-87.0;1.9952623149688827e-12;0.000328;6.544460393097936e-16;4.427312016059432e-12;31;0x00;39;VERT;False
1787671603.6603055;41.17008057000021;Simulation RF;Détection RF large bande;868 MHz;868 MHz;;2451;1.975216189592747;-35.00864758370987;-68.00864758370987;1.5817405250609634e-10;0.1;1.5817405250609635e-11;4.532009512144491e-09;;;;ORANGE;True
1787671603.6604989;41.17008057000021;Simulation RF;Détection RF large bande;2,45 GHz;2,45 GHz;;3061;2.466850093869098;-54.6740037547639;-71.3740037547639;7.28785334281177e-11;0.1;7.287853342811771e-12;1.542046024299557e-08;;;;VERT;True
1787671603.6691186;41.17904269999963;Wi-Fi;Wi-Fi;2,4/5 GHz;wlan0;-33.0;;;;-33.0;5.011872336272725e-07;0.1;5.011872336272725e-08;1.5518624893048273e-05;;;;ROUGE;False
1787671603.7656624;41.27558721400055;BLE Sniffer;Appareil BLE;2,4 GHz BLE;62:ae:f9:af:07:b9;-74.0;;;;-74.0;3.9810717055349695e-11;0.00028;1.1147000775497913e-14;4.762556652417778e-12;25;0x00;37;VERT;False
1787671603.7657566;41.275679772999865;BLE Sniffer;Appareil BLE;2,4 GHz BLE;62:ae:f9:af:07:b9;-70.0;;;;-70.0;1e-10;0.00028;2.7999999999999997e-14;4.790556652417778e-12;25;0x00;38;ORANGE;False
1787671603.7657979;41.27572086799955;BLE Sniffer;Appareil BLE;2,4 GHz BLE;62:ae:f9:af:07:b9;-89.0;;;;-89.0;1.258925411794166e-12;0.00028;3.5249911530236646e-16;4.79090915153308e-12;25;0x00;39;VERT;False
1787671603.7721941;41.2703813370008;Simulation RF;Détection RF large bande;868 MHz;868 MHz;;2446;1.9711972086169258;-34.84788834467703;-67.84788834467703;1.6413876655606768e-10;0.1;1.6413876655606768e-11;4.5484233888000975e-09;;;;ORANGE;True
1787671603.7723715;41.2703813370008;Simulation RF;Détection RF large bande;2,45 GHz;2,45 GHz;;3049;2.4572629176942336;-54.29051670776934;-70.99051670776934;7.960646319100034e-11;0.1;7.960646319100034e-12;1.542842088931467e-08;;;;VERT;True
1787671603.7856793;41.295603202001075;Wi-Fi;Wi-Fi;2,4/5 GHz;wlan0;-33.0;;;;-33.0;5.011872336272725e-07;0.1;5.011872336272725e-08;1.5568743616411e-05;;;;ROUGE;False
1787671603.860708;41.37045568500071;Simulation RF;Détection RF large bande;868 MHz;868 MHz;;2460;1.982610562503243;-35.30442250012972;-68.30442250012972;1.47760295168456e-10;0.1;1.47760295168456e-11;4.5631994183169435e-09;;;;ORANGE;True
1787671603.8608475;41.37045568500071;Simulation RF;Détection RF large bande;2,45 GHz;2,45 GHz;;3058;2.4644351606437485;-54.57740642574993;-71.27740642574993;7.451768551121824e-11;0.1;7.451768551121824e-12;1.5435872657865793e-08;;;;VERT;True
1787671603.8693464;41.37927084399962;Wi-Fi;Wi-Fi;2,4/5 GHz;wlan0;-33.0;;;;-33.0;5.011872336272725e-07;0.1;5.011872336272725e-08;1.5618862339773724e-05;;;;ROUGE;False
1787671603.8756514;41.385576513999695;BLE Sniffer;iBeacon;2,4 GHz BLE;5e:ef:5d:3b:83:a3;-65.0;;;;-65.0;3.1622776601683795e-10;0.000368;1.1637181789419636e-13;3.319455610975552e-11;36;0x00;37;ORANGE;False
1787671603.8776934;41.38761857400095;BLE Sniffer;iBeacon;2,4 GHz BLE;5e:ef:5d:3b:83:a3;-63.0;;;;-63.0;5.011872336272714e-10;0.000368;1.8443690197483588e-13;3.337899301173036e-11;36;0x00;38;ORANGE;False
1787671603.8777826;41.38770539300094;BLE Sniffer;iBeacon;2,4 GHz BLE;5e:ef:5d:3b:83:a3;-68.0;;;;-68.0;1.584893192461111e-10;0.000368;5.832406948256888e-14;3.343731708121293e-11;36;0x00;39;ORANGE;False
1787671603.8778238;41.387746542999594;BLE Sniffer;Appareil BLE;2,4 GHz BLE;46:52:00:58:f1:a9;-86.0;;;;-86.0;2.5118864315095823e-12;0.00019999999999999998;5.023772863019164e-16;9.195933715195928e-16;15;0x00;37;VERT;False
1787671603.960785;41.47052919999987;Simulation RF;Détection RF large bande;868 MHz;868 MHz;;2458;1.9808871101169445;-35.23548440467778;-68.23548440467778;1.5012449501073294e-10;0.1;1.5012449501073293e-11;4.5782118678180166e-09;;;;ORANGE;True
1787671603.9609215;41.47052919999987;Simulation RF;Détection RF large bande;2,45 GHz;2,45 GHz;;3002;2.4193015233002075;-52.7720609320083;-69.4720609320083;1.129259900453811e-10;0.1;1.129259900453811e-11;1.544716525687033e-08;;;;ORANGE;True
1787671603.969483;41.47940706600093;Wi-Fi;Wi-Fi;2,4/5 GHz;wlan0;-33.0;;;;-33.0;5.011872336272725e-07;0.1;5.011872336272725e-08;1.566898106313645e-05;;;;ROUGE;False
1787671603.9920404;41.50196502700055;BLE Sniffer;Appareil BLE;2,4 GHz BLE;d3:23:2f:4d:3e:b1;-70.0;;;;-70.0;1e-10;0.000376;3.76e-14;4.661630300580036e-13;37;0x00;38;ORANGE;False
1787671603.997556;41.50748139999996;BLE Sniffer;Appareil BLE;2,4 GHz BLE;d3:23:2f:4d:3e:b1;-77.0;;;;-77.0;1.9952623149688828e-11;0.000376;7.502186304282999e-15;4.736652163622866e-13;37;0x00;39;VERT;False
1787671604.0608616;41.57060886799991;Simulation RF;Détection RF large bande;868 MHz;868 MHz;;2423;1.9525390245103058;-34.10156098041223;-67.10156098041223;1.949143894953376e-10;0.1;1.949143894953376e-11;4.597703306767551e-09;;;;ORANGE;True
1787671604.0610056;41.57060886799991;Simulation RF;Détection RF large bande;2,45 GHz;2,45 GHz;;3044;2.452889558472295;-54.115582338891784;-70.81558233889179;8.287847783266873e-11;0.1;8.287847783266874e-12;1.5455453104653598e-08;;;;VERT;True
1787671604.0697663;41.57969020500059;Wi-Fi;Wi-Fi;2,4/5 GHz;wlan0;-33.0;;;;-33.0;5.011872336272725e-07;0.1;5.011872336272725e-08;1.5719099786499176e-05;;;;ROUGE;False
1787671604.1023314;41.61225570699935;BLE Sniffer;Appareil BLE;2,4 GHz BLE;44:52:00:58:f1:a9;-89.0;;;;-89.0;1.258925411794166e-12;0.00019999999999999998;2.517850823588332e-16;2.38818012600741e-14;15;0x00;37;VERT;False
1787671604.1060739;41.61599932900026;BLE Sniffer;iBeacon;2,4 GHz BLE;5e:ef:5d:3b:83:a3;-63.0;;;;-63.0;5.011872336272714e-10;0.000368;1.8443690197483588e-13;3.362175398318776e-11;36;0x00;38;ORANGE;False
1787671604.1080272;41.61795282899948;BLE Sniffer;iBeacon;2,4 GHz BLE;5e:ef:5d:3b:83:a3;-68.0;;;;-68.0;1.584893192461111e-10;0.000368;5.832406948256888e-14;3.368007805267033e-11;36;0x00;39;ORANGE;False
1787671604.160955;41.670694951999394;Simulation RF;Détection RF large bande;868 MHz;868 MHz;;2431;1.9590226196445095;-34.36090478578038;-67.36090478578038;1.8361557686743974e-10;0.1;1.8361557686743975e-11;4.616064864454294e-09;;;;ORANGE;True
1787671604.1611097;41.670694951999394;Simulation RF;Détection RF large bande;2,45 GHz;2,45 GHz;;3015;2.4293366852492286;-53.173467409969135;-69.87346740996914;1.0295637878117972e-10;0.1;1.0295637878117972e-11;1.5465748742531717e-08;;;;ORANGE;True
1787671604.1699114;41.67983627300055;Wi-Fi;Wi-Fi;2,4/5 GHz;wlan0;-33.0;;;;-33.0;5.011872336272725e-07;0.1;5.011872336272725e-08;1.57692185098619e-05;;;;ROUGE;False
1787671604.2202077;41.73013270699994;BLE Sniffer;Appareil BLE;2,4 GHz BLE;62:ae:f9:af:07:b9;-74.0;;;;-74.0;3.9810717055349695e-11;0.00028;1.1147000775497913e-14;4.802056152308578e-12;25;0x00;37;VERT;False
1787671604.2610023;41.770771202000105;Simulation RF;Détection RF large bande;868 MHz;868 MHz;;2455;1.9780000687054522;-35.120002748218084;-68.12000274821808;1.541699477360895e-10;0.1;1.541699477360895e-11;4.631481859227904e-09;;;;ORANGE;True
1787671604.2611408;41.770771202000105;Simulation RF;Détection RF large bande;2,45 GHz;2,45 GHz;;2972;2.395106981735453;-51.80427926941812;-68.50427926941812;1.4111464029102774e-10;0.1;1.4111464029102775e-11;1.5479860206560818e-08;;;;ORANGE;True
1787671604.2696695;41.779593360000945;Wi-Fi;Wi-Fi;2,4/5 GHz;wlan0;-33.0;;;;-33.0;5.011872336272725e-07;0.1;5.011872336272725e-08;1.5819337233224627e-05;;;;ROUGE;False
1787671604.3234715;41.83339601499938;BLE Sniffer;Appareil BLE;2,4 GHz BLE;62:ae:f9:af:07:b9;-71.0;;;;-71.0;7.943282347242822e-11;0.00028;2.22411905722799e-14;4.824297342880858e-12;25;0x00;38;VERT;False
1787671604.323542;41.833464907000234;BLE Sniffer;Appareil BLE;2,4 GHz BLE;62:ae:f9:af:07:b9;-87.0;;;;-87.0;1.9952623149688827e-12;0.00028;5.586734481912871e-16;4.8248560163290496e-12;25;0x00;39;VERT;False
1787671604.3293662;41.83929131300101;BLE Sniffer;Appareil BLE;2,4 GHz BLE;44:52:00:58:f1:a9;-89.0;;;;-89.0;1.258925411794166e-12;0.00019999999999999998;2.517850823588332e-16;2.4133586342432934e-14;15;0x00;37;VERT;False
1787671604.3611495;41.87085986100101;Simulation RF;Détection RF large bande;868 MHz;868 MHz;;2419;1.9490201212218232;-33.960804848872925;-66.96080484887293;2.013351094413973e-10;0.1;2.013351094413973e-11;4.651615370172043e-09;;;;ORANGE;True
1787671604.3613522;41.87085986100101;Simulation RF;Détection RF large bande;2,45 GHz;2,45 GHz;;3054;2.4614016217479;-54.45606486991598;-71.15606486991598;7.662906262201777e-11;0.1;7.662906262201777e-12;1.548752311282302e-08;;;;VERT;True
1787671604.3715894;41.8815132159998;Wi-Fi;Wi-Fi;2,4/5 GHz;wlan0;-33.0;;;;-33.0;5.011872336272725e-07;0.1;5.011872336272725e-08;1.5869455956587353e-05;;;;ROUGE;False
1787671604.4360602;41.94598496800063;BLE Sniffer;iBeacon;2,4 GHz BLE;5e:ef:5d:3b:83:a3;-63.0;;;;-63.0;5.011872336272714e-10;0.000368;1.8443690197483588e-13;3.3864514954645166e-11;36;0x00;38;ORANGE;False
1787671604.4398274;41.94975264599998;Simulation LoRa;LoRa;868 MHz;LoRa 868.100 MHz;-86.65727057473408;;;;-86.65727057473408;2.1591009203236e-12;0.046335999999999995;1.0004410024411432e-13;3.495548355139083e-12;13;"SNR=6.62;SF=7;BW=125.0;CR=4/5;F=868.100;CRC=OK;PAYLOAD=54454d504f5f4c4f52415f3431";7;VERT;True
1787671604.4419284;41.951852987000166;BLE Sniffer;iBeacon;2,4 GHz BLE;5e:ef:5d:3b:83:a3;-68.0;;;;-68.0;1.584893192461111e-10;0.000368;5.832406948256888e-14;3.3922839024127736e-11;36;0x00;39;ORANGE;False
1787671604.4611588;41.970941093000874;Simulation RF;Détection RF large bande;868 MHz;868 MHz;;2405;1.9377615169277762;-33.51046067711104;-66.51046067711104;2.23333530961368e-10;0.1;2.23333530961368e-11;4.67394872326818e-09;;;;ORANGE;True
1787671604.4613776;41.970941093000874;Simulation RF;Détection RF large bande;2,45 GHz;2,45 GHz;;2965;2.3896948815330936;-51.58779526132375;-68.28779526132375;1.483270891109828e-10;0.1;1.483270891109828e-11;1.550235582173412e-08;;;;ORANGE;True
1787671604.4699497;41.97987401499995;Wi-Fi;Wi-Fi;2,4/5 GHz;wlan0;-33.0;;;;-33.0;5.011872336272725e-07;0.1;5.011872336272725e-08;1.591957467995008e-05;;;;ROUGE;False
1787671604.5540833;42.06400828900041;BLE Sniffer;Appareil BLE;2,4 GHz BLE;62:ae:f9:af:07:b9;-73.0;;;;-73.0;5.011872336272715e-11;0.00028;1.40332425415636e-14;4.8388892588706136e-12;25;0x00;37;VERT;False
1787671604.5541809;42.06410364600015;BLE Sniffer;Appareil BLE;2,4 GHz BLE;62:ae:f9:af:27:b9;-71.0;;;;-71.0;7.943282347242822e-11;0.00028;2.22411905722799e-14;2.22411905722799e-14;25;0x00;38;VERT;False
1787671604.55846;42.06838510700072;BLE Sniffer;Appareil BLE;2,4 GHz BLE;62:ae:f9:af:07:b9;-86.0;;;;-86.0;2.5118864315095823e-12;0.00028;7.03328200822683e-16;4.839592587071436e-12;25;0x00;39;VERT;False
1787671604.5612893;42.07107175300007;Simulation RF;Détection RF large bande;868 MHz;868 MHz;;2426;1.9553210025581458;-34.21284010232583;-67.21284010232583;1.8998354615106274e-10;0.1;1.8998354615106275e-11;4.692947077883286e-09;;;;ORANGE;True
1787671604.5764863;42.07107175300007;Simulation RF;Détection RF large bande;2,45 GHz;2,45 GHz;;2995;2.4139472807517017;-52.557891230068066;-69.25789123006807;1.186344652481466e-10;0.1;1.1863446524814661e-11;1.5514219268258934e-08;;;;ORANGE;True
1787671604.585434;42.09535782700004;Wi-Fi;Wi-Fi;2,4/5 GHz;wlan0;-33.0;;;;-33.0;5.011872336272725e-07;0.1;5.011872336272725e-08;1.5969693403312805e-05;;;;ROUGE;False
1787671604.6669927;42.17691796100007;BLE Sniffer;Appareil BLE;2,4 GHz BLE;44:52:00:58:f1:a9;-87.0;;;;-87.0;1.9952623149688827e-12;0.00019999999999999998;3.9905246299377653e-16;2.4532638805426712e-14;15;0x00;37;VERT;False
1787671604.6670952;42.17701861400019;BLE Sniffer;iBeacon;2,4 GHz BLE;5e:ef:5d:3b:83:a3;-63.0;;;;-63.0;5.011872336272714e-10;0.000368;1.8443690197483588e-13;3.410727592610257e-11;36;0x00;38;ORANGE;False
1787671604.6711452;42.18107054699976;BLE Sniffer;iBeacon;2,4 GHz BLE;5e:ef:5d:3b:83:a3;-68.0;;;;-68.0;1.584893192461111e-10;0.000368;5.832406948256888e-14;3.416559999558514e-11;36;0x00;39;ORANGE;False
1787671604.6739993;42.17115363300036;Simulation RF;Détection RF large bande;868 MHz;868 MHz;;2421;1.9510856650411554;-34.04342660164622;-67.04342660164622;1.975410417985479e-10;0.1;1.9754104179854792e-11;4.7127011820631414e-09;;;;ORANGE;True
1787671604.6741486;42.17115363300036;Simulation RF;Détection RF large bande;2,45 GHz;2,45 GHz;;3101;2.4987536142783835;-55.950144571135326;-72.65014457113533;5.4323224767758826e-11;0.1;5.432322476775883e-12;1.551965159073571e-08;;;;VERT;True
1787671604.68277;42.192693651999434;Wi-Fi;Wi-Fi;2,4/5 GHz;wlan0;-33.0;;;;-33.0;5.011872336272725e-07;0.1;5.011872336272725e-08;1.601981212667553e-05;;;;ROUGE;False
1787671604.7615626;42.271305739001036;Simulation RF;Détection RF large bande;868 MHz;868 MHz;;2380;1.9181939879588499;-32.72775951835399;-65.72775951835399;2.674385741604456e-10;0.1;2.6743857416044564e-11;4.739445039479186e-09;;;;ORANGE;True
1787671604.761725;42.271305739001036;Simulation RF;Détection RF large bande;2,45 GHz;2,45 GHz;;3000;2.4176545882111866;-52.706183528447454;-69.40618352844746;1.14652003207672e-10;0.1;1.1465200320767202e-11;1.5531116791056476e-08;;;;ORANGE;True
1787671604.770305;42.280229050000344;Wi-Fi;Wi-Fi;2,4/5 GHz;wlan0;-33.0;;;;-33.0;5.011872336272725e-07;0.1;5.011872336272725e-08;1.6069930850038256e-05;;;;ROUGE;False
1787671604.7796414;42.28956658400057;BLE Sniffer;Appareil BLE;2,4 GHz BLE;62:ae:f9:af:07:b9;-72.0;;;;-72.0;6.309573444801942e-11;0.00028;1.7666805645445437e-14;4.857259392716882e-12;25;0x00;37;VERT;False
1787671604.7837722;42.293696852999346;BLE Sniffer;Appareil BLE;2,4 GHz BLE;Appareil BLE;-93.0;;;;-93.0;5.011872336272715e-13;0.000328;1.6438941262974504e-16;3.639669081848595e-14;31;0x0c;38;VERT;False
1787671604.8616614;42.37139036000008;Simulation RF;Détection RF large bande;868 MHz;868 MHz;;2456;1.9794618591010662;-35.17847436404264;-68.17847436404264;1.521081777712384e-10;0.1;1.521081777712384e-11;4.754655857256309e-09;;;;ORANGE;True
1787671604.861815;42.37139036000008;Simulation RF;Détection RF large bande;2,45 GHz;2,45 GHz;;2996;2.414669046632829;-52.58676186531315;-69.28676186531315;1.1784843334485504e-10;0.1;1.1784843334485505e-11;1.554290163439096e-08;;;;ORANGE;True
1787671604.8703647;42.380288817999826;Wi-Fi;Wi-Fi;2,4/5 GHz;wlan0;-33.0;;;;-33.0;5.011872336272725e-07;0.1;5.011872336272725e-08;1.6120049573400982e-05;;;;ROUGE;False
1787671604.89045;42.400374804999956;BLE Sniffer;Appareil BLE;2,4 GHz BLE;Appareil BLE;-88.0;;;;-88.0;1.584893192461111e-12;0.000136;2.155454741747111e-16;3.661223629266066e-14;7;0x07;39;VERT;False
1787671604.96173;42.47147375900022;Simulation RF;Détection RF large bande;868 MHz;868 MHz;;2483;2.0007061836786044;-36.02824734714417;-69.02824734714417;1.2507636906195106e-10;0.1;1.2507636906195106e-11;4.767163494162504e-09;;;;ORANGE;True
1787671604.9618711;42.47147375900022;Simulation RF;Détection RF large bande;2,45 GHz;2,45 GHz;;3068;2.4725361020130965;-54.90144408052386;-71.60144408052386;6.916009671792246e-11;0.1;6.916009671792247e-12;1.5549817644062755e-08;;;;VERT;True
1787671604.9727566;42.482681030000094;Wi-Fi;Wi-Fi;2,4/5 GHz;wlan0;-33.0;;;;-33.0;5.011872336272725e-07;0.1;5.011872336272725e-08;1.6170168296763708e-05;;;;ROUGE;False
1787671604.99897;42.50889478700083;BLE Sniffer;iBeacon;2,4 GHz BLE;5e:ef:5d:3b:83:a3;-66.0;;;;-66.0;2.511886431509582e-10;0.000368;9.243742067955262e-14;3.4258037416264695e-11;36;0x00;37;ORANGE;False
1787671605.0027533;42.51267900300081;BLE Sniffer;iBeacon;2,4 GHz BLE;5e:ef:5d:3b:83:a3;-63.0;;;;-63.0;5.011872336272714e-10;0.000368;1.8443690197483588e-13;3.444247431823953e-11;36;0x00;38;ORANGE;False
1787671605.0049684;42.51489351500095;BLE Sniffer;iBeacon;2,4 GHz BLE;5e:ef:5d:3b:83:a3;-68.0;;;;-68.0;1.584893192461111e-10;0.000368;5.832406948256888e-14;3.45007983877221e-11;36;0x00;39;ORANGE;False
1787671605.0618308;42.57155940300072;Simulation RF;Détection RF large bande;868 MHz;868 MHz;;2423;1.9523617592677884;-34.094470370711534;-67.09447037071153;1.9523288092466712e-10;0.1;1.9523288092466713e-11;4.786686782254971e-09;;;;ORANGE;True
1787671605.0619938;42.57155940300072;Simulation RF;Détection RF large bande;2,45 GHz;2,45 GHz;;3033;2.4440115591309826;-53.76046236523929;-70.4604623652393;8.994018229390913e-11;0.1;8.994018229390914e-12;1.5558811662292146e-08;;;;VERT;True
1787671605.0707088;42.58063296;Wi-Fi;Wi-Fi;2,4/5 GHz;wlan0;-33.0;;;;-33.0;5.011872336272725e-07;0.1;5.011872336272725e-08;1.6220287020126434e-05;;;;ROUGE;False
1787671605.111733;42.621658075000596;BLE Sniffer;Appareil BLE;2,4 GHz BLE;62:ae:f9:af:07:b9;-72.0;;;;-72.0;6.309573444801942e-11;0.00028;1.7666805645445437e-14;4.874926198362327e-12;25;0x00;37;VERT;False
1787671605.1118069;42.62172998599999;BLE Sniffer;Appareil BLE;2,4 GHz BLE;62:ae:f9:af:07:b9;-72.0;;;;-72.0;6.309573444801942e-11;0.00028;1.7666805645445437e-14;4.892593004007773e-12;25;0x00;38;VERT;False
1787671605.1176305;42.627556649000326;BLE Sniffer;Appareil BLE;2,4 GHz BLE;62:ae:f9:af:07:b9;-82.0;;;;-82.0;6.309573444801943e-12;0.00028;1.7666805645445437e-15;4.894359684572317e-12;25;0x00;39;VERT;False
1787671605.1619165;42.6716432230005;Simulation RF;Détection RF large bande;868 MHz;868 MHz;;2399;1.93342440563071;-33.3369762252284;-66.3369762252284;2.3243545646729244e-10;0.1;2.3243545646729246e-11;4.8099303279017e-09;;;;ORANGE;True
1787671605.1620665;42.6716432230005;Simulation RF;Détection RF large bande;2,45 GHz;2,45 GHz;;3031;2.4424140019414566;-53.69656007765826;-70.39656007765826;9.127335032125037e-11;0.1;9.127335032125037e-12;1.556793899732427e-08;;;;VERT;True
1787671605.1705823;42.68050619600035;Wi-Fi;Wi-Fi;2,4/5 GHz;wlan0;-32.0;;;;-32.0;6.30957344480193e-07;0.1;6.30957344480193e-08;1.6283382754574454e-05;;;;ROUGE;False
1787671605.229995;42.73992050900051;BLE Sniffer;iBeacon;2,4 GHz BLE;5e:ef:5d:3b:83:a3;-66.0;;;;-66.0;2.511886431509582e-10;0.000368;9.243742067955262e-14;3.4593235808401655e-11;36;0x00;37;ORANGE;False
1787671605.2621636;42.77174752500105;Simulation RF;Détection RF large bande;868 MHz;868 MHz;;2439;1.9651330569024639;-34.60532227609855;-67.60532227609855;1.7356724593690463e-10;0.1;1.7356724593690465e-11;4.827287052495391e-09;;;;ORANGE;True
1787671605.2625945;42.77174752500105;Simulation RF;Détection RF large bande;2,45 GHz;2,45 GHz;;3044;2.453134208722683;-54.125368348907315;-70.82536834890732;8.269193700382867e-11;0.1;8.269193700382867e-12;1.5576208191024654e-08;;;;VERT;True
1787671605.2722476;42.78217129299992;Wi-Fi;Wi-Fi;2,4/5 GHz;wlan0;-32.0;;;;-32.0;6.30957344480193e-07;0.1;6.30957344480193e-08;1.6346478489022475e-05;;;;ROUGE;False
1787671605.3328285;42.84275303200047;BLE Sniffer;iBeacon;2,4 GHz BLE;5e:ef:5d:3b:83:a3;-63.0;;;;-63.0;5.011872336272714e-10;0.000368;1.8443690197483588e-13;3.477767271037649e-11;36;0x00;38;ORANGE;False
1787671605.3371806;42.84710642199934;BLE Sniffer;iBeacon;2,4 GHz BLE;5e:ef:5d:3b:83:a3;-69.0;;;;-69.0;1.2589254117941662e-10;0.000368;4.6328455154025316e-14;3.4824001165530516e-11;36;0x00;39;ORANGE;False
1787671605.3392115;42.84913696200056;BLE Sniffer;Appareil BLE;2,4 GHz BLE;62:ae:f9:af:07:b9;-71.0;;;;-71.0;7.943282347242822e-11;0.00028;2.22411905722799e-14;4.9166008751445974e-12;25;0x00;37;VERT;False
1787671605.3414211;42.85134639900025;BLE Sniffer;Appareil BLE;2,4 GHz BLE;62:ae:f9:af:07:b9;-71.0;;;;-71.0;7.943282347242822e-11;0.00028;2.22411905722799e-14;4.9388420657168775e-12;25;0x00;38;VERT;False
1787671605.3620706;42.871826696000426;Simulation RF;Détection RF large bande;868 MHz;868 MHz;;2447;1.9722679667256706;-34.890718669026825;-67.89071866902682;1.625279782752418e-10;0.1;1.625279782752418e-11;4.8435398503229156e-09;;;;ORANGE;True
1787671605.3622284;42.871826696000426;Simulation RF;Détection RF large bande;2,45 GHz;2,45 GHz;;3036;2.4467813497640494;-53.87125399056197;-70.57125399056197;8.767476307298626e-11;0.1;8.767476307298628e-12;1.5584975667331952e-08;;;;VERT;True
1787671605.370772;42.88069589100087;Wi-Fi;Wi-Fi;2,4/5 GHz;wlan0;-33.0;;;;-33.0;5.011872336272725e-07;0.1;5.011872336272725e-08;1.63965972123852e-05;;;;ROUGE;False
1787671605.4632664;42.973189612999704;BLE Sniffer;Appareil BLE;2,4 GHz BLE;62:a6:f9:af:17:39;-81.0;;;;-81.0;7.943282347242821e-12;0.000208;1.6522027282265068e-15;1.6522027282265068e-15;16;0x00;39;VERT;False
1787671605.4669533;42.97687843499989;Simulation LoRa;LoRa;868 MHz;LoRa 868.100 MHz;-91.02540212710993;;;;-91.02540212710993;7.89695725569077e-13;0.046335999999999995;3.659134113996875e-14;3.5321396962790518e-12;13;"SNR=5.78;SF=7;BW=125.0;CR=4/5;F=868.100;CRC=OK;PAYLOAD=54454d504f5f4c4f52415f3432";7;VERT;True
1787671605.46903;42.978955217000475;BLE Sniffer;Appareil BLE;2,4 GHz BLE;44:52:00:58:f1:a9;-86.0;;;;-86.0;2.5118864315095823e-12;0.00019999999999999998;5.023772863019164e-16;2.5035016091728627e-14;15;0x00;37;VERT;False
1787671605.4632053;42.97197153700108;Simulation RF;Détection RF large bande;868 MHz;868 MHz;;2434;1.9618651147928117;-34.47460459171246;-67.47460459171246;1.788708376656946e-10;0.1;1.7887083766569462e-11;4.8614269340894854e-09;;;;ORANGE;True
1787671605.4759285;42.97197153700108;Simulation RF;Détection RF large bande;2,45 GHz;2,45 GHz;;3006;2.422134877737569;-52.88539510950275;-69.58539510950276;1.100171750059618e-10;0.1;1.1001717500596181e-11;1.5595977384832547e-08;;;;ORANGE;True
1787671605.485888;42.995811639999374;Wi-Fi;Wi-Fi;2,4/5 GHz;wlan0;-33.0;;;;-33.0;5.011872336272725e-07;0.1;5.011872336272725e-08;1.6446715935747926e-05;;;;ROUGE;False
1787671605.562316;43.072053781999784;Simulation RF;Détection RF large bande;868 MHz;868 MHz;;2405;1.937718247750783;-33.50872991003132;-66.50872991003132;2.2342255243686393e-10;0.1;2.2342255243686394e-11;4.883769189333172e-09;;;;ORANGE;True
1787671605.562459;43.072053781999784;Simulation RF;Détection RF large bande;2,45 GHz;2,45 GHz;;3043;2.4518958255131844;-54.07583302052737;-70.77583302052737;8.364051494427389e-11;0.1;8.36405149442739e-12;1.5604341436326975e-08;;;;VERT;True
1787671605.5724957;43.08242108500053;Wi-Fi;Wi-Fi;2,4/5 GHz;wlan0;-33.0;;;;-33.0;5.011872336272725e-07;0.1;5.011872336272725e-08;1.6496834659110652e-05;;;;ROUGE;False
1787671605.5815387;43.09146367699941;BLE Sniffer;iBeacon;2,4 GHz BLE;5e:ef:5d:3b:83:a3;-63.0;;;;-63.0;5.011872336272714e-10;0.000368;1.8443690197483588e-13;3.500843806750535e-11;36;0x00;38;ORANGE;False
1787671605.58163;43.09155294000084;BLE Sniffer;iBeacon;2,4 GHz BLE;5e:ef:5d:3b:83:a3;-68.0;;;;-68.0;1.584893192461111e-10;0.000368;5.832406948256888e-14;3.506676213698792e-11;36;0x00;39;ORANGE;False
1787671605.5816758;43.09159870199983;BLE Sniffer;Appareil BLE;2,4 GHz BLE;57:83:a4:76:06:eb;-93.0;;;;-93.0;5.011872336272715e-13;0.00026399999999999997;1.3231342967759965e-16;1.3231342967759965e-16;23;0x00;37;VERT;False
1787671605.585719;43.095644392000395;BLE Sniffer;Appareil BLE;2,4 GHz BLE;62:ae:e9:af:07:b9;-71.0;;;;-71.0;7.943282347242822e-11;0.00028;2.22411905722799e-14;2.22411905722799e-14;25;0x00;38;VERT;False
1787671605.5961592;43.10608445700018;BLE Sniffer;Appareil BLE;2,4 GHz BLE;62:ae:f9:af:07:b9;-82.0;;;;-82.0;6.309573444801943e-12;0.00028;1.7666805645445437e-15;4.940608746281422e-12;25;0x00;39;VERT;False
1787671605.6624107;43.17214036100086;Simulation RF;Détection RF large bande;868 MHz;868 MHz;;2387;1.9234975742315026;-32.9399029692601;-65.9399029692601;2.546887154893202e-10;0.1;2.546887154893202e-11;4.909238060882104e-09;;;;ORANGE;True
1787671605.6625688;43.17214036100086;Simulation RF;Détection RF large bande;2,45 GHz;2,45 GHz;;3033;2.444332737040395;-53.7733094816158;-70.4733094816158;8.967451816815893e-11;0.1;8.967451816815894e-12;1.5613308888143792e-08;;;;VERT;True
1787671605.6799648;43.18988845599961;Wi-Fi;Wi-Fi;2,4/5 GHz;wlan0;-33.0;;;;-33.0;5.011872336272725e-07;0.1;5.011872336272725e-08;1.6546953382473378e-05;;;;ROUGE;False
1787671605.762488;43.272227569999814;Simulation RF;Détection RF large bande;868 MHz;868 MHz;;2365;1.9055033679556173;-32.220134718224685;-65.22013471822468;3.005983055534713e-10;0.1;3.0059830555347126e-11;4.939297891437451e-09;;;;ORANGE;True
1787671605.7626438;43.272227569999814;Simulation RF;Détection RF large bande;2,45 GHz;2,45 GHz;;2927;2.3590293539409948;-50.361174157639795;-67.0611741576398;1.9673543243013654e-10;0.1;1.9673543243013655e-11;1.5632982431386805e-08;;;;ORANGE;True
1787671605.770914;43.28083801200046;Wi-Fi;Wi-Fi;2,4/5 GHz;wlan0;-33.0;;;;-33.0;5.011872336272725e-07;0.1;5.011872336272725e-08;1.6597072105836103e-05;;;;ROUGE;False
1787671605.8139307;43.323856442999386;BLE Sniffer;iBeacon;2,4 GHz BLE;5e:ef:5d:3b:83:a3;-65.0;;;;-65.0;3.1622776601683795e-10;0.000368;1.1637181789419636e-13;3.518313395488212e-11;36;0x00;37;ORANGE;False
1787671605.8140256;43.323948911000116;BLE Sniffer;iBeacon;2,4 GHz BLE;5e:ef:5d:3b:83:a3;-63.0;;;;-63.0;5.011872336272714e-10;0.000368;1.8443690197483588e-13;3.5367570856856954e-11;36;0x00;38;ORANGE;False
1787671605.8625433;43.37230570400061;Simulation RF;Détection RF large bande;868 MHz;868 MHz;;2404;1.9370202105442158;-33.48080842176863;-66.48080842176863;2.2486359922994443e-10;0.1;2.2486359922994445e-11;4.961784251360446e-09;;;;ORANGE;True
1787671605.8626873;43.37230570400061;Simulation RF;Détection RF large bande;2,45 GHz;2,45 GHz;;3062;2.467766175704463;-54.71064702817851;-71.41064702817852;7.226621306718374e-11;0.1;7.226621306718375e-12;1.5640209052693523e-08;;;;VERT;True
1787671605.871612;43.3815360640001;Wi-Fi;Wi-Fi;2,4/5 GHz;wlan0;-33.0;;;;-33.0;5.011872336272725e-07;0.1;5.011872336272725e-08;1.664719082919883e-05;;;;ROUGE;False
1787671605.9192276;43.429155989999344;BLE Sniffer;iBeacon;2,4 GHz BLE;5e:ef:5d:3b:83:a3;-68.0;;;;-68.0;1.584893192461111e-10;0.000368;5.832406948256888e-14;3.5425894926339524e-11;36;0x00;39;ORANGE;False
1787671605.9193935;43.42931694199979;BLE Sniffer;Appareil BLE;2,4 GHz BLE;62:ae:f9:af:07:b9;-72.0;;;;-72.0;6.309573444801942e-11;0.00028;1.7666805645445437e-14;4.9582755519268676e-12;25;0x00;37;VERT;False
1787671605.9244452;43.43437019799967;BLE Sniffer;Appareil BLE;2,4 GHz BLE;62:ae:f9:af:07:b9;-71.0;;;;-71.0;7.943282347242822e-11;0.000536;4.257599338122153e-14;5.000851545308089e-12;57;0x00;38;VERT;False
1787671605.9271164;43.437041731000136;BLE Sniffer;Appareil BLE;2,4 GHz BLE;Appareil BLE;-88.0;;;;-88.0;1.584893192461111e-12;0.000136;2.155454741747111e-16;3.682778176683537e-14;7;0x07;39;VERT;False
1787671605.9626715;43.47239785700003;Simulation RF;Détection RF large bande;868 MHz;868 MHz;;2373;1.9125443377589364;-32.50177351035745;-65.50177351035745;2.8172322348884455e-10;0.1;2.8172322348884456e-11;4.98995657370933e-09;;;;ORANGE;True
1787671605.96289;43.47239785700003;Simulation RF;Détection RF large bande;2,45 GHz;2,45 GHz;;3032;2.4432434672025636;-53.72973868810254;-70.42973868810255;9.057870998234531e-11;0.1;9.057870998234531e-12;1.5649266923691757e-08;;;;VERT;True
1787671605.973147;43.48307104500054;Wi-Fi;Wi-Fi;2,4/5 GHz;wlan0;-33.0;;;;-33.0;5.011872336272725e-07;0.1;5.011872336272725e-08;1.6697309552561555e-05;;;;ROUGE;False
1787671606.0427325;43.55265775400039;BLE Sniffer;Appareil BLE;2,4 GHz BLE;d3:23:2f:4d:3e:b1;-79.0;;;;-79.0;1.2589254117941662e-11;0.000376;4.7335595483460644e-15;4.783987759106327e-13;37;0x00;37;VERT;False
1787671606.0450463;43.55497130600088;BLE Sniffer;Appareil BLE;2,4 GHz BLE;d3:23:2f:4d:1f:b1;-73.0;;;;-73.0;5.011872336272715e-11;0.000376;1.8844639984385406e-14;1.8844639984385406e-14;37;0x00;38;VERT;False
1787671606.0451345;43.55505745899973;BLE Sniffer;Appareil BLE;2,4 GHz BLE;d3:23:2f:4d:3e:b1;-77.0;;;;-77.0;1.9952623149688828e-11;0.000376;7.502186304282999e-15;4.859009622149157e-13;37;0x00;39;VERT;False
1787671606.0627081;43.57248458899994;Simulation RF;Détection RF large bande;868 MHz;868 MHz;;2427;1.9560613379742624;-34.24245351897049;-67.24245351897049;1.8869250416578658e-10;0.1;1.886925041657866e-11;5.008825824125909e-09;;;;ORANGE;True
1787671606.0628579;43.57248458899994;Simulation RF;Détection RF large bande;2,45 GHz;2,45 GHz;;3021;2.434566895567559;-53.38267582270235;-70.08267582270236;9.811432440365428e-11;0.1;9.811432440365428e-12;1.5659078356132124e-08;;;;VERT;True
1787671606.0709305;43.58085414800007;Wi-Fi;Wi-Fi;2,4/5 GHz;wlan0;-33.0;;;;-33.0;5.011872336272725e-07;0.1;5.011872336272725e-08;1.674742827592428e-05;;;;ROUGE;False
1787671606.158277;43.668202384000324;BLE Sniffer;iBeacon;2,4 GHz BLE;5e:ef:5d:3b:83:a3;-66.0;;;;-66.0;2.511886431509582e-10;0.000368;9.243742067955262e-14;3.551833234701908e-11;36;0x00;37;ORANGE;False
1787671606.158372;43.66829492599936;BLE Sniffer;iBeacon;2,4 GHz BLE;5e:ef:5d:3b:83:a3;-63.0;;;;-63.0;5.011872336272714e-10;0.000368;1.8443690197483588e-13;3.5702769248993913e-11;36;0x00;38;ORANGE;False
1787671606.1584158;43.66833889100053;BLE Sniffer;iBeacon;2,4 GHz BLE;5e:ef:5d:3b:83:a3;-68.0;;;;-68.0;1.584893192461111e-10;0.000368;5.832406948256888e-14;3.5761093318476483e-11;36;0x00;39;ORANGE;False
1787671606.1655698;43.672806415001105;Simulation RF;Détection RF large bande;868 MHz;868 MHz;;2349;1.8931003872141325;-31.7240154885653;-64.7240154885653;3.369755968012682e-10;0.1;3.3697559680126825e-11;5.042523383806036e-09;;;;ORANGE;True
1787671606.1657283;43.672806415001105;Simulation RF;Détection RF large bande;2,45 GHz;2,45 GHz;;3034;2.4448918216113213;-53.795672864452854;-70.49567286445286;8.921393872569321e-11;0.1;8.921393872569321e-12;1.5667999750004693e-08;;;;VERT;True
1787671606.1742465;43.68417042799956;Wi-Fi;Wi-Fi;2,4/5 GHz;wlan0;-33.0;;;;-33.0;5.011872336272725e-07;0.1;5.011872336272725e-08;1.6797546999287007e-05;;;;ROUGE;False
1787671606.2631392;43.77288635900004;Simulation RF;Détection RF large bande;868 MHz;868 MHz;;2426;1.9547992757781114;-34.19197103112445;-67.19197103112445;1.9089866746523098e-10;0.1;1.90898667465231e-11;5.061613250552558e-09;;;;ORANGE;True
1787671606.2632768;43.77288635900004;Simulation RF;Détection RF large bande;2,45 GHz;2,45 GHz;;3044;2.453251907507182;-54.130076300287286;-70.83007630028729;8.260234372170558e-11;0.1;8.260234372170559e-12;1.5676259984376862e-08;;;;VERT;True
1787671606.269585;43.77951029799988;BLE Sniffer;Appareil BLE;2,4 GHz BLE;44:52:00:58:f1:a9;-89.0;;;;-89.0;1.258925411794166e-12;0.00019999999999999998;2.517850823588332e-16;2.528680117408746e-14;15;0x00;37;VERT;False
1787671606.2720954;43.78202034199967;BLE Sniffer;Appareil BLE;2,4 GHz BLE;44:52:00:58:f1:a9;-87.0;;;;-87.0;1.9952623149688827e-12;0.00019999999999999998;3.9905246299377653e-16;2.5685853637081238e-14;15;0x00;38;VERT;False
1787671606.2721837;43.782106530999954;BLE Sniffer;Appareil BLE;2,4 GHz BLE;44:52:00:58:f1:a9;-86.0;;;;-86.0;2.5118864315095823e-12;0.00019999999999999998;5.023772863019164e-16;2.6188230923383153e-14;15;0x00;39;VERT;False
1787671606.272223;43.782145847999345;BLE Sniffer;Appareil BLE;2,4 GHz BLE;62:ae:f9:af:07:b9;-72.0;;;;-72.0;6.309573444801942e-11;0.00028;1.7666805645445437e-14;5.018518350953534e-12;25;0x00;37;VERT;False
1787671606.2852721;43.79519703299957;BLE Sniffer;Appareil BLE;2,4 GHz BLE;62:ae:f9:af:07:b9;-71.0;;;;-71.0;7.943282347242822e-11;0.00028;2.22411905722799e-14;5.040759541525814e-12;25;0x00;38;VERT;False
1787671606.2881796;43.79810405799981;Wi-Fi;Wi-Fi;2,4/5 GHz;wlan0;-33.0;;;;-33.0;5.011872336272725e-07;0.1;5.011872336272725e-08;1.6847665722649732e-05;;;;ROUGE;False
1787671606.363466;43.87297769200086;Simulation RF;Détection RF large bande;868 MHz;868 MHz;;2369;1.909339254272444;-32.373570170897764;-65.37357017089776;2.9016363481089966e-10;0.1;2.9016363481089968e-11;5.090629614033649e-09;;;;ORANGE;True
1787671606.3636122;43.87297769200086;Simulation RF;Détection RF large bande;2,45 GHz;2,45 GHz;;3021;2.4343329619824745;-53.37331847929897;-70.07331847929898;9.832595020979446e-11;0.1;9.832595020979446e-12;1.568609257939784e-08;;;;VERT;True
1787671606.3720448;43.881969612999455;Wi-Fi;Wi-Fi;2,4/5 GHz;wlan0;-33.0;;;;-33.0;5.011872336272725e-07;0.1;5.011872336272725e-08;1.6897784446012458e-05;;;;ROUGE;False
1787671606.3899379;43.89986332099943;BLE Sniffer;Appareil BLE;2,4 GHz BLE;62:ae:f9:af:07:b9;-85.0;;;;-85.0;3.1622776601683794e-12;0.00028;8.854377448471461e-16;5.0416449792706616e-12;25;0x00;39;VERT;False
1787671606.3900354;43.89995845500016;BLE Sniffer;Appareil BLE;2,4 GHz BLE;44:52:00:48:f1:a9;-85.0;;;;-85.0;3.1622776601683794e-12;0.00019999999999999998;6.324555320336759e-16;6.324555320336759e-16;15;0x00;37;VERT;False
1787671606.3944273;43.90435175300081;Simulation LoRa;LoRa;868 MHz;LoRa 868.100 MHz;-93.69170642132161;;;;-93.69170642132161;4.2739492198500045e-13;0.046335999999999995;1.980377110509698e-14;3.551943467384149e-12;13;"SNR=7.19;SF=7;BW=125.0;CR=4/5;F=868.100;CRC=OK;PAYLOAD=54454d504f5f4c4f52415f3433";7;VERT;True
1787671606.40324;43.91316494400053;BLE Sniffer;iBeacon;2,4 GHz BLE;5e:ef:5d:3b:83:a3;-63.0;;;;-63.0;5.011872336272714e-10;0.000368;1.8443690197483588e-13;3.594553022045132e-11;36;0x00;38;ORANGE;False
1787671606.46332;43.97305889500058;Simulation RF;Détection RF large bande;868 MHz;868 MHz;;2360;1.9017220158316297;-32.06888063326518;-65.06888063326518;3.1125184658043866e-10;0.1;3.112518465804387e-11;5.121754798691692e-09;;;;ORANGE;True
1787671606.4634697;43.97305889500058;Simulation RF;Détection RF large bande;2,45 GHz;2,45 GHz;;2973;2.395622880199453;-51.82491520797811;-68.52491520797811;1.4044571040495292e-10;0.1;1.4044571040495292e-11;1.5700137150438338e-08;;;;ORANGE;True
1787671606.4744534;43.98437738800021;Wi-Fi;Wi-Fi;2,4/5 GHz;wlan0;-34.0;;;;-34.0;3.981071705534969e-07;0.1;3.9810717055349696e-08;1.6937595163067806e-05;;;;ROUGE;False
1787671606.5063248;44.01624928700039;BLE Sniffer;iBeacon;2,4 GHz BLE;5e:ef:5d:3b:83:a3;-68.0;;;;-68.0;1.584893192461111e-10;0.000368;5.832406948256888e-14;3.600385428993389e-11;36;0x00;39;ORANGE;False
1787671606.5063984;44.01632145700023;BLE Sniffer;Appareil BLE;2,4 GHz BLE;62:ae:f9:af:07:b9;-72.0;;;;-72.0;6.309573444801942e-11;0.00028;1.7666805645445437e-14;5.059311784916107e-12;25;0x00;37;VERT;False
1787671606.5104334;44.02035844300008;BLE Sniffer;Appareil BLE;2,4 GHz BLE;72:ae:f9:af:07:b9;-70.0;;;;-70.0;1e-10;0.00028;2.7999999999999997e-14;2.7999999999999997e-14;25;0x00;38;ORANGE;False
1787671606.5127962;44.02272136800093;BLE Sniffer;Appareil Apple BLE;2,4 GHz BLE;62:ae:f9:af:07:b9;-84.0;;;;-84.0;3.9810717055349695e-12;0.00028;1.1147000775497915e-15;5.0604264849936565e-12;25;0x00;39;VERT;False
1787671606.5634167;44.073145042999386;Simulation RF;Détection RF large bande;868 MHz;868 MHz;;2364;1.904847681201729;-32.19390724806915;-65.19390724806915;3.0241914080115365e-10;0.1;3.0241914080115367e-11;5.151996712771808e-09;;;;ORANGE;True
1787671606.5635843;44.073145042999386;Simulation RF;Détection RF large bande;2,45 GHz;2,45 GHz;;2961;2.3864715535702365;-51.45886214280945;-68.15886214280945;1.5279663349661372e-10;0.1;1.5279663349661372e-11;1.5715416813787998e-08;;;;ORANGE;True
1787671606.5721354;44.082059590000426;Wi-Fi;Wi-Fi;2,4/5 GHz;wlan0;-34.0;;;;-34.0;3.981071705534969e-07;0.1;3.9810717055349696e-08;1.6977405880123155e-05;;;;ROUGE;False
1787671606.6282516;44.13817706900045;BLE Sniffer;Appareil BLE;2,4 GHz BLE;44:52:00:58:f1:a9;-87.0;;;;-87.0;1.9952623149688827e-12;0.00019999999999999998;3.9905246299377653e-16;2.658728338637693e-14;15;0x00;37;VERT;False
1787671606.6283855;44.138308871000845;BLE Sniffer;Appareil BLE;2,4 GHz BLE;44:52:00:58:f1:a9;-87.0;;;;-87.0;1.9952623149688827e-12;0.00019999999999999998;3.9905246299377653e-16;2.698633584937071e-14;15;0x00;38;VERT;False
1787671606.663499;44.17323256199961;Simulation RF;Détection RF large bande;868 MHz;868 MHz;;2346;1.8905658751144685;-31.62263500457874;-64.62263500457874;3.449343930214958e-10;0.1;3.4493439302149584e-11;5.186490152073958e-09;;;;ORANGE;True
1787671606.6636539;44.17323256199961;Simulation RF;Détection RF large bande;2,45 GHz;2,45 GHz;;2996;2.4141543079932006;-52.56617231972801;-69.26617231972801;1.1840846960649914e-10;0.1;1.1840846960649914e-11;1.572725766074865e-08;;;;ORANGE;True
1787671606.6720436;44.18196869299936;Wi-Fi;Wi-Fi;2,4/5 GHz;wlan0;-34.0;;;;-34.0;3.981071705534969e-07;0.1;3.9810717055349696e-08;1.7017216597178503e-05;;;;ROUGE;False
1787671606.7334442;44.24336895600027;BLE Sniffer;iBeacon;2,4 GHz BLE;5e:ef:5d:3b:83:a3;-68.0;;;;-68.0;1.584893192461111e-10;0.000368;5.832406948256888e-14;3.606217835941646e-11;36;0x00;39;ORANGE;False
1787671606.739333;44.24925834299938;BLE Sniffer;Appareil BLE;2,4 GHz BLE;62:ae:f9:af:07:b9;-72.0;;;;-72.0;6.309573444801942e-11;0.00028;1.7666805645445437e-14;5.078093290639102e-12;25;0x00;37;VERT;False
1787671606.7637138;44.273377027000606;Simulation RF;Détection RF large bande;868 MHz;868 MHz;;2418;1.9482011189288695;-33.92804475715478;-66.92804475715478;2.028595810726788e-10;0.1;2.0285958107267882e-11;5.206776110181226e-09;;;;ORANGE;True
1787671606.7639189;44.273377027000606;Simulation RF;Détection RF large bande;2,45 GHz;2,45 GHz;;2994;2.4123552448715757;-52.494209794863025;-69.19420979486303;1.2038684154766772e-10;0.1;1.2038684154766773e-11;1.5739296344903417e-08;;;;ORANGE;True
1787671606.7735415;44.28346548099944;Wi-Fi;Wi-Fi;2,4/5 GHz;wlan0;-34.0;;;;-34.0;3.981071705534969e-07;0.1;3.9810717055349696e-08;1.705702731423385e-05;;;;ROUGE;False
1787671606.8636744;44.373455619001106;Simulation RF;Détection RF large bande;868 MHz;868 MHz;;2353;1.8962483480092391;-31.849933920369565;-64.84993392036957;3.273456755354211e-10;0.1;3.273456755354211e-11;5.2395106777347675e-09;;;;ORANGE;True
1787671606.8638253;44.373455619001106;Simulation RF;Détection RF large bande;2,45 GHz;2,45 GHz;;2961;2.3863813349585485;-51.45525339834194;-68.15525339834194;1.5292365172622497e-10;0.1;1.5292365172622498e-11;1.575458871007604e-08;;;;ORANGE;True
1787671606.8721778;44.38210169000013;Wi-Fi;Wi-Fi;2,4/5 GHz;wlan0;-34.0;;;;-34.0;3.981071705534969e-07;0.1;3.9810717055349696e-08;1.70968380312892e-05;;;;ROUGE;False
1787671606.9571066;44.46703214700028;BLE Sniffer;iBeacon;2,4 GHz BLE;5e:ef:5d:3b:83:a3;-63.0;;;;-63.0;5.011872336272714e-10;0.000368;1.8443690197483588e-13;3.624661526139129e-11;36;0x00;38;ORANGE;False
1787671606.9571981;44.467121188999954;BLE Sniffer;iBeacon;2,4 GHz BLE;5e:ef:5d:3b:83:a3;-69.0;;;;-69.0;1.2589254117941662e-10;0.000368;4.6328455154025316e-14;3.629294371654532e-11;36;0x00;39;ORANGE;False
1787671606.9789279;44.47356382399994;Simulation RF;Détection RF large bande;868 MHz;868 MHz;;2404;1.9373008046189462;-33.492032184757846;-66.49203218475785;2.2428321945946505e-10;0.1;2.2428321945946507e-11;5.261938999680714e-09;;;;ORANGE;True
1787671606.979105;44.47356382399994;Simulation RF;Détection RF large bande;2,45 GHz;2,45 GHz;;2964;2.3885578804686616;-51.54231521874647;-68.24231521874647;1.4988855683534106e-10;0.1;1.4988855683534107e-11;1.5769577565759573e-08;;;;ORANGE;True
1787671607.001287;44.511211307999474;Wi-Fi;Wi-Fi;2,4/5 GHz;wlan0;-34.0;;;;-34.0;3.981071705534969e-07;0.1;3.9810717055349696e-08;1.7136648748344548e-05;;;;ROUGE;False
1787671607.0622776;44.572202426999866;BLE Sniffer;Appareil BLE;2,4 GHz BLE;62:ae:f9:af:07:b9;-69.0;;;;-69.0;1.2589254117941662e-10;0.00028;3.524991153023665e-14;5.1133432021693384e-12;25;0x00;37;ORANGE;False
1787671607.071483;44.574340712000776;Simulation RF;Détection RF large bande;868 MHz;868 MHz;;2387;1.9235949034276072;-32.943796137104286;-65.94379613710429;2.5446050590728715e-10;0.1;2.5446050590728715e-11;5.2873850502714426e-09;;;;ORANGE;True
1787671607.0716314;44.574340712000776;Simulation RF;Détection RF large bande;2,45 GHz;2,45 GHz;;3037;2.4475870172977907;-53.903480691911625;-70.60348069191163;8.702658280595222e-11;0.1;8.702658280595223e-12;1.577828022404017e-08;;;;VERT;True
1787671607.0800543;44.58997847700084;Wi-Fi;Wi-Fi;2,4/5 GHz;wlan0;-34.0;;;;-34.0;3.981071705534969e-07;0.1;3.9810717055349696e-08;1.7176459465399897e-05;;;;ROUGE;False
1787671607.1646569;44.67441613200026;Simulation RF;Détection RF large bande;868 MHz;868 MHz;;2396;1.9311460720821434;-33.24584288328573;-66.24584288328573;2.3736446985747063e-10;0.1;2.3736446985747065e-11;5.311121497257189e-09;;;;ORANGE;True
1787671607.1647985;44.67441613200026;Simulation RF;Détection RF large bande;2,45 GHz;2,45 GHz;;2970;2.393708256980877;-51.74833027923508;-68.44833027923508;1.4294434272962594e-10;0.1;1.4294434272962594e-11;1.579257465831313e-08;;;;ORANGE;True
1787671607.1833758;44.69330158599951;Wi-Fi;Wi-Fi;2,4/5 GHz;wlan0;-34.0;;;;-34.0;3.981071705534969e-07;0.1;3.9810717055349696e-08;1.7216270182455245e-05;;;;ROUGE;False
1787671607.2647634;44.77450108999983;Simulation RF;Détection RF large bande;868 MHz;868 MHz;;2373;1.9123603152376107;-32.49441260950442;-65.49441260950442;2.822011238984727e-10;0.1;2.822011238984727e-11;5.3393416096470365e-09;;;;ORANGE;True
1787671607.264901;44.77450108999983;Simulation RF;Détection RF large bande;2,45 GHz;2,45 GHz;;2957;2.3826445215217675;-51.3057808608707;-68.0057808608707;1.58278495660708e-10;0.1;1.58278495660708e-11;1.5808402507879202e-08;;;;ORANGE;True
1787671607.2732484;44.783172624000144;Wi-Fi;Wi-Fi;2,4/5 GHz;wlan0;-34.0;;;;-34.0;3.981071705534969e-07;0.1;3.9810717055349696e-08;1.7256080899510593e-05;;;;ROUGE;False
1787671607.2852316;44.795156849000705;BLE Sniffer;iBeacon;2,4 GHz BLE;5e:ef:5d:3b:83:a3;-63.0;;;;-63.0;5.011872336272714e-10;0.000368;1.8443690197483588e-13;3.6477380618520154e-11;36;0x00;38;ORANGE;False
1787671607.2853196;44.79524261200095;BLE Sniffer;iBeacon;2,4 GHz BLE;5e:ef:5d:3b:83:a3;-68.0;;;;-68.0;1.584893192461111e-10;0.000368;5.832406948256888e-14;3.6535704688002724e-11;36;0x00;39;ORANGE;False
1787671607.2966738;44.80659923299936;BLE Sniffer;Appareil BLE;2,4 GHz BLE;62:ae:f9:af:07:b9;-66.0;;;;-66.0;2.511886431509582e-10;0.00028;7.03328200822683e-14;5.183676022251607e-12;25;0x00;37;ORANGE;False
1787671607.3648305;44.874578418000965;Simulation RF;Détection RF large bande;868 MHz;868 MHz;;2306;1.8580614567465659;-30.32245826986263;-63.32245826986263;4.653226288818683e-10;0.1;4.653226288818683e-11;5.385873872535224e-09;;;;ORANGE;True
1787671607.364969;44.874578418000965;Simulation RF;Détection RF large bande;2,45 GHz;2,45 GHz;;2967;2.3908880964935904;-51.635523859743614;-68.33552385974362;1.4670591149228093e-10;0.1;1.4670591149228095e-11;1.582307309902843e-08;;;;ORANGE;True
1787671607.3733373;44.88326165599938;Wi-Fi;Wi-Fi;2,4/5 GHz;wlan0;-34.0;;;;-34.0;3.981071705534969e-07;0.1;3.9810717055349696e-08;1.729589161656594e-05;;;;ROUGE;False
1787671607.399685;44.90960962400095;BLE Sniffer;Appareil BLE;2,4 GHz BLE;62:ae:f9:af:07:b9;-68.0;;;;-68.0;1.584893192461111e-10;0.00028;4.43770093889111e-14;5.228053031640518e-12;25;0x00;38;ORANGE;False
1787671607.399757;44.909679942000366;BLE Sniffer;Appareil BLE;2,4 GHz BLE;62:ae:f9:af:07:b9;-77.0;;;;-77.0;1.9952623149688828e-11;0.00028;5.586734481912872e-15;5.2336397661224305e-12;25;0x00;39;VERT;False
1787671607.4037576;44.91368233200046;Simulation LoRa;LoRa;868 MHz;LoRa 868.100 MHz;-88.49564243551484;;;;-88.49564243551484;1.413955548465759e-12;0.046335999999999995;6.55170442937094e-14;3.617460511677858e-12;13;"SNR=8.66;SF=7;BW=125.0;CR=4/5;F=868.100;CRC=OK;PAYLOAD=54454d504f5f4c4f52415f3434";7;VERT;True
1787671607.4061038;44.91602883000087;BLE Sniffer;Appareil BLE;2,4 GHz BLE;44:52:00:58:f1:a9;-87.0;;;;-87.0;1.9952623149688827e-12;0.00019999999999999998;3.9905246299377653e-16;2.7385388312364487e-14;15;0x00;37;VERT;False
1787671607.4649372;44.974664986999414;Simulation RF;Détection RF large bande;868 MHz;868 MHz;;2390;1.9263032748228666;-33.052130992914655;-66.05213099291466;2.481914982279494e-10;0.1;2.481914982279494e-11;5.410693022358019e-09;;;;ORANGE;True
1787671607.465104;44.974664986999414;Simulation RF;Détection RF large bande;2,45 GHz;2,45 GHz;;3021;2.4347685537135106;-53.390742148540426;-70.09074214854043;9.793226185675303e-11;0.1;9.793226185675303e-12;1.5832866325214105e-08;;;;VERT;True
1787671607.4736154;44.9835394189995;Wi-Fi;Wi-Fi;2,4/5 GHz;wlan0;-34.0;;;;-34.0;3.981071705534969e-07;0.1;3.9810717055349696e-08;1.733570233362129e-05;;;;ROUGE;False
1787671607.5220559;45.03198113799954;BLE Sniffer;Appareil BLE;2,4 GHz BLE;62:ae:f9:af:07:b9;-67.0;;;;-67.0;1.9952623149688828e-10;0.00028;5.5867344819128714e-14;5.289507110941559e-12;25;0x00;38;ORANGE;False
1787671607.5650132;45.07474633399943;Simulation RF;Détection RF large bande;868 MHz;868 MHz;;2371;1.910684688845899;-32.427387553835956;-65.42738755383596;2.865901399980172e-10;0.1;2.865901399980172e-11;5.43935203635782e-09;;;;ORANGE;True
1787671607.5651753;45.07474633399943;Simulation RF;Détection RF large bande;2,45 GHz;2,45 GHz;;3012;2.4269498766986457;-53.07799506794582;-69.77799506794582;1.0524476269428314e-10;0.1;1.0524476269428314e-11;1.5843390801483532e-08;;;;ORANGE;True
1787671607.5706372;45.080561216000206;Wi-Fi;Wi-Fi;2,4/5 GHz;wlan0;-35.0;;;;-35.0;3.162277660168379e-07;0.1;3.162277660168379e-08;1.7367325110222975e-05;;;;ROUGE;False
