{"time_last_update":1784727405,"weights":{"thom":1.81,"rece":4.66,"freq":2,"ctr":9.54},"init_weights":{"thom":1.81,"rece":4.66,"freq":2,"ctr":9.54},"norms":{"rece":{"beta":0.001,"mean":4.323647884556406,"var":12.776809238942095},"freq":{"beta":0.001,"mean":2722.0172952161292,"var":11677826.77389947},"ctr":{"beta":0.001,"mean":0.005151322528015593,"var":0.15329812884660343},"thom":{"beta":0.001,"mean":0.004988431702044418,"var":0.1533037931364019}},"score_map":{"JHD2SEjTwtKr":{"thom":0.06334201364611321,"rece":1.5002562251298552,"freq":1.7303097233278264,"ctr":0.07998560439983228,"final":11.214876121735179},"Dd4hRX60EKAa":{"thom":-0.008993210795182997,"rece":-0.16160859955463755,"freq":-0.3464623518002281,"ctr":-0.010700971659696539,"final":-1.5481080471585722},"opftoxTOqjNJ":{"thom":-0.009921161430837499,"rece":-0.7280553130712939,"freq":-0.7965441747961205,"ctr":-0.010700971659696539,"final":-5.0879133781379755},"Loudc6lkSLww":{"thom":-0.003000175947364091,"rece":-0.9423791903855048,"freq":-0.7762606023911355,"ctr":-0.010628026225334384,"final":-6.0453996021684135},"BSRmb9oSo_Tp":{"thom":-0.011470690420023999,"rece":-0.9723787247094149,"freq":-0.7762606023911355,"ctr":-0.010633023804500171,"final":-6.185245109023076},"y_1ledhw5VX5":{"thom":-0.007395696098411534,"rece":-0.8514682045652485,"freq":-0.732246771510993,"ctr":-0.010700971659696539,"final":-5.534422645929549}}}