{"time_last_update":1784766846,"weights":{"thom":1.81,"rece":4.66,"freq":2,"ctr":9.54},"init_weights":{"thom":1.81,"rece":4.66,"freq":2,"ctr":9.54},"norms":{"rece":{"beta":0.001,"mean":4.126964101166968,"var":12.522157299490157},"freq":{"beta":0.001,"mean":2576.7805836296066,"var":11508157.586232414},"ctr":{"beta":0.001,"mean":0.005408282617704131,"var":0.13038697198529886},"thom":{"beta":0.001,"mean":0.0052526717959065685,"var":0.1303919181932233}},"score_map":{"JHD2SEjTwtKr":{"thom":0.050683528976305466,"rece":1.540257908985385,"freq":1.7858311507444606,"ctr":0.08592031243906956,"final":11.56894393802954},"Dd4hRX60EKAa":{"thom":-0.01321739391937137,"rece":-0.1195571574346292,"freq":-0.3061942329503848,"ctr":-0.01231729220805405,"final":-1.2870317872109773},"opftoxTOqjNJ":{"thom":-0.013627794627794882,"rece":-0.6853052107382694,"freq":-0.759581780733643,"ctr":-0.01231729220805405,"final":-4.8301928111724575},"Loudc6lkSLww":{"thom":-0.012441143707025653,"rece":-0.8993647391522118,"freq":-0.7391492311768388,"ctr":-0.012238351272369469,"final":-5.78609201794139},"BSRmb9oSo_Tp":{"thom":-0.014494100837678088,"rece":-0.9293272717943379,"freq":-0.7391492311768388,"ctr":-0.012241058041606875,"final":-5.925743242632222},"y_1ledhw5VX5":{"thom":-0.013104057512774141,"rece":-0.8085658837181032,"freq":-0.6948121310503205,"ctr":-0.01231729220805405,"final":-5.275048247891838}}}