{"time_last_update":1784251155,"weights":{"thom":1.81,"rece":4.66,"freq":2,"ctr":9.54},"init_weights":{"thom":1.81,"rece":4.66,"freq":2,"ctr":9.54},"norms":{"rece":{"beta":0.001,"mean":5.740138963381175,"var":12.87608643817771},"freq":{"beta":0.001,"mean":3938.336349824202,"var":12444946.225482082},"ctr":{"beta":0.001,"mean":0.003827229623285665,"var":0.35013352029403205},"thom":{"beta":0.001,"mean":0.003441633665558085,"var":0.350137531012016}},"score_map":{"JHD2SEjTwtKr":{"thom":0.023851708177325518,"rece":1.1339402213661138,"freq":0.9811485716366277,"ctr":0.029769555375672493,"final":7.530460133123262},"Dd4hRX60EKAa":{"thom":-0.0016428558132172888,"rece":-0.4031074208350336,"freq":-0.6804014644511268,"ctr":-0.004817588061206657,"final":-3.2852433000974215},"opftoxTOqjNJ":{"thom":-0.005372017223750711,"rece":-1.0498626100133905,"freq":-1.11639091008828,"ctr":-0.004817588061206657,"final":-7.171101372942872},"BSRmb9oSo_Tp":{"thom":-0.002039100413900176,"rece":-1.3288251859169542,"freq":-1.0967424305528797,"ctr":-0.004784712022652069,"final":-8.431456380174867},"y_1ledhw5VX5":{"thom":-0.0023436666654924974,"rece":-1.190772471577754,"freq":-1.0541067035686866,"ctr":-0.004817588061206657,"final":-7.703172914793618}}}