timestamp_epoch;elapsed_s;source;technology;band;device;rssi_dbm;adc_code;voltage_v;power_detector_dbm;power_antenna_dbm;power_w;duration_s;energy_j;cumulative_energy_j;packet_length_bytes;pdu_type;channel;alert_level;simulated
1787665251.7190292;2.1376747880003677;Simulation LoRa;LoRa;868 MHz;LoRa 868.100 MHz;-91.19888935708441;;;;-91.19888935708441;7.587715946595056e-13;0.041216;3.1273530045486184e-14;3.1273530045486184e-14;12;"SNR=5.52;SF=7;BW=125.0;CR=4/5;F=868.100;CRC=OK;PAYLOAD=54454d504f5f4c4f52415f31";7;VERT;True
1787665251.7597783;2.1483566320002865;Simulation RF;Détection RF large bande;868 MHz;868 MHz;;2492;2.008444045509909;-36.33776182039635;-69.33776182039635;1.1647261279035933e-10;0.1;1.1647261279035933e-11;1.1647261279035933e-11;;;;ORANGE;True
1787665251.7609673;2.1483566320002865;Simulation RF;Détection RF large bande;2,45 GHz;2,45 GHz;;2843;2.2911082272434835;-47.64432908973933;-64.34432908973933;3.677622019235284e-10;0.1;3.677622019235284e-11;3.677622019235284e-11;;;;ORANGE;True
1787665251.7921822;2.2108370619998823;Wi-Fi;Wi-Fi;2,4/5 GHz;wlan0;-35.0;;;;-35.0;3.162277660168379e-07;0.1;3.162277660168379e-08;3.162277660168379e-08;;;;ROUGE;False
1787665251.8305933;2.2486371510003664;Simulation RF;Détection RF large bande;868 MHz;868 MHz;;2519;2.0301112899595024;-37.20445159838009;-70.20445159838009;9.540142025584099e-11;0.1;9.5401420255841e-12;2.1187403304620033e-11;;;;VERT;True
1787665251.8311524;2.2486371510003664;Simulation RF;Détection RF large bande;2,45 GHz;2,45 GHz;;2860;2.3046837549593926;-48.1873501983757;-64.8873501983757;3.245375701030209e-10;0.1;3.245375701030209e-11;6.922997720265493e-11;;;;ORANGE;True
1787665251.843884;2.262528518000181;Wi-Fi;Wi-Fi;2,4/5 GHz;wlan0;-35.0;;;;-35.0;3.162277660168379e-07;0.1;3.162277660168379e-08;6.324555320336758e-08;;;;ROUGE;False
1787665251.9337;2.349565845000143;Simulation RF;Détection RF large bande;868 MHz;868 MHz;;2517;2.0283239350349525;-37.13295740139809;-70.13295740139809;9.69849307111855e-11;0.1;9.698493071118551e-12;3.0885896375738585e-11;;;;VERT;True
1787665251.9343963;2.349565845000143;Simulation RF;Détection RF large bande;2,45 GHz;2,45 GHz;;2903;2.339248118163597;-49.56992472654389;-66.26992472654389;2.3605191461789904e-10;0.1;2.3605191461789907e-11;9.283516866444484e-11;;;;ORANGE;True
1787665251.9475868;2.3662287489996743;Wi-Fi;Wi-Fi;2,4/5 GHz;wlan0;-34.0;;;;-34.0;3.981071705534969e-07;0.1;3.9810717055349696e-08;1.0305627025871729e-07;;;;ROUGE;False
1787665252.0314326;2.4497016400000575;Simulation RF;Détection RF large bande;868 MHz;868 MHz;;2495;2.010730705414018;-36.429228216560716;-69.42922821656072;1.1404524390196964e-10;0.1;1.1404524390196965e-11;4.229042076593555e-11;;;;ORANGE;True
1787665252.0316918;2.4497016400000575;Simulation RF;Détection RF large bande;2,45 GHz;2,45 GHz;;2838;2.286631628232022;-47.465265129280866;-64.16526512928087;3.8324234340266943e-10;0.1;3.832423434026695e-11;1.311594030047118e-10;;;;ORANGE;True
1787665252.0415308;2.460173481000311;Wi-Fi;Wi-Fi;2,4/5 GHz;wlan0;-34.0;;;;-34.0;3.981071705534969e-07;0.1;3.9810717055349696e-08;1.42866987314067e-07;;;;ROUGE;False
1787665252.1314223;2.5498129159996097;Simulation RF;Détection RF large bande;868 MHz;868 MHz;;2448;1.9725751777709228;-34.90300711083691;-67.90300711083691;1.6206875238803065e-10;0.1;1.6206875238803066e-11;5.849729600473862e-11;;;;ORANGE;True
1787665252.131692;2.5498129159996097;Simulation RF;Détection RF large bande;2,45 GHz;2,45 GHz;;2870;2.312988332518253;-48.51953330073012;-65.21953330073012;3.006399357388872e-10;0.1;3.006399357388872e-11;1.6122339657860052e-10;;;;ORANGE;True
1787665252.1436443;2.5622864500001015;Wi-Fi;Wi-Fi;2,4/5 GHz;wlan0;-33.0;;;;-33.0;5.011872336272725e-07;0.1;5.011872336272725e-08;1.9298571067679424e-07;;;;ROUGE;False
1787665252.2348897;2.6500098039996374;Simulation RF;Détection RF large bande;868 MHz;868 MHz;;2553;2.0571542784561756;-38.28617113824701;-71.28617113824701;7.436744932202305e-11;0.1;7.436744932202305e-12;6.593404093694092e-11;;;;VERT;True
1787665252.2354677;2.6500098039996374;Simulation RF;Détection RF large bande;2,45 GHz;2,45 GHz;;2831;2.281161498280763;-47.246459931230504;-63.9464599312305;4.030454352740309e-10;0.1;4.030454352740309e-11;2.015279401060036e-10;;;;ORANGE;True
1787665252.250374;2.6690167019996807;Wi-Fi;Wi-Fi;2,4/5 GHz;wlan0;-33.0;;;;-33.0;5.011872336272725e-07;0.1;5.011872336272725e-08;2.431044340395215e-07;;;;ROUGE;False
1787665252.3324027;2.750688383999659;Simulation RF;Détection RF large bande;868 MHz;868 MHz;;2430;1.9583313010672414;-34.33325204268965;-67.33325204268965;1.8478843855443053e-10;0.1;1.8478843855443055e-11;8.441288479238397e-11;;;;ORANGE;True
1787665252.3331048;2.750688383999659;Simulation RF;Détection RF large bande;2,45 GHz;2,45 GHz;;2848;2.29510168837651;-47.8040675350604;-64.5040675350604;3.5448123206262314e-10;0.1;3.544812320626232e-11;2.3697606331226596e-10;;;;ORANGE;True
1787665252.3702424;2.788888514000064;Wi-Fi;Wi-Fi;2,4/5 GHz;wlan0;-33.0;;;;-33.0;5.011872336272725e-07;0.1;5.011872336272725e-08;2.9322315740224874e-07;;;;ROUGE;False
1787665252.4347243;2.850835215999723;Simulation RF;Détection RF large bande;868 MHz;868 MHz;;2468;1.9889526538729454;-35.55810615491781;-68.55810615491781;1.393764454809967e-10;0.1;1.3937644548099672e-11;9.835052934048365e-11;;;;ORANGE;True
1787665252.4769275;2.850835215999723;Simulation RF;Détection RF large bande;2,45 GHz;2,45 GHz;;2795;2.2520946655074385;-46.083786620297545;-62.78378662029755;5.267703692371618e-10;0.1;5.267703692371618e-11;2.8965310023598215e-10;;;;ORANGE;True
1787665252.4977744;2.916417372000069;Wi-Fi;Wi-Fi;2,4/5 GHz;wlan0;-33.0;;;;-33.0;5.011872336272725e-07;0.1;5.011872336272725e-08;3.43341880764976e-07;;;;ROUGE;False
1787665252.532714;2.951029048000237;Simulation RF;Détection RF large bande;868 MHz;868 MHz;;2415;1.9459328018327018;-33.83731207330807;-66.83731207330807;2.0714229930957055e-10;0.1;2.0714229930957055e-11;1.190647592714407e-10;;;;ORANGE;True
1787665252.5369503;2.951029048000237;Simulation RF;Détection RF large bande;2,45 GHz;2,45 GHz;;2803;2.2588432421774933;-46.35372968709973;-63.05372968709973;4.950248847004527e-10;0.1;4.950248847004528e-11;3.391555887060274e-10;;;;ORANGE;True
1787665252.5520766;2.970718214000044;Wi-Fi;Wi-Fi;2,4/5 GHz;wlan0;-33.0;;;;-33.0;5.011872336272725e-07;0.1;5.011872336272725e-08;3.9346060412770324e-07;;;;ROUGE;False
1787665252.632781;3.0511281569997664;Simulation RF;Détection RF large bande;868 MHz;868 MHz;;2479;1.9973986428488826;-35.8959457139553;-68.8959457139553;1.289452737791062e-10;0.1;1.2894527377910621e-11;1.3195928664935132e-10;;;;ORANGE;True
1787665252.6330743;3.0511281569997664;Simulation RF;Détection RF large bande;2,45 GHz;2,45 GHz;;2828;2.2787945528533684;-47.15178211413473;-63.85178211413473;4.119284508304093e-10;0.1;4.1192845083040936e-11;3.803484337890683e-10;;;;ORANGE;True
1787665252.643138;3.0617805929996393;Wi-Fi;Wi-Fi;2,4/5 GHz;wlan0;-34.0;;;;-34.0;3.981071705534969e-07;0.1;3.9810717055349696e-08;4.332713211830529e-07;;;;ROUGE;False
1787665252.732783;3.151215914000204;Simulation RF;Détection RF large bande;868 MHz;868 MHz;;2440;1.966444439874566;-34.65777759498263;-67.65777759498263;1.7148346113328094e-10;0.1;1.7148346113328095e-11;1.4910763276267941e-10;;;;ORANGE;True
1787665252.732989;3.151215914000204;Simulation RF;Détection RF large bande;2,45 GHz;2,45 GHz;;2794;2.2517249004362294;-46.06899601744918;-62.76899601744918;5.285674295056703e-10;0.1;5.285674295056704e-11;4.332051767396354e-10;;;;ORANGE;True
1787665252.7429478;3.1615905689996;Wi-Fi;Wi-Fi;2,4/5 GHz;wlan0;-34.0;;;;-34.0;3.981071705534969e-07;0.1;3.9810717055349696e-08;4.730820382384026e-07;;;;ROUGE;False
1787665252.7777312;3.196372729000359;Simulation LoRa;LoRa;868 MHz;LoRa 868.100 MHz;-86.14040731324964;;;;-86.14040731324964;2.4319759098219575e-12;0.041216;1.0023631909922181e-13;1.31509849144708e-13;12;"SNR=6.96;SF=7;BW=125.0;CR=4/5;F=868.100;CRC=OK;PAYLOAD=54454d504f5f4c4f52415f32";7;VERT;True
1787665252.8331897;3.2515490819996558;Simulation RF;Détection RF large bande;868 MHz;868 MHz;;2449;1.9736768625137224;-34.947074500548894;-67.9470745005489;1.6043257345123004e-10;0.1;1.6043257345123003e-11;1.6515089010780242e-10;;;;ORANGE;True
1787665252.8333735;3.2515490819996558;Simulation RF;Détection RF large bande;2,45 GHz;2,45 GHz;;2776;2.2371331947112054;-45.48532778844822;-62.18532778844822;6.045987168818346e-10;0.1;6.045987168818346e-11;4.936650484278188e-10;;;;ORANGE;True
1787665252.8431053;3.2617469939996226;Wi-Fi;Wi-Fi;2,4/5 GHz;wlan0;-34.0;;;;-34.0;3.981071705534969e-07;0.1;3.9810717055349696e-08;5.128927552937523e-07;;;;ROUGE;False
1787665252.9332657;3.3516624510002657;Simulation RF;Détection RF large bande;868 MHz;868 MHz;;2478;1.9971375461947778;-35.885501847791105;-68.8855018477911;1.2925573310707412e-10;0.1;1.2925573310707413e-11;1.7807646341850983e-10;;;;ORANGE;True
1787665252.933456;3.3516624510002657;Simulation RF;Détection RF large bande;2,45 GHz;2,45 GHz;;2854;2.300259237674966;-48.01036950699864;-64.71036950699865;3.380360741529931e-10;0.1;3.380360741529931e-11;5.274686558431182e-10;;;;ORANGE;True
1787665252.9426668;3.3613083179998284;Wi-Fi;Wi-Fi;2,4/5 GHz;wlan0;-34.0;;;;-34.0;3.981071705534969e-07;0.1;3.9810717055349696e-08;5.52703472349102e-07;;;;ROUGE;False
1787665253.0333076;3.4517505599997094;Simulation RF;Détection RF large bande;868 MHz;868 MHz;;2458;1.9811928327713018;-35.24771331085206;-68.24771331085206;1.497023675947165e-10;0.1;1.497023675947165e-11;1.9304670017798148e-10;;;;ORANGE;True
1787665253.0334804;3.4517505599997094;Simulation RF;Détection RF large bande;2,45 GHz;2,45 GHz;;2906;2.341901055096404;-49.676042203856156;-66.37604220385616;2.3035401146735413e-10;0.1;2.3035401146735414e-11;5.505040569898536e-10;;;;ORANGE;True
1787665253.04186;3.460501341000054;Wi-Fi;Wi-Fi;2,4/5 GHz;wlan0;-33.0;;;;-33.0;5.011872336272725e-07;0.1;5.011872336272725e-08;6.028221957118292e-07;;;;ROUGE;False
1787665253.1336849;3.5519127990000925;Simulation RF;Détection RF large bande;868 MHz;868 MHz;;2494;2.0095171117032837;-36.38068446813135;-69.38068446813135;1.1532714825930915e-10;0.1;1.1532714825930916e-11;2.045794150039124e-10;;;;ORANGE;True
1787665253.1340961;3.5519127990000925;Simulation RF;Détection RF large bande;2,45 GHz;2,45 GHz;;2787;2.24580707716314;-45.83228308652559;-62.532283086525595;5.581766840556757e-10;0.1;5.581766840556757e-11;6.063217253954211e-10;;;;ORANGE;True
1787665253.1492152;3.567858655999771;Wi-Fi;Wi-Fi;2,4/5 GHz;wlan0;-33.0;;;;-33.0;5.011872336272725e-07;0.1;5.011872336272725e-08;6.529409190745565e-07;;;;ROUGE;False
1787665253.2335944;3.6520194450004055;Simulation RF;Détection RF large bande;868 MHz;868 MHz;;2468;1.988535234011473;-35.541409360458914;-68.54140936045891;1.399133206048196e-10;0.1;1.399133206048196e-11;2.1857074706439436e-10;;;;ORANGE;True
1787665253.2337518;3.6520194450004055;Simulation RF;Détection RF large bande;2,45 GHz;2,45 GHz;;2826;2.2770854913727843;-47.08341965491137;-63.78341965491137;4.184639349138245e-10;0.1;4.184639349138245e-11;6.481681188868036e-10;;;;ORANGE;True
1787665253.2427227;3.6613656039999114;Wi-Fi;Wi-Fi;2,4/5 GHz;wlan0;-33.0;;;;-33.0;5.011872336272725e-07;0.1;5.011872336272725e-08;7.030596424372837e-07;;;;ROUGE;False
1787665253.3366716;3.755064296000455;Simulation RF;Détection RF large bande;868 MHz;868 MHz;;2479;1.9977047625421418;-35.90819050168567;-68.90819050168567;1.2858222892730375e-10;0.1;1.2858222892730375e-11;2.3142896995712473e-10;;;;ORANGE;True
1787665253.3369117;3.755064296000455;Simulation RF;Détection RF large bande;2,45 GHz;2,45 GHz;;2885;2.3251001657561305;-49.004006630245215;-65.70400663024522;2.689052844728789e-10;0.1;2.689052844728789e-11;6.750586473340915e-10;;;;ORANGE;True
1787665253.3507016;3.76934346500002;Wi-Fi;Wi-Fi;2,4/5 GHz;wlan0;-33.0;;;;-33.0;5.011872336272725e-07;0.1;5.011872336272725e-08;7.53178365800011e-07;;;;ROUGE;False
1787665253.436852;3.8551782570002615;Simulation RF;Détection RF large bande;868 MHz;868 MHz;;2513;2.0248354226580356;-36.99341690632143;-69.99341690632143;1.0015169627627408e-10;0.1;1.0015169627627409e-11;2.4144413958475216e-10;;;;ORANGE;True
1787665253.4370787;3.8551782570002615;Simulation RF;Détection RF large bande;2,45 GHz;2,45 GHz;;2854;2.299563248859367;-47.98252995437467;-64.68252995437467;3.402099448636752e-10;0.1;3.402099448636752e-11;7.09079641820459e-10;;;;ORANGE;True
1787665253.4488919;3.8675335480002104;Wi-Fi;Wi-Fi;2,4/5 GHz;wlan0;-33.0;;;;-33.0;5.011872336272725e-07;0.1;5.011872336272725e-08;8.032970891627382e-07;;;;ROUGE;False
1787665253.5369167;3.9552854029998343;Simulation RF;Détection RF large bande;868 MHz;868 MHz;;2541;2.0473663670703033;-37.89465468281213;-70.89465468281213;8.138315677616572e-11;0.1;8.138315677616573e-12;2.495824552623687e-10;;;;VERT;True
1787665253.5371625;3.9552854029998343;Simulation RF;Détection RF large bande;2,45 GHz;2,45 GHz;;2825;2.276233882888867;-47.04935531555468;-63.74935531555467;4.2175910642420426e-10;0.1;4.217591064242043e-11;7.512555524628795e-10;;;;ORANGE;True
1787665253.5474415;3.9660843589999786;Wi-Fi;Wi-Fi;2,4/5 GHz;wlan0;-34.0;;;;-34.0;3.981071705534969e-07;0.1;3.9810717055349696e-08;8.43107806218088e-07;;;;ROUGE;False
1787665253.6369739;4.055395975000465;Simulation RF;Détection RF large bande;868 MHz;868 MHz;;2444;1.9697007749608915;-34.78803099843566;-67.78803099843566;1.664166978326792e-10;0.1;1.664166978326792e-11;2.6622412504563665e-10;;;;ORANGE;True
1787665253.6371408;4.055395975000465;Simulation RF;Détection RF large bande;2,45 GHz;2,45 GHz;;2823;2.27513247503022;-47.00529900120881;-63.70529900120881;4.2605934942100823e-10;0.1;4.260593494210083e-11;7.938614874049804e-10;;;;ORANGE;True
1787665253.6476507;4.066292636000071;Wi-Fi;Wi-Fi;2,4/5 GHz;wlan0;-34.0;;;;-34.0;3.981071705534969e-07;0.1;3.9810717055349696e-08;8.829185232734377e-07;;;;ROUGE;False
1787665253.6980507;4.116692425999645;Simulation LoRa;LoRa;868 MHz;LoRa 868.100 MHz;-86.08572508124587;;;;-86.08572508124587;2.4627906259248956e-12;0.041216;1.0150637843812051e-13;2.330162275828285e-13;12;"SNR=5.53;SF=7;BW=125.0;CR=4/5;F=868.100;CRC=OK;PAYLOAD=54454d504f5f4c4f52415f33";7;VERT;True
1787665253.7371118;4.155504008999742;Simulation RF;Détection RF large bande;868 MHz;868 MHz;;2404;1.937012214708589;-33.48048858834356;-66.48048858834356;2.2488015977731255e-10;0.1;2.2488015977731257e-11;2.887121410233679e-10;;;;ORANGE;True
1787665253.7373333;4.155504008999742;Simulation RF;Détection RF large bande;2,45 GHz;2,45 GHz;;2778;2.2386355335753314;-45.545421343013246;-62.24542134301325;5.962904662301333e-10;0.1;5.962904662301333e-11;8.534905340279937e-10;;;;ORANGE;True
1787665253.7494693;4.168112397000186;Wi-Fi;Wi-Fi;2,4/5 GHz;wlan0;-35.0;;;;-35.0;3.162277660168379e-07;0.1;3.162277660168379e-08;9.145412998751215e-07;;;;ROUGE;False
1787665253.8383708;4.255622192000374;Simulation RF;Détection RF large bande;868 MHz;868 MHz;;2455;1.9784223136517882;-35.13689254607152;-68.13689254607152;1.5357154213567204e-10;0.1;1.5357154213567204e-11;3.040692952369351e-10;;;;ORANGE;True
1787665253.8387463;4.255622192000374;Simulation RF;Détection RF large bande;2,45 GHz;2,45 GHz;;2799;2.255312693428289;-46.21250773713156;-62.91250773713156;5.113864615035384e-10;0.1;5.113864615035384e-11;9.046291801783476e-10;;;;ORANGE;True
1787665253.8482487;4.266890173999855;Wi-Fi;Wi-Fi;2,4/5 GHz;wlan0;-35.0;;;;-35.0;3.162277660168379e-07;0.1;3.162277660168379e-08;9.461640764768053e-07;;;;ROUGE;False
1787665253.9373755;4.355754875999992;Simulation RF;Détection RF large bande;868 MHz;868 MHz;;2424;1.9530628748466594;-34.122514993866375;-67.12251499386637;1.9397622384097784e-10;0.1;1.9397622384097785e-11;3.234669176210329e-10;;;;ORANGE;True
1787665253.9376347;4.355754875999992;Simulation RF;Détection RF large bande;2,45 GHz;2,45 GHz;;2824;2.2754148689302105;-47.01659475720842;-63.716594757208426;4.249526328167771e-10;0.1;4.2495263281677715e-11;9.471244434600252e-10;;;;ORANGE;True
1787665253.9500515;4.368693618999714;Wi-Fi;Wi-Fi;2,4/5 GHz;wlan0;-36.0;;;;-36.0;2.5118864315095823e-07;0.1;2.5118864315095824e-08;9.712829407919011e-07;;;;ROUGE;False
1787665254.0374334;4.45585317000041;Simulation RF;Détection RF large bande;868 MHz;868 MHz;;2458;1.9804753418705108;-35.21901367482043;-68.21901367482043;1.5069492702217594e-10;0.1;1.5069492702217594e-11;3.385364103232505e-10;;;;ORANGE;True
1787665254.0375967;4.45585317000041;Simulation RF;Détection RF large bande;2,45 GHz;2,45 GHz;;2784;2.243123774652772;-45.72495098611087;-62.42495098611087;5.721434117492211e-10;0.1;5.7214341174922114e-11;1.0043387846349473e-09;;;;ORANGE;True
1787665254.0476649;4.4663061589999415;Wi-Fi;Wi-Fi;2,4/5 GHz;wlan0;-36.0;;;;-36.0;2.5118864315095823e-07;0.1;2.5118864315095824e-08;9.96401805106997e-07;;;;ROUGE;False
1787665254.1374984;4.55594270399979;Simulation RF;Détection RF large bande;868 MHz;868 MHz;;2378;1.9163527912107186;-32.65411164842874;-65.65411164842874;2.7201248321142276e-10;0.1;2.7201248321142278e-11;3.657376586443928e-10;;;;ORANGE;True
1787665254.137654;4.55594270399979;Simulation RF;Détection RF large bande;2,45 GHz;2,45 GHz;;2791;2.2490117768394757;-45.96047107357903;-62.660471073579025;5.41942103457931e-10;0.1;5.41942103457931e-11;1.0585329949807404e-09;;;;ORANGE;True
1787665254.1465423;4.565183788000468;Wi-Fi;Wi-Fi;2,4/5 GHz;wlan0;-36.0;;;;-36.0;2.5118864315095823e-07;0.1;2.5118864315095824e-08;1.0215206694220928e-06;;;;ROUGE;False
1787665254.2375908;4.6560314970001855;Simulation RF;Détection RF large bande;868 MHz;868 MHz;;2434;1.9617573301020776;-34.470293204083106;-67.4702932040831;1.7904849694172786e-10;0.1;1.7904849694172786e-11;3.8364250833856555e-10;;;;ORANGE;True
1787665254.2377508;4.6560314970001855;Simulation RF;Détection RF large bande;2,45 GHz;2,45 GHz;;2835;2.2847045438774525;-47.38818175509809;-64.08818175509809;3.901052764485536e-10;0.1;3.9010527644855365e-11;1.0975435226255958e-09;;;;ORANGE;True
1787665254.2466087;4.665249951999613;Wi-Fi;Wi-Fi;2,4/5 GHz;wlan0;-36.0;;;;-36.0;2.5118864315095823e-07;0.1;2.5118864315095824e-08;1.0466395337371887e-06;;;;ROUGE;False
1787665254.3376758;4.756121698000243;Simulation RF;Détection RF large bande;868 MHz;868 MHz;;2406;1.9387896271477816;-33.551585085911256;-66.55158508591126;2.2122871227482417e-10;0.1;2.2122871227482417e-11;4.0576537956604795e-10;;;;ORANGE;True
1787665254.3378372;4.756121698000243;Simulation RF;Détection RF large bande;2,45 GHz;2,45 GHz;;2824;2.275598898812834;-47.02395595251335;-63.72395595251334;4.2423295760271265e-10;0.1;4.242329576027127e-11;1.139966818385867e-09;;;;ORANGE;True
1787665254.3472424;4.765884252000433;Wi-Fi;Wi-Fi;2,4/5 GHz;wlan0;-37.0;;;;-37.0;1.9952623149688787e-07;0.1;1.995262314968879e-08;1.0665921568868774e-06;;;;ROUGE;False
1787665254.4377718;4.8562105660003;Simulation RF;Détection RF large bande;868 MHz;868 MHz;;2327;1.8750748201038043;-31.00299280415217;-64.00299280415217;3.978329219941849e-10;0.1;3.978329219941849e-11;4.455486717654664e-10;;;;ORANGE;True
1787665254.4379303;4.8562105660003;Simulation RF;Détection RF large bande;2,45 GHz;2,45 GHz;;2778;2.2383086340637113;-45.53234536254844;-62.232345362548436;5.980885162970471e-10;0.1;5.980885162970471e-11;1.1997756700155718e-09;;;;ORANGE;True
1787665254.4470718;4.86571344999993;Wi-Fi;Wi-Fi;2,4/5 GHz;wlan0;-37.0;;;;-37.0;1.9952623149688787e-07;0.1;1.995262314968879e-08;1.0865447800365661e-06;;;;ROUGE;False
1787665254.5378401;4.956292193000081;Simulation RF;Détection RF large bande;868 MHz;868 MHz;;2392;1.9276124325338466;-33.10449730135386;-66.10449730135386;2.4521682774324904e-10;0.1;2.4521682774324907e-11;4.700703545397913e-10;;;;ORANGE;True
1787665254.5379887;4.956292193000081;Simulation RF;Détection RF large bande;2,45 GHz;2,45 GHz;;2753;2.218456090333922;-44.73824361335687;-61.438243613356875;7.18084642479022e-10;0.1;7.18084642479022e-11;1.271584134263474e-09;;;;ORANGE;True
1787665254.5496943;4.9683358689999295;Wi-Fi;Wi-Fi;2,4/5 GHz;wlan0;-37.0;;;;-37.0;1.9952623149688787e-07;0.1;1.995262314968879e-08;1.1064974031862548e-06;;;;ROUGE;False
1787665254.6379573;5.056410283000332;Simulation RF;Détection RF large bande;868 MHz;868 MHz;;2386;1.9225250885003815;-32.90100354001525;-65.90100354001525;2.569801900708e-10;0.1;2.569801900708e-11;4.957683735468713e-10;;;;ORANGE;True
1787665254.6381118;5.056410283000332;Simulation RF;Détection RF large bande;2,45 GHz;2,45 GHz;;2793;2.250534953278464;-46.02139813113857;-62.72139813113857;5.343922939399864e-10;0.1;5.343922939399864e-11;1.3250233636574727e-09;;;;ORANGE;True
1787665254.647661;5.066302393999649;Wi-Fi;Wi-Fi;2,4/5 GHz;wlan0;-37.0;;;;-37.0;1.9952623149688787e-07;0.1;1.995262314968879e-08;1.1264500263359436e-06;;;;ROUGE;False
1787665254.7092927;5.12793511000018;BLE Sniffer;Appareil BLE;2,4 GHz BLE;57:10:3b:9d:cc:43;-74.0;;;;-74.0;3.9810717055349695e-11;0.00028;1.1147000775497913e-14;1.1147000775497913e-14;25;0x00;38;VERT;False
1787665254.7099152;5.1285557840001275;BLE Sniffer;Appareil BLE;2,4 GHz BLE;57:10:3b:9d:cc:43;-83.0;;;;-83.0;5.011872336272715e-12;0.00028;1.40332425415636e-15;1.2550325029654273e-14;25;0x00;39;VERT;False
1787665254.710152;5.128792509999585;Simulation LoRa;LoRa;868 MHz;LoRa 868.100 MHz;-91.10781802710055;;;;-91.10781802710055;7.748509989788074e-13;0.041216;3.1936258773910526e-14;2.64952486356739e-13;12;"SNR=7.53;SF=7;BW=125.0;CR=4/5;F=868.100;CRC=OK;PAYLOAD=54454d504f5f4c4f52415f34";7;VERT;True
1787665254.738041;5.156493854000473;Simulation RF;Détection RF large bande;868 MHz;868 MHz;;2397;1.931834064140716;-33.27336256562863;-66.27336256562863;2.358651318184535e-10;0.1;2.358651318184535e-11;5.193548867287166e-10;;;;ORANGE;True
1787665254.7381911;5.156493854000473;Simulation RF;Détection RF large bande;2,45 GHz;2,45 GHz;;2742;2.2100299655268616;-44.40119862107446;-61.10119862107445;7.760329076511136e-10;0.1;7.760329076511137e-11;1.4026266544225841e-09;;;;ORANGE;True
1787665254.7474322;5.166073479999795;Wi-Fi;Wi-Fi;2,4/5 GHz;wlan0;-38.0;;;;-38.0;1.584893192461114e-07;0.1;1.5848931924611143e-08;1.1422989582605546e-06;;;;ROUGE;False
1787665254.8381512;5.256583796000086;Simulation RF;Détection RF large bande;868 MHz;868 MHz;;2465;1.9861122300353307;-35.44448920141322;-68.44448920141322;1.4307082447065834e-10;0.1;1.4307082447065835e-11;5.336619691757824e-10;;;;ORANGE;True
1787665254.8383107;5.256583796000086;Simulation RF;Détection RF large bande;2,45 GHz;2,45 GHz;;2721;2.192404198313207;-43.69616793252827;-60.39616793252827;9.128159219797206e-10;0.1;9.128159219797207e-11;1.4939082466205562e-09;;;;ORANGE;True
1787665254.847269;5.265910400000394;Wi-Fi;Wi-Fi;2,4/5 GHz;wlan0;-38.0;;;;-38.0;1.584893192461114e-07;0.1;1.5848931924611143e-08;1.1581478901851657e-06;;;;ROUGE;False
1787665254.9130063;5.331649001999722;BLE Sniffer;Appareil BLE;2,4 GHz BLE;57:10:3b:9d:cc:43;-77.0;;;;-77.0;1.9952623149688828e-11;0.00028;5.586734481912872e-15;1.8137059511567145e-14;25;0x00;37;VERT;False
1787665254.9382207;5.356667441000354;Simulation RF;Détection RF large bande;868 MHz;868 MHz;;2397;1.9317399159227717;-33.26959663691086;-66.26959663691086;2.360697479348533e-10;0.1;2.360697479348533e-11;5.572689439692677e-10;;;;ORANGE;True
1787665254.938375;5.356667441000354;Simulation RF;Détection RF large bande;2,45 GHz;2,45 GHz;;2800;2.256771066082642;-46.270842643305684;-62.97084264330568;5.045633897544882e-10;0.1;5.0456338975448826e-11;1.544364585596005e-09;;;;ORANGE;True
1787665254.947766;5.366408216999844;Wi-Fi;Wi-Fi;2,4/5 GHz;wlan0;-39.0;;;;-39.0;1.2589254117941662e-07;0.1;1.2589254117941663e-08;1.1707371443031073e-06;;;;ROUGE;False
1787665255.0382922;5.456751957000051;Simulation RF;Détection RF large bande;868 MHz;868 MHz;;2404;1.9371937566881927;-33.4877502675277;-66.4877502675277;2.245044600717766e-10;0.1;2.2450446007177662e-11;5.797193899764454e-10;;;;ORANGE;True
1787665255.0384393;5.456751957000051;Simulation RF;Détection RF large bande;2,45 GHz;2,45 GHz;;2778;2.238545874971644;-45.54183499886575;-62.24183499886575;5.967830780705191e-10;0.1;5.967830780705191e-11;1.6040428934030568e-09;;;;ORANGE;True
1787665255.0473518;5.4659931890000735;Wi-Fi;Wi-Fi;2,4/5 GHz;wlan0;-39.0;;;;-39.0;1.2589254117941662e-07;0.1;1.2589254117941663e-08;1.1833263984210489e-06;;;;ROUGE;False
1787665255.138389;5.5568389720001505;Simulation RF;Détection RF large bande;868 MHz;868 MHz;;2455;1.9782206188044673;-35.12882475217869;-68.12882475217869;1.5385709379030702e-10;0.1;1.5385709379030703e-11;5.951050993554761e-10;;;;ORANGE;True
1787665255.1385448;5.5568389720001505;Simulation RF;Détection RF large bande;2,45 GHz;2,45 GHz;;2763;2.2264188940410112;-45.056755761640446;-61.75675576164044;6.673050689595801e-10;0.1;6.673050689595801e-11;1.6707734002990149e-09;;;;ORANGE;True
1787665255.1475163;5.566157760999886;Wi-Fi;Wi-Fi;2,4/5 GHz;wlan0;-38.0;;;;-38.0;1.584893192461114e-07;0.1;1.5848931924611143e-08;1.19917533034566e-06;;;;ROUGE;False
1787665255.2384737;5.656922377000228;Simulation RF;Détection RF large bande;868 MHz;868 MHz;;2452;1.9758873948144744;-35.03549579257897;-68.03549579257897;1.5719923228520296e-10;0.1;1.5719923228520298e-11;6.108250225839964e-10;;;;ORANGE;True
1787665255.2386281;5.656922377000228;Simulation RF;Détection RF large bande;2,45 GHz;2,45 GHz;;2766;2.2291721012605303;-45.1668840504212;-61.8668840504212;6.505963088040901e-10;0.1;6.505963088040901e-11;1.735833031179424e-09;;;;ORANGE;True
1787665255.2475233;5.666164700999616;Wi-Fi;Wi-Fi;2,4/5 GHz;wlan0;-38.0;;;;-38.0;1.584893192461114e-07;0.1;1.5848931924611143e-08;1.215024262270271e-06;;;;ROUGE;False
1787665255.3385642;5.757009724999989;Simulation RF;Détection RF large bande;868 MHz;868 MHz;;2368;1.908515699033191;-32.34062796132764;-65.34062796132764;2.9237295951608176e-10;0.1;2.923729595160818e-11;6.400623185356046e-10;;;;ORANGE;True
1787665255.338722;5.757009724999989;Simulation RF;Détection RF large bande;2,45 GHz;2,45 GHz;;2781;2.2406991780592946;-45.627967122371786;-62.32796712237178;5.85063881073736e-10;0.1;5.850638810737361e-11;1.7943394192867976e-09;;;;ORANGE;True
1787665255.347564;5.766205605000323;Wi-Fi;Wi-Fi;2,4/5 GHz;wlan0;-38.0;;;;-38.0;1.584893192461114e-07;0.1;1.5848931924611143e-08;1.230873194194882e-06;;;;ROUGE;False
1787665255.4386847;5.857099871000173;Simulation RF;Détection RF large bande;868 MHz;868 MHz;;2414;1.945719627752553;-33.82878511010212;-66.82878511010212;2.0754940323338148e-10;0.1;2.075494032333815e-11;6.608172588589427e-10;;;;ORANGE;True
1787665255.4388528;5.857099871000173;Simulation RF;Détection RF large bande;2,45 GHz;2,45 GHz;;2847;2.294394971704444;-47.77579886817776;-64.47579886817776;3.5679611195934943e-10;0.1;3.5679611195934945e-11;1.8300190304827326e-09;;;;ORANGE;True
1787665255.450573;5.86921419600003;Wi-Fi;Wi-Fi;2,4/5 GHz;wlan0;-38.0;;;;-38.0;1.584893192461114e-07;0.1;1.5848931924611143e-08;1.2467221261194931e-06;;;;ROUGE;False
1787665255.5387394;5.9571851450000395;Simulation RF;Détection RF large bande;868 MHz;868 MHz;;2496;2.0118161411163578;-36.47264564465431;-69.4726456446543;1.1291078727111899e-10;0.1;1.12910787271119e-11;6.721083375860546e-10;;;;ORANGE;True
1787665255.5388958;5.9571851450000395;Simulation RF;Détection RF large bande;2,45 GHz;2,45 GHz;;2772;2.2341586505275877;-45.36634602110351;-62.066346021103506;6.213916282493321e-10;0.1;6.213916282493321e-11;1.892158193307666e-09;;;;ORANGE;True
1787665255.5527773;5.971419497999705;Wi-Fi;Wi-Fi;2,4/5 GHz;wlan0;-38.0;;;;-38.0;1.584893192461114e-07;0.1;1.5848931924611143e-08;1.2625710580441042e-06;;;;ROUGE;False
1787665255.6388319;6.05727417900016;Simulation RF;Détection RF large bande;868 MHz;868 MHz;;2432;1.959888555820056;-34.39554223280224;-67.39554223280224;1.8215696291550573e-10;0.1;1.8215696291550573e-11;6.903240338776051e-10;;;;ORANGE;True
1787665255.638991;6.05727417900016;Simulation RF;Détection RF large bande;2,45 GHz;2,45 GHz;;2784;2.2437661809716216;-45.75064723886486;-62.45064723886485;5.687681597250937e-10;0.1;5.6876815972509375e-11;1.9490350092801755e-09;;;;ORANGE;True
1787665255.6476784;6.066319909000413;Wi-Fi;Wi-Fi;2,4/5 GHz;wlan0;-38.0;;;;-38.0;1.584893192461114e-07;0.1;1.5848931924611143e-08;1.2784199899687153e-06;;;;ROUGE;False
1787665255.7221339;6.140775292000399;Simulation LoRa;LoRa;868 MHz;LoRa 868.100 MHz;-91.90307655587375;;;;-91.90307655587375;6.451970075002698e-13;0.041216;2.6592439861131122e-14;2.9154492621787013e-13;12;"SNR=6.64;SF=7;BW=125.0;CR=4/5;F=868.100;CRC=OK;PAYLOAD=54454d504f5f4c4f52415f35";7;VERT;True
1787665255.738901;6.157359417000407;Simulation RF;Détection RF large bande;868 MHz;868 MHz;;2405;1.9381886032289366;-33.52754412915746;-66.52754412915746;2.224567494943717e-10;0.1;2.224567494943717e-11;7.125697088270423e-10;;;;ORANGE;True
1787665255.7390501;6.157359417000407;Simulation RF;Détection RF large bande;2,45 GHz;2,45 GHz;;2711;2.1846995392431108;-43.38798156972443;-60.087981569724434;9.799453197079456e-10;0.1;9.799453197079457e-11;2.04702954125097e-09;;;;ORANGE;True
1787665255.7480404;6.16668226100046;Wi-Fi;Wi-Fi;2,4/5 GHz;wlan0;-38.0;;;;-38.0;1.584893192461114e-07;0.1;1.5848931924611143e-08;1.2942689218933263e-06;;;;ROUGE;False
1787665255.8232722;6.241914303000158;BLE Sniffer;Appareil BLE;2,4 GHz BLE;47:10:3b:9d:cc:43;-74.0;;;;-74.0;3.9810717055349695e-11;0.00028;1.1147000775497913e-14;1.1147000775497913e-14;25;0x00;38;VERT;False
1787665255.82352;6.242160380000314;BLE Sniffer;Appareil BLE;2,4 GHz BLE;73:e9:68:c2:03:47;-93.0;;;;-93.0;5.011872336272715e-13;0.00026399999999999997;1.3231342967759965e-16;1.3231342967759965e-16;23;0x00;39;VERT;False
1787665255.8235645;6.242204954999579;BLE Sniffer;Appareil BLE;2,4 GHz BLE;d3:23:2f:4d:3e:b1;-73.0;;;;-73.0;5.011872336272715e-11;0.000376;1.8844639984385406e-14;1.8844639984385406e-14;37;0x00;37;VERT;False
1787665255.838998;6.257446450999851;Simulation RF;Détection RF large bande;868 MHz;868 MHz;;2326;1.874463511754078;-30.978540470163118;-63.97854047016312;4.000791814469088e-10;0.1;4.0007918144690885e-11;7.525776269717331e-10;;;;ORANGE;True
1787665255.839155;6.257446450999851;Simulation RF;Détection RF large bande;2,45 GHz;2,45 GHz;;2767;2.2299863687124346;-45.199454748497374;-61.89945474849738;6.457352952359304e-10;0.1;6.457352952359304e-11;2.111603070774563e-09;;;;ORANGE;True
1787665255.8492088;6.267849994999779;Wi-Fi;Wi-Fi;2,4/5 GHz;wlan0;-38.0;;;;-38.0;1.584893192461114e-07;0.1;1.5848931924611143e-08;1.3101178538179374e-06;;;;ROUGE;False
1787665255.9390767;6.3575299659996745;Simulation RF;Détection RF large bande;868 MHz;868 MHz;;2292;1.847414524563019;-29.896580982520753;-62.89658098252075;5.13265297122159e-10;0.1;5.13265297122159e-11;8.03904156683949e-10;;;;ORANGE;True
1787665255.9392262;6.3575299659996745;Simulation RF;Détection RF large bande;2,45 GHz;2,45 GHz;;2761;2.2247973572715996;-44.99189429086398;-61.691894290863985;6.773460006995748e-10;0.1;6.773460006995748e-11;2.1793376708445206e-09;;;;ORANGE;True
1787665255.9479487;6.36659028899976;Wi-Fi;Wi-Fi;2,4/5 GHz;wlan0;-38.0;;;;-38.0;1.584893192461114e-07;0.1;1.5848931924611143e-08;1.3259667857425485e-06;;;;ROUGE;False
1787665256.0262527;6.444894352000119;BLE Sniffer;Appareil BLE;2,4 GHz BLE;57:10:3b:9d:cc:43;-74.0;;;;-74.0;3.9810717055349695e-11;0.00028;1.1147000775497913e-14;2.928406028706506e-14;25;0x00;38;VERT;False
1787665256.0391757;6.457616462999795;Simulation RF;Détection RF large bande;868 MHz;868 MHz;;2398;1.9325031332830003;-33.300125331320004;-66.30012533132;2.3441611651275583e-10;0.1;2.3441611651275584e-11;8.273457683352246e-10;;;;ORANGE;True
1787665256.03935;6.457616462999795;Simulation RF;Détection RF large bande;2,45 GHz;2,45 GHz;;2750;2.2163753274835636;-44.65501309934254;-61.35501309934254;7.319791153753883e-10;0.1;7.319791153753883e-11;2.2525355823820592e-09;;;;ORANGE;True
1787665256.0488276;6.467469703000461;Wi-Fi;Wi-Fi;2,4/5 GHz;wlan0;-38.0;;;;-38.0;1.584893192461114e-07;0.1;1.5848931924611143e-08;1.3418157176671595e-06;;;;ROUGE;False
1787665256.1274548;6.546096492999823;BLE Sniffer;Appareil BLE;2,4 GHz BLE;57:10:3b:9d:cc:43;-82.0;;;;-82.0;6.309573444801943e-12;0.00028;1.7666805645445437e-15;3.1050740851609606e-14;25;0x00;39;VERT;False
1787665256.1392505;6.557703237000169;Simulation RF;Détection RF large bande;868 MHz;868 MHz;;2372;1.9116941531710243;-32.46776612684097;-65.46776612684097;2.839379139523102e-10;0.1;2.8393791395231022e-11;8.557395597304556e-10;;;;ORANGE;True
1787665256.1394074;6.557703237000169;Simulation RF;Détection RF large bande;2,45 GHz;2,45 GHz;;2750;2.2158663001226646;-44.634652004906584;-61.33465200490659;7.354189213733362e-10;0.1;7.354189213733362e-11;2.3260774745193927e-09;;;;ORANGE;True
1787665256.1481035;6.566745523000463;Wi-Fi;Wi-Fi;2,4/5 GHz;wlan0;-38.0;;;;-38.0;1.584893192461114e-07;0.1;1.5848931924611143e-08;1.3576646495917706e-06;;;;ROUGE;False
1787665256.2393093;6.657786753000437;Simulation RF;Détection RF large bande;868 MHz;868 MHz;;2384;1.9212063227088665;-32.84825290835465;-65.84825290835465;2.601205772843162e-10;0.1;2.601205772843162e-11;8.817516174588873e-10;;;;ORANGE;True
1787665256.2394624;6.657786753000437;Simulation RF;Détection RF large bande;2,45 GHz;2,45 GHz;;2768;2.2304777218023877;-45.219108872095504;-61.91910887209551;6.428196038006153e-10;0.1;6.428196038006153e-11;2.390359434899454e-09;;;;ORANGE;True
1787665256.248964;6.667606584999703;Wi-Fi;Wi-Fi;2,4/5 GHz;wlan0;-38.0;;;;-38.0;1.584893192461114e-07;0.1;1.5848931924611143e-08;1.3735135815163817e-06;;;;ROUGE;False
1787665256.330811;6.749453008999808;BLE Sniffer;Appareil BLE;2,4 GHz BLE;57:10:3b:9d:cc:43;-78.0;;;;-78.0;1.5848931924611107e-11;0.00028;4.4377009388911094e-15;3.548844179050072e-14;25;0x00;37;VERT;False
1787665256.339336;6.757862933999604;Simulation RF;Détection RF large bande;868 MHz;868 MHz;;2355;1.897798018290418;-31.911920731616718;-64.91192073161672;3.227066588106571e-10;0.1;3.227066588106571e-11;9.14022283339953e-10;;;;ORANGE;True
1787665256.3394685;6.757862933999604;Simulation RF;Détection RF large bande;2,45 GHz;2,45 GHz;;2803;2.2590862050168585;-46.36344820067434;-63.063448200674344;4.939183711656933e-10;0.1;4.9391837116569333e-11;2.4397512720160237e-09;;;;ORANGE;True
1787665256.3476257;6.766267228999823;Wi-Fi;Wi-Fi;2,4/5 GHz;wlan0;-38.0;;;;-38.0;1.584893192461114e-07;0.1;1.5848931924611143e-08;1.3893625134409927e-06;;;;ROUGE;False
1787665256.4394374;6.857942448999893;Simulation RF;Détection RF large bande;868 MHz;868 MHz;;2362;1.903703766899074;-32.14815067596295;-65.14815067596295;3.0562222446603874e-10;0.1;3.056222244660388e-11;9.44584505786557e-10;;;;ORANGE;True
1787665256.439577;6.857942448999893;Simulation RF;Détection RF large bande;2,45 GHz;2,45 GHz;;2785;2.244534862132219;-45.78139448528877;-62.48139448528877;5.647556071299496e-10;0.1;5.6475560712994964e-11;2.4962268327290185e-09;;;;ORANGE;True
1787665256.4487724;6.867413666000175;Wi-Fi;Wi-Fi;2,4/5 GHz;wlan0;-37.0;;;;-37.0;1.9952623149688787e-07;0.1;1.995262314968879e-08;1.4093151365906815e-06;;;;ROUGE;False
1787665256.5395014;6.9580194090003715;Simulation RF;Détection RF large bande;868 MHz;868 MHz;;2385;1.9217165173530741;-32.868660694122966;-65.86866069412297;2.5890112083538224e-10;0.1;2.5890112083538224e-11;9.70474617870095e-10;;;;ORANGE;True
1787665256.539645;6.9580194090003715;Simulation RF;Détection RF large bande;2,45 GHz;2,45 GHz;;2831;2.281630892588853;-47.26523570355411;-63.96523570355411;4.0130671765293974e-10;0.1;4.013067176529398e-11;2.5363575044943123e-09;;;;ORANGE;True
1787665256.5490575;6.9676996649996;Wi-Fi;Wi-Fi;2,4/5 GHz;wlan0;-37.0;;;;-37.0;1.9952623149688787e-07;0.1;1.995262314968879e-08;1.4292677597403702e-06;;;;ROUGE;False
1787665256.6395783;7.058097998000449;Simulation RF;Détection RF large bande;868 MHz;868 MHz;;2370;1.9094931078519606;-32.379724314078416;-65.37972431407842;2.8975275140976087e-10;0.1;2.8975275140976087e-11;9.994498930110713e-10;;;;ORANGE;True
1787665256.6397173;7.058097998000449;Simulation RF;Détection RF large bande;2,45 GHz;2,45 GHz;;2827;2.2784749290460327;-47.1389971618413;-63.8389971618413;4.131428906357616e-10;0.1;4.131428906357616e-11;2.5776717935578884e-09;;;;ORANGE;True
1787665256.648483;7.06712439399962;Wi-Fi;Wi-Fi;2,4/5 GHz;wlan0;-35.0;;;;-35.0;3.162277660168379e-07;0.1;3.162277660168379e-08;1.460890536342054e-06;;;;ROUGE;False
1787665256.7357326;7.154373907000263;Simulation LoRa;LoRa;868 MHz;LoRa 868.100 MHz;-86.19986379999429;;;;-86.19986379999429;2.3989081505027667e-12;0.041216;9.887339833112204e-14;3.9041832454899215e-13;12;"SNR=6.32;SF=7;BW=125.0;CR=4/5;F=868.100;CRC=OK;PAYLOAD=54454d504f5f4c4f52415f36";7;VERT;True
1787665256.739657;7.158173660999637;Simulation RF;Détection RF large bande;868 MHz;868 MHz;;2381;1.9184014653671142;-32.736058614684566;-65.73605861468457;2.669280037363365e-10;0.1;2.669280037363365e-11;1.026142693384705e-09;;;;ORANGE;True
1787665256.7397907;7.158173660999637;Simulation RF;Détection RF large bande;2,45 GHz;2,45 GHz;;2811;2.265024166148562;-46.60096664594248;-63.30096664594248;4.676310451079064e-10;0.1;4.676310451079064e-11;2.624434898068679e-09;;;;ORANGE;True
1787665256.7483816;7.167022868999993;Wi-Fi;Wi-Fi;2,4/5 GHz;wlan0;-35.0;;;;-35.0;3.162277660168379e-07;0.1;3.162277660168379e-08;1.4925133129437378e-06;;;;ROUGE;False
1787665256.8397293;7.258253119999608;Simulation RF;Détection RF large bande;868 MHz;868 MHz;;2333;1.879823949810091;-31.192957992403635;-64.19295799240363;3.8080636671660273e-10;0.1;3.808063667166028e-11;1.0642233300563651e-09;;;;ORANGE;True
1787665256.8398678;7.258253119999608;Simulation RF;Détection RF large bande;2,45 GHz;2,45 GHz;;2766;2.2290925266752084;-45.16370106700833;-61.86370106700833;6.510733114828717e-10;0.1;6.510733114828717e-11;2.689542229216966e-09;;;;ORANGE;True
1787665256.8490398;7.2676810769999065;Wi-Fi;Wi-Fi;2,4/5 GHz;wlan0;-35.0;;;;-35.0;3.162277660168379e-07;0.1;3.162277660168379e-08;1.5241360895454216e-06;;;;ROUGE;False
1787665256.9381666;7.356808190000265;BLE Sniffer;Appareil BLE;2,4 GHz BLE;57:10:3b:9d:cc:43;-75.0;;;;-75.0;3.1622776601683794e-11;0.00028;8.854377448471461e-15;4.434281923897218e-14;25;0x00;38;VERT;False
1787665256.9384308;7.357071526000254;BLE Sniffer;Appareil Apple BLE;2,4 GHz BLE;57:10:3b:9d:cc:43;-83.0;;;;-83.0;5.011872336272715e-12;0.00028;1.40332425415636e-15;4.574614349312854e-14;25;0x00;39;VERT;False
1787665256.9398015;7.358334321000257;Simulation RF;Détection RF large bande;868 MHz;868 MHz;;2412;1.9438018738245917;-33.75207495298366;-66.75207495298366;2.112479507567083e-10;0.1;2.112479507567083e-11;1.085348125132036e-09;;;;ORANGE;True
1787665256.9399326;7.358334321000257;Simulation RF;Détection RF large bande;2,45 GHz;2,45 GHz;;2754;2.219597558938689;-44.78390235754755;-61.48390235754755;7.105747390456804e-10;0.1;7.105747390456804e-11;2.760599703121534e-09;;;;ORANGE;True
1787665256.9485865;7.367227695999645;Wi-Fi;Wi-Fi;2,4/5 GHz;wlan0;-35.0;;;;-35.0;3.162277660168379e-07;0.1;3.162277660168379e-08;1.5557588661471053e-06;;;;ROUGE;False
1787665257.0401616;7.4584915960003855;Simulation RF;Détection RF large bande;868 MHz;868 MHz;;2352;1.8955192774504959;-31.820771098019833;-64.82077109801983;3.2955119454831794e-10;0.1;3.2955119454831795e-11;1.1183032445868678e-09;;;;ORANGE;True
1787665257.0402772;7.4584915960003855;Simulation RF;Détection RF large bande;2,45 GHz;2,45 GHz;;2739;2.207569739103675;-44.302789564147005;-61.00278956414701;7.938181849372377e-10;0.1;7.938181849372378e-11;2.8399815216152576e-09;;;;ORANGE;True
1787665257.0489943;7.4676357710004595;Wi-Fi;Wi-Fi;2,4/5 GHz;wlan0;-35.0;;;;-35.0;3.162277660168379e-07;0.1;3.162277660168379e-08;1.5873816427487891e-06;;;;ROUGE;False
1787665257.1410613;7.55970266300028;BLE Sniffer;Appareil BLE;2,4 GHz BLE;57:10:3b:9d:cc:43;-84.0;;;;-84.0;3.9810717055349695e-12;0.00028;1.1147000775497915e-15;4.686084357067833e-14;25;0x00;37;VERT;False
1787665257.1401312;7.558575517999998;Simulation RF;Détection RF large bande;868 MHz;868 MHz;;2253;1.8152316339764454;-28.609265359057808;-61.60926535905781;6.903565728371759e-10;0.1;6.90356572837176e-11;1.1873389018705854e-09;;;;ORANGE;True
1787665257.141701;7.558575517999998;Simulation RF;Détection RF large bande;2,45 GHz;2,45 GHz;;2780;2.240569959489441;-45.622798379577645;-62.32279837957764;5.857606076241514e-10;0.1;5.857606076241514e-11;2.8985575823776727e-09;;;;ORANGE;True
1787665257.1503384;7.568979857999693;Wi-Fi;Wi-Fi;2,4/5 GHz;wlan0;-35.0;;;;-35.0;3.162277660168379e-07;0.1;3.162277660168379e-08;1.619004419350473e-06;;;;ROUGE;False
1787665257.2402127;7.658661606999885;Simulation RF;Détection RF large bande;868 MHz;868 MHz;;2441;1.9670762953301317;-34.68305181320527;-67.68305181320527;1.7048839358707019e-10;0.1;1.704883935870702e-11;1.2043877412292924e-09;;;;ORANGE;True
1787665257.240383;7.658661606999885;Simulation RF;Détection RF large bande;2,45 GHz;2,45 GHz;;2747;2.2136517264924933;-44.54606905969973;-61.246069059699735;7.505732701918036e-10;0.1;7.505732701918037e-11;2.973614909396853e-09;;;;ORANGE;True
1787665257.2494285;7.6680698970003505;Wi-Fi;Wi-Fi;2,4/5 GHz;wlan0;-35.0;;;;-35.0;3.162277660168379e-07;0.1;3.162277660168379e-08;1.6506271959521567e-06;;;;ROUGE;False
1787665257.3403153;7.758752306999668;Simulation RF;Détection RF large bande;868 MHz;868 MHz;;2312;1.8627994157258891;-30.511976629035566;-63.511976629035566;4.4545346050041274e-10;0.1;4.454534605004128e-11;1.2489330872793338e-09;;;;ORANGE;True
1787665257.3404918;7.758752306999668;Simulation RF;Détection RF large bande;2,45 GHz;2,45 GHz;;2805;2.2606008925440797;-46.42403570176319;-63.124035701763184;4.870756624049528e-10;0.1;4.870756624049528e-11;3.0223224756373484e-09;;;;ORANGE;True
1787665257.3491628;7.767804203000196;Wi-Fi;Wi-Fi;2,4/5 GHz;wlan0;-35.0;;;;-35.0;3.162277660168379e-07;0.1;3.162277660168379e-08;1.6822499725538405e-06;;;;ROUGE;False
1787665257.4404068;7.858837118000338;Simulation RF;Détection RF large bande;868 MHz;868 MHz;;2432;1.9597953456923456;-34.391813827693824;-67.39181382769382;1.8231341126773394e-10;0.1;1.8231341126773394e-11;1.2671644284061072e-09;;;;ORANGE;True
1787665257.4405634;7.858837118000338;Simulation RF;Détection RF large bande;2,45 GHz;2,45 GHz;;2752;2.2174478222391896;-44.697912889567576;-61.39791288956757;7.247841895092675e-10;0.1;7.247841895092675e-11;3.094800894588275e-09;;;;ORANGE;True
1787665257.4454687;7.864114076000078;BLE Sniffer;Appareil BLE;2,4 GHz BLE;57:10:3b:9d:cc:43;-75.0;;;;-75.0;3.1622776601683794e-11;0.00028;8.854377448471461e-15;5.571522101914979e-14;25;0x00;38;VERT;False
1787665257.4456096;7.8642497079999885;BLE Sniffer;Appareil BLE;2,4 GHz BLE;57:10:3b:9d:cc:43;-80.0;;;;-80.0;1e-11;0.00028;2.7999999999999997e-15;5.851522101914979e-14;25;0x00;39;VERT;False
1787665257.4499989;7.868639950000215;Wi-Fi;Wi-Fi;2,4/5 GHz;wlan0;-36.0;;;;-36.0;2.5118864315095823e-07;0.1;2.5118864315095824e-08;1.7073688368689364e-06;;;;ROUGE;False
1787665257.5405023;7.958925189000183;Simulation RF;Détection RF large bande;868 MHz;868 MHz;;2373;1.912354613310563;-32.49418453242251;-65.49418453242251;2.8221594455626254e-10;0.1;2.8221594455626255e-11;1.2953860228617336e-09;;;;ORANGE;True
1787665257.540661;7.958925189000183;Simulation RF;Détection RF large bande;2,45 GHz;2,45 GHz;;2812;2.265965754154006;-46.63863016616024;-63.338630166160236;4.635931213185585e-10;0.1;4.635931213185585e-11;3.141160206720131e-09;;;;ORANGE;True
1787665257.5501325;7.968773761999728;Wi-Fi;Wi-Fi;2,4/5 GHz;wlan0;-36.0;;;;-36.0;2.5118864315095823e-07;0.1;2.5118864315095824e-08;1.7324877011840322e-06;;;;ROUGE;False
1787665257.6405947;8.059036055999968;Simulation RF;Détection RF large bande;868 MHz;868 MHz;;2386;1.9228840559610187;-32.91536223844075;-65.91536223844075;2.561319619393279e-10;0.1;2.561319619393279e-11;1.3209992190556663e-09;;;;ORANGE;True
1787665257.640755;8.059036055999968;Simulation RF;Détection RF large bande;2,45 GHz;2,45 GHz;;2741;2.2085824327062533;-44.34329730825013;-61.04329730825013;7.86448465119851e-10;0.1;7.864484651198511e-11;3.2198050532321164e-09;;;;ORANGE;True
1787665257.6496327;8.06827415800035;Wi-Fi;Wi-Fi;2,4/5 GHz;wlan0;-36.0;;;;-36.0;2.5118864315095823e-07;0.1;2.5118864315095824e-08;1.757606565499128e-06;;;;ROUGE;False
1787665257.7406728;8.159122256000046;Simulation RF;Détection RF large bande;868 MHz;868 MHz;;2311;1.8621617230773453;-30.48646892309381;-63.48646892309381;4.480774702058373e-10;0.1;4.4807747020583733e-11;1.3658069660762502e-09;;;;ORANGE;True
1787665257.7408333;8.159122256000046;Simulation RF;Détection RF large bande;2,45 GHz;2,45 GHz;;2770;2.232129069876153;-45.28516279504612;-61.985162795046115;6.331166289242224e-10;0.1;6.331166289242225e-11;3.2831167161245385e-09;;;;ORANGE;True
1787665257.7495506;8.168192078000175;Wi-Fi;Wi-Fi;2,4/5 GHz;wlan0;-36.0;;;;-36.0;2.5118864315095823e-07;0.1;2.5118864315095824e-08;1.7827254298142239e-06;;;;ROUGE;False
1787665257.7514274;8.170068436000292;BLE Sniffer;Appareil BLE;2,4 GHz BLE;57:10:3b:9d:cc:43;-77.0;;;;-77.0;1.9952623149688828e-11;0.00028;5.586734481912872e-15;6.410195550106266e-14;25;0x00;37;VERT;False
1787665257.7515178;8.170158234000155;Simulation LoRa;LoRa;868 MHz;LoRa 868.100 MHz;-84.59122366305775;;;;-84.59122366305775;3.4743825385424445e-12;0.041216;1.4320015070856541e-13;5.336184752575575e-13;12;"SNR=8.55;SF=7;BW=125.0;CR=4/5;F=868.100;CRC=OK;PAYLOAD=54454d504f5f4c4f52415f37";7;VERT;True
1787665257.8407798;8.25921378899966;Simulation RF;Détection RF large bande;868 MHz;868 MHz;;2353;1.8959808767317459;-31.839235069269833;-64.83923506926983;3.281530862202844e-10;0.1;3.281530862202844e-11;1.3986222746982786e-09;;;;ORANGE;True
1787665257.84094;8.25921378899966;Simulation RF;Détection RF large bande;2,45 GHz;2,45 GHz;;2798;2.2546663600709453;-46.18665440283782;-62.88665440283782;5.144397988150306e-10;0.1;5.144397988150306e-11;3.3345606960060415e-09;;;;ORANGE;True
1787665257.8496425;8.268283667000105;Wi-Fi;Wi-Fi;2,4/5 GHz;wlan0;-37.0;;;;-37.0;1.9952623149688787e-07;0.1;1.995262314968879e-08;1.8026780529639126e-06;;;;ROUGE;False
1787665257.8530543;8.271695063999687;BLE Sniffer;Appareil BLE;2,4 GHz BLE;d3:23:2f:4d:3e:b1;-75.0;;;;-75.0;3.1622776601683794e-11;0.000376;1.1890164002233105e-14;3.073480398661851e-14;37;0x00;38;VERT;False
1787665257.8531027;8.271742934999565;BLE Sniffer;Appareil BLE;2,4 GHz BLE;d3:23:2f:4d:3e:b1;-86.0;;;;-86.0;2.5118864315095823e-12;0.000376;9.44469298247603e-16;3.167927328486612e-14;37;0x00;39;VERT;False
1787665257.9408472;8.35929654499978;Simulation RF;Détection RF large bande;868 MHz;868 MHz;;2411;1.942653063250247;-33.70612253000988;-66.70612253000988;2.1349501896950416e-10;0.1;2.1349501896950417e-11;1.419971776595229e-09;;;;ORANGE;True
1787665257.9410005;8.35929654499978;Simulation RF;Détection RF large bande;2,45 GHz;2,45 GHz;;2730;2.1997888284174185;-43.99155313669674;-60.69155313669673;8.52795080393011e-10;0.1;8.52795080393011e-11;3.4198402040453426e-09;;;;ORANGE;True
1787665257.949627;8.368268254999748;Wi-Fi;Wi-Fi;2,4/5 GHz;wlan0;-37.0;;;;-37.0;1.9952623149688787e-07;0.1;1.995262314968879e-08;1.8226306761136013e-06;;;;ROUGE;False
1787665257.9554763;8.374118349999662;BLE Sniffer;Appareil BLE;2,4 GHz BLE;57:10:3b:9d:cc:43;-78.0;;;;-78.0;1.5848931924611107e-11;0.00028;4.4377009388911094e-15;6.853965643995376e-14;25;0x00;37;VERT;False
1787665258.040948;8.459384929999942;Simulation RF;Détection RF large bande;868 MHz;868 MHz;;2372;1.9110994670001356;-32.443978680005415;-65.44397868000542;2.854973832247091e-10;0.1;2.854973832247091e-11;1.4485215149176998e-09;;;;ORANGE;True
1787665258.0411096;8.459384929999942;Simulation RF;Détection RF large bande;2,45 GHz;2,45 GHz;;2763;2.226596676036029;-45.06386704144117;-61.76386704144117;6.662132959244105e-10;0.1;6.662132959244106e-11;3.4864615336377835e-09;;;;ORANGE;True
1787665258.0498984;8.468539512999996;Wi-Fi;Wi-Fi;2,4/5 GHz;wlan0;-37.0;;;;-37.0;1.9952623149688787e-07;0.1;1.995262314968879e-08;1.84258329926329e-06;;;;ROUGE;False
1787665258.1410394;8.559474704000422;Simulation RF;Détection RF large bande;868 MHz;868 MHz;;2438;1.9643251721464243;-34.57300688585697;-67.57300688585697;1.748635582234955e-10;0.1;1.748635582234955e-11;1.4660078707400493e-09;;;;ORANGE;True
1787665258.141211;8.559474704000422;Simulation RF;Détection RF large bande;2,45 GHz;2,45 GHz;;2695;2.171956930850514;-42.878277234020544;-59.57827723402054;1.1019763565145077e-09;0.1;1.1019763565145077e-10;3.5966591692892344e-09;;;;ORANGE;True
1787665258.1497834;8.568425080000452;Wi-Fi;Wi-Fi;2,4/5 GHz;wlan0;-37.0;;;;-37.0;1.9952623149688787e-07;0.1;1.995262314968879e-08;1.8625359224129788e-06;;;;ROUGE;False
1787665258.2411036;8.65956286599976;Simulation RF;Détection RF large bande;868 MHz;868 MHz;;2389;1.925283801264248;-33.01135205056991;-66.01135205056991;2.5053291696551557e-10;0.1;2.505329169655156e-11;1.491061162436601e-09;;;;ORANGE;True
1787665258.241253;8.65956286599976;Simulation RF;Détection RF large bande;2,45 GHz;2,45 GHz;;2734;2.2028877205010513;-44.11550882004205;-60.81550882004205;8.28798808396574e-10;0.1;8.28798808396574e-11;3.6795390501288917e-09;;;;ORANGE;True
1787665258.2500315;8.668672615000105;Wi-Fi;Wi-Fi;2,4/5 GHz;wlan0;-38.0;;;;-38.0;1.584893192461114e-07;0.1;1.5848931924611143e-08;1.8783848543375898e-06;;;;ROUGE;False
1787665258.3412466;8.759656825000093;Simulation RF;Détection RF large bande;868 MHz;868 MHz;;2356;1.8985209110853714;-31.940836443414852;-64.94083644341485;3.2056518622235267e-10;0.1;3.205651862223527e-11;1.5231176810588363e-09;;;;ORANGE;True
1787665258.3414123;8.759656825000093;Simulation RF;Détection RF large bande;2,45 GHz;2,45 GHz;;2793;2.2509021873095203;-46.036087492380815;-62.73608749238081;5.32587845298054e-10;0.1;5.32587845298054e-11;3.732797834658697e-09;;;;ORANGE;True
1787665258.3470051;8.765646329999981;Wi-Fi;Wi-Fi;2,4/5 GHz;wlan0;-38.0;;;;-38.0;1.584893192461114e-07;0.1;1.5848931924611143e-08;1.894233786262201e-06;;;;ROUGE;False
1787665258.4413316;8.859747933000108;Simulation RF;Détection RF large bande;868 MHz;868 MHz;;2385;1.9219546737526327;-32.8781869501053;-65.8781869501053;2.583338432276338e-10;0.1;2.5833384322763382e-11;1.5489510653815997e-09;;;;ORANGE;True
1787665258.4415455;8.859747933000108;Simulation RF;Détection RF large bande;2,45 GHz;2,45 GHz;;2722;2.1932416372376706;-43.72966548950683;-60.42966548950683;9.058023666309366e-10;0.1;9.058023666309367e-11;3.823378071321791e-09;;;;ORANGE;True
1787665258.4517386;8.870380276000105;Wi-Fi;Wi-Fi;2,4/5 GHz;wlan0;-38.0;;;;-38.0;1.584893192461114e-07;0.1;1.5848931924611143e-08;1.910082718186812e-06;;;;ROUGE;False
1787665258.5413911;8.959835706000376;Simulation RF;Détection RF large bande;868 MHz;868 MHz;;2343;1.8879680397481005;-31.518721589924013;-64.51872158992401;3.5328714978779493e-10;0.1;3.532871497877949e-11;1.5842797803603791e-09;;;;ORANGE;True
1787665258.5415525;8.959835706000376;Simulation RF;Détection RF large bande;2,45 GHz;2,45 GHz;;2762;2.225391132340997;-45.01564529363988;-61.71564529363988;6.736517939190164e-10;0.1;6.736517939190164e-11;3.890743250713692e-09;;;;ORANGE;True
1787665258.5500495;8.968691230000331;Wi-Fi;Wi-Fi;2,4/5 GHz;wlan0;-39.0;;;;-39.0;1.2589254117941662e-07;0.1;1.2589254117941663e-08;1.9226719723047538e-06;;;;ROUGE;False
1787665258.562843;8.981486138000037;BLE Sniffer;Appareil BLE;2,4 GHz BLE;57:10:3b:9d:cc:43;-75.0;;;;-75.0;3.1622776601683794e-11;0.00028;8.854377448471461e-15;7.739403388842522e-14;25;0x00;38;VERT;False
1787665258.5629363;8.98157686200011;BLE Sniffer;Appareil BLE;2,4 GHz BLE;57:10:3b:9d:cc:43;-82.0;;;;-82.0;6.309573444801943e-12;0.00028;1.7666805645445437e-15;7.916071445296976e-14;25;0x00;39;VERT;False
1787665258.6414802;9.059922184000243;Simulation RF;Détection RF large bande;868 MHz;868 MHz;;2406;1.9391326805063258;-33.56530722025303;-66.56530722025303;2.2053081272069542e-10;0.1;2.2053081272069545e-11;1.6063328616324487e-09;;;;ORANGE;True
1787665258.641642;9.059922184000243;Simulation RF;Détection RF large bande;2,45 GHz;2,45 GHz;;2726;2.1970678209252723;-43.882712837010885;-60.58271283701088;8.744373839524263e-10;0.1;8.744373839524264e-11;3.978186989108935e-09;;;;ORANGE;True
1787665258.6502612;9.06890278300034;Wi-Fi;Wi-Fi;2,4/5 GHz;wlan0;-40.0;;;;-40.0;1e-07;0.1;1e-08;1.9326719723047537e-06;;;;ROUGE;False
1787665258.7415588;9.160006383999644;Simulation RF;Détection RF large bande;868 MHz;868 MHz;;2306;1.8583455599724639;-30.333822398898555;-63.333822398898555;4.641066166724442e-10;0.1;4.6410661667244425e-11;1.6527435232996931e-09;;;;ORANGE;True
1787665258.7417092;9.160006383999644;Simulation RF;Détection RF large bande;2,45 GHz;2,45 GHz;;2765;2.228493520613793;-45.13974082455171;-61.83974082455171;6.546752421866388e-10;0.1;6.546752421866388e-11;4.043654513327599e-09;;;;ORANGE;True
1787665258.7503736;9.169015593999575;Wi-Fi;Wi-Fi;2,4/5 GHz;wlan0;-39.0;;;;-39.0;1.2589254117941662e-07;0.1;1.2589254117941663e-08;1.9452612264226953e-06;;;;ROUGE;False
1787665258.766952;9.18559566299973;Simulation LoRa;LoRa;868 MHz;LoRa 868.100 MHz;-91.663411164754;;;;-91.663411164754;6.818029618343313e-13;0.041216;2.8101190874963803e-14;5.617196661325213e-13;12;"SNR=3.53;SF=7;BW=125.0;CR=4/5;F=868.100;CRC=OK;PAYLOAD=54454d504f5f4c4f52415f38";7;VERT;True
1787665258.841653;9.26009008300025;Simulation RF;Détection RF large bande;868 MHz;868 MHz;;2293;1.8476549929415653;-29.90619971766261;-62.90619971766261;5.121297773290082e-10;0.1;5.121297773290082e-11;1.703956501032594e-09;;;;ORANGE;True
1787665258.8418124;9.26009008300025;Simulation RF;Détection RF large bande;2,45 GHz;2,45 GHz;;2804;2.2593308493925615;-46.37323397570245;-63.07323397570244;4.928066985720938e-10;0.1;4.9280669857209384e-11;4.0929351831848085e-09;;;;ORANGE;True
1787665258.8505566;9.269198332000087;Wi-Fi;Wi-Fi;2,4/5 GHz;wlan0;-39.0;;;;-39.0;1.2589254117941662e-07;0.1;1.2589254117941663e-08;1.957850480540637e-06;;;;ROUGE;False
1787665258.869072;9.28771537099965;BLE Sniffer;Appareil BLE;2,4 GHz BLE;57:10:3b:9d:cc:43;-80.0;;;;-80.0;1e-11;0.00028;2.7999999999999997e-15;8.196071445296976e-14;25;0x00;37;VERT;False
1787665258.9417346;9.36017576500035;Simulation RF;Détection RF large bande;868 MHz;868 MHz;;2323;1.8721657576131068;-30.886630304524267;-63.88663030452427;4.086363247166698e-10;0.1;4.0863632471666985e-11;1.744820133504261e-09;;;;ORANGE;True
1787665258.941899;9.36017576500035;Simulation RF;Détection RF large bande;2,45 GHz;2,45 GHz;;2716;2.1885881214469505;-43.54352485787801;-60.243524857878015;9.454694798767242e-10;0.1;9.454694798767243e-11;4.187482131172481e-09;;;;ORANGE;True
1787665258.9505131;9.369154289999642;Wi-Fi;Wi-Fi;2,4/5 GHz;wlan0;-38.0;;;;-38.0;1.584893192461114e-07;0.1;1.5848931924611143e-08;1.973699412465248e-06;;;;ROUGE;False
1787665259.0418248;9.460261889999856;Simulation RF;Détection RF large bande;868 MHz;868 MHz;;2419;1.9496861749727985;-33.987446998911935;-66.98744699891193;2.0010378344940713e-10;0.1;2.0010378344940715e-11;1.7648305118492017e-09;;;;ORANGE;True
1787665259.0419884;9.460261889999856;Simulation RF;Détection RF large bande;2,45 GHz;2,45 GHz;;2779;2.2393561781431597;-45.57424712572639;-62.27424712572639;5.92345764495343e-10;0.1;5.92345764495343e-11;4.246716707622016e-09;;;;ORANGE;True
1787665259.0507557;9.469397195000056;Wi-Fi;Wi-Fi;2,4/5 GHz;wlan0;-37.0;;;;-37.0;1.9952623149688787e-07;0.1;1.995262314968879e-08;1.993652035614937e-06;;;;ROUGE;False
1787665259.141906;9.560347329999786;Simulation RF;Détection RF large bande;868 MHz;868 MHz;;2357;1.8993592626004554;-31.97437050401821;-64.97437050401821;3.180994729942665e-10;0.1;3.180994729942665e-11;1.7966404591486284e-09;;;;ORANGE;True
1787665259.1420698;9.560347329999786;Simulation RF;Détection RF large bande;2,45 GHz;2,45 GHz;;2724;2.1948790435450696;-43.79516174180279;-60.49516174180278;8.922443896230378e-10;0.1;8.922443896230379e-11;4.33594114658432e-09;;;;ORANGE;True
1787665259.150748;9.569389708000017;Wi-Fi;Wi-Fi;2,4/5 GHz;wlan0;-37.0;;;;-37.0;1.9952623149688787e-07;0.1;1.995262314968879e-08;2.0136046587646258e-06;;;;ROUGE;False
1787665259.2421944;9.660474455999974;Simulation RF;Détection RF large bande;868 MHz;868 MHz;;2398;1.932648658861348;-33.30594635445392;-66.30594635445392;2.3410212966109255e-10;0.1;2.3410212966109257e-11;1.8200506721147377e-09;;;;ORANGE;True
1787665259.2424004;9.660474455999974;Simulation RF;Détection RF large bande;2,45 GHz;2,45 GHz;;2746;2.2130034434171186;-44.520137736684745;-61.22013773668474;7.550682802621813e-10;0.1;7.550682802621813e-11;4.4114479746105384e-09;;;;ORANGE;True
1787665259.25115;9.669791467000323;Wi-Fi;Wi-Fi;2,4/5 GHz;wlan0;-36.0;;;;-36.0;2.5118864315095823e-07;0.1;2.5118864315095824e-08;2.0387235230797214e-06;;;;ROUGE;False
1787665259.3421211;9.760558470000433;Simulation RF;Détection RF large bande;868 MHz;868 MHz;;2335;1.8814928453031001;-31.259713812124005;-64.259713812124;3.7499771272821354e-10;0.1;3.749977127282136e-11;1.8575504433875591e-09;;;;ORANGE;True
1787665259.3422804;9.760558470000433;Simulation RF;Détection RF large bande;2,45 GHz;2,45 GHz;;2762;2.225388367761643;-45.015534710465715;-61.71553471046572;6.73668947142273e-10;0.1;6.73668947142273e-11;4.478814869324766e-09;;;;ORANGE;True
1787665259.3508408;9.76948345799974;Wi-Fi;Wi-Fi;2,4/5 GHz;wlan0;-35.0;;;;-35.0;3.162277660168379e-07;0.1;3.162277660168379e-08;2.070346299681405e-06;;;;ROUGE;False
1787665259.3766906;9.79533353700026;BLE Sniffer;Appareil BLE;2,4 GHz BLE;57:10:3b:9d:cc:43;-74.0;;;;-74.0;3.9810717055349695e-11;0.00028;1.1147000775497913e-14;9.310771522846767e-14;25;0x00;38;VERT;False
1787665259.3778007;9.796443606999674;BLE Sniffer;Appareil BLE;2,4 GHz BLE;57:10:3b:9d:cc:43;-80.0;;;;-80.0;1e-11;0.00028;2.7999999999999997e-15;9.590771522846767e-14;25;0x00;39;VERT;False
1787665259.4421706;9.860646613999961;Simulation RF;Détection RF large bande;868 MHz;868 MHz;;2326;1.8742031859677788;-30.96812743871115;-63.96812743871115;4.010395978690504e-10;0.1;4.0103959786905046e-11;1.897654403174464e-09;;;;ORANGE;True
1787665259.444149;9.860646613999961;Simulation RF;Détection RF large bande;2,45 GHz;2,45 GHz;;2769;2.2313719044296105;-45.254876177184414;-61.95487617718442;6.375472580494622e-10;0.1;6.375472580494622e-11;4.5425695951297126e-09;;;;ORANGE;True
1787665259.4553118;9.873953139999685;Wi-Fi;Wi-Fi;2,4/5 GHz;wlan0;-33.0;;;;-33.0;5.011872336272725e-07;0.1;5.011872336272725e-08;2.1204650230441322e-06;;;;ROUGE;False
1787665259.542295;9.96073401800004;Simulation RF;Détection RF large bande;868 MHz;868 MHz;;2320;1.8692356591116719;-30.769426364466874;-63.769426364466874;4.198144312926693e-10;0.1;4.198144312926693e-11;1.939635846303731e-09;;;;ORANGE;True
1787665259.5424583;9.96073401800004;Simulation RF;Détection RF large bande;2,45 GHz;2,45 GHz;;2810;2.2646831905848175;-46.587327623392696;-63.2873276233927;4.691019493521815e-10;0.1;4.691019493521815e-11;4.589479790064931e-09;;;;ORANGE;True
1787665259.5509872;9.969628707999618;Wi-Fi;Wi-Fi;2,4/5 GHz;wlan0;-33.0;;;;-33.0;5.011872336272725e-07;0.1;5.011872336272725e-08;2.1705837464068597e-06;;;;ROUGE;False
1787665259.6452239;10.060813328000222;Simulation RF;Détection RF large bande;868 MHz;868 MHz;;2331;1.8787946187547815;-31.151784750191254;-64.15178475019125;3.8443376501657774e-10;0.1;3.844337650165778e-11;1.978079222805389e-09;;;;ORANGE;True
1787665259.645587;10.060813328000222;Simulation RF;Détection RF large bande;2,45 GHz;2,45 GHz;;2750;2.215957933369219;-44.63831733476877;-61.33831733476877;7.347985092155814e-10;0.1;7.347985092155814e-11;4.662959640986489e-09;;;;ORANGE;True
1787665259.6578918;10.07653344099981;Wi-Fi;Wi-Fi;2,4/5 GHz;wlan0;-33.0;;;;-33.0;5.011872336272725e-07;0.1;5.011872336272725e-08;2.220702469769587e-06;;;;ROUGE;False
1787665259.6842434;10.10288602699984;BLE Sniffer;Appareil BLE;2,4 GHz BLE;57:10:3b:9d:cc:43;-81.0;;;;-81.0;7.943282347242821e-12;0.00028;2.22411905722799e-15;9.813183428569566e-14;25;0x00;37;VERT;False
1787665259.6843176;10.102958028000103;BLE Sniffer;Appareil BLE;2,4 GHz BLE;57:10:3b:9d:cc:43;-74.0;;;;-74.0;3.9810717055349695e-11;0.00028;1.1147000775497913e-14;1.0927883506119357e-13;25;0x00;38;VERT;False
1787665259.6852167;10.103858892000062;BLE Sniffer;Appareil BLE;2,4 GHz BLE;57:10:3b:9d:cc:43;-81.0;;;;-81.0;7.943282347242821e-12;0.00028;2.22411905722799e-15;1.1150295411842157e-13;25;0x00;39;VERT;False
1787665259.6855345;10.104175487999782;BLE Sniffer;Appareil BLE;2,4 GHz BLE;73:e9:68:c2:03:47;-47.0;;;;-47.0;1.9952623149688786e-08;0.000176;3.511661674345226e-12;3.5117939877749037e-12;12;0x03;37;ROUGE;False
1787665259.7424495;10.160901250000279;Simulation RF;Détection RF large bande;868 MHz;868 MHz;;2360;1.9021639764611724;-32.086559058446895;-65.0865590584469;3.0998743757943637e-10;0.1;3.099874375794364e-11;2.0090779665633327e-09;;;;ORANGE;True
1787665259.7426016;10.160901250000279;Simulation RF;Détection RF large bande;2,45 GHz;2,45 GHz;;2750;2.216257215041695;-44.650288601667796;-61.35028860166779;7.327758363757143e-10;0.1;7.327758363757143e-11;4.736237224624061e-09;;;;ORANGE;True
1787665259.7545023;10.173143779999918;Wi-Fi;Wi-Fi;2,4/5 GHz;wlan0;-33.0;;;;-33.0;5.011872336272725e-07;0.1;5.011872336272725e-08;2.2708211931323146e-06;;;;ROUGE;False
1787665259.7868962;10.205538592999801;Simulation LoRa;LoRa;868 MHz;LoRa 868.100 MHz;-88.02517946315452;;;;-88.02517946315452;1.5757309075987954e-12;0.041216;6.494532508759195e-14;6.266649912201133e-13;12;"SNR=9.22;SF=7;BW=125.0;CR=4/5;F=868.100;CRC=OK;PAYLOAD=54454d504f5f4c4f52415f39";7;VERT;True
1787665259.8425424;10.26098811599968;Simulation RF;Détection RF large bande;868 MHz;868 MHz;;2422;1.9519566899934055;-34.07826759973622;-67.07826759973622;1.9596262123222832e-10;0.1;1.9596262123222834e-11;2.0286742286865557e-09;;;;ORANGE;True
1787665259.8426988;10.26098811599968;Simulation RF;Détection RF large bande;2,45 GHz;2,45 GHz;;2768;2.2306399549148708;-45.22559819659483;-61.925598196594834;6.418598057416494e-10;0.1;6.418598057416494e-11;4.8004232051982255e-09;;;;ORANGE;True
1787665259.8530693;10.271710940999583;Wi-Fi;Wi-Fi;2,4/5 GHz;wlan0;-33.0;;;;-33.0;5.011872336272725e-07;0.1;5.011872336272725e-08;2.320939916495042e-06;;;;ROUGE;False
1787665259.8885458;10.307187684000382;BLE Sniffer;Appareil BLE;2,4 GHz BLE;d1:23:2f:4d:3e:b1;-75.0;;;;-75.0;3.1622776601683794e-11;0.000376;1.1890164002233105e-14;1.1890164002233105e-14;37;0x00;38;VERT;False
1787665259.8896077;10.30824880900036;BLE Sniffer;Appareil BLE;2,4 GHz BLE;d3:23:2f:4d:3e:b1;-90.0;;;;-90.0;1e-12;0.000376;3.7599999999999995e-16;3.205527328486612e-14;37;0x00;39;VERT;False
1787665259.8896635;10.308303828000135;BLE Sniffer;Appareil BLE;2,4 GHz BLE;57:10:3b:9d:cc:43;-80.0;;;;-80.0;1e-11;0.00028;2.7999999999999997e-15;1.1430295411842157e-13;25;0x00;37;VERT;False
1787665259.9426122;10.361067351999736;Simulation RF;Détection RF large bande;868 MHz;868 MHz;;2436;1.9632230688683792;-34.52892275473516;-67.52892275473516;1.7664759316744147e-10;0.1;1.766475931674415e-11;2.0463389880032998e-09;;;;ORANGE;True
1787665259.9427578;10.361067351999736;Simulation RF;Détection RF large bande;2,45 GHz;2,45 GHz;;2795;2.252319580618408;-46.09278322473632;-62.792783224736326;5.256802703406571e-10;0.1;5.256802703406571e-11;4.852991232232291e-09;;;;ORANGE;True
1787665259.9509897;10.369631315999868;Wi-Fi;Wi-Fi;2,4/5 GHz;wlan0;-33.0;;;;-33.0;5.011872336272725e-07;0.1;5.011872336272725e-08;2.3710586398577696e-06;;;;ROUGE;False
1787665259.9907725;10.40941461500006;BLE Sniffer;Appareil BLE;2,4 GHz BLE;57:18:3b:9d:cc:43;-73.0;;;;-73.0;5.011872336272715e-11;0.00028;1.40332425415636e-14;1.40332425415636e-14;25;0x00;38;VERT;False
1787665259.9908571;10.40949756000009;BLE Sniffer;Appareil BLE;2,4 GHz BLE;57:10:3b:9d:cc:43;-80.0;;;;-80.0;1e-11;0.00028;2.7999999999999997e-15;1.1710295411842156e-13;25;0x00;39;VERT;False
1787665260.0427163;10.46115716300028;Simulation RF;Détection RF large bande;868 MHz;868 MHz;;2376;1.9151057002998397;-32.604228011993584;-65.60422801199358;2.7515486680289943e-10;0.1;2.7515486680289945e-11;2.0738544746835898e-09;;;;ORANGE;True
1787665260.0428798;10.46115716300028;Simulation RF;Détection RF large bande;2,45 GHz;2,45 GHz;;2708;2.1818761558698445;-43.27504623479378;-59.97504623479377;1.0057623556442735e-09;0.1;1.0057623556442736e-10;4.953567467796718e-09;;;;ORANGE;True
1787665260.052569;10.47120966500006;Wi-Fi;Wi-Fi;2,4/5 GHz;wlan0;-33.0;;;;-33.0;5.011872336272725e-07;0.1;5.011872336272725e-08;2.421177363220497e-06;;;;ROUGE;False
1787665260.1427991;10.561251158000232;Simulation RF;Détection RF large bande;868 MHz;868 MHz;;2339;1.885164506424754;-31.406580256990154;-64.40658025699015;3.625283499152104e-10;0.1;3.625283499152104e-11;2.110107309675111e-09;;;;ORANGE;True
1787665260.1430209;10.561251158000232;Simulation RF;Détection RF large bande;2,45 GHz;2,45 GHz;;2753;2.218690389646599;-44.747615585863954;-61.44761558586395;7.165367035624895e-10;0.1;7.165367035624896e-11;5.0252211381529676e-09;;;;ORANGE;True
1787665260.150955;10.569596545000422;Wi-Fi;Wi-Fi;2,4/5 GHz;wlan0;-33.0;;;;-33.0;5.011872336272725e-07;0.1;5.011872336272725e-08;2.4712960865832245e-06;;;;ROUGE;False
1787665260.1959364;10.614578949000133;BLE Sniffer;Appareil BLE;2,4 GHz BLE;57:10:3b:9d:cc:43;-76.0;;;;-76.0;2.5118864315095823e-11;0.00028;7.03328200822683e-15;1.2413623612664838e-13;25;0x00;37;VERT;False
1787665260.2428837;10.661339356999633;Simulation RF;Détection RF large bande;868 MHz;868 MHz;;2395;1.930191127044208;-33.20764508176832;-66.20764508176832;2.394613859759067e-10;0.1;2.394613859759067e-11;2.1340534482727017e-09;;;;ORANGE;True
1787665260.2430341;10.661339356999633;Simulation RF;Détection RF large bande;2,45 GHz;2,45 GHz;;2704;2.179148126082679;-43.165925043307155;-59.86592504330716;1.0313533787081444e-09;0.1;1.0313533787081445e-10;5.128356476023782e-09;;;;ORANGE;True
1787665260.2509449;10.669586465000066;Wi-Fi;Wi-Fi;2,4/5 GHz;wlan0;-34.0;;;;-34.0;3.981071705534969e-07;0.1;3.9810717055349696e-08;2.511106803638574e-06;;;;ROUGE;False
1787665260.342991;10.761431056999754;Simulation RF;Détection RF large bande;868 MHz;868 MHz;;2338;1.8843438052865542;-31.37375221146216;-64.37375221146216;3.6527906194185566e-10;0.1;3.652790619418557e-11;2.170581354466887e-09;;;;ORANGE;True
1787665260.34315;10.761431056999754;Simulation RF;Détection RF large bande;2,45 GHz;2,45 GHz;;2799;2.255465445191583;-46.21861780766332;-62.918617807663324;5.106674999438278e-10;0.1;5.106674999438278e-11;5.179423226018165e-09;;;;ORANGE;True
1787665260.3509252;10.769567330000427;Wi-Fi;Wi-Fi;2,4/5 GHz;wlan0;-34.0;;;;-34.0;3.981071705534969e-07;0.1;3.9810717055349696e-08;2.5509175206939237e-06;;;;ROUGE;False
1787665260.4430673;10.86151538499962;Simulation RF;Détection RF large bande;868 MHz;868 MHz;;2356;1.8986721087955858;-31.946884351823428;-64.94688435182343;3.201190834836271e-10;0.1;3.201190834836271e-11;2.20259326281525e-09;;;;ORANGE;True
1787665260.4432223;10.86151538499962;Simulation RF;Détection RF large bande;2,45 GHz;2,45 GHz;;2734;2.20312393151453;-44.1249572605812;-60.8249572605812;8.269976471067205e-10;0.1;8.269976471067206e-11;5.262122990728837e-09;;;;ORANGE;True
1787665260.451964;10.870605207999688;Wi-Fi;Wi-Fi;2,4/5 GHz;wlan0;-34.0;;;;-34.0;3.981071705534969e-07;0.1;3.9810717055349696e-08;2.5907282377492734e-06;;;;ROUGE;False
1787665260.5431643;10.961602936000418;Simulation RF;Détection RF large bande;868 MHz;868 MHz;;2363;1.9044235172723838;-32.17694069089535;-65.17694069089535;3.0360291070113106e-10;0.1;3.036029107011311e-11;2.232953553885363e-09;;;;ORANGE;True
1787665260.5433278;10.961602936000418;Simulation RF;Détection RF large bande;2,45 GHz;2,45 GHz;;2824;2.275582856144586;-47.023314245783425;-63.72331424578343;4.242956462318912e-10;0.1;4.242956462318912e-11;5.304552555352026e-09;;;;ORANGE;True
1787665260.552144;10.97078564900039;Wi-Fi;Wi-Fi;2,4/5 GHz;wlan0;-34.0;;;;-34.0;3.981071705534969e-07;0.1;3.9810717055349696e-08;2.630538954804623e-06;;;;ROUGE;False
1787665260.6432552;11.06169072800003;Simulation RF;Détection RF large bande;868 MHz;868 MHz;;2321;1.870443014955526;-30.817720598221037;-63.81772059822104;4.151718891142297e-10;0.1;4.151718891142297e-11;2.274470742796786e-09;;;;ORANGE;True
1787665260.6434207;11.06169072800003;Simulation RF;Détection RF large bande;2,45 GHz;2,45 GHz;;2779;2.2396368733254564;-45.58547493301825;-62.28547493301825;5.908163519201667e-10;0.1;5.908163519201668e-11;5.363634190544043e-09;;;;ORANGE;True
1787665260.652308;11.070949664000182;Wi-Fi;Wi-Fi;2,4/5 GHz;wlan0;-34.0;;;;-34.0;3.981071705534969e-07;0.1;3.9810717055349696e-08;2.6703496718599726e-06;;;;ROUGE;False
1787665260.7040596;11.122702268000467;Simulation LoRa;LoRa;868 MHz;LoRa 868.100 MHz;-92.27690387532675;;;;-92.27690387532675;5.919835141823848e-13;0.046335999999999995;2.7430148113154976e-14;6.540951393332682e-13;13;"SNR=8.49;SF=7;BW=125.0;CR=4/5;F=868.100;CRC=OK;PAYLOAD=54454d504f5f4c4f52415f3130";7;VERT;True
1787665260.7433076;11.161769667999579;Simulation RF;Détection RF large bande;868 MHz;868 MHz;;2333;1.8798148737200717;-31.192594948802864;-64.19259494880286;3.808382011282489e-10;0.1;3.8083820112824897e-11;2.312554562909611e-09;;;;ORANGE;True
1787665260.7434444;11.161769667999579;Simulation RF;Détection RF large bande;2,45 GHz;2,45 GHz;;2746;2.2128402006177654;-44.51360802471062;-61.213608024710624;7.562043957138719e-10;0.1;7.56204395713872e-11;5.43925463011543e-09;;;;ORANGE;True
1787665260.7524078;11.171048715000325;Wi-Fi;Wi-Fi;2,4/5 GHz;wlan0;-34.0;;;;-34.0;3.981071705534969e-07;0.1;3.9810717055349696e-08;2.7101603889153222e-06;;;;ROUGE;False
1787665260.8048294;11.223471493999568;BLE Sniffer;Appareil BLE;2,4 GHz BLE;57:90:3a:9d:c4:43;-75.0;;;;-75.0;3.1622776601683794e-11;0.000168;5.312626469082877e-15;5.312626469082877e-15;11;0x04;38;VERT;False
1787665260.804913;11.223553662000086;BLE Sniffer;Appareil BLE;2,4 GHz BLE;57:10:3b:9d:cc:43;-82.0;;;;-82.0;6.309573444801943e-12;0.00028;1.7666805645445437e-15;1.2590291669119294e-13;25;0x00;39;VERT;False
1787665260.843422;11.261862311999721;Simulation RF;Détection RF large bande;868 MHz;868 MHz;;2374;1.9130732822725485;-32.52293129090194;-65.52293129090194;2.8035407362901315e-10;0.1;2.8035407362901317e-11;2.3405899702725123e-09;;;;ORANGE;True
1787665260.8435826;11.261862311999721;Simulation RF;Détection RF large bande;2,45 GHz;2,45 GHz;;2738;2.2061040907717424;-44.24416363086969;-60.94416363086969;8.046066856806444e-10;0.1;8.046066856806445e-11;5.519715298683494e-09;;;;ORANGE;True
1787665260.8522243;11.270866410999588;Wi-Fi;Wi-Fi;2,4/5 GHz;wlan0;-34.0;;;;-34.0;3.981071705534969e-07;0.1;3.9810717055349696e-08;2.749971105970672e-06;;;;ROUGE;False
1787665260.9434927;11.361948585000391;Simulation RF;Détection RF large bande;868 MHz;868 MHz;;2352;1.895478183873558;-31.81912735494231;-64.81912735494231;3.296759486132792e-10;0.1;3.2967594861327925e-11;2.3735575651338403e-09;;;;ORANGE;True
1787665260.9436438;11.361948585000391;Simulation RF;Détection RF large bande;2,45 GHz;2,45 GHz;;2730;2.19993049591903;-43.997219836761204;-60.69721983676121;8.516830739665732e-10;0.1;8.516830739665732e-11;5.604883606080152e-09;;;;ORANGE;True
1787665260.952893;11.371534988000349;Wi-Fi;Wi-Fi;2,4/5 GHz;wlan0;-35.0;;;;-35.0;3.162277660168379e-07;0.1;3.162277660168379e-08;2.7815938825723556e-06;;;;ROUGE;False
1787665261.0093133;11.427954744999624;BLE Sniffer;Appareil BLE;2,4 GHz BLE;57:10:3b:9d:cc:43;-77.0;;;;-77.0;1.9952623149688828e-11;0.00028;5.586734481912872e-15;1.3148965117310582e-13;25;0x00;37;VERT;False
1787665261.0435658;11.462026301999686;Simulation RF;Détection RF large bande;868 MHz;868 MHz;;2408;1.9402939032590094;-33.61175613036038;-66.61175613036038;2.1818474729598673e-10;0.1;2.1818474729598675e-11;2.395376039863439e-09;;;;ORANGE;True
1787665261.0437012;11.462026301999686;Simulation RF;Détection RF large bande;2,45 GHz;2,45 GHz;;2775;2.2361456638468584;-45.44582655387434;-62.14582655387434;6.101229263501119e-10;0.1;6.101229263501119e-11;5.665895898715163e-09;;;;ORANGE;True
1787665261.0525134;11.471154718000435;Wi-Fi;Wi-Fi;2,4/5 GHz;wlan0;-35.0;;;;-35.0;3.162277660168379e-07;0.1;3.162277660168379e-08;2.8132166591740394e-06;;;;ROUGE;False
1787665261.1100142;11.528656747999776;BLE Sniffer;Appareil BLE;2,4 GHz BLE;57:10:3b:dd:cc:43;-73.0;;;;-73.0;5.011872336272715e-11;0.00028;1.40332425415636e-14;1.40332425415636e-14;25;0x02;38;VERT;False
1787665261.1100948;11.528735324000081;BLE Sniffer;Appareil BLE;2,4 GHz BLE;57:10:3b:9d:cc:43;-78.0;;;;-78.0;1.5848931924611107e-11;0.00028;4.4377009388911094e-15;1.3592735211199692e-13;25;0x00;39;VERT;False
1787665261.1436737;11.562116557000081;Simulation RF;Détection RF large bande;868 MHz;868 MHz;;2431;1.9587198611110521;-34.34879444444208;-67.34879444444208;1.8412830512393142e-10;0.1;1.8412830512393143e-11;2.413788870375832e-09;;;;ORANGE;True
1787665261.1438339;11.562116557000081;Simulation RF;Détection RF large bande;2,45 GHz;2,45 GHz;;2778;2.2386100703072387;-45.54440281228955;-62.24440281228954;5.96430327869948e-10;0.1;5.96430327869948e-11;5.7255389315021576e-09;;;;ORANGE;True
1787665261.1527321;11.57137445599983;Wi-Fi;Wi-Fi;2,4/5 GHz;wlan0;-36.0;;;;-36.0;2.5118864315095823e-07;0.1;2.5118864315095824e-08;2.838335523489135e-06;;;;ROUGE;False
1787665261.243748;11.662204922000456;Simulation RF;Détection RF large bande;868 MHz;868 MHz;;2400;1.9343077113761884;-33.37230845504753;-66.37230845504753;2.3055213828604958e-10;0.1;2.3055213828604958e-11;2.436844084204437e-09;;;;ORANGE;True
1787665261.2438965;11.662204922000456;Simulation RF;Détection RF large bande;2,45 GHz;2,45 GHz;;2787;2.245862484716955;-45.83449938867818;-62.53449938867818;5.578919066443362e-10;0.1;5.578919066443363e-11;5.781328122166591e-09;;;;ORANGE;True
1787665261.2527502;11.671391505999964;Wi-Fi;Wi-Fi;2,4/5 GHz;wlan0;-36.0;;;;-36.0;2.5118864315095823e-07;0.1;2.5118864315095824e-08;2.8634543878042307e-06;;;;ROUGE;False
1787665261.3160765;11.734718704999977;BLE Sniffer;Appareil BLE;2,4 GHz BLE;57:10:3b:9d:cc:43;-76.0;;;;-76.0;2.5118864315095823e-11;0.00028;7.03328200822683e-15;1.4296063412022374e-13;25;0x00;37;VERT;False
1787665261.3438427;11.76229232500009;Simulation RF;Détection RF large bande;868 MHz;868 MHz;;2398;1.9321258903880532;-33.28503561552212;-66.28503561552212;2.3523202024563643e-10;0.1;2.3523202024563645e-11;2.4603672862290006e-09;;;;ORANGE;True
1787665261.3440044;11.76229232500009;Simulation RF;Détection RF large bande;2,45 GHz;2,45 GHz;;2720;2.191920499366729;-43.67681997466916;-60.376819974669154;9.168916179995758e-10;0.1;9.168916179995758e-11;5.8730172839665485e-09;;;;ORANGE;True
1787665261.352775;11.771416648000013;Wi-Fi;Wi-Fi;2,4/5 GHz;wlan0;-36.0;;;;-36.0;2.5118864315095823e-07;0.1;2.5118864315095824e-08;2.8885732521193263e-06;;;;ROUGE;False
1787665261.418043;11.836684595000406;BLE Sniffer;Appareil BLE;2,4 GHz BLE;44:ec:91:c5:a8:08;-51.0;;;;-51.0;7.943282347242822e-09;0.000176;1.3980176931147366e-12;1.3980176931147366e-12;12;0x03;38;ORANGE;False
1787665261.4439235;11.862375431000146;Simulation RF;Détection RF large bande;868 MHz;868 MHz;;2396;1.930597006041014;-33.22388024164056;-66.22388024164056;2.38567882502719e-10;0.1;2.38567882502719e-11;2.4842240744792724e-09;;;;ORANGE;True
1787665261.4440749;11.862375431000146;Simulation RF;Détection RF large bande;2,45 GHz;2,45 GHz;;2687;2.1651953304094897;-42.60781321637958;-59.30781321637958;1.1727857444715278e-09;0.1;1.1727857444715277e-10;5.990295858413701e-09;;;;ORANGE;True
1787665261.4529936;11.871635088999938;Wi-Fi;Wi-Fi;2,4/5 GHz;wlan0;-36.0;;;;-36.0;2.5118864315095823e-07;0.1;2.5118864315095824e-08;2.913692116434422e-06;;;;ROUGE;False
1787665261.5440025;11.96246029699978;Simulation RF;Détection RF large bande;868 MHz;868 MHz;;2331;1.878251282139467;-31.130051285578674;-64.13005128557867;3.8636241449621397e-10;0.1;3.86362414496214e-11;2.522860315928894e-09;;;;ORANGE;True
1787665261.544156;11.96246029699978;Simulation RF;Détection RF large bande;2,45 GHz;2,45 GHz;;2712;2.185831201290881;-43.433248051635246;-60.13324805163524;9.69784402419192e-10;0.1;9.69784402419192e-11;6.08727429865562e-09;;;;ORANGE;True
1787665261.5531056;11.971747307000442;Wi-Fi;Wi-Fi;2,4/5 GHz;wlan0;-37.0;;;;-37.0;1.9952623149688787e-07;0.1;1.995262314968879e-08;2.933644739584111e-06;;;;ROUGE;False
1787665261.6201253;12.038768129000346;BLE Sniffer;Appareil BLE;2,4 GHz BLE;57:10:3b:9d:cc:43;-80.0;;;;-80.0;1e-11;0.00028;2.7999999999999997e-15;1.4576063412022374e-13;25;0x00;39;VERT;False
1787665261.6441057;12.06254619900028;Simulation RF;Détection RF large bande;868 MHz;868 MHz;;2346;1.8903619530107887;-31.614478120431542;-64.61447812043154;3.455828548108062e-10;0.1;3.455828548108062e-11;2.5574186014099744e-09;;;;ORANGE;True
1787665261.644268;12.06254619900028;Simulation RF;Détection RF large bande;2,45 GHz;2,45 GHz;;2763;2.2267382318464284;-45.06952927385713;-61.76952927385713;6.653452682022429e-10;0.1;6.653452682022429e-11;6.153808825475844e-09;;;;ORANGE;True
1787665261.6531446;12.071786227999837;Wi-Fi;Wi-Fi;2,4/5 GHz;wlan0;-37.0;;;;-37.0;1.9952623149688787e-07;0.1;1.995262314968879e-08;2.9535973627338e-06;;;;ROUGE;False
1787665261.7230062;12.141648883000016;Simulation LoRa;LoRa;868 MHz;LoRa 868.100 MHz;-86.24897622679667;;;;-86.24897622679667;2.3719327813875157e-12;0.046335999999999995;1.0990587735837191e-13;7.640010166916402e-13;13;"SNR=8.28;SF=7;BW=125.0;CR=4/5;F=868.100;CRC=OK;PAYLOAD=54454d504f5f4c4f52415f3131";7;VERT;True
1787665261.7441726;12.162630583000464;Simulation RF;Détection RF large bande;868 MHz;868 MHz;;2413;1.944141276649403;-33.765651065976115;-66.76565106597612;2.1058861745989002e-10;0.1;2.1058861745989004e-11;2.5784774631559635e-09;;;;ORANGE;True
1787665261.74432;12.162630583000464;Simulation RF;Détection RF large bande;2,45 GHz;2,45 GHz;;2824;2.2756632104748924;-47.026528418995696;-63.7265284189957;4.239817451282579e-10;0.1;4.239817451282579e-11;6.19620699998867e-09;;;;ORANGE;True
1787665261.753122;12.171763499000008;Wi-Fi;Wi-Fi;2,4/5 GHz;wlan0;-37.0;;;;-37.0;1.9952623149688787e-07;0.1;1.995262314968879e-08;2.9735499858834888e-06;;;;ROUGE;False
1787665261.824855;12.24349658600022;BLE Sniffer;Appareil BLE;2,4 GHz BLE;57:10:3b:9d:cc:43;-75.0;;;;-75.0;3.1622776601683794e-11;0.00028;8.854377448471461e-15;1.546150115686952e-13;25;0x00;37;VERT;False
1787665261.844262;12.262716318999992;Simulation RF;Détection RF large bande;868 MHz;868 MHz;;2373;1.9124020358752625;-32.496081435010495;-65.4960814350105;2.8209270576705193e-10;0.1;2.8209270576705196e-11;2.6066867337326686e-09;;;;ORANGE;True
1787665261.8444364;12.262716318999992;Simulation RF;Détection RF large bande;2,45 GHz;2,45 GHz;;2675;2.1557760765574527;-42.23104306229811;-58.93104306229811;1.2790740669673947e-09;0.1;1.2790740669673947e-10;6.324114406685409e-09;;;;ORANGE;True
1787665261.854217;12.272858674000418;Wi-Fi;Wi-Fi;2,4/5 GHz;wlan0;-37.0;;;;-37.0;1.9952623149688787e-07;0.1;1.995262314968879e-08;2.9935026090331777e-06;;;;ROUGE;False
1787665261.926409;12.345050693000303;BLE Sniffer;Appareil BLE;2,4 GHz BLE;d3:23:2f:4d:3e:b1;-75.0;;;;-75.0;3.1622776601683794e-11;0.000376;1.1890164002233105e-14;4.3945437287099224e-14;37;0x00;38;VERT;False
1787665261.9267669;12.345407474999774;BLE Sniffer;Appareil BLE;2,4 GHz BLE;73:e9:68:c2:83:47;-91.0;;;;-91.0;7.943282347242822e-13;0.00026399999999999997;2.0970265396721046e-16;2.0970265396721046e-16;23;0x00;39;VERT;False
1787665261.9443908;12.362803424999584;Simulation RF;Détection RF large bande;868 MHz;868 MHz;;2422;1.9516969261147257;-34.067877044589025;-67.06787704458903;1.964320258003831e-10;0.1;1.9643202580038313e-11;2.626329936312707e-09;;;;ORANGE;True
1787665261.94455;12.362803424999584;Simulation RF;Détection RF large bande;2,45 GHz;2,45 GHz;;2717;2.1895493955856753;-43.581975823427;-60.281975823427;9.371355599571039e-10;0.1;9.371355599571039e-11;6.417827962681119e-09;;;;ORANGE;True
1787665261.9556317;12.374273612999787;Wi-Fi;Wi-Fi;2,4/5 GHz;wlan0;-38.0;;;;-38.0;1.584893192461114e-07;0.1;1.5848931924611143e-08;3.0093515409577888e-06;;;;ROUGE;False
1787665262.0444157;12.462885697999809;Simulation RF;Détection RF large bande;868 MHz;868 MHz;;2340;1.8860833936545711;-31.44333574618284;-64.44333574618284;3.59473123558164e-10;0.1;3.59473123558164e-11;2.6622772486685233e-09;;;;ORANGE;True
1787665262.0446012;12.462885697999809;Simulation RF;Détection RF large bande;2,45 GHz;2,45 GHz;;2741;2.2085474574960102;-44.34189829984041;-61.041898299840405;7.867018473972742e-10;0.1;7.867018473972742e-11;6.496498147420847e-09;;;;ORANGE;True
1787665262.0533895;12.472031225000137;Wi-Fi;Wi-Fi;2,4/5 GHz;wlan0;-38.0;;;;-38.0;1.584893192461114e-07;0.1;1.5848931924611143e-08;3.0252004728824e-06;;;;ROUGE;False
1787665262.1319327;12.550575215999743;BLE Sniffer;Appareil BLE;2,4 GHz BLE;57:10:3b:9d:cc:43;-74.0;;;;-74.0;3.9810717055349695e-11;0.00028;1.1147000775497913e-14;1.6576201234419312e-13;25;0x00;37;VERT;False
1787665262.132012;12.550652197999625;BLE Sniffer;Appareil BLE;2,4 GHz BLE;57:10:3b:99:cc:43;-76.0;;;;-76.0;2.5118864315095823e-11;0.000272;6.832331093706064e-15;6.832331093706064e-15;24;0x00;38;VERT;False
1787665262.1445088;12.562934284999756;Simulation RF;Détection RF large bande;868 MHz;868 MHz;;2345;1.8897396420186934;-31.58958568074773;-64.58958568074773;3.475693181599423e-10;0.1;3.475693181599423e-11;2.6970341804845175e-09;;;;ORANGE;True
1787665262.1448164;12.562934284999756;Simulation RF;Détection RF large bande;2,45 GHz;2,45 GHz;;2718;2.1905190873520173;-43.62076349408069;-60.32076349408069;9.288030879064008e-10;0.1;9.288030879064008e-11;6.589378456211486e-09;;;;ORANGE;True
1787665262.1555011;12.574143228000139;Wi-Fi;Wi-Fi;2,4/5 GHz;wlan0;-38.0;;;;-38.0;1.584893192461114e-07;0.1;1.5848931924611143e-08;3.041049404807011e-06;;;;ROUGE;False
1787665262.2339537;12.652595255000051;BLE Sniffer;Appareil BLE;2,4 GHz BLE;73:e9:68:c2:03:47;-93.0;;;;-93.0;5.011872336272715e-13;0.00026399999999999997;1.3231342967759965e-16;3.5119263012045812e-12;23;0x00;39;VERT;False
1787665262.2445161;12.663012021000213;Simulation RF;Détection RF large bande;868 MHz;868 MHz;;2432;1.9600563022956934;-34.402252091827734;-67.40225209182773;1.8187574731385707e-10;0.1;1.8187574731385707e-11;2.7152217552159034e-09;;;;ORANGE;True
1787665262.2447324;12.663012021000213;Simulation RF;Détection RF large bande;2,45 GHz;2,45 GHz;;2755;2.2203538105804275;-44.814152423217095;-61.5141524232171;7.056425450588753e-10;0.1;7.056425450588753e-11;6.6599427107173736e-09;;;;ORANGE;True
1787665262.2535632;12.672204751999743;Wi-Fi;Wi-Fi;2,4/5 GHz;wlan0;-38.0;;;;-38.0;1.584893192461114e-07;0.1;1.5848931924611143e-08;3.056898336731622e-06;;;;ROUGE;False
1787665262.3445826;12.763092440999571;Simulation RF;Détection RF large bande;868 MHz;868 MHz;;2378;1.91617188931043;-32.6468755724172;-65.6468755724172;2.7246607950600914e-10;0.1;2.7246607950600916e-11;2.742468363166504e-09;;;;ORANGE;True
1787665262.3467517;12.763092440999571;Simulation RF;Détection RF large bande;2,45 GHz;2,45 GHz;;2743;2.2107510608711944;-44.43004243484778;-61.13004243484778;7.708959366151585e-10;0.1;7.708959366151586e-11;6.73703230437889e-09;;;;ORANGE;True
1787665262.356031;12.77467235200038;Wi-Fi;Wi-Fi;2,4/5 GHz;wlan0;-39.0;;;;-39.0;1.2589254117941662e-07;0.1;1.2589254117941663e-08;3.0694875908495635e-06;;;;ROUGE;False
1787665262.4373975;12.856038898000406;BLE Sniffer;Appareil BLE;2,4 GHz BLE;57:10:3b:9d:cc:43;-75.0;;;;-75.0;3.1622776601683794e-11;0.00028;8.854377448471461e-15;1.7461638979266458e-13;25;0x00;37;VERT;False
1787665262.4377666;12.856407328999921;BLE Sniffer;Appareil BLE;2,4 GHz BLE;57:10:3b:9b:4e:43;-76.0;;;;-76.0;2.5118864315095823e-11;0.00028;7.03328200822683e-15;7.03328200822683e-15;25;0x04;38;VERT;False
1787665262.4378126;12.85645275600018;BLE Sniffer;Appareil BLE;2,4 GHz BLE;57:10:3b:9d:cc:43;-84.0;;;;-84.0;3.9810717055349695e-12;0.00028;1.1147000775497915e-15;1.7573108987021437e-13;25;0x00;39;VERT;False
1787665262.4446638;12.863172805999966;Simulation RF;Détection RF large bande;868 MHz;868 MHz;;2342;1.8871403244522065;-31.485612978088255;-64.48561297808826;3.5599074073892775e-10;0.1;3.5599074073892775e-11;2.7780674372403967e-09;;;;ORANGE;True
1787665262.4449248;12.863172805999966;Simulation RF;Détection RF large bande;2,45 GHz;2,45 GHz;;2752;2.2176150810268505;-44.70460324107401;-61.404603241074014;7.236685115306447e-10;0.1;7.236685115306448e-11;6.809399155531954e-09;;;;ORANGE;True
1787665262.4536366;12.872278036999887;Wi-Fi;Wi-Fi;2,4/5 GHz;wlan0;-39.0;;;;-39.0;1.2589254117941662e-07;0.1;1.2589254117941663e-08;3.082076844967505e-06;;;;ROUGE;False
1787665262.5460837;12.963247300999683;Simulation RF;Détection RF large bande;868 MHz;868 MHz;;2410;1.9420538464372918;-33.68215385749167;-66.68215385749167;2.1467655345580908e-10;0.1;2.146765534558091e-11;2.799535092585978e-09;;;;ORANGE;True
1787665262.5467994;12.963247300999683;Simulation RF;Détection RF large bande;2,45 GHz;2,45 GHz;;2803;2.259036260105316;-46.36145040421263;-63.06145040421263;4.941456306421785e-10;0.1;4.9414563064217855e-11;6.858813718596171e-09;;;;ORANGE;True
1787665262.5558155;12.974457076999897;Wi-Fi;Wi-Fi;2,4/5 GHz;wlan0;-40.0;;;;-40.0;1e-07;0.1;1e-08;3.092076844967505e-06;;;;ROUGE;False
1787665262.6418993;13.060540630000105;BLE Sniffer;Appareil BLE;2,4 GHz BLE;57:10:3b:9d:cc:43;-77.0;;;;-77.0;1.9952623149688828e-11;0.00028;5.586734481912872e-15;1.8131782435212725e-13;25;0x00;37;VERT;False
1787665262.6448715;13.063322906999929;Simulation RF;Détection RF large bande;868 MHz;868 MHz;;2372;1.911593180207878;-32.46372720831512;-65.46372720831512;2.842020977203123e-10;0.1;2.8420209772031232e-11;2.827955302358009e-09;;;;ORANGE;True
1787665262.645067;13.063322906999929;Simulation RF;Détection RF large bande;2,45 GHz;2,45 GHz;;2744;2.211356853470672;-44.454274138826875;-61.15427413882687;7.666066568050233e-10;0.1;7.666066568050234e-11;6.935474384276673e-09;;;;ORANGE;True
1787665262.654097;13.07273856699976;Wi-Fi;Wi-Fi;2,4/5 GHz;wlan0;-40.0;;;;-40.0;1e-07;0.1;1e-08;3.102076844967505e-06;;;;ROUGE;False
1787665262.7437901;13.16243248200044;Simulation LoRa;LoRa;868 MHz;LoRa 868.100 MHz;-91.32775644917346;;;;-91.32775644917346;7.365875178823814e-13;0.046335999999999995;3.413051922859802e-14;7.981315359202381e-13;13;"SNR=6.62;SF=7;BW=125.0;CR=4/5;F=868.100;CRC=OK;PAYLOAD=54454d504f5f4c4f52415f3132";7;VERT;True
1787665262.7448738;13.163365198000065;Simulation RF;Détection RF large bande;868 MHz;868 MHz;;2420;1.949958064354236;-33.998322574169435;-66.99832257416944;1.996033117068706e-10;0.1;1.996033117068706e-11;2.8479156335286962e-09;;;;ORANGE;True
1787665262.7450616;13.163365198000065;Simulation RF;Détection RF large bande;2,45 GHz;2,45 GHz;;2718;2.190434802100126;-43.61739208400503;-60.317392084005036;9.295243938338558e-10;0.1;9.295243938338559e-11;7.028426823660059e-09;;;;ORANGE;True
1787665262.7553136;13.173955520999698;Wi-Fi;Wi-Fi;2,4/5 GHz;wlan0;-39.0;;;;-39.0;1.2589254117941662e-07;0.1;1.2589254117941663e-08;3.1146660990854465e-06;;;;ROUGE;False
1787665262.8466787;13.26347269300004;Simulation RF;Détection RF large bande;868 MHz;868 MHz;;2379;1.9171940610344702;-32.68776244137881;-65.68776244137881;2.699129711543161e-10;0.1;2.6991297115431614e-11;2.8749069306441277e-09;;;;ORANGE;True
1787665262.8468416;13.26347269300004;Simulation RF;Détection RF large bande;2,45 GHz;2,45 GHz;;2711;2.1850847938827127;-43.403391755308505;-60.10339175530851;9.764743156674706e-10;0.1;9.764743156674707e-11;7.126074255226806e-09;;;;ORANGE;True
1787665262.8554058;13.274048590000348;Wi-Fi;Wi-Fi;2,4/5 GHz;wlan0;-39.0;;;;-39.0;1.2589254117941662e-07;0.1;1.2589254117941663e-08;3.127255353203388e-06;;;;ROUGE;False
1787665262.9451253;13.36355815099978;Simulation RF;Détection RF large bande;868 MHz;868 MHz;;2380;1.9176923880719903;-32.707695522879604;-65.7076955228796;2.6867697359217997e-10;0.1;2.6867697359217998e-11;2.901774628003346e-09;;;;ORANGE;True
1787665262.9454648;13.36355815099978;Simulation RF;Détection RF large bande;2,45 GHz;2,45 GHz;;2790;2.2483401026189838;-45.93360410475934;-62.633604104759335;5.453051377336198e-10;0.1;5.453051377336199e-11;7.180604769000168e-09;;;;ORANGE;True
1787665262.9500933;13.368735848000142;BLE Sniffer;Appareil BLE;2,4 GHz BLE;57:10:3b:9d:cc:43;-75.0;;;;-75.0;3.1622776601683794e-11;0.00028;8.854377448471461e-15;1.9017220180059871e-13;25;0x00;38;VERT;False
1787665262.9501855;13.368825868000386;BLE Sniffer;Appareil BLE;2,4 GHz BLE;57:10:3b:9d:cc:43;-82.0;;;;-82.0;6.309573444801943e-12;0.00028;1.7666805645445437e-15;1.9193888236514327e-13;25;0x00;39;VERT;False
1787665262.9560132;13.374654999000086;Wi-Fi;Wi-Fi;2,4/5 GHz;wlan0;-39.0;;;;-39.0;1.2589254117941662e-07;0.1;1.2589254117941663e-08;3.1398446073213297e-06;;;;ROUGE;False
1787665263.04522;13.463650552999752;Simulation RF;Détection RF large bande;868 MHz;868 MHz;;2419;1.949303551594129;-33.97214206376516;-66.97214206376516;2.0081021152965597e-10;0.1;2.0081021152965597e-11;2.9218556491563113e-09;;;;ORANGE;True
1787665263.0454552;13.463650552999752;Simulation RF;Détection RF large bande;2,45 GHz;2,45 GHz;;2706;2.1804432587571045;-43.217730350284185;-59.91773035028418;1.019123849309881e-09;0.1;1.019123849309881e-10;7.282517153931156e-09;;;;ORANGE;True
1787665263.055575;13.474216153999805;Wi-Fi;Wi-Fi;2,4/5 GHz;wlan0;-39.0;;;;-39.0;1.2589254117941662e-07;0.1;1.2589254117941663e-08;3.1524338614392713e-06;;;;ROUGE;False
1787665263.1454906;13.563739713999894;Simulation RF;Détection RF large bande;868 MHz;868 MHz;;2408;1.9404129672772452;-33.61651869108981;-66.61651869108981;2.1794561265306562e-10;0.1;2.179456126530656e-11;2.943650210421618e-09;;;;ORANGE;True
1787665263.1457818;13.563739713999894;Simulation RF;Détection RF large bande;2,45 GHz;2,45 GHz;;2709;2.1831743402049537;-43.326973608198145;-60.02697360819815;9.938083449734236e-10;0.1;9.938083449734237e-11;7.381897988428498e-09;;;;ORANGE;True
1787665263.1559548;13.574596096999812;Wi-Fi;Wi-Fi;2,4/5 GHz;wlan0;-39.0;;;;-39.0;1.2589254117941662e-07;0.1;1.2589254117941663e-08;3.165023115557213e-06;;;;ROUGE;False
1787665263.245614;13.663834189999761;Simulation RF;Détection RF large bande;868 MHz;868 MHz;;2458;1.9808110288973453;-35.23244115589381;-68.23244115589381;1.5022972920415358e-10;0.1;1.5022972920415358e-11;2.958673183342033e-09;;;;ORANGE;True
1787665263.2459767;13.663834189999761;Simulation RF;Détection RF large bande;2,45 GHz;2,45 GHz;;2760;2.2244636709937655;-44.97854683975062;-61.67854683975062;6.794309338850256e-10;0.1;6.794309338850256e-11;7.4498410818170005e-09;;;;ORANGE;True
1787665263.2547507;13.673391981999885;Wi-Fi;Wi-Fi;2,4/5 GHz;wlan0;-39.0;;;;-39.0;1.2589254117941662e-07;0.1;1.2589254117941663e-08;3.1776123696751545e-06;;;;ROUGE;False
1787665263.2559018;13.674543033999726;BLE Sniffer;Appareil BLE;2,4 GHz BLE;57:10:3b:9d:cc:43;-82.0;;;;-82.0;6.309573444801943e-12;0.00028;1.7666805645445437e-15;1.9370556292968782e-13;25;0x00;37;VERT;False
1787665263.3457506;13.763960444999611;Simulation RF;Détection RF large bande;868 MHz;868 MHz;;2379;1.9169110140690107;-32.67644056276042;-65.67644056276042;2.7061754116833786e-10;0.1;2.7061754116833787e-11;2.985734937458867e-09;;;;ORANGE;True
1787665263.3461053;13.763960444999611;Simulation RF;Détection RF large bande;2,45 GHz;2,45 GHz;;2667;2.1491714067178513;-41.966856268714054;-58.66685626871406;1.3592970460929976e-09;0.1;1.3592970460929977e-10;7.585770786426301e-09;;;;ORANGE;True
1787665263.35625;13.774891439000385;Wi-Fi;Wi-Fi;2,4/5 GHz;wlan0;-39.0;;;;-39.0;1.2589254117941662e-07;0.1;1.2589254117941663e-08;3.190201623793096e-06;;;;ROUGE;False
1787665263.4459672;13.864057347000198;Simulation RF;Détection RF large bande;868 MHz;868 MHz;;2418;1.9488651882947978;-33.95460753179191;-66.95460753179191;2.0162261670656942e-10;0.1;2.0162261670656942e-11;3.005897199129524e-09;;;;ORANGE;True
1787665263.4461539;13.864057347000198;Simulation RF;Détection RF large bande;2,45 GHz;2,45 GHz;;2754;2.2190220409005845;-44.76088163602337;-61.46088163602337;7.143512950443973e-10;0.1;7.143512950443973e-11;7.65720591593074e-09;;;;ORANGE;True
1787665263.4548154;13.87345628500043;Wi-Fi;Wi-Fi;2,4/5 GHz;wlan0;-39.0;;;;-39.0;1.2589254117941662e-07;0.1;1.2589254117941663e-08;3.2027908779110376e-06;;;;ROUGE;False
1787665263.4602222;13.878863891999572;BLE Sniffer;Appareil BLE;2,4 GHz BLE;57:10:3b:9d:cc:43;-74.0;;;;-74.0;3.9810717055349695e-11;0.00028;1.1147000775497913e-14;2.0485256370518574e-13;25;0x00;38;VERT;False
1787665263.546019;13.964191009000388;Simulation RF;Détection RF large bande;868 MHz;868 MHz;;2375;1.9136850473282054;-32.54740189312821;-65.54740189312821;2.7877884258701667e-10;0.1;2.787788425870167e-11;3.0337750833882255e-09;;;;ORANGE;True
1787665263.547322;13.964191009000388;Simulation RF;Détection RF large bande;2,45 GHz;2,45 GHz;;2761;2.2248669209241725;-44.99467683696689;-61.69467683696689;6.769121607824574e-10;0.1;6.769121607824575e-11;7.724897132008986e-09;;;;ORANGE;True
1787665263.558776;13.977418108000165;Wi-Fi;Wi-Fi;2,4/5 GHz;wlan0;-39.0;;;;-39.0;1.2589254117941662e-07;0.1;1.2589254117941663e-08;3.215380132028979e-06;;;;ROUGE;False
1787665263.5610251;13.979666174000158;BLE Sniffer;Appareil BLE;2,4 GHz BLE;57:10:3b:9d:cc:43;-84.0;;;;-84.0;3.9810717055349695e-12;0.00028;1.1147000775497915e-15;2.0596726378273553e-13;25;0x00;39;VERT;False
1787665263.645856;14.064289744000234;Simulation RF;Détection RF large bande;868 MHz;868 MHz;;2410;1.941798052084783;-33.67192208339132;-66.67192208339132;2.1518291758792684e-10;0.1;2.1518291758792686e-11;3.055293375147018e-09;;;;ORANGE;True
1787665263.6460261;14.064289744000234;Simulation RF;Détection RF large bande;2,45 GHz;2,45 GHz;;2744;2.2110289790539555;-44.441159162158215;-61.14115916215821;7.689251814199201e-10;0.1;7.689251814199201e-11;7.801789650150978e-09;;;;ORANGE;True
1787665263.6547017;14.073343455000213;Wi-Fi;Wi-Fi;2,4/5 GHz;wlan0;-39.0;;;;-39.0;1.2589254117941662e-07;0.1;1.2589254117941663e-08;3.227969386146921e-06;;;;ROUGE;False
1787665263.746282;14.164427425000213;Simulation RF;Détection RF large bande;868 MHz;868 MHz;;2438;1.96449442706164;-34.5797770824656;-67.5797770824656;1.745911765930595e-10;0.1;1.745911765930595e-11;3.072752492806324e-09;;;;ORANGE;True
1787665263.7467184;14.164427425000213;Simulation RF;Détection RF large bande;2,45 GHz;2,45 GHz;;2796;2.253456055502463;-46.13824222009852;-62.838242220098515;5.20206504276606e-10;0.1;5.20206504276606e-11;7.853810300578639e-09;;;;ORANGE;True
1787665263.7566848;14.17532612299965;Wi-Fi;Wi-Fi;2,4/5 GHz;wlan0;-39.0;;;;-39.0;1.2589254117941662e-07;0.1;1.2589254117941663e-08;3.2405586402648624e-06;;;;ROUGE;False
1787665263.7681766;14.186819329000173;Simulation LoRa;LoRa;868 MHz;LoRa 868.100 MHz;-87.25495085176047;;;;-87.25495085176047;1.88150299869171e-12;0.046335999999999995;8.718132294737907e-14;8.853128588676172e-13;13;"SNR=8.63;SF=7;BW=125.0;CR=4/5;F=868.100;CRC=OK;PAYLOAD=54454d504f5f4c4f52415f3133";7;VERT;True
1787665263.7682712;14.186911589000374;BLE Sniffer;Appareil BLE;2,4 GHz BLE;57:10:3b:9d:cc:43;-80.0;;;;-80.0;1e-11;0.00028;2.7999999999999997e-15;2.0876726378273553e-13;25;0x00;37;VERT;False
1787665263.8460815;14.264521048999995;Simulation RF;Détection RF large bande;868 MHz;868 MHz;;2405;1.9377371181389282;-33.50948472555713;-66.50948472555713;2.2338372436881684e-10;0.1;2.2338372436881684e-11;3.0950908652432055e-09;;;;ORANGE;True
1787665263.8463454;14.264521048999995;Simulation RF;Détection RF large bande;2,45 GHz;2,45 GHz;;2781;2.2409628805602546;-45.63851522241018;-62.33851522241017;5.836446081479203e-10;0.1;5.836446081479203e-11;7.91217476139343e-09;;;;ORANGE;True
1787665263.8549275;14.273569019000206;Wi-Fi;Wi-Fi;2,4/5 GHz;wlan0;-39.0;;;;-39.0;1.2589254117941662e-07;0.1;1.2589254117941663e-08;3.253147894382804e-06;;;;ROUGE;False
1787665263.948115;14.364615395000328;Simulation RF;Détection RF large bande;868 MHz;868 MHz;;2440;1.966431524000183;-34.65726096000732;-67.65726096000732;1.7150386195051094e-10;0.1;1.7150386195051095e-11;3.1122412514382566e-09;;;;ORANGE;True
1787665263.9483325;14.364615395000328;Simulation RF;Détection RF large bande;2,45 GHz;2,45 GHz;;2730;2.2000178967545234;-44.000715870180926;-60.70071587018092;8.509977522553668e-10;0.1;8.509977522553669e-11;7.997274536618967e-09;;;;ORANGE;True
1787665263.9571514;14.37579311599984;Wi-Fi;Wi-Fi;2,4/5 GHz;wlan0;-39.0;;;;-39.0;1.2589254117941662e-07;0.1;1.2589254117941663e-08;3.2657371485007455e-06;;;;ROUGE;False
1787665264.0462945;14.464709001000301;Simulation RF;Détection RF large bande;868 MHz;868 MHz;;2389;1.9248434888912251;-32.993739555649;-65.993739555649;2.5155099785861787e-10;0.1;2.515509978586179e-11;3.137396351224118e-09;;;;ORANGE;True
1787665264.0464683;14.464709001000301;Simulation RF;Détection RF large bande;2,45 GHz;2,45 GHz;;2780;2.2404501976168034;-45.618007904672126;-62.31800790467212;5.864070859453997e-10;0.1;5.864070859453997e-11;8.055915245213506e-09;;;;ORANGE;True
1787665264.055038;14.47367948900046;Wi-Fi;Wi-Fi;2,4/5 GHz;wlan0;-39.0;;;;-39.0;1.2589254117941662e-07;0.1;1.2589254117941663e-08;3.278326402618687e-06;;;;ROUGE;False
1787665264.1557322;14.564801550999618;Simulation RF;Détection RF large bande;868 MHz;868 MHz;;2386;1.922598616130814;-32.903944645232556;-65.90394464523256;2.568062182738536e-10;0.1;2.568062182738536e-11;3.1630769730515033e-09;;;;ORANGE;True
1787665264.1559613;14.564801550999618;Simulation RF;Détection RF large bande;2,45 GHz;2,45 GHz;;2735;2.204129062541828;-44.16516250167312;-60.86516250167312;8.193769636568078e-10;0.1;8.193769636568079e-11;8.137852941579187e-09;;;;ORANGE;True
1787665264.1669805;14.585622046000026;Wi-Fi;Wi-Fi;2,4/5 GHz;wlan0;-39.0;;;;-39.0;1.2589254117941662e-07;0.1;1.2589254117941663e-08;3.2909156567366287e-06;;;;ROUGE;False
1787665264.2464495;14.664893527000459;Simulation RF;Détection RF large bande;868 MHz;868 MHz;;2429;1.957691995404149;-34.30767981616596;-67.30767981616596;1.8587972375606307e-10;0.1;1.8587972375606308e-11;3.1816649454271097e-09;;;;ORANGE;True
1787665264.246613;14.664893527000459;Simulation RF;Détection RF large bande;2,45 GHz;2,45 GHz;;2750;2.215790691706004;-44.63162766824016;-61.33162766824015;7.359312302119468e-10;0.1;7.359312302119468e-11;8.211446064600382e-09;;;;ORANGE;True
1787665264.255245;14.673886606999986;Wi-Fi;Wi-Fi;2,4/5 GHz;wlan0;-39.0;;;;-39.0;1.2589254117941662e-07;0.1;1.2589254117941663e-08;3.3035049108545703e-06;;;;ROUGE;False
1787665264.3466332;14.76498948399967;Simulation RF;Détection RF large bande;868 MHz;868 MHz;;2431;1.9588872114533418;-34.355488458133664;-67.35548845813366;1.8384471690642275e-10;0.1;1.8384471690642275e-11;3.200049417117752e-09;;;;ORANGE;True
1787665264.3469281;14.76498948399967;Simulation RF;Détection RF large bande;2,45 GHz;2,45 GHz;;2782;2.2415954578606594;-45.66381831442638;-62.36381831442638;5.802540341981678e-10;0.1;5.802540341981679e-11;8.269471468020199e-09;;;;ORANGE;True
1787665264.355666;14.774307347000104;Wi-Fi;Wi-Fi;2,4/5 GHz;wlan0;-39.0;;;;-39.0;1.2589254117941662e-07;0.1;1.2589254117941663e-08;3.316094164972512e-06;;;;ROUGE;False
1787665264.3813405;14.79998592300035;BLE Sniffer;Appareil BLE;2,4 GHz BLE;57:10:3b:9c:4c:03;-74.0;;;;-74.0;3.9810717055349695e-11;0.00028;1.1147000775497913e-14;1.1147000775497913e-14;25;0x00;38;VERT;False
1787665264.3815033;14.800143591999586;BLE Sniffer;Appareil BLE;2,4 GHz BLE;57:10:3b:9d:cc:43;-83.0;;;;-83.0;5.011872336272715e-12;0.00028;1.40332425415636e-15;2.1017058803689188e-13;25;0x00;39;VERT;False
1787665264.4466348;14.865076238000256;Simulation RF;Détection RF large bande;868 MHz;868 MHz;;2437;1.9636971979570903;-34.54788791828361;-67.5478879182836;1.7587787437052963e-10;0.1;1.7587787437052964e-11;3.2176372045548047e-09;;;;ORANGE;True
1787665264.4467976;14.865076238000256;Simulation RF;Détection RF large bande;2,45 GHz;2,45 GHz;;2726;2.1968588348836238;-43.87435339534494;-60.57435339534494;8.761221504417755e-10;0.1;8.761221504417756e-11;8.357083683064377e-09;;;;ORANGE;True
1787665264.4553394;14.87398120600028;Wi-Fi;Wi-Fi;2,4/5 GHz;wlan0;-39.0;;;;-39.0;1.2589254117941662e-07;0.1;1.2589254117941663e-08;3.3286834190904535e-06;;;;ROUGE;False
1787665264.5467134;14.965160601999742;Simulation RF;Détection RF large bande;868 MHz;868 MHz;;2478;1.9971563213479286;-35.88625285391714;-68.88625285391714;1.292333834206706e-10;0.1;1.2923338342067062e-11;3.2305605428968717e-09;;;;ORANGE;True
1787665264.551825;14.965160601999742;Simulation RF;Détection RF large bande;2,45 GHz;2,45 GHz;;2690;2.1681333216147176;-42.72533286458871;-59.42533286458871;1.1414758129618945e-09;0.1;1.1414758129618946e-10;8.471231264360567e-09;;;;ORANGE;True
1787665264.560756;14.979397455000253;Wi-Fi;Wi-Fi;2,4/5 GHz;wlan0;-40.0;;;;-40.0;1e-07;0.1;1e-08;3.3386834190904534e-06;;;;ROUGE;False
1787665264.589033;15.007675306999772;BLE Sniffer;Appareil BLE;2,4 GHz BLE;57:10:3b:9d:cc:43;-76.0;;;;-76.0;2.5118864315095823e-11;0.00028;7.03328200822683e-15;2.172038700451187e-13;25;0x00;37;VERT;False
1787665264.6468096;15.065250523000032;Simulation RF;Détection RF large bande;868 MHz;868 MHz;;2443;1.9684094543954935;-34.73637817581974;-67.73637817581974;1.6840779222226817e-10;0.1;1.684077922222682e-11;3.2474013221190984e-09;;;;ORANGE;True
1787665264.6469738;15.065250523000032;Simulation RF;Détection RF large bande;2,45 GHz;2,45 GHz;;2797;2.2537444840837573;-46.14977936335029;-62.849779363350294;5.188263964386515e-10;0.1;5.188263964386515e-11;8.523113904004432e-09;;;;ORANGE;True
1787665264.6554914;15.074132916999588;Wi-Fi;Wi-Fi;2,4/5 GHz;wlan0;-40.0;;;;-40.0;1e-07;0.1;1e-08;3.3486834190904533e-06;;;;ROUGE;False
1787665264.7468967;15.165337868999814;Simulation RF;Détection RF large bande;868 MHz;868 MHz;;2399;1.933272071133012;-33.330882845320474;-66.33088284532047;2.327618045210255e-10;0.1;2.327618045210255e-11;3.270677502571201e-09;;;;ORANGE;True
1787665264.7470634;15.165337868999814;Simulation RF;Détection RF large bande;2,45 GHz;2,45 GHz;;2746;2.212570166339352;-44.50280665357408;-61.202806653574086;7.580874981944909e-10;0.1;7.58087498194491e-11;8.598922653823881e-09;;;;ORANGE;True
1787665264.7573187;15.175959840999894;Wi-Fi;Wi-Fi;2,4/5 GHz;wlan0;-40.0;;;;-40.0;1e-07;0.1;1e-08;3.358683419090453e-06;;;;ROUGE;False
1787665264.7919557;15.210598423999727;Simulation LoRa;LoRa;868 MHz;LoRa 868.100 MHz;-90.18419757637052;;;;-90.18419757637052;9.584737922315898e-13;0.046335999999999995;4.441184163684294e-14;9.297247005044601e-13;13;"SNR=6.51;SF=7;BW=125.0;CR=4/5;F=868.100;CRC=OK;PAYLOAD=54454d504f5f4c4f52415f3134";7;VERT;True
1787665264.8469937;15.265432066999892;Simulation RF;Détection RF large bande;868 MHz;868 MHz;;2550;2.054819474581816;-38.19277898327263;-71.19277898327263;7.598399115313088e-11;0.1;7.598399115313089e-12;3.278275901686514e-09;;;;VERT;True
1787665264.8471582;15.265432066999892;Simulation RF;Détection RF large bande;2,45 GHz;2,45 GHz;;2808;2.263075741495406;-46.523029659816245;-63.22302965981624;4.760987420905243e-10;0.1;4.760987420905243e-11;8.646532528032934e-09;;;;ORANGE;True
1787665264.8558846;15.274526019000405;Wi-Fi;Wi-Fi;2,4/5 GHz;wlan0;-40.0;;;;-40.0;1e-07;0.1;1e-08;3.368683419090453e-06;;;;ROUGE;False
1787665264.8948853;15.313527715000419;BLE Sniffer;Appareil BLE;2,4 GHz BLE;57:10:3b:9d:cc:47;-75.0;;;;-75.0;3.1622776601683794e-11;0.00028;8.854377448471461e-15;8.854377448471461e-15;25;0x00;38;VERT;False
1787665264.8964243;15.315067104999798;BLE Sniffer;Appareil BLE;2,4 GHz BLE;57:10:3b:9d:cc:43;-77.0;;;;-77.0;1.9952623149688828e-11;0.00028;5.586734481912872e-15;2.2279060452703158e-13;25;0x00;39;VERT;False
1787665264.9470751;15.365518024000266;Simulation RF;Détection RF large bande;868 MHz;868 MHz;;2447;1.9716114649249192;-34.86445859699677;-67.86445859699677;1.6351369789310856e-10;0.1;1.6351369789310855e-11;3.294627271475825e-09;;;;ORANGE;True
1787665264.9472356;15.365518024000266;Simulation RF;Détection RF large bande;2,45 GHz;2,45 GHz;;2749;2.215067084881892;-44.602683395275676;-61.30268339527568;7.408523460105355e-10;0.1;7.408523460105355e-11;8.720617762633987e-09;;;;ORANGE;True
1787665264.9549506;15.3735918149996;Wi-Fi;Wi-Fi;2,4/5 GHz;wlan0;-40.0;;;;-40.0;1e-07;0.1;1e-08;3.378683419090453e-06;;;;ROUGE;False
1787665265.0471647;15.465607129999626;Simulation RF;Détection RF large bande;868 MHz;868 MHz;;2418;1.9484172825155914;-33.93669130062365;-66.93669130062365;2.0245610156086116e-10;0.1;2.024561015608612e-11;3.314872881631911e-09;;;;ORANGE;True
1787665265.047331;15.465607129999626;Simulation RF;Détection RF large bande;2,45 GHz;2,45 GHz;;2818;2.270784837303335;-46.8313934921334;-63.5313934921334;4.4346632897724996e-10;0.1;4.4346632897725e-11;8.764964395531712e-09;;;;ORANGE;True
1787665265.05584;15.474482190000344;Wi-Fi;Wi-Fi;2,4/5 GHz;wlan0;-40.0;;;;-40.0;1e-07;0.1;1e-08;3.388683419090453e-06;;;;ROUGE;False
1787665265.1473258;15.56571001300017;Simulation RF;Détection RF large bande;868 MHz;868 MHz;;2379;1.916766589340589;-32.67066357362356;-65.67066357362356;2.7097775639321545e-10;0.1;2.7097775639321547e-11;3.3419706572712323e-09;;;;ORANGE;True
1787665265.1527026;15.56571001300017;Simulation RF;Détection RF large bande;2,45 GHz;2,45 GHz;;2773;2.234375230762346;-45.375009230493845;-62.07500923049384;6.201533255786604e-10;0.1;6.201533255786604e-11;8.826979728089578e-09;;;;ORANGE;True
1787665265.1773646;15.596006519999719;Wi-Fi;Wi-Fi;2,4/5 GHz;wlan0;-40.0;;;;-40.0;1e-07;0.1;1e-08;3.398683419090453e-06;;;;ROUGE;False
1787665265.2045698;15.623212542000147;BLE Sniffer;Appareil BLE;2,4 GHz BLE;7e:a7:19:26:e9:bd;-47.0;;;;-47.0;1.9952623149688786e-08;0.000176;3.511661674345226e-12;3.511661674345226e-12;12;0x03;37;ROUGE;False
1787665265.247585;15.66584563699962;Simulation RF;Détection RF large bande;868 MHz;868 MHz;;2450;1.9739598079294898;-34.95839231717959;-67.95839231717959;1.6001502668553722e-10;0.1;1.6001502668553722e-11;3.357972159939786e-09;;;;ORANGE;True
1787665265.2478487;15.66584563699962;Simulation RF;Détection RF large bande;2,45 GHz;2,45 GHz;;2700;2.1755153660036313;-43.020614640145254;-59.72061464014526;1.0664451806970351e-09;0.1;1.0664451806970352e-10;8.933624246159282e-09;;;;ORANGE;True
1787665265.2612724;15.679913801999646;Wi-Fi;Wi-Fi;2,4/5 GHz;wlan0;-40.0;;;;-40.0;1e-07;0.1;1e-08;3.4086834190904527e-06;;;;ROUGE;False
1787665265.34754;15.76593450099972;Simulation RF;Détection RF large bande;868 MHz;868 MHz;;2455;1.9786658751443367;-35.14663500577346;-68.14663500577346;1.5322742363639054e-10;0.1;1.5322742363639055e-11;3.373294902303425e-09;;;;ORANGE;True
1787665265.347785;15.76593450099972;Simulation RF;Détection RF large bande;2,45 GHz;2,45 GHz;;2696;2.172979316739448;-42.91917266957793;-59.619172669577935;1.0916482754961666e-09;0.1;1.0916482754961667e-10;9.042789073708899e-09;;;;ORANGE;True
1787665265.3567986;15.775440274000175;Wi-Fi;Wi-Fi;2,4/5 GHz;wlan0;-40.0;;;;-40.0;1e-07;0.1;1e-08;3.4186834190904526e-06;;;;ROUGE;False
1787665265.4097404;15.828382298999713;BLE Sniffer;Appareil BLE;2,4 GHz BLE;57:10:3b:9d:cc:43;-73.0;;;;-73.0;5.011872336272715e-11;0.00028;1.40332425415636e-14;2.368238470685952e-13;25;0x00;38;VERT;False
1787665265.4477262;15.8660425879998;Simulation RF;Détection RF large bande;868 MHz;868 MHz;;2462;1.9842725034895254;-35.37090013958101;-68.37090013958101;1.4551574464096636e-10;0.1;1.4551574464096638e-11;3.3878464767675218e-09;;;;ORANGE;True
1787665265.4479635;15.8660425879998;Simulation RF;Détection RF large bande;2,45 GHz;2,45 GHz;;2803;2.2590856256924123;-46.36342502769649;-63.063425027696496;4.939210066101868e-10;0.1;4.9392100661018685e-11;9.092181174369917e-09;;;;ORANGE;True
1787665265.456911;15.87555274999977;Wi-Fi;Wi-Fi;2,4/5 GHz;wlan0;-40.0;;;;-40.0;1e-07;0.1;1e-08;3.4286834190904525e-06;;;;ROUGE;False
1787665265.5105472;15.92918967300011;BLE Sniffer;Appareil BLE;2,4 GHz BLE;57:10:3b:9d:cc:43;-82.0;;;;-82.0;6.309573444801943e-12;0.00028;1.7666805645445437e-15;2.3859052763313975e-13;25;0x00;39;VERT;False
1787665265.5476847;15.966128359999857;Simulation RF;Détection RF large bande;868 MHz;868 MHz;;2474;1.994023004936413;-35.760920197456514;-68.76092019745651;1.3301725467756494e-10;0.1;1.3301725467756494e-11;3.4011482022352784e-09;;;;ORANGE;True
1787665265.5478663;15.966128359999857;Simulation RF;Détection RF large bande;2,45 GHz;2,45 GHz;;2772;2.2339107990482634;-45.35643196193054;-62.056431961930535;6.22811759193151e-10;0.1;6.228117591931511e-11;9.154462350289232e-09;;;;ORANGE;True
1787665265.5564058;15.975047476999862;Wi-Fi;Wi-Fi;2,4/5 GHz;wlan0;-40.0;;;;-40.0;1e-07;0.1;1e-08;3.4386834190904524e-06;;;;ROUGE;False
1787665265.647909;16.0662430579996;Simulation RF;Détection RF large bande;868 MHz;868 MHz;;2486;2.0032827572416783;-36.13131028966713;-69.13131028966713;1.2214310922785107e-10;0.1;1.2214310922785108e-11;3.4133625131580636e-09;;;;ORANGE;True
1787665265.6481225;16.0662430579996;Simulation RF;Détection RF large bande;2,45 GHz;2,45 GHz;;2727;2.197598333951217;-43.903933358048675;-60.60393335804867;8.701751247792624e-10;0.1;8.701751247792624e-11;9.241479862767159e-09;;;;ORANGE;True
1787665265.6569605;16.07560221699987;Wi-Fi;Wi-Fi;2,4/5 GHz;wlan0;-40.0;;;;-40.0;1e-07;0.1;1e-08;3.4486834190904523e-06;;;;ROUGE;False
1787665265.719392;16.138034329999755;BLE Sniffer;Appareil BLE;2,4 GHz BLE;57:10:3b:9d:cc:43;-80.0;;;;-80.0;1e-11;0.00028;2.7999999999999997e-15;2.4139052763313974e-13;25;0x00;37;VERT;False
1787665265.719499;16.138139534999937;Simulation LoRa;LoRa;868 MHz;LoRa 868.100 MHz;-86.2078853826211;;;;-86.2078853826211;2.394481366288101e-12;0.046335999999999995;1.1095068858832544e-13;1.0406753890927855e-12;13;"SNR=6.60;SF=7;BW=125.0;CR=4/5;F=868.100;CRC=OK;PAYLOAD=54454d504f5f4c4f52415f3135";7;VERT;True
1787665265.7478862;16.16632986700006;Simulation RF;Détection RF large bande;868 MHz;868 MHz;;2468;1.9887531574892598;-35.550126299570394;-68.5501262995704;1.3963277530889775e-10;0.1;1.3963277530889775e-11;3.4273257906889534e-09;;;;ORANGE;True
1787665265.7480476;16.16632986700006;Simulation RF;Détection RF large bande;2,45 GHz;2,45 GHz;;2727;2.1979033469346567;-43.91613387738627;-60.61613387738627;8.677339954572022e-10;0.1;8.677339954572023e-11;9.32825326231288e-09;;;;ORANGE;True
1787665265.7565918;16.17523407600038;Wi-Fi;Wi-Fi;2,4/5 GHz;wlan0;-40.0;;;;-40.0;1e-07;0.1;1e-08;3.4586834190904522e-06;;;;ROUGE;False
1787665265.8270261;16.2456678489998;BLE Sniffer;Appareil BLE;2,4 GHz BLE;d3:23:2f:4d:3e:b1;-75.0;;;;-75.0;3.1622776601683794e-11;0.000376;1.1890164002233105e-14;5.583560128933233e-14;37;0x00;38;VERT;False
1787665265.8481317;16.266435675999674;Simulation RF;Détection RF large bande;868 MHz;868 MHz;;2459;1.981354794901668;-35.25419179606672;-68.25419179606672;1.4947921910822868e-10;0.1;1.494792191082287e-11;3.4422737125997763e-09;;;;ORANGE;True
1787665265.8483384;16.266435675999674;Simulation RF;Détection RF large bande;2,45 GHz;2,45 GHz;;2714;2.1874331863386205;-43.49732745354481;-60.19732745354481;9.555804469358923e-10;0.1;9.555804469358924e-11;9.423811307006468e-09;;;;ORANGE;True
1787665265.8573885;16.27603024600012;Wi-Fi;Wi-Fi;2,4/5 GHz;wlan0;-40.0;;;;-40.0;1e-07;0.1;1e-08;3.468683419090452e-06;;;;ROUGE;False
1787665265.929223;16.347866574000363;BLE Sniffer;Appareil BLE;2,4 GHz BLE;d3:23:2f:4d:3e:b1;-87.0;;;;-87.0;1.9952623149688827e-12;0.000376;7.502186304282998e-16;5.6585819919760625e-14;37;0x00;39;VERT;False
1787665265.9299145;16.34855571299977;BLE Sniffer;Appareil BLE;2,4 GHz BLE;57:10:3b:9d:cc:43;-81.0;;;;-81.0;7.943282347242821e-12;0.00028;2.22411905722799e-15;2.4361464669036774e-13;25;0x00;37;VERT;False
1787665265.948079;16.366522706999604;Simulation RF;Détection RF large bande;868 MHz;868 MHz;;2508;2.021222468710825;-36.848898748433;-69.848898748433;1.0354046835942702e-10;0.1;1.0354046835942702e-11;3.452627759435719e-09;;;;ORANGE;True
1787665265.94824;16.366522706999604;Simulation RF;Détection RF large bande;2,45 GHz;2,45 GHz;;2746;2.213113826492324;-44.52455305969295;-61.22455305969295;7.543010183355795e-10;0.1;7.543010183355796e-11;9.499241408840025e-09;;;;ORANGE;True
1787665265.9568264;16.375468008999633;Wi-Fi;Wi-Fi;2,4/5 GHz;wlan0;-40.0;;;;-40.0;1e-07;0.1;1e-08;3.478683419090452e-06;;;;ROUGE;False
1787665266.0313911;16.450034520999907;BLE Sniffer;Appareil BLE;2,4 GHz BLE;57:10:3b:9d:cc:43;-73.0;;;;-73.0;5.011872336272715e-11;0.00028;1.40332425415636e-14;2.5764788923193133e-13;25;0x00;38;VERT;False
1787665266.0338826;16.452524665000055;BLE Sniffer;Appareil BLE;2,4 GHz BLE;57:10:3b:9d:cc:43;-82.0;;;;-82.0;6.309573444801943e-12;0.00028;1.7666805645445437e-15;2.594145697964759e-13;25;0x00;39;VERT;False
1787665266.035173;16.453814847999638;BLE Sniffer;Appareil BLE;2,4 GHz BLE;40:72:e7:1e:ad:dc;-89.0;;;;-89.0;1.258925411794166e-12;0.000176;2.2157087247577323e-16;2.2157087247577323e-16;12;0x03;37;VERT;False
1787665266.0482965;16.466636072000256;Simulation RF;Détection RF large bande;868 MHz;868 MHz;;2526;2.0352093040037915;-37.40837216015166;-70.40837216015166;9.102543938699092e-11;0.1;9.102543938699094e-12;3.4617303033744183e-09;;;;VERT;True
1787665266.0485568;16.466636072000256;Simulation RF;Détection RF large bande;2,45 GHz;2,45 GHz;;2761;2.2247744638025444;-44.990978552101765;-61.69097855210177;6.774888386615903e-10;0.1;6.774888386615904e-11;9.566990292706184e-09;;;;ORANGE;True
1787665266.0573273;16.475968785999612;Wi-Fi;Wi-Fi;2,4/5 GHz;wlan0;-40.0;;;;-40.0;1e-07;0.1;1e-08;3.488683419090452e-06;;;;ROUGE;False
1787665266.1482682;16.566720028000418;Simulation RF;Détection RF large bande;868 MHz;868 MHz;;2510;2.0229909235914474;-36.91963694365789;-69.91963694365789;1.0186765426062901e-10;0.1;1.0186765426062902e-11;3.471917068800481e-09;;;;ORANGE;True
1787665266.1484594;16.566720028000418;Simulation RF;Détection RF large bande;2,45 GHz;2,45 GHz;;2792;2.2497747197053575;-45.990988788214295;-62.69098878821429;5.381472448707392e-10;0.1;5.3814724487073916e-11;9.620805017193258e-09;;;;ORANGE;True
1787665266.1569903;16.575632273999872;Wi-Fi;Wi-Fi;2,4/5 GHz;wlan0;-40.0;;;;-40.0;1e-07;0.1;1e-08;3.498683419090452e-06;;;;ROUGE;False
1787665266.2392426;16.657885091000026;BLE Sniffer;Appareil BLE;2,4 GHz BLE;57:10:3b:9d:cc:43;-75.0;;;;-75.0;3.1622776601683794e-11;0.00028;8.854377448471461e-15;2.6826894724494737e-13;25;0x00;38;VERT;False
1787665266.2393134;16.65795377700033;BLE Sniffer;Appareil BLE;2,4 GHz BLE;57:10:3b:9d:cc:43;-82.0;;;;-82.0;6.309573444801943e-12;0.00028;1.7666805645445437e-15;2.700356278094919e-13;25;0x00;39;VERT;False
1787665266.2486339;16.66683483700035;Simulation RF;Détection RF large bande;868 MHz;868 MHz;;2439;1.9654876471578806;-34.619505886315224;-67.61950588631522;1.7300131783310323e-10;0.1;1.7300131783310322e-11;3.4892172005837914e-09;;;;ORANGE;True
1787665266.2488656;16.66683483700035;Simulation RF;Détection RF large bande;2,45 GHz;2,45 GHz;;2735;2.2038402703062885;-44.15361081225154;-60.85361081225154;8.215593048732816e-10;0.1;8.215593048732817e-11;9.702960947680586e-09;;;;ORANGE;True
1787665266.257413;16.67605447599999;Wi-Fi;Wi-Fi;2,4/5 GHz;wlan0;-40.0;;;;-40.0;1e-07;0.1;1e-08;3.5086834190904517e-06;;;;ROUGE;False
1787665266.3484921;16.76692166399971;Simulation RF;Détection RF large bande;868 MHz;868 MHz;;2463;1.9845021033304624;-35.38008413321849;-68.38008413321849;1.4520834869884115e-10;0.1;1.4520834869884116e-11;3.5037380354536757e-09;;;;ORANGE;True
1787665266.3486497;16.76692166399971;Simulation RF;Détection RF large bande;2,45 GHz;2,45 GHz;;2799;2.255615319589602;-46.22461278358408;-62.924612783584074;5.099630637908315e-10;0.1;5.0996306379083154e-11;9.75395725405967e-09;;;;ORANGE;True
1787665266.3570108;16.77565233400037;Wi-Fi;Wi-Fi;2,4/5 GHz;wlan0;-40.0;;;;-40.0;1e-07;0.1;1e-08;3.5186834190904517e-06;;;;ROUGE;False
1787665266.448691;16.86704988099973;Simulation RF;Détection RF large bande;868 MHz;868 MHz;;2576;2.0755151276610313;-39.02060510644125;-72.02060510644125;6.279708569684506e-11;0.1;6.2797085696845056e-12;3.5100177440233603e-09;;;;VERT;True
1787665266.4488885;16.86704988099973;Simulation RF;Détection RF large bande;2,45 GHz;2,45 GHz;;2770;2.2325357518471063;-45.30143007388425;-62.00143007388425;6.30749612834028e-10;0.1;6.30749612834028e-11;9.817032215343072e-09;;;;ORANGE;True
1787665266.4574137;16.876055147000443;Wi-Fi;Wi-Fi;2,4/5 GHz;wlan0;-40.0;;;;-40.0;1e-07;0.1;1e-08;3.5286834190904516e-06;;;;ROUGE;False
1787665266.5460472;16.96469080499992;BLE Sniffer;Appareil BLE;2,4 GHz BLE;57:10:3b:9d:cc:43;-82.0;;;;-82.0;6.309573444801943e-12;0.00028;1.7666805645445437e-15;2.7180230837403647e-13;25;0x00;37;VERT;False
1787665266.5461469;16.964787232999697;BLE Sniffer;Appareil BLE;2,4 GHz BLE;57:10:3b:9d:cc:43;-72.0;;;;-72.0;6.309573444801942e-11;0.00028;1.7666805645445437e-14;2.894691140194819e-13;25;0x00;38;VERT;False
1787665266.5461893;16.96482969600038;BLE Sniffer;Appareil BLE;2,4 GHz BLE;57:10:3b:9d:cc:43;-82.0;;;;-82.0;6.309573444801943e-12;0.00028;1.7666805645445437e-15;2.9123579458402644e-13;25;0x00;39;VERT;False
1787665266.5486364;16.967129986000145;Simulation RF;Détection RF large bande;868 MHz;868 MHz;;2376;1.914618808578209;-32.58475234312836;-65.58475234312836;2.7639155272416037e-10;0.1;2.763915527241604e-11;3.5376568992957763e-09;;;;ORANGE;True
1787665266.5487869;16.967129986000145;Simulation RF;Détection RF large bande;2,45 GHz;2,45 GHz;;2720;2.1920679850676286;-43.68271940270513;-60.38271940270513;9.156469639370221e-10;0.1;9.156469639370221e-11;9.908596911736775e-09;;;;ORANGE;True
1787665266.5571086;16.975750264999988;Wi-Fi;Wi-Fi;2,4/5 GHz;wlan0;-39.0;;;;-39.0;1.2589254117941662e-07;0.1;1.2589254117941663e-08;3.541272673208393e-06;;;;ROUGE;False
1787665266.650552;17.06722286799959;Simulation RF;Détection RF large bande;868 MHz;868 MHz;;2552;2.0563210771607654;-38.252843086430616;-71.25284308643062;7.494034556075021e-11;0.1;7.494034556075022e-12;3.5451509338518514e-09;;;;VERT;True
1787665266.6506906;17.06722286799959;Simulation RF;Détection RF large bande;2,45 GHz;2,45 GHz;;2834;2.2835482023574714;-47.34192809429885;-64.04192809429885;3.942822176326229e-10;0.1;3.942822176326229e-11;9.948025133500038e-09;;;;ORANGE;True
1787665266.6588764;17.077517910000097;Wi-Fi;Wi-Fi;2,4/5 GHz;wlan0;-38.0;;;;-38.0;1.584893192461114e-07;0.1;1.5848931924611143e-08;3.557121605133004e-06;;;;ROUGE;False
1787665266.7488694;17.167310529000133;Simulation RF;Détection RF large bande;868 MHz;868 MHz;;2507;2.020573977634605;-36.8229591053842;-69.8229591053842;1.0416074787222425e-10;0.1;1.0416074787222425e-11;3.5555670086390737e-09;;;;ORANGE;True
1787665266.7490258;17.167310529000133;Simulation RF;Détection RF large bande;2,45 GHz;2,45 GHz;;2812;2.26623963380156;-46.64958535206239;-63.349585352062384;4.624251698970672e-10;0.1;4.6242516989706725e-11;9.994267650489744e-09;;;;ORANGE;True
1787665266.7528381;17.17148045399972;Simulation LoRa;LoRa;868 MHz;LoRa 868.100 MHz;-87.47957937946983;;;;-87.47957937946983;1.786660607154346e-12;0.046335999999999995;8.278670589310377e-14;1.1234620949858892e-12;13;"SNR=5.63;SF=7;BW=125.0;CR=4/5;F=868.100;CRC=OK;PAYLOAD=54454d504f5f4c4f52415f3136";7;VERT;True
1787665266.7538354;17.17247683700043;BLE Sniffer;Appareil BLE;2,4 GHz BLE;57:10:39:8d:cc:43;-82.0;;;;-82.0;6.309573444801943e-12;0.00028;1.7666805645445437e-15;1.7666805645445437e-15;25;0x00;37;VERT;False
1787665266.758025;17.176666594999915;Wi-Fi;Wi-Fi;2,4/5 GHz;wlan0;-37.0;;;;-37.0;1.9952623149688787e-07;0.1;1.995262314968879e-08;3.577074228282693e-06;;;;ROUGE;False
1787665266.8492255;17.267426356000215;Simulation RF;Détection RF large bande;868 MHz;868 MHz;;2472;1.99233633404455;-35.69345336178199;-68.69345336178199;1.350997868485973e-10;0.1;1.350997868485973e-11;3.5690769873239333e-09;;;;ORANGE;True
1787665266.8496459;17.267426356000215;Simulation RF;Détection RF large bande;2,45 GHz;2,45 GHz;;2747;2.2137089070018106;-44.54835628007241;-61.248356280072414;7.501780833849322e-10;0.1;7.501780833849322e-11;1.0069285458828237e-08;;;;ORANGE;True
1787665266.8557918;17.274434300000394;BLE Sniffer;Appareil BLE;2,4 GHz BLE;57:18:3b:9d:cc:43;-73.0;;;;-73.0;5.011872336272715e-11;0.00028;1.40332425415636e-14;2.80664850831272e-14;25;0x00;38;VERT;False
1787665266.855874;17.274514652000107;BLE Sniffer;Appareil BLE;2,4 GHz BLE;57:10:3b:9d:cc:43;-80.0;;;;-80.0;1e-11;0.00028;2.7999999999999997e-15;2.9403579458402643e-13;25;0x00;39;VERT;False
1787665266.858593;17.277234520999627;Wi-Fi;Wi-Fi;2,4/5 GHz;wlan0;-36.0;;;;-36.0;2.5118864315095823e-07;0.1;2.5118864315095824e-08;3.6021930925977888e-06;;;;ROUGE;False
1787665266.9490678;17.367510664999827;Simulation RF;Détection RF large bande;868 MHz;868 MHz;;2482;2.000106755429497;-36.00427021717988;-69.00427021717988;1.257688176903606e-10;0.1;1.257688176903606e-11;3.581653869092969e-09;;;;ORANGE;True
1787665266.9492264;17.367510664999827;Simulation RF;Détection RF large bande;2,45 GHz;2,45 GHz;;2766;2.2290387598351944;-45.161550393407765;-61.86155039340777;6.513958099274084e-10;0.1;6.513958099274084e-11;1.0134425039820977e-08;;;;ORANGE;True
1787665266.9575794;17.376221129999976;Wi-Fi;Wi-Fi;2,4/5 GHz;wlan0;-35.0;;;;-35.0;3.162277660168379e-07;0.1;3.162277660168379e-08;3.6338158691994726e-06;;;;ROUGE;False
1787665267.0493038;17.46763265899972;Simulation RF;Détection RF large bande;868 MHz;868 MHz;;2594;2.0906053098962936;-39.62421239585174;-72.62421239585174;5.464856474653661e-11;0.1;5.464856474653661e-12;3.587118725567623e-09;;;;VERT;True
1787665267.0495217;17.46763265899972;Simulation RF;Détection RF large bande;2,45 GHz;2,45 GHz;;2746;2.2131986654315274;-44.527946617261094;-61.22794661726109;7.537118411292192e-10;0.1;7.537118411292192e-11;1.02097962239339e-08;;;;ORANGE;True
1787665267.0584762;17.47711835700011;Wi-Fi;Wi-Fi;2,4/5 GHz;wlan0;-35.0;;;;-35.0;3.162277660168379e-07;0.1;3.162277660168379e-08;3.6654386458011564e-06;;;;ROUGE;False
1787665267.1492877;17.567717373999585;Simulation RF;Détection RF large bande;868 MHz;868 MHz;;2541;2.047660165175328;-37.906406607013125;-70.90640660701312;8.116323322562202e-11;0.1;8.116323322562203e-12;3.595235048890185e-09;;;;VERT;True
1787665267.1494539;17.567717373999585;Simulation RF;Détection RF large bande;2,45 GHz;2,45 GHz;;2765;2.2283818484196547;-45.13527393678619;-61.83527393678619;6.553489475586448e-10;0.1;6.553489475586447e-11;1.0275331118689764e-08;;;;ORANGE;True
1787665267.1578233;17.576464748000035;Wi-Fi;Wi-Fi;2,4/5 GHz;wlan0;-34.0;;;;-34.0;3.981071705534969e-07;0.1;3.9810717055349696e-08;3.705249362856506e-06;;;;ROUGE;False
1787665267.2511666;17.667885294999905;Simulation RF;Détection RF large bande;868 MHz;868 MHz;;2477;1.9957360619283646;-35.82944247713458;-68.82944247713458;1.3093499992102868e-10;0.1;1.3093499992102869e-11;3.608328548882288e-09;;;;ORANGE;True
1787665267.25365;17.667885294999905;Simulation RF;Détection RF large bande;2,45 GHz;2,45 GHz;;2719;2.1910449399850775;-43.641797599403105;-60.34179759940311;9.243155089512425e-10;0.1;9.243155089512426e-11;1.036776266958489e-08;;;;ORANGE;True
1787665267.264974;17.683617370999855;Wi-Fi;Wi-Fi;2,4/5 GHz;wlan0;-32.0;;;;-32.0;6.30957344480193e-07;0.1;6.30957344480193e-08;3.7683450973045253e-06;;;;ROUGE;False
1787665267.349568;17.76803093699982;Simulation RF;Détection RF large bande;868 MHz;868 MHz;;2459;1.9820013466453692;-35.280053865814764;-68.28005386581476;1.485917212249088e-10;0.1;1.485917212249088e-11;3.6231877210047787e-09;;;;ORANGE;True
1787665267.3497477;17.76803093699982;Simulation RF;Détection RF large bande;2,45 GHz;2,45 GHz;;2731;2.2007000095711517;-44.02800038284607;-60.728000382846076;8.456681255506882e-10;0.1;8.456681255506883e-11;1.0452329482139959e-08;;;;ORANGE;True
1787665267.3582947;17.776936997999655;Wi-Fi;Wi-Fi;2,4/5 GHz;wlan0;-33.0;;;;-33.0;5.011872336272725e-07;0.1;5.011872336272725e-08;3.818463820667252e-06;;;;ROUGE;False
1787665267.3678682;17.786510437999823;BLE Sniffer;Appareil BLE;2,4 GHz BLE;57:10:3b:9d:cc:43;-80.0;;;;-80.0;1e-11;0.00028;2.7999999999999997e-15;2.9683579458402643e-13;25;0x00;37;VERT;False
1787665267.3679543;17.786594586999854;BLE Sniffer;Appareil BLE;2,4 GHz BLE;57:10:3b:9d:c4:43;-74.0;;;;-74.0;3.9810717055349695e-11;0.00028;1.1147000775497913e-14;1.1147000775497913e-14;25;0x00;38;VERT;False
1787665267.4496768;17.868116968000322;Simulation RF;Détection RF large bande;868 MHz;868 MHz;;2528;2.037235351012155;-37.489414040486196;-70.4894140404862;8.93426018573643e-11;0.1;8.93426018573643e-12;3.6321219811905153e-09;;;;VERT;True
1787665267.449877;17.868116968000322;Simulation RF;Détection RF large bande;2,45 GHz;2,45 GHz;;2782;2.241593009925228;-45.663720397009115;-62.36372039700912;5.80267116937937e-10;0.1;5.8026711693793706e-11;1.0510356193833753e-08;;;;ORANGE;True
1787665267.461787;17.880428980000033;Wi-Fi;Wi-Fi;2,4/5 GHz;wlan0;-33.0;;;;-33.0;5.011872336272725e-07;0.1;5.011872336272725e-08;3.86858254402998e-06;;;;ROUGE;False
1787665267.4707866;17.889429171999836;BLE Sniffer;Appareil BLE;2,4 GHz BLE;57:10:3b:9d:cc:43;-84.0;;;;-84.0;3.9810717055349695e-12;0.00028;1.1147000775497915e-15;2.979504946615762e-13;25;0x00;39;VERT;False
1787665267.549762;17.968205498000316;Simulation RF;Détection RF large bande;868 MHz;868 MHz;;2544;2.050018489612974;-38.00073958451895;-71.00073958451895;7.941929756153913e-11;0.1;7.941929756153913e-12;3.640063910946669e-09;;;;VERT;True
1787665267.5499246;17.968205498000316;Simulation RF;Détection RF large bande;2,45 GHz;2,45 GHz;;2743;2.210483735878412;-44.41934943513648;-61.119349435136485;7.72796339845618e-10;0.1;7.727963398456181e-11;1.0587635827818314e-08;;;;ORANGE;True
1787665267.558475;17.977117299999918;Wi-Fi;Wi-Fi;2,4/5 GHz;wlan0;-33.0;;;;-33.0;5.011872336272725e-07;0.1;5.011872336272725e-08;3.918701267392707e-06;;;;ROUGE;False
1787665267.6498508;18.068292842999654;Simulation RF;Détection RF large bande;868 MHz;868 MHz;;2564;2.066338197592342;-38.65352790369367;-71.65352790369367;6.833563110273325e-11;0.1;6.833563110273325e-12;3.6468974740569425e-09;;;;VERT;True
1787665267.650013;18.068292842999654;Simulation RF;Détection RF large bande;2,45 GHz;2,45 GHz;;2820;2.272321051321823;-46.89284205287292;-63.59284205287292;4.372358813557918e-10;0.1;4.372358813557918e-11;1.0631359415953893e-08;;;;ORANGE;True
1787665267.658527;18.07716821899976;Wi-Fi;Wi-Fi;2,4/5 GHz;wlan0;-33.0;;;;-33.0;5.011872336272725e-07;0.1;5.011872336272725e-08;3.968819990755435e-06;;;;ROUGE;False
1787665267.7499468;18.16838574400026;Simulation RF;Détection RF large bande;868 MHz;868 MHz;;2494;2.0095649529682293;-36.38259811872916;-69.38259811872916;1.1527634235238266e-10;0.1;1.1527634235238266e-11;3.6584251082921807e-09;;;;ORANGE;True
1787665267.750106;18.16838574400026;Simulation RF;Détection RF large bande;2,45 GHz;2,45 GHz;;2666;2.148294410517115;-41.931776420684585;-58.63177642068458;1.3703211408656929e-09;0.1;1.370321140865693e-10;1.0768391530040463e-08;;;;ORANGE;True
1787665267.7585552;18.177196433999598;Wi-Fi;Wi-Fi;2,4/5 GHz;wlan0;-33.0;;;;-33.0;5.011872336272725e-07;0.1;5.011872336272725e-08;4.018938714118162e-06;;;;ROUGE;False
1787665267.777244;18.195886362999772;Simulation LoRa;LoRa;868 MHz;LoRa 868.100 MHz;-87.70736963767894;;;;-87.70736963767894;1.6953643095107226e-12;0.046335999999999995;7.855640064548883e-14;1.202018495631378e-12;13;"SNR=5.95;SF=7;BW=125.0;CR=4/5;F=868.100;CRC=OK;PAYLOAD=54454d504f5f4c4f52415f3137";7;VERT;True
1787665267.8500328;18.268474941000022;Simulation RF;Détection RF large bande;868 MHz;868 MHz;;2567;2.0687767902116643;-38.751071608466575;-71.75107160846657;6.681790260774035e-11;0.1;6.681790260774035e-12;3.665106898552955e-09;;;;VERT;True
1787665267.8501947;18.268474941000022;Simulation RF;Détection RF large bande;2,45 GHz;2,45 GHz;;2816;2.269277819418454;-46.771112776738164;-63.47111277673817;4.4966462422264167e-10;0.1;4.496646242226417e-11;1.0813357992462728e-08;;;;ORANGE;True
1787665267.8599384;18.278579703000105;Wi-Fi;Wi-Fi;2,4/5 GHz;wlan0;-33.0;;;;-33.0;5.011872336272725e-07;0.1;5.011872336272725e-08;4.06905743748089e-06;;;;ROUGE;False
1787665267.8809078;18.299553533000108;BLE Sniffer;Appareil BLE;2,4 GHz BLE;d3:23:2f:4d:3e:b1;-73.0;;;;-73.0;5.011872336272715e-11;0.000376;1.8844639984385406e-14;7.543045990414603e-14;37;0x00;37;VERT;False
1787665267.882709;18.30135059300028;BLE Sniffer;Appareil BLE;2,4 GHz BLE;d3:23:2f:4d:3e:b1;-75.0;;;;-75.0;3.1622776601683794e-11;0.000376;1.1890164002233105e-14;8.732062390637914e-14;37;0x00;38;VERT;False
1787665267.950117;18.368559915999867;Simulation RF;Détection RF large bande;868 MHz;868 MHz;;2536;2.0436087822733877;-37.74435129093551;-70.74435129093551;8.424902254641424e-11;0.1;8.424902254641425e-12;3.6735318008075963e-09;;;;VERT;True
1787665267.9502788;18.368559915999867;Simulation RF;Détection RF large bande;2,45 GHz;2,45 GHz;;2817;2.2697665582173774;-46.79066232869509;-63.490662328695095;4.4764503005123437e-10;0.1;4.476450300512344e-11;1.085812249546785e-08;;;;ORANGE;True
1787665267.9586575;18.377299957000105;Wi-Fi;Wi-Fi;2,4/5 GHz;wlan0;-33.0;;;;-33.0;5.011872336272725e-07;0.1;5.011872336272725e-08;4.119176160843617e-06;;;;ROUGE;False
1787665267.9846275;18.403271443999984;BLE Sniffer;Appareil BLE;2,4 GHz BLE;d3:23:2f:4d:3e:b1;-89.0;;;;-89.0;1.258925411794166e-12;0.000376;4.733559548346064e-16;8.779397986121374e-14;37;0x00;39;VERT;False
1787665267.9847312;18.40337144499972;BLE Sniffer;Appareil BLE;2,4 GHz BLE;57:10:3b:9d:cc:43;-78.0;;;;-78.0;1.5848931924611107e-11;0.00028;4.4377009388911094e-15;3.023881956004673e-13;25;0x00;37;VERT;False
1787665267.9847717;18.403412204999768;BLE Sniffer;Appareil BLE;2,4 GHz BLE;57:10:3b:9d:cc:43;-71.0;;;;-71.0;7.943282347242822e-11;0.00028;2.22411905722799e-14;3.246293861727472e-13;25;0x00;38;VERT;False
1787665267.9870148;18.405658456999845;BLE Sniffer;Appareil BLE;2,4 GHz BLE;57:10:3b:9d:cc:43;-87.0;;;;-87.0;1.9952623149688827e-12;0.00028;5.586734481912871e-16;3.251880596209385e-13;25;0x00;39;VERT;False
1787665268.0502102;18.468649131999882;Simulation RF;Détection RF large bande;868 MHz;868 MHz;;2540;2.046744637769201;-37.86978551076804;-70.86978551076804;8.185052114480614e-11;0.1;8.185052114480614e-12;3.681716852922077e-09;;;;VERT;True
1787665268.05037;18.468649131999882;Simulation RF;Détection RF large bande;2,45 GHz;2,45 GHz;;2780;2.240206079870308;-45.6082431948123;-62.308243194812306;5.877270514107181e-10;0.1;5.877270514107181e-11;1.0916895200608923e-08;;;;ORANGE;True
1787665268.058819;18.477460432000044;Wi-Fi;Wi-Fi;2,4/5 GHz;wlan0;-33.0;;;;-33.0;5.011872336272725e-07;0.1;5.011872336272725e-08;4.1692948842063445e-06;;;;ROUGE;False
1787665268.1502788;18.568733625000277;Simulation RF;Détection RF large bande;868 MHz;868 MHz;;2552;2.05635457976369;-38.25418319054761;-71.25418319054761;7.491722475750257e-11;0.1;7.491722475750257e-12;3.689208575397827e-09;;;;VERT;True
1787665268.1504335;18.568733625000277;Simulation RF;Détection RF large bande;2,45 GHz;2,45 GHz;;2816;2.26928016411245;-46.771206564498;-63.471206564498;4.496549136266819e-10;0.1;4.496549136266819e-11;1.0961860691971591e-08;;;;ORANGE;True
1787665268.158886;18.57752742499997;Wi-Fi;Wi-Fi;2,4/5 GHz;wlan0;-33.0;;;;-33.0;5.011872336272725e-07;0.1;5.011872336272725e-08;4.219413607569072e-06;;;;ROUGE;False
1787665268.1929264;18.61156983300043;BLE Sniffer;Appareil BLE;2,4 GHz BLE;57:10:3b:9d:cc:43;-79.0;;;;-79.0;1.2589254117941662e-11;0.00028;3.524991153023665e-15;3.287130507739622e-13;25;0x00;37;VERT;False
1787665268.2503846;18.668821747999573;Simulation RF;Détection RF large bande;868 MHz;868 MHz;;2581;2.079869745658885;-39.19478982635539;-72.19478982635539;6.032829026559164e-11;0.1;6.032829026559164e-12;3.6952414044243862e-09;;;;VERT;True
1787665268.2505467;18.668821747999573;Simulation RF;Détection RF large bande;2,45 GHz;2,45 GHz;;2770;2.2323031711959453;-45.29212684783781;-61.99212684783781;6.321022194242056e-10;0.1;6.321022194242056e-11;1.1025070913914012e-08;;;;ORANGE;True
1787665268.258901;18.67754241700004;Wi-Fi;Wi-Fi;2,4/5 GHz;wlan0;-33.0;;;;-33.0;5.011872336272725e-07;0.1;5.011872336272725e-08;4.2695323309317995e-06;;;;ROUGE;False
1787665268.3504686;18.768907796999883;Simulation RF;Détection RF large bande;868 MHz;868 MHz;;2569;2.0700816558659145;-38.80326623463658;-71.80326623463658;6.60196741594687e-11;0.1;6.60196741594687e-12;3.701843371840333e-09;;;;VERT;True
1787665268.3506289;18.768907796999883;Simulation RF;Détection RF large bande;2,45 GHz;2,45 GHz;;2826;2.2773817649909045;-47.09527059963618;-63.795270599636176;4.1732359511138954e-10;0.1;4.173235951113896e-11;1.1066803273425151e-08;;;;ORANGE;True
1787665268.3591807;18.777822283000205;Wi-Fi;Wi-Fi;2,4/5 GHz;wlan0;-33.0;;;;-33.0;5.011872336272725e-07;0.1;5.011872336272725e-08;4.319651054294527e-06;;;;ROUGE;False
1787665268.4505484;18.868991975000426;Simulation RF;Détection RF large bande;868 MHz;868 MHz;;2572;2.0730224399275037;-38.92089759710014;-71.92089759710014;6.425549007500463e-11;0.1;6.4255490075004635e-12;3.7082689208478335e-09;;;;VERT;True
1787665268.4507256;18.868991975000426;Simulation RF;Détection RF large bande;2,45 GHz;2,45 GHz;;2813;2.2667855961433125;-46.671423845732505;-63.37142384573251;4.601057020021252e-10;0.1;4.6010570200212525e-11;1.1112813843625363e-08;;;;ORANGE;True
1787665268.459264;18.87790564700026;Wi-Fi;Wi-Fi;2,4/5 GHz;wlan0;-34.0;;;;-34.0;3.981071705534969e-07;0.1;3.9810717055349696e-08;4.359461771349877e-06;;;;ROUGE;False
1787665268.5026553;18.921297750999656;BLE Sniffer;Appareil BLE;2,4 GHz BLE;57:10:3b:9d:cc:43;-72.0;;;;-72.0;6.309573444801942e-11;0.00028;1.7666805645445437e-14;3.463798564194076e-13;25;0x00;38;VERT;False
1787665268.502752;18.92139245599992;BLE Sniffer;Appareil BLE;2,4 GHz BLE;57:10:3b:9d:cc:43;-82.0;;;;-82.0;6.309573444801943e-12;0.00028;1.7666805645445437e-15;3.4814653698395214e-13;25;0x00;39;VERT;False
1787665268.55064;18.96907998700044;Simulation RF;Détection RF large bande;868 MHz;868 MHz;;2549;2.0538182819731357;-38.15273127892543;-71.15273127892543;7.668790472769251e-11;0.1;7.668790472769252e-12;3.7159377113206028e-09;;;;VERT;True
1787665268.5508015;18.96907998700044;Simulation RF;Détection RF large bande;2,45 GHz;2,45 GHz;;2813;2.2670195888990476;-46.68078355596191;-63.38078355596191;4.5911517160832294e-10;0.1;4.5911517160832297e-11;1.1158725360786195e-08;;;;ORANGE;True
1787665268.5594242;18.97806577099982;Wi-Fi;Wi-Fi;2,4/5 GHz;wlan0;-34.0;;;;-34.0;3.981071705534969e-07;0.1;3.9810717055349696e-08;4.399272488405227e-06;;;;ROUGE;False
1787665268.65151;19.06920118400012;Simulation RF;Détection RF large bande;868 MHz;868 MHz;;2584;2.0820759673187186;-39.28303869274873;-72.28303869274873;5.911478722231487e-11;0.1;5.9114787222314865e-12;3.721849190042834e-09;;;;VERT;True
1787665268.6517534;19.06920118400012;Simulation RF;Détection RF large bande;2,45 GHz;2,45 GHz;;2797;2.254125818791802;-46.165032751672086;-62.86503275167209;5.170073590198891e-10;0.1;5.170073590198891e-11;1.1210426096688185e-08;;;;ORANGE;True
1787665268.6616647;19.080307014000027;Wi-Fi;Wi-Fi;2,4/5 GHz;wlan0;-35.0;;;;-35.0;3.162277660168379e-07;0.1;3.162277660168379e-08;4.43089526500691e-06;;;;ROUGE;False
1787665268.7101119;19.12875353599975;BLE Sniffer;Appareil BLE;2,4 GHz BLE;57:10:3b:9d:cc:43;-77.0;;;;-77.0;1.9952623149688828e-11;0.00028;5.586734481912872e-15;3.53733271465865e-13;25;0x00;37;VERT;False
1787665268.7102218;19.12886237099974;Simulation LoRa;LoRa;868 MHz;LoRa 868.100 MHz;-92.62602877093116;;;;-92.62602877093116;5.462571353828108e-13;0.046335999999999995;2.531137062509792e-14;1.2273298662564759e-12;13;"SNR=7.64;SF=7;BW=125.0;CR=4/5;F=868.100;CRC=OK;PAYLOAD=54454d504f5f4c4f52415f3138";7;VERT;True
1787665268.750894;19.16933854800027;Simulation RF;Détection RF large bande;868 MHz;868 MHz;;2572;2.0724471126908264;-38.89788450763305;-71.89788450763305;6.45968810354546e-11;0.1;6.45968810354546e-12;3.72830887814638e-09;;;;VERT;True
1787665268.7510526;19.16933854800027;Simulation RF;Détection RF large bande;2,45 GHz;2,45 GHz;;2847;2.294292637169381;-47.77170548677523;-64.47170548677524;3.5713256363774374e-10;0.1;3.571325636377438e-11;1.124613935305196e-08;;;;ORANGE;True
1787665268.7596633;19.178304942999603;Wi-Fi;Wi-Fi;2,4/5 GHz;wlan0;-35.0;;;;-35.0;3.162277660168379e-07;0.1;3.162277660168379e-08;4.462518041608594e-06;;;;ROUGE;False
1787665268.811608;19.230250659000376;BLE Sniffer;Appareil BLE;2,4 GHz BLE;57:10:3b:9d:cc:43;-73.0;;;;-73.0;5.011872336272715e-11;0.00028;1.40332425415636e-14;3.677665140074286e-13;25;0x00;38;VERT;False
1787665268.811694;19.230334308000238;BLE Sniffer;Appareil BLE;2,4 GHz BLE;57:10:3b:9d:cc:43;-82.0;;;;-82.0;6.309573444801943e-12;0.00028;1.7666805645445437e-15;3.6953319457197314e-13;25;0x00;39;VERT;False
1787665268.850984;19.26942426400001;Simulation RF;Détection RF large bande;868 MHz;868 MHz;;2645;2.1311026861940907;-41.244107447763625;-74.24410744776362;3.7634769044989575e-11;0.1;3.763476904498958e-12;3.732072355050879e-09;;;;VERT;True
1787665268.851147;19.26942426400001;Simulation RF;Détection RF large bande;2,45 GHz;2,45 GHz;;2838;2.2873639926246514;-47.494559704986045;-64.19455970498605;3.8066594819588e-10;0.1;3.8066594819588e-11;1.1284205947871547e-08;;;;ORANGE;True
1787665268.8597298;19.278371176999826;Wi-Fi;Wi-Fi;2,4/5 GHz;wlan0;-36.0;;;;-36.0;2.5118864315095823e-07;0.1;2.5118864315095824e-08;4.48763690592369e-06;;;;ROUGE;False
1787665268.9510715;19.369509479000044;Simulation RF;Détection RF large bande;868 MHz;868 MHz;;2649;2.134846201902279;-41.39384807609116;-74.39384807609116;3.635927311959833e-11;0.1;3.6359273119598328e-12;3.7357082823628384e-09;;;;VERT;True
1787665268.951233;19.369509479000044;Simulation RF;Détection RF large bande;2,45 GHz;2,45 GHz;;2825;2.2765722914129167;-47.06289165651667;-63.76289165651667;4.204465898357629e-10;0.1;4.2044658983576296e-11;1.1326250606855124e-08;;;;ORANGE;True
1787665268.9598622;19.37850355899991;Wi-Fi;Wi-Fi;2,4/5 GHz;wlan0;-36.0;;;;-36.0;2.5118864315095823e-07;0.1;2.5118864315095824e-08;4.512755770238786e-06;;;;ROUGE;False
1787665269.0196242;19.438266637000197;BLE Sniffer;Appareil BLE;2,4 GHz BLE;57:10:3b:9d:cc:43;-77.0;;;;-77.0;1.9952623149688828e-11;0.00028;5.586734481912872e-15;3.75119929053886e-13;25;0x00;37;VERT;False
1787665269.0197027;19.438343081999847;BLE Sniffer;Appareil BLE;2,4 GHz BLE;57:10:3b:9d:cc:43;-72.0;;;;-72.0;6.309573444801942e-11;0.00028;1.7666805645445437e-14;3.927867346993314e-13;25;0x00;38;VERT;False
1787665269.0511444;19.469596435000312;Simulation RF;Détection RF large bande;868 MHz;868 MHz;;2604;2.098458797047503;-39.93835188190012;-72.93835188190012;5.083523222180247e-11;0.1;5.083523222180247e-12;3.7407918055850185e-09;;;;VERT;True
1787665269.0512965;19.469596435000312;Simulation RF;Détection RF large bande;2,45 GHz;2,45 GHz;;2816;2.2696186480499794;-46.784745921999175;-63.48474592199918;4.482552737864897e-10;0.1;4.4825527378648974e-11;1.1371076134233774e-08;;;;ORANGE;True
1787665269.059775;19.478416642999946;Wi-Fi;Wi-Fi;2,4/5 GHz;wlan0;-37.0;;;;-37.0;1.9952623149688787e-07;0.1;1.995262314968879e-08;4.532708393388475e-06;;;;ROUGE;False
1787665269.1246424;19.543285546000334;BLE Sniffer;Appareil BLE;2,4 GHz BLE;57:10:3b:9d:cc:43;-83.0;;;;-83.0;5.011872336272715e-12;0.00028;1.40332425415636e-15;3.9419005895348776e-13;25;0x00;39;VERT;False
1787665269.1512465;19.569686687000285;Simulation RF;Détection RF large bande;868 MHz;868 MHz;;2534;2.0418050221052106;-37.67220088420842;-70.67220088420842;8.566036322086706e-11;0.1;8.566036322086707e-12;3.749357841907105e-09;;;;VERT;True
1787665269.1514099;19.569686687000285;Simulation RF;Détection RF large bande;2,45 GHz;2,45 GHz;;2744;2.211283825318405;-44.45135301273619;-61.15135301273619;7.671224607305921e-10;0.1;7.671224607305922e-11;1.1447788380306833e-08;;;;ORANGE;True
1787665269.1599262;19.57856804400035;Wi-Fi;Wi-Fi;2,4/5 GHz;wlan0;-37.0;;;;-37.0;1.9952623149688787e-07;0.1;1.995262314968879e-08;4.552661016538164e-06;;;;ROUGE;False
1787665269.2513218;19.669771847000447;Simulation RF;Détection RF large bande;868 MHz;868 MHz;;2670;2.1518048615459815;-42.07219446183926;-75.07219446183926;3.110144404207437e-11;0.1;3.110144404207437e-12;3.752467986311312e-09;;;;VERT;True
1787665269.251473;19.669771847000447;Simulation RF;Détection RF large bande;2,45 GHz;2,45 GHz;;2809;2.2635660994891476;-46.542643979565895;-63.2426439795659;4.739533551795464e-10;0.1;4.7395335517954645e-11;1.1495183715824788e-08;;;;ORANGE;True
1787665269.2600834;19.678725149000456;Wi-Fi;Wi-Fi;2,4/5 GHz;wlan0;-38.0;;;;-38.0;1.584893192461114e-07;0.1;1.5848931924611143e-08;4.568509948462775e-06;;;;ROUGE;False
1787665269.3312275;19.749870800999815;BLE Sniffer;Appareil BLE;2,4 GHz BLE;57:10:3b:9d:cc:43;-77.0;;;;-77.0;1.9952623149688828e-11;0.00028;5.586734481912872e-15;3.997767934354006e-13;25;0x00;37;VERT;False
1787665269.3332374;19.751879438000287;BLE Sniffer;Appareil BLE;2,4 GHz BLE;57:10:3b:9d:cc:43;-72.0;;;;-72.0;6.309573444801942e-11;0.00028;1.7666805645445437e-14;4.1744359908084603e-13;25;0x00;38;VERT;False
1787665269.333312;19.751952345999598;BLE Sniffer;Appareil BLE;2,4 GHz BLE;57:10:3b:9d:cc:43;-82.0;;;;-82.0;6.309573444801943e-12;0.00028;1.7666805645445437e-15;4.192102796453906e-13;25;0x00;39;VERT;False
1787665269.3514173;19.76985895100006;Simulation RF;Détection RF large bande;868 MHz;868 MHz;;2632;2.1211934442263156;-40.847737769052614;-73.84773776905261;4.123122357580647e-11;0.1;4.123122357580647e-12;3.756591108668893e-09;;;;VERT;True
1787665269.3515801;19.76985895100006;Simulation RF;Détection RF large bande;2,45 GHz;2,45 GHz;;2811;2.2649006280958144;-46.596025123832575;-63.29602512383258;4.681634314022055e-10;0.1;4.681634314022055e-11;1.1542000058965008e-08;;;;ORANGE;True
1787665269.3601658;19.77880729000026;Wi-Fi;Wi-Fi;2,4/5 GHz;wlan0;-38.0;;;;-38.0;1.584893192461114e-07;0.1;1.5848931924611143e-08;4.584358880387387e-06;;;;ROUGE;False
1787665269.4515164;19.869952351000393;Simulation RF;Détection RF large bande;868 MHz;868 MHz;;2532;2.0400940672861725;-37.6037626914469;-70.6037626914469;8.702093211035849e-11;0.1;8.702093211035849e-12;3.7652932018799285e-09;;;;VERT;True
1787665269.4516962;19.869952351000393;Simulation RF;Détection RF large bande;2,45 GHz;2,45 GHz;;2751;2.216735610372788;-44.66942441491153;-61.369424414911535;7.295541941193986e-10;0.1;7.295541941193987e-11;1.1614955478376947e-08;;;;ORANGE;True
1787665269.4600558;19.878697539000314;Wi-Fi;Wi-Fi;2,4/5 GHz;wlan0;-38.0;;;;-38.0;1.584893192461114e-07;0.1;1.5848931924611143e-08;4.600207812311998e-06;;;;ROUGE;False
1787665269.5404654;19.959108127000036;BLE Sniffer;Appareil BLE;2,4 GHz BLE;57:10:3b:9d:cc:43;-82.0;;;;-82.0;6.309573444801943e-12;0.00028;1.7666805645445437e-15;4.2097696020993513e-13;25;0x00;37;VERT;False
1787665269.5418127;19.960455237000133;BLE Sniffer;Appareil BLE;2,4 GHz BLE;57:10:3b:9d:cc:43;-72.0;;;;-72.0;6.309573444801942e-11;0.00028;1.7666805645445437e-14;4.3864376585538054e-13;25;0x00;38;VERT;False
1787665269.5515974;19.970038084999942;Simulation RF;Détection RF large bande;868 MHz;868 MHz;;2624;2.1149014493103078;-40.59605797241231;-73.59605797241231;4.3691223116173486e-11;0.1;4.3691223116173486e-12;3.769662324191546e-09;;;;VERT;True
1787665269.5517619;19.970038084999942;Simulation RF;Détection RF large bande;2,45 GHz;2,45 GHz;;2815;2.268726762030945;-46.749070481237794;-63.44907048123779;4.5195266527421136e-10;0.1;4.519526652742114e-11;1.1660150744904368e-08;;;;ORANGE;True
1787665269.5602627;19.978904071000215;Wi-Fi;Wi-Fi;2,4/5 GHz;wlan0;-38.0;;;;-38.0;1.584893192461114e-07;0.1;1.5848931924611143e-08;4.61605674423661e-06;;;;ROUGE;False
1787665269.6446145;20.06325650600047;BLE Sniffer;Appareil BLE;2,4 GHz BLE;57:10:3b:9d:cc:43;-82.0;;;;-82.0;6.309573444801943e-12;0.00028;1.7666805645445437e-15;4.404104464199251e-13;25;0x00;39;VERT;False
1787665269.651665;20.070122707000337;Simulation RF;Détection RF large bande;868 MHz;868 MHz;;2708;2.1818967975665724;-43.275871902662885;-76.27587190266289;2.3572888920445856e-11;0.1;2.3572888920445857e-12;3.7720196130835904e-09;;;;VERT;True
1787665269.6518161;20.070122707000337;Simulation RF;Détection RF large bande;2,45 GHz;2,45 GHz;;2871;2.313410682987966;-48.53642731951864;-65.23642731951864;2.9947272061990923e-10;0.1;2.9947272061990924e-11;1.1690098016966358e-08;;;;ORANGE;True
1787665269.6602097;20.07885111700034;Wi-Fi;Wi-Fi;2,4/5 GHz;wlan0;-38.0;;;;-38.0;1.584893192461114e-07;0.1;1.5848931924611143e-08;4.631905676161221e-06;;;;ROUGE;False
1787665269.7494717;20.168114117000187;Simulation LoRa;LoRa;868 MHz;LoRa 868.100 MHz;-88.2494407849727;;;;-88.2494407849727;1.4964283298146815e-12;0.046335999999999995;6.933850309029308e-14;1.2966683693467688e-12;13;"SNR=6.67;SF=7;BW=125.0;CR=4/5;F=868.100;CRC=OK;PAYLOAD=54454d504f5f4c4f52415f3139";7;VERT;True
1787665269.7516806;20.17020049599978;Simulation RF;Détection RF large bande;868 MHz;868 MHz;;2692;2.169083171942516;-42.763326877700635;-75.76332687770064;2.652572801576396e-11;0.1;2.652572801576396e-12;3.774672185885167e-09;;;;VERT;True
1787665269.7518246;20.17020049599978;Simulation RF;Détection RF large bande;2,45 GHz;2,45 GHz;;2775;2.2359382784647663;-45.43753113859066;-62.13753113859065;6.11289429732956e-10;0.1;6.11289429732956e-11;1.1751226959939655e-08;;;;ORANGE;True
1787665269.7603674;20.17900864799958;Wi-Fi;Wi-Fi;2,4/5 GHz;wlan0;-39.0;;;;-39.0;1.2589254117941662e-07;0.1;1.2589254117941663e-08;4.644494930279163e-06;;;;ROUGE;False
1787665269.8523724;20.27101503599988;BLE Sniffer;Appareil BLE;2,4 GHz BLE;d3:23:2f:4d:3e:b1;-74.0;;;;-74.0;3.9810717055349695e-11;0.000376;1.4968829612811484e-14;1.0276280947402523e-13;37;0x00;37;VERT;False
1787665269.853423;20.27054149200012;Simulation RF;Détection RF large bande;868 MHz;868 MHz;;2582;2.081024754342658;-39.24099017370631;-72.24099017370631;5.968991804898749e-11;0.1;5.96899180489875e-12;3.780641177690065e-09;;;;VERT;True
1787665269.8535588;20.27054149200012;Simulation RF;Détection RF large bande;2,45 GHz;2,45 GHz;;2789;2.2474250654198706;-45.89700261679482;-62.59700261679482;5.499202830388315e-10;0.1;5.4992028303883154e-11;1.1806218988243537e-08;;;;ORANGE;True
1787665269.8624113;20.281053222000082;Wi-Fi;Wi-Fi;2,4/5 GHz;wlan0;-39.0;;;;-39.0;1.2589254117941662e-07;0.1;1.2589254117941663e-08;4.657084184397104e-06;;;;ROUGE;False
1787665269.9548545;20.373496504000286;BLE Sniffer;Appareil BLE;2,4 GHz BLE;d3:23:2f:4d:3e:b1;-75.0;;;;-75.0;3.1622776601683794e-11;0.000376;1.1890164002233105e-14;1.1465297347625834e-13;37;0x00;38;VERT;False
1787665269.953338;20.37068628199995;Simulation RF;Détection RF large bande;868 MHz;868 MHz;;2624;2.1148001235053147;-40.59200494021259;-73.59200494021259;4.373201677063069e-11;0.1;4.373201677063069e-12;3.785014379367129e-09;;;;VERT;True
1787665269.9562893;20.37068628199995;Simulation RF;Détection RF large bande;2,45 GHz;2,45 GHz;;2762;2.225437327670802;-45.01749310683208;-61.71749310683208;6.733652330831343e-10;0.1;6.733652330831344e-11;1.187355551155185e-08;;;;ORANGE;True
1787665269.9664311;20.385072895999656;Wi-Fi;Wi-Fi;2,4/5 GHz;wlan0;-40.0;;;;-40.0;1e-07;0.1;1e-08;4.667084184397104e-06;;;;ROUGE;False
1787665270.0523107;20.470765385999584;Simulation RF;Détection RF large bande;868 MHz;868 MHz;;2646;2.132135814386671;-41.28543257546683;-74.28543257546683;3.727835522928587e-11;0.1;3.727835522928587e-12;3.788742214890057e-09;;;;VERT;True
1787665270.05247;20.470765385999584;Simulation RF;Détection RF large bande;2,45 GHz;2,45 GHz;;2806;2.2611362649662454;-46.44545059864981;-63.145450598649816;4.846798224611619e-10;0.1;4.846798224611619e-11;1.1922023493797967e-08;;;;ORANGE;True
1787665270.0580864;20.476728482;BLE Sniffer;Appareil BLE;2,4 GHz BLE;57:10:3b:9d:cc:43;-81.0;;;;-81.0;7.943282347242821e-12;0.00028;2.22411905722799e-15;4.426345654771531e-13;25;0x00;39;VERT;False
1787665270.0612292;20.479870541999844;Wi-Fi;Wi-Fi;2,4/5 GHz;wlan0;-40.0;;;;-40.0;1e-07;0.1;1e-08;4.677084184397104e-06;;;;ROUGE;False
1787665270.1579804;20.570850359999895;Simulation RF;Détection RF large bande;868 MHz;868 MHz;;2581;2.0796619101758615;-39.18647640703446;-72.18647640703446;6.044388342385514e-11;0.1;6.044388342385514e-12;3.794786603232443e-09;;;;VERT;True
1787665270.158211;20.570850359999895;Simulation RF;Détection RF large bande;2,45 GHz;2,45 GHz;;2816;2.269008430758984;-46.760337230359355;-63.46033723035936;4.507816999113712e-10;0.1;4.5078169991137126e-11;1.1967101663789105e-08;;;;ORANGE;True
1787665270.167969;20.58661084400046;Wi-Fi;Wi-Fi;2,4/5 GHz;wlan0;-40.0;;;;-40.0;1e-07;0.1;1e-08;4.687084184397104e-06;;;;ROUGE;False
1787665270.2525194;20.670942890000333;Simulation RF;Détection RF large bande;868 MHz;868 MHz;;2616;2.10809524362985;-40.323809745194;-73.323809745194;4.651778482683743e-11;0.1;4.6517784826837434e-12;3.799438381715127e-09;;;;VERT;True
1787665270.2526774;20.670942890000333;Simulation RF;Détection RF large bande;2,45 GHz;2,45 GHz;;2748;2.2147969234917784;-44.591876939671124;-61.29187693967113;7.426980882777582e-10;0.1;7.426980882777582e-11;1.204137147261688e-08;;;;ORANGE;True
1787665270.2611878;20.679829523999615;Wi-Fi;Wi-Fi;2,4/5 GHz;wlan0;-40.0;;;;-40.0;1e-07;0.1;1e-08;4.697084184397104e-06;;;;ROUGE;False
1787665270.363322;20.771035957000095;Simulation RF;Détection RF large bande;868 MHz;868 MHz;;2631;2.1200593666961;-40.80237466784399;-73.80237466784399;4.1664150681728747e-11;0.1;4.166415068172875e-12;3.8036047967833e-09;;;;VERT;True
1787665270.3636482;20.771035957000095;Simulation RF;Détection RF large bande;2,45 GHz;2,45 GHz;;2870;2.3129505831845067;-48.51802332738026;-65.21802332738027;3.007444816716587e-10;0.1;3.007444816716587e-11;1.2071445920784045e-08;;;;ORANGE;True
1787665270.368179;20.786821736999627;BLE Sniffer;Appareil BLE;2,4 GHz BLE;57:10:3b:9d:cc:43;-80.0;;;;-80.0;1e-11;0.00028;2.7999999999999997e-15;4.454345654771531e-13;25;0x00;37;VERT;False
1787665270.3730352;20.79167667100046;Wi-Fi;Wi-Fi;2,4/5 GHz;wlan0;-40.0;;;;-40.0;1e-07;0.1;1e-08;4.707084184397104e-06;;;;ROUGE;False
1787665270.4526718;20.871120763999897;Simulation RF;Détection RF large bande;868 MHz;868 MHz;;2563;2.0651796224783783;-38.60718489913512;-71.60718489913512;6.90687362960548e-11;0.1;6.90687362960548e-12;3.810511670412905e-09;;;;VERT;True
1787665270.4528246;20.871120763999897;Simulation RF;Détection RF large bande;2,45 GHz;2,45 GHz;;2765;2.228133186460511;-45.12532745842044;-61.825327458420446;6.568515879416932e-10;0.1;6.568515879416933e-11;1.2137131079578215e-08;;;;ORANGE;True
1787665270.4614797;20.88012119599989;Wi-Fi;Wi-Fi;2,4/5 GHz;wlan0;-40.0;;;;-40.0;1e-07;0.1;1e-08;4.717084184397104e-06;;;;ROUGE;False
1787665270.4716196;20.890262457999597;BLE Sniffer;Appareil BLE;2,4 GHz BLE;57:10:3b:9d:cc:43;-75.0;;;;-75.0;3.1622776601683794e-11;0.00028;8.854377448471461e-15;4.5428894292562457e-13;25;0x00;38;VERT;False
1787665270.4716995;20.89034062599967;BLE Sniffer;Appareil BLE;2,4 GHz BLE;57:10:3b:9d:cc:43;-80.0;;;;-80.0;1e-11;0.00028;2.7999999999999997e-15;4.570889429256246e-13;25;0x00;39;VERT;False
1787665270.5583148;20.97127327599992;Simulation RF;Détection RF large bande;868 MHz;868 MHz;;2612;2.1046172224811346;-40.18468889924537;-73.18468889924537;4.803204860910216e-11;0.1;4.8032048609102166e-12;3.8153148752738154e-09;;;;VERT;True
1787665270.5586004;20.97127327599992;Simulation RF;Détection RF large bande;2,45 GHz;2,45 GHz;;2767;2.2295199942859947;-45.18079977143978;-61.880799771439776;6.485149958041499e-10;0.1;6.4851499580415e-11;1.2201982579158629e-08;;;;ORANGE;True
1787665270.5674145;20.986056024999925;Wi-Fi;Wi-Fi;2,4/5 GHz;wlan0;-40.0;;;;-40.0;1e-07;0.1;1e-08;4.727084184397104e-06;;;;ROUGE;False
1787665270.6529088;21.071357583000463;Simulation RF;Détection RF large bande;868 MHz;868 MHz;;2618;2.10987357848301;-40.39494313932039;-73.39494313932039;4.5762072631755e-11;0.1;4.5762072631755e-12;3.819891082536991e-09;;;;VERT;True
1787665270.6530664;21.071357583000463;Simulation RF;Détection RF large bande;2,45 GHz;2,45 GHz;;2841;2.2895614669640274;-47.582458678561096;-64.2824586785611;3.7303890886716725e-10;0.1;3.730389088671673e-11;1.2239286470045345e-08;;;;ORANGE;True
1787665270.6616793;21.080321163000008;Wi-Fi;Wi-Fi;2,4/5 GHz;wlan0;-40.0;;;;-40.0;1e-07;0.1;1e-08;4.737084184397104e-06;;;;ROUGE;False
1787665270.677115;21.095756790999985;BLE Sniffer;Appareil BLE;2,4 GHz BLE;57:10:3b:9d:cc:43;-81.0;;;;-81.0;7.943282347242821e-12;0.00028;2.22411905722799e-15;4.593130619828525e-13;25;0x00;37;VERT;False
1787665270.6794877;21.0981313960001;BLE Sniffer;Appareil BLE;2,4 GHz BLE;57:10:3b:9d:cc:43;-75.0;;;;-75.0;3.1622776601683794e-11;0.00028;8.854377448471461e-15;4.68167439431324e-13;25;0x00;38;VERT;False
1787665270.6795883;21.098229119999814;BLE Sniffer;Appareil BLE;2,4 GHz BLE;57:10:3b:9d:cc:43;-79.0;;;;-79.0;1.2589254117941662e-11;0.00028;3.524991153023665e-15;4.716924305843477e-13;25;0x00;39;VERT;False
1787665270.7529962;21.17144340899995;Simulation RF;Détection RF large bande;868 MHz;868 MHz;;2633;2.121445367582765;-40.85781470331061;-73.85781470331061;4.113566567785364e-11;0.1;4.1135665677853645e-12;3.824004649104776e-09;;;;VERT;True
1787665270.7531505;21.17144340899995;Simulation RF;Détection RF large bande;2,45 GHz;2,45 GHz;;2816;2.2694078623657545;-46.776314494630185;-63.47631449463019;4.491263654134831e-10;0.1;4.491263654134831e-11;1.2284199106586694e-08;;;;ORANGE;True
1787665270.7662575;21.18489910399967;Wi-Fi;Wi-Fi;2,4/5 GHz;wlan0;-39.0;;;;-39.0;1.2589254117941662e-07;0.1;1.2589254117941663e-08;4.749673438515045e-06;;;;ROUGE;False
1787665270.7821379;21.200779867000165;Simulation LoRa;LoRa;868 MHz;LoRa 868.100 MHz;-93.05158954394643;;;;-93.05158954394643;4.952688862338634e-13;0.046335999999999995;2.294877911253229e-14;1.3196171484593011e-12;13;"SNR=6.85;SF=7;BW=125.0;CR=4/5;F=868.100;CRC=OK;PAYLOAD=54454d504f5f4c4f52415f3230";7;VERT;True
1787665270.8530931;21.271532198000386;Simulation RF;Détection RF large bande;868 MHz;868 MHz;;2599;2.0941161345213337;-39.76464538085335;-72.76464538085335;5.290971983886706e-11;0.1;5.290971983886707e-12;3.829295621088663e-09;;;;VERT;True
1787665270.8532553;21.271532198000386;Simulation RF;Détection RF large bande;2,45 GHz;2,45 GHz;;2834;2.2835265484433793;-47.34106193773516;-64.04106193773517;3.943608610883005e-10;0.1;3.943608610883006e-11;1.2323635192695523e-08;;;;ORANGE;True
1787665270.8625963;21.28123801000038;Wi-Fi;Wi-Fi;2,4/5 GHz;wlan0;-39.0;;;;-39.0;1.2589254117941662e-07;0.1;1.2589254117941663e-08;4.762262692632987e-06;;;;ROUGE;False
1787665270.9531677;21.371616430999893;Simulation RF;Détection RF large bande;868 MHz;868 MHz;;2653;2.1381209104450716;-41.52483641780286;-74.52483641780286;3.52790074627608e-11;0.1;3.52790074627608e-12;3.832823521834939e-09;;;;VERT;True
1787665270.953315;21.371616430999893;Simulation RF;Détection RF large bande;2,45 GHz;2,45 GHz;;2869;2.3118919425760676;-48.475677703042706;-65.17567770304271;3.036912154264762e-10;0.1;3.036912154264762e-11;1.2354004314238171e-08;;;;ORANGE;True
1787665270.9619381;21.38058008600001;Wi-Fi;Wi-Fi;2,4/5 GHz;wlan0;-39.0;;;;-39.0;1.2589254117941662e-07;0.1;1.2589254117941663e-08;4.774851946750928e-06;;;;ROUGE;False
1787665270.9893444;21.407986907000122;BLE Sniffer;Appareil BLE;2,4 GHz BLE;57:10:3b:9d:cc:43;-80.0;;;;-80.0;1e-11;0.00028;2.7999999999999997e-15;4.744924305843477e-13;25;0x00;37;VERT;False
1787665270.9894361;21.408076740999604;BLE Sniffer;Appareil BLE;2,4 GHz BLE;57:18:3b:9d:cc:43;-72.0;;;;-72.0;6.309573444801942e-11;0.00028;1.7666805645445437e-14;4.573329072857264e-14;25;0x00;38;VERT;False
1787665270.992178;21.410821628999656;BLE Sniffer;Appareil BLE;2,4 GHz BLE;57:10:3b:9d:cc:43;-82.0;;;;-82.0;6.309573444801943e-12;0.00028;1.7666805645445437e-15;4.762591111488923e-13;25;0x00;39;VERT;False
1787665271.053265;21.471704739000415;Simulation RF;Détection RF large bande;868 MHz;868 MHz;;2574;2.0744220220329344;-38.97688088131737;-71.97688088131737;6.343251222963642e-11;0.1;6.3432512229636424e-12;3.839166773057903e-09;;;;VERT;True
1787665271.0534263;21.471704739000415;Simulation RF;Détection RF large bande;2,45 GHz;2,45 GHz;;2751;2.2168675581259456;-44.67470232503783;-61.37470232503783;7.286681173123749e-10;0.1;7.28668117312375e-11;1.242687112596941e-08;;;;ORANGE;True
1787665271.0627346;21.481376106000425;Wi-Fi;Wi-Fi;2,4/5 GHz;wlan0;-39.0;;;;-39.0;1.2589254117941662e-07;0.1;1.2589254117941663e-08;4.78744120086887e-06;;;;ROUGE;False
1787665271.097529;21.516172116000234;BLE Sniffer;Appareil BLE;2,4 GHz BLE;73:e9:68:c2:03:47;-47.0;;;;-47.0;1.9952623149688786e-08;0.000176;3.511661674345226e-12;7.023587975549807e-12;12;0x03;37;ROUGE;False
1787665271.1533506;21.57179493500007;Simulation RF;Détection RF large bande;868 MHz;868 MHz;;2640;2.127170540481302;-41.08682161925208;-74.08682161925208;3.902274698651903e-11;0.1;3.9022746986519036e-12;3.843069047756554e-09;;;;VERT;True
1787665271.1535125;21.57179493500007;Simulation RF;Détection RF large bande;2,45 GHz;2,45 GHz;;2763;2.226678949052554;-45.06715796210216;-61.767157962102154;6.657086557042022e-10;0.1;6.657086557042022e-11;1.249344199153983e-08;;;;ORANGE;True
1787665271.1633956;21.582038012999874;Wi-Fi;Wi-Fi;2,4/5 GHz;wlan0;-39.0;;;;-39.0;1.2589254117941662e-07;0.1;1.2589254117941663e-08;4.8000304549868115e-06;;;;ROUGE;False
1787665271.2036445;21.622286668000015;BLE Sniffer;Appareil BLE;2,4 GHz BLE;57:10:3b:9d:cc:43;-70.0;;;;-70.0;1e-10;0.00028;2.7999999999999997e-14;5.042591111488923e-13;25;0x00;38;ORANGE;False
1787665271.203737;21.622377446999963;BLE Sniffer;Appareil BLE;2,4 GHz BLE;57:10:3b:9d:cc:43;-82.0;;;;-82.0;6.309573444801943e-12;0.00028;1.7666805645445437e-15;5.060257917134368e-13;25;0x00;39;VERT;False
1787665271.253447;21.671883279000212;Simulation RF;Détection RF large bande;868 MHz;868 MHz;;2648;2.1342698925419814;-41.370795701679256;-74.37079570167926;3.65527814537883e-11;0.1;3.65527814537883e-12;3.846724325901934e-09;;;;VERT;True
1787665271.2536082;21.671883279000212;Simulation RF;Détection RF large bande;2,45 GHz;2,45 GHz;;2834;2.2835206021016456;-47.340824084065815;-64.04082408406582;3.9438245996888233e-10;0.1;3.9438245996888234e-11;1.2532880237536719e-08;;;;ORANGE;True
1787665271.2623732;21.681015398000454;Wi-Fi;Wi-Fi;2,4/5 GHz;wlan0;-39.0;;;;-39.0;1.2589254117941662e-07;0.1;1.2589254117941663e-08;4.812619709104753e-06;;;;ROUGE;False
1787665271.3535259;21.771971049000058;Simulation RF;Détection RF large bande;868 MHz;868 MHz;;2701;2.1770122989282794;-43.08049195713117;-76.08049195713117;2.4657600067390966e-11;0.1;2.4657600067390968e-12;3.849190085908673e-09;;;;VERT;True
1787665271.3536866;21.771971049000058;Simulation RF;Détection RF large bande;2,45 GHz;2,45 GHz;;2837;2.285973588622365;-47.438943544894585;-64.13894354489459;3.855721396805539e-10;0.1;3.85572139680554e-11;1.2571437451504774e-08;;;;ORANGE;True
1787665271.362231;21.780873110000357;Wi-Fi;Wi-Fi;2,4/5 GHz;wlan0;-39.0;;;;-39.0;1.2589254117941662e-07;0.1;1.2589254117941663e-08;4.825208963222695e-06;;;;ROUGE;False
1787665271.4536116;21.872054966999713;Simulation RF;Détection RF large bande;868 MHz;868 MHz;;2623;2.113953333574068;-40.558133342962705;-73.5581333429627;4.407442607076925e-11;0.1;4.4074426070769255e-12;3.85359752851575e-09;;;;VERT;True
1787665271.4537687;21.872054966999713;Simulation RF;Détection RF large bande;2,45 GHz;2,45 GHz;;2866;2.3093247046178083;-48.37298818471233;-65.07298818471233;3.1095760416592226e-10;0.1;3.1095760416592225e-11;1.2602533211921366e-08;;;;ORANGE;True
1787665271.463248;21.88188976299989;Wi-Fi;Wi-Fi;2,4/5 GHz;wlan0;-39.0;;;;-39.0;1.2589254117941662e-07;0.1;1.2589254117941663e-08;4.837798217340636e-06;;;;ROUGE;False
1787665271.5107927;21.929435549999653;BLE Sniffer;Appareil BLE;2,4 GHz BLE;57:10:3b:9d:cc:43;-82.0;;;;-82.0;6.309573444801943e-12;0.00028;1.7666805645445437e-15;5.077924722779814e-13;25;0x00;37;VERT;False
1787665271.5136366;21.932279808999738;BLE Sniffer;Appareil BLE;2,4 GHz BLE;67:18:2b:9d:cc:43;-73.0;;;;-73.0;5.011872336272715e-11;0.00015199999999999998;7.618045951134526e-15;7.618045951134526e-15;9;0x00;38;VERT;False
1787665271.51372;21.93236060700019;BLE Sniffer;Appareil BLE;2,4 GHz BLE;57:10:3b:9d:cc:43;-81.0;;;;-81.0;7.943282347242821e-12;0.00028;2.22411905722799e-15;5.100165913352093e-13;25;0x00;39;VERT;False
1787665271.5537066;21.972142255999643;Simulation RF;Détection RF large bande;868 MHz;868 MHz;;2641;2.128273630802067;-41.13094523208268;-74.13094523208268;3.862828943089911e-11;0.1;3.862828943089911e-12;3.8574603574588395e-09;;;;VERT;True
1787665271.553866;21.972142255999643;Simulation RF;Détection RF large bande;2,45 GHz;2,45 GHz;;2781;2.2412789346326476;-45.65115738530591;-62.3511573853059;5.819481092040672e-10;0.1;5.819481092040672e-11;1.2660728022841773e-08;;;;ORANGE;True
1787665271.5625618;21.98120313399977;Wi-Fi;Wi-Fi;2,4/5 GHz;wlan0;-38.0;;;;-38.0;1.584893192461114e-07;0.1;1.5848931924611143e-08;4.853647149265248e-06;;;;ROUGE;False
1787665271.653788;22.072232729999996;Simulation RF;Détection RF large bande;868 MHz;868 MHz;;2730;2.1997654237765176;-43.9906169510607;-76.9906169510607;1.9995777929703928e-11;0.1;1.9995777929703928e-12;3.85945993525181e-09;;;;VERT;True
1787665271.6539514;22.072232729999996;Simulation RF;Détection RF large bande;2,45 GHz;2,45 GHz;;2829;2.27988782253666;-47.1955129014664;-63.895512901466404;4.0780139761191676e-10;0.1;4.078013976119168e-11;1.2701508162602965e-08;;;;ORANGE;True
1787665271.6626503;22.081292126000335;Wi-Fi;Wi-Fi;2,4/5 GHz;wlan0;-38.0;;;;-38.0;1.584893192461114e-07;0.1;1.5848931924611143e-08;4.869496081189859e-06;;;;ROUGE;False
1787665271.721158;22.13980053799969;Simulation LoRa;LoRa;868 MHz;LoRa 868.100 MHz;-86.65462378523121;;;;-86.65462378523121;2.1604171763754674e-12;0.046335999999999995;1.0010509028453365e-13;1.4197222387438349e-12;13;"SNR=7.58;SF=7;BW=125.0;CR=4/5;F=868.100;CRC=OK;PAYLOAD=54454d504f5f4c4f52415f3231";7;VERT;True
1787665271.7212384;22.139878836000207;BLE Sniffer;Appareil BLE;2,4 GHz BLE;57:10:3b:9d:cc:43;-84.0;;;;-84.0;3.9810717055349695e-12;0.00028;1.1147000775497915e-15;5.111312914127591e-13;25;0x00;37;VERT;False
1787665271.7538788;22.172321019000265;Simulation RF;Détection RF large bande;868 MHz;868 MHz;;2682;2.16094753166713;-42.4379012666852;-75.4379012666852;2.8589718111697297e-11;0.1;2.8589718111697297e-12;3.862318907062979e-09;;;;VERT;True
1787665271.7540393;22.172321019000265;Simulation RF;Détection RF large bande;2,45 GHz;2,45 GHz;;2872;2.3141425954029224;-48.565703816116894;-65.2657038161169;2.9746071560229347e-10;0.1;2.974607156022935e-11;1.2731254234163195e-08;;;;ORANGE;True
1787665271.7629504;22.18159238000044;Wi-Fi;Wi-Fi;2,4/5 GHz;wlan0;-37.0;;;;-37.0;1.9952623149688787e-07;0.1;1.995262314968879e-08;4.889448704339548e-06;;;;ROUGE;False
1787665271.822797;22.24143986600029;BLE Sniffer;Appareil BLE;2,4 GHz BLE;57:10:3b:9d:cc:43;-74.0;;;;-74.0;3.9810717055349695e-11;0.00028;1.1147000775497913e-14;5.222782921882569e-13;25;0x00;38;VERT;False
1787665271.8244221;22.243064590999893;BLE Sniffer;Appareil BLE;2,4 GHz BLE;57:10:3b:9d:cc:43;-83.0;;;;-83.0;5.011872336272715e-12;0.00028;1.40332425415636e-15;5.236816164424133e-13;25;0x00;39;VERT;False
1787665271.8539417;22.272404602999814;Simulation RF;Détection RF large bande;868 MHz;868 MHz;;2655;2.1392236890365464;-41.568947561461854;-74.56894756146185;3.492249339263448e-11;0.1;3.492249339263448e-12;3.865811156402243e-09;;;;VERT;True
1787665271.8540792;22.272404602999814;Simulation RF;Détection RF large bande;2,45 GHz;2,45 GHz;;2876;2.3175767359087556;-48.70306943635022;-65.40306943635022;2.8819938940904265e-10;0.1;2.8819938940904266e-11;1.2760074173104099e-08;;;;ORANGE;True
1787665271.8651633;22.283804640999733;Wi-Fi;Wi-Fi;2,4/5 GHz;wlan0;-36.0;;;;-36.0;2.5118864315095823e-07;0.1;2.5118864315095824e-08;4.914567568654644e-06;;;;ROUGE;False
1787665271.9267926;22.34543494599984;BLE Sniffer;Appareil BLE;2,4 GHz BLE;d3:23:2f:4d:3e:b1;-75.0;;;;-75.0;3.1622776601683794e-11;0.000376;1.1890164002233105e-14;1.2654313747849144e-13;37;0x00;37;VERT;False
1787665271.9294832;22.34812614800012;BLE Sniffer;Appareil Apple BLE;2,4 GHz BLE;d3:23:2f:4d:3e:b1;-74.0;;;;-74.0;3.9810717055349695e-11;0.000376;1.4968829612811484e-14;1.4151196709130291e-13;37;0x00;38;VERT;False
1787665271.9540396;22.37248915100008;Simulation RF;Détection RF large bande;868 MHz;868 MHz;;2701;2.1766714737034603;-43.0668589481384;-76.0668589481384;2.473512475822081e-11;0.1;2.4735124758220813e-12;3.868284668878065e-09;;;;VERT;True
1787665271.954195;22.37248915100008;Simulation RF;Détection RF large bande;2,45 GHz;2,45 GHz;;2796;2.2532251536478527;-46.129006145914104;-62.8290061459141;5.213139967024697e-10;0.1;5.213139967024697e-11;1.2812205572774346e-08;;;;ORANGE;True
1787665271.9628575;22.381500084000436;Wi-Fi;Wi-Fi;2,4/5 GHz;wlan0;-36.0;;;;-36.0;2.5118864315095823e-07;0.1;2.5118864315095824e-08;4.93968643296974e-06;;;;ROUGE;False
1787665272.0345476;22.453190352999627;BLE Sniffer;Appareil BLE;2,4 GHz BLE;57:10:3b:9d:cc:43;-84.0;;;;-84.0;3.9810717055349695e-12;0.00028;1.1147000775497915e-15;5.247963165199631e-13;25;0x00;39;VERT;False
1787665272.054143;22.472578199000054;Simulation RF;Détection RF large bande;868 MHz;868 MHz;;2711;2.184465536391929;-43.37862145567715;-76.37862145567715;2.3021724606170624e-11;0.1;2.3021724606170626e-12;3.870586841338682e-09;;;;VERT;True
1787665272.0543053;22.472578199000054;Simulation RF;Détection RF large bande;2,45 GHz;2,45 GHz;;2914;2.3485555487657406;-49.942221950629616;-66.64222195062962;2.1665953411151029e-10;0.1;2.166595341115103e-11;1.2833871526185497e-08;;;;ORANGE;True
1787665272.0652122;22.483853716999874;Wi-Fi;Wi-Fi;2,4/5 GHz;wlan0;-35.0;;;;-35.0;3.162277660168379e-07;0.1;3.162277660168379e-08;4.971309209571424e-06;;;;ROUGE;False
1787665272.1542258;22.572671339000408;Simulation RF;Détection RF large bande;868 MHz;868 MHz;;2761;2.225144102496811;-45.00576409987242;-78.00576409987242;1.5827910651597395e-11;0.1;1.5827910651597397e-12;3.872169632403842e-09;;;;VERT;True
1787665272.1543818;22.572671339000408;Simulation RF;Détection RF large bande;2,45 GHz;2,45 GHz;;2855;2.3005781881017024;-48.02312752406809;-64.72312752406809;3.370445023413216e-10;0.1;3.370445023413216e-11;1.2867575976419629e-08;;;;ORANGE;True
1787665272.1633224;22.581963663999886;Wi-Fi;Wi-Fi;2,4/5 GHz;wlan0;-34.0;;;;-34.0;3.981071705534969e-07;0.1;3.9810717055349696e-08;5.011119926626774e-06;;;;ROUGE;False
1787665272.2543101;22.672760368000127;Simulation RF;Détection RF large bande;868 MHz;868 MHz;;2630;2.119293735078323;-40.771749403132915;-73.77174940313292;4.195899328441409e-11;0.1;4.195899328441409e-12;3.876365531732284e-09;;;;VERT;True
1787665272.254477;22.672760368000127;Simulation RF;Détection RF large bande;2,45 GHz;2,45 GHz;;2814;2.267545971814582;-46.70183887258327;-63.40183887258326;4.568946921025101e-10;0.1;4.5689469210251013e-11;1.291326544562988e-08;;;;ORANGE;True
1787665272.2640781;22.68272292399979;Wi-Fi;Wi-Fi;2,4/5 GHz;wlan0;-34.0;;;;-34.0;3.981071705534969e-07;0.1;3.9810717055349696e-08;5.050930643682124e-06;;;;ROUGE;False
1787665272.3425648;22.761207042000024;BLE Sniffer;Appareil BLE;2,4 GHz BLE;57:10:3b:9d:cc:43;-89.0;;;;-89.0;1.258925411794166e-12;0.00028;3.5249911530236646e-16;5.251488156352655e-13;25;0x00;37;VERT;False
1787665272.3544042;22.772851323000395;Simulation RF;Détection RF large bande;868 MHz;868 MHz;;2664;2.1465862755083718;-41.863451020334864;-74.86345102033486;3.263284198106919e-11;0.1;3.263284198106919e-12;3.879628815930391e-09;;;;VERT;True
1787665272.354566;22.772851323000395;Simulation RF;Détection RF large bande;2,45 GHz;2,45 GHz;;2858;2.3027602167607433;-48.11040867042972;-64.81040867042972;3.303384547771885e-10;0.1;3.303384547771885e-11;1.2946299291107598e-08;;;;ORANGE;True
1787665272.3644168;22.783058568000342;Wi-Fi;Wi-Fi;2,4/5 GHz;wlan0;-34.0;;;;-34.0;3.981071705534969e-07;0.1;3.9810717055349696e-08;5.090741360737474e-06;;;;ROUGE;False
1787665272.4544873;22.87293742699967;Simulation RF;Détection RF large bande;868 MHz;868 MHz;;2676;2.1563351780578177;-42.25340712231271;-75.25340712231271;2.983041448281967e-11;0.1;2.983041448281967e-12;3.882611857378673e-09;;;;VERT;True
1787665272.4546463;22.87293742699967;Simulation RF;Détection RF large bande;2,45 GHz;2,45 GHz;;2840;2.2886345291507233;-47.54538116602893;-64.24538116602893;3.7623732970166763e-10;0.1;3.7623732970166766e-11;1.2983923024077764e-08;;;;ORANGE;True
1787665272.4641337;22.882776962999742;Wi-Fi;Wi-Fi;2,4/5 GHz;wlan0;-34.0;;;;-34.0;3.981071705534969e-07;0.1;3.9810717055349696e-08;5.130552077792824e-06;;;;ROUGE;False
1787665272.5497508;22.96839295100017;BLE Sniffer;Appareil BLE;2,4 GHz BLE;57:10:3b:9d:cc:43;-74.0;;;;-74.0;3.9810717055349695e-11;0.00028;1.1147000775497913e-14;5.362958164107634e-13;25;0x00;38;VERT;False
1787665272.5545142;22.97301734499979;Simulation RF;Détection RF large bande;868 MHz;868 MHz;;2661;2.144552326883565;-41.7820930753426;-74.7820930753426;3.324992671797299e-11;0.1;3.324992671797299e-12;3.88593685005047e-09;;;;VERT;True
1787665272.5546703;22.97301734499979;Simulation RF;Détection RF large bande;2,45 GHz;2,45 GHz;;2822;2.2743418172219783;-46.973672688879134;-63.67367268887914;4.2917333516040024e-10;0.1;4.291733351604003e-11;1.3026840357593805e-08;;;;ORANGE;True
1787665272.5644004;22.983041901000433;Wi-Fi;Wi-Fi;2,4/5 GHz;wlan0;-34.0;;;;-34.0;3.981071705534969e-07;0.1;3.9810717055349696e-08;5.170362794848174e-06;;;;ROUGE;False
1787665272.6531804;23.07182287500018;BLE Sniffer;Appareil BLE;2,4 GHz BLE;57:10:3b:9d:cc:43;-81.0;;;;-81.0;7.943282347242821e-12;0.00028;2.22411905722799e-15;5.385199354679913e-13;25;0x00;39;VERT;False
1787665272.6545753;23.073093836000226;Simulation RF;Détection RF large bande;868 MHz;868 MHz;;2672;2.153015230143531;-42.12060920574123;-75.12060920574123;3.075665346120091e-11;0.1;3.075665346120091e-12;3.889012515396591e-09;;;;VERT;True
1787665272.654721;23.073093836000226;Simulation RF;Détection RF large bande;2,45 GHz;2,45 GHz;;2859;2.3038473923542386;-48.15389569416955;-64.85389569416955;3.270471964545908e-10;0.1;3.270471964545908e-11;1.3059545077239265e-08;;;;ORANGE;True
1787665272.6652424;23.083884200000284;Wi-Fi;Wi-Fi;2,4/5 GHz;wlan0;-34.0;;;;-34.0;3.981071705534969e-07;0.1;3.9810717055349696e-08;5.210173511903524e-06;;;;ROUGE;False
1787665272.7566094;23.17525163299979;Simulation LoRa;LoRa;868 MHz;LoRa 868.100 MHz;-86.12346256735711;;;;-86.12346256735711;2.4414832170990726e-12;0.046335999999999995;1.1312856634750262e-13;1.5328508050913376e-12;13;"SNR=5.22;SF=7;BW=125.0;CR=4/5;F=868.100;CRC=OK;PAYLOAD=54454d504f5f4c4f52415f3232";7;VERT;True
1787665272.75785;23.173233180999887;Simulation RF;Détection RF large bande;868 MHz;868 MHz;;2714;2.187128773433436;-43.48515093733744;-76.48515093733744;2.2463887022801803e-11;0.1;2.2463887022801804e-12;3.891258904098871e-09;;;;VERT;True
1787665272.757982;23.173233180999887;Simulation RF;Détection RF large bande;2,45 GHz;2,45 GHz;;2776;2.237153606029043;-45.486144241161725;-62.18614424116173;6.044850659176211e-10;0.1;6.044850659176211e-11;1.3119993583831027e-08;;;;ORANGE;True
1787665272.76525;23.183891339000184;Wi-Fi;Wi-Fi;2,4/5 GHz;wlan0;-34.0;;;;-34.0;3.981071705534969e-07;0.1;3.9810717055349696e-08;5.249984228958874e-06;;;;ROUGE;False
1787665272.8548677;23.27331963600045;Simulation RF;Détection RF large bande;868 MHz;868 MHz;;2752;2.217742550702655;-44.70970202810619;-77.7097020281062;1.6944540539076205e-11;0.1;1.6944540539076206e-12;3.892953358152779e-09;;;;VERT;True
1787665272.8550189;23.27331963600045;Simulation RF;Détection RF large bande;2,45 GHz;2,45 GHz;;2879;2.3199503901919507;-48.798015607678025;-65.49801560767803;2.8196710101169045e-10;0.1;2.8196710101169046e-11;1.3148190293932196e-08;;;;ORANGE;True
1787665272.8601136;23.278756818000147;BLE Sniffer;Appareil BLE;2,4 GHz BLE;57:10:3b:9d:cc:43;-84.0;;;;-84.0;3.9810717055349695e-12;0.00028;1.1147000775497915e-15;5.396346355455411e-13;25;0x00;37;VERT;False
1787665272.86525;23.28389470000002;Wi-Fi;Wi-Fi;2,4/5 GHz;wlan0;-34.0;;;;-34.0;3.981071705534969e-07;0.1;3.9810717055349696e-08;5.289794946014224e-06;;;;ROUGE;False
1787665272.9549696;23.373409572999662;Simulation RF;Détection RF large bande;868 MHz;868 MHz;;2671;2.1525006797275044;-42.100027189100174;-75.10002718910017;3.09027608571261e-11;0.1;3.0902760857126103e-12;3.896043634238492e-09;;;;VERT;True
1787665272.9551315;23.373409572999662;Simulation RF;Détection RF large bande;2,45 GHz;2,45 GHz;;2852;2.2984459848608223;-47.937839394432885;-64.63783939443289;3.437289097520389e-10;0.1;3.4372890975203886e-11;1.31825631849074e-08;;;;ORANGE;True
1787665272.9638565;23.38249833900045;BLE Sniffer;Appareil BLE;2,4 GHz BLE;73:e9:68:c2:03:47;-53.0;;;;-53.0;5.011872336272715e-09;0.000176;8.820895311839978e-13;7.905677506733805e-12;12;0x03;38;ORANGE;False
1787665272.966319;23.384961427000235;Wi-Fi;Wi-Fi;2,4/5 GHz;wlan0;-35.0;;;;-35.0;3.162277660168379e-07;0.1;3.162277660168379e-08;5.321417722615907e-06;;;;ROUGE;False
1787665273.0550425;23.473500027000227;Simulation RF;Détection RF large bande;868 MHz;868 MHz;;2766;2.229384120654144;-45.17536482616576;-78.17536482616576;1.522171258534174e-11;0.1;1.522171258534174e-12;3.8975658054970256e-09;;;;VERT;True
1787665273.0552053;23.473500027000227;Simulation RF;Détection RF large bande;2,45 GHz;2,45 GHz;;2818;2.27052235230782;-46.8208940923128;-63.520894092312794;4.445397396012103e-10;0.1;4.4453973960121034e-11;1.322701715886752e-08;;;;ORANGE;True
1787665273.064789;23.48343269399993;Wi-Fi;Wi-Fi;2,4/5 GHz;wlan0;-35.0;;;;-35.0;3.162277660168379e-07;0.1;3.162277660168379e-08;5.353040499217591e-06;;;;ROUGE;False
1787665273.1550913;23.57358642700001;Simulation RF;Détection RF large bande;868 MHz;868 MHz;;2728;2.198262149431966;-43.930485977278636;-76.93048597727864;2.0274558337008745e-11;0.1;2.0274558337008745e-12;3.899593261330726e-09;;;;VERT;True
1787665273.155242;23.57358642700001;Simulation RF;Détection RF large bande;2,45 GHz;2,45 GHz;;2933;2.3636176851526005;-50.544707406104024;-67.24470740610403;1.885946025607873e-10;0.1;1.885946025607873e-11;1.3245876619123599e-08;;;;ORANGE;True
1787665273.1642754;23.58291725199979;Wi-Fi;Wi-Fi;2,4/5 GHz;wlan0;-35.0;;;;-35.0;3.162277660168379e-07;0.1;3.162277660168379e-08;5.384663275819274e-06;;;;ROUGE;False
1787665273.1695917;23.58823339599985;BLE Sniffer;Appareil BLE;2,4 GHz BLE;57:10:3b:9d:cc:43;-82.0;;;;-82.0;6.309573444801943e-12;0.00028;1.7666805645445437e-15;5.414013161100856e-13;25;0x00;39;VERT;False
1787665273.2584517;23.67376467899976;Simulation RF;Détection RF large bande;868 MHz;868 MHz;;2660;2.1436552417852663;-41.746209671410654;-74.74620967141065;3.352579096663073e-11;0.1;3.3525790966630736e-12;3.902945840427389e-09;;;;VERT;True
1787665273.2586415;23.67376467899976;Simulation RF;Détection RF large bande;2,45 GHz;2,45 GHz;;2858;2.3028994451767093;-48.11597780706836;-64.81597780706836;3.29915119687556e-10;0.1;3.29915119687556e-11;1.3278868131092355e-08;;;;ORANGE;True
1787665273.2749927;23.69363414199961;Wi-Fi;Wi-Fi;2,4/5 GHz;wlan0;-35.0;;;;-35.0;3.162277660168379e-07;0.1;3.162277660168379e-08;5.4162860524209575e-06;;;;ROUGE;False
1787665273.355391;23.773847725999985;Simulation RF;Détection RF large bande;868 MHz;868 MHz;;2665;2.147332035567567;-41.893281422702685;-74.89328142270269;3.240946468393445e-11;0.1;3.240946468393445e-12;3.906186786895783e-09;;;;VERT;True
1787665273.3555412;23.773847725999985;Simulation RF;Détection RF large bande;2,45 GHz;2,45 GHz;;2856;2.301688514208958;-48.067540568358325;-64.76754056835833;3.3361528730435543e-10;0.1;3.3361528730435544e-11;1.331222965982279e-08;;;;ORANGE;True
1787665273.3647704;23.783411665999665;Wi-Fi;Wi-Fi;2,4/5 GHz;wlan0;-35.0;;;;-35.0;3.162277660168379e-07;0.1;3.162277660168379e-08;5.447908829022641e-06;;;;ROUGE;False
1787665273.377987;23.796629227000267;BLE Sniffer;Appareil BLE;2,4 GHz BLE;57:10:3b:9d:cc:43;-80.0;;;;-80.0;1e-11;0.00028;2.7999999999999997e-15;5.442013161100857e-13;25;0x00;37;VERT;False
1787665273.455473;23.873932051000338;Simulation RF;Détection RF large bande;868 MHz;868 MHz;;2705;2.1795648146082933;-43.18259258433173;-76.18259258433173;2.4084672297676206e-11;0.1;2.408467229767621e-12;3.9085952541255505e-09;;;;VERT;True
1787665273.455619;23.873932051000338;Simulation RF;Détection RF large bande;2,45 GHz;2,45 GHz;;2830;2.2802984853304813;-47.21193941321924;-63.911939413219244;4.0626186575295913e-10;0.1;4.062618657529592e-11;1.3352855846398085e-08;;;;ORANGE;True
1787665273.4663844;23.885025732999566;Wi-Fi;Wi-Fi;2,4/5 GHz;wlan0;-35.0;;;;-35.0;3.162277660168379e-07;0.1;3.162277660168379e-08;5.479531605624324e-06;;;;ROUGE;False
1787665273.479895;23.898545742999886;BLE Sniffer;Appareil BLE;2,4 GHz BLE;57:10:3b:9d:cc:43;-71.0;;;;-71.0;7.943282347242822e-11;0.00028;2.22411905722799e-14;5.664425066823655e-13;25;0x00;38;VERT;False
1787665273.480097;23.89873932000046;BLE Sniffer;Appareil BLE;2,4 GHz BLE;57:10:3b:9d:cc:43;-85.0;;;;-85.0;3.1622776601683794e-12;0.00028;8.854377448471461e-16;5.673279444272127e-13;25;0x00;39;VERT;False
1787665273.5555267;23.97401724700012;Simulation RF;Détection RF large bande;868 MHz;868 MHz;;2754;2.219030009762506;-44.761200390500235;-77.76120039050024;1.6744799855769493e-11;0.1;1.6744799855769494e-12;3.9102697341111276e-09;;;;VERT;True
1787665273.5556803;23.97401724700012;Simulation RF;Détection RF large bande;2,45 GHz;2,45 GHz;;2865;2.309007526354125;-48.36030105416499;-65.060301054165;3.1186733892779714e-10;0.1;3.118673389277972e-11;1.3384042580290865e-08;;;;ORANGE;True
1787665273.5645905;23.983231811000223;Wi-Fi;Wi-Fi;2,4/5 GHz;wlan0;-36.0;;;;-36.0;2.5118864315095823e-07;0.1;2.5118864315095824e-08;5.50465046993942e-06;;;;ROUGE;False
1787665273.6556213;24.074100589999944;Simulation RF;Détection RF large bande;868 MHz;868 MHz;;2675;2.155647697372584;-42.22590789490336;-75.22590789490336;3.001989787712722e-11;0.1;3.0019897877127224e-12;3.91327172389884e-09;;;;VERT;True
1787665273.6557515;24.074100589999944;Simulation RF;Détection RF large bande;2,45 GHz;2,45 GHz;;2839;2.288183132302377;-47.527325292095085;-64.22732529209509;3.77804799538686e-10;0.1;3.77804799538686e-11;1.3421823060244733e-08;;;;ORANGE;True
1787665273.6645892;24.083230764999826;Wi-Fi;Wi-Fi;2,4/5 GHz;wlan0;-36.0;;;;-36.0;2.5118864315095823e-07;0.1;2.5118864315095824e-08;5.529769334254516e-06;;;;ROUGE;False
1787665273.6951308;24.113773627000228;BLE Sniffer;Appareil BLE;2,4 GHz BLE;57:10:3b:9d:cc:43;-82.0;;;;-82.0;6.309573444801943e-12;0.00028;1.7666805645445437e-15;5.690946249917573e-13;25;0x00;37;VERT;False
1787665273.6999838;24.118626004999896;Simulation LoRa;LoRa;868 MHz;LoRa 868.100 MHz;-88.31519402248621;;;;-88.31519402248621;1.4739426906290686e-12;0.046335999999999995;6.829660851298851e-14;1.6011474136043261e-12;13;"SNR=8.08;SF=7;BW=125.0;CR=4/5;F=868.100;CRC=OK;PAYLOAD=54454d504f5f4c4f52415f3233";7;VERT;True
1787665273.755733;24.174186897000254;Simulation RF;Détection RF large bande;868 MHz;868 MHz;;2757;2.222123712240371;-44.88494848961483;-77.88494848961483;1.6274406181200327e-11;0.1;1.6274406181200328e-12;3.91489916451696e-09;;;;VERT;True
1787665273.7558894;24.174186897000254;Simulation RF;Détection RF large bande;2,45 GHz;2,45 GHz;;2872;2.3141855265705917;-48.56742106282367;-65.26742106282367;2.9734311971325683e-10;0.1;2.9734311971325685e-11;1.3451557372216059e-08;;;;ORANGE;True
1787665273.7647982;24.183439684000405;Wi-Fi;Wi-Fi;2,4/5 GHz;wlan0;-37.0;;;;-37.0;1.9952623149688787e-07;0.1;1.995262314968879e-08;5.549721957404205e-06;;;;ROUGE;False
1787665273.855827;24.274273017999803;Simulation RF;Détection RF large bande;868 MHz;868 MHz;;2784;2.2434407335426996;-45.737629341707986;-78.73762934170799;1.3373253154155526e-11;0.1;1.3373253154155528e-12;3.9162364898323756e-09;;;;VERT;True
1787665273.8559833;24.274273017999803;Simulation RF;Détection RF large bande;2,45 GHz;2,45 GHz;;2929;2.3602755505448356;-50.411022021793414;-67.11102202179342;1.9449023354251317e-10;0.1;1.944902335425132e-11;1.347100639557031e-08;;;;ORANGE;True
1787665273.8649917;24.283633214000474;Wi-Fi;Wi-Fi;2,4/5 GHz;wlan0;-37.0;;;;-37.0;1.9952623149688787e-07;0.1;1.995262314968879e-08;5.569674580553894e-06;;;;ROUGE;False
1787665273.955866;24.374353547000283;Simulation RF;Détection RF large bande;868 MHz;868 MHz;;2796;2.253148335107915;-46.1259334043166;-79.1259334043166;1.2229442503820559e-11;0.1;1.222944250382056e-12;3.9174594340827575e-09;;;;VERT;True
1787665273.9560215;24.374353547000283;Simulation RF;Détection RF large bande;2,45 GHz;2,45 GHz;;2888;2.3270105163929222;-49.08042065571689;-65.7804206557169;2.6421528271716993e-10;0.1;2.6421528271716993e-11;1.3497427923842026e-08;;;;ORANGE;True
1787665273.9647238;24.383364960999643;Wi-Fi;Wi-Fi;2,4/5 GHz;wlan0;-37.0;;;;-37.0;1.9952623149688787e-07;0.1;1.995262314968879e-08;5.589627203703583e-06;;;;ROUGE;False
1787665274.0069091;24.425551862999782;BLE Sniffer;Appareil BLE;2,4 GHz BLE;57:10:3b:9d:cc:43;-74.0;;;;-74.0;3.9810717055349695e-11;0.00028;1.1147000775497913e-14;5.802416257672551e-13;25;0x00;38;VERT;False
1787665274.009267;24.427909449999788;BLE Sniffer;Appareil BLE;2,4 GHz BLE;57:10:3b:9d:cc:43;-83.0;;;;-83.0;5.011872336272715e-12;0.00028;1.40332425415636e-15;5.816449500214115e-13;25;0x00;39;VERT;False
1787665274.0559998;24.474441315999684;Simulation RF;Détection RF large bande;868 MHz;868 MHz;;2735;2.203721333553102;-44.14885334212407;-77.14885334212407;1.9280339004148407e-11;0.1;1.928033900414841e-12;3.9193874679831725e-09;;;;VERT;True
1787665274.0561602;24.474441315999684;Simulation RF;Détection RF large bande;2,45 GHz;2,45 GHz;;2870;2.3131089592935346;-48.52435837174137;-65.22435837174137;3.0030610614300514e-10;0.1;3.0030610614300514e-11;1.3527458534456327e-08;;;;ORANGE;True
1787665274.0648685;24.483509693999622;Wi-Fi;Wi-Fi;2,4/5 GHz;wlan0;-37.0;;;;-37.0;1.9952623149688787e-07;0.1;1.995262314968879e-08;5.609579826853272e-06;;;;ROUGE;False
1787665274.1560895;24.574528899999677;Simulation RF;Détection RF large bande;868 MHz;868 MHz;;2715;2.187561044130687;-43.50244176522749;-76.50244176522749;2.2374627999915733e-11;0.1;2.2374627999915735e-12;3.921624930783164e-09;;;;VERT;True
1787665274.156252;24.574528899999677;Simulation RF;Détection RF large bande;2,45 GHz;2,45 GHz;;2857;2.3027133955556063;-48.108535822224255;-64.80853582222426;3.304809404005137e-10;0.1;3.304809404005137e-11;1.3560506628496378e-08;;;;ORANGE;True
1787665274.1652284;24.583870819000367;Wi-Fi;Wi-Fi;2,4/5 GHz;wlan0;-37.0;;;;-37.0;1.9952623149688787e-07;0.1;1.995262314968879e-08;5.629532450002961e-06;;;;ROUGE;False
1787665274.218021;24.63666330399974;BLE Sniffer;Appareil BLE;2,4 GHz BLE;57:10:3b:9d:cc:43;-83.0;;;;-83.0;5.011872336272715e-12;0.00028;1.40332425415636e-15;5.830482742755679e-13;25;0x00;37;VERT;False
1787665274.2561808;24.674618744000327;Simulation RF;Détection RF large bande;868 MHz;868 MHz;;2753;2.2183476340375687;-44.73390536150275;-77.73390536150275;1.6850370865629382e-11;0.1;1.6850370865629382e-12;3.923309967869727e-09;;;;VERT;True
1787665274.256354;24.674618744000327;Simulation RF;Détection RF large bande;2,45 GHz;2,45 GHz;;2902;2.338501060122344;-49.540042404893754;-66.24004240489376;2.3768170790613535e-10;0.1;2.3768170790613535e-11;1.3584274799286991e-08;;;;ORANGE;True
1787665274.2651076;24.683749085000272;Wi-Fi;Wi-Fi;2,4/5 GHz;wlan0;-38.0;;;;-38.0;1.584893192461114e-07;0.1;1.5848931924611143e-08;5.6453813819275725e-06;;;;ROUGE;False
1787665274.3562567;24.77470401299979;Simulation RF;Détection RF large bande;868 MHz;868 MHz;;2822;2.274360157791653;-46.974406311666115;-79.97440631166612;1.0059105633785972e-11;0.1;1.0059105633785973e-12;3.924315878433105e-09;;;;VERT;True
1787665274.3564363;24.77470401299979;Simulation RF;Détection RF large bande;2,45 GHz;2,45 GHz;;2872;2.3144072731941256;-48.57629092776503;-65.27629092776503;2.9673645718363535e-10;0.1;2.967364571836354e-11;1.3613948445005354e-08;;;;ORANGE;True
1787665274.3653176;24.783959227000196;Wi-Fi;Wi-Fi;2,4/5 GHz;wlan0;-38.0;;;;-38.0;1.584893192461114e-07;0.1;1.5848931924611143e-08;5.661230313852184e-06;;;;ROUGE;False
1787665274.4563317;24.874792245000208;Simulation RF;Détection RF large bande;868 MHz;868 MHz;;2707;2.1811847302223994;-43.24738920889598;-76.24738920889598;2.3727997018314556e-11;0.1;2.372799701831456e-12;3.9266886781349366e-09;;;;VERT;True
1787665274.456517;24.874792245000208;Simulation RF;Détection RF large bande;2,45 GHz;2,45 GHz;;2856;2.301815509719016;-48.072620388760626;-64.77262038876063;3.3322529501224985e-10;0.1;3.332252950122499e-11;1.364727097450658e-08;;;;ORANGE;True
1787665274.4653108;24.883952031999797;Wi-Fi;Wi-Fi;2,4/5 GHz;wlan0;-38.0;;;;-38.0;1.584893192461114e-07;0.1;1.5848931924611143e-08;5.6770792457767955e-06;;;;ROUGE;False
1787665274.5267732;24.9454164079998;BLE Sniffer;Appareil BLE;2,4 GHz BLE;57:10:3b:9f:cc:43;-73.0;;;;-73.0;5.011872336272715e-11;0.00028;1.40332425415636e-14;1.40332425415636e-14;25;0x00;38;VERT;False
1787665274.5268555;24.94549588999962;BLE Sniffer;Appareil BLE;2,4 GHz BLE;57:10:3b:9d:cc:43;-84.0;;;;-84.0;3.9810717055349695e-12;0.00028;1.1147000775497915e-15;5.841629743531177e-13;25;0x00;39;VERT;False
1787665274.5564728;24.97487949599963;Simulation RF;Détection RF large bande;868 MHz;868 MHz;;2662;2.145524148021478;-41.82096592085912;-74.82096592085912;3.295364113396823e-11;0.1;3.295364113396823e-12;3.9299840422483335e-09;;;;VERT;True
1787665274.5566397;24.97487949599963;Simulation RF;Détection RF large bande;2,45 GHz;2,45 GHz;;2873;2.315407501348128;-48.616300053925116;-65.31630005392512;2.940153431544119e-10;0.1;2.9401534315441194e-11;1.367667250882202e-08;;;;ORANGE;True
1787665274.5653086;24.983950318000097;Wi-Fi;Wi-Fi;2,4/5 GHz;wlan0;-38.0;;;;-38.0;1.584893192461114e-07;0.1;1.5848931924611143e-08;5.692928177701407e-06;;;;ROUGE;False
1787665274.6565316;25.074963432000004;Simulation RF;Détection RF large bande;868 MHz;868 MHz;;2806;2.260868076959358;-46.434723078374304;-79.4347230783743;1.1390104069195163e-11;0.1;1.1390104069195163e-12;3.931123052655253e-09;;;;VERT;True
1787665274.6566837;25.074963432000004;Simulation RF;Détection RF large bande;2,45 GHz;2,45 GHz;;2931;2.3619256031302274;-50.477024125209084;-67.17702412520909;1.9155680619103743e-10;0.1;1.9155680619103745e-11;1.3695828189441124e-08;;;;ORANGE;True
1787665274.6653402;25.083981789999598;Wi-Fi;Wi-Fi;2,4/5 GHz;wlan0;-39.0;;;;-39.0;1.2589254117941662e-07;0.1;1.2589254117941663e-08;5.705517431819349e-06;;;;ROUGE;False
1787665274.7369113;25.155553872999917;Simulation LoRa;LoRa;868 MHz;LoRa 868.100 MHz;-82.24136666297436;;;;-82.24136666297436;5.968474376277209e-12;0.046335999999999995;2.7655522869918073e-13;1.8777026423035068e-12;13;"SNR=5.65;SF=7;BW=125.0;CR=4/5;F=868.100;CRC=OK;PAYLOAD=54454d504f5f4c4f52415f3234";7;VERT;True
1787665274.7567394;25.175205796000228;Simulation RF;Détection RF large bande;868 MHz;868 MHz;;2821;2.2729873196226724;-46.91949278490689;-79.9194927849069;1.0187103568916361e-11;0.1;1.018710356891636e-12;3.932141763012145e-09;;;;VERT;True
1787665274.7568758;25.175205796000228;Simulation RF;Détection RF large bande;2,45 GHz;2,45 GHz;;2975;2.3970420478229437;-51.88168191291774;-68.58168191291774;1.3862188773200068e-10;0.1;1.3862188773200068e-11;1.3709690378214325e-08;;;;ORANGE;True
1787665274.7655416;25.184183153999584;Wi-Fi;Wi-Fi;2,4/5 GHz;wlan0;-39.0;;;;-39.0;1.2589254117941662e-07;0.1;1.2589254117941663e-08;5.71810668593729e-06;;;;ROUGE;False
1787665274.8381703;25.256813508999585;BLE Sniffer;Appareil BLE;2,4 GHz BLE;57:10:3b:9d:cc:43;-80.0;;;;-80.0;1e-11;0.00028;2.7999999999999997e-15;5.869629743531178e-13;25;0x00;37;VERT;False
1787665274.8405364;25.25917839199974;BLE Sniffer;Appareil BLE;2,4 GHz BLE;57:10:3b:9d:cc:43;-73.0;;;;-73.0;5.011872336272715e-11;0.00028;1.40332425415636e-14;6.009962168946813e-13;25;0x00;38;VERT;False
1787665274.8568392;25.275292899000306;Simulation RF;Détection RF large bande;868 MHz;868 MHz;;2750;2.216510094592968;-44.66040378371872;-77.66040378371872;1.7137979603573994e-11;0.1;1.7137979603573995e-12;3.933855560972502e-09;;;;VERT;True
1787665274.8569927;25.275292899000306;Simulation RF;Détection RF large bande;2,45 GHz;2,45 GHz;;2820;2.272826632725966;-46.91306530903864;-63.61306530903864;4.352045919847038e-10;0.1;4.3520459198470384e-11;1.3753210837412795e-08;;;;ORANGE;True
1787665274.8655992;25.284240662999764;Wi-Fi;Wi-Fi;2,4/5 GHz;wlan0;-40.0;;;;-40.0;1e-07;0.1;1e-08;5.72810668593729e-06;;;;ROUGE;False
1787665274.9569166;25.375376390000383;Simulation RF;Détection RF large bande;868 MHz;868 MHz;;2721;2.192778495927932;-43.71113983711729;-76.71113983711729;2.132485153620528e-11;0.1;2.1324851536205283e-12;3.935988046126123e-09;;;;VERT;True
1787665274.9570673;25.375376390000383;Simulation RF;Détection RF large bande;2,45 GHz;2,45 GHz;;2861;2.305460335872142;-48.218413434885676;-64.91841343488568;3.2222457274809147e-10;0.1;3.222245727480915e-11;1.3785433294687604e-08;;;;ORANGE;True
1787665274.9660492;25.38469088199963;Wi-Fi;Wi-Fi;2,4/5 GHz;wlan0;-40.0;;;;-40.0;1e-07;0.1;1e-08;5.73810668593729e-06;;;;ROUGE;False
1787665275.0501158;25.46875849800017;BLE Sniffer;Appareil BLE;2,4 GHz BLE;57:10:3b:9d:cc:43;-93.0;;;;-93.0;5.011872336272715e-13;0.00028;1.40332425415636e-16;6.011365493200969e-13;25;0x00;39;VERT;False
1787665275.0569673;25.4754570289997;Simulation RF;Détection RF large bande;868 MHz;868 MHz;;2737;2.2056598698846677;-44.226394795386696;-77.2263947953867;1.8939151602373416e-11;0.1;1.8939151602373416e-12;3.93788196128636e-09;;;;VERT;True
1787665275.0571232;25.4754570289997;Simulation RF;Détection RF large bande;2,45 GHz;2,45 GHz;;2918;2.3517750633120986;-50.071002532483945;-66.77100253248395;2.1032928561597936e-10;0.1;2.1032928561597938e-11;1.3806466223249203e-08;;;;ORANGE;True
1787665275.0658793;25.48452088799968;Wi-Fi;Wi-Fi;2,4/5 GHz;wlan0;-41.0;;;;-41.0;7.943282347242822e-08;0.1;7.943282347242822e-09;5.7460499682845325e-06;;;;ROUGE;False
1787665275.157027;25.575538428000073;Simulation RF;Détection RF large bande;868 MHz;868 MHz;;2670;2.1514227044720498;-42.05690817888198;-75.05690817888198;3.1211107686652605e-11;0.1;3.1211107686652605e-12;3.941003072055025e-09;;;;VERT;True
1787665275.1571765;25.575538428000073;Simulation RF;Détection RF large bande;2,45 GHz;2,45 GHz;;2868;2.311077232531205;-48.44308930124819;-65.1430893012482;3.0597861175468657e-10;0.1;3.0597861175468656e-11;1.3837064084424671e-08;;;;ORANGE;True
1787665275.1661532;25.584794475000308;Wi-Fi;Wi-Fi;2,4/5 GHz;wlan0;-41.0;;;;-41.0;7.943282347242822e-08;0.1;7.943282347242822e-09;5.753993250631775e-06;;;;ROUGE;False
1787665275.2572918;25.67564021599992;Simulation RF;Détection RF large bande;868 MHz;868 MHz;;2749;2.2150208588560965;-44.60083435424386;-77.60083435424386;1.7374669994500268e-11;0.1;1.7374669994500268e-12;3.942740539054475e-09;;;;VERT;True
1787665275.2574317;25.67564021599992;Simulation RF;Détection RF large bande;2,45 GHz;2,45 GHz;;2896;2.3341064422623217;-49.36425769049286;-66.06425769049287;2.4749944588600156e-10;0.1;2.4749944588600158e-11;1.3861814029013271e-08;;;;ORANGE;True
1787665275.2660818;25.68472283400024;Wi-Fi;Wi-Fi;2,4/5 GHz;wlan0;-41.0;;;;-41.0;7.943282347242822e-08;0.1;7.943282347242822e-09;5.761936532979017e-06;;;;ROUGE;False
1787665275.3596215;25.778264276999835;BLE Sniffer;Appareil BLE;2,4 GHz BLE;57:10:3b:9d:cc:43;-79.0;;;;-79.0;1.2589254117941662e-11;0.00028;3.524991153023665e-15;6.046615404731206e-13;25;0x00;37;VERT;False
1787665275.3572829;25.775725022000188;Simulation RF;Détection RF large bande;868 MHz;868 MHz;;2776;2.2374160465535295;-45.496641862141175;-78.49664186214117;1.4136301972826545e-11;0.1;1.4136301972826546e-12;3.944154169251758e-09;;;;VERT;True
1787665275.3609107;25.775725022000188;Simulation RF;Détection RF large bande;2,45 GHz;2,45 GHz;;2983;2.404245332540526;-52.16981330162105;-68.86981330162105;1.2972350364801405e-10;0.1;1.2972350364801405e-11;1.3874786379378073e-08;;;;ORANGE;True
1787665275.3698163;25.788457947000097;Wi-Fi;Wi-Fi;2,4/5 GHz;wlan0;-41.0;;;;-41.0;7.943282347242822e-08;0.1;7.943282347242822e-09;5.76987981532626e-06;;;;ROUGE;False
1787665275.4573762;25.875816030999886;Simulation RF;Détection RF large bande;868 MHz;868 MHz;;2845;2.2929273567438377;-47.7170942697535;-80.7170942697535;8.477944575112175e-12;0.1;8.477944575112175e-13;3.9450019637092685e-09;;;;VERT;True
1787665275.4575367;25.875816030999886;Simulation RF;Détection RF large bande;2,45 GHz;2,45 GHz;;2921;2.3540907328467067;-50.163629313868256;-66.86362931386826;2.0589086045697366e-10;0.1;2.0589086045697366e-11;1.389537546542377e-08;;;;ORANGE;True
1787665275.4677377;25.88638000300034;Wi-Fi;Wi-Fi;2,4/5 GHz;wlan0;-41.0;;;;-41.0;7.943282347242822e-08;0.1;7.943282347242822e-09;5.777823097673502e-06;;;;ROUGE;False
1787665275.5574403;25.975898837000386;Simulation RF;Détection RF large bande;868 MHz;868 MHz;;2766;2.229123780738108;-45.16495122952432;-78.16495122952432;1.525825529452792e-11;0.1;1.5258255294527922e-12;3.946527789238722e-09;;;;VERT;True
1787665275.5575938;25.975898837000386;Simulation RF;Détection RF large bande;2,45 GHz;2,45 GHz;;2878;2.3193837799237937;-48.775351196951746;-65.47535119695175;2.834424415411628e-10;0.1;2.8344244154116282e-11;1.3923719709577886e-08;;;;ORANGE;True
1787665275.5667486;25.985390257999825;Wi-Fi;Wi-Fi;2,4/5 GHz;wlan0;-41.0;;;;-41.0;7.943282347242822e-08;0.1;7.943282347242822e-09;5.785766380020745e-06;;;;ROUGE;False
1787665275.6576774;26.075988384000084;Simulation RF;Détection RF large bande;868 MHz;868 MHz;;2792;2.250174216195353;-46.00696864781412;-79.00696864781412;1.2569069719094452e-11;0.1;1.2569069719094452e-12;3.947784696210631e-09;;;;VERT;True
1787665275.6578145;26.075988384000084;Simulation RF;Détection RF large bande;2,45 GHz;2,45 GHz;;2888;2.327059099163756;-49.08236396655025;-65.78236396655025;2.6409708237522113e-10;0.1;2.6409708237522113e-11;1.3950129417815408e-08;;;;ORANGE;True
1787665275.6664755;26.085116948000177;Wi-Fi;Wi-Fi;2,4/5 GHz;wlan0;-41.0;;;;-41.0;7.943282347242822e-08;0.1;7.943282347242822e-09;5.793709662367987e-06;;;;ROUGE;False
1787665275.671088;26.089729360000092;BLE Sniffer;Appareil BLE;2,4 GHz BLE;57:10:3b:9d:cc:43;-73.0;;;;-73.0;5.011872336272715e-11;0.00028;1.40332425415636e-14;6.186947830146842e-13;25;0x00;38;VERT;False
1787665275.6711483;26.089788842000416;BLE Sniffer;Appareil BLE;2,4 GHz BLE;73:e9:68:f2:03:67;-93.0;;;;-93.0;5.011872336272715e-13;0.00026399999999999997;1.3231342967759965e-16;1.3231342967759965e-16;23;0x00;39;VERT;False
1787665275.7576258;26.176075931000014;Simulation RF;Détection RF large bande;868 MHz;868 MHz;;2755;2.2198328104335454;-44.79331241734181;-77.79331241734181;1.662144428821742e-11;0.1;1.662144428821742e-12;3.949446840639453e-09;;;;VERT;True
1787665275.7577837;26.176075931000014;Simulation RF;Détection RF large bande;2,45 GHz;2,45 GHz;;2927;2.3588897649118983;-50.35559059647592;-67.05559059647592;1.9698853045662017e-10;0.1;1.969885304566202e-11;1.3969828270861071e-08;;;;ORANGE;True
1787665275.7665315;26.18517306800004;Wi-Fi;Wi-Fi;2,4/5 GHz;wlan0;-41.0;;;;-41.0;7.943282347242822e-08;0.1;7.943282347242822e-09;5.80165294471523e-06;;;;ROUGE;False
1787665275.7753453;26.193986813000265;Simulation LoRa;LoRa;868 MHz;LoRa 868.100 MHz;-91.71553336250858;;;;-91.71553336250858;6.736691562347314e-13;0.046335999999999995;3.121513402329251e-14;1.908917776326799e-12;13;"SNR=5.83;SF=7;BW=125.0;CR=4/5;F=868.100;CRC=OK;PAYLOAD=54454d504f5f4c4f52415f3235";7;VERT;True
1787665275.857698;26.27615384799992;Simulation RF;Détection RF large bande;868 MHz;868 MHz;;2793;2.2511527427336584;-46.04610970934634;-79.04610970934634;1.245629913223251e-11;0.1;1.245629913223251e-12;3.950692470552676e-09;;;;VERT;True
1787665275.8578336;26.27615384799992;Simulation RF;Détection RF large bande;2,45 GHz;2,45 GHz;;2921;2.353871297983823;-50.15485191935292;-66.85485191935292;2.0630740103933166e-10;0.1;2.0630740103933168e-11;1.3990459010965004e-08;;;;ORANGE;True
1787665275.8666096;26.285250318999715;Wi-Fi;Wi-Fi;2,4/5 GHz;wlan0;-41.0;;;;-41.0;7.943282347242822e-08;0.1;7.943282347242822e-09;5.809596227062472e-06;;;;ROUGE;False
1787665275.8792942;26.297937780999746;BLE Sniffer;Appareil BLE;2,4 GHz BLE;57:10:3b:9d:cc:43;-79.0;;;;-79.0;1.2589254117941662e-11;0.00028;3.524991153023665e-15;6.222197741677079e-13;25;0x00;37;VERT;False
1787665275.9577749;26.37624674699964;Simulation RF;Détection RF large bande;868 MHz;868 MHz;;2735;2.2039521838414373;-44.15808735365749;-77.15808735365749;1.9239388509846737e-11;0.1;1.923938850984674e-12;3.9526164094036606e-09;;;;VERT;True
1787665275.9579334;26.37624674699964;Simulation RF;Détection RF large bande;2,45 GHz;2,45 GHz;;2950;2.3769579652995194;-51.07831861198078;-67.77831861198078;1.667892818776187e-10;0.1;1.667892818776187e-11;1.4007137939152766e-08;;;;ORANGE;True
1787665275.967722;26.386363044999598;Wi-Fi;Wi-Fi;2,4/5 GHz;wlan0;-41.0;;;;-41.0;7.943282347242822e-08;0.1;7.943282347242822e-09;5.817539509409715e-06;;;;ROUGE;False
1787665275.9833128;26.40195597100046;BLE Sniffer;Appareil BLE;2,4 GHz BLE;57:10:3b:99:cc:43;-72.0;;;;-72.0;6.309573444801942e-11;0.00028;1.7666805645445437e-14;2.4499136739151502e-14;25;0x00;38;VERT;False
1787665275.983409;26.40204917600022;BLE Sniffer;Appareil BLE;2,4 GHz BLE;57:10:3b:9d:cc:43;-84.0;;;;-84.0;3.9810717055349695e-12;0.00028;1.1147000775497915e-15;6.233344742452577e-13;25;0x00;39;VERT;False
1787665275.983449;26.40208947300016;BLE Sniffer;Appareil BLE;2,4 GHz BLE;d3:23:2f:4d:3e:b1;-75.0;;;;-75.0;3.1622776601683794e-11;0.000376;1.1890164002233105e-14;1.5340213109353602e-13;37;0x00;37;VERT;False
1787665276.057894;26.47633490499993;Simulation RF;Détection RF large bande;868 MHz;868 MHz;;2762;2.226130327687239;-45.04521310748956;-78.04521310748956;1.56847893082431e-11;0.1;1.5684789308243101e-12;3.954184888334485e-09;;;;VERT;True
1787665276.0580564;26.47633490499993;Simulation RF;Détection RF large bande;2,45 GHz;2,45 GHz;;2915;2.3488841118572443;-49.955364474289766;-66.65536447428977;2.1600487487342894e-10;0.1;2.1600487487342895e-11;1.402873842664011e-08;;;;ORANGE;True
1787665276.070121;26.488762547999613;Wi-Fi;Wi-Fi;2,4/5 GHz;wlan0;-41.0;;;;-41.0;7.943282347242822e-08;0.1;7.943282347242822e-09;5.825482791756957e-06;;;;ROUGE;False
1787665276.1645942;26.57648445199993;Simulation RF;Détection RF large bande;868 MHz;868 MHz;;2811;2.265370970550584;-46.614838822023344;-79.61483882202334;1.092738180792086e-11;0.1;1.092738180792086e-12;3.955277626515277e-09;;;;VERT;True
1787665276.1761656;26.57648445199993;Simulation RF;Détection RF large bande;2,45 GHz;2,45 GHz;;2933;2.3634366818234303;-50.53746727293721;-67.23746727293721;1.8890927127043137e-10;0.1;1.889092712704314e-11;1.4047629353767152e-08;;;;ORANGE;True
1787665276.1855829;26.60422422099964;Wi-Fi;Wi-Fi;2,4/5 GHz;wlan0;-41.0;;;;-41.0;7.943282347242822e-08;0.1;7.943282347242822e-09;5.8334260741042e-06;;;;ROUGE;False
1787665276.191337;26.609977926000283;BLE Sniffer;Appareil BLE;2,4 GHz BLE;57:10:3b:9d:cc:43;-73.0;;;;-73.0;5.011872336272715e-11;0.00028;1.40332425415636e-14;6.373677167868212e-13;25;0x00;38;VERT;False
1787665276.1913905;26.610030797000036;BLE Sniffer;Appareil BLE;2,4 GHz BLE;57:10:3b:9d:cc:43;-84.0;;;;-84.0;3.9810717055349695e-12;0.00028;1.1147000775497915e-15;6.38482416864371e-13;25;0x00;39;VERT;False
1787665276.258135;26.676574480000454;Simulation RF;Détection RF large bande;868 MHz;868 MHz;;2796;2.253165278074088;-46.12661112296351;-79.12661112296351;1.2227534242278528e-11;0.1;1.222753424227853e-12;3.956500379939504e-09;;;;VERT;True
1787665276.2582977;26.676574480000454;Simulation RF;Détection RF large bande;2,45 GHz;2,45 GHz;;2955;2.381218025715444;-51.24872102861775;-67.94872102861775;1.6037176064374782e-10;0.1;1.6037176064374784e-11;1.4063666529831527e-08;;;;ORANGE;True
1787665276.2667649;26.68540628000028;Wi-Fi;Wi-Fi;2,4/5 GHz;wlan0;-41.0;;;;-41.0;7.943282347242822e-08;0.1;7.943282347242822e-09;5.841369356451442e-06;;;;ROUGE;False
1787665276.3582091;26.776657804000024;Simulation RF;Détection RF large bande;868 MHz;868 MHz;;2785;2.244188598301529;-45.76754393206116;-78.76754393206116;1.3281453521441604e-11;0.1;1.3281453521441605e-12;3.957828525291648e-09;;;;VERT;True
1787665276.3583627;26.776657804000024;Simulation RF;Détection RF large bande;2,45 GHz;2,45 GHz;;2940;2.368986102969886;-50.75944411879544;-67.45944411879545;1.7949633609376033e-10;0.1;1.7949633609376036e-11;1.4081616163440903e-08;;;;ORANGE;True
1787665276.3726573;26.79129875400031;Wi-Fi;Wi-Fi;2,4/5 GHz;wlan0;-41.0;;;;-41.0;7.943282347242822e-08;0.1;7.943282347242822e-09;5.849312638798685e-06;;;;ROUGE;False
1787665276.4583068;26.87674633200004;Simulation RF;Détection RF large bande;868 MHz;868 MHz;;2892;2.3305729638058614;-49.22291855223445;-82.22291855223445;5.993881391710192e-12;0.1;5.993881391710192e-13;3.95842791343082e-09;;;;VERT;True
1787665276.458465;26.87674633200004;Simulation RF;Détection RF large bande;2,45 GHz;2,45 GHz;;2970;2.393227384636569;-51.729095385462756;-68.42909538546276;1.4357884700477306e-10;0.1;1.4357884700477307e-11;1.409597404814138e-08;;;;ORANGE;True
1787665276.4669757;26.88561702199968;Wi-Fi;Wi-Fi;2,4/5 GHz;wlan0;-41.0;;;;-41.0;7.943282347242822e-08;0.1;7.943282347242822e-09;5.857255921145927e-06;;;;ROUGE;False
1787665276.5037518;26.922393779999766;BLE Sniffer;Appareil BLE;2,4 GHz BLE;57:10:3b:9d:cc:43;-79.0;;;;-79.0;1.2589254117941662e-11;0.00028;3.524991153023665e-15;6.420074080173947e-13;25;0x00;37;VERT;False
1787665276.5583966;26.97683673099982;Simulation RF;Détection RF large bande;868 MHz;868 MHz;;2803;2.258785215410355;-46.35140861641419;-79.35140861641419;1.1610719638118943e-11;0.1;1.1610719638118943e-12;3.959588985394632e-09;;;;VERT;True
1787665276.5585587;26.97683673099982;Simulation RF;Détection RF large bande;2,45 GHz;2,45 GHz;;2894;2.3319167687123974;-49.27667074849589;-65.97667074849589;2.525415985452728e-10;0.1;2.525415985452728e-11;1.4121228207995908e-08;;;;ORANGE;True
1787665276.5705297;26.989171039999746;Wi-Fi;Wi-Fi;2,4/5 GHz;wlan0;-41.0;;;;-41.0;7.943282347242822e-08;0.1;7.943282347242822e-09;5.86519920349317e-06;;;;ROUGE;False
1787665276.6584752;27.07692459200007;Simulation RF;Détection RF large bande;868 MHz;868 MHz;;2813;2.2667048964208116;-46.668195856832455;-79.66819585683245;1.0793950306510677e-11;0.1;1.0793950306510677e-12;3.960668380425283e-09;;;;VERT;True
1787665276.6586287;27.07692459200007;Simulation RF;Détection RF large bande;2,45 GHz;2,45 GHz;;2994;2.412928052059092;-52.517122082363684;-69.21712208236369;1.197533832218486e-10;0.1;1.197533832218486e-11;1.4133203546318093e-08;;;;ORANGE;True
1787665276.668233;27.086874610999985;Wi-Fi;Wi-Fi;2,4/5 GHz;wlan0;-39.0;;;;-39.0;1.2589254117941662e-07;0.1;1.2589254117941663e-08;5.877788457611111e-06;;;;ROUGE;False
1787665276.7161727;27.134815106000133;BLE Sniffer;Appareil BLE;2,4 GHz BLE;57:10:2b:9d:cc:43;-72.0;;;;-72.0;6.309573444801942e-11;0.00028;1.7666805645445437e-14;1.7666805645445437e-14;25;0x00;38;VERT;False
1787665276.7163002;27.13494079300017;Simulation LoRa;LoRa;868 MHz;LoRa 868.100 MHz;-86.99179620127394;;;;-86.99179620127394;1.9990349165285067e-12;0.046335999999999995;9.262728189226488e-14;2.001545058219064e-12;13;"SNR=7.18;SF=7;BW=125.0;CR=4/5;F=868.100;CRC=OK;PAYLOAD=54454d504f5f4c4f52415f3236";7;VERT;True
1787665276.7585418;27.17700354600038;Simulation RF;Détection RF large bande;868 MHz;868 MHz;;2767;2.230015142996008;-45.20060571984031;-78.20060571984031;1.5133501635191157e-11;0.1;1.513350163519116e-12;3.962181730588802e-09;;;;VERT;True
1787665276.758684;27.17700354600038;Simulation RF;Détection RF large bande;2,45 GHz;2,45 GHz;;2944;2.3723163126596702;-50.89265250638681;-67.59265250638681;1.7407433684592876e-10;0.1;1.7407433684592875e-11;1.4150610980002686e-08;;;;ORANGE;True
1787665276.76731;27.18595144000028;Wi-Fi;Wi-Fi;2,4/5 GHz;wlan0;-39.0;;;;-39.0;1.2589254117941662e-07;0.1;1.2589254117941663e-08;5.890377711729053e-06;;;;ROUGE;False
1787665276.818646;27.237288887999966;BLE Sniffer;Appareil BLE;2,4 GHz BLE;73:e9:68:c2:03:47;-94.0;;;;-94.0;3.981071705534969e-13;0.00026399999999999997;1.0510029302612317e-16;7.905782607026832e-12;23;0x00;39;VERT;False
1787665276.858644;27.277091740000287;Simulation RF;Détection RF large bande;868 MHz;868 MHz;;2843;2.2911185308588666;-47.644741234354655;-80.64474123435465;8.620369399155003e-12;0.1;8.620369399155004e-13;3.963043767528717e-09;;;;VERT;True
1787665276.858797;27.277091740000287;Simulation RF;Détection RF large bande;2,45 GHz;2,45 GHz;;2898;2.3349969265078863;-49.39987706031545;-66.09987706031545;2.454778404343942e-10;0.1;2.4547784043439424e-11;1.4175158764046125e-08;;;;ORANGE;True
1787665276.8674586;27.28609983899969;Wi-Fi;Wi-Fi;2,4/5 GHz;wlan0;-40.0;;;;-40.0;1e-07;0.1;1e-08;5.900377711729053e-06;;;;ROUGE;False
1787665276.9587514;27.37717823100047;Simulation RF;Détection RF large bande;868 MHz;868 MHz;;2805;2.2606102775246253;-46.42441110098501;-79.42441110098501;1.1417181099675148e-11;0.1;1.1417181099675149e-12;3.964185485638684e-09;;;;VERT;True
1787665276.9591086;27.37717823100047;Simulation RF;Détection RF large bande;2,45 GHz;2,45 GHz;;2903;2.3393285833571014;-49.573143334284055;-66.27314333428406;2.358770385631389e-10;0.1;2.3587703856313893e-11;1.419874646790244e-08;;;;ORANGE;True
1787665276.9677627;27.386403980999603;Wi-Fi;Wi-Fi;2,4/5 GHz;wlan0;-40.0;;;;-40.0;1e-07;0.1;1e-08;5.910377711729053e-06;;;;ROUGE;False
1787665277.027005;27.4456479950004;BLE Sniffer;Appareil BLE;2,4 GHz BLE;57:10:3b:9d:cc:43;-79.0;;;;-79.0;1.2589254117941662e-11;0.00028;3.524991153023665e-15;6.455323991704184e-13;25;0x00;37;VERT;False
1787665277.0312738;27.44992051400004;BLE Sniffer;Appareil BLE;2,4 GHz BLE;57:10:3b:9d:cc:43;-71.0;;;;-71.0;7.943282347242822e-11;0.00028;2.22411905722799e-14;6.677735897426982e-13;25;0x00;38;VERT;False
1787665277.0314705;27.450111479000043;BLE Sniffer;Appareil BLE;2,4 GHz BLE;57:10:3b:9d:cc:43;-84.0;;;;-84.0;3.9810717055349695e-12;0.00028;1.1147000775497915e-15;6.68888289820248e-13;25;0x00;39;VERT;False
1787665277.0588212;27.477264721999745;Simulation RF;Détection RF large bande;868 MHz;868 MHz;;2802;2.258309091187248;-46.33236364748993;-79.33236364748993;1.1661747537659164e-11;0.1;1.1661747537659164e-12;3.96535166039245e-09;;;;VERT;True
1787665277.0589886;27.477264721999745;Simulation RF;Détection RF large bande;2,45 GHz;2,45 GHz;;2898;2.335341105342435;-49.413644213697395;-66.1136442136974;2.447009067376815e-10;0.1;2.4470090673768152e-11;1.4223216558576208e-08;;;;ORANGE;True
1787665277.0677836;27.486425582000265;Wi-Fi;Wi-Fi;2,4/5 GHz;wlan0;-40.0;;;;-40.0;1e-07;0.1;1e-08;5.9203777117290525e-06;;;;ROUGE;False
1787665277.1589036;27.577351267999802;Simulation RF;Détection RF large bande;868 MHz;868 MHz;;2858;2.3033017578980046;-48.13207031592019;-81.13207031592019;7.705360609034422e-12;0.1;7.705360609034423e-13;3.966122196453353e-09;;;;VERT;True
1787665277.1590643;27.577351267999802;Simulation RF;Détection RF large bande;2,45 GHz;2,45 GHz;;2920;2.3530760956531007;-50.12304382612403;-66.82304382612404;2.0782396072737382e-10;0.1;2.0782396072737382e-11;1.4243998954648946e-08;;;;ORANGE;True
1787665277.1677744;27.58641612700012;Wi-Fi;Wi-Fi;2,4/5 GHz;wlan0;-40.0;;;;-40.0;1e-07;0.1;1e-08;5.930377711729052e-06;;;;ROUGE;False
1787665277.2424386;27.661082046000047;BLE Sniffer;Appareil BLE;2,4 GHz BLE;57:10:3b:9d:cc:43;-78.0;;;;-78.0;1.5848931924611107e-11;0.00028;4.4377009388911094e-15;6.733259907591391e-13;25;0x00;37;VERT;False
1787665277.2589822;27.67743618500026;Simulation RF;Détection RF large bande;868 MHz;868 MHz;;2847;2.2942251411484764;-47.769005645939046;-80.76900564593905;8.377210635155998e-12;0.1;8.377210635155999e-13;3.9669599175168685e-09;;;;VERT;True
1787665277.2591574;27.67743618500026;Simulation RF;Détection RF large bande;2,45 GHz;2,45 GHz;;2926;2.357794855291007;-50.311794211640276;-67.01179421164028;1.9898510969977675e-10;0.1;1.9898510969977677e-11;1.4263897465618923e-08;;;;ORANGE;True
1787665277.2693012;27.68794276599965;Wi-Fi;Wi-Fi;2,4/5 GHz;wlan0;-40.0;;;;-40.0;1e-07;0.1;1e-08;5.940377711729052e-06;;;;ROUGE;False
1787665277.3460767;27.76471967500038;BLE Sniffer;Appareil BLE;2,4 GHz BLE;57:10:3b:9d:cc:43;-73.0;;;;-73.0;5.011872336272715e-11;0.00028;1.40332425415636e-14;6.873592333007027e-13;25;0x00;38;VERT;False
1787665277.347296;27.76593913600027;BLE Sniffer;Appareil BLE;2,4 GHz BLE;57:10:3b:9d:cc:43;-83.0;;;;-83.0;5.011872336272715e-12;0.00028;1.40332425415636e-15;6.887625575548591e-13;25;0x00;39;VERT;False
1787665277.359014;27.77751454600002;Simulation RF;Détection RF large bande;868 MHz;868 MHz;;2786;2.2453068589142062;-45.81227435656824;-78.81227435656824;1.3145362424811547e-11;0.1;1.3145362424811548e-12;3.96827445375935e-09;;;;VERT;True
1787665277.3591638;27.77751454600002;Simulation RF;Détection RF large bande;2,45 GHz;2,45 GHz;;2960;2.38518679854223;-51.40747194168921;-68.10747194168921;1.546154204723112e-10;0.1;1.546154204723112e-11;1.4279359007666153e-08;;;;ORANGE;True
1787665277.3678174;27.786459885000113;Wi-Fi;Wi-Fi;2,4/5 GHz;wlan0;-40.0;;;;-40.0;1e-07;0.1;1e-08;5.950377711729052e-06;;;;ROUGE;False
1787665277.4590914;27.87759775900031;Simulation RF;Détection RF large bande;868 MHz;868 MHz;;2759;2.2234615521295393;-44.93846208518157;-77.93846208518157;1.6075104005596997e-11;0.1;1.6075104005596997e-12;3.96988196415991e-09;;;;VERT;True
1787665277.459243;27.87759775900031;Simulation RF;Détection RF large bande;2,45 GHz;2,45 GHz;;2924;2.3565190673103724;-50.260762692414886;-66.96076269241489;2.013370637872711e-10;0.1;2.0133706378727112e-11;1.429949271404488e-08;;;;ORANGE;True
1787665277.4680269;27.88666900699991;Wi-Fi;Wi-Fi;2,4/5 GHz;wlan0;-40.0;;;;-40.0;1e-07;0.1;1e-08;5.960377711729052e-06;;;;ROUGE;False
1787665277.5551672;27.97381016199961;BLE Sniffer;Appareil BLE;2,4 GHz BLE;57:10:3b:9d:cc:43;-77.0;;;;-77.0;1.9952623149688828e-11;0.00028;5.586734481912872e-15;6.94349292036772e-13;25;0x00;37;VERT;False
1787665277.5552533;27.973893718;BLE Sniffer;Appareil BLE;2,4 GHz BLE;57:10:3f:9d:cc:43;-72.0;;;;-72.0;6.309573444801942e-11;0.00028;1.7666805645445437e-14;1.7666805645445437e-14;25;0x00;38;VERT;False
1787665277.559186;27.977679509000154;Simulation RF;Détection RF large bande;868 MHz;868 MHz;;2798;2.2546373299243667;-46.18549319697466;-79.18549319697466;1.2062870910783826e-11;0.1;1.2062870910783826e-12;3.971088251250988e-09;;;;VERT;True
1787665277.5593417;27.977679509000154;Simulation RF;Détection RF large bande;2,45 GHz;2,45 GHz;;2939;2.3683084905967022;-50.732339623868086;-67.43233962386809;1.8062008304200066e-10;0.1;1.8062008304200067e-11;1.431755472234908e-08;;;;ORANGE;True
1787665277.5682805;27.986922813999627;Wi-Fi;Wi-Fi;2,4/5 GHz;wlan0;-40.0;;;;-40.0;1e-07;0.1;1e-08;5.970377711729052e-06;;;;ROUGE;False
1787665277.6594048;28.07804613299959;BLE Sniffer;Appareil BLE;2,4 GHz BLE;57:10:1b:9d:cc:43;-84.0;;;;-84.0;3.9810717055349695e-12;0.00028;1.1147000775497915e-15;1.1147000775497915e-15;25;0x00;39;VERT;False
1787665277.66344;28.077794943999834;Simulation RF;Détection RF large bande;868 MHz;868 MHz;;2844;2.291594732103646;-47.663789284145835;-80.66378928414584;8.582643462733024e-12;0.1;8.582643462733024e-13;3.971946515597261e-09;;;;VERT;True
1787665277.6647367;28.077794943999834;Simulation RF;Détection RF large bande;2,45 GHz;2,45 GHz;;2962;2.3866765473318434;-51.46706189327374;-68.16706189327374;1.5250841610233048e-10;0.1;1.5250841610233048e-11;1.4332805563959313e-08;;;;ORANGE;True
1787665277.6738226;28.092465005999657;Wi-Fi;Wi-Fi;2,4/5 GHz;wlan0;-40.0;;;;-40.0;1e-07;0.1;1e-08;5.980377711729052e-06;;;;ROUGE;False
1787665277.7594347;28.177883972000018;Simulation RF;Détection RF large bande;868 MHz;868 MHz;;2764;2.227546064050381;-45.10184256201522;-78.10184256201522;1.548159648701608e-11;0.1;1.548159648701608e-12;3.9734946752459625e-09;;;;VERT;True
1787665277.7595906;28.177883972000018;Simulation RF;Détection RF large bande;2,45 GHz;2,45 GHz;;2942;2.3709340622736184;-50.83736249094473;-67.53736249094473;1.7630464351474752e-10;0.1;1.7630464351474753e-11;1.4350436028310789e-08;;;;ORANGE;True
1787665277.76577;28.18441257500035;Simulation LoRa;LoRa;868 MHz;LoRa 868.100 MHz;-83.36423981421504;;;;-83.36423981421504;4.608674315180364e-12;0.046335999999999995;2.1354753306819733e-13;2.2150925912872613e-12;13;"SNR=7.30;SF=7;BW=125.0;CR=4/5;F=868.100;CRC=OK;PAYLOAD=54454d504f5f4c4f52415f3237";7;VERT;True
1787665277.7696667;28.188308996999695;Wi-Fi;Wi-Fi;2,4/5 GHz;wlan0;-40.0;;;;-40.0;1e-07;0.1;1e-08;5.990377711729052e-06;;;;ROUGE;False
1787665277.859496;28.2779607399998;Simulation RF;Détection RF large bande;868 MHz;868 MHz;;2764;2.227424634539067;-45.096985381562675;-78.09698538156267;1.5498920900985384e-11;0.1;1.5498920900985386e-12;3.975044567336061e-09;;;;VERT;True
1787665277.8596241;28.2779607399998;Simulation RF;Détection RF large bande;2,45 GHz;2,45 GHz;;2916;2.3496011544867006;-49.984046179468024;-66.68404617946803;2.145830342686673e-10;0.1;2.1458303426866732e-11;1.4371894331737655e-08;;;;ORANGE;True
1787665277.8684454;28.287087026000336;Wi-Fi;Wi-Fi;2,4/5 GHz;wlan0;-40.0;;;;-40.0;1e-07;0.1;1e-08;6.000377711729052e-06;;;;ROUGE;False
1787665277.8696399;28.288281004000055;BLE Sniffer;Appareil BLE;2,4 GHz BLE;57:10:3b:9d:cc:43;-77.0;;;;-77.0;1.9952623149688828e-11;0.00028;5.586734481912872e-15;6.999360265186849e-13;25;0x00;37;VERT;False
1787665277.8706114;28.28925392400015;BLE Sniffer;Appareil BLE;2,4 GHz BLE;57:10:3b:9d:cc:43;-71.0;;;;-71.0;7.943282347242822e-11;0.00028;2.22411905722799e-14;7.221772170909647e-13;25;0x00;38;VERT;False
1787665277.8706865;28.289326998999968;BLE Sniffer;Appareil BLE;2,4 GHz BLE;57:10:3b:9d:cc:43;-84.0;;;;-84.0;3.9810717055349695e-12;0.00028;1.1147000775497915e-15;7.232919171685145e-13;25;0x00;39;VERT;False
1787665277.8707242;28.289364518000184;BLE Sniffer;Appareil BLE;2,4 GHz BLE;d3:23:2f:4d:3e:b1;-74.0;;;;-74.0;3.9810717055349695e-11;0.000376;1.4968829612811484e-14;1.683709607063475e-13;37;0x00;37;VERT;False
1787665277.9596038;28.37804708299973;Simulation RF;Détection RF large bande;868 MHz;868 MHz;;2775;2.236323170101256;-45.452926804050236;-78.45292680405024;1.427931320505165e-11;0.1;1.427931320505165e-12;3.9764724986565664e-09;;;;VERT;True
1787665277.9597595;28.37804708299973;Simulation RF;Détection RF large bande;2,45 GHz;2,45 GHz;;2947;2.3751851763323817;-51.00740705329527;-67.70740705329527;1.6953497035624683e-10;0.1;1.6953497035624685e-11;1.438884782877328e-08;;;;ORANGE;True
1787665277.9685557;28.387197387000015;Wi-Fi;Wi-Fi;2,4/5 GHz;wlan0;-40.0;;;;-40.0;1e-07;0.1;1e-08;6.010377711729052e-06;;;;ROUGE;False
1787665277.9766095;28.39525032599977;BLE Sniffer;Appareil BLE;2,4 GHz BLE;d3:23:2f:4d:3e:b1;-75.0;;;;-75.0;3.1622776601683794e-11;0.000376;1.1890164002233105e-14;1.802611247085806e-13;37;0x00;38;VERT;False
1787665277.9766617;28.395302085000367;BLE Sniffer;Appareil BLE;2,4 GHz BLE;d3:23:2f:4d:3e:b5;-91.0;;;;-91.0;7.943282347242822e-13;0.000376;2.9866741625633007e-16;2.9866741625633007e-16;37;0x00;39;VERT;False
1787665278.059713;28.478134314000272;Simulation RF;Détection RF large bande;868 MHz;868 MHz;;2716;2.188563870668092;-43.54255482672367;-76.54255482672367;2.216891903818966e-11;0.1;2.2168919038189662e-12;3.978689390560385e-09;;;;VERT;True
1787665278.05989;28.478134314000272;Simulation RF;Détection RF large bande;2,45 GHz;2,45 GHz;;2988;2.4077968891589636;-52.31187556635854;-69.01187556635854;1.2554876452842855e-10;0.1;1.2554876452842855e-11;1.4401402705226123e-08;;;;ORANGE;True
1787665278.0707793;28.489420591000453;Wi-Fi;Wi-Fi;2,4/5 GHz;wlan0;-42.0;;;;-42.0;6.30957344480193e-08;0.1;6.30957344480193e-09;6.016687285173853e-06;;;;ROUGE;False
1787665278.085318;28.50396063199969;BLE Sniffer;Appareil BLE;2,4 GHz BLE;57:10:3b:9d:cc:43;-77.0;;;;-77.0;1.9952623149688828e-11;0.00028;5.586734481912872e-15;7.288786516504274e-13;25;0x00;37;VERT;False
1787665278.0862765;28.504918921999888;BLE Sniffer;Appareil BLE;2,4 GHz BLE;57:10:3b:9d:cc:43;-73.0;;;;-73.0;5.011872336272715e-11;0.00028;1.40332425415636e-14;7.42911894191991e-13;25;0x00;38;VERT;False
1787665278.1597688;28.57821952700033;Simulation RF;Détection RF large bande;868 MHz;868 MHz;;2819;2.271955514786607;-46.87822059146427;-79.87822059146427;1.0284375873321154e-11;0.1;1.0284375873321155e-12;3.979717828147717e-09;;;;VERT;True
1787665278.1599653;28.57821952700033;Simulation RF;Détection RF large bande;2,45 GHz;2,45 GHz;;2956;2.381830794251362;-51.273231770054466;-67.97323177005447;1.5946920273983867e-10;0.1;1.5946920273983867e-11;1.4417349625500107e-08;;;;ORANGE;True
1787665278.1686192;28.58726095899965;Wi-Fi;Wi-Fi;2,4/5 GHz;wlan0;-42.0;;;;-42.0;6.30957344480193e-08;0.1;6.30957344480193e-09;6.022996858618655e-06;;;;ROUGE;False
1787665278.1886492;28.60729159099992;BLE Sniffer;Appareil BLE;2,4 GHz BLE;57:10:3b:9d:cc:43;-81.0;;;;-81.0;7.943282347242821e-12;0.00028;2.22411905722799e-15;7.45136013249219e-13;25;0x00;39;VERT;False
1787665278.2598531;28.678308016999836;Simulation RF;Détection RF large bande;868 MHz;868 MHz;;2772;2.233520444352483;-45.34081777409932;-78.34081777409932;1.4652719050908632e-11;0.1;1.4652719050908633e-12;3.981183100052808e-09;;;;VERT;True
1787665278.2600117;28.678308016999836;Simulation RF;Détection RF large bande;2,45 GHz;2,45 GHz;;2975;2.397127007756867;-51.885080310274674;-68.58508031027468;1.3851345716071992e-10;0.1;1.3851345716071992e-11;1.443120097121618e-08;;;;ORANGE;True
1787665278.2689967;28.687638286999572;Wi-Fi;Wi-Fi;2,4/5 GHz;wlan0;-41.0;;;;-41.0;7.943282347242822e-08;0.1;7.943282347242822e-09;6.0309401409658976e-06;;;;ROUGE;False
1787665278.3599248;28.778384784999616;Simulation RF;Détection RF large bande;868 MHz;868 MHz;;2890;2.3292438192497267;-49.16975276998906;-82.16975276998906;6.067708701376826e-12;0.1;6.067708701376827e-13;3.981789870922945e-09;;;;VERT;True
1787665278.3600643;28.778384784999616;Simulation RF;Détection RF large bande;2,45 GHz;2,45 GHz;;3015;2.4297349519613927;-53.189398078455696;-69.8893980784557;1.0257940889547107e-10;0.1;1.0257940889547108e-11;1.4441458912105726e-08;;;;ORANGE;True
1787665278.3684592;28.787100751000253;Wi-Fi;Wi-Fi;2,4/5 GHz;wlan0;-40.0;;;;-40.0;1e-07;0.1;1e-08;6.0409401409658975e-06;;;;ROUGE;False
1787665278.396144;28.81478700000025;BLE Sniffer;Appareil BLE;2,4 GHz BLE;57:10:3b:9d:cc:43;-77.0;;;;-77.0;1.9952623149688828e-11;0.00028;5.586734481912872e-15;7.507227477311319e-13;25;0x00;37;VERT;False
1787665278.3962286;28.81486903899986;BLE Sniffer;Appareil BLE;2,4 GHz BLE;57:10:3b:9d:cc:43;-53.0;;;;-53.0;5.011872336272715e-09;0.000176;8.820895311839978e-13;1.6328122789151297e-12;12;0x03;38;ORANGE;False
1787665278.4617016;28.878543331999936;Simulation RF;Détection RF large bande;868 MHz;868 MHz;;2745;2.2120462179852796;-44.481848719411175;-77.48184871941118;1.78572725862896e-11;0.1;1.78572725862896e-12;3.983575598181574e-09;;;;VERT;True
1787665278.4646876;28.878543331999936;Simulation RF;Détection RF large bande;2,45 GHz;2,45 GHz;;2952;2.379131490902124;-51.165259636084954;-67.86525963608496;1.6348354121596598e-10;0.1;1.63483541215966e-11;1.4457807266227323e-08;;;;ORANGE;True
1787665278.4769022;28.895544035000057;Wi-Fi;Wi-Fi;2,4/5 GHz;wlan0;-39.0;;;;-39.0;1.2589254117941662e-07;0.1;1.2589254117941663e-08;6.053529395083839e-06;;;;ROUGE;False
1787665278.501408;28.920050466000248;BLE Sniffer;Appareil BLE;2,4 GHz BLE;73:e9:78:c2:03:47;-93.0;;;;-93.0;5.011872336272715e-13;0.00026399999999999997;1.3231342967759965e-16;1.3231342967759965e-16;23;0x00;39;VERT;False
1787665278.560187;28.978630321999844;Simulation RF;Détection RF large bande;868 MHz;868 MHz;;2802;2.2576697369604504;-46.30678947841801;-79.30678947841801;1.1730622312464832e-11;0.1;1.1730622312464832e-12;3.984748660412821e-09;;;;VERT;True
1787665278.5603714;28.978630321999844;Simulation RF;Détection RF large bande;2,45 GHz;2,45 GHz;;2941;2.3703847391101145;-50.81538956440458;-67.51538956440459;1.7719890896648867e-10;0.1;1.7719890896648868e-11;1.4475527157123973e-08;;;;ORANGE;True
1787665278.569108;28.98775001499962;Wi-Fi;Wi-Fi;2,4/5 GHz;wlan0;-39.0;;;;-39.0;1.2589254117941662e-07;0.1;1.2589254117941663e-08;6.066118649201781e-06;;;;ROUGE;False
1787665278.660249;29.078706850000344;Simulation RF;Détection RF large bande;868 MHz;868 MHz;;2821;2.2731393538628475;-46.925574154513896;-79.9255741545139;1.017284868199672e-11;0.1;1.017284868199672e-12;3.9857659452810206e-09;;;;VERT;True
1787665278.6604111;29.078706850000344;Simulation RF;Détection RF large bande;2,45 GHz;2,45 GHz;;3020;2.4333682784291355;-53.33473113716542;-70.03473113716542;9.920347521813769e-11;0.1;9.920347521813769e-12;1.4485447504645786e-08;;;;VERT;True
1787665278.6727304;29.09137181099959;Wi-Fi;Wi-Fi;2,4/5 GHz;wlan0;-38.0;;;;-38.0;1.584893192461114e-07;0.1;1.5848931924611143e-08;6.081967581126392e-06;;;;ROUGE;False
1787665278.7088077;29.127450447999763;BLE Sniffer;Appareil BLE;2,4 GHz BLE;57:10:3b:9d:cc:43;-78.0;;;;-78.0;1.5848931924611107e-11;0.00028;4.4377009388911094e-15;1.637249979854021e-12;25;0x00;37;VERT;False
1787665278.7089107;29.12755141300022;BLE Sniffer;Appareil BLE;2,4 GHz BLE;57:10:3b:9d:cc:43;-73.0;;;;-73.0;5.011872336272715e-11;0.00028;1.40332425415636e-14;1.6512832223955845e-12;25;0x00;38;VERT;False
1787665278.708969;29.127609895000205;BLE Sniffer;Appareil BLE;2,4 GHz BLE;57:10:3b:9d:cc:43;-80.0;;;;-80.0;1e-11;0.00028;2.7999999999999997e-15;1.6540832223955845e-12;25;0x00;39;VERT;False
1787665278.7135398;29.13218941699961;Simulation LoRa;LoRa;868 MHz;LoRa 868.100 MHz;-85.10149839126086;;;;-85.10149839126086;3.089229410918146e-12;0.046335999999999995;1.431425339843032e-13;2.3582351252715643e-12;13;"SNR=4.51;SF=7;BW=125.0;CR=4/5;F=868.100;CRC=OK;PAYLOAD=54454d504f5f4c4f52415f3238";7;VERT;True
1787665278.7604518;29.178815729000235;Simulation RF;Détection RF large bande;868 MHz;868 MHz;;2826;2.2771338749210646;-47.08535499684258;-80.08535499684258;9.805381608333686e-12;0.1;9.805381608333685e-13;3.986746483441854e-09;;;;VERT;True
1787665278.760685;29.178815729000235;Simulation RF;Détection RF large bande;2,45 GHz;2,45 GHz;;2949;2.3767984584134716;-51.071938336538864;-67.77193833653887;1.670344942100536e-10;0.1;1.6703449421005362e-11;1.4502150954066791e-08;;;;ORANGE;True
1787665278.768407;29.18704898499982;Wi-Fi;Wi-Fi;2,4/5 GHz;wlan0;-37.0;;;;-37.0;1.9952623149688787e-07;0.1;1.995262314968879e-08;6.101920204276081e-06;;;;ROUGE;False
1787665278.8604674;29.278900923000037;Simulation RF;Détection RF large bande;868 MHz;868 MHz;;2798;2.2551879547979556;-46.207518191918226;-79.20751819191823;1.2001849618312892e-11;0.1;1.2001849618312894e-12;3.987946668403685e-09;;;;VERT;True
1787665278.860619;29.278900923000037;Simulation RF;Détection RF large bande;2,45 GHz;2,45 GHz;;2935;2.3651674209254794;-50.60669683701917;-67.30669683701917;1.8592180040666142e-10;0.1;1.8592180040666143e-11;1.4520743134107458e-08;;;;ORANGE;True
1787665278.870148;29.28879034900001;Wi-Fi;Wi-Fi;2,4/5 GHz;wlan0;-37.0;;;;-37.0;1.9952623149688787e-07;0.1;1.995262314968879e-08;6.12187282742577e-06;;;;ROUGE;False
1787665278.927761;29.34640335899985;BLE Sniffer;Appareil BLE;2,4 GHz BLE;57:10:3b:9d:cc:43;-75.0;;;;-75.0;3.1622776601683794e-11;0.00028;8.854377448471461e-15;1.6629375998440559e-12;25;0x00;37;VERT;False
1787665278.9278448;29.346485322999797;BLE Sniffer;Appareil BLE;2,4 GHz BLE;53:10:3b:9d:cc:43;-72.0;;;;-72.0;6.309573444801942e-11;0.00028;1.7666805645445437e-14;1.7666805645445437e-14;25;0x00;38;VERT;False
1787665278.9278848;29.34652513800029;BLE Sniffer;Appareil BLE;2,4 GHz BLE;57:10:3b:9d:cc:43;-80.0;;;;-80.0;1e-11;0.00028;2.7999999999999997e-15;1.6657375998440558e-12;25;0x00;39;VERT;False
1787665278.960559;29.379006766000202;Simulation RF;Détection RF large bande;868 MHz;868 MHz;;2801;2.257520221176131;-46.300808847045246;-79.30080884704525;1.1746787577947531e-11;0.1;1.1746787577947532e-12;3.98912134716148e-09;;;;VERT;True
1787665278.9607115;29.379006766000202;Simulation RF;Détection RF large bande;2,45 GHz;2,45 GHz;;2925;2.3574944376222473;-50.29977750488989;-66.99977750488989;1.9953645376539232e-10;0.1;1.9953645376539233e-11;1.4540696779483997e-08;;;;ORANGE;True
1787665278.969679;29.388320701999874;Wi-Fi;Wi-Fi;2,4/5 GHz;wlan0;-36.0;;;;-36.0;2.5118864315095823e-07;0.1;2.5118864315095824e-08;6.146991691740866e-06;;;;ROUGE;False
1787665279.0606542;29.479091756000344;Simulation RF;Détection RF large bande;868 MHz;868 MHz;;2808;2.2627886816809335;-46.51154726723733;-79.51154726723733;1.1190391307482834e-11;0.1;1.1190391307482836e-12;3.990240386292229e-09;;;;VERT;True
1787665279.060817;29.479091756000344;Simulation RF;Détection RF large bande;2,45 GHz;2,45 GHz;;2988;2.40783299922032;-52.31331996881279;-69.0133199688128;1.2550701571547962e-10;0.1;1.2550701571547962e-11;1.4553247481055545e-08;;;;ORANGE;True
1787665279.0698647;29.48850623100043;Wi-Fi;Wi-Fi;2,4/5 GHz;wlan0;-35.0;;;;-35.0;3.162277660168379e-07;0.1;3.162277660168379e-08;6.17861446834255e-06;;;;ROUGE;False
1787665279.1392171;29.557861115999913;BLE Sniffer;Appareil BLE;2,4 GHz BLE;57:10:3b:9d:cc:43;-76.0;;;;-76.0;2.5118864315095823e-11;0.00028;7.03328200822683e-15;1.6727708818522827e-12;25;0x00;37;VERT;False
1787665279.1607413;29.579166802000145;Simulation RF;Détection RF large bande;868 MHz;868 MHz;;2763;2.226326427193403;-45.05305708773612;-78.05305708773612;1.5656485900411314e-11;0.1;1.5656485900411314e-12;3.99180603488227e-09;;;;VERT;True
1787665279.160922;29.579166802000145;Simulation RF;Détection RF large bande;2,45 GHz;2,45 GHz;;2883;2.3233784910297843;-48.93513964119137;-65.63513964119137;2.7320335978256836e-10;0.1;2.7320335978256836e-11;1.4580567817033802e-08;;;;ORANGE;True
1787665279.1696007;29.588242198000444;Wi-Fi;Wi-Fi;2,4/5 GHz;wlan0;-33.0;;;;-33.0;5.011872336272725e-07;0.1;5.011872336272725e-08;6.228733191705278e-06;;;;ROUGE;False
1787665279.2408602;29.659502497000176;BLE Sniffer;Appareil BLE;2,4 GHz BLE;53:10:3b:9d:cc:43;-73.0;;;;-73.0;5.011872336272715e-11;0.000296;1.4835142115367235e-14;3.250194776081267e-14;27;0x00;38;VERT;False
1787665279.2436774;29.662320182000258;BLE Sniffer;Appareil BLE;2,4 GHz BLE;57:10:3b:9d:cc:43;-79.0;;;;-79.0;1.2589254117941662e-11;0.00028;3.524991153023665e-15;1.6762958730053063e-12;25;0x00;39;VERT;False
1787665279.2607746;29.679252421000456;Simulation RF;Détection RF large bande;868 MHz;868 MHz;;2747;2.2133404220502446;-44.53361688200978;-77.53361688200978;1.764567645127069e-11;0.1;1.7645676451270692e-12;3.993570602527397e-09;;;;VERT;True
1787665279.2609375;29.679252421000456;Simulation RF;Détection RF large bande;2,45 GHz;2,45 GHz;;2940;2.368975645529822;-50.75902582119288;-67.45902582119288;1.7951362540001808e-10;0.1;1.795136254000181e-11;1.4598519179573805e-08;;;;ORANGE;True
1787665279.2706604;29.68930155199996;Wi-Fi;Wi-Fi;2,4/5 GHz;wlan0;-33.0;;;;-33.0;5.011872336272725e-07;0.1;5.011872336272725e-08;6.278851915068005e-06;;;;ROUGE;False
1787665279.3608272;29.779328855999665;Simulation RF;Détection RF large bande;868 MHz;868 MHz;;2795;2.252303220762547;-46.09212883050188;-79.09212883050188;1.2325005363715903e-11;0.1;1.2325005363715905e-12;3.994803103063768e-09;;;;VERT;True
1787665279.3609776;29.779328855999665;Simulation RF;Détection RF large bande;2,45 GHz;2,45 GHz;;2994;2.41311190974486;-52.5244763897944;-69.2244763897944;1.1955076542087e-10;0.1;1.1955076542087001e-11;1.4610474256115892e-08;;;;ORANGE;True
1787665279.369601;29.78824245299984;Wi-Fi;Wi-Fi;2,4/5 GHz;wlan0;-33.0;;;;-33.0;5.011872336272725e-07;0.1;5.011872336272725e-08;6.328970638430733e-06;;;;ROUGE;False
1787665279.454011;29.872653090999847;BLE Sniffer;Appareil BLE;2,4 GHz BLE;57:10:3b:9d:cc:43;-76.0;;;;-76.0;2.5118864315095823e-11;0.00028;7.03328200822683e-15;1.6833291550135332e-12;25;0x00;37;VERT;False
1787665279.4608998;29.879408900999806;Simulation RF;Détection RF large bande;868 MHz;868 MHz;;2813;2.266962546045583;-46.678501841823305;-79.6785018418233;1.0768366190759091e-11;0.1;1.0768366190759091e-12;3.995879939682844e-09;;;;VERT;True
1787665279.4610498;29.879408900999806;Simulation RF;Détection RF large bande;2,45 GHz;2,45 GHz;;3067;2.471268046472936;-54.850721858917424;-71.55072185891743;6.99725682020781e-11;0.1;6.9972568202078105e-12;1.46174715129361e-08;;;;VERT;True
1787665279.4709198;29.889561515000423;Wi-Fi;Wi-Fi;2,4/5 GHz;wlan0;-33.0;;;;-33.0;5.011872336272725e-07;0.1;5.011872336272725e-08;6.37908936179346e-06;;;;ROUGE;False
1787665279.5574906;29.976134292000097;BLE Sniffer;Appareil BLE;2,4 GHz BLE;57:10:3b:9d:cc:43;-72.0;;;;-72.0;6.309573444801942e-11;0.00028;1.7666805645445437e-14;1.7009959606589787e-12;25;0x00;38;VERT;False
1787665279.5585701;29.97721247299978;BLE Sniffer;Appareil BLE;2,4 GHz BLE;57:10:3b:9d:cc:43;-80.0;;;;-80.0;1e-11;0.00028;2.7999999999999997e-15;1.7037959606589786e-12;25;0x00;39;VERT;False
1787665279.5611303;29.97949742899982;Simulation RF;Détection RF large bande;868 MHz;868 MHz;;2729;2.1991043135162447;-43.964172540649784;-76.96417254064978;2.0117904672331716e-11;0.1;2.0117904672331716e-12;3.997891730150077e-09;;;;VERT;True
1787665279.5612721;29.97949742899982;Simulation RF;Détection RF large bande;2,45 GHz;2,45 GHz;;3005;2.4214567279165022;-52.85826911666008;-69.55826911666009;1.1070649174714175e-10;0.1;1.1070649174714175e-11;1.4628542162110815e-08;;;;ORANGE;True
1787665279.5709007;29.989542448000066;Wi-Fi;Wi-Fi;2,4/5 GHz;wlan0;-33.0;;;;-33.0;5.011872336272725e-07;0.1;5.011872336272725e-08;6.429208085156188e-06;;;;ROUGE;False
1787665279.6611402;30.079582678000406;Simulation RF;Détection RF large bande;868 MHz;868 MHz;;2718;2.190461221298334;-43.61844885193335;-76.61844885193335;2.178487713072781e-11;0.1;2.1784877130727812e-12;4.00007021786315e-09;;;;VERT;True
1787665279.666825;30.079582678000406;Simulation RF;Détection RF large bande;2,45 GHz;2,45 GHz;;3031;2.4426306455288516;-53.70522582115406;-70.40522582115406;9.109140860140206e-11;0.1;9.109140860140207e-12;1.4637651302970955e-08;;;;VERT;True
1787665279.6748767;30.09351813699959;Wi-Fi;Wi-Fi;2,4/5 GHz;wlan0;-33.0;;;;-33.0;5.011872336272725e-07;0.1;5.011872336272725e-08;6.479326808518915e-06;;;;ROUGE;False
