timestamp_epoch;elapsed_s;source;technology;band;device;rssi_dbm;adc_code;voltage_v;power_detector_dbm;power_antenna_dbm;power_w;duration_s;energy_j;cumulative_energy_j;packet_length_bytes;pdu_type;channel;alert_level;simulated
1787665912.9866426;1.9384243100003005;Simulation LoRa;LoRa;868 MHz;LoRa 868.100 MHz;-90.65731864299785;;;;-90.65731864299785;8.595440447343878e-13;0.041216;3.5426967347772533e-14;3.5426967347772533e-14;12;"SNR=6.66;SF=7;BW=125.0;CR=4/5;F=868.100;CRC=OK;PAYLOAD=54454d504f5f4c4f52415f31";7;VERT;True
1787665913.0700045;2.02154743400024;Simulation RF;Détection RF large bande;868 MHz;868 MHz;;2516;2.027272588610646;-37.09090354442584;-70.09090354442584;9.792862248966894e-11;0.1;9.792862248966894e-12;9.792862248966894e-12;;;;VERT;True
1787665913.0709255;2.02154743400024;Simulation RF;Détection RF large bande;2,45 GHz;2,45 GHz;;2847;2.2946394956442995;-47.785579825771975;-64.48557982577198;3.559934582412608e-10;0.1;3.559934582412608e-11;3.559934582412608e-11;;;;ORANGE;True
1787665913.084267;2.0360436139999365;Wi-Fi;Wi-Fi;2,4/5 GHz;wlan0;-43.0;;;;-43.0;5.011872336272725e-08;0.1;5.0118723362727255e-09;5.0118723362727255e-09;;;;ROUGE;False
1787665913.170345;2.121714066000095;Simulation RF;Détection RF large bande;868 MHz;868 MHz;;2521;2.0312693873684724;-37.25077549473889;-70.25077549473889;9.438923158016394e-11;0.1;9.438923158016395e-12;1.923178540698329e-11;;;;VERT;True
1787665913.1706755;2.121714066000095;Simulation RF;Détection RF large bande;2,45 GHz;2,45 GHz;;2807;2.261797217123085;-46.471888684923385;-63.17188868492338;4.817382509513877e-10;0.1;4.817382509513877e-11;8.377317091926486e-11;;;;ORANGE;True
1787665913.181998;2.1337731230005375;Wi-Fi;Wi-Fi;2,4/5 GHz;wlan0;-43.0;;;;-43.0;5.011872336272725e-08;0.1;5.0118723362727255e-09;1.0023744672545451e-08;;;;ROUGE;False
1787665913.2703557;2.2218340859999444;Simulation RF;Détection RF large bande;868 MHz;868 MHz;;2538;2.0449409994156658;-37.79763997662663;-70.79763997662663;8.32215887230491e-11;0.1;8.322158872304911e-12;2.7553944279288202e-11;;;;VERT;True
1787665913.2706025;2.2218340859999444;Simulation RF;Détection RF large bande;2,45 GHz;2,45 GHz;;2863;2.3071979737112893;-48.28791894845156;-64.98791894845156;3.171086619778665e-10;0.1;3.171086619778665e-11;1.1548403711705151e-10;;;;ORANGE;True
1787665913.2829707;2.234745820000171;Wi-Fi;Wi-Fi;2,4/5 GHz;wlan0;-44.0;;;;-44.0;3.981071705534969e-08;0.1;3.981071705534969e-09;1.400481637808042e-08;;;;ROUGE;False
1787665913.370399;2.3219500499999413;Simulation RF;Détection RF large bande;868 MHz;868 MHz;;2496;2.0115242922853716;-36.460971691414855;-69.46097169141485;1.1321470280746047e-10;0.1;1.1321470280746048e-11;3.887541456003425e-11;;;;ORANGE;True
1787665913.370592;2.3219500499999413;Simulation RF;Détection RF large bande;2,45 GHz;2,45 GHz;;2828;2.278937423276476;-47.15749693105904;-63.857496931059046;4.1138675674961126e-10;0.1;4.113867567496113e-11;1.5662271279201263e-10;;;;ORANGE;True
1787665913.3793554;2.331130997999935;Wi-Fi;Wi-Fi;2,4/5 GHz;wlan0;-44.0;;;;-44.0;3.981071705534969e-08;0.1;3.981071705534969e-09;1.798588808361539e-08;;;;ROUGE;False
1787665913.474206;2.4242312819997096;Simulation RF;Détection RF large bande;868 MHz;868 MHz;;2465;1.98665347045091;-35.4661388180364;-68.4661388180364;1.423593899285262e-10;0.1;1.423593899285262e-11;5.3111353552886866e-11;;;;ORANGE;True
1787665913.4744956;2.4242312819997096;Simulation RF;Détection RF large bande;2,45 GHz;2,45 GHz;;2882;2.322256487358199;-48.890259494327964;-65.59025949432797;2.760412914475854e-10;0.1;2.7604129144758545e-11;1.8422684193677116e-10;;;;ORANGE;True
1787665913.4887228;2.4404979840001033;Wi-Fi;Wi-Fi;2,4/5 GHz;wlan0;-44.0;;;;-44.0;3.981071705534969e-08;0.1;3.981071705534969e-09;2.196695978915036e-08;;;;ROUGE;False
1787665913.57684;2.528289722000409;Simulation RF;Détection RF large bande;868 MHz;868 MHz;;2466;1.9873454778046096;-35.49381911218438;-68.49381911218438;1.414549302131018e-10;0.1;1.414549302131018e-11;6.725684657419705e-11;;;;ORANGE;True
1787665913.5771742;2.528289722000409;Simulation RF;Détection RF large bande;2,45 GHz;2,45 GHz;;2823;2.2747619217435937;-46.990476869743745;-63.69047686974375;4.275159409061685e-10;0.1;4.275159409061685e-11;2.26978436027388e-10;;;;ORANGE;True
1787665913.5949004;2.546675782999955;Wi-Fi;Wi-Fi;2,4/5 GHz;wlan0;-46.0;;;;-46.0;2.511886431509582e-08;0.1;2.5118864315095824e-09;2.4478846220659942e-08;;;;ROUGE;False
1787665913.6770644;2.6284308160002183;Simulation RF;Détection RF large bande;868 MHz;868 MHz;;2545;2.0508548844019323;-38.03419537607729;-71.03419537607729;7.880984301084425e-11;0.1;7.880984301084425e-12;7.513783087528147e-11;;;;VERT;True
1787665913.6775951;2.6284308160002183;Simulation RF;Détection RF large bande;2,45 GHz;2,45 GHz;;2801;2.2573716210343657;-46.29486484137463;-62.99486484137463;5.017801949077102e-10;0.1;5.0178019490771015e-11;2.77156455518159e-10;;;;ORANGE;True
1787665913.7005186;2.6522935560005862;Wi-Fi;Wi-Fi;2,4/5 GHz;wlan0;-46.0;;;;-46.0;2.511886431509582e-08;0.1;2.5118864315095824e-09;2.6990732652169524e-08;;;;ROUGE;False
1787665913.7770593;2.728536317000362;Simulation RF;Détection RF large bande;868 MHz;868 MHz;;2457;1.9802038431180087;-35.20815372472035;-68.20815372472035;1.5107222568116022e-10;0.1;1.5107222568116022e-11;9.02450534433975e-11;;;;ORANGE;True
1787665913.777362;2.728536317000362;Simulation RF;Détection RF large bande;2,45 GHz;2,45 GHz;;2784;2.2432532342794858;-45.73012937117943;-62.43012937117943;5.71461613254083e-10;0.1;5.71461613254083e-11;3.343026168435673e-10;;;;ORANGE;True
1787665913.7874424;2.739217542000006;Wi-Fi;Wi-Fi;2,4/5 GHz;wlan0;-48.0;;;;-48.0;1.5848931924611143e-08;0.1;1.5848931924611144e-09;2.857562584463064e-08;;;;ROUGE;False
1787665913.8770406;2.828620059000059;Simulation RF;Détection RF large bande;868 MHz;868 MHz;;2433;1.9609736371711557;-34.43894548684622;-67.43894548684622;1.8034555858819654e-10;0.1;1.8034555858819654e-11;1.0827960930221715e-10;;;;ORANGE;True
1787665913.8771904;2.828620059000059;Simulation RF;Détection RF large bande;2,45 GHz;2,45 GHz;;2836;2.285458176900226;-47.418327076009035;-64.11832707600904;3.874068472315521e-10;0.1;3.874068472315521e-11;3.7304330156672253e-10;;;;ORANGE;True
1787665913.8860095;2.8377837280004314;Wi-Fi;Wi-Fi;2,4/5 GHz;wlan0;-48.0;;;;-48.0;1.5848931924611143e-08;0.1;1.5848931924611144e-09;3.0160519037091755e-08;;;;ROUGE;False
1787665913.9770522;2.928695800999776;Simulation RF;Détection RF large bande;868 MHz;868 MHz;;2458;1.9809067832080947;-35.23627132832378;-68.23627132832378;1.5009729553719324e-10;0.1;1.5009729553719326e-11;1.2328933885593647e-10;;;;ORANGE;True
1787665913.9771929;2.928695800999776;Simulation RF;Détection RF large bande;2,45 GHz;2,45 GHz;;2819;2.271545776942778;-46.861831077711116;-63.56183107771112;4.4036915537768065e-10;0.1;4.403691553776807e-11;4.170802171044906e-10;;;;ORANGE;True
1787665913.986364;2.938138751000224;Wi-Fi;Wi-Fi;2,4/5 GHz;wlan0;-50.0;;;;-50.0;1e-08;0.1;1e-09;3.116051903709176e-08;;;;ROUGE;False
1787665914.0445573;2.9963315100003456;Simulation LoRa;LoRa;868 MHz;LoRa 868.100 MHz;-86.81139459528926;;;;-86.81139459528926;2.0838216241981922e-12;0.041216;8.58867920629527e-14;1.2131375941072524e-13;12;"SNR=7.54;SF=7;BW=125.0;CR=4/5;F=868.100;CRC=OK;PAYLOAD=54454d504f5f4c4f52415f32";7;VERT;True
1787665914.0771942;3.0287771720004457;Simulation RF;Détection RF large bande;868 MHz;868 MHz;;2449;1.9733146988699837;-34.932587954799345;-67.93258795479935;1.6096861395856908e-10;0.1;1.609686139585691e-11;1.393862002517934e-10;;;;ORANGE;True
1787665914.0773485;3.0287771720004457;Simulation RF;Détection RF large bande;2,45 GHz;2,45 GHz;;2852;2.298029731653599;-47.92118926614397;-64.62118926614397;3.450492385799727e-10;0.1;3.4504923857997274e-11;4.5158514096248787e-10;;;;ORANGE;True
1787665914.0861483;3.037922823000372;Wi-Fi;Wi-Fi;2,4/5 GHz;wlan0;-50.0;;;;-50.0;1e-08;0.1;1e-09;3.216051903709176e-08;;;;ROUGE;False
1787665914.1772633;3.1288568950003537;Simulation RF;Détection RF large bande;868 MHz;868 MHz;;2403;1.9368634631553203;-33.47453852621281;-66.47453852621281;2.2518846853948786e-10;0.1;2.2518846853948787e-11;1.6190504710574217e-10;;;;ORANGE;True
1787665914.177411;3.1288568950003537;Simulation RF;Détection RF large bande;2,45 GHz;2,45 GHz;;2772;2.23404603316179;-45.36184132647159;-62.06184132647159;6.220364975413272e-10;0.1;6.220364975413273e-11;5.137887907166206e-10;;;;ORANGE;True
1787665914.1857376;3.1375122990002637;Wi-Fi;Wi-Fi;2,4/5 GHz;wlan0;-50.0;;;;-50.0;1e-08;0.1;1e-09;3.316051903709176e-08;;;;ROUGE;False
1787665914.277712;3.229065676000573;Simulation RF;Détection RF large bande;868 MHz;868 MHz;;2456;1.9792893281244592;-35.171573124978366;-68.17157312497837;1.5235008031312474e-10;0.1;1.5235008031312474e-11;1.7714005513705463e-10;;;;ORANGE;True
1787665914.2779036;3.229065676000573;Simulation RF;Détection RF large bande;2,45 GHz;2,45 GHz;;2851;2.297337496338211;-47.89349985352844;-64.59349985352844;3.472562049292838e-10;0.1;3.472562049292838e-11;5.48514411209549e-10;;;;ORANGE;True
1787665914.2875307;3.2393061540005874;Wi-Fi;Wi-Fi;2,4/5 GHz;wlan0;-49.0;;;;-49.0;1.2589254117941661e-08;0.1;1.2589254117941663e-09;3.4419444448885926e-08;;;;ROUGE;False
1787665914.3776197;3.3291791950005063;Simulation RF;Détection RF large bande;868 MHz;868 MHz;;2441;1.9668665890228505;-34.67466356091401;-67.67466356091401;1.7081800441616552e-10;0.1;1.708180044161655e-11;1.9422185557867117e-10;;;;ORANGE;True
1787665914.377793;3.3291791950005063;Simulation RF;Détection RF large bande;2,45 GHz;2,45 GHz;;2867;2.3106560027202954;-48.42624010881181;-65.12624010881181;3.0716801352620024e-10;0.1;3.0716801352620025e-11;5.79231212562169e-10;;;;ORANGE;True
1787665914.3869016;3.3386758320002627;Wi-Fi;Wi-Fi;2,4/5 GHz;wlan0;-49.0;;;;-49.0;1.2589254117941661e-08;0.1;1.2589254117941663e-09;3.567836986068009e-08;;;;ROUGE;False
1787665914.477748;3.4292848450004385;Simulation RF;Détection RF large bande;868 MHz;868 MHz;;2503;2.017344382571538;-36.693775302861525;-69.69377530286152;1.0730562037367699e-10;0.1;1.07305620373677e-11;2.0495241761603888e-10;;;;ORANGE;True
1787665914.4779165;3.4292848450004385;Simulation RF;Détection RF large bande;2,45 GHz;2,45 GHz;;2828;2.2791136624740136;-47.16454649896053;-63.86454649896053;4.107195259843885e-10;0.1;4.1071952598438854e-11;6.203031651606078e-10;;;;ORANGE;True
1787665914.4887595;3.4405369289997907;Wi-Fi;Wi-Fi;2,4/5 GHz;wlan0;-51.0;;;;-51.0;7.943282347242822e-09;0.1;7.943282347242823e-10;3.647269809540437e-08;;;;ORANGE;False
1787665914.5779233;3.5294150500003525;Simulation RF;Détection RF large bande;868 MHz;868 MHz;;2473;1.9931929013748322;-35.72771605499328;-68.72771605499328;1.3403814057004609e-10;0.1;1.3403814057004609e-11;2.1835623167304348e-10;;;;ORANGE;True
1787665914.5781543;3.5294150500003525;Simulation RF;Détection RF large bande;2,45 GHz;2,45 GHz;;2827;2.2780613618380365;-47.12245447352146;-63.822454473521454;4.147195920485948e-10;0.1;4.1471959204859486e-11;6.617751243654673e-10;;;;ORANGE;True
1787665914.5875545;3.5393310440003916;Wi-Fi;Wi-Fi;2,4/5 GHz;wlan0;-51.0;;;;-51.0;7.943282347242822e-09;0.1;7.943282347242823e-10;3.7267026330128656e-08;;;;ORANGE;False
1787665914.6779602;3.6295209589998194;Simulation RF;Détection RF large bande;868 MHz;868 MHz;;2492;2.008130260690254;-36.325210427610145;-69.32521042761014;1.1680971309744267e-10;0.1;1.1680971309744267e-11;2.3003720298278775e-10;;;;ORANGE;True
1787665914.6781294;3.6295209589998194;Simulation RF;Détection RF large bande;2,45 GHz;2,45 GHz;;2807;2.2623292250698923;-46.493169002795696;-63.19316900279569;4.793835196891885e-10;0.1;4.7938351968918847e-11;7.097134763343861e-10;;;;ORANGE;True
1787665914.6873572;3.6391320230004567;Wi-Fi;Wi-Fi;2,4/5 GHz;wlan0;-52.0;;;;-52.0;6.309573444801943e-09;0.1;6.309573444801943e-10;3.7897983674608853e-08;;;;ORANGE;False
1787665914.7780685;3.7296259049999207;Simulation RF;Détection RF large bande;868 MHz;868 MHz;;2433;1.9606835117672572;-34.42734047069028;-67.42734047069028;1.8082811408764663e-10;0.1;1.8082811408764665e-11;2.481200143915524e-10;;;;ORANGE;True
1787665914.7782304;3.7296259049999207;Simulation RF;Détection RF large bande;2,45 GHz;2,45 GHz;;2826;2.2774975429439697;-47.09990171775878;-63.79990171775878;4.1687881746560936e-10;0.1;4.168788174656094e-11;7.51401358080947e-10;;;;ORANGE;True
1787665914.7843683;3.7361436520004645;Wi-Fi;Wi-Fi;2,4/5 GHz;wlan0;-52.0;;;;-52.0;6.309573444801943e-09;0.1;6.309573444801943e-10;3.852894101908905e-08;;;;ORANGE;False
1787665914.878511;3.8297680730001957;Simulation RF;Détection RF large bande;868 MHz;868 MHz;;2486;2.00353927608812;-36.14157104352479;-69.14157104352479;1.218548713891714e-10;0.1;1.218548713891714e-11;2.6030550153046954e-10;;;;ORANGE;True
1787665914.8791223;3.8297680730001957;Simulation RF;Détection RF large bande;2,45 GHz;2,45 GHz;;2831;2.2813145091991918;-47.25258036796767;-63.95258036796767;4.024778303910208e-10;0.1;4.024778303910208e-11;7.916491411200491e-10;;;;ORANGE;True
1787665914.891458;3.8432354810001925;Wi-Fi;Wi-Fi;2,4/5 GHz;wlan0;-52.0;;;;-52.0;6.309573444801943e-09;0.1;6.309573444801943e-10;3.915989836356925e-08;;;;ORANGE;False
1787665914.9779243;3.929698720000488;Simulation LoRa;LoRa;868 MHz;LoRa 868.100 MHz;-89.90111619205862;;;;-89.90111619205862;1.0230300267601413e-12;0.041216;4.2165205582945986e-14;1.6347896499367122e-13;12;"SNR=7.33;SF=7;BW=125.0;CR=4/5;F=868.100;CRC=OK;PAYLOAD=54454d504f5f4c4f52415f33";7;VERT;True
1787665914.9784555;3.9299069640001107;Simulation RF;Détection RF large bande;868 MHz;868 MHz;;2475;1.9942845708281833;-35.77138283312733;-68.77138283312733;1.3269718705437676e-10;0.1;1.3269718705437678e-11;2.735752202359072e-10;;;;ORANGE;True
1787665914.9785912;3.9299069640001107;Simulation RF;Détection RF large bande;2,45 GHz;2,45 GHz;;2830;2.2805954018154657;-47.22381607261862;-63.92381607261862;4.0515237841136913e-10;0.1;4.0515237841136917e-11;8.321643789611861e-10;;;;ORANGE;True
1787665914.988289;3.940065404000052;Wi-Fi;Wi-Fi;2,4/5 GHz;wlan0;-52.0;;;;-52.0;6.309573444801943e-09;0.1;6.309573444801943e-10;3.9790855708049444e-08;;;;ORANGE;False
1787665915.0788808;4.030071465999754;Simulation RF;Détection RF large bande;868 MHz;868 MHz;;2419;1.9496869266540315;-33.98747706616126;-66.98747706616126;2.001023980876831e-10;0.1;2.0010239808768312e-11;2.935854600446755e-10;;;;ORANGE;True
1787665915.0807827;4.030071465999754;Simulation RF;Détection RF large bande;2,45 GHz;2,45 GHz;;2842;2.2902620508822413;-47.61048203528965;-64.31048203528965;3.706395812015308e-10;0.1;3.706395812015308e-11;8.692283370813392e-10;;;;ORANGE;True
1787665915.090586;4.04236019200016;Wi-Fi;Wi-Fi;2,4/5 GHz;wlan0;-54.0;;;;-54.0;3.981071705534969e-09;0.1;3.9810717055349694e-10;4.018896287860294e-08;;;;ORANGE;False
1787665915.1785781;4.130159670000467;Simulation RF;Détection RF large bande;868 MHz;868 MHz;;2456;1.9791055463095266;-35.16422185238106;-68.16422185238106;1.5260818061891384e-10;0.1;1.5260818061891383e-11;3.088462781065669e-10;;;;ORANGE;True
1787665915.178731;4.130159670000467;Simulation RF;Détection RF large bande;2,45 GHz;2,45 GHz;;2792;2.250124357004112;-46.004974280164475;-62.70497428016447;5.364170482058283e-10;0.1;5.364170482058283e-11;9.22870041901922e-10;;;;ORANGE;True
1787665915.1874895;4.139264172000367;Wi-Fi;Wi-Fi;2,4/5 GHz;wlan0;-54.0;;;;-54.0;3.981071705534969e-09;0.1;3.9810717055349694e-10;4.058707004915644e-08;;;;ORANGE;False
1787665915.2788353;4.230279413000062;Simulation RF;Détection RF large bande;868 MHz;868 MHz;;2420;1.9505417308314728;-34.021669233258905;-67.0216692332589;1.9853316982069303e-10;0.1;1.9853316982069306e-11;3.286995950886362e-10;;;;ORANGE;True
1787665915.279048;4.230279413000062;Simulation RF;Détection RF large bande;2,45 GHz;2,45 GHz;;2855;2.3003651049907736;-48.01460419963094;-64.71460419963094;3.377066246066282e-10;0.1;3.377066246066282e-11;9.566407043625848e-10;;;;ORANGE;True
1787665915.2876637;4.2394383410000955;Wi-Fi;Wi-Fi;2,4/5 GHz;wlan0;-54.0;;;;-54.0;3.981071705534969e-09;0.1;3.9810717055349694e-10;4.098517721970994e-08;;;;ORANGE;False
1787665915.378767;4.330360284000562;Simulation RF;Détection RF large bande;868 MHz;868 MHz;;2450;1.9745295215847922;-34.981180863391685;-67.98118086339169;1.59177585822944e-10;0.1;1.5917758582294403e-11;3.446173536709306e-10;;;;ORANGE;True
1787665915.3789263;4.330360284000562;Simulation RF;Détection RF large bande;2,45 GHz;2,45 GHz;;2803;2.2591583646627575;-46.366334586510305;-63.0663345865103;4.93590214717818e-10;0.1;4.93590214717818e-11;1.0059997258343667e-09;;;;ORANGE;True
1787665915.3874927;4.339267080000354;Wi-Fi;Wi-Fi;2,4/5 GHz;wlan0;-54.0;;;;-54.0;3.981071705534969e-09;0.1;3.9810717055349694e-10;4.1383284390263434e-08;;;;ORANGE;False
1787665915.47914;4.430501210999864;Simulation RF;Détection RF large bande;868 MHz;868 MHz;;2507;2.020134807001499;-36.80539228005996;-69.80539228005996;1.0458292208128387e-10;0.1;1.0458292208128387e-11;3.5507564587905897e-10;;;;ORANGE;True
1787665915.4793665;4.430501210999864;Simulation RF;Détection RF large bande;2,45 GHz;2,45 GHz;;2806;2.2615887390292335;-46.463549561169344;-63.16354956116934;4.826641513306758e-10;0.1;4.826641513306758e-11;1.0542661409674343e-09;;;;ORANGE;True
1787665915.4893472;4.441122584000368;Wi-Fi;Wi-Fi;2,4/5 GHz;wlan0;-56.0;;;;-56.0;2.511886431509582e-09;0.1;2.511886431509582e-10;4.1634473033414394e-08;;;;ORANGE;False
1787665915.5790138;4.530592379000154;Simulation RF;Détection RF large bande;868 MHz;868 MHz;;2358;1.900525472327463;-32.021018893098514;-65.02101889309851;3.1470099112490455e-10;0.1;3.147009911249046e-11;3.865457449915494e-10;;;;ORANGE;True
1787665915.5791688;4.530592379000154;Simulation RF;Détection RF large bande;2,45 GHz;2,45 GHz;;2782;2.2419135442468288;-45.676541769873154;-62.37654176987315;5.785565610493612e-10;0.1;5.785565610493613e-11;1.1121217970723704e-09;;;;ORANGE;True
1787665915.5878892;4.539663546999691;Wi-Fi;Wi-Fi;2,4/5 GHz;wlan0;-56.0;;;;-56.0;2.511886431509582e-09;0.1;2.511886431509582e-10;4.188566167656535e-08;;;;ORANGE;False
1787665915.6792865;4.630682306000381;Simulation RF;Détection RF large bande;868 MHz;868 MHz;;2456;1.9789696372141699;-35.15878548856679;-68.15878548856679;1.5279933042555854e-10;0.1;1.5279933042555856e-11;4.0182567803410527e-10;;;;ORANGE;True
1787665915.6795936;4.630682306000381;Simulation RF;Détection RF large bande;2,45 GHz;2,45 GHz;;2783;2.2425770520772352;-45.70308208308941;-62.403082083089416;5.750317063790292e-10;0.1;5.750317063790292e-11;1.1696249677102734e-09;;;;ORANGE;True
1787665915.6907804;4.642554750000272;Wi-Fi;Wi-Fi;2,4/5 GHz;wlan0;-57.0;;;;-57.0;1.9952623149688828e-09;0.1;1.9952623149688828e-10;4.208518790806224e-08;;;;ORANGE;False
1787665915.7791784;4.730765844000416;Simulation RF;Détection RF large bande;868 MHz;868 MHz;;2447;1.9723021889640913;-34.892087558563645;-67.89208755856365;1.6247675777884413e-10;0.1;1.6247675777884413e-11;4.180733538119897e-10;;;;ORANGE;True
1787665915.779325;4.730765844000416;Simulation RF;Détection RF large bande;2,45 GHz;2,45 GHz;;2857;2.3024622483986232;-48.098489935944926;-64.79848993594493;3.3124627748072946e-10;0.1;3.312462774807295e-11;1.2027495954583463e-09;;;;ORANGE;True
1787665915.7881153;4.739889143000255;BLE Sniffer;Appareil BLE;2,4 GHz BLE;6d:d7:ea:08:d0:be;-69.0;;;;-69.0;1.2589254117941662e-10;0.000352;4.4314174495154645e-14;4.4314174495154645e-14;34;0x00;38;ORANGE;False
1787665915.7881875;4.739960957999756;BLE Sniffer;Appareil BLE;2,4 GHz BLE;6d:d7:ea:08:d0:be;-63.0;;;;-63.0;5.011872336272714e-10;0.000352;1.7641790623679954e-13;2.2073208073195418e-13;34;0x00;39;ORANGE;False
1787665915.789115;4.740890359000332;Wi-Fi;Wi-Fi;2,4/5 GHz;wlan0;-57.0;;;;-57.0;1.9952623149688828e-09;0.1;1.9952623149688828e-10;4.2284714139559126e-08;;;;ORANGE;False
1787665915.879262;4.830843900999753;Simulation RF;Détection RF large bande;868 MHz;868 MHz;;2371;1.9103439263298914;-32.41375705319565;-65.41375705319565;2.8749102725546533e-10;0.1;2.8749102725546536e-11;4.468224565375362e-10;;;;ORANGE;True
1787665915.8794534;4.830843900999753;Simulation RF;Détection RF large bande;2,45 GHz;2,45 GHz;;2858;2.3033824995724053;-48.1352999828962;-64.8352999828962;3.284505562524005e-10;0.1;3.284505562524005e-11;1.2355946510835864e-09;;;;ORANGE;True
1787665915.8898046;4.84157881200008;BLE Sniffer;iBeacon;2,4 GHz BLE;46:de:6e:42:28:32;-69.0;;;;-69.0;1.2589254117941662e-10;0.000368;4.6328455154025316e-14;4.6328455154025316e-14;36;0x00;37;ORANGE;False
1787665915.8907356;4.842509879000318;Wi-Fi;Wi-Fi;2,4/5 GHz;wlan0;-58.0;;;;-58.0;1.584893192461111e-09;0.1;1.5848931924611111e-10;4.2443203458805236e-08;;;;ORANGE;False
1787665915.9793017;4.930916215999787;Simulation RF;Détection RF large bande;868 MHz;868 MHz;;2429;1.9574284042849563;-34.29713617139825;-67.29713617139825;1.863315440787404e-10;0.1;1.8633154407874042e-11;4.6545561094541026e-10;;;;ORANGE;True
1787665915.9794376;4.930916215999787;Simulation RF;Détection RF large bande;2,45 GHz;2,45 GHz;;2828;2.2792515111041776;-47.17006044416709;-63.87006044416709;4.1019839389431344e-10;0.1;4.101983938943135e-11;1.2766144904730178e-09;;;;ORANGE;True
1787665915.9879377;4.939712602999862;Wi-Fi;Wi-Fi;2,4/5 GHz;wlan0;-58.0;;;;-58.0;1.584893192461111e-09;0.1;1.5848931924611111e-10;4.2601692778051346e-08;;;;ORANGE;False
1787665915.991132;4.94290680999984;BLE Sniffer;Appareil BLE;2,4 GHz BLE;6d:d7:ea:08:d0:be;-72.0;;;;-72.0;6.309573444801942e-11;0.000352;2.2209698525702838e-14;2.4294177925765703e-13;34;0x00;38;VERT;False
1787665915.991225;4.942998569999872;Simulation LoRa;LoRa;868 MHz;LoRa 868.100 MHz;-87.97833423501119;;;;-87.97833423501119;1.5928195462927367e-12;0.041216;6.564965042000144e-14;2.291286154136727e-13;12;"SNR=5.99;SF=7;BW=125.0;CR=4/5;F=868.100;CRC=OK;PAYLOAD=54454d504f5f4c4f52415f34";7;VERT;True
1787665916.0794857;5.031013439999697;Simulation RF;Détection RF large bande;868 MHz;868 MHz;;2465;1.986702657687493;-35.468106307499724;-68.46810630749972;1.4229491129109236e-10;0.1;1.4229491129109236e-11;4.796851020745195e-10;;;;ORANGE;True
1787665916.0829234;5.031013439999697;Simulation RF;Détection RF large bande;2,45 GHz;2,45 GHz;;2776;2.2371152246176753;-45.48460898470701;-62.18460898470701;6.046987927069208e-10;0.1;6.046987927069209e-11;1.3370843697437098e-09;;;;ORANGE;True
1787665916.0926378;5.044413698999961;BLE Sniffer;Appareil BLE;2,4 GHz BLE;6d:d7:ea:08:d0:be;-64.0;;;;-64.0;3.9810717055349694e-10;0.000352;1.4013372403483091e-13;3.8307550329248797e-13;34;0x00;39;ORANGE;False
1787665916.0939686;5.045742936999886;Wi-Fi;Wi-Fi;2,4/5 GHz;wlan0;-58.0;;;;-58.0;1.584893192461111e-09;0.1;1.5848931924611111e-10;4.2760182097297456e-08;;;;ORANGE;False
1787665916.1795676;5.131110588999945;Simulation RF;Détection RF large bande;868 MHz;868 MHz;;2392;1.9277158285793963;-33.10863314317585;-66.10863314317585;2.449834157843601e-10;0.1;2.449834157843601e-11;5.041834436529555e-10;;;;ORANGE;True
1787665916.1797678;5.131110588999945;Simulation RF;Détection RF large bande;2,45 GHz;2,45 GHz;;2840;2.288636040680092;-47.54544162720369;-64.24544162720369;3.7623209187490475e-10;0.1;3.7623209187490476e-11;1.3747075789312002e-09;;;;ORANGE;True
1787665916.1946032;5.146378444999755;BLE Sniffer;iBeacon;2,4 GHz BLE;46:de:6e:42:28:32;-72.0;;;;-72.0;6.309573444801942e-11;0.000368;2.3219230276871148e-14;6.954768543089646e-14;36;0x00;37;VERT;False
1787665916.19096;5.142736937000336;Wi-Fi;Wi-Fi;2,4/5 GHz;wlan0;-54.0;;;;-54.0;3.981071705534969e-09;0.1;3.9810717055349694e-10;4.3158289267850953e-08;;;;ORANGE;False
1787665916.2796018;5.23120383100013;Simulation RF;Détection RF large bande;868 MHz;868 MHz;;2416;1.9470131135657553;-33.88052454263021;-66.88052454263021;2.050914453589219e-10;0.1;2.050914453589219e-11;5.246925881888477e-10;;;;ORANGE;True
1787665916.2797878;5.23120383100013;Simulation RF;Détection RF large bande;2,45 GHz;2,45 GHz;;2820;2.272508101744147;-46.90032406976587;-63.600324069765875;4.364832607220687e-10;0.1;4.364832607220687e-11;1.418355905003407e-09;;;;ORANGE;True
1787665916.2901368;5.241912927000158;Wi-Fi;Wi-Fi;2,4/5 GHz;wlan0;-53.0;;;;-53.0;5.011872336272715e-09;0.1;5.011872336272715e-10;4.365947650147823e-08;;;;ORANGE;False
1787665916.3797078;5.331292887000018;Simulation RF;Détection RF large bande;868 MHz;868 MHz;;2491;2.0072361122540374;-36.289444490161486;-69.28944449016149;1.1777566117561678e-10;0.1;1.1777566117561679e-11;5.364701543064093e-10;;;;ORANGE;True
1787665916.3798597;5.331292887000018;Simulation RF;Détection RF large bande;2,45 GHz;2,45 GHz;;2812;2.2664219455100887;-46.65687782040354;-63.35687782040354;4.616493388886568e-10;0.1;4.6164933888865684e-11;1.4645208388922726e-09;;;;ORANGE;True
1787665916.388307;5.340082571000494;Wi-Fi;Wi-Fi;2,4/5 GHz;wlan0;-51.0;;;;-51.0;7.943282347242822e-09;0.1;7.943282347242823e-10;4.445380473620251e-08;;;;ORANGE;False
1787665916.4884918;5.431374574000074;Simulation RF;Détection RF large bande;868 MHz;868 MHz;;2396;1.9311892814596423;-33.24757125838569;-66.24757125838569;2.372700239844411e-10;0.1;2.3727002398444112e-11;5.601971567048535e-10;;;;ORANGE;True
1787665916.4889348;5.431374574000074;Simulation RF;Détection RF large bande;2,45 GHz;2,45 GHz;;2861;2.3057107061320448;-48.22842824528179;-64.9284282452818;3.2148238046854003e-10;0.1;3.2148238046854e-11;1.4966690769391267e-09;;;;ORANGE;True
1787665916.4979932;5.449768079000023;BLE Sniffer;Appareil BLE;2,4 GHz BLE;53:10:3b:9d:cc:43;-79.0;;;;-79.0;1.2589254117941662e-11;0.00028;3.524991153023665e-15;3.524991153023665e-15;25;0x00;38;VERT;False
1787665916.498076;5.449849469000583;BLE Sniffer;Appareil BLE;2,4 GHz BLE;57:10:3b:9d:cc:43;-72.0;;;;-72.0;6.309573444801942e-11;0.00028;1.7666805645445437e-14;1.7666805645445437e-14;25;0x00;39;VERT;False
1787665916.4996262;5.451400451999689;Wi-Fi;Wi-Fi;2,4/5 GHz;wlan0;-50.0;;;;-50.0;1e-08;0.1;1e-09;4.545380473620251e-08;;;;ROUGE;False
1787665916.5798595;5.531454037000003;Simulation RF;Détection RF large bande;868 MHz;868 MHz;;2488;2.004632816159386;-36.185312646375436;-69.18531264637544;1.206337241470227e-10;0.1;1.2063372414702271e-11;5.722605291195558e-10;;;;ORANGE;True
1787665916.580001;5.531454037000003;Simulation RF;Détection RF large bande;2,45 GHz;2,45 GHz;;2749;2.214961432266074;-44.59845729064294;-61.298457290642936;7.415736177512355e-10;0.1;7.415736177512355e-11;1.5708264387142502e-09;;;;ORANGE;True
1787665916.5885189;5.540293572999872;Wi-Fi;Wi-Fi;2,4/5 GHz;wlan0;-50.0;;;;-50.0;1e-08;0.1;1e-09;4.6453804736202515e-08;;;;ROUGE;False
1787665916.6000595;5.551834087000316;BLE Sniffer;Appareil BLE;2,4 GHz BLE;6d:d7:ea:08:d0:be;-72.0;;;;-72.0;6.309573444801942e-11;0.000352;2.2209698525702838e-14;4.052852018181908e-13;34;0x00;37;VERT;False
1787665916.6804323;5.631638947000283;Simulation RF;Détection RF large bande;868 MHz;868 MHz;;2423;1.952347652916511;-34.093906116660435;-67.09390611666043;1.9525824806727742e-10;0.1;1.9525824806727744e-11;5.917863539262836e-10;;;;ORANGE;True
1787665916.6910985;5.631638947000283;Simulation RF;Détection RF large bande;2,45 GHz;2,45 GHz;;2793;2.250485831546199;-46.01943326184795;-62.719433261847946;5.346341226102147e-10;0.1;5.3463412261021476e-11;1.6242898509752717e-09;;;;ORANGE;True
1787665916.701837;5.653612922999855;BLE Sniffer;iBeacon;2,4 GHz BLE;46:de:6e:42:28:32;-73.0;;;;-73.0;5.011872336272715e-11;0.000368;1.844369019748359e-14;8.799137562838005e-14;36;0x00;38;VERT;False
1787665916.7019134;5.653687109000202;BLE Sniffer;iBeacon;2,4 GHz BLE;46:de:6e:42:28:32;-65.0;;;;-65.0;3.1622776601683795e-10;0.000368;1.1637181789419636e-13;2.043631935225764e-13;36;0x00;39;ORANGE;False
1787665916.703755;5.6555321320001894;Wi-Fi;Wi-Fi;2,4/5 GHz;wlan0;-50.0;;;;-50.0;1e-08;0.1;1e-09;4.745380473620252e-08;;;;ROUGE;False
1787665916.7801282;5.7317207630003395;Simulation RF;Détection RF large bande;868 MHz;868 MHz;;2401;1.9348806179569153;-33.39522471827661;-66.39522471827661;2.2933879599267742e-10;0.1;2.2933879599267744e-11;6.147202335255513e-10;;;;ORANGE;True
1787665916.780267;5.7317207630003395;Simulation RF;Détection RF large bande;2,45 GHz;2,45 GHz;;2820;2.2723703082375386;-46.89481232950155;-63.59481232950155;4.370375642484893e-10;0.1;4.370375642484893e-11;1.6679936074001206e-09;;;;ORANGE;True
1787665916.7886567;5.74043114899996;Wi-Fi;Wi-Fi;2,4/5 GHz;wlan0;-50.0;;;;-50.0;1e-08;0.1;1e-09;4.845380473620252e-08;;;;ROUGE;False
1787665916.8031447;5.754919551000057;BLE Sniffer;Appareil BLE;2,4 GHz BLE;57:10:3b:9d:cc:43;-70.0;;;;-70.0;1e-10;0.00028;2.7999999999999997e-14;4.5666805645445434e-14;25;0x00;37;ORANGE;False
1787665916.803211;5.754984533000425;BLE Sniffer;Appareil BLE;2,4 GHz BLE;57:14:3b:9d:ce:43;-77.0;;;;-77.0;1.9952623149688828e-11;0.000296;5.905976452307893e-15;5.905976452307893e-15;27;0x00;38;VERT;False
1787665916.8038273;5.755600892000075;BLE Sniffer;Appareil BLE;2,4 GHz BLE;57:10:3b:9d:cc:43;-71.0;;;;-71.0;7.943282347242822e-11;0.00028;2.22411905722799e-14;6.790799621772534e-14;25;0x00;39;VERT;False
1787665916.8802645;5.831811263999953;Simulation RF;Détection RF large bande;868 MHz;868 MHz;;2362;1.9035831828703917;-32.143327314815664;-65.14332731481566;3.059618431636975e-10;0.1;3.059618431636975e-11;6.453164178419211e-10;;;;ORANGE;True
1787665916.8840759;5.831811263999953;Simulation RF;Détection RF large bande;2,45 GHz;2,45 GHz;;2812;2.266335735488615;-46.65342941954461;-63.35342941954461;4.620160449450711e-10;0.1;4.620160449450711e-11;1.7141952118946277e-09;;;;ORANGE;True
1787665916.8947105;5.846485261000453;Wi-Fi;Wi-Fi;2,4/5 GHz;wlan0;-50.0;;;;-50.0;1e-08;0.1;1e-09;4.945380473620252e-08;;;;ROUGE;False
1787665916.9049509;5.85672796200015;BLE Sniffer;Appareil BLE;2,4 GHz BLE;6d:d7:ea:08:d0:be;-73.0;;;;-73.0;5.011872336272715e-11;0.000352;1.7641790623679955e-14;4.2292699244187074e-13;34;0x00;37;VERT;False
1787665916.9050658;5.8568395740003325;BLE Sniffer;Appareil BLE;2,4 GHz BLE;6d:d7:ea:08:d0:be;-71.0;;;;-71.0;7.943282347242822e-11;0.000352;2.796035386229473e-14;4.5088734630416545e-13;34;0x00;38;VERT;False
1787665916.9059443;5.857719325999824;BLE Sniffer;Appareil BLE;2,4 GHz BLE;6d:d7:ea:08:d0:be;-64.0;;;;-64.0;3.9810717055349694e-10;0.000352;1.4013372403483091e-13;5.910210703389963e-13;34;0x00;39;ORANGE;False
1787665916.980274;5.931887413000368;Simulation RF;Détection RF large bande;868 MHz;868 MHz;;2377;1.9152968191323418;-32.61187276529367;-65.61187276529367;2.7467094612376913e-10;0.1;2.7467094612376916e-11;6.727835124542981e-10;;;;ORANGE;True
1787665916.9804356;5.931887413000368;Simulation RF;Détection RF large bande;2,45 GHz;2,45 GHz;;2780;2.2402886984575345;-45.61154793830137;-62.311547938301366;5.872799933826605e-10;0.1;5.872799933826605e-11;1.7729232112328938e-09;;;;ORANGE;True
1787665916.988857;5.9406314660000135;Wi-Fi;Wi-Fi;2,4/5 GHz;wlan0;-50.0;;;;-50.0;1e-08;0.1;1e-09;5.0453804736202524e-08;;;;ROUGE;False
1787665917.0073957;5.959171159000107;Simulation LoRa;LoRa;868 MHz;LoRa 868.100 MHz;-85.58428681529124;;;;-85.58428681529124;2.7642118120516033e-12;0.041216;1.139297540455189e-13;3.430583694591916e-13;12;"SNR=6.10;SF=7;BW=125.0;CR=4/5;F=868.100;CRC=OK;PAYLOAD=54454d504f5f4c4f52415f35";7;VERT;True
1787665917.0082147;5.959988743000395;BLE Sniffer;iBeacon;2,4 GHz BLE;46:de:6e:42:28:32;-72.0;;;;-72.0;6.309573444801942e-11;0.000368;2.3219230276871148e-14;2.2758242379944757e-13;36;0x00;37;VERT;False
1787665917.0803933;6.0319704690000435;Simulation RF;Détection RF large bande;868 MHz;868 MHz;;2395;1.9303264332610859;-33.213057330443434;-66.21305733044343;2.3916315116177884e-10;0.1;2.3916315116177884e-11;6.96699827570476e-10;;;;ORANGE;True
1787665917.0805373;6.0319704690000435;Simulation RF;Détection RF large bande;2,45 GHz;2,45 GHz;;2809;2.2638478602739927;-46.553914410959706;-63.2539144109597;4.727249873590607e-10;0.1;4.727249873590607e-11;1.8201957099687999e-09;;;;ORANGE;True
1787665917.090209;6.041983649000031;Wi-Fi;Wi-Fi;2,4/5 GHz;wlan0;-50.0;;;;-50.0;1e-08;0.1;1e-09;5.1453804736202527e-08;;;;ROUGE;False
1787665917.1091373;6.060912439999811;BLE Sniffer;iBeacon;2,4 GHz BLE;46:de:6e:42:28:32;-71.0;;;;-71.0;7.943282347242822e-11;0.000368;2.923127903785358e-14;2.5681370283730115e-13;36;0x00;38;VERT;False
1787665917.10921;6.060983717999989;BLE Sniffer;iBeacon;2,4 GHz BLE;46:de:6e:42:28:32;-64.0;;;;-64.0;3.9810717055349694e-10;0.000368;1.4650343876368688e-13;4.03317141600988e-13;36;0x00;39;ORANGE;False
1787665917.1098397;6.061613448000571;BLE Sniffer;Appareil BLE;2,4 GHz BLE;57:10:3b:9d:cc:43;-71.0;;;;-71.0;7.943282347242822e-11;0.00028;2.22411905722799e-14;9.014918679000524e-14;25;0x00;37;VERT;False
1787665917.1100695;6.061843377000514;BLE Sniffer;Appareil BLE;2,4 GHz BLE;57:10:3b:9d:cc:43;-77.0;;;;-77.0;1.9952623149688828e-11;0.00028;5.586734481912872e-15;9.573592127191811e-14;25;0x00;38;VERT;False
1787665917.1804602;6.132044617999782;Simulation RF;Détection RF large bande;868 MHz;868 MHz;;2358;1.9002312324336506;-32.00924929734602;-65.00924929734602;3.1555500309624183e-10;0.1;3.1555500309624184e-11;7.282553278801002e-10;;;;ORANGE;True
1787665917.1805992;6.132044617999782;Simulation RF;Détection RF large bande;2,45 GHz;2,45 GHz;;2777;2.2378362475173885;-45.513449900695534;-62.21344990069554;6.006963733345271e-10;0.1;6.006963733345272e-11;1.8802653473022525e-09;;;;ORANGE;True
1787665917.1930404;6.144815073000245;Wi-Fi;Wi-Fi;2,4/5 GHz;wlan0;-50.0;;;;-50.0;1e-08;0.1;1e-09;5.245380473620253e-08;;;;ROUGE;False
1787665917.2111022;6.162877407999986;BLE Sniffer;Appareil BLE;2,4 GHz BLE;57:10:3b:9d:cc:43;-71.0;;;;-71.0;7.943282347242822e-11;0.00028;2.22411905722799e-14;1.17977111844198e-13;25;0x00;39;VERT;False
1787665917.2111661;6.162939761000416;BLE Sniffer;Appareil BLE;2,4 GHz BLE;6d:d7:ea:08:d0:be;-72.0;;;;-72.0;6.309573444801942e-11;0.000352;2.2209698525702838e-14;6.132307688646992e-13;34;0x00;37;VERT;False
1787665917.2118514;6.163625547000265;BLE Sniffer;Appareil BLE;2,4 GHz BLE;6d:d7:ea:08:d0:be;-71.0;;;;-71.0;7.943282347242822e-11;0.000352;2.796035386229473e-14;6.411911227269939e-13;34;0x00;38;VERT;False
1787665917.2119036;6.1636768999997;BLE Sniffer;Appareil BLE;2,4 GHz BLE;6d:d7:ea:08:d0:be;-65.0;;;;-65.0;3.1622776601683795e-10;0.000352;1.1131217363792695e-13;7.525032963649208e-13;34;0x00;39;ORANGE;False
1787665917.2805333;6.232137564000368;Simulation RF;Détection RF large bande;868 MHz;868 MHz;;2381;1.918712652820318;-32.74850611281272;-65.74850611281272;2.661640454064691e-10;0.1;2.6616404540646915e-11;7.548717324207471e-10;;;;ORANGE;True
1787665917.2806745;6.232137564000368;Simulation RF;Détection RF large bande;2,45 GHz;2,45 GHz;;2803;2.25875213247578;-46.35008529903119;-63.05008529903119;4.954404598484875e-10;0.1;4.954404598484875e-11;1.929809393287101e-09;;;;ORANGE;True
1787665917.2903159;6.242090112999904;Wi-Fi;Wi-Fi;2,4/5 GHz;wlan0;-50.0;;;;-50.0;1e-08;0.1;1e-09;5.345380473620253e-08;;;;ROUGE;False
1787665917.3132594;6.265034527999887;BLE Sniffer;Appareil BLE;2,4 GHz BLE;d3:23:2f:4d:3e:b1;-72.0;;;;-72.0;6.309573444801942e-11;0.000376;2.3723996152455302e-14;2.3723996152455302e-14;37;0x00;37;VERT;False
1787665917.3139646;6.265739018000204;BLE Sniffer;iBeacon;2,4 GHz BLE;46:de:6e:42:28:32;-73.0;;;;-73.0;5.011872336272715e-11;0.000368;1.844369019748359e-14;4.217608317984716e-13;36;0x00;38;VERT;False
1787665917.3142607;6.266034707000472;BLE Sniffer;iBeacon;2,4 GHz BLE;46:de:6e:42:28:32;-64.0;;;;-64.0;3.9810717055349694e-10;0.000368;1.4650343876368688e-13;5.682642705621585e-13;36;0x00;39;ORANGE;False
1787665917.3806558;6.332228416999897;Simulation RF;Détection RF large bande;868 MHz;868 MHz;;2381;1.91888431210218;-32.75537248408719;-65.75537248408719;2.6574356178233164e-10;0.1;2.6574356178233165e-11;7.814460885989803e-10;;;;ORANGE;True
1787665917.380797;6.332228416999897;Simulation RF;Détection RF large bande;2,45 GHz;2,45 GHz;;2759;2.223421437089997;-44.93685748359988;-61.636857483599876;6.859844191597664e-10;0.1;6.859844191597664e-11;1.9984078352030777e-09;;;;ORANGE;True
1787665917.3892503;6.341025100000479;Wi-Fi;Wi-Fi;2,4/5 GHz;wlan0;-50.0;;;;-50.0;1e-08;0.1;1e-09;5.4453804736202534e-08;;;;ROUGE;False
1787665917.415164;6.366939792000267;BLE Sniffer;Appareil BLE;2,4 GHz BLE;57:10:3b:9d:cc:43;-75.0;;;;-75.0;3.1622776601683794e-11;0.00028;8.854377448471461e-15;1.2683148929266947e-13;25;0x00;37;VERT;False
1787665917.415236;6.367009700000381;BLE Sniffer;Appareil BLE;2,4 GHz BLE;57:10:3b:9d:cc:43;-89.0;;;;-89.0;1.258925411794166e-12;0.00028;3.5249911530236646e-16;1.2718398840797183e-13;25;0x00;38;VERT;False
1787665917.4160814;6.367855192000206;BLE Sniffer;Appareil BLE;2,4 GHz BLE;57:10:3b:9d:cc:43;-77.0;;;;-77.0;1.9952623149688828e-11;0.00028;5.586734481912872e-15;1.327707228898847e-13;25;0x00;39;VERT;False
1787665917.4807053;6.432306862000587;Simulation RF;Détection RF large bande;868 MHz;868 MHz;;2434;1.9611054554264624;-34.44421821705849;-67.44421821705849;1.8012673553130533e-10;0.1;1.8012673553130534e-11;7.994587621521109e-10;;;;ORANGE;True
1787665917.4808483;6.432306862000587;Simulation RF;Détection RF large bande;2,45 GHz;2,45 GHz;;2803;2.258722658547269;-46.34890634189075;-63.048906341890756;4.955749728071056e-10;0.1;4.955749728071057e-11;2.0479653324837885e-09;;;;ORANGE;True
1787665917.4892554;6.4410298960001455;Wi-Fi;Wi-Fi;2,4/5 GHz;wlan0;-49.0;;;;-49.0;1.2589254117941661e-08;0.1;1.2589254117941663e-09;5.57127301479967e-08;;;;ROUGE;False
1787665917.5171068;6.468882482000481;BLE Sniffer;Appareil BLE;2,4 GHz BLE;6d:d7:ea:08:d0:be;-72.0;;;;-72.0;6.309573444801942e-11;0.000352;2.2209698525702838e-14;7.747129948906237e-13;34;0x00;37;VERT;False
1787665917.5810719;6.532608495000204;Simulation RF;Détection RF large bande;868 MHz;868 MHz;;2352;1.8951239805861495;-31.804959223445977;-64.80495922344598;3.3075321753576577e-10;0.1;3.307532175357658e-11;8.325340839056874e-10;;;;ORANGE;True
1787665917.5812283;6.532608495000204;Simulation RF;Détection RF large bande;2,45 GHz;2,45 GHz;;2821;2.273100424803721;-46.924016992148836;-63.62401699214883;4.3410851121676737e-10;0.1;4.341085112167674e-11;2.091376183605465e-09;;;;ORANGE;True
1787665917.5927951;6.544569513999704;Wi-Fi;Wi-Fi;2,4/5 GHz;wlan0;-49.0;;;;-49.0;1.2589254117941661e-08;0.1;1.2589254117941663e-09;5.697165555979086e-08;;;;ROUGE;False
1787665917.6184945;6.570269685000312;BLE Sniffer;iBeacon;2,4 GHz BLE;46:de:6e:42:28:32;-72.0;;;;-72.0;6.309573444801942e-11;0.000368;2.3219230276871148e-14;5.914835008390297e-13;36;0x00;38;VERT;False
1787665917.6191876;6.570961489999718;BLE Sniffer;iBeacon;2,4 GHz BLE;46:de:6e:42:28:32;-64.0;;;;-64.0;3.9810717055349694e-10;0.000368;1.4650343876368688e-13;7.379869396027166e-13;36;0x00;39;ORANGE;False
1787665917.68105;6.632685458999731;Simulation RF;Détection RF large bande;868 MHz;868 MHz;;2448;1.9730925927927014;-34.92370371170806;-67.92370371170806;1.6129824007544972e-10;0.1;1.612982400754497e-11;8.486639079132324e-10;;;;ORANGE;True
1787665917.6811912;6.632685458999731;Simulation RF;Détection RF large bande;2,45 GHz;2,45 GHz;;2783;2.2428089140646756;-45.71235656258702;-62.412356562587014;5.738050204477393e-10;0.1;5.738050204477393e-11;2.1487566856502388e-09;;;;ORANGE;True
1787665917.6896741;6.641448827000204;Wi-Fi;Wi-Fi;2,4/5 GHz;wlan0;-49.0;;;;-49.0;1.2589254117941661e-08;0.1;1.2589254117941663e-09;5.8230580971585025e-08;;;;ROUGE;False
1787665917.7217698;6.673547559000326;BLE Sniffer;Appareil BLE;2,4 GHz BLE;6d:d7:ea:08:d0:be;-72.0;;;;-72.0;6.309573444801942e-11;0.000352;2.2209698525702838e-14;7.969226934163265e-13;34;0x00;37;VERT;False
1787665917.7226167;6.6743950509999195;BLE Sniffer;Appareil BLE;2,4 GHz BLE;6d:d7:ea:08:d0:be;-72.0;;;;-72.0;6.309573444801942e-11;0.000352;2.2209698525702838e-14;8.191323919420293e-13;34;0x00;38;VERT;False
1787665917.781179;6.732768718999978;Simulation RF;Détection RF large bande;868 MHz;868 MHz;;2365;1.9061321742614519;-32.24528697045807;-65.24528697045807;2.9886241599508943e-10;0.1;2.988624159950895e-11;8.785501495127413e-10;;;;ORANGE;True
1787665917.7813287;6.732768718999978;Simulation RF;Détection RF large bande;2,45 GHz;2,45 GHz;;2722;2.193319532768572;-43.73278131074288;-60.432781310742875;9.051527369024688e-10;0.1;9.051527369024688e-11;2.2392719593404855e-09;;;;ORANGE;True
1787665917.7896686;6.741443364000588;Wi-Fi;Wi-Fi;2,4/5 GHz;wlan0;-49.0;;;;-49.0;1.2589254117941661e-08;0.1;1.2589254117941663e-09;5.948950638337919e-08;;;;ROUGE;False
1787665917.8237274;6.775501953000457;BLE Sniffer;Appareil BLE;2,4 GHz BLE;6d:d7:ea:08:d0:be;-64.0;;;;-64.0;3.9810717055349694e-10;0.000352;1.4013372403483091e-13;9.592661159768602e-13;34;0x00;39;ORANGE;False
1787665917.8253746;6.7771499549999135;BLE Sniffer;Appareil BLE;2,4 GHz BLE;57:10:3b:9d:cc:43;-71.0;;;;-71.0;7.943282347242822e-11;0.00028;2.22411905722799e-14;1.5501191346216462e-13;25;0x00;37;VERT;False
1787665917.8812482;6.832846608999716;Simulation RF;Détection RF large bande;868 MHz;868 MHz;;2408;1.9407630266091893;-33.63052106436757;-66.63052106436757;2.1724405148903033e-10;0.1;2.1724405148903034e-11;9.002745546616443e-10;;;;ORANGE;True
1787665917.8813896;6.832846608999716;Simulation RF;Détection RF large bande;2,45 GHz;2,45 GHz;;2787;2.2455897907021574;-45.82359162808629;-62.523591628086294;5.59294871684911e-10;0.1;5.59294871684911e-11;2.2952014465089766e-09;;;;ORANGE;True
1787665917.8897698;6.841544717000033;Wi-Fi;Wi-Fi;2,4/5 GHz;wlan0;-49.0;;;;-49.0;1.2589254117941661e-08;0.1;1.2589254117941663e-09;6.074843179517335e-08;;;;ROUGE;False
1787665917.9259777;6.877752813999905;BLE Sniffer;Appareil BLE;2,4 GHz BLE;57:10:3b:9d:cc:43;-78.0;;;;-78.0;1.5848931924611107e-11;0.00028;4.4377009388911094e-15;1.5944961440105572e-13;25;0x00;38;VERT;False
1787665917.926061;6.877834371000063;BLE Sniffer;Appareil BLE;2,4 GHz BLE;57:10:3b:9d:cc:43;-72.0;;;;-72.0;6.309573444801942e-11;0.00028;1.7666805645445437e-14;1.7711642004650116e-13;25;0x00;39;VERT;False
1787665917.9269753;6.878749419000087;BLE Sniffer;iBeacon;2,4 GHz BLE;46:de:6e:42:28:32;-71.0;;;;-71.0;7.943282347242822e-11;0.000368;2.923127903785358e-14;7.672182186405701e-13;36;0x00;37;VERT;False
1787665917.9813013;6.932921313999941;Simulation RF;Détection RF large bande;868 MHz;868 MHz;;2387;1.9236647616420808;-32.94659046568323;-65.94659046568323;2.5429683411485543e-10;0.1;2.5429683411485546e-11;9.257042380731299e-10;;;;ORANGE;True
1787665917.981433;6.932921313999941;Simulation RF;Détection RF large bande;2,45 GHz;2,45 GHz;;2796;2.2530307866912014;-46.121231467648045;-62.82123146764805;5.222480814744106e-10;0.1;5.2224808147441065e-11;2.3474262546564177e-09;;;;ORANGE;True
1787665917.9898953;6.941670015000454;Wi-Fi;Wi-Fi;2,4/5 GHz;wlan0;-49.0;;;;-49.0;1.2589254117941661e-08;0.1;1.2589254117941663e-09;6.200735720696752e-08;;;;ROUGE;False
1787665918.0279598;6.9797351719998915;BLE Sniffer;Appareil Apple BLE;2,4 GHz BLE;46:de:6e:42:28:32;-72.0;;;;-72.0;6.309573444801942e-11;0.000368;2.3219230276871148e-14;7.904374489174413e-13;36;0x00;38;VERT;False
1787665918.0280387;6.979812135999964;BLE Sniffer;iBeacon;2,4 GHz BLE;46:de:6e:42:28:32;-65.0;;;;-65.0;3.1622776601683795e-10;0.000368;1.1637181789419636e-13;9.068092668116376e-13;36;0x00;39;ORANGE;False
1787665918.0281262;6.9798998590003976;Simulation LoRa;LoRa;868 MHz;LoRa 868.100 MHz;-86.1124580198416;;;;-86.1124580198416;2.44767751325327e-12;0.041216;1.0088347638624678e-13;4.4394184584543835e-13;12;"SNR=8.64;SF=7;BW=125.0;CR=4/5;F=868.100;CRC=OK;PAYLOAD=54454d504f5f4c4f52415f36";7;VERT;True
1787665918.0290613;6.98083590799979;BLE Sniffer;Appareil BLE;2,4 GHz BLE;6d:d7:ea:08:d0:be;-72.0;;;;-72.0;6.309573444801942e-11;0.000352;2.2209698525702838e-14;9.81475814502563e-13;34;0x00;37;VERT;False
1787665918.0814028;7.033001055000568;Simulation RF;Détection RF large bande;868 MHz;868 MHz;;2383;1.9200902311560482;-32.80360924624192;-65.80360924624192;2.6280829903331044e-10;0.1;2.6280829903331046e-11;9.51985067976461e-10;;;;ORANGE;True
1787665918.081545;7.033001055000568;Simulation RF;Détection RF large bande;2,45 GHz;2,45 GHz;;2780;2.240676677983149;-45.62706711932594;-62.32706711932594;5.851851383912981e-10;0.1;5.851851383912981e-11;2.4059447684955475e-09;;;;ORANGE;True
1787665918.090045;7.041819349999969;Wi-Fi;Wi-Fi;2,4/5 GHz;wlan0;-49.0;;;;-49.0;1.2589254117941661e-08;0.1;1.2589254117941663e-09;6.326628261876168e-08;;;;ROUGE;False
1787665918.130275;7.0820503120003195;BLE Sniffer;Appareil BLE;2,4 GHz BLE;6d:d7:ea:08:d0:be;-72.0;;;;-72.0;6.309573444801942e-11;0.000352;2.2209698525702838e-14;1.0036855130282659e-12;34;0x00;38;VERT;False
1787665918.1303513;7.082124905000455;BLE Sniffer;Appareil BLE;2,4 GHz BLE;6d:d7:ea:08:d0:be;-65.0;;;;-65.0;3.1622776601683795e-10;0.000352;1.1131217363792695e-13;1.1149976866661927e-12;34;0x00;39;ORANGE;False
1787665918.1314414;7.083215714999824;BLE Sniffer;Appareil BLE;2,4 GHz BLE;57:10:3b:9d:cc:43;-70.0;;;;-70.0;1e-10;0.00028;2.7999999999999997e-14;2.0511642004650117e-13;25;0x00;37;ORANGE;False
1787665918.18148;7.133076723000158;Simulation RF;Détection RF large bande;868 MHz;868 MHz;;2400;1.93417506216897;-33.36700248675879;-66.36700248675879;2.3083398619603478e-10;0.1;2.308339861960348e-11;9.750684665960643e-10;;;;ORANGE;True
1787665918.1816196;7.133076723000158;Simulation RF;Détection RF large bande;2,45 GHz;2,45 GHz;;2781;2.2410126129493224;-45.6405045179729;-62.340504517972896;5.833773296515727e-10;0.1;5.833773296515727e-11;2.4642825014607047e-09;;;;ORANGE;True
1787665918.1902788;7.142053001000022;Wi-Fi;Wi-Fi;2,4/5 GHz;wlan0;-49.0;;;;-49.0;1.2589254117941661e-08;0.1;1.2589254117941663e-09;6.452520803055584e-08;;;;ROUGE;False
1787665918.2324696;7.18424489500012;BLE Sniffer;iBeacon;2,4 GHz BLE;46:de:6e:42:28:32;-72.0;;;;-72.0;6.309573444801942e-11;0.000368;2.3219230276871148e-14;9.300284970885088e-13;36;0x00;38;VERT;False
1787665918.2333038;7.185078035000515;BLE Sniffer;iBeacon;2,4 GHz BLE;46:de:6e:42:28:32;-65.0;;;;-65.0;3.1622776601683795e-10;0.000368;1.1637181789419636e-13;1.0464003149827051e-12;36;0x00;39;ORANGE;False
1787665918.2815564;7.233155075000468;Simulation RF;Détection RF large bande;868 MHz;868 MHz;;2316;1.8663899984078631;-30.655599936314523;-63.65559993631452;4.3096302047091893e-10;0.1;4.309630204709189e-11;1.0181647686431563e-09;;;;ORANGE;True
1787665918.2816966;7.233155075000468;Simulation RF;Détection RF large bande;2,45 GHz;2,45 GHz;;2795;2.252424527308356;-46.09698109233423;-62.79698109233423;5.251723960527301e-10;0.1;5.251723960527301e-11;2.5167997410659776e-09;;;;ORANGE;True
1787665918.2924116;7.244186601000365;Wi-Fi;Wi-Fi;2,4/5 GHz;wlan0;-49.0;;;;-49.0;1.2589254117941661e-08;0.1;1.2589254117941663e-09;6.578413344235001e-08;;;;ROUGE;False
1787665918.3343213;7.2860966400003235;BLE Sniffer;Appareil BLE;2,4 GHz BLE;6d:d7:ea:08:d0:be;-72.0;;;;-72.0;6.309573444801942e-11;0.000352;2.2209698525702838e-14;1.1372073851918955e-12;34;0x00;37;VERT;False
1787665918.335082;7.286856038000224;BLE Sniffer;Appareil BLE;2,4 GHz BLE;6d:d7:ea:08:d0:be;-72.0;;;;-72.0;6.309573444801942e-11;0.000352;2.2209698525702838e-14;1.1594170837175984e-12;34;0x00;38;VERT;False
1787665918.3353455;7.287119171000086;BLE Sniffer;Appareil BLE;2,4 GHz BLE;6d:d7:ea:08:d0:be;-64.0;;;;-64.0;3.9810717055349694e-10;0.000352;1.4013372403483091e-13;1.2995508077524293e-12;34;0x00;39;ORANGE;False
1787665918.381641;7.33323409500008;Simulation RF;Détection RF large bande;868 MHz;868 MHz;;2377;1.9154724638349134;-32.618898553396534;-65.61889855339653;2.742269571165502e-10;0.1;2.742269571165502e-11;1.0455874643548112e-09;;;;ORANGE;True
1787665918.3817823;7.33323409500008;Simulation RF;Détection RF large bande;2,45 GHz;2,45 GHz;;2835;2.2846778765589;-47.38711506235599;-64.08711506235599;3.9020110395535946e-10;0.1;3.902011039553595e-11;2.5558198514615135e-09;;;;ORANGE;True
1787665918.3901818;7.3419559809999555;Wi-Fi;Wi-Fi;2,4/5 GHz;wlan0;-49.0;;;;-49.0;1.2589254117941661e-08;0.1;1.2589254117941663e-09;6.704305885414417e-08;;;;ROUGE;False
1787665918.4363148;7.3880898859997615;BLE Sniffer;Appareil BLE;2,4 GHz BLE;57:10:3b:9d:cc:43;-70.0;;;;-70.0;1e-10;0.00028;2.7999999999999997e-14;2.331164200465012e-13;25;0x00;37;ORANGE;False
1787665918.4816914;7.433315762000348;Simulation RF;Détection RF large bande;868 MHz;868 MHz;;2335;1.8813992784711147;-31.255971138844586;-64.25597113884459;3.7532101843544593e-10;0.1;3.7532101843544594e-11;1.0831195661983559e-09;;;;ORANGE;True
1787665918.4818332;7.433315762000348;Simulation RF;Détection RF large bande;2,45 GHz;2,45 GHz;;2756;2.221307218497282;-44.85228873989128;-61.55228873989128;6.994732751526091e-10;0.1;6.994732751526091e-11;2.6257671789767742e-09;;;;ORANGE;True
1787665918.4901953;7.441969628999686;Wi-Fi;Wi-Fi;2,4/5 GHz;wlan0;-49.0;;;;-49.0;1.2589254117941661e-08;0.1;1.2589254117941663e-09;6.830198426593834e-08;;;;ROUGE;False
1787665918.5818522;7.533410781999919;Simulation RF;Détection RF large bande;868 MHz;868 MHz;;2417;1.9476894469475443;-33.90757787790177;-66.90757787790177;2.0381784819116245e-10;0.1;2.0381784819116245e-11;1.103501351017472e-09;;;;ORANGE;True
1787665918.58201;7.533410781999919;Simulation RF;Détection RF large bande;2,45 GHz;2,45 GHz;;2723;2.194294256715352;-43.77177026861406;-60.471770268614065;8.970630596484778e-10;0.1;8.970630596484779e-11;2.715473484941622e-09;;;;ORANGE;True
1787665918.5873945;7.539169390000097;Wi-Fi;Wi-Fi;2,4/5 GHz;wlan0;-49.0;;;;-49.0;1.2589254117941661e-08;0.1;1.2589254117941663e-09;6.95609096777325e-08;;;;ROUGE;False
1787665918.6396792;7.591454761000023;BLE Sniffer;Appareil BLE;2,4 GHz BLE;6d:d7:ea:08:d0:be;-72.0;;;;-72.0;6.309573444801942e-11;0.000352;2.2209698525702838e-14;1.3217605062781321e-12;34;0x00;38;VERT;False
1787665918.639755;7.5915284660004545;BLE Sniffer;Appareil BLE;2,4 GHz BLE;6d:d7:ea:08:d0:be;-65.0;;;;-65.0;3.1622776601683795e-10;0.000352;1.1131217363792695e-13;1.433072679916059e-12;34;0x00;39;ORANGE;False
1787665918.6818871;7.633488708999721;Simulation RF;Détection RF large bande;868 MHz;868 MHz;;2324;1.8731068356425336;-30.924273425701337;-63.92427342570134;4.051097142881762e-10;0.1;4.0510971428817625e-11;1.1440123224462897e-09;;;;ORANGE;True
1787665918.6820254;7.633488708999721;Simulation RF;Détection RF large bande;2,45 GHz;2,45 GHz;;2766;2.2294078666504613;-45.176314666018456;-61.87631466601846;6.491850850400306e-10;0.1;6.491850850400306e-11;2.780391993445625e-09;;;;ORANGE;True
1787665918.6904857;7.642260706000343;Wi-Fi;Wi-Fi;2,4/5 GHz;wlan0;-49.0;;;;-49.0;1.2589254117941661e-08;0.1;1.2589254117941663e-09;7.081983508952666e-08;;;;ROUGE;False
1787665918.741524;7.693299653999929;BLE Sniffer;Appareil BLE;2,4 GHz BLE;57:10:3b:9d:cc:43;-70.0;;;;-70.0;1e-10;0.00028;2.7999999999999997e-14;2.6111642004650116e-13;25;0x00;37;ORANGE;False
1787665918.7425432;7.69431820400041;BLE Sniffer;iBeacon;2,4 GHz BLE;46:de:6e:42:28:32;-72.0;;;;-72.0;6.309573444801942e-11;0.000368;2.3219230276871148e-14;1.0696195452595763e-12;36;0x00;38;VERT;False
1787665918.7425957;7.694369186000586;BLE Sniffer;iBeacon;2,4 GHz BLE;46:de:6e:42:28:32;-65.0;;;;-65.0;3.1622776601683795e-10;0.000368;1.1637181789419636e-13;1.1859913631537726e-12;36;0x00;39;ORANGE;False
1787665918.7819684;7.733572080000158;Simulation RF;Détection RF large bande;868 MHz;868 MHz;;2409;1.9409739877185115;-33.638959508740456;-66.63895950874046;2.168223509849169e-10;0.1;2.1682235098491692e-11;1.1656945575447815e-09;;;;ORANGE;True
1787665918.782117;7.733572080000158;Simulation RF;Détection RF large bande;2,45 GHz;2,45 GHz;;2713;2.186035793683741;-43.44143174734964;-60.14143174734964;9.679586947659233e-10;0.1;9.679586947659234e-11;2.8771878629222174e-09;;;;ORANGE;True
1787665918.790491;7.742266095000559;Wi-Fi;Wi-Fi;2,4/5 GHz;wlan0;-49.0;;;;-49.0;1.2589254117941661e-08;0.1;1.2589254117941663e-09;7.207876050132083e-08;;;;ROUGE;False
1787665918.8448198;7.7965947140000935;BLE Sniffer;Appareil BLE;2,4 GHz BLE;6d:d7:ea:08:d0:be;-72.0;;;;-72.0;6.309573444801942e-11;0.000352;2.2209698525702838e-14;1.4552823784417618e-12;34;0x00;37;VERT;False
1787665918.844887;7.796660640000482;BLE Sniffer;Appareil BLE;2,4 GHz BLE;6d:d7:ea:08:d0:be;-72.0;;;;-72.0;6.309573444801942e-11;0.000352;2.2209698525702838e-14;1.4774920769674646e-12;34;0x00;38;VERT;False
1787665918.8820465;7.833651044000362;Simulation RF;Détection RF large bande;868 MHz;868 MHz;;2455;1.9782223774489864;-35.12889509795946;-68.12889509795946;1.5385460167719338e-10;0.1;1.538546016771934e-11;1.1810800177125008e-09;;;;ORANGE;True
1787665918.8821805;7.833651044000362;Simulation RF;Détection RF large bande;2,45 GHz;2,45 GHz;;2773;2.2348951929257836;-45.395807717031346;-62.09580771703134;6.171904938300024e-10;0.1;6.171904938300024e-11;2.9389069123052178e-09;;;;ORANGE;True
1787665918.8906162;7.842390818999775;Wi-Fi;Wi-Fi;2,4/5 GHz;wlan0;-49.0;;;;-49.0;1.2589254117941661e-08;0.1;1.2589254117941663e-09;7.333768591311499e-08;;;;ROUGE;False
1787665918.9456973;7.897471928000414;BLE Sniffer;Appareil BLE;2,4 GHz BLE;6d:d7:ea:08:d0:be;-64.0;;;;-64.0;3.9810717055349694e-10;0.000352;1.4013372403483091e-13;1.6176258010022956e-12;34;0x00;39;ORANGE;False
1787665918.946752;7.898526423000476;BLE Sniffer;Appareil BLE;2,4 GHz BLE;57:10:3b:9d:cc:43;-71.0;;;;-71.0;7.943282347242822e-11;0.00028;2.22411905722799e-14;2.8335761061878106e-13;25;0x00;37;VERT;False
1787665918.982082;7.933723025999825;Simulation RF;Détection RF large bande;868 MHz;868 MHz;;2361;1.902891492504464;-32.115659700178554;-65.11565970017855;3.079172574797765e-10;0.1;3.0791725747977654e-11;1.2118717434604784e-09;;;;ORANGE;True
1787665918.982219;7.933723025999825;Simulation RF;Détection RF large bande;2,45 GHz;2,45 GHz;;2742;2.209553237546317;-44.382129501852674;-61.08212950185268;7.79447825538587e-10;0.1;7.794478255385871e-11;3.0168516948590763e-09;;;;ORANGE;True
1787665918.9906762;7.942450931000167;Wi-Fi;Wi-Fi;2,4/5 GHz;wlan0;-49.0;;;;-49.0;1.2589254117941661e-08;0.1;1.2589254117941663e-09;7.459661132490915e-08;;;;ROUGE;False
1787665919.0476232;7.9993982850000975;Simulation LoRa;LoRa;868 MHz;LoRa 868.100 MHz;-90.53025537958416;;;;-90.53025537958416;8.850635636225709e-13;0.041216;3.647877983826789e-14;4.804206256837062e-13;12;"SNR=7.97;SF=7;BW=125.0;CR=4/5;F=868.100;CRC=OK;PAYLOAD=54454d504f5f4c4f52415f37";7;VERT;True
1787665919.0486887;8.000462558000436;BLE Sniffer;iBeacon;2,4 GHz BLE;46:de:6e:42:28:32;-72.0;;;;-72.0;6.309573444801942e-11;0.000368;2.3219230276871148e-14;1.2092105934306439e-12;36;0x00;38;VERT;False
1787665919.0487468;8.000520133000464;BLE Sniffer;iBeacon;2,4 GHz BLE;46:de:6e:42:28:32;-65.0;;;;-65.0;3.1622776601683795e-10;0.000368;1.1637181789419636e-13;1.3255824113248402e-12;36;0x00;39;ORANGE;False
1787665919.0821688;8.033802619999733;Simulation RF;Détection RF large bande;868 MHz;868 MHz;;2368;1.907884316013095;-32.31537264052379;-65.31537264052379;2.9407813531431953e-10;0.1;2.940781353143195e-11;1.2412795569919103e-09;;;;ORANGE;True
1787665919.0823119;8.033802619999733;Simulation RF;Détection RF large bande;2,45 GHz;2,45 GHz;;2750;2.216279981632986;-44.65119926531945;-61.351199265319444;7.32622198144516e-10;0.1;7.32622198144516e-11;3.090113914673528e-09;;;;ORANGE;True
1787665919.0907314;8.042505856999924;Wi-Fi;Wi-Fi;2,4/5 GHz;wlan0;-49.0;;;;-49.0;1.2589254117941661e-08;0.1;1.2589254117941663e-09;7.585553673670332e-08;;;;ROUGE;False
1787665919.150715;8.102490009000576;BLE Sniffer;Appareil BLE;2,4 GHz BLE;6d:d7:ea:08:d0:be;-73.0;;;;-73.0;5.011872336272715e-11;0.000352;1.7641790623679955e-14;1.6352675916259755e-12;34;0x00;37;VERT;False
1787665919.150784;8.102557584000351;BLE Sniffer;Appareil BLE;2,4 GHz BLE;6d:d7:ea:08:d0:be;-72.0;;;;-72.0;6.309573444801942e-11;0.000352;2.2209698525702838e-14;1.6574772901516783e-12;34;0x00;38;VERT;False
1787665919.1822848;8.133882954;Simulation RF;Détection RF large bande;868 MHz;868 MHz;;2389;1.9249629882968753;-32.998519531875004;-65.998519531875;2.5127428554036387e-10;0.1;2.5127428554036388e-11;1.2664069855459467e-09;;;;ORANGE;True
1787665919.18242;8.133882954;Simulation RF;Détection RF large bande;2,45 GHz;2,45 GHz;;2758;2.222568600777965;-44.9027440311186;-61.6027440311186;6.913939849158075e-10;0.1;6.913939849158075e-11;3.1592533131651085e-09;;;;ORANGE;True
1787665919.1936243;8.145398929999828;Wi-Fi;Wi-Fi;2,4/5 GHz;wlan0;-49.0;;;;-49.0;1.2589254117941661e-08;0.1;1.2589254117941663e-09;7.711446214849748e-08;;;;ROUGE;False
1787665919.2516124;8.20338748300037;BLE Sniffer;Appareil BLE;2,4 GHz BLE;6d:d7:ea:08:d0:be;-65.0;;;;-65.0;3.1622776601683795e-10;0.000352;1.1131217363792695e-13;1.7687894637896051e-12;34;0x00;39;ORANGE;False
1787665919.2527838;8.204558238000573;BLE Sniffer;Appareil BLE;2,4 GHz BLE;57:10:3b:9d:cc:43;-75.0;;;;-75.0;3.1622776601683794e-11;0.00028;8.854377448471461e-15;2.9221198806725254e-13;25;0x00;37;VERT;False
1787665919.2823544;8.233958861999781;Simulation RF;Détection RF large bande;868 MHz;868 MHz;;2304;1.8566062690257144;-30.26425076102857;-63.26425076102857;4.716012243247252e-10;0.1;4.716012243247252e-11;1.3135671079784192e-09;;;;ORANGE;True
1787665919.2824883;8.233958861999781;Simulation RF;Détection RF large bande;2,45 GHz;2,45 GHz;;2765;2.2279671538861625;-45.1186861554465;-61.8186861554465;6.57856824659264e-10;0.1;6.57856824659264e-11;3.225038995631035e-09;;;;ORANGE;True
1787665919.2908974;8.242671859000438;Wi-Fi;Wi-Fi;2,4/5 GHz;wlan0;-49.0;;;;-49.0;1.2589254117941661e-08;0.1;1.2589254117941663e-09;7.837338756029165e-08;;;;ROUGE;False
1787665919.3540103;8.305789512000047;BLE Sniffer;Appareil BLE;2,4 GHz BLE;d3:23:2f:4d:3e:b1;-77.0;;;;-77.0;1.9952623149688828e-11;0.000376;7.502186304282999e-15;3.12261824567383e-14;37;0x00;38;VERT;False
1787665919.3542032;8.305976755000302;BLE Sniffer;Appareil BLE;2,4 GHz BLE;d3:23:2f:4d:3e:b1;-80.0;;;;-80.0;1e-11;0.000376;3.7599999999999996e-15;3.49861824567383e-14;37;0x00;39;VERT;False
1787665919.355698;8.307473589000438;BLE Sniffer;iBeacon;2,4 GHz BLE;46:de:6e:42:28:32;-72.0;;;;-72.0;6.309573444801942e-11;0.000368;2.3219230276871148e-14;1.3488016416017114e-12;36;0x00;37;VERT;False
1787665919.3557742;8.307547700999748;BLE Sniffer;iBeacon;2,4 GHz BLE;46:de:6e:42:28:32;-72.0;;;;-72.0;6.309573444801942e-11;0.000368;2.3219230276871148e-14;1.3720208718785826e-12;36;0x00;38;VERT;False
1787665919.3558128;8.307586238000113;BLE Sniffer;iBeacon;2,4 GHz BLE;46:de:6e:42:28:32;-65.0;;;;-65.0;3.1622776601683795e-10;0.000368;1.1637181789419636e-13;1.488392689772779e-12;36;0x00;39;ORANGE;False
1787665919.3824272;8.334044121999796;Simulation RF;Détection RF large bande;868 MHz;868 MHz;;2327;1.8755521393956025;-31.022085575824093;-64.0220855758241;3.9608777867767053e-10;0.1;3.9608777867767054e-11;1.3531758858461862e-09;;;;ORANGE;True
1787665919.3825762;8.334044121999796;Simulation RF;Détection RF large bande;2,45 GHz;2,45 GHz;;2782;2.24201712985692;-45.680685194276805;-62.3806851942768;5.780048473389611e-10;0.1;5.780048473389611e-11;3.282839480364931e-09;;;;ORANGE;True
1787665919.3909628;8.342737545000091;Wi-Fi;Wi-Fi;2,4/5 GHz;wlan0;-49.0;;;;-49.0;1.2589254117941661e-08;0.1;1.2589254117941663e-09;7.963231297208581e-08;;;;ROUGE;False
1787665919.4589195;8.410694684000191;BLE Sniffer;Appareil BLE;2,4 GHz BLE;6d:d7:ea:08:d0:be;-73.0;;;;-73.0;5.011872336272715e-11;0.000352;1.7641790623679955e-14;1.786431254413285e-12;34;0x00;37;VERT;False
1787665919.4592083;8.410982188000162;BLE Sniffer;Appareil BLE;2,4 GHz BLE;6d:d7:ea:08:d0:be;-72.0;;;;-72.0;6.309573444801942e-11;0.000352;2.2209698525702838e-14;1.8086409529389879e-12;34;0x00;38;VERT;False
1787665919.4592483;8.411021799000082;BLE Sniffer;Appareil BLE;2,4 GHz BLE;6d:d7:ea:08:d0:be;-65.0;;;;-65.0;3.1622776601683795e-10;0.000352;1.1131217363792695e-13;1.9199531265769147e-12;34;0x00;39;ORANGE;False
1787665919.4824786;8.43412136400002;Simulation RF;Détection RF large bande;868 MHz;868 MHz;;2449;1.973482369041259;-34.93929476165036;-67.93929476165036;1.6072022207811103e-10;0.1;1.6072022207811102e-11;1.3692479080539972e-09;;;;ORANGE;True
1787665919.482617;8.43412136400002;Simulation RF;Détection RF large bande;2,45 GHz;2,45 GHz;;2712;2.1855331863585654;-43.42132745434262;-60.12132745434261;9.724499415742345e-10;0.1;9.724499415742346e-11;3.3800844745223544e-09;;;;ORANGE;True
1787665919.4933593;8.445133666999936;Wi-Fi;Wi-Fi;2,4/5 GHz;wlan0;-49.0;;;;-49.0;1.2589254117941661e-08;0.1;1.2589254117941663e-09;8.089123838387997e-08;;;;ROUGE;False
1787665919.5614269;8.513202567000008;BLE Sniffer;Appareil BLE;2,4 GHz BLE;57:10:3b:9d:cc:43;-70.0;;;;-70.0;1e-10;0.00028;2.7999999999999997e-14;3.2021198806725253e-13;25;0x00;37;ORANGE;False
1787665919.5617526;8.51352636699994;BLE Sniffer;iBeacon;2,4 GHz BLE;46:de:6e:42:28:32;-72.0;;;;-72.0;6.309573444801942e-11;0.000368;2.3219230276871148e-14;1.5116119200496501e-12;36;0x00;38;VERT;False
1787665919.5826006;8.534203179000542;Simulation RF;Détection RF large bande;868 MHz;868 MHz;;2336;1.882663388060365;-31.306535522414592;-64.30653552241459;3.709765412017112e-10;0.1;3.709765412017112e-11;1.4063455621741684e-09;;;;ORANGE;True
1787665919.5827577;8.534203179000542;Simulation RF;Détection RF large bande;2,45 GHz;2,45 GHz;;2727;2.197214168930994;-43.88856675723976;-60.588566757239754;8.732595107485134e-10;0.1;8.732595107485135e-11;3.4674104255972056e-09;;;;ORANGE;True
1787665919.5909913;8.5427657299997;Wi-Fi;Wi-Fi;2,4/5 GHz;wlan0;-49.0;;;;-49.0;1.2589254117941661e-08;0.1;1.2589254117941663e-09;8.215016379567414e-08;;;;ROUGE;False
1787665919.6633492;8.615123960999881;BLE Sniffer;iBeacon;2,4 GHz BLE;46:de:6e:42:28:32;-65.0;;;;-65.0;3.1622776601683795e-10;0.000368;1.1637181789419636e-13;1.6279837379438464e-12;36;0x00;39;ORANGE;False
1787665919.6826375;8.63427962500009;Simulation RF;Détection RF large bande;868 MHz;868 MHz;;2506;2.019368237957546;-36.77472951830184;-69.77472951830184;1.053239281580069e-10;0.1;1.053239281580069e-11;1.416877954989969e-09;;;;ORANGE;True
1787665919.6827784;8.63427962500009;Simulation RF;Détection RF large bande;2,45 GHz;2,45 GHz;;2748;2.214519979278773;-44.580799171150915;-61.28079917115092;7.445949439466804e-10;0.1;7.445949439466805e-11;3.5418699199918737e-09;;;;ORANGE;True
1787665919.6909633;8.642737563000082;Wi-Fi;Wi-Fi;2,4/5 GHz;wlan0;-49.0;;;;-49.0;1.2589254117941661e-08;0.1;1.2589254117941663e-09;8.34090892074683e-08;;;;ROUGE;False
1787665919.7653348;8.717109244999847;BLE Sniffer;Appareil BLE;2,4 GHz BLE;6d:d7:ea:08:d0:be;-73.0;;;;-73.0;5.011872336272715e-11;0.000352;1.7641790623679955e-14;1.937594917200595e-12;34;0x00;37;VERT;False
1787665919.7654047;8.717178283000067;BLE Sniffer;Appareil BLE;2,4 GHz BLE;6d:d7:ea:08:d0:be;-72.0;;;;-72.0;6.309573444801942e-11;0.000352;2.2209698525702838e-14;1.9598046157262976e-12;34;0x00;38;VERT;False
1787665919.7654428;8.717216449999796;BLE Sniffer;Appareil BLE;2,4 GHz BLE;6d:d7:ea:08:d0:be;-65.0;;;;-65.0;3.1622776601683795e-10;0.000352;1.1131217363792695e-13;2.0711167893642247e-12;34;0x00;39;ORANGE;False
1787665919.7827084;8.734357162000379;Simulation RF;Détection RF large bande;868 MHz;868 MHz;;2403;1.9367268677779788;-33.46907471111915;-66.46907471111915;2.2547195416934706e-10;0.1;2.2547195416934706e-11;1.4394251504069038e-09;;;;ORANGE;True
1787665919.7828562;8.734357162000379;Simulation RF;Détection RF large bande;2,45 GHz;2,45 GHz;;2783;2.24310665720787;-45.724266288314794;-62.42426628831479;5.722336215565793e-10;0.1;5.722336215565793e-11;3.5990932821475316e-09;;;;ORANGE;True
1787665919.7909029;8.74267728399991;Wi-Fi;Wi-Fi;2,4/5 GHz;wlan0;-49.0;;;;-49.0;1.2589254117941661e-08;0.1;1.2589254117941663e-09;8.466801461926246e-08;;;;ROUGE;False
1787665919.867571;8.819345939000414;BLE Sniffer;Appareil BLE;2,4 GHz BLE;57:10:3b:9d:cc:43;-72.0;;;;-72.0;6.309573444801942e-11;0.00028;1.7666805645445437e-14;3.3787879371269794e-13;25;0x00;37;VERT;False
1787665919.8676424;8.8194157730004;BLE Sniffer;iBeacon;2,4 GHz BLE;46:de:6e:42:28:32;-73.0;;;;-73.0;5.011872336272715e-11;0.000368;1.844369019748359e-14;1.64642742814133e-12;36;0x00;38;VERT;False
1787665919.8827856;8.834433904000434;Simulation RF;Détection RF large bande;868 MHz;868 MHz;;2391;1.9269560800223229;-33.07824320089291;-66.07824320089291;2.467037096187813e-10;0.1;2.4670370961878132e-11;1.464095521368782e-09;;;;ORANGE;True
1787665919.8829255;8.834433904000434;Simulation RF;Détection RF large bande;2,45 GHz;2,45 GHz;;2779;2.2393855231331163;-45.57542092532465;-62.27542092532465;5.921856884878045e-10;0.1;5.921856884878045e-11;3.6583118509963123e-09;;;;ORANGE;True
1787665919.890914;8.842689080000127;Wi-Fi;Wi-Fi;2,4/5 GHz;wlan0;-49.0;;;;-49.0;1.2589254117941661e-08;0.1;1.2589254117941663e-09;8.592694003105663e-08;;;;ROUGE;False
1787665919.9695303;8.921305500000017;BLE Sniffer;Appareil BLE;2,4 GHz BLE;77:e9:68:c2:03:47;-95.0;;;;-95.0;3.162277660168379e-13;0.00026399999999999997;8.34841302284452e-17;8.34841302284452e-17;23;0x00;39;VERT;False
1787665919.9696043;8.921377946000575;BLE Sniffer;Appareil BLE;2,4 GHz BLE;6d:d7:ea:08:d0:be;-72.0;;;;-72.0;6.309573444801942e-11;0.000352;2.2209698525702838e-14;2.0933264878899275e-12;34;0x00;37;VERT;False
1787665919.982857;8.934506775000045;Simulation RF;Détection RF large bande;868 MHz;868 MHz;;2396;1.930772424182269;-33.23089696729076;-66.23089696729076;2.381827489359722e-10;0.1;2.381827489359722e-11;1.487913796262379e-09;;;;ORANGE;True
1787665919.982992;8.934506775000045;Simulation RF;Détection RF large bande;2,45 GHz;2,45 GHz;;2755;2.220072640360113;-44.80290561440452;-61.502905614404526;7.074722970174179e-10;0.1;7.074722970174179e-11;3.729059080698054e-09;;;;ORANGE;True
1787665919.9908915;8.942666228000235;Wi-Fi;Wi-Fi;2,4/5 GHz;wlan0;-49.0;;;;-49.0;1.2589254117941661e-08;0.1;1.2589254117941663e-09;8.718586544285079e-08;;;;ROUGE;False
1787665920.0705276;9.022302475000288;Simulation LoRa;LoRa;868 MHz;LoRa 868.100 MHz;-86.67058329336093;;;;-86.67058329336093;2.152492617771743e-12;0.041216;8.871713573408016e-14;5.691377614177864e-13;12;"SNR=10.35;SF=7;BW=125.0;CR=4/5;F=868.100;CRC=OK;PAYLOAD=54454d504f5f4c4f52415f38";7;VERT;True
1787665920.07161;9.023383915000522;BLE Sniffer;Appareil BLE;2,4 GHz BLE;6d:d7:ea:08:d0:be;-73.0;;;;-73.0;5.011872336272715e-11;0.000352;1.7641790623679955e-14;2.1109682785136076e-12;34;0x00;38;VERT;False
1787665920.0716634;9.023436934000529;BLE Sniffer;Appareil BLE;2,4 GHz BLE;6d:d7:ea:08:d0:be;-65.0;;;;-65.0;3.1622776601683795e-10;0.000352;1.1131217363792695e-13;2.2222804521515347e-12;34;0x00;39;ORANGE;False
1787665920.0829825;9.034583960999953;Simulation RF;Détection RF large bande;868 MHz;868 MHz;;2360;1.9016712754528904;-32.066851018115614;-65.06685101811561;3.1139733981731305e-10;0.1;3.1139733981731306e-11;1.5190535302441104e-09;;;;ORANGE;True
1787665920.083122;9.034583960999953;Simulation RF;Détection RF large bande;2,45 GHz;2,45 GHz;;2753;2.2189190187546997;-44.75676075018798;-61.45676075018798;7.150294425501149e-10;0.1;7.150294425501149e-11;3.800562024953066e-09;;;;ORANGE;True
1787665920.0908916;9.042666098000154;Wi-Fi;Wi-Fi;2,4/5 GHz;wlan0;-49.0;;;;-49.0;1.2589254117941661e-08;0.1;1.2589254117941663e-09;8.844479085464496e-08;;;;ROUGE;False
1787665920.1728678;9.124642912000127;BLE Sniffer;Appareil BLE;2,4 GHz BLE;57:10:3b:9d:cc:43;-73.0;;;;-73.0;5.011872336272715e-11;0.00028;1.40332425415636e-14;3.5191203625426153e-13;25;0x00;37;VERT;False
1787665920.1744235;9.126198746000227;BLE Sniffer;Appareil BLE;2,4 GHz BLE;57:10:3b:9d:cc:43;-76.0;;;;-76.0;2.5118864315095823e-11;0.000312;7.837085666309897e-15;3.5974912192057143e-13;29;0x00;38;VERT;False
1787665920.1744885;9.126262210000277;BLE Sniffer;Appareil BLE;2,4 GHz BLE;57:10:3b:9d:cc:43;-72.0;;;;-72.0;6.309573444801942e-11;0.00028;1.7666805645445437e-14;3.7741592756601684e-13;25;0x00;39;VERT;False
1787665920.174803;9.12657658399985;BLE Sniffer;iBeacon;2,4 GHz BLE;46:de:6e:42:28:32;-71.0;;;;-71.0;7.943282347242822e-11;0.000368;2.923127903785358e-14;1.6756587071791835e-12;36;0x00;37;VERT;False
1787665920.1830487;9.134666369000115;Simulation RF;Détection RF large bande;868 MHz;868 MHz;;2361;1.902480818908728;-32.099232756349124;-65.09923275634912;3.0908414258654566e-10;0.1;3.0908414258654565e-11;1.549961944502765e-09;;;;ORANGE;True
1787665920.183203;9.134666369000115;Simulation RF;Détection RF large bande;2,45 GHz;2,45 GHz;;2751;2.2172410106351754;-44.68964042540702;-61.38964042540702;7.261660779464051e-10;0.1;7.261660779464052e-11;3.873178632747707e-09;;;;ORANGE;True
1787665920.194475;9.146249532000184;Wi-Fi;Wi-Fi;2,4/5 GHz;wlan0;-49.0;;;;-49.0;1.2589254117941661e-08;0.1;1.2589254117941663e-09;8.970371626643912e-08;;;;ROUGE;False
1787665920.2770042;9.228779130000476;BLE Sniffer;iBeacon;2,4 GHz BLE;46:de:6e:42:28:32;-72.0;;;;-72.0;6.309573444801942e-11;0.000368;2.3219230276871148e-14;1.6988779374560548e-12;36;0x00;38;VERT;False
1787665920.2770755;9.228849074999744;BLE Sniffer;iBeacon;2,4 GHz BLE;46:de:6e:42:28:32;-65.0;;;;-65.0;3.1622776601683795e-10;0.000368;1.1637181789419636e-13;1.815249755350251e-12;36;0x00;39;ORANGE;False
1787665920.2771142;9.228887557000235;BLE Sniffer;Appareil BLE;2,4 GHz BLE;6d:d7:ea:08:d0:be;-72.0;;;;-72.0;6.309573444801942e-11;0.000352;2.2209698525702838e-14;2.2444901506772375e-12;34;0x00;37;VERT;False
1787665920.283094;9.234743685000467;Simulation RF;Détection RF large bande;868 MHz;868 MHz;;2346;1.8908205652875194;-31.63282261150077;-64.63282261150077;3.441262000164242e-10;0.1;3.441262000164242e-11;1.5843745645044073e-09;;;;ORANGE;True
1787665920.2832353;9.234743685000467;Simulation RF;Détection RF large bande;2,45 GHz;2,45 GHz;;2713;2.1859994305282897;-43.439977221131585;-60.13997722113158;9.682829349193158e-10;0.1;9.682829349193158e-11;3.970006926239638e-09;;;;ORANGE;True
1787665920.2908823;9.242657116999908;Wi-Fi;Wi-Fi;2,4/5 GHz;wlan0;-49.0;;;;-49.0;1.2589254117941661e-08;0.1;1.2589254117941663e-09;9.096264167823328e-08;;;;ROUGE;False
1787665920.3794568;9.331231604000095;BLE Sniffer;Appareil BLE;2,4 GHz BLE;6d:d7:ea:08:d0:be;-72.0;;;;-72.0;6.309573444801942e-11;0.000352;2.2209698525702838e-14;2.2666998492029403e-12;34;0x00;38;VERT;False
1787665920.379529;9.331302456999765;BLE Sniffer;Appareil BLE;2,4 GHz BLE;6d:d7:ea:08:d0:be;-65.0;;;;-65.0;3.1622776601683795e-10;0.000352;1.1131217363792695e-13;2.3780120228408674e-12;34;0x00;39;ORANGE;False
1787665920.383217;9.334827685999699;Simulation RF;Détection RF large bande;868 MHz;868 MHz;;2405;1.9379919702292545;-33.51967880917017;-66.51967880917017;2.228599963568607e-10;0.1;2.228599963568607e-11;1.6066605641400933e-09;;;;ORANGE;True
1787665920.3833523;9.334827685999699;Simulation RF;Détection RF large bande;2,45 GHz;2,45 GHz;;2787;2.2461477390574207;-45.845909562296825;-62.54590956229682;5.564280868390543e-10;0.1;5.564280868390543e-11;4.025649734923543e-09;;;;ORANGE;True
1787665920.3910146;9.342789524999716;Wi-Fi;Wi-Fi;2,4/5 GHz;wlan0;-49.0;;;;-49.0;1.2589254117941661e-08;0.1;1.2589254117941663e-09;9.222156709002745e-08;;;;ROUGE;False
1787665920.4804556;9.43223054200007;BLE Sniffer;Appareil BLE;2,4 GHz BLE;57:10:3b:9d:cc:43;-75.0;;;;-75.0;3.1622776601683794e-11;0.00028;8.854377448471461e-15;3.8627030501448833e-13;25;0x00;37;VERT;False
1787665920.481608;9.433382631000313;BLE Sniffer;Appareil BLE;2,4 GHz BLE;57:10:3b:9d:cc:43;-75.0;;;;-75.0;3.1622776601683794e-11;0.00028;8.854377448471461e-15;3.951246824629598e-13;25;0x00;38;VERT;False
1787665920.4816654;9.43343890899996;BLE Sniffer;Appareil BLE;2,4 GHz BLE;57:10:3b:9d:cc:43;-70.0;;;;-70.0;1e-10;0.00028;2.7999999999999997e-14;4.231246824629598e-13;25;0x00;39;ORANGE;False
1787665920.4817047;9.433478113000092;BLE Sniffer;iBeacon;2,4 GHz BLE;46:de:6e:42:28:32;-72.0;;;;-72.0;6.309573444801942e-11;0.000368;2.3219230276871148e-14;1.8384689856271223e-12;36;0x00;37;VERT;False
1787665920.4832463;9.434911668000495;Simulation RF;Détection RF large bande;868 MHz;868 MHz;;2285;1.8412252623244558;-29.649010492978228;-62.64901049297823;5.43374121059879e-10;0.1;5.433741210598791e-11;1.6609979762460811e-09;;;;ORANGE;True
1787665920.4833772;9.434911668000495;Simulation RF;Détection RF large bande;2,45 GHz;2,45 GHz;;2689;2.1668824748104405;-42.67529899241762;-59.37529899241762;1.154702485827075e-09;0.1;1.1547024858270749e-10;4.141119983506251e-09;;;;ORANGE;True
1787665920.4934316;9.445206000000326;Wi-Fi;Wi-Fi;2,4/5 GHz;wlan0;-49.0;;;;-49.0;1.2589254117941661e-08;0.1;1.2589254117941663e-09;9.348049250182161e-08;;;;ROUGE;False
1787665920.5840027;9.535777512000095;BLE Sniffer;Appareil BLE;2,4 GHz BLE;46:de:6e:42:28:32;-72.0;;;;-72.0;6.309573444801942e-11;0.000368;2.3219230276871148e-14;1.8616882159039933e-12;36;0x00;38;VERT;False
1787665920.5844204;9.536194795000483;BLE Sniffer;Appareil BLE;2,4 GHz BLE;46:de:6e:42:28:32;-65.0;;;;-65.0;3.1622776601683795e-10;0.000368;1.1637181789419636e-13;1.9780600337981896e-12;36;0x00;39;ORANGE;False
1787665920.5845048;9.536278407000282;BLE Sniffer;Appareil BLE;2,4 GHz BLE;6d:d7:ea:08:d0:be;-72.0;;;;-72.0;6.309573444801942e-11;0.000352;2.2209698525702838e-14;2.4002217213665702e-12;34;0x00;37;VERT;False
1787665920.5858612;9.535112096000375;Simulation RF;Détection RF large bande;868 MHz;868 MHz;;2410;1.942162198373476;-33.68648793493904;-66.68648793493904;2.144624220911654e-10;0.1;2.144624220911654e-11;1.6824442184551976e-09;;;;ORANGE;True
1787665920.5859938;9.535112096000375;Simulation RF;Détection RF large bande;2,45 GHz;2,45 GHz;;2734;2.2035136459401894;-44.140545837607576;-60.84054583760758;8.240345407499632e-10;0.1;8.240345407499632e-11;4.223523437581247e-09;;;;ORANGE;True
1787665920.5947616;9.546535886000129;Wi-Fi;Wi-Fi;2,4/5 GHz;wlan0;-49.0;;;;-49.0;1.2589254117941661e-08;0.1;1.2589254117941663e-09;9.473941791361577e-08;;;;ROUGE;False
1787665920.6835961;9.635189374999754;Simulation RF;Détection RF large bande;868 MHz;868 MHz;;2420;1.9498807776232188;-33.99523110492875;-66.99523110492875;1.9974544733191178e-10;0.1;1.9974544733191178e-11;1.7024187631883888e-09;;;;ORANGE;True
1787665920.6837366;9.635189374999754;Simulation RF;Détection RF large bande;2,45 GHz;2,45 GHz;;2755;2.220533302228902;-44.82133208915607;-61.52133208915607;7.044769552273029e-10;0.1;7.04476955227303e-11;4.2939711331039775e-09;;;;ORANGE;True
1787665920.6871374;9.638912680999965;BLE Sniffer;Appareil BLE;2,4 GHz BLE;6d:d7:ea:08:d0:be;-71.0;;;;-71.0;7.943282347242822e-11;0.000352;2.796035386229473e-14;2.428182075228865e-12;34;0x00;38;VERT;False
1787665920.6875322;9.639306629999737;BLE Sniffer;Appareil BLE;2,4 GHz BLE;6d:d7:ea:08:d0:be;-65.0;;;;-65.0;3.1622776601683795e-10;0.000352;1.1131217363792695e-13;2.539494248866792e-12;34;0x00;39;ORANGE;False
1787665920.6875808;9.639354353000272;BLE Sniffer;Appareil BLE;2,4 GHz BLE;57:10:3b:9d:cc:43;-73.0;;;;-73.0;5.011872336272715e-11;0.00028;1.40332425415636e-14;4.371579250045234e-13;25;0x00;37;VERT;False
1787665920.687619;9.63939240899981;BLE Sniffer;Appareil BLE;2,4 GHz BLE;57:10:3b:9d:cc:43;-75.0;;;;-75.0;3.1622776601683794e-11;0.00028;8.854377448471461e-15;4.4601230245299487e-13;25;0x00;38;VERT;False
1787665920.6924994;9.644273783999779;Wi-Fi;Wi-Fi;2,4/5 GHz;wlan0;-49.0;;;;-49.0;1.2589254117941661e-08;0.1;1.2589254117941663e-09;9.599834332540994e-08;;;;ROUGE;False
1787665920.7836866;9.73527556099998;Simulation RF;Détection RF large bande;868 MHz;868 MHz;;2366;1.9064600667116964;-32.25840266846785;-65.25840266846785;2.9796121268078983e-10;0.1;2.979612126807899e-11;1.7322148844564678e-09;;;;ORANGE;True
1787665920.7838337;9.73527556099998;Simulation RF;Détection RF large bande;2,45 GHz;2,45 GHz;;2691;2.1685326535180853;-42.74130614072341;-59.441306140723405;1.1372851958434847e-09;0.1;1.1372851958434847e-10;4.407699652688326e-09;;;;ORANGE;True
1787665920.7891567;9.740931279000506;Wi-Fi;Wi-Fi;2,4/5 GHz;wlan0;-49.0;;;;-49.0;1.2589254117941661e-08;0.1;1.2589254117941663e-09;9.72572687372041e-08;;;;ROUGE;False
1787665920.7901423;9.741916494999714;BLE Sniffer;Appareil BLE;2,4 GHz BLE;57:10:3b:9d:cc:43;-70.0;;;;-70.0;1e-10;0.00028;2.7999999999999997e-14;4.740123024529948e-13;25;0x00;39;ORANGE;False
1787665920.8837607;9.835356599000079;Simulation RF;Détection RF large bande;868 MHz;868 MHz;;2311;1.8627192764506115;-30.508771058024458;-63.50877105802446;4.457823755280461e-10;0.1;4.4578237552804616e-11;1.7767931220092724e-09;;;;ORANGE;True
1787665920.883896;9.835356599000079;Simulation RF;Détection RF large bande;2,45 GHz;2,45 GHz;;2724;2.1954215384119404;-43.81686153647762;-60.51686153647762;8.877973540746636e-10;0.1;8.877973540746636e-11;4.496479388095792e-09;;;;ORANGE;True
1787665920.8917208;9.843495977999737;BLE Sniffer;Appareil BLE;2,4 GHz BLE;6d:d7:ea:08:d0:be;-72.0;;;;-72.0;6.309573444801942e-11;0.000352;2.2209698525702838e-14;2.561703947392495e-12;34;0x00;37;VERT;False
1787665920.8918104;9.843583794000551;BLE Sniffer;Appareil BLE;2,4 GHz BLE;6d:d7:ea:08:d0:be;-72.0;;;;-72.0;6.309573444801942e-11;0.000352;2.2209698525702838e-14;2.583913645918198e-12;34;0x00;38;VERT;False
1787665920.8918517;9.843625276000239;BLE Sniffer;Appareil BLE;2,4 GHz BLE;6d:d7:ea:08:d0:be;-64.0;;;;-64.0;3.9810717055349694e-10;0.000352;1.4013372403483091e-13;2.7240473699530286e-12;34;0x00;39;ORANGE;False
1787665920.8941782;9.845952397000474;Wi-Fi;Wi-Fi;2,4/5 GHz;wlan0;-49.0;;;;-49.0;1.2589254117941661e-08;0.1;1.2589254117941663e-09;9.851619414899827e-08;;;;ROUGE;False
1787665920.98383;9.935434600000008;Simulation RF;Détection RF large bande;868 MHz;868 MHz;;2354;1.8971430719675533;-31.885722878702126;-64.88572287870213;3.246591984802162e-10;0.1;3.2465919848021624e-11;1.8092590418572941e-09;;;;ORANGE;True
1787665920.9839752;9.935434600000008;Simulation RF;Détection RF large bande;2,45 GHz;2,45 GHz;;2706;2.181027675046038;-43.24110700184151;-59.941107001841516;1.0136529761132863e-09;0.1;1.0136529761132863e-10;4.597844685707121e-09;;;;ORANGE;True
1787665920.9925203;9.944295006000175;Wi-Fi;Wi-Fi;2,4/5 GHz;wlan0;-50.0;;;;-50.0;1e-08;0.1;1e-09;9.951619414899826e-08;;;;ROUGE;False
1787665920.994739;9.946513773999868;BLE Sniffer;Appareil BLE;2,4 GHz BLE;57:10:3b:9d:cc:43;-71.0;;;;-71.0;7.943282347242822e-11;0.00028;2.22411905722799e-14;4.962534930252747e-13;25;0x00;37;VERT;False
1787665920.9948359;9.946609479000472;Simulation LoRa;LoRa;868 MHz;LoRa 868.100 MHz;-92.2446197197871;;;;-92.2446197197871;5.964005400221537e-13;0.041216;2.458124465755309e-14;5.937190060753395e-13;12;"SNR=6.94;SF=7;BW=125.0;CR=4/5;F=868.100;CRC=OK;PAYLOAD=54454d504f5f4c4f52415f39";7;VERT;True
1787665921.0839264;10.03551834100017;Simulation RF;Détection RF large bande;868 MHz;868 MHz;;2332;1.8795529573371912;-31.182118293487648;-64.18211829348765;3.817580209995989e-10;0.1;3.8175802099959896e-11;1.8474348439572541e-09;;;;ORANGE;True
1787665921.0840757;10.03551834100017;Simulation RF;Détection RF large bande;2,45 GHz;2,45 GHz;;2693;2.170167220335214;-42.80668881340854;-59.50668881340854;1.120291700694555e-09;0.1;1.1202917006945551e-10;4.709873855776576e-09;;;;ORANGE;True
1787665921.0926018;10.04437711799983;Wi-Fi;Wi-Fi;2,4/5 GHz;wlan0;-50.0;;;;-50.0;1e-08;0.1;1e-09;1.0051619414899826e-07;;;;ROUGE;False
1787665921.0967805;10.048555354999735;BLE Sniffer;iBeacon;2,4 GHz BLE;46:de:6e:42:28:32;-72.0;;;;-72.0;6.309573444801942e-11;0.000368;2.3219230276871148e-14;2.0012792640750606e-12;36;0x00;38;VERT;False
1787665921.096832;10.048605521999889;BLE Sniffer;iBeacon;2,4 GHz BLE;46:de:6e:42:28:32;-65.0;;;;-65.0;3.1622776601683795e-10;0.000368;1.1637181789419636e-13;2.117651081969257e-12;36;0x00;39;ORANGE;False
1787665921.1840172;10.13560260200029;Simulation RF;Détection RF large bande;868 MHz;868 MHz;;2309;1.8606875325705672;-30.427501302822684;-63.427501302822684;4.542028654210142e-10;0.1;4.542028654210142e-11;1.8928551304993557e-09;;;;ORANGE;True
1787665921.1841753;10.13560260200029;Simulation RF;Détection RF large bande;2,45 GHz;2,45 GHz;;2736;2.204494790029733;-44.17979160118932;-60.879791601189325;8.166215564933658e-10;0.1;8.166215564933659e-11;4.791536011425913e-09;;;;ORANGE;True
1787665921.1934729;10.145247129000381;Wi-Fi;Wi-Fi;2,4/5 GHz;wlan0;-50.0;;;;-50.0;1e-08;0.1;1e-09;1.0151619414899825e-07;;;;ROUGE;False
1787665921.1989233;10.150698899999952;BLE Sniffer;Appareil BLE;2,4 GHz BLE;57:10:3b:9d:cc:43;-73.0;;;;-73.0;5.011872336272715e-11;0.00028;1.40332425415636e-14;5.102867355668383e-13;25;0x00;37;VERT;False
1787665921.1989942;10.15076773400051;BLE Sniffer;Appareil BLE;2,4 GHz BLE;6d:d7:ea:08:d0:be;-71.0;;;;-71.0;7.943282347242822e-11;0.000352;2.796035386229473e-14;2.7520077238153235e-12;34;0x00;38;VERT;False
1787665921.2001944;10.151968471000146;BLE Sniffer;Appareil BLE;2,4 GHz BLE;6d:d7:ea:08:d0:be;-64.0;;;;-64.0;3.9810717055349694e-10;0.000352;1.4013372403483091e-13;2.8921414478501542e-12;34;0x00;39;ORANGE;False
1787665921.2840924;10.235680306000177;Simulation RF;Détection RF large bande;868 MHz;868 MHz;;2401;1.9351637875478147;-33.40655150191259;-66.40655150191259;2.287414394765145e-10;0.1;2.287414394765145e-11;1.915729274447007e-09;;;;ORANGE;True
1787665921.2842517;10.235680306000177;Simulation RF;Détection RF large bande;2,45 GHz;2,45 GHz;;2770;2.2323196462874106;-45.29278585149642;-61.992785851496414;6.320063107517054e-10;0.1;6.320063107517055e-11;4.854736642501083e-09;;;;ORANGE;True
1787665921.292781;10.244555398000557;Wi-Fi;Wi-Fi;2,4/5 GHz;wlan0;-50.0;;;;-50.0;1e-08;0.1;1e-09;1.0251619414899825e-07;;;;ROUGE;False
1787665921.3015022;10.25327798699982;BLE Sniffer;Appareil BLE;2,4 GHz BLE;d3:23:2f:4d:3e:b1;-72.0;;;;-72.0;6.309573444801942e-11;0.000376;2.3723996152455302e-14;5.87101786091936e-14;37;0x00;37;VERT;False
1787665921.301572;10.253345766000166;BLE Sniffer;iBeacon;2,4 GHz BLE;46:de:6e:42:28:32;-72.0;;;;-72.0;6.309573444801942e-11;0.000368;2.3219230276871148e-14;2.140870312246128e-12;36;0x00;38;VERT;False
1787665921.3028307;10.254605762999745;BLE Sniffer;iBeacon;2,4 GHz BLE;46:de:6e:42:28:32;-64.0;;;;-64.0;3.9810717055349694e-10;0.000368;1.4650343876368688e-13;2.287373751009815e-12;36;0x00;39;ORANGE;False
1787665921.3841965;10.335767511000086;Simulation RF;Détection RF large bande;868 MHz;868 MHz;;2367;1.9076092574570396;-32.30437029828158;-65.30437029828158;2.9482409233892607e-10;0.1;2.948240923389261e-11;1.9452116836808997e-09;;;;ORANGE;True
1787665921.3843815;10.335767511000086;Simulation RF;Détection RF large bande;2,45 GHz;2,45 GHz;;2715;2.1875958866403975;-43.50383546561589;-60.20383546561589;9.541495579749897e-10;0.1;9.541495579749898e-11;4.950151598298582e-09;;;;ORANGE;True
1787665921.3929896;10.344764178000332;Wi-Fi;Wi-Fi;2,4/5 GHz;wlan0;-51.0;;;;-51.0;7.943282347242822e-09;0.1;7.943282347242823e-10;1.0331052238372253e-07;;;;ORANGE;False
1787665921.4054487;10.35722340600023;BLE Sniffer;Appareil BLE;2,4 GHz BLE;57:10:3b:9d:cc:43;-75.0;;;;-75.0;3.1622776601683794e-11;0.00028;8.854377448471461e-15;5.191411130153098e-13;25;0x00;37;VERT;False
1787665921.484252;10.435844974000247;Simulation RF;Détection RF large bande;868 MHz;868 MHz;;2361;1.9027790375149778;-32.11116150059911;-65.11116150059911;3.082363476081339e-10;0.1;3.082363476081339e-11;1.9760353184417133e-09;;;;ORANGE;True
1787665921.4844153;10.435844974000247;Simulation RF;Détection RF large bande;2,45 GHz;2,45 GHz;;2717;2.1897817104382895;-43.59126841753158;-60.29126841753158;9.3513251578202e-10;0.1;9.3513251578202e-11;5.043664849876784e-09;;;;ORANGE;True
1787665921.4928699;10.444644621000407;Wi-Fi;Wi-Fi;2,4/5 GHz;wlan0;-51.0;;;;-51.0;7.943282347242822e-09;0.1;7.943282347242823e-10;1.041048506184468e-07;;;;ORANGE;False
1787665921.506142;10.457916766999915;BLE Sniffer;Appareil BLE;2,4 GHz BLE;6d:d7:ea:08:d0:be;-72.0;;;;-72.0;6.309573444801942e-11;0.000352;2.2209698525702838e-14;2.914351146375857e-12;34;0x00;38;VERT;False
1787665921.5062056;10.457978915999774;BLE Sniffer;Appareil BLE;2,4 GHz BLE;6d:d7:ea:08:d0:be;-64.0;;;;-64.0;3.9810717055349694e-10;0.000352;1.4013372403483091e-13;3.0544848704106878e-12;34;0x00;39;ORANGE;False
1787665921.5843685;10.53592603099969;Simulation RF;Détection RF large bande;868 MHz;868 MHz;;2329;1.876455639193476;-31.05822556773903;-64.05822556773903;3.92805394309754e-10;0.1;3.92805394309754e-11;2.0153158578726885e-09;;;;ORANGE;True
1787665921.5845284;10.53592603099969;Simulation RF;Détection RF large bande;2,45 GHz;2,45 GHz;;2725;2.1962470233993217;-43.84988093597286;-60.549880935972865;8.810730277392553e-10;0.1;8.810730277392554e-11;5.13177215265071e-09;;;;ORANGE;True
1787665921.5931482;10.54492275299981;Wi-Fi;Wi-Fi;2,4/5 GHz;wlan0;-51.0;;;;-51.0;7.943282347242822e-09;0.1;7.943282347242823e-10;1.0489917885317108e-07;;;;ORANGE;False
1787665921.608291;10.560065997000493;BLE Sniffer;iBeacon;2,4 GHz BLE;46:de:6e:42:28:32;-69.0;;;;-69.0;1.2589254117941662e-10;0.000368;4.6328455154025316e-14;2.3337022061638402e-12;36;0x00;37;ORANGE;False
1787665921.6083837;10.560157202000482;BLE Sniffer;iBeacon;2,4 GHz BLE;46:de:6e:42:28:32;-71.0;;;;-71.0;7.943282347242822e-11;0.000368;2.923127903785358e-14;2.362933485201694e-12;36;0x00;38;VERT;False
1787665921.6096742;10.561448309999832;BLE Sniffer;iBeacon;2,4 GHz BLE;46:de:6e:42:28:32;-64.0;;;;-64.0;3.9810717055349694e-10;0.000368;1.4650343876368688e-13;2.509436923965381e-12;36;0x00;39;ORANGE;False
1787665921.6845164;10.636027069000193;Simulation RF;Détection RF large bande;868 MHz;868 MHz;;2352;1.8950821781714418;-31.80328712685767;-64.80328712685767;3.3088058682773535e-10;0.1;3.3088058682773537e-11;2.048403916555462e-09;;;;ORANGE;True
1787665921.6847548;10.636027069000193;Simulation RF;Détection RF large bande;2,45 GHz;2,45 GHz;;2762;2.225510979185836;-45.02043916743344;-61.72043916743344;6.729086069536335e-10;0.1;6.729086069536336e-11;5.199063013346073e-09;;;;ORANGE;True
1787665921.6972632;10.649037934000262;Wi-Fi;Wi-Fi;2,4/5 GHz;wlan0;-51.0;;;;-51.0;7.943282347242822e-09;0.1;7.943282347242823e-10;1.0569350708789536e-07;;;;ORANGE;False
1787665921.712036;10.66381082099997;BLE Sniffer;Appareil BLE;2,4 GHz BLE;57:10:3b:9d:cc:43;-74.0;;;;-74.0;3.9810717055349695e-11;0.00028;1.1147000775497913e-14;5.302881137908076e-13;25;0x00;37;VERT;False
1787665921.7845562;10.736110662000101;Simulation RF;Détection RF large bande;868 MHz;868 MHz;;2347;1.8916619198214097;-31.666476792856386;-64.66647679285639;3.4146981613803815e-10;0.1;3.414698161380382e-11;2.082550898169266e-09;;;;ORANGE;True
1787665921.7847178;10.736110662000101;Simulation RF;Détection RF large bande;2,45 GHz;2,45 GHz;;2756;2.221262783379928;-44.85051133519711;-61.550511335197115;6.997596019599859e-10;0.1;6.997596019599859e-11;5.269038973542071e-09;;;;ORANGE;True
1787665921.7938988;10.745673281000563;Wi-Fi;Wi-Fi;2,4/5 GHz;wlan0;-52.0;;;;-52.0;6.309573444801943e-09;0.1;6.309573444801943e-10;1.0632446443237555e-07;;;;ORANGE;False
1787665921.813164;10.764939131000574;BLE Sniffer;Appareil BLE;2,4 GHz BLE;6d:d7:ea:08:d0:be;-71.0;;;;-71.0;7.943282347242822e-11;0.000352;2.796035386229473e-14;3.0824452242729827e-12;34;0x00;38;VERT;False
1787665921.813235;10.765008336000392;BLE Sniffer;Appareil BLE;2,4 GHz BLE;6d:d7:ea:08:d0:be;-64.0;;;;-64.0;3.9810717055349694e-10;0.000352;1.4013372403483091e-13;3.2225789483078134e-12;34;0x00;39;ORANGE;False
1787665921.8845968;10.836191477999819;Simulation RF;Détection RF large bande;868 MHz;868 MHz;;2386;1.9229428102033848;-32.91771240813539;-65.91771240813539;2.5599339450256004e-10;0.1;2.5599339450256005e-11;2.108150237619522e-09;;;;ORANGE;True
1787665921.8847363;10.836191477999819;Simulation RF;Détection RF large bande;2,45 GHz;2,45 GHz;;2768;2.2302970237480015;-45.21188094992006;-61.91188094992006;6.438903331706207e-10;0.1;6.438903331706206e-11;5.3334280068591335e-09;;;;ORANGE;True
1787665921.8933635;10.845138089000102;Wi-Fi;Wi-Fi;2,4/5 GHz;wlan0;-52.0;;;;-52.0;6.309573444801943e-09;0.1;6.309573444801943e-10;1.0695542177685574e-07;;;;ORANGE;False
1787665921.9154315;10.86720575199979;BLE Sniffer;iBeacon;2,4 GHz BLE;46:de:6e:42:28:32;-69.0;;;;-69.0;1.2589254117941662e-10;0.000368;4.6328455154025316e-14;2.555765379119406e-12;36;0x00;37;ORANGE;False
1787665921.9169252;10.868700029000138;BLE Sniffer;iBeacon;2,4 GHz BLE;46:de:6e:42:28:32;-71.0;;;;-71.0;7.943282347242822e-11;0.000368;2.923127903785358e-14;2.58499665815726e-12;36;0x00;38;VERT;False
1787665921.917664;10.869438001999697;BLE Sniffer;iBeacon;2,4 GHz BLE;46:de:6e:42:28:32;-64.0;;;;-64.0;3.9810717055349694e-10;0.000368;1.4650343876368688e-13;2.731500096920947e-12;36;0x00;39;ORANGE;False
1787665921.9846778;10.936267127000065;Simulation RF;Détection RF large bande;868 MHz;868 MHz;;2360;1.9018545777774876;-32.0741831110995;-65.0741831110995;3.108720584476991e-10;0.1;3.108720584476991e-11;2.139237443464292e-09;;;;ORANGE;True
1787665921.98482;10.936267127000065;Simulation RF;Détection RF large bande;2,45 GHz;2,45 GHz;;2754;2.2190787097709084;-44.763148390836335;-61.46314839083633;7.139785441117002e-10;0.1;7.139785441117002e-11;5.404825861270304e-09;;;;ORANGE;True
1787665921.9941049;10.945879986999898;Wi-Fi;Wi-Fi;2,4/5 GHz;wlan0;-53.0;;;;-53.0;5.011872336272715e-09;0.1;5.011872336272715e-10;1.07456609010483e-07;;;;ORANGE;False
1787665922.0186732;10.970449403000202;BLE Sniffer;Appareil BLE;2,4 GHz BLE;57:10:3b:9d:cc:43;-74.0;;;;-74.0;3.9810717055349695e-11;0.00028;1.1147000775497913e-14;5.414351145663055e-13;25;0x00;37;VERT;False
1787665922.0187993;10.970573034000154;Simulation LoRa;LoRa;868 MHz;LoRa 868.100 MHz;-79.72473165860778;;;;-79.72473165860778;1.0654346925943021e-11;0.046335999999999995;4.936798191604958e-13;1.0873988252358355e-12;13;"SNR=6.96;SF=7;BW=125.0;CR=4/5;F=868.100;CRC=OK;PAYLOAD=54454d504f5f4c4f52415f3130";7;VERT;True
1787665922.0188422;10.970615571000053;BLE Sniffer;Appareil BLE;2,4 GHz BLE;6d:d7:ea:08:d0:be;-72.0;;;;-72.0;6.309573444801942e-11;0.000352;2.2209698525702838e-14;3.2447886468335162e-12;34;0x00;38;VERT;False
1787665922.0201917;10.971966218000489;BLE Sniffer;Appareil BLE;2,4 GHz BLE;6d:d7:ea:08:d0:be;-64.0;;;;-64.0;3.9810717055349694e-10;0.000352;1.4013372403483091e-13;3.384922370868347e-12;34;0x00;39;ORANGE;False
1787665922.0847466;11.036350313000185;Simulation RF;Détection RF large bande;868 MHz;868 MHz;;2364;1.9049369718486782;-32.19747887394712;-65.19747887394712;3.0217053437191334e-10;0.1;3.021705343719134e-11;2.169454496901483e-09;;;;ORANGE;True
1787665922.0848975;11.036350313000185;Simulation RF;Détection RF large bande;2,45 GHz;2,45 GHz;;2704;2.178684332679215;-43.14737330716859;-59.847373307168596;1.035768429051667e-09;0.1;1.0357684290516671e-10;5.50840270417547e-09;;;;ORANGE;True
1787665922.093447;11.045221497000057;Wi-Fi;Wi-Fi;2,4/5 GHz;wlan0;-53.0;;;;-53.0;5.011872336272715e-09;0.1;5.011872336272715e-10;1.0795779624411027e-07;;;;ORANGE;False
1787665922.1232178;11.07499321799969;BLE Sniffer;iBeacon;2,4 GHz BLE;46:de:6e:42:28:32;-73.0;;;;-73.0;5.011872336272715e-11;0.000368;1.844369019748359e-14;2.7499437871184303e-12;36;0x00;37;VERT;False
1787665922.184998;11.136461296000562;Simulation RF;Détection RF large bande;868 MHz;868 MHz;;2318;1.8683360832786893;-30.73344333114757;-63.73344333114757;4.233072111764737e-10;0.1;4.233072111764737e-11;2.2117852180191304e-09;;;;ORANGE;True
1787665922.185184;11.136461296000562;Simulation RF;Détection RF large bande;2,45 GHz;2,45 GHz;;2803;2.2584785217174876;-46.3391408686995;-63.039140868699505;4.966905681992039e-10;0.1;4.9669056819920396e-11;5.558071760995391e-09;;;;ORANGE;True
1787665922.1938975;11.145672169000136;Wi-Fi;Wi-Fi;2,4/5 GHz;wlan0;-53.0;;;;-53.0;5.011872336272715e-09;0.1;5.011872336272715e-10;1.0845898347773754e-07;;;;ORANGE;False
1787665922.2239773;11.17575283899987;BLE Sniffer;iBeacon;2,4 GHz BLE;46:de:6e:42:28:32;-72.0;;;;-72.0;6.309573444801942e-11;0.000368;2.3219230276871148e-14;2.7731630173953013e-12;36;0x00;38;VERT;False
1787665922.2240586;11.175832265000281;BLE Sniffer;iBeacon;2,4 GHz BLE;46:de:6e:42:28:32;-64.0;;;;-64.0;3.9810717055349694e-10;0.000368;1.4650343876368688e-13;2.9196664561589883e-12;36;0x00;39;ORANGE;False
1787665922.2849526;11.236540926000089;Simulation RF;Détection RF large bande;868 MHz;868 MHz;;2343;1.888211848668074;-31.528473946722954;-64.52847394672295;3.5249471125523436e-10;0.1;3.5249471125523436e-11;2.2470346891446537e-09;;;;ORANGE;True
1787665922.285091;11.236540926000089;Simulation RF;Détection RF large bande;2,45 GHz;2,45 GHz;;2766;2.22872399170603;-45.148959668241204;-61.8489596682412;6.532870257028693e-10;0.1;6.532870257028694e-11;5.623400463565677e-09;;;;ORANGE;True
1787665922.2935686;11.245343145999868;Wi-Fi;Wi-Fi;2,4/5 GHz;wlan0;-53.0;;;;-53.0;5.011872336272715e-09;0.1;5.011872336272715e-10;1.089601707113648e-07;;;;ORANGE;False
1787665922.3263958;11.278171572000247;BLE Sniffer;Appareil BLE;2,4 GHz BLE;57:10:3b:9d:cc:43;-73.0;;;;-73.0;5.011872336272715e-11;0.00028;1.40332425415636e-14;5.554683571078691e-13;25;0x00;37;VERT;False
1787665922.3264735;11.278247090999685;BLE Sniffer;Appareil BLE;2,4 GHz BLE;6d:d7:ea:08:d0:be;-74.0;;;;-74.0;3.9810717055349695e-11;0.000352;1.4013372403483093e-14;3.39893574327183e-12;34;0x00;38;VERT;False
1787665922.3278713;11.279645646000063;BLE Sniffer;Appareil BLE;2,4 GHz BLE;6d:d7:ea:08:d0:be;-64.0;;;;-64.0;3.9810717055349694e-10;0.000352;1.4013372403483091e-13;3.5390694673066608e-12;34;0x00;39;ORANGE;False
1787665922.3852158;11.336661798000023;Simulation RF;Détection RF large bande;868 MHz;868 MHz;;2383;1.9201680370362724;-32.80672148145089;-65.8067214814509;2.6262003317299607e-10;0.1;2.6262003317299608e-11;2.2732966924619533e-09;;;;ORANGE;True
1787665922.385424;11.336661798000023;Simulation RF;Détection RF large bande;2,45 GHz;2,45 GHz;;2761;2.2246972205951634;-44.98788882380653;-61.68788882380653;6.779710002610637e-10;0.1;6.779710002610637e-11;5.691197563591784e-09;;;;ORANGE;True
1787665922.3985198;11.35029404099987;Wi-Fi;Wi-Fi;2,4/5 GHz;wlan0;-53.0;;;;-53.0;5.011872336272715e-09;0.1;5.011872336272715e-10;1.0946135794499207e-07;;;;ORANGE;False
1787665922.4307961;11.382571330000246;BLE Sniffer;iBeacon;2,4 GHz BLE;46:de:6e:42:28:32;-70.0;;;;-70.0;1e-10;0.000368;3.68e-14;2.9564664561589883e-12;36;0x00;37;ORANGE;False
1787665922.4851422;11.43673839100029;Simulation RF;Détection RF large bande;868 MHz;868 MHz;;2321;1.870157875851882;-30.806315034075276;-63.806315034075276;4.162636582263171e-10;0.1;4.162636582263171e-11;2.314923058284585e-09;;;;ORANGE;True
1787665922.4852767;11.43673839100029;Simulation RF;Détection RF large bande;2,45 GHz;2,45 GHz;;2775;2.236339265884453;-45.45357063537813;-62.153570635378124;6.090359607450313e-10;0.1;6.090359607450314e-11;5.752101159666287e-09;;;;ORANGE;True
1787665922.4937751;11.44555053699969;Wi-Fi;Wi-Fi;2,4/5 GHz;wlan0;-53.0;;;;-53.0;5.011872336272715e-09;0.1;5.011872336272715e-10;1.0996254517861934e-07;;;;ORANGE;False
1787665922.5315592;11.48333424700013;BLE Sniffer;iBeacon;2,4 GHz BLE;46:de:6e:42:28:32;-74.0;;;;-74.0;3.9810717055349695e-11;0.000368;1.4650343876368688e-14;2.971116800035357e-12;36;0x00;38;VERT;False
1787665922.53163;11.483403711000392;BLE Sniffer;iBeacon;2,4 GHz BLE;46:de:6e:42:28:32;-64.0;;;;-64.0;3.9810717055349694e-10;0.000368;1.4650343876368688e-13;3.117620238799044e-12;36;0x00;39;ORANGE;False
1787665922.5852282;11.536820094999712;Simulation RF;Détection RF large bande;868 MHz;868 MHz;;2410;1.9420464096514036;-33.68185638605614;-66.68185638605614;2.1469125830063318e-10;0.1;2.146912583006332e-11;2.3363921841146485e-09;;;;ORANGE;True
1787665922.585388;11.536820094999712;Simulation RF;Détection RF large bande;2,45 GHz;2,45 GHz;;2713;2.18631589076077;-43.45263563043079;-60.152635630430794;9.654647834356058e-10;0.1;9.654647834356059e-11;5.848647638009848e-09;;;;ORANGE;True
1787665922.5980992;11.54987396100023;Wi-Fi;Wi-Fi;2,4/5 GHz;wlan0;-53.0;;;;-53.0;5.011872336272715e-09;0.1;5.011872336272715e-10;1.104637324122466e-07;;;;ORANGE;False
1787665922.6340263;11.585801424999772;BLE Sniffer;Appareil BLE;2,4 GHz BLE;6d:d7:ea:08:d0:be;-71.0;;;;-71.0;7.943282347242822e-11;0.000352;2.796035386229473e-14;3.5670298211689557e-12;34;0x00;37;VERT;False
1787665922.6351526;11.586926920999758;BLE Sniffer;Appareil BLE;2,4 GHz BLE;6d:d6:ea:08:d0:be;-76.0;;;;-76.0;2.5118864315095823e-11;0.000352;8.841840238913729e-15;8.841840238913729e-15;34;0x00;38;VERT;False
1787665922.635582;11.587355833000402;BLE Sniffer;Appareil BLE;2,4 GHz BLE;6d:d7:ea:08:d0:be;-64.0;;;;-64.0;3.9810717055349694e-10;0.000352;1.4013372403483091e-13;3.7071635452037864e-12;34;0x00;39;ORANGE;False
1787665922.6852813;11.636898726000254;Simulation RF;Détection RF large bande;868 MHz;868 MHz;;2422;1.9515574227714219;-34.06229691085687;-67.06229691085687;1.9668457827487758e-10;0.1;1.9668457827487758e-11;2.3560606419421363e-09;;;;ORANGE;True
1787665922.685427;11.636898726000254;Simulation RF;Détection RF large bande;2,45 GHz;2,45 GHz;;2733;2.202467670698427;-44.09870682793708;-60.79870682793708;8.320114771804388e-10;0.1;8.320114771804389e-11;5.9318487857278914e-09;;;;ORANGE;True
1787665922.6941462;11.645920671000567;Wi-Fi;Wi-Fi;2,4/5 GHz;wlan0;-53.0;;;;-53.0;5.011872336272715e-09;0.1;5.011872336272715e-10;1.1096491964587387e-07;;;;ORANGE;False
1787665922.7384264;11.690200906000427;BLE Sniffer;iBeacon;2,4 GHz BLE;46:de:6e:42:28:32;-71.0;;;;-71.0;7.943282347242822e-11;0.000368;2.923127903785358e-14;3.1468515178368976e-12;36;0x00;37;VERT;False
1787665922.7384992;11.690272666000055;BLE Sniffer;iBeacon;2,4 GHz BLE;46:de:6e:42:28:32;-75.0;;;;-75.0;3.1622776601683794e-11;0.000368;1.1637181789419636e-14;3.1584886996263174e-12;36;0x00;38;VERT;False
1787665922.7923317;11.736983763999888;Simulation RF;Détection RF large bande;868 MHz;868 MHz;;2351;1.8943480415988558;-31.773921663954226;-64.77392166395423;3.3312546577829783e-10;0.1;3.3312546577829785e-11;2.389373188519966e-09;;;;ORANGE;True
1787665922.792886;11.736983763999888;Simulation RF;Détection RF large bande;2,45 GHz;2,45 GHz;;2727;2.1976473823307514;-43.905895293230046;-60.60589529323005;8.697821099705137e-10;0.1;8.697821099705137e-11;6.0188269967249424e-09;;;;ORANGE;True
1787665922.8064864;11.758262694000223;Wi-Fi;Wi-Fi;2,4/5 GHz;wlan0;-53.0;;;;-53.0;5.011872336272715e-09;0.1;5.011872336272715e-10;1.1146610687950114e-07;;;;ORANGE;False
1787665922.8396087;11.791383753000446;BLE Sniffer;iBeacon;2,4 GHz BLE;46:de:6e:42:28:32;-63.0;;;;-63.0;5.011872336272714e-10;0.000368;1.8443690197483588e-13;3.342925601601153e-12;36;0x00;39;ORANGE;False
1787665922.8407462;11.792520916000285;BLE Sniffer;Appareil BLE;2,4 GHz BLE;57:10:3b:9d:cc:43;-69.0;;;;-69.0;1.2589254117941662e-10;0.00028;3.524991153023665e-14;5.907182686381058e-13;25;0x00;37;ORANGE;False
1787665922.88546;11.837063431000388;Simulation RF;Détection RF large bande;868 MHz;868 MHz;;2340;1.8855888428992544;-31.423553715970172;-64.42355371597017;3.6111425154539757e-10;0.1;3.611142515453976e-11;2.425484613674506e-09;;;;ORANGE;True
1787665922.8856008;11.837063431000388;Simulation RF;Détection RF large bande;2,45 GHz;2,45 GHz;;2756;2.2212496938112887;-44.84998775245154;-61.549987752451536;6.998439696310471e-10;0.1;6.998439696310472e-11;6.088811393688047e-09;;;;ORANGE;True
1787665922.8942227;11.845997393999824;Wi-Fi;Wi-Fi;2,4/5 GHz;wlan0;-53.0;;;;-53.0;5.011872336272715e-09;0.1;5.011872336272715e-10;1.119672941131284e-07;;;;ORANGE;False
1787665922.942211;11.893986971000231;BLE Sniffer;Appareil BLE;2,4 GHz BLE;6d:d7:ea:08:d0:be;-73.0;;;;-73.0;5.011872336272715e-11;0.000352;1.7641790623679955e-14;3.7248053358274665e-12;34;0x00;38;VERT;False
1787665922.9432952;11.895069688000149;BLE Sniffer;Appareil BLE;2,4 GHz BLE;6d:d7:ea:08:d0:be;-64.0;;;;-64.0;3.9810717055349694e-10;0.000352;1.4013372403483091e-13;3.864939059862297e-12;34;0x00;39;ORANGE;False
1787665922.995776;11.93721669200022;Simulation RF;Détection RF large bande;868 MHz;868 MHz;;2388;1.9244882139818635;-32.97952855927454;-65.97952855927454;2.523754719359781e-10;0.1;2.5237547193597814e-11;2.450722160868104e-09;;;;ORANGE;True
1787665922.9977915;11.93721669200022;Simulation RF;Détection RF large bande;2,45 GHz;2,45 GHz;;2781;2.240837247018326;-45.63348988073304;-62.33348988073304;5.843203503658283e-10;0.1;5.843203503658283e-11;6.14724342872463e-09;;;;ORANGE;True
1787665923.0129204;11.964694792000046;Wi-Fi;Wi-Fi;2,4/5 GHz;wlan0;-53.0;;;;-53.0;5.011872336272715e-09;0.1;5.011872336272715e-10;1.1246848134675567e-07;;;;ORANGE;False
1787665923.0448434;11.996618928999851;Simulation LoRa;LoRa;868 MHz;LoRa 868.100 MHz;-86.74152614559048;;;;-86.74152614559048;2.117616856960721e-12;0.046335999999999995;9.812189468413196e-14;1.1855207199199674e-12;13;"SNR=8.43;SF=7;BW=125.0;CR=4/5;F=868.100;CRC=OK;PAYLOAD=54454d504f5f4c4f52415f3131";7;VERT;True
1787665923.0449173;11.996690800000579;BLE Sniffer;iBeacon;2,4 GHz BLE;46:de:6e:42:28:32;-72.0;;;;-72.0;6.309573444801942e-11;0.000368;2.3219230276871148e-14;3.366144831878024e-12;36;0x00;37;VERT;False
1787665923.045966;11.997740202000386;BLE Sniffer;iBeacon;2,4 GHz BLE;46:de:6e:42:2c:32;-75.0;;;;-75.0;3.1622776601683794e-11;0.000368;1.1637181789419636e-14;1.1637181789419636e-14;36;0x00;38;VERT;False
1787665923.0464008;11.998174578000544;BLE Sniffer;iBeacon;2,4 GHz BLE;46:de:6e:42:28:32;-63.0;;;;-63.0;5.011872336272714e-10;0.000368;1.8443690197483588e-13;3.55058173385286e-12;36;0x00;39;ORANGE;False
1787665923.0857034;12.03729541499979;Simulation RF;Détection RF large bande;868 MHz;868 MHz;;2387;1.9232860153863756;-32.93144061545502;-65.93144061545502;2.5518546764118417e-10;0.1;2.5518546764118418e-11;2.476240707632222e-09;;;;ORANGE;True
1787665923.085847;12.03729541499979;Simulation RF;Détection RF large bande;2,45 GHz;2,45 GHz;;2701;2.1768311770825615;-43.07324708330245;-59.77324708330245;1.0535988590899812e-09;0.1;1.0535988590899812e-10;6.252603314633628e-09;;;;ORANGE;True
1787665923.0943818;12.04615622900019;Wi-Fi;Wi-Fi;2,4/5 GHz;wlan0;-53.0;;;;-53.0;5.011872336272715e-09;0.1;5.011872336272715e-10;1.1296966858038294e-07;;;;ORANGE;False
1787665923.148117;12.099891988000309;BLE Sniffer;Appareil BLE;2,4 GHz BLE;57:10:3b:9d:cc:43;-77.0;;;;-77.0;1.9952623149688828e-11;0.00028;5.586734481912872e-15;5.963050031200187e-13;25;0x00;37;VERT;False
1787665923.1500616;12.101836308000202;BLE Sniffer;Appareil BLE;2,4 GHz BLE;57:10:3b:9d:cc:43;-75.0;;;;-75.0;3.1622776601683794e-11;0.000272;8.601395235657992e-15;6.049063983556767e-13;24;0x00;38;VERT;False
1787665923.1501317;12.101905180000358;BLE Sniffer;Appareil BLE;2,4 GHz BLE;57:10:3b:9d:cc:43;-70.0;;;;-70.0;1e-10;0.00028;2.7999999999999997e-14;6.329063983556766e-13;25;0x00;39;ORANGE;False
1787665923.1505482;12.102322239999921;BLE Sniffer;Appareil BLE;2,4 GHz BLE;6d:d7:ea:08:d0:be;-70.0;;;;-70.0;1e-10;0.000352;3.52e-14;3.900139059862297e-12;34;0x00;37;ORANGE;False
1787665923.1893983;12.137500509999882;Simulation RF;Détection RF large bande;868 MHz;868 MHz;;2362;1.9033425649171791;-32.13370259668716;-65.13370259668716;3.066406595251403e-10;0.1;3.066406595251403e-11;2.506904773584736e-09;;;;ORANGE;True
1787665923.200438;12.137500509999882;Simulation RF;Détection RF large bande;2,45 GHz;2,45 GHz;;2769;2.2310765688379264;-45.24306275351705;-61.943062753517054;6.392838374916647e-10;0.1;6.392838374916647e-11;6.316531698382795e-09;;;;ORANGE;True
1787665923.2124865;12.164260823000404;Wi-Fi;Wi-Fi;2,4/5 GHz;wlan0;-52.0;;;;-52.0;6.309573444801943e-09;0.1;6.309573444801943e-10;1.1360062592486313e-07;;;;ORANGE;False
1787665923.2521122;12.203887611000027;BLE Sniffer;Appareil BLE;2,4 GHz BLE;6d:d7:ea:08:d0:be;-71.0;;;;-71.0;7.943282347242822e-11;0.000352;2.796035386229473e-14;3.9280994137245915e-12;34;0x00;38;VERT;False
1787665923.2533476;12.205122367000513;BLE Sniffer;Appareil BLE;2,4 GHz BLE;6d:d7:ea:08:d0:be;-63.0;;;;-63.0;5.011872336272714e-10;0.000352;1.7641790623679954e-13;4.104517319961391e-12;34;0x00;39;ORANGE;False
1787665923.2538042;12.20557857699987;BLE Sniffer;Appareil BLE;2,4 GHz BLE;d3:23:2f:4d:3e:b1;-71.0;;;;-71.0;7.943282347242822e-11;0.000376;2.986674162563301e-14;8.857692023482661e-14;37;0x00;37;VERT;False
1787665923.2859693;12.237575455000297;Simulation RF;Détection RF large bande;868 MHz;868 MHz;;2357;1.8997127051552543;-31.98850820621017;-64.98850820621017;3.170656390818586e-10;0.1;3.170656390818586e-11;2.538611337492922e-09;;;;ORANGE;True
1787665923.2861118;12.237575455000297;Simulation RF;Détection RF large bande;2,45 GHz;2,45 GHz;;2702;2.177762071866298;-43.11048287465192;-59.81048287465192;1.0446040674184365e-09;0.1;1.0446040674184365e-10;6.420992105124639e-09;;;;ORANGE;True
1787665923.3016877;12.253462411999863;Wi-Fi;Wi-Fi;2,4/5 GHz;wlan0;-52.0;;;;-52.0;6.309573444801943e-09;0.1;6.309573444801943e-10;1.1423158326934332e-07;;;;ORANGE;False
1787665923.355371;12.307146799999828;BLE Sniffer;Appareil BLE;2,4 GHz BLE;d3:23:2f:4d:3e:b1;-72.0;;;;-72.0;6.309573444801942e-11;0.000376;2.3723996152455302e-14;1.1230091638728191e-13;37;0x00;38;VERT;False
1787665923.3565395;12.308314517999861;BLE Sniffer;Appareil BLE;2,4 GHz BLE;d3:23:2f:4d:3e:b1;-89.0;;;;-89.0;1.258925411794166e-12;0.000376;4.733559548346064e-16;1.1277427234211651e-13;37;0x00;39;VERT;False
1787665923.3570323;12.308806765000554;BLE Sniffer;iBeacon;2,4 GHz BLE;46:de:6e:42:28:32;-70.0;;;;-70.0;1e-10;0.000368;3.68e-14;3.58738173385286e-12;36;0x00;37;ORANGE;False
1787665923.3860223;12.337655919000099;Simulation RF;Détection RF large bande;868 MHz;868 MHz;;2377;1.9153369724205573;-32.613478896822286;-65.61347889682229;2.7456938459827644e-10;0.1;2.7456938459827645e-11;2.5660682759527494e-09;;;;ORANGE;True
1787665923.3861659;12.337655919000099;Simulation RF;Détection RF large bande;2,45 GHz;2,45 GHz;;2743;2.2105584538398433;-44.42233815359373;-61.12233815359373;7.722647014686748e-10;0.1;7.722647014686749e-11;6.498218575271506e-09;;;;ORANGE;True
1787665923.396006;12.347781340999973;Wi-Fi;Wi-Fi;2,4/5 GHz;wlan0;-52.0;;;;-52.0;6.309573444801943e-09;0.1;6.309573444801943e-10;1.1486254061382351e-07;;;;ORANGE;False
1787665923.4599352;12.411710762999974;BLE Sniffer;Appareil BLE;2,4 GHz BLE;6d:d7:ea:08:d0:be;-70.0;;;;-70.0;1e-10;0.000352;3.52e-14;4.1397173199613906e-12;34;0x00;38;ORANGE;False
1787665923.4600081;12.411781820000215;BLE Sniffer;Appareil BLE;2,4 GHz BLE;6d:d7:ea:08:d0:be;-64.0;;;;-64.0;3.9810717055349694e-10;0.000352;1.4013372403483091e-13;4.279851043996221e-12;34;0x00;39;ORANGE;False
1787665923.4860988;12.437735160000557;Simulation RF;Détection RF large bande;868 MHz;868 MHz;;2411;1.9426158198059988;-33.70463279223995;-66.70463279223995;2.135682656172823e-10;0.1;2.1356826561728232e-11;2.587425102514478e-09;;;;ORANGE;True
1787665923.4862385;12.437735160000557;Simulation RF;Détection RF large bande;2,45 GHz;2,45 GHz;;2699;2.1753393907119567;-43.013575628478264;-59.71357562847827;1.068175068385539e-09;0.1;1.068175068385539e-10;6.60503608211006e-09;;;;ORANGE;True
1787665923.4948294;12.446604030000344;Wi-Fi;Wi-Fi;2,4/5 GHz;wlan0;-52.0;;;;-52.0;6.309573444801943e-09;0.1;6.309573444801943e-10;1.154934979583037e-07;;;;ORANGE;False
1787665923.5629668;12.514741764000064;BLE Sniffer;iBeacon;2,4 GHz BLE;46:de:6e:42:28:32;-69.0;;;;-69.0;1.2589254117941662e-10;0.000368;4.6328455154025316e-14;3.633710189006885e-12;36;0x00;37;ORANGE;False
1787665923.5861952;12.537811828000486;Simulation RF;Détection RF large bande;868 MHz;868 MHz;;2391;1.926673203420882;-33.06692813683527;-66.06692813683527;2.4734730699008e-10;0.1;2.4734730699008e-11;2.612159833213486e-09;;;;ORANGE;True
1787665923.5863461;12.537811828000486;Simulation RF;Détection RF large bande;2,45 GHz;2,45 GHz;;2762;2.2257970898152766;-45.03188359261105;-61.73188359261105;6.711377084927794e-10;0.1;6.711377084927793e-11;6.672149852959338e-09;;;;ORANGE;True
1787665923.5990272;12.550801821999812;Wi-Fi;Wi-Fi;2,4/5 GHz;wlan0;-52.0;;;;-52.0;6.309573444801943e-09;0.1;6.309573444801943e-10;1.1612445530278389e-07;;;;ORANGE;False
1787665923.6649718;12.616746529000011;BLE Sniffer;iBeacon;2,4 GHz BLE;46:de:6e:42:28:32;-70.0;;;;-70.0;1e-10;0.000368;3.68e-14;3.670510189006885e-12;36;0x00;38;ORANGE;False
1787665923.6650467;12.616820475000168;BLE Sniffer;iBeacon;2,4 GHz BLE;46:de:6e:42:28:32;-63.0;;;;-63.0;5.011872336272714e-10;0.000368;1.8443690197483588e-13;3.854947090981721e-12;36;0x00;39;ORANGE;False
1787665923.6650867;12.616860271000405;BLE Sniffer;Appareil BLE;2,4 GHz BLE;57:10:3b:9d:cc:43;-77.0;;;;-77.0;1.9952623149688828e-11;0.00028;5.586734481912872e-15;6.384931328375895e-13;25;0x00;37;VERT;False
1787665923.6655514;12.617325870000059;BLE Sniffer;Appareil BLE;2,4 GHz BLE;57:10:3b:9d:cc:43;-75.0;;;;-75.0;3.1622776601683794e-11;0.00028;8.854377448471461e-15;6.47347510286061e-13;25;0x00;38;VERT;False
1787665923.6656044;12.617377778000446;BLE Sniffer;Appareil BLE;2,4 GHz BLE;57:10:3b:9d:cc:43;-71.0;;;;-71.0;7.943282347242822e-11;0.00028;2.22411905722799e-14;6.695887008583409e-13;25;0x00;39;VERT;False
1787665923.6862621;12.63789153200014;Simulation RF;Détection RF large bande;868 MHz;868 MHz;;2416;1.9471086809056737;-33.884347236226944;-66.88434723622694;2.049110017091436e-10;0.1;2.049110017091436e-11;2.6326509333844e-09;;;;ORANGE;True
1787665923.686409;12.63789153200014;Simulation RF;Détection RF large bande;2,45 GHz;2,45 GHz;;2732;2.2013407118209285;-44.05362847283713;-60.753628472837136;8.406924607369385e-10;0.1;8.406924607369386e-11;6.7562190990330314e-09;;;;ORANGE;True
1787665923.6977856;12.64956039899971;Wi-Fi;Wi-Fi;2,4/5 GHz;wlan0;-52.0;;;;-52.0;6.309573444801943e-09;0.1;6.309573444801943e-10;1.1675541264726408e-07;;;;ORANGE;False
1787665923.769329;12.721103916000175;BLE Sniffer;Appareil BLE;2,4 GHz BLE;6d:d7:ea:08:d0:be;-71.0;;;;-71.0;7.943282347242822e-11;0.000352;2.796035386229473e-14;4.307811397858516e-12;34;0x00;37;VERT;False
1787665923.7694027;12.721176046999972;BLE Sniffer;Appareil BLE;2,4 GHz BLE;6d:d7:ea:08:d0:be;-71.0;;;;-71.0;7.943282347242822e-11;0.000352;2.796035386229473e-14;4.33577175172081e-12;34;0x00;38;VERT;False
1787665923.7863634;12.737970625999878;Simulation RF;Détection RF large bande;868 MHz;868 MHz;;2396;1.9306698805896922;-33.226795223587686;-66.22679522358769;2.384078096100775e-10;0.1;2.3840780961007753e-11;2.656491714345408e-09;;;;ORANGE;True
1787665923.786498;12.737970625999878;Simulation RF;Détection RF large bande;2,45 GHz;2,45 GHz;;2771;2.232884270782158;-45.315370831286316;-62.01537083128631;6.287281665767957e-10;0.1;6.287281665767958e-11;6.819091915690711e-09;;;;ORANGE;True
1787665923.79499;12.746764809000524;Wi-Fi;Wi-Fi;2,4/5 GHz;wlan0;-52.0;;;;-52.0;6.309573444801943e-09;0.1;6.309573444801943e-10;1.1738636999174427e-07;;;;ORANGE;False
1787665923.8706393;12.822414821000166;BLE Sniffer;Appareil BLE;2,4 GHz BLE;6d:d7:ea:08:d0:be;-64.0;;;;-64.0;3.9810717055349694e-10;0.000352;1.4013372403483091e-13;4.475905475755641e-12;34;0x00;39;ORANGE;False
1787665923.8721728;12.823947359000158;BLE Sniffer;iBeacon;2,4 GHz BLE;46:de:6e:42:28:32;-69.0;;;;-69.0;1.2589254117941662e-10;0.000368;4.6328455154025316e-14;3.901275546135746e-12;36;0x00;37;ORANGE;False
1787665923.8864462;12.838046589000442;Simulation RF;Détection RF large bande;868 MHz;868 MHz;;2372;1.9118692429706146;-32.474769718824575;-65.47476971882458;2.8348039427163334e-10;0.1;2.8348039427163335e-11;2.6848397537725713e-09;;;;ORANGE;True
1787665923.8865829;12.838046589000442;Simulation RF;Détection RF large bande;2,45 GHz;2,45 GHz;;2757;2.221697795975975;-44.867911839038996;-61.56791183903899;6.969615444006633e-10;0.1;6.969615444006633e-11;6.888788070130778e-09;;;;ORANGE;True
1787665923.8951247;12.846898736000185;Wi-Fi;Wi-Fi;2,4/5 GHz;wlan0;-52.0;;;;-52.0;6.309573444801943e-09;0.1;6.309573444801943e-10;1.1801732733622446e-07;;;;ORANGE;False
1787665923.9735029;12.925277782999729;BLE Sniffer;iBeacon;2,4 GHz BLE;46:de:6e:42:28:32;-70.0;;;;-70.0;1e-10;0.000368;3.68e-14;3.938075546135746e-12;36;0x00;38;ORANGE;False
1787665923.975167;12.926942025000244;BLE Sniffer;iBeacon;2,4 GHz BLE;46:de:6e:42:28:32;-64.0;;;;-64.0;3.9810717055349694e-10;0.000368;1.4650343876368688e-13;4.084578984899433e-12;36;0x00;39;ORANGE;False
1787665923.9752386;12.927012211000147;BLE Sniffer;Appareil BLE;2,4 GHz BLE;57:10:3b:9d:cc:43;-78.0;;;;-78.0;1.5848931924611107e-11;0.00028;4.4377009388911094e-15;6.74026401797232e-13;25;0x00;37;VERT;False
1787665923.9865038;12.93812386799982;Simulation RF;Détection RF large bande;868 MHz;868 MHz;;2397;1.93164826353076;-33.26593054123039;-66.26593054123039;2.3626911028196516e-10;0.1;2.3626911028196516e-11;2.708466664800768e-09;;;;ORANGE;True
1787665923.9866366;12.93812386799982;Simulation RF;Détection RF large bande;2,45 GHz;2,45 GHz;;2706;2.1808170338110098;-43.232681352440395;-59.9326813524404;1.0156214502944119e-09;0.1;1.0156214502944119e-10;6.990350215160219e-09;;;;ORANGE;True
1787665923.9951413;12.94691627300017;Wi-Fi;Wi-Fi;2,4/5 GHz;wlan0;-52.0;;;;-52.0;6.309573444801943e-09;0.1;6.309573444801943e-10;1.1864828468070465e-07;;;;ORANGE;False
1787665924.0771337;13.02890888300044;Simulation LoRa;LoRa;868 MHz;LoRa 868.100 MHz;-90.07536347358581;;;;-90.07536347358581;9.82796616472716e-13;0.046335999999999995;4.553886402087976e-14;1.2310595839408472e-12;13;"SNR=7.54;SF=7;BW=125.0;CR=4/5;F=868.100;CRC=OK;PAYLOAD=54454d504f5f4c4f52415f3132";7;VERT;True
1787665924.0772169;13.028990439000154;BLE Sniffer;Appareil BLE;2,4 GHz BLE;6d:d7:ea:08:d0:be;-70.0;;;;-70.0;1e-10;0.000352;3.52e-14;4.511105475755641e-12;34;0x00;38;ORANGE;False
1787665924.0788593;13.03063396000016;BLE Sniffer;Appareil BLE;2,4 GHz BLE;6d:d7:ea:08:d0:be;-64.0;;;;-64.0;3.9810717055349694e-10;0.000352;1.4013372403483091e-13;4.6512391997904715e-12;34;0x00;39;ORANGE;False
1787665924.0865529;13.038200517000405;Simulation RF;Détection RF large bande;868 MHz;868 MHz;;2305;1.8574212094037656;-30.29684837615062;-63.29684837615062;4.680746943542939e-10;0.1;4.680746943542939e-11;2.755274134236197e-09;;;;ORANGE;True
1787665924.086696;13.038200517000405;Simulation RF;Détection RF large bande;2,45 GHz;2,45 GHz;;2713;2.185934194491185;-43.4373677796474;-60.1373677796474;9.68864898768354e-10;0.1;9.68864898768354e-11;7.0872367050370545e-09;;;;ORANGE;True
1787665924.0952492;13.047023515000546;Wi-Fi;Wi-Fi;2,4/5 GHz;wlan0;-52.0;;;;-52.0;6.309573444801943e-09;0.1;6.309573444801943e-10;1.1927924202518485e-07;;;;ORANGE;False
1787665924.1819975;13.133772387000135;BLE Sniffer;iBeacon;2,4 GHz BLE;46:de:6e:42:28:32;-70.0;;;;-70.0;1e-10;0.000368;3.68e-14;4.121378984899433e-12;36;0x00;37;ORANGE;False
1787665924.1820707;13.133844185000271;BLE Sniffer;iBeacon;2,4 GHz BLE;46:de:6e:42:28:32;-71.0;;;;-71.0;7.943282347242822e-11;0.000368;2.923127903785358e-14;4.1506102639372865e-12;36;0x00;38;VERT;False
1787665924.1866274;13.13827812799991;Simulation RF;Détection RF large bande;868 MHz;868 MHz;;2422;1.9518046320582472;-34.07218528232988;-67.07218528232988;1.9623726020130307e-10;0.1;1.9623726020130308e-11;2.7748978602563275e-09;;;;ORANGE;True
1787665924.1867669;13.13827812799991;Simulation RF;Détection RF large bande;2,45 GHz;2,45 GHz;;2755;2.2199739593255443;-44.798958373021776;-61.49895837302177;7.081156009252364e-10;0.1;7.081156009252365e-11;7.158048265129578e-09;;;;ORANGE;True
1787665924.2053785;13.157153307000044;Wi-Fi;Wi-Fi;2,4/5 GHz;wlan0;-52.0;;;;-52.0;6.309573444801943e-09;0.1;6.309573444801943e-10;1.1991019936966506e-07;;;;ORANGE;False
1787665924.2844849;13.236260362000394;BLE Sniffer;Appareil BLE;2,4 GHz BLE;57:10:3b:9d:cc:43;-71.0;;;;-71.0;7.943282347242822e-11;0.00028;2.22411905722799e-14;6.962675923695118e-13;25;0x00;39;VERT;False
1787665924.2851138;13.236888722000003;BLE Sniffer;Appareil BLE;2,4 GHz BLE;6d:d7:ea:08:d0:be;-70.0;;;;-70.0;1e-10;0.000352;3.52e-14;4.686439199790471e-12;34;0x00;37;ORANGE;False
1787665924.2866938;13.238353370000368;Simulation RF;Détection RF large bande;868 MHz;868 MHz;;2432;1.9598864381783512;-34.39545752713404;-67.39545752713404;1.8216051577615165e-10;0.1;1.8216051577615166e-11;2.793113911833943e-09;;;;ORANGE;True
1787665924.2868357;13.238353370000368;Simulation RF;Détection RF large bande;2,45 GHz;2,45 GHz;;2736;2.2051707424224385;-44.20682969689753;-60.906829696897525;8.115532668483529e-10;0.1;8.11553266848353e-11;7.239203591814414e-09;;;;ORANGE;True
1787665924.2954032;13.247177961000489;Wi-Fi;Wi-Fi;2,4/5 GHz;wlan0;-52.0;;;;-52.0;6.309573444801943e-09;0.1;6.309573444801943e-10;1.2054115671414526e-07;;;;ORANGE;False
1787665924.3879457;13.339720015999774;BLE Sniffer;Appareil BLE;2,4 GHz BLE;6d:d7:ea:08:d0:be;-71.0;;;;-71.0;7.943282347242822e-11;0.000352;2.796035386229473e-14;4.714399553652766e-12;34;0x00;38;VERT;False
1787665924.3880184;13.339791831999719;BLE Sniffer;Appareil BLE;2,4 GHz BLE;6d:d7:ea:08:d0:be;-63.0;;;;-63.0;5.011872336272714e-10;0.000352;1.7641790623679954e-13;4.890817459889565e-12;34;0x00;39;ORANGE;False
1787665924.3893023;13.338458037999771;Simulation RF;Détection RF large bande;868 MHz;868 MHz;;2351;1.894835497628863;-31.793419905154522;-64.79341990515452;3.3163320606838904e-10;0.1;3.3163320606838906e-11;2.826277232440782e-09;;;;ORANGE;True
1787665924.3894362;13.338458037999771;Simulation RF;Détection RF large bande;2,45 GHz;2,45 GHz;;2771;2.2331636059930147;-45.32654423972059;-62.026544239720586;6.271126711637514e-10;0.1;6.271126711637515e-11;7.3019148589307894e-09;;;;ORANGE;True
1787665924.398009;13.349783677999767;Wi-Fi;Wi-Fi;2,4/5 GHz;wlan0;-52.0;;;;-52.0;6.309573444801943e-09;0.1;6.309573444801943e-10;1.2117211405862546e-07;;;;ORANGE;False
1787665924.4869325;13.438537148999785;Simulation RF;Détection RF large bande;868 MHz;868 MHz;;2354;1.8969232980474027;-31.8769319218961;-64.8769319218961;3.253170368014941e-10;0.1;3.253170368014941e-11;2.8588089361209314e-09;;;;ORANGE;True
1787665924.487072;13.438537148999785;Simulation RF;Détection RF large bande;2,45 GHz;2,45 GHz;;2788;2.2466100389882424;-45.864401559529696;-62.5644015595297;5.540638864717971e-10;0.1;5.540638864717971e-11;7.357321247577969e-09;;;;ORANGE;True
1787665924.4912815;13.443057223999858;BLE Sniffer;Appareil BLE;2,4 GHz BLE;57:10:3b:9d:cc:43;-77.0;;;;-77.0;1.9952623149688828e-11;0.00028;5.586734481912872e-15;7.018543268514247e-13;25;0x00;37;VERT;False
1787665924.4913566;13.44313031799993;BLE Sniffer;Appareil BLE;2,4 GHz BLE;57:10:3b:9d:cc:43;-77.0;;;;-77.0;1.9952623149688828e-11;0.00028;5.586734481912872e-15;7.074410613333376e-13;25;0x00;38;VERT;False
1787665924.491395;13.443168687999787;BLE Sniffer;Appareil BLE;2,4 GHz BLE;57:10:3b:9d:cc:43;-72.0;;;;-72.0;6.309573444801942e-11;0.00028;1.7666805645445437e-14;7.251078669787831e-13;25;0x00;39;VERT;False
1787665924.4984455;13.450219961000585;Wi-Fi;Wi-Fi;2,4/5 GHz;wlan0;-53.0;;;;-53.0;5.011872336272715e-09;0.1;5.011872336272715e-10;1.2167330129225274e-07;;;;ORANGE;False
1787665924.5870245;13.538615280000158;Simulation RF;Détection RF large bande;868 MHz;868 MHz;;2379;1.9174919390546905;-32.69967756218762;-65.69967756218762;2.691734641789822e-10;0.1;2.691734641789822e-11;2.8857262825388296e-09;;;;ORANGE;True
1787665924.5871706;13.538615280000158;Simulation RF;Détection RF large bande;2,45 GHz;2,45 GHz;;2755;2.220419890127729;-44.816795605109164;-61.51679560510916;7.052132109978838e-10;0.1;7.052132109978839e-11;7.427842568677757e-09;;;;ORANGE;True
1787665924.5941355;13.545910554999864;BLE Sniffer;iBeacon;2,4 GHz BLE;46:de:6e:42:28:32;-70.0;;;;-70.0;1e-10;0.000368;3.68e-14;4.1874102639372865e-12;36;0x00;37;ORANGE;False
1787665924.5948887;13.546664139000313;BLE Sniffer;Appareil BLE;2,4 GHz BLE;6d:d7:ea:08:d0:be;-72.0;;;;-72.0;6.309573444801942e-11;0.000352;2.2209698525702838e-14;4.913027158415268e-12;34;0x00;38;VERT;False
1787665924.596594;13.548369529999945;BLE Sniffer;Appareil BLE;2,4 GHz BLE;6d:d7:ea:08:d0:be;-64.0;;;;-64.0;3.9810717055349694e-10;0.000352;1.4013372403483091e-13;5.053160882450099e-12;34;0x00;39;ORANGE;False
1787665924.5983474;13.550122997000472;Wi-Fi;Wi-Fi;2,4/5 GHz;wlan0;-53.0;;;;-53.0;5.011872336272715e-09;0.1;5.011872336272715e-10;1.2217448852588002e-07;;;;ORANGE;False
1787665924.687117;13.63870387299994;Simulation RF;Détection RF large bande;868 MHz;868 MHz;;2417;1.9481631024893487;-33.92652409957394;-66.92652409957394;2.0293062364522437e-10;0.1;2.029306236452244e-11;2.906019344903352e-09;;;;ORANGE;True
1787665924.6872702;13.63870387299994;Simulation RF;Détection RF large bande;2,45 GHz;2,45 GHz;;2737;2.2052460797301245;-44.209843189204975;-60.90984318920497;8.109903397695395e-10;0.1;8.109903397695395e-11;7.508941602654711e-09;;;;ORANGE;True
1787665924.6971815;13.648957555999914;Wi-Fi;Wi-Fi;2,4/5 GHz;wlan0;-53.0;;;;-53.0;5.011872336272715e-09;0.1;5.011872336272715e-10;1.226756757595073e-07;;;;ORANGE;False
1787665924.7000182;13.651792999000463;BLE Sniffer;Appareil BLE;2,4 GHz BLE;57:10:3b:9d:cc:43;-75.0;;;;-75.0;3.1622776601683794e-11;0.00028;8.854377448471461e-15;7.339622444272545e-13;25;0x00;37;VERT;False
1787665924.7016275;13.653402889000063;BLE Sniffer;Appareil Apple BLE;2,4 GHz BLE;55:10:3b:89:cc:43;-75.0;;;;-75.0;3.1622776601683794e-11;0.00028;8.854377448471461e-15;8.854377448471461e-15;25;0x00;38;VERT;False
1787665924.7871857;13.738783632999912;Simulation RF;Détection RF large bande;868 MHz;868 MHz;;2413;1.944329246762947;-33.773169870517876;-66.77316987051788;2.1022434738821205e-10;0.1;2.1022434738821207e-11;2.927041779642173e-09;;;;ORANGE;True
1787665924.787325;13.738783632999912;Simulation RF;Détection RF large bande;2,45 GHz;2,45 GHz;;2685;2.163932770164259;-42.55731080657036;-59.25731080657036;1.186503215013817e-09;0.1;1.186503215013817e-10;7.627591924156094e-09;;;;ORANGE;True
1787665924.7958677;13.747642447000544;Wi-Fi;Wi-Fi;2,4/5 GHz;wlan0;-53.0;;;;-53.0;5.011872336272715e-09;0.1;5.011872336272715e-10;1.2317686299313458e-07;;;;ORANGE;False
1787665924.802545;13.75432136299969;BLE Sniffer;Appareil BLE;2,4 GHz BLE;57:10:3b:9d:cc:43;-72.0;;;;-72.0;6.309573444801942e-11;0.00028;1.7666805645445437e-14;7.516290500727e-13;25;0x00;39;VERT;False
1787665924.8026137;13.754387345000396;BLE Sniffer;iBeacon;2,4 GHz BLE;46:de:6e:42:28:32;-70.0;;;;-70.0;1e-10;0.000368;3.68e-14;4.2242102639372865e-12;36;0x00;37;ORANGE;False
1787665924.8043182;13.75609312600045;BLE Sniffer;iBeacon;2,4 GHz BLE;46:de:6e:42:28:32;-72.0;;;;-72.0;6.309573444801942e-11;0.000368;2.3219230276871148e-14;4.2474294942141575e-12;36;0x00;38;VERT;False
1787665924.8872812;13.838864856000328;Simulation RF;Détection RF large bande;868 MHz;868 MHz;;2457;1.9797898513405823;-35.19159405362329;-68.19159405362329;1.5164936447779145e-10;0.1;1.5164936447779147e-11;2.942206716089952e-09;;;;ORANGE;True
1787665924.887434;13.838864856000328;Simulation RF;Détection RF large bande;2,45 GHz;2,45 GHz;;2723;2.194256228197701;-43.77024912790803;-60.470249127908026;8.973773160327789e-10;0.1;8.97377316032779e-11;7.717329655759371e-09;;;;ORANGE;True
1787665924.8967743;13.848549383999853;Wi-Fi;Wi-Fi;2,4/5 GHz;wlan0;-54.0;;;;-54.0;3.981071705534969e-09;0.1;3.9810717055349694e-10;1.2357497016368807e-07;;;;ORANGE;False
1787665924.9064178;13.858192466000219;BLE Sniffer;iBeacon;2,4 GHz BLE;46:de:6e:42:28:32;-64.0;;;;-64.0;3.9810717055349694e-10;0.000368;1.4650343876368688e-13;4.3939329329778445e-12;36;0x00;39;ORANGE;False
1787665924.9064806;13.858254134000163;BLE Sniffer;Appareil BLE;2,4 GHz BLE;6d:d7:ea:08:d0:be;-71.0;;;;-71.0;7.943282347242822e-11;0.000352;2.796035386229473e-14;5.081121236312393e-12;34;0x00;37;VERT;False
1787665924.907781;13.859556372000043;BLE Sniffer;Appareil BLE;2,4 GHz BLE;6d:d7:ea:08:d0:be;-72.0;;;;-72.0;6.309573444801942e-11;0.000352;2.2209698525702838e-14;5.103330934838096e-12;34;0x00;38;VERT;False
1787665924.9873464;13.93894239400015;Simulation RF;Détection RF large bande;868 MHz;868 MHz;;2424;1.9531272802397912;-34.125091209591645;-67.12509120959164;1.9386119212146608e-10;0.1;1.938611921214661e-11;2.9615928353020986e-09;;;;ORANGE;True
1787665924.987485;13.93894239400015;Simulation RF;Détection RF large bande;2,45 GHz;2,45 GHz;;2732;2.201808046350436;-44.072321854017446;-60.77232185401745;8.370816363291492e-10;0.1;8.370816363291493e-11;7.801037819392287e-09;;;;ORANGE;True
1787665924.9971128;13.948887405999812;Wi-Fi;Wi-Fi;2,4/5 GHz;wlan0;-54.0;;;;-54.0;3.981071705534969e-09;0.1;3.9810717055349694e-10;1.2397307733424157e-07;;;;ORANGE;False
1787665925.010297;13.96207197700005;BLE Sniffer;Appareil BLE;2,4 GHz BLE;57:10:3b:9d:cc:43;-71.0;;;;-71.0;7.943282347242822e-11;0.00028;2.22411905722799e-14;7.738702406449798e-13;25;0x00;39;VERT;False
1787665925.0104065;13.962179959999958;Simulation LoRa;LoRa;868 MHz;LoRa 868.100 MHz;-85.05043462476377;;;;-85.05043462476377;3.125766537101914e-12;0.046335999999999995;1.4483551826315428e-13;1.3758951022040016e-12;13;"SNR=7.71;SF=7;BW=125.0;CR=4/5;F=868.100;CRC=OK;PAYLOAD=54454d504f5f4c4f52415f3133";7;VERT;True
1787665925.0104485;13.96222192300047;BLE Sniffer;iBeacon;2,4 GHz BLE;46:de:6e:42:28:32;-70.0;;;;-70.0;1e-10;0.000368;3.68e-14;4.4307329329778445e-12;36;0x00;37;ORANGE;False
1787665925.012224;13.9639993159999;BLE Sniffer;iBeacon;2,4 GHz BLE;46:de:6e:42:28:32;-73.0;;;;-73.0;5.011872336272715e-11;0.000376;1.8844639984385406e-14;4.44957757296223e-12;37;0x00;38;VERT;False
1787665925.0874393;14.039025932000186;Simulation RF;Détection RF large bande;868 MHz;868 MHz;;2487;2.0042570432993325;-36.17028173197329;-69.17028173197329;1.2105196031631868e-10;0.1;1.2105196031631868e-11;2.9736980313337306e-09;;;;ORANGE;True
1787665925.0875943;14.039025932000186;Simulation RF;Détection RF large bande;2,45 GHz;2,45 GHz;;2731;2.200831427176706;-44.033257087068236;-60.73325708706824;8.44645147340764e-10;0.1;8.446451473407641e-11;7.885502334126364e-09;;;;ORANGE;True
1787665925.0961998;14.047974320999856;Wi-Fi;Wi-Fi;2,4/5 GHz;wlan0;-54.0;;;;-54.0;3.981071705534969e-09;0.1;3.9810717055349694e-10;1.2437118450479506e-07;;;;ORANGE;False
1787665925.1144197;14.066194084000017;BLE Sniffer;iBeacon;2,4 GHz BLE;46:de:6e:42:28:32;-64.0;;;;-64.0;3.9810717055349694e-10;0.000368;1.4650343876368688e-13;4.596081011725917e-12;36;0x00;39;ORANGE;False
1787665925.1875024;14.139102303000072;Simulation RF;Détection RF large bande;868 MHz;868 MHz;;2462;1.9842538525557303;-35.37015410222921;-68.37015410222921;1.4554074369348625e-10;0.1;1.4554074369348626e-11;2.988252105703079e-09;;;;ORANGE;True
1787665925.187646;14.139102303000072;Simulation RF;Détection RF large bande;2,45 GHz;2,45 GHz;;2754;2.2189851427504967;-44.75940571001986;-61.45940571001986;7.145941046748009e-10;0.1;7.145941046748009e-11;7.956961744593844e-09;;;;ORANGE;True
1787665925.2013094;14.153083698000046;Wi-Fi;Wi-Fi;2,4/5 GHz;wlan0;-54.0;;;;-54.0;3.981071705534969e-09;0.1;3.9810717055349694e-10;1.2476929167534855e-07;;;;ORANGE;False
1787665925.2170563;14.16883093100023;BLE Sniffer;Appareil BLE;2,4 GHz BLE;6d:d7:ea:08:d0:be;-71.0;;;;-71.0;7.943282347242822e-11;0.000352;2.796035386229473e-14;5.1312912887003905e-12;34;0x00;37;VERT;False
1787665925.2183042;14.170079039000484;BLE Sniffer;Appareil BLE;2,4 GHz BLE;6d:d7:ea:08:d0:ba;-73.0;;;;-73.0;5.011872336272715e-11;0.000352;1.7641790623679955e-14;1.7641790623679955e-14;34;0x00;38;VERT;False
1787665925.2188244;14.170599285999742;BLE Sniffer;Appareil BLE;2,4 GHz BLE;6d:d7:ea:08:d0:be;-63.0;;;;-63.0;5.011872336272714e-10;0.000352;1.7641790623679954e-13;5.30770919493719e-12;34;0x00;39;ORANGE;False
1787665925.2876012;14.239187025999854;Simulation RF;Détection RF large bande;868 MHz;868 MHz;;2425;1.9538742572422643;-34.15497028969057;-67.15497028969057;1.9253202162474982e-10;0.1;1.9253202162474982e-11;3.007505307865554e-09;;;;ORANGE;True
1787665925.2877507;14.239187025999854;Simulation RF;Détection RF large bande;2,45 GHz;2,45 GHz;;2757;2.221382930273595;-44.855317210943795;-61.55531721094379;6.989856806204923e-10;0.1;6.989856806204923e-11;8.026860312655893e-09;;;;ORANGE;True
1787665925.2963896;14.248164471000564;Wi-Fi;Wi-Fi;2,4/5 GHz;wlan0;-54.0;;;;-54.0;3.981071705534969e-09;0.1;3.9810717055349694e-10;1.2516739884590204e-07;;;;ORANGE;False
1787665925.320555;14.27233028899991;BLE Sniffer;Appareil BLE;2,4 GHz BLE;d3:23:2f:4d:3e:b1;-71.0;;;;-71.0;7.943282347242822e-11;0.000376;2.986674162563301e-14;1.4264101396774952e-13;37;0x00;37;VERT;False
1787665925.3206372;14.272410882000258;BLE Sniffer;Appareil BLE;2,4 GHz BLE;d3:23:2f:4d:3e:b1;-72.0;;;;-72.0;6.309573444801942e-11;0.000376;2.3723996152455302e-14;1.663650101202048e-13;37;0x00;38;VERT;False
1787665925.3219068;14.273681749999923;BLE Sniffer;Appareil BLE;2,4 GHz BLE;d3:23:2f:4d:3e:b1;-84.0;;;;-84.0;3.9810717055349695e-12;0.000376;1.4968829612811484e-15;1.6786189308148596e-13;37;0x00;39;VERT;False
1787665925.3224554;14.274229700999967;BLE Sniffer;Appareil BLE;2,4 GHz BLE;57:10:3b:9d:cc:43;-74.0;;;;-74.0;3.9810717055349695e-11;0.00028;1.1147000775497913e-14;7.850172414204777e-13;25;0x00;37;VERT;False
1787665925.3876736;14.339268767000249;Simulation RF;Détection RF large bande;868 MHz;868 MHz;;2396;1.9308719508925023;-33.23487803570009;-66.23487803570009;2.379645128348615e-10;0.1;2.379645128348615e-11;3.03130175914904e-09;;;;ORANGE;True
1787665925.3878074;14.339268767000249;Simulation RF;Détection RF large bande;2,45 GHz;2,45 GHz;;2754;2.2190822897277336;-44.76329158910934;-61.46329158910934;7.139550027559631e-10;0.1;7.139550027559631e-11;8.09825581293149e-09;;;;ORANGE;True
1787665925.396457;14.348231748999751;Wi-Fi;Wi-Fi;2,4/5 GHz;wlan0;-54.0;;;;-54.0;3.981071705534969e-09;0.1;3.9810717055349694e-10;1.2556550601645553e-07;;;;ORANGE;False
1787665925.4246168;14.376391728000272;BLE Sniffer;Appareil BLE;2,4 GHz BLE;57:10:3b:99:cc:43;-75.0;;;;-75.0;3.1622776601683794e-11;0.000408;1.2902092853486989e-14;1.2902092853486989e-14;41;0x02;38;VERT;False
1787665925.4246893;14.376462858000195;BLE Sniffer;iBeacon;2,4 GHz BLE;46:de:6e:42:28:32;-64.0;;;;-64.0;3.9810717055349694e-10;0.000368;1.4650343876368688e-13;4.742584450489604e-12;36;0x00;39;ORANGE;False
1787665925.4877622;14.439349490000495;Simulation RF;Détection RF large bande;868 MHz;868 MHz;;2381;1.9186604165980914;-32.746416663923654;-65.74641666392365;2.6629213130115587e-10;0.1;2.662921313011559e-11;3.0579309722791555e-09;;;;ORANGE;True
1787665925.4879065;14.439349490000495;Simulation RF;Détection RF large bande;2,45 GHz;2,45 GHz;;2766;2.2292467734838346;-45.16987093935337;-61.869870939353376;6.501490107370778e-10;0.1;6.501490107370779e-11;8.163270714005197e-09;;;;ORANGE;True
1787665925.4963863;14.448160859000382;Wi-Fi;Wi-Fi;2,4/5 GHz;wlan0;-53.0;;;;-53.0;5.011872336272715e-09;0.1;5.011872336272715e-10;1.260666932500828e-07;;;;ORANGE;False
1787665925.5276556;14.479430913000215;BLE Sniffer;Appareil BLE;2,4 GHz BLE;6d:d7:ea:08:d0:be;-71.0;;;;-71.0;7.943282347242822e-11;0.000352;2.796035386229473e-14;5.3356695487994844e-12;34;0x00;37;VERT;False
1787665925.5295973;14.481372141000065;BLE Sniffer;Appareil BLE;2,4 GHz BLE;57:10:3b:9d:cc:43;-76.0;;;;-76.0;2.5118864315095823e-11;0.00028;7.03328200822683e-15;7.920505234287045e-13;25;0x00;38;VERT;False
1787665925.5926073;14.539458399000068;Simulation RF;Détection RF large bande;868 MHz;868 MHz;;2369;1.9092267811780603;-32.369071247122406;-65.3690712471224;2.904643755566074e-10;0.1;2.9046437555660742e-11;3.0869774098348164e-09;;;;ORANGE;True
1787665925.592829;14.539458399000068;Simulation RF;Détection RF large bande;2,45 GHz;2,45 GHz;;2762;2.225536268127018;-45.02145072508071;-61.721450725080715;6.727518914969106e-10;0.1;6.727518914969107e-11;8.230545903154889e-09;;;;ORANGE;True
1787665925.6019728;14.553747408999698;Wi-Fi;Wi-Fi;2,4/5 GHz;wlan0;-53.0;;;;-53.0;5.011872336272715e-09;0.1;5.011872336272715e-10;1.265678804837101e-07;;;;ORANGE;False
1787665925.6366453;14.58842102500057;BLE Sniffer;Appareil BLE;2,4 GHz BLE;57:10:3b:9d:cc:43;-71.0;;;;-71.0;7.943282347242822e-11;0.00028;2.22411905722799e-14;8.142917140009844e-13;25;0x00;39;VERT;False
1787665925.6367302;14.588503728999967;BLE Sniffer;iBeacon;2,4 GHz BLE;46:de:6e:42:28:32;-70.0;;;;-70.0;1e-10;0.000368;3.68e-14;4.779384450489604e-12;36;0x00;37;ORANGE;False
1787665925.6880765;14.639560585000254;Simulation RF;Détection RF large bande;868 MHz;868 MHz;;2465;1.9864913248609444;-35.459652994437775;-68.45965299443777;1.4257215056017472e-10;0.1;1.4257215056017472e-11;3.101234624890834e-09;;;;ORANGE;True
1787665925.6883194;14.639560585000254;Simulation RF;Détection RF large bande;2,45 GHz;2,45 GHz;;2698;2.174095888838378;-42.96383555353512;-59.663835553535115;1.080479284158542e-09;0.1;1.080479284158542e-10;8.338593831570743e-09;;;;ORANGE;True
1787665925.7016735;14.653448498000216;Wi-Fi;Wi-Fi;2,4/5 GHz;wlan0;-54.0;;;;-54.0;3.981071705534969e-09;0.1;3.9810717055349694e-10;1.2696598765426358e-07;;;;ORANGE;False
1787665925.743459;14.69523549800033;BLE Sniffer;Appareil BLE;2,4 GHz BLE;6d:d7:ea:08:d0:be;-72.0;;;;-72.0;6.309573444801942e-11;0.000352;2.2209698525702838e-14;5.357879247325187e-12;34;0x00;38;VERT;False
1787665925.7445676;14.696343307999996;BLE Sniffer;Appareil BLE;2,4 GHz BLE;6d:d7:ea:08:d0:be;-64.0;;;;-64.0;3.9810717055349694e-10;0.000352;1.4013372403483091e-13;5.498012971360018e-12;34;0x00;39;ORANGE;False
1787665925.7880828;14.739658753000185;Simulation RF;Détection RF large bande;868 MHz;868 MHz;;2411;1.9432809162528697;-33.73123665011478;-66.73123665011478;2.1226399558832868e-10;0.1;2.122639955883287e-11;3.1224610244496667e-09;;;;ORANGE;True
1787665925.788276;14.739658753000185;Simulation RF;Détection RF large bande;2,45 GHz;2,45 GHz;;2776;2.236808838477471;-45.47235353909883;-62.172353539098836;6.064076146549308e-10;0.1;6.064076146549308e-11;8.399234593036236e-09;;;;ORANGE;True
1787665925.797035;14.748809348000577;Wi-Fi;Wi-Fi;2,4/5 GHz;wlan0;-54.0;;;;-54.0;3.981071705534969e-09;0.1;3.9810717055349694e-10;1.2736409482481707e-07;;;;ORANGE;False
1787665925.847954;14.799729016000128;BLE Sniffer;iBeacon;2,4 GHz BLE;46:de:6e:42:28:32;-70.0;;;;-70.0;1e-10;0.000368;3.68e-14;4.816184450489604e-12;36;0x00;37;ORANGE;False
1787665925.8883133;14.839763050000329;Simulation RF;Détection RF large bande;868 MHz;868 MHz;;2389;1.924839696719351;-32.99358786877404;-65.99358786877404;2.5155978398248377e-10;0.1;2.515597839824838e-11;3.1476170028479152e-09;;;;ORANGE;True
1787665925.8885748;14.839763050000329;Simulation RF;Détection RF large bande;2,45 GHz;2,45 GHz;;2748;2.2143800734528916;-44.575202938115666;-61.27520293811567;7.455550327482454e-10;0.1;7.455550327482455e-11;8.47379009631106e-09;;;;ORANGE;True
1787665925.8976617;14.849435965999874;Wi-Fi;Wi-Fi;2,4/5 GHz;wlan0;-54.0;;;;-54.0;3.981071705534969e-09;0.1;3.9810717055349694e-10;1.2776220199537056e-07;;;;ORANGE;False
1787665925.9490292;14.900804085000345;BLE Sniffer;Appareil BLE;2,4 GHz BLE;46:de:6e:42:28:32;-73.0;;;;-73.0;5.011872336272715e-11;0.000368;1.844369019748359e-14;4.8346281406870874e-12;36;0x00;38;VERT;False
1787665925.9508436;14.902618162999715;BLE Sniffer;iBeacon;2,4 GHz BLE;46:de:6e:42:28:32;-64.0;;;;-64.0;3.9810717055349694e-10;0.000368;1.4650343876368688e-13;4.9811315794507744e-12;36;0x00;39;ORANGE;False
1787665925.9882042;14.939834550000342;Simulation RF;Détection RF large bande;868 MHz;868 MHz;;2443;1.9687906429283175;-34.7516257171327;-67.7516257171327;1.6781757002868474e-10;0.1;1.6781757002868474e-11;3.164398759850784e-09;;;;ORANGE;True
1787665925.9883578;14.939834550000342;Simulation RF;Détection RF large bande;2,45 GHz;2,45 GHz;;2740;2.207693650338726;-44.307746013549036;-61.00774601354904;7.92912745075196e-10;0.1;7.92912745075196e-11;8.55308137081858e-09;;;;ORANGE;True
1787665925.9968326;14.948607400000583;Wi-Fi;Wi-Fi;2,4/5 GHz;wlan0;-54.0;;;;-54.0;3.981071705534969e-09;0.1;3.9810717055349694e-10;1.2816030916592405e-07;;;;ORANGE;False
1787665926.0523944;15.004169663000539;Simulation LoRa;LoRa;868 MHz;LoRa 868.100 MHz;-85.55818177300037;;;;-85.55818177300037;2.7808772723837576e-12;0.046335999999999995;1.2885472929317378e-13;1.5047498314971753e-12;13;"SNR=7.60;SF=7;BW=125.0;CR=4/5;F=868.100;CRC=OK;PAYLOAD=54454d504f5f4c4f52415f3134";7;VERT;True
1787665926.0541399;15.00591490700026;BLE Sniffer;Appareil BLE;2,4 GHz BLE;6d:d7:ea:08:d0:be;-71.0;;;;-71.0;7.943282347242822e-11;0.000352;2.796035386229473e-14;5.5259733252223125e-12;34;0x00;37;VERT;False
1787665926.054209;15.005982427000163;BLE Sniffer;Appareil BLE;2,4 GHz BLE;6d:d7:ea:08:d0:be;-73.0;;;;-73.0;5.011872336272715e-11;0.000352;1.7641790623679955e-14;5.543615115845993e-12;34;0x00;38;VERT;False
1787665926.0886548;15.039948552000169;Simulation RF;Détection RF large bande;868 MHz;868 MHz;;2450;1.9743492750409926;-34.9739710016397;-67.9739710016397;1.5944206110111545e-10;0.1;1.5944206110111546e-11;3.1803429659608953e-09;;;;ORANGE;True
1787665926.0888731;15.039948552000169;Simulation RF;Détection RF large bande;2,45 GHz;2,45 GHz;;2726;2.196569518737071;-43.86278074948284;-60.56278074948283;8.78459866571045e-10;0.1;8.78459866571045e-11;8.640927357475685e-09;;;;ORANGE;True
1787665926.0955698;15.047344643000542;Wi-Fi;Wi-Fi;2,4/5 GHz;wlan0;-53.0;;;;-53.0;5.011872336272715e-09;0.1;5.011872336272715e-10;1.2866149639955133e-07;;;;ORANGE;False
1787665926.1562274;15.108002433000365;BLE Sniffer;Appareil BLE;2,4 GHz BLE;6d:d7:ea:08:d0:be;-64.0;;;;-64.0;3.9810717055349694e-10;0.000352;1.4013372403483091e-13;5.683748839880823e-12;34;0x00;39;ORANGE;False
1787665926.1576653;15.109440320999965;BLE Sniffer;Appareil BLE;2,4 GHz BLE;57:10:3b:9d:cc:43;-72.0;;;;-72.0;6.309573444801942e-11;0.00028;1.7666805645445437e-14;8.319585196464298e-13;25;0x00;37;VERT;False
1787665926.1582425;15.110016643000563;BLE Sniffer;Appareil BLE;2,4 GHz BLE;57:10:3b:9d:cc:43;-71.0;;;;-71.0;7.943282347242822e-11;0.00028;2.22411905722799e-14;8.541997102187097e-13;25;0x00;38;VERT;False
1787665926.158296;15.11006966200057;BLE Sniffer;Appareil BLE;2,4 GHz BLE;57:10:3b:9d:cc:43;-75.0;;;;-75.0;3.1622776601683794e-11;0.00028;8.854377448471461e-15;8.630540876671811e-13;25;0x00;39;VERT;False
1787665926.1884477;15.140027460000056;Simulation RF;Détection RF large bande;868 MHz;868 MHz;;2457;1.9802649004377995;-35.210596017511975;-68.21059601751197;1.5098729278471652e-10;0.1;1.5098729278471653e-11;3.1954416952393667e-09;;;;ORANGE;True
1787665926.1885874;15.140027460000056;Simulation RF;Détection RF large bande;2,45 GHz;2,45 GHz;;2727;2.1974828522093794;-43.89931408837518;-60.59931408837517;8.711011581856181e-10;0.1;8.711011581856182e-11;8.728037473294246e-09;;;;ORANGE;True
1787665926.1969202;15.148694086000432;Wi-Fi;Wi-Fi;2,4/5 GHz;wlan0;-52.0;;;;-52.0;6.309573444801943e-09;0.1;6.309573444801943e-10;1.2929245374403154e-07;;;;ORANGE;False
1787665926.260778;15.212553174000277;BLE Sniffer;iBeacon;2,4 GHz BLE;46:de:6e:42:28:32;-71.0;;;;-71.0;7.943282347242822e-11;0.000368;2.923127903785358e-14;5.010362858488628e-12;36;0x00;37;VERT;False
1787665926.262682;15.214457197999764;BLE Sniffer;Appareil BLE;2,4 GHz BLE;46:de:6e:42:28:32;-73.0;;;;-73.0;5.011872336272715e-11;0.000368;1.844369019748359e-14;5.028806548686111e-12;36;0x00;38;VERT;False
1787665926.2627537;15.214527365000322;BLE Sniffer;iBeacon;2,4 GHz BLE;46:de:6e:42:28:32;-64.0;;;;-64.0;3.9810717055349694e-10;0.000368;1.4650343876368688e-13;5.175309987449798e-12;36;0x00;39;ORANGE;False
1787665926.2887533;15.240178924000247;Simulation RF;Détection RF large bande;868 MHz;868 MHz;;2540;2.0465026742483583;-37.860106969934336;-70.86010696993434;8.203313387150143e-11;0.1;8.203313387150143e-12;3.2036450086265167e-09;;;;VERT;True
1787665926.2889678;15.240178924000247;Simulation RF;Détection RF large bande;2,45 GHz;2,45 GHz;;2766;2.2288604285641416;-45.15441714256566;-61.85441714256566;6.524666012843539e-10;0.1;6.52466601284354e-11;8.793284133422682e-09;;;;ORANGE;True
1787665926.2975488;15.249323666999771;Wi-Fi;Wi-Fi;2,4/5 GHz;wlan0;-51.0;;;;-51.0;7.943282347242822e-09;0.1;7.943282347242823e-10;1.3008678197875583e-07;;;;ORANGE;False
1787665926.3664827;15.318257893000009;BLE Sniffer;Appareil BLE;2,4 GHz BLE;57:10:3b:9d:cc:43;-72.0;;;;-72.0;6.309573444801942e-11;0.00028;1.7666805645445437e-14;8.807208933126266e-13;25;0x00;37;VERT;False
1787665926.388649;15.340256684000451;Simulation RF;Détection RF large bande;868 MHz;868 MHz;;2457;1.9802867478764055;-35.21146991505621;-68.21146991505621;1.5095691382403948e-10;0.1;1.5095691382403948e-11;3.2187407000089205e-09;;;;ORANGE;True
1787665926.3887875;15.340256684000451;Simulation RF;Détection RF large bande;2,45 GHz;2,45 GHz;;2759;2.223107682160257;-44.92430728641027;-61.62430728641027;6.879696369154501e-10;0.1;6.879696369154501e-11;8.862081097114226e-09;;;;ORANGE;True
1787665926.3972843;15.349058460000379;Wi-Fi;Wi-Fi;2,4/5 GHz;wlan0;-50.0;;;;-50.0;1e-08;0.1;1e-09;1.3108678197875582e-07;;;;ROUGE;False
1787665926.4674668;15.419241978999707;BLE Sniffer;Appareil BLE;2,4 GHz BLE;57:10:3b:9d:cc:43;-72.0;;;;-72.0;6.309573444801942e-11;0.00028;1.7666805645445437e-14;8.98387698958072e-13;25;0x00;38;VERT;False
1787665926.4694147;15.421189355000024;BLE Sniffer;Appareil BLE;2,4 GHz BLE;57:10:3b:9d:cc:43;-77.0;;;;-77.0;1.9952623149688828e-11;0.00028;5.586734481912872e-15;9.039744334399849e-13;25;0x00;39;VERT;False
1787665926.4694874;15.421261004000371;BLE Sniffer;iBeacon;2,4 GHz BLE;46:de:6e:42:28:32;-70.0;;;;-70.0;1e-10;0.000368;3.68e-14;5.212109987449798e-12;36;0x00;37;ORANGE;False
1787665926.4695263;15.421299819000524;BLE Sniffer;iBeacon;2,4 GHz BLE;46:de:6e:42:28:32;-73.0;;;;-73.0;5.011872336272715e-11;0.000368;1.844369019748359e-14;5.2305536776472816e-12;36;0x00;38;VERT;False
1787665926.489125;15.440494020000187;Simulation RF;Détection RF large bande;868 MHz;868 MHz;;2479;1.997466751184996;-35.89867004739983;-68.89867004739983;1.2886441165046154e-10;0.1;1.2886441165046154e-11;3.2316271411739666e-09;;;;ORANGE;True
1787665926.4893873;15.440494020000187;Simulation RF;Détection RF large bande;2,45 GHz;2,45 GHz;;2756;2.2208641940153875;-44.8345677606155;-61.5345677606155;7.023332412348301e-10;0.1;7.023332412348301e-11;8.93231442123771e-09;;;;ORANGE;True
1787665926.4989936;15.450768407000396;Wi-Fi;Wi-Fi;2,4/5 GHz;wlan0;-49.0;;;;-49.0;1.2589254117941661e-08;0.1;1.2589254117941663e-09;1.3234570739054999e-07;;;;ROUGE;False
1787665926.5736618;15.52543742600028;BLE Sniffer;iBeacon;2,4 GHz BLE;46:de:6e:42:28:32;-64.0;;;;-64.0;3.9810717055349694e-10;0.000368;1.4650343876368688e-13;5.3770571164109686e-12;36;0x00;39;ORANGE;False
1787665926.5889661;15.540569075999883;Simulation RF;Détection RF large bande;868 MHz;868 MHz;;2528;2.0373056787569337;-37.492227150277344;-70.49222715027734;8.928474959873351e-11;0.1;8.928474959873352e-12;3.24055561613384e-09;;;;VERT;True
1787665926.5891094;15.540569075999883;Simulation RF;Détection RF large bande;2,45 GHz;2,45 GHz;;2810;2.2646300774450085;-46.585203097800346;-63.28520309780034;4.693314855185856e-10;0.1;4.6933148551858555e-11;8.979247569789567e-09;;;;ORANGE;True
1787665926.597579;15.549353704000168;Wi-Fi;Wi-Fi;2,4/5 GHz;wlan0;-48.0;;;;-48.0;1.5848931924611143e-08;0.1;1.5848931924611144e-09;1.339306005830111e-07;;;;ROUGE;False
1787665926.675243;15.627018185999987;BLE Sniffer;Appareil BLE;2,4 GHz BLE;6d:d7:ea:08:d0:be;-71.0;;;;-71.0;7.943282347242822e-11;0.000352;2.796035386229473e-14;5.711709193743118e-12;34;0x00;37;VERT;False
1787665926.6774585;15.629234084000018;BLE Sniffer;Appareil BLE;2,4 GHz BLE;6d:d7:e2:00:d0:be;-72.0;;;;-72.0;6.309573444801942e-11;0.000352;2.2209698525702838e-14;2.2209698525702838e-14;34;0x00;38;VERT;False
1787665926.6775324;15.629305825000301;BLE Sniffer;Appareil BLE;2,4 GHz BLE;6d:d7:ea:08:d0:be;-64.0;;;;-64.0;3.9810717055349694e-10;0.000352;1.4013372403483091e-13;5.8518429177779486e-12;34;0x00;39;ORANGE;False
1787665926.6775723;15.629345604000264;BLE Sniffer;Appareil BLE;2,4 GHz BLE;57:10:3b:9d:cc:43;-84.0;;;;-84.0;3.9810717055349695e-12;0.00028;1.1147000775497915e-15;9.050891335175346e-13;25;0x00;37;VERT;False
1787665926.6891172;15.640662374000385;Simulation RF;Détection RF large bande;868 MHz;868 MHz;;2491;2.0074987312555552;-36.2999492502222;-69.2999492502222;1.1749112843652358e-10;0.1;1.174911284365236e-11;3.252304728977492e-09;;;;ORANGE;True
1787665926.6893163;15.640662374000385;Simulation RF;Détection RF large bande;2,45 GHz;2,45 GHz;;2744;2.2115422680841244;-44.46169072336497;-61.16169072336496;7.652986155255686e-10;0.1;7.652986155255687e-11;9.055777431342124e-09;;;;ORANGE;True
1787665926.70389;15.655666652000036;Wi-Fi;Wi-Fi;2,4/5 GHz;wlan0;-46.0;;;;-46.0;2.511886431509582e-08;0.1;2.5118864315095824e-09;1.3644248701452068e-07;;;;ROUGE;False
1787665926.781668;15.733442857999762;BLE Sniffer;Appareil BLE;2,4 GHz BLE;57:10:3b:9d:cc:43;-73.0;;;;-73.0;5.011872336272715e-11;0.00028;1.40332425415636e-14;9.191223760590983e-13;25;0x00;38;VERT;False
1787665926.7817473;15.73352091400011;BLE Sniffer;Appareil BLE;2,4 GHz BLE;57:10:3b:9d:cc:43;-74.0;;;;-74.0;3.9810717055349695e-11;0.00028;1.1147000775497913e-14;9.302693768345962e-13;25;0x00;39;VERT;False
1787665926.7823806;15.734155385000122;BLE Sniffer;iBeacon;2,4 GHz BLE;46:de:6e:42:28:32;-71.0;;;;-71.0;7.943282347242822e-11;0.000368;2.923127903785358e-14;5.406288395448822e-12;36;0x00;37;VERT;False
1787665926.782443;15.734216644999833;BLE Sniffer;iBeacon;2,4 GHz BLE;46:de:6e:42:28:32;-72.0;;;;-72.0;6.309573444801942e-11;0.000368;2.3219230276871148e-14;5.429507625725693e-12;36;0x00;38;VERT;False
1787665926.7891028;15.740748596999765;Simulation RF;Détection RF large bande;868 MHz;868 MHz;;2531;2.039468751332917;-37.57875005331668;-70.57875005331668;8.752356413034309e-11;0.1;8.75235641303431e-12;3.2610570853905265e-09;;;;VERT;True
1787665926.789255;15.740748596999765;Simulation RF;Détection RF large bande;2,45 GHz;2,45 GHz;;2755;2.2202103664708632;-44.80841465883452;-61.50841465883452;7.06575434282815e-10;0.1;7.06575434282815e-11;9.126434974770405e-09;;;;ORANGE;True
1787665926.7946055;15.746380018000309;Wi-Fi;Wi-Fi;2,4/5 GHz;wlan0;-45.0;;;;-45.0;3.162277660168379e-08;0.1;3.1622776601683795e-09;1.3960476467468906e-07;;;;ROUGE;False
1787665926.8867056;15.838481030999901;BLE Sniffer;iBeacon;2,4 GHz BLE;46:de:6e:42:28:32;-64.0;;;;-64.0;3.9810717055349694e-10;0.000368;1.4650343876368688e-13;5.57601106448938e-12;36;0x00;39;ORANGE;False
1787665926.8867779;15.838551402000121;BLE Sniffer;Appareil BLE;2,4 GHz BLE;6d:d7:ea:08:d0:be;-70.0;;;;-70.0;1e-10;0.000352;3.52e-14;5.887042917777948e-12;34;0x00;37;ORANGE;False
1787665926.893526;15.840869616000418;Simulation RF;Détection RF large bande;868 MHz;868 MHz;;2442;1.9677577964443245;-34.71031185777298;-67.71031185777298;1.6942161379661729e-10;0.1;1.6942161379661728e-11;3.2779992467701883e-09;;;;ORANGE;True
1787665926.9043207;15.840869616000418;Simulation RF;Détection RF large bande;2,45 GHz;2,45 GHz;;2780;2.2398955810994425;-45.595823243977705;-62.29582324397771;5.89410238500516e-10;0.1;5.894102385005161e-11;9.185375998620458e-09;;;;ORANGE;True
1787665926.9163787;15.868153862000327;Wi-Fi;Wi-Fi;2,4/5 GHz;wlan0;-45.0;;;;-45.0;3.162277660168379e-08;0.1;3.1622776601683795e-09;1.4276704233485745e-07;;;;ROUGE;False
1787665926.990252;15.94202694500018;BLE Sniffer;Appareil BLE;2,4 GHz BLE;6d:d7:ea:08:d0:be;-72.0;;;;-72.0;6.309573444801942e-11;0.000352;2.2209698525702838e-14;5.909252616303651e-12;34;0x00;38;VERT;False
1787665926.9911575;15.942932566999843;BLE Sniffer;Appareil BLE;2,4 GHz BLE;6d:d7:ea:08:d0:be;-64.0;;;;-64.0;3.9810717055349694e-10;0.000352;1.4013372403483091e-13;6.049386340338482e-12;34;0x00;39;ORANGE;False
1787665926.991244;15.943017865000002;BLE Sniffer;Appareil BLE;2,4 GHz BLE;57:10:3b:9d:cc:43;-80.0;;;;-80.0;1e-11;0.00028;2.7999999999999997e-15;9.330693768345962e-13;25;0x00;37;VERT;False
1787665926.9913566;15.943130810999719;Simulation LoRa;LoRa;868 MHz;LoRa 868.100 MHz;-88.60634818626386;;;;-88.60634818626386;1.3783679978956535e-12;0.046335999999999995;6.386805955049299e-14;1.5686178910476682e-12;13;"SNR=7.93;SF=7;BW=125.0;CR=4/5;F=868.100;CRC=OK;PAYLOAD=54454d504f5f4c4f52415f3135";7;VERT;True
1787665926.9953382;15.941332659000182;Simulation RF;Détection RF large bande;868 MHz;868 MHz;;2481;1.9991634810858323;-35.96653924343329;-68.96653924343329;1.2686624204726196e-10;0.1;1.2686624204726197e-11;3.2906858709749146e-09;;;;ORANGE;True
1787665926.9955332;15.941332659000182;Simulation RF;Détection RF large bande;2,45 GHz;2,45 GHz;;2709;2.182775684630396;-43.31102738521582;-60.011027385215826;9.974640716315661e-10;0.1;9.974640716315661e-11;9.285122405783615e-09;;;;ORANGE;True
1787665927.0056531;15.957429746999878;Wi-Fi;Wi-Fi;2,4/5 GHz;wlan0;-44.0;;;;-44.0;3.981071705534969e-08;0.1;3.981071705534969e-09;1.467481140403924e-07;;;;ROUGE;False
1787665927.0898292;16.041416992999984;Simulation RF;Détection RF large bande;868 MHz;868 MHz;;2550;2.0550987958752973;-38.20395183501189;-71.20395183501189;7.578876261451275e-11;0.1;7.578876261451276e-12;3.298264747236366e-09;;;;VERT;True
1787665927.0899775;16.041416992999984;Simulation RF;Détection RF large bande;2,45 GHz;2,45 GHz;;2732;2.201961425594217;-44.07845702376868;-60.778457023768674;8.358999468621729e-10;0.1;8.35899946862173e-11;9.368712400469832e-09;;;;ORANGE;True
1787665927.1010482;16.05282381899997;BLE Sniffer;iBeacon;2,4 GHz BLE;46:de:6e:42:28:32;-72.0;;;;-72.0;6.309573444801942e-11;0.000368;2.3219230276871148e-14;5.599230294766251e-12;36;0x00;38;VERT;False
1787665927.1017067;16.053481124000427;BLE Sniffer;iBeacon;2,4 GHz BLE;46:de:6e:42:28:32;-64.0;;;;-64.0;3.9810717055349694e-10;0.000368;1.4650343876368688e-13;5.745733733529938e-12;36;0x00;39;ORANGE;False
1787665927.0994666;16.05124055899978;Wi-Fi;Wi-Fi;2,4/5 GHz;wlan0;-44.0;;;;-44.0;3.981071705534969e-08;0.1;3.981071705534969e-09;1.5072918574592737e-07;;;;ROUGE;False
1787665927.1899157;16.14150682699983;Simulation RF;Détection RF large bande;868 MHz;868 MHz;;2468;1.988625934611651;-35.54503738446604;-68.54503738446604;1.3979648814614804e-10;0.1;1.3979648814614805e-11;3.312244396050981e-09;;;;ORANGE;True
1787665927.1900501;16.14150682699983;Simulation RF;Détection RF large bande;2,45 GHz;2,45 GHz;;2796;2.252907218181403;-46.11628872725612;-62.816288727256115;5.22842794571624e-10;0.1;5.22842794571624e-11;9.420996679926994e-09;;;;ORANGE;True
1787665927.198439;16.150213898000402;Wi-Fi;Wi-Fi;2,4/5 GHz;wlan0;-44.0;;;;-44.0;3.981071705534969e-08;0.1;3.981071705534969e-09;1.5471025745146233e-07;;;;ROUGE;False
1787665927.2050748;16.156849554000473;BLE Sniffer;Appareil BLE;2,4 GHz BLE;6d:d7:ea:08:d0:be;-70.0;;;;-70.0;1e-10;0.000352;3.52e-14;6.0845863403384815e-12;34;0x00;37;ORANGE;False
1787665927.2051513;16.156924591999996;BLE Sniffer;Appareil BLE;2,4 GHz BLE;6d:d7:ea:08:d0:bb;-73.0;;;;-73.0;5.011872336272715e-11;0.000352;1.7641790623679955e-14;1.7641790623679955e-14;34;0x00;38;VERT;False
1787665927.2899952;16.24158760499995;Simulation RF;Détection RF large bande;868 MHz;868 MHz;;2532;2.0401732445572343;-37.60692978228937;-70.60692978228937;8.695749526247519e-11;0.1;8.695749526247519e-12;3.3209401455772286e-09;;;;VERT;True
1787665927.290143;16.24158760499995;Simulation RF;Détection RF large bande;2,45 GHz;2,45 GHz;;2739;2.207463410919002;-44.298536436760074;-60.99853643676008;7.945959667732971e-10;0.1;7.945959667732971e-11;9.500456276604324e-09;;;;ORANGE;True
1787665927.3063188;16.258093014000224;Wi-Fi;Wi-Fi;2,4/5 GHz;wlan0;-44.0;;;;-44.0;3.981071705534969e-08;0.1;3.981071705534969e-09;1.586913291569973e-07;;;;ROUGE;False
1787665927.3088207;16.260596136999993;BLE Sniffer;Appareil BLE;2,4 GHz BLE;6d:d7:ea:08:d0:be;-63.0;;;;-63.0;5.011872336272714e-10;0.000352;1.7641790623679954e-13;6.261004246575281e-12;34;0x00;39;ORANGE;False
1787665927.3088923;16.260665712000446;BLE Sniffer;Appareil BLE;2,4 GHz BLE;57:10:3b:9d:cc:43;-77.0;;;;-77.0;1.9952623149688828e-11;0.00028;5.586734481912872e-15;9.38656111316509e-13;25;0x00;37;VERT;False
1787665927.3105125;16.262287546999687;BLE Sniffer;Appareil BLE;2,4 GHz BLE;d3:23:2f:4d:3e:b1;-73.0;;;;-73.0;5.011872336272715e-11;0.000376;1.8844639984385406e-14;1.8670653306587136e-13;37;0x00;38;VERT;False
1787665927.3900743;16.34166884699971;Simulation RF;Détection RF large bande;868 MHz;868 MHz;;2481;1.9996610112408282;-35.98644044963312;-68.98644044963312;1.262862173533622e-10;0.1;1.262862173533622e-11;3.333568767312565e-09;;;;ORANGE;True
1787665927.3902166;16.34166884699971;Simulation RF;Détection RF large bande;2,45 GHz;2,45 GHz;;2723;2.1942394815672666;-43.769579262690655;-60.46957926269066;8.975157401292098e-10;0.1;8.975157401292099e-11;9.590207850617245e-09;;;;ORANGE;True
1787665927.3987796;16.35055408700009;Wi-Fi;Wi-Fi;2,4/5 GHz;wlan0;-44.0;;;;-44.0;3.981071705534969e-08;0.1;3.981071705534969e-09;1.6267240086253226e-07;;;;ROUGE;False
1787665927.41354;16.365314788000433;BLE Sniffer;Appareil BLE;2,4 GHz BLE;d3:23:2f:4d:3e:b1;-87.0;;;;-87.0;1.9952623149688827e-12;0.000376;7.502186304282998e-16;1.8745675169629965e-13;37;0x00;39;VERT;False
1787665927.4135997;16.365373233000355;BLE Sniffer;iBeacon;2,4 GHz BLE;46:de:6e:42:28:32;-70.0;;;;-70.0;1e-10;0.000368;3.68e-14;5.782533733529938e-12;36;0x00;37;ORANGE;False
1787665927.4151816;16.36695693799993;BLE Sniffer;iBeacon;2,4 GHz BLE;46:de:6e:42:28:3a;-72.0;;;;-72.0;6.309573444801942e-11;0.000368;2.3219230276871148e-14;2.3219230276871148e-14;36;0x00;38;VERT;False
1787665927.490148;16.44174731000021;Simulation RF;Détection RF large bande;868 MHz;868 MHz;;2466;1.9873974321804224;-35.49589728721689;-68.49589728721689;1.4138725774816876e-10;0.1;1.4138725774816878e-11;3.3477074930873817e-09;;;;ORANGE;True
1787665927.4902892;16.44174731000021;Simulation RF;Détection RF large bande;2,45 GHz;2,45 GHz;;2802;2.2578333984768846;-46.31333593907539;-63.01333593907538;4.996505917480971e-10;0.1;4.9965059174809714e-11;9.640172909792054e-09;;;;ORANGE;True
1787665927.4987254;16.450501271000576;Wi-Fi;Wi-Fi;2,4/5 GHz;wlan0;-44.0;;;;-44.0;3.981071705534969e-08;0.1;3.981071705534969e-09;1.6665347256806722e-07;;;;ROUGE;False
1787665927.518314;16.470089458000075;BLE Sniffer;iBeacon;2,4 GHz BLE;46:de:6e:42:28:32;-63.0;;;;-63.0;5.011872336272714e-10;0.000368;1.8443690197483588e-13;5.966970635504774e-12;36;0x00;39;ORANGE;False
1787665927.5183992;16.470172663000085;BLE Sniffer;Appareil BLE;2,4 GHz BLE;6d:d7:ea:08:d0:be;-71.0;;;;-71.0;7.943282347242822e-11;0.000352;2.796035386229473e-14;6.2889646004375754e-12;34;0x00;37;VERT;False
1787665927.5199246;16.47170079300031;BLE Sniffer;Appareil BLE;2,4 GHz BLE;6d:d7:ea:08:d0:be;-72.0;;;;-72.0;6.309573444801942e-11;0.000352;2.2209698525702838e-14;6.311174298963278e-12;34;0x00;38;VERT;False
1787665927.5902472;16.54183401499995;Simulation RF;Détection RF large bande;868 MHz;868 MHz;;2510;2.0225439557361415;-36.90175822944566;-69.90175822944566;1.0228787987329861e-10;0.1;1.0228787987329861e-11;3.3579362810747116e-09;;;;ORANGE;True
1787665927.5903971;16.54183401499995;Simulation RF;Détection RF large bande;2,45 GHz;2,45 GHz;;2863;2.3075564595089695;-48.30225838035878;-65.00225838035878;3.160633667552074e-10;0.1;3.160633667552074e-11;9.671779246467575e-09;;;;ORANGE;True
1787665927.6060333;16.557807861000583;Wi-Fi;Wi-Fi;2,4/5 GHz;wlan0;-44.0;;;;-44.0;3.981071705534969e-08;0.1;3.981071705534969e-09;1.7063454427360218e-07;;;;ROUGE;False
1787665927.6227944;16.574569401999725;BLE Sniffer;Appareil BLE;2,4 GHz BLE;6d:d7:ea:08:d0:be;-64.0;;;;-64.0;3.9810717055349694e-10;0.000352;1.4013372403483091e-13;6.451308022998109e-12;34;0x00;39;ORANGE;False
1787665927.6228602;16.574633737000113;BLE Sniffer;Appareil BLE;2,4 GHz BLE;57:10:3b:9d:cc:43;-77.0;;;;-77.0;1.9952623149688828e-11;0.00028;5.586734481912872e-15;9.44242845798422e-13;25;0x00;37;VERT;False
1787665927.690283;16.641906534000555;Simulation RF;Détection RF large bande;868 MHz;868 MHz;;2555;2.0587047091412938;-38.34818836565175;-71.34818836565175;7.331302904284281e-11;0.1;7.331302904284282e-12;3.365267583978996e-09;;;;VERT;True
1787665927.6904287;16.641906534000555;Simulation RF;Détection RF large bande;2,45 GHz;2,45 GHz;;2740;2.2077400386808756;-44.30960154723502;-61.009601547235015;7.925740435463041e-10;0.1;7.925740435463042e-11;9.751036650822206e-09;;;;ORANGE;True
1787665927.699063;16.650837625999884;Wi-Fi;Wi-Fi;2,4/5 GHz;wlan0;-44.0;;;;-44.0;3.981071705534969e-08;0.1;3.981071705534969e-09;1.7461561597913715e-07;;;;ROUGE;False
1787665927.7904103;16.741994257000442;Simulation RF;Détection RF large bande;868 MHz;868 MHz;;2525;2.034517076211444;-37.380683048457755;-70.38068304845775;9.160764003839541e-11;0.1;9.160764003839542e-12;3.3744283479828355e-09;;;;VERT;True
1787665927.7905629;16.741994257000442;Simulation RF;Détection RF large bande;2,45 GHz;2,45 GHz;;2797;2.253883790374086;-46.15535161496342;-62.855351614963425;5.181611387720274e-10;0.1;5.1816113877202745e-11;9.802852764699408e-09;;;;ORANGE;True
1787665927.7989142;16.750688772000103;Wi-Fi;Wi-Fi;2,4/5 GHz;wlan0;-44.0;;;;-44.0;3.981071705534969e-08;0.1;3.981071705534969e-09;1.785966876846721e-07;;;;ROUGE;False
1787665927.8288434;16.780618366000454;BLE Sniffer;Appareil BLE;2,4 GHz BLE;57:10:3b:9d:cc:43;-77.0;;;;-77.0;1.9952623149688828e-11;0.00028;5.586734481912872e-15;9.498295802803349e-13;25;0x00;38;VERT;False
1787665927.8289163;16.78068981100023;BLE Sniffer;Appareil BLE;2,4 GHz BLE;57:10:3b:9d:cc:43;-71.0;;;;-71.0;7.943282347242822e-11;0.00028;2.22411905722799e-14;9.720707708526147e-13;25;0x00;39;VERT;False
1787665927.8904724;16.84207398000035;Simulation RF;Détection RF large bande;868 MHz;868 MHz;;2566;2.0677583989482606;-38.710335957930425;-71.71033595793043;6.744758501352777e-11;0.1;6.7447585013527775e-12;3.381173106484188e-09;;;;VERT;True
1787665927.8906076;16.84207398000035;Simulation RF;Détection RF large bande;2,45 GHz;2,45 GHz;;2718;2.1907133955485447;-43.62853582194178;-60.32853582194178;9.271423469618212e-10;0.1;9.271423469618212e-11;9.895566999395591e-09;;;;ORANGE;True
1787665927.898925;16.850699383000574;Wi-Fi;Wi-Fi;2,4/5 GHz;wlan0;-44.0;;;;-44.0;3.981071705534969e-08;0.1;3.981071705534969e-09;1.8257775939020707e-07;;;;ROUGE;False
1787665927.9350233;16.886803201000475;BLE Sniffer;iBeacon;2,4 GHz BLE;46:de:6e:42:28:32;-71.0;;;;-71.0;7.943282347242822e-11;0.000368;2.923127903785358e-14;5.996201914542627e-12;36;0x00;37;VERT;False
1787665927.9351249;16.886898462000318;BLE Sniffer;iBeacon;2,4 GHz BLE;46:de:6e:42:28:32;-73.0;;;;-73.0;5.011872336272715e-11;0.000368;1.844369019748359e-14;6.01464560474011e-12;36;0x00;38;VERT;False
1787665927.9399023;16.891681410000274;BLE Sniffer;iBeacon;2,4 GHz BLE;46:de:6e:42:28:32;-63.0;;;;-63.0;5.011872336272714e-10;0.000368;1.8443690197483588e-13;6.199082506714946e-12;36;0x00;39;ORANGE;False
1787665927.9905276;16.942147683999792;Simulation RF;Détection RF large bande;868 MHz;868 MHz;;2503;2.0170648298482283;-36.68259319392914;-69.68259319392914;1.0758226427626361e-10;0.1;1.0758226427626361e-11;3.3919313329118145e-09;;;;ORANGE;True
1787665927.990674;16.942147683999792;Simulation RF;Détection RF large bande;2,45 GHz;2,45 GHz;;2702;2.1775440271116375;-43.101761084465494;-59.8017610844655;1.0467040186003072e-09;0.1;1.0467040186003072e-10;1.0000237401255622e-08;;;;ORANGE;True
1787665927.998902;16.950676364000174;Wi-Fi;Wi-Fi;2,4/5 GHz;wlan0;-44.0;;;;-44.0;3.981071705534969e-08;0.1;3.981071705534969e-09;1.8655883109574203e-07;;;;ROUGE;False
1787665928.042866;16.994642075999764;Simulation LoRa;LoRa;868 MHz;LoRa 868.100 MHz;-92.62844049906094;;;;-92.62844049906094;5.459538715778096e-13;0.046335999999999995;2.5297318593429385e-14;1.5939152096410976e-12;13;"SNR=7.01;SF=7;BW=125.0;CR=4/5;F=868.100;CRC=OK;PAYLOAD=54454d504f5f4c4f52415f3136";7;VERT;True
1787665928.0450253;16.9968006400004;BLE Sniffer;Appareil BLE;2,4 GHz BLE;57:10:3b:9d:cc:43;-75.0;;;;-75.0;3.1622776601683794e-11;0.00028;8.854377448471461e-15;9.80925148301086e-13;25;0x00;37;VERT;False
1787665928.0451026;16.996876326000347;BLE Sniffer;Appareil BLE;2,4 GHz BLE;6d:d7:ea:08:d0:be;-73.0;;;;-73.0;5.011872336272715e-11;0.000352;1.7641790623679955e-14;6.468949813621789e-12;34;0x00;38;VERT;False
1787665928.0906155;17.042226259000017;Simulation RF;Détection RF large bande;868 MHz;868 MHz;;2568;2.069080120375478;-38.76320481501912;-71.76320481501912;6.663148900509705e-11;0.1;6.663148900509706e-12;3.3985944818123242e-09;;;;VERT;True
1787665928.0907516;17.042226259000017;Simulation RF;Détection RF large bande;2,45 GHz;2,45 GHz;;2809;2.2635870531507822;-46.54348212603128;-63.24348212603128;4.73861895578642e-10;0.1;4.73861895578642e-11;1.0047623590813487e-08;;;;ORANGE;True
1787665928.0989568;17.050731475999783;Wi-Fi;Wi-Fi;2,4/5 GHz;wlan0;-44.0;;;;-44.0;3.981071705534969e-08;0.1;3.981071705534969e-09;1.90539902801277e-07;;;;ROUGE;False
1787665928.1473546;17.09912998300024;BLE Sniffer;Appareil BLE;2,4 GHz BLE;6d:d7:ea:08:d0:be;-63.0;;;;-63.0;5.011872336272714e-10;0.000352;1.7641790623679954e-13;6.6453677198585885e-12;34;0x00;39;ORANGE;False
1787665928.1497664;17.1015414579997;BLE Sniffer;iBeacon;2,4 GHz BLE;46:de:6e:42:28:32;-70.0;;;;-70.0;1e-10;0.000368;3.68e-14;6.235882506714946e-12;36;0x00;37;ORANGE;False
1787665928.1907165;17.142308315000264;Simulation RF;Détection RF large bande;868 MHz;868 MHz;;2475;1.994763419323142;-35.79053677292568;-68.79053677292568;1.321132336717907e-10;0.1;1.321132336717907e-11;3.4118058051795034e-09;;;;ORANGE;True
1787665928.190862;17.142308315000264;Simulation RF;Détection RF large bande;2,45 GHz;2,45 GHz;;2769;2.2316127224380806;-45.264508897523214;-61.96450889752321;6.361347352195519e-10;0.1;6.361347352195519e-11;1.0111237064335443e-08;;;;ORANGE;True
1787665928.1993918;17.151166591999754;Wi-Fi;Wi-Fi;2,4/5 GHz;wlan0;-44.0;;;;-44.0;3.981071705534969e-08;0.1;3.981071705534969e-09;1.9452097450681196e-07;;;;ROUGE;False
1787665928.2514818;17.2032568300001;BLE Sniffer;iBeacon;2,4 GHz BLE;46:de:6e:42:28:32;-74.0;;;;-74.0;3.9810717055349695e-11;0.000368;1.4650343876368688e-14;6.250532850591315e-12;36;0x00;38;VERT;False
1787665928.2515602;17.20333364599992;BLE Sniffer;iBeacon;2,4 GHz BLE;46:de:6e:42:28:32;-64.0;;;;-64.0;3.9810717055349694e-10;0.000368;1.4650343876368688e-13;6.397036289355002e-12;36;0x00;39;ORANGE;False
1787665928.2538521;17.205626877999748;BLE Sniffer;Appareil BLE;2,4 GHz BLE;73:e9:68:c2:03:47;-53.0;;;;-53.0;5.011872336272715e-09;0.000176;8.820895311839978e-13;8.820895311839978e-13;12;0x03;37;ORANGE;False
1787665928.2907684;17.24238925999998;Simulation RF;Détection RF large bande;868 MHz;868 MHz;;2551;2.055701210139413;-38.228048405576516;-71.22804840557652;7.536941761201584e-11;0.1;7.536941761201584e-12;3.419342746940705e-09;;;;VERT;True
1787665928.290911;17.24238925999998;Simulation RF;Détection RF large bande;2,45 GHz;2,45 GHz;;2807;2.2620063549835403;-46.4802541993416;-63.1802541993416;4.808112049955009e-10;0.1;4.808112049955009e-11;1.0159318184834992e-08;;;;ORANGE;True
1787665928.299717;17.251491429000453;Wi-Fi;Wi-Fi;2,4/5 GHz;wlan0;-44.0;;;;-44.0;3.981071705534969e-08;0.1;3.981071705534969e-09;1.9850204621234692e-07;;;;ROUGE;False
1787665928.3577716;17.30954687099984;BLE Sniffer;Appareil BLE;2,4 GHz BLE;6d:d7:ea:08:d0:be;-74.0;;;;-74.0;3.9810717055349695e-11;0.000352;1.4013372403483093e-14;6.659381092262072e-12;34;0x00;38;VERT;False
1787665928.3585172;17.31029219500033;BLE Sniffer;Appareil BLE;2,4 GHz BLE;6d:d7:ea:08:d0:be;-64.0;;;;-64.0;3.9810717055349694e-10;0.000352;1.4013372403483091e-13;6.799514816296903e-12;34;0x00;39;ORANGE;False
1787665928.3908498;17.342470317000334;Simulation RF;Détection RF large bande;868 MHz;868 MHz;;2603;2.0976714156746814;-39.90685662698725;-72.90685662698725;5.120523189688488e-11;0.1;5.120523189688488e-12;3.4244632701303937e-09;;;;VERT;True
1787665928.391;17.342470317000334;Simulation RF;Détection RF large bande;2,45 GHz;2,45 GHz;;2692;2.169157495419359;-42.766299816774364;-59.46629981677436;1.1307589094705095e-09;0.1;1.1307589094705095e-10;1.0272394075782043e-08;;;;ORANGE;True
1787665928.3996375;17.351412076000088;Wi-Fi;Wi-Fi;2,4/5 GHz;wlan0;-44.0;;;;-44.0;3.981071705534969e-08;0.1;3.981071705534969e-09;2.0248311791788188e-07;;;;ROUGE;False
1787665928.4625494;17.41432444900056;BLE Sniffer;iBeacon;2,4 GHz BLE;46:de:6e:42:28:32;-70.0;;;;-70.0;1e-10;0.000368;3.68e-14;6.433836289355002e-12;36;0x00;37;ORANGE;False
1787665928.4626293;17.41440281999985;BLE Sniffer;iBeacon;2,4 GHz BLE;46:de:6e:42:28:32;-72.0;;;;-72.0;6.309573444801942e-11;0.000368;2.3219230276871148e-14;6.457055519631873e-12;36;0x00;38;VERT;False
1787665928.490939;17.442548891000115;Simulation RF;Détection RF large bande;868 MHz;868 MHz;;2580;2.0788458485215418;-39.15383394086166;-72.15383394086166;6.08999037032284e-11;0.1;6.089990370322841e-12;3.4305532605007164e-09;;;;VERT;True
1787665928.4910796;17.442548891000115;Simulation RF;Détection RF large bande;2,45 GHz;2,45 GHz;;2805;2.2600845056638303;-46.40338022655321;-63.10338022655321;4.893977601281007e-10;0.1;4.8939776012810075e-11;1.0321333851794853e-08;;;;ORANGE;True
1787665928.4996123;17.45138779700028;Wi-Fi;Wi-Fi;2,4/5 GHz;wlan0;-44.0;;;;-44.0;3.981071705534969e-08;0.1;3.981071705534969e-09;2.0646418962341684e-07;;;;ROUGE;False
1787665928.5643291;17.51610493299995;BLE Sniffer;iBeacon;2,4 GHz BLE;46:de:6e:42:28:32;-64.0;;;;-64.0;3.9810717055349694e-10;0.000368;1.4650343876368688e-13;6.60355895839556e-12;36;0x00;39;ORANGE;False
1787665928.566502;17.51827775699985;BLE Sniffer;Appareil BLE;2,4 GHz BLE;57:10:3b:9d:cc:43;-76.0;;;;-76.0;2.5118864315095823e-11;0.00028;7.03328200822683e-15;9.87958430309313e-13;25;0x00;37;VERT;False
1787665928.5910318;17.542628207000234;Simulation RF;Détection RF large bande;868 MHz;868 MHz;;2490;2.0066967182538487;-36.267868730153936;-69.26786873015394;1.183622267586742e-10;0.1;1.1836222675867421e-11;3.442389483176584e-09;;;;ORANGE;True
1787665928.591175;17.542628207000234;Simulation RF;Détection RF large bande;2,45 GHz;2,45 GHz;;2769;2.231210665073419;-45.248426602936746;-61.94842660293674;6.384947633241552e-10;0.1;6.384947633241552e-11;1.0385183328127268e-08;;;;ORANGE;True
1787665928.600516;17.552291103999778;Wi-Fi;Wi-Fi;2,4/5 GHz;wlan0;-45.0;;;;-45.0;3.162277660168379e-08;0.1;3.1622776601683795e-09;2.0962646728358523e-07;;;;ROUGE;False
1787665928.6683025;17.620077407999815;BLE Sniffer;Appareil BLE;2,4 GHz BLE;Appareil BLE;-77.0;;;;-77.0;1.9952623149688828e-11;0.00028;5.586734481912872e-15;5.586734481912872e-15;25;0x0c;38;VERT;False
1787665928.669816;17.62159087100008;BLE Sniffer;Appareil BLE;2,4 GHz BLE;57:10:3b:9d:cc:43;-70.0;;;;-70.0;1e-10;0.00028;2.7999999999999997e-14;1.015958430309313e-12;25;0x00;39;ORANGE;False
1787665928.6704855;17.622260064999864;BLE Sniffer;Appareil BLE;2,4 GHz BLE;6d:d7:ea:08:d0:be;-71.0;;;;-71.0;7.943282347242822e-11;0.000352;2.796035386229473e-14;6.827475170159197e-12;34;0x00;37;VERT;False
1787665928.6705494;17.622323065999808;BLE Sniffer;Appareil Apple BLE;2,4 GHz BLE;6d:db:ea:08:d0:be;-73.0;;;;-73.0;5.011872336272715e-11;0.000352;1.7641790623679955e-14;1.7641790623679955e-14;34;0x00;38;VERT;False
1787665928.69114;17.64270620699972;Simulation RF;Détection RF large bande;868 MHz;868 MHz;;2498;2.013324825696973;-36.532993027878916;-69.53299302787892;1.1135268596339534e-10;0.1;1.1135268596339534e-11;3.4535247517729237e-09;;;;ORANGE;True
1787665928.6914663;17.64270620699972;Simulation RF;Détection RF large bande;2,45 GHz;2,45 GHz;;2720;2.192006559758462;-43.68026239033847;-60.380262390338466;9.161651359436149e-10;0.1;9.161651359436149e-11;1.047679984172163e-08;;;;ORANGE;True
1787665928.7001963;17.651971100000083;Wi-Fi;Wi-Fi;2,4/5 GHz;wlan0;-45.0;;;;-45.0;3.162277660168379e-08;0.1;3.1622776601683795e-09;2.127887449437536e-07;;;;ROUGE;False
1787665928.7736125;17.72538815900043;BLE Sniffer;Appareil BLE;2,4 GHz BLE;6d:d7:ea:08:d0:be;-64.0;;;;-64.0;3.9810717055349694e-10;0.000352;1.4013372403483091e-13;6.967608894194028e-12;34;0x00;39;ORANGE;False
1787665928.7736938;17.7254671970004;BLE Sniffer;iBeacon;2,4 GHz BLE;46:de:6e:42:28:32;-71.0;;;;-71.0;7.943282347242822e-11;0.000368;2.923127903785358e-14;6.632790237433413e-12;36;0x00;37;VERT;False
1787665928.7759318;17.727707742999883;BLE Sniffer;iBeacon;2,4 GHz BLE;46:de:6e:42:28:32;-73.0;;;;-73.0;5.011872336272715e-11;0.000368;1.844369019748359e-14;6.651233927630896e-12;36;0x00;38;VERT;False
1787665928.7760115;17.727785132999998;BLE Sniffer;iBeacon;2,4 GHz BLE;46:de:6e:42:28:32;-64.0;;;;-64.0;3.9810717055349694e-10;0.000368;1.4650343876368688e-13;6.797737366394583e-12;36;0x00;39;ORANGE;False
1787665928.7911518;17.74278926399984;Simulation RF;Détection RF large bande;868 MHz;868 MHz;;2557;2.0608299638680716;-38.433198554722864;-71.43319855472286;7.18919302905135e-11;0.1;7.18919302905135e-12;3.460713944801975e-09;;;;VERT;True
1787665928.7913022;17.74278926399984;Simulation RF;Détection RF large bande;2,45 GHz;2,45 GHz;;2772;2.2340151435005366;-45.36060574002147;-62.06060574002147;6.222134947730131e-10;0.1;6.222134947730131e-11;1.053902119119893e-08;;;;ORANGE;True
1787665928.7998738;17.75164811400009;Wi-Fi;Wi-Fi;2,4/5 GHz;wlan0;-46.0;;;;-46.0;2.511886431509582e-08;0.1;2.5118864315095824e-09;2.153006313752632e-07;;;;ROUGE;False
1787665928.8811097;17.83288486299989;BLE Sniffer;Appareil BLE;2,4 GHz BLE;57:10:3b:9d:cc:43;-76.0;;;;-76.0;2.5118864315095823e-11;0.00028;7.03328200822683e-15;1.0229917123175399e-12;25;0x00;37;VERT;False
1787665928.881196;17.832969660000344;BLE Sniffer;Appareil BLE;2,4 GHz BLE;6d:d7:ea:08:d0:be;-74.0;;;;-74.0;3.9810717055349695e-11;0.000352;1.4013372403483093e-14;6.9816222665975114e-12;34;0x00;38;VERT;False
1787665928.8912296;17.842868264000572;Simulation RF;Détection RF large bande;868 MHz;868 MHz;;2548;2.0529798311373533;-38.11919324549413;-71.11919324549413;7.728241331884921e-11;0.1;7.72824133188492e-12;3.4684421861338597e-09;;;;VERT;True
1787665928.8913834;17.842868264000572;Simulation RF;Détection RF large bande;2,45 GHz;2,45 GHz;;2780;2.2406110806603485;-45.62444322641393;-62.324443226413926;5.855387986696249e-10;0.1;5.85538798669625e-11;1.0597575071065892e-08;;;;ORANGE;True
1787665928.900033;17.851808264000283;Wi-Fi;Wi-Fi;2,4/5 GHz;wlan0;-46.0;;;;-46.0;2.511886431509582e-08;0.1;2.5118864315095824e-09;2.1781251780677277e-07;;;;ROUGE;False
1787665928.985524;17.937299101999997;BLE Sniffer;Appareil BLE;2,4 GHz BLE;6d:d7:ea:08:d0:be;-64.0;;;;-64.0;3.9810717055349694e-10;0.000352;1.4013372403483091e-13;7.121755990632342e-12;34;0x00;39;ORANGE;False
1787665928.9856474;17.93742112200016;Simulation LoRa;LoRa;868 MHz;LoRa 868.100 MHz;-91.32002097015125;;;;-91.32002097015125;7.379006671259778e-13;0.046335999999999995;3.4191365311949306e-14;1.6281065749530469e-12;13;"SNR=8.33;SF=7;BW=125.0;CR=4/5;F=868.100;CRC=OK;PAYLOAD=54454d504f5f4c4f52415f3137";7;VERT;True
1787665928.9856915;17.937465197000165;BLE Sniffer;iBeacon;2,4 GHz BLE;46:de:6e:42:28:32;-70.0;;;;-70.0;1e-10;0.000368;3.68e-14;6.834537366394583e-12;36;0x00;37;ORANGE;False
1787665928.9913063;17.94294678300048;Simulation RF;Détection RF large bande;868 MHz;868 MHz;;2536;2.0436596272027185;-37.74638508810874;-70.74638508810874;8.420957804116528e-11;0.1;8.420957804116528e-12;3.4768631439379764e-09;;;;VERT;True
1787665928.991455;17.94294678300048;Simulation RF;Détection RF large bande;2,45 GHz;2,45 GHz;;2784;2.2433938075097855;-45.73575230039141;-62.435752300391414;5.707222050727706e-10;0.1;5.707222050727706e-11;1.0654647291573169e-08;;;;ORANGE;True
1787665928.9999952;17.95176959699984;Wi-Fi;Wi-Fi;2,4/5 GHz;wlan0;-47.0;;;;-47.0;1.9952623149688786e-08;0.1;1.9952623149688786e-09;2.1980778012174164e-07;;;;ROUGE;False
1787665929.0925775;18.044353004000186;BLE Sniffer;Appareil BLE;2,4 GHz BLE;57:10:3b:9d:d4:43;-76.0;;;;-76.0;2.5118864315095823e-11;0.00028;7.03328200822683e-15;7.03328200822683e-15;25;0x00;38;VERT;False
1787665929.0938396;18.043051988000116;Simulation RF;Détection RF large bande;868 MHz;868 MHz;;2553;2.057423142632858;-38.29692570531431;-71.29692570531431;7.418351876345557e-11;0.1;7.418351876345558e-12;3.484281495814322e-09;;;;VERT;True
1787665929.093976;18.043051988000116;Simulation RF;Détection RF large bande;2,45 GHz;2,45 GHz;;2758;2.222382952833187;-44.89531811332748;-61.59531811332748;6.925771974766398e-10;0.1;6.925771974766398e-11;1.0723905011320832e-08;;;;ORANGE;True
1787665929.1026094;18.05438379499992;Wi-Fi;Wi-Fi;2,4/5 GHz;wlan0;-47.0;;;;-47.0;1.9952623149688786e-08;0.1;1.9952623149688786e-09;2.218030424367105e-07;;;;ROUGE;False
1787665929.1915276;18.143095524999808;Simulation RF;Détection RF large bande;868 MHz;868 MHz;;2542;2.0484926056702872;-37.939704226811486;-70.93970422681149;8.05433292796579e-11;0.1;8.05433292796579e-12;3.492335828742288e-09;;;;VERT;True
1787665929.19169;18.143095524999808;Simulation RF;Détection RF large bande;2,45 GHz;2,45 GHz;;2800;2.256081993603798;-46.243279744151906;-62.94327974415191;5.077758310074909e-10;0.1;5.077758310074909e-11;1.0774682594421582e-08;;;;ORANGE;True
1787665929.196474;18.148249237000528;BLE Sniffer;Appareil BLE;2,4 GHz BLE;57:10:3b:9d:cc:43;-71.0;;;;-71.0;7.943282347242822e-11;0.00028;2.22411905722799e-14;1.0452329028898197e-12;25;0x00;39;VERT;False
1787665929.1965644;18.14833792399986;BLE Sniffer;Appareil BLE;2,4 GHz BLE;6d:d7:ea:08:d0:be;-72.0;;;;-72.0;6.309573444801942e-11;0.000352;2.2209698525702838e-14;7.143965689158045e-12;34;0x00;37;VERT;False
1787665929.1966043;18.1483775910001;BLE Sniffer;Appareil BLE;2,4 GHz BLE;6d:d7:ea:08:d0:be;-73.0;;;;-73.0;5.011872336272715e-11;0.000352;1.7641790623679955e-14;7.161607479781725e-12;34;0x00;38;VERT;False
1787665929.1966403;18.148413795000124;BLE Sniffer;Appareil BLE;2,4 GHz BLE;6d:d7:ea:08:d0:be;-64.0;;;;-64.0;3.9810717055349694e-10;0.000352;1.4013372403483091e-13;7.301741203816557e-12;34;0x00;39;ORANGE;False
1787665929.2022567;18.154032716000074;Wi-Fi;Wi-Fi;2,4/5 GHz;wlan0;-48.0;;;;-48.0;1.5848931924611143e-08;0.1;1.5848931924611144e-09;2.2338793562917162e-07;;;;ROUGE;False
1787665929.2915843;18.243172303999927;Simulation RF;Détection RF large bande;868 MHz;868 MHz;;2545;2.051257923430294;-38.05031693721176;-71.05031693721176;7.85178332175379e-11;0.1;7.851783321753791e-12;3.5001876120640414e-09;;;;VERT;True
1787665929.291726;18.243172303999927;Simulation RF;Détection RF large bande;2,45 GHz;2,45 GHz;;2744;2.211560050520603;-44.4624020208241;-61.162402020824096;7.651732834276564e-10;0.1;7.651732834276565e-11;1.0851199922764348e-08;;;;ORANGE;True
1787665929.3002338;18.25200826499986;Wi-Fi;Wi-Fi;2,4/5 GHz;wlan0;-48.0;;;;-48.0;1.5848931924611143e-08;0.1;1.5848931924611144e-09;2.2497282882163273e-07;;;;ROUGE;False
1787665929.303177;18.25495233899983;BLE Sniffer;Appareil BLE;2,4 GHz BLE;d3:23:2f:4d:3e:b1;-71.0;;;;-71.0;7.943282347242822e-11;0.000376;2.986674162563301e-14;2.1732349332193267e-13;37;0x00;37;VERT;False
1787665929.3032517;18.255025154000577;BLE Sniffer;Appareil BLE;2,4 GHz BLE;d3:23:2f:4d:3e:b1;-72.0;;;;-72.0;6.309573444801942e-11;0.000376;2.3723996152455302e-14;2.4104748947438796e-13;37;0x04;38;VERT;False
1787665929.3054278;18.25720271800037;BLE Sniffer;Appareil BLE;2,4 GHz BLE;d3:23:2f:4d:3e:b1;-87.0;;;;-87.0;1.9952623149688827e-12;0.000376;7.502186304282998e-16;2.417977081048163e-13;37;0x00;39;VERT;False
1787665929.3916879;18.34325891499975;Simulation RF;Détection RF large bande;868 MHz;868 MHz;;2549;2.054077628979852;-38.16310515919409;-71.16310515919409;7.650494091519885e-11;0.1;7.650494091519885e-12;3.5078381061555613e-09;;;;VERT;True
1787665929.3918445;18.34325891499975;Simulation RF;Détection RF large bande;2,45 GHz;2,45 GHz;;2859;2.3041067235265733;-48.16426894106293;-64.86426894106293;3.262669671196403e-10;0.1;3.2626696711964034e-11;1.0883826619476313e-08;;;;ORANGE;True
1787665929.4005718;18.35234760200001;Wi-Fi;Wi-Fi;2,4/5 GHz;wlan0;-49.0;;;;-49.0;1.2589254117941661e-08;0.1;1.2589254117941663e-09;2.262317542334269e-07;;;;ROUGE;False
1787665929.4078014;18.35957537700051;BLE Sniffer;iBeacon;2,4 GHz BLE;46:de:6e:42:28:32;-70.0;;;;-70.0;1e-10;0.000368;3.68e-14;6.871337366394583e-12;36;0x00;37;ORANGE;False
1787665929.4078577;18.35963113700018;BLE Sniffer;iBeacon;2,4 GHz BLE;46:de:6e:42:28:33;-74.0;;;;-74.0;3.9810717055349695e-11;0.000368;1.4650343876368688e-14;1.4650343876368688e-14;36;0x04;38;VERT;False
1787665929.4095278;18.361302787000568;BLE Sniffer;iBeacon;2,4 GHz BLE;46:de:6e:42:28:32;-64.0;;;;-64.0;3.9810717055349694e-10;0.000368;1.4650343876368688e-13;7.01784080515827e-12;36;0x00;39;ORANGE;False
1787665929.4917443;18.443338083000526;Simulation RF;Détection RF large bande;868 MHz;868 MHz;;2550;2.055170582111779;-38.206823284471156;-71.20682328447116;7.57386694904621e-11;0.1;7.573866949046211e-12;3.5154119731046076e-09;;;;VERT;True
1787665929.4919016;18.443338083000526;Simulation RF;Détection RF large bande;2,45 GHz;2,45 GHz;;2781;2.240768611996498;-45.630744479859914;-62.33074447985991;5.846898463693108e-10;0.1;5.846898463693108e-11;1.0942295604113245e-08;;;;ORANGE;True
1787665929.5005186;18.452293342000303;Wi-Fi;Wi-Fi;2,4/5 GHz;wlan0;-49.0;;;;-49.0;1.2589254117941661e-08;0.1;1.2589254117941663e-09;2.2749067964522106e-07;;;;ROUGE;False
1787665929.5123916;18.464166452000427;BLE Sniffer;Appareil BLE;2,4 GHz BLE;57:10:3b:9d:cc:43;-77.0;;;;-77.0;1.9952623149688828e-11;0.00028;5.586734481912872e-15;1.0508196373717326e-12;25;0x00;37;VERT;False
1787665929.51245;18.464223433999905;BLE Sniffer;Appareil BLE;2,4 GHz BLE;6d:d7:ea:08:d0:be;-72.0;;;;-72.0;6.309573444801942e-11;0.000352;2.2209698525702838e-14;7.32395090234226e-12;34;0x00;38;VERT;False
1787665929.5140495;18.465824898999927;BLE Sniffer;Appareil BLE;2,4 GHz BLE;6d:d7:ea:08:d0:be;-63.0;;;;-63.0;5.011872336272714e-10;0.000352;1.7641790623679954e-13;7.50036880857906e-12;34;0x00;39;ORANGE;False
1787665929.5918515;18.5434255830005;Simulation RF;Détection RF large bande;868 MHz;868 MHz;;2645;2.1314130676694054;-41.25652270677621;-74.25652270677621;3.7527335448823404e-11;0.1;3.7527335448823405e-12;3.51916470664949e-09;;;;VERT;True
1787665929.592005;18.5434255830005;Simulation RF;Détection RF large bande;2,45 GHz;2,45 GHz;;2800;2.2560308536456324;-46.24123414582529;-62.941234145825284;5.080150580977625e-10;0.1;5.080150580977625e-11;1.0993097109923022e-08;;;;ORANGE;True
1787665929.6007524;18.552527732999806;Wi-Fi;Wi-Fi;2,4/5 GHz;wlan0;-50.0;;;;-50.0;1e-08;0.1;1e-09;2.2849067964522105e-07;;;;ROUGE;False
1787665929.6172256;18.569001845000457;BLE Sniffer;iBeacon;2,4 GHz BLE;46:de:6e:42:28:32;-71.0;;;;-71.0;7.943282347242822e-11;0.000368;2.923127903785358e-14;7.047072084196124e-12;36;0x00;37;VERT;False
1787665929.6190343;18.57081005300006;BLE Sniffer;iBeacon;2,4 GHz BLE;46:de:6e:42:28:32;-73.0;;;;-73.0;5.011872336272715e-11;0.000368;1.844369019748359e-14;7.065515774393607e-12;36;0x00;38;VERT;False
1787665929.6918938;18.643501603000004;Simulation RF;Détection RF large bande;868 MHz;868 MHz;;2551;2.055630616029968;-38.22522464119872;-71.22522464119872;7.541843842384078e-11;0.1;7.541843842384079e-12;3.5267065504918737e-09;;;;VERT;True
1787665929.6920307;18.643501603000004;Simulation RF;Détection RF large bande;2,45 GHz;2,45 GHz;;2813;2.2671747687516692;-46.68699075006677;-63.386990750066765;4.5845944570998225e-10;0.1;4.584594457099823e-11;1.1038943054494019e-08;;;;ORANGE;True
1787665929.7011604;18.652934960000493;Wi-Fi;Wi-Fi;2,4/5 GHz;wlan0;-50.0;;;;-50.0;1e-08;0.1;1e-09;2.2949067964522105e-07;;;;ROUGE;False
1787665929.7217884;18.67356369800018;BLE Sniffer;iBeacon;2,4 GHz BLE;46:de:6e:42:28:32;-64.0;;;;-64.0;3.9810717055349694e-10;0.000368;1.4650343876368688e-13;7.212019213157294e-12;36;0x00;39;ORANGE;False
1787665929.7218738;18.67364714300038;BLE Sniffer;Appareil BLE;2,4 GHz BLE;57:10:3b:9d:cc:43;-77.0;;;;-77.0;1.9952623149688828e-11;0.00028;5.586734481912872e-15;1.0564063718536455e-12;25;0x00;37;VERT;False
1787665929.7219148;18.673688384000343;BLE Sniffer;Appareil BLE;2,4 GHz BLE;57:10:3b:9d:cc:43;-75.0;;;;-75.0;3.1622776601683794e-11;0.00028;8.854377448471461e-15;1.065260749302117e-12;25;0x00;38;VERT;False
1787665929.723545;18.67532010800005;BLE Sniffer;Appareil BLE;2,4 GHz BLE;57:10:3b:9d:cc:43;-70.0;;;;-70.0;1e-10;0.00028;2.7999999999999997e-14;1.093260749302117e-12;25;0x00;39;ORANGE;False
1787665929.7952712;18.745174475000567;Simulation RF;Détection RF large bande;868 MHz;868 MHz;;2505;2.018813704167862;-36.752548166714476;-69.75254816671448;1.0586324040450152e-10;0.1;1.0586324040450153e-11;3.537292874532324e-09;;;;ORANGE;True
1787665929.795501;18.745174475000567;Simulation RF;Détection RF large bande;2,45 GHz;2,45 GHz;;2795;2.2525033479651557;-46.10013391860623;-62.800133918606235;5.247912775896271e-10;0.1;5.247912775896272e-11;1.1091422182252981e-08;;;;ORANGE;True
1787665929.804894;18.75666843199997;Wi-Fi;Wi-Fi;2,4/5 GHz;wlan0;-51.0;;;;-51.0;7.943282347242822e-09;0.1;7.943282347242823e-10;2.3028500787994534e-07;;;;ORANGE;False
1787665929.8276372;18.779411362000246;BLE Sniffer;Appareil BLE;2,4 GHz BLE;6d:d7:ea:08:d0:be;-71.0;;;;-71.0;7.943282347242822e-11;0.000352;2.796035386229473e-14;7.528329162441354e-12;34;0x00;37;VERT;False
1787665929.8277001;18.779473714999767;BLE Sniffer;Appareil BLE;2,4 GHz BLE;6d:d7:ea:08:d0:be;-74.0;;;;-74.0;3.9810717055349695e-11;0.000352;1.4013372403483093e-14;7.542342534844837e-12;34;0x00;38;VERT;False
1787665929.8277416;18.779515123000238;BLE Sniffer;Appareil BLE;2,4 GHz BLE;6d:d7:ea:08:d0:be;-64.0;;;;-64.0;3.9810717055349694e-10;0.000352;1.4013372403483091e-13;7.682476258879668e-12;34;0x00;39;ORANGE;False
1787665929.8936682;18.84525286400003;Simulation RF;Détection RF large bande;868 MHz;868 MHz;;2551;2.055909966635655;-38.236398665426194;-71.2363986654262;7.522464267240767e-11;0.1;7.522464267240767e-12;3.544815338799565e-09;;;;VERT;True
1787665929.8938591;18.84525286400003;Simulation RF;Détection RF large bande;2,45 GHz;2,45 GHz;;2737;2.2055913453349243;-44.223653813396965;-60.92365381339697;8.084154755685439e-10;0.1;8.084154755685439e-11;1.1172263729809836e-08;;;;ORANGE;True
1787665929.9025924;18.854367626000567;Wi-Fi;Wi-Fi;2,4/5 GHz;wlan0;-51.0;;;;-51.0;7.943282347242822e-09;0.1;7.943282347242823e-10;2.3107933611466963e-07;;;;ORANGE;False
1787665929.9329407;18.884716298000058;BLE Sniffer;iBeacon;2,4 GHz BLE;46:de:6e:42:28:32;-70.0;;;;-70.0;1e-10;0.000368;3.68e-14;7.248819213157294e-12;36;0x00;37;ORANGE;False
1787665929.933012;18.884785465999812;BLE Sniffer;iBeacon;2,4 GHz BLE;46:de:6e:42:28:32;-73.0;;;;-73.0;5.011872336272715e-11;0.000368;1.844369019748359e-14;7.2672629033547775e-12;36;0x00;38;VERT;False
1787665929.9346468;18.886422133999986;BLE Sniffer;iBeacon;2,4 GHz BLE;46:de:6e:42:28:32;-64.0;;;;-64.0;3.9810717055349694e-10;0.000368;1.4650343876368688e-13;7.413766342118465e-12;36;0x00;39;ORANGE;False
1787665929.9354553;18.887230162999913;BLE Sniffer;Appareil BLE;2,4 GHz BLE;57:10:3b:9d:cc:43;-77.0;;;;-77.0;1.9952623149688828e-11;0.00028;5.586734481912872e-15;1.09884748378403e-12;25;0x00;37;VERT;False
1787665929.999825;18.94533003200013;Simulation RF;Détection RF large bande;868 MHz;868 MHz;;2600;2.0956323952690687;-39.82529581076274;-72.82529581076274;5.2175956444800276e-11;0.1;5.217595644480028e-12;3.550032934444045e-09;;;;VERT;True
1787665930.0003343;18.94533003200013;Simulation RF;Détection RF large bande;2,45 GHz;2,45 GHz;;2743;2.2108327916950112;-44.43331166780045;-61.13331166780045;7.703158486417374e-10;0.1;7.703158486417375e-11;1.124929531467401e-08;;;;ORANGE;True
1787665930.0113459;18.963120307999816;Wi-Fi;Wi-Fi;2,4/5 GHz;wlan0;-52.0;;;;-52.0;6.309573444801943e-09;0.1;6.309573444801943e-10;2.3171029345914983e-07;;;;ORANGE;False
1787665930.0388587;18.99063383399971;BLE Sniffer;Appareil BLE;2,4 GHz BLE;57:10:3b:9d:cc:43;-75.0;;;;-75.0;3.1622776601683794e-11;0.00028;8.854377448471461e-15;1.1077018612325013e-12;25;0x00;38;VERT;False
1787665930.0389733;18.990746946999934;Simulation LoRa;LoRa;868 MHz;LoRa 868.100 MHz;-88.19658566897465;;;;-88.19658566897465;1.5147516460314287e-12;0.046335999999999995;7.018753227051227e-14;1.698294107223559e-12;13;"SNR=6.99;SF=7;BW=125.0;CR=4/5;F=868.100;CRC=OK;PAYLOAD=54454d504f5f4c4f52415f3138";7;VERT;True
1787665930.0407958;18.992571728999792;BLE Sniffer;Appareil BLE;2,4 GHz BLE;57:10:3b:9d:cc:43;-70.0;;;;-70.0;1e-10;0.00028;2.7999999999999997e-14;1.1357018612325014e-12;25;0x00;39;ORANGE;False
1787665930.0416863;18.993460962000427;BLE Sniffer;Appareil BLE;2,4 GHz BLE;6d:d7:ea:08:d0:be;-71.0;;;;-71.0;7.943282347242822e-11;0.000352;2.796035386229473e-14;7.710436612741963e-12;34;0x00;37;VERT;False
1787665930.09381;19.045408050999868;Simulation RF;Détection RF large bande;868 MHz;868 MHz;;2598;2.093496915402397;-39.739876616095884;-72.73987661609588;5.32123376780325e-11;0.1;5.3212337678032505e-12;3.555354168211848e-09;;;;VERT;True
1787665930.0939574;19.045408050999868;Simulation RF;Détection RF large bande;2,45 GHz;2,45 GHz;;2780;2.239993682378213;-45.59974729512852;-62.299747295128526;5.888779196614423e-10;0.1;5.888779196614423e-11;1.1308183106640154e-08;;;;ORANGE;True
1787665930.1027904;19.05456534899986;Wi-Fi;Wi-Fi;2,4/5 GHz;wlan0;-52.0;;;;-52.0;6.309573444801943e-09;0.1;6.309573444801943e-10;2.3234125080363004e-07;;;;ORANGE;False
1787665930.1451414;19.096916059999785;BLE Sniffer;Appareil BLE;2,4 GHz BLE;6d:d7:ea:08:d0:be;-73.0;;;;-73.0;5.011872336272715e-11;0.000352;1.7641790623679955e-14;7.728078403365642e-12;34;0x00;38;VERT;False
1787665930.1467514;19.098526431999744;BLE Sniffer;Appareil BLE;2,4 GHz BLE;6d:d7:ea:08:d0:be;-64.0;;;;-64.0;3.9810717055349694e-10;0.000352;1.4013372403483091e-13;7.868212127400474e-12;34;0x00;39;ORANGE;False
1787665930.1475298;19.099305552999795;BLE Sniffer;iBeacon;2,4 GHz BLE;46:de:6e:42:28:32;-71.0;;;;-71.0;7.943282347242822e-11;0.000368;2.923127903785358e-14;7.442997621156318e-12;36;0x00;37;VERT;False
1787665930.1961577;19.145552071000566;Simulation RF;Détection RF large bande;868 MHz;868 MHz;;2537;2.04429852027515;-37.771940811006004;-70.771940811006;8.371550837511003e-11;0.1;8.371550837511004e-12;3.563725719049359e-09;;;;VERT;True
1787665930.2071424;19.145552071000566;Simulation RF;Détection RF large bande;2,45 GHz;2,45 GHz;;2833;2.2831969705223556;-47.32787882089423;-64.02787882089423;3.955597720161312e-10;0.1;3.955597720161312e-11;1.1347739083841768e-08;;;;ORANGE;True
1787665930.219298;19.17107251700054;Wi-Fi;Wi-Fi;2,4/5 GHz;wlan0;-52.0;;;;-52.0;6.309573444801943e-09;0.1;6.309573444801943e-10;2.3297220814811024e-07;;;;ORANGE;False
1787665930.2503295;19.202104161000534;BLE Sniffer;Appareil Apple BLE;2,4 GHz BLE;46:de:6e:42:28:32;-72.0;;;;-72.0;6.309573444801942e-11;0.000368;2.3219230276871148e-14;7.466216851433189e-12;36;0x00;38;VERT;False
1787665930.2504013;19.202174810000542;BLE Sniffer;iBeacon;2,4 GHz BLE;46:de:6e:42:28:32;-64.0;;;;-64.0;3.9810717055349694e-10;0.000368;1.4650343876368688e-13;7.612720290196876e-12;36;0x00;39;ORANGE;False
1787665930.2504425;19.202215922000505;BLE Sniffer;Appareil BLE;2,4 GHz BLE;57:10:3b:9d:cc:43;-77.0;;;;-77.0;1.9952623149688828e-11;0.00028;5.586734481912872e-15;1.1412885957144143e-12;25;0x00;37;VERT;False
1787665930.2520995;19.203875015999984;BLE Sniffer;Appareil BLE;2,4 GHz BLE;57:10:3b:9d:cc:43;-76.0;;;;-76.0;2.5118864315095823e-11;0.00028;7.03328200822683e-15;1.1483218777226411e-12;25;0x00;38;VERT;False
1787665930.2530036;19.204778750000514;BLE Sniffer;Appareil BLE;2,4 GHz BLE;57:10:3b:9d:cc:43;-70.0;;;;-70.0;1e-10;0.00028;2.7999999999999997e-14;1.1763218777226412e-12;25;0x00;39;ORANGE;False
1787665930.2940347;19.245636681999713;Simulation RF;Détection RF large bande;868 MHz;868 MHz;;2661;2.1447438298995958;-41.78975319598382;-74.78975319598382;3.3191331922735706e-11;0.1;3.319133192273571e-12;3.5670448522416326e-09;;;;VERT;True
1787665930.2941806;19.245636681999713;Simulation RF;Détection RF large bande;2,45 GHz;2,45 GHz;;2799;2.2554804094514083;-46.21921637805633;-62.919216378056326;5.105971215726575e-10;0.1;5.105971215726575e-11;1.1398798795999034e-08;;;;ORANGE;True
1787665930.303054;19.254828963000364;Wi-Fi;Wi-Fi;2,4/5 GHz;wlan0;-52.0;;;;-52.0;6.309573444801943e-09;0.1;6.309573444801943e-10;2.3360316549259044e-07;;;;ORANGE;False
1787665930.358695;19.310470135000287;BLE Sniffer;Appareil BLE;2,4 GHz BLE;6d:d7:ea:08:d0:be;-71.0;;;;-71.0;7.943282347242822e-11;0.000352;2.796035386229473e-14;7.896172481262768e-12;34;0x00;37;VERT;False
1787665930.3596249;19.311400108999806;BLE Sniffer;Appareil BLE;2,4 GHz BLE;6d:d7:ea:08:d0:be;-73.0;;;;-73.0;5.011872336272715e-11;0.000352;1.7641790623679955e-14;7.913814271886448e-12;34;0x00;38;VERT;False
1787665930.3616488;19.313425133999772;BLE Sniffer;Appareil BLE;2,4 GHz BLE;6d:d7:ea:08:d0:be;-63.0;;;;-63.0;5.011872336272714e-10;0.000352;1.7641790623679954e-13;8.090232178123247e-12;34;0x00;39;ORANGE;False
1787665930.3940885;19.345716202000403;Simulation RF;Détection RF large bande;868 MHz;868 MHz;;2560;2.0628510369511646;-38.51404147804658;-71.51404147804658;7.056605716826804e-11;0.1;7.056605716826804e-12;3.5741014579584593e-09;;;;VERT;True
1787665930.394234;19.345716202000403;Simulation RF;Détection RF large bande;2,45 GHz;2,45 GHz;;2832;2.281964389960873;-47.27857559843491;-63.978575598434915;4.0007594538613335e-10;0.1;4.000759453861334e-11;1.1438806390537646e-08;;;;ORANGE;True
1787665930.4057462;19.357520143999864;Wi-Fi;Wi-Fi;2,4/5 GHz;wlan0;-52.0;;;;-52.0;6.309573444801943e-09;0.1;6.309573444801943e-10;2.3423412283707065e-07;;;;ORANGE;False
1787665930.465528;19.417303238000386;BLE Sniffer;iBeacon;2,4 GHz BLE;46:de:6e:42:28:32;-71.0;;;;-71.0;7.943282347242822e-11;0.000368;2.923127903785358e-14;7.641951569234729e-12;36;0x00;37;VERT;False
1787665930.494185;19.44579997999972;Simulation RF;Détection RF large bande;868 MHz;868 MHz;;2570;2.071376998669793;-38.85507994679172;-71.85507994679172;6.523670318354315e-11;0.1;6.523670318354315e-12;3.5806251282768135e-09;;;;VERT;True
1787665930.4943304;19.44579997999972;Simulation RF;Détection RF large bande;2,45 GHz;2,45 GHz;;2814;2.268016801171453;-46.72067204685811;-63.420672046858115;4.549176586939179e-10;0.1;4.549176586939179e-11;1.1484298156407039e-08;;;;ORANGE;True
1787665930.5028563;19.454631182000412;Wi-Fi;Wi-Fi;2,4/5 GHz;wlan0;-52.0;;;;-52.0;6.309573444801943e-09;0.1;6.309573444801943e-10;2.3486508018155085e-07;;;;ORANGE;False
1787665930.5942488;19.545881480999924;Simulation RF;Détection RF large bande;868 MHz;868 MHz;;2572;2.0726653785222147;-38.906615140888576;-71.90661514088858;6.446715219844274e-11;0.1;6.4467152198442744e-12;3.587071843496658e-09;;;;VERT;True
1787665930.5943985;19.545881480999924;Simulation RF;Détection RF large bande;2,45 GHz;2,45 GHz;;2817;2.27047365358317;-46.8189461433268;-63.5189461433268;4.447391745471074e-10;0.1;4.447391745471074e-11;1.152877207386175e-08;;;;ORANGE;True
1787665930.6030781;19.554852870000104;Wi-Fi;Wi-Fi;2,4/5 GHz;wlan0;-52.0;;;;-52.0;6.309573444801943e-09;0.1;6.309573444801943e-10;2.3549603752603105e-07;;;;ORANGE;False
1787665930.6944509;19.645986129999983;Simulation RF;Détection RF large bande;868 MHz;868 MHz;;2560;2.063205615581231;-38.52822462324923;-71.52822462324923;7.033597915121147e-11;0.1;7.033597915121147e-12;3.594105441411779e-09;;;;VERT;True
1787665930.6946619;19.645986129999983;Simulation RF;Détection RF large bande;2,45 GHz;2,45 GHz;;2754;2.219385311294751;-44.77541245179003;-61.475412451790035;7.119651810746799e-10;0.1;7.119651810746799e-11;1.1599968591969217e-08;;;;ORANGE;True
1787665930.7032905;19.655065167999965;Wi-Fi;Wi-Fi;2,4/5 GHz;wlan0;-52.0;;;;-52.0;6.309573444801943e-09;0.1;6.309573444801943e-10;2.3612699487051126e-07;;;;ORANGE;False
1787665930.775146;19.72692150400053;BLE Sniffer;Appareil Apple BLE;2,4 GHz BLE;46:de:6e:42:28:32;-72.0;;;;-72.0;6.309573444801942e-11;0.000368;2.3219230276871148e-14;7.6651707995116e-12;36;0x00;38;VERT;False
1787665930.7752302;19.72700394900039;BLE Sniffer;Appareil BLE;2,4 GHz BLE;57:10:3b:9d:cc:43;-72.0;;;;-72.0;6.309573444801942e-11;0.00028;1.7666805645445437e-14;1.1939886833680867e-12;25;0x00;39;VERT;False
1787665930.794419;19.74606250099987;Simulation RF;Détection RF large bande;868 MHz;868 MHz;;2553;2.0575911271804164;-38.30364508721665;-71.30364508721665;7.406883114943139e-11;0.1;7.40688311494314e-12;3.6015123245267222e-09;;;;VERT;True
1787665930.7945619;19.74606250099987;Simulation RF;Détection RF large bande;2,45 GHz;2,45 GHz;;2805;2.2601222012192763;-46.404888048771056;-63.10488804877105;4.892278761525962e-10;0.1;4.892278761525962e-11;1.1648891379584477e-08;;;;ORANGE;True
1787665930.8032284;19.755003203999877;Wi-Fi;Wi-Fi;2,4/5 GHz;wlan0;-52.0;;;;-52.0;6.309573444801943e-09;0.1;6.309573444801943e-10;2.3675795221499146e-07;;;;ORANGE;False
1787665930.8802555;19.832029993000106;BLE Sniffer;Appareil BLE;2,4 GHz BLE;6d:d7:ea:08:d0:be;-71.0;;;;-71.0;7.943282347242822e-11;0.000352;2.796035386229473e-14;8.118192531985541e-12;34;0x00;37;VERT;False
1787665930.8945312;19.846139168000263;Simulation RF;Détection RF large bande;868 MHz;868 MHz;;2598;2.0933841226130676;-39.7353649045227;-72.7353649045227;5.326764657027717e-11;0.1;5.326764657027718e-12;3.60683908918375e-09;;;;VERT;True
1787665930.894668;19.846139168000263;Simulation RF;Détection RF large bande;2,45 GHz;2,45 GHz;;2773;2.2348526109906315;-45.39410443962525;-62.094104439625255;6.174325997835726e-10;0.1;6.174325997835726e-11;1.1710634639562834e-08;;;;ORANGE;True
1787665930.9031987;19.85497314799977;Wi-Fi;Wi-Fi;2,4/5 GHz;wlan0;-52.0;;;;-52.0;6.309573444801943e-09;0.1;6.309573444801943e-10;2.3738890955947166e-07;;;;ORANGE;False
1787665930.9816828;19.933457547000216;BLE Sniffer;Appareil BLE;2,4 GHz BLE;6d:d7:ea:08:d0:be;-73.0;;;;-73.0;5.011872336272715e-11;0.000352;1.7641790623679955e-14;8.13583432260922e-12;34;0x00;38;VERT;False
1787665930.984149;19.935924078000426;BLE Sniffer;Appareil BLE;2,4 GHz BLE;6d:d7:ea:08:d0:be;-64.0;;;;-64.0;3.9810717055349694e-10;0.000352;1.4013372403483091e-13;8.275968046644052e-12;34;0x00;39;ORANGE;False
1787665930.9842288;19.93600230100037;BLE Sniffer;iBeacon;2,4 GHz BLE;46:de:6e:42:28:32;-71.0;;;;-71.0;7.943282347242822e-11;0.000368;2.923127903785358e-14;7.694402078549453e-12;36;0x00;37;VERT;False
1787665930.984337;19.936110951000046;Simulation LoRa;LoRa;868 MHz;LoRa 868.100 MHz;-94.65772290840883;;;;-94.65772290840883;3.42158796092853e-13;0.046335999999999995;1.5854269975758435e-14;1.7141483771993175e-12;13;"SNR=6.04;SF=7;BW=125.0;CR=4/5;F=868.100;CRC=OK;PAYLOAD=54454d504f5f4c4f52415f3139";7;VERT;True
1787665930.9945786;19.94621979800013;Simulation RF;Détection RF large bande;868 MHz;868 MHz;;2575;2.0749908725160107;-38.999634900640416;-71.99963490064042;6.310103895487402e-11;0.1;6.310103895487402e-12;3.6131491930792373e-09;;;;VERT;True
1787665930.9947524;19.94621979800013;Simulation RF;Détection RF large bande;2,45 GHz;2,45 GHz;;2796;2.2533662538052837;-46.134650152211336;-62.83465015221133;5.206369472456555e-10;0.1;5.206369472456555e-11;1.17626983342874e-08;;;;ORANGE;True
1787665931.003445;19.95521985400046;Wi-Fi;Wi-Fi;2,4/5 GHz;wlan0;-52.0;;;;-52.0;6.309573444801943e-09;0.1;6.309573444801943e-10;2.3801986690395187e-07;;;;ORANGE;False
1787665931.0904417;20.042217174000143;BLE Sniffer;iBeacon;2,4 GHz BLE;46:de:6e:42:28:32;-72.0;;;;-72.0;6.309573444801942e-11;0.000368;2.3219230276871148e-14;7.717621308826324e-12;36;0x00;38;VERT;False
1787665931.090532;20.04230593400007;BLE Sniffer;iBeacon;2,4 GHz BLE;46:de:6e:42:28:32;-64.0;;;;-64.0;3.9810717055349694e-10;0.000368;1.4650343876368688e-13;7.864124747590011e-12;36;0x00;39;ORANGE;False
1787665931.090574;20.04234765700039;BLE Sniffer;Appareil BLE;2,4 GHz BLE;57:10:3b:9d:cc:43;-88.0;;;;-88.0;1.584893192461111e-12;0.00028;4.4377009388911103e-16;1.1944324534619758e-12;25;0x00;37;VERT;False
1787665931.0906115;20.04238508399976;BLE Sniffer;Appareil BLE;2,4 GHz BLE;57:10:3b:9d:cc:43;-72.0;;;;-72.0;6.309573444801942e-11;0.00028;1.7666805645445437e-14;1.2120992591074213e-12;25;0x00;38;VERT;False
1787665931.0946574;20.046301520999805;Simulation RF;Détection RF large bande;868 MHz;868 MHz;;2642;2.129011121466339;-41.16044485865355;-74.16044485865355;3.836679434164721e-11;0.1;3.8366794341647216e-12;3.616985872513402e-09;;;;VERT;True
1787665931.0948052;20.046301520999805;Simulation RF;Détection RF large bande;2,45 GHz;2,45 GHz;;2775;2.236365619320884;-45.45462477283536;-62.15462477283536;6.088881509669407e-10;0.1;6.088881509669407e-11;1.1823587149384093e-08;;;;ORANGE;True
1787665931.104006;20.055780953000067;Wi-Fi;Wi-Fi;2,4/5 GHz;wlan0;-52.0;;;;-52.0;6.309573444801943e-09;0.1;6.309573444801943e-10;2.3865082424843207e-07;;;;ORANGE;False
1787665931.1958907;20.147665686000437;BLE Sniffer;Appareil BLE;2,4 GHz BLE;57:10:3b:9d:cc:43;-72.0;;;;-72.0;6.309573444801942e-11;0.00028;1.7666805645445437e-14;1.2297660647528669e-12;25;0x00;39;VERT;False
1787665931.196864;20.148638957000003;BLE Sniffer;Appareil BLE;2,4 GHz BLE;6d:d7:ea:08:d0:be;-71.0;;;;-71.0;7.943282347242822e-11;0.000352;2.796035386229473e-14;8.303928400506347e-12;34;0x00;37;VERT;False
1787665931.1969357;20.148709365000286;BLE Sniffer;Appareil BLE;2,4 GHz BLE;6d:d7:ea:08:d0:be;-73.0;;;;-73.0;5.011872336272715e-11;0.000352;1.7641790623679955e-14;8.321570191130026e-12;34;0x00;38;VERT;False
1787665931.199646;20.146390670000073;Simulation RF;Détection RF large bande;868 MHz;868 MHz;;2664;2.147126753208235;-41.88507012832939;-74.88507012832939;3.2470799885610985e-11;0.1;3.2470799885610986e-12;3.620232952501963e-09;;;;VERT;True
1787665931.1997852;20.146390670000073;Simulation RF;Détection RF large bande;2,45 GHz;2,45 GHz;;2819;2.2715052365079504;-46.86020946031802;-63.56020946031801;4.4053361604880515e-10;0.1;4.4053361604880515e-11;1.1867640510988974e-08;;;;ORANGE;True
1787665931.2083027;20.16007767300016;Wi-Fi;Wi-Fi;2,4/5 GHz;wlan0;-52.0;;;;-52.0;6.309573444801943e-09;0.1;6.309573444801943e-10;2.392817815929123e-07;;;;ORANGE;False
1787665931.294889;20.246475095999813;Simulation RF;Détection RF large bande;868 MHz;868 MHz;;2709;2.1828246029370364;-43.31298411748145;-76.31298411748145;2.337230732451074e-11;0.1;2.3372307324510743e-12;3.622570183234414e-09;;;;VERT;True
1787665931.295039;20.246475095999813;Simulation RF;Détection RF large bande;2,45 GHz;2,45 GHz;;2879;2.320069306796564;-48.80277227186255;-65.50277227186255;2.8165844210878563e-10;0.1;2.8165844210878566e-11;1.1895806355199852e-08;;;;ORANGE;True
1787665931.3028708;20.254646641999898;BLE Sniffer;Appareil BLE;2,4 GHz BLE;6d:d7:ea:08:d0:be;-64.0;;;;-64.0;3.9810717055349694e-10;0.000352;1.4013372403483091e-13;8.461703915164858e-12;34;0x00;39;ORANGE;False
1787665931.3029544;20.254728087999865;BLE Sniffer;Appareil BLE;2,4 GHz BLE;d3:23:2f:4d:3e:b1;-70.0;;;;-70.0;1e-10;0.000376;3.76e-14;2.793977081048163e-13;37;0x00;37;ORANGE;False
1787665931.30527;20.25704467200012;BLE Sniffer;Appareil BLE;2,4 GHz BLE;d3:23:2f:4d:3e:b1;-73.0;;;;-73.0;5.011872336272715e-11;0.000376;1.8844639984385406e-14;2.982423480892017e-13;37;0x00;38;VERT;False
1787665931.308416;20.260191915000178;Wi-Fi;Wi-Fi;2,4/5 GHz;wlan0;-52.0;;;;-52.0;6.309573444801943e-09;0.1;6.309573444801943e-10;2.399127389373925e-07;;;;ORANGE;False
1787665931.3949656;20.34655713400025;Simulation RF;Détection RF large bande;868 MHz;868 MHz;;2640;2.1277732650622343;-41.11093060248936;-74.11093060248936;3.8806720237370876e-11;0.1;3.880672023737088e-12;3.6264508552581513e-09;;;;VERT;True
1787665931.3951125;20.34655713400025;Simulation RF;Détection RF large bande;2,45 GHz;2,45 GHz;;2770;2.231937910973858;-45.27751643895431;-61.977516438954304;6.342323003299363e-10;0.1;6.342323003299363e-11;1.1959229585232846e-08;;;;ORANGE;True
1787665931.403866;20.355640525000126;Wi-Fi;Wi-Fi;2,4/5 GHz;wlan0;-52.0;;;;-52.0;6.309573444801943e-09;0.1;6.309573444801943e-10;2.405436962818727e-07;;;;ORANGE;False
1787665931.409281;20.361056128999735;BLE Sniffer;Appareil BLE;2,4 GHz BLE;d3:23:2f:4d:3e:b1;-85.0;;;;-85.0;3.1622776601683794e-12;0.000376;1.1890164002233105e-15;2.9943136448942506e-13;37;0x00;39;VERT;False
1787665931.4093618;20.361135426000146;BLE Sniffer;iBeacon;2,4 GHz BLE;46:de:6e:42:28:32;-70.0;;;;-70.0;1e-10;0.000368;3.68e-14;7.900924747590011e-12;36;0x00;37;ORANGE;False
1787665931.4110308;20.36280609500045;BLE Sniffer;iBeacon;2,4 GHz BLE;46:de:6e:42:28:32;-72.0;;;;-72.0;6.309573444801942e-11;0.000368;2.3219230276871148e-14;7.924143977866882e-12;36;0x00;38;VERT;False
1787665931.4148517;20.366626789999827;BLE Sniffer;iBeacon;2,4 GHz BLE;46:de:6e:42:28:32;-64.0;;;;-64.0;3.9810717055349694e-10;0.000368;1.4650343876368688e-13;8.07064741663057e-12;36;0x00;39;ORANGE;False
1787665931.4950395;20.446634079000432;Simulation RF;Détection RF large bande;868 MHz;868 MHz;;2609;2.10259871884598;-40.103948753839205;-73.1039487538392;4.893336981192487e-11;0.1;4.8933369811924874e-12;3.6313441922393436e-09;;;;VERT;True
1787665931.4951766;20.446634079000432;Simulation RF;Détection RF large bande;2,45 GHz;2,45 GHz;;2795;2.252339614203997;-46.09358456815988;-62.793584568159886;5.255832827933326e-10;0.1;5.255832827933326e-11;1.201178791351218e-08;;;;ORANGE;True
1787665931.5036542;20.455428966;Wi-Fi;Wi-Fi;2,4/5 GHz;wlan0;-52.0;;;;-52.0;6.309573444801943e-09;0.1;6.309573444801943e-10;2.411746536263529e-07;;;;ORANGE;False
1787665931.5161822;20.467958103000456;BLE Sniffer;Appareil BLE;2,4 GHz BLE;57:10:3b:9d:cc:43;-80.0;;;;-80.0;1e-11;0.00028;2.7999999999999997e-15;1.2325660647528668e-12;25;0x00;37;VERT;False
1787665931.5162537;20.468027103999702;BLE Sniffer;Appareil BLE;2,4 GHz BLE;57:10:3b:9d:cc:43;-75.0;;;;-75.0;3.1622776601683794e-11;0.00028;8.854377448471461e-15;1.2414204422013382e-12;25;0x00;38;VERT;False
1787665931.5162923;20.46806578900032;BLE Sniffer;Appareil BLE;2,4 GHz BLE;57:10:3b:9d:cc:43;-72.0;;;;-72.0;6.309573444801942e-11;0.00028;1.7666805645445437e-14;1.2590872478467837e-12;25;0x00;39;VERT;False
1787665931.5190382;20.470813859999907;BLE Sniffer;Appareil BLE;2,4 GHz BLE;6d:d7:ea:08:d0:be;-71.0;;;;-71.0;7.943282347242822e-11;0.000352;2.796035386229473e-14;8.489664269027152e-12;34;0x00;37;VERT;False
1787665931.595122;20.546716061000552;Simulation RF;Détection RF large bande;868 MHz;868 MHz;;2674;2.155134030790651;-42.20536123162603;-75.20536123162603;3.016225983138085e-11;0.1;3.0162259831380853e-12;3.6343604182224816e-09;;;;VERT;True
1787665931.5952644;20.546716061000552;Simulation RF;Détection RF large bande;2,45 GHz;2,45 GHz;;2804;2.2596312103907197;-46.38524841562878;-63.08524841562878;4.91445268818126e-10;0.1;4.91445268818126e-11;1.2060932440393992e-08;;;;ORANGE;True
1787665931.6039283;20.55570328399972;Wi-Fi;Wi-Fi;2,4/5 GHz;wlan0;-52.0;;;;-52.0;6.309573444801943e-09;0.1;6.309573444801943e-10;2.418056109708331e-07;;;;ORANGE;False
1787665931.6228635;20.574638463000156;BLE Sniffer;iBeacon;2,4 GHz BLE;46:de:6e:42:28:32;-74.0;;;;-74.0;3.9810717055349695e-11;0.000368;1.4650343876368688e-14;8.085297760506938e-12;36;0x00;38;VERT;False
1787665931.6229334;20.574706981999952;BLE Sniffer;iBeacon;2,4 GHz BLE;46:de:6e:42:28:32;-64.0;;;;-64.0;3.9810717055349694e-10;0.000368;1.4650343876368688e-13;8.231801199270625e-12;36;0x00;39;ORANGE;False
1787665931.6258404;20.57761551800013;BLE Sniffer;Appareil BLE;2,4 GHz BLE;57:10:3b:9d:cc:43;-77.0;;;;-77.0;1.9952623149688828e-11;0.00028;5.586734481912872e-15;1.2646739823286966e-12;25;0x00;37;VERT;False
1787665931.695463;20.64683293300004;Simulation RF;Détection RF large bande;868 MHz;868 MHz;;2646;2.132674467811466;-41.306978712458644;-74.30697871245864;3.7093868561575776e-11;0.1;3.709386856157578e-12;3.638069805078639e-09;;;;VERT;True
1787665931.6958141;20.64683293300004;Simulation RF;Détection RF large bande;2,45 GHz;2,45 GHz;;2797;2.2536793019295787;-46.14717207718314;-62.84717207718314;5.191379672919604e-10;0.1;5.191379672919604e-11;1.2112846237123187e-08;;;;ORANGE;True
1787665931.7053945;20.65716872699977;Wi-Fi;Wi-Fi;2,4/5 GHz;wlan0;-52.0;;;;-52.0;6.309573444801943e-09;0.1;6.309573444801943e-10;2.424365683153133e-07;;;;ORANGE;False
1787665931.7313848;20.683160642000075;BLE Sniffer;Appareil BLE;2,4 GHz BLE;6d:d7:ea:08:d0:be;-72.0;;;;-72.0;6.309573444801942e-11;0.000352;2.2209698525702838e-14;8.511873967552856e-12;34;0x00;38;VERT;False
1787665931.7953262;20.74691643300048;Simulation RF;Détection RF large bande;868 MHz;868 MHz;;2655;2.1398221945149247;-41.59288778059698;-74.59288778059698;3.473051489316777e-11;0.1;3.473051489316777e-12;3.641542856567956e-09;;;;VERT;True
1787665931.7954721;20.74691643300048;Simulation RF;Détection RF large bande;2,45 GHz;2,45 GHz;;2806;2.261058423527112;-46.44233694108448;-63.14233694108447;4.850274363889424e-10;0.1;4.8502743638894247e-11;1.2161348980762081e-08;;;;ORANGE;True
1787665931.802869;20.754644177000046;Wi-Fi;Wi-Fi;2,4/5 GHz;wlan0;-52.0;;;;-52.0;6.309573444801943e-09;0.1;6.309573444801943e-10;2.430675256597935e-07;;;;ORANGE;False
1787665931.8328087;20.784584437000376;BLE Sniffer;Appareil BLE;2,4 GHz BLE;6d:d7:ea:08:d0:be;-64.0;;;;-64.0;3.9810717055349694e-10;0.000352;1.4013372403483091e-13;8.652007691587687e-12;34;0x00;39;ORANGE;False
1787665931.8954108;20.846997860000556;Simulation RF;Détection RF large bande;868 MHz;868 MHz;;2578;2.077894008575352;-39.11576034301409;-72.11576034301409;6.143614626807735e-11;0.1;6.1436146268077355e-12;3.6476864711947636e-09;;;;VERT;True
1787665931.8955638;20.846997860000556;Simulation RF;Détection RF large bande;2,45 GHz;2,45 GHz;;2779;2.239583258858721;-45.58333035434883;-62.283330354348834;5.91108173504392e-10;0.1;5.91108173504392e-11;1.222045979811252e-08;;;;ORANGE;True
1787665931.9042542;20.85602889799975;Wi-Fi;Wi-Fi;2,4/5 GHz;wlan0;-52.0;;;;-52.0;6.309573444801943e-09;0.1;6.309573444801943e-10;2.436984830042737e-07;;;;ORANGE;False
1787665931.9369168;20.888692024999727;BLE Sniffer;iBeacon;2,4 GHz BLE;46:de:6e:42:28:32;-70.0;;;;-70.0;1e-10;0.000368;3.68e-14;8.268601199270625e-12;36;0x00;37;ORANGE;False
1787665931.9369855;20.888759043999926;BLE Sniffer;iBeacon;2,4 GHz BLE;46:de:6e:42:28:32;-72.0;;;;-72.0;6.309573444801942e-11;0.000368;2.3219230276871148e-14;8.291820429547496e-12;36;0x00;38;VERT;False
1787665931.937025;20.888798488999782;BLE Sniffer;iBeacon;2,4 GHz BLE;46:de:6e:42:28:32;-64.0;;;;-64.0;3.9810717055349694e-10;0.000368;1.4650343876368688e-13;8.438323868311183e-12;36;0x00;39;ORANGE;False
1787665931.9388309;20.890605882000273;BLE Sniffer;Appareil BLE;2,4 GHz BLE;57:10:3b:9d:cc:43;-75.0;;;;-75.0;3.1622776601683794e-11;0.00028;8.854377448471461e-15;1.273528359777168e-12;25;0x00;37;VERT;False
1787665931.939708;20.891483023000546;BLE Sniffer;Appareil BLE;2,4 GHz BLE;57:10:3b:9d:cc:43;-75.0;;;;-75.0;3.1622776601683794e-11;0.00028;8.854377448471461e-15;1.2823827372256394e-12;25;0x00;38;VERT;False
1787665931.9954627;20.947073952999745;Simulation RF;Détection RF large bande;868 MHz;868 MHz;;2650;2.135744609206769;-41.429784368270745;-74.42978436827075;3.60596546570925e-11;0.1;3.6059654657092504e-12;3.6512924366604727e-09;;;;VERT;True
1787665931.9956045;20.947073952999745;Simulation RF;Détection RF large bande;2,45 GHz;2,45 GHz;;2882;2.32276564275071;-48.9106257100284;-65.6106257100284;2.7474982786103395e-10;0.1;2.7474982786103395e-11;1.2247934780898623e-08;;;;ORANGE;True
1787665932.0040162;20.955790617000275;Wi-Fi;Wi-Fi;2,4/5 GHz;wlan0;-52.0;;;;-52.0;6.309573444801943e-09;0.1;6.309573444801943e-10;2.443294403487539e-07;;;;ORANGE;False
1787665932.044242;20.996017559999927;BLE Sniffer;Appareil BLE;2,4 GHz BLE;57:10:3b:9d:cc:43;-71.0;;;;-71.0;7.943282347242822e-11;0.00028;2.22411905722799e-14;1.3046239277979192e-12;25;0x00;39;VERT;False
1787665932.0444262;20.996200284000224;Simulation LoRa;LoRa;868 MHz;LoRa 868.100 MHz;-80.9596346130483;;;;-80.9596346130483;8.017455141701956e-12;0.046335999999999995;3.714968014459018e-13;2.0856451786452195e-12;13;"SNR=7.46;SF=7;BW=125.0;CR=4/5;F=868.100;CRC=OK;PAYLOAD=54454d504f5f4c4f52415f3230";7;VERT;True
1787665932.0478272;20.999602955999762;BLE Sniffer;Appareil BLE;2,4 GHz BLE;6d:d7:ea:08:d0:be;-72.0;;;;-72.0;6.309573444801942e-11;0.000352;2.2209698525702838e-14;8.674217390113391e-12;34;0x00;37;VERT;False
1787665932.095617;21.047167102000458;Simulation RF;Détection RF large bande;868 MHz;868 MHz;;2644;2.130830383244226;-41.23321532976904;-74.23321532976904;3.772927561494518e-11;0.1;3.772927561494518e-12;3.6550653642219674e-09;;;;VERT;True
1787665932.0958285;21.047167102000458;Simulation RF;Détection RF large bande;2,45 GHz;2,45 GHz;;2876;2.3174864898246645;-48.699459592986585;-65.39945959298659;2.8843903950508564e-10;0.1;2.8843903950508565e-11;1.2276778684849132e-08;;;;ORANGE;True
1787665932.108209;21.05998413100042;Wi-Fi;Wi-Fi;2,4/5 GHz;wlan0;-52.0;;;;-52.0;6.309573444801943e-09;0.1;6.309573444801943e-10;2.449603976932341e-07;;;;ORANGE;False
1787665932.1518493;21.1036252089998;BLE Sniffer;Appareil BLE;2,4 GHz BLE;6d:d7:ea:08:d0:be;-72.0;;;;-72.0;6.309573444801942e-11;0.000352;2.2209698525702838e-14;8.696427088639095e-12;34;0x00;38;VERT;False
1787665932.1538405;21.105616067000483;BLE Sniffer;Appareil BLE;2,4 GHz BLE;6d:d7:ea:08:d0:be;-64.0;;;;-64.0;3.9810717055349694e-10;0.000352;1.4013372403483091e-13;8.836560812673926e-12;34;0x00;39;ORANGE;False
1787665932.1548674;21.106643377000182;BLE Sniffer;Appareil BLE;2,4 GHz BLE;57:10:3b:9d:cc:43;-80.0;;;;-80.0;1e-11;0.00028;2.7999999999999997e-15;1.3074239277979192e-12;25;0x00;37;VERT;False
1787665932.1956513;21.14724963899971;Simulation RF;Détection RF large bande;868 MHz;868 MHz;;2656;2.140423063409452;-41.616922536378084;-74.61692253637808;3.4538839906966964e-11;0.1;3.4538839906966965e-12;3.658519248212664e-09;;;;VERT;True
1787665932.1957877;21.14724963899971;Simulation RF;Détection RF large bande;2,45 GHz;2,45 GHz;;2817;2.2699682830987338;-46.79873132394934;-63.49873132394934;4.4681409796671023e-10;0.1;4.4681409796671025e-11;1.2321460094645803e-08;;;;ORANGE;True
1787665932.2042592;21.156033600000228;Wi-Fi;Wi-Fi;2,4/5 GHz;wlan0;-52.0;;;;-52.0;6.309573444801943e-09;0.1;6.309573444801943e-10;2.455913550377143e-07;;;;ORANGE;False
1787665932.2581208;21.209895435000362;BLE Sniffer;Appareil BLE;2,4 GHz BLE;57:10:3b:9d:cc:43;-75.0;;;;-75.0;3.1622776601683794e-11;0.00028;8.854377448471461e-15;1.3162783052463906e-12;25;0x00;38;VERT;False
1787665932.2581959;21.209969362000265;BLE Sniffer;Appareil BLE;2,4 GHz BLE;57:10:3b:9d:cc:43;-71.0;;;;-71.0;7.943282347242822e-11;0.00028;2.22411905722799e-14;1.3385194958186704e-12;25;0x00;39;VERT;False
1787665932.295751;21.247334083999704;Simulation RF;Détection RF large bande;868 MHz;868 MHz;;2631;2.120599571175111;-40.823982847004444;-73.82398284700444;4.1457366919326817e-11;0.1;4.145736691932682e-12;3.6626649849045967e-09;;;;VERT;True
1787665932.2959075;21.247334083999704;Simulation RF;Détection RF large bande;2,45 GHz;2,45 GHz;;2812;2.2663316026975426;-46.653264107901705;-63.3532641079017;4.620336316490843e-10;0.1;4.6203363164908435e-11;1.2367663457810712e-08;;;;ORANGE;True
1787665932.3054924;21.25726791099987;Wi-Fi;Wi-Fi;2,4/5 GHz;wlan0;-52.0;;;;-52.0;6.309573444801943e-09;0.1;6.309573444801943e-10;2.462223123821945e-07;;;;ORANGE;False
1787665932.3658338;21.31760888200006;BLE Sniffer;Appareil BLE;2,4 GHz BLE;6d:d7:ea:08:d0:be;-72.0;;;;-72.0;6.309573444801942e-11;0.000352;2.2209698525702838e-14;8.85877051119963e-12;34;0x00;37;VERT;False
1787665932.3958604;21.34742108499995;Simulation RF;Détection RF large bande;868 MHz;868 MHz;;2672;2.153493121906531;-42.13972487626124;-75.13972487626124;3.062157413938401e-11;0.1;3.062157413938401e-12;3.665727142318535e-09;;;;VERT;True
1787665932.3960931;21.34742108499995;Simulation RF;Détection RF large bande;2,45 GHz;2,45 GHz;;2864;2.3079707792728024;-48.31883117091209;-65.0188311709121;3.14859559056527e-10;0.1;3.14859559056527e-11;1.2399149413716366e-08;;;;ORANGE;True
1787665932.404982;21.356756738000513;Wi-Fi;Wi-Fi;2,4/5 GHz;wlan0;-52.0;;;;-52.0;6.309573444801943e-09;0.1;6.309573444801943e-10;2.468532697266747e-07;;;;ORANGE;False
1787665932.4692764;21.421052460999817;BLE Sniffer;Appareil BLE;2,4 GHz BLE;57:10:3b:9d:cc:43;-74.0;;;;-74.0;3.9810717055349695e-11;0.00028;1.1147000775497913e-14;1.3496664965941683e-12;25;0x00;38;VERT;False
1787665932.4703016;21.422077084999728;BLE Sniffer;Appareil BLE;2,4 GHz BLE;57:10:3b:9d:cc:43;-71.0;;;;-71.0;7.943282347242822e-11;0.00028;2.22411905722799e-14;1.3719076871664481e-12;25;0x00;39;VERT;False
1787665932.4703784;21.422151882000435;BLE Sniffer;iBeacon;2,4 GHz BLE;46:de:6e:42:28:32;-71.0;;;;-71.0;7.943282347242822e-11;0.000368;2.923127903785358e-14;8.467555147349036e-12;36;0x00;37;VERT;False
1787665932.4704192;21.422192457000165;BLE Sniffer;iBeacon;2,4 GHz BLE;46:de:2e:42:28:3b;-72.0;;;;-72.0;6.309573444801942e-11;0.000368;2.3219230276871148e-14;2.3219230276871148e-14;36;0x00;38;VERT;False
1787665932.4961405;21.447543697000583;Simulation RF;Détection RF large bande;868 MHz;868 MHz;;2642;2.1291226140033497;-41.16490456013399;-74.16490456013399;3.8327416307965914e-11;0.1;3.8327416307965915e-12;3.669559883949332e-09;;;;VERT;True
1787665932.4963968;21.447543697000583;Simulation RF;Détection RF large bande;2,45 GHz;2,45 GHz;;2882;2.3226614805305212;-48.90645922122084;-65.60645922122085;2.7501354094543794e-10;0.1;2.7501354094543796e-11;1.2426650767810909e-08;;;;ORANGE;True
1787665932.5051086;21.456882776000384;Wi-Fi;Wi-Fi;2,4/5 GHz;wlan0;-52.0;;;;-52.0;6.309573444801943e-09;0.1;6.309573444801943e-10;2.474842270711549e-07;;;;ORANGE;False
1787665932.5743046;21.526079559999744;BLE Sniffer;iBeacon;2,4 GHz BLE;46:de:6e:42:28:32;-64.0;;;;-64.0;3.9810717055349694e-10;0.000368;1.4650343876368688e-13;8.614058586112723e-12;36;0x00;39;ORANGE;False
1787665932.5960207;21.547621568000068;Simulation RF;Détection RF large bande;868 MHz;868 MHz;;2726;2.196450703707625;-43.858028148304996;-76.858028148305;2.061565725104569e-11;0.1;2.061565725104569e-12;3.6716214496744364e-09;;;;VERT;True
1787665932.5961597;21.547621568000068;Simulation RF;Détection RF large bande;2,45 GHz;2,45 GHz;;2782;2.242032113667639;-45.681284546705555;-62.38128454670555;5.77925084707842e-10;0.1;5.77925084707842e-11;1.2484443276281693e-08;;;;ORANGE;True
1787665932.6047595;21.55653515999984;Wi-Fi;Wi-Fi;2,4/5 GHz;wlan0;-52.0;;;;-52.0;6.309573444801943e-09;0.1;6.309573444801943e-10;2.481151844156351e-07;;;;ORANGE;False
1787665932.6784396;21.63021474099969;BLE Sniffer;Appareil BLE;2,4 GHz BLE;6d:d7:ea:08:d0:be;-71.0;;;;-71.0;7.943282347242822e-11;0.000352;2.796035386229473e-14;8.886730865061924e-12;34;0x00;37;VERT;False
1787665932.6813853;21.633160463000422;BLE Sniffer;Appareil Apple BLE;2,4 GHz BLE;6d:d7:ea:08:d0:be;-73.0;;;;-73.0;5.011872336272715e-11;0.000352;1.7641790623679955e-14;8.904372655685604e-12;34;0x00;38;VERT;False
1787665932.681469;21.633242464000432;BLE Sniffer;Appareil BLE;2,4 GHz BLE;6d:d7:ea:08:d0:be;-63.0;;;;-63.0;5.011872336272714e-10;0.000352;1.7641790623679954e-13;9.080790561922403e-12;34;0x00;39;ORANGE;False
1787665932.6815095;21.63328287100012;BLE Sniffer;Appareil BLE;2,4 GHz BLE;57:10:3b:9d:cc:43;-80.0;;;;-80.0;1e-11;0.00028;2.7999999999999997e-15;1.374707687166448e-12;25;0x00;37;VERT;False
1787665932.6961153;21.647676290999698;Simulation RF;Détection RF large bande;868 MHz;868 MHz;;2688;2.1661092367107155;-42.64436946842862;-75.64436946842862;2.726233519118564e-11;0.1;2.7262335191185643e-12;3.674347683193555e-09;;;;VERT;True
1787665932.696278;21.647676290999698;Simulation RF;Détection RF large bande;2,45 GHz;2,45 GHz;;2848;2.295138314523903;-47.805532580956125;-64.50553258095613;3.543616717849288e-10;0.1;3.5436167178492884e-11;1.2519879443460185e-08;;;;ORANGE;True
1787665932.7062187;21.65799578899987;Wi-Fi;Wi-Fi;2,4/5 GHz;wlan0;-52.0;;;;-52.0;6.309573444801943e-09;0.1;6.309573444801943e-10;2.4874614176011533e-07;;;;ORANGE;False
1787665932.787738;21.739514484999745;BLE Sniffer;Appareil BLE;2,4 GHz BLE;57:10:3b:9d:cc:43;-75.0;;;;-75.0;3.1622776601683794e-11;0.00028;8.854377448471461e-15;1.3835620646149195e-12;25;0x00;38;VERT;False
1787665932.78881;21.74058540599981;BLE Sniffer;Appareil BLE;2,4 GHz BLE;57:10:3b:9d:cc:43;-71.0;;;;-71.0;7.943282347242822e-11;0.00028;2.22411905722799e-14;1.4058032551871993e-12;25;0x00;39;VERT;False
1787665932.7888856;21.740658925999924;BLE Sniffer;iBeacon;2,4 GHz BLE;46:de:6e:42:28:32;-70.0;;;;-70.0;1e-10;0.000368;3.68e-14;8.650858586112723e-12;36;0x00;37;ORANGE;False
1787665932.7961197;21.74775992100058;Simulation RF;Détection RF large bande;868 MHz;868 MHz;;2742;2.2098103469223362;-44.39241387689344;-77.39241387689344;1.822882234138888e-11;0.1;1.822882234138888e-12;3.6761705654276942e-09;;;;VERT;True
1787665932.7962713;21.74775992100058;Simulation RF;Détection RF large bande;2,45 GHz;2,45 GHz;;2881;2.3216657741398126;-48.86663096559249;-65.5666309655925;2.775472339196014e-10;0.1;2.775472339196014e-11;1.2547634166852145e-08;;;;ORANGE;True
1787665932.804966;21.756740198999978;Wi-Fi;Wi-Fi;2,4/5 GHz;wlan0;-52.0;;;;-52.0;6.309573444801943e-09;0.1;6.309573444801943e-10;2.4937709910459553e-07;;;;ORANGE;False
1787665932.8937619;21.845537725999748;BLE Sniffer;iBeacon;2,4 GHz BLE;46:de:6e:42:28:32;-73.0;;;;-73.0;5.011872336272715e-11;0.000368;1.844369019748359e-14;8.669302276310207e-12;36;0x00;38;VERT;False
1787665932.8947241;21.84649940500003;BLE Sniffer;iBeacon;2,4 GHz BLE;46:de:6e:42:28:32;-63.0;;;;-63.0;5.011872336272714e-10;0.000368;1.8443690197483588e-13;8.853739178285043e-12;36;0x00;39;ORANGE;False
1787665932.8948052;21.84657877600057;BLE Sniffer;Appareil BLE;2,4 GHz BLE;6d:d7:ea:08:d0:be;-71.0;;;;-71.0;7.943282347242822e-11;0.000352;2.796035386229473e-14;9.108750915784698e-12;34;0x00;37;VERT;False
1787665932.8984072;21.85018321000007;BLE Sniffer;Appareil BLE;2,4 GHz BLE;6d:d7:ea:08:d0:be;-73.0;;;;-73.0;5.011872336272715e-11;0.000352;1.7641790623679955e-14;9.126392706408377e-12;34;0x00;38;VERT;False
1787665932.898486;21.850259415000437;BLE Sniffer;Appareil BLE;2,4 GHz BLE;6d:d7:ea:08:d0:be;-63.0;;;;-63.0;5.011872336272714e-10;0.000352;1.7641790623679954e-13;9.302810612645176e-12;34;0x00;39;ORANGE;False
1787665932.9008374;21.848015071999725;Simulation RF;Détection RF large bande;868 MHz;868 MHz;;2705;2.179964475349031;-43.19857901396122;-76.19857901396122;2.3996179314810384e-11;0.1;2.3996179314810387e-12;3.678570183359175e-09;;;;VERT;True
1787665932.908423;21.848015071999725;Simulation RF;Détection RF large bande;2,45 GHz;2,45 GHz;;2786;2.2449427307005494;-45.79770922802197;-62.49770922802197;5.626380214656686e-10;0.1;5.6263802146566865e-11;1.2603897968998712e-08;;;;ORANGE;True
1787665932.9195538;21.871329491000324;Wi-Fi;Wi-Fi;2,4/5 GHz;wlan0;-52.0;;;;-52.0;6.309573444801943e-09;0.1;6.309573444801943e-10;2.5000805644907573e-07;;;;ORANGE;False
1787665932.9965012;21.94809697999972;Simulation RF;Détection RF large bande;868 MHz;868 MHz;;2656;2.1400578202916836;-41.60231281166733;-74.60231281166733;3.4655224678591324e-11;0.1;3.4655224678591325e-12;3.6820357058270342e-09;;;;VERT;True
1787665932.9966736;21.94809697999972;Simulation RF;Détection RF large bande;2,45 GHz;2,45 GHz;;2837;2.2863539641402126;-47.454158565608495;-64.1541585656085;3.8422369432052237e-10;0.1;3.842236943205224e-11;1.2642320338430764e-08;;;;ORANGE;True
1787665933.0046427;21.956418583000413;BLE Sniffer;Appareil BLE;2,4 GHz BLE;57:10:3b:9d:cc:43;-75.0;;;;-75.0;3.1622776601683794e-11;0.00028;8.854377448471461e-15;1.4146576326356707e-12;25;0x00;37;VERT;False
1787665933.0048234;21.956597678000435;Simulation LoRa;LoRa;868 MHz;LoRa 868.100 MHz;-89.61227780490248;;;;-89.61227780490248;1.0933827541419317e-12;0.046335999999999995;5.0662983295920546e-14;2.13630816194114e-12;13;"SNR=6.60;SF=7;BW=125.0;CR=4/5;F=868.100;CRC=OK;PAYLOAD=54454d504f5f4c4f52415f3231";7;VERT;True
1787665933.0077069;21.95948208400023;BLE Sniffer;iBeacon;2,4 GHz BLE;46:de:6e:42:28:32;-74.0;;;;-74.0;3.9810717055349695e-11;0.000368;1.4650343876368688e-14;8.868389522161411e-12;36;0x00;38;VERT;False
1787665933.0110157;21.962792180999713;Wi-Fi;Wi-Fi;2,4/5 GHz;wlan0;-52.0;;;;-52.0;6.309573444801943e-09;0.1;6.309573444801943e-10;2.5063901379355594e-07;;;;ORANGE;False
1787665933.0965352;22.04814442499992;Simulation RF;Détection RF large bande;868 MHz;868 MHz;;2758;2.2226432768741042;-44.905731074964166;-77.90573107496417;1.6196713215875162e-11;0.1;1.6196713215875163e-12;3.6836553771486218e-09;;;;VERT;True
1787665933.096679;22.04814442499992;Simulation RF;Détection RF large bande;2,45 GHz;2,45 GHz;;2787;2.2456711284863484;-45.82684513945394;-62.52684513945394;5.588760335770504e-10;0.1;5.588760335770504e-11;1.2698207941788469e-08;;;;ORANGE;True
1787665933.105164;22.05693881099978;Wi-Fi;Wi-Fi;2,4/5 GHz;wlan0;-52.0;;;;-52.0;6.309573444801943e-09;0.1;6.309573444801943e-10;2.5126997113803614e-07;;;;ORANGE;False
1787665933.1167533;22.068529048000528;BLE Sniffer;iBeacon;2,4 GHz BLE;46:de:6e:42:28:32;-64.0;;;;-64.0;3.9810717055349694e-10;0.000368;1.4650343876368688e-13;9.014892960925098e-12;36;0x00;39;ORANGE;False
1787665933.196648;22.148233832999722;Simulation RF;Détection RF large bande;868 MHz;868 MHz;;2597;2.0927336692511695;-39.70934677004678;-72.70934677004678;5.358772536902132e-11;0.1;5.358772536902133e-12;3.689014149685524e-09;;;;VERT;True
1787665933.196797;22.148233832999722;Simulation RF;Détection RF large bande;2,45 GHz;2,45 GHz;;2859;2.304002453019896;-48.16009812079584;-64.86009812079584;3.2658045360840266e-10;0.1;3.2658045360840264e-11;1.273086598714931e-08;;;;ORANGE;True
1787665933.209172;22.160946398000306;Wi-Fi;Wi-Fi;2,4/5 GHz;wlan0;-52.0;;;;-52.0;6.309573444801943e-09;0.1;6.309573444801943e-10;2.5190092848251635e-07;;;;ORANGE;False
1787665933.220896;22.17267030200037;BLE Sniffer;Appareil BLE;2,4 GHz BLE;6d:d7:ea:08:d0:be;-71.0;;;;-71.0;7.943282347242822e-11;0.000352;2.796035386229473e-14;9.33077096650747e-12;34;0x00;37;VERT;False
1787665933.2228959;22.174671179000143;BLE Sniffer;Appareil BLE;2,4 GHz BLE;6d:d7:ea:08:d0:be;-73.0;;;;-73.0;5.011872336272715e-11;0.000352;1.7641790623679955e-14;9.34841275713115e-12;34;0x00;38;VERT;False
1787665933.2967184;22.248313869999947;Simulation RF;Détection RF large bande;868 MHz;868 MHz;;2752;2.2179170031785573;-44.71668012714228;-77.71668012714228;1.6917336477042725e-11;0.1;1.6917336477042727e-12;3.6907058833332283e-09;;;;VERT;True
1787665933.2968543;22.248313869999947;Simulation RF;Détection RF large bande;2,45 GHz;2,45 GHz;;2794;2.251810012606471;-46.07240050425882;-62.772400504258826;5.28153241489065e-10;0.1;5.281532414890651e-11;1.2783681311298217e-08;;;;ORANGE;True
1787665933.3055308;22.257305371000257;Wi-Fi;Wi-Fi;2,4/5 GHz;wlan0;-52.0;;;;-52.0;6.309573444801943e-09;0.1;6.309573444801943e-10;2.5253188582699655e-07;;;;ORANGE;False
1787665933.3339455;22.285721889999877;BLE Sniffer;Appareil BLE;2,4 GHz BLE;6d:d7:ea:08:d0:be;-64.0;;;;-64.0;3.9810717055349694e-10;0.000352;1.4013372403483091e-13;9.488546481165982e-12;34;0x00;39;ORANGE;False
1787665933.334082;22.28585739099981;BLE Sniffer;Appareil BLE;2,4 GHz BLE;57:10:3b:9d:cc:43;-77.0;;;;-77.0;1.9952623149688828e-11;0.00028;5.586734481912872e-15;1.4202443671175836e-12;25;0x00;37;VERT;False
1787665933.3341386;22.28591235499971;BLE Sniffer;Appareil BLE;2,4 GHz BLE;57:10:3b:9d:cc:43;-76.0;;;;-76.0;2.5118864315095823e-11;0.00028;7.03328200822683e-15;1.4272776491258105e-12;25;0x00;38;VERT;False
1787665933.3397722;22.29154807299983;BLE Sniffer;Appareil BLE;2,4 GHz BLE;57:10:3b:9d:cc:43;-71.0;;;;-71.0;7.943282347242822e-11;0.00028;2.22411905722799e-14;1.4495188396980903e-12;25;0x00;39;VERT;False
1787665933.3967903;22.348389036999833;Simulation RF;Détection RF large bande;868 MHz;868 MHz;;2717;2.1896711169610232;-43.586844678440926;-76.58684467844093;2.1943986739426157e-11;0.1;2.1943986739426157e-12;3.692900282007171e-09;;;;VERT;True
1787665933.3969285;22.348389036999833;Simulation RF;Détection RF large bande;2,45 GHz;2,45 GHz;;2840;2.2887924018359533;-47.55169607343812;-64.25169607343813;3.7569065515662845e-10;0.1;3.7569065515662845e-11;1.2821250376813879e-08;;;;ORANGE;True
1787665933.4056048;22.35737951900046;Wi-Fi;Wi-Fi;2,4/5 GHz;wlan0;-52.0;;;;-52.0;6.309573444801943e-09;0.1;6.309573444801943e-10;2.5316284317147675e-07;;;;ORANGE;False
1787665933.4441042;22.39587960800054;BLE Sniffer;Appareil BLE;2,4 GHz BLE;d3:23:2f:4d:3e:b1;-70.0;;;;-70.0;1e-10;0.000376;3.76e-14;3.3703136448942507e-13;37;0x00;37;ORANGE;False
1787665933.4441838;22.39595731300051;BLE Sniffer;Appareil BLE;2,4 GHz BLE;d3:23:2f:4d:3e:b1;-72.0;;;;-72.0;6.309573444801942e-11;0.000376;2.3723996152455302e-14;3.607553606418804e-13;37;0x00;38;VERT;False
1787665933.4470537;22.39882918100011;BLE Sniffer;Appareil BLE;2,4 GHz BLE;d3:23:2f:4d:3e:b1;-87.0;;;;-87.0;1.9952623149688827e-12;0.000376;7.502186304282998e-16;3.615055792723087e-13;37;0x00;39;VERT;False
1787665933.4968688;22.448470408000503;Simulation RF;Détection RF large bande;868 MHz;868 MHz;;2632;2.121167402850871;-40.84669611403484;-73.84669611403484;4.124111406803019e-11;0.1;4.12411140680302e-12;3.697024393413974e-09;;;;VERT;True
1787665933.49701;22.448470408000503;Simulation RF;Détection RF large bande;2,45 GHz;2,45 GHz;;2858;2.30354318951514;-48.14172758060559;-64.84172758060559;3.279648059971633e-10;0.1;3.279648059971633e-11;1.2854046857413596e-08;;;;ORANGE;True
1787665933.5140748;22.465850216000035;Wi-Fi;Wi-Fi;2,4/5 GHz;wlan0;-52.0;;;;-52.0;6.309573444801943e-09;0.1;6.309573444801943e-10;2.5379380051595696e-07;;;;ORANGE;False
1787665933.5507567;22.50253272700047;BLE Sniffer;iBeacon;2,4 GHz BLE;46:de:6e:42:28:32;-70.0;;;;-70.0;1e-10;0.000368;3.68e-14;9.051692960925098e-12;36;0x00;37;ORANGE;False
1787665933.5508406;22.502614060999804;BLE Sniffer;iBeacon;2,4 GHz BLE;46:de:6e:42:28:32;-73.0;;;;-73.0;5.011872336272715e-11;0.000368;1.844369019748359e-14;9.070136651122581e-12;36;0x00;38;VERT;False
1787665933.5529482;22.504723568999907;BLE Sniffer;iBeacon;2,4 GHz BLE;46:de:6e:42:28:32;-63.0;;;;-63.0;5.011872336272714e-10;0.000368;1.8443690197483588e-13;9.254573553097417e-12;36;0x00;39;ORANGE;False
1787665933.5541918;22.50596739899993;BLE Sniffer;Appareil BLE;2,4 GHz BLE;6d:d7:ea:08:d0:be;-71.0;;;;-71.0;7.943282347242822e-11;0.000352;2.796035386229473e-14;9.516506835028276e-12;34;0x00;37;VERT;False
1787665933.5969427;22.5485454640002;Simulation RF;Détection RF large bande;868 MHz;868 MHz;;2743;2.210503100194888;-44.42012400779552;-77.42012400779552;1.8112883726244528e-11;0.1;1.811288372624453e-12;3.6988356817865987e-09;;;;VERT;True
1787665933.5970812;22.5485454640002;Simulation RF;Détection RF large bande;2,45 GHz;2,45 GHz;;2774;2.235530705767877;-45.42122823071507;-62.12122823071507;6.135884513226918e-10;0.1;6.135884513226917e-11;1.2915405702545866e-08;;;;ORANGE;True
1787665933.6057417;22.557516631;Wi-Fi;Wi-Fi;2,4/5 GHz;wlan0;-52.0;;;;-52.0;6.309573444801943e-09;0.1;6.309573444801943e-10;2.5442475786043716e-07;;;;ORANGE;False
1787665933.658575;22.61035006400016;BLE Sniffer;Appareil BLE;2,4 GHz BLE;6d:d7:ea:08:d0:be;-74.0;;;;-74.0;3.9810717055349695e-11;0.000352;1.4013372403483093e-14;9.530520207431759e-12;34;0x00;38;VERT;False
1787665933.6586516;22.610425065000527;BLE Sniffer;Appareil BLE;2,4 GHz BLE;6d:d7:ea:08:d0:be;-63.0;;;;-63.0;5.011872336272714e-10;0.000352;1.7641790623679954e-13;9.706938113668558e-12;34;0x00;39;ORANGE;False
1787665933.6619716;22.61374803200033;BLE Sniffer;Appareil BLE;2,4 GHz BLE;57:10:3b:9d:cc:43;-76.0;;;;-76.0;2.5118864315095823e-11;0.00028;7.03328200822683e-15;1.4565521217063172e-12;25;0x00;37;VERT;False
1787665933.6638303;22.615605463000065;BLE Sniffer;Appareil BLE;2,4 GHz BLE;46:de:6e:42:28:32;-75.0;;;;-75.0;3.1622776601683794e-11;0.000376;1.1890164002233105e-14;9.26646371709965e-12;37;0x00;38;VERT;False
1787665933.6970766;22.64864353899975;Simulation RF;Détection RF large bande;868 MHz;868 MHz;;2710;2.1842692373111356;-43.37076949244542;-76.37076949244542;2.306338510422951e-11;0.1;2.306338510422951e-12;3.7011420202970217e-09;;;;VERT;True
1787665933.6972346;22.64864353899975;Simulation RF;Détection RF large bande;2,45 GHz;2,45 GHz;;2819;2.271694149759446;-46.86776599037783;-63.56776599037783;4.3976777368697443e-10;0.1;4.3976777368697444e-11;1.2959382479914562e-08;;;;ORANGE;True
1787665933.706675;22.658449493999797;Wi-Fi;Wi-Fi;2,4/5 GHz;wlan0;-52.0;;;;-52.0;6.309573444801943e-09;0.1;6.309573444801943e-10;2.5505571520491736e-07;;;;ORANGE;False
1787665933.7663467;22.718121955999777;BLE Sniffer;iBeacon;2,4 GHz BLE;46:de:6e:42:28:32;-64.0;;;;-64.0;3.9810717055349694e-10;0.000368;1.4650343876368688e-13;9.412967155863337e-12;36;0x00;39;ORANGE;False
1787665933.769495;22.721270699000343;BLE Sniffer;Appareil BLE;2,4 GHz BLE;6d:d7:ea:08:d0:be;-70.0;;;;-70.0;1e-10;0.000352;3.52e-14;9.742138113668559e-12;34;0x00;37;ORANGE;False
1787665933.7695818;22.72135540399995;BLE Sniffer;Appareil BLE;2,4 GHz BLE;6d:d7:ea:08:d0:be;-73.0;;;;-73.0;5.011872336272715e-11;0.000352;1.7641790623679955e-14;9.759779904292238e-12;34;0x00;38;VERT;False
1787665933.7971256;22.74872318800044;Simulation RF;Détection RF large bande;868 MHz;868 MHz;;2713;2.1864627085275425;-43.45850834110169;-76.45850834110169;2.2602119454830423e-11;0.1;2.2602119454830426e-12;3.703402232242505e-09;;;;VERT;True
1787665933.7972658;22.74872318800044;Simulation RF;Détection RF large bande;2,45 GHz;2,45 GHz;;2848;2.295236654117512;-47.80946616470048;-64.50946616470048;3.540408571536242e-10;0.1;3.540408571536242e-11;1.2994786565629926e-08;;;;ORANGE;True
1787665933.8059263;22.757700576999923;Wi-Fi;Wi-Fi;2,4/5 GHz;wlan0;-52.0;;;;-52.0;6.309573444801943e-09;0.1;6.309573444801943e-10;2.5568667254939757e-07;;;;ORANGE;False
1787665933.8730202;22.824795391000407;BLE Sniffer;Appareil BLE;2,4 GHz BLE;6d:d7:ea:08:d0:be;-64.0;;;;-64.0;3.9810717055349694e-10;0.000352;1.4013372403483091e-13;9.89991362832707e-12;34;0x00;39;ORANGE;False
1787665933.8759081;22.827683907999926;BLE Sniffer;Appareil BLE;2,4 GHz BLE;57:10:3b:9d:cc:43;-76.0;;;;-76.0;2.5118864315095823e-11;0.00028;7.03328200822683e-15;1.463585403714544e-12;25;0x00;37;VERT;False
1787665933.8759942;22.82776753899998;BLE Sniffer;iBeacon;2,4 GHz BLE;46:de:6e:42:28:32;-73.0;;;;-73.0;5.011872336272715e-11;0.000368;1.844369019748359e-14;9.43141084606082e-12;36;0x00;38;VERT;False
1787665933.8971837;22.848802503000115;Simulation RF;Détection RF large bande;868 MHz;868 MHz;;2712;2.1855772926883237;-43.42309170753295;-76.42309170753295;2.278719292486076e-11;0.1;2.278719292486076e-12;3.705680951534991e-09;;;;VERT;True
1787665933.8973227;22.848802503000115;Simulation RF;Détection RF large bande;2,45 GHz;2,45 GHz;;2828;2.2785859306835774;-47.1434372273431;-63.8434372273431;4.127207245272453e-10;0.1;4.1272072452724535e-11;1.303605863808265e-08;;;;ORANGE;True
1787665933.905851;22.857625241999813;Wi-Fi;Wi-Fi;2,4/5 GHz;wlan0;-52.0;;;;-52.0;6.309573444801943e-09;0.1;6.309573444801943e-10;2.5631762989387777e-07;;;;ORANGE;False
1787665933.979542;22.931316971000342;BLE Sniffer;iBeacon;2,4 GHz BLE;46:de:6e:42:28:32;-63.0;;;;-63.0;5.011872336272714e-10;0.000368;1.8443690197483588e-13;9.615847748035656e-12;36;0x00;39;ORANGE;False
1787665933.9837391;22.935515412000314;Simulation LoRa;LoRa;868 MHz;LoRa 868.100 MHz;-90.09034525833128;;;;-90.09034525833128;9.79412120353995e-13;0.046335999999999995;4.538204000872271e-14;2.181690201949863e-12;13;"SNR=9.57;SF=7;BW=125.0;CR=4/5;F=868.100;CRC=OK;PAYLOAD=54454d504f5f4c4f52415f3232";7;VERT;True
1787665933.9972684;22.94888413300032;Simulation RF;Détection RF large bande;868 MHz;868 MHz;;2741;2.2092006565699425;-44.3680262627977;-77.3680262627977;1.8331473431688718e-11;0.1;1.8331473431688717e-12;3.70751409887816e-09;;;;VERT;True
1787665933.9974208;22.94888413300032;Simulation RF;Détection RF large bande;2,45 GHz;2,45 GHz;;2883;2.323542370935637;-48.94169483742549;-65.64169483742549;2.727913004989992e-10;0.1;2.727913004989992e-11;1.306333776813255e-08;;;;ORANGE;True
1787665934.006071;22.9578461709998;Wi-Fi;Wi-Fi;2,4/5 GHz;wlan0;-52.0;;;;-52.0;6.309573444801943e-09;0.1;6.309573444801943e-10;2.56948587238358e-07;;;;ORANGE;False
1787665934.0882978;23.040072820000205;BLE Sniffer;Appareil BLE;2,4 GHz BLE;6d:d7:ea:08:d0:be;-71.0;;;;-71.0;7.943282347242822e-11;0.000352;2.796035386229473e-14;9.927873982189364e-12;34;0x00;37;VERT;False
1787665934.0884376;23.04021098800058;BLE Sniffer;Appareil BLE;2,4 GHz BLE;6d:d7:ea:08:d0:be;-72.0;;;;-72.0;6.309573444801942e-11;0.000352;2.2209698525702838e-14;9.950083680715068e-12;34;0x00;38;VERT;False
1787665934.0884788;23.04025215599995;BLE Sniffer;Appareil BLE;2,4 GHz BLE;6d:d7:ea:08:d0:be;-64.0;;;;-64.0;3.9810717055349694e-10;0.000352;1.4013372403483091e-13;1.0090217404749899e-11;34;0x00;39;ORANGE;False
1787665934.0973387;23.04896896700029;Simulation RF;Détection RF large bande;868 MHz;868 MHz;;2722;2.1932504567972217;-43.730018271888866;-76.73001827188887;2.1232355289819875e-11;0.1;2.1232355289819877e-12;3.709637334407142e-09;;;;VERT;True
1787665934.0975084;23.04896896700029;Simulation RF;Détection RF large bande;2,45 GHz;2,45 GHz;;2876;2.317675171573324;-48.70700686293296;-65.40700686293296;2.8793821876643917e-10;0.1;2.879382187664392e-11;1.3092131590009195e-08;;;;ORANGE;True
1787665934.1061406;23.05791559699992;Wi-Fi;Wi-Fi;2,4/5 GHz;wlan0;-52.0;;;;-52.0;6.309573444801943e-09;0.1;6.309573444801943e-10;2.575795445828382e-07;;;;ORANGE;False
1787665934.1950305;23.14680669900008;BLE Sniffer;Appareil BLE;2,4 GHz BLE;57:10:3b:9d:cc:43;-77.0;;;;-77.0;1.9952623149688828e-11;0.00028;5.586734481912872e-15;1.469172138196457e-12;25;0x00;37;VERT;False
1787665934.1951194;23.14689310799986;BLE Sniffer;iBeacon;2,4 GHz BLE;46:de:6e:42:28:32;-73.0;;;;-73.0;5.011872336272715e-11;0.000368;1.844369019748359e-14;9.63429143823314e-12;36;0x00;38;VERT;False
1787665934.1951613;23.1469347379998;BLE Sniffer;iBeacon;2,4 GHz BLE;46:de:6e:42:28:32;-64.0;;;;-64.0;3.9810717055349694e-10;0.000368;1.4650343876368688e-13;9.780794876996827e-12;36;0x00;39;ORANGE;False
1787665934.1987376;23.14921582199986;Simulation RF;Détection RF large bande;868 MHz;868 MHz;;2754;2.219467297584305;-44.778691903372206;-77.7786919033722;1.6677494636795807e-11;0.1;1.6677494636795807e-12;3.7113050838708215e-09;;;;VERT;True
1787665934.1988838;23.14921582199986;Simulation RF;Détection RF large bande;2,45 GHz;2,45 GHz;;2915;2.3491595104880334;-49.96638041952133;-66.66638041952133;2.154576695313924e-10;0.1;2.154576695313924e-11;1.3113677356962334e-08;;;;ORANGE;True
1787665934.2075627;23.159337392000452;Wi-Fi;Wi-Fi;2,4/5 GHz;wlan0;-52.0;;;;-52.0;6.309573444801943e-09;0.1;6.309573444801943e-10;2.582105019273184e-07;;;;ORANGE;False
1787665934.297703;23.249293210999895;Simulation RF;Détection RF large bande;868 MHz;868 MHz;;2716;2.188395293230584;-43.535811729223354;-76.53581172922335;2.220336646958121e-11;0.1;2.220336646958121e-12;3.7135254205177795e-09;;;;VERT;True
1787665934.297847;23.249293210999895;Simulation RF;Détection RF large bande;2,45 GHz;2,45 GHz;;2895;2.333337206052585;-49.3334882421034;-66.0334882421034;2.4925918793260577e-10;0.1;2.492591879326058e-11;1.3138603275755595e-08;;;;ORANGE;True
1787665934.3026109;23.25438623700029;BLE Sniffer;Appareil BLE;2,4 GHz BLE;6d:d7:ea:08:d0:be;-71.0;;;;-71.0;7.943282347242822e-11;0.000352;2.796035386229473e-14;1.0118177758612194e-11;34;0x00;37;VERT;False
1787665934.3082886;23.260062882000057;Wi-Fi;Wi-Fi;2,4/5 GHz;wlan0;-52.0;;;;-52.0;6.309573444801943e-09;0.1;6.309573444801943e-10;2.588414592717986e-07;;;;ORANGE;False
1787665934.3978028;23.349378822999824;Simulation RF;Détection RF large bande;868 MHz;868 MHz;;2788;2.247140658274771;-45.88562633099083;-78.88562633099083;1.2925202826224773e-11;0.1;1.2925202826224774e-12;3.714817940800402e-09;;;;VERT;True
1787665934.3979647;23.349378822999824;Simulation RF;Détection RF large bande;2,45 GHz;2,45 GHz;;2832;2.2823544782751597;-47.29417913100639;-63.99417913100639;3.9864111317531803e-10;0.1;3.9864111317531806e-11;1.3178467387073126e-08;;;;ORANGE;True
1787665934.4072466;23.359021979999852;BLE Sniffer;Appareil BLE;2,4 GHz BLE;57:10:3b:9d:cc:43;-75.0;;;;-75.0;3.1622776601683794e-11;0.00028;8.854377448471461e-15;1.4780265156449283e-12;25;0x00;38;VERT;False
1787665934.4073315;23.359105536000243;BLE Sniffer;Appareil BLE;2,4 GHz BLE;57:10:3b:9d:cc:43;-71.0;;;;-71.0;7.943282347242822e-11;0.00028;2.22411905722799e-14;1.5002677062172081e-12;25;0x00;39;VERT;False
1787665934.4122314;23.36400670800049;Wi-Fi;Wi-Fi;2,4/5 GHz;wlan0;-52.0;;;;-52.0;6.309573444801943e-09;0.1;6.309573444801943e-10;2.594724166162788e-07;;;;ORANGE;False
1787665934.4978614;23.44945682300022;Simulation RF;Détection RF large bande;868 MHz;868 MHz;;2740;2.2080794459355886;-44.32317783742354;-77.32317783742354;1.852175845729228e-11;0.1;1.852175845729228e-12;3.716670116646131e-09;;;;VERT;True
1787665934.4979963;23.44945682300022;Simulation RF;Détection RF large bande;2,45 GHz;2,45 GHz;;2908;2.343348373191455;-49.73393492765818;-66.43393492765819;2.2730370109959166e-10;0.1;2.2730370109959166e-11;1.3201197757183085e-08;;;;ORANGE;True
1787665934.5065258;23.458300395999686;Wi-Fi;Wi-Fi;2,4/5 GHz;wlan0;-52.0;;;;-52.0;6.309573444801943e-09;0.1;6.309573444801943e-10;2.60103373960759e-07;;;;ORANGE;False
1787665934.5133016;23.465077609999753;BLE Sniffer;iBeacon;2,4 GHz BLE;46:de:6e:42:28:32;-71.0;;;;-71.0;7.943282347242822e-11;0.000368;2.923127903785358e-14;9.81002615603468e-12;36;0x00;37;VERT;False
1787665934.5133893;23.46516281500044;BLE Sniffer;Appareil BLE;2,4 GHz BLE;46:de:ee:42:28:32;-74.0;;;;-74.0;3.9810717055349695e-11;0.000368;1.4650343876368688e-14;1.4650343876368688e-14;36;0x00;38;VERT;False
1787665934.5134292;23.46520275900002;BLE Sniffer;iBeacon;2,4 GHz BLE;46:de:6e:42:28:32;-64.0;;;;-64.0;3.9810717055349694e-10;0.000368;1.4650343876368688e-13;9.956529594798367e-12;36;0x00;39;ORANGE;False
1787665934.597937;23.54953365700021;Simulation RF;Détection RF large bande;868 MHz;868 MHz;;2792;2.2497609887535805;-45.99043955014322;-78.99043955014322;1.2616998312856119e-11;0.1;1.2616998312856119e-12;3.7179318164774167e-09;;;;VERT;True
1787665934.598079;23.54953365700021;Simulation RF;Détection RF large bande;2,45 GHz;2,45 GHz;;2914;2.3482583280266027;-49.93033312106411;-66.63033312106411;2.1725345304715953e-10;0.1;2.1725345304715954e-11;1.3222923102487801e-08;;;;ORANGE;True
1787665934.6067233;23.55849791699984;Wi-Fi;Wi-Fi;2,4/5 GHz;wlan0;-52.0;;;;-52.0;6.309573444801943e-09;0.1;6.309573444801943e-10;2.607343313052392e-07;;;;ORANGE;False
1787665934.619699;23.5714728920002;BLE Sniffer;Appareil BLE;2,4 GHz BLE;6d:d7:ea:08:d0:be;-72.0;;;;-72.0;6.309573444801942e-11;0.000352;2.2209698525702838e-14;1.0140387457137897e-11;34;0x00;37;VERT;False
1787665934.6980526;23.6496210840005;Simulation RF;Détection RF large bande;868 MHz;868 MHz;;2678;2.158158497674004;-42.32633990696016;-75.32633990696016;2.933364348156921e-11;0.1;2.9333643481569213e-12;3.7208651808255736e-09;;;;VERT;True
1787665934.6982093;23.6496210840005;Simulation RF;Détection RF large bande;2,45 GHz;2,45 GHz;;2853;2.2988757522104946;-47.955030088419775;-64.65503008841978;3.423710156325745e-10;0.1;3.423710156325745e-11;1.3257160204051058e-08;;;;ORANGE;True
1787665934.7072027;23.658976921999965;Wi-Fi;Wi-Fi;2,4/5 GHz;wlan0;-52.0;;;;-52.0;6.309573444801943e-09;0.1;6.309573444801943e-10;2.613652886497194e-07;;;;ORANGE;False
1787665934.727431;23.67920617300024;BLE Sniffer;iBeacon;2,4 GHz BLE;46:de:6e:42:28:32;-73.0;;;;-73.0;5.011872336272715e-11;0.000368;1.844369019748359e-14;9.97497328499585e-12;36;0x00;38;VERT;False
1787665934.7981234;23.749705844000346;Simulation RF;Détection RF large bande;868 MHz;868 MHz;;2790;2.2485220536595025;-45.940882146380105;-78.9408821463801;1.2761795627073393e-11;0.1;1.2761795627073393e-12;3.722141360388281e-09;;;;VERT;True
1787665934.798284;23.749705844000346;Simulation RF;Détection RF large bande;2,45 GHz;2,45 GHz;;2832;2.282245695733747;-47.28982782934989;-63.98982782934989;3.9904072152206635e-10;0.1;3.990407215220664e-11;1.3297064276203265e-08;;;;ORANGE;True
1787665934.8069453;23.75871989999996;Wi-Fi;Wi-Fi;2,4/5 GHz;wlan0;-52.0;;;;-52.0;6.309573444801943e-09;0.1;6.309573444801943e-10;2.619962459941996e-07;;;;ORANGE;False
1787665934.8290782;23.780853248000312;BLE Sniffer;iBeacon;2,4 GHz BLE;46:de:6e:42:28:32;-64.0;;;;-64.0;3.9810717055349694e-10;0.000368;1.4650343876368688e-13;1.0121476723759538e-11;36;0x00;39;ORANGE;False
1787665934.8981802;23.84978395500002;Simulation RF;Détection RF large bande;868 MHz;868 MHz;;2725;2.1957080963952413;-43.82832385580966;-76.82832385580966;2.0757144775411676e-11;0.1;2.0757144775411675e-12;3.7242170748658223e-09;;;;VERT;True
1787665934.8983185;23.84978395500002;Simulation RF;Détection RF large bande;2,45 GHz;2,45 GHz;;2818;2.270536163896131;-46.82144655584524;-63.52144655584524;4.444831935512508e-10;0.1;4.444831935512508e-11;1.334151259555839e-08;;;;ORANGE;True
1787665934.9070313;23.8588055299997;Wi-Fi;Wi-Fi;2,4/5 GHz;wlan0;-52.0;;;;-52.0;6.309573444801943e-09;0.1;6.309573444801943e-10;2.626272033386798e-07;;;;ORANGE;False
1787665934.9339337;23.885708623000028;BLE Sniffer;Appareil BLE;2,4 GHz BLE;6d:d7:ea:08:d0:be;-71.0;;;;-71.0;7.943282347242822e-11;0.000352;2.796035386229473e-14;1.0168347811000192e-11;34;0x00;37;VERT;False
1787665934.9360259;23.887801501000467;BLE Sniffer;Appareil BLE;2,4 GHz BLE;6d:d7:ea:08:d0:be;-72.0;;;;-72.0;6.309573444801942e-11;0.000352;2.2209698525702838e-14;1.0190557509525895e-11;34;0x00;38;VERT;False
1787665934.9372554;23.88903114599998;BLE Sniffer;Appareil BLE;2,4 GHz BLE;6d:d7:ea:08:d0:be;-64.0;;;;-64.0;3.9810717055349694e-10;0.000352;1.4013372403483091e-13;1.0330691233560727e-11;34;0x00;39;ORANGE;False
1787665934.9986641;23.949985123999795;Simulation RF;Détection RF large bande;868 MHz;868 MHz;;2776;2.2374280908220805;-45.497123632883216;-78.49712363288322;1.4134733894197652e-11;0.1;1.4134733894197654e-12;3.725630548255242e-09;;;;VERT;True
1787665934.9989758;23.949985123999795;Simulation RF;Détection RF large bande;2,45 GHz;2,45 GHz;;2862;2.3061614564995696;-48.246458259982774;-64.94645825998278;3.2015049231487144e-10;0.1;3.201504923148715e-11;1.3373527644789878e-08;;;;ORANGE;True
1787665935.011611;23.963385308999932;Wi-Fi;Wi-Fi;2,4/5 GHz;wlan0;-52.0;;;;-52.0;6.309573444801943e-09;0.1;6.309573444801943e-10;2.6325816068316e-07;;;;ORANGE;False
1787665935.0410903;23.992865656000504;Simulation LoRa;LoRa;868 MHz;LoRa 868.100 MHz;-87.59644352770705;;;;-87.59644352770705;1.7392245106179657e-12;0.046335999999999995;8.058870692399405e-14;2.2622789088738568e-12;13;"SNR=5.80;SF=7;BW=125.0;CR=4/5;F=868.100;CRC=OK;PAYLOAD=54454d504f5f4c4f52415f3233";7;VERT;True
1787665935.041173;23.99294650899992;BLE Sniffer;iBeacon;2,4 GHz BLE;46:de:6e:42:28:32;-70.0;;;;-70.0;1e-10;0.000368;3.68e-14;1.0158276723759538e-11;36;0x00;37;ORANGE;False
1787665935.0448606;23.99663655400036;BLE Sniffer;iBeacon;2,4 GHz BLE;46:de:6e:42:28:32;-73.0;;;;-73.0;5.011872336272715e-11;0.000368;1.844369019748359e-14;1.0176720413957021e-11;36;0x00;38;VERT;False
1787665935.0470848;23.998861471000055;BLE Sniffer;iBeacon;2,4 GHz BLE;46:de:6e:42:28:32;-63.0;;;;-63.0;5.011872336272714e-10;0.000368;1.8443690197483588e-13;1.0361157315931857e-11;36;0x00;39;ORANGE;False
1787665935.0984664;24.05006605000017;Simulation RF;Détection RF large bande;868 MHz;868 MHz;;2712;2.1857439192985932;-43.42975677194373;-76.42975677194373;2.2752248519217785e-11;0.1;2.2752248519217785e-12;3.727905773107164e-09;;;;VERT;True
1787665935.0986094;24.05006605000017;Simulation RF;Détection RF large bande;2,45 GHz;2,45 GHz;;2825;2.2765010975979587;-47.06004390391834;-63.760043903918344;4.20722375174942e-10;0.1;4.2072237517494203e-11;1.3415599882307372e-08;;;;ORANGE;True
1787665935.1072006;24.058975124000426;Wi-Fi;Wi-Fi;2,4/5 GHz;wlan0;-52.0;;;;-52.0;6.309573444801943e-09;0.1;6.309573444801943e-10;2.638891180276402e-07;;;;ORANGE;False
1787665935.2069952;24.15015573599976;Simulation RF;Détection RF large bande;868 MHz;868 MHz;;2800;2.256195162191828;-46.24780648767312;-79.24780648767312;1.189102661674519e-11;0.1;1.1891026616745192e-12;3.729094875768839e-09;;;;VERT;True
1787665935.2074997;24.15015573599976;Simulation RF;Détection RF large bande;2,45 GHz;2,45 GHz;;2916;2.3497626662611615;-49.99050665044646;-66.69050665044647;2.1426406248485398e-10;0.1;2.14264062484854e-11;1.3437026288555857e-08;;;;ORANGE;True
1787665935.2187223;24.170496359000026;Wi-Fi;Wi-Fi;2,4/5 GHz;wlan0;-52.0;;;;-52.0;6.309573444801943e-09;0.1;6.309573444801943e-10;2.645200753721204e-07;;;;ORANGE;False
1787665935.2536552;24.205430385;BLE Sniffer;Appareil BLE;2,4 GHz BLE;57:10:3b:9d:cc:43;-81.0;;;;-81.0;7.943282347242821e-12;0.00028;2.22411905722799e-15;1.5024918252744362e-12;25;0x00;37;VERT;False
1787665935.2537315;24.205505089000326;BLE Sniffer;Appareil BLE;2,4 GHz BLE;6d:d7:ea:08:d0:be;-73.0;;;;-73.0;5.011872336272715e-11;0.000352;1.7641790623679955e-14;1.0348333024184406e-11;34;0x00;38;VERT;False
1787665935.2569826;24.208757852000417;BLE Sniffer;Appareil BLE;2,4 GHz BLE;6d:d7:ea:08:d0:be;-64.0;;;;-64.0;3.9810717055349694e-10;0.000352;1.4013372403483091e-13;1.0488466748219238e-11;34;0x00;39;ORANGE;False
1787665935.298638;24.250235459000578;Simulation RF;Détection RF large bande;868 MHz;868 MHz;;2716;2.1886171358927418;-43.54468543570967;-76.54468543570967;2.2158045836741567e-11;0.1;2.215804583674157e-12;3.731310680352513e-09;;;;VERT;True
1787665935.2987738;24.250235459000578;Simulation RF;Détection RF large bande;2,45 GHz;2,45 GHz;;2895;2.332637671964864;-49.30550687859454;-66.00550687859455;2.5087033638074247e-10;0.1;2.508703363807425e-11;1.346211332219393e-08;;;;ORANGE;True
1787665935.3073647;24.259139069000412;Wi-Fi;Wi-Fi;2,4/5 GHz;wlan0;-52.0;;;;-52.0;6.309573444801943e-09;0.1;6.309573444801943e-10;2.651510327166006e-07;;;;ORANGE;False
1787665935.3609006;24.312675178000063;BLE Sniffer;Appareil BLE;2,4 GHz BLE;d3:23:2f:4d:3e:b1;-71.0;;;;-71.0;7.943282347242822e-11;0.000376;2.986674162563301e-14;3.9137232089794173e-13;37;0x00;37;VERT;False
1787665935.3609743;24.31274777100043;BLE Sniffer;Appareil BLE;2,4 GHz BLE;d3:23:2f:4d:3e:b1;-72.0;;;;-72.0;6.309573444801942e-11;0.000376;2.3723996152455302e-14;4.1509631705039705e-13;37;0x00;38;VERT;False
1787665935.3640552;24.31583032799972;BLE Sniffer;Appareil BLE;2,4 GHz BLE;d3:23:2f:4d:3e:b1;-85.0;;;;-85.0;3.1622776601683794e-12;0.000376;1.1890164002233105e-15;4.162853334506204e-13;37;0x00;39;VERT;False
1787665935.3641405;24.3159141619999;BLE Sniffer;iBeacon;2,4 GHz BLE;46:de:6e:42:28:32;-70.0;;;;-70.0;1e-10;0.000368;3.68e-14;1.0397957315931857e-11;36;0x00;37;ORANGE;False
1787665935.4025903;24.350359516000026;Simulation RF;Détection RF large bande;868 MHz;868 MHz;;2791;2.249301189286578;-45.97204757146312;-78.97204757146312;1.267054345946033e-11;0.1;1.267054345946033e-12;3.732577734698459e-09;;;;VERT;True
1787665935.4132686;24.350359516000026;Simulation RF;Détection RF large bande;2,45 GHz;2,45 GHz;;2972;2.3953540766547197;-51.81416306618878;-68.51416306618879;1.40793852764733e-10;0.1;1.4079385276473302e-11;1.3476192707470403e-08;;;;ORANGE;True
1787665935.4244547;24.376229669999702;Wi-Fi;Wi-Fi;2,4/5 GHz;wlan0;-52.0;;;;-52.0;6.309573444801943e-09;0.1;6.309573444801943e-10;2.657819900610808e-07;;;;ORANGE;False
1787665935.4719872;24.423762463000458;BLE Sniffer;Appareil BLE;2,4 GHz BLE;6d:d7:ea:08:d0:be;-72.0;;;;-72.0;6.309573444801942e-11;0.000352;2.2209698525702838e-14;1.0510676446744941e-11;34;0x00;38;VERT;False
1787665935.4988222;24.450437368000166;Simulation RF;Détection RF large bande;868 MHz;868 MHz;;2746;2.2127077370905077;-44.50830948362031;-77.50830948362031;1.7748802288332307e-11;0.1;1.7748802288332308e-12;3.734352614927292e-09;;;;VERT;True
1787665935.4989552;24.450437368000166;Simulation RF;Détection RF large bande;2,45 GHz;2,45 GHz;;2890;2.3286508510363046;-49.14603404145218;-65.84603404145219;2.6025351022068323e-10;0.1;2.6025351022068323e-11;1.3502218058492471e-08;;;;ORANGE;True
1787665935.50748;24.459254680999948;Wi-Fi;Wi-Fi;2,4/5 GHz;wlan0;-52.0;;;;-52.0;6.309573444801943e-09;0.1;6.309573444801943e-10;2.6641294740556103e-07;;;;ORANGE;False
1787665935.573689;24.52546394700039;BLE Sniffer;Appareil BLE;2,4 GHz BLE;6d:d7:ea:08:d0:be;-64.0;;;;-64.0;3.9810717055349694e-10;0.000352;1.4013372403483091e-13;1.0650810170779773e-11;34;0x00;39;ORANGE;False
1787665935.577048;24.528824599000473;BLE Sniffer;iBeacon;2,4 GHz BLE;46:de:6e:42:28:32;-70.0;;;;-70.0;1e-10;0.000368;3.68e-14;1.0434757315931857e-11;36;0x00;37;ORANGE;False
1787665935.598934;24.550518330999694;Simulation RF;Détection RF large bande;868 MHz;868 MHz;;2750;2.2160461598930827;-44.641846395723306;-77.6418463957233;1.7211366810351046e-11;0.1;1.7211366810351047e-12;3.736073751608327e-09;;;;VERT;True
1787665935.5990856;24.550518330999694;Simulation RF;Détection RF large bande;2,45 GHz;2,45 GHz;;2895;2.332797036722858;-49.31188146891431;-66.01188146891431;2.505023780930316e-10;0.1;2.505023780930316e-11;1.3527268296301775e-08;;;;ORANGE;True
1787665935.6122522;24.564027016999717;Wi-Fi;Wi-Fi;2,4/5 GHz;wlan0;-52.0;;;;-52.0;6.309573444801943e-09;0.1;6.309573444801943e-10;2.6704390475004123e-07;;;;ORANGE;False
1787665935.6796503;24.63142544600032;BLE Sniffer;Appareil BLE;2,4 GHz BLE;47:de:7e:42:28:31;-69.0;;;;-69.0;1.2589254117941662e-10;0.00023999999999999998;3.021420988305998e-14;3.021420988305998e-14;20;0x00;38;ORANGE;False
1787665935.6831775;24.634952989999874;BLE Sniffer;iBeacon;2,4 GHz BLE;46:de:6e:42:28:32;-64.0;;;;-64.0;3.9810717055349694e-10;0.000368;1.4650343876368688e-13;1.0581260754695544e-11;36;0x00;39;ORANGE;False
1787665935.6990352;24.6506123879999;Simulation RF;Détection RF large bande;868 MHz;868 MHz;;2712;2.18509551474114;-43.40382058964559;-76.40382058964559;2.2888532093766842e-11;0.1;2.2888532093766845e-12;3.738362604817703e-09;;;;VERT;True
1787665935.6991975;24.6506123879999;Simulation RF;Détection RF large bande;2,45 GHz;2,45 GHz;;2829;2.279673846355619;-47.18695385422477;-63.886953854224764;4.086058824151607e-10;0.1;4.086058824151607e-11;1.356812888454329e-08;;;;ORANGE;True
1787665935.7080212;24.659796464000465;Wi-Fi;Wi-Fi;2,4/5 GHz;wlan0;-52.0;;;;-52.0;6.309573444801943e-09;0.1;6.309573444801943e-10;2.6767486209452143e-07;;;;ORANGE;False
1787665935.7893708;24.741146399000172;BLE Sniffer;Appareil BLE;2,4 GHz BLE;57:10:3b:9d:cc:43;-75.0;;;;-75.0;3.1622776601683794e-11;0.00028;8.854377448471461e-15;1.5113462027229076e-12;25;0x00;37;VERT;False
1787665935.789457;24.74123088200031;BLE Sniffer;Appareil BLE;2,4 GHz BLE;57:10:3b:9d:cc:43;-75.0;;;;-75.0;3.1622776601683794e-11;0.00028;8.854377448471461e-15;1.520200580171379e-12;25;0x00;38;VERT;False
1787665935.789496;24.74126949299989;BLE Sniffer;Appareil BLE;2,4 GHz BLE;57:10:3b:9d:cc:43;-71.0;;;;-71.0;7.943282347242822e-11;0.00028;2.22411905722799e-14;1.5424417707436588e-12;25;0x00;39;VERT;False
1787665935.7990804;24.75069359200006;Simulation RF;Détection RF large bande;868 MHz;868 MHz;;2722;2.193511491706143;-43.740459668245705;-76.7404596682457;2.1181369344222268e-11;0.1;2.118136934422227e-12;3.740480741752125e-09;;;;VERT;True
1787665935.7992125;24.75069359200006;Simulation RF;Détection RF large bande;2,45 GHz;2,45 GHz;;2878;2.3194085072584745;-48.77634029033898;-65.47634029033898;2.8337789567790314e-10;0.1;2.8337789567790317e-11;1.3596466674111081e-08;;;;ORANGE;True
1787665935.8077269;24.759501534000265;Wi-Fi;Wi-Fi;2,4/5 GHz;wlan0;-52.0;;;;-52.0;6.309573444801943e-09;0.1;6.309573444801943e-10;2.6830581943900164e-07;;;;ORANGE;False
1787665935.8932972;24.845072336000158;BLE Sniffer;Appareil BLE;2,4 GHz BLE;6d:d7:ea:08:d0:be;-71.0;;;;-71.0;7.943282347242822e-11;0.000352;2.796035386229473e-14;1.0678770524642068e-11;34;0x00;37;VERT;False
1787665935.896818;24.848593935999816;BLE Sniffer;Appareil BLE;2,4 GHz BLE;6d:d7:ea:08:d0:be;-73.0;;;;-73.0;5.011872336272715e-11;0.000352;1.7641790623679955e-14;1.0696412315265747e-11;34;0x00;38;VERT;False
1787665935.8969026;24.848676270000396;BLE Sniffer;Appareil BLE;2,4 GHz BLE;6d:d7:ea:08:d0:be;-64.0;;;;-64.0;3.9810717055349694e-10;0.000352;1.4013372403483091e-13;1.0836546039300578e-11;34;0x00;39;ORANGE;False
1787665935.8969443;24.84871788200053;BLE Sniffer;iBeacon;2,4 GHz BLE;46:de:6e:42:28:32;-70.0;;;;-70.0;1e-10;0.000368;3.68e-14;1.0618060754695544e-11;36;0x00;37;ORANGE;False
1787665935.9017863;24.851068058999772;Simulation RF;Détection RF large bande;868 MHz;868 MHz;;2770;2.232382037710495;-45.295281508419805;-78.2952815084198;1.4807162725587115e-11;0.1;1.4807162725587116e-12;3.741961458024684e-09;;;;VERT;True
1787665935.9019308;24.851068058999772;Simulation RF;Détection RF large bande;2,45 GHz;2,45 GHz;;2843;2.291294382796979;-47.65177531187916;-64.35177531187917;3.671321932769247e-10;0.1;3.671321932769247e-11;1.3633179893438773e-08;;;;ORANGE;True
1787665935.910501;24.862275604999923;Wi-Fi;Wi-Fi;2,4/5 GHz;wlan0;-52.0;;;;-52.0;6.309573444801943e-09;0.1;6.309573444801943e-10;2.6893677678348184e-07;;;;ORANGE;False
1787665935.9995375;24.951146541000526;Simulation RF;Détection RF large bande;868 MHz;868 MHz;;2758;2.222829743138085;-44.913189725523395;-77.9131897255234;1.6168920565585178e-11;0.1;1.616892056558518e-12;3.743578350081242e-09;;;;VERT;True
1787665935.9997182;24.951146541000526;Simulation RF;Détection RF large bande;2,45 GHz;2,45 GHz;;2857;2.3020949860029027;-48.08379944011611;-64.78379944011611;3.323686522134616e-10;0.1;3.323686522134616e-11;1.3666416758660119e-08;;;;ORANGE;True
1787665936.0054734;24.957248728000195;BLE Sniffer;iBeacon;2,4 GHz BLE;46:de:6e:42:28:32;-72.0;;;;-72.0;6.309573444801942e-11;0.000368;2.3219230276871148e-14;1.0641279984972415e-11;36;0x00;38;VERT;False
1787665936.0055628;24.957336598999973;BLE Sniffer;iBeacon;2,4 GHz BLE;46:de:6e:42:28:32;-64.0;;;;-64.0;3.9810717055349694e-10;0.000368;1.4650343876368688e-13;1.0787783423736102e-11;36;0x00;39;ORANGE;False
1787665936.0056517;24.95742524799971;Simulation LoRa;LoRa;868 MHz;LoRa 868.100 MHz;-92.79036690352434;;;;-92.79036690352434;5.259728289307105e-13;0.046335999999999995;2.43714770013334e-14;2.2866503858751903e-12;13;"SNR=6.30;SF=7;BW=125.0;CR=4/5;F=868.100;CRC=OK;PAYLOAD=54454d504f5f4c4f52415f3234";7;VERT;True
1787665936.008749;24.960524861000522;BLE Sniffer;Appareil BLE;2,4 GHz BLE;57:10:3b:9d:cc:43;-76.0;;;;-76.0;2.5118864315095823e-11;0.00028;7.03328200822683e-15;1.5494750527518857e-12;25;0x00;37;VERT;False
1787665936.0144572;24.9662321349997;Wi-Fi;Wi-Fi;2,4/5 GHz;wlan0;-52.0;;;;-52.0;6.309573444801943e-09;0.1;6.309573444801943e-10;2.6956773412796204e-07;;;;ORANGE;False
1787665936.0996454;25.05123324499982;Simulation RF;Détection RF large bande;868 MHz;868 MHz;;2756;2.220663405886752;-44.82653623547007;-77.82653623547007;1.6494774263353032e-11;0.1;1.6494774263353032e-12;3.745227827507577e-09;;;;VERT;True
1787665936.0997972;25.05123324499982;Simulation RF;Détection RF large bande;2,45 GHz;2,45 GHz;;2935;2.3654963626420176;-50.61985450568069;-67.3198545056807;1.853593720183347e-10;0.1;1.8535937201833474e-11;1.3684952695861952e-08;;;;ORANGE;True
1787665936.1081345;25.05990911200024;Wi-Fi;Wi-Fi;2,4/5 GHz;wlan0;-52.0;;;;-52.0;6.309573444801943e-09;0.1;6.309573444801943e-10;2.7019869147244225e-07;;;;ORANGE;False
1787665936.1997106;25.151310948999708;Simulation RF;Détection RF large bande;868 MHz;868 MHz;;2768;2.230553754405508;-45.22215017622031;-78.22215017622031;1.505861335115023e-11;0.1;1.5058613351150232e-12;3.7467336888426925e-09;;;;VERT;True
1787665936.1998498;25.151310948999708;Simulation RF;Détection RF large bande;2,45 GHz;2,45 GHz;;2848;2.294943793934542;-47.797751757381675;-64.49775175738168;3.5499711551361855e-10;0.1;3.549971155136186e-11;1.3720452407413315e-08;;;;ORANGE;True
1787665936.2083688;25.160143539999808;Wi-Fi;Wi-Fi;2,4/5 GHz;wlan0;-52.0;;;;-52.0;6.309573444801943e-09;0.1;6.309573444801943e-10;2.7082964881692245e-07;;;;ORANGE;False
1787665936.2195547;25.171330068000316;BLE Sniffer;iBeacon;2,4 GHz BLE;46:de:6e:42:28:32;-74.0;;;;-74.0;3.9810717055349695e-11;0.000368;1.4650343876368688e-14;1.080243376761247e-11;36;0x00;38;VERT;False
1787665936.2196288;25.171402216999923;BLE Sniffer;iBeacon;2,4 GHz BLE;46:de:6e:42:28:32;-64.0;;;;-64.0;3.9810717055349694e-10;0.000368;1.4650343876368688e-13;1.0948937206376157e-11;36;0x00;39;ORANGE;False
1787665936.2998052;25.251392449999912;Simulation RF;Détection RF large bande;868 MHz;868 MHz;;2730;2.199870788390193;-43.994831535607716;-76.99483153560772;1.9976382560465873e-11;0.1;1.9976382560465874e-12;3.748731327098739e-09;;;;VERT;True
1787665936.2999542;25.251392449999912;Simulation RF;Détection RF large bande;2,45 GHz;2,45 GHz;;2920;2.3532990832515273;-50.13196333006108;-66.83196333006109;2.0739757161296446e-10;0.1;2.0739757161296448e-11;1.3741192164574611e-08;;;;ORANGE;True
1787665936.3084698;25.260244504000184;Wi-Fi;Wi-Fi;2,4/5 GHz;wlan0;-52.0;;;;-52.0;6.309573444801943e-09;0.1;6.309573444801943e-10;2.7146060616140266e-07;;;;ORANGE;False
1787665936.3256333;25.277407976000177;BLE Sniffer;Appareil BLE;2,4 GHz BLE;57:10:3b:9d:cc:43;-77.0;;;;-77.0;1.9952623149688828e-11;0.00028;5.586734481912872e-15;1.5550617872337986e-12;25;0x00;37;VERT;False
1787665936.3292367;25.281012817000374;BLE Sniffer;Appareil BLE;2,4 GHz BLE;57:10:3b:9d:cc:43;-77.0;;;;-77.0;1.9952623149688828e-11;0.00028;5.586734481912872e-15;1.5606485217157115e-12;25;0x00;38;VERT;False
1787665936.3998773;25.3514738949998;Simulation RF;Détection RF large bande;868 MHz;868 MHz;;2693;2.169802321667499;-42.79209286669996;-75.79209286669996;2.6350612428301112e-11;0.1;2.6350612428301113e-12;3.751366388341569e-09;;;;VERT;True
1787665936.4000173;25.3514738949998;Simulation RF;Détection RF large bande;2,45 GHz;2,45 GHz;;2884;2.323940978926579;-48.957639157063156;-65.65763915706316;2.7179163380017503e-10;0.1;2.7179163380017506e-11;1.3768371327954629e-08;;;;ORANGE;True
1787665936.4086373;25.360411728000145;Wi-Fi;Wi-Fi;2,4/5 GHz;wlan0;-52.0;;;;-52.0;6.309573444801943e-09;0.1;6.309573444801943e-10;2.7209156350588286e-07;;;;ORANGE;False
1787665936.4320068;25.38378253600058;BLE Sniffer;Appareil BLE;2,4 GHz BLE;57:10:3b:9d:cc:43;-71.0;;;;-71.0;7.943282347242822e-11;0.00028;2.22411905722799e-14;1.5828897122879913e-12;25;0x00;39;VERT;False
1787665936.4320807;25.38385418500002;BLE Sniffer;Appareil BLE;2,4 GHz BLE;6d:d7:ea:08:d0:be;-71.0;;;;-71.0;7.943282347242822e-11;0.000352;2.796035386229473e-14;1.0864506393162873e-11;34;0x00;37;VERT;False
1787665936.4321203;25.383893704000002;BLE Sniffer;Appareil BLE;2,4 GHz BLE;6d:cb:ea:08:c8:be;-73.0;;;;-73.0;5.011872336272715e-11;0.000352;1.7641790623679955e-14;1.7641790623679955e-14;34;0x00;38;VERT;False
1787665936.4356413;25.387416581000252;BLE Sniffer;Appareil BLE;2,4 GHz BLE;6d:d7:ea:08:d0:be;-64.0;;;;-64.0;3.9810717055349694e-10;0.000352;1.4013372403483091e-13;1.1004640117197704e-11;34;0x00;39;ORANGE;False
1787665936.499972;25.451556746999813;Simulation RF;Détection RF large bande;868 MHz;868 MHz;;2707;2.1812924704759995;-43.25169881903997;-76.25169881903997;2.3704462826441895e-11;0.1;2.37044628264419e-12;3.7537368346242135e-09;;;;VERT;True
1787665936.5001216;25.451556746999813;Simulation RF;Détection RF large bande;2,45 GHz;2,45 GHz;;2918;2.3512492030740613;-50.049968122962454;-66.74996812296246;2.1135045528167825e-10;0.1;2.1135045528167827e-11;1.3789506373482796e-08;;;;ORANGE;True
1787665936.5087066;25.46048159900056;Wi-Fi;Wi-Fi;2,4/5 GHz;wlan0;-52.0;;;;-52.0;6.309573444801943e-09;0.1;6.309573444801943e-10;2.7272252085036306e-07;;;;ORANGE;False
1787665936.540728;25.49250279199987;BLE Sniffer;iBeacon;2,4 GHz BLE;46:de:6e:42:28:32;-70.0;;;;-70.0;1e-10;0.000368;3.68e-14;1.0985737206376157e-11;36;0x00;37;ORANGE;False
1787665936.5430784;25.494854192000275;BLE Sniffer;iBeacon;2,4 GHz BLE;46:de:6e:42:28:32;-74.0;;;;-74.0;3.9810717055349695e-11;0.000368;1.4650343876368688e-14;1.1000387550252526e-11;36;0x00;38;VERT;False
1787665936.6000571;25.55164202600008;Simulation RF;Détection RF large bande;868 MHz;868 MHz;;2816;2.26896280898865;-46.758512359546;-79.758512359546;1.0571795754708989e-11;0.1;1.057179575470899e-12;3.754794014199684e-09;;;;VERT;True
1787665936.6002038;25.55164202600008;Simulation RF;Détection RF large bande;2,45 GHz;2,45 GHz;;2889;2.3283505857647286;-49.13402343058914;-65.83402343058914;2.609742492653942e-10;0.1;2.6097424926539423e-11;1.3815603798409336e-08;;;;ORANGE;True
1787665936.6090906;25.560865751000165;Wi-Fi;Wi-Fi;2,4/5 GHz;wlan0;-52.0;;;;-52.0;6.309573444801943e-09;0.1;6.309573444801943e-10;2.7335347819484327e-07;;;;ORANGE;False
1787665936.6470063;25.598781499000324;BLE Sniffer;Appareil BLE;2,4 GHz BLE;57:10:3b:9d:cc:43;-72.0;;;;-72.0;6.309573444801942e-11;0.00028;1.7666805645445437e-14;1.6005565179334368e-12;25;0x00;39;VERT;False
1787665936.6493266;25.601102083000114;BLE Sniffer;Appareil BLE;2,4 GHz BLE;6d:d7:ea:08:d0:be;-71.0;;;;-71.0;7.943282347242822e-11;0.000352;2.796035386229473e-14;1.1032600471059999e-11;34;0x00;37;VERT;False
1787665936.7001636;25.651732766999885;Simulation RF;Détection RF large bande;868 MHz;868 MHz;;2735;2.2037005555560962;-44.14802222224385;-77.14802222224385;1.928402908245044e-11;0.1;1.928402908245044e-12;3.756722417107929e-09;;;;VERT;True
1787665936.7003224;25.651732766999885;Simulation RF;Détection RF large bande;2,45 GHz;2,45 GHz;;2943;2.3714195784166607;-50.85678313666642;-67.55678313666643;1.755180100194981e-10;0.1;1.7551801001949813e-11;1.3833155599411286e-08;;;;ORANGE;True
1787665936.7089143;25.660689545000423;Wi-Fi;Wi-Fi;2,4/5 GHz;wlan0;-52.0;;;;-52.0;6.309573444801943e-09;0.1;6.309573444801943e-10;2.7398443553932347e-07;;;;ORANGE;False
1787665936.8001738;25.75180963799994;Simulation RF;Détection RF large bande;868 MHz;868 MHz;;2862;2.306052191468655;-48.242087658746186;-81.24208765874619;7.51261674824206e-12;0.1;7.512616748242061e-13;3.757473678782753e-09;;;;VERT;True
1787665936.8003254;25.75180963799994;Simulation RF;Détection RF large bande;2,45 GHz;2,45 GHz;;2893;2.3312621135778446;-49.250484543113785;-65.95048454311379;2.5406892245940016e-10;0.1;2.5406892245940017e-11;1.3858562491657226e-08;;;;ORANGE;True
1787665936.808951;25.760725396000453;Wi-Fi;Wi-Fi;2,4/5 GHz;wlan0;-52.0;;;;-52.0;6.309573444801943e-09;0.1;6.309573444801943e-10;2.7461539288380367e-07;;;;ORANGE;False
1787665936.8608072;25.812583243000518;BLE Sniffer;Appareil BLE;2,4 GHz BLE;57:10:3b:9d:cc:43;-75.0;;;;-75.0;3.1622776601683794e-11;0.00028;8.854377448471461e-15;1.6094108953819082e-12;25;0x00;38;VERT;False
1787665936.9003108;25.851894397999786;Simulation RF;Détection RF large bande;868 MHz;868 MHz;;2734;2.2032857775144;-44.13143110057601;-77.13143110057601;1.9357839733287168e-11;0.1;1.935783973328717e-12;3.759409462756082e-09;;;;VERT;True
1787665936.900495;25.851894397999786;Simulation RF;Détection RF large bande;2,45 GHz;2,45 GHz;;2947;2.3745092370637937;-50.98036948255174;-67.68036948255174;1.7059372476562124e-10;0.1;1.7059372476562125e-11;1.387562186413379e-08;;;;ORANGE;True
1787665936.9090564;25.86083091599994;Wi-Fi;Wi-Fi;2,4/5 GHz;wlan0;-52.0;;;;-52.0;6.309573444801943e-09;0.1;6.309573444801943e-10;2.752463502282839e-07;;;;ORANGE;False
1787665936.9628792;25.914653787000134;BLE Sniffer;Appareil BLE;2,4 GHz BLE;57:10:3b:9d:cc:43;-72.0;;;;-72.0;6.309573444801942e-11;0.00028;1.7666805645445437e-14;1.6270777010273537e-12;25;0x00;39;VERT;False
1787665936.9629595;25.91473301000042;BLE Sniffer;Appareil BLE;2,4 GHz BLE;6d:d7:ea:08:d0:be;-71.0;;;;-71.0;7.943282347242822e-11;0.000352;2.796035386229473e-14;1.1060560824922293e-11;34;0x00;37;VERT;False
1787665936.9664521;25.918228182999883;BLE Sniffer;Appareil BLE;2,4 GHz BLE;6d:d7:ea:08:d0:be;-73.0;;;;-73.0;5.011872336272715e-11;0.000352;1.7641790623679955e-14;1.1078202615545973e-11;34;0x00;38;VERT;False
1787665936.9665377;25.91831124000055;BLE Sniffer;Appareil BLE;2,4 GHz BLE;6d:d7:ea:08:d0:be;-63.0;;;;-63.0;5.011872336272714e-10;0.000352;1.7641790623679954e-13;1.1254620521782772e-11;34;0x00;39;ORANGE;False
1787665937.000352;25.95196863900037;Simulation RF;Détection RF large bande;868 MHz;868 MHz;;2800;2.25658333741953;-46.2633334967812;-79.2633334967812;1.1848589416056441e-11;0.1;1.1848589416056442e-12;3.760594321697687e-09;;;;VERT;True
1787665937.0004988;25.95196863900037;Simulation RF;Détection RF large bande;2,45 GHz;2,45 GHz;;2924;2.356383154172039;-50.255326166881545;-66.95532616688155;2.0158925660045122e-10;0.1;2.0158925660045123e-11;1.3895780789793834e-08;;;;ORANGE;True
1787665937.009081;25.960855803999948;Wi-Fi;Wi-Fi;2,4/5 GHz;wlan0;-52.0;;;;-52.0;6.309573444801943e-09;0.1;6.309573444801943e-10;2.758773075727641e-07;;;;ORANGE;False
1787665937.0716915;26.023466433000067;Simulation LoRa;LoRa;868 MHz;LoRa 868.100 MHz;-88.86208027213716;;;;-88.86208027213716;1.2995469454682574e-12;0.046335999999999995;6.021580726521717e-14;2.3468661931404076e-12;13;"SNR=5.93;SF=7;BW=125.0;CR=4/5;F=868.100;CRC=OK;PAYLOAD=54454d504f5f4c4f52415f3235";7;VERT;True
1787665937.0751796;26.026955365000504;BLE Sniffer;iBeacon;2,4 GHz BLE;46:de:6e:42:28:32;-70.0;;;;-70.0;1e-10;0.000368;3.68e-14;1.1037187550252526e-11;36;0x00;37;ORANGE;False
1787665937.0752676;26.02704118099973;BLE Sniffer;iBeacon;2,4 GHz BLE;46:de:6e:42:28:32;-75.0;;;;-75.0;3.1622776601683794e-11;0.000368;1.1637181789419636e-14;1.1048824732041946e-11;36;0x00;38;VERT;False
1787665937.075307;26.027080515000307;BLE Sniffer;iBeacon;2,4 GHz BLE;46:de:6e:42:28:32;-62.0;;;;-62.0;6.309573444801942e-10;0.000368;2.321923027687115e-13;1.1281017034810658e-11;36;0x00;39;ORANGE;False
1787665937.1010919;26.05210025100041;Simulation RF;Détection RF large bande;868 MHz;868 MHz;;2818;2.270865244803923;-46.834609792156925;-79.83460979215693;1.0388169345561244e-11;0.1;1.0388169345561244e-12;3.7616331386322435e-09;;;;VERT;True
1787665937.1013763;26.05210025100041;Simulation RF;Détection RF large bande;2,45 GHz;2,45 GHz;;2893;2.3311331731314193;-49.24532692525676;-65.94532692525677;2.5437083023727795e-10;0.1;2.5437083023727796e-11;1.3921217872817562e-08;;;;ORANGE;True
1787665937.111614;26.06338835400038;Wi-Fi;Wi-Fi;2,4/5 GHz;wlan0;-52.0;;;;-52.0;6.309573444801943e-09;0.1;6.309573444801943e-10;2.765082649172443e-07;;;;ORANGE;False
1787665937.180591;26.132366709000053;BLE Sniffer;Appareil BLE;2,4 GHz BLE;57:10:3b:9d:cc:43;-85.0;;;;-85.0;3.1622776601683794e-12;0.00028;8.854377448471461e-16;1.6279631387722008e-12;25;0x00;37;VERT;False
1787665937.1853714;26.137147991000347;BLE Sniffer;Appareil BLE;2,4 GHz BLE;57:10:3b:9d:cc:43;-72.0;;;;-72.0;6.309573444801942e-11;0.00028;1.7666805645445437e-14;1.6456299444176463e-12;25;0x00;38;VERT;False
1787665937.185484;26.137257825999768;BLE Sniffer;Appareil BLE;2,4 GHz BLE;57:10:3b:9d:cc:43;-72.0;;;;-72.0;6.309573444801942e-11;0.00028;1.7666805645445437e-14;1.6632967500630918e-12;25;0x00;39;VERT;False
1787665937.185542;26.137315752000177;BLE Sniffer;Appareil BLE;2,4 GHz BLE;6d:d7:ea:08:d0:be;-71.0;;;;-71.0;7.943282347242822e-11;0.000352;2.796035386229473e-14;1.1282580875645067e-11;34;0x00;37;VERT;False
1787665937.2006142;26.15216784400036;Simulation RF;Détection RF large bande;868 MHz;868 MHz;;2766;2.228644393749398;-45.145775749975925;-78.14577574997593;1.5325774282835108e-11;0.1;1.5325774282835109e-12;3.7631657160605274e-09;;;;VERT;True
1787665937.20081;26.15216784400036;Simulation RF;Détection RF large bande;2,45 GHz;2,45 GHz;;2894;2.332118394456018;-49.284735778240716;-65.98473577824072;2.520730534476483e-10;0.1;2.5207305344764832e-11;1.3946425178162327e-08;;;;ORANGE;True
1787665937.210743;26.16251899100007;Wi-Fi;Wi-Fi;2,4/5 GHz;wlan0;-52.0;;;;-52.0;6.309573444801943e-09;0.1;6.309573444801943e-10;2.771392222617245e-07;;;;ORANGE;False
1787665937.2978072;26.249581699999908;BLE Sniffer;Appareil BLE;2,4 GHz BLE;6d:d7:ea:08:d0:be;-73.0;;;;-73.0;5.011872336272715e-11;0.000352;1.7641790623679955e-14;1.1300222666268746e-11;34;0x00;38;VERT;False
1787665937.3013837;26.253158188999805;BLE Sniffer;Appareil BLE;2,4 GHz BLE;6d:d7:ea:08:d0:be;-64.0;;;;-64.0;3.9810717055349694e-10;0.000352;1.4013372403483091e-13;1.1440356390303577e-11;34;0x00;39;ORANGE;False
1787665937.3014688;26.25324235700009;BLE Sniffer;Appareil BLE;2,4 GHz BLE;d3:23:2f:4d:3e:b1;-71.0;;;;-71.0;7.943282347242822e-11;0.000376;2.986674162563301e-14;4.461520750762534e-13;37;0x00;37;VERT;False
1787665937.3015084;26.253281893999883;BLE Sniffer;Appareil BLE;2,4 GHz BLE;d3:23:2f:4d:3e:b1;-73.0;;;;-73.0;5.011872336272715e-11;0.000376;1.8844639984385406e-14;4.649967150606388e-13;37;0x00;38;VERT;False
1787665937.3068147;26.25226725199991;Simulation RF;Détection RF large bande;868 MHz;868 MHz;;2731;2.2010539894167325;-44.04215957666929;-77.04215957666929;1.9759868147808357e-11;0.1;1.975986814780836e-12;3.7651417028753086e-09;;;;VERT;True
1787665937.3193047;26.25226725199991;Simulation RF;Détection RF large bande;2,45 GHz;2,45 GHz;;2943;2.3716935024103027;-50.867740096412106;-67.56774009641211;1.7507574793519338e-10;0.1;1.750757479351934e-11;1.3963932752955847e-08;;;;ORANGE;True
1787665937.3295853;26.281360076000055;Wi-Fi;Wi-Fi;2,4/5 GHz;wlan0;-52.0;;;;-52.0;6.309573444801943e-09;0.1;6.309573444801943e-10;2.777701796062047e-07;;;;ORANGE;False
1787665937.4007504;26.35234365999986;Simulation RF;Détection RF large bande;868 MHz;868 MHz;;2773;2.234950971133768;-45.39803884535071;-78.39803884535071;1.4460926390609768e-11;0.1;1.446092639060977e-12;3.766587795514369e-09;;;;VERT;True
1787665937.4008913;26.35234365999986;Simulation RF;Détection RF large bande;2,45 GHz;2,45 GHz;;2919;2.3524592012923367;-50.098368051693456;-66.79836805169346;2.0900813731543678e-10;0.1;2.090081373154368e-11;1.3984833566687391e-08;;;;ORANGE;True
1787665937.406922;26.358698720000575;BLE Sniffer;Appareil BLE;2,4 GHz BLE;d3:23:2f:4d:3e:b1;-85.0;;;;-85.0;3.1622776601683794e-12;0.000376;1.1890164002233105e-15;4.661857314608621e-13;37;0x00;39;VERT;False
1787665937.4094503;26.36122576999969;BLE Sniffer;iBeacon;2,4 GHz BLE;46:de:6e:42:28:32;-70.0;;;;-70.0;1e-10;0.000368;3.68e-14;1.1317817034810658e-11;36;0x00;37;ORANGE;False
1787665937.4107072;26.36248252600035;BLE Sniffer;iBeacon;2,4 GHz BLE;46:de:6e:42:28:32;-74.0;;;;-74.0;3.9810717055349695e-11;0.000368;1.4650343876368688e-14;1.1332467378687026e-11;36;0x00;38;VERT;False
1787665937.410793;26.36256684199998;BLE Sniffer;iBeacon;2,4 GHz BLE;46:de:6e:42:28:32;-63.0;;;;-63.0;5.011872336272714e-10;0.000368;1.8443690197483588e-13;1.1516904280661862e-11;36;0x00;39;ORANGE;False
1787665937.4196043;26.37138041399976;Wi-Fi;Wi-Fi;2,4/5 GHz;wlan0;-52.0;;;;-52.0;6.309573444801943e-09;0.1;6.309573444801943e-10;2.784011369506849e-07;;;;ORANGE;False
1787665937.506197;26.452466920000006;Simulation RF;Détection RF large bande;868 MHz;868 MHz;;2846;2.2932249529367024;-47.728998117468095;-80.7289981174681;8.454738667033735e-12;0.1;8.454738667033736e-13;3.7674332693810724e-09;;;;VERT;True
1787665937.5169344;26.452466920000006;Simulation RF;Détection RF large bande;2,45 GHz;2,45 GHz;;2938;2.3679610545986183;-50.71844218394473;-67.41844218394473;1.8119899375830184e-10;0.1;1.8119899375830184e-11;1.4002953466063221e-08;;;;ORANGE;True
1787665937.5223045;26.474082873000043;BLE Sniffer;Appareil BLE;2,4 GHz BLE;57:10:3b:9d:cc:43;-85.0;;;;-85.0;3.1622776601683794e-12;0.00028;8.854377448471461e-16;1.664182187807939e-12;25;0x00;37;VERT;False
1787665937.5224707;26.47424402300021;BLE Sniffer;Appareil BLE;2,4 GHz BLE;57:10:3b:9d:cc:43;-73.0;;;;-73.0;5.011872336272715e-11;0.00028;1.40332425415636e-14;1.6782154303495025e-12;25;0x00;38;VERT;False
1787665937.5225172;26.47429065400047;BLE Sniffer;Appareil BLE;2,4 GHz BLE;57:10:3b:9d:cc:43;-72.0;;;;-72.0;6.309573444801942e-11;0.00028;1.7666805645445437e-14;1.695882235994948e-12;25;0x00;39;VERT;False
1787665937.5303195;26.48209521300032;BLE Sniffer;Appareil BLE;2,4 GHz BLE;6d:d7:ea:08:d0:be;-72.0;;;;-72.0;6.309573444801942e-11;0.000352;2.2209698525702838e-14;1.1462566088829281e-11;34;0x00;37;VERT;False
1787665937.5320356;26.483811864000018;Wi-Fi;Wi-Fi;2,4/5 GHz;wlan0;-52.0;;;;-52.0;6.309573444801943e-09;0.1;6.309573444801943e-10;2.790320942951651e-07;;;;ORANGE;False
1787665937.6009555;26.552546161000464;Simulation RF;Détection RF large bande;868 MHz;868 MHz;;2744;2.2111442272800708;-44.445769091202834;-77.44576909120283;1.8006242340312912e-11;0.1;1.8006242340312913e-12;3.7692338936151035e-09;;;;VERT;True
1787665937.6010964;26.552546161000464;Simulation RF;Détection RF large bande;2,45 GHz;2,45 GHz;;2897;2.3348180908851077;-49.39272363540431;-66.09272363540431;2.4588250923833715e-10;0.1;2.4588250923833717e-11;1.4027541716987055e-08;;;;ORANGE;True
1787665937.6097093;26.561484161000408;Wi-Fi;Wi-Fi;2,4/5 GHz;wlan0;-52.0;;;;-52.0;6.309573444801943e-09;0.1;6.309573444801943e-10;2.796630516396453e-07;;;;ORANGE;False
1787665937.633201;26.58497652599999;BLE Sniffer;iBeacon;2,4 GHz BLE;46:de:6e:42:28:32;-73.0;;;;-73.0;5.011872336272715e-11;0.000368;1.844369019748359e-14;1.1535347970859346e-11;36;0x00;38;VERT;False
1787665937.6332896;26.585063102000277;BLE Sniffer;iBeacon;2,4 GHz BLE;46:de:6e:42:28:32;-64.0;;;;-64.0;3.9810717055349694e-10;0.000368;1.4650343876368688e-13;1.1681851409623033e-11;36;0x00;39;ORANGE;False
1787665937.7010722;26.652637254000183;Simulation RF;Détection RF large bande;868 MHz;868 MHz;;2690;2.1676584122586866;-42.70633649034747;-75.70633649034747;2.6876106351283337e-11;0.1;2.687610635128334e-12;3.771921504250232e-09;;;;VERT;True
1787665937.701233;26.652637254000183;Simulation RF;Détection RF large bande;2,45 GHz;2,45 GHz;;2927;2.35851554970838;-50.34062198833519;-67.04062198833519;1.976686522536945e-10;0.1;1.976686522536945e-11;1.4047308582212425e-08;;;;ORANGE;True
1787665937.7159557;26.667730275000395;Wi-Fi;Wi-Fi;2,4/5 GHz;wlan0;-52.0;;;;-52.0;6.309573444801943e-09;0.1;6.309573444801943e-10;2.802940089841255e-07;;;;ORANGE;False
1787665937.739715;26.691490365999925;BLE Sniffer;Appareil BLE;2,4 GHz BLE;57:10:3b:9d:cc:43;-81.0;;;;-81.0;7.943282347242821e-12;0.00028;2.22411905722799e-15;1.698106355052176e-12;25;0x00;37;VERT;False
1787665937.8011143;26.75271745900045;Simulation RF;Détection RF large bande;868 MHz;868 MHz;;2789;2.2478098260902413;-45.91239304360964;-78.91239304360964;1.2845786381024716e-11;0.1;1.2845786381024716e-12;3.773206082888334e-09;;;;VERT;True
1787665937.8012617;26.75271745900045;Simulation RF;Détection RF large bande;2,45 GHz;2,45 GHz;;2977;2.3991285315020523;-51.96514126008209;-68.6651412600821;1.3598339321499057e-10;0.1;1.3598339321499057e-11;1.4060906921533924e-08;;;;ORANGE;True
1787665937.809722;26.761496993000037;Wi-Fi;Wi-Fi;2,4/5 GHz;wlan0;-52.0;;;;-52.0;6.309573444801943e-09;0.1;6.309573444801943e-10;2.809249663286057e-07;;;;ORANGE;False
1787665937.845164;26.796938876999775;BLE Sniffer;Appareil BLE;2,4 GHz BLE;6d:d7:ea:08:d0:be;-73.0;;;;-73.0;5.011872336272715e-11;0.000352;1.7641790623679955e-14;1.148020787945296e-11;34;0x00;38;VERT;False
1787665937.8452382;26.79701161899993;BLE Sniffer;Appareil BLE;2,4 GHz BLE;6d:d7:ea:08:d0:be;-63.0;;;;-63.0;5.011872336272714e-10;0.000352;1.7641790623679954e-13;1.165662578568976e-11;34;0x00;39;ORANGE;False
1787665937.8515317;26.803307789999963;BLE Sniffer;iBeacon;2,4 GHz BLE;46:de:6e:42:28:32;-71.0;;;;-71.0;7.943282347242822e-11;0.000368;2.923127903785358e-14;1.1711082688660886e-11;36;0x00;37;VERT;False
1787665937.901201;26.852795237000464;Simulation RF;Détection RF large bande;868 MHz;868 MHz;;2797;2.2536296371504134;-46.14518548601653;-79.14518548601653;1.2175349911395807e-11;0.1;1.2175349911395808e-12;3.774423617879474e-09;;;;VERT;True
1787665937.901334;26.852795237000464;Simulation RF;Détection RF large bande;2,45 GHz;2,45 GHz;;2882;2.3224285048572715;-48.897140194290856;-65.59714019429086;2.7560429453337513e-10;0.1;2.7560429453337513e-11;1.4088467350987263e-08;;;;ORANGE;True
1787665937.9099987;26.86177283000052;Wi-Fi;Wi-Fi;2,4/5 GHz;wlan0;-52.0;;;;-52.0;6.309573444801943e-09;0.1;6.309573444801943e-10;2.815559236730859e-07;;;;ORANGE;False
1787665937.9534616;26.905237275999752;BLE Sniffer;iBeacon;2,4 GHz BLE;46:de:6e:42:28:32;-73.0;;;;-73.0;5.011872336272715e-11;0.000368;1.844369019748359e-14;1.172952637885837e-11;36;0x00;38;VERT;False
1787665937.953539;26.90531227700012;BLE Sniffer;iBeacon;2,4 GHz BLE;46:de:6e:42:28:32;-64.0;;;;-64.0;3.9810717055349694e-10;0.000368;1.4650343876368688e-13;1.1876029817622056e-11;36;0x00;39;ORANGE;False
1787665937.9574356;26.90921134400014;BLE Sniffer;Appareil BLE;2,4 GHz BLE;57:10:3b:9d:cc:43;-77.0;;;;-77.0;1.9952623149688828e-11;0.00028;5.586734481912872e-15;1.703693089534089e-12;25;0x00;37;VERT;False
1787665938.00128;26.95287179299976;Simulation RF;Détection RF large bande;868 MHz;868 MHz;;2768;2.23024603947433;-45.20984157897321;-78.20984157897321;1.5101352395547852e-11;0.1;1.5101352395547852e-12;3.775933753119029e-09;;;;VERT;True
1787665938.0014203;26.95287179299976;Simulation RF;Détection RF large bande;2,45 GHz;2,45 GHz;;2973;2.3960234433743572;-51.84093773497429;-68.54093773497429;1.399285154261799e-10;0.1;1.399285154261799e-11;1.4102460202529881e-08;;;;ORANGE;True
1787665938.00992;26.961694753999836;Wi-Fi;Wi-Fi;2,4/5 GHz;wlan0;-52.0;;;;-52.0;6.309573444801943e-09;0.1;6.309573444801943e-10;2.821868810175661e-07;;;;ORANGE;False
1787665938.0617096;27.013484803999745;BLE Sniffer;Appareil BLE;2,4 GHz BLE;57:10:3b:9d:cc:43;-76.0;;;;-76.0;2.5118864315095823e-11;0.00028;7.03328200822683e-15;1.7107263715423158e-12;25;0x00;38;VERT;False
1787665938.0618262;27.013600009000584;Simulation LoRa;LoRa;868 MHz;LoRa 868.100 MHz;-81.87437317099682;;;;-81.87437317099682;6.494753653523889e-12;0.046335999999999995;3.009409052896829e-13;2.6478070984300905e-12;13;"SNR=7.96;SF=7;BW=125.0;CR=4/5;F=868.100;CRC=OK;PAYLOAD=54454d504f5f4c4f52415f3236";7;VERT;True
1787665938.061869;27.013642306000293;BLE Sniffer;Appareil BLE;2,4 GHz BLE;57:10:3b:9d:cc:43;-72.0;;;;-72.0;6.309573444801942e-11;0.00028;1.7666805645445437e-14;1.7283931771877613e-12;25;0x00;39;VERT;False
1787665938.0656703;27.017446759999984;BLE Sniffer;Appareil BLE;2,4 GHz BLE;6d:d7:ea:08:d0:be;-71.0;;;;-71.0;7.943282347242822e-11;0.000352;2.796035386229473e-14;1.1684586139552054e-11;34;0x00;37;VERT;False
1787665938.1013412;27.0529468120003;Simulation RF;Détection RF large bande;868 MHz;868 MHz;;2766;2.2287007831906354;-45.148031327625404;-78.1480313276254;1.5317816664195427e-11;0.1;1.5317816664195427e-12;3.777465534785449e-09;;;;VERT;True
1787665938.1014764;27.0529468120003;Simulation RF;Détection RF large bande;2,45 GHz;2,45 GHz;;2882;2.3228220201759835;-48.91288080703934;-65.61288080703935;2.746071995967621e-10;0.1;2.7460719959676212e-11;1.4129920922489558e-08;;;;ORANGE;True
1787665938.110028;27.061803458999748;Wi-Fi;Wi-Fi;2,4/5 GHz;wlan0;-52.0;;;;-52.0;6.309573444801943e-09;0.1;6.309573444801943e-10;2.828178383620463e-07;;;;ORANGE;False
1787665938.1716547;27.12342942699979;BLE Sniffer;Appareil BLE;2,4 GHz BLE;6d:d7:ea:08:d0:be;-73.0;;;;-73.0;5.011872336272715e-11;0.000352;1.7641790623679955e-14;1.1702227930175734e-11;34;0x00;38;VERT;False
1787665938.171732;27.123505630999716;BLE Sniffer;Appareil BLE;2,4 GHz BLE;6d:d7:ea:08:d0:be;-64.0;;;;-64.0;3.9810717055349694e-10;0.000352;1.4013372403483091e-13;1.1842361654210565e-11;34;0x00;39;ORANGE;False
1787665938.1754997;27.1272751409997;BLE Sniffer;iBeacon;2,4 GHz BLE;46:de:6e:42:28:32;-70.0;;;;-70.0;1e-10;0.000368;3.68e-14;1.1912829817622056e-11;36;0x00;37;ORANGE;False
1787665938.179905;27.13168069600033;BLE Sniffer;iBeacon;2,4 GHz BLE;46:de:6e:42:28:32;-73.0;;;;-73.0;5.011872336272715e-11;0.000368;1.844369019748359e-14;1.193127350781954e-11;36;0x00;38;VERT;False
1787665938.2014217;27.15302614600023;Simulation RF;Détection RF large bande;868 MHz;868 MHz;;2734;2.203616152842899;-44.144646113715964;-77.14464611371596;1.9299025885285443e-11;0.1;1.9299025885285445e-12;3.779395437373977e-09;;;;VERT;True
1787665938.2015634;27.15302614600023;Simulation RF;Détection RF large bande;2,45 GHz;2,45 GHz;;2919;2.3524257167527507;-50.09702867011002;-66.79702867011002;2.0907260620315633e-10;0.1;2.0907260620315634e-11;1.4150828183109874e-08;;;;ORANGE;True
1787665938.2100723;27.161846810000497;Wi-Fi;Wi-Fi;2,4/5 GHz;wlan0;-52.0;;;;-52.0;6.309573444801943e-09;0.1;6.309573444801943e-10;2.834487957065265e-07;;;;ORANGE;False
1787665938.2818346;27.233609515000353;BLE Sniffer;iBeacon;2,4 GHz BLE;46:de:6e:42:28:32;-64.0;;;;-64.0;3.9810717055349694e-10;0.000368;1.4650343876368688e-13;1.2077776946583227e-11;36;0x00;39;ORANGE;False
1787665938.2855499;27.23732589500014;BLE Sniffer;Appareil BLE;2,4 GHz BLE;57:10:3b:9d:cc:43;-77.0;;;;-77.0;1.9952623149688828e-11;0.00028;5.586734481912872e-15;1.7339799116696742e-12;25;0x00;37;VERT;False
1787665938.2856398;27.23741326599975;BLE Sniffer;Appareil BLE;2,4 GHz BLE;57:10:3b:9d:cc:43;-76.0;;;;-76.0;2.5118864315095823e-11;0.00028;7.03328200822683e-15;1.741013193677901e-12;25;0x00;38;VERT;False
1787665938.2856793;27.237452784999732;BLE Sniffer;Appareil BLE;2,4 GHz BLE;57:10:3b:9d:cc:43;-72.0;;;;-72.0;6.309573444801942e-11;0.00028;1.7666805645445437e-14;1.7586799993233466e-12;25;0x00;39;VERT;False
1787665938.3014846;27.253106367999862;Simulation RF;Détection RF large bande;868 MHz;868 MHz;;2720;2.1920979815202988;-43.68391926081195;-76.68391926081195;2.1458930535646963e-11;0.1;2.1458930535646965e-12;3.781541330427542e-09;;;;VERT;True
1787665938.3016286;27.253106367999862;Simulation RF;Détection RF large bande;2,45 GHz;2,45 GHz;;2980;2.4010856866722237;-52.04342746688894;-68.74342746688895;1.3355410869327327e-10;0.1;1.3355410869327327e-11;1.4164183593979201e-08;;;;ORANGE;True
1787665938.3101811;27.26195571900007;Wi-Fi;Wi-Fi;2,4/5 GHz;wlan0;-52.0;;;;-52.0;6.309573444801943e-09;0.1;6.309573444801943e-10;2.8407975305100673e-07;;;;ORANGE;False
1787665938.3949301;27.34670595500029;BLE Sniffer;Appareil BLE;2,4 GHz BLE;6d:d7:ea:08:d0:be;-71.0;;;;-71.0;7.943282347242822e-11;0.000352;2.796035386229473e-14;1.187032200807286e-11;34;0x00;37;VERT;False
1787665938.3950222;27.3467955670003;BLE Sniffer;Appareil BLE;2,4 GHz BLE;6d:d7:ea:08:d0:be;-72.0;;;;-72.0;6.309573444801942e-11;0.000352;2.2209698525702838e-14;1.1892531706598563e-11;34;0x00;38;VERT;False
1787665938.3950636;27.346836900999733;BLE Sniffer;Appareil BLE;2,4 GHz BLE;6d:d7:ea:08:d0:be;-64.0;;;;-64.0;3.9810717055349694e-10;0.000352;1.4013372403483091e-13;1.2032665430633395e-11;34;0x00;39;ORANGE;False
1787665938.4015567;27.353188480000426;Simulation RF;Détection RF large bande;868 MHz;868 MHz;;2815;2.2688952757286738;-46.75581102914694;-79.75581102914694;1.0578373502723203e-11;0.1;1.0578373502723203e-12;3.782599167777814e-09;;;;VERT;True
1787665938.4017074;27.353188480000426;Simulation RF;Détection RF large bande;2,45 GHz;2,45 GHz;;2942;2.370705037499955;-50.8282014999982;-67.5282014999982;1.7667693235982774e-10;0.1;1.7667693235982775e-11;1.4181851287215184e-08;;;;ORANGE;True
1787665938.4103909;27.362165110000205;Wi-Fi;Wi-Fi;2,4/5 GHz;wlan0;-52.0;;;;-52.0;6.309573444801943e-09;0.1;6.309573444801943e-10;2.8471071039548693e-07;;;;ORANGE;False
1787665938.5030713;27.454846536999867;BLE Sniffer;iBeacon;2,4 GHz BLE;46:de:6e:42:28:32;-69.0;;;;-69.0;1.2589254117941662e-10;0.000368;4.6328455154025316e-14;1.2124105401737253e-11;36;0x00;37;ORANGE;False
1787665938.503163;27.454936594000173;BLE Sniffer;iBeacon;2,4 GHz BLE;46:de:6e:42:28:32;-72.0;;;;-72.0;6.309573444801942e-11;0.000368;2.3219230276871148e-14;1.2147324632014124e-11;36;0x00;38;VERT;False
1787665938.506163;27.45793855700049;BLE Sniffer;iBeacon;2,4 GHz BLE;46:de:6e:42:28:32;-63.0;;;;-63.0;5.011872336272714e-10;0.000368;1.8443690197483588e-13;1.233176153398896e-11;36;0x00;39;ORANGE;False
1787665938.5080414;27.453308424999705;Simulation RF;Détection RF large bande;868 MHz;868 MHz;;2784;2.2437361643117013;-45.749446572468045;-78.74944657246805;1.3336913754922022e-11;0.1;1.3336913754922023e-12;3.783932859153306e-09;;;;VERT;True
1787665938.508195;27.453308424999705;Simulation RF;Détection RF large bande;2,45 GHz;2,45 GHz;;2932;2.363035610458411;-50.52142441833644;-67.22142441833644;1.8960839331832614e-10;0.1;1.8960839331832616e-11;1.4200812126547017e-08;;;;ORANGE;True
1787665938.5168576;27.46863204100009;Wi-Fi;Wi-Fi;2,4/5 GHz;wlan0;-52.0;;;;-52.0;6.309573444801943e-09;0.1;6.309573444801943e-10;2.8534166773996713e-07;;;;ORANGE;False
1787665938.6018174;27.553395259000354;Simulation RF;Détection RF large bande;868 MHz;868 MHz;;2841;2.2894656408645235;-47.578625634580945;-80.57862563458094;8.75260715826909e-12;0.1;8.752607158269091e-13;3.784808119869134e-09;;;;VERT;True
1787665938.601969;27.553395259000354;Simulation RF;Détection RF large bande;2,45 GHz;2,45 GHz;;2925;2.357225923196951;-50.28903692787803;-66.98903692787803;2.0003053992796338e-10;0.1;2.000305399279634e-11;1.4220815180539813e-08;;;;ORANGE;True
1787665938.6120608;27.563836350999736;BLE Sniffer;Appareil BLE;2,4 GHz BLE;57:10:3b:9d:cc:43;-77.0;;;;-77.0;1.9952623149688828e-11;0.00028;5.586734481912872e-15;1.7642667338052595e-12;25;0x00;37;VERT;False
1787665938.6169863;27.568762097999752;Wi-Fi;Wi-Fi;2,4/5 GHz;wlan0;-52.0;;;;-52.0;6.309573444801943e-09;0.1;6.309573444801943e-10;2.8597262508444734e-07;;;;ORANGE;False
1787665938.701888;27.653478352000093;Simulation RF;Détection RF large bande;868 MHz;868 MHz;;2776;2.237061959851366;-45.48247839405464;-78.48247839405464;1.4182479372846303e-11;0.1;1.4182479372846305e-12;3.7862263678064186e-09;;;;VERT;True
1787665938.7020762;27.653478352000093;Simulation RF;Détection RF large bande;2,45 GHz;2,45 GHz;;2950;2.377441096490495;-51.097643859619794;-67.7976438596198;1.6604875130797663e-10;0.1;1.6604875130797662e-11;1.423742005567061e-08;;;;ORANGE;True
1787665938.7106564;27.66243129600025;Wi-Fi;Wi-Fi;2,4/5 GHz;wlan0;-52.0;;;;-52.0;6.309573444801943e-09;0.1;6.309573444801943e-10;2.8660358242892754e-07;;;;ORANGE;False
1787665938.718501;27.670276374999958;BLE Sniffer;Appareil BLE;2,4 GHz BLE;6d:d7:ea:08:d0:be;-70.0;;;;-70.0;1e-10;0.000352;3.52e-14;1.2067865430633395e-11;34;0x00;38;ORANGE;False
1787665938.7185786;27.670352154000284;BLE Sniffer;Appareil BLE;2,4 GHz BLE;6d:d7:ea:08:d0:be;-64.0;;;;-64.0;3.9810717055349694e-10;0.000352;1.4013372403483091e-13;1.2207999154668227e-11;34;0x00;39;ORANGE;False
1787665938.7227876;27.674563614000363;BLE Sniffer;iBeacon;2,4 GHz BLE;46:de:6e:42:28:32;-71.0;;;;-71.0;7.943282347242822e-11;0.000368;2.923127903785358e-14;1.2360992813026813e-11;36;0x00;37;VERT;False
1787665938.801973;27.753558075;Simulation RF;Détection RF large bande;868 MHz;868 MHz;;2764;2.2272467100902067;-45.089868403608264;-78.08986840360826;1.552434049842933e-11;0.1;1.552434049842933e-12;3.7877788018562615e-09;;;;VERT;True
1787665938.8021219;27.753558075;Simulation RF;Détection RF large bande;2,45 GHz;2,45 GHz;;2940;2.369559806746419;-50.78239226985676;-67.48239226985676;1.7855037761420042e-10;0.1;1.7855037761420043e-11;1.425527509343203e-08;;;;ORANGE;True
1787665938.8107834;27.76255800099989;Wi-Fi;Wi-Fi;2,4/5 GHz;wlan0;-53.0;;;;-53.0;5.011872336272715e-09;0.1;5.011872336272715e-10;2.871047696625548e-07;;;;ORANGE;False
1787665938.8273797;27.77915381799994;BLE Sniffer;iBeacon;2,4 GHz BLE;46:de:6e:42:28:32;-69.0;;;;-69.0;1.2589254117941662e-10;0.000368;4.6328455154025316e-14;1.2407321268180839e-11;36;0x00;38;ORANGE;False
1787665938.8274398;27.779213392999736;BLE Sniffer;iBeacon;2,4 GHz BLE;46:de:6e:42:28:32;-63.0;;;;-63.0;5.011872336272714e-10;0.000368;1.8443690197483588e-13;1.2591758170155675e-11;36;0x00;39;ORANGE;False
1787665938.8301706;27.78194714900019;BLE Sniffer;Appareil BLE;2,4 GHz BLE;57:10:3b:9d:cc:43;-77.0;;;;-77.0;1.9952623149688828e-11;0.00028;5.586734481912872e-15;1.7698534682871724e-12;25;0x00;37;VERT;False
1787665938.9020445;27.8536380380001;Simulation RF;Détection RF large bande;868 MHz;868 MHz;;2719;2.1909691787059806;-43.638767148239225;-76.63876714823922;2.1683195483243188e-11;0.1;2.168319548324319e-12;3.7899471214045855e-09;;;;VERT;True
1787665938.9021888;27.8536380380001;Simulation RF;Détection RF large bande;2,45 GHz;2,45 GHz;;2926;2.3578960913374964;-50.315843653499854;-67.01584365349986;1.9879965878536006e-10;0.1;1.9879965878536007e-11;1.4275155059310566e-08;;;;ORANGE;True
1787665938.911821;27.863595476000228;Wi-Fi;Wi-Fi;2,4/5 GHz;wlan0;-53.0;;;;-53.0;5.011872336272715e-09;0.1;5.011872336272715e-10;2.8760595689618205e-07;;;;ORANGE;False
1787665938.9359267;27.887701257000117;BLE Sniffer;Appareil Apple BLE;2,4 GHz BLE;67:23:3b:9d:cc:43;-77.0;;;;-77.0;1.9952623149688828e-11;0.00028;5.586734481912872e-15;5.586734481912872e-15;25;0x00;38;VERT;False
1787665938.935988;27.88776153500021;BLE Sniffer;Appareil BLE;2,4 GHz BLE;57:10:3b:9d:cc:43;-70.0;;;;-70.0;1e-10;0.00028;2.7999999999999997e-14;1.7978534682871725e-12;25;0x00;39;ORANGE;False
1787665938.9389424;27.890719424000054;BLE Sniffer;Appareil BLE;2,4 GHz BLE;6d:d7:ea:08:d0:be;-69.0;;;;-69.0;1.2589254117941662e-10;0.000352;4.4314174495154645e-14;1.225231332916338e-11;34;0x00;37;ORANGE;False
1787665938.9430315;27.894807456000308;BLE Sniffer;Appareil BLE;2,4 GHz BLE;6d:d7:ea:08:d0:be;-72.0;;;;-72.0;6.309573444801942e-11;0.000352;2.2209698525702838e-14;1.2274523027689084e-11;34;0x00;38;VERT;False
1787665938.9459782;27.89775467799973;BLE Sniffer;Appareil BLE;2,4 GHz BLE;6d:d7:ea:08:d0:be;-64.0;;;;-64.0;3.9810717055349694e-10;0.000352;1.4013372403483091e-13;1.2414656751723916e-11;34;0x00;39;ORANGE;False
1787665939.0021276;27.953717723999944;Simulation RF;Détection RF large bande;868 MHz;868 MHz;;2804;2.2595570166237753;-46.38228066495101;-79.38228066495101;1.1528476894987508e-11;0.1;1.1528476894987508e-12;3.791099969094084e-09;;;;VERT;True
1787665939.0022824;27.953717723999944;Simulation RF;Détection RF large bande;2,45 GHz;2,45 GHz;;2968;2.391485493969652;-51.659419758786086;-68.35941975878609;1.4590091788711813e-10;0.1;1.4590091788711815e-11;1.4289745151099278e-08;;;;ORANGE;True
1787665939.0107052;27.9624795360005;Wi-Fi;Wi-Fi;2,4/5 GHz;wlan0;-52.0;;;;-52.0;6.309573444801943e-09;0.1;6.309573444801943e-10;2.8823691424066225e-07;;;;ORANGE;False
1787665939.0479014;27.99967638599992;Simulation LoRa;LoRa;868 MHz;LoRa 868.100 MHz;-88.74176754710813;;;;-88.74176754710813;1.3360516425290738e-12;0.046335999999999995;6.190728890822715e-14;2.7097143873383176e-12;13;"SNR=5.93;SF=7;BW=125.0;CR=4/5;F=868.100;CRC=OK;PAYLOAD=54454d504f5f4c4f52415f3237";7;VERT;True
1787665939.0517867;28.00356341600036;BLE Sniffer;iBeacon;2,4 GHz BLE;46:de:6e:42:28:32;-72.0;;;;-72.0;6.309573444801942e-11;0.000368;2.3219230276871148e-14;1.2614977400432546e-11;36;0x00;37;VERT;False
1787665939.0518777;28.003651658000308;BLE Sniffer;iBeacon;2,4 GHz BLE;46:de:6e:42:28:72;-77.0;;;;-77.0;1.9952623149688828e-11;0.000368;7.342565319085488e-15;7.342565319085488e-15;36;0x00;38;VERT;False
1787665939.1021924;28.05379531700055;Simulation RF;Détection RF large bande;868 MHz;868 MHz;;2865;2.308548545015229;-48.34194180060916;-81.34194180060916;7.341855285794106e-12;0.1;7.341855285794106e-13;3.7918341546226635e-09;;;;VERT;True
1787665939.102327;28.05379531700055;Simulation RF;Détection RF large bande;2,45 GHz;2,45 GHz;;2953;2.3797480136344693;-51.18992054537877;-67.88992054537877;1.6255784956038658e-10;0.1;1.625578495603866e-11;1.4306000936055317e-08;;;;ORANGE;True
1787665939.1107342;28.062508795000213;Wi-Fi;Wi-Fi;2,4/5 GHz;wlan0;-52.0;;;;-52.0;6.309573444801943e-09;0.1;6.309573444801943e-10;2.8886787158514245e-07;;;;ORANGE;False
1787665939.156326;28.108101083000292;BLE Sniffer;iBeacon;2,4 GHz BLE;46:de:6e:42:28:32;-64.0;;;;-64.0;3.9810717055349694e-10;0.000368;1.4650343876368688e-13;1.2761480839196233e-11;36;0x00;39;ORANGE;False
1787665939.1564236;28.108197194999775;BLE Sniffer;Appareil BLE;2,4 GHz BLE;57:10:3b:9d:cc:43;-77.0;;;;-77.0;1.9952623149688828e-11;0.00028;5.586734481912872e-15;1.8034402027690854e-12;25;0x00;37;VERT;False
1787665939.2022965;28.153879262000373;Simulation RF;Détection RF large bande;868 MHz;868 MHz;;2831;2.281656892422209;-47.26627569688836;-80.26627569688836;9.405295182559276e-12;0.1;9.405295182559276e-13;3.792774684140919e-09;;;;VERT;True
1787665939.2024553;28.153879262000373;Simulation RF;Détection RF large bande;2,45 GHz;2,45 GHz;;2971;2.394538257655032;-51.781530306201276;-68.48153030620128;1.4185575821174152e-10;0.1;1.4185575821174153e-11;1.432018651187649e-08;;;;ORANGE;True
1787665939.2109337;28.16270846400039;Wi-Fi;Wi-Fi;2,4/5 GHz;wlan0;-51.0;;;;-51.0;7.943282347242822e-09;0.1;7.943282347242823e-10;2.8966219981986675e-07;;;;ORANGE;False
1787665939.2633216;28.215096539000115;BLE Sniffer;Appareil BLE;2,4 GHz BLE;6d:d7:ea:08:d0:be;-77.0;;;;-77.0;1.9952623149688828e-11;0.000352;7.023323348690467e-15;1.2421680075072607e-11;34;0x00;38;VERT;False
1787665939.26742;28.21919673800039;BLE Sniffer;Appareil BLE;2,4 GHz BLE;6d:d7:ea:08:d0:be;-64.0;;;;-64.0;3.9810717055349694e-10;0.000352;1.4013372403483091e-13;1.2561813799107438e-11;34;0x00;39;ORANGE;False
1787665939.3023415;28.25395746600043;Simulation RF;Détection RF large bande;868 MHz;868 MHz;;2738;2.2067466106311393;-44.26986442524557;-77.26986442524557;1.8750530411361897e-11;0.1;1.8750530411361898e-12;3.794649737182055e-09;;;;VERT;True
1787665939.3024821;28.25395746600043;Simulation RF;Détection RF large bande;2,45 GHz;2,45 GHz;;2898;2.3355293799660064;-49.421175198640256;-66.12117519864026;2.442769451090718e-10;0.1;2.4427694510907184e-11;1.4344614206387398e-08;;;;ORANGE;True
1787665939.3109741;28.262748834000377;Wi-Fi;Wi-Fi;2,4/5 GHz;wlan0;-51.0;;;;-51.0;7.943282347242822e-09;0.1;7.943282347242823e-10;2.9045652805459104e-07;;;;ORANGE;False
1787665939.3706634;28.32243853700038;BLE Sniffer;Appareil BLE;2,4 GHz BLE;d3:23:2f:4d:3e:b1;-71.0;;;;-71.0;7.943282347242822e-11;0.000376;2.986674162563301e-14;4.960524730864951e-13;37;0x00;37;VERT;False
1787665939.3733077;28.325083292000272;BLE Sniffer;Appareil BLE;2,4 GHz BLE;d3:23:2f:4d:3e:b1;-73.0;;;;-73.0;5.011872336272715e-11;0.000376;1.8844639984385406e-14;5.148971130708804e-13;37;0x00;38;VERT;False
1787665939.3747249;28.326501551000547;BLE Sniffer;Appareil BLE;2,4 GHz BLE;d3:23:2f:4d:3e:b1;-82.0;;;;-82.0;6.309573444801943e-12;0.000376;2.3723996152455303e-15;5.172695126861259e-13;37;0x00;39;VERT;False
1787665939.374819;28.32659253299971;BLE Sniffer;iBeacon;2,4 GHz BLE;46:de:6e:42:28:32;-70.0;;;;-70.0;1e-10;0.000368;3.68e-14;1.2798280839196233e-11;36;0x00;37;ORANGE;False
1787665939.4027264;28.35409393000009;Simulation RF;Détection RF large bande;868 MHz;868 MHz;;2815;2.2681238317875594;-46.72495327150237;-79.72495327150237;1.0653803267084976e-11;0.1;1.0653803267084976e-12;3.795715117508763e-09;;;;VERT;True
1787665939.4030175;28.35409393000009;Simulation RF;Détection RF large bande;2,45 GHz;2,45 GHz;;2975;2.397036556069191;-51.88146224276764;-68.58146224276764;1.386288995321248e-10;0.1;1.386288995321248e-11;1.435847709634061e-08;;;;ORANGE;True
1787665939.4124584;28.364234036999733;Wi-Fi;Wi-Fi;2,4/5 GHz;wlan0;-50.0;;;;-50.0;1e-08;0.1;1e-09;2.9145652805459106e-07;;;;ROUGE;False
1787665939.484767;28.436542786000246;BLE Sniffer;Appareil BLE;2,4 GHz BLE;6d:d7:ea:70:d0:be;-79.0;;;;-79.0;1.2589254117941662e-11;0.000352;4.4314174495154645e-15;4.4314174495154645e-15;34;0x00;38;VERT;False
1787665939.5025856;28.454175949000273;Simulation RF;Détection RF large bande;868 MHz;868 MHz;;2788;2.246804149466535;-45.8721659786614;-78.8721659786614;1.296532483558397e-11;0.1;1.296532483558397e-12;3.797011649992322e-09;;;;VERT;True
1787665939.5027366;28.454175949000273;Simulation RF;Détection RF large bande;2,45 GHz;2,45 GHz;;2914;2.348463717286019;-49.93854869144077;-66.63854869144077;2.1684286208730143e-10;0.1;2.1684286208730144e-11;1.438016138254934e-08;;;;ORANGE;True
1787665939.5108829;28.462657275999845;Wi-Fi;Wi-Fi;2,4/5 GHz;wlan0;-49.0;;;;-49.0;1.2589254117941661e-08;0.1;1.2589254117941663e-09;2.9271545346638525e-07;;;;ROUGE;False
1787665939.5867105;28.538486012999783;BLE Sniffer;Appareil BLE;2,4 GHz BLE;6d:d7:ea:08:d0:be;-63.0;;;;-63.0;5.011872336272714e-10;0.000352;1.7641790623679954e-13;1.2738231705344238e-11;34;0x00;39;ORANGE;False
1787665939.5906136;28.542389098000058;BLE Sniffer;Appareil BLE;2,4 GHz BLE;57:10:3b:9d:cc:43;-74.0;;;;-74.0;3.9810717055349695e-11;0.00028;1.1147000775497913e-14;1.8145872035445833e-12;25;0x00;37;VERT;False
1787665939.6041272;28.554281468000227;Simulation RF;Détection RF large bande;868 MHz;868 MHz;;2815;2.2681026976187355;-46.72410790474942;-79.72410790474942;1.0655877262510843e-11;0.1;1.0655877262510844e-12;3.7980772377185725e-09;;;;VERT;True
1787665939.6044302;28.554281468000227;Simulation RF;Détection RF large bande;2,45 GHz;2,45 GHz;;2990;2.4098423512286056;-52.393694049144216;-69.09369404914422;1.2320564171612657e-10;0.1;1.2320564171612658e-11;1.4392481946720953e-08;;;;ORANGE;True
1787665939.6131604;28.564934914999867;Wi-Fi;Wi-Fi;2,4/5 GHz;wlan0;-48.0;;;;-48.0;1.5848931924611143e-08;0.1;1.5848931924611144e-09;2.943003466588464e-07;;;;ROUGE;False
1787665939.694171;28.6459464010004;BLE Sniffer;iBeacon;2,4 GHz BLE;46:de:6e:42:28:32;-72.0;;;;-72.0;6.309573444801942e-11;0.000368;2.3219230276871148e-14;1.2821500069473104e-11;36;0x00;38;VERT;False
1787665939.698426;28.650201639000443;BLE Sniffer;iBeacon;2,4 GHz BLE;46:de:6e:42:28:32;-64.0;;;;-64.0;3.9810717055349694e-10;0.000368;1.4650343876368688e-13;1.296800350823679e-11;36;0x00;39;ORANGE;False
1787665939.7027209;28.65435993200026;Simulation RF;Détection RF large bande;868 MHz;868 MHz;;2741;2.209003635940248;-44.360145437609916;-77.36014543760992;1.836476841928007e-11;0.1;1.836476841928007e-12;3.7999137145605e-09;;;;VERT;True
1787665939.7028728;28.65435993200026;Simulation RF;Détection RF large bande;2,45 GHz;2,45 GHz;;2994;2.412441053896583;-52.49764215586332;-69.19764215586332;1.2029173376401758e-10;0.1;1.2029173376401759e-11;1.4404511120097354e-08;;;;ORANGE;True
1787665939.712645;28.664419759999873;Wi-Fi;Wi-Fi;2,4/5 GHz;wlan0;-47.0;;;;-47.0;1.9952623149688786e-08;0.1;1.9952623149688786e-09;2.962956089738153e-07;;;;ROUGE;False
1787665939.8064983;28.758274257000267;BLE Sniffer;Appareil BLE;2,4 GHz BLE;6d:d7:ea:08:d0:be;-71.0;;;;-71.0;7.943282347242822e-11;0.000352;2.796035386229473e-14;1.2766192059206532e-11;34;0x00;37;VERT;False
1787665939.80864;28.754465394999897;Simulation RF;Détection RF large bande;868 MHz;868 MHz;;2829;2.2796559523330977;-47.18623809332391;-80.18623809332391;9.580235625562662e-12;0.1;9.580235625562663e-13;3.800871738123056e-09;;;;VERT;True
1787665939.818722;28.754465394999897;Simulation RF;Détection RF large bande;2,45 GHz;2,45 GHz;;2934;2.364048817262274;-50.561952690490955;-67.26195269049096;1.8784720215417773e-10;0.1;1.8784720215417774e-11;1.4423295840312772e-08;;;;ORANGE;True
1787665939.8285182;28.78029347499978;Wi-Fi;Wi-Fi;2,4/5 GHz;wlan0;-46.0;;;;-46.0;2.511886431509582e-08;0.1;2.5118864315095824e-09;2.988074954053249e-07;;;;ROUGE;False
1787665939.90296;28.85454891400059;Simulation RF;Détection RF large bande;868 MHz;868 MHz;;2795;2.2523430339942574;-46.0937213597703;-79.0937213597703;1.2320486693938581e-11;0.1;1.2320486693938581e-12;3.80210378679245e-09;;;;VERT;True
1787665939.9030988;28.85454891400059;Simulation RF;Détection RF large bande;2,45 GHz;2,45 GHz;;2994;2.412504582580175;-52.500183303206995;-69.200183303207;1.2022136915651778e-10;0.1;1.202213691565178e-11;1.4435317977228424e-08;;;;ORANGE;True
1787665939.9131567;28.864932710000176;BLE Sniffer;iBeacon;2,4 GHz BLE;46:de:6e:42:28:32;-75.0;;;;-75.0;3.1622776601683794e-11;0.000368;1.1637181789419636e-14;1.2979640690026211e-11;36;0x00;38;VERT;False
1787665939.9132462;28.865019748000122;BLE Sniffer;iBeacon;2,4 GHz BLE;46:de:6e:42:28:32;-64.0;;;;-64.0;3.9810717055349694e-10;0.000368;1.4650343876368688e-13;1.3126144128789898e-11;36;0x00;39;ORANGE;False
1787665939.919145;28.87092156200015;Wi-Fi;Wi-Fi;2,4/5 GHz;wlan0;-46.0;;;;-46.0;2.511886431509582e-08;0.1;2.5118864315095824e-09;3.013193818368345e-07;;;;ROUGE;False
1787665940.0030005;28.954625100000158;Simulation RF;Détection RF large bande;868 MHz;868 MHz;;2842;2.290125016375365;-47.60500065501459;-80.60500065501459;8.69961301855359e-12;0.1;8.699613018553589e-13;3.802973748094305e-09;;;;VERT;True
1787665940.0031378;28.954625100000158;Simulation RF;Détection RF large bande;2,45 GHz;2,45 GHz;;2998;2.416202031511224;-52.64808126044896;-69.34808126044896;1.1619618623027491e-10;0.1;1.1619618623027492e-11;1.4446937595851451e-08;;;;ORANGE;True
1787665940.0108466;28.962621550999756;Wi-Fi;Wi-Fi;2,4/5 GHz;wlan0;-45.0;;;;-45.0;3.162277660168379e-08;0.1;3.1622776601683795e-09;3.0448165949700285e-07;;;;ROUGE;False
1787665940.029518;28.98129398600031;Simulation LoRa;LoRa;868 MHz;LoRa 868.100 MHz;-87.32818379759894;;;;-87.32818379759894;1.850042137553642e-12;0.046335999999999995;8.572355248568555e-14;2.795437939824003e-12;13;"SNR=7.13;SF=7;BW=125.0;CR=4/5;F=868.100;CRC=OK;PAYLOAD=54454d504f5f4c4f52415f3238";7;VERT;True
1787665940.1031115;29.054706433999854;Simulation RF;Détection RF large bande;868 MHz;868 MHz;;2742;2.210001603589118;-44.40006414356472;-77.40006414356472;1.8196739825517573e-11;0.1;1.8196739825517575e-12;3.804793422076857e-09;;;;VERT;True
1787665940.1032503;29.054706433999854;Simulation RF;Détection RF large bande;2,45 GHz;2,45 GHz;;2986;2.406407266172992;-52.256290646919666;-68.95629064691967;1.2716597789747174e-10;0.1;1.2716597789747175e-11;1.4459654193641199e-08;;;;ORANGE;True
1787665940.110896;29.062671014000443;Wi-Fi;Wi-Fi;2,4/5 GHz;wlan0;-45.0;;;;-45.0;3.162277660168379e-08;0.1;3.1622776601683795e-09;3.076439371571712e-07;;;;ROUGE;False
1787665940.1355443;29.08731963399987;BLE Sniffer;Appareil BLE;2,4 GHz BLE;6d:d7:ea:08:d0:be;-71.0;;;;-71.0;7.943282347242822e-11;0.000352;2.796035386229473e-14;1.2794152413068827e-11;34;0x00;37;VERT;False
1787665940.1356204;29.087393894000343;BLE Sniffer;Appareil BLE;2,4 GHz BLE;6d:d7:ea:08:d0:be;-72.0;;;;-72.0;6.309573444801942e-11;0.000352;2.2209698525702838e-14;1.281636211159453e-11;34;0x00;38;VERT;False
1787665940.1356611;29.087434488000326;BLE Sniffer;Appareil BLE;2,4 GHz BLE;6d:d7:ea:08:d0:be;-64.0;;;;-64.0;3.9810717055349694e-10;0.000352;1.4013372403483091e-13;1.2956495835629362e-11;34;0x00;39;ORANGE;False
1787665940.1397207;29.091496427000493;BLE Sniffer;Appareil BLE;2,4 GHz BLE;57:10:3b:9d:cc:43;-80.0;;;;-80.0;1e-11;0.00028;2.7999999999999997e-15;1.8173872035445832e-12;25;0x00;37;VERT;False
1787665940.2031896;29.154782804000206;Simulation RF;Détection RF large bande;868 MHz;868 MHz;;2786;2.2451196088333245;-45.80478435333298;-78.80478435333298;1.3168052963806719e-11;0.1;1.316805296380672e-12;3.806110227373238e-09;;;;VERT;True
1787665940.2033255;29.154782804000206;Simulation RF;Détection RF large bande;2,45 GHz;2,45 GHz;;2952;2.3785299733287277;-51.14119893314911;-67.84119893314912;1.643917833113602e-10;0.1;1.6439178331136023e-11;1.4476093371972335e-08;;;;ORANGE;True
1787665940.2108564;29.162630957000147;Wi-Fi;Wi-Fi;2,4/5 GHz;wlan0;-46.0;;;;-46.0;2.511886431509582e-08;0.1;2.5118864315095824e-09;3.101558235886808e-07;;;;ROUGE;False
1787665940.2483368;29.200187090000327;BLE Sniffer;iBeacon;2,4 GHz BLE;46:de:6e:42:28:32;-74.0;;;;-74.0;3.9810717055349695e-11;0.000368;1.4650343876368688e-14;1.3140794472666267e-11;36;0x00;38;VERT;False
1787665940.2485144;29.200288850000106;BLE Sniffer;iBeacon;2,4 GHz BLE;46:de:6e:42:28:32;-64.0;;;;-64.0;3.9810717055349694e-10;0.000368;1.4650343876368688e-13;1.3287297911429954e-11;36;0x00;39;ORANGE;False
1787665940.3032744;29.254862675000368;Simulation RF;Détection RF large bande;868 MHz;868 MHz;;2832;2.2824615437781755;-47.29846175112701;-80.29846175112701;9.335849132508343e-12;0.1;9.335849132508344e-13;3.807043812286489e-09;;;;VERT;True
1787665940.3034263;29.254862675000368;Simulation RF;Détection RF large bande;2,45 GHz;2,45 GHz;;2960;2.385582350070703;-51.423294002828115;-68.12329400282812;1.540531559387486e-10;0.1;1.5405315593874862e-11;1.449149868756621e-08;;;;ORANGE;True
1787665940.310915;29.262690030999693;Wi-Fi;Wi-Fi;2,4/5 GHz;wlan0;-46.0;;;;-46.0;2.511886431509582e-08;0.1;2.5118864315095824e-09;3.126677100201904e-07;;;;ROUGE;False
1787665940.3628113;29.31458828599989;BLE Sniffer;Appareil BLE;2,4 GHz BLE;6d:d7:ea:08:d0:be;-70.0;;;;-70.0;1e-10;0.000352;3.52e-14;1.2991695835629362e-11;34;0x00;37;ORANGE;False
1787665940.403338;29.35494415700032;Simulation RF;Détection RF large bande;868 MHz;868 MHz;;2879;2.3199858179891164;-48.79943271956465;-81.79943271956465;6.607797541804376e-12;0.1;6.607797541804376e-13;3.807704592040669e-09;;;;VERT;True
1787665940.4034724;29.35494415700032;Simulation RF;Détection RF large bande;2,45 GHz;2,45 GHz;;3057;2.463208234755627;-54.52832939022507;-71.22832939022507;7.536454143579707e-11;0.1;7.536454143579707e-12;1.4499035141709791e-08;;;;VERT;True
1787665940.410932;29.362706957000228;Wi-Fi;Wi-Fi;2,4/5 GHz;wlan0;-46.0;;;;-46.0;2.511886431509582e-08;0.1;2.5118864315095824e-09;3.151795964517e-07;;;;ROUGE;False
1787665940.4650397;29.416815145999863;BLE Sniffer;Appareil BLE;2,4 GHz BLE;6d:d7:ea:08:d0:be;-74.0;;;;-74.0;3.9810717055349695e-11;0.000352;1.4013372403483093e-14;1.3005709208032845e-11;34;0x00;38;VERT;False
1787665940.4651227;29.416896222000105;BLE Sniffer;Appareil BLE;2,4 GHz BLE;6d:d7:ea:08:d0:be;-63.0;;;;-63.0;5.011872336272714e-10;0.000352;1.7641790623679954e-13;1.3182127114269644e-11;34;0x00;39;ORANGE;False
1787665940.469662;29.42143840800054;BLE Sniffer;Appareil BLE;2,4 GHz BLE;57:10:3b:9d:cc:43;-84.0;;;;-84.0;3.9810717055349695e-12;0.00028;1.1147000775497915e-15;1.818501903622133e-12;25;0x00;37;VERT;False
1787665940.4697492;29.421522779000043;BLE Sniffer;Appareil BLE;2,4 GHz BLE;57:10:3b:9d:cc:43;-73.0;;;;-73.0;5.011872336272715e-11;0.00028;1.40332425415636e-14;1.832535146163697e-12;25;0x00;38;VERT;False
1787665940.4745612;29.42633815299996;BLE Sniffer;Appareil BLE;2,4 GHz BLE;57:10:3b:9d:cc:43;-72.0;;;;-72.0;6.309573444801942e-11;0.00028;1.7666805645445437e-14;1.8502019518091424e-12;25;0x00;39;VERT;False
1787665940.5034137;29.45502180600033;Simulation RF;Détection RF large bande;868 MHz;868 MHz;;2812;2.266015797839676;-46.64063191358703;-79.64063191358703;1.086267556407409e-11;0.1;1.086267556407409e-12;3.808790859597077e-09;;;;VERT;True
1787665940.5035574;29.45502180600033;Simulation RF;Détection RF large bande;2,45 GHz;2,45 GHz;;3007;2.4229711590351624;-52.918846361406494;-69.6188463614065;1.0917302998252628e-10;0.1;1.0917302998252628e-11;1.4509952444708044e-08;;;;ORANGE;True
1787665940.511972;29.463746414000525;Wi-Fi;Wi-Fi;2,4/5 GHz;wlan0;-46.0;;;;-46.0;2.511886431509582e-08;0.1;2.5118864315095824e-09;3.1769148288320963e-07;;;;ROUGE;False
1787665940.5795019;29.53127710300032;BLE Sniffer;iBeacon;2,4 GHz BLE;46:de:6e:42:28:32;-70.0;;;;-70.0;1e-10;0.000368;3.68e-14;1.3324097911429954e-11;36;0x00;37;ORANGE;False
1787665940.6035056;29.555103843000325;Simulation RF;Détection RF large bande;868 MHz;868 MHz;;2785;2.2439495800054647;-45.75798320021859;-78.75798320021859;1.3310724049479804e-11;0.1;1.3310724049479804e-12;3.810121932002025e-09;;;;VERT;True
1787665940.6036582;29.555103843000325;Simulation RF;Détection RF large bande;2,45 GHz;2,45 GHz;;2969;2.3925147952006944;-51.70059180802777;-68.40059180802777;1.4452428157730826e-10;0.1;1.4452428157730827e-11;1.4524404872865774e-08;;;;ORANGE;True
1787665940.6120832;29.563858284999696;Wi-Fi;Wi-Fi;2,4/5 GHz;wlan0;-46.0;;;;-46.0;2.511886431509582e-08;0.1;2.5118864315095824e-09;3.2020336931471923e-07;;;;ROUGE;False
1787665940.6905222;29.64229792400056;BLE Sniffer;Appareil BLE;2,4 GHz BLE;6d:d7:ea:08:d0:be;-71.0;;;;-71.0;7.943282347242822e-11;0.000352;2.796035386229473e-14;1.3210087468131939e-11;34;0x00;38;VERT;False
1787665940.6906137;29.642387203;BLE Sniffer;Appareil BLE;2,4 GHz BLE;6d:d7:ea:08:d0:be;-63.0;;;;-63.0;5.011872336272714e-10;0.000352;1.7641790623679954e-13;1.3386505374368738e-11;34;0x00;39;ORANGE;False
1787665940.6906543;29.64242761100013;BLE Sniffer;Appareil BLE;2,4 GHz BLE;57:10:3b:9d:cc:43;-82.0;;;;-82.0;6.309573444801943e-12;0.00028;1.7666805645445437e-15;1.851968632373687e-12;25;0x00;37;VERT;False
1787665940.7035804;29.655185399000402;Simulation RF;Détection RF large bande;868 MHz;868 MHz;;2779;2.239768333034475;-45.59073332137899;-78.59073332137899;1.3833327786860797e-11;0.1;1.3833327786860799e-12;3.811505264780711e-09;;;;VERT;True
1787665940.7037325;29.655185399000402;Simulation RF;Détection RF large bande;2,45 GHz;2,45 GHz;;2939;2.3680312456193824;-50.7212498247753;-67.4212498247753;1.8108188951141802e-10;0.1;1.8108188951141802e-11;1.4542513061816916e-08;;;;ORANGE;True
1787665940.7121644;29.66393993299971;Wi-Fi;Wi-Fi;2,4/5 GHz;wlan0;-46.0;;;;-46.0;2.511886431509582e-08;0.1;2.5118864315095824e-09;3.2271525574622884e-07;;;;ROUGE;False
1787665940.8014543;29.75323015200047;BLE Sniffer;iBeacon;2,4 GHz BLE;46:de:6e:42:28:32;-73.0;;;;-73.0;5.011872336272715e-11;0.000368;1.844369019748359e-14;1.3342541601627437e-11;36;0x00;38;VERT;False
1787665940.801543;29.753316357000585;BLE Sniffer;iBeacon;2,4 GHz BLE;46:de:6e:42:28:32;-63.0;;;;-63.0;5.011872336272714e-10;0.000368;1.8443690197483588e-13;1.3526978503602273e-11;36;0x00;39;ORANGE;False
1787665940.8049736;29.755312807000337;Simulation RF;Détection RF large bande;868 MHz;868 MHz;;2793;2.250760508955618;-46.03042035822472;-79.03042035822472;1.250138022179511e-11;0.1;1.250138022179511e-12;3.8127554028028905e-09;;;;VERT;True
1787665940.8051174;29.755312807000337;Simulation RF;Détection RF large bande;2,45 GHz;2,45 GHz;;2951;2.3777287966434524;-51.109151865738085;-67.80915186573809;1.656093350578451e-10;0.1;1.656093350578451e-11;1.4559073995322701e-08;;;;ORANGE;True
1787665940.8135307;29.765305302000343;Wi-Fi;Wi-Fi;2,4/5 GHz;wlan0;-46.0;;;;-46.0;2.511886431509582e-08;0.1;2.5118864315095824e-09;3.2522714217773845e-07;;;;ROUGE;False
1787665940.9037862;29.85539025199978;Simulation RF;Détection RF large bande;868 MHz;868 MHz;;2775;2.2364640409923235;-45.45856163969293;-78.45856163969293;1.426079825477702e-11;0.1;1.426079825477702e-12;3.814181482628369e-09;;;;VERT;True
1787665940.9039252;29.85539025199978;Simulation RF;Détection RF large bande;2,45 GHz;2,45 GHz;;2971;2.3940424180123006;-51.76169672049201;-68.46169672049201;1.425050739837046e-10;0.1;1.4250507398370459e-11;1.4573324502721072e-08;;;;ORANGE;True
1787665940.9096775;29.861454253000375;BLE Sniffer;Appareil BLE;2,4 GHz BLE;6d:d7:ea:08:d0:be;-70.0;;;;-70.0;1e-10;0.000352;3.52e-14;1.3421705374368739e-11;34;0x00;37;ORANGE;False
1787665940.9150927;29.866868043000068;Wi-Fi;Wi-Fi;2,4/5 GHz;wlan0;-46.0;;;;-46.0;2.511886431509582e-08;0.1;2.5118864315095824e-09;3.2773902860924805e-07;;;;ROUGE;False
1787665941.003852;29.955468715999814;Simulation RF;Détection RF large bande;868 MHz;868 MHz;;2782;2.2415414037049053;-45.6616561481962;-78.6616561481962;1.3609256051147066e-11;0.1;1.3609256051147068e-12;3.8155424082334834e-09;;;;VERT;True
1787665941.0040267;29.955468715999814;Simulation RF;Détection RF large bande;2,45 GHz;2,45 GHz;;2981;2.402313886775736;-52.09255547102943;-68.79255547102943;1.3205183874929066e-10;0.1;1.3205183874929068e-11;1.4586529686596e-08;;;;ORANGE;True
1787665941.0125465;29.964320899000086;Wi-Fi;Wi-Fi;2,4/5 GHz;wlan0;-46.0;;;;-46.0;2.511886431509582e-08;0.1;2.5118864315095824e-09;3.3025091504075766e-07;;;;ROUGE;False
1787665941.0163817;29.968157891000374;BLE Sniffer;Appareil BLE;2,4 GHz BLE;6d:d7:ea:08:d0:be;-72.0;;;;-72.0;6.309573444801942e-11;0.000352;2.2209698525702838e-14;1.3443915072894442e-11;34;0x00;38;VERT;False
1787665941.0164812;29.96825491100026;BLE Sniffer;Appareil BLE;2,4 GHz BLE;6d:d7:ea:08:d0:be;-64.0;;;;-64.0;3.9810717055349694e-10;0.000352;1.4013372403483091e-13;1.3584048796929274e-11;34;0x00;39;ORANGE;False
1787665941.0165224;29.968296078000094;BLE Sniffer;Appareil BLE;2,4 GHz BLE;57:10:3b:9d:cc:41;-84.0;;;;-84.0;3.9810717055349695e-12;0.00028;1.1147000775497915e-15;1.1147000775497915e-15;25;0x00;37;VERT;False
1787665941.0166092;29.968382801999724;Simulation LoRa;LoRa;868 MHz;LoRa 868.100 MHz;-79.26757743602485;;;;-79.26757743602485;1.1837016592886881e-11;0.046335999999999995;5.484800008480064e-13;3.3439179406720096e-12;13;"SNR=5.54;SF=7;BW=125.0;CR=4/5;F=868.100;CRC=OK;PAYLOAD=54454d504f5f4c4f52415f3239";7;VERT;True
1787665941.0194309;29.971207077000145;BLE Sniffer;Appareil BLE;2,4 GHz BLE;57:10:3b:9d:cc:43;-72.0;;;;-72.0;6.309573444801942e-11;0.00028;1.7666805645445437e-14;1.8696354380191325e-12;25;0x00;38;VERT;False
1787665941.1039565;30.055546956999933;Simulation RF;Détection RF large bande;868 MHz;868 MHz;;2753;2.2182059163272734;-44.72823665309093;-77.72823665309093;1.6872379481832082e-11;0.1;1.6872379481832083e-12;3.8172296461816664e-09;;;;VERT;True
1787665941.1041045;30.055546956999933;Simulation RF;Détection RF large bande;2,45 GHz;2,45 GHz;;3055;2.4618566435377125;-54.47426574150849;-71.17426574150849;7.630858946278315e-11;0.1;7.630858946278316e-12;1.459416054554228e-08;;;;VERT;True
1787665941.1127622;30.0645372529998;Wi-Fi;Wi-Fi;2,4/5 GHz;wlan0;-46.0;;;;-46.0;2.511886431509582e-08;0.1;2.5118864315095824e-09;3.3276280147226726e-07;;;;ROUGE;False
1787665941.1283667;30.080142169000283;BLE Sniffer;Appareil BLE;2,4 GHz BLE;57:10:3b:9d:cc:43;-73.0;;;;-73.0;5.011872336272715e-11;0.00028;1.40332425415636e-14;1.883668680560696e-12;25;0x00;39;VERT;False
1787665941.1284416;30.080215207000037;BLE Sniffer;iBeacon;2,4 GHz BLE;46:de:6e:42:28:32;-70.0;;;;-70.0;1e-10;0.000368;3.68e-14;1.3563778503602273e-11;36;0x00;37;ORANGE;False
1787665941.1284819;30.08025531900057;BLE Sniffer;iBeacon;2,4 GHz BLE;46:de:6e:42:28:32;-75.0;;;;-75.0;3.1622776601683794e-11;0.000368;1.1637181789419636e-14;1.3575415685391693e-11;36;0x00;38;VERT;False
1787665941.1326208;30.08439692600041;BLE Sniffer;iBeacon;2,4 GHz BLE;46:de:6e:42:28:32;-63.0;;;;-63.0;5.011872336272714e-10;0.000368;1.8443690197483588e-13;1.3759852587366529e-11;36;0x00;39;ORANGE;False
1787665941.2040205;30.15562206800041;Simulation RF;Détection RF large bande;868 MHz;868 MHz;;2832;2.2818993135949244;-47.27597254379697;-80.27597254379697;9.384318640073901e-12;0.1;9.384318640073902e-13;3.818168078045674e-09;;;;VERT;True
1787665941.2041628;30.15562206800041;Simulation RF;Détection RF large bande;2,45 GHz;2,45 GHz;;2995;2.413439748027286;-52.537589921091424;-69.23758992109143;1.1919032607303482e-10;0.1;1.1919032607303483e-11;1.4606079578149583e-08;;;;ORANGE;True
1787665941.2127059;30.16447991899986;Wi-Fi;Wi-Fi;2,4/5 GHz;wlan0;-46.0;;;;-46.0;2.511886431509582e-08;0.1;2.5118864315095824e-09;3.3527468790377687e-07;;;;ROUGE;False
1787665941.238902;30.19067683600042;BLE Sniffer;Appareil BLE;2,4 GHz BLE;6d:d7:ea:08:d0:be;-72.0;;;;-72.0;6.309573444801942e-11;0.000352;2.2209698525702838e-14;1.3606258495454978e-11;34;0x00;37;VERT;False
1787665941.2431633;30.19493990800038;BLE Sniffer;Appareil BLE;2,4 GHz BLE;57:10:3b:9d:cc:43;-74.0;;;;-74.0;3.9810717055349695e-11;0.00028;1.1147000775497913e-14;1.894815681336194e-12;25;0x00;38;VERT;False
1787665941.3046227;30.255753051000283;Simulation RF;Détection RF large bande;868 MHz;868 MHz;;2825;2.276812315153293;-47.07249260613172;-80.07249260613172;9.83446500756508e-12;0.1;9.83446500756508e-13;3.8191515245464305e-09;;;;VERT;True
1787665941.304933;30.255753051000283;Simulation RF;Détection RF large bande;2,45 GHz;2,45 GHz;;2981;2.4019021552058417;-52.07608620823366;-68.77608620823366;1.3255355483403072e-10;0.1;1.3255355483403072e-11;1.4619334933632986e-08;;;;ORANGE;True
1787665941.3141782;30.265952566000124;Wi-Fi;Wi-Fi;2,4/5 GHz;wlan0;-46.0;;;;-46.0;2.511886431509582e-08;0.1;2.5118864315095824e-09;3.3778657433528647e-07;;;;ROUGE;False
1787665941.3467202;30.298495636000553;BLE Sniffer;Appareil BLE;2,4 GHz BLE;57:10:3b:9d:cc:43;-72.0;;;;-72.0;6.309573444801942e-11;0.00028;1.7666805645445437e-14;1.9124824869816394e-12;25;0x00;39;VERT;False
1787665941.3467941;30.298567693000223;BLE Sniffer;Appareil BLE;2,4 GHz BLE;d3:23:2f:4d:3e:b1;-72.0;;;;-72.0;6.309573444801942e-11;0.000376;2.3723996152455302e-14;5.409935088385813e-13;37;0x00;37;VERT;False
1787665941.3510675;30.30284365300031;BLE Sniffer;Appareil BLE;2,4 GHz BLE;d3:23:2f:4d:3e:b1;-74.0;;;;-74.0;3.9810717055349695e-11;0.000376;1.4968829612811484e-14;5.559623384513927e-13;37;0x00;38;VERT;False
1787665941.351158;30.302931469000214;BLE Sniffer;Appareil BLE;2,4 GHz BLE;d3:23:2f:4d:3e:b1;-82.0;;;;-82.0;6.309573444801943e-12;0.000376;2.3723996152455303e-15;5.583347380666382e-13;37;0x00;39;VERT;False
1787665941.4042292;30.35583108799983;Simulation RF;Détection RF large bande;868 MHz;868 MHz;;2704;2.1788777161976856;-43.155108647907426;-76.15510864790743;2.4237573284040965e-11;0.1;2.423757328404097e-12;3.821575281874835e-09;;;;VERT;True
1787665941.4043834;30.35583108799983;Simulation RF;Détection RF large bande;2,45 GHz;2,45 GHz;;3040;2.449885574351709;-53.99542297406835;-70.69542297406835;8.520355247198068e-11;0.1;8.52035524719807e-12;1.4627855288880183e-08;;;;VERT;True
1787665941.4128933;30.364667568000186;Wi-Fi;Wi-Fi;2,4/5 GHz;wlan0;-46.0;;;;-46.0;2.511886431509582e-08;0.1;2.5118864315095824e-09;3.402984607667961e-07;;;;ROUGE;False
1787665941.4577012;30.40947614200013;BLE Sniffer;iBeacon;2,4 GHz BLE;46:de:6e:42:28:32;-72.0;;;;-72.0;6.309573444801942e-11;0.000368;2.3219230276871148e-14;1.37830718176434e-11;36;0x00;37;VERT;False
1787665941.4577763;30.409549957999843;BLE Sniffer;Appareil BLE;2,4 GHz BLE;46:de:6e:42:28:32;-74.0;;;;-74.0;3.9810717055349695e-11;0.000368;1.4650343876368688e-14;1.3797722161519768e-11;36;0x00;38;VERT;False
1787665941.4622738;30.414049365999745;BLE Sniffer;iBeacon;2,4 GHz BLE;46:de:6e:42:28:32;-64.0;;;;-64.0;3.9810717055349694e-10;0.000368;1.4650343876368688e-13;1.3944225600283455e-11;36;0x00;39;ORANGE;False
1787665941.507236;30.45591357000012;Simulation RF;Détection RF large bande;868 MHz;868 MHz;;2770;2.231838345635555;-45.27353382542219;-78.27353382542219;1.4881496873877083e-11;0.1;1.4881496873877083e-12;3.823063431562222e-09;;;;VERT;True
1787665941.5078242;30.45591357000012;Simulation RF;Détection RF large bande;2,45 GHz;2,45 GHz;;3010;2.4255174976807194;-53.020699907228774;-69.72069990722878;1.0664242428814714e-10;0.1;1.0664242428814714e-11;1.4638519531308998e-08;;;;ORANGE;True
1787665941.5186331;30.470407509000324;Wi-Fi;Wi-Fi;2,4/5 GHz;wlan0;-48.0;;;;-48.0;1.5848931924611143e-08;0.1;1.5848931924611144e-09;3.418833539592572e-07;;;;ROUGE;False
1787665941.5674667;30.51924191099988;BLE Sniffer;Appareil BLE;2,4 GHz BLE;6d:d7:ea:08:d0:be;-70.0;;;;-70.0;1e-10;0.000352;3.52e-14;1.3641458495454978e-11;34;0x00;37;ORANGE;False
1787665941.5719607;30.523736596000163;BLE Sniffer;Appareil BLE;2,4 GHz BLE;6d:d7:ea:08:d0:be;-72.0;;;;-72.0;6.309573444801942e-11;0.000352;2.2209698525702838e-14;1.3663668193980682e-11;34;0x00;38;VERT;False
1787665941.5720525;30.523825967999983;BLE Sniffer;Appareil BLE;2,4 GHz BLE;6d:d7:ea:08:d0:be;-64.0;;;;-64.0;3.9810717055349694e-10;0.000352;1.4013372403483091e-13;1.3803801918015513e-11;34;0x00;39;ORANGE;False
1787665941.6044254;30.555994217999796;Simulation RF;Détection RF large bande;868 MHz;868 MHz;;2878;2.3194693786047527;-48.77877514419011;-81.7787751441901;6.639302945656618e-12;0.1;6.639302945656618e-13;3.823727361856788e-09;;;;VERT;True
1787665941.6045804;30.555994217999796;Simulation RF;Détection RF large bande;2,45 GHz;2,45 GHz;;3065;2.4700651793989112;-54.80260717595644;-71.50260717595644;7.075209147636256e-11;0.1;7.075209147636256e-12;1.4645594740456635e-08;;;;VERT;True
1787665941.6133652;30.565139999000166;Wi-Fi;Wi-Fi;2,4/5 GHz;wlan0;-48.0;;;;-48.0;1.5848931924611143e-08;0.1;1.5848931924611144e-09;3.4346824715171836e-07;;;;ROUGE;False
1787665941.6773288;30.629103606999706;BLE Sniffer;Appareil BLE;2,4 GHz BLE;57:10:3b:9d:cc:43;-78.0;;;;-78.0;1.5848931924611107e-11;0.00028;4.4377009388911094e-15;1.9169201879205304e-12;25;0x00;37;VERT;False
1787665941.6804044;30.632180866999988;BLE Sniffer;Appareil BLE;2,4 GHz BLE;57:10:3b:9d:cc:43;-75.0;;;;-75.0;3.1622776601683794e-11;0.00028;8.854377448471461e-15;1.925774565369002e-12;25;0x00;38;VERT;False
1787665941.6819644;30.633739978999984;BLE Sniffer;Appareil BLE;2,4 GHz BLE;57:10:3b:9d:cc:43;-71.0;;;;-71.0;7.943282347242822e-11;0.00028;2.22411905722799e-14;1.948015755941282e-12;25;0x00;39;VERT;False
1787665941.6866674;30.638442982000015;BLE Sniffer;iBeacon;2,4 GHz BLE;46:de:6e:42:28:32;-70.0;;;;-70.0;1e-10;0.000368;3.68e-14;1.3981025600283455e-11;36;0x00;37;ORANGE;False
1787665941.7071726;30.656259073;Simulation RF;Détection RF large bande;868 MHz;868 MHz;;2717;2.1894424937157626;-43.57769974863051;-76.57769974863051;2.1990242829933157e-11;0.1;2.1990242829933158e-12;3.825926386139781e-09;;;;VERT;True
1787665941.7076917;30.656259073;Simulation RF;Détection RF large bande;2,45 GHz;2,45 GHz;;3033;2.444394303915835;-53.775772156633394;-70.4757721566334;8.962368247878208e-11;0.1;8.962368247878208e-12;1.4654557108704513e-08;;;;VERT;True
1787665941.717044;30.668818877000376;Wi-Fi;Wi-Fi;2,4/5 GHz;wlan0;-49.0;;;;-49.0;1.2589254117941661e-08;0.1;1.2589254117941663e-09;3.4472717256351255e-07;;;;ROUGE;False
1787665941.7888172;30.740592600000127;BLE Sniffer;iBeacon;2,4 GHz BLE;46:de:6e:42:28:32;-74.0;;;;-74.0;3.9810717055349695e-11;0.000368;1.4650343876368688e-14;1.3995675944159824e-11;36;0x00;38;VERT;False
1787665941.7933273;30.745103193000432;BLE Sniffer;iBeacon;2,4 GHz BLE;46:de:6e:42:28:32;-64.0;;;;-64.0;3.9810717055349694e-10;0.000368;1.4650343876368688e-13;1.4142179382923511e-11;36;0x00;39;ORANGE;False
1787665941.7934194;30.745192897999914;BLE Sniffer;Appareil BLE;2,4 GHz BLE;57:10:3b:9d:cc:43;-75.0;;;;-75.0;3.1622776601683794e-11;0.00028;8.854377448471461e-15;1.9568701333897537e-12;25;0x00;37;VERT;False
1787665941.8047202;30.756336313999782;Simulation RF;Détection RF large bande;868 MHz;868 MHz;;2779;2.2398083176526877;-45.59233270610751;-78.59233270610751;1.3828234298305294e-11;0.1;1.3828234298305295e-12;3.827309209569611e-09;;;;VERT;True
1787665941.8048503;30.756336313999782;Simulation RF;Détection RF large bande;2,45 GHz;2,45 GHz;;3002;2.419168204604227;-52.76672818416907;-69.46672818416907;1.1306473822969937e-10;0.1;1.1306473822969937e-11;1.4665863582527484e-08;;;;ORANGE;True
1787665941.8134441;30.765218516999994;Wi-Fi;Wi-Fi;2,4/5 GHz;wlan0;-49.0;;;;-49.0;1.2589254117941661e-08;0.1;1.2589254117941663e-09;3.4598609797530674e-07;;;;ROUGE;False
1787665941.898326;30.850101791999805;BLE Sniffer;Appareil BLE;2,4 GHz BLE;57:10:3b:9d:cc:43;-75.0;;;;-75.0;3.1622776601683794e-11;0.00028;8.854377448471461e-15;1.9657245108382253e-12;25;0x00;38;VERT;False
1787665941.9026973;30.854473753000093;BLE Sniffer;Appareil BLE;2,4 GHz BLE;57:10:3b:9d:cc:43;-71.0;;;;-71.0;7.943282347242822e-11;0.00028;2.22411905722799e-14;1.9879657014105053e-12;25;0x00;39;VERT;False
1787665941.902786;30.85455955100042;BLE Sniffer;iBeacon;2,4 GHz BLE;46:de:6e:42:28:32;-70.0;;;;-70.0;1e-10;0.000368;3.68e-14;1.4178979382923511e-11;36;0x00;37;ORANGE;False
1787665941.9028275;30.854601107000235;BLE Sniffer;iBeacon;2,4 GHz BLE;46:de:6e:42:28:32;-74.0;;;;-74.0;3.9810717055349695e-11;0.000368;1.4650343876368688e-14;1.419362972679988e-11;36;0x00;38;VERT;False
1787665941.9092557;30.856443722000222;Simulation RF;Détection RF large bande;868 MHz;868 MHz;;2701;2.1765671137407416;-43.062684549629665;-76.06268454962967;2.4758911361927877e-11;0.1;2.4758911361927878e-12;3.829785100705804e-09;;;;VERT;True
1787665941.9196362;30.856443722000222;Simulation RF;Détection RF large bande;2,45 GHz;2,45 GHz;;3043;2.452119071564724;-54.08476286258896;-70.78476286258896;8.346871233762224e-11;0.1;8.346871233762224e-12;1.4674210453761246e-08;;;;VERT;True
1787665941.9294605;30.881235326000024;Wi-Fi;Wi-Fi;2,4/5 GHz;wlan0;-50.0;;;;-50.0;1e-08;0.1;1e-09;3.4698609797530676e-07;;;;ROUGE;False
1787665942.0049098;30.95651657400049;Simulation RF;Détection RF large bande;868 MHz;868 MHz;;2792;2.249734438610914;-45.98937754443655;-78.98937754443655;1.2620083998539218e-11;0.1;1.262008399853922e-12;3.831047109105658e-09;;;;VERT;True
1787665942.0050545;30.95651657400049;Simulation RF;Détection RF large bande;2,45 GHz;2,45 GHz;;2952;2.379161695870296;-51.166467834811826;-67.86646783481183;1.634380667413371e-10;0.1;1.634380667413371e-11;1.469055426043538e-08;;;;ORANGE;True
1787665942.0092864;30.961061556999994;BLE Sniffer;iBeacon;2,4 GHz BLE;46:de:6e:42:28:32;-64.0;;;;-64.0;3.9810717055349694e-10;0.000368;1.4650343876368688e-13;1.4340133165563566e-11;36;0x00;39;ORANGE;False
1787665942.0150018;30.966777405000357;Simulation LoRa;LoRa;868 MHz;LoRa 868.100 MHz;-87.12660064835846;;;;-87.12660064835846;1.9379382521608146e-12;0.046335999999999995;8.97963068521235e-14;3.4337142475241333e-12;13;"SNR=7.47;SF=7;BW=125.0;CR=4/5;F=868.100;CRC=OK;PAYLOAD=54454d504f5f4c4f52415f3330";7;VERT;True
1787665942.021799;30.973574767000173;Wi-Fi;Wi-Fi;2,4/5 GHz;wlan0;-50.0;;;;-50.0;1e-08;0.1;1e-09;3.479860979753068e-07;;;;ROUGE;False
1787665942.1050007;31.05659805600044;Simulation RF;Détection RF large bande;868 MHz;868 MHz;;2722;2.1936153052921186;-43.74461221168474;-76.74461221168474;2.116112627801722e-11;0.1;2.1161126278017224e-12;3.8331632217334594e-09;;;;VERT;True
1787665942.1051362;31.05659805600044;Simulation RF;Détection RF large bande;2,45 GHz;2,45 GHz;;3011;2.4267877425901307;-53.07150970360523;-69.77150970360523;1.0540204319016797e-10;0.1;1.0540204319016798e-11;1.4701094464754397e-08;;;;ORANGE;True
1787665942.1136377;31.065412183999797;Wi-Fi;Wi-Fi;2,4/5 GHz;wlan0;-52.0;;;;-52.0;6.309573444801943e-09;0.1;6.309573444801943e-10;3.48617055319787e-07;;;;ORANGE;False
1787665942.1312208;31.08299638400058;BLE Sniffer;Appareil BLE;2,4 GHz BLE;57:10:3b:9d:cc:43;-76.0;;;;-76.0;2.5118864315095823e-11;0.00028;7.03328200822683e-15;1.994998983418732e-12;25;0x00;37;VERT;False
1787665942.1313117;31.083085162000316;BLE Sniffer;Appareil BLE;2,4 GHz BLE;6d:d7:ea:08:d0:be;-73.0;;;;-73.0;5.011872336272715e-11;0.000352;1.7641790623679955e-14;1.3821443708639192e-11;34;0x00;38;VERT;False
1787665942.1313512;31.08312494100028;BLE Sniffer;Appareil BLE;2,4 GHz BLE;6d:d7:ea:08:d0:be;-64.0;;;;-64.0;3.9810717055349694e-10;0.000352;1.4013372403483091e-13;1.3961577432674024e-11;34;0x00;39;ORANGE;False
1787665942.2050867;31.156678741999713;Simulation RF;Détection RF large bande;868 MHz;868 MHz;;2754;2.219012083709981;-44.760483348399234;-77.76048334839923;1.6747564734949383e-11;0.1;1.6747564734949384e-12;3.8348379782069546e-09;;;;VERT;True
1787665942.2052226;31.156678741999713;Simulation RF;Détection RF large bande;2,45 GHz;2,45 GHz;;3017;2.43162523309514;-53.2650093238056;-69.9650093238056;1.0080894451092819e-10;0.1;1.0080894451092819e-11;1.471117535920549e-08;;;;ORANGE;True
1787665942.2136953;31.165470240000104;Wi-Fi;Wi-Fi;2,4/5 GHz;wlan0;-52.0;;;;-52.0;6.309573444801943e-09;0.1;6.309573444801943e-10;3.492480126642672e-07;;;;ORANGE;False
1787665942.2412865;31.193062026000007;BLE Sniffer;iBeacon;2,4 GHz BLE;46:de:6e:42:28:32;-70.0;;;;-70.0;1e-10;0.000368;3.68e-14;1.4376933165563566e-11;36;0x00;37;ORANGE;False
1787665942.2413902;31.19316408299983;BLE Sniffer;iBeacon;2,4 GHz BLE;46:de:6e:42:28:32;-73.0;;;;-73.0;5.011872336272715e-11;0.000368;1.844369019748359e-14;1.439537685576105e-11;36;0x00;38;VERT;False
1787665942.2414482;31.193221936000555;BLE Sniffer;iBeacon;2,4 GHz BLE;46:de:6e:42:28:32;-63.0;;;;-63.0;5.011872336272714e-10;0.000368;1.8443690197483588e-13;1.4579813757735887e-11;36;0x00;39;ORANGE;False
1787665942.3052177;31.256765187000383;Simulation RF;Détection RF large bande;868 MHz;868 MHz;;2687;2.1654293789574957;-42.61717515829983;-75.61717515829983;2.7433579920313744e-11;0.1;2.7433579920313747e-12;3.837581336198986e-09;;;;VERT;True
1787665942.3054154;31.256765187000383;Simulation RF;Détection RF large bande;2,45 GHz;2,45 GHz;;3025;2.4376790874183643;-53.50716349673456;-70.20716349673457;9.534186661073051e-11;0.1;9.534186661073052e-12;1.4720709545866563e-08;;;;VERT;True
1787665942.3154972;31.267272076000154;Wi-Fi;Wi-Fi;2,4/5 GHz;wlan0;-53.0;;;;-53.0;5.011872336272715e-09;0.1;5.011872336272715e-10;3.4974919989789444e-07;;;;ORANGE;False
1787665942.354204;31.305981556000006;BLE Sniffer;Appareil BLE;2,4 GHz BLE;57:10:3b:9d:cc:43;-75.0;;;;-75.0;3.1622776601683794e-11;0.00028;8.854377448471461e-15;2.0038533608672037e-12;25;0x00;37;VERT;False
1787665942.3597658;31.31154175499978;BLE Sniffer;Appareil Apple BLE;2,4 GHz BLE;57:10:3a:9d:ce:43;-75.0;;;;-75.0;3.1622776601683794e-11;0.00028;8.854377448471461e-15;8.854377448471461e-15;25;0x00;38;VERT;False
1787665942.3598585;31.31163207100053;BLE Sniffer;Appareil BLE;2,4 GHz BLE;57:10:3b:9d:cc:43;-71.0;;;;-71.0;7.943282347242822e-11;0.00028;2.22411905722799e-14;2.026094551439484e-12;25;0x00;39;VERT;False
1787665942.4052632;31.356848928000545;Simulation RF;Détection RF large bande;868 MHz;868 MHz;;2649;2.1350872501183553;-41.40349000473421;-74.40349000473421;3.627864012542088e-11;0.1;3.6278640125420882e-12;3.841209200211528e-09;;;;VERT;True
1787665942.4054053;31.356848928000545;Simulation RF;Détection RF large bande;2,45 GHz;2,45 GHz;;3055;2.462198657040727;-54.48794628162908;-71.18794628162908;7.606859097172592e-11;0.1;7.606859097172591e-12;1.4728316404963735e-08;;;;VERT;True
1787665942.4139688;31.365743279000526;Wi-Fi;Wi-Fi;2,4/5 GHz;wlan0;-53.0;;;;-53.0;5.011872336272715e-09;0.1;5.011872336272715e-10;3.502503871315217e-07;;;;ORANGE;False
1787665942.4651928;31.416968544000156;BLE Sniffer;Appareil BLE;2,4 GHz BLE;6d:d7:ea:08:d0:be;-71.0;;;;-71.0;7.943282347242822e-11;0.000352;2.796035386229473e-14;1.3989537786536319e-11;34;0x00;37;VERT;False
1787665942.46981;31.421586174999902;BLE Sniffer;iBeacon;2,4 GHz BLE;46:de:6e:42:28:32;-73.0;;;;-73.0;5.011872336272715e-11;0.000368;1.844369019748359e-14;1.459825744793337e-11;36;0x00;38;VERT;False
1787665942.469913;31.421686732000126;BLE Sniffer;iBeacon;2,4 GHz BLE;46:de:6e:42:28:32;-63.0;;;;-63.0;5.011872336272714e-10;0.000368;1.8443690197483588e-13;1.4782694349908208e-11;36;0x00;39;ORANGE;False
1787665942.50531;31.456931464999798;Simulation RF;Détection RF large bande;868 MHz;868 MHz;;2809;2.2640450623095627;-46.5618024923825;-79.5618024923825;1.1061645870166487e-11;0.1;1.1061645870166489e-12;3.842315364798545e-09;;;;VERT;True
1787665942.5054562;31.456931464999798;Simulation RF;Détection RF large bande;2,45 GHz;2,45 GHz;;3040;2.450065802510016;-54.002632100400646;-70.70263210040065;8.50622350777004e-11;0.1;8.506223507770041e-12;1.4736822628471505e-08;;;;VERT;True
1787665942.5139701;31.465745000000425;Wi-Fi;Wi-Fi;2,4/5 GHz;wlan0;-54.0;;;;-54.0;3.981071705534969e-09;0.1;3.9810717055349694e-10;3.506484943020752e-07;;;;ORANGE;False
1787665942.6054177;31.557008243000382;Simulation RF;Détection RF large bande;868 MHz;868 MHz;;2796;2.2533427620330144;-46.13371048132058;-79.13371048132058;1.2207562371123492e-11;0.1;1.2207562371123493e-12;3.843536121035658e-09;;;;VERT;True
1787665942.605561;31.557008243000382;Simulation RF;Détection RF large bande;2,45 GHz;2,45 GHz;;3018;2.4317345160287087;-53.269380641148345;-69.96938064114835;1.0070752802815029e-10;0.1;1.007075280281503e-11;1.474689338127432e-08;;;;ORANGE;True
1787665942.614156;31.5659305019999;Wi-Fi;Wi-Fi;2,4/5 GHz;wlan0;-54.0;;;;-54.0;3.981071705534969e-09;0.1;3.9810717055349694e-10;3.5104660147262873e-07;;;;ORANGE;False
1787665942.6801972;31.63197282100009;BLE Sniffer;Appareil BLE;2,4 GHz BLE;57:10:3b:9d:cc:43;-75.0;;;;-75.0;3.1622776601683794e-11;0.00028;8.854377448471461e-15;2.0349489288879554e-12;25;0x00;37;VERT;False
1787665942.6847162;31.63649204400008;BLE Sniffer;Appareil BLE;2,4 GHz BLE;57:10:3b:9d:cc:43;-75.0;;;;-75.0;3.1622776601683794e-11;0.00028;8.854377448471461e-15;2.043803306336427e-12;25;0x00;38;VERT;False
1787665942.6848052;31.63657882300049;BLE Sniffer;Appareil BLE;2,4 GHz BLE;57:10:3b:9d:cc:43;-70.0;;;;-70.0;1e-10;0.00028;2.7999999999999997e-14;2.071803306336427e-12;25;0x00;39;ORANGE;False
1787665942.6848452;31.636618657000326;BLE Sniffer;Appareil BLE;2,4 GHz BLE;6d:d7:ea:08:d0:be;-70.0;;;;-70.0;1e-10;0.000352;3.52e-14;1.4024737786536319e-11;34;0x00;37;ORANGE;False
1787665942.7056546;31.65710942900023;Simulation RF;Détection RF large bande;868 MHz;868 MHz;;2772;2.234012439265665;-45.36049757062659;-78.36049757062659;1.4586471336881198e-11;0.1;1.45864713368812e-12;3.8449947681693454e-09;;;;VERT;True
1787665942.7058709;31.65710942900023;Simulation RF;Détection RF large bande;2,45 GHz;2,45 GHz;;3048;2.4561477517007435;-54.24591006802973;-70.94591006802973;8.042831926190123e-11;0.1;8.042831926190123e-12;1.475493621320051e-08;;;;VERT;True
1787665942.7147443;31.666518582999743;Wi-Fi;Wi-Fi;2,4/5 GHz;wlan0;-56.0;;;;-56.0;2.511886431509582e-09;0.1;2.511886431509582e-10;3.5129779011577967e-07;;;;ORANGE;False
1787665942.7944288;31.746204349000436;BLE Sniffer;Appareil Apple BLE;2,4 GHz BLE;6d:d7:ea:30:d0:be;-72.0;;;;-72.0;6.309573444801942e-11;0.00047999999999999996;3.028595253504932e-14;3.028595253504932e-14;50;0x00;38;VERT;False
1787665942.7961707;31.74794616700001;BLE Sniffer;Appareil BLE;2,4 GHz BLE;6d:d7:ea:08:d0:be;-63.0;;;;-63.0;5.011872336272714e-10;0.000352;1.7641790623679954e-13;1.4201155692773118e-11;34;0x00;39;ORANGE;False
1787665942.79626;31.74803357500059;BLE Sniffer;iBeacon;2,4 GHz BLE;46:de:6e:42:28:32;-70.0;;;;-70.0;1e-10;0.000368;3.68e-14;1.4819494349908206e-11;36;0x00;37;ORANGE;False
1787665942.7963002;31.748073798000405;BLE Sniffer;iBeacon;2,4 GHz BLE;46:de:6e:42:28:32;-73.0;;;;-73.0;5.011872336272715e-11;0.000368;1.844369019748359e-14;1.483793804010569e-11;36;0x00;38;VERT;False
1787665942.8055613;31.75718996700016;Simulation RF;Détection RF large bande;868 MHz;868 MHz;;2751;2.217147786647428;-44.68591146589711;-77.6859114658971;1.7037617085863736e-11;0.1;1.7037617085863736e-12;3.846698529877932e-09;;;;VERT;True
1787665942.8057694;31.75718996700016;Simulation RF;Détection RF large bande;2,45 GHz;2,45 GHz;;3024;2.4367118117087547;-53.468472468350186;-70.16847246835019;9.619505630283942e-11;0.1;9.619505630283942e-12;1.4764555718830794e-08;;;;VERT;True
1787665942.8145802;31.76635463599996;Wi-Fi;Wi-Fi;2,4/5 GHz;wlan0;-56.0;;;;-56.0;2.511886431509582e-09;0.1;2.511886431509582e-10;3.515489787589306e-07;;;;ORANGE;False
1787665942.9066162;31.85839188800037;BLE Sniffer;iBeacon;2,4 GHz BLE;46:de:6e:42:28:32;-64.0;;;;-64.0;3.9810717055349694e-10;0.000368;1.4650343876368688e-13;1.4984441478869375e-11;36;0x00;39;ORANGE;False
1787665942.9086034;31.860379245999866;BLE Sniffer;Appareil BLE;2,4 GHz BLE;57:10:3b:9d:cc:43;-75.0;;;;-75.0;3.1622776601683794e-11;0.00028;8.854377448471461e-15;2.0806576837848984e-12;25;0x00;37;VERT;False
1787665942.908691;31.860464469999897;BLE Sniffer;Appareil BLE;2,4 GHz BLE;6d:d7:ea:08:d0:be;-72.0;;;;-72.0;6.309573444801942e-11;0.000352;2.2209698525702838e-14;1.4223365391298822e-11;34;0x00;38;VERT;False
1787665942.9141178;31.857288949000576;Simulation RF;Détection RF large bande;868 MHz;868 MHz;;2738;2.206421005926255;-44.256840237050184;-77.25684023705018;1.8806846344071976e-11;0.1;1.880684634407198e-12;3.848579214512339e-09;;;;VERT;True
1787665942.914264;31.857288949000576;Simulation RF;Détection RF large bande;2,45 GHz;2,45 GHz;;2942;2.3708322649831466;-50.83329059932586;-67.53329059932587;1.7647002209528155e-10;0.1;1.7647002209528158e-11;1.4782202721040321e-08;;;;ORANGE;True
1787665942.9229095;31.874684405000153;Wi-Fi;Wi-Fi;2,4/5 GHz;wlan0;-57.0;;;;-57.0;1.9952623149688828e-09;0.1;1.9952623149688828e-10;3.517485049904275e-07;;;;ORANGE;False
1787665943.005798;31.957372374999977;Simulation RF;Détection RF large bande;868 MHz;868 MHz;;2779;2.2394291658190384;-45.57716663276153;-78.57716663276153;1.3876608531562661e-11;0.1;1.3876608531562662e-12;3.849966875365495e-09;;;;VERT;True
1787665943.0059524;31.957372374999977;Simulation RF;Détection RF large bande;2,45 GHz;2,45 GHz;;2975;2.397462807916052;-51.89851231664207;-68.59851231664207;1.38085719864915e-10;0.1;1.3808571986491499e-11;1.4796011293026812e-08;;;;ORANGE;True
1787665943.0188503;31.97062594700037;BLE Sniffer;Appareil BLE;2,4 GHz BLE;6d:d7:ea:08:d0:be;-63.0;;;;-63.0;5.011872336272714e-10;0.000352;1.7641790623679954e-13;1.4399783297535622e-11;34;0x00;39;ORANGE;False
1787665943.0189915;31.970765171000494;Simulation LoRa;LoRa;868 MHz;LoRa 868.100 MHz;-88.52102765152576;;;;-88.52102765152576;1.4057148567800225e-12;0.046335999999999995;6.513520360375911e-14;3.4988494511278925e-12;13;"SNR=7.60;SF=7;BW=125.0;CR=4/5;F=868.100;CRC=OK;PAYLOAD=54454d504f5f4c4f52415f3331";7;VERT;True
1787665943.0226624;31.97443875299996;BLE Sniffer;iBeacon;2,4 GHz BLE;46:de:6e:42:28:32;-70.0;;;;-70.0;1e-10;0.000368;3.68e-14;1.5021241478869374e-11;36;0x00;37;ORANGE;False
1787665943.0259311;31.977706978999777;BLE Sniffer;iBeacon;2,4 GHz BLE;46:de:6e:42:28:32;-72.0;;;;-72.0;6.309573444801942e-11;0.000368;2.3219230276871148e-14;1.5044460709146246e-11;36;0x00;38;VERT;False
1787665943.029794;31.981569768000554;Wi-Fi;Wi-Fi;2,4/5 GHz;wlan0;-57.0;;;;-57.0;1.9952623149688828e-09;0.1;1.9952623149688828e-10;3.519480312219244e-07;;;;ORANGE;False
1787665943.1058507;32.05746126400027;Simulation RF;Détection RF large bande;868 MHz;868 MHz;;2732;2.201387964071839;-44.055518562873544;-77.05551856287354;1.9699179780441032e-11;0.1;1.9699179780441032e-12;3.8519367933435395e-09;;;;VERT;True
1787665943.1059942;32.05746126400027;Simulation RF;Détection RF large bande;2,45 GHz;2,45 GHz;;3072;2.4752703307582298;-55.01081323032919;-71.7108132303292;6.744017319890164e-11;0.1;6.744017319890165e-12;1.4802755310346703e-08;;;;VERT;True
1787665943.1145449;32.066319337000095;Wi-Fi;Wi-Fi;2,4/5 GHz;wlan0;-56.0;;;;-56.0;2.511886431509582e-09;0.1;2.511886431509582e-10;3.5219921986507535e-07;;;;ORANGE;False
1787665943.131154;32.08292946900019;BLE Sniffer;iBeacon;2,4 GHz BLE;46:de:6e:42:28:32;-63.0;;;;-63.0;5.011872336272714e-10;0.000368;1.8443690197483588e-13;1.5228897611121084e-11;36;0x00;39;ORANGE;False
1787665943.206096;32.157556375999775;Simulation RF;Détection RF large bande;868 MHz;868 MHz;;2742;2.2098532974578853;-44.39413189831541;-77.39413189831541;1.8221612644980127e-11;0.1;1.8221612644980127e-12;3.853758954608037e-09;;;;VERT;True
1787665943.2063015;32.157556375999775;Simulation RF;Détection RF large bande;2,45 GHz;2,45 GHz;;3012;2.4269520717003275;-53.0780828680131;-69.7780828680131;1.0524263501266989e-10;0.1;1.052426350126699e-11;1.481327957384797e-08;;;;ORANGE;True
1787665943.2149444;32.16671863800002;Wi-Fi;Wi-Fi;2,4/5 GHz;wlan0;-56.0;;;;-56.0;2.511886431509582e-09;0.1;2.511886431509582e-10;3.524504085082263e-07;;;;ORANGE;False
1787665943.2383409;32.190115854000396;BLE Sniffer;Appareil BLE;2,4 GHz BLE;57:10:3b:9d:cc:43;-74.0;;;;-74.0;3.9810717055349695e-11;0.00028;1.1147000775497913e-14;2.0918046845603963e-12;25;0x00;37;VERT;False
1787665943.2384143;32.19018779900034;BLE Sniffer;Appareil BLE;2,4 GHz BLE;57:10:3b:9d:cc:43;-73.0;;;;-73.0;5.011872336272715e-11;0.00028;1.40332425415636e-14;2.10583792710196e-12;25;0x00;38;VERT;False
1787665943.2384527;32.19022624399986;BLE Sniffer;Appareil BLE;2,4 GHz BLE;57:10:3b:9d:cc:43;-69.0;;;;-69.0;1.2589254117941662e-10;0.00028;3.524991153023665e-14;2.1410878386321967e-12;25;0x00;39;ORANGE;False
1787665943.24329;32.19506593400001;BLE Sniffer;Appareil BLE;2,4 GHz BLE;6d:d7:ea:08:d0:be;-70.0;;;;-70.0;1e-10;0.000352;3.52e-14;1.4434983297535622e-11;34;0x00;37;ORANGE;False
1787665943.3060286;32.2576347840004;Simulation RF;Détection RF large bande;868 MHz;868 MHz;;2712;2.1851416476633045;-43.40566590653218;-76.40566590653218;2.28788088242689e-11;0.1;2.2878808824268902e-12;3.8560468354904645e-09;;;;VERT;True
1787665943.306171;32.2576347840004;Simulation RF;Détection RF large bande;2,45 GHz;2,45 GHz;;3029;2.440891067575185;-53.635642703007406;-70.33564270300741;9.25626393537231e-11;0.1;9.256263935372312e-12;1.4822535837783343e-08;;;;VERT;True
1787665943.3150032;32.266778008000074;Wi-Fi;Wi-Fi;2,4/5 GHz;wlan0;-56.0;;;;-56.0;2.511886431509582e-09;0.1;2.511886431509582e-10;3.527015971513772e-07;;;;ORANGE;False
1787665943.3503575;32.3021320580001;BLE Sniffer;Appareil BLE;2,4 GHz BLE;d3:23:2f:4d:3e:b1;-73.0;;;;-73.0;5.011872336272715e-11;0.000376;1.8844639984385406e-14;5.771793780510236e-13;37;0x00;38;VERT;False
1787665943.353431;32.305206726000506;BLE Sniffer;Appareil BLE;2,4 GHz BLE;d3:23:2f:4d:3e:b1;-84.0;;;;-84.0;3.9810717055349695e-12;0.000376;1.4968829612811484e-15;5.786762610123047e-13;37;0x00;39;VERT;False
1787665943.3550591;32.30683478300034;BLE Sniffer;iBeacon;2,4 GHz BLE;46:de:6e:42:28:32;-70.0;;;;-70.0;1e-10;0.000368;3.68e-14;1.5265697611121082e-11;36;0x00;37;ORANGE;False
1787665943.360416;32.312191720000556;BLE Sniffer;iBeacon;2,4 GHz BLE;46:de:6e:42:28:32;-72.0;;;;-72.0;6.309573444801942e-11;0.000368;2.3219230276871148e-14;1.5288916841397955e-11;36;0x00;38;VERT;False
1787665943.4063516;32.357750340000166;Simulation RF;Détection RF large bande;868 MHz;868 MHz;;2726;2.196637322532084;-43.86549290128336;-76.86549290128336;2.0580253022921784e-11;0.1;2.0580253022921784e-12;3.8581048607927565e-09;;;;VERT;True
1787665943.4065807;32.357750340000166;Simulation RF;Détection RF large bande;2,45 GHz;2,45 GHz;;3056;2.46250429759292;-54.50017190371679;-71.2001719037168;7.585475493831567e-11;0.1;7.585475493831567e-12;1.4830121313277175e-08;;;;VERT;True
1787665943.4158041;32.367578888000025;Wi-Fi;Wi-Fi;2,4/5 GHz;wlan0;-56.0;;;;-56.0;2.511886431509582e-09;0.1;2.511886431509582e-10;3.5295278579452817e-07;;;;ORANGE;False
1787665943.462754;32.41452982200008;BLE Sniffer;iBeacon;2,4 GHz BLE;46:de:6e:42:28:32;-64.0;;;;-64.0;3.9810717055349694e-10;0.000368;1.4650343876368688e-13;1.543542028016164e-11;36;0x00;39;ORANGE;False
1787665943.4680135;32.41978947999996;BLE Sniffer;Appareil BLE;2,4 GHz BLE;57:10:3b:9d:cc:43;-73.0;;;;-73.0;5.011872336272715e-11;0.00028;1.40332425415636e-14;2.1551210811737603e-12;25;0x00;37;VERT;False
1787665943.4697464;32.421522612000444;BLE Sniffer;Appareil BLE;2,4 GHz BLE;57:10:3b:9d:cc:43;-75.0;;;;-75.0;3.1622776601683794e-11;0.00028;8.854377448471461e-15;2.163975458622232e-12;25;0x00;38;VERT;False
1787665943.5062282;32.4578302660002;Simulation RF;Détection RF large bande;868 MHz;868 MHz;;2834;2.283451442436507;-47.33805769746027;-80.33805769746027;9.2511182075398e-12;0.1;9.2511182075398e-13;3.85902997261351e-09;;;;VERT;True
1787665943.5063696;32.4578302660002;Simulation RF;Détection RF large bande;2,45 GHz;2,45 GHz;;3043;2.4525309787281167;-54.101239149124666;-70.80123914912467;8.315264822660151e-11;0.1;8.315264822660151e-12;1.4838436578099836e-08;;;;VERT;True
1787665943.5149236;32.466698099000496;Wi-Fi;Wi-Fi;2,4/5 GHz;wlan0;-56.0;;;;-56.0;2.511886431509582e-09;0.1;2.511886431509582e-10;3.532039744376791e-07;;;;ORANGE;False
1787665943.5736668;32.52544284600026;BLE Sniffer;Appareil BLE;2,4 GHz BLE;57:10:3b:9d:cc:43;-69.0;;;;-69.0;1.2589254117941662e-10;0.00028;3.524991153023665e-14;2.1992253701524686e-12;25;0x00;39;ORANGE;False
1787665943.578762;32.53053920500042;BLE Sniffer;Appareil BLE;2,4 GHz BLE;6d:d7:ea:08:d0:be;-71.0;;;;-71.0;7.943282347242822e-11;0.000352;2.796035386229473e-14;1.4462943651397917e-11;34;0x00;37;VERT;False
1787665943.5788534;32.53062674300054;BLE Sniffer;Appareil BLE;2,4 GHz BLE;6d:d7:ea:08:d0:be;-72.0;;;;-72.0;6.309573444801942e-11;0.000352;2.2209698525702838e-14;1.448515334992362e-11;34;0x00;38;VERT;False
1787665943.5805018;32.53227754100044;BLE Sniffer;Appareil BLE;2,4 GHz BLE;6d:d7:ea:08:d0:be;-63.0;;;;-63.0;5.011872336272714e-10;0.000352;1.7641790623679954e-13;1.466157125616042e-11;34;0x00;39;ORANGE;False
1787665943.613644;32.55791665600009;Simulation RF;Détection RF large bande;868 MHz;868 MHz;;2751;2.2166992678559705;-44.66797071423882;-77.66797071423882;1.7108145240886764e-11;0.1;1.7108145240886764e-12;3.8607407871375994e-09;;;;VERT;True
1787665943.6165936;32.55791665600009;Simulation RF;Détection RF large bande;2,45 GHz;2,45 GHz;;2987;2.406721313779621;-52.268852551184835;-68.96885255118484;1.2679868362211234e-10;0.1;1.2679868362211234e-11;1.4851116446462048e-08;;;;ORANGE;True
1787665943.626607;32.57838135400016;Wi-Fi;Wi-Fi;2,4/5 GHz;wlan0;-56.0;;;;-56.0;2.511886431509582e-09;0.1;2.511886431509582e-10;3.5345516308083004e-07;;;;ORANGE;False
1787665943.6874738;32.639249998000196;BLE Sniffer;iBeacon;2,4 GHz BLE;46:de:6e:42:28:32;-70.0;;;;-70.0;1e-10;0.000368;3.68e-14;1.5472220280161638e-11;36;0x00;37;ORANGE;False
1787665943.6907973;32.64257339100004;BLE Sniffer;iBeacon;2,4 GHz BLE;46:de:6e:42:28:32;-72.0;;;;-72.0;6.309573444801942e-11;0.000368;2.3219230276871148e-14;1.549543951043851e-11;36;0x00;38;VERT;False
1787665943.6908894;32.64266287300052;BLE Sniffer;iBeacon;2,4 GHz BLE;46:de:6e:42:28:32;-64.0;;;;-64.0;3.9810717055349694e-10;0.000368;1.4650343876368688e-13;1.5641942949202196e-11;36;0x00;39;ORANGE;False
1787665943.7065558;32.65803200800019;Simulation RF;Détection RF large bande;868 MHz;868 MHz;;2776;2.2372795901796474;-45.49118360718589;-78.49118360718589;1.4154079782874045e-11;0.1;1.4154079782874045e-12;3.862156195115887e-09;;;;VERT;True
1787665943.7067554;32.65803200800019;Simulation RF;Détection RF large bande;2,45 GHz;2,45 GHz;;3015;2.4295785886928054;-53.183143547712206;-69.88314354771221;1.0272724597564375e-10;0.1;1.0272724597564376e-11;1.4861389171059612e-08;;;;ORANGE;True
1787665943.7154524;32.66722719600057;Wi-Fi;Wi-Fi;2,4/5 GHz;wlan0;-56.0;;;;-56.0;2.511886431509582e-09;0.1;2.511886431509582e-10;3.53706351723981e-07;;;;ORANGE;False
1787665943.8003225;32.75209839699983;BLE Sniffer;Appareil BLE;2,4 GHz BLE;57:10:3b:9d:cc:43;-75.0;;;;-75.0;3.1622776601683794e-11;0.00028;8.854377448471461e-15;2.2080797476009402e-12;25;0x00;37;VERT;False
1787665943.8021028;32.753878827000335;BLE Sniffer;Appareil BLE;2,4 GHz BLE;57:10:3e:9d:cc:43;-73.0;;;;-73.0;5.011872336272715e-11;0.00028;1.40332425415636e-14;1.40332425415636e-14;25;0x00;38;VERT;False
1787665943.8021934;32.75396695700056;BLE Sniffer;Appareil BLE;2,4 GHz BLE;57:10:3b:9d:cc:43;-70.0;;;;-70.0;1e-10;0.00028;2.7999999999999997e-14;2.23607974760094e-12;25;0x00;39;ORANGE;False
1787665943.8022351;32.754008699000224;BLE Sniffer;Appareil BLE;2,4 GHz BLE;6d:d7:ea:08:d0:be;-71.0;;;;-71.0;7.943282347242822e-11;0.000352;2.796035386229473e-14;1.4689531610022716e-11;34;0x00;37;VERT;False
1787665943.8094146;32.75815021300059;Simulation RF;Détection RF large bande;868 MHz;868 MHz;;2691;2.1688668420647104;-42.75467368258842;-75.75467368258842;2.657863246881455e-11;0.1;2.657863246881455e-12;3.864814058362768e-09;;;;VERT;True
1787665943.820492;32.75815021300059;Simulation RF;Détection RF large bande;2,45 GHz;2,45 GHz;;3014;2.4290523807846394;-53.162095231385564;-69.86209523138557;1.0322632755041027e-10;0.1;1.0322632755041027e-11;1.4871711803814652e-08;;;;ORANGE;True
1787665943.8294272;32.78120172099989;Wi-Fi;Wi-Fi;2,4/5 GHz;wlan0;-56.0;;;;-56.0;2.511886431509582e-09;0.1;2.511886431509582e-10;3.539575403671319e-07;;;;ORANGE;False
1787665943.906638;32.858228195000265;Simulation RF;Détection RF large bande;868 MHz;868 MHz;;2732;2.201341659361352;-44.05366637445408;-77.05366637445408;1.9707582920644082e-11;0.1;1.9707582920644083e-12;3.8667848166548325e-09;;;;VERT;True
1787665943.9067771;32.858228195000265;Simulation RF;Détection RF large bande;2,45 GHz;2,45 GHz;;3008;2.423789797959969;-52.95159191839875;-69.65159191839875;1.083529670431838e-10;0.1;1.0835296704318381e-11;1.4882547100518971e-08;;;;ORANGE;True
1787665943.9127245;32.86450062400036;BLE Sniffer;Appareil BLE;2,4 GHz BLE;6d:d7:ea:08:d0:be;-72.0;;;;-72.0;6.309573444801942e-11;0.000352;2.2209698525702838e-14;1.4711741308548418e-11;34;0x00;38;VERT;False
1787665943.9145408;32.866317388000425;BLE Sniffer;Appareil BLE;2,4 GHz BLE;6d:d7:ea:08:d0:be;-63.0;;;;-63.0;5.011872336272714e-10;0.000352;1.7641790623679954e-13;1.4888159214785217e-11;34;0x00;39;ORANGE;False
1787665943.9146314;32.86640503699982;BLE Sniffer;iBeacon;2,4 GHz BLE;46:de:6e:42:28:32;-70.0;;;;-70.0;1e-10;0.000368;3.68e-14;1.5678742949202195e-11;36;0x00;37;ORANGE;False
1787665943.914673;32.86644644500029;BLE Sniffer;iBeacon;2,4 GHz BLE;46:de:6e:42:28:32;-72.0;;;;-72.0;6.309573444801942e-11;0.000368;2.3219230276871148e-14;1.5701962179479067e-11;36;0x00;38;VERT;False
1787665943.9257524;32.87752748999992;Wi-Fi;Wi-Fi;2,4/5 GHz;wlan0;-56.0;;;;-56.0;2.511886431509582e-09;0.1;2.511886431509582e-10;3.5420872901028286e-07;;;;ORANGE;False
1787665944.006705;32.958301972999834;Simulation RF;Détection RF large bande;868 MHz;868 MHz;;2799;2.2554980505636344;-46.219922022545376;-79.21992202254538;1.1967620189434292e-11;0.1;1.1967620189434294e-12;3.867981578673776e-09;;;;VERT;True
1787665944.0068429;32.958301972999834;Simulation RF;Détection RF large bande;2,45 GHz;2,45 GHz;;3021;2.4343068909503978;-53.37227563801591;-70.07227563801591;9.834956337465099e-11;0.1;9.834956337465099e-12;1.4892382056856436e-08;;;;VERT;True
1787665944.015344;32.967118471000504;Wi-Fi;Wi-Fi;2,4/5 GHz;wlan0;-56.0;;;;-56.0;2.511886431509582e-09;0.1;2.511886431509582e-10;3.544599176534338e-07;;;;ORANGE;False
1787665944.0326464;32.98442179700032;BLE Sniffer;iBeacon;2,4 GHz BLE;46:de:6e:42:28:32;-63.0;;;;-63.0;5.011872336272714e-10;0.000368;1.8443690197483588e-13;1.5886399081453905e-11;36;0x00;39;ORANGE;False
1787665944.0327373;32.98451081599978;BLE Sniffer;Appareil BLE;2,4 GHz BLE;57:10:3b:9d:cc:43;-75.0;;;;-75.0;3.1622776601683794e-11;0.00028;8.854377448471461e-15;2.2449341250494117e-12;25;0x00;37;VERT;False
1787665944.0327783;32.98455176100015;BLE Sniffer;Appareil BLE;2,4 GHz BLE;57:10:3b:9d:cc:43;-74.0;;;;-74.0;3.9810717055349695e-11;0.00028;1.1147000775497913e-14;2.2560811258249096e-12;25;0x00;38;VERT;False
1787665944.032864;32.984637669999756;Simulation LoRa;LoRa;868 MHz;LoRa 868.100 MHz;-85.27093719310533;;;;-85.27093719310533;2.971024825240055e-12;0.046335999999999995;1.376654063023232e-13;3.636514857430216e-12;13;"SNR=8.17;SF=7;BW=125.0;CR=4/5;F=868.100;CRC=OK;PAYLOAD=54454d504f5f4c4f52415f3332";7;VERT;True
1787665944.0329044;32.9846779290001;BLE Sniffer;Appareil BLE;2,4 GHz BLE;57:10:3b:9d:cc:43;-70.0;;;;-70.0;1e-10;0.00028;2.7999999999999997e-14;2.2840811258249094e-12;25;0x00;39;ORANGE;False
1787665944.10678;33.05837771400002;Simulation RF;Détection RF large bande;868 MHz;868 MHz;;2740;2.208156019071468;-44.32624076285873;-77.32624076285873;1.850870032115494e-11;0.1;1.850870032115494e-12;3.869832448705891e-09;;;;VERT;True
1787665944.1069152;33.05837771400002;Simulation RF;Détection RF large bande;2,45 GHz;2,45 GHz;;2986;2.4060266622010897;-52.241066488043586;-68.94106648804359;1.2761253948372513e-10;0.1;1.2761253948372514e-11;1.490514331080481e-08;;;;ORANGE;True
1787665944.1155303;33.06730497300032;Wi-Fi;Wi-Fi;2,4/5 GHz;wlan0;-55.0;;;;-55.0;3.1622776601683795e-09;0.1;3.1622776601683795e-10;3.5477614541945066e-07;;;;ORANGE;False
1787665944.1467955;33.09857058200032;BLE Sniffer;Appareil BLE;2,4 GHz BLE;6d:d7:ea:08:d0:be;-71.0;;;;-71.0;7.943282347242822e-11;0.000352;2.796035386229473e-14;1.4916119568647513e-11;34;0x00;37;VERT;False
1787665944.146871;33.09864458300035;BLE Sniffer;Appareil BLE;2,4 GHz BLE;6d:d7:ea:08:d0:be;-72.0;;;;-72.0;6.309573444801942e-11;0.000352;2.2209698525702838e-14;1.4938329267173215e-11;34;0x00;38;VERT;False
1787665944.1469102;33.09868371399989;BLE Sniffer;Appareil BLE;2,4 GHz BLE;6d:d7:ea:08:d0:be;-63.0;;;;-63.0;5.011872336272714e-10;0.000352;1.7641790623679954e-13;1.5114747173410015e-11;34;0x00;39;ORANGE;False
1787665944.2068546;33.15845236200039;Simulation RF;Détection RF large bande;868 MHz;868 MHz;;2780;2.2399191121119144;-45.596764484476566;-78.59676448447657;1.3814130409302024e-11;0.1;1.3814130409302025e-12;3.8712138617468216e-09;;;;VERT;True
1787665944.2069995;33.15845236200039;Simulation RF;Détection RF large bande;2,45 GHz;2,45 GHz;;3046;2.4549457375444153;-54.19782950177661;-70.89782950177661;8.132368506219766e-11;0.1;8.132368506219766e-12;1.4913275679311028e-08;;;;VERT;True
1787665944.2154627;33.16723756400006;Wi-Fi;Wi-Fi;2,4/5 GHz;wlan0;-55.0;;;;-55.0;3.1622776601683795e-09;0.1;3.1622776601683795e-10;3.550923731854675e-07;;;;ORANGE;False
1787665944.2573884;33.20916406500055;BLE Sniffer;iBeacon;2,4 GHz BLE;46:de:6e:42:28:32;-70.0;;;;-70.0;1e-10;0.000368;3.68e-14;1.5923199081453903e-11;36;0x00;37;ORANGE;False
1787665944.257475;33.20924839899999;BLE Sniffer;iBeacon;2,4 GHz BLE;46:de:6e:42:28:32;-72.0;;;;-72.0;6.309573444801942e-11;0.000368;2.3219230276871148e-14;1.5946418311730776e-11;36;0x00;38;VERT;False
1787665944.2624397;33.21421572000054;BLE Sniffer;iBeacon;2,4 GHz BLE;46:de:6e:42:28:32;-63.0;;;;-63.0;5.011872336272714e-10;0.000368;1.8443690197483588e-13;1.6130855213705613e-11;36;0x00;39;ORANGE;False
1787665944.2625344;33.21430790700015;BLE Sniffer;Appareil BLE;2,4 GHz BLE;57:10:3b:9d:cc:43;-75.0;;;;-75.0;3.1622776601683794e-11;0.00028;8.854377448471461e-15;2.292935503273381e-12;25;0x00;37;VERT;False
1787665944.2695422;33.221318419000454;BLE Sniffer;Appareil BLE;2,4 GHz BLE;57:10:3a:9d:cc:43;-74.0;;;;-74.0;3.9810717055349695e-11;0.00028;1.1147000775497913e-14;1.1147000775497913e-14;25;0x00;38;VERT;False
1787665944.3069332;33.25853032499981;Simulation RF;Détection RF large bande;868 MHz;868 MHz;;2787;2.2459084701390397;-45.83633880556158;-78.83633880556158;1.307272482115224e-11;0.1;1.307272482115224e-12;3.872521134228937e-09;;;;VERT;True
1787665944.307078;33.25853032499981;Simulation RF;Détection RF large bande;2,45 GHz;2,45 GHz;;3076;2.478525655157652;-55.14102620630608;-71.84102620630608;6.544815065698747e-11;0.1;6.544815065698747e-12;1.4919820494376728e-08;;;;VERT;True
1787665944.3156457;33.26742123199983;Wi-Fi;Wi-Fi;2,4/5 GHz;wlan0;-55.0;;;;-55.0;3.1622776601683795e-09;0.1;3.1622776601683795e-10;3.5540860095148437e-07;;;;ORANGE;False
1787665944.3734844;33.32525983800042;BLE Sniffer;Appareil BLE;2,4 GHz BLE;57:10:3b:9d:cc:43;-71.0;;;;-71.0;7.943282347242822e-11;0.00028;2.22411905722799e-14;2.315176693845661e-12;25;0x00;39;VERT;False
1787665944.4069624;33.35860926999976;Simulation RF;Détection RF large bande;868 MHz;868 MHz;;2759;2.2231635259746185;-44.92654103898474;-77.92654103898474;1.6119289532660453e-11;0.1;1.6119289532660453e-12;3.874133063182203e-09;;;;VERT;True
1787665944.4071078;33.35860926999976;Simulation RF;Détection RF large bande;2,45 GHz;2,45 GHz;;3053;2.460144572062542;-54.40578288250167;-71.10578288250167;7.752141865006214e-11;0.1;7.752141865006214e-12;1.4927572636241733e-08;;;;VERT;True
1787665944.4156988;33.36747325000033;Wi-Fi;Wi-Fi;2,4/5 GHz;wlan0;-55.0;;;;-55.0;3.1622776601683795e-09;0.1;3.1622776601683795e-10;3.5572482871750123e-07;;;;ORANGE;False
1787665944.485584;33.43736044999969;BLE Sniffer;iBeacon;2,4 GHz BLE;46:de:6e:42:28:32;-70.0;;;;-70.0;1e-10;0.000368;3.68e-14;1.616765521370561e-11;36;0x00;37;ORANGE;False
1787665944.4856877;33.437461526000334;BLE Sniffer;iBeacon;2,4 GHz BLE;46:de:6e:42:28:32;-73.0;;;;-73.0;5.011872336272715e-11;0.000368;1.844369019748359e-14;1.6186098903903095e-11;36;0x00;38;VERT;False
1787665944.5071058;33.4586914370002;Simulation RF;Détection RF large bande;868 MHz;868 MHz;;2686;2.1647840302265715;-42.59136120906285;-75.59136120906285;2.7597127439697738e-11;0.1;2.759712743969774e-12;3.876892775926173e-09;;;;VERT;True
1787665944.507386;33.4586914370002;Simulation RF;Détection RF large bande;2,45 GHz;2,45 GHz;;3028;2.440463199217361;-53.61852796869444;-70.31852796869444;9.292813112001979e-11;0.1;9.29281311200198e-12;1.4936865449353735e-08;;;;VERT;True
1787665944.515976;33.46775051199984;Wi-Fi;Wi-Fi;2,4/5 GHz;wlan0;-55.0;;;;-55.0;3.1622776601683795e-09;0.1;3.1622776601683795e-10;3.560410564835181e-07;;;;ORANGE;False
1787665944.5918717;33.54364804600027;BLE Sniffer;iBeacon;2,4 GHz BLE;46:de:6e:42:28:32;-64.0;;;;-64.0;3.9810717055349694e-10;0.000368;1.4650343876368688e-13;1.633260234266678e-11;36;0x00;39;ORANGE;False
1787665944.5968914;33.54866688600032;BLE Sniffer;Appareil BLE;2,4 GHz BLE;57:10:3b:9d:cc:43;-75.0;;;;-75.0;3.1622776601683794e-11;0.00028;8.854377448471461e-15;2.3240310712941327e-12;25;0x00;37;VERT;False
1787665944.6071386;33.55877286299983;Simulation RF;Détection RF large bande;868 MHz;868 MHz;;2777;2.2375167558770395;-45.50067023508157;-78.50067023508157;1.4123195682941778e-11;0.1;1.412319568294178e-12;3.878305095494468e-09;;;;VERT;True
1787665944.6072853;33.55877286299983;Simulation RF;Détection RF large bande;2,45 GHz;2,45 GHz;;3086;2.48656367635398;-55.46254705415919;-72.16254705415919;6.077784462861826e-11;0.1;6.077784462861827e-12;1.4942943233816598e-08;;;;VERT;True
1787665944.615944;33.56771871500041;Wi-Fi;Wi-Fi;2,4/5 GHz;wlan0;-55.0;;;;-55.0;3.1622776601683795e-09;0.1;3.1622776601683795e-10;3.5635728424953494e-07;;;;ORANGE;False
1787665944.7052352;33.65701595199971;BLE Sniffer;Appareil BLE;2,4 GHz BLE;6d:d7:ea:08:d0:be;-72.0;;;;-72.0;6.309573444801942e-11;0.000352;2.2209698525702838e-14;1.5136956871935717e-11;34;0x00;38;VERT;False
1787665944.708129;33.65990446900014;BLE Sniffer;Appareil BLE;2,4 GHz BLE;6d:d7:ea:08:d0:be;-63.0;;;;-63.0;5.011872336272714e-10;0.000352;1.7641790623679954e-13;1.5313374778172516e-11;34;0x00;39;ORANGE;False
1787665944.7123122;33.65894945800028;Simulation RF;Détection RF large bande;868 MHz;868 MHz;;2673;2.15417578385726;-42.1670313542904;-75.1670313542904;3.0429643512721666e-11;0.1;3.042964351272167e-12;3.88134805984574e-09;;;;VERT;True
1787665944.7125094;33.65894945800028;Simulation RF;Détection RF large bande;2,45 GHz;2,45 GHz;;3054;2.461425747032637;-54.45702988130547;-71.15702988130548;7.661203737620086e-11;0.1;7.661203737620086e-12;1.4950604437554217e-08;;;;VERT;True
1787665944.7212584;33.673033003000455;Wi-Fi;Wi-Fi;2,4/5 GHz;wlan0;-55.0;;;;-55.0;3.1622776601683795e-09;0.1;3.1622776601683795e-10;3.566735120155518e-07;;;;ORANGE;False
1787665944.807436;33.75903097599985;Simulation RF;Détection RF large bande;868 MHz;868 MHz;;2681;2.1607161393089656;-42.42864557235862;-75.42864557235862;2.865071356066419e-11;0.1;2.865071356066419e-12;3.8842131312018064e-09;;;;VERT;True
1787665944.8075755;33.75903097599985;Simulation RF;Détection RF large bande;2,45 GHz;2,45 GHz;;3031;2.442596287107864;-53.703851484314555;-70.40385148431456;9.112023928986662e-11;0.1;9.112023928986662e-12;1.4959716461483205e-08;;;;VERT;True
1787665944.8186617;33.77043732200036;BLE Sniffer;iBeacon;2,4 GHz BLE;46:de:6e:42:28:32;-70.0;;;;-70.0;1e-10;0.000368;3.68e-14;1.636940234266678e-11;36;0x00;37;ORANGE;False
1787665944.8187535;33.77052719299991;BLE Sniffer;iBeacon;2,4 GHz BLE;46:de:6e:42:28:32;-72.0;;;;-72.0;6.309573444801942e-11;0.000368;2.3219230276871148e-14;1.639262157294365e-11;36;0x00;38;VERT;False
1787665944.818795;33.77056863800044;BLE Sniffer;iBeacon;2,4 GHz BLE;46:de:6e:42:28:32;-64.0;;;;-64.0;3.9810717055349694e-10;0.000368;1.4650343876368688e-13;1.6539125011707337e-11;36;0x00;39;ORANGE;False
1787665944.8280632;33.77983915999994;Wi-Fi;Wi-Fi;2,4/5 GHz;wlan0;-55.0;;;;-55.0;3.1622776601683795e-09;0.1;3.1622776601683795e-10;3.5698973978156866e-07;;;;ORANGE;False
1787665944.9075346;33.859117977000096;Simulation RF;Détection RF large bande;868 MHz;868 MHz;;2719;2.191331694623277;-43.653267784931074;-76.65326778493107;2.161091830061657e-11;0.1;2.161091830061657e-12;3.886374223031868e-09;;;;VERT;True
1787665944.907693;33.859117977000096;Simulation RF;Détection RF large bande;2,45 GHz;2,45 GHz;;3003;2.420062443096439;-52.80249772385754;-69.50249772385754;1.1213733421383469e-10;0.1;1.121373342138347e-11;1.4970930194904587e-08;;;;ORANGE;True
1787665944.9165654;33.86833983199995;Wi-Fi;Wi-Fi;2,4/5 GHz;wlan0;-55.0;;;;-55.0;3.1622776601683795e-09;0.1;3.1622776601683795e-10;3.573059675475855e-07;;;;ORANGE;False
1787665944.9296193;33.88139523500013;BLE Sniffer;Appareil BLE;2,4 GHz BLE;57:10:3b:9d:cc:43;-75.0;;;;-75.0;3.1622776601683794e-11;0.00028;8.854377448471461e-15;2.3328854487426043e-12;25;0x00;37;VERT;False
1787665944.9297106;33.881484198999715;BLE Sniffer;Appareil BLE;2,4 GHz BLE;57:10:3b:9d:cc:43;-74.0;;;;-74.0;3.9810717055349695e-11;0.00028;1.1147000775497913e-14;2.344032449518102e-12;25;0x00;38;VERT;False
1787665944.9297502;33.88152377300048;BLE Sniffer;Appareil BLE;2,4 GHz BLE;57:10:3b:9d:cc:43;-71.0;;;;-71.0;7.943282347242822e-11;0.00028;2.22411905722799e-14;2.366273640090382e-12;25;0x00;39;VERT;False
1787665944.9351237;33.88689958099985;BLE Sniffer;Appareil BLE;2,4 GHz BLE;6d:d7:ea:08:d0:be;-70.0;;;;-70.0;1e-10;0.000352;3.52e-14;1.5348574778172515e-11;34;0x00;37;ORANGE;False
1787665945.0075889;33.95919497700015;Simulation RF;Détection RF large bande;868 MHz;868 MHz;;2679;2.1592771105431625;-42.37108442172649;-75.3710844217265;2.903297618284378e-11;0.1;2.903297618284378e-12;3.889277520650153e-09;;;;VERT;True
1787665945.007729;33.95919497700015;Simulation RF;Détection RF large bande;2,45 GHz;2,45 GHz;;3011;2.426395616302124;-53.05582465208495;-69.75582465208495;1.0578340320560756e-10;0.1;1.0578340320560756e-11;1.4981508535225147e-08;;;;ORANGE;True
1787665945.0163255;33.96810034700047;Wi-Fi;Wi-Fi;2,4/5 GHz;wlan0;-55.0;;;;-55.0;3.1622776601683795e-09;0.1;3.1622776601683795e-10;3.5762219531360237e-07;;;;ORANGE;False
1787665945.042725;33.99449976699998;BLE Sniffer;Appareil BLE;2,4 GHz BLE;6d:d7:ea:08:d0:be;-70.0;;;;-70.0;1e-10;0.000352;3.52e-14;1.5383774778172514e-11;34;0x00;38;ORANGE;False
1787665945.0427969;33.9945703049998;BLE Sniffer;Appareil BLE;2,4 GHz BLE;6d:d7:ea:08:d0:be;-63.0;;;;-63.0;5.011872336272714e-10;0.000352;1.7641790623679954e-13;1.5560192684409313e-11;34;0x00;39;ORANGE;False
1787665945.0428746;33.99464817599983;Simulation LoRa;LoRa;868 MHz;LoRa 868.100 MHz;-91.43456339345822;;;;-91.43456339345822;7.186934067012794e-13;0.046335999999999995;3.330137769291048e-14;3.669816235123126e-12;13;"SNR=7.18;SF=7;BW=125.0;CR=4/5;F=868.100;CRC=OK;PAYLOAD=54454d504f5f4c4f52415f3333";7;VERT;True
1787665945.0478346;33.99961038600031;BLE Sniffer;iBeacon;2,4 GHz BLE;46:de:6e:42:28:32;-70.0;;;;-70.0;1e-10;0.000368;3.68e-14;1.6575925011707335e-11;36;0x00;37;ORANGE;False
1787665945.1076891;34.05928253300044;Simulation RF;Détection RF large bande;868 MHz;868 MHz;;2749;2.214983045333994;-44.59932181335975;-77.59932181335975;1.7380722218662095e-11;0.1;1.7380722218662096e-12;3.891015592872019e-09;;;;VERT;True
1787665945.1078432;34.05928253300044;Simulation RF;Détection RF large bande;2,45 GHz;2,45 GHz;;3029;2.440659287914737;-53.62637151658947;-70.32637151658948;9.27604503242785e-11;0.1;9.27604503242785e-12;1.4990784580257577e-08;;;;VERT;True
1787665945.1184201;34.07019483499971;Wi-Fi;Wi-Fi;2,4/5 GHz;wlan0;-54.0;;;;-54.0;3.981071705534969e-09;0.1;3.9810717055349694e-10;3.580203024841559e-07;;;;ORANGE;False
1787665945.207759;34.159362514999884;Simulation RF;Détection RF large bande;868 MHz;868 MHz;;2700;2.1757438243670686;-43.02975297468274;-76.02975297468274;2.494736622731486e-11;0.1;2.4947366227314863e-12;3.89351032949475e-09;;;;VERT;True
1787665945.2078931;34.159362514999884;Simulation RF;Détection RF large bande;2,45 GHz;2,45 GHz;;3011;2.4264508326855934;-53.05803330742373;-69.75803330742373;1.0572961949706286e-10;0.1;1.0572961949706287e-11;1.5001357542207284e-08;;;;ORANGE;True
1787665945.2164226;34.16819771700011;Wi-Fi;Wi-Fi;2,4/5 GHz;wlan0;-54.0;;;;-54.0;3.981071705534969e-09;0.1;3.9810717055349694e-10;3.584184096547094e-07;;;;ORANGE;False
1787665945.2610376;34.21281319599984;BLE Sniffer;Appareil BLE;2,4 GHz BLE;6d:d7:ea:08:d0:be;-71.0;;;;-71.0;7.943282347242822e-11;0.000352;2.796035386229473e-14;1.558815303827161e-11;34;0x00;38;VERT;False
1787665945.2611291;34.21290266000051;BLE Sniffer;Appareil BLE;2,4 GHz BLE;6d:d7:ea:08:d0:be;-64.0;;;;-64.0;3.9810717055349694e-10;0.000352;1.4013372403483091e-13;1.572828676230644e-11;34;0x00;39;ORANGE;False
1787665945.3104537;34.259443126000406;Simulation RF;Détection RF large bande;868 MHz;868 MHz;;2655;2.139594446342034;-41.58377785368137;-74.58377785368137;3.4803443409694895e-11;0.1;3.4803443409694897e-12;3.89699067383572e-09;;;;VERT;True
1787665945.3128045;34.259443126000406;Simulation RF;Détection RF large bande;2,45 GHz;2,45 GHz;;3046;2.454684903022073;-54.18739612088291;-70.88739612088291;8.151928989224065e-11;0.1;8.151928989224066e-12;1.5009509471196507e-08;;;;VERT;True
1787665945.3231642;34.27493989300001;Wi-Fi;Wi-Fi;2,4/5 GHz;wlan0;-54.0;;;;-54.0;3.981071705534969e-09;0.1;3.9810717055349694e-10;3.588165168252629e-07;;;;ORANGE;False
1787665945.3719833;34.32375979400058;BLE Sniffer;Appareil BLE;2,4 GHz BLE;d3:23:2f:4d:3e:b1;-71.0;;;;-71.0;7.943282347242822e-11;0.000376;2.986674162563301e-14;6.085430026379377e-13;37;0x00;37;VERT;False
1787665945.3772624;34.32903863699994;BLE Sniffer;Appareil BLE;2,4 GHz BLE;d3:23:2f:4d:3e:b1;-73.0;;;;-73.0;5.011872336272715e-11;0.000376;1.8844639984385406e-14;6.273876426223231e-13;37;0x00;38;VERT;False
1787665945.3773532;34.329126657000415;BLE Sniffer;Appareil BLE;2,4 GHz BLE;d3:23:2f:4d:3e:b1;-83.0;;;;-83.0;5.011872336272715e-12;0.00043999999999999996;2.2052238279599943e-15;6.295928664502831e-13;45;0x00;39;VERT;False
1787665945.3829951;34.33477120899988;BLE Sniffer;iBeacon;2,4 GHz BLE;46:de:6e:42:28:32;-70.0;;;;-70.0;1e-10;0.000368;3.68e-14;1.6612725011707334e-11;36;0x00;37;ORANGE;False
1787665945.4079015;34.35952657100006;Simulation RF;Détection RF large bande;868 MHz;868 MHz;;2639;2.126586720262095;-41.0634688104838;-74.0634688104838;3.9233144601968524e-11;0.1;3.9233144601968524e-12;3.900913988295917e-09;;;;VERT;True
1787665945.40811;34.35952657100006;Simulation RF;Détection RF large bande;2,45 GHz;2,45 GHz;;3047;2.4556012024760556;-54.22404809904222;-70.92404809904222;8.083420847791113e-11;0.1;8.083420847791113e-12;1.5017592892044296e-08;;;;VERT;True
1787665945.420914;34.372688604999894;Wi-Fi;Wi-Fi;2,4/5 GHz;wlan0;-54.0;;;;-54.0;3.981071705534969e-09;0.1;3.9810717055349694e-10;3.5921462399581644e-07;;;;ORANGE;False
1787665945.487092;34.43886749900048;BLE Sniffer;Appareil BLE;2,4 GHz BLE;57:10:3b:9d:cc:43;-75.0;;;;-75.0;3.1622776601683794e-11;0.00028;8.854377448471461e-15;2.3751280175388538e-12;25;0x00;38;VERT;False
1787665945.4909413;34.442717066000114;BLE Sniffer;Appareil BLE;2,4 GHz BLE;57:10:3b:9d:cc:43;-71.0;;;;-71.0;7.943282347242822e-11;0.00028;2.22411905722799e-14;2.397369208111134e-12;25;0x00;39;VERT;False
1787665945.4910352;34.4428085669997;BLE Sniffer;Appareil BLE;2,4 GHz BLE;6d:d7:ea:08:d0:be;-70.0;;;;-70.0;1e-10;0.000352;3.52e-14;1.5763486762306438e-11;34;0x00;37;ORANGE;False
1787665945.4929159;34.44469164600014;BLE Sniffer;Appareil BLE;2,4 GHz BLE;6d:d7:ea:08:d0:be;-72.0;;;;-72.0;6.309573444801942e-11;0.000352;2.2209698525702838e-14;1.578569646083214e-11;34;0x00;38;VERT;False
1787665945.5099683;34.45969979500023;Simulation RF;Détection RF large bande;868 MHz;868 MHz;;2640;2.12716770702581;-41.0867082810324;-74.0867082810324;3.9023765379928566e-11;0.1;3.9023765379928565e-12;3.9048163648339096e-09;;;;VERT;True
1787665945.520726;34.45969979500023;Simulation RF;Détection RF large bande;2,45 GHz;2,45 GHz;;3021;2.434228909500496;-53.36915638001983;-70.06915638001983;9.842022691528279e-11;0.1;9.842022691528279e-12;1.5027434914735823e-08;;;;VERT;True
1787665945.5312061;34.48298030600017;Wi-Fi;Wi-Fi;2,4/5 GHz;wlan0;-54.0;;;;-54.0;3.981071705534969e-09;0.1;3.9810717055349694e-10;3.5961273116636996e-07;;;;ORANGE;False
1787665945.602525;34.554300894000335;BLE Sniffer;Appareil BLE;2,4 GHz BLE;6d:d7:ea:08:d0:be;-63.0;;;;-63.0;5.011872336272714e-10;0.000352;1.7641790623679954e-13;1.596211436706894e-11;34;0x00;39;ORANGE;False
1787665945.604384;34.556160621000345;BLE Sniffer;iBeacon;2,4 GHz BLE;46:de:6e:42:28:32;-70.0;;;;-70.0;1e-10;0.000368;3.68e-14;1.6649525011707332e-11;36;0x00;37;ORANGE;False
1787665945.6087053;34.5598564259999;Simulation RF;Détection RF large bande;868 MHz;868 MHz;;2668;2.1499537497226706;-41.99814998890682;-74.99814998890682;3.163625016678454e-11;0.1;3.163625016678454e-12;3.907979989850588e-09;;;;VERT;True
1787665945.6088533;34.5598564259999;Simulation RF;Détection RF large bande;2,45 GHz;2,45 GHz;;3014;2.429248000356814;-53.16992001427255;-69.86992001427255;1.030405097643901e-10;0.1;1.030405097643901e-11;1.5037738965712263e-08;;;;ORANGE;True
1787665945.6176736;34.569447878000574;Wi-Fi;Wi-Fi;2,4/5 GHz;wlan0;-54.0;;;;-54.0;3.981071705534969e-09;0.1;3.9810717055349694e-10;3.600108383369235e-07;;;;ORANGE;False
1787665945.7083714;34.65993624099974;Simulation RF;Détection RF large bande;868 MHz;868 MHz;;2689;2.1669569799628507;-42.67827919851402;-75.67827919851402;2.7050299636131076e-11;0.1;2.705029963613108e-12;3.910685019814201e-09;;;;VERT;True
1787665945.7119508;34.663726454000425;BLE Sniffer;iBeacon;2,4 GHz BLE;46:de:6e:42:28:32;-72.0;;;;-72.0;6.309573444801942e-11;0.000368;2.3219230276871148e-14;1.6672744241984205e-11;36;0x00;38;VERT;False
1787665945.7138689;34.66564531200038;BLE Sniffer;iBeacon;2,4 GHz BLE;46:de:6e:42:28:32;-64.0;;;;-64.0;3.9810717055349694e-10;0.000368;1.4650343876368688e-13;1.681924768074789e-11;36;0x00;39;ORANGE;False
1787665945.71396;34.66573351599982;BLE Sniffer;Appareil BLE;2,4 GHz BLE;57:10:3b:9d:cc:43;-75.0;;;;-75.0;3.1622776601683794e-11;0.00028;8.854377448471461e-15;2.4062235855596054e-12;25;0x00;37;VERT;False
1787665945.714;34.66577335000056;BLE Sniffer;Appareil BLE;2,4 GHz BLE;57:10:3b:9d:cc:43;-75.0;;;;-75.0;3.1622776601683794e-11;0.000296;9.360341874098403e-15;2.415583927433704e-12;27;0x00;38;VERT;False
1787665945.7085307;34.65993624099974;Simulation RF;Détection RF large bande;2,45 GHz;2,45 GHz;;3056;2.462641921003438;-54.50567684013751;-71.20567684013751;7.5758665514762e-11;0.1;7.5758665514762e-12;1.504531483226374e-08;;;;VERT;True
1787665945.7451751;34.69695045899971;Wi-Fi;Wi-Fi;2,4/5 GHz;wlan0;-54.0;;;;-54.0;3.981071705534969e-09;0.1;3.9810717055349694e-10;3.60408945507477e-07;;;;ORANGE;False
1787665945.8084528;34.760020093000094;Simulation RF;Détection RF large bande;868 MHz;868 MHz;;2693;2.1705517666803256;-42.82207066721301;-75.82207066721301;2.6169349855716435e-11;0.1;2.6169349855716436e-12;3.913301954799772e-09;;;;VERT;True
1787665945.808592;34.760020093000094;Simulation RF;Détection RF large bande;2,45 GHz;2,45 GHz;;3024;2.437208121497847;-53.488324859913874;-70.18832485991388;9.575633468670954e-11;0.1;9.575633468670955e-12;1.5054890465732413e-08;;;;VERT;True
1787665945.8170993;34.76887338800043;Wi-Fi;Wi-Fi;2,4/5 GHz;wlan0;-54.0;;;;-54.0;3.981071705534969e-09;0.1;3.9810717055349694e-10;3.608070526780305e-07;;;;ORANGE;False
1787665945.825263;34.77703974799988;BLE Sniffer;Appareil BLE;2,4 GHz BLE;57:10:3b:9d:cc:43;-71.0;;;;-71.0;7.943282347242822e-11;0.00028;2.22411905722799e-14;2.437825118005984e-12;25;0x00;39;VERT;False
1787665945.8271518;34.778927678999935;BLE Sniffer;Appareil BLE;2,4 GHz BLE;6d:d7:ea:08:d0:be;-70.0;;;;-70.0;1e-10;0.000352;3.52e-14;1.599731436706894e-11;34;0x00;37;ORANGE;False
1787665945.827241;34.77901455099982;BLE Sniffer;Appareil BLE;2,4 GHz BLE;6d:d7:ea:08:d0:be;-72.0;;;;-72.0;6.309573444801942e-11;0.000352;2.2209698525702838e-14;1.601952406559464e-11;34;0x00;38;VERT;False
1787665945.8382378;34.79001324300043;BLE Sniffer;Appareil BLE;2,4 GHz BLE;6d:d7:ea:08:d0:be;-64.0;;;;-64.0;3.9810717055349694e-10;0.000352;1.4013372403483091e-13;1.615965778962947e-11;34;0x00;39;ORANGE;False
1787665945.9085207;34.860096444999726;Simulation RF;Détection RF large bande;868 MHz;868 MHz;;2715;2.187735200482893;-43.509408019315714;-76.50940801931571;2.233876698661521e-11;0.1;2.233876698661521e-12;3.915535831498433e-09;;;;VERT;True
1787665945.908654;34.860096444999726;Simulation RF;Détection RF large bande;2,45 GHz;2,45 GHz;;3039;2.449111267757638;-53.96445071030551;-70.66445071030552;8.581336434235151e-11;0.1;8.581336434235151e-12;1.506347180216665e-08;;;;VERT;True
1787665945.9171796;34.868953924999914;Wi-Fi;Wi-Fi;2,4/5 GHz;wlan0;-54.0;;;;-54.0;3.981071705534969e-09;0.1;3.9810717055349694e-10;3.6120515984858403e-07;;;;ORANGE;False
1787665945.946197;34.89797167400047;BLE Sniffer;Appareil BLE;2,4 GHz BLE;57:10:3b:9d:cc:43;-76.0;;;;-76.0;2.5118864315095823e-11;0.00028;7.03328200822683e-15;2.4448584000142107e-12;25;0x00;37;VERT;False
1787665945.946258;34.898031730000184;BLE Sniffer;Appareil BLE;2,4 GHz BLE;57:10:3b:9d:cc:43;-76.0;;;;-76.0;2.5118864315095823e-11;0.00028;7.03328200822683e-15;2.4518916820224376e-12;25;0x00;38;VERT;False
1787665945.9517312;34.90350755700001;BLE Sniffer;Appareil BLE;2,4 GHz BLE;57:10:3b:9d:cc:43;-70.0;;;;-70.0;1e-10;0.00028;2.7999999999999997e-14;2.4798916820224375e-12;25;0x00;39;ORANGE;False
1787665945.9553854;34.90716171399981;BLE Sniffer;iBeacon;2,4 GHz BLE;46:de:6e:42:28:32;-70.0;;;;-70.0;1e-10;0.000368;3.68e-14;1.6856047680747888e-11;36;0x00;37;ORANGE;False
1787665946.0085542;34.96014570399984;Simulation RF;Détection RF large bande;868 MHz;868 MHz;;2713;2.1862279157061355;-43.44911662824542;-76.44911662824542;2.2651049918452638e-11;0.1;2.265104991845264e-12;3.917800936490279e-09;;;;VERT;True
1787665946.0086944;34.96014570399984;Simulation RF;Détection RF large bande;2,45 GHz;2,45 GHz;;3004;2.420592839574258;-52.82371358297031;-69.52371358297032;1.1159086439904843e-10;0.1;1.1159086439904843e-11;1.5074630888606554e-08;;;;ORANGE;True
1787665946.017165;34.96893931300019;Wi-Fi;Wi-Fi;2,4/5 GHz;wlan0;-54.0;;;;-54.0;3.981071705534969e-09;0.1;3.9810717055349694e-10;3.6160326701913755e-07;;;;ORANGE;False
1787665946.0596817;35.0114571740005;BLE Sniffer;iBeacon;2,4 GHz BLE;46:de:6e:42:28:32;-73.0;;;;-73.0;5.011872336272715e-11;0.000368;1.844369019748359e-14;1.6874491370945372e-11;36;0x00;38;VERT;False
1787665946.0597935;35.01156706399979;Simulation LoRa;LoRa;868 MHz;LoRa 868.100 MHz;-88.73951637628407;;;;-88.73951637628407;1.3367443660737235e-12;0.046335999999999995;6.193938694639204e-14;3.731755622069518e-12;13;"SNR=5.92;SF=7;BW=125.0;CR=4/5;F=868.100;CRC=OK;PAYLOAD=54454d504f5f4c4f52415f3334";7;VERT;True
1787665946.0598352;35.011608620000516;BLE Sniffer;iBeacon;2,4 GHz BLE;46:de:6e:42:28:32;-63.0;;;;-63.0;5.011872336272714e-10;0.000368;1.8443690197483588e-13;1.705892827292021e-11;36;0x00;39;ORANGE;False
1787665946.064912;35.016688609000084;BLE Sniffer;Appareil BLE;2,4 GHz BLE;6d:d7:ea:08:d0:be;-71.0;;;;-71.0;7.943282347242822e-11;0.000352;2.796035386229473e-14;1.6187618143491767e-11;34;0x00;37;VERT;False
1787665946.0650005;35.01677414700043;BLE Sniffer;Appareil BLE;2,4 GHz BLE;6d:d7:ea:08:d0:be;-70.0;;;;-70.0;1e-10;0.000352;3.52e-14;1.6222818143491765e-11;34;0x00;38;ORANGE;False
1787665946.1086223;35.06022787100028;Simulation RF;Détection RF large bande;868 MHz;868 MHz;;2716;2.188476872601532;-43.53907490406128;-76.53907490406128;2.2186689708351757e-11;0.1;2.218668970835176e-12;3.9200196054611136e-09;;;;VERT;True
1787665946.108764;35.06022787100028;Simulation RF;Détection RF large bande;2,45 GHz;2,45 GHz;;2996;2.414468884265535;-52.57875537062138;-69.27875537062138;1.180658948093467e-10;0.1;1.1806589480934671e-11;1.5086437478087488e-08;;;;ORANGE;True
1787665946.1172786;35.069053203000294;Wi-Fi;Wi-Fi;2,4/5 GHz;wlan0;-54.0;;;;-54.0;3.981071705534969e-09;0.1;3.9810717055349694e-10;3.6200137418969106e-07;;;;ORANGE;False
1787665946.1748471;35.12662300900047;BLE Sniffer;Appareil BLE;2,4 GHz BLE;6d:d7:ea:08:d0:be;-64.0;;;;-64.0;3.9810717055349694e-10;0.000352;1.4013372403483091e-13;1.6362951867526595e-11;34;0x00;39;ORANGE;False
1787665946.180162;35.13193796399992;BLE Sniffer;Appareil BLE;2,4 GHz BLE;57:10:3b:9d:cc:43;-76.0;;;;-76.0;2.5118864315095823e-11;0.00028;7.03328200822683e-15;2.4869249640306643e-12;25;0x00;37;VERT;False
1787665946.2087307;35.16031800099972;Simulation RF;Détection RF large bande;868 MHz;868 MHz;;2608;2.101887884277319;-40.07551537109275;-73.07551537109275;4.9254788992289504e-11;0.1;4.925478899228951e-12;3.9249450843603426e-09;;;;VERT;True
1787665946.208887;35.16031800099972;Simulation RF;Détection RF large bande;2,45 GHz;2,45 GHz;;3018;2.432177069784485;-53.28708279137939;-69.9870827913794;1.0029787248117978e-10;0.1;1.0029787248117978e-11;1.5096467265335607e-08;;;;ORANGE;True
1787665946.2173343;35.16910853599984;Wi-Fi;Wi-Fi;2,4/5 GHz;wlan0;-53.0;;;;-53.0;5.011872336272715e-09;0.1;5.011872336272715e-10;3.625025614233183e-07;;;;ORANGE;False
1787665946.3087704;35.26039444599974;Simulation RF;Détection RF large bande;868 MHz;868 MHz;;2662;2.1451577692224584;-41.80631076889833;-74.80631076889833;3.3065030154806485e-11;0.1;3.3065030154806486e-12;3.928251587375823e-09;;;;VERT;True
1787665946.3089213;35.26039444599974;Simulation RF;Détection RF large bande;2,45 GHz;2,45 GHz;;3075;2.4777449951412254;-55.109799805649004;-71.809799805649;6.592042815230341e-11;0.1;6.592042815230341e-12;1.5103059308150836e-08;;;;VERT;True
1787665946.3178332;35.26960780100035;Wi-Fi;Wi-Fi;2,4/5 GHz;wlan0;-53.0;;;;-53.0;5.011872336272715e-09;0.1;5.011872336272715e-10;3.6300374865694557e-07;;;;ORANGE;False
1787665946.3944192;35.34619426900008;BLE Sniffer;Appareil BLE;2,4 GHz BLE;6d:d7:ea:08:d0:be;-72.0;;;;-72.0;6.309573444801942e-11;0.000352;2.2209698525702838e-14;1.6385161566052297e-11;34;0x00;38;VERT;False
1787665946.3963234;35.348099810999884;BLE Sniffer;Appareil BLE;2,4 GHz BLE;6d:d7:ea:08:d0:be;-63.0;;;;-63.0;5.011872336272714e-10;0.000352;1.7641790623679954e-13;1.6561579472289097e-11;34;0x00;39;ORANGE;False
1787665946.4088647;35.360477428000195;Simulation RF;Détection RF large bande;868 MHz;868 MHz;;2703;2.178242029153078;-43.12968116612312;-76.12968116612312;2.4379897949015586e-11;0.1;2.437989794901559e-12;3.930689577170724e-09;;;;VERT;True
1787665946.40902;35.360477428000195;Simulation RF;Détection RF large bande;2,45 GHz;2,45 GHz;;3062;2.467709343402702;-54.70837373610807;-71.40837373610808;7.230405034576192e-11;0.1;7.2304050345761924e-12;1.5110289713185413e-08;;;;VERT;True
1787665946.4175096;35.369285093000144;Wi-Fi;Wi-Fi;2,4/5 GHz;wlan0;-52.0;;;;-52.0;6.309573444801943e-09;0.1;6.309573444801943e-10;3.636347060014258e-07;;;;ORANGE;False
1787665946.5060885;35.45786567200048;BLE Sniffer;Appareil BLE;2,4 GHz BLE;57:10:3b:9d:cc:43;-76.0;;;;-76.0;2.5118864315095823e-11;0.00028;7.03328200822683e-15;2.493958246038891e-12;25;0x00;37;VERT;False
1787665946.5061874;35.45796115499979;BLE Sniffer;Appareil BLE;2,4 GHz BLE;57:10:3b:9d:cc:43;-75.0;;;;-75.0;3.1622776601683794e-11;0.00028;8.854377448471461e-15;2.5028126234873627e-12;25;0x00;38;VERT;False
1787665946.506229;35.458002395999756;BLE Sniffer;Appareil BLE;2,4 GHz BLE;57:10:3b:9d:cc:43;-71.0;;;;-71.0;7.943282347242822e-11;0.00028;2.22411905722799e-14;2.5250538140596428e-12;25;0x00;39;VERT;False
1787665946.512573;35.46056283600046;Simulation RF;Détection RF large bande;868 MHz;868 MHz;;2613;2.1061097273381497;-40.24438909352598;-73.24438909352598;4.7376294602238676e-11;0.1;4.737629460223868e-12;3.9354272066309485e-09;;;;VERT;True
1787665946.5127208;35.46056283600046;Simulation RF;Détection RF large bande;2,45 GHz;2,45 GHz;;3072;2.4759815613146126;-55.039262452584495;-71.7392624525845;6.699983832816276e-11;0.1;6.6999838328162765e-12;1.511698969701823e-08;;;;VERT;True
1787665946.5212126;35.47298791600042;Wi-Fi;Wi-Fi;2,4/5 GHz;wlan0;-51.0;;;;-51.0;7.943282347242822e-09;0.1;7.943282347242823e-10;3.6442903423615006e-07;;;;ORANGE;False
1787665946.6090493;35.56064168800003;Simulation RF;Détection RF large bande;868 MHz;868 MHz;;2641;2.128179876251788;-41.127195050071506;-74.1271950500715;3.866165980184849e-11;0.1;3.866165980184849e-12;3.939293372611133e-09;;;;VERT;True
1787665946.6091878;35.56064168800003;Simulation RF;Détection RF large bande;2,45 GHz;2,45 GHz;;3060;2.4657393138481853;-54.6295725539274;-71.3295725539274;7.362795608421613e-11;0.1;7.362795608421614e-12;1.5124352492626653e-08;;;;VERT;True
1787665946.6184502;35.570225991999905;BLE Sniffer;Appareil BLE;2,4 GHz BLE;6d:d7:ea:08:d0:be;-70.0;;;;-70.0;1e-10;0.000352;3.52e-14;1.6596779472289096e-11;34;0x00;37;ORANGE;False
1787665946.6253808;35.57715657800054;Wi-Fi;Wi-Fi;2,4/5 GHz;wlan0;-50.0;;;;-50.0;1e-08;0.1;1e-09;3.654290342361501e-07;;;;ROUGE;False
1787665946.7091444;35.66072889200041;Simulation RF;Détection RF large bande;868 MHz;868 MHz;;2624;2.114932238695252;-40.59728954781008;-73.59728954781008;4.3678834884489905e-11;0.1;4.367883488448991e-12;3.943661256099582e-09;;;;VERT;True
1787665946.7093003;35.66072889200041;Simulation RF;Détection RF large bande;2,45 GHz;2,45 GHz;;3034;2.444711652270747;-53.78846609082987;-70.48846609082987;8.936210510595882e-11;0.1;8.936210510595883e-12;1.513328870313725e-08;;;;VERT;True
1787665946.7213597;35.67313428600028;Wi-Fi;Wi-Fi;2,4/5 GHz;wlan0;-49.0;;;;-49.0;1.2589254117941661e-08;0.1;1.2589254117941663e-09;3.666879596479443e-07;;;;ROUGE;False
1787665946.7268972;35.67867231800028;BLE Sniffer;Appareil BLE;2,4 GHz BLE;6d:d7:ea:08:d0:be;-72.0;;;;-72.0;6.309573444801942e-11;0.00047999999999999996;3.028595253504932e-14;1.6627065424824147e-11;50;0x00;38;VERT;False
1787665946.7270236;35.678797190000296;BLE Sniffer;Appareil BLE;2,4 GHz BLE;6d:d7:ea:08:d0:be;-64.0;;;;-64.0;3.9810717055349694e-10;0.000352;1.4013372403483091e-13;1.6767199148858976e-11;34;0x00;39;ORANGE;False
1787665946.7309132;35.68268910900042;BLE Sniffer;Appareil BLE;2,4 GHz BLE;57:10:3b:9d:cc:43;-79.0;;;;-79.0;1.2589254117941662e-11;0.00028;3.524991153023665e-15;2.5285788052126663e-12;25;0x00;37;VERT;False
1787665946.8092415;35.76081474400053;Simulation RF;Détection RF large bande;868 MHz;868 MHz;;2646;2.132014527371403;-41.28058109485612;-74.28058109485612;3.7320021950591675e-11;0.1;3.732002195059167e-12;3.947393258294641e-09;;;;VERT;True
1787665946.8094044;35.76081474400053;Simulation RF;Détection RF large bande;2,45 GHz;2,45 GHz;;3067;2.4712289923661377;-54.84915969464549;-71.5491596946455;6.999774197522556e-11;0.1;6.999774197522556e-12;1.514028847733477e-08;;;;VERT;True
1787665946.8178208;35.76959503800026;Wi-Fi;Wi-Fi;2,4/5 GHz;wlan0;-47.0;;;;-47.0;1.9952623149688786e-08;0.1;1.9952623149688786e-09;3.6868322196291317e-07;;;;ROUGE;False
1787665946.8392138;35.790989137;BLE Sniffer;iBeacon;2,4 GHz BLE;46:de:6e:42:28:32;-73.0;;;;-73.0;5.011872336272715e-11;0.000368;1.844369019748359e-14;1.7077371963117693e-11;36;0x00;38;VERT;False
1787665946.8392866;35.79105997100032;BLE Sniffer;iBeacon;2,4 GHz BLE;46:de:6e:42:28:32;-64.0;;;;-64.0;3.9810717055349694e-10;0.000368;1.4650343876368688e-13;1.7223875401881378e-11;36;0x00;39;ORANGE;False
1787665946.9092963;35.86089039200033;Simulation RF;Détection RF large bande;868 MHz;868 MHz;;2700;2.175988625128156;-43.03954500512624;-76.03954500512624;2.4891180806660362e-11;0.1;2.4891180806660364e-12;3.949882376375307e-09;;;;VERT;True
1787665946.90943;35.86089039200033;Simulation RF;Détection RF large bande;2,45 GHz;2,45 GHz;;3035;2.445448558055986;-53.817942322239446;-70.51794232223945;8.875764442089893e-11;0.1;8.875764442089893e-12;1.514916424177686e-08;;;;VERT;True
1787665946.9178026;35.86957696300033;Wi-Fi;Wi-Fi;2,4/5 GHz;wlan0;-46.0;;;;-46.0;2.511886431509582e-08;0.1;2.5118864315095824e-09;3.711951083944228e-07;;;;ROUGE;False
1787665946.9488525;35.9006278300003;BLE Sniffer;Appareil BLE;2,4 GHz BLE;6d:d7:ea:08:d0:be;-70.0;;;;-70.0;1e-10;0.000352;3.52e-14;1.6802399148858975e-11;34;0x00;37;ORANGE;False
1787665946.9540074;35.905783301000156;BLE Sniffer;Appareil BLE;2,4 GHz BLE;6d:d7:ea:08:d0:be;-72.0;;;;-72.0;6.309573444801942e-11;0.000352;2.2209698525702838e-14;1.6824608847384677e-11;34;0x00;38;VERT;False
1787665946.9540992;35.90587285800029;BLE Sniffer;Appareil BLE;2,4 GHz BLE;6d:d7:ea:08:d0:be;-64.0;;;;-64.0;3.9810717055349694e-10;0.000352;1.4013372403483091e-13;1.6964742571419507e-11;34;0x00;39;ORANGE;False
1787665947.0093648;35.96097207799994;Simulation RF;Détection RF large bande;868 MHz;868 MHz;;2613;2.10584608232597;-40.2338432930388;-73.2338432930388;4.749147636661667e-11;0.1;4.749147636661668e-12;3.9546315240119684e-09;;;;VERT;True
1787665947.0095224;35.96097207799994;Simulation RF;Détection RF large bande;2,45 GHz;2,45 GHz;;3038;2.4482744814258646;-53.93097925703458;-70.63097925703458;8.647729058370187e-11;0.1;8.647729058370187e-12;1.515781197083523e-08;;;;VERT;True
1787665947.0225515;35.97432611400018;Wi-Fi;Wi-Fi;2,4/5 GHz;wlan0;-46.0;;;;-46.0;2.511886431509582e-08;0.1;2.5118864315095824e-09;3.737069948259324e-07;;;;ROUGE;False
1787665947.0604298;36.01220462099991;Simulation LoRa;LoRa;868 MHz;LoRa 868.100 MHz;-88.65175883219344;;;;-88.65175883219344;1.3640306113050867e-12;0.046335999999999995;6.320372240543248e-14;3.79495934447495e-12;13;"SNR=5.94;SF=7;BW=125.0;CR=4/5;F=868.100;CRC=OK;PAYLOAD=54454d504f5f4c4f52415f3335";7;VERT;True
1787665947.0605066;36.01228014000026;BLE Sniffer;Appareil BLE;2,4 GHz BLE;57:10:3b:9d:cc:43;-81.0;;;;-81.0;7.943282347242821e-12;0.00028;2.22411905722799e-15;2.530802924269894e-12;25;0x00;37;VERT;False
1787665947.0659144;36.0176900030001;BLE Sniffer;iBeacon;2,4 GHz BLE;46:de:6e:42:28:32;-72.0;;;;-72.0;6.309573444801942e-11;0.000368;2.3219230276871148e-14;1.724709463215825e-11;36;0x00;38;VERT;False
1787665947.1094427;36.06105804100025;Simulation RF;Détection RF large bande;868 MHz;868 MHz;;2680;2.159427990351127;-42.37711961404507;-75.37711961404507;2.8992658400514634e-11;0.1;2.8992658400514637e-12;3.95753078985202e-09;;;;VERT;True
1787665947.1095855;36.06105804100025;Simulation RF;Détection RF large bande;2,45 GHz;2,45 GHz;;3013;2.428017960270889;-53.12071841083555;-69.82071841083555;1.0421450232873886e-10;0.1;1.0421450232873888e-11;1.5168233421068107e-08;;;;ORANGE;True
1787665947.1180258;36.069800074999876;Wi-Fi;Wi-Fi;2,4/5 GHz;wlan0;-45.0;;;;-45.0;3.162277660168379e-08;0.1;3.1622776601683795e-09;3.7686927248610074e-07;;;;ROUGE;False
1787665947.1721613;36.123936599000444;BLE Sniffer;iBeacon;2,4 GHz BLE;46:de:6e:42:28:32;-63.0;;;;-63.0;5.011872336272714e-10;0.000368;1.8443690197483588e-13;1.7431531534133088e-11;36;0x00;39;ORANGE;False
1787665947.1775603;36.12933624000016;BLE Sniffer;Appareil BLE;2,4 GHz BLE;6d:d7:ea:08:d0:be;-70.0;;;;-70.0;1e-10;0.000352;3.52e-14;1.6999942571419506e-11;34;0x00;37;ORANGE;False
1787665947.214631;36.16115420799997;Simulation RF;Détection RF large bande;868 MHz;868 MHz;;2560;2.063322284361742;-38.532891374469685;-71.53289137446968;7.026043957232269e-11;0.1;7.026043957232269e-12;3.964556833809252e-09;;;;VERT;True
1787665947.2149782;36.16115420799997;Simulation RF;Détection RF large bande;2,45 GHz;2,45 GHz;;3065;2.470333542370745;-54.81334169482979;-71.51334169482979;7.057742846658165e-11;0.1;7.057742846658165e-12;1.5175291163914764e-08;;;;VERT;True
1787665947.2232196;36.17499432400018;Wi-Fi;Wi-Fi;2,4/5 GHz;wlan0;-45.0;;;;-45.0;3.162277660168379e-08;0.1;3.1622776601683795e-09;3.800315501462691e-07;;;;ROUGE;False
1787665947.2820404;36.23381575700023;BLE Sniffer;Appareil BLE;2,4 GHz BLE;6d:d7:ea:08:d0:be;-72.0;;;;-72.0;6.309573444801942e-11;0.000352;2.2209698525702838e-14;1.7022152269945208e-11;34;0x00;38;VERT;False
1787665947.287531;36.23930643699987;BLE Sniffer;Appareil BLE;2,4 GHz BLE;6d:d7:ea:08:d0:be;-64.0;;;;-64.0;3.9810717055349694e-10;0.000352;1.4013372403483091e-13;1.7162285993980038e-11;34;0x00;39;ORANGE;False
1787665947.287631;36.239404716000536;BLE Sniffer;Appareil BLE;2,4 GHz BLE;57:14:3b:9d:8c:03;-91.0;;;;-91.0;7.943282347242822e-13;0.000296;2.3512115747838753e-16;2.3512115747838753e-16;27;0x00;37;VERT;False
1787665947.2935545;36.2453306970001;BLE Sniffer;Appareil BLE;2,4 GHz BLE;57:10:3b:9d:cc:43;-71.0;;;;-71.0;7.943282347242822e-11;0.00028;2.22411905722799e-14;2.553044114842174e-12;25;0x00;38;VERT;False
1787665947.3096051;36.26123426400045;Simulation RF;Détection RF large bande;868 MHz;868 MHz;;2647;2.1332902809597085;-41.331611238388334;-74.33161123838833;3.688407327734418e-11;0.1;3.688407327734418e-12;3.968245241136986e-09;;;;VERT;True
1787665947.3097558;36.26123426400045;Simulation RF;Détection RF large bande;2,45 GHz;2,45 GHz;;3057;2.4635537142049824;-54.54214856819928;-71.24214856819928;7.512511385132972e-11;0.1;7.512511385132972e-12;1.5182803675299897e-08;;;;VERT;True
1787665947.3182983;36.27007304000017;Wi-Fi;Wi-Fi;2,4/5 GHz;wlan0;-45.0;;;;-45.0;3.162277660168379e-08;0.1;3.1622776601683795e-09;3.8319382780643746e-07;;;;ROUGE;False
1787665947.4008236;36.35260165599993;BLE Sniffer;Appareil BLE;2,4 GHz BLE;57:10:3b:9d:cc:43;-73.0;;;;-73.0;5.011872336272715e-11;0.00028;1.40332425415636e-14;2.5670773573837378e-12;25;0x00;39;VERT;False
1787665947.4033668;36.355143724999834;BLE Sniffer;Appareil BLE;2,4 GHz BLE;d3:23:2f:4d:3e:b1;-71.0;;;;-71.0;7.943282347242822e-11;0.000376;2.986674162563301e-14;6.594596080759161e-13;37;0x00;37;VERT;False
1787665947.4034805;36.3552542260004;BLE Sniffer;Appareil BLE;2,4 GHz BLE;d3:23:2f:4d:3e:b1;-72.0;;;;-72.0;6.309573444801942e-11;0.000376;2.3723996152455302e-14;6.831836042283714e-13;37;0x00;38;VERT;False
1787665947.403537;36.3553106899999;BLE Sniffer;Appareil BLE;2,4 GHz BLE;d3:23:2f:4d:3e:b1;-85.0;;;;-85.0;3.1622776601683794e-12;0.000376;1.1890164002233105e-15;6.843726206285947e-13;37;0x00;39;VERT;False
1787665947.4145062;36.36135880199981;Simulation RF;Détection RF large bande;868 MHz;868 MHz;;2615;2.1071015766430534;-40.28406306572214;-73.28406306572214;4.694547021845827e-11;0.1;4.694547021845827e-12;3.972939788158832e-09;;;;VERT;True
1787665947.4319735;36.36135880199981;Simulation RF;Détection RF large bande;2,45 GHz;2,45 GHz;;3066;2.470955344576789;-54.83821378307155;-71.53821378307155;7.017438604626276e-11;0.1;7.017438604626277e-12;1.5189821113904522e-08;;;;VERT;True
1787665947.4573374;36.409112135000214;Wi-Fi;Wi-Fi;2,4/5 GHz;wlan0;-45.0;;;;-45.0;3.162277660168379e-08;0.1;3.1622776601683795e-09;3.863561054666058e-07;;;;ROUGE;False
1787665947.509853;36.46143813599974;Simulation RF;Détection RF large bande;868 MHz;868 MHz;;2611;2.1043476466311484;-40.17390586524593;-73.17390586524593;4.815145485284025e-11;0.1;4.8151454852840255e-12;3.977754933644116e-09;;;;VERT;True
1787665947.5099902;36.46143813599974;Simulation RF;Détection RF large bande;2,45 GHz;2,45 GHz;;3046;2.4550093961420885;-54.200375845683524;-70.90037584568353;8.127601755001335e-11;0.1;8.127601755001335e-12;1.5197948715659525e-08;;;;VERT;True
1787665947.5144615;36.46623710200038;BLE Sniffer;iBeacon;2,4 GHz BLE;46:de:6e:42:28:32;-70.0;;;;-70.0;1e-10;0.000368;3.68e-14;1.7468331534133086e-11;36;0x00;37;ORANGE;False
1787665947.5185704;36.47034685700055;BLE Sniffer;Appareil BLE;2,4 GHz BLE;46:de:6e:42:28:32;-72.0;;;;-72.0;6.309573444801942e-11;0.000368;2.3219230276871148e-14;1.749155076440996e-11;36;0x00;38;VERT;False
1787665947.5207329;36.47250938399975;BLE Sniffer;iBeacon;2,4 GHz BLE;46:de:6e:42:28:32;-64.0;;;;-64.0;3.9810717055349694e-10;0.000368;1.4650343876368688e-13;1.7638054203173644e-11;36;0x00;39;ORANGE;False
1787665947.5208237;36.47259727399978;BLE Sniffer;Appareil BLE;2,4 GHz BLE;6d:d7:ea:08:d0:be;-70.0;;;;-70.0;1e-10;0.000352;3.52e-14;1.7197485993980037e-11;34;0x00;37;ORANGE;False
1787665947.5329254;36.484701498000504;Wi-Fi;Wi-Fi;2,4/5 GHz;wlan0;-45.0;;;;-45.0;3.162277660168379e-08;0.1;3.1622776601683795e-09;3.8951838312677417e-07;;;;ROUGE;False
1787665947.6099184;36.56151687700003;Simulation RF;Détection RF large bande;868 MHz;868 MHz;;2653;2.1378237101297684;-41.51294840519073;-74.51294840519073;3.537570954826579e-11;0.1;3.537570954826579e-12;3.981292504598943e-09;;;;VERT;True
1787665947.6100574;36.56151687700003;Simulation RF;Détection RF large bande;2,45 GHz;2,45 GHz;;3016;2.430122699423648;-53.204907976945904;-69.9049079769459;1.0221372185294157e-10;0.1;1.0221372185294159e-11;1.520817008784482e-08;;;;ORANGE;True
1787665947.6185343;36.57030937400032;Wi-Fi;Wi-Fi;2,4/5 GHz;wlan0;-45.0;;;;-45.0;3.162277660168379e-08;0.1;3.1622776601683795e-09;3.9268066078694253e-07;;;;ROUGE;False
1787665947.645119;36.596894667000015;BLE Sniffer;Appareil BLE;2,4 GHz BLE;6d:d7:ea:08:d0:be;-72.0;;;;-72.0;6.309573444801942e-11;0.000352;2.2209698525702838e-14;1.721969569250574e-11;34;0x00;38;VERT;False
1787665947.6452112;36.59698463099994;BLE Sniffer;Appareil BLE;2,4 GHz BLE;6d:d7:ea:08:d0:be;-64.0;;;;-64.0;3.9810717055349694e-10;0.000352;1.4013372403483091e-13;1.735982941654057e-11;34;0x00;39;ORANGE;False
1787665947.6452541;36.59702757600007;BLE Sniffer;Appareil BLE;2,4 GHz BLE;57:10:3b:8d:cc:43;-84.0;;;;-84.0;3.9810717055349695e-12;0.00028;1.1147000775497915e-15;1.1147000775497915e-15;25;0x00;37;VERT;False
1787665947.650878;36.60265364600036;BLE Sniffer;Appareil BLE;2,4 GHz BLE;57:10:3b:9d:cc:43;-70.0;;;;-70.0;1e-10;0.00028;2.7999999999999997e-14;2.5950773573837376e-12;25;0x00;38;ORANGE;False
1787665947.710024;36.66159837699979;Simulation RF;Détection RF large bande;868 MHz;868 MHz;;2525;2.0345284829871706;-37.38113931948682;-70.38113931948682;9.159801621899205e-11;0.1;9.159801621899205e-12;3.990452306220842e-09;;;;VERT;True
1787665947.7101839;36.66159837699979;Simulation RF;Détection RF large bande;2,45 GHz;2,45 GHz;;3080;2.481912770917397;-55.27651083669586;-71.97651083669587;6.343791728565233e-11;0.1;6.343791728565234e-12;1.5214513879573383e-08;;;;VERT;True
1787665947.7186487;36.67042276400025;Wi-Fi;Wi-Fi;2,4/5 GHz;wlan0;-45.0;;;;-45.0;3.162277660168379e-08;0.1;3.1622776601683795e-09;3.958429384471109e-07;;;;ROUGE;False
1787665947.7590659;36.71084154300024;BLE Sniffer;Appareil BLE;2,4 GHz BLE;57:10:3b:9d:cc:43;-72.0;;;;-72.0;6.309573444801942e-11;0.00028;1.7666805645445437e-14;2.612744163029183e-12;25;0x00;39;VERT;False
1787665947.75914;36.71091369199985;BLE Sniffer;iBeacon;2,4 GHz BLE;46:de:6e:42:28:32;-69.0;;;;-69.0;1.2589254117941662e-10;0.000368;4.6328455154025316e-14;1.768438265832767e-11;36;0x00;37;ORANGE;False
1787665947.7646484;36.71642400099972;BLE Sniffer;Appareil BLE;2,4 GHz BLE;6d:d7:ea:08:d0:be;-72.0;;;;-72.0;6.309573444801942e-11;0.000352;2.2209698525702838e-14;1.738203911506627e-11;34;0x00;38;VERT;False
1787665947.8100638;36.76167987700046;Simulation RF;Détection RF large bande;868 MHz;868 MHz;;2639;2.127004661990284;-41.08018647961134;-74.08018647961134;3.908241140241228e-11;0.1;3.908241140241228e-12;3.994360547361084e-09;;;;VERT;True
1787665947.810203;36.76167987700046;Simulation RF;Détection RF large bande;2,45 GHz;2,45 GHz;;3014;2.4290264673335487;-53.16105869334194;-69.86105869334195;1.0325096769431823e-10;0.1;1.0325096769431823e-11;1.5224838976342814e-08;;;;ORANGE;True
1787665947.818566;36.770341002999885;Wi-Fi;Wi-Fi;2,4/5 GHz;wlan0;-45.0;;;;-45.0;3.162277660168379e-08;0.1;3.1622776601683795e-09;3.9900521610727925e-07;;;;ROUGE;False
1787665947.8712206;36.822996267000235;BLE Sniffer;Appareil BLE;2,4 GHz BLE;6d:d7:ea:08:d0:be;-64.0;;;;-64.0;3.9810717055349694e-10;0.000352;1.4013372403483091e-13;1.75221728391011e-11;34;0x00;39;ORANGE;False
1787665947.9101927;36.86175567400005;Simulation RF;Détection RF large bande;868 MHz;868 MHz;;2625;2.115747495998787;-40.62989983995148;-73.62989983995148;4.335208764356565e-11;0.1;4.335208764356565e-12;3.99869575612544e-09;;;;VERT;True
1787665947.9103339;36.86175567400005;Simulation RF;Détection RF large bande;2,45 GHz;2,45 GHz;;3090;2.490371686092715;-55.614867443708604;-72.31486744370861;5.868312807353928e-11;0.1;5.868312807353929e-12;1.5230707289150167e-08;;;;VERT;True
1787665947.9187474;36.87052194900025;Wi-Fi;Wi-Fi;2,4/5 GHz;wlan0;-45.0;;;;-45.0;3.162277660168379e-08;0.1;3.1622776601683795e-09;4.021674937674476e-07;;;;ROUGE;False
1787665947.979647;36.93142305600031;BLE Sniffer;iBeacon;2,4 GHz BLE;46:de:6e:42:28:32;-69.0;;;;-69.0;1.2589254117941662e-10;0.000368;4.6328455154025316e-14;1.7730711113481693e-11;36;0x00;37;ORANGE;False
1787665947.9853675;36.93714371999977;BLE Sniffer;Appareil BLE;2,4 GHz BLE;46:de:6e:42:a8:32;-72.0;;;;-72.0;6.309573444801942e-11;0.000368;2.3219230276871148e-14;2.3219230276871148e-14;36;0x00;38;VERT;False
1787665947.9854577;36.937231091000285;BLE Sniffer;iBeacon;2,4 GHz BLE;46:de:6e:42:28:32;-64.0;;;;-64.0;3.9810717055349694e-10;0.000368;1.4650343876368688e-13;1.787721455224538e-11;36;0x00;39;ORANGE;False
1787665947.9873903;36.939165558999775;Simulation LoRa;LoRa;868 MHz;LoRa 868.100 MHz;-89.27660620317175;;;;-89.27660620317175;1.1812433584030936e-12;0.046335999999999995;5.473409225496574e-14;3.849693436729916e-12;13;"SNR=7.34;SF=7;BW=125.0;CR=4/5;F=868.100;CRC=OK;PAYLOAD=54454d504f5f4c4f52415f3336";7;VERT;True
1787665948.0102284;36.96183800700055;Simulation RF;Détection RF large bande;868 MHz;868 MHz;;2621;2.112514807917697;-40.50059231670788;-73.50059231670788;4.466226749336751e-11;0.1;4.466226749336751e-12;4.003161982874777e-09;;;;VERT;True
1787665948.0103781;36.96183800700055;Simulation RF;Détection RF large bande;2,45 GHz;2,45 GHz;;3057;2.4635693017019804;-54.5427720680792;-71.2427720680792;7.51143292019218e-11;0.1;7.51143292019218e-12;1.523821872207036e-08;;;;VERT;True
1787665948.0188746;36.970649116999994;Wi-Fi;Wi-Fi;2,4/5 GHz;wlan0;-45.0;;;;-45.0;3.162277660168379e-08;0.1;3.1622776601683795e-09;4.0532977142761596e-07;;;;ROUGE;False
1787665948.0995712;37.05134670999996;BLE Sniffer;Appareil BLE;2,4 GHz BLE;6d:d7:ea:08:d0:be;-70.0;;;;-70.0;1e-10;0.000352;3.52e-14;1.75573728391011e-11;34;0x00;37;ORANGE;False
1787665948.0996654;37.05143924799995;BLE Sniffer;Appareil BLE;2,4 GHz BLE;6d:d7:ea:08:d0:be;-72.0;;;;-72.0;6.309573444801942e-11;0.000352;2.2209698525702838e-14;1.7579582537626802e-11;34;0x00;38;VERT;False
1787665948.099707;37.05148026700044;BLE Sniffer;Appareil BLE;2,4 GHz BLE;6d:d7:ea:08:d0:be;-64.0;;;;-64.0;3.9810717055349694e-10;0.000352;1.4013372403483091e-13;1.7719716261661632e-11;34;0x00;39;ORANGE;False
1787665948.1102846;37.06191863700042;Simulation RF;Détection RF large bande;868 MHz;868 MHz;;2572;2.0724523393962495;-38.89809357584997;-71.89809357584997;6.459377143350556e-11;0.1;6.459377143350557e-12;4.0096213600181276e-09;;;;VERT;True
1787665948.110439;37.06191863700042;Simulation RF;Détection RF large bande;2,45 GHz;2,45 GHz;;3017;2.431309151945429;-53.25236607781714;-69.95236607781715;1.011028486211514e-10;0.1;1.011028486211514e-11;1.5248329006932473e-08;;;;ORANGE;True
1787665948.118959;37.07073354299973;Wi-Fi;Wi-Fi;2,4/5 GHz;wlan0;-45.0;;;;-45.0;3.162277660168379e-08;0.1;3.1622776601683795e-09;4.084920490877843e-07;;;;ROUGE;False
1787665948.2118216;37.16359758300041;BLE Sniffer;iBeacon;2,4 GHz BLE;46:de:6e:42:28:32;-71.0;;;;-71.0;7.943282347242822e-11;0.000368;2.923127903785358e-14;1.7906445831283234e-11;36;0x00;37;VERT;False
1787665948.214675;37.162015415000496;Simulation RF;Détection RF large bande;868 MHz;868 MHz;;2591;2.0880205320872087;-39.520821283488345;-72.52082128348835;5.5965175713621085e-11;0.1;5.596517571362109e-12;4.01521787758949e-09;;;;VERT;True
1787665948.2148266;37.162015415000496;Simulation RF;Détection RF large bande;2,45 GHz;2,45 GHz;;3056;2.4628388488179387;-54.513553952717544;-71.21355395271755;7.562138109229318e-11;0.1;7.562138109229319e-12;1.5255891145041703e-08;;;;VERT;True
1787665948.223639;37.1754137300004;Wi-Fi;Wi-Fi;2,4/5 GHz;wlan0;-45.0;;;;-45.0;3.162277660168379e-08;0.1;3.1622776601683795e-09;4.116543267479527e-07;;;;ROUGE;False
1787665948.3105166;37.26210065600026;Simulation RF;Détection RF large bande;868 MHz;868 MHz;;2578;2.077701205564519;-39.10804822258076;-72.10804822258076;6.154534035483073e-11;0.1;6.154534035483073e-12;4.0213724116249735e-09;;;;VERT;True
1787665948.310672;37.26210065600026;Simulation RF;Détection RF large bande;2,45 GHz;2,45 GHz;;3022;2.4349737805582983;-53.39895122233193;-70.09895122233193;9.774732424524026e-11;0.1;9.774732424524027e-12;1.5265665877466227e-08;;;;VERT;True
1787665948.3185396;37.27031649899982;BLE Sniffer;iBeacon;2,4 GHz BLE;46:de:6e:42:28:32;-72.0;;;;-72.0;6.309573444801942e-11;0.000368;2.3219230276871148e-14;1.7929665061560106e-11;36;0x00;38;VERT;False
1787665948.3211434;37.27291934599998;BLE Sniffer;iBeacon;2,4 GHz BLE;46:de:6e:42:28:32;-63.0;;;;-63.0;5.011872336272714e-10;0.000368;1.8443690197483588e-13;1.8114101963534944e-11;36;0x00;39;ORANGE;False
1787665948.3297443;37.28152011900056;Wi-Fi;Wi-Fi;2,4/5 GHz;wlan0;-45.0;;;;-45.0;3.162277660168379e-08;0.1;3.1622776601683795e-09;4.1481660440812104e-07;;;;ROUGE;False
1787665948.4105816;37.36217741600012;Simulation RF;Détection RF large bande;868 MHz;868 MHz;;2546;2.051797247118992;-38.071889884759685;-71.07188988475968;7.812877438286268e-11;0.1;7.812877438286268e-12;4.02918528906326e-09;;;;VERT;True
1787665948.4107203;37.36217741600012;Simulation RF;Détection RF large bande;2,45 GHz;2,45 GHz;;3123;2.5165452050749693;-56.66180820299877;-73.36180820299877;4.6112554306367766e-11;0.1;4.611255430636777e-12;1.5270277132896865e-08;;;;VERT;True
1787665948.41928;37.37105469300059;Wi-Fi;Wi-Fi;2,4/5 GHz;wlan0;-45.0;;;;-45.0;3.162277660168379e-08;0.1;3.1622776601683795e-09;4.179788820682894e-07;;;;ROUGE;False
1787665948.4314384;37.38321421399996;BLE Sniffer;Appareil BLE;2,4 GHz BLE;6d:d7:ea:08:d0:be;-70.0;;;;-70.0;1e-10;0.000352;3.52e-14;1.775491626166163e-11;34;0x00;37;ORANGE;False
1787665948.4315338;37.38330741899972;BLE Sniffer;Appareil BLE;2,4 GHz BLE;6d:d7:ea:08:d0:be;-72.0;;;;-72.0;6.309573444801942e-11;0.000352;2.2209698525702838e-14;1.7777125960187333e-11;34;0x00;38;VERT;False
1787665948.4315748;37.38334816000042;BLE Sniffer;Appareil BLE;2,4 GHz BLE;6d:d7:ea:08:d0:be;-63.0;;;;-63.0;5.011872336272714e-10;0.000352;1.7641790623679954e-13;1.7953543866424132e-11;34;0x00;39;ORANGE;False
1787665948.4375317;37.38930739999978;BLE Sniffer;Appareil BLE;2,4 GHz BLE;57:10:3b:9d:cc:43;-76.0;;;;-76.0;2.5118864315095823e-11;0.00028;7.03328200822683e-15;2.61977744503741e-12;25;0x00;37;VERT;False
1787665948.510676;37.462261878999925;Simulation RF;Détection RF large bande;868 MHz;868 MHz;;2592;2.088494013197993;-39.539760527919725;-72.53976052791973;5.5721647327099684e-11;0.1;5.5721647327099686e-12;4.03475745379597e-09;;;;VERT;True
1787665948.5108318;37.462261878999925;Simulation RF;Détection RF large bande;2,45 GHz;2,45 GHz;;3064;2.46887964240331;-54.755185696132386;-71.45518569613239;7.152888090205745e-11;0.1;7.152888090205745e-12;1.527743002098707e-08;;;;VERT;True
1787665948.5197673;37.471541902000354;Wi-Fi;Wi-Fi;2,4/5 GHz;wlan0;-45.0;;;;-45.0;3.162277660168379e-08;0.1;3.1622776601683795e-09;4.2114115972845775e-07;;;;ROUGE;False
1787665948.5459566;37.49773150400051;BLE Sniffer;Appareil BLE;2,4 GHz BLE;57:10:3b:9d:cc:43;-71.0;;;;-71.0;7.943282347242822e-11;0.00028;2.22411905722799e-14;2.64201863560969e-12;25;0x00;38;VERT;False
1787665948.5460355;37.49780889399972;BLE Sniffer;Appareil BLE;2,4 GHz BLE;57:10:3b:9d:cc:43;-72.0;;;;-72.0;6.309573444801942e-11;0.00028;1.7666805645445437e-14;2.6596854412551356e-12;25;0x00;39;VERT;False
1787665948.549876;37.50165201599975;BLE Sniffer;iBeacon;2,4 GHz BLE;46:de:6e:42:28:32;-70.0;;;;-70.0;1e-10;0.000368;3.68e-14;1.8150901963534942e-11;36;0x00;37;ORANGE;False
1787665948.6107905;37.562359360999835;Simulation RF;Détection RF large bande;868 MHz;868 MHz;;2536;2.0434301974672877;-37.73720789869151;-70.73720789869151;8.43877116292335e-11;0.1;8.43877116292335e-12;4.043196224958893e-09;;;;VERT;True
1787665948.6110356;37.562359360999835;Simulation RF;Détection RF large bande;2,45 GHz;2,45 GHz;;3048;2.4565841904055685;-54.26336761622274;-70.96336761622274;8.010566653009504e-11;0.1;8.010566653009504e-12;1.528544058764008e-08;;;;VERT;True
1787665948.619781;37.57155597500059;Wi-Fi;Wi-Fi;2,4/5 GHz;wlan0;-47.0;;;;-47.0;1.9952623149688786e-08;0.1;1.9952623149688786e-09;4.2313642204342664e-07;;;;ROUGE;False
1787665948.6585996;37.61037497500001;BLE Sniffer;Appareil BLE;2,4 GHz BLE;6d:d7:ea:08:d0:be;-72.0;;;;-72.0;6.309573444801942e-11;0.000352;2.2209698525702838e-14;1.7975753564949834e-11;34;0x00;38;VERT;False
1787665948.6623392;37.61411541000052;BLE Sniffer;Appareil BLE;2,4 GHz BLE;6d:d7:ea:08:d0:be;-63.0;;;;-63.0;5.011872336272714e-10;0.000352;1.7641790623679954e-13;1.8152171471186633e-11;34;0x00;39;ORANGE;False
1787665948.6645527;37.61632812300013;BLE Sniffer;Appareil BLE;2,4 GHz BLE;57:10:3b:9d:cc:43;-82.0;;;;-82.0;6.309573444801943e-12;0.00028;1.7666805645445437e-15;2.66145212181968e-12;25;0x00;37;VERT;False
1787665948.71086;37.662447620999956;Simulation RF;Détection RF large bande;868 MHz;868 MHz;;2599;2.0943653860756966;-39.774615443027855;-72.77461544302786;5.278839475239979e-11;0.1;5.278839475239979e-12;4.048475064434133e-09;;;;VERT;True
1787665948.7110229;37.662447620999956;Simulation RF;Détection RF large bande;2,45 GHz;2,45 GHz;;3030;2.44176224129228;-53.6704896516912;-70.3704896516912;9.182290635630215e-11;0.1;9.182290635630215e-12;1.5294622878275712e-08;;;;VERT;True
1787665948.7196553;37.671430565000264;Wi-Fi;Wi-Fi;2,4/5 GHz;wlan0;-47.0;;;;-47.0;1.9952623149688786e-08;0.1;1.9952623149688786e-09;4.2513168435839554e-07;;;;ROUGE;False
1787665948.7713158;37.723091836000094;BLE Sniffer;Appareil BLE;2,4 GHz BLE;57:18:3b:9d:cc:43;-76.0;;;;-76.0;2.5118864315095823e-11;0.00028;7.03328200822683e-15;7.03328200822683e-15;25;0x00;38;VERT;False
1787665948.7713885;37.72316205900006;BLE Sniffer;Appareil BLE;2,4 GHz BLE;57:10:3b:9d:cc:43;-80.0;;;;-80.0;1e-11;0.00028;2.7999999999999997e-15;2.66425212181968e-12;25;0x00;39;VERT;False
1787665948.777195;37.728971649000414;BLE Sniffer;iBeacon;2,4 GHz BLE;46:de:6e:42:28:32;-70.0;;;;-70.0;1e-10;0.000368;3.68e-14;1.818770196353494e-11;36;0x00;37;ORANGE;False
1787665948.8109112;37.76252621399999;Simulation RF;Détection RF large bande;868 MHz;868 MHz;;2609;2.1025569127453894;-40.10227650981557;-73.10227650981557;4.895221515641607e-11;0.1;4.895221515641607e-12;4.0533702859497745e-09;;;;VERT;True
1787665948.8110478;37.76252621399999;Simulation RF;Détection RF large bande;2,45 GHz;2,45 GHz;;3118;2.5129000019195455;-56.51600007678181;-73.21600007678181;4.768699896708753e-11;0.1;4.768699896708753e-12;1.529939157817242e-08;;;;VERT;True
1787665948.819666;37.77144032399974;Wi-Fi;Wi-Fi;2,4/5 GHz;wlan0;-48.0;;;;-48.0;1.5848931924611143e-08;0.1;1.5848931924611144e-09;4.267165775508567e-07;;;;ROUGE;False
1787665948.8838694;37.835644990999754;BLE Sniffer;iBeacon;2,4 GHz BLE;47:de:6e:42:28:32;-72.0;;;;-72.0;6.309573444801942e-11;0.000368;2.3219230276871148e-14;2.3219230276871148e-14;36;0x00;38;VERT;False
1787665948.8896122;37.84138872800031;BLE Sniffer;iBeacon;2,4 GHz BLE;46:de:6e:42:28:32;-63.0;;;;-63.0;5.011872336272714e-10;0.000368;1.8443690197483588e-13;1.8372138865509778e-11;36;0x00;39;ORANGE;False
1787665948.894168;37.84594330300024;BLE Sniffer;Appareil BLE;2,4 GHz BLE;6d:d7:ea:08:d0:be;-70.0;;;;-70.0;1e-10;0.000352;3.52e-14;1.8187371471186632e-11;34;0x00;37;ORANGE;False
1787665948.9161756;37.86264558499988;Simulation RF;Détection RF large bande;868 MHz;868 MHz;;2585;2.083003106631631;-39.32012426526522;-72.32012426526522;5.861213935036958e-11;0.1;5.861213935036959e-12;4.059231499884811e-09;;;;VERT;True
1787665948.9165468;37.86264558499988;Simulation RF;Détection RF large bande;2,45 GHz;2,45 GHz;;3045;2.4541764564556274;-54.1670582582251;-70.8670582582251;8.190193721298143e-11;0.1;8.190193721298143e-12;1.530758177189372e-08;;;;VERT;True
1787665948.9254549;37.87722928400035;Wi-Fi;Wi-Fi;2,4/5 GHz;wlan0;-48.0;;;;-48.0;1.5848931924611143e-08;0.1;1.5848931924611144e-09;4.283014707433178e-07;;;;ROUGE;False
1787665949.00072;37.95249677300035;BLE Sniffer;Appareil BLE;2,4 GHz BLE;6d:d7:ea:08:d0:be;-74.0;;;;-74.0;3.9810717055349695e-11;0.000352;1.4013372403483093e-14;1.8201384843590115e-11;34;0x00;38;VERT;False
1787665949.0027525;37.95452824299991;BLE Sniffer;Appareil BLE;2,4 GHz BLE;6d:d7:ea:08:d0:be;-63.0;;;;-63.0;5.011872336272714e-10;0.000352;1.7641790623679954e-13;1.8377802749826914e-11;34;0x00;39;ORANGE;False
1787665949.0028925;37.95466622599997;Simulation LoRa;LoRa;868 MHz;LoRa 868.100 MHz;-91.33943181299196;;;;-91.33943181299196;7.346099708146539e-13;0.046335999999999995;3.40388876076678e-14;3.883732324337584e-12;13;"SNR=7.43;SF=7;BW=125.0;CR=4/5;F=868.100;CRC=OK;PAYLOAD=54454d504f5f4c4f52415f3337";7;VERT;True
1787665949.011084;37.96272586299983;Simulation RF;Détection RF large bande;868 MHz;868 MHz;;2552;2.056570854479959;-38.262834179198364;-71.26283417919836;7.476814089560386e-11;0.1;7.476814089560387e-12;4.066708313974372e-09;;;;VERT;True
1787665949.0112336;37.96272586299983;Simulation RF;Détection RF large bande;2,45 GHz;2,45 GHz;;3045;2.453485484670173;-54.13941938680692;-70.83941938680692;8.242483023328584e-11;0.1;8.242483023328585e-12;1.5315824254917047e-08;;;;VERT;True
1787665949.0200005;37.971775048999916;Wi-Fi;Wi-Fi;2,4/5 GHz;wlan0;-50.0;;;;-50.0;1e-08;0.1;1e-09;4.2930147074331784e-07;;;;ROUGE;False
1787665949.1153824;38.06715880600041;BLE Sniffer;iBeacon;2,4 GHz BLE;46:de:6e:42:28:32;-70.0;;;;-70.0;1e-10;0.000368;3.68e-14;1.8408938865509776e-11;36;0x00;37;ORANGE;False
1787665949.1154814;38.06725493700014;BLE Sniffer;iBeacon;2,4 GHz BLE;46:de:6e:52:28:32;-72.0;;;;-72.0;6.309573444801942e-11;0.000368;2.3219230276871148e-14;2.3219230276871148e-14;36;0x00;38;VERT;False
1787665949.1155229;38.06729623299998;BLE Sniffer;iBeacon;2,4 GHz BLE;46:de:6e:42:28:32;-63.0;;;;-63.0;5.011872336272714e-10;0.000368;1.8443690197483588e-13;1.8593375767484613e-11;36;0x00;39;ORANGE;False
1787665949.1222017;38.06319460800023;Simulation RF;Détection RF large bande;868 MHz;868 MHz;;2567;2.0688716468530273;-38.75486587412108;-71.75486587412108;6.675955184155358e-11;0.1;6.675955184155358e-12;4.073384269158527e-09;;;;VERT;True
1787665949.1352558;38.06319460800023;Simulation RF;Détection RF large bande;2,45 GHz;2,45 GHz;;3002;2.4189562448200292;-52.758249792801166;-69.45824979280117;1.1328568126642302e-10;0.1;1.1328568126642303e-11;1.5327152823043688e-08;;;;ORANGE;True
1787665949.1440487;38.0958230870001;Wi-Fi;Wi-Fi;2,4/5 GHz;wlan0;-50.0;;;;-50.0;1e-08;0.1;1e-09;4.3030147074331786e-07;;;;ROUGE;False
1787665949.211679;38.163274200999695;Simulation RF;Détection RF large bande;868 MHz;868 MHz;;2610;2.1032550157248013;-40.13020062899206;-73.13020062899206;4.863847358841284e-11;0.1;4.863847358841284e-12;4.078248116517369e-09;;;;VERT;True
1787665949.2118201;38.163274200999695;Simulation RF;Détection RF large bande;2,45 GHz;2,45 GHz;;3102;2.5000628341018936;-56.00251336407574;-72.70251336407574;5.3672109338225076e-11;0.1;5.367210933822508e-12;1.533252003397751e-08;;;;VERT;True
1787665949.2204373;38.17221120100021;Wi-Fi;Wi-Fi;2,4/5 GHz;wlan0;-51.0;;;;-51.0;7.943282347242822e-09;0.1;7.943282347242823e-10;4.3109579897804215e-07;;;;ORANGE;False
1787665949.2279983;38.17977409100058;BLE Sniffer;Appareil BLE;2,4 GHz BLE;6d:d7:ea:08:d0:be;-70.0;;;;-70.0;1e-10;0.000352;3.52e-14;1.8413002749826913e-11;34;0x00;37;ORANGE;False
1787665949.2280927;38.17986607400053;BLE Sniffer;Appareil BLE;2,4 GHz BLE;6d:d7:ea:08:d0:be;-72.0;;;;-72.0;6.309573444801942e-11;0.000352;2.2209698525702838e-14;1.8435212448352615e-11;34;0x00;38;VERT;False
1787665949.3117573;38.26335305300017;Simulation RF;Détection RF large bande;868 MHz;868 MHz;;2553;2.0572590779939395;-38.29036311975757;-71.29036311975757;7.42957015613e-11;0.1;7.42957015613e-12;4.085677686673499e-09;;;;VERT;True
1787665949.311889;38.26335305300017;Simulation RF;Détection RF large bande;2,45 GHz;2,45 GHz;;3088;2.4884909367722705;-55.53963747089081;-72.23963747089081;5.970851264306891e-11;0.1;5.970851264306892e-12;1.5338490885241818e-08;;;;VERT;True
1787665949.320376;38.27215042199987;Wi-Fi;Wi-Fi;2,4/5 GHz;wlan0;-51.0;;;;-51.0;7.943282347242822e-09;0.1;7.943282347242823e-10;4.3189012721276644e-07;;;;ORANGE;False
1787665949.3482966;38.300071546000254;BLE Sniffer;Appareil BLE;2,4 GHz BLE;6d:d7:ea:08:d0:be;-64.0;;;;-64.0;3.9810717055349694e-10;0.000352;1.4013372403483091e-13;1.8575346172387445e-11;34;0x00;39;ORANGE;False
1787665949.3483868;38.30016030600018;BLE Sniffer;Appareil BLE;2,4 GHz BLE;57:10:3b:9d:cc:43;-84.0;;;;-84.0;3.9810717055349695e-12;0.000176;7.006686201741546e-16;2.6649527904398543e-12;12;0x03;37;VERT;False
1787665949.348429;38.300202584000544;BLE Sniffer;Appareil BLE;2,4 GHz BLE;57:10:3b:9d:cc:43;-70.0;;;;-70.0;1e-10;0.00028;2.7999999999999997e-14;2.692952790439854e-12;25;0x00;38;ORANGE;False
1787665949.3484664;38.30023995500051;BLE Sniffer;Appareil BLE;2,4 GHz BLE;57:10:3b:9d:cc:43;-72.0;;;;-72.0;6.309573444801942e-11;0.00028;1.7666805645445437e-14;2.7106195960852997e-12;25;0x00;39;VERT;False
1787665949.3541708;38.30594678499983;BLE Sniffer;Appareil BLE;2,4 GHz BLE;4d:e9:fc:d4:28:10;-82.0;;;;-82.0;6.309573444801943e-12;0.000176;1.110484926285142e-15;1.110484926285142e-15;12;0x03;37;VERT;False
1787665949.4118419;38.363435868000124;Simulation RF;Détection RF large bande;868 MHz;868 MHz;;2514;2.0256765710766076;-37.0270628430643;-70.0270628430643;9.937879253164225e-11;0.1;9.937879253164226e-12;4.0956155659266635e-09;;;;VERT;True
1787665949.4119923;38.363435868000124;Simulation RF;Détection RF large bande;2,45 GHz;2,45 GHz;;3036;2.4465403253307323;-53.86161301322929;-70.56161301322929;8.78696099679925e-11;0.1;8.78696099679925e-12;1.5347277846238616e-08;;;;VERT;True
1787665949.4206674;38.372441962000266;Wi-Fi;Wi-Fi;2,4/5 GHz;wlan0;-53.0;;;;-53.0;5.011872336272715e-09;0.1;5.011872336272715e-10;4.323913144463937e-07;;;;ORANGE;False
1787665949.4659169;38.41769317099988;BLE Sniffer;Appareil BLE;2,4 GHz BLE;d3:23:2f:4d:3e:b1;-75.0;;;;-75.0;3.1622776601683794e-11;0.000376;1.1890164002233105e-14;6.962627846308278e-13;37;0x00;38;VERT;False
1787665949.4659884;38.417761763999806;BLE Sniffer;Appareil BLE;2,4 GHz BLE;d3:23:2f:4d:3e:b1;-88.0;;;;-88.0;1.584893192461111e-12;0.000376;5.9591984036537765e-16;6.968587044711932e-13;37;0x00;39;VERT;False
1787665949.4717772;38.423553558000094;BLE Sniffer;iBeacon;2,4 GHz BLE;46:de:6e:42:28:32;-70.0;;;;-70.0;1e-10;0.000368;3.68e-14;1.8630175767484612e-11;36;0x00;37;ORANGE;False
1787665949.4718719;38.42364542999985;BLE Sniffer;iBeacon;2,4 GHz BLE;46:de:6e:42:28:32;-74.0;;;;-74.0;3.9810717055349695e-11;0.000368;1.4650343876368688e-14;1.864482611136098e-11;36;0x00;38;VERT;False
1787665949.471912;38.42368526399969;BLE Sniffer;iBeacon;2,4 GHz BLE;46:de:6e:42:28:32;-64.0;;;;-64.0;3.9810717055349694e-10;0.000368;1.4650343876368688e-13;1.8791329550124666e-11;36;0x00;39;ORANGE;False
1787665949.5119073;38.46351507200052;Simulation RF;Détection RF large bande;868 MHz;868 MHz;;2545;2.0505469922541404;-38.02187969016562;-71.02187969016562;7.903364847494994e-11;0.1;7.903364847494994e-12;4.103518930774158e-09;;;;VERT;True
1787665949.5120425;38.46351507200052;Simulation RF;Détection RF large bande;2,45 GHz;2,45 GHz;;3058;2.464617212789427;-54.58468851157707;-71.28468851157707;7.439284176678617e-11;0.1;7.439284176678618e-12;1.5354717130415294e-08;;;;VERT;True
1787665949.5206316;38.47240614600014;Wi-Fi;Wi-Fi;2,4/5 GHz;wlan0;-53.0;;;;-53.0;5.011872336272715e-09;0.1;5.011872336272715e-10;4.3289250168002095e-07;;;;ORANGE;False
1787665949.582974;38.53474906700012;BLE Sniffer;Appareil BLE;2,4 GHz BLE;6d:d7:ea:08:d0:be;-70.0;;;;-70.0;1e-10;0.000352;3.52e-14;1.8610546172387444e-11;34;0x00;37;ORANGE;False
1787665949.5908265;38.542602460000126;BLE Sniffer;Appareil BLE;2,4 GHz BLE;6d:d7:ea:08:d0:be;-72.0;;;;-72.0;6.309573444801942e-11;0.000352;2.2209698525702838e-14;1.8632755870913146e-11;34;0x00;38;VERT;False
1787665949.590924;38.54269796199969;BLE Sniffer;Appareil BLE;2,4 GHz BLE;6d:d7:ea:08:d0:be;-64.0;;;;-64.0;3.9810717055349694e-10;0.000352;1.4013372403483091e-13;1.8772889594947976e-11;34;0x00;39;ORANGE;False
1787665949.6121764;38.56360303600013;Simulation RF;Détection RF large bande;868 MHz;868 MHz;;2490;2.0068424245010927;-36.27369698004371;-69.27369698004371;1.182034906974053e-10;0.1;1.1820349069740532e-11;4.115339279843899e-09;;;;ORANGE;True
1787665949.6123083;38.56360303600013;Simulation RF;Détection RF large bande;2,45 GHz;2,45 GHz;;3079;2.480953357952018;-55.238134318080725;-71.93813431808073;6.400097176578606e-11;0.1;6.400097176578607e-12;1.5361117227591872e-08;;;;VERT;True
1787665949.6207654;38.57254010900033;Wi-Fi;Wi-Fi;2,4/5 GHz;wlan0;-54.0;;;;-54.0;3.981071705534969e-09;0.1;3.9810717055349694e-10;4.3329060885057446e-07;;;;ORANGE;False
1787665949.698414;38.650189609000336;BLE Sniffer;iBeacon;2,4 GHz BLE;46:de:6e:42:28:32;-70.0;;;;-70.0;1e-10;0.000368;3.68e-14;1.8828129550124664e-11;36;0x00;37;ORANGE;False
1787665949.7120495;38.663684351000484;Simulation RF;Détection RF large bande;868 MHz;868 MHz;;2565;2.066691445363267;-38.667657814530685;-71.66765781453068;6.81136602166511e-11;0.1;6.811366021665111e-12;4.122150645865564e-09;;;;VERT;True
1787665949.7122037;38.663684351000484;Simulation RF;Détection RF large bande;2,45 GHz;2,45 GHz;;3103;2.5003864215090816;-56.01545686036326;-72.71545686036326;5.35123857928315e-11;0.1;5.351238579283151e-12;1.5366468466171154e-08;;;;VERT;True
1787665949.7211015;38.67287602000033;Wi-Fi;Wi-Fi;2,4/5 GHz;wlan0;-54.0;;;;-54.0;3.981071705534969e-09;0.1;3.9810717055349694e-10;4.33688716021128e-07;;;;ORANGE;False
1787665949.8145375;38.76631367899972;BLE Sniffer;Appareil BLE;2,4 GHz BLE;57:10:3b:9d:cc:43;-71.0;;;;-71.0;7.943282347242822e-11;0.00028;2.22411905722799e-14;2.7328607866575797e-12;25;0x00;38;VERT;False
1787665949.8146334;38.76640754999971;BLE Sniffer;Appareil BLE;2,4 GHz BLE;57:10:3b:9d:cc:43;-71.0;;;;-71.0;7.943282347242822e-11;0.00028;2.22411905722799e-14;2.7551019772298598e-12;25;0x00;39;VERT;False
1787665949.8146763;38.76644968100027;BLE Sniffer;Appareil BLE;2,4 GHz BLE;6d:d7:ea:08:d0:be;-71.0;;;;-71.0;7.943282347242822e-11;0.000352;2.796035386229473e-14;1.8800849948810272e-11;34;0x00;37;VERT;False
1787665949.8216555;38.76445248900018;Simulation RF;Détection RF large bande;868 MHz;868 MHz;;2529;2.0381513450236524;-37.52605380094609;-70.52605380094609;8.859202320139291e-11;0.1;8.859202320139293e-12;4.131009848185703e-09;;;;VERT;True
1787665949.8218102;38.76445248900018;Simulation RF;Détection RF large bande;2,45 GHz;2,45 GHz;;3024;2.4365876640127073;-53.46350656050828;-70.16350656050828;9.630511273167445e-11;0.1;9.630511273167446e-12;1.537609897744432e-08;;;;VERT;True
1787665949.8305726;38.78234771100051;Wi-Fi;Wi-Fi;2,4/5 GHz;wlan0;-56.0;;;;-56.0;2.511886431509582e-09;0.1;2.511886431509582e-10;4.339399046642789e-07;;;;ORANGE;False
1787665949.9129362;38.864530525999726;Simulation RF;Détection RF large bande;868 MHz;868 MHz;;2561;2.0636490066945714;-38.545960267782846;-71.54596026778285;7.004932797919927e-11;0.1;7.004932797919928e-12;4.138014780983623e-09;;;;VERT;True
1787665949.9130745;38.864530525999726;Simulation RF;Détection RF large bande;2,45 GHz;2,45 GHz;;3042;2.4512933147680815;-54.05173259072326;-70.75173259072326;8.410595392538188e-11;0.1;8.410595392538189e-12;1.538450957283686e-08;;;;VERT;True
1787665949.925449;38.877225184000054;BLE Sniffer;Appareil BLE;2,4 GHz BLE;6d:d7:ea:08:d0:be;-72.0;;;;-72.0;6.309573444801942e-11;0.000352;2.2209698525702838e-14;1.8823059647335974e-11;34;0x00;38;VERT;False
1787665949.9275956;38.87937235899972;BLE Sniffer;Appareil BLE;2,4 GHz BLE;6d:d7:ea:08:d0:be;-63.0;;;;-63.0;5.011872336272714e-10;0.000352;1.7641790623679954e-13;1.8999477553572774e-11;34;0x00;39;ORANGE;False
1787665949.9276898;38.879463267000574;BLE Sniffer;iBeacon;2,4 GHz BLE;46:de:6e:42:28:32;-70.0;;;;-70.0;1e-10;0.000368;3.68e-14;1.8864929550124663e-11;36;0x00;37;ORANGE;False
1787665949.9383738;38.890149400000155;BLE Sniffer;iBeacon;2,4 GHz BLE;46:de:6e:42:28:32;-72.0;;;;-72.0;6.309573444801942e-11;0.000368;2.3219230276871148e-14;1.8888148780401535e-11;36;0x00;38;VERT;False
1787665949.9215972;38.873372709999785;Wi-Fi;Wi-Fi;2,4/5 GHz;wlan0;-56.0;;;;-56.0;2.511886431509582e-09;0.1;2.511886431509582e-10;4.3419109330742986e-07;;;;ORANGE;False
1787665950.0130239;38.9646141559997;Simulation RF;Détection RF large bande;868 MHz;868 MHz;;2587;2.084643400843446;-39.38573603373783;-72.38573603373783;5.773330191587327e-11;0.1;5.773330191587327e-12;4.143788111175211e-09;;;;VERT;True
1787665950.013177;38.9646141559997;Simulation RF;Détection RF large bande;2,45 GHz;2,45 GHz;;2972;2.3949777821602036;-51.79911128640815;-68.49911128640815;1.4128266272196195e-10;0.1;1.4128266272196196e-11;1.5398637839109054e-08;;;;ORANGE;True
1787665950.0219243;38.973699473000124;Wi-Fi;Wi-Fi;2,4/5 GHz;wlan0;-56.0;;;;-56.0;2.511886431509582e-09;0.1;2.511886431509582e-10;4.344422819505808e-07;;;;ORANGE;False
1787665950.0429635;38.99473988200043;BLE Sniffer;iBeacon;2,4 GHz BLE;46:de:6e:42:28:32;-63.0;;;;-63.0;5.011872336272714e-10;0.000368;1.8443690197483588e-13;1.9072585682376373e-11;36;0x00;39;ORANGE;False
1787665950.0431063;38.99487992000013;Simulation LoRa;LoRa;868 MHz;LoRa 868.100 MHz;-92.69757460204265;;;;-92.69757460204265;5.373317954839875e-13;0.046335999999999995;2.489780607554604e-14;3.90863013041313e-12;13;"SNR=8.02;SF=7;BW=125.0;CR=4/5;F=868.100;CRC=OK;PAYLOAD=54454d504f5f4c4f52415f3338";7;VERT;True
1787665950.0475664;38.99934334600039;BLE Sniffer;Appareil BLE;2,4 GHz BLE;57:10:3b:9d:cc:43;-75.0;;;;-75.0;3.1622776601683794e-11;0.00028;8.854377448471461e-15;2.7639563546783314e-12;25;0x00;37;VERT;False
1787665950.055922;39.00769778300037;BLE Sniffer;Appareil BLE;2,4 GHz BLE;4a:84:7e:7a:ac:a6;-76.0;;;;-76.0;2.5118864315095823e-11;0.000176;4.4209201194568646e-15;4.4209201194568646e-15;12;0x03;38;VERT;False
1787665950.1131012;39.06469739699969;Simulation RF;Détection RF large bande;868 MHz;868 MHz;;2513;2.0252986781763567;-37.01194712705427;-70.01194712705427;9.972528526683148e-11;0.1;9.972528526683148e-12;4.153760639701894e-09;;;;VERT;True
1787665950.113247;39.06469739699969;Simulation RF;Détection RF large bande;2,45 GHz;2,45 GHz;;3083;2.484395013658557;-55.375800546342276;-72.07580054634228;6.200403394666486e-11;0.1;6.200403394666487e-12;1.5404838242503722e-08;;;;VERT;True
1787665950.12172;39.07349465400057;Wi-Fi;Wi-Fi;2,4/5 GHz;wlan0;-57.0;;;;-57.0;1.9952623149688828e-09;0.1;1.9952623149688828e-10;4.346418081820777e-07;;;;ORANGE;False
1787665950.158969;39.11074304199974;BLE Sniffer;Appareil BLE;2,4 GHz BLE;6d:d7:ea:08:d0:be;-64.0;;;;-64.0;3.9810717055349694e-10;0.000352;1.4013372403483091e-13;1.9139611277607603e-11;34;0x00;39;ORANGE;False
1787665950.2133827;39.164816416000576;Simulation RF;Détection RF large bande;868 MHz;868 MHz;;2472;1.9920719252369832;-35.68287700947933;-68.68287700947933;1.3542919564056202e-10;0.1;1.3542919564056202e-11;4.167303559265951e-09;;;;ORANGE;True
1787665950.2135963;39.164816416000576;Simulation RF;Détection RF large bande;2,45 GHz;2,45 GHz;;3089;2.4892260510552773;-55.56904204221108;-72.26904204221108;5.930561252475312e-11;0.1;5.930561252475312e-12;1.5410768803756198e-08;;;;VERT;True
1787665950.22317;39.1749449859999;Wi-Fi;Wi-Fi;2,4/5 GHz;wlan0;-57.0;;;;-57.0;1.9952623149688828e-09;0.1;1.9952623149688828e-10;4.348413344135746e-07;;;;ORANGE;False
1787665950.2677324;39.219507335000344;BLE Sniffer;iBeacon;2,4 GHz BLE;46:de:6e:42:28:32;-70.0;;;;-70.0;1e-10;0.000368;3.68e-14;1.910938568237637e-11;36;0x00;37;ORANGE;False
1787665950.2741282;39.22590437800045;BLE Sniffer;Appareil BLE;2,4 GHz BLE;46:de:6e:42:28:32;-75.0;;;;-75.0;3.1622776601683794e-11;0.000176;5.565608681896348e-15;1.9114951291058266e-11;12;0x03;38;VERT;False
1787665950.2742205;39.22599410099974;BLE Sniffer;iBeacon;2,4 GHz BLE;46:de:6e:42:28:32;-63.0;;;;-63.0;5.011872336272714e-10;0.000368;1.8443690197483588e-13;1.9299388193033103e-11;36;0x00;39;ORANGE;False
1787665950.313301;39.26489873100036;Simulation RF;Détection RF large bande;868 MHz;868 MHz;;2476;1.9956649255105063;-35.82659702042025;-68.82659702042025;1.3102081541466235e-10;0.1;1.3102081541466236e-11;4.180405640807417e-09;;;;ORANGE;True
1787665950.3134348;39.26489873100036;Simulation RF;Détection RF large bande;2,45 GHz;2,45 GHz;;3090;2.4897156092452377;-55.58862436980951;-72.28862436980951;5.903880563035707e-11;0.1;5.903880563035707e-12;1.5416672684319235e-08;;;;VERT;True
1787665950.3259122;39.277687038000295;Wi-Fi;Wi-Fi;2,4/5 GHz;wlan0;-57.0;;;;-57.0;1.9952623149688828e-09;0.1;1.9952623149688828e-10;4.350408606450715e-07;;;;ORANGE;False
1787665950.3812482;39.333024280000245;BLE Sniffer;Appareil BLE;2,4 GHz BLE;57:10:3b:9d:cc:43;-73.0;;;;-73.0;5.011872336272715e-11;0.00028;1.40332425415636e-14;2.777989597219895e-12;25;0x00;37;VERT;False
1787665950.3874745;39.339250376000564;BLE Sniffer;Appareil BLE;2,4 GHz BLE;57:10:3b:9d:4c:43;-80.0;;;;-80.0;1e-11;0.00028;2.7999999999999997e-15;2.7999999999999997e-15;25;0x00;38;VERT;False
1787665950.3875682;39.339341710000554;BLE Sniffer;Appareil BLE;2,4 GHz BLE;57:10:3b:9d:cc:43;-75.0;;;;-75.0;3.1622776601683794e-11;0.00028;8.854377448471461e-15;2.7868439746683666e-12;25;0x00;39;VERT;False
1787665950.3897507;39.34152703400014;BLE Sniffer;Appareil BLE;2,4 GHz BLE;6d:d7:ea:08:d0:be;-70.0;;;;-70.0;1e-10;0.000352;3.52e-14;1.9174811277607602e-11;34;0x00;37;ORANGE;False
1787665950.413982;39.36502806600038;Simulation RF;Détection RF large bande;868 MHz;868 MHz;;2539;2.0458837121774964;-37.83534848709985;-70.83534848709985;8.25021281365903e-11;0.1;8.25021281365903e-12;4.188655853621076e-09;;;;VERT;True
1787665950.424875;39.36502806600038;Simulation RF;Détection RF large bande;2,45 GHz;2,45 GHz;;3020;2.4337928353490015;-53.351713413960056;-70.05171341396006;9.881631595642483e-11;0.1;9.881631595642484e-12;1.5426554315914877e-08;;;;VERT;True
1787665950.4363325;39.38810716700027;Wi-Fi;Wi-Fi;2,4/5 GHz;wlan0;-57.0;;;;-57.0;1.9952623149688828e-09;0.1;1.9952623149688828e-10;4.352403868765684e-07;;;;ORANGE;False
1787665950.5027943;39.4545702129999;BLE Sniffer;iBeacon;2,4 GHz BLE;46:de:6e:42:28:32;-73.0;;;;-73.0;5.011872336272715e-11;0.000368;1.844369019748359e-14;1.9317831883230587e-11;36;0x00;38;VERT;False
1787665950.5028899;39.454663547000564;BLE Sniffer;iBeacon;2,4 GHz BLE;46:de:6e:42:28:32;-63.0;;;;-63.0;5.011872336272714e-10;0.000368;1.8443690197483588e-13;1.9502268785205424e-11;36;0x00;39;ORANGE;False
1787665950.5134735;39.465108029000476;Simulation RF;Détection RF large bande;868 MHz;868 MHz;;2566;2.0677010724384046;-38.70804289753619;-71.70804289753619;6.748320651687706e-11;0.1;6.748320651687707e-12;4.195404174272764e-09;;;;VERT;True
1787665950.5136294;39.465108029000476;Simulation RF;Détection RF large bande;2,45 GHz;2,45 GHz;;3071;2.4751944224557993;-55.00777689823197;-71.70777689823197;6.748733989560055e-11;0.1;6.748733989560055e-12;1.5433303049904436e-08;;;;VERT;True
1787665950.5226827;39.47445701500055;Wi-Fi;Wi-Fi;2,4/5 GHz;wlan0;-57.0;;;;-57.0;1.9952623149688828e-09;0.1;1.9952623149688828e-10;4.354399131080653e-07;;;;ORANGE;False
1787665950.614145;39.56592053799977;BLE Sniffer;Appareil BLE;2,4 GHz BLE;57:10:3b:9d:cc:43;-73.0;;;;-73.0;5.011872336272715e-11;0.00028;1.40332425415636e-14;2.80087721720993e-12;25;0x00;37;VERT;False
1787665950.6142447;39.56601837300059;BLE Sniffer;Appareil BLE;2,4 GHz BLE;6d:d7:ea:08:d0:be;-72.0;;;;-72.0;6.309573444801942e-11;0.000352;2.2209698525702838e-14;1.9197020976133304e-11;34;0x00;38;VERT;False
1787665950.619355;39.56523662200016;Simulation RF;Détection RF large bande;868 MHz;868 MHz;;2537;2.044768635340272;-37.79074541361088;-70.79074541361088;8.335381056720496e-11;0.1;8.335381056720497e-12;4.203739555329485e-09;;;;VERT;True
1787665950.63287;39.56523662200016;Simulation RF;Détection RF large bande;2,45 GHz;2,45 GHz;;3038;2.4485810215893347;-53.94324086357338;-70.64324086357338;8.623348019721979e-11;0.1;8.62334801972198e-12;1.5441926397924157e-08;;;;VERT;True
1787665950.6621125;39.61388674400041;Wi-Fi;Wi-Fi;2,4/5 GHz;wlan0;-57.0;;;;-57.0;1.9952623149688828e-09;0.1;1.9952623149688828e-10;4.356394393395622e-07;;;;ORANGE;False
1787665950.713748;39.665323623000404;Simulation RF;Détection RF large bande;868 MHz;868 MHz;;2586;2.08374361296883;-39.3497445187532;-72.3497445187532;5.821374620075296e-11;0.1;5.821374620075296e-12;4.20956092994956e-09;;;;VERT;True
1787665950.7139106;39.665323623000404;Simulation RF;Détection RF large bande;2,45 GHz;2,45 GHz;;3034;2.4448176873382907;-53.79270749353162;-70.49270749353163;8.927487497280165e-11;0.1;8.927487497280166e-12;1.5450853885421437e-08;;;;VERT;True
1787665950.719363;39.671138360999976;BLE Sniffer;Appareil BLE;2,4 GHz BLE;6d:d7:ea:08:d0:be;-63.0;;;;-63.0;5.011872336272714e-10;0.000352;1.7641790623679954e-13;1.9373438882370104e-11;34;0x00;39;ORANGE;False
1787665950.73315;39.68492534699999;Wi-Fi;Wi-Fi;2,4/5 GHz;wlan0;-57.0;;;;-57.0;1.9952623149688828e-09;0.1;1.9952623149688828e-10;4.358389655710591e-07;;;;ORANGE;False
1787665950.8138106;39.76540740099972;Simulation RF;Détection RF large bande;868 MHz;868 MHz;;2525;2.0348044304004174;-37.39217721601669;-70.39217721601669;9.136550907717902e-11;0.1;9.136550907717902e-12;4.218697480857278e-09;;;;VERT;True
1787665950.8139489;39.76540740099972;Simulation RF;Détection RF large bande;2,45 GHz;2,45 GHz;;3016;2.4301432907420994;-53.20573162968397;-69.90573162968397;1.0219433854678159e-10;0.1;1.021943385467816e-11;1.5461073319276115e-08;;;;ORANGE;True
1787665950.8227232;39.77449754999998;Wi-Fi;Wi-Fi;2,4/5 GHz;wlan0;-57.0;;;;-57.0;1.9952623149688828e-09;0.1;1.9952623149688828e-10;4.36038491802556e-07;;;;ORANGE;False
1787665950.847774;39.79954971300049;BLE Sniffer;iBeacon;2,4 GHz BLE;46:de:6e:42:28:32;-70.0;;;;-70.0;1e-10;0.000368;3.68e-14;1.9539068785205422e-11;36;0x00;37;ORANGE;False
1787665950.847869;39.79964260300039;BLE Sniffer;iBeacon;2,4 GHz BLE;46:de:6e:42:28:32;-72.0;;;;-72.0;6.309573444801942e-11;0.000368;2.3219230276871148e-14;1.9562288015482295e-11;36;0x00;38;VERT;False
1787665950.8543093;39.80608486799974;BLE Sniffer;iBeacon;2,4 GHz BLE;46:de:6e:42:28:32;-64.0;;;;-64.0;3.9810717055349694e-10;0.000368;1.4650343876368688e-13;1.970879145424598e-11;36;0x00;39;ORANGE;False
1787665950.913901;39.865488882000136;Simulation RF;Détection RF large bande;868 MHz;868 MHz;;2465;1.9866151869586355;-35.464607478345414;-68.46460747834541;1.4240959526884782e-10;0.1;1.4240959526884782e-11;4.232938440384163e-09;;;;ORANGE;True
1787665950.914045;39.865488882000136;Simulation RF;Détection RF large bande;2,45 GHz;2,45 GHz;;3047;2.4555650808106733;-54.22260323242692;-70.92260323242692;8.086110591377485e-11;0.1;8.086110591377486e-12;1.5469159429867492e-08;;;;VERT;True
1787665950.9226425;39.87441675199989;Wi-Fi;Wi-Fi;2,4/5 GHz;wlan0;-56.0;;;;-56.0;2.511886431509582e-09;0.1;2.511886431509582e-10;4.3628968044570694e-07;;;;ORANGE;False
1787665950.9616761;39.9134511809998;BLE Sniffer;Appareil BLE;2,4 GHz BLE;57:10:3b:9d:cc:43;-72.0;;;;-72.0;6.309573444801942e-11;0.00028;1.7666805645445437e-14;2.8185440228553757e-12;25;0x00;37;VERT;False
1787665950.9617522;39.91352547800034;BLE Sniffer;Appareil BLE;2,4 GHz BLE;6d:d7:ea:08:d0:be;-72.0;;;;-72.0;6.309573444801942e-11;0.000352;2.2209698525702838e-14;1.9395648580895806e-11;34;0x00;38;VERT;False
1787665950.9677553;39.919531088999975;BLE Sniffer;Appareil BLE;2,4 GHz BLE;6d:d7:ea:08:d0:be;-64.0;;;;-64.0;3.9810717055349694e-10;0.000352;1.4013372403483091e-13;1.9535782304930636e-11;34;0x00;39;ORANGE;False
1787665951.0139544;39.96557021599983;Simulation RF;Détection RF large bande;868 MHz;868 MHz;;2461;1.9833122357683177;-35.33248943073271;-68.3324894307327;1.4680845118575013e-10;0.1;1.4680845118575014e-11;4.247619285502738e-09;;;;ORANGE;True
1787665951.0141003;39.96557021599983;Simulation RF;Détection RF large bande;2,45 GHz;2,45 GHz;;3003;2.419617912046825;-52.78471648187299;-69.484716481873;1.1259739728479443e-10;0.1;1.1259739728479444e-11;1.5480419169595972e-08;;;;ORANGE;True
1787665951.022715;39.9744892890003;Wi-Fi;Wi-Fi;2,4/5 GHz;wlan0;-56.0;;;;-56.0;2.511886431509582e-09;0.1;2.511886431509582e-10;4.365408690888579e-07;;;;ORANGE;False
1787665951.0753794;40.027155386999766;Simulation LoRa;LoRa;868 MHz;LoRa 868.100 MHz;-88.42379002663397;;;;-88.42379002663397;1.437543506769444e-12;0.046335999999999995;6.661001592966895e-14;3.975240146342799e-12;13;"SNR=6.22;SF=7;BW=125.0;CR=4/5;F=868.100;CRC=OK;PAYLOAD=54454d504f5f4c4f52415f3339";7;VERT;True
1787665951.0821075;40.03388387799987;BLE Sniffer;iBeacon;2,4 GHz BLE;46:de:6e:42:28:32;-70.0;;;;-70.0;1e-10;0.000368;3.68e-14;1.974559145424598e-11;36;0x00;37;ORANGE;False
1787665951.114052;40.0656561980004;Simulation RF;Détection RF large bande;868 MHz;868 MHz;;2416;1.9471894998740205;-33.88757999496082;-66.88757999496082;2.0475852881956657e-10;0.1;2.0475852881956658e-11;4.2680951383846946e-09;;;;ORANGE;True
1787665951.1142004;40.0656561980004;Simulation RF;Détection RF large bande;2,45 GHz;2,45 GHz;;3039;2.448691511324107;-53.94766045296427;-70.64766045296427;8.61457694998511e-11;0.1;8.614576949985111e-12;1.548903374654596e-08;;;;VERT;True
1787665951.122806;40.07458088200019;Wi-Fi;Wi-Fi;2,4/5 GHz;wlan0;-56.0;;;;-56.0;2.511886431509582e-09;0.1;2.511886431509582e-10;4.367920577320088e-07;;;;ORANGE;False
